# Renewables.ninja Wind power (Point API) - 25.200, 119.400 - Version: 1.4 - License: https://creativecommons.org/licenses/by-nc/4.0/ - Reference: https://doi.org/10.1016/j.energy.2016.08.068
# Units: time in UTC, electricity in kW, wind_speed in m/s
# {"units": {"time": "UTC", "electricity": "kW", "wind_speed": "m/s"}, "params": {"lat": "25.2", "lon": "119.4", "date_from": "2023-01-01", "date_to": "2023-12-31", "dataset": "merra2", "capacity": "1", "height": "140", "turbine": "Vestas V164 8000", "header": "true", "raw": "true"}}
time,electricity,wind_speed
2023-01-01 00:00,0.942,13.937
2023-01-01 01:00,0.949,14.166
2023-01-01 02:00,0.954,14.363
2023-01-01 03:00,0.959,14.565
2023-01-01 04:00,0.960,14.602
2023-01-01 05:00,0.962,14.687
2023-01-01 06:00,0.965,14.851
2023-01-01 07:00,0.969,15.025
2023-01-01 08:00,0.969,15.062
2023-01-01 09:00,0.961,14.659
2023-01-01 10:00,0.956,14.435
2023-01-01 11:00,0.944,13.991
2023-01-01 12:00,0.940,13.876
2023-01-01 13:00,0.937,13.798
2023-01-01 14:00,0.935,13.722
2023-01-01 15:00,0.914,13.172
2023-01-01 16:00,0.878,12.460
2023-01-01 17:00,0.854,12.074
2023-01-01 18:00,0.856,12.094
2023-01-01 19:00,0.852,12.041
2023-01-01 20:00,0.852,12.027
2023-01-01 21:00,0.880,12.494
2023-01-01 22:00,0.904,12.970
2023-01-01 23:00,0.913,13.148
2023-01-02 00:00,0.924,13.448
2023-01-02 01:00,0.944,14.004
2023-01-02 02:00,0.953,14.335
2023-01-02 03:00,0.936,13.759
2023-01-02 04:00,0.897,12.826
2023-01-02 05:00,0.857,12.119
2023-01-02 06:00,0.831,11.729
2023-01-02 07:00,0.818,11.562
2023-01-02 08:00,0.808,11.434
2023-01-02 09:00,0.837,11.824
2023-01-02 10:00,0.883,12.549
2023-01-02 11:00,0.913,13.168
2023-01-02 12:00,0.925,13.470
2023-01-02 13:00,0.933,13.669
2023-01-02 14:00,0.940,13.893
2023-01-02 15:00,0.939,13.851
2023-01-02 16:00,0.935,13.723
2023-01-02 17:00,0.935,13.750
2023-01-02 18:00,0.941,13.917
2023-01-02 19:00,0.944,13.999
2023-01-02 20:00,0.945,14.040
2023-01-02 21:00,0.947,14.129
2023-01-02 22:00,0.951,14.244
2023-01-02 23:00,0.953,14.321
2023-01-03 00:00,0.962,14.718
2023-01-03 01:00,0.967,14.919
2023-01-03 02:00,0.966,14.888
2023-01-03 03:00,0.973,15.280
2023-01-03 04:00,0.980,15.742
2023-01-03 05:00,0.982,15.967
2023-01-03 06:00,0.984,16.154
2023-01-03 07:00,0.986,16.376
2023-01-03 08:00,0.987,16.578
2023-01-03 09:00,0.984,16.225
2023-01-03 10:00,0.981,15.894
2023-01-03 11:00,0.979,15.685
2023-01-03 12:00,0.976,15.471
2023-01-03 13:00,0.971,15.132
2023-01-03 14:00,0.962,14.680
2023-01-03 15:00,0.956,14.427
2023-01-03 16:00,0.955,14.410
2023-01-03 17:00,0.955,14.391
2023-01-03 18:00,0.958,14.529
2023-01-03 19:00,0.969,15.038
2023-01-03 20:00,0.974,15.372
2023-01-03 21:00,0.977,15.505
2023-01-03 22:00,0.976,15.443
2023-01-03 23:00,0.968,14.998
2023-01-04 00:00,0.959,14.579
2023-01-04 01:00,0.948,14.161
2023-01-04 02:00,0.937,13.798
2023-01-04 03:00,0.930,13.596
2023-01-04 04:00,0.930,13.591
2023-01-04 05:00,0.936,13.763
2023-01-04 06:00,0.945,14.050
2023-01-04 07:00,0.953,14.306
2023-01-04 08:00,0.951,14.273
2023-01-04 09:00,0.938,13.812
2023-01-04 10:00,0.922,13.384
2023-01-04 11:00,0.904,12.965
2023-01-04 12:00,0.889,12.657
2023-01-04 13:00,0.876,12.416
2023-01-04 14:00,0.864,12.219
2023-01-04 15:00,0.854,12.067
2023-01-04 16:00,0.849,11.983
2023-01-04 17:00,0.844,11.917
2023-01-04 18:00,0.846,11.942
2023-01-04 19:00,0.847,11.960
2023-01-04 20:00,0.840,11.865
2023-01-04 21:00,0.826,11.654
2023-01-04 22:00,0.802,11.358
2023-01-04 23:00,0.753,10.814
2023-01-05 00:00,0.729,10.569
2023-01-05 01:00,0.813,11.498
2023-01-05 02:00,0.831,11.729
2023-01-05 03:00,0.829,11.710
2023-01-05 04:00,0.833,11.755
2023-01-05 05:00,0.837,11.822
2023-01-05 06:00,0.847,11.959
2023-01-05 07:00,0.853,12.055
2023-01-05 08:00,0.844,11.900
2023-01-05 09:00,0.817,11.533
2023-01-05 10:00,0.781,11.112
2023-01-05 11:00,0.751,10.791
2023-01-05 12:00,0.725,10.531
2023-01-05 13:00,0.705,10.331
2023-01-05 14:00,0.689,10.199
2023-01-05 15:00,0.691,10.219
2023-01-05 16:00,0.692,10.226
2023-01-05 17:00,0.697,10.269
2023-01-05 18:00,0.708,10.367
2023-01-05 19:00,0.695,10.256
2023-01-05 20:00,0.648,9.846
2023-01-05 21:00,0.565,9.187
2023-01-05 22:00,0.484,8.575
2023-01-05 23:00,0.404,7.992
2023-01-06 00:00,0.312,7.275
2023-01-06 01:00,0.384,7.843
2023-01-06 02:00,0.485,8.598
2023-01-06 03:00,0.531,8.937
2023-01-06 04:00,0.546,9.042
2023-01-06 05:00,0.553,9.102
2023-01-06 06:00,0.546,9.043
2023-01-06 07:00,0.519,8.843
2023-01-06 08:00,0.523,8.877
2023-01-06 09:00,0.489,8.626
2023-01-06 10:00,0.424,8.143
2023-01-06 11:00,0.377,7.781
2023-01-06 12:00,0.380,7.816
2023-01-06 13:00,0.423,8.138
2023-01-06 14:00,0.497,8.680
2023-01-06 15:00,0.608,9.510
2023-01-06 16:00,0.685,10.155
2023-01-06 17:00,0.696,10.262
2023-01-06 18:00,0.693,10.233
2023-01-06 19:00,0.681,10.124
2023-01-06 20:00,0.669,10.025
2023-01-06 21:00,0.680,10.121
2023-01-06 22:00,0.710,10.388
2023-01-06 23:00,0.721,10.485
2023-01-07 00:00,0.668,10.018
2023-01-07 01:00,0.796,11.286
2023-01-07 02:00,0.886,12.601
2023-01-07 03:00,0.906,13.019
2023-01-07 04:00,0.914,13.172
2023-01-07 05:00,0.913,13.162
2023-01-07 06:00,0.914,13.170
2023-01-07 07:00,0.906,13.007
2023-01-07 08:00,0.873,12.369
2023-01-07 09:00,0.847,11.957
2023-01-07 10:00,0.840,11.863
2023-01-07 11:00,0.840,11.854
2023-01-07 12:00,0.834,11.769
2023-01-07 13:00,0.818,11.559
2023-01-07 14:00,0.800,11.326
2023-01-07 15:00,0.799,11.318
2023-01-07 16:00,0.802,11.346
2023-01-07 17:00,0.803,11.369
2023-01-07 18:00,0.807,11.423
2023-01-07 19:00,0.810,11.460
2023-01-07 20:00,0.807,11.421
2023-01-07 21:00,0.790,11.217
2023-01-07 22:00,0.768,10.971
2023-01-07 23:00,0.742,10.693
2023-01-08 00:00,0.665,9.992
2023-01-08 01:00,0.684,10.149
2023-01-08 02:00,0.681,10.126
2023-01-08 03:00,0.636,9.751
2023-01-08 04:00,0.584,9.335
2023-01-08 05:00,0.542,9.013
2023-01-08 06:00,0.517,8.826
2023-01-08 07:00,0.497,8.679
2023-01-08 08:00,0.475,8.514
2023-01-08 09:00,0.514,8.811
2023-01-08 10:00,0.540,8.991
2023-01-08 11:00,0.502,8.718
2023-01-08 12:00,0.446,8.302
2023-01-08 13:00,0.472,8.501
2023-01-08 14:00,0.530,8.923
2023-01-08 15:00,0.537,8.976
2023-01-08 16:00,0.495,8.666
2023-01-08 17:00,0.462,8.416
2023-01-08 18:00,0.480,8.548
2023-01-08 19:00,0.529,8.914
2023-01-08 20:00,0.556,9.119
2023-01-08 21:00,0.554,9.104
2023-01-08 22:00,0.529,8.914
2023-01-08 23:00,0.472,8.492
2023-01-09 00:00,0.400,7.964
2023-01-09 01:00,0.419,8.097
2023-01-09 02:00,0.483,8.569
2023-01-09 03:00,0.609,9.534
2023-01-09 04:00,0.736,10.636
2023-01-09 05:00,0.809,11.445
2023-01-09 06:00,0.834,11.765
2023-01-09 07:00,0.851,12.015
2023-01-09 08:00,0.877,12.440
2023-01-09 09:00,0.883,12.550
2023-01-09 10:00,0.848,11.979
2023-01-09 11:00,0.756,10.840
2023-01-09 12:00,0.684,10.149
2023-01-09 13:00,0.690,10.205
2023-01-09 14:00,0.688,10.185
2023-01-09 15:00,0.723,10.508
2023-01-09 16:00,0.744,10.720
2023-01-09 17:00,0.767,10.959
2023-01-09 18:00,0.821,11.597
2023-01-09 19:00,0.886,12.605
2023-01-09 20:00,0.937,13.784
2023-01-09 21:00,0.948,14.156
2023-01-09 22:00,0.942,13.936
2023-01-09 23:00,0.933,13.670
2023-01-10 00:00,0.919,13.302
2023-01-10 01:00,0.931,13.621
2023-01-10 02:00,0.939,13.839
2023-01-10 03:00,0.945,14.042
2023-01-10 04:00,0.947,14.129
2023-01-10 05:00,0.946,14.075
2023-01-10 06:00,0.941,13.913
2023-01-10 07:00,0.934,13.706
2023-01-10 08:00,0.925,13.453
2023-01-10 09:00,0.924,13.432
2023-01-10 10:00,0.929,13.564
2023-01-10 11:00,0.930,13.595
2023-01-10 12:00,0.928,13.548
2023-01-10 13:00,0.927,13.505
2023-01-10 14:00,0.925,13.464
2023-01-10 15:00,0.917,13.244
2023-01-10 16:00,0.910,13.099
2023-01-10 17:00,0.906,13.011
2023-01-10 18:00,0.908,13.047
2023-01-10 19:00,0.898,12.842
2023-01-10 20:00,0.876,12.422
2023-01-10 21:00,0.839,11.845
2023-01-10 22:00,0.809,11.439
2023-01-10 23:00,0.778,11.073
2023-01-11 00:00,0.767,10.959
2023-01-11 01:00,0.787,11.179
2023-01-11 02:00,0.811,11.466
2023-01-11 03:00,0.824,11.642
2023-01-11 04:00,0.826,11.650
2023-01-11 05:00,0.815,11.513
2023-01-11 06:00,0.812,11.481
2023-01-11 07:00,0.817,11.541
2023-01-11 08:00,0.813,11.485
2023-01-11 09:00,0.781,11.104
2023-01-11 10:00,0.758,10.848
2023-01-11 11:00,0.722,10.498
2023-01-11 12:00,0.679,10.103
2023-01-11 13:00,0.612,9.557
2023-01-11 14:00,0.550,9.076
2023-01-11 15:00,0.494,8.658
2023-01-11 16:00,0.423,8.135
2023-01-11 17:00,0.348,7.571
2023-01-11 18:00,0.302,7.191
2023-01-11 19:00,0.258,6.821
2023-01-11 20:00,0.208,6.356
2023-01-11 21:00,0.165,5.910
2023-01-11 22:00,0.141,5.635
2023-01-11 23:00,0.109,5.209
2023-01-12 00:00,0.061,4.411
2023-01-12 01:00,0.024,3.509
2023-01-12 02:00,0.004,2.372
2023-01-12 03:00,0,1.102
2023-01-12 04:00,0,0.986
2023-01-12 05:00,0,1.607
2023-01-12 06:00,0.001,1.830
2023-01-12 07:00,0.001,1.871
2023-01-12 08:00,0.002,2.112
2023-01-12 09:00,0.004,2.403
2023-01-12 10:00,0.006,2.565
2023-01-12 11:00,0.006,2.556
2023-01-12 12:00,0.003,2.265
2023-01-12 13:00,0.001,1.865
2023-01-12 14:00,0.001,1.722
2023-01-12 15:00,0.002,2.164
2023-01-12 16:00,0.012,3.024
2023-01-12 17:00,0.041,3.995
2023-01-12 18:00,0.083,4.811
2023-01-12 19:00,0.129,5.479
2023-01-12 20:00,0.170,5.958
2023-01-12 21:00,0.201,6.291
2023-01-12 22:00,0.221,6.480
2023-01-12 23:00,0.199,6.270
2023-01-13 00:00,0.095,5.012
2023-01-13 01:00,0.012,2.979
2023-01-13 02:00,0.001,1.990
2023-01-13 03:00,0.014,3.090
2023-01-13 04:00,0.107,5.190
2023-01-13 05:00,0.238,6.645
2023-01-13 06:00,0.309,7.255
2023-01-13 07:00,0.296,7.141
2023-01-13 08:00,0.222,6.487
2023-01-13 09:00,0.137,5.572
2023-01-13 10:00,0.067,4.539
2023-01-13 11:00,0.069,4.581
2023-01-13 12:00,0.071,4.611
2023-01-13 13:00,0.056,4.319
2023-01-13 14:00,0.047,4.119
2023-01-13 15:00,0.050,4.191
2023-01-13 16:00,0.061,4.410
2023-01-13 17:00,0.064,4.474
2023-01-13 18:00,0.051,4.220
2023-01-13 19:00,0.061,4.427
2023-01-13 20:00,0.095,5.011
2023-01-13 21:00,0.119,5.347
2023-01-13 22:00,0.138,5.582
2023-01-13 23:00,0.138,5.593
2023-01-14 00:00,0.157,5.825
2023-01-14 01:00,0.270,6.926
2023-01-14 02:00,0.348,7.570
2023-01-14 03:00,0.420,8.113
2023-01-14 04:00,0.480,8.550
2023-01-14 05:00,0.492,8.642
2023-01-14 06:00,0.452,8.345
2023-01-14 07:00,0.362,7.668
2023-01-14 08:00,0.242,6.683
2023-01-14 09:00,0.146,5.691
2023-01-14 10:00,0.066,4.521
2023-01-14 11:00,0.027,3.605
2023-01-14 12:00,0.022,3.441
2023-01-14 13:00,0.184,6.116
2023-01-14 14:00,0.802,11.351
2023-01-14 15:00,0.949,14.166
2023-01-14 16:00,0.963,14.754
2023-01-14 17:00,0.969,15.070
2023-01-14 18:00,0.976,15.478
2023-01-14 19:00,0.975,15.392
2023-01-14 20:00,0.969,15.044
2023-01-14 21:00,0.962,14.720
2023-01-14 22:00,0.959,14.561
2023-01-14 23:00,0.964,14.802
2023-01-15 00:00,0.971,15.170
2023-01-15 01:00,0.973,15.266
2023-01-15 02:00,0.969,15.027
2023-01-15 03:00,0.956,14.423
2023-01-15 04:00,0.941,13.912
2023-01-15 05:00,0.935,13.726
2023-01-15 06:00,0.933,13.670
2023-01-15 07:00,0.934,13.695
2023-01-15 08:00,0.933,13.668
2023-01-15 09:00,0.928,13.543
2023-01-15 10:00,0.931,13.611
2023-01-15 11:00,0.936,13.779
2023-01-15 12:00,0.942,13.949
2023-01-15 13:00,0.944,14.018
2023-01-15 14:00,0.942,13.934
2023-01-15 15:00,0.941,13.895
2023-01-15 16:00,0.942,13.940
2023-01-15 17:00,0.939,13.864
2023-01-15 18:00,0.935,13.750
2023-01-15 19:00,0.931,13.612
2023-01-15 20:00,0.926,13.494
2023-01-15 21:00,0.921,13.361
2023-01-15 22:00,0.917,13.274
2023-01-15 23:00,0.916,13.236
2023-01-16 00:00,0.913,13.152
2023-01-16 01:00,0.906,13.017
2023-01-16 02:00,0.899,12.852
2023-01-16 03:00,0.897,12.819
2023-01-16 04:00,0.898,12.838
2023-01-16 05:00,0.901,12.910
2023-01-16 06:00,0.907,13.041
2023-01-16 07:00,0.911,13.120
2023-01-16 08:00,0.911,13.122
2023-01-16 09:00,0.893,12.748
2023-01-16 10:00,0.869,12.305
2023-01-16 11:00,0.851,12.023
2023-01-16 12:00,0.839,11.840
2023-01-16 13:00,0.829,11.709
2023-01-16 14:00,0.814,11.506
2023-01-16 15:00,0.790,11.218
2023-01-16 16:00,0.760,10.882
2023-01-16 17:00,0.734,10.614
2023-01-16 18:00,0.714,10.430
2023-01-16 19:00,0.707,10.362
2023-01-16 20:00,0.705,10.330
2023-01-16 21:00,0.718,10.465
2023-01-16 22:00,0.714,10.421
2023-01-16 23:00,0.679,10.109
2023-01-17 00:00,0.633,9.727
2023-01-17 01:00,0.569,9.222
2023-01-17 02:00,0.502,8.721
2023-01-17 03:00,0.433,8.210
2023-01-17 04:00,0.386,7.850
2023-01-17 05:00,0.374,7.771
2023-01-17 06:00,0.400,7.964
2023-01-17 07:00,0.454,8.367
2023-01-17 08:00,0.525,8.891
2023-01-17 09:00,0.647,9.837
2023-01-17 10:00,0.707,10.358
2023-01-17 11:00,0.714,10.423
2023-01-17 12:00,0.705,10.332
2023-01-17 13:00,0.696,10.259
2023-01-17 14:00,0.707,10.353
2023-01-17 15:00,0.738,10.661
2023-01-17 16:00,0.763,10.914
2023-01-17 17:00,0.784,11.145
2023-01-17 18:00,0.801,11.330
2023-01-17 19:00,0.817,11.548
2023-01-17 20:00,0.826,11.654
2023-01-17 21:00,0.822,11.611
2023-01-17 22:00,0.815,11.515
2023-01-17 23:00,0.802,11.347
2023-01-18 00:00,0.793,11.252
2023-01-18 01:00,0.781,11.101
2023-01-18 02:00,0.751,10.792
2023-01-18 03:00,0.720,10.482
2023-01-18 04:00,0.687,10.181
2023-01-18 05:00,0.662,9.959
2023-01-18 06:00,0.650,9.860
2023-01-18 07:00,0.656,9.912
2023-01-18 08:00,0.677,10.081
2023-01-18 09:00,0.714,10.421
2023-01-18 10:00,0.708,10.365
2023-01-18 11:00,0.682,10.135
2023-01-18 12:00,0.671,10.043
2023-01-18 13:00,0.671,10.039
2023-01-18 14:00,0.670,10.036
2023-01-18 15:00,0.682,10.135
2023-01-18 16:00,0.705,10.335
2023-01-18 17:00,0.727,10.554
2023-01-18 18:00,0.736,10.634
2023-01-18 19:00,0.727,10.551
2023-01-18 20:00,0.712,10.397
2023-01-18 21:00,0.687,10.171
2023-01-18 22:00,0.669,10.028
2023-01-18 23:00,0.636,9.749
2023-01-19 00:00,0.648,9.846
2023-01-19 01:00,0.654,9.893
2023-01-19 02:00,0.633,9.711
2023-01-19 03:00,0.638,9.762
2023-01-19 04:00,0.653,9.888
2023-01-19 05:00,0.663,9.975
2023-01-19 06:00,0.684,10.146
2023-01-19 07:00,0.705,10.341
2023-01-19 08:00,0.738,10.662
2023-01-19 09:00,0.782,11.116
2023-01-19 10:00,0.781,11.105
2023-01-19 11:00,0.773,11.013
2023-01-19 12:00,0.777,11.066
2023-01-19 13:00,0.789,11.207
2023-01-19 14:00,0.804,11.379
2023-01-19 15:00,0.827,11.684
2023-01-19 16:00,0.851,12.017
2023-01-19 17:00,0.868,12.294
2023-01-19 18:00,0.885,12.583
2023-01-19 19:00,0.895,12.792
2023-01-19 20:00,0.897,12.823
2023-01-19 21:00,0.886,12.610
2023-01-19 22:00,0.861,12.176
2023-01-19 23:00,0.824,11.638
2023-01-20 00:00,0.836,11.801
2023-01-20 01:00,0.881,12.506
2023-01-20 02:00,0.898,12.842
2023-01-20 03:00,0.918,13.288
2023-01-20 04:00,0.939,13.842
2023-01-20 05:00,0.952,14.286
2023-01-20 06:00,0.963,14.736
2023-01-20 07:00,0.971,15.134
2023-01-20 08:00,0.975,15.382
2023-01-20 09:00,0.976,15.466
2023-01-20 10:00,0.973,15.276
2023-01-20 11:00,0.969,15.064
2023-01-20 12:00,0.968,14.972
2023-01-20 13:00,0.963,14.730
2023-01-20 14:00,0.951,14.242
2023-01-20 15:00,0.930,13.599
2023-01-20 16:00,0.903,12.939
2023-01-20 17:00,0.898,12.843
2023-01-20 18:00,0.913,13.151
2023-01-20 19:00,0.920,13.335
2023-01-20 20:00,0.915,13.207
2023-01-20 21:00,0.873,12.384
2023-01-20 22:00,0.844,11.913
2023-01-20 23:00,0.839,11.853
2023-01-21 00:00,0.846,11.939
2023-01-21 01:00,0.834,11.760
2023-01-21 02:00,0.811,11.465
2023-01-21 03:00,0.778,11.072
2023-01-21 04:00,0.724,10.520
2023-01-21 05:00,0.679,10.109
2023-01-21 06:00,0.667,10.010
2023-01-21 07:00,0.687,10.176
2023-01-21 08:00,0.680,10.120
2023-01-21 09:00,0.687,10.170
2023-01-21 10:00,0.682,10.138
2023-01-21 11:00,0.656,9.904
2023-01-21 12:00,0.633,9.712
2023-01-21 13:00,0.622,9.638
2023-01-21 14:00,0.633,9.720
2023-01-21 15:00,0.625,9.649
2023-01-21 16:00,0.599,9.449
2023-01-21 17:00,0.556,9.125
2023-01-21 18:00,0.502,8.723
2023-01-21 19:00,0.453,8.360
2023-01-21 20:00,0.407,8.019
2023-01-21 21:00,0.356,7.625
2023-01-21 22:00,0.306,7.232
2023-01-21 23:00,0.238,6.645
2023-01-22 00:00,0.163,5.886
2023-01-22 01:00,0.120,5.360
2023-01-22 02:00,0.103,5.123
2023-01-22 03:00,0.096,5.017
2023-01-22 04:00,0.082,4.799
2023-01-22 05:00,0.068,4.567
2023-01-22 06:00,0.073,4.640
2023-01-22 07:00,0.095,5.010
2023-01-22 08:00,0.147,5.694
2023-01-22 09:00,0.214,6.417
2023-01-22 10:00,0.215,6.425
2023-01-22 11:00,0.185,6.123
2023-01-22 12:00,0.160,5.857
2023-01-22 13:00,0.166,5.918
2023-01-22 14:00,0.206,6.335
2023-01-22 15:00,0.304,7.220
2023-01-22 16:00,0.427,8.162
2023-01-22 17:00,0.530,8.919
2023-01-22 18:00,0.620,9.623
2023-01-22 19:00,0.690,10.202
2023-01-22 20:00,0.739,10.666
2023-01-22 21:00,0.735,10.632
2023-01-22 22:00,0.752,10.798
2023-01-22 23:00,0.758,10.854
2023-01-23 00:00,0.781,11.110
2023-01-23 01:00,0.776,11.058
2023-01-23 02:00,0.736,10.641
2023-01-23 03:00,0.703,10.321
2023-01-23 04:00,0.668,10.018
2023-01-23 05:00,0.637,9.759
2023-01-23 06:00,0.624,9.645
2023-01-23 07:00,0.634,9.732
2023-01-23 08:00,0.663,9.967
2023-01-23 09:00,0.707,10.349
2023-01-23 10:00,0.731,10.588
2023-01-23 11:00,0.701,10.307
2023-01-23 12:00,0.650,9.865
2023-01-23 13:00,0.647,9.831
2023-01-23 14:00,0.649,9.853
2023-01-23 15:00,0.700,10.301
2023-01-23 16:00,0.774,11.035
2023-01-23 17:00,0.864,12.211
2023-01-23 18:00,0.957,14.486
2023-01-23 19:00,0.986,16.427
2023-01-23 20:00,0.989,17.671
2023-01-23 21:00,0.988,17.926
2023-01-23 22:00,0.989,17.158
2023-01-23 23:00,0.983,16.007
2023-01-24 00:00,0.973,15.242
2023-01-24 01:00,0.958,14.539
2023-01-24 02:00,0.941,13.900
2023-01-24 03:00,0.931,13.611
2023-01-24 04:00,0.925,13.460
2023-01-24 05:00,0.921,13.346
2023-01-24 06:00,0.925,13.472
2023-01-24 07:00,0.937,13.807
2023-01-24 08:00,0.948,14.144
2023-01-24 09:00,0.953,14.330
2023-01-24 10:00,0.956,14.466
2023-01-24 11:00,0.966,14.895
2023-01-24 12:00,0.974,15.320
2023-01-24 13:00,0.981,15.815
2023-01-24 14:00,0.985,16.273
2023-01-24 15:00,0.989,17.161
2023-01-24 16:00,0.989,17.498
2023-01-24 17:00,0.989,17.336
2023-01-24 18:00,0.989,17.045
2023-01-24 19:00,0.988,16.787
2023-01-24 20:00,0.987,16.629
2023-01-24 21:00,0.986,16.379
2023-01-24 22:00,0.981,15.883
2023-01-24 23:00,0.975,15.434
2023-01-25 00:00,0.973,15.267
2023-01-25 01:00,0.965,14.845
2023-01-25 02:00,0.947,14.121
2023-01-25 03:00,0.922,13.391
2023-01-25 04:00,0.900,12.882
2023-01-25 05:00,0.876,12.434
2023-01-25 06:00,0.854,12.074
2023-01-25 07:00,0.842,11.885
2023-01-25 08:00,0.835,11.792
2023-01-25 09:00,0.824,11.640
2023-01-25 10:00,0.803,11.372
2023-01-25 11:00,0.756,10.838
2023-01-25 12:00,0.687,10.176
2023-01-25 13:00,0.616,9.587
2023-01-25 14:00,0.559,9.144
2023-01-25 15:00,0.503,8.729
2023-01-25 16:00,0.446,8.307
2023-01-25 17:00,0.410,8.041
2023-01-25 18:00,0.398,7.953
2023-01-25 19:00,0.393,7.912
2023-01-25 20:00,0.381,7.820
2023-01-25 21:00,0.359,7.643
2023-01-25 22:00,0.328,7.412
2023-01-25 23:00,0.270,6.922
2023-01-26 00:00,0.212,6.404
2023-01-26 01:00,0.181,6.082
2023-01-26 02:00,0.147,5.697
2023-01-26 03:00,0.116,5.295
2023-01-26 04:00,0.073,4.644
2023-01-26 05:00,0.043,4.037
2023-01-26 06:00,0.031,3.732
2023-01-26 07:00,0.038,3.922
2023-01-26 08:00,0.090,4.931
2023-01-26 09:00,0.188,6.153
2023-01-26 10:00,0.214,6.413
2023-01-26 11:00,0.206,6.331
2023-01-26 12:00,0.206,6.341
2023-01-26 13:00,0.219,6.470
2023-01-26 14:00,0.236,6.621
2023-01-26 15:00,0.263,6.864
2023-01-26 16:00,0.318,7.326
2023-01-26 17:00,0.417,8.091
2023-01-26 18:00,0.531,8.935
2023-01-26 19:00,0.661,9.953
2023-01-26 20:00,0.766,10.944
2023-01-26 21:00,0.828,11.689
2023-01-26 22:00,0.871,12.333
2023-01-26 23:00,0.878,12.470
2023-01-27 00:00,0.895,12.774
2023-01-27 01:00,0.892,12.731
2023-01-27 02:00,0.867,12.277
2023-01-27 03:00,0.850,11.998
2023-01-27 04:00,0.855,12.088
2023-01-27 05:00,0.880,12.495
2023-01-27 06:00,0.913,13.157
2023-01-27 07:00,0.937,13.801
2023-01-27 08:00,0.948,14.157
2023-01-27 09:00,0.948,14.142
2023-01-27 10:00,0.945,14.054
2023-01-27 11:00,0.942,13.944
2023-01-27 12:00,0.941,13.927
2023-01-27 13:00,0.941,13.917
2023-01-27 14:00,0.945,14.055
2023-01-27 15:00,0.953,14.311
2023-01-27 16:00,0.956,14.464
2023-01-27 17:00,0.955,14.401
2023-01-27 18:00,0.953,14.313
2023-01-27 19:00,0.949,14.173
2023-01-27 20:00,0.943,13.962
2023-01-27 21:00,0.932,13.646
2023-01-27 22:00,0.922,13.378
2023-01-27 23:00,0.903,12.935
2023-01-28 00:00,0.918,13.289
2023-01-28 01:00,0.914,13.199
2023-01-28 02:00,0.900,12.885
2023-01-28 03:00,0.877,12.446
2023-01-28 04:00,0.839,11.847
2023-01-28 05:00,0.796,11.281
2023-01-28 06:00,0.771,10.993
2023-01-28 07:00,0.764,10.929
2023-01-28 08:00,0.768,10.965
2023-01-28 09:00,0.786,11.173
2023-01-28 10:00,0.786,11.165
2023-01-28 11:00,0.770,10.986
2023-01-28 12:00,0.752,10.797
2023-01-28 13:00,0.743,10.709
2023-01-28 14:00,0.743,10.713
2023-01-28 15:00,0.763,10.906
2023-01-28 16:00,0.785,11.152
2023-01-28 17:00,0.797,11.292
2023-01-28 18:00,0.805,11.390
2023-01-28 19:00,0.810,11.455
2023-01-28 20:00,0.820,11.583
2023-01-28 21:00,0.832,11.739
2023-01-28 22:00,0.841,11.879
2023-01-28 23:00,0.826,11.651
2023-01-29 00:00,0.829,11.710
2023-01-29 01:00,0.838,11.834
2023-01-29 02:00,0.800,11.329
2023-01-29 03:00,0.763,10.915
2023-01-29 04:00,0.725,10.528
2023-01-29 05:00,0.699,10.291
2023-01-29 06:00,0.703,10.321
2023-01-29 07:00,0.722,10.493
2023-01-29 08:00,0.738,10.649
2023-01-29 09:00,0.737,10.642
2023-01-29 10:00,0.689,10.190
2023-01-29 11:00,0.643,9.804
2023-01-29 12:00,0.621,9.627
2023-01-29 13:00,0.618,9.604
2023-01-29 14:00,0.624,9.644
2023-01-29 15:00,0.626,9.664
2023-01-29 16:00,0.637,9.753
2023-01-29 17:00,0.674,10.070
2023-01-29 18:00,0.724,10.520
2023-01-29 19:00,0.764,10.928
2023-01-29 20:00,0.790,11.218
2023-01-29 21:00,0.801,11.344
2023-01-29 22:00,0.797,11.298
2023-01-29 23:00,0.760,10.876
2023-01-30 00:00,0.750,10.774
2023-01-30 01:00,0.765,10.937
2023-01-30 02:00,0.748,10.755
2023-01-30 03:00,0.722,10.490
2023-01-30 04:00,0.705,10.334
2023-01-30 05:00,0.704,10.328
2023-01-30 06:00,0.723,10.509
2023-01-30 07:00,0.758,10.855
2023-01-30 08:00,0.789,11.207
2023-01-30 09:00,0.797,11.296
2023-01-30 10:00,0.779,11.090
2023-01-30 11:00,0.750,10.778
2023-01-30 12:00,0.711,10.396
2023-01-30 13:00,0.674,10.070
2023-01-30 14:00,0.654,9.892
2023-01-30 15:00,0.660,9.950
2023-01-30 16:00,0.666,9.997
2023-01-30 17:00,0.656,9.911
2023-01-30 18:00,0.635,9.736
2023-01-30 19:00,0.605,9.495
2023-01-30 20:00,0.566,9.191
2023-01-30 21:00,0.524,8.880
2023-01-30 22:00,0.501,8.706
2023-01-30 23:00,0.465,8.442
2023-01-31 00:00,0.378,7.798
2023-01-31 01:00,0.289,7.082
2023-01-31 02:00,0.210,6.372
2023-01-31 03:00,0.126,5.441
2023-01-31 04:00,0.060,4.396
2023-01-31 05:00,0.025,3.524
2023-01-31 06:00,0.008,2.775
2023-01-31 07:00,0.004,2.350
2023-01-31 08:00,0.005,2.545
2023-01-31 09:00,0.024,3.479
2023-01-31 10:00,0.034,3.818
2023-01-31 11:00,0.022,3.433
2023-01-31 12:00,0.009,2.808
2023-01-31 13:00,0.006,2.581
2023-01-31 14:00,0.008,2.720
2023-01-31 15:00,0.013,3.062
2023-01-31 16:00,0.024,3.485
2023-01-31 17:00,0.027,3.598
2023-01-31 18:00,0.021,3.378
2023-01-31 19:00,0.013,3.049
2023-01-31 20:00,0.010,2.859
2023-01-31 21:00,0.005,2.494
2023-01-31 22:00,0.002,2.157
2023-01-31 23:00,0.001,1.962
2023-02-01 00:00,0.001,1.698
2023-02-01 01:00,0,1.418
2023-02-01 02:00,0,1.639
2023-02-01 03:00,0.001,1.976
2023-02-01 04:00,0.002,2.188
2023-02-01 05:00,0.004,2.355
2023-02-01 06:00,0.003,2.290
2023-02-01 07:00,0.001,1.987
2023-02-01 08:00,0.001,1.706
2023-02-01 09:00,0,1.542
2023-02-01 10:00,0,1.639
2023-02-01 11:00,0.005,2.494
2023-02-01 12:00,0.035,3.836
2023-02-01 13:00,0.119,5.344
2023-02-01 14:00,0.293,7.122
2023-02-01 15:00,0.558,9.139
2023-02-01 16:00,0.785,11.151
2023-02-01 17:00,0.883,12.550
2023-02-01 18:00,0.908,13.057
2023-02-01 19:00,0.917,13.271
2023-02-01 20:00,0.914,13.203
2023-02-01 21:00,0.922,13.370
2023-02-01 22:00,0.933,13.665
2023-02-01 23:00,0.933,13.663
2023-02-02 00:00,0.945,14.047
2023-02-02 01:00,0.945,14.031
2023-02-02 02:00,0.936,13.769
2023-02-02 03:00,0.927,13.494
2023-02-02 04:00,0.919,13.311
2023-02-02 05:00,0.920,13.323
2023-02-02 06:00,0.927,13.502
2023-02-02 07:00,0.934,13.707
2023-02-02 08:00,0.939,13.835
2023-02-02 09:00,0.933,13.670
2023-02-02 10:00,0.920,13.338
2023-02-02 11:00,0.906,13.003
2023-02-02 12:00,0.894,12.756
2023-02-02 13:00,0.882,12.544
2023-02-02 14:00,0.865,12.248
2023-02-02 15:00,0.848,11.974
2023-02-02 16:00,0.835,11.782
2023-02-02 17:00,0.824,11.633
2023-02-02 18:00,0.810,11.452
2023-02-02 19:00,0.794,11.256
2023-02-02 20:00,0.763,10.915
2023-02-02 21:00,0.715,10.433
2023-02-02 22:00,0.671,10.041
2023-02-02 23:00,0.600,9.455
2023-02-03 00:00,0.554,9.108
2023-02-03 01:00,0.520,8.851
2023-02-03 02:00,0.490,8.630
2023-02-03 03:00,0.502,8.716
2023-02-03 04:00,0.553,9.098
2023-02-03 05:00,0.643,9.807
2023-02-03 06:00,0.749,10.769
2023-02-03 07:00,0.829,11.706
2023-02-03 08:00,0.877,12.451
2023-02-03 09:00,0.903,12.958
2023-02-03 10:00,0.914,13.181
2023-02-03 11:00,0.910,13.097
2023-02-03 12:00,0.895,12.792
2023-02-03 13:00,0.876,12.426
2023-02-03 14:00,0.857,12.120
2023-02-03 15:00,0.841,11.882
2023-02-03 16:00,0.834,11.769
2023-02-03 17:00,0.824,11.642
2023-02-03 18:00,0.806,11.411
2023-02-03 19:00,0.785,11.153
2023-02-03 20:00,0.776,11.057
2023-02-03 21:00,0.779,11.078
2023-02-03 22:00,0.801,11.335
2023-02-03 23:00,0.832,11.741
2023-02-04 00:00,0.857,12.116
2023-02-04 01:00,0.872,12.358
2023-02-04 02:00,0.869,12.308
2023-02-04 03:00,0.864,12.230
2023-02-04 04:00,0.873,12.379
2023-02-04 05:00,0.890,12.686
2023-02-04 06:00,0.914,13.181
2023-02-04 07:00,0.929,13.558
2023-02-04 08:00,0.934,13.705
2023-02-04 09:00,0.935,13.737
2023-02-04 10:00,0.936,13.741
2023-02-04 11:00,0.928,13.526
2023-02-04 12:00,0.919,13.311
2023-02-04 13:00,0.910,13.098
2023-02-04 14:00,0.898,12.833
2023-02-04 15:00,0.906,13.013
2023-02-04 16:00,0.914,13.176
2023-02-04 17:00,0.913,13.160
2023-02-04 18:00,0.908,13.059
2023-02-04 19:00,0.906,13.018
2023-02-04 20:00,0.917,13.252
2023-02-04 21:00,0.901,12.903
2023-02-04 22:00,0.867,12.281
2023-02-04 23:00,0.844,11.914
2023-02-05 00:00,0.815,11.523
2023-02-05 01:00,0.775,11.044
2023-02-05 02:00,0.725,10.533
2023-02-05 03:00,0.672,10.052
2023-02-05 04:00,0.645,9.823
2023-02-05 05:00,0.641,9.791
2023-02-05 06:00,0.666,9.996
2023-02-05 07:00,0.691,10.209
2023-02-05 08:00,0.654,9.895
2023-02-05 09:00,0.597,9.434
2023-02-05 10:00,0.572,9.239
2023-02-05 11:00,0.579,9.297
2023-02-05 12:00,0.610,9.541
2023-02-05 13:00,0.604,9.485
2023-02-05 14:00,0.578,9.292
2023-02-05 15:00,0.574,9.256
2023-02-05 16:00,0.531,8.936
2023-02-05 17:00,0.490,8.632
2023-02-05 18:00,0.460,8.405
2023-02-05 19:00,0.412,8.049
2023-02-05 20:00,0.371,7.749
2023-02-05 21:00,0.319,7.340
2023-02-05 22:00,0.268,6.911
2023-02-05 23:00,0.199,6.275
2023-02-06 00:00,0.140,5.615
2023-02-06 01:00,0.100,5.078
2023-02-06 02:00,0.058,4.366
2023-02-06 03:00,0.034,3.811
2023-02-06 04:00,0.024,3.487
2023-02-06 05:00,0.023,3.450
2023-02-06 06:00,0.042,4.004
2023-02-06 07:00,0.083,4.813
2023-02-06 08:00,0.125,5.433
2023-02-06 09:00,0.152,5.762
2023-02-06 10:00,0.125,5.434
2023-02-06 11:00,0.083,4.801
2023-02-06 12:00,0.040,3.967
2023-02-06 13:00,0.017,3.217
2023-02-06 14:00,0.022,3.437
2023-02-06 15:00,0.069,4.581
2023-02-06 16:00,0.157,5.824
2023-02-06 17:00,0.280,7.014
2023-02-06 18:00,0.405,8.002
2023-02-06 19:00,0.494,8.657
2023-02-06 20:00,0.535,8.963
2023-02-06 21:00,0.527,8.898
2023-02-06 22:00,0.500,8.702
2023-02-06 23:00,0.456,8.380
2023-02-07 00:00,0.460,8.408
2023-02-07 01:00,0.467,8.461
2023-02-07 02:00,0.462,8.416
2023-02-07 03:00,0.472,8.501
2023-02-07 04:00,0.497,8.679
2023-02-07 05:00,0.535,8.961
2023-02-07 06:00,0.596,9.419
2023-02-07 07:00,0.679,10.106
2023-02-07 08:00,0.765,10.940
2023-02-07 09:00,0.802,11.360
2023-02-07 10:00,0.795,11.264
2023-02-07 11:00,0.785,11.157
2023-02-07 12:00,0.777,11.071
2023-02-07 13:00,0.780,11.095
2023-02-07 14:00,0.797,11.301
2023-02-07 15:00,0.833,11.756
2023-02-07 16:00,0.848,11.972
2023-02-07 17:00,0.851,12.021
2023-02-07 18:00,0.863,12.202
2023-02-07 19:00,0.884,12.569
2023-02-07 20:00,0.898,12.832
2023-02-07 21:00,0.893,12.749
2023-02-07 22:00,0.885,12.585
2023-02-07 23:00,0.890,12.682
2023-02-08 00:00,0.913,13.158
2023-02-08 01:00,0.923,13.397
2023-02-08 02:00,0.914,13.181
2023-02-08 03:00,0.904,12.974
2023-02-08 04:00,0.919,13.309
2023-02-08 05:00,0.928,13.531
2023-02-08 06:00,0.933,13.685
2023-02-08 07:00,0.937,13.782
2023-02-08 08:00,0.938,13.819
2023-02-08 09:00,0.932,13.642
2023-02-08 10:00,0.923,13.421
2023-02-08 11:00,0.917,13.244
2023-02-08 12:00,0.915,13.205
2023-02-08 13:00,0.904,12.977
2023-02-08 14:00,0.887,12.622
2023-02-08 15:00,0.888,12.647
2023-02-08 16:00,0.886,12.614
2023-02-08 17:00,0.876,12.425
2023-02-08 18:00,0.856,12.095
2023-02-08 19:00,0.832,11.749
2023-02-08 20:00,0.803,11.374
2023-02-08 21:00,0.735,10.633
2023-02-08 22:00,0.660,9.941
2023-02-08 23:00,0.588,9.363
2023-02-09 00:00,0.511,8.787
2023-02-09 01:00,0.436,8.231
2023-02-09 02:00,0.356,7.629
2023-02-09 03:00,0.255,6.797
2023-02-09 04:00,0.144,5.670
2023-02-09 05:00,0.057,4.344
2023-02-09 06:00,0.018,3.283
2023-02-09 07:00,0.005,2.474
2023-02-09 08:00,0,1.465
2023-02-09 09:00,0,0.984
2023-02-09 10:00,0,1.353
2023-02-09 11:00,0.005,2.459
2023-02-09 12:00,0.017,3.226
2023-02-09 13:00,0.031,3.712
2023-02-09 14:00,0.041,3.985
2023-02-09 15:00,0.049,4.166
2023-02-09 16:00,0.056,4.315
2023-02-09 17:00,0.065,4.501
2023-02-09 18:00,0.102,5.117
2023-02-09 19:00,0.172,5.986
2023-02-09 20:00,0.260,6.840
2023-02-09 21:00,0.333,7.450
2023-02-09 22:00,0.359,7.643
2023-02-09 23:00,0.319,7.339
2023-02-10 00:00,0.297,7.160
2023-02-10 01:00,0.313,7.293
2023-02-10 02:00,0.346,7.556
2023-02-10 03:00,0.412,8.051
2023-02-10 04:00,0.494,8.650
2023-02-10 05:00,0.558,9.136
2023-02-10 06:00,0.626,9.663
2023-02-10 07:00,0.730,10.573
2023-02-10 08:00,0.803,11.365
2023-02-10 09:00,0.835,11.779
2023-02-10 10:00,0.851,12.011
2023-02-10 11:00,0.851,12.009
2023-02-10 12:00,0.838,11.829
2023-02-10 13:00,0.823,11.618
2023-02-10 14:00,0.810,11.457
2023-02-10 15:00,0.793,11.239
2023-02-10 16:00,0.771,10.997
2023-02-10 17:00,0.750,10.776
2023-02-10 18:00,0.709,10.377
2023-02-10 19:00,0.652,9.883
2023-02-10 20:00,0.619,9.613
2023-02-10 21:00,0.582,9.317
2023-02-10 22:00,0.520,8.854
2023-02-10 23:00,0.431,8.194
2023-02-11 00:00,0.348,7.570
2023-02-11 01:00,0.267,6.909
2023-02-11 02:00,0.167,5.927
2023-02-11 03:00,0.085,4.851
2023-02-11 04:00,0.034,3.800
2023-02-11 05:00,0.011,2.932
2023-02-11 06:00,0.001,2.011
2023-02-11 07:00,0.003,2.303
2023-02-11 08:00,0.012,2.994
2023-02-11 09:00,0.037,3.868
2023-02-11 10:00,0.069,4.573
2023-02-11 11:00,0.082,4.788
2023-02-11 12:00,0.078,4.731
2023-02-11 13:00,0.074,4.670
2023-02-11 14:00,0.074,4.659
2023-02-11 15:00,0.082,4.790
2023-02-11 16:00,0.103,5.130
2023-02-11 17:00,0.121,5.373
2023-02-11 18:00,0.118,5.325
2023-02-11 19:00,0.098,5.048
2023-02-11 20:00,0.076,4.704
2023-02-11 21:00,0.050,4.191
2023-02-11 22:00,0.026,3.571
2023-02-11 23:00,0.008,2.715
2023-02-12 00:00,0,1.538
2023-02-12 01:00,0,0.628
2023-02-12 02:00,0.001,1.999
2023-02-12 03:00,0.035,3.836
2023-02-12 04:00,0.128,5.463
2023-02-12 05:00,0.245,6.705
2023-02-12 06:00,0.345,7.545
2023-02-12 07:00,0.380,7.816
2023-02-12 08:00,0.334,7.463
2023-02-12 09:00,0.267,6.906
2023-02-12 10:00,0.185,6.125
2023-02-12 11:00,0.125,5.423
2023-02-12 12:00,0.120,5.362
2023-02-12 13:00,0.173,6.001
2023-02-12 14:00,0.229,6.561
2023-02-12 15:00,0.310,7.261
2023-02-12 16:00,0.377,7.783
2023-02-12 17:00,0.421,8.117
2023-02-12 18:00,0.437,8.238
2023-02-12 19:00,0.416,8.078
2023-02-12 20:00,0.351,7.593
2023-02-12 21:00,0.261,6.847
2023-02-12 22:00,0.192,6.196
2023-02-12 23:00,0.118,5.332
2023-02-13 00:00,0.067,4.535
2023-02-13 01:00,0.059,4.375
2023-02-13 02:00,0.037,3.868
2023-02-13 03:00,0.011,2.949
2023-02-13 04:00,0.001,1.694
2023-02-13 05:00,0.005,2.469
2023-02-13 06:00,0.276,6.983
2023-02-13 07:00,0.827,11.675
2023-02-13 08:00,0.931,13.631
2023-02-13 09:00,0.947,14.109
2023-02-13 10:00,0.963,14.768
2023-02-13 11:00,0.974,15.372
2023-02-13 12:00,0.978,15.590
2023-02-13 13:00,0.976,15.453
2023-02-13 14:00,0.968,14.986
2023-02-13 15:00,0.961,14.668
2023-02-13 16:00,0.956,14.426
2023-02-13 17:00,0.954,14.361
2023-02-13 18:00,0.963,14.729
2023-02-13 19:00,0.975,15.373
2023-02-13 20:00,0.979,15.656
2023-02-13 21:00,0.977,15.526
2023-02-13 22:00,0.975,15.404
2023-02-13 23:00,0.973,15.292
2023-02-14 00:00,0.971,15.155
2023-02-14 01:00,0.962,14.690
2023-02-14 02:00,0.945,14.049
2023-02-14 03:00,0.928,13.543
2023-02-14 04:00,0.907,13.033
2023-02-14 05:00,0.888,12.640
2023-02-14 06:00,0.872,12.347
2023-02-14 07:00,0.855,12.080
2023-02-14 08:00,0.852,12.038
2023-02-14 09:00,0.864,12.216
2023-02-14 10:00,0.879,12.485
2023-02-14 11:00,0.886,12.608
2023-02-14 12:00,0.887,12.624
2023-02-14 13:00,0.877,12.442
2023-02-14 14:00,0.860,12.160
2023-02-14 15:00,0.855,12.077
2023-02-14 16:00,0.865,12.240
2023-02-14 17:00,0.880,12.493
2023-02-14 18:00,0.897,12.822
2023-02-14 19:00,0.922,13.388
2023-02-14 20:00,0.942,13.953
2023-02-14 21:00,0.948,14.152
2023-02-14 22:00,0.944,14.002
2023-02-14 23:00,0.939,13.862
2023-02-15 00:00,0.933,13.674
2023-02-15 01:00,0.924,13.443
2023-02-15 02:00,0.917,13.243
2023-02-15 03:00,0.920,13.341
2023-02-15 04:00,0.930,13.584
2023-02-15 05:00,0.940,13.877
2023-02-15 06:00,0.952,14.286
2023-02-15 07:00,0.964,14.774
2023-02-15 08:00,0.972,15.189
2023-02-15 09:00,0.973,15.261
2023-02-15 10:00,0.972,15.192
2023-02-15 11:00,0.970,15.082
2023-02-15 12:00,0.963,14.724
2023-02-15 13:00,0.957,14.485
2023-02-15 14:00,0.953,14.324
2023-02-15 15:00,0.956,14.436
2023-02-15 16:00,0.963,14.769
2023-02-15 17:00,0.970,15.095
2023-02-15 18:00,0.976,15.502
2023-02-15 19:00,0.978,15.632
2023-02-15 20:00,0.979,15.701
2023-02-15 21:00,0.977,15.568
2023-02-15 22:00,0.970,15.086
2023-02-15 23:00,0.954,14.377
2023-02-16 00:00,0.948,14.133
2023-02-16 01:00,0.939,13.830
2023-02-16 02:00,0.932,13.641
2023-02-16 03:00,0.930,13.601
2023-02-16 04:00,0.929,13.580
2023-02-16 05:00,0.929,13.575
2023-02-16 06:00,0.934,13.710
2023-02-16 07:00,0.939,13.848
2023-02-16 08:00,0.941,13.898
2023-02-16 09:00,0.930,13.601
2023-02-16 10:00,0.913,13.167
2023-02-16 11:00,0.893,12.737
2023-02-16 12:00,0.867,12.283
2023-02-16 13:00,0.836,11.802
2023-02-16 14:00,0.801,11.342
2023-02-16 15:00,0.768,10.967
2023-02-16 16:00,0.741,10.687
2023-02-16 17:00,0.718,10.462
2023-02-16 18:00,0.702,10.314
2023-02-16 19:00,0.693,10.237
2023-02-16 20:00,0.669,10.027
2023-02-16 21:00,0.609,9.530
2023-02-16 22:00,0.540,8.993
2023-02-16 23:00,0.421,8.118
2023-02-17 00:00,0.319,7.330
2023-02-17 01:00,0.240,6.662
2023-02-17 02:00,0.179,6.057
2023-02-17 03:00,0.123,5.400
2023-02-17 04:00,0.095,5.001
2023-02-17 05:00,0.093,4.983
2023-02-17 06:00,0.119,5.344
2023-02-17 07:00,0.172,5.979
2023-02-17 08:00,0.257,6.820
2023-02-17 09:00,0.369,7.732
2023-02-17 10:00,0.407,8.019
2023-02-17 11:00,0.371,7.747
2023-02-17 12:00,0.297,7.154
2023-02-17 13:00,0.225,6.527
2023-02-17 14:00,0.197,6.249
2023-02-17 15:00,0.217,6.440
2023-02-17 16:00,0.242,6.679
2023-02-17 17:00,0.257,6.818
2023-02-17 18:00,0.274,6.965
2023-02-17 19:00,0.292,7.116
2023-02-17 20:00,0.295,7.135
2023-02-17 21:00,0.284,7.052
2023-02-17 22:00,0.259,6.835
2023-02-17 23:00,0.217,6.452
2023-02-18 00:00,0.194,6.210
2023-02-18 01:00,0.176,6.028
2023-02-18 02:00,0.146,5.690
2023-02-18 03:00,0.098,5.048
2023-02-18 04:00,0.053,4.261
2023-02-18 05:00,0.030,3.685
2023-02-18 06:00,0.021,3.392
2023-02-18 07:00,0.030,3.696
2023-02-18 08:00,0.082,4.787
2023-02-18 09:00,0.187,6.145
2023-02-18 10:00,0.201,6.291
2023-02-18 11:00,0.147,5.695
2023-02-18 12:00,0.112,5.249
2023-02-18 13:00,0.120,5.357
2023-02-18 14:00,0.145,5.685
2023-02-18 15:00,0.172,5.980
2023-02-18 16:00,0.202,6.300
2023-02-18 17:00,0.239,6.656
2023-02-18 18:00,0.275,6.975
2023-02-18 19:00,0.316,7.314
2023-02-18 20:00,0.384,7.843
2023-02-18 21:00,0.469,8.477
2023-02-18 22:00,0.566,9.193
2023-02-18 23:00,0.636,9.751
2023-02-19 00:00,0.845,11.926
2023-02-19 01:00,0.936,13.768
2023-02-19 02:00,0.949,14.194
2023-02-19 03:00,0.961,14.664
2023-02-19 04:00,0.970,15.113
2023-02-19 05:00,0.977,15.525
2023-02-19 06:00,0.982,15.949
2023-02-19 07:00,0.985,16.299
2023-02-19 08:00,0.986,16.371
2023-02-19 09:00,0.980,15.789
2023-02-19 10:00,0.970,15.128
2023-02-19 11:00,0.964,14.786
2023-02-19 12:00,0.963,14.726
2023-02-19 13:00,0.963,14.753
2023-02-19 14:00,0.965,14.827
2023-02-19 15:00,0.969,15.033
2023-02-19 16:00,0.974,15.306
2023-02-19 17:00,0.976,15.503
2023-02-19 18:00,0.979,15.656
2023-02-19 19:00,0.981,15.858
2023-02-19 20:00,0.985,16.231
2023-02-19 21:00,0.985,16.321
2023-02-19 22:00,0.985,16.316
2023-02-19 23:00,0.986,16.355
2023-02-20 00:00,0.988,16.684
2023-02-20 01:00,0.988,16.765
2023-02-20 02:00,0.987,16.633
2023-02-20 03:00,0.988,16.888
2023-02-20 04:00,0.989,17.369
2023-02-20 05:00,0.989,17.636
2023-02-20 06:00,0.988,17.934
2023-02-20 07:00,0.986,18.173
2023-02-20 08:00,0.986,18.249
2023-02-20 09:00,0.987,18.022
2023-02-20 10:00,0.989,17.717
2023-02-20 11:00,0.989,17.590
2023-02-20 12:00,0.988,17.788
2023-02-20 13:00,0.986,18.124
2023-02-20 14:00,0.984,18.422
2023-02-20 15:00,0.983,18.521
2023-02-20 16:00,0.981,18.687
2023-02-20 17:00,0.981,18.672
2023-02-20 18:00,0.982,18.580
2023-02-20 19:00,0.983,18.496
2023-02-20 20:00,0.983,18.492
2023-02-20 21:00,0.985,18.323
2023-02-20 22:00,0.987,18.067
2023-02-20 23:00,0.986,18.172
2023-02-21 00:00,0.981,18.647
2023-02-21 01:00,0.975,19.065
2023-02-21 02:00,0.972,19.256
2023-02-21 03:00,0.962,19.691
2023-02-21 04:00,0.948,20.138
2023-02-21 05:00,0.941,20.305
2023-02-21 06:00,0.938,20.390
2023-02-21 07:00,0.947,20.155
2023-02-21 08:00,0.951,20.023
2023-02-21 09:00,0.968,19.426
2023-02-21 10:00,0.982,18.639
2023-02-21 11:00,0.987,17.978
2023-02-21 12:00,0.989,17.300
2023-02-21 13:00,0.987,16.648
2023-02-21 14:00,0.983,16.065
2023-02-21 15:00,0.983,16.038
2023-02-21 16:00,0.986,16.366
2023-02-21 17:00,0.986,16.434
2023-02-21 18:00,0.984,16.162
2023-02-21 19:00,0.980,15.787
2023-02-21 20:00,0.977,15.562
2023-02-21 21:00,0.966,14.901
2023-02-21 22:00,0.948,14.147
2023-02-21 23:00,0.931,13.617
2023-02-22 00:00,0.923,13.410
2023-02-22 01:00,0.921,13.358
2023-02-22 02:00,0.910,13.096
2023-02-22 03:00,0.898,12.834
2023-02-22 04:00,0.887,12.628
2023-02-22 05:00,0.883,12.547
2023-02-22 06:00,0.887,12.629
2023-02-22 07:00,0.897,12.824
2023-02-22 08:00,0.906,13.020
2023-02-22 09:00,0.905,12.998
2023-02-22 10:00,0.903,12.949
2023-02-22 11:00,0.896,12.798
2023-02-22 12:00,0.886,12.613
2023-02-22 13:00,0.889,12.657
2023-02-22 14:00,0.906,13.008
2023-02-22 15:00,0.914,13.169
2023-02-22 16:00,0.921,13.357
2023-02-22 17:00,0.926,13.487
2023-02-22 18:00,0.922,13.390
2023-02-22 19:00,0.913,13.167
2023-02-22 20:00,0.902,12.925
2023-02-22 21:00,0.868,12.290
2023-02-22 22:00,0.813,11.495
2023-02-22 23:00,0.805,11.389
2023-02-23 00:00,0.822,11.616
2023-02-23 01:00,0.827,11.667
2023-02-23 02:00,0.819,11.572
2023-02-23 03:00,0.828,11.688
2023-02-23 04:00,0.845,11.920
2023-02-23 05:00,0.855,12.077
2023-02-23 06:00,0.858,12.131
2023-02-23 07:00,0.865,12.244
2023-02-23 08:00,0.875,12.398
2023-02-23 09:00,0.862,12.185
2023-02-23 10:00,0.846,11.936
2023-02-23 11:00,0.826,11.657
2023-02-23 12:00,0.806,11.397
2023-02-23 13:00,0.786,11.174
2023-02-23 14:00,0.767,10.960
2023-02-23 15:00,0.756,10.842
2023-02-23 16:00,0.773,11.009
2023-02-23 17:00,0.786,11.173
2023-02-23 18:00,0.787,11.186
2023-02-23 19:00,0.786,11.174
2023-02-23 20:00,0.795,11.273
2023-02-23 21:00,0.801,11.345
2023-02-23 22:00,0.808,11.430
2023-02-23 23:00,0.813,11.492
2023-02-24 00:00,0.854,12.067
2023-02-24 01:00,0.878,12.468
2023-02-24 02:00,0.883,12.558
2023-02-24 03:00,0.900,12.879
2023-02-24 04:00,0.919,13.319
2023-02-24 05:00,0.934,13.718
2023-02-24 06:00,0.946,14.076
2023-02-24 07:00,0.956,14.443
2023-02-24 08:00,0.962,14.680
2023-02-24 09:00,0.957,14.494
2023-02-24 10:00,0.945,14.056
2023-02-24 11:00,0.944,14.008
2023-02-24 12:00,0.956,14.452
2023-02-24 13:00,0.967,14.918
2023-02-24 14:00,0.976,15.458
2023-02-24 15:00,0.983,16.076
2023-02-24 16:00,0.987,16.611
2023-02-24 17:00,0.988,16.898
2023-02-24 18:00,0.988,16.840
2023-02-24 19:00,0.987,16.639
2023-02-24 20:00,0.986,16.398
2023-02-24 21:00,0.985,16.294
2023-02-24 22:00,0.985,16.236
2023-02-24 23:00,0.987,16.501
2023-02-25 00:00,0.989,17.228
2023-02-25 01:00,0.989,17.662
2023-02-25 02:00,0.988,17.882
2023-02-25 03:00,0.985,18.274
2023-02-25 04:00,0.981,18.717
2023-02-25 05:00,0.973,19.209
2023-02-25 06:00,0.962,19.679
2023-02-25 07:00,0.955,19.913
2023-02-25 08:00,0.957,19.850
2023-02-25 09:00,0.977,18.988
2023-02-25 10:00,0.986,18.162
2023-02-25 11:00,0.988,17.819
2023-02-25 12:00,0.989,17.578
2023-02-25 13:00,0.989,17.336
2023-02-25 14:00,0.989,17.412
2023-02-25 15:00,0.989,17.619
2023-02-25 16:00,0.988,17.842
2023-02-25 17:00,0.987,17.981
2023-02-25 18:00,0.986,18.216
2023-02-25 19:00,0.985,18.366
2023-02-25 20:00,0.983,18.486
2023-02-25 21:00,0.986,18.125
2023-02-25 22:00,0.989,17.568
2023-02-25 23:00,0.989,17.104
2023-02-26 00:00,0.988,16.849
2023-02-26 01:00,0.988,16.669
2023-02-26 02:00,0.986,16.474
2023-02-26 03:00,0.987,16.511
2023-02-26 04:00,0.987,16.648
2023-02-26 05:00,0.988,16.721
2023-02-26 06:00,0.988,16.810
2023-02-26 07:00,0.989,16.934
2023-02-26 08:00,0.989,17.040
2023-02-26 09:00,0.988,16.779
2023-02-26 10:00,0.984,16.162
2023-02-26 11:00,0.979,15.730
2023-02-26 12:00,0.974,15.340
2023-02-26 13:00,0.968,14.996
2023-02-26 14:00,0.963,14.757
2023-02-26 15:00,0.964,14.790
2023-02-26 16:00,0.966,14.886
2023-02-26 17:00,0.967,14.916
2023-02-26 18:00,0.966,14.873
2023-02-26 19:00,0.962,14.682
2023-02-26 20:00,0.958,14.549
2023-02-26 21:00,0.949,14.184
2023-02-26 22:00,0.938,13.825
2023-02-26 23:00,0.937,13.798
2023-02-27 00:00,0.936,13.740
2023-02-27 01:00,0.933,13.671
2023-02-27 02:00,0.930,13.595
2023-02-27 03:00,0.925,13.463
2023-02-27 04:00,0.913,13.159
2023-02-27 05:00,0.898,12.832
2023-02-27 06:00,0.886,12.615
2023-02-27 07:00,0.881,12.526
2023-02-27 08:00,0.876,12.426
2023-02-27 09:00,0.849,11.982
2023-02-27 10:00,0.817,11.546
2023-02-27 11:00,0.799,11.316
2023-02-27 12:00,0.788,11.196
2023-02-27 13:00,0.773,11.010
2023-02-27 14:00,0.770,10.983
2023-02-27 15:00,0.783,11.130
2023-02-27 16:00,0.786,11.166
2023-02-27 17:00,0.797,11.297
2023-02-27 18:00,0.816,11.526
2023-02-27 19:00,0.809,11.443
2023-02-27 20:00,0.791,11.231
2023-02-27 21:00,0.769,10.975
2023-02-27 22:00,0.726,10.542
2023-02-27 23:00,0.620,9.622
2023-02-28 00:00,0.625,9.653
2023-02-28 01:00,0.612,9.552
2023-02-28 02:00,0.561,9.159
2023-02-28 03:00,0.528,8.904
2023-02-28 04:00,0.509,8.767
2023-02-28 05:00,0.484,8.575
2023-02-28 06:00,0.465,8.451
2023-02-28 07:00,0.502,8.714
2023-02-28 08:00,0.552,9.094
2023-02-28 09:00,0.570,9.228
2023-02-28 10:00,0.561,9.156
2023-02-28 11:00,0.502,8.712
2023-02-28 12:00,0.430,8.190
2023-02-28 13:00,0.377,7.785
2023-02-28 14:00,0.362,7.673
2023-02-28 15:00,0.350,7.579
2023-02-28 16:00,0.353,7.608
2023-02-28 17:00,0.358,7.638
2023-02-28 18:00,0.352,7.594
2023-02-28 19:00,0.335,7.469
2023-02-28 20:00,0.312,7.276
2023-02-28 21:00,0.281,7.026
2023-02-28 22:00,0.264,6.877
2023-02-28 23:00,0.202,6.301
2023-03-01 00:00,0.127,5.447
2023-03-01 01:00,0.100,5.076
2023-03-01 02:00,0.076,4.700
2023-03-01 03:00,0.057,4.352
2023-03-01 04:00,0.055,4.300
2023-03-01 05:00,0.083,4.813
2023-03-01 06:00,0.163,5.889
2023-03-01 07:00,0.315,7.307
2023-03-01 08:00,0.511,8.782
2023-03-01 09:00,0.651,9.868
2023-03-01 10:00,0.679,10.107
2023-03-01 11:00,0.666,9.996
2023-03-01 12:00,0.671,10.038
2023-03-01 13:00,0.689,10.188
2023-03-01 14:00,0.705,10.340
2023-03-01 15:00,0.744,10.716
2023-03-01 16:00,0.785,11.155
2023-03-01 17:00,0.822,11.597
2023-03-01 18:00,0.857,12.120
2023-03-01 19:00,0.895,12.788
2023-03-01 20:00,0.914,13.202
2023-03-01 21:00,0.908,13.059
2023-03-01 22:00,0.912,13.141
2023-03-01 23:00,0.940,13.877
2023-03-02 00:00,0.957,14.474
2023-03-02 01:00,0.960,14.608
2023-03-02 02:00,0.958,14.524
2023-03-02 03:00,0.962,14.673
2023-03-02 04:00,0.970,15.116
2023-03-02 05:00,0.977,15.531
2023-03-02 06:00,0.978,15.613
2023-03-02 07:00,0.977,15.512
2023-03-02 08:00,0.973,15.286
2023-03-02 09:00,0.958,14.512
2023-03-02 10:00,0.928,13.524
2023-03-02 11:00,0.893,12.733
2023-03-02 12:00,0.838,11.838
2023-03-02 13:00,0.786,11.167
2023-03-02 14:00,0.766,10.949
2023-03-02 15:00,0.779,11.078
2023-03-02 16:00,0.801,11.334
2023-03-02 17:00,0.818,11.556
2023-03-02 18:00,0.827,11.674
2023-03-02 19:00,0.840,11.858
2023-03-02 20:00,0.845,11.917
2023-03-02 21:00,0.841,11.882
2023-03-02 22:00,0.828,11.694
2023-03-02 23:00,0.802,11.356
2023-03-03 00:00,0.806,11.402
2023-03-03 01:00,0.790,11.214
2023-03-03 02:00,0.753,10.809
2023-03-03 03:00,0.714,10.425
2023-03-03 04:00,0.695,10.251
2023-03-03 05:00,0.695,10.250
2023-03-03 06:00,0.702,10.316
2023-03-03 07:00,0.701,10.306
2023-03-03 08:00,0.679,10.106
2023-03-03 09:00,0.656,9.909
2023-03-03 10:00,0.628,9.680
2023-03-03 11:00,0.548,9.053
2023-03-03 12:00,0.434,8.218
2023-03-03 13:00,0.354,7.614
2023-03-03 14:00,0.311,7.273
2023-03-03 15:00,0.314,7.301
2023-03-03 16:00,0.346,7.551
2023-03-03 17:00,0.368,7.725
2023-03-03 18:00,0.383,7.831
2023-03-03 19:00,0.400,7.964
2023-03-03 20:00,0.431,8.197
2023-03-03 21:00,0.446,8.299
2023-03-03 22:00,0.446,8.311
2023-03-03 23:00,0.426,8.160
2023-03-04 00:00,0.441,8.263
2023-03-04 01:00,0.446,8.309
2023-03-04 02:00,0.450,8.325
2023-03-04 03:00,0.457,8.388
2023-03-04 04:00,0.483,8.569
2023-03-04 05:00,0.509,8.762
2023-03-04 06:00,0.545,9.035
2023-03-04 07:00,0.582,9.319
2023-03-04 08:00,0.601,9.469
2023-03-04 09:00,0.608,9.524
2023-03-04 10:00,0.596,9.424
2023-03-04 11:00,0.543,9.023
2023-03-04 12:00,0.485,8.591
2023-03-04 13:00,0.467,8.461
2023-03-04 14:00,0.494,8.653
2023-03-04 15:00,0.556,9.126
2023-03-04 16:00,0.612,9.555
2023-03-04 17:00,0.650,9.862
2023-03-04 18:00,0.669,10.021
2023-03-04 19:00,0.682,10.136
2023-03-04 20:00,0.680,10.121
2023-03-04 21:00,0.660,9.937
2023-03-04 22:00,0.621,9.623
2023-03-04 23:00,0.539,8.986
2023-03-05 00:00,0.569,9.224
2023-03-05 01:00,0.609,9.533
2023-03-05 02:00,0.646,9.823
2023-03-05 03:00,0.680,10.120
2023-03-05 04:00,0.705,10.344
2023-03-05 05:00,0.726,10.537
2023-03-05 06:00,0.741,10.685
2023-03-05 07:00,0.749,10.764
2023-03-05 08:00,0.731,10.591
2023-03-05 09:00,0.698,10.279
2023-03-05 10:00,0.647,9.842
2023-03-05 11:00,0.581,9.312
2023-03-05 12:00,0.528,8.912
2023-03-05 13:00,0.502,8.722
2023-03-05 14:00,0.497,8.679
2023-03-05 15:00,0.511,8.785
2023-03-05 16:00,0.525,8.888
2023-03-05 17:00,0.536,8.975
2023-03-05 18:00,0.540,8.996
2023-03-05 19:00,0.542,9.020
2023-03-05 20:00,0.554,9.104
2023-03-05 21:00,0.575,9.267
2023-03-05 22:00,0.596,9.430
2023-03-05 23:00,0.545,9.036
2023-03-06 00:00,0.506,8.748
2023-03-06 01:00,0.520,8.852
2023-03-06 02:00,0.545,9.031
2023-03-06 03:00,0.586,9.352
2023-03-06 04:00,0.620,9.622
2023-03-06 05:00,0.640,9.778
2023-03-06 06:00,0.656,9.908
2023-03-06 07:00,0.663,9.965
2023-03-06 08:00,0.672,10.052
2023-03-06 09:00,0.663,9.972
2023-03-06 10:00,0.642,9.799
2023-03-06 11:00,0.608,9.512
2023-03-06 12:00,0.566,9.199
2023-03-06 13:00,0.535,8.967
2023-03-06 14:00,0.496,8.669
2023-03-06 15:00,0.453,8.362
2023-03-06 16:00,0.438,8.249
2023-03-06 17:00,0.447,8.312
2023-03-06 18:00,0.460,8.404
2023-03-06 19:00,0.465,8.438
2023-03-06 20:00,0.453,8.360
2023-03-06 21:00,0.444,8.293
2023-03-06 22:00,0.429,8.171
2023-03-06 23:00,0.344,7.534
2023-03-07 00:00,0.267,6.908
2023-03-07 01:00,0.255,6.800
2023-03-07 02:00,0.227,6.545
2023-03-07 03:00,0.206,6.341
2023-03-07 04:00,0.197,6.238
2023-03-07 05:00,0.196,6.231
2023-03-07 06:00,0.216,6.437
2023-03-07 07:00,0.264,6.873
2023-03-07 08:00,0.335,7.465
2023-03-07 09:00,0.413,8.060
2023-03-07 10:00,0.449,8.320
2023-03-07 11:00,0.397,7.942
2023-03-07 12:00,0.336,7.477
2023-03-07 13:00,0.269,6.915
2023-03-07 14:00,0.208,6.359
2023-03-07 15:00,0.182,6.090
2023-03-07 16:00,0.174,6.005
2023-03-07 17:00,0.178,6.046
2023-03-07 18:00,0.176,6.027
2023-03-07 19:00,0.177,6.043
2023-03-07 20:00,0.180,6.070
2023-03-07 21:00,0.172,5.976
2023-03-07 22:00,0.155,5.788
2023-03-07 23:00,0.114,5.275
2023-03-08 00:00,0.060,4.403
2023-03-08 01:00,0.024,3.488
2023-03-08 02:00,0.007,2.689
2023-03-08 03:00,0.002,2.126
2023-03-08 04:00,0.001,1.951
2023-03-08 05:00,0.002,2.151
2023-03-08 06:00,0.009,2.789
2023-03-08 07:00,0.019,3.298
2023-03-08 08:00,0.026,3.559
2023-03-08 09:00,0.025,3.534
2023-03-08 10:00,0.009,2.850
2023-03-08 11:00,0.001,1.806
2023-03-08 12:00,0,0.652
2023-03-08 13:00,0,1.464
2023-03-08 14:00,0.013,3.040
2023-03-08 15:00,0.053,4.266
2023-03-08 16:00,0.077,4.715
2023-03-08 17:00,0.088,4.891
2023-03-08 18:00,0.094,4.996
2023-03-08 19:00,0.110,5.225
2023-03-08 20:00,0.118,5.325
2023-03-08 21:00,0.118,5.321
2023-03-08 22:00,0.115,5.287
2023-03-08 23:00,0.095,5.005
2023-03-09 00:00,0.100,5.074
2023-03-09 01:00,0.145,5.683
2023-03-09 02:00,0.189,6.165
2023-03-09 03:00,0.198,6.255
2023-03-09 04:00,0.185,6.132
2023-03-09 05:00,0.192,6.199
2023-03-09 06:00,0.222,6.495
2023-03-09 07:00,0.265,6.885
2023-03-09 08:00,0.304,7.215
2023-03-09 09:00,0.367,7.718
2023-03-09 10:00,0.396,7.934
2023-03-09 11:00,0.339,7.496
2023-03-09 12:00,0.281,7.028
2023-03-09 13:00,0.232,6.581
2023-03-09 14:00,0.210,6.381
2023-03-09 15:00,0.258,6.823
2023-03-09 16:00,0.343,7.524
2023-03-09 17:00,0.426,8.160
2023-03-09 18:00,0.502,8.710
2023-03-09 19:00,0.549,9.072
2023-03-09 20:00,0.575,9.257
2023-03-09 21:00,0.530,8.929
2023-03-09 22:00,0.453,8.359
2023-03-09 23:00,0.367,7.716
2023-03-10 00:00,0.382,7.824
2023-03-10 01:00,0.506,8.747
2023-03-10 02:00,0.576,9.278
2023-03-10 03:00,0.611,9.550
2023-03-10 04:00,0.639,9.775
2023-03-10 05:00,0.665,9.987
2023-03-10 06:00,0.696,10.258
2023-03-10 07:00,0.735,10.617
2023-03-10 08:00,0.760,10.874
2023-03-10 09:00,0.743,10.707
2023-03-10 10:00,0.725,10.526
2023-03-10 11:00,0.712,10.407
2023-03-10 12:00,0.702,10.315
2023-03-10 13:00,0.705,10.337
2023-03-10 14:00,0.677,10.087
2023-03-10 15:00,0.670,10.031
2023-03-10 16:00,0.654,9.895
2023-03-10 17:00,0.619,9.608
2023-03-10 18:00,0.578,9.287
2023-03-10 19:00,0.559,9.143
2023-03-10 20:00,0.551,9.081
2023-03-10 21:00,0.553,9.102
2023-03-10 22:00,0.540,8.998
2023-03-10 23:00,0.434,8.220
2023-03-11 00:00,0.453,8.357
2023-03-11 01:00,0.413,8.061
2023-03-11 02:00,0.317,7.323
2023-03-11 03:00,0.264,6.881
2023-03-11 04:00,0.255,6.802
2023-03-11 05:00,0.279,7.003
2023-03-11 06:00,0.330,7.422
2023-03-11 07:00,0.392,7.902
2023-03-11 08:00,0.458,8.393
2023-03-11 09:00,0.474,8.507
2023-03-11 10:00,0.472,8.499
2023-03-11 11:00,0.441,8.265
2023-03-11 12:00,0.377,7.794
2023-03-11 13:00,0.308,7.245
2023-03-11 14:00,0.262,6.852
2023-03-11 15:00,0.246,6.721
2023-03-11 16:00,0.244,6.698
2023-03-11 17:00,0.249,6.733
2023-03-11 18:00,0.278,6.998
2023-03-11 19:00,0.324,7.373
2023-03-11 20:00,0.342,7.514
2023-03-11 21:00,0.321,7.355
2023-03-11 22:00,0.321,7.353
2023-03-11 23:00,0.281,7.025
2023-03-12 00:00,0.287,7.075
2023-03-12 01:00,0.331,7.435
2023-03-12 02:00,0.421,8.115
2023-03-12 03:00,0.561,9.160
2023-03-12 04:00,0.681,10.131
2023-03-12 05:00,0.743,10.712
2023-03-12 06:00,0.790,11.217
2023-03-12 07:00,0.836,11.803
2023-03-12 08:00,0.875,12.406
2023-03-12 09:00,0.908,13.048
2023-03-12 10:00,0.966,14.884
2023-03-12 11:00,0.989,17.524
2023-03-12 12:00,0.986,18.184
2023-03-12 13:00,0.983,18.536
2023-03-12 14:00,0.987,18.028
2023-03-12 15:00,0.988,17.789
2023-03-12 16:00,0.989,17.486
2023-03-12 17:00,0.989,17.219
2023-03-12 18:00,0.989,17.024
2023-03-12 19:00,0.989,17.079
2023-03-12 20:00,0.989,17.007
2023-03-12 21:00,0.988,16.757
2023-03-12 22:00,0.987,16.526
2023-03-12 23:00,0.987,16.500
2023-03-13 00:00,0.983,16.110
2023-03-13 01:00,0.977,15.513
2023-03-13 02:00,0.966,14.896
2023-03-13 03:00,0.959,14.560
2023-03-13 04:00,0.960,14.603
2023-03-13 05:00,0.959,14.561
2023-03-13 06:00,0.957,14.490
2023-03-13 07:00,0.947,14.119
2023-03-13 08:00,0.928,13.551
2023-03-13 09:00,0.881,12.527
2023-03-13 10:00,0.809,11.448
2023-03-13 11:00,0.745,10.731
2023-03-13 12:00,0.671,10.043
2023-03-13 13:00,0.587,9.358
2023-03-13 14:00,0.528,8.902
2023-03-13 15:00,0.540,8.993
2023-03-13 16:00,0.577,9.280
2023-03-13 17:00,0.619,9.609
2023-03-13 18:00,0.637,9.754
2023-03-13 19:00,0.625,9.648
2023-03-13 20:00,0.588,9.367
2023-03-13 21:00,0.545,9.037
2023-03-13 22:00,0.473,8.502
2023-03-13 23:00,0.388,7.867
2023-03-14 00:00,0.335,7.465
2023-03-14 01:00,0.281,7.028
2023-03-14 02:00,0.251,6.758
2023-03-14 03:00,0.209,6.366
2023-03-14 04:00,0.179,6.051
2023-03-14 05:00,0.168,5.942
2023-03-14 06:00,0.168,5.944
2023-03-14 07:00,0.186,6.138
2023-03-14 08:00,0.241,6.668
2023-03-14 09:00,0.306,7.232
2023-03-14 10:00,0.312,7.278
2023-03-14 11:00,0.234,6.612
2023-03-14 12:00,0.164,5.893
2023-03-14 13:00,0.110,5.223
2023-03-14 14:00,0.087,4.872
2023-03-14 15:00,0.086,4.859
2023-03-14 16:00,0.102,5.112
2023-03-14 17:00,0.126,5.440
2023-03-14 18:00,0.146,5.693
2023-03-14 19:00,0.149,5.726
2023-03-14 20:00,0.140,5.618
2023-03-14 21:00,0.117,5.319
2023-03-14 22:00,0.091,4.951
2023-03-14 23:00,0.057,4.336
2023-03-15 00:00,0.027,3.586
2023-03-15 01:00,0.010,2.867
2023-03-15 02:00,0.003,2.241
2023-03-15 03:00,0.001,1.743
2023-03-15 04:00,0,1.269
2023-03-15 05:00,0,1.409
2023-03-15 06:00,0.005,2.526
2023-03-15 07:00,0.023,3.464
2023-03-15 08:00,0.065,4.493
2023-03-15 09:00,0.141,5.628
2023-03-15 10:00,0.201,6.290
2023-03-15 11:00,0.195,6.226
2023-03-15 12:00,0.166,5.920
2023-03-15 13:00,0.148,5.706
2023-03-15 14:00,0.179,6.053
2023-03-15 15:00,0.269,6.915
2023-03-15 16:00,0.391,7.896
2023-03-15 17:00,0.496,8.669
2023-03-15 18:00,0.569,9.220
2023-03-15 19:00,0.634,9.729
2023-03-15 20:00,0.687,10.172
2023-03-15 21:00,0.723,10.510
2023-03-15 22:00,0.762,10.894
2023-03-15 23:00,0.819,11.566
2023-03-16 00:00,0.871,12.340
2023-03-16 01:00,0.873,12.370
2023-03-16 02:00,0.849,11.984
2023-03-16 03:00,0.822,11.601
2023-03-16 04:00,0.818,11.559
2023-03-16 05:00,0.832,11.738
2023-03-16 06:00,0.843,11.899
2023-03-16 07:00,0.850,12.003
2023-03-16 08:00,0.873,12.378
2023-03-16 09:00,0.854,12.066
2023-03-16 10:00,0.828,11.695
2023-03-16 11:00,0.822,11.600
2023-03-16 12:00,0.807,11.425
2023-03-16 13:00,0.793,11.249
2023-03-16 14:00,0.752,10.795
2023-03-16 15:00,0.730,10.575
2023-03-16 16:00,0.677,10.084
2023-03-16 17:00,0.579,9.301
2023-03-16 18:00,0.497,8.674
2023-03-16 19:00,0.419,8.101
2023-03-16 20:00,0.330,7.422
2023-03-16 21:00,0.288,7.080
2023-03-16 22:00,0.251,6.755
2023-03-16 23:00,0.178,6.045
2023-03-17 00:00,0.107,5.183
2023-03-17 01:00,0.043,4.033
2023-03-17 02:00,0.010,2.889
2023-03-17 03:00,0.001,2.003
2023-03-17 04:00,0,1.248
2023-03-17 05:00,0.001,1.701
2023-03-17 06:00,0.012,3.005
2023-03-17 07:00,0.040,3.965
2023-03-17 08:00,0.065,4.499
2023-03-17 09:00,0.070,4.592
2023-03-17 10:00,0.044,4.062
2023-03-17 11:00,0.009,2.800
2023-03-17 12:00,0,1.340
2023-03-17 13:00,0,0.486
2023-03-17 14:00,0,1.629
2023-03-17 15:00,0.010,2.895
2023-03-17 16:00,0.073,4.647
2023-03-17 17:00,0.222,6.490
2023-03-17 18:00,0.439,8.251
2023-03-17 19:00,0.643,9.804
2023-03-17 20:00,0.785,11.153
2023-03-17 21:00,0.841,11.877
2023-03-17 22:00,0.853,12.053
2023-03-17 23:00,0.854,12.073
2023-03-18 00:00,0.854,12.072
2023-03-18 01:00,0.844,11.912
2023-03-18 02:00,0.830,11.716
2023-03-18 03:00,0.840,11.858
2023-03-18 04:00,0.867,12.278
2023-03-18 05:00,0.890,12.693
2023-03-18 06:00,0.906,13.008
2023-03-18 07:00,0.923,13.406
2023-03-18 08:00,0.929,13.563
2023-03-18 09:00,0.915,13.210
2023-03-18 10:00,0.899,12.869
2023-03-18 11:00,0.885,12.588
2023-03-18 12:00,0.881,12.520
2023-03-18 13:00,0.882,12.539
2023-03-18 14:00,0.869,12.312
2023-03-18 15:00,0.854,12.069
2023-03-18 16:00,0.839,11.839
2023-03-18 17:00,0.813,11.489
2023-03-18 18:00,0.783,11.136
2023-03-18 19:00,0.756,10.838
2023-03-18 20:00,0.738,10.653
2023-03-18 21:00,0.726,10.544
2023-03-18 22:00,0.715,10.433
2023-03-18 23:00,0.687,10.181
2023-03-19 00:00,0.640,9.780
2023-03-19 01:00,0.578,9.290
2023-03-19 02:00,0.481,8.562
2023-03-19 03:00,0.390,7.887
2023-03-19 04:00,0.355,7.618
2023-03-19 05:00,0.344,7.530
2023-03-19 06:00,0.344,7.537
2023-03-19 07:00,0.368,7.722
2023-03-19 08:00,0.400,7.965
2023-03-19 09:00,0.441,8.268
2023-03-19 10:00,0.460,8.405
2023-03-19 11:00,0.453,8.352
2023-03-19 12:00,0.463,8.422
2023-03-19 13:00,0.434,8.221
2023-03-19 14:00,0.366,7.709
2023-03-19 15:00,0.302,7.204
2023-03-19 16:00,0.252,6.765
2023-03-19 17:00,0.242,6.670
2023-03-19 18:00,0.245,6.707
2023-03-19 19:00,0.225,6.527
2023-03-19 20:00,0.200,6.280
2023-03-19 21:00,0.166,5.921
2023-03-19 22:00,0.129,5.481
2023-03-19 23:00,0.083,4.820
2023-03-20 00:00,0.034,3.793
2023-03-20 01:00,0.006,2.572
2023-03-20 02:00,0,1.675
2023-03-20 03:00,0,0.301
2023-03-20 04:00,0,0.816
2023-03-20 05:00,0.004,2.381
2023-03-20 06:00,0.012,2.977
2023-03-20 07:00,0.018,3.283
2023-03-20 08:00,0.022,3.442
2023-03-20 09:00,0.024,3.511
2023-03-20 10:00,0.021,3.410
2023-03-20 11:00,0.012,2.987
2023-03-20 12:00,0.005,2.541
2023-03-20 13:00,0.003,2.206
2023-03-20 14:00,0.001,1.995
2023-03-20 15:00,0.002,2.082
2023-03-20 16:00,0.002,2.122
2023-03-20 17:00,0.002,2.029
2023-03-20 18:00,0.001,1.925
2023-03-20 19:00,0,1.667
2023-03-20 20:00,0,1.282
2023-03-20 21:00,0,0.817
2023-03-20 22:00,0,1.207
2023-03-20 23:00,0,1.660
2023-03-21 00:00,0.002,2.167
2023-03-21 01:00,0.011,2.937
2023-03-21 02:00,0.034,3.811
2023-03-21 03:00,0.108,5.191
2023-03-21 04:00,0.210,6.368
2023-03-21 05:00,0.359,7.647
2023-03-21 06:00,0.754,10.816
2023-03-21 07:00,0.800,11.328
2023-03-21 08:00,0.804,11.382
2023-03-21 09:00,0.747,10.741
2023-03-21 10:00,0.705,10.331
2023-03-21 11:00,0.686,10.167
2023-03-21 12:00,0.657,9.915
2023-03-21 13:00,0.622,9.633
2023-03-21 14:00,0.590,9.381
2023-03-21 15:00,0.556,9.126
2023-03-21 16:00,0.530,8.926
2023-03-21 17:00,0.495,8.663
2023-03-21 18:00,0.454,8.366
2023-03-21 19:00,0.407,8.013
2023-03-21 20:00,0.361,7.662
2023-03-21 21:00,0.301,7.187
2023-03-21 22:00,0.246,6.711
2023-03-21 23:00,0.206,6.336
2023-03-22 00:00,0.321,7.348
2023-03-22 01:00,0.539,8.988
2023-03-22 02:00,0.665,9.987
2023-03-22 03:00,0.773,11.025
2023-03-22 04:00,0.856,12.097
2023-03-22 05:00,0.913,13.150
2023-03-22 06:00,0.931,13.622
2023-03-22 07:00,0.933,13.681
2023-03-22 08:00,0.922,13.367
2023-03-22 09:00,0.906,13.016
2023-03-22 10:00,0.879,12.483
2023-03-22 11:00,0.860,12.153
2023-03-22 12:00,0.838,11.830
2023-03-22 13:00,0.819,11.569
2023-03-22 14:00,0.793,11.251
2023-03-22 15:00,0.773,11.022
2023-03-22 16:00,0.768,10.964
2023-03-22 17:00,0.756,10.842
2023-03-22 18:00,0.731,10.577
2023-03-22 19:00,0.697,10.274
2023-03-22 20:00,0.681,10.124
2023-03-22 21:00,0.692,10.224
2023-03-22 22:00,0.756,10.837
2023-03-22 23:00,0.791,11.228
2023-03-23 00:00,0.769,10.978
2023-03-23 01:00,0.750,10.783
2023-03-23 02:00,0.762,10.894
2023-03-23 03:00,0.775,11.046
2023-03-23 04:00,0.765,10.936
2023-03-23 05:00,0.727,10.553
2023-03-23 06:00,0.679,10.113
2023-03-23 07:00,0.613,9.565
2023-03-23 08:00,0.502,8.711
2023-03-23 09:00,0.438,8.245
2023-03-23 10:00,0.419,8.109
2023-03-23 11:00,0.280,7.018
2023-03-23 12:00,0.152,5.757
2023-03-23 13:00,0.112,5.260
2023-03-23 14:00,0.059,4.377
2023-03-23 15:00,0.007,2.690
2023-03-23 16:00,0.001,1.698
2023-03-23 17:00,0.070,4.595
2023-03-23 18:00,0.267,6.905
2023-03-23 19:00,0.400,7.965
2023-03-23 20:00,0.419,8.107
2023-03-23 21:00,0.333,7.453
2023-03-23 22:00,0.259,6.830
2023-03-23 23:00,0.206,6.342
2023-03-24 00:00,0.148,5.704
2023-03-24 01:00,0.098,5.046
2023-03-24 02:00,0.076,4.692
2023-03-24 03:00,0.122,5.383
2023-03-24 04:00,0.246,6.720
2023-03-24 05:00,0.389,7.887
2023-03-24 06:00,0.441,8.265
2023-03-24 07:00,0.591,9.389
2023-03-24 08:00,0.643,9.806
2023-03-24 09:00,0.643,9.808
2023-03-24 10:00,0.693,10.230
2023-03-24 11:00,0.701,10.304
2023-03-24 12:00,0.659,9.934
2023-03-24 13:00,0.623,9.642
2023-03-24 14:00,0.580,9.308
2023-03-24 15:00,0.746,10.733
2023-03-24 16:00,0.858,12.125
2023-03-24 17:00,0.827,11.667
2023-03-24 18:00,0.808,11.427
2023-03-24 19:00,0.796,11.278
2023-03-24 20:00,0.806,11.396
2023-03-24 21:00,0.793,11.252
2023-03-24 22:00,0.767,10.963
2023-03-24 23:00,0.843,11.904
2023-03-25 00:00,0.828,11.692
2023-03-25 01:00,0.695,10.254
2023-03-25 02:00,0.548,9.065
2023-03-25 03:00,0.518,8.828
2023-03-25 04:00,0.500,8.704
2023-03-25 05:00,0.450,8.326
2023-03-25 06:00,0.478,8.543
2023-03-25 07:00,0.560,9.147
2023-03-25 08:00,0.649,9.854
2023-03-25 09:00,0.645,9.823
2023-03-25 10:00,0.641,9.790
2023-03-25 11:00,0.636,9.748
2023-03-25 12:00,0.562,9.165
2023-03-25 13:00,0.497,8.681
2023-03-25 14:00,0.467,8.462
2023-03-25 15:00,0.493,8.645
2023-03-25 16:00,0.596,9.421
2023-03-25 17:00,0.739,10.664
2023-03-25 18:00,0.727,10.549
2023-03-25 19:00,0.613,9.563
2023-03-25 20:00,0.596,9.425
2023-03-25 21:00,0.655,9.897
2023-03-25 22:00,0.700,10.301
2023-03-25 23:00,0.746,10.732
2023-03-26 00:00,0.760,10.872
2023-03-26 01:00,0.747,10.742
2023-03-26 02:00,0.771,10.992
2023-03-26 03:00,0.771,10.997
2023-03-26 04:00,0.808,11.429
2023-03-26 05:00,0.826,11.651
2023-03-26 06:00,0.846,11.944
2023-03-26 07:00,0.865,12.249
2023-03-26 08:00,0.871,12.337
2023-03-26 09:00,0.880,12.493
2023-03-26 10:00,0.886,12.599
2023-03-26 11:00,0.881,12.504
2023-03-26 12:00,0.888,12.643
2023-03-26 13:00,0.903,12.938
2023-03-26 14:00,0.905,12.987
2023-03-26 15:00,0.890,12.690
2023-03-26 16:00,0.896,12.799
2023-03-26 17:00,0.908,13.052
2023-03-26 18:00,0.913,13.160
2023-03-26 19:00,0.922,13.372
2023-03-26 20:00,0.933,13.676
2023-03-26 21:00,0.923,13.420
2023-03-26 22:00,0.920,13.326
2023-03-26 23:00,0.924,13.443
2023-03-27 00:00,0.914,13.188
2023-03-27 01:00,0.898,12.841
2023-03-27 02:00,0.890,12.685
2023-03-27 03:00,0.910,13.081
2023-03-27 04:00,0.931,13.631
2023-03-27 05:00,0.949,14.167
2023-03-27 06:00,0.957,14.482
2023-03-27 07:00,0.963,14.760
2023-03-27 08:00,0.970,15.099
2023-03-27 09:00,0.957,14.473
2023-03-27 10:00,0.946,14.073
2023-03-27 11:00,0.956,14.428
2023-03-27 12:00,0.966,14.906
2023-03-27 13:00,0.965,14.822
2023-03-27 14:00,0.950,14.226
2023-03-27 15:00,0.936,13.762
2023-03-27 16:00,0.928,13.525
2023-03-27 17:00,0.926,13.481
2023-03-27 18:00,0.923,13.406
2023-03-27 19:00,0.922,13.377
2023-03-27 20:00,0.921,13.358
2023-03-27 21:00,0.908,13.049
2023-03-27 22:00,0.879,12.485
2023-03-27 23:00,0.864,12.228
2023-03-28 00:00,0.854,12.061
2023-03-28 01:00,0.837,11.819
2023-03-28 02:00,0.819,11.574
2023-03-28 03:00,0.818,11.560
2023-03-28 04:00,0.835,11.783
2023-03-28 05:00,0.858,12.125
2023-03-28 06:00,0.884,12.573
2023-03-28 07:00,0.913,13.157
2023-03-28 08:00,0.937,13.789
2023-03-28 09:00,0.949,14.176
2023-03-28 10:00,0.936,13.773
2023-03-28 11:00,0.903,12.943
2023-03-28 12:00,0.890,12.689
2023-03-28 13:00,0.883,12.563
2023-03-28 14:00,0.876,12.433
2023-03-28 15:00,0.872,12.362
2023-03-28 16:00,0.862,12.185
2023-03-28 17:00,0.850,12.007
2023-03-28 18:00,0.846,11.945
2023-03-28 19:00,0.853,12.057
2023-03-28 20:00,0.844,11.913
2023-03-28 21:00,0.827,11.671
2023-03-28 22:00,0.815,11.509
2023-03-28 23:00,0.806,11.410
2023-03-29 00:00,0.760,10.882
2023-03-29 01:00,0.681,10.125
2023-03-29 02:00,0.608,9.514
2023-03-29 03:00,0.584,9.334
2023-03-29 04:00,0.556,9.121
2023-03-29 05:00,0.528,8.912
2023-03-29 06:00,0.534,8.954
2023-03-29 07:00,0.535,8.967
2023-03-29 08:00,0.524,8.882
2023-03-29 09:00,0.465,8.442
2023-03-29 10:00,0.419,8.109
2023-03-29 11:00,0.409,8.027
2023-03-29 12:00,0.400,7.965
2023-03-29 13:00,0.377,7.795
2023-03-29 14:00,0.369,7.730
2023-03-29 15:00,0.376,7.779
2023-03-29 16:00,0.371,7.748
2023-03-29 17:00,0.353,7.605
2023-03-29 18:00,0.351,7.590
2023-03-29 19:00,0.353,7.602
2023-03-29 20:00,0.344,7.540
2023-03-29 21:00,0.287,7.073
2023-03-29 22:00,0.206,6.338
2023-03-29 23:00,0.158,5.832
2023-03-30 00:00,0.135,5.543
2023-03-30 01:00,0.107,5.190
2023-03-30 02:00,0.089,4.912
2023-03-30 03:00,0.098,5.042
2023-03-30 04:00,0.133,5.525
2023-03-30 05:00,0.137,5.576
2023-03-30 06:00,0.051,4.224
2023-03-30 07:00,0.099,5.059
2023-03-30 08:00,0.193,6.207
2023-03-30 09:00,0.208,6.354
2023-03-30 10:00,0.229,6.564
2023-03-30 11:00,0.274,6.959
2023-03-30 12:00,0.322,7.363
2023-03-30 13:00,0.366,7.710
2023-03-30 14:00,0.383,7.841
2023-03-30 15:00,0.404,7.990
2023-03-30 16:00,0.400,7.966
2023-03-30 17:00,0.401,7.975
2023-03-30 18:00,0.430,8.190
2023-03-30 19:00,0.484,8.583
2023-03-30 20:00,0.518,8.828
2023-03-30 21:00,0.546,9.044
2023-03-30 22:00,0.548,9.053
2023-03-30 23:00,0.533,8.949
2023-03-31 00:00,0.484,8.576
2023-03-31 01:00,0.419,8.101
2023-03-31 02:00,0.372,7.752
2023-03-31 03:00,0.334,7.459
2023-03-31 04:00,0.324,7.382
2023-03-31 05:00,0.332,7.435
2023-03-31 06:00,0.356,7.626
2023-03-31 07:00,0.417,8.090
2023-03-31 08:00,0.503,8.726
2023-03-31 09:00,0.570,9.227
2023-03-31 10:00,0.558,9.137
2023-03-31 11:00,0.527,8.896
2023-03-31 12:00,0.459,8.398
2023-03-31 13:00,0.407,8.020
2023-03-31 14:00,0.364,7.695
2023-03-31 15:00,0.316,7.314
2023-03-31 16:00,0.272,6.940
2023-03-31 17:00,0.240,6.665
2023-03-31 18:00,0.208,6.357
2023-03-31 19:00,0.181,6.082
2023-03-31 20:00,0.163,5.888
2023-03-31 21:00,0.175,6.009
2023-03-31 22:00,0.184,6.113
2023-03-31 23:00,0.123,5.397
2023-04-01 00:00,0.108,5.196
2023-04-01 01:00,0.135,5.548
2023-04-01 02:00,0.125,5.426
2023-04-01 03:00,0.100,5.082
2023-04-01 04:00,0.083,4.814
2023-04-01 05:00,0.088,4.892
2023-04-01 06:00,0.116,5.298
2023-04-01 07:00,0.157,5.821
2023-04-01 08:00,0.192,6.188
2023-04-01 09:00,0.188,6.157
2023-04-01 10:00,0.163,5.888
2023-04-01 11:00,0.139,5.605
2023-04-01 12:00,0.142,5.641
2023-04-01 13:00,0.148,5.703
2023-04-01 14:00,0.145,5.684
2023-04-01 15:00,0.159,5.843
2023-04-01 16:00,0.188,6.153
2023-04-01 17:00,0.232,6.591
2023-04-01 18:00,0.313,7.286
2023-04-01 19:00,0.386,7.860
2023-04-01 20:00,0.423,8.136
2023-04-01 21:00,0.407,8.019
2023-04-01 22:00,0.348,7.567
2023-04-01 23:00,0.313,7.291
2023-04-02 00:00,0.343,7.523
2023-04-02 01:00,0.351,7.582
2023-04-02 02:00,0.346,7.553
2023-04-02 03:00,0.350,7.579
2023-04-02 04:00,0.377,7.786
2023-04-02 05:00,0.432,8.205
2023-04-02 06:00,0.518,8.837
2023-04-02 07:00,0.625,9.656
2023-04-02 08:00,0.705,10.337
2023-04-02 09:00,0.714,10.422
2023-04-02 10:00,0.680,10.121
2023-04-02 11:00,0.647,9.838
2023-04-02 12:00,0.633,9.723
2023-04-02 13:00,0.616,9.588
2023-04-02 14:00,0.613,9.561
2023-04-02 15:00,0.633,9.711
2023-04-02 16:00,0.651,9.875
2023-04-02 17:00,0.657,9.915
2023-04-02 18:00,0.666,10.002
2023-04-02 19:00,0.661,9.952
2023-04-02 20:00,0.645,9.820
2023-04-02 21:00,0.624,9.646
2023-04-02 22:00,0.585,9.341
2023-04-02 23:00,0.558,9.140
2023-04-03 00:00,0.614,9.570
2023-04-03 01:00,0.620,9.622
2023-04-03 02:00,0.577,9.285
2023-04-03 03:00,0.533,8.951
2023-04-03 04:00,0.488,8.614
2023-04-03 05:00,0.454,8.364
2023-04-03 06:00,0.450,8.337
2023-04-03 07:00,0.472,8.491
2023-04-03 08:00,0.533,8.948
2023-04-03 09:00,0.615,9.575
2023-04-03 10:00,0.647,9.828
2023-04-03 11:00,0.598,9.437
2023-04-03 12:00,0.506,8.750
2023-04-03 13:00,0.418,8.096
2023-04-03 14:00,0.382,7.824
2023-04-03 15:00,0.339,7.499
2023-04-03 16:00,0.262,6.850
2023-04-03 17:00,0.199,6.266
2023-04-03 18:00,0.126,5.443
2023-04-03 19:00,0.060,4.397
2023-04-03 20:00,0.040,3.957
2023-04-03 21:00,0.040,3.952
2023-04-03 22:00,0.027,3.604
2023-04-03 23:00,0.013,3.061
2023-04-04 00:00,0.031,3.708
2023-04-04 01:00,0.130,5.499
2023-04-04 02:00,0.287,7.074
2023-04-04 03:00,0.419,8.102
2023-04-04 04:00,0.481,8.562
2023-04-04 05:00,0.506,8.744
2023-04-04 06:00,0.524,8.882
2023-04-04 07:00,0.510,8.774
2023-04-04 08:00,0.430,8.188
2023-04-04 09:00,0.308,7.240
2023-04-04 10:00,0.244,6.691
2023-04-04 11:00,0.206,6.330
2023-04-04 12:00,0.198,6.256
2023-04-04 13:00,0.259,6.830
2023-04-04 14:00,0.297,7.151
2023-04-04 15:00,0.295,7.137
2023-04-04 16:00,0.255,6.800
2023-04-04 17:00,0.281,7.029
2023-04-04 18:00,0.362,7.669
2023-04-04 19:00,0.463,8.424
2023-04-04 20:00,0.550,9.081
2023-04-04 21:00,0.573,9.244
2023-04-04 22:00,0.480,8.552
2023-04-04 23:00,0.328,7.411
2023-04-05 00:00,0.360,7.656
2023-04-05 01:00,0.429,8.176
2023-04-05 02:00,0.447,8.313
2023-04-05 03:00,0.508,8.759
2023-04-05 04:00,0.589,9.378
2023-04-05 05:00,0.710,10.391
2023-04-05 06:00,0.806,11.405
2023-04-05 07:00,0.833,11.753
2023-04-05 08:00,0.802,11.362
2023-04-05 09:00,0.699,10.290
2023-04-05 10:00,0.557,9.128
2023-04-05 11:00,0.406,8.006
2023-04-05 12:00,0.267,6.907
2023-04-05 13:00,0.173,5.993
2023-04-05 14:00,0.102,5.107
2023-04-05 15:00,0.059,4.382
2023-04-05 16:00,0.034,3.815
2023-04-05 17:00,0.021,3.408
2023-04-05 18:00,0.011,2.944
2023-04-05 19:00,0.002,2.122
2023-04-05 20:00,0.006,2.624
2023-04-05 21:00,0.026,3.569
2023-04-05 22:00,0.040,3.953
2023-04-05 23:00,0.045,4.084
2023-04-06 00:00,0.076,4.694
2023-04-06 01:00,0.091,4.943
2023-04-06 02:00,0.087,4.874
2023-04-06 03:00,0.072,4.616
2023-04-06 04:00,0.045,4.073
2023-04-06 05:00,0.020,3.346
2023-04-06 06:00,0.009,2.811
2023-04-06 07:00,0.017,3.238
2023-04-06 08:00,0.063,4.456
2023-04-06 09:00,0.068,4.550
2023-04-06 10:00,0.070,4.602
2023-04-06 11:00,0.066,4.512
2023-04-06 12:00,0.068,4.545
2023-04-06 13:00,0.141,5.628
2023-04-06 14:00,0.260,6.838
2023-04-06 15:00,0.445,8.295
2023-04-06 16:00,0.599,9.440
2023-04-06 17:00,0.621,9.624
2023-04-06 18:00,0.647,9.837
2023-04-06 19:00,0.693,10.236
2023-04-06 20:00,0.735,10.622
2023-04-06 21:00,0.717,10.451
2023-04-06 22:00,0.702,10.317
2023-04-06 23:00,0.764,10.923
2023-04-07 00:00,0.824,11.641
2023-04-07 01:00,0.845,11.933
2023-04-07 02:00,0.844,11.901
2023-04-07 03:00,0.827,11.680
2023-04-07 04:00,0.803,11.369
2023-04-07 05:00,0.777,11.066
2023-04-07 06:00,0.759,10.866
2023-04-07 07:00,0.763,10.904
2023-04-07 08:00,0.782,11.116
2023-04-07 09:00,0.795,11.271
2023-04-07 10:00,0.803,11.366
2023-04-07 11:00,0.812,11.482
2023-04-07 12:00,0.808,11.428
2023-04-07 13:00,0.793,11.252
2023-04-07 14:00,0.787,11.185
2023-04-07 15:00,0.806,11.410
2023-04-07 16:00,0.827,11.666
2023-04-07 17:00,0.832,11.737
2023-04-07 18:00,0.823,11.630
2023-04-07 19:00,0.823,11.629
2023-04-07 20:00,0.846,11.948
2023-04-07 21:00,0.862,12.196
2023-04-07 22:00,0.854,12.073
2023-04-07 23:00,0.897,12.820
2023-04-08 00:00,0.944,14.018
2023-04-08 01:00,0.963,14.754
2023-04-08 02:00,0.971,15.166
2023-04-08 03:00,0.978,15.622
2023-04-08 04:00,0.983,16.065
2023-04-08 05:00,0.985,16.245
2023-04-08 06:00,0.986,16.381
2023-04-08 07:00,0.986,16.463
2023-04-08 08:00,0.986,16.362
2023-04-08 09:00,0.980,15.791
2023-04-08 10:00,0.968,15.019
2023-04-08 11:00,0.951,14.241
2023-04-08 12:00,0.931,13.628
2023-04-08 13:00,0.917,13.240
2023-04-08 14:00,0.900,12.880
2023-04-08 15:00,0.884,12.569
2023-04-08 16:00,0.854,12.075
2023-04-08 17:00,0.832,11.747
2023-04-08 18:00,0.806,11.409
2023-04-08 19:00,0.787,11.185
2023-04-08 20:00,0.789,11.209
2023-04-08 21:00,0.790,11.213
2023-04-08 22:00,0.765,10.938
2023-04-08 23:00,0.731,10.585
2023-04-09 00:00,0.763,10.907
2023-04-09 01:00,0.752,10.797
2023-04-09 02:00,0.699,10.286
2023-04-09 03:00,0.643,9.802
2023-04-09 04:00,0.610,9.540
2023-04-09 05:00,0.599,9.447
2023-04-09 06:00,0.596,9.418
2023-04-09 07:00,0.594,9.407
2023-04-09 08:00,0.596,9.422
2023-04-09 09:00,0.594,9.407
2023-04-09 10:00,0.580,9.305
2023-04-09 11:00,0.516,8.823
2023-04-09 12:00,0.419,8.103
2023-04-09 13:00,0.326,7.390
2023-04-09 14:00,0.280,7.007
2023-04-09 15:00,0.281,7.029
2023-04-09 16:00,0.316,7.316
2023-04-09 17:00,0.339,7.496
2023-04-09 18:00,0.314,7.299
2023-04-09 19:00,0.254,6.791
2023-04-09 20:00,0.185,6.131
2023-04-09 21:00,0.139,5.605
2023-04-09 22:00,0.108,5.193
2023-04-09 23:00,0.068,4.553
2023-04-10 00:00,0.029,3.653
2023-04-10 01:00,0.012,2.990
2023-04-10 02:00,0.003,2.337
2023-04-10 03:00,0,1.525
2023-04-10 04:00,0,1.188
2023-04-10 05:00,0,1.657
2023-04-10 06:00,0.003,2.326
2023-04-10 07:00,0.012,2.989
2023-04-10 08:00,0.024,3.477
2023-04-10 09:00,0.034,3.819
2023-04-10 10:00,0.027,3.604
2023-04-10 11:00,0.008,2.722
2023-04-10 12:00,0,1.686
2023-04-10 13:00,0,1.230
2023-04-10 14:00,0.001,1.882
2023-04-10 15:00,0.012,3.019
2023-04-10 16:00,0.039,3.930
2023-04-10 17:00,0.057,4.355
2023-04-10 18:00,0.065,4.498
2023-04-10 19:00,0.067,4.528
2023-04-10 20:00,0.068,4.565
2023-04-10 21:00,0.063,4.470
2023-04-10 22:00,0.052,4.240
2023-04-10 23:00,0.039,3.944
2023-04-11 00:00,0.057,4.337
2023-04-11 01:00,0.089,4.921
2023-04-11 02:00,0.094,4.990
2023-04-11 03:00,0.098,5.037
2023-04-11 04:00,0.110,5.232
2023-04-11 05:00,0.142,5.644
2023-04-11 06:00,0.184,6.121
2023-04-11 07:00,0.224,6.518
2023-04-11 08:00,0.244,6.691
2023-04-11 09:00,0.221,6.480
2023-04-11 10:00,0.140,5.615
2023-04-11 11:00,0.051,4.209
2023-04-11 12:00,0.006,2.643
2023-04-11 13:00,0,1.237
2023-04-11 14:00,0,1.208
2023-04-11 15:00,0.007,2.646
2023-04-11 16:00,0.037,3.870
2023-04-11 17:00,0.069,4.575
2023-04-11 18:00,0.096,5.023
2023-04-11 19:00,0.110,5.223
2023-04-11 20:00,0.109,5.208
2023-04-11 21:00,0.121,5.374
2023-04-11 22:00,0.155,5.783
2023-04-11 23:00,0.222,6.501
2023-04-12 00:00,0.410,8.040
2023-04-12 01:00,0.660,9.938
2023-04-12 02:00,0.813,11.491
2023-04-12 03:00,0.890,12.689
2023-04-12 04:00,0.921,13.355
2023-04-12 05:00,0.933,13.692
2023-04-12 06:00,0.943,13.965
2023-04-12 07:00,0.952,14.286
2023-04-12 08:00,0.952,14.276
2023-04-12 09:00,0.949,14.198
2023-04-12 10:00,0.942,13.951
2023-04-12 11:00,0.943,13.984
2023-04-12 12:00,0.939,13.839
2023-04-12 13:00,0.922,13.381
2023-04-12 14:00,0.908,13.045
2023-04-12 15:00,0.890,12.683
2023-04-12 16:00,0.872,12.350
2023-04-12 17:00,0.850,11.990
2023-04-12 18:00,0.807,11.421
2023-04-12 19:00,0.748,10.756
2023-04-12 20:00,0.675,10.072
2023-04-12 21:00,0.597,9.433
2023-04-12 22:00,0.507,8.752
2023-04-12 23:00,0.453,8.349
2023-04-13 00:00,0.429,8.172
2023-04-13 01:00,0.375,7.774
2023-04-13 02:00,0.310,7.266
2023-04-13 03:00,0.217,6.441
2023-04-13 04:00,0.143,5.660
2023-04-13 05:00,0.110,5.226
2023-04-13 06:00,0.101,5.102
2023-04-13 07:00,0.110,5.226
2023-04-13 08:00,0.132,5.521
2023-04-13 09:00,0.156,5.809
2023-04-13 10:00,0.160,5.858
2023-04-13 11:00,0.140,5.622
2023-04-13 12:00,0.119,5.350
2023-04-13 13:00,0.097,5.031
2023-04-13 14:00,0.070,4.601
2023-04-13 15:00,0.050,4.193
2023-04-13 16:00,0.042,4.020
2023-04-13 17:00,0.045,4.080
2023-04-13 18:00,0.047,4.120
2023-04-13 19:00,0.038,3.918
2023-04-13 20:00,0.024,3.487
2023-04-13 21:00,0.017,3.207
2023-04-13 22:00,0.012,2.966
2023-04-13 23:00,0.004,2.443
2023-04-14 00:00,0.010,2.863
2023-04-14 01:00,0.048,4.162
2023-04-14 02:00,0.134,5.541
2023-04-14 03:00,0.241,6.668
2023-04-14 04:00,0.354,7.614
2023-04-14 05:00,0.461,8.415
2023-04-14 06:00,0.542,9.012
2023-04-14 07:00,0.588,9.366
2023-04-14 08:00,0.605,9.497
2023-04-14 09:00,0.569,9.223
2023-04-14 10:00,0.531,8.937
2023-04-14 11:00,0.469,8.476
2023-04-14 12:00,0.402,7.979
2023-04-14 13:00,0.322,7.359
2023-04-14 14:00,0.225,6.523
2023-04-14 15:00,0.201,6.287
2023-04-14 16:00,0.199,6.270
2023-04-14 17:00,0.175,6.022
2023-04-14 18:00,0.148,5.719
2023-04-14 19:00,0.125,5.422
2023-04-14 20:00,0.116,5.301
2023-04-14 21:00,0.085,4.855
2023-04-14 22:00,0.082,4.795
2023-04-14 23:00,0.119,5.354
2023-04-15 00:00,0.196,6.235
2023-04-15 01:00,0.208,6.359
2023-04-15 02:00,0.137,5.569
2023-04-15 03:00,0.083,4.813
2023-04-15 04:00,0.073,4.636
2023-04-15 05:00,0.091,4.941
2023-04-15 06:00,0.126,5.438
2023-04-15 07:00,0.158,5.832
2023-04-15 08:00,0.189,6.162
2023-04-15 09:00,0.206,6.334
2023-04-15 10:00,0.250,6.743
2023-04-15 11:00,0.227,6.540
2023-04-15 12:00,0.129,5.478
2023-04-15 13:00,0.050,4.189
2023-04-15 14:00,0.022,3.424
2023-04-15 15:00,0.054,4.281
2023-04-15 16:00,0.142,5.648
2023-04-15 17:00,0.180,6.070
2023-04-15 18:00,0.160,5.852
2023-04-15 19:00,0.121,5.380
2023-04-15 20:00,0.085,4.843
2023-04-15 21:00,0.053,4.264
2023-04-15 22:00,0.033,3.774
2023-04-15 23:00,0.014,3.115
2023-04-16 00:00,0.005,2.542
2023-04-16 01:00,0.005,2.518
2023-04-16 02:00,0.012,2.964
2023-04-16 03:00,0.028,3.631
2023-04-16 04:00,0.054,4.273
2023-04-16 05:00,0.074,4.662
2023-04-16 06:00,0.098,5.036
2023-04-16 07:00,0.135,5.553
2023-04-16 08:00,0.210,6.374
2023-04-16 09:00,0.301,7.185
2023-04-16 10:00,0.363,7.687
2023-04-16 11:00,0.366,7.711
2023-04-16 12:00,0.342,7.521
2023-04-16 13:00,0.340,7.505
2023-04-16 14:00,0.358,7.640
2023-04-16 15:00,0.383,7.834
2023-04-16 16:00,0.374,7.760
2023-04-16 17:00,0.362,7.679
2023-04-16 18:00,0.374,7.767
2023-04-16 19:00,0.364,7.691
2023-04-16 20:00,0.329,7.414
2023-04-16 21:00,0.283,7.043
2023-04-16 22:00,0.202,6.306
2023-04-16 23:00,0.148,5.705
2023-04-17 00:00,0.187,6.146
2023-04-17 01:00,0.212,6.403
2023-04-17 02:00,0.213,6.410
2023-04-17 03:00,0.229,6.562
2023-04-17 04:00,0.267,6.903
2023-04-17 05:00,0.293,7.123
2023-04-17 06:00,0.305,7.228
2023-04-17 07:00,0.309,7.256
2023-04-17 08:00,0.270,6.922
2023-04-17 09:00,0.212,6.401
2023-04-17 10:00,0.190,6.172
2023-04-17 11:00,0.175,6.022
2023-04-17 12:00,0.159,5.844
2023-04-17 13:00,0.162,5.874
2023-04-17 14:00,0.168,5.942
2023-04-17 15:00,0.138,5.590
2023-04-17 16:00,0.112,5.257
2023-04-17 17:00,0.110,5.221
2023-04-17 18:00,0.119,5.356
2023-04-17 19:00,0.121,5.381
2023-04-17 20:00,0.126,5.442
2023-04-17 21:00,0.156,5.812
2023-04-17 22:00,0.127,5.445
2023-04-17 23:00,0.080,4.770
2023-04-18 00:00,0.075,4.684
2023-04-18 01:00,0.087,4.872
2023-04-18 02:00,0.119,5.348
2023-04-18 03:00,0.150,5.733
2023-04-18 04:00,0.157,5.823
2023-04-18 05:00,0.147,5.698
2023-04-18 06:00,0.121,5.372
2023-04-18 07:00,0.097,5.031
2023-04-18 08:00,0.077,4.725
2023-04-18 09:00,0.077,4.714
2023-04-18 10:00,0.092,4.965
2023-04-18 11:00,0.122,5.391
2023-04-18 12:00,0.222,6.490
2023-04-18 13:00,0.413,8.066
2023-04-18 14:00,0.565,9.187
2023-04-18 15:00,0.726,10.541
2023-04-18 16:00,0.801,11.342
2023-04-18 17:00,0.798,11.313
2023-04-18 18:00,0.758,10.860
2023-04-18 19:00,0.686,10.165
2023-04-18 20:00,0.635,9.734
2023-04-18 21:00,0.608,9.513
2023-04-18 22:00,0.575,9.262
2023-04-18 23:00,0.568,9.210
2023-04-19 00:00,0.630,9.691
2023-04-19 01:00,0.713,10.412
2023-04-19 02:00,0.809,11.440
2023-04-19 03:00,0.858,12.133
2023-04-19 04:00,0.855,12.085
2023-04-19 05:00,0.826,11.655
2023-04-19 06:00,0.784,11.142
2023-04-19 07:00,0.743,10.705
2023-04-19 08:00,0.724,10.518
2023-04-19 09:00,0.702,10.320
2023-04-19 10:00,0.677,10.093
2023-04-19 11:00,0.665,9.986
2023-04-19 12:00,0.669,10.023
2023-04-19 13:00,0.663,9.972
2023-04-19 14:00,0.677,10.088
2023-04-19 15:00,0.691,10.211
2023-04-19 16:00,0.682,10.134
2023-04-19 17:00,0.634,9.732
2023-04-19 18:00,0.536,8.969
2023-04-19 19:00,0.410,8.029
2023-04-19 20:00,0.291,7.109
2023-04-19 21:00,0.226,6.532
2023-04-19 22:00,0.151,5.752
2023-04-19 23:00,0.083,4.805
2023-04-20 00:00,0.055,4.310
2023-04-20 01:00,0.053,4.266
2023-04-20 02:00,0.025,3.528
2023-04-20 03:00,0.041,3.988
2023-04-20 04:00,0.252,6.771
2023-04-20 05:00,0.472,8.491
2023-04-20 06:00,0.510,8.774
2023-04-20 07:00,0.518,8.838
2023-04-20 08:00,0.519,8.842
2023-04-20 09:00,0.411,8.046
2023-04-20 10:00,0.262,6.849
2023-04-20 11:00,0.151,5.749
2023-04-20 12:00,0.079,4.745
2023-04-20 13:00,0.036,3.856
2023-04-20 14:00,0.017,3.205
2023-04-20 15:00,0.009,2.797
2023-04-20 16:00,0.005,2.485
2023-04-20 17:00,0.004,2.348
2023-04-20 18:00,0.005,2.481
2023-04-20 19:00,0.011,2.950
2023-04-20 20:00,0.034,3.804
2023-04-20 21:00,0.091,4.953
2023-04-20 22:00,0.157,5.818
2023-04-20 23:00,0.221,6.478
2023-04-21 00:00,0.280,7.009
2023-04-21 01:00,0.348,7.567
2023-04-21 02:00,0.434,8.216
2023-04-21 03:00,0.514,8.805
2023-04-21 04:00,0.552,9.093
2023-04-21 05:00,0.581,9.316
2023-04-21 06:00,0.615,9.573
2023-04-21 07:00,0.634,9.732
2023-04-21 08:00,0.625,9.649
2023-04-21 09:00,0.582,9.325
2023-04-21 10:00,0.507,8.755
2023-04-21 11:00,0.452,8.344
2023-04-21 12:00,0.432,8.205
2023-04-21 13:00,0.428,8.168
2023-04-21 14:00,0.475,8.519
2023-04-21 15:00,0.467,8.459
2023-04-21 16:00,0.426,8.154
2023-04-21 17:00,0.430,8.186
2023-04-21 18:00,0.460,8.411
2023-04-21 19:00,0.472,8.499
2023-04-21 20:00,0.471,8.485
2023-04-21 21:00,0.514,8.812
2023-04-21 22:00,0.621,9.624
2023-04-21 23:00,0.732,10.596
2023-04-22 00:00,0.776,11.058
2023-04-22 01:00,0.805,11.390
2023-04-22 02:00,0.816,11.528
2023-04-22 03:00,0.796,11.278
2023-04-22 04:00,0.762,10.890
2023-04-22 05:00,0.739,10.666
2023-04-22 06:00,0.733,10.611
2023-04-22 07:00,0.721,10.484
2023-04-22 08:00,0.692,10.223
2023-04-22 09:00,0.633,9.715
2023-04-22 10:00,0.545,9.042
2023-04-22 11:00,0.463,8.424
2023-04-22 12:00,0.395,7.931
2023-04-22 13:00,0.353,7.610
2023-04-22 14:00,0.328,7.410
2023-04-22 15:00,0.337,7.480
2023-04-22 16:00,0.356,7.631
2023-04-22 17:00,0.364,7.690
2023-04-22 18:00,0.363,7.686
2023-04-22 19:00,0.353,7.610
2023-04-22 20:00,0.327,7.397
2023-04-22 21:00,0.289,7.087
2023-04-22 22:00,0.244,6.699
2023-04-22 23:00,0.238,6.642
2023-04-23 00:00,0.234,6.606
2023-04-23 01:00,0.208,6.358
2023-04-23 02:00,0.177,6.029
2023-04-23 03:00,0.156,5.797
2023-04-23 04:00,0.158,5.826
2023-04-23 05:00,0.193,6.203
2023-04-23 06:00,0.252,6.772
2023-04-23 07:00,0.310,7.270
2023-04-23 08:00,0.361,7.659
2023-04-23 09:00,0.368,7.723
2023-04-23 10:00,0.343,7.525
2023-04-23 11:00,0.319,7.333
2023-04-23 12:00,0.281,7.027
2023-04-23 13:00,0.231,6.578
2023-04-23 14:00,0.186,6.133
2023-04-23 15:00,0.167,5.928
2023-04-23 16:00,0.167,5.929
2023-04-23 17:00,0.195,6.223
2023-04-23 18:00,0.262,6.855
2023-04-23 19:00,0.351,7.580
2023-04-23 20:00,0.441,8.269
2023-04-23 21:00,0.472,8.491
2023-04-23 22:00,0.450,8.333
2023-04-23 23:00,0.449,8.322
2023-04-24 00:00,0.430,8.188
2023-04-24 01:00,0.404,7.987
2023-04-24 02:00,0.386,7.852
2023-04-24 03:00,0.410,8.031
2023-04-24 04:00,0.465,8.450
2023-04-24 05:00,0.527,8.896
2023-04-24 06:00,0.597,9.433
2023-04-24 07:00,0.664,9.980
2023-04-24 08:00,0.713,10.413
2023-04-24 09:00,0.704,10.326
2023-04-24 10:00,0.660,9.941
2023-04-24 11:00,0.653,9.889
2023-04-24 12:00,0.690,10.206
2023-04-24 13:00,0.718,10.469
2023-04-24 14:00,0.712,10.411
2023-04-24 15:00,0.687,10.173
2023-04-24 16:00,0.663,9.961
2023-04-24 17:00,0.597,9.435
2023-04-24 18:00,0.564,9.180
2023-04-24 19:00,0.601,9.458
2023-04-24 20:00,0.640,9.784
2023-04-24 21:00,0.586,9.353
2023-04-24 22:00,0.448,8.317
2023-04-24 23:00,0.308,7.243
2023-04-25 00:00,0.197,6.247
2023-04-25 01:00,0.104,5.139
2023-04-25 02:00,0.044,4.051
2023-04-25 03:00,0.017,3.246
2023-04-25 04:00,0.005,2.513
2023-04-25 05:00,0.005,2.469
2023-04-25 06:00,0.010,2.887
2023-04-25 07:00,0.013,3.039
2023-04-25 08:00,0.009,2.793
2023-04-25 09:00,0.008,2.770
2023-04-25 10:00,0.010,2.897
2023-04-25 11:00,0.014,3.090
2023-04-25 12:00,0.034,3.817
2023-04-25 13:00,0.068,4.559
2023-04-25 14:00,0.094,4.990
2023-04-25 15:00,0.109,5.200
2023-04-25 16:00,0.129,5.486
2023-04-25 17:00,0.164,5.900
2023-04-25 18:00,0.216,6.435
2023-04-25 19:00,0.285,7.061
2023-04-25 20:00,0.351,7.585
2023-04-25 21:00,0.499,8.689
2023-04-25 22:00,0.663,9.975
2023-04-25 23:00,0.791,11.229
2023-04-26 00:00,0.864,12.231
2023-04-26 01:00,0.894,12.763
2023-04-26 02:00,0.903,12.947
2023-04-26 03:00,0.899,12.869
2023-04-26 04:00,0.887,12.621
2023-04-26 05:00,0.871,12.336
2023-04-26 06:00,0.861,12.166
2023-04-26 07:00,0.859,12.141
2023-04-26 08:00,0.867,12.272
2023-04-26 09:00,0.871,12.334
2023-04-26 10:00,0.869,12.308
2023-04-26 11:00,0.859,12.142
2023-04-26 12:00,0.837,11.822
2023-04-26 13:00,0.814,11.502
2023-04-26 14:00,0.793,11.249
2023-04-26 15:00,0.798,11.305
2023-04-26 16:00,0.801,11.335
2023-04-26 17:00,0.789,11.199
2023-04-26 18:00,0.785,11.151
2023-04-26 19:00,0.790,11.220
2023-04-26 20:00,0.802,11.346
2023-04-26 21:00,0.795,11.263
2023-04-26 22:00,0.762,10.896
2023-04-26 23:00,0.731,10.581
2023-04-27 00:00,0.647,9.828
2023-04-27 01:00,0.528,8.903
2023-04-27 02:00,0.404,7.996
2023-04-27 03:00,0.321,7.347
2023-04-27 04:00,0.270,6.927
2023-04-27 05:00,0.236,6.622
2023-04-27 06:00,0.228,6.553
2023-04-27 07:00,0.249,6.734
2023-04-27 08:00,0.281,7.029
2023-04-27 09:00,0.327,7.396
2023-04-27 10:00,0.351,7.580
2023-04-27 11:00,0.325,7.385
2023-04-27 12:00,0.286,7.066
2023-04-27 13:00,0.250,6.743
2023-04-27 14:00,0.229,6.567
2023-04-27 15:00,0.237,6.641
2023-04-27 16:00,0.257,6.816
2023-04-27 17:00,0.268,6.913
2023-04-27 18:00,0.270,6.922
2023-04-27 19:00,0.262,6.852
2023-04-27 20:00,0.243,6.687
2023-04-27 21:00,0.199,6.268
2023-04-27 22:00,0.131,5.504
2023-04-27 23:00,0.080,4.766
2023-04-28 00:00,0.053,4.254
2023-04-28 01:00,0.037,3.882
2023-04-28 02:00,0.020,3.352
2023-04-28 03:00,0.006,2.619
2023-04-28 04:00,0,1.656
2023-04-28 05:00,0,1.373
2023-04-28 06:00,0.002,2.125
2023-04-28 07:00,0.009,2.842
2023-04-28 08:00,0.019,3.303
2023-04-28 09:00,0.033,3.769
2023-04-28 10:00,0.034,3.818
2023-04-28 11:00,0.015,3.161
2023-04-28 12:00,0.003,2.291
2023-04-28 13:00,0,1.422
2023-04-28 14:00,0,0.677
2023-04-28 15:00,0,0.443
2023-04-28 16:00,0,0.380
2023-04-28 17:00,0,0.465
2023-04-28 18:00,0,0.773
2023-04-28 19:00,0,1.449
2023-04-28 20:00,0.001,1.850
2023-04-28 21:00,0.001,1.994
2023-04-28 22:00,0.002,2.149
2023-04-28 23:00,0.005,2.528
2023-04-29 00:00,0.015,3.147
2023-04-29 01:00,0.043,4.025
2023-04-29 02:00,0.086,4.860
2023-04-29 03:00,0.145,5.676
2023-04-29 04:00,0.201,6.290
2023-04-29 05:00,0.244,6.696
2023-04-29 06:00,0.273,6.954
2023-04-29 07:00,0.257,6.820
2023-04-29 08:00,0.201,6.291
2023-04-29 09:00,0.137,5.572
2023-04-29 10:00,0.087,4.873
2023-04-29 11:00,0.119,5.353
2023-04-29 12:00,0.408,8.025
2023-04-29 13:00,0.691,10.218
2023-04-29 14:00,0.813,11.491
2023-04-29 15:00,0.855,12.085
2023-04-29 16:00,0.851,12.014
2023-04-29 17:00,0.827,11.674
2023-04-29 18:00,0.806,11.410
2023-04-29 19:00,0.811,11.469
2023-04-29 20:00,0.828,11.693
2023-04-29 21:00,0.851,12.014
2023-04-29 22:00,0.857,12.110
2023-04-29 23:00,0.855,12.092
2023-04-30 00:00,0.855,12.077
2023-04-30 01:00,0.838,11.833
2023-04-30 02:00,0.802,11.351
2023-04-30 03:00,0.775,11.045
2023-04-30 04:00,0.753,10.814
2023-04-30 05:00,0.765,10.932
2023-04-30 06:00,0.776,11.055
2023-04-30 07:00,0.755,10.825
2023-04-30 08:00,0.741,10.686
2023-04-30 09:00,0.726,10.539
2023-04-30 10:00,0.683,10.144
2023-04-30 11:00,0.625,9.661
2023-04-30 12:00,0.557,9.130
2023-04-30 13:00,0.503,8.727
2023-04-30 14:00,0.460,8.399
2023-04-30 15:00,0.474,8.508
2023-04-30 16:00,0.545,9.029
2023-04-30 17:00,0.616,9.583
2023-04-30 18:00,0.666,9.996
2023-04-30 19:00,0.719,10.478
2023-04-30 20:00,0.769,10.982
2023-04-30 21:00,0.789,11.199
2023-04-30 22:00,0.724,10.519
2023-04-30 23:00,0.728,10.564
2023-05-01 00:00,0.756,10.836
2023-05-01 01:00,0.777,11.061
2023-05-01 02:00,0.796,11.280
2023-05-01 03:00,0.819,11.573
2023-05-01 04:00,0.838,11.834
2023-05-01 05:00,0.852,12.026
2023-05-01 06:00,0.859,12.145
2023-05-01 07:00,0.860,12.162
2023-05-01 08:00,0.850,11.994
2023-05-01 09:00,0.831,11.733
2023-05-01 10:00,0.807,11.413
2023-05-01 11:00,0.768,10.970
2023-05-01 12:00,0.730,10.572
2023-05-01 13:00,0.698,10.282
2023-05-01 14:00,0.677,10.090
2023-05-01 15:00,0.681,10.124
2023-05-01 16:00,0.693,10.232
2023-05-01 17:00,0.687,10.182
2023-05-01 18:00,0.675,10.072
2023-05-01 19:00,0.654,9.892
2023-05-01 20:00,0.623,9.641
2023-05-01 21:00,0.611,9.547
2023-05-01 22:00,0.566,9.189
2023-05-01 23:00,0.566,9.190
2023-05-02 00:00,0.566,9.190
2023-05-02 01:00,0.541,9.005
2023-05-02 02:00,0.493,8.646
2023-05-02 03:00,0.419,8.099
2023-05-02 04:00,0.361,7.657
2023-05-02 05:00,0.330,7.423
2023-05-02 06:00,0.300,7.183
2023-05-02 07:00,0.266,6.888
2023-05-02 08:00,0.248,6.732
2023-05-02 09:00,0.266,6.891
2023-05-02 10:00,0.288,7.077
2023-05-02 11:00,0.279,7.004
2023-05-02 12:00,0.269,6.917
2023-05-02 13:00,0.261,6.846
2023-05-02 14:00,0.239,6.657
2023-05-02 15:00,0.239,6.658
2023-05-02 16:00,0.228,6.556
2023-05-02 17:00,0.202,6.297
2023-05-02 18:00,0.172,5.979
2023-05-02 19:00,0.145,5.674
2023-05-02 20:00,0.113,5.272
2023-05-02 21:00,0.100,5.076
2023-05-02 22:00,0.093,4.977
2023-05-02 23:00,0.071,4.604
2023-05-03 00:00,0.033,3.774
2023-05-03 01:00,0.011,2.932
2023-05-03 02:00,0.003,2.329
2023-05-03 03:00,0.003,2.212
2023-05-03 04:00,0.005,2.503
2023-05-03 05:00,0.015,3.132
2023-05-03 06:00,0.033,3.770
2023-05-03 07:00,0.047,4.116
2023-05-03 08:00,0.041,3.993
2023-05-03 09:00,0.027,3.610
2023-05-03 10:00,0.031,3.705
2023-05-03 11:00,0.041,3.995
2023-05-03 12:00,0.042,4.018
2023-05-03 13:00,0.028,3.624
2023-05-03 14:00,0.012,3.005
2023-05-03 15:00,0.008,2.746
2023-05-03 16:00,0.014,3.089
2023-05-03 17:00,0.031,3.701
2023-05-03 18:00,0.053,4.265
2023-05-03 19:00,0.074,4.648
2023-05-03 20:00,0.087,4.884
2023-05-03 21:00,0.093,4.971
2023-05-03 22:00,0.083,4.809
2023-05-03 23:00,0.150,5.733
2023-05-04 00:00,0.274,6.970
2023-05-04 01:00,0.386,7.861
2023-05-04 02:00,0.475,8.520
2023-05-04 03:00,0.540,9.002
2023-05-04 04:00,0.580,9.309
2023-05-04 05:00,0.605,9.499
2023-05-04 06:00,0.616,9.585
2023-05-04 07:00,0.616,9.584
2023-05-04 08:00,0.598,9.436
2023-05-04 09:00,0.529,8.917
2023-05-04 10:00,0.438,8.239
2023-05-04 11:00,0.382,7.825
2023-05-04 12:00,0.334,7.460
2023-05-04 13:00,0.328,7.404
2023-05-04 14:00,0.370,7.735
2023-05-04 15:00,0.472,8.496
2023-05-04 16:00,0.617,9.594
2023-05-04 17:00,0.735,10.629
2023-05-04 18:00,0.809,11.446
2023-05-04 19:00,0.871,12.342
2023-05-04 20:00,0.906,13.002
2023-05-04 21:00,0.905,12.981
2023-05-04 22:00,0.875,12.398
2023-05-04 23:00,0.886,12.598
2023-05-05 00:00,0.919,13.313
2023-05-05 01:00,0.915,13.225
2023-05-05 02:00,0.907,13.039
2023-05-05 03:00,0.906,13.016
2023-05-05 04:00,0.902,12.925
2023-05-05 05:00,0.883,12.563
2023-05-05 06:00,0.860,12.148
2023-05-05 07:00,0.831,11.729
2023-05-05 08:00,0.798,11.306
2023-05-05 09:00,0.717,10.455
2023-05-05 10:00,0.633,9.723
2023-05-05 11:00,0.578,9.287
2023-05-05 12:00,0.514,8.802
2023-05-05 13:00,0.465,8.444
2023-05-05 14:00,0.463,8.426
2023-05-05 15:00,0.506,8.750
2023-05-05 16:00,0.549,9.067
2023-05-05 17:00,0.567,9.204
2023-05-05 18:00,0.551,9.082
2023-05-05 19:00,0.518,8.830
2023-05-05 20:00,0.503,8.726
2023-05-05 21:00,0.509,8.768
2023-05-05 22:00,0.455,8.378
2023-05-05 23:00,0.419,8.108
2023-05-06 00:00,0.431,8.196
2023-05-06 01:00,0.462,8.416
2023-05-06 02:00,0.511,8.788
2023-05-06 03:00,0.617,9.596
2023-05-06 04:00,0.736,10.634
2023-05-06 05:00,0.824,11.642
2023-05-06 06:00,0.883,12.550
2023-05-06 07:00,0.926,13.485
2023-05-06 08:00,0.934,13.717
2023-05-06 09:00,0.889,12.650
2023-05-06 10:00,0.818,11.565
2023-05-06 11:00,0.763,10.902
2023-05-06 12:00,0.758,10.857
2023-05-06 13:00,0.750,10.775
2023-05-06 14:00,0.691,10.212
2023-05-06 15:00,0.633,9.716
2023-05-06 16:00,0.610,9.539
2023-05-06 17:00,0.686,10.167
2023-05-06 18:00,0.726,10.539
2023-05-06 19:00,0.735,10.625
2023-05-06 20:00,0.781,11.100
2023-05-06 21:00,0.848,11.980
2023-05-06 22:00,0.865,12.250
2023-05-06 23:00,0.830,11.718
2023-05-07 00:00,0.741,10.689
2023-05-07 01:00,0.478,8.537
2023-05-07 02:00,0.201,6.291
2023-05-07 03:00,0.102,5.109
2023-05-07 04:00,0.035,3.846
2023-05-07 05:00,0.123,5.408
2023-05-07 06:00,0.335,7.470
2023-05-07 07:00,0.449,8.320
2023-05-07 08:00,0.448,8.318
2023-05-07 09:00,0.469,8.475
2023-05-07 10:00,0.485,8.592
2023-05-07 11:00,0.506,8.750
2023-05-07 12:00,0.552,9.090
2023-05-07 13:00,0.585,9.347
2023-05-07 14:00,0.632,9.708
2023-05-07 15:00,0.707,10.357
2023-05-07 16:00,0.779,11.086
2023-05-07 17:00,0.822,11.608
2023-05-07 18:00,0.836,11.805
2023-05-07 19:00,0.827,11.682
2023-05-07 20:00,0.821,11.595
2023-05-07 21:00,0.843,11.897
2023-05-07 22:00,0.904,12.963
2023-05-07 23:00,0.953,14.334
2023-05-08 00:00,0.958,14.511
2023-05-08 01:00,0.918,13.293
2023-05-08 02:00,0.860,12.161
2023-05-08 03:00,0.824,11.635
2023-05-08 04:00,0.809,11.448
2023-05-08 05:00,0.825,11.644
2023-05-08 06:00,0.849,11.984
2023-05-08 07:00,0.871,12.335
2023-05-08 08:00,0.879,12.478
2023-05-08 09:00,0.882,12.531
2023-05-08 10:00,0.886,12.604
2023-05-08 11:00,0.884,12.575
2023-05-08 12:00,0.871,12.341
2023-05-08 13:00,0.855,12.080
2023-05-08 14:00,0.832,11.749
2023-05-08 15:00,0.812,11.481
2023-05-08 16:00,0.806,11.397
2023-05-08 17:00,0.815,11.517
2023-05-08 18:00,0.843,11.909
2023-05-08 19:00,0.869,12.310
2023-05-08 20:00,0.889,12.649
2023-05-08 21:00,0.893,12.734
2023-05-08 22:00,0.876,12.417
2023-05-08 23:00,0.853,12.058
2023-05-09 00:00,0.826,11.665
2023-05-09 01:00,0.782,11.117
2023-05-09 02:00,0.718,10.464
2023-05-09 03:00,0.701,10.310
2023-05-09 04:00,0.717,10.456
2023-05-09 05:00,0.735,10.628
2023-05-09 06:00,0.760,10.884
2023-05-09 07:00,0.792,11.235
2023-05-09 08:00,0.822,11.604
2023-05-09 09:00,0.842,11.883
2023-05-09 10:00,0.849,11.988
2023-05-09 11:00,0.833,11.757
2023-05-09 12:00,0.807,11.418
2023-05-09 13:00,0.783,11.127
2023-05-09 14:00,0.766,10.951
2023-05-09 15:00,0.763,10.916
2023-05-09 16:00,0.769,10.977
2023-05-09 17:00,0.780,11.096
2023-05-09 18:00,0.783,11.137
2023-05-09 19:00,0.785,11.150
2023-05-09 20:00,0.785,11.161
2023-05-09 21:00,0.764,10.922
2023-05-09 22:00,0.722,10.500
2023-05-09 23:00,0.752,10.803
2023-05-10 00:00,0.733,10.602
2023-05-10 01:00,0.694,10.247
2023-05-10 02:00,0.659,9.936
2023-05-10 03:00,0.647,9.838
2023-05-10 04:00,0.657,9.914
2023-05-10 05:00,0.672,10.054
2023-05-10 06:00,0.682,10.138
2023-05-10 07:00,0.705,10.335
2023-05-10 08:00,0.740,10.673
2023-05-10 09:00,0.747,10.748
2023-05-10 10:00,0.724,10.525
2023-05-10 11:00,0.671,10.040
2023-05-10 12:00,0.599,9.450
2023-05-10 13:00,0.532,8.944
2023-05-10 14:00,0.506,8.746
2023-05-10 15:00,0.483,8.570
2023-05-10 16:00,0.462,8.418
2023-05-10 17:00,0.455,8.377
2023-05-10 18:00,0.484,8.581
2023-05-10 19:00,0.509,8.771
2023-05-10 20:00,0.534,8.961
2023-05-10 21:00,0.573,9.240
2023-05-10 22:00,0.518,8.835
2023-05-10 23:00,0.441,8.269
2023-05-11 00:00,0.374,7.761
2023-05-11 01:00,0.308,7.247
2023-05-11 02:00,0.280,7.012
2023-05-11 03:00,0.255,6.802
2023-05-11 04:00,0.222,6.493
2023-05-11 05:00,0.197,6.249
2023-05-11 06:00,0.194,6.214
2023-05-11 07:00,0.219,6.458
2023-05-11 08:00,0.264,6.880
2023-05-11 09:00,0.328,7.404
2023-05-11 10:00,0.347,7.564
2023-05-11 11:00,0.315,7.307
2023-05-11 12:00,0.289,7.092
2023-05-11 13:00,0.272,6.945
2023-05-11 14:00,0.264,6.879
2023-05-11 15:00,0.299,7.178
2023-05-11 16:00,0.365,7.700
2023-05-11 17:00,0.422,8.123
2023-05-11 18:00,0.451,8.344
2023-05-11 19:00,0.460,8.400
2023-05-11 20:00,0.435,8.223
2023-05-11 21:00,0.346,7.553
2023-05-11 22:00,0.242,6.682
2023-05-11 23:00,0.177,6.032
2023-05-12 00:00,0.128,5.471
2023-05-12 01:00,0.076,4.697
2023-05-12 02:00,0.032,3.749
2023-05-12 03:00,0.013,3.072
2023-05-12 04:00,0.007,2.698
2023-05-12 05:00,0.004,2.435
2023-05-12 06:00,0.002,2.177
2023-05-12 07:00,0.001,1.875
2023-05-12 08:00,0,1.540
2023-05-12 09:00,0.001,1.889
2023-05-12 10:00,0.004,2.418
2023-05-12 11:00,0.004,2.439
2023-05-12 12:00,0.002,2.135
2023-05-12 13:00,0.001,1.691
2023-05-12 14:00,0,1.285
2023-05-12 15:00,0,1.272
2023-05-12 16:00,0.001,1.776
2023-05-12 17:00,0.005,2.473
2023-05-12 18:00,0.019,3.301
2023-05-12 19:00,0.043,4.025
2023-05-12 20:00,0.065,4.502
2023-05-12 21:00,0.074,4.670
2023-05-12 22:00,0.064,4.486
2023-05-12 23:00,0.073,4.646
2023-05-13 00:00,0.075,4.690
2023-05-13 01:00,0.061,4.419
2023-05-13 02:00,0.038,3.895
2023-05-13 03:00,0.020,3.350
2023-05-13 04:00,0.014,3.110
2023-05-13 05:00,0.017,3.242
2023-05-13 06:00,0.029,3.643
2023-05-13 07:00,0.043,4.023
2023-05-13 08:00,0.070,4.594
2023-05-13 09:00,0.109,5.218
2023-05-13 10:00,0.111,5.243
2023-05-13 11:00,0.081,4.779
2023-05-13 12:00,0.039,3.933
2023-05-13 13:00,0.012,3.014
2023-05-13 14:00,0.002,2.131
2023-05-13 15:00,0,1.549
2023-05-13 16:00,0.001,1.981
2023-05-13 17:00,0.012,3.005
2023-05-13 18:00,0.038,3.900
2023-05-13 19:00,0.055,4.291
2023-05-13 20:00,0.060,4.388
2023-05-13 21:00,0.043,4.027
2023-05-13 22:00,0.024,3.493
2023-05-13 23:00,0.014,3.107
2023-05-14 00:00,0.007,2.697
2023-05-14 01:00,0.004,2.423
2023-05-14 02:00,0.003,2.258
2023-05-14 03:00,0.002,2.176
2023-05-14 04:00,0.002,2.177
2023-05-14 05:00,0.004,2.451
2023-05-14 06:00,0.011,2.954
2023-05-14 07:00,0.020,3.354
2023-05-14 08:00,0.027,3.607
2023-05-14 09:00,0.021,3.397
2023-05-14 10:00,0.009,2.832
2023-05-14 11:00,0.001,2.001
2023-05-14 12:00,0.001,1.748
2023-05-14 13:00,0.005,2.536
2023-05-14 14:00,0.022,3.430
2023-05-14 15:00,0.034,3.804
2023-05-14 16:00,0.028,3.621
2023-05-14 17:00,0.021,3.369
2023-05-14 18:00,0.013,3.047
2023-05-14 19:00,0.005,2.461
2023-05-14 20:00,0.001,1.872
2023-05-14 21:00,0.001,1.776
2023-05-14 22:00,0,1.518
2023-05-14 23:00,0,0.351
2023-05-15 00:00,0,0.483
2023-05-15 01:00,0,0.337
2023-05-15 02:00,0,0.609
2023-05-15 03:00,0,0.952
2023-05-15 04:00,0,1.439
2023-05-15 05:00,0.001,1.930
2023-05-15 06:00,0.003,2.334
2023-05-15 07:00,0.006,2.560
2023-05-15 08:00,0.006,2.633
2023-05-15 09:00,0.008,2.743
2023-05-15 10:00,0.012,2.968
2023-05-15 11:00,0.009,2.850
2023-05-15 12:00,0.006,2.591
2023-05-15 13:00,0.004,2.412
2023-05-15 14:00,0.002,2.122
2023-05-15 15:00,0,1.327
2023-05-15 16:00,0,0.465
2023-05-15 17:00,0,1.512
2023-05-15 18:00,0.005,2.488
2023-05-15 19:00,0.015,3.129
2023-05-15 20:00,0.024,3.508
2023-05-15 21:00,0.029,3.644
2023-05-15 22:00,0.025,3.521
2023-05-15 23:00,0.009,2.798
2023-05-16 00:00,0.003,2.223
2023-05-16 01:00,0,1.596
2023-05-16 02:00,0,1.066
2023-05-16 03:00,0,0.817
2023-05-16 04:00,0,0.733
2023-05-16 05:00,0,1.031
2023-05-16 06:00,0.001,1.950
2023-05-16 07:00,0.006,2.592
2023-05-16 08:00,0.019,3.306
2023-05-16 09:00,0.031,3.713
2023-05-16 10:00,0.033,3.785
2023-05-16 11:00,0.022,3.438
2023-05-16 12:00,0.010,2.913
2023-05-16 13:00,0.003,2.282
2023-05-16 14:00,0,1.462
2023-05-16 15:00,0,0.962
2023-05-16 16:00,0,1.341
2023-05-16 17:00,0.001,1.795
2023-05-16 18:00,0.002,2.192
2023-05-16 19:00,0.005,2.528
2023-05-16 20:00,0.005,2.496
2023-05-16 21:00,0.003,2.261
2023-05-16 22:00,0.001,1.773
2023-05-16 23:00,0,1.440
2023-05-17 00:00,0.002,2.071
2023-05-17 01:00,0.025,3.518
2023-05-17 02:00,0.099,5.057
2023-05-17 03:00,0.175,6.011
2023-05-17 04:00,0.244,6.694
2023-05-17 05:00,0.311,7.271
2023-05-17 06:00,0.367,7.715
2023-05-17 07:00,0.403,7.985
2023-05-17 08:00,0.405,8.000
2023-05-17 09:00,0.374,7.766
2023-05-17 10:00,0.310,7.259
2023-05-17 11:00,0.275,6.974
2023-05-17 12:00,0.277,6.988
2023-05-17 13:00,0.330,7.427
2023-05-17 14:00,0.444,8.286
2023-05-17 15:00,0.576,9.278
2023-05-17 16:00,0.665,9.992
2023-05-17 17:00,0.693,10.231
2023-05-17 18:00,0.616,9.588
2023-05-17 19:00,0.520,8.857
2023-05-17 20:00,0.538,8.985
2023-05-17 21:00,0.578,9.289
2023-05-17 22:00,0.561,9.158
2023-05-17 23:00,0.607,9.508
2023-05-18 00:00,0.639,9.777
2023-05-18 01:00,0.625,9.656
2023-05-18 02:00,0.542,9.017
2023-05-18 03:00,0.475,8.510
2023-05-18 04:00,0.444,8.286
2023-05-18 05:00,0.410,8.029
2023-05-18 06:00,0.359,7.648
2023-05-18 07:00,0.292,7.116
2023-05-18 08:00,0.232,6.582
2023-05-18 09:00,0.197,6.252
2023-05-18 10:00,0.232,6.585
2023-05-18 11:00,0.278,6.989
2023-05-18 12:00,0.286,7.069
2023-05-18 13:00,0.267,6.903
2023-05-18 14:00,0.231,6.577
2023-05-18 15:00,0.197,6.239
2023-05-18 16:00,0.151,5.748
2023-05-18 17:00,0.099,5.060
2023-05-18 18:00,0.055,4.296
2023-05-18 19:00,0.029,3.667
2023-05-18 20:00,0.015,3.132
2023-05-18 21:00,0.012,2.969
2023-05-18 22:00,0.029,3.663
2023-05-18 23:00,0.086,4.862
2023-05-19 00:00,0.149,5.732
2023-05-19 01:00,0.159,5.838
2023-05-19 02:00,0.142,5.642
2023-05-19 03:00,0.151,5.749
2023-05-19 04:00,0.219,6.464
2023-05-19 05:00,0.339,7.493
2023-05-19 06:00,0.489,8.626
2023-05-19 07:00,0.616,9.579
2023-05-19 08:00,0.666,10.002
2023-05-19 09:00,0.636,9.738
2023-05-19 10:00,0.573,9.241
2023-05-19 11:00,0.522,8.865
2023-05-19 12:00,0.475,8.517
2023-05-19 13:00,0.450,8.331
2023-05-19 14:00,0.432,8.208
2023-05-19 15:00,0.417,8.085
2023-05-19 16:00,0.386,7.851
2023-05-19 17:00,0.333,7.453
2023-05-19 18:00,0.278,6.995
2023-05-19 19:00,0.246,6.711
2023-05-19 20:00,0.255,6.797
2023-05-19 21:00,0.272,6.946
2023-05-19 22:00,0.275,6.975
2023-05-19 23:00,0.260,6.841
2023-05-20 00:00,0.199,6.270
2023-05-20 01:00,0.134,5.533
2023-05-20 02:00,0.085,4.857
2023-05-20 03:00,0.050,4.204
2023-05-20 04:00,0.032,3.752
2023-05-20 05:00,0.019,3.335
2023-05-20 06:00,0.011,2.924
2023-05-20 07:00,0.011,2.958
2023-05-20 08:00,0.010,2.901
2023-05-20 09:00,0.009,2.827
2023-05-20 10:00,0.022,3.411
2023-05-20 11:00,0.041,3.994
2023-05-20 12:00,0.042,4.021
2023-05-20 13:00,0.036,3.849
2023-05-20 14:00,0.021,3.409
2023-05-20 15:00,0.009,2.842
2023-05-20 16:00,0.016,3.200
2023-05-20 17:00,0.032,3.763
2023-05-20 18:00,0.037,3.885
2023-05-20 19:00,0.040,3.947
2023-05-20 20:00,0.061,4.428
2023-05-20 21:00,0.056,4.327
2023-05-20 22:00,0.052,4.238
2023-05-20 23:00,0.080,4.761
2023-05-21 00:00,0.135,5.541
2023-05-21 01:00,0.217,6.439
2023-05-21 02:00,0.312,7.278
2023-05-21 03:00,0.386,7.857
2023-05-21 04:00,0.436,8.232
2023-05-21 05:00,0.467,8.460
2023-05-21 06:00,0.507,8.755
2023-05-21 07:00,0.560,9.148
2023-05-21 08:00,0.608,9.514
2023-05-21 09:00,0.604,9.487
2023-05-21 10:00,0.570,9.227
2023-05-21 11:00,0.548,9.056
2023-05-21 12:00,0.545,9.030
2023-05-21 13:00,0.554,9.104
2023-05-21 14:00,0.572,9.237
2023-05-21 15:00,0.586,9.353
2023-05-21 16:00,0.579,9.298
2023-05-21 17:00,0.565,9.186
2023-05-21 18:00,0.562,9.163
2023-05-21 19:00,0.573,9.252
2023-05-21 20:00,0.601,9.467
2023-05-21 21:00,0.590,9.382
2023-05-21 22:00,0.529,8.915
2023-05-21 23:00,0.519,8.845
2023-05-22 00:00,0.606,9.504
2023-05-22 01:00,0.717,10.451
2023-05-22 02:00,0.764,10.928
2023-05-22 03:00,0.755,10.827
2023-05-22 04:00,0.691,10.207
2023-05-22 05:00,0.581,9.311
2023-05-22 06:00,0.463,8.430
2023-05-22 07:00,0.347,7.564
2023-05-22 08:00,0.230,6.570
2023-05-22 09:00,0.157,5.818
2023-05-22 10:00,0.108,5.195
2023-05-22 11:00,0.040,3.965
2023-05-22 12:00,0.137,5.574
2023-05-22 13:00,0.659,9.933
2023-05-22 14:00,0.862,12.190
2023-05-22 15:00,0.902,12.916
2023-05-22 16:00,0.909,13.079
2023-05-22 17:00,0.883,12.548
2023-05-22 18:00,0.844,11.917
2023-05-22 19:00,0.871,12.329
2023-05-22 20:00,0.906,13.015
2023-05-22 21:00,0.920,13.335
2023-05-22 22:00,0.927,13.519
2023-05-22 23:00,0.916,13.231
2023-05-23 00:00,0.848,11.972
2023-05-23 01:00,0.696,10.266
2023-05-23 02:00,0.559,9.144
2023-05-23 03:00,0.566,9.188
2023-05-23 04:00,0.647,9.840
2023-05-23 05:00,0.718,10.463
2023-05-23 06:00,0.775,11.041
2023-05-23 07:00,0.819,11.572
2023-05-23 08:00,0.848,11.976
2023-05-23 09:00,0.858,12.124
2023-05-23 10:00,0.853,12.049
2023-05-23 11:00,0.838,11.829
2023-05-23 12:00,0.805,11.391
2023-05-23 13:00,0.764,10.929
2023-05-23 14:00,0.712,10.397
2023-05-23 15:00,0.633,9.713
2023-05-23 16:00,0.545,9.030
2023-05-23 17:00,0.465,8.439
2023-05-23 18:00,0.398,7.951
2023-05-23 19:00,0.352,7.595
2023-05-23 20:00,0.321,7.350
2023-05-23 21:00,0.294,7.133
2023-05-23 22:00,0.236,6.629
2023-05-23 23:00,0.194,6.216
2023-05-24 00:00,0.145,5.680
2023-05-24 01:00,0.095,5.013
2023-05-24 02:00,0.038,3.907
2023-05-24 03:00,0.007,2.648
2023-05-24 04:00,0,1.536
2023-05-24 05:00,0,0.527
2023-05-24 06:00,0,0.488
2023-05-24 07:00,0.001,1.773
2023-05-24 08:00,0.014,3.105
2023-05-24 09:00,0.063,4.459
2023-05-24 10:00,0.122,5.391
2023-05-24 11:00,0.137,5.566
2023-05-24 12:00,0.125,5.425
2023-05-24 13:00,0.100,5.084
2023-05-24 14:00,0.071,4.612
2023-05-24 15:00,0.063,4.461
2023-05-24 16:00,0.077,4.711
2023-05-24 17:00,0.102,5.109
2023-05-24 18:00,0.128,5.458
2023-05-24 19:00,0.145,5.680
2023-05-24 20:00,0.156,5.813
2023-05-24 21:00,0.142,5.638
2023-05-24 22:00,0.102,5.114
2023-05-24 23:00,0.066,4.520
2023-05-25 00:00,0.038,3.917
2023-05-25 01:00,0.026,3.562
2023-05-25 02:00,0.018,3.292
2023-05-25 03:00,0.016,3.188
2023-05-25 04:00,0.020,3.352
2023-05-25 05:00,0.031,3.712
2023-05-25 06:00,0.045,4.091
2023-05-25 07:00,0.061,4.425
2023-05-25 08:00,0.088,4.891
2023-05-25 09:00,0.121,5.379
2023-05-25 10:00,0.128,5.461
2023-05-25 11:00,0.067,4.534
2023-05-25 12:00,0.019,3.306
2023-05-25 13:00,0.008,2.730
2023-05-25 14:00,0.012,3.004
2023-05-25 15:00,0.032,3.762
2023-05-25 16:00,0.060,4.396
2023-05-25 17:00,0.071,4.606
2023-05-25 18:00,0.058,4.359
2023-05-25 19:00,0.038,3.897
2023-05-25 20:00,0.025,3.531
2023-05-25 21:00,0.031,3.727
2023-05-25 22:00,0.046,4.099
2023-05-25 23:00,0.048,4.141
2023-05-26 00:00,0.046,4.097
2023-05-26 01:00,0.037,3.867
2023-05-26 02:00,0.024,3.481
2023-05-26 03:00,0.011,2.932
2023-05-26 04:00,0.005,2.505
2023-05-26 05:00,0.005,2.507
2023-05-26 06:00,0.008,2.768
2023-05-26 07:00,0.014,3.114
2023-05-26 08:00,0.026,3.556
2023-05-26 09:00,0.041,3.970
2023-05-26 10:00,0.049,4.170
2023-05-26 11:00,0.045,4.086
2023-05-26 12:00,0.033,3.771
2023-05-26 13:00,0.027,3.596
2023-05-26 14:00,0.034,3.800
2023-05-26 15:00,0.055,4.301
2023-05-26 16:00,0.077,4.722
2023-05-26 17:00,0.091,4.954
2023-05-26 18:00,0.096,5.015
2023-05-26 19:00,0.101,5.093
2023-05-26 20:00,0.110,5.226
2023-05-26 21:00,0.103,5.126
2023-05-26 22:00,0.067,4.535
2023-05-26 23:00,0.047,4.127
2023-05-27 00:00,0.032,3.760
2023-05-27 01:00,0.025,3.525
2023-05-27 02:00,0.024,3.504
2023-05-27 03:00,0.027,3.599
2023-05-27 04:00,0.033,3.787
2023-05-27 05:00,0.051,4.216
2023-05-27 06:00,0.092,4.957
2023-05-27 07:00,0.173,6.000
2023-05-27 08:00,0.302,7.203
2023-05-27 09:00,0.427,8.164
2023-05-27 10:00,0.464,8.435
2023-05-27 11:00,0.434,8.218
2023-05-27 12:00,0.417,8.093
2023-05-27 13:00,0.433,8.210
2023-05-27 14:00,0.446,8.303
2023-05-27 15:00,0.453,8.358
2023-05-27 16:00,0.453,8.360
2023-05-27 17:00,0.454,8.365
2023-05-27 18:00,0.474,8.506
2023-05-27 19:00,0.492,8.643
2023-05-27 20:00,0.519,8.846
2023-05-27 21:00,0.545,9.031
2023-05-27 22:00,0.531,8.937
2023-05-27 23:00,0.549,9.068
2023-05-28 00:00,0.559,9.143
2023-05-28 01:00,0.550,9.074
2023-05-28 02:00,0.549,9.073
2023-05-28 03:00,0.557,9.128
2023-05-28 04:00,0.558,9.139
2023-05-28 05:00,0.561,9.161
2023-05-28 06:00,0.581,9.313
2023-05-28 07:00,0.609,9.528
2023-05-28 08:00,0.634,9.731
2023-05-28 09:00,0.667,10.005
2023-05-28 10:00,0.708,10.365
2023-05-28 11:00,0.712,10.407
2023-05-28 12:00,0.708,10.364
2023-05-28 13:00,0.718,10.461
2023-05-28 14:00,0.731,10.585
2023-05-28 15:00,0.751,10.786
2023-05-28 16:00,0.776,11.055
2023-05-28 17:00,0.797,11.303
2023-05-28 18:00,0.802,11.347
2023-05-28 19:00,0.816,11.525
2023-05-28 20:00,0.848,11.979
2023-05-28 21:00,0.840,11.857
2023-05-28 22:00,0.826,11.665
2023-05-28 23:00,0.846,11.946
2023-05-29 00:00,0.851,12.014
2023-05-29 01:00,0.847,11.960
2023-05-29 02:00,0.846,11.941
2023-05-29 03:00,0.842,11.888
2023-05-29 04:00,0.846,11.938
2023-05-29 05:00,0.855,12.089
2023-05-29 06:00,0.866,12.259
2023-05-29 07:00,0.872,12.363
2023-05-29 08:00,0.872,12.362
2023-05-29 09:00,0.876,12.437
2023-05-29 10:00,0.856,12.098
2023-05-29 11:00,0.810,11.460
2023-05-29 12:00,0.773,11.023
2023-05-29 13:00,0.758,10.854
2023-05-29 14:00,0.758,10.861
2023-05-29 15:00,0.767,10.959
2023-05-29 16:00,0.756,10.842
2023-05-29 17:00,0.728,10.556
2023-05-29 18:00,0.707,10.363
2023-05-29 19:00,0.720,10.482
2023-05-29 20:00,0.762,10.890
2023-05-29 21:00,0.785,11.159
2023-05-29 22:00,0.758,10.852
2023-05-29 23:00,0.801,11.333
2023-05-30 00:00,0.846,11.952
2023-05-30 01:00,0.876,12.425
2023-05-30 02:00,0.898,12.844
2023-05-30 03:00,0.918,13.284
2023-05-30 04:00,0.933,13.685
2023-05-30 05:00,0.943,13.974
2023-05-30 06:00,0.946,14.078
2023-05-30 07:00,0.944,13.988
2023-05-30 08:00,0.936,13.773
2023-05-30 09:00,0.925,13.471
2023-05-30 10:00,0.899,12.870
2023-05-30 11:00,0.877,12.441
2023-05-30 12:00,0.865,12.247
2023-05-30 13:00,0.860,12.159
2023-05-30 14:00,0.854,12.071
2023-05-30 15:00,0.852,12.030
2023-05-30 16:00,0.855,12.077
2023-05-30 17:00,0.861,12.175
2023-05-30 18:00,0.867,12.273
2023-05-30 19:00,0.870,12.319
2023-05-30 20:00,0.873,12.372
2023-05-30 21:00,0.859,12.143
2023-05-30 22:00,0.838,11.836
2023-05-30 23:00,0.886,12.614
2023-05-31 00:00,0.907,13.044
2023-05-31 01:00,0.916,13.228
2023-05-31 02:00,0.918,13.296
2023-05-31 03:00,0.927,13.508
2023-05-31 04:00,0.936,13.772
2023-05-31 05:00,0.945,14.049
2023-05-31 06:00,0.951,14.259
2023-05-31 07:00,0.954,14.355
2023-05-31 08:00,0.950,14.205
2023-05-31 09:00,0.930,13.585
2023-05-31 10:00,0.876,12.420
2023-05-31 11:00,0.820,11.577
2023-05-31 12:00,0.793,11.241
2023-05-31 13:00,0.779,11.085
2023-05-31 14:00,0.763,10.914
2023-05-31 15:00,0.773,11.024
2023-05-31 16:00,0.775,11.039
2023-05-31 17:00,0.747,10.745
2023-05-31 18:00,0.705,10.340
2023-05-31 19:00,0.667,10.009
2023-05-31 20:00,0.627,9.669
2023-05-31 21:00,0.532,8.945
2023-05-31 22:00,0.379,7.805
2023-05-31 23:00,0.345,7.549
2023-06-01 00:00,0.325,7.384
2023-06-01 01:00,0.253,6.781
2023-06-01 02:00,0.154,5.780
2023-06-01 03:00,0.084,4.827
2023-06-01 04:00,0.046,4.104
2023-06-01 05:00,0.019,3.333
2023-06-01 06:00,0.011,2.954
2023-06-01 07:00,0.026,3.579
2023-06-01 08:00,0.052,4.231
2023-06-01 09:00,0.055,4.295
2023-06-01 10:00,0.053,4.259
2023-06-01 11:00,0.099,5.054
2023-06-01 12:00,0.192,6.189
2023-06-01 13:00,0.272,6.939
2023-06-01 14:00,0.307,7.235
2023-06-01 15:00,0.283,7.046
2023-06-01 16:00,0.238,6.648
2023-06-01 17:00,0.213,6.406
2023-06-01 18:00,0.200,6.278
2023-06-01 19:00,0.188,6.157
2023-06-01 20:00,0.167,5.927
2023-06-01 21:00,0.138,5.590
2023-06-01 22:00,0.112,5.256
2023-06-01 23:00,0.079,4.750
2023-06-02 00:00,0.038,3.891
2023-06-02 01:00,0.015,3.120
2023-06-02 02:00,0.007,2.682
2023-06-02 03:00,0.011,2.917
2023-06-02 04:00,0.023,3.460
2023-06-02 05:00,0.041,3.976
2023-06-02 06:00,0.061,4.429
2023-06-02 07:00,0.078,4.736
2023-06-02 08:00,0.098,5.044
2023-06-02 09:00,0.107,5.182
2023-06-02 10:00,0.118,5.328
2023-06-02 11:00,0.110,5.232
2023-06-02 12:00,0.073,4.636
2023-06-02 13:00,0.031,3.726
2023-06-02 14:00,0.009,2.845
2023-06-02 15:00,0.002,2.101
2023-06-02 16:00,0.001,1.864
2023-06-02 17:00,0.004,2.434
2023-06-02 18:00,0.014,3.110
2023-06-02 19:00,0.025,3.519
2023-06-02 20:00,0.033,3.788
2023-06-02 21:00,0.041,3.970
2023-06-02 22:00,0.041,3.985
2023-06-02 23:00,0.052,4.246
2023-06-03 00:00,0.069,4.569
2023-06-03 01:00,0.091,4.948
2023-06-03 02:00,0.100,5.086
2023-06-03 03:00,0.103,5.119
2023-06-03 04:00,0.126,5.443
2023-06-03 05:00,0.179,6.052
2023-06-03 06:00,0.263,6.867
2023-06-03 07:00,0.319,7.329
2023-06-03 08:00,0.334,7.457
2023-06-03 09:00,0.345,7.543
2023-06-03 10:00,0.333,7.455
2023-06-03 11:00,0.324,7.371
2023-06-03 12:00,0.355,7.617
2023-06-03 13:00,0.413,8.062
2023-06-03 14:00,0.455,8.375
2023-06-03 15:00,0.434,8.221
2023-06-03 16:00,0.417,8.085
2023-06-03 17:00,0.456,8.383
2023-06-03 18:00,0.510,8.774
2023-06-03 19:00,0.557,9.127
2023-06-03 20:00,0.542,9.009
2023-06-03 21:00,0.482,8.565
2023-06-03 22:00,0.444,8.293
2023-06-03 23:00,0.386,7.854
2023-06-04 00:00,0.322,7.362
2023-06-04 01:00,0.284,7.047
2023-06-04 02:00,0.262,6.849
2023-06-04 03:00,0.231,6.576
2023-06-04 04:00,0.205,6.323
2023-06-04 05:00,0.197,6.247
2023-06-04 06:00,0.206,6.332
2023-06-04 07:00,0.218,6.456
2023-06-04 08:00,0.234,6.606
2023-06-04 09:00,0.255,6.803
2023-06-04 10:00,0.266,6.888
2023-06-04 11:00,0.245,6.703
2023-06-04 12:00,0.197,6.250
2023-06-04 13:00,0.149,5.725
2023-06-04 14:00,0.100,5.089
2023-06-04 15:00,0.040,3.963
2023-06-04 16:00,0.013,3.051
2023-06-04 17:00,0.006,2.644
2023-06-04 18:00,0.005,2.472
2023-06-04 19:00,0.004,2.353
2023-06-04 20:00,0.003,2.250
2023-06-04 21:00,0.003,2.246
2023-06-04 22:00,0.001,2.004
2023-06-04 23:00,0,1.534
2023-06-05 00:00,0,1.187
2023-06-05 01:00,0,0.863
2023-06-05 02:00,0,0.509
2023-06-05 03:00,0.001,1.909
2023-06-05 04:00,0.011,2.947
2023-06-05 05:00,0.042,4.014
2023-06-05 06:00,0.107,5.177
2023-06-05 07:00,0.202,6.299
2023-06-05 08:00,0.313,7.285
2023-06-05 09:00,0.400,7.968
2023-06-05 10:00,0.422,8.130
2023-06-05 11:00,0.407,8.010
2023-06-05 12:00,0.389,7.883
2023-06-05 13:00,0.381,7.823
2023-06-05 14:00,0.388,7.873
2023-06-05 15:00,0.383,7.835
2023-06-05 16:00,0.378,7.797
2023-06-05 17:00,0.377,7.790
2023-06-05 18:00,0.363,7.682
2023-06-05 19:00,0.328,7.409
2023-06-05 20:00,0.278,6.996
2023-06-05 21:00,0.210,6.382
2023-06-05 22:00,0.148,5.715
2023-06-05 23:00,0.216,6.437
2023-06-06 00:00,0.278,6.993
2023-06-06 01:00,0.310,7.265
2023-06-06 02:00,0.344,7.533
2023-06-06 03:00,0.413,8.066
2023-06-06 04:00,0.504,8.733
2023-06-06 05:00,0.567,9.205
2023-06-06 06:00,0.602,9.477
2023-06-06 07:00,0.620,9.615
2023-06-06 08:00,0.633,9.724
2023-06-06 09:00,0.598,9.435
2023-06-06 10:00,0.501,8.706
2023-06-06 11:00,0.407,8.013
2023-06-06 12:00,0.347,7.565
2023-06-06 13:00,0.297,7.151
2023-06-06 14:00,0.246,6.720
2023-06-06 15:00,0.235,6.616
2023-06-06 16:00,0.234,6.610
2023-06-06 17:00,0.221,6.480
2023-06-06 18:00,0.192,6.194
2023-06-06 19:00,0.161,5.862
2023-06-06 20:00,0.138,5.595
2023-06-06 21:00,0.123,5.400
2023-06-06 22:00,0.108,5.192
2023-06-06 23:00,0.104,5.141
2023-06-07 00:00,0.105,5.158
2023-06-07 01:00,0.107,5.187
2023-06-07 02:00,0.106,5.169
2023-06-07 03:00,0.119,5.348
2023-06-07 04:00,0.156,5.810
2023-06-07 05:00,0.224,6.518
2023-06-07 06:00,0.328,7.399
2023-06-07 07:00,0.434,8.222
2023-06-07 08:00,0.514,8.804
2023-06-07 09:00,0.506,8.742
2023-06-07 10:00,0.415,8.072
2023-06-07 11:00,0.321,7.350
2023-06-07 12:00,0.237,6.634
2023-06-07 13:00,0.160,5.848
2023-06-07 14:00,0.111,5.238
2023-06-07 15:00,0.109,5.213
2023-06-07 16:00,0.138,5.581
2023-06-07 17:00,0.162,5.871
2023-06-07 18:00,0.186,6.140
2023-06-07 19:00,0.222,6.489
2023-06-07 20:00,0.264,6.878
2023-06-07 21:00,0.282,7.033
2023-06-07 22:00,0.290,7.097
2023-06-07 23:00,0.327,7.396
2023-06-08 00:00,0.344,7.537
2023-06-08 01:00,0.358,7.640
2023-06-08 02:00,0.375,7.774
2023-06-08 03:00,0.401,7.978
2023-06-08 04:00,0.438,8.241
2023-06-08 05:00,0.482,8.567
2023-06-08 06:00,0.503,8.725
2023-06-08 07:00,0.460,8.406
2023-06-08 08:00,0.370,7.733
2023-06-08 09:00,0.273,6.953
2023-06-08 10:00,0.179,6.059
2023-06-08 11:00,0.119,5.350
2023-06-08 12:00,0.088,4.904
2023-06-08 13:00,0.068,4.558
2023-06-08 14:00,0.046,4.112
2023-06-08 15:00,0.035,3.837
2023-06-08 16:00,0.040,3.948
2023-06-08 17:00,0.045,4.096
2023-06-08 18:00,0.045,4.075
2023-06-08 19:00,0.038,3.918
2023-06-08 20:00,0.028,3.630
2023-06-08 21:00,0.021,3.385
2023-06-08 22:00,0.018,3.284
2023-06-08 23:00,0.030,3.677
2023-06-09 00:00,0.038,3.922
2023-06-09 01:00,0.037,3.868
2023-06-09 02:00,0.030,3.696
2023-06-09 03:00,0.033,3.774
2023-06-09 04:00,0.051,4.226
2023-06-09 05:00,0.069,4.574
2023-06-09 06:00,0.068,4.559
2023-06-09 07:00,0.050,4.190
2023-06-09 08:00,0.034,3.817
2023-06-09 09:00,0.024,3.496
2023-06-09 10:00,0.014,3.081
2023-06-09 11:00,0.004,2.436
2023-06-09 12:00,0.004,2.403
2023-06-09 13:00,0.009,2.834
2023-06-09 14:00,0.010,2.890
2023-06-09 15:00,0.011,2.959
2023-06-09 16:00,0.020,3.343
2023-06-09 17:00,0.018,3.256
2023-06-09 18:00,0.001,1.859
2023-06-09 19:00,0,0.536
2023-06-09 20:00,0,0.922
2023-06-09 21:00,0,1.533
2023-06-09 22:00,0,1.654
2023-06-09 23:00,0,1.497
2023-06-10 00:00,0,1.429
2023-06-10 01:00,0,0.882
2023-06-10 02:00,0,0.417
2023-06-10 03:00,0,0.781
2023-06-10 04:00,0.002,2.164
2023-06-10 05:00,0.015,3.161
2023-06-10 06:00,0.033,3.779
2023-06-10 07:00,0.050,4.191
2023-06-10 08:00,0.064,4.488
2023-06-10 09:00,0.051,4.227
2023-06-10 10:00,0.030,3.695
2023-06-10 11:00,0.023,3.453
2023-06-10 12:00,0.022,3.417
2023-06-10 13:00,0.014,3.099
2023-06-10 14:00,0.005,2.468
2023-06-10 15:00,0.003,2.228
2023-06-10 16:00,0.001,2.004
2023-06-10 17:00,0.001,1.916
2023-06-10 18:00,0.002,2.095
2023-06-10 19:00,0.003,2.219
2023-06-10 20:00,0.004,2.404
2023-06-10 21:00,0.003,2.229
2023-06-10 22:00,0,1.393
2023-06-10 23:00,0,0.429
2023-06-11 00:00,0,0.411
2023-06-11 01:00,0,0.384
2023-06-11 02:00,0,1.129
2023-06-11 03:00,0,1.539
2023-06-11 04:00,0,1.648
2023-06-11 05:00,0.001,1.966
2023-06-11 06:00,0.003,2.254
2023-06-11 07:00,0.005,2.532
2023-06-11 08:00,0.008,2.715
2023-06-11 09:00,0.012,2.965
2023-06-11 10:00,0.014,3.076
2023-06-11 11:00,0.007,2.707
2023-06-11 12:00,0.002,2.090
2023-06-11 13:00,0,1.576
2023-06-11 14:00,0,1.149
2023-06-11 15:00,0,0.998
2023-06-11 16:00,0,1.155
2023-06-11 17:00,0,1.238
2023-06-11 18:00,0,1.354
2023-06-11 19:00,0,1.543
2023-06-11 20:00,0.001,1.771
2023-06-11 21:00,0.003,2.221
2023-06-11 22:00,0.006,2.586
2023-06-11 23:00,0.015,3.136
2023-06-12 00:00,0.024,3.489
2023-06-12 01:00,0.032,3.747
2023-06-12 02:00,0.056,4.321
2023-06-12 03:00,0.083,4.825
2023-06-12 04:00,0.063,4.466
2023-06-12 05:00,0.048,4.152
2023-06-12 06:00,0.062,4.440
2023-06-12 07:00,0.117,5.312
2023-06-12 08:00,0.181,6.083
2023-06-12 09:00,0.222,6.495
2023-06-12 10:00,0.249,6.740
2023-06-12 11:00,0.225,6.527
2023-06-12 12:00,0.160,5.848
2023-06-12 13:00,0.123,5.401
2023-06-12 14:00,0.104,5.137
2023-06-12 15:00,0.083,4.803
2023-06-12 16:00,0.071,4.615
2023-06-12 17:00,0.077,4.711
2023-06-12 18:00,0.102,5.115
2023-06-12 19:00,0.132,5.520
2023-06-12 20:00,0.160,5.851
2023-06-12 21:00,0.179,6.067
2023-06-12 22:00,0.161,5.862
2023-06-12 23:00,0.167,5.935
2023-06-13 00:00,0.190,6.175
2023-06-13 01:00,0.187,6.152
2023-06-13 02:00,0.172,5.980
2023-06-13 03:00,0.169,5.947
2023-06-13 04:00,0.172,5.988
2023-06-13 05:00,0.156,5.798
2023-06-13 06:00,0.137,5.575
2023-06-13 07:00,0.148,5.713
2023-06-13 08:00,0.166,5.926
2023-06-13 09:00,0.142,5.638
2023-06-13 10:00,0.094,4.997
2023-06-13 11:00,0.056,4.330
2023-06-13 12:00,0.038,3.893
2023-06-13 13:00,0.033,3.790
2023-06-13 14:00,0.040,3.949
2023-06-13 15:00,0.069,4.573
2023-06-13 16:00,0.112,5.255
2023-06-13 17:00,0.167,5.936
2023-06-13 18:00,0.242,6.682
2023-06-13 19:00,0.299,7.170
2023-06-13 20:00,0.309,7.254
2023-06-13 21:00,0.271,6.934
2023-06-13 22:00,0.190,6.170
2023-06-13 23:00,0.140,5.617
2023-06-14 00:00,0.105,5.151
2023-06-14 01:00,0.080,4.773
2023-06-14 02:00,0.063,4.469
2023-06-14 03:00,0.052,4.247
2023-06-14 04:00,0.046,4.099
2023-06-14 05:00,0.041,3.987
2023-06-14 06:00,0.039,3.930
2023-06-14 07:00,0.035,3.837
2023-06-14 08:00,0.031,3.712
2023-06-14 09:00,0.038,3.896
2023-06-14 10:00,0.044,4.072
2023-06-14 11:00,0.045,4.088
2023-06-14 12:00,0.050,4.194
2023-06-14 13:00,0.064,4.475
2023-06-14 14:00,0.068,4.546
2023-06-14 15:00,0.062,4.435
2023-06-14 16:00,0.061,4.413
2023-06-14 17:00,0.065,4.508
2023-06-14 18:00,0.083,4.820
2023-06-14 19:00,0.112,5.257
2023-06-14 20:00,0.148,5.713
2023-06-14 21:00,0.176,6.023
2023-06-14 22:00,0.185,6.128
2023-06-14 23:00,0.186,6.137
2023-06-15 00:00,0.163,5.887
2023-06-15 01:00,0.130,5.498
2023-06-15 02:00,0.108,5.198
2023-06-15 03:00,0.099,5.053
2023-06-15 04:00,0.094,4.994
2023-06-15 05:00,0.099,5.053
2023-06-15 06:00,0.113,5.265
2023-06-15 07:00,0.139,5.608
2023-06-15 08:00,0.167,5.935
2023-06-15 09:00,0.194,6.210
2023-06-15 10:00,0.228,6.552
2023-06-15 11:00,0.247,6.723
2023-06-15 12:00,0.242,6.675
2023-06-15 13:00,0.210,6.376
2023-06-15 14:00,0.156,5.799
2023-06-15 15:00,0.096,5.016
2023-06-15 16:00,0.052,4.241
2023-06-15 17:00,0.028,3.625
2023-06-15 18:00,0.015,3.139
2023-06-15 19:00,0.013,3.067
2023-06-15 20:00,0.018,3.275
2023-06-15 21:00,0.033,3.781
2023-06-15 22:00,0.050,4.190
2023-06-15 23:00,0.074,4.651
2023-06-16 00:00,0.090,4.932
2023-06-16 01:00,0.100,5.078
2023-06-16 02:00,0.110,5.226
2023-06-16 03:00,0.145,5.678
2023-06-16 04:00,0.234,6.598
2023-06-16 05:00,0.383,7.830
2023-06-16 06:00,0.545,9.030
2023-06-16 07:00,0.669,10.023
2023-06-16 08:00,0.766,10.950
2023-06-16 09:00,0.775,11.040
2023-06-16 10:00,0.707,10.360
2023-06-16 11:00,0.605,9.495
2023-06-16 12:00,0.509,8.762
2023-06-16 13:00,0.395,7.931
2023-06-16 14:00,0.271,6.934
2023-06-16 15:00,0.250,6.749
2023-06-16 16:00,0.279,7.003
2023-06-16 17:00,0.290,7.095
2023-06-16 18:00,0.281,7.027
2023-06-16 19:00,0.262,6.856
2023-06-16 20:00,0.252,6.772
2023-06-16 21:00,0.238,6.645
2023-06-16 22:00,0.232,6.582
2023-06-16 23:00,0.254,6.792
2023-06-17 00:00,0.263,6.863
2023-06-17 01:00,0.267,6.908
2023-06-17 02:00,0.281,7.027
2023-06-17 03:00,0.325,7.383
2023-06-17 04:00,0.400,7.968
2023-06-17 05:00,0.507,8.754
2023-06-17 06:00,0.620,9.622
2023-06-17 07:00,0.688,10.187
2023-06-17 08:00,0.703,10.322
2023-06-17 09:00,0.669,10.023
2023-06-17 10:00,0.593,9.397
2023-06-17 11:00,0.509,8.761
2023-06-17 12:00,0.412,8.052
2023-06-17 13:00,0.308,7.239
2023-06-17 14:00,0.226,6.531
2023-06-17 15:00,0.206,6.338
2023-06-17 16:00,0.238,6.644
2023-06-17 17:00,0.308,7.249
2023-06-17 18:00,0.360,7.650
2023-06-17 19:00,0.349,7.576
2023-06-17 20:00,0.324,7.381
2023-06-17 21:00,0.290,7.095
2023-06-17 22:00,0.264,6.872
2023-06-17 23:00,0.313,7.289
2023-06-18 00:00,0.383,7.833
2023-06-18 01:00,0.460,8.404
2023-06-18 02:00,0.519,8.847
2023-06-18 03:00,0.560,9.145
2023-06-18 04:00,0.587,9.358
2023-06-18 05:00,0.616,9.583
2023-06-18 06:00,0.649,9.854
2023-06-18 07:00,0.671,10.038
2023-06-18 08:00,0.687,10.180
2023-06-18 09:00,0.662,9.956
2023-06-18 10:00,0.609,9.530
2023-06-18 11:00,0.571,9.234
2023-06-18 12:00,0.533,8.949
2023-06-18 13:00,0.503,8.727
2023-06-18 14:00,0.501,8.708
2023-06-18 15:00,0.502,8.720
2023-06-18 16:00,0.501,8.707
2023-06-18 17:00,0.487,8.611
2023-06-18 18:00,0.465,8.446
2023-06-18 19:00,0.444,8.289
2023-06-18 20:00,0.428,8.168
2023-06-18 21:00,0.410,8.032
2023-06-18 22:00,0.404,7.990
2023-06-18 23:00,0.423,8.140
2023-06-19 00:00,0.428,8.168
2023-06-19 01:00,0.429,8.175
2023-06-19 02:00,0.419,8.108
2023-06-19 03:00,0.412,8.049
2023-06-19 04:00,0.413,8.060
2023-06-19 05:00,0.453,8.349
2023-06-19 06:00,0.490,8.628
2023-06-19 07:00,0.522,8.867
2023-06-19 08:00,0.544,9.026
2023-06-19 09:00,0.553,9.103
2023-06-19 10:00,0.564,9.175
2023-06-19 11:00,0.573,9.240
2023-06-19 12:00,0.570,9.226
2023-06-19 13:00,0.566,9.191
2023-06-19 14:00,0.575,9.263
2023-06-19 15:00,0.606,9.503
2023-06-19 16:00,0.617,9.593
2023-06-19 17:00,0.592,9.392
2023-06-19 18:00,0.534,8.954
2023-06-19 19:00,0.467,8.461
2023-06-19 20:00,0.426,8.159
2023-06-19 21:00,0.371,7.746
2023-06-19 22:00,0.313,7.280
2023-06-19 23:00,0.297,7.161
2023-06-20 00:00,0.275,6.975
2023-06-20 01:00,0.265,6.886
2023-06-20 02:00,0.289,7.082
2023-06-20 03:00,0.374,7.768
2023-06-20 04:00,0.472,8.491
2023-06-20 05:00,0.542,9.017
2023-06-20 06:00,0.596,9.431
2023-06-20 07:00,0.644,9.816
2023-06-20 08:00,0.685,10.159
2023-06-20 09:00,0.683,10.143
2023-06-20 10:00,0.644,9.814
2023-06-20 11:00,0.588,9.364
2023-06-20 12:00,0.502,8.713
2023-06-20 13:00,0.419,8.105
2023-06-20 14:00,0.360,7.653
2023-06-20 15:00,0.351,7.587
2023-06-20 16:00,0.374,7.758
2023-06-20 17:00,0.399,7.957
2023-06-20 18:00,0.410,8.042
2023-06-20 19:00,0.406,8.007
2023-06-20 20:00,0.377,7.788
2023-06-20 21:00,0.347,7.563
2023-06-20 22:00,0.308,7.248
2023-06-20 23:00,0.275,6.971
2023-06-21 00:00,0.244,6.693
2023-06-21 01:00,0.213,6.409
2023-06-21 02:00,0.219,6.459
2023-06-21 03:00,0.272,6.948
2023-06-21 04:00,0.356,7.624
2023-06-21 05:00,0.423,8.134
2023-06-21 06:00,0.478,8.531
2023-06-21 07:00,0.530,8.927
2023-06-21 08:00,0.566,9.190
2023-06-21 09:00,0.518,8.831
2023-06-21 10:00,0.419,8.098
2023-06-21 11:00,0.330,7.427
2023-06-21 12:00,0.260,6.842
2023-06-21 13:00,0.210,6.379
2023-06-21 14:00,0.160,5.849
2023-06-21 15:00,0.144,5.668
2023-06-21 16:00,0.155,5.786
2023-06-21 17:00,0.156,5.797
2023-06-21 18:00,0.151,5.755
2023-06-21 19:00,0.163,5.891
2023-06-21 20:00,0.181,6.081
2023-06-21 21:00,0.152,5.761
2023-06-21 22:00,0.114,5.273
2023-06-21 23:00,0.095,5.008
2023-06-22 00:00,0.061,4.433
2023-06-22 01:00,0.029,3.648
2023-06-22 02:00,0.023,3.445
2023-06-22 03:00,0.068,4.564
2023-06-22 04:00,0.120,5.361
2023-06-22 05:00,0.166,5.920
2023-06-22 06:00,0.219,6.468
2023-06-22 07:00,0.288,7.076
2023-06-22 08:00,0.339,7.498
2023-06-22 09:00,0.291,7.100
2023-06-22 10:00,0.211,6.393
2023-06-22 11:00,0.161,5.864
2023-06-22 12:00,0.132,5.518
2023-06-22 13:00,0.102,5.118
2023-06-22 14:00,0.082,4.786
2023-06-22 15:00,0.088,4.895
2023-06-22 16:00,0.117,5.313
2023-06-22 17:00,0.152,5.757
2023-06-22 18:00,0.161,5.860
2023-06-22 19:00,0.150,5.737
2023-06-22 20:00,0.132,5.519
2023-06-22 21:00,0.104,5.137
2023-06-22 22:00,0.078,4.731
2023-06-22 23:00,0.088,4.906
2023-06-23 00:00,0.118,5.341
2023-06-23 01:00,0.135,5.543
2023-06-23 02:00,0.120,5.357
2023-06-23 03:00,0.113,5.267
2023-06-23 04:00,0.140,5.617
2023-06-23 05:00,0.227,6.544
2023-06-23 06:00,0.340,7.502
2023-06-23 07:00,0.417,8.088
2023-06-23 08:00,0.407,8.010
2023-06-23 09:00,0.324,7.373
2023-06-23 10:00,0.214,6.415
2023-06-23 11:00,0.126,5.437
2023-06-23 12:00,0.082,4.796
2023-06-23 13:00,0.065,4.508
2023-06-23 14:00,0.069,4.567
2023-06-23 15:00,0.079,4.747
2023-06-23 16:00,0.090,4.925
2023-06-23 17:00,0.098,5.039
2023-06-23 18:00,0.098,5.048
2023-06-23 19:00,0.093,4.982
2023-06-23 20:00,0.087,4.868
2023-06-23 21:00,0.078,4.726
2023-06-23 22:00,0.064,4.491
2023-06-23 23:00,0.070,4.596
2023-06-24 00:00,0.082,4.798
2023-06-24 01:00,0.084,4.840
2023-06-24 02:00,0.081,4.773
2023-06-24 03:00,0.072,4.618
2023-06-24 04:00,0.078,4.733
2023-06-24 05:00,0.111,5.240
2023-06-24 06:00,0.148,5.709
2023-06-24 07:00,0.199,6.271
2023-06-24 08:00,0.267,6.909
2023-06-24 09:00,0.317,7.324
2023-06-24 10:00,0.343,7.523
2023-06-24 11:00,0.289,7.083
2023-06-24 12:00,0.209,6.368
2023-06-24 13:00,0.151,5.747
2023-06-24 14:00,0.112,5.254
2023-06-24 15:00,0.083,4.814
2023-06-24 16:00,0.068,4.564
2023-06-24 17:00,0.062,4.441
2023-06-24 18:00,0.063,4.469
2023-06-24 19:00,0.075,4.678
2023-06-24 20:00,0.086,4.867
2023-06-24 21:00,0.077,4.711
2023-06-24 22:00,0.062,4.445
2023-06-24 23:00,0.106,5.163
2023-06-25 00:00,0.152,5.759
2023-06-25 01:00,0.194,6.215
2023-06-25 02:00,0.231,6.577
2023-06-25 03:00,0.259,6.830
2023-06-25 04:00,0.257,6.821
2023-06-25 05:00,0.251,6.754
2023-06-25 06:00,0.249,6.733
2023-06-25 07:00,0.246,6.709
2023-06-25 08:00,0.230,6.573
2023-06-25 09:00,0.206,6.343
2023-06-25 10:00,0.201,6.287
2023-06-25 11:00,0.194,6.211
2023-06-25 12:00,0.176,6.023
2023-06-25 13:00,0.163,5.887
2023-06-25 14:00,0.161,5.864
2023-06-25 15:00,0.163,5.893
2023-06-25 16:00,0.158,5.832
2023-06-25 17:00,0.140,5.623
2023-06-25 18:00,0.117,5.311
2023-06-25 19:00,0.087,4.869
2023-06-25 20:00,0.063,4.455
2023-06-25 21:00,0.051,4.212
2023-06-25 22:00,0.033,3.782
2023-06-25 23:00,0.032,3.738
2023-06-26 00:00,0.051,4.216
2023-06-26 01:00,0.076,4.698
2023-06-26 02:00,0.094,4.993
2023-06-26 03:00,0.093,4.973
2023-06-26 04:00,0.076,4.693
2023-06-26 05:00,0.067,4.526
2023-06-26 06:00,0.073,4.643
2023-06-26 07:00,0.097,5.028
2023-06-26 08:00,0.133,5.528
2023-06-26 09:00,0.172,5.979
2023-06-26 10:00,0.202,6.302
2023-06-26 11:00,0.218,6.454
2023-06-26 12:00,0.197,6.246
2023-06-26 13:00,0.129,5.483
2023-06-26 14:00,0.083,4.824
2023-06-26 15:00,0.072,4.619
2023-06-26 16:00,0.053,4.268
2023-06-26 17:00,0.033,3.769
2023-06-26 18:00,0.021,3.394
2023-06-26 19:00,0.013,3.056
2023-06-26 20:00,0.005,2.487
2023-06-26 21:00,0.002,2.161
2023-06-26 22:00,0.003,2.244
2023-06-26 23:00,0.005,2.499
2023-06-27 00:00,0.005,2.552
2023-06-27 01:00,0.007,2.683
2023-06-27 02:00,0.006,2.602
2023-06-27 03:00,0.004,2.439
2023-06-27 04:00,0.005,2.522
2023-06-27 05:00,0.009,2.817
2023-06-27 06:00,0.018,3.269
2023-06-27 07:00,0.032,3.745
2023-06-27 08:00,0.045,4.084
2023-06-27 09:00,0.053,4.268
2023-06-27 10:00,0.057,4.352
2023-06-27 11:00,0.057,4.351
2023-06-27 12:00,0.056,4.316
2023-06-27 13:00,0.055,4.288
2023-06-27 14:00,0.060,4.405
2023-06-27 15:00,0.056,4.326
2023-06-27 16:00,0.041,3.974
2023-06-27 17:00,0.030,3.681
2023-06-27 18:00,0.021,3.401
2023-06-27 19:00,0.017,3.205
2023-06-27 20:00,0.016,3.189
2023-06-27 21:00,0.017,3.227
2023-06-27 22:00,0.011,2.917
2023-06-27 23:00,0.002,2.062
2023-06-28 00:00,0.002,2.195
2023-06-28 01:00,0.002,2.124
2023-06-28 02:00,0.001,1.757
2023-06-28 03:00,0,1.385
2023-06-28 04:00,0.001,1.806
2023-06-28 05:00,0.007,2.666
2023-06-28 06:00,0.024,3.510
2023-06-28 07:00,0.051,4.221
2023-06-28 08:00,0.079,4.753
2023-06-28 09:00,0.102,5.104
2023-06-28 10:00,0.121,5.372
2023-06-28 11:00,0.136,5.557
2023-06-28 12:00,0.145,5.679
2023-06-28 13:00,0.145,5.678
2023-06-28 14:00,0.156,5.812
2023-06-28 15:00,0.171,5.963
2023-06-28 16:00,0.173,5.995
2023-06-28 17:00,0.157,5.820
2023-06-28 18:00,0.120,5.367
2023-06-28 19:00,0.085,4.853
2023-06-28 20:00,0.063,4.463
2023-06-28 21:00,0.065,4.508
2023-06-28 22:00,0.077,4.724
2023-06-28 23:00,0.126,5.441
2023-06-29 00:00,0.186,6.141
2023-06-29 01:00,0.233,6.596
2023-06-29 02:00,0.282,7.037
2023-06-29 03:00,0.324,7.371
2023-06-29 04:00,0.354,7.613
2023-06-29 05:00,0.392,7.909
2023-06-29 06:00,0.428,8.167
2023-06-29 07:00,0.475,8.509
2023-06-29 08:00,0.494,8.649
2023-06-29 09:00,0.428,8.169
2023-06-29 10:00,0.308,7.241
2023-06-29 11:00,0.203,6.310
2023-06-29 12:00,0.180,6.072
2023-06-29 13:00,0.197,6.242
2023-06-29 14:00,0.193,6.202
2023-06-29 15:00,0.188,6.153
2023-06-29 16:00,0.225,6.524
2023-06-29 17:00,0.323,7.365
2023-06-29 18:00,0.422,8.132
2023-06-29 19:00,0.484,8.589
2023-06-29 20:00,0.538,8.985
2023-06-29 21:00,0.601,9.470
2023-06-29 22:00,0.641,9.793
2023-06-29 23:00,0.692,10.227
2023-06-30 00:00,0.725,10.535
2023-06-30 01:00,0.764,10.924
2023-06-30 02:00,0.786,11.171
2023-06-30 03:00,0.784,11.141
2023-06-30 04:00,0.753,10.807
2023-06-30 05:00,0.722,10.497
2023-06-30 06:00,0.730,10.572
2023-06-30 07:00,0.752,10.802
2023-06-30 08:00,0.759,10.868
2023-06-30 09:00,0.723,10.510
2023-06-30 10:00,0.669,10.024
2023-06-30 11:00,0.628,9.683
2023-06-30 12:00,0.566,9.193
2023-06-30 13:00,0.518,8.833
2023-06-30 14:00,0.514,8.810
2023-06-30 15:00,0.542,9.013
2023-06-30 16:00,0.543,9.022
2023-06-30 17:00,0.480,8.551
2023-06-30 18:00,0.351,7.583
2023-06-30 19:00,0.234,6.599
2023-06-30 20:00,0.174,6.003
2023-06-30 21:00,0.166,5.927
2023-06-30 22:00,0.196,6.232
2023-06-30 23:00,0.264,6.873
2023-07-01 00:00,0.297,7.147
2023-07-01 01:00,0.293,7.131
2023-07-01 02:00,0.297,7.154
2023-07-01 03:00,0.339,7.493
2023-07-01 04:00,0.426,8.151
2023-07-01 05:00,0.520,8.850
2023-07-01 06:00,0.616,9.579
2023-07-01 07:00,0.684,10.146
2023-07-01 08:00,0.714,10.417
2023-07-01 09:00,0.704,10.325
2023-07-01 10:00,0.658,9.925
2023-07-01 11:00,0.619,9.611
2023-07-01 12:00,0.613,9.560
2023-07-01 13:00,0.641,9.786
2023-07-01 14:00,0.644,9.811
2023-07-01 15:00,0.663,9.963
2023-07-01 16:00,0.763,10.904
2023-07-01 17:00,0.868,12.293
2023-07-01 18:00,0.870,12.327
2023-07-01 19:00,0.895,12.780
2023-07-01 20:00,0.933,13.678
2023-07-01 21:00,0.910,13.104
2023-07-01 22:00,0.852,12.031
2023-07-01 23:00,0.827,11.674
2023-07-02 00:00,0.787,11.181
2023-07-02 01:00,0.742,10.697
2023-07-02 02:00,0.718,10.466
2023-07-02 03:00,0.708,10.367
2023-07-02 04:00,0.702,10.316
2023-07-02 05:00,0.713,10.412
2023-07-02 06:00,0.727,10.552
2023-07-02 07:00,0.723,10.513
2023-07-02 08:00,0.710,10.386
2023-07-02 09:00,0.663,9.965
2023-07-02 10:00,0.580,9.309
2023-07-02 11:00,0.484,8.582
2023-07-02 12:00,0.444,8.290
2023-07-02 13:00,0.446,8.309
2023-07-02 14:00,0.431,8.195
2023-07-02 15:00,0.440,8.258
2023-07-02 16:00,0.489,8.622
2023-07-02 17:00,0.529,8.914
2023-07-02 18:00,0.558,9.134
2023-07-02 19:00,0.605,9.500
2023-07-02 20:00,0.619,9.613
2023-07-02 21:00,0.577,9.280
2023-07-02 22:00,0.512,8.790
2023-07-02 23:00,0.594,9.409
2023-07-03 00:00,0.633,9.715
2023-07-03 01:00,0.655,9.897
2023-07-03 02:00,0.662,9.957
2023-07-03 03:00,0.665,9.990
2023-07-03 04:00,0.663,9.962
2023-07-03 05:00,0.663,9.969
2023-07-03 06:00,0.670,10.029
2023-07-03 07:00,0.691,10.220
2023-07-03 08:00,0.716,10.447
2023-07-03 09:00,0.707,10.351
2023-07-03 10:00,0.647,9.838
2023-07-03 11:00,0.612,9.555
2023-07-03 12:00,0.628,9.672
2023-07-03 13:00,0.636,9.742
2023-07-03 14:00,0.639,9.772
2023-07-03 15:00,0.661,9.953
2023-07-03 16:00,0.704,10.328
2023-07-03 17:00,0.735,10.625
2023-07-03 18:00,0.739,10.666
2023-07-03 19:00,0.727,10.555
2023-07-03 20:00,0.717,10.447
2023-07-03 21:00,0.651,9.875
2023-07-03 22:00,0.586,9.355
2023-07-03 23:00,0.580,9.308
2023-07-04 00:00,0.601,9.462
2023-07-04 01:00,0.614,9.568
2023-07-04 02:00,0.633,9.723
2023-07-04 03:00,0.696,10.265
2023-07-04 04:00,0.760,10.878
2023-07-04 05:00,0.798,11.307
2023-07-04 06:00,0.823,11.620
2023-07-04 07:00,0.850,12.003
2023-07-04 08:00,0.868,12.292
2023-07-04 09:00,0.844,11.915
2023-07-04 10:00,0.797,11.295
2023-07-04 11:00,0.744,10.721
2023-07-04 12:00,0.697,10.267
2023-07-04 13:00,0.662,9.956
2023-07-04 14:00,0.647,9.828
2023-07-04 15:00,0.682,10.139
2023-07-04 16:00,0.733,10.610
2023-07-04 17:00,0.766,10.945
2023-07-04 18:00,0.761,10.887
2023-07-04 19:00,0.731,10.583
2023-07-04 20:00,0.704,10.325
2023-07-04 21:00,0.676,10.076
2023-07-04 22:00,0.630,9.697
2023-07-04 23:00,0.617,9.592
2023-07-05 00:00,0.609,9.531
2023-07-05 01:00,0.608,9.514
2023-07-05 02:00,0.622,9.633
2023-07-05 03:00,0.660,9.947
2023-07-05 04:00,0.715,10.433
2023-07-05 05:00,0.766,10.950
2023-07-05 06:00,0.809,11.441
2023-07-05 07:00,0.841,11.880
2023-07-05 08:00,0.863,12.203
2023-07-05 09:00,0.859,12.141
2023-07-05 10:00,0.839,11.852
2023-07-05 11:00,0.815,11.517
2023-07-05 12:00,0.781,11.111
2023-07-05 13:00,0.741,10.686
2023-07-05 14:00,0.707,10.356
2023-07-05 15:00,0.696,10.265
2023-07-05 16:00,0.692,10.222
2023-07-05 17:00,0.665,9.990
2023-07-05 18:00,0.614,9.572
2023-07-05 19:00,0.545,9.032
2023-07-05 20:00,0.491,8.635
2023-07-05 21:00,0.432,8.207
2023-07-05 22:00,0.365,7.701
2023-07-05 23:00,0.351,7.589
2023-07-06 00:00,0.335,7.466
2023-07-06 01:00,0.328,7.410
2023-07-06 02:00,0.333,7.446
2023-07-06 03:00,0.383,7.841
2023-07-06 04:00,0.463,8.428
2023-07-06 05:00,0.548,9.066
2023-07-06 06:00,0.630,9.697
2023-07-06 07:00,0.703,10.321
2023-07-06 08:00,0.764,10.925
2023-07-06 09:00,0.773,11.023
2023-07-06 10:00,0.756,10.831
2023-07-06 11:00,0.746,10.734
2023-07-06 12:00,0.736,10.641
2023-07-06 13:00,0.698,10.275
2023-07-06 14:00,0.677,10.090
2023-07-06 15:00,0.699,10.284
2023-07-06 16:00,0.680,10.122
2023-07-06 17:00,0.669,10.023
2023-07-06 18:00,0.651,9.872
2023-07-06 19:00,0.626,9.663
2023-07-06 20:00,0.598,9.439
2023-07-06 21:00,0.585,9.348
2023-07-06 22:00,0.590,9.380
2023-07-06 23:00,0.646,9.826
2023-07-07 00:00,0.693,10.234
2023-07-07 01:00,0.738,10.660
2023-07-07 02:00,0.780,11.098
2023-07-07 03:00,0.793,11.250
2023-07-07 04:00,0.802,11.363
2023-07-07 05:00,0.815,11.514
2023-07-07 06:00,0.827,11.678
2023-07-07 07:00,0.837,11.813
2023-07-07 08:00,0.842,11.882
2023-07-07 09:00,0.845,11.930
2023-07-07 10:00,0.828,11.687
2023-07-07 11:00,0.804,11.383
2023-07-07 12:00,0.781,11.111
2023-07-07 13:00,0.741,10.683
2023-07-07 14:00,0.719,10.472
2023-07-07 15:00,0.702,10.315
2023-07-07 16:00,0.682,10.139
2023-07-07 17:00,0.659,9.934
2023-07-07 18:00,0.628,9.682
2023-07-07 19:00,0.601,9.459
2023-07-07 20:00,0.588,9.364
2023-07-07 21:00,0.580,9.306
2023-07-07 22:00,0.537,8.977
2023-07-07 23:00,0.514,8.809
2023-07-08 00:00,0.506,8.739
2023-07-08 01:00,0.506,8.748
2023-07-08 02:00,0.510,8.776
2023-07-08 03:00,0.542,9.013
2023-07-08 04:00,0.601,9.467
2023-07-08 05:00,0.663,9.972
2023-07-08 06:00,0.717,10.447
2023-07-08 07:00,0.758,10.858
2023-07-08 08:00,0.782,11.117
2023-07-08 09:00,0.763,10.910
2023-07-08 10:00,0.727,10.547
2023-07-08 11:00,0.685,10.151
2023-07-08 12:00,0.611,9.544
2023-07-08 13:00,0.529,8.915
2023-07-08 14:00,0.463,8.427
2023-07-08 15:00,0.432,8.204
2023-07-08 16:00,0.413,8.053
2023-07-08 17:00,0.387,7.865
2023-07-08 18:00,0.356,7.622
2023-07-08 19:00,0.330,7.419
2023-07-08 20:00,0.319,7.337
2023-07-08 21:00,0.297,7.147
2023-07-08 22:00,0.253,6.779
2023-07-08 23:00,0.256,6.811
2023-07-09 00:00,0.270,6.920
2023-07-09 01:00,0.275,6.977
2023-07-09 02:00,0.302,7.196
2023-07-09 03:00,0.371,7.741
2023-07-09 04:00,0.453,8.355
2023-07-09 05:00,0.506,8.748
2023-07-09 06:00,0.540,8.992
2023-07-09 07:00,0.573,9.251
2023-07-09 08:00,0.615,9.575
2023-07-09 09:00,0.619,9.613
2023-07-09 10:00,0.584,9.339
2023-07-09 11:00,0.530,8.921
2023-07-09 12:00,0.458,8.392
2023-07-09 13:00,0.400,7.965
2023-07-09 14:00,0.360,7.649
2023-07-09 15:00,0.369,7.728
2023-07-09 16:00,0.405,8.002
2023-07-09 17:00,0.426,8.161
2023-07-09 18:00,0.430,8.191
2023-07-09 19:00,0.423,8.139
2023-07-09 20:00,0.412,8.050
2023-07-09 21:00,0.364,7.692
2023-07-09 22:00,0.289,7.092
2023-07-09 23:00,0.245,6.703
2023-07-10 00:00,0.225,6.523
2023-07-10 01:00,0.220,6.472
2023-07-10 02:00,0.225,6.526
2023-07-10 03:00,0.242,6.670
2023-07-10 04:00,0.266,6.900
2023-07-10 05:00,0.287,7.075
2023-07-10 06:00,0.295,7.136
2023-07-10 07:00,0.291,7.101
2023-07-10 08:00,0.280,7.020
2023-07-10 09:00,0.261,6.847
2023-07-10 10:00,0.222,6.499
2023-07-10 11:00,0.174,6.006
2023-07-10 12:00,0.131,5.506
2023-07-10 13:00,0.110,5.225
2023-07-10 14:00,0.099,5.064
2023-07-10 15:00,0.089,4.913
2023-07-10 16:00,0.085,4.849
2023-07-10 17:00,0.085,4.848
2023-07-10 18:00,0.092,4.961
2023-07-10 19:00,0.109,5.208
2023-07-10 20:00,0.140,5.616
2023-07-10 21:00,0.166,5.919
2023-07-10 22:00,0.181,6.081
2023-07-10 23:00,0.222,6.488
2023-07-11 00:00,0.266,6.894
2023-07-11 01:00,0.297,7.152
2023-07-11 02:00,0.315,7.311
2023-07-11 03:00,0.348,7.570
2023-07-11 04:00,0.382,7.827
2023-07-11 05:00,0.389,7.881
2023-07-11 06:00,0.385,7.846
2023-07-11 07:00,0.371,7.739
2023-07-11 08:00,0.354,7.615
2023-07-11 09:00,0.326,7.387
2023-07-11 10:00,0.286,7.069
2023-07-11 11:00,0.261,6.845
2023-07-11 12:00,0.241,6.665
2023-07-11 13:00,0.239,6.653
2023-07-11 14:00,0.253,6.784
2023-07-11 15:00,0.259,6.835
2023-07-11 16:00,0.244,6.689
2023-07-11 17:00,0.215,6.419
2023-07-11 18:00,0.185,6.126
2023-07-11 19:00,0.165,5.906
2023-07-11 20:00,0.139,5.606
2023-07-11 21:00,0.122,5.393
2023-07-11 22:00,0.105,5.151
2023-07-11 23:00,0.116,5.296
2023-07-12 00:00,0.118,5.323
2023-07-12 01:00,0.104,5.137
2023-07-12 02:00,0.093,4.971
2023-07-12 03:00,0.107,5.181
2023-07-12 04:00,0.152,5.767
2023-07-12 05:00,0.228,6.553
2023-07-12 06:00,0.316,7.315
2023-07-12 07:00,0.401,7.976
2023-07-12 08:00,0.436,8.233
2023-07-12 09:00,0.382,7.827
2023-07-12 10:00,0.314,7.295
2023-07-12 11:00,0.270,6.926
2023-07-12 12:00,0.183,6.098
2023-07-12 13:00,0.106,5.175
2023-07-12 14:00,0.074,4.651
2023-07-12 15:00,0.062,4.452
2023-07-12 16:00,0.053,4.266
2023-07-12 17:00,0.070,4.594
2023-07-12 18:00,0.082,4.800
2023-07-12 19:00,0.094,4.987
2023-07-12 20:00,0.104,5.134
2023-07-12 21:00,0.105,5.160
2023-07-12 22:00,0.077,4.713
2023-07-12 23:00,0.100,5.073
2023-07-13 00:00,0.115,5.288
2023-07-13 01:00,0.118,5.320
2023-07-13 02:00,0.131,5.507
2023-07-13 03:00,0.130,5.489
2023-07-13 04:00,0.162,5.874
2023-07-13 05:00,0.221,6.479
2023-07-13 06:00,0.258,6.821
2023-07-13 07:00,0.302,7.202
2023-07-13 08:00,0.356,7.626
2023-07-13 09:00,0.377,7.781
2023-07-13 10:00,0.348,7.569
2023-07-13 11:00,0.276,6.980
2023-07-13 12:00,0.196,6.230
2023-07-13 13:00,0.133,5.526
2023-07-13 14:00,0.081,4.776
2023-07-13 15:00,0.045,4.084
2023-07-13 16:00,0.044,4.068
2023-07-13 17:00,0.069,4.572
2023-07-13 18:00,0.094,4.988
2023-07-13 19:00,0.089,4.922
2023-07-13 20:00,0.058,4.360
2023-07-13 21:00,0.016,3.201
2023-07-13 22:00,0,1.690
2023-07-13 23:00,0,0.512
2023-07-14 00:00,0,0.452
2023-07-14 01:00,0,0.796
2023-07-14 02:00,0,1.450
2023-07-14 03:00,0.001,1.739
2023-07-14 04:00,0.002,2.158
2023-07-14 05:00,0.006,2.557
2023-07-14 06:00,0.010,2.873
2023-07-14 07:00,0.013,3.032
2023-07-14 08:00,0.012,3.019
2023-07-14 09:00,0.009,2.844
2023-07-14 10:00,0.007,2.676
2023-07-14 11:00,0.005,2.475
2023-07-14 12:00,0.002,2.116
2023-07-14 13:00,0,1.373
2023-07-14 14:00,0,1.083
2023-07-14 15:00,0.004,2.448
2023-07-14 16:00,0.031,3.714
2023-07-14 17:00,0.050,4.195
2023-07-14 18:00,0.034,3.798
2023-07-14 19:00,0.009,2.791
2023-07-14 20:00,0.001,1.797
2023-07-14 21:00,0,1.193
2023-07-14 22:00,0,0.906
2023-07-14 23:00,0,1.130
2023-07-15 00:00,0,1.369
2023-07-15 01:00,0,1.401
2023-07-15 02:00,0,1.431
2023-07-15 03:00,0,1.462
2023-07-15 04:00,0.001,1.762
2023-07-15 05:00,0.009,2.829
2023-07-15 06:00,0.050,4.201
2023-07-15 07:00,0.128,5.457
2023-07-15 08:00,0.185,6.126
2023-07-15 09:00,0.204,6.317
2023-07-15 10:00,0.197,6.248
2023-07-15 11:00,0.194,6.208
2023-07-15 12:00,0.208,6.355
2023-07-15 13:00,0.236,6.624
2023-07-15 14:00,0.285,7.061
2023-07-15 15:00,0.333,7.441
2023-07-15 16:00,0.347,7.562
2023-07-15 17:00,0.359,7.643
2023-07-15 18:00,0.354,7.615
2023-07-15 19:00,0.310,7.261
2023-07-15 20:00,0.225,6.529
2023-07-15 21:00,0.137,5.569
2023-07-15 22:00,0.099,5.057
2023-07-15 23:00,0.091,4.949
2023-07-16 00:00,0.087,4.875
2023-07-16 01:00,0.099,5.064
2023-07-16 02:00,0.118,5.320
2023-07-16 03:00,0.130,5.499
2023-07-16 04:00,0.131,5.504
2023-07-16 05:00,0.134,5.539
2023-07-16 06:00,0.179,6.058
2023-07-16 07:00,0.260,6.837
2023-07-16 08:00,0.339,7.496
2023-07-16 09:00,0.375,7.773
2023-07-16 10:00,0.281,7.028
2023-07-16 11:00,0.144,5.667
2023-07-16 12:00,0.051,4.230
2023-07-16 13:00,0.013,3.071
2023-07-16 14:00,0.003,2.342
2023-07-16 15:00,0.012,2.999
2023-07-16 16:00,0.012,2.974
2023-07-16 17:00,0.009,2.827
2023-07-16 18:00,0.008,2.715
2023-07-16 19:00,0.010,2.867
2023-07-16 20:00,0.015,3.127
2023-07-16 21:00,0.011,2.928
2023-07-16 22:00,0.004,2.367
2023-07-16 23:00,0.002,2.182
2023-07-17 00:00,0.014,3.088
2023-07-17 01:00,0.034,3.813
2023-07-17 02:00,0.050,4.195
2023-07-17 03:00,0.059,4.372
2023-07-17 04:00,0.075,4.684
2023-07-17 05:00,0.098,5.050
2023-07-17 06:00,0.118,5.334
2023-07-17 07:00,0.130,5.490
2023-07-17 08:00,0.131,5.503
2023-07-17 09:00,0.100,5.080
2023-07-17 10:00,0.051,4.226
2023-07-17 11:00,0.019,3.320
2023-07-17 12:00,0.007,2.646
2023-07-17 13:00,0.004,2.441
2023-07-17 14:00,0.006,2.572
2023-07-17 15:00,0.005,2.469
2023-07-17 16:00,0.004,2.379
2023-07-17 17:00,0.005,2.537
2023-07-17 18:00,0.006,2.604
2023-07-17 19:00,0.004,2.387
2023-07-17 20:00,0.001,1.897
2023-07-17 21:00,0,1.513
2023-07-17 22:00,0,1.468
2023-07-17 23:00,0.001,1.973
2023-07-18 00:00,0.004,2.372
2023-07-18 01:00,0.008,2.752
2023-07-18 02:00,0.015,3.128
2023-07-18 03:00,0.031,3.723
2023-07-18 04:00,0.062,4.445
2023-07-18 05:00,0.101,5.091
2023-07-18 06:00,0.126,5.440
2023-07-18 07:00,0.125,5.433
2023-07-18 08:00,0.125,5.426
2023-07-18 09:00,0.109,5.219
2023-07-18 10:00,0.093,4.969
2023-07-18 11:00,0.093,4.976
2023-07-18 12:00,0.108,5.192
2023-07-18 13:00,0.109,5.201
2023-07-18 14:00,0.088,4.895
2023-07-18 15:00,0.069,4.581
2023-07-18 16:00,0.050,4.201
2023-07-18 17:00,0.029,3.651
2023-07-18 18:00,0.013,3.074
2023-07-18 19:00,0.005,2.530
2023-07-18 20:00,0.002,2.041
2023-07-18 21:00,0.001,1.851
2023-07-18 22:00,0.001,1.951
2023-07-18 23:00,0.002,2.189
2023-07-19 00:00,0.002,2.192
2023-07-19 01:00,0.002,2.031
2023-07-19 02:00,0.002,2.178
2023-07-19 03:00,0.008,2.716
2023-07-19 04:00,0.028,3.626
2023-07-19 05:00,0.073,4.645
2023-07-19 06:00,0.138,5.580
2023-07-19 07:00,0.210,6.383
2023-07-19 08:00,0.273,6.954
2023-07-19 09:00,0.273,6.953
2023-07-19 10:00,0.228,6.554
2023-07-19 11:00,0.205,6.326
2023-07-19 12:00,0.172,5.977
2023-07-19 13:00,0.122,5.392
2023-07-19 14:00,0.115,5.292
2023-07-19 15:00,0.183,6.108
2023-07-19 16:00,0.232,6.590
2023-07-19 17:00,0.179,6.061
2023-07-19 18:00,0.128,5.456
2023-07-19 19:00,0.097,5.025
2023-07-19 20:00,0.083,4.806
2023-07-19 21:00,0.075,4.680
2023-07-19 22:00,0.065,4.498
2023-07-19 23:00,0.068,4.545
2023-07-20 00:00,0.088,4.904
2023-07-20 01:00,0.094,4.999
2023-07-20 02:00,0.082,4.792
2023-07-20 03:00,0.065,4.503
2023-07-20 04:00,0.053,4.254
2023-07-20 05:00,0.048,4.145
2023-07-20 06:00,0.056,4.320
2023-07-20 07:00,0.084,4.829
2023-07-20 08:00,0.131,5.503
2023-07-20 09:00,0.182,6.095
2023-07-20 10:00,0.179,6.054
2023-07-20 11:00,0.153,5.773
2023-07-20 12:00,0.148,5.720
2023-07-20 13:00,0.186,6.136
2023-07-20 14:00,0.253,6.781
2023-07-20 15:00,0.310,7.261
2023-07-20 16:00,0.352,7.597
2023-07-20 17:00,0.353,7.610
2023-07-20 18:00,0.336,7.472
2023-07-20 19:00,0.280,7.018
2023-07-20 20:00,0.198,6.254
2023-07-20 21:00,0.148,5.705
2023-07-20 22:00,0.106,5.162
2023-07-20 23:00,0.068,4.566
2023-07-21 00:00,0.037,3.868
2023-07-21 01:00,0.021,3.375
2023-07-21 02:00,0.022,3.414
2023-07-21 03:00,0.037,3.879
2023-07-21 04:00,0.061,4.424
2023-07-21 05:00,0.091,4.941
2023-07-21 06:00,0.125,5.434
2023-07-21 07:00,0.168,5.938
2023-07-21 08:00,0.201,6.290
2023-07-21 09:00,0.171,5.969
2023-07-21 10:00,0.137,5.575
2023-07-21 11:00,0.135,5.545
2023-07-21 12:00,0.132,5.521
2023-07-21 13:00,0.114,5.276
2023-07-21 14:00,0.096,5.016
2023-07-21 15:00,0.140,5.617
2023-07-21 16:00,0.217,6.448
2023-07-21 17:00,0.254,6.791
2023-07-21 18:00,0.251,6.754
2023-07-21 19:00,0.253,6.786
2023-07-21 20:00,0.283,7.039
2023-07-21 21:00,0.330,7.430
2023-07-21 22:00,0.352,7.596
2023-07-21 23:00,0.329,7.415
2023-07-22 00:00,0.289,7.080
2023-07-22 01:00,0.252,6.775
2023-07-22 02:00,0.210,6.369
2023-07-22 03:00,0.175,6.017
2023-07-22 04:00,0.156,5.803
2023-07-22 05:00,0.152,5.759
2023-07-22 06:00,0.159,5.840
2023-07-22 07:00,0.160,5.853
2023-07-22 08:00,0.162,5.872
2023-07-22 09:00,0.159,5.838
2023-07-22 10:00,0.150,5.737
2023-07-22 11:00,0.144,5.669
2023-07-22 12:00,0.137,5.574
2023-07-22 13:00,0.136,5.555
2023-07-22 14:00,0.148,5.716
2023-07-22 15:00,0.153,5.769
2023-07-22 16:00,0.150,5.737
2023-07-22 17:00,0.151,5.748
2023-07-22 18:00,0.152,5.757
2023-07-22 19:00,0.154,5.775
2023-07-22 20:00,0.150,5.736
2023-07-22 21:00,0.140,5.614
2023-07-22 22:00,0.119,5.347
2023-07-22 23:00,0.116,5.302
2023-07-23 00:00,0.128,5.455
2023-07-23 01:00,0.139,5.611
2023-07-23 02:00,0.142,5.645
2023-07-23 03:00,0.148,5.715
2023-07-23 04:00,0.144,5.664
2023-07-23 05:00,0.130,5.498
2023-07-23 06:00,0.125,5.426
2023-07-23 07:00,0.127,5.450
2023-07-23 08:00,0.124,5.421
2023-07-23 09:00,0.126,5.437
2023-07-23 10:00,0.118,5.340
2023-07-23 11:00,0.079,4.748
2023-07-23 12:00,0.036,3.848
2023-07-23 13:00,0.015,3.147
2023-07-23 14:00,0.008,2.758
2023-07-23 15:00,0.006,2.626
2023-07-23 16:00,0.005,2.546
2023-07-23 17:00,0.004,2.406
2023-07-23 18:00,0.003,2.271
2023-07-23 19:00,0.002,2.173
2023-07-23 20:00,0.002,2.065
2023-07-23 21:00,0.001,1.890
2023-07-23 22:00,0,1.368
2023-07-23 23:00,0,0.678
2023-07-24 00:00,0,0.244
2023-07-24 01:00,0,0.092
2023-07-24 02:00,0,1.059
2023-07-24 03:00,0.001,1.751
2023-07-24 04:00,0.002,2.045
2023-07-24 05:00,0.003,2.239
2023-07-24 06:00,0.005,2.501
2023-07-24 07:00,0.008,2.773
2023-07-24 08:00,0.014,3.099
2023-07-24 09:00,0.027,3.607
2023-07-24 10:00,0.047,4.117
2023-07-24 11:00,0.055,4.306
2023-07-24 12:00,0.061,4.414
2023-07-24 13:00,0.082,4.786
2023-07-24 14:00,0.121,5.374
2023-07-24 15:00,0.186,6.138
2023-07-24 16:00,0.280,7.015
2023-07-24 17:00,0.418,8.096
2023-07-24 18:00,0.509,8.762
2023-07-24 19:00,0.489,8.626
2023-07-24 20:00,0.436,8.232
2023-07-24 21:00,0.403,7.985
2023-07-24 22:00,0.377,7.784
2023-07-24 23:00,0.398,7.952
2023-07-25 00:00,0.404,7.990
2023-07-25 01:00,0.456,8.384
2023-07-25 02:00,0.569,9.223
2023-07-25 03:00,0.698,10.279
2023-07-25 04:00,0.796,11.289
2023-07-25 05:00,0.861,12.166
2023-07-25 06:00,0.901,12.907
2023-07-25 07:00,0.924,13.433
2023-07-25 08:00,0.941,13.919
2023-07-25 09:00,0.948,14.149
2023-07-25 10:00,0.949,14.168
2023-07-25 11:00,0.950,14.230
2023-07-25 12:00,0.953,14.342
2023-07-25 13:00,0.953,14.326
2023-07-25 14:00,0.951,14.245
2023-07-25 15:00,0.958,14.537
2023-07-25 16:00,0.959,14.586
2023-07-25 17:00,0.955,14.409
2023-07-25 18:00,0.953,14.321
2023-07-25 19:00,0.952,14.301
2023-07-25 20:00,0.952,14.288
2023-07-25 21:00,0.955,14.414
2023-07-25 22:00,0.963,14.768
2023-07-25 23:00,0.979,15.656
2023-07-26 00:00,0.986,16.475
2023-07-26 01:00,0.989,17.268
2023-07-26 02:00,0.988,17.919
2023-07-26 03:00,0.983,18.510
2023-07-26 04:00,0.978,18.883
2023-07-26 05:00,0.969,19.372
2023-07-26 06:00,0.945,20.217
2023-07-26 07:00,0.929,20.607
2023-07-26 08:00,0.926,20.675
2023-07-26 09:00,0.938,20.396
2023-07-26 10:00,0.947,20.142
2023-07-26 11:00,0.947,20.147
2023-07-26 12:00,0.945,20.199
2023-07-26 13:00,0.947,20.147
2023-07-26 14:00,0.957,19.849
2023-07-26 15:00,0.965,19.567
2023-07-26 16:00,0.971,19.286
2023-07-26 17:00,0.979,18.863
2023-07-26 18:00,0.982,18.590
2023-07-26 19:00,0.984,18.435
2023-07-26 20:00,0.985,18.265
2023-07-26 21:00,0.988,17.895
2023-07-26 22:00,0.989,17.714
2023-07-26 23:00,0.988,17.842
2023-07-27 00:00,0.986,18.147
2023-07-27 01:00,0.984,18.420
2023-07-27 02:00,0.984,18.443
2023-07-27 03:00,0.986,18.129
2023-07-27 04:00,0.989,17.454
2023-07-27 05:00,0.988,16.854
2023-07-27 06:00,0.985,16.233
2023-07-27 07:00,0.983,16.009
2023-07-27 08:00,0.983,16.067
2023-07-27 09:00,0.984,16.130
2023-07-27 10:00,0.980,15.818
2023-07-27 11:00,0.975,15.383
2023-07-27 12:00,0.946,14.057
2023-07-27 13:00,0.845,11.928
2023-07-27 14:00,0.722,10.499
2023-07-27 15:00,0.736,10.641
2023-07-27 16:00,0.751,10.786
2023-07-27 17:00,0.722,10.497
2023-07-27 18:00,0.753,10.807
2023-07-27 19:00,0.868,12.290
2023-07-27 20:00,0.927,13.510
2023-07-27 21:00,0.921,13.347
2023-07-27 22:00,0.894,12.764
2023-07-27 23:00,0.937,13.804
2023-07-28 00:00,0.975,15.420
2023-07-28 01:00,0.988,17.926
2023-07-28 02:00,0.848,21.925
2023-07-28 03:00,0.687,23.554
2023-07-28 04:00,0.702,23.426
2023-07-28 05:00,0.709,23.360
2023-07-28 06:00,0.761,22.881
2023-07-28 07:00,0.860,21.773
2023-07-28 08:00,0.947,20.151
2023-07-28 09:00,0.987,17.959
2023-07-28 10:00,0.986,16.455
2023-07-28 11:00,0.983,16.036
2023-07-28 12:00,0.982,15.905
2023-07-28 13:00,0.978,15.633
2023-07-28 14:00,0.970,15.099
2023-07-28 15:00,0.952,14.282
2023-07-28 16:00,0.931,13.624
2023-07-28 17:00,0.918,13.278
2023-07-28 18:00,0.906,13.008
2023-07-28 19:00,0.878,12.458
2023-07-28 20:00,0.836,11.807
2023-07-28 21:00,0.787,11.180
2023-07-28 22:00,0.787,11.177
2023-07-28 23:00,0.797,11.300
2023-07-29 00:00,0.783,11.130
2023-07-29 01:00,0.762,10.890
2023-07-29 02:00,0.725,10.527
2023-07-29 03:00,0.668,10.015
2023-07-29 04:00,0.596,9.428
2023-07-29 05:00,0.487,8.611
2023-07-29 06:00,0.354,7.612
2023-07-29 07:00,0.228,6.556
2023-07-29 08:00,0.125,5.423
2023-07-29 09:00,0.078,4.739
2023-07-29 10:00,0.050,4.208
2023-07-29 11:00,0.026,3.575
2023-07-29 12:00,0.013,3.057
2023-07-29 13:00,0.014,3.102
2023-07-29 14:00,0.033,3.782
2023-07-29 15:00,0.061,4.410
2023-07-29 16:00,0.068,4.559
2023-07-29 17:00,0.054,4.282
2023-07-29 18:00,0.039,3.940
2023-07-29 19:00,0.028,3.636
2023-07-29 20:00,0.023,3.450
2023-07-29 21:00,0.021,3.400
2023-07-29 22:00,0.019,3.304
2023-07-29 23:00,0.018,3.289
2023-07-30 00:00,0.014,3.102
2023-07-30 01:00,0.009,2.815
2023-07-30 02:00,0.006,2.613
2023-07-30 03:00,0.008,2.764
2023-07-30 04:00,0.013,3.063
2023-07-30 05:00,0.022,3.429
2023-07-30 06:00,0.038,3.923
2023-07-30 07:00,0.070,4.588
2023-07-30 08:00,0.118,5.338
2023-07-30 09:00,0.172,5.981
2023-07-30 10:00,0.189,6.163
2023-07-30 11:00,0.151,5.747
2023-07-30 12:00,0.095,5.005
2023-07-30 13:00,0.048,4.154
2023-07-30 14:00,0.018,3.276
2023-07-30 15:00,0.010,2.909
2023-07-30 16:00,0.010,2.893
2023-07-30 17:00,0.013,3.058
2023-07-30 18:00,0.020,3.339
2023-07-30 19:00,0.029,3.675
2023-07-30 20:00,0.048,4.141
2023-07-30 21:00,0.073,4.647
2023-07-30 22:00,0.093,4.972
2023-07-30 23:00,0.112,5.248
2023-07-31 00:00,0.134,5.540
2023-07-31 01:00,0.145,5.675
2023-07-31 02:00,0.153,5.772
2023-07-31 03:00,0.164,5.902
2023-07-31 04:00,0.168,5.942
2023-07-31 05:00,0.155,5.793
2023-07-31 06:00,0.119,5.349
2023-07-31 07:00,0.086,4.863
2023-07-31 08:00,0.069,4.583
2023-07-31 09:00,0.064,4.483
2023-07-31 10:00,0.062,4.444
2023-07-31 11:00,0.053,4.263
2023-07-31 12:00,0.041,3.992
2023-07-31 13:00,0.027,3.591
2023-07-31 14:00,0.021,3.393
2023-07-31 15:00,0.029,3.656
2023-07-31 16:00,0.055,4.304
2023-07-31 17:00,0.091,4.943
2023-07-31 18:00,0.128,5.458
2023-07-31 19:00,0.163,5.888
2023-07-31 20:00,0.185,6.126
2023-07-31 21:00,0.177,6.041
2023-07-31 22:00,0.137,5.577
2023-07-31 23:00,0.107,5.189
2023-08-01 00:00,0.105,5.155
2023-08-01 01:00,0.117,5.316
2023-08-01 02:00,0.143,5.652
2023-08-01 03:00,0.159,5.837
2023-08-01 04:00,0.168,5.940
2023-08-01 05:00,0.196,6.230
2023-08-01 06:00,0.256,6.809
2023-08-01 07:00,0.341,7.508
2023-08-01 08:00,0.410,8.032
2023-08-01 09:00,0.416,8.079
2023-08-01 10:00,0.328,7.413
2023-08-01 11:00,0.222,6.497
2023-08-01 12:00,0.164,5.897
2023-08-01 13:00,0.138,5.582
2023-08-01 14:00,0.139,5.610
2023-08-01 15:00,0.183,6.108
2023-08-01 16:00,0.233,6.596
2023-08-01 17:00,0.272,6.941
2023-08-01 18:00,0.323,7.367
2023-08-01 19:00,0.435,8.223
2023-08-01 20:00,0.469,8.476
2023-08-01 21:00,0.389,7.884
2023-08-01 22:00,0.242,6.673
2023-08-01 23:00,0.186,6.136
2023-08-02 00:00,0.239,6.651
2023-08-02 01:00,0.262,6.858
2023-08-02 02:00,0.208,6.358
2023-08-02 03:00,0.142,5.644
2023-08-02 04:00,0.084,4.838
2023-08-02 05:00,0.034,3.792
2023-08-02 06:00,0.006,2.556
2023-08-02 07:00,0,1.686
2023-08-02 08:00,0.003,2.339
2023-08-02 09:00,0.021,3.396
2023-08-02 10:00,0.073,4.633
2023-08-02 11:00,0.127,5.445
2023-08-02 12:00,0.179,6.055
2023-08-02 13:00,0.223,6.508
2023-08-02 14:00,0.260,6.842
2023-08-02 15:00,0.291,7.101
2023-08-02 16:00,0.282,7.034
2023-08-02 17:00,0.264,6.880
2023-08-02 18:00,0.242,6.675
2023-08-02 19:00,0.232,6.580
2023-08-02 20:00,0.225,6.526
2023-08-02 21:00,0.212,6.397
2023-08-02 22:00,0.154,5.777
2023-08-02 23:00,0.120,5.365
2023-08-03 00:00,0.119,5.344
2023-08-03 01:00,0.112,5.257
2023-08-03 02:00,0.093,4.970
2023-08-03 03:00,0.057,4.350
2023-08-03 04:00,0.029,3.650
2023-08-03 05:00,0.020,3.337
2023-08-03 06:00,0.023,3.453
2023-08-03 07:00,0.035,3.844
2023-08-03 08:00,0.055,4.296
2023-08-03 09:00,0.094,4.999
2023-08-03 10:00,0.155,5.784
2023-08-03 11:00,0.212,6.396
2023-08-03 12:00,0.262,6.852
2023-08-03 13:00,0.309,7.254
2023-08-03 14:00,0.332,7.438
2023-08-03 15:00,0.334,7.460
2023-08-03 16:00,0.346,7.556
2023-08-03 17:00,0.341,7.509
2023-08-03 18:00,0.321,7.353
2023-08-03 19:00,0.300,7.182
2023-08-03 20:00,0.282,7.037
2023-08-03 21:00,0.288,7.078
2023-08-03 22:00,0.243,6.684
2023-08-03 23:00,0.211,6.387
2023-08-04 00:00,0.217,6.449
2023-08-04 01:00,0.204,6.319
2023-08-04 02:00,0.179,6.058
2023-08-04 03:00,0.146,5.693
2023-08-04 04:00,0.138,5.595
2023-08-04 05:00,0.189,6.163
2023-08-04 06:00,0.315,7.311
2023-08-04 07:00,0.476,8.523
2023-08-04 08:00,0.613,9.561
2023-08-04 09:00,0.725,10.530
2023-08-04 10:00,0.823,11.621
2023-08-04 11:00,0.869,12.307
2023-08-04 12:00,0.848,11.974
2023-08-04 13:00,0.816,11.526
2023-08-04 14:00,0.736,10.641
2023-08-04 15:00,0.640,9.784
2023-08-04 16:00,0.550,9.077
2023-08-04 17:00,0.472,8.495
2023-08-04 18:00,0.413,8.061
2023-08-04 19:00,0.435,8.229
2023-08-04 20:00,0.573,9.242
2023-08-04 21:00,0.647,9.839
2023-08-04 22:00,0.612,9.553
2023-08-04 23:00,0.528,8.903
2023-08-05 00:00,0.468,8.472
2023-08-05 01:00,0.412,8.046
2023-08-05 02:00,0.339,7.500
2023-08-05 03:00,0.281,7.024
2023-08-05 04:00,0.249,6.740
2023-08-05 05:00,0.254,6.794
2023-08-05 06:00,0.306,7.232
2023-08-05 07:00,0.395,7.932
2023-08-05 08:00,0.514,8.803
2023-08-05 09:00,0.588,9.365
2023-08-05 10:00,0.628,9.676
2023-08-05 11:00,0.633,9.725
2023-08-05 12:00,0.594,9.407
2023-08-05 13:00,0.548,9.061
2023-08-05 14:00,0.583,9.327
2023-08-05 15:00,0.536,8.975
2023-08-05 16:00,0.429,8.179
2023-08-05 17:00,0.332,7.438
2023-08-05 18:00,0.266,6.895
2023-08-05 19:00,0.219,6.471
2023-08-05 20:00,0.190,6.173
2023-08-05 21:00,0.149,5.721
2023-08-05 22:00,0.110,5.232
2023-08-05 23:00,0.087,4.879
2023-08-06 00:00,0.068,4.558
2023-08-06 01:00,0.041,3.996
2023-08-06 02:00,0.025,3.534
2023-08-06 03:00,0.031,3.720
2023-08-06 04:00,0.078,4.729
2023-08-06 05:00,0.178,6.047
2023-08-06 06:00,0.329,7.415
2023-08-06 07:00,0.499,8.694
2023-08-06 08:00,0.630,9.689
2023-08-06 09:00,0.662,9.957
2023-08-06 10:00,0.646,9.825
2023-08-06 11:00,0.621,9.626
2023-08-06 12:00,0.594,9.409
2023-08-06 13:00,0.616,9.583
2023-08-06 14:00,0.500,8.702
2023-08-06 15:00,0.328,7.408
2023-08-06 16:00,0.344,7.540
2023-08-06 17:00,0.429,8.179
2023-08-06 18:00,0.530,8.926
2023-08-06 19:00,0.510,8.775
2023-08-06 20:00,0.413,8.055
2023-08-06 21:00,0.330,7.419
2023-08-06 22:00,0.282,7.038
2023-08-06 23:00,0.274,6.966
2023-08-07 00:00,0.259,6.829
2023-08-07 01:00,0.241,6.666
2023-08-07 02:00,0.229,6.564
2023-08-07 03:00,0.227,6.541
2023-08-07 04:00,0.242,6.676
2023-08-07 05:00,0.274,6.961
2023-08-07 06:00,0.313,7.284
2023-08-07 07:00,0.360,7.654
2023-08-07 08:00,0.374,7.766
2023-08-07 09:00,0.362,7.673
2023-08-07 10:00,0.377,7.790
2023-08-07 11:00,0.392,7.904
2023-08-07 12:00,0.378,7.800
2023-08-07 13:00,0.377,7.789
2023-08-07 14:00,0.371,7.749
2023-08-07 15:00,0.352,7.594
2023-08-07 16:00,0.308,7.242
2023-08-07 17:00,0.244,6.701
2023-08-07 18:00,0.217,6.451
2023-08-07 19:00,0.213,6.407
2023-08-07 20:00,0.194,6.219
2023-08-07 21:00,0.157,5.824
2023-08-07 22:00,0.110,5.224
2023-08-07 23:00,0.068,4.561
2023-08-08 00:00,0.031,3.735
2023-08-08 01:00,0.012,3.016
2023-08-08 02:00,0.007,2.659
2023-08-08 03:00,0.007,2.673
2023-08-08 04:00,0.008,2.758
2023-08-08 05:00,0.008,2.764
2023-08-08 06:00,0.008,2.733
2023-08-08 07:00,0.011,2.956
2023-08-08 08:00,0.025,3.532
2023-08-08 09:00,0.060,4.397
2023-08-08 10:00,0.115,5.290
2023-08-08 11:00,0.146,5.691
2023-08-08 12:00,0.130,5.495
2023-08-08 13:00,0.091,4.943
2023-08-08 14:00,0.055,4.300
2023-08-08 15:00,0.034,3.793
2023-08-08 16:00,0.029,3.639
2023-08-08 17:00,0.035,3.832
2023-08-08 18:00,0.050,4.201
2023-08-08 19:00,0.067,4.538
2023-08-08 20:00,0.081,4.776
2023-08-08 21:00,0.099,5.059
2023-08-08 22:00,0.109,5.218
2023-08-08 23:00,0.128,5.470
2023-08-09 00:00,0.160,5.849
2023-08-09 01:00,0.179,6.058
2023-08-09 02:00,0.186,6.132
2023-08-09 03:00,0.190,6.179
2023-08-09 04:00,0.204,6.321
2023-08-09 05:00,0.227,6.540
2023-08-09 06:00,0.252,6.773
2023-08-09 07:00,0.302,7.190
2023-08-09 08:00,0.396,7.939
2023-08-09 09:00,0.484,8.583
2023-08-09 10:00,0.487,8.609
2023-08-09 11:00,0.413,8.054
2023-08-09 12:00,0.295,7.136
2023-08-09 13:00,0.205,6.325
2023-08-09 14:00,0.154,5.775
2023-08-09 15:00,0.140,5.620
2023-08-09 16:00,0.140,5.622
2023-08-09 17:00,0.118,5.340
2023-08-09 18:00,0.084,4.827
2023-08-09 19:00,0.052,4.231
2023-08-09 20:00,0.019,3.317
2023-08-09 21:00,0.006,2.578
2023-08-09 22:00,0.001,1.755
2023-08-09 23:00,0,1.176
2023-08-10 00:00,0,1.509
2023-08-10 01:00,0,1.675
2023-08-10 02:00,0.001,1.743
2023-08-10 03:00,0,1.632
2023-08-10 04:00,0,1.589
2023-08-10 05:00,0,1.601
2023-08-10 06:00,0,1.534
2023-08-10 07:00,0,1.294
2023-08-10 08:00,0,1.040
2023-08-10 09:00,0,0.662
2023-08-10 10:00,0,1.135
2023-08-10 11:00,0.003,2.237
2023-08-10 12:00,0.014,3.087
2023-08-10 13:00,0.022,3.431
2023-08-10 14:00,0.019,3.312
2023-08-10 15:00,0.019,3.322
2023-08-10 16:00,0.021,3.380
2023-08-10 17:00,0.022,3.441
2023-08-10 18:00,0.025,3.528
2023-08-10 19:00,0.028,3.629
2023-08-10 20:00,0.032,3.754
2023-08-10 21:00,0.025,3.541
2023-08-10 22:00,0.013,3.072
2023-08-10 23:00,0.012,3.001
2023-08-11 00:00,0.011,2.957
2023-08-11 01:00,0.008,2.725
2023-08-11 02:00,0.004,2.423
2023-08-11 03:00,0.003,2.306
2023-08-11 04:00,0.005,2.531
2023-08-11 05:00,0.011,2.917
2023-08-11 06:00,0.018,3.280
2023-08-11 07:00,0.025,3.518
2023-08-11 08:00,0.032,3.748
2023-08-11 09:00,0.031,3.706
2023-08-11 10:00,0.024,3.504
2023-08-11 11:00,0.014,3.093
2023-08-11 12:00,0.008,2.759
2023-08-11 13:00,0.007,2.681
2023-08-11 14:00,0.007,2.693
2023-08-11 15:00,0.006,2.635
2023-08-11 16:00,0.006,2.614
2023-08-11 17:00,0.009,2.787
2023-08-11 18:00,0.015,3.119
2023-08-11 19:00,0.022,3.435
2023-08-11 20:00,0.033,3.767
2023-08-11 21:00,0.048,4.140
2023-08-11 22:00,0.071,4.611
2023-08-11 23:00,0.107,5.186
2023-08-12 00:00,0.138,5.589
2023-08-12 01:00,0.186,6.140
2023-08-12 02:00,0.256,6.806
2023-08-12 03:00,0.313,7.282
2023-08-12 04:00,0.335,7.469
2023-08-12 05:00,0.337,7.479
2023-08-12 06:00,0.329,7.417
2023-08-12 07:00,0.321,7.352
2023-08-12 08:00,0.313,7.284
2023-08-12 09:00,0.313,7.280
2023-08-12 10:00,0.313,7.288
2023-08-12 11:00,0.333,7.452
2023-08-12 12:00,0.342,7.517
2023-08-12 13:00,0.342,7.512
2023-08-12 14:00,0.342,7.520
2023-08-12 15:00,0.354,7.612
2023-08-12 16:00,0.381,7.819
2023-08-12 17:00,0.413,8.066
2023-08-12 18:00,0.441,8.259
2023-08-12 19:00,0.450,8.331
2023-08-12 20:00,0.455,8.371
2023-08-12 21:00,0.441,8.260
2023-08-12 22:00,0.404,8.000
2023-08-12 23:00,0.395,7.928
2023-08-13 00:00,0.383,7.835
2023-08-13 01:00,0.386,7.854
2023-08-13 02:00,0.395,7.922
2023-08-13 03:00,0.399,7.959
2023-08-13 04:00,0.415,8.073
2023-08-13 05:00,0.429,8.171
2023-08-13 06:00,0.441,8.268
2023-08-13 07:00,0.461,8.415
2023-08-13 08:00,0.489,8.626
2023-08-13 09:00,0.488,8.617
2023-08-13 10:00,0.479,8.546
2023-08-13 11:00,0.484,8.584
2023-08-13 12:00,0.495,8.664
2023-08-13 13:00,0.528,8.903
2023-08-13 14:00,0.555,9.118
2023-08-13 15:00,0.573,9.248
2023-08-13 16:00,0.564,9.176
2023-08-13 17:00,0.522,8.871
2023-08-13 18:00,0.466,8.453
2023-08-13 19:00,0.410,8.032
2023-08-13 20:00,0.351,7.584
2023-08-13 21:00,0.313,7.283
2023-08-13 22:00,0.293,7.130
2023-08-13 23:00,0.315,7.306
2023-08-14 00:00,0.315,7.309
2023-08-14 01:00,0.317,7.322
2023-08-14 02:00,0.343,7.524
2023-08-14 03:00,0.390,7.890
2023-08-14 04:00,0.453,8.349
2023-08-14 05:00,0.536,8.973
2023-08-14 06:00,0.625,9.650
2023-08-14 07:00,0.691,10.218
2023-08-14 08:00,0.718,10.467
2023-08-14 09:00,0.687,10.177
2023-08-14 10:00,0.634,9.731
2023-08-14 11:00,0.611,9.543
2023-08-14 12:00,0.642,9.796
2023-08-14 13:00,0.658,9.928
2023-08-14 14:00,0.696,10.265
2023-08-14 15:00,0.685,10.162
2023-08-14 16:00,0.636,9.746
2023-08-14 17:00,0.561,9.159
2023-08-14 18:00,0.480,8.550
2023-08-14 19:00,0.422,8.124
2023-08-14 20:00,0.371,7.750
2023-08-14 21:00,0.313,7.294
2023-08-14 22:00,0.228,6.551
2023-08-14 23:00,0.182,6.089
2023-08-15 00:00,0.147,5.695
2023-08-15 01:00,0.121,5.374
2023-08-15 02:00,0.107,5.189
2023-08-15 03:00,0.120,5.366
2023-08-15 04:00,0.159,5.838
2023-08-15 05:00,0.217,6.437
2023-08-15 06:00,0.284,7.055
2023-08-15 07:00,0.344,7.541
2023-08-15 08:00,0.369,7.732
2023-08-15 09:00,0.347,7.558
2023-08-15 10:00,0.312,7.278
2023-08-15 11:00,0.293,7.123
2023-08-15 12:00,0.266,6.897
2023-08-15 13:00,0.224,6.519
2023-08-15 14:00,0.161,5.865
2023-08-15 15:00,0.122,5.386
2023-08-15 16:00,0.101,5.101
2023-08-15 17:00,0.085,4.857
2023-08-15 18:00,0.079,4.748
2023-08-15 19:00,0.095,5.005
2023-08-15 20:00,0.108,5.193
2023-08-15 21:00,0.095,5.012
2023-08-15 22:00,0.061,4.428
2023-08-15 23:00,0.037,3.872
2023-08-16 00:00,0.028,3.630
2023-08-16 01:00,0.018,3.292
2023-08-16 02:00,0.007,2.677
2023-08-16 03:00,0.004,2.357
2023-08-16 04:00,0.007,2.683
2023-08-16 05:00,0.035,3.820
2023-08-16 06:00,0.107,5.180
2023-08-16 07:00,0.199,6.266
2023-08-16 08:00,0.283,7.045
2023-08-16 09:00,0.291,7.110
2023-08-16 10:00,0.249,6.738
2023-08-16 11:00,0.208,6.358
2023-08-16 12:00,0.179,6.062
2023-08-16 13:00,0.152,5.757
2023-08-16 14:00,0.126,5.436
2023-08-16 15:00,0.106,5.168
2023-08-16 16:00,0.092,4.957
2023-08-16 17:00,0.078,4.743
2023-08-16 18:00,0.069,4.568
2023-08-16 19:00,0.065,4.496
2023-08-16 20:00,0.063,4.458
2023-08-16 21:00,0.053,4.260
2023-08-16 22:00,0.037,3.870
2023-08-16 23:00,0.017,3.252
2023-08-17 00:00,0.006,2.602
2023-08-17 01:00,0.002,2.160
2023-08-17 02:00,0.007,2.659
2023-08-17 03:00,0.022,3.424
2023-08-17 04:00,0.048,4.149
2023-08-17 05:00,0.064,4.483
2023-08-17 06:00,0.047,4.117
2023-08-17 07:00,0.050,4.199
2023-08-17 08:00,0.068,4.540
2023-08-17 09:00,0.070,4.596
2023-08-17 10:00,0.055,4.304
2023-08-17 11:00,0.050,4.202
2023-08-17 12:00,0.049,4.173
2023-08-17 13:00,0.058,4.363
2023-08-17 14:00,0.066,4.518
2023-08-17 15:00,0.057,4.348
2023-08-17 16:00,0.047,4.118
2023-08-17 17:00,0.059,4.384
2023-08-17 18:00,0.060,4.404
2023-08-17 19:00,0.087,4.890
2023-08-17 20:00,0.180,6.069
2023-08-17 21:00,0.197,6.240
2023-08-17 22:00,0.116,5.298
2023-08-17 23:00,0.067,4.539
2023-08-18 00:00,0.048,4.137
2023-08-18 01:00,0.033,3.778
2023-08-18 02:00,0.021,3.392
2023-08-18 03:00,0.016,3.187
2023-08-18 04:00,0.022,3.438
2023-08-18 05:00,0.031,3.726
2023-08-18 06:00,0.043,4.040
2023-08-18 07:00,0.050,4.207
2023-08-18 08:00,0.052,4.247
2023-08-18 09:00,0.057,4.348
2023-08-18 10:00,0.068,4.551
2023-08-18 11:00,0.093,4.974
2023-08-18 12:00,0.100,5.069
2023-08-18 13:00,0.060,4.395
2023-08-18 14:00,0.043,4.024
2023-08-18 15:00,0.038,3.916
2023-08-18 16:00,0.038,3.901
2023-08-18 17:00,0.039,3.945
2023-08-18 18:00,0.033,3.780
2023-08-18 19:00,0.015,3.137
2023-08-18 20:00,0.004,2.450
2023-08-18 21:00,0.002,2.116
2023-08-18 22:00,0.003,2.281
2023-08-18 23:00,0.004,2.417
2023-08-19 00:00,0.003,2.283
2023-08-19 01:00,0.001,1.876
2023-08-19 02:00,0,1.684
2023-08-19 03:00,0,1.588
2023-08-19 04:00,0,1.479
2023-08-19 05:00,0,1.475
2023-08-19 06:00,0,1.599
2023-08-19 07:00,0.001,1.846
2023-08-19 08:00,0.001,2.008
2023-08-19 09:00,0.001,1.961
2023-08-19 10:00,0.002,2.070
2023-08-19 11:00,0.003,2.312
2023-08-19 12:00,0.008,2.717
2023-08-19 13:00,0.018,3.278
2023-08-19 14:00,0.035,3.839
2023-08-19 15:00,0.052,4.249
2023-08-19 16:00,0.076,4.704
2023-08-19 17:00,0.107,5.188
2023-08-19 18:00,0.127,5.445
2023-08-19 19:00,0.114,5.273
2023-08-19 20:00,0.082,4.786
2023-08-19 21:00,0.055,4.292
2023-08-19 22:00,0.038,3.893
2023-08-19 23:00,0.037,3.880
2023-08-20 00:00,0.036,3.854
2023-08-20 01:00,0.024,3.490
2023-08-20 02:00,0.016,3.170
2023-08-20 03:00,0.021,3.370
2023-08-20 04:00,0.026,3.556
2023-08-20 05:00,0.028,3.620
2023-08-20 06:00,0.034,3.809
2023-08-20 07:00,0.045,4.091
2023-08-20 08:00,0.058,4.357
2023-08-20 09:00,0.061,4.432
2023-08-20 10:00,0.067,4.534
2023-08-20 11:00,0.069,4.581
2023-08-20 12:00,0.068,4.542
2023-08-20 13:00,0.067,4.529
2023-08-20 14:00,0.074,4.650
2023-08-20 15:00,0.083,4.817
2023-08-20 16:00,0.089,4.917
2023-08-20 17:00,0.078,4.731
2023-08-20 18:00,0.055,4.308
2023-08-20 19:00,0.035,3.833
2023-08-20 20:00,0.031,3.725
2023-08-20 21:00,0.039,3.933
2023-08-20 22:00,0.042,4.004
2023-08-20 23:00,0.053,4.265
2023-08-21 00:00,0.067,4.533
2023-08-21 01:00,0.073,4.646
2023-08-21 02:00,0.077,4.718
2023-08-21 03:00,0.091,4.951
2023-08-21 04:00,0.118,5.337
2023-08-21 05:00,0.167,5.935
2023-08-21 06:00,0.244,6.694
2023-08-21 07:00,0.290,7.094
2023-08-21 08:00,0.308,7.248
2023-08-21 09:00,0.320,7.343
2023-08-21 10:00,0.328,7.411
2023-08-21 11:00,0.330,7.430
2023-08-21 12:00,0.299,7.175
2023-08-21 13:00,0.266,6.893
2023-08-21 14:00,0.247,6.724
2023-08-21 15:00,0.235,6.614
2023-08-21 16:00,0.222,6.485
2023-08-21 17:00,0.192,6.188
2023-08-21 18:00,0.155,5.787
2023-08-21 19:00,0.123,5.404
2023-08-21 20:00,0.106,5.163
2023-08-21 21:00,0.102,5.105
2023-08-21 22:00,0.088,4.895
2023-08-21 23:00,0.078,4.741
2023-08-22 00:00,0.074,4.667
2023-08-22 01:00,0.050,4.200
2023-08-22 02:00,0.027,3.608
2023-08-22 03:00,0.021,3.397
2023-08-22 04:00,0.024,3.493
2023-08-22 05:00,0.028,3.624
2023-08-22 06:00,0.036,3.852
2023-08-22 07:00,0.052,4.251
2023-08-22 08:00,0.071,4.604
2023-08-22 09:00,0.070,4.595
2023-08-22 10:00,0.061,4.411
2023-08-22 11:00,0.048,4.139
2023-08-22 12:00,0.037,3.880
2023-08-22 13:00,0.033,3.779
2023-08-22 14:00,0.033,3.778
2023-08-22 15:00,0.038,3.923
2023-08-22 16:00,0.048,4.138
2023-08-22 17:00,0.051,4.210
2023-08-22 18:00,0.045,4.080
2023-08-22 19:00,0.033,3.766
2023-08-22 20:00,0.022,3.426
2023-08-22 21:00,0.012,2.994
2023-08-22 22:00,0.010,2.862
2023-08-22 23:00,0.021,3.378
2023-08-23 00:00,0.032,3.735
2023-08-23 01:00,0.038,3.912
2023-08-23 02:00,0.052,4.239
2023-08-23 03:00,0.077,4.724
2023-08-23 04:00,0.107,5.185
2023-08-23 05:00,0.126,5.441
2023-08-23 06:00,0.144,5.662
2023-08-23 07:00,0.164,5.898
2023-08-23 08:00,0.180,6.074
2023-08-23 09:00,0.149,5.722
2023-08-23 10:00,0.125,5.431
2023-08-23 11:00,0.112,5.261
2023-08-23 12:00,0.105,5.157
2023-08-23 13:00,0.113,5.272
2023-08-23 14:00,0.137,5.570
2023-08-23 15:00,0.159,5.842
2023-08-23 16:00,0.152,5.756
2023-08-23 17:00,0.110,5.227
2023-08-23 18:00,0.066,4.518
2023-08-23 19:00,0.038,3.891
2023-08-23 20:00,0.026,3.550
2023-08-23 21:00,0.029,3.651
2023-08-23 22:00,0.048,4.137
2023-08-23 23:00,0.076,4.702
2023-08-24 00:00,0.104,5.135
2023-08-24 01:00,0.129,5.484
2023-08-24 02:00,0.162,5.876
2023-08-24 03:00,0.171,5.968
2023-08-24 04:00,0.164,5.894
2023-08-24 05:00,0.149,5.731
2023-08-24 06:00,0.137,5.577
2023-08-24 07:00,0.127,5.449
2023-08-24 08:00,0.118,5.321
2023-08-24 09:00,0.103,5.123
2023-08-24 10:00,0.097,5.028
2023-08-24 11:00,0.083,4.819
2023-08-24 12:00,0.066,4.525
2023-08-24 13:00,0.049,4.186
2023-08-24 14:00,0.034,3.797
2023-08-24 15:00,0.024,3.512
2023-08-24 16:00,0.026,3.565
2023-08-24 17:00,0.033,3.790
2023-08-24 18:00,0.014,3.102
2023-08-24 19:00,0,1.551
2023-08-24 20:00,0,1.290
2023-08-24 21:00,0,1.358
2023-08-24 22:00,0,1.407
2023-08-24 23:00,0,0.838
2023-08-25 00:00,0,0.975
2023-08-25 01:00,0,1.365
2023-08-25 02:00,0,1.564
2023-08-25 03:00,0.001,1.830
2023-08-25 04:00,0.002,2.107
2023-08-25 05:00,0.003,2.246
2023-08-25 06:00,0.003,2.254
2023-08-25 07:00,0.005,2.543
2023-08-25 08:00,0.016,3.169
2023-08-25 09:00,0.023,3.457
2023-08-25 10:00,0.024,3.496
2023-08-25 11:00,0.039,3.933
2023-08-25 12:00,0.021,3.403
2023-08-25 13:00,0.003,2.313
2023-08-25 14:00,0.008,2.773
2023-08-25 15:00,0.017,3.208
2023-08-25 16:00,0.034,3.797
2023-08-25 17:00,0.062,4.444
2023-08-25 18:00,0.092,4.969
2023-08-25 19:00,0.065,4.493
2023-08-25 20:00,0.045,4.075
2023-08-25 21:00,0.050,4.187
2023-08-25 22:00,0.064,4.489
2023-08-25 23:00,0.065,4.496
2023-08-26 00:00,0.069,4.576
2023-08-26 01:00,0.109,5.214
2023-08-26 02:00,0.161,5.863
2023-08-26 03:00,0.161,5.865
2023-08-26 04:00,0.128,5.474
2023-08-26 05:00,0.104,5.144
2023-08-26 06:00,0.088,4.894
2023-08-26 07:00,0.075,4.678
2023-08-26 08:00,0.064,4.492
2023-08-26 09:00,0.050,4.187
2023-08-26 10:00,0.032,3.749
2023-08-26 11:00,0.017,3.248
2023-08-26 12:00,0.008,2.730
2023-08-26 13:00,0.001,1.973
2023-08-26 14:00,0,1.565
2023-08-26 15:00,0.002,2.142
2023-08-26 16:00,0.010,2.860
2023-08-26 17:00,0.025,3.519
2023-08-26 18:00,0.017,3.231
2023-08-26 19:00,0.006,2.602
2023-08-26 20:00,0.001,1.851
2023-08-26 21:00,0,1.064
2023-08-26 22:00,0,0.686
2023-08-26 23:00,0,0.741
2023-08-27 00:00,0,0.975
2023-08-27 01:00,0,1.351
2023-08-27 02:00,0,1.597
2023-08-27 03:00,0,1.541
2023-08-27 04:00,0,1.674
2023-08-27 05:00,0.002,2.083
2023-08-27 06:00,0.002,2.202
2023-08-27 07:00,0.005,2.540
2023-08-27 08:00,0.020,3.355
2023-08-27 09:00,0.038,3.906
2023-08-27 10:00,0.025,3.532
2023-08-27 11:00,0.008,2.748
2023-08-27 12:00,0.002,2.092
2023-08-27 13:00,0,1.428
2023-08-27 14:00,0,0.857
2023-08-27 15:00,0,0.445
2023-08-27 16:00,0,0.714
2023-08-27 17:00,0,1.067
2023-08-27 18:00,0,1.320
2023-08-27 19:00,0,1.288
2023-08-27 20:00,0,1.432
2023-08-27 21:00,0,1.635
2023-08-27 22:00,0.001,1.804
2023-08-27 23:00,0,1.548
2023-08-28 00:00,0,1.347
2023-08-28 01:00,0,1.258
2023-08-28 02:00,0,1.388
2023-08-28 03:00,0,1.598
2023-08-28 04:00,0.001,1.928
2023-08-28 05:00,0.003,2.242
2023-08-28 06:00,0.008,2.757
2023-08-28 07:00,0.014,3.082
2023-08-28 08:00,0.017,3.248
2023-08-28 09:00,0.019,3.303
2023-08-28 10:00,0.021,3.383
2023-08-28 11:00,0.022,3.422
2023-08-28 12:00,0.023,3.462
2023-08-28 13:00,0.025,3.546
2023-08-28 14:00,0.025,3.527
2023-08-28 15:00,0.041,3.982
2023-08-28 16:00,0.064,4.492
2023-08-28 17:00,0.042,4.021
2023-08-28 18:00,0.030,3.676
2023-08-28 19:00,0.022,3.417
2023-08-28 20:00,0.009,2.816
2023-08-28 21:00,0.001,1.930
2023-08-28 22:00,0,1.127
2023-08-28 23:00,0,0.427
2023-08-29 00:00,0,1.096
2023-08-29 01:00,0.002,2.029
2023-08-29 02:00,0.005,2.525
2023-08-29 03:00,0.009,2.847
2023-08-29 04:00,0.020,3.356
2023-08-29 05:00,0.045,4.074
2023-08-29 06:00,0.091,4.938
2023-08-29 07:00,0.165,5.905
2023-08-29 08:00,0.257,6.815
2023-08-29 09:00,0.298,7.166
2023-08-29 10:00,0.286,7.069
2023-08-29 11:00,0.267,6.906
2023-08-29 12:00,0.377,7.792
2023-08-29 13:00,0.540,8.993
2023-08-29 14:00,0.657,9.918
2023-08-29 15:00,0.717,10.442
2023-08-29 16:00,0.753,10.813
2023-08-29 17:00,0.786,11.169
2023-08-29 18:00,0.817,11.546
2023-08-29 19:00,0.841,11.881
2023-08-29 20:00,0.861,12.177
2023-08-29 21:00,0.872,12.361
2023-08-29 22:00,0.867,12.276
2023-08-29 23:00,0.902,12.926
2023-08-30 00:00,0.941,13.911
2023-08-30 01:00,0.950,14.227
2023-08-30 02:00,0.961,14.648
2023-08-30 03:00,0.970,15.085
2023-08-30 04:00,0.981,15.845
2023-08-30 05:00,0.984,16.127
2023-08-30 06:00,0.987,16.559
2023-08-30 07:00,0.987,16.533
2023-08-30 08:00,0.987,16.587
2023-08-30 09:00,0.985,16.290
2023-08-30 10:00,0.982,15.992
2023-08-30 11:00,0.984,16.124
2023-08-30 12:00,0.986,16.414
2023-08-30 13:00,0.986,16.463
2023-08-30 14:00,0.984,16.173
2023-08-30 15:00,0.982,15.975
2023-08-30 16:00,0.984,16.120
2023-08-30 17:00,0.986,16.497
2023-08-30 18:00,0.988,16.887
2023-08-30 19:00,0.989,17.076
2023-08-30 20:00,0.989,16.988
2023-08-30 21:00,0.988,16.705
2023-08-30 22:00,0.986,16.438
2023-08-30 23:00,0.986,16.403
2023-08-31 00:00,0.986,16.449
2023-08-31 01:00,0.986,16.453
2023-08-31 02:00,0.985,16.343
2023-08-31 03:00,0.985,16.226
2023-08-31 04:00,0.982,15.976
2023-08-31 05:00,0.980,15.772
2023-08-31 06:00,0.979,15.675
2023-08-31 07:00,0.980,15.748
2023-08-31 08:00,0.984,16.160
2023-08-31 09:00,0.988,16.860
2023-08-31 10:00,0.989,16.986
2023-08-31 11:00,0.988,16.729
2023-08-31 12:00,0.981,15.851
2023-08-31 13:00,0.966,14.867
2023-08-31 14:00,0.949,14.171
2023-08-31 15:00,0.942,13.946
2023-08-31 16:00,0.931,13.624
2023-08-31 17:00,0.922,13.391
2023-08-31 18:00,0.931,13.629
2023-08-31 19:00,0.949,14.176
2023-08-31 20:00,0.965,14.815
2023-08-31 21:00,0.967,14.924
2023-08-31 22:00,0.967,14.937
2023-08-31 23:00,0.970,15.095
2023-09-01 00:00,0.974,15.311
2023-09-01 01:00,0.974,15.372
2023-09-01 02:00,0.975,15.404
2023-09-01 03:00,0.977,15.545
2023-09-01 04:00,0.979,15.681
2023-09-01 05:00,0.977,15.523
2023-09-01 06:00,0.972,15.197
2023-09-01 07:00,0.966,14.897
2023-09-01 08:00,0.963,14.731
2023-09-01 09:00,0.968,15.016
2023-09-01 10:00,0.976,15.477
2023-09-01 11:00,0.980,15.767
2023-09-01 12:00,0.982,15.945
2023-09-01 13:00,0.984,16.145
2023-09-01 14:00,0.986,16.377
2023-09-01 15:00,0.986,16.487
2023-09-01 16:00,0.987,16.572
2023-09-01 17:00,0.986,16.452
2023-09-01 18:00,0.984,16.152
2023-09-01 19:00,0.982,15.900
2023-09-01 20:00,0.980,15.819
2023-09-01 21:00,0.974,15.367
2023-09-01 22:00,0.962,14.688
2023-09-01 23:00,0.949,14.195
2023-09-02 00:00,0.940,13.879
2023-09-02 01:00,0.929,13.576
2023-09-02 02:00,0.920,13.333
2023-09-02 03:00,0.923,13.414
2023-09-02 04:00,0.937,13.782
2023-09-02 05:00,0.947,14.102
2023-09-02 06:00,0.949,14.198
2023-09-02 07:00,0.953,14.335
2023-09-02 08:00,0.960,14.606
2023-09-02 09:00,0.964,14.783
2023-09-02 10:00,0.962,14.684
2023-09-02 11:00,0.955,14.409
2023-09-02 12:00,0.939,13.856
2023-09-02 13:00,0.923,13.412
2023-09-02 14:00,0.900,12.885
2023-09-02 15:00,0.885,12.577
2023-09-02 16:00,0.890,12.688
2023-09-02 17:00,0.906,13.011
2023-09-02 18:00,0.921,13.350
2023-09-02 19:00,0.936,13.741
2023-09-02 20:00,0.947,14.129
2023-09-02 21:00,0.962,14.676
2023-09-02 22:00,0.966,14.911
2023-09-02 23:00,0.971,15.178
2023-09-03 00:00,0.981,15.824
2023-09-03 01:00,0.987,16.541
2023-09-03 02:00,0.989,17.402
2023-09-03 03:00,0.987,18.028
2023-09-03 04:00,0.983,18.511
2023-09-03 05:00,0.976,19.050
2023-09-03 06:00,0.967,19.490
2023-09-03 07:00,0.960,19.737
2023-09-03 08:00,0.956,19.892
2023-09-03 09:00,0.950,20.063
2023-09-03 10:00,0.940,20.348
2023-09-03 11:00,0.924,20.722
2023-09-03 12:00,0.886,21.394
2023-09-03 13:00,0.834,22.103
2023-09-03 14:00,0.809,22.387
2023-09-03 15:00,0.811,22.367
2023-09-03 16:00,0.815,22.326
2023-09-03 17:00,0.828,22.177
2023-09-03 18:00,0.848,21.934
2023-09-03 19:00,0.871,21.616
2023-09-03 20:00,0.888,21.362
2023-09-03 21:00,0.889,21.351
2023-09-03 22:00,0.891,21.321
2023-09-03 23:00,0.872,21.601
2023-09-04 00:00,0.869,21.645
2023-09-04 01:00,0.863,21.727
2023-09-04 02:00,0.798,22.509
2023-09-04 03:00,0.706,23.389
2023-09-04 04:00,0.633,23.992
2023-09-04 05:00,0.578,24.425
2023-09-04 06:00,0.583,24.382
2023-09-04 07:00,0.665,23.734
2023-09-04 08:00,0.768,22.816
2023-09-04 09:00,0.822,22.247
2023-09-04 10:00,0.858,21.797
2023-09-04 11:00,0.920,20.793
2023-09-04 12:00,0.974,19.160
2023-09-04 13:00,0.989,17.234
2023-09-04 14:00,0.974,15.307
2023-09-04 15:00,0.905,12.982
2023-09-04 16:00,0.771,10.996
2023-09-04 17:00,0.527,8.899
2023-09-04 18:00,0.349,7.574
2023-09-04 19:00,0.240,6.663
2023-09-04 20:00,0.167,5.927
2023-09-04 21:00,0.103,5.120
2023-09-04 22:00,0.067,4.537
2023-09-04 23:00,0.044,4.055
2023-09-05 00:00,0.031,3.733
2023-09-05 01:00,0.028,3.612
2023-09-05 02:00,0.026,3.563
2023-09-05 03:00,0.043,4.044
2023-09-05 04:00,0.090,4.936
2023-09-05 05:00,0.130,5.494
2023-09-05 06:00,0.165,5.911
2023-09-05 07:00,0.209,6.367
2023-09-05 08:00,0.266,6.897
2023-09-05 09:00,0.275,6.971
2023-09-05 10:00,0.274,6.962
2023-09-05 11:00,0.299,7.167
2023-09-05 12:00,0.371,7.738
2023-09-05 13:00,0.410,8.038
2023-09-05 14:00,0.342,7.514
2023-09-05 15:00,0.254,6.790
2023-09-05 16:00,0.177,6.035
2023-09-05 17:00,0.140,5.620
2023-09-05 18:00,0.161,5.860
2023-09-05 19:00,0.219,6.460
2023-09-05 20:00,0.287,7.074
2023-09-05 21:00,0.321,7.348
2023-09-05 22:00,0.353,7.601
2023-09-05 23:00,0.356,7.626
2023-09-06 00:00,0.371,7.739
2023-09-06 01:00,0.377,7.793
2023-09-06 02:00,0.379,7.808
2023-09-06 03:00,0.407,8.017
2023-09-06 04:00,0.446,8.309
2023-09-06 05:00,0.486,8.605
2023-09-06 06:00,0.533,8.948
2023-09-06 07:00,0.564,9.181
2023-09-06 08:00,0.589,9.379
2023-09-06 09:00,0.610,9.540
2023-09-06 10:00,0.636,9.740
2023-09-06 11:00,0.652,9.879
2023-09-06 12:00,0.652,9.884
2023-09-06 13:00,0.613,9.564
2023-09-06 14:00,0.548,9.061
2023-09-06 15:00,0.486,8.604
2023-09-06 16:00,0.437,8.237
2023-09-06 17:00,0.404,7.999
2023-09-06 18:00,0.404,7.996
2023-09-06 19:00,0.435,8.223
2023-09-06 20:00,0.480,8.551
2023-09-06 21:00,0.528,8.909
2023-09-06 22:00,0.545,9.037
2023-09-06 23:00,0.549,9.069
2023-09-07 00:00,0.580,9.304
2023-09-07 01:00,0.614,9.571
2023-09-07 02:00,0.650,9.859
2023-09-07 03:00,0.673,10.056
2023-09-07 04:00,0.677,10.080
2023-09-07 05:00,0.694,10.246
2023-09-07 06:00,0.741,10.688
2023-09-07 07:00,0.781,11.112
2023-09-07 08:00,0.830,11.713
2023-09-07 09:00,0.861,12.165
2023-09-07 10:00,0.847,11.960
2023-09-07 11:00,0.803,11.376
2023-09-07 12:00,0.740,10.680
2023-09-07 13:00,0.663,9.975
2023-09-07 14:00,0.596,9.424
2023-09-07 15:00,0.559,9.143
2023-09-07 16:00,0.542,9.019
2023-09-07 17:00,0.527,8.898
2023-09-07 18:00,0.472,8.489
2023-09-07 19:00,0.441,8.269
2023-09-07 20:00,0.431,8.196
2023-09-07 21:00,0.429,8.175
2023-09-07 22:00,0.438,8.238
2023-09-07 23:00,0.423,8.139
2023-09-08 00:00,0.472,8.493
2023-09-08 01:00,0.481,8.563
2023-09-08 02:00,0.472,8.490
2023-09-08 03:00,0.480,8.550
2023-09-08 04:00,0.494,8.653
2023-09-08 05:00,0.518,8.836
2023-09-08 06:00,0.536,8.972
2023-09-08 07:00,0.539,8.986
2023-09-08 08:00,0.540,8.993
2023-09-08 09:00,0.530,8.929
2023-09-08 10:00,0.522,8.871
2023-09-08 11:00,0.489,8.623
2023-09-08 12:00,0.450,8.337
2023-09-08 13:00,0.429,8.180
2023-09-08 14:00,0.434,8.217
2023-09-08 15:00,0.450,8.331
2023-09-08 16:00,0.478,8.533
2023-09-08 17:00,0.521,8.861
2023-09-08 18:00,0.573,9.249
2023-09-08 19:00,0.628,9.671
2023-09-08 20:00,0.653,9.891
2023-09-08 21:00,0.658,9.922
2023-09-08 22:00,0.630,9.693
2023-09-08 23:00,0.611,9.546
2023-09-09 00:00,0.596,9.428
2023-09-09 01:00,0.560,9.148
2023-09-09 02:00,0.548,9.056
2023-09-09 03:00,0.555,9.112
2023-09-09 04:00,0.563,9.170
2023-09-09 05:00,0.564,9.172
2023-09-09 06:00,0.566,9.194
2023-09-09 07:00,0.569,9.220
2023-09-09 08:00,0.570,9.225
2023-09-09 09:00,0.587,9.357
2023-09-09 10:00,0.608,9.516
2023-09-09 11:00,0.584,9.333
2023-09-09 12:00,0.559,9.144
2023-09-09 13:00,0.528,8.908
2023-09-09 14:00,0.523,8.878
2023-09-09 15:00,0.502,8.717
2023-09-09 16:00,0.484,8.578
2023-09-09 17:00,0.461,8.414
2023-09-09 18:00,0.455,8.378
2023-09-09 19:00,0.465,8.447
2023-09-09 20:00,0.483,8.568
2023-09-09 21:00,0.472,8.500
2023-09-09 22:00,0.419,8.098
2023-09-09 23:00,0.384,7.845
2023-09-10 00:00,0.355,7.618
2023-09-10 01:00,0.313,7.280
2023-09-10 02:00,0.264,6.874
2023-09-10 03:00,0.215,6.430
2023-09-10 04:00,0.177,6.035
2023-09-10 05:00,0.148,5.715
2023-09-10 06:00,0.132,5.514
2023-09-10 07:00,0.119,5.348
2023-09-10 08:00,0.106,5.163
2023-09-10 09:00,0.100,5.068
2023-09-10 10:00,0.088,4.901
2023-09-10 11:00,0.071,4.608
2023-09-10 12:00,0.044,4.054
2023-09-10 13:00,0.018,3.270
2023-09-10 14:00,0.003,2.286
2023-09-10 15:00,0,1.103
2023-09-10 16:00,0,0.660
2023-09-10 17:00,0.001,1.995
2023-09-10 18:00,0.009,2.818
2023-09-10 19:00,0.018,3.274
2023-09-10 20:00,0.029,3.663
2023-09-10 21:00,0.029,3.646
2023-09-10 22:00,0.028,3.623
2023-09-10 23:00,0.026,3.574
2023-09-11 00:00,0.026,3.553
2023-09-11 01:00,0.022,3.427
2023-09-11 02:00,0.008,2.750
2023-09-11 03:00,0.002,2.111
2023-09-11 04:00,0,1.674
2023-09-11 05:00,0,1.348
2023-09-11 06:00,0,1.323
2023-09-11 07:00,0,1.595
2023-09-11 08:00,0.001,1.877
2023-09-11 09:00,0.002,2.140
2023-09-11 10:00,0.004,2.429
2023-09-11 11:00,0.003,2.337
2023-09-11 12:00,0.001,2.011
2023-09-11 13:00,0,1.624
2023-09-11 14:00,0,1.389
2023-09-11 15:00,0,1.250
2023-09-11 16:00,0,0.967
2023-09-11 17:00,0,0.563
2023-09-11 18:00,0,0.576
2023-09-11 19:00,0,0.892
2023-09-11 20:00,0,1.311
2023-09-11 21:00,0.001,1.839
2023-09-11 22:00,0.003,2.326
2023-09-11 23:00,0.004,2.400
2023-09-12 00:00,0.004,2.413
2023-09-12 01:00,0.004,2.410
2023-09-12 02:00,0.003,2.214
2023-09-12 03:00,0,1.521
2023-09-12 04:00,0,0.703
2023-09-12 05:00,0,0.173
2023-09-12 06:00,0,0.306
2023-09-12 07:00,0,0.724
2023-09-12 08:00,0,1.489
2023-09-12 09:00,0.004,2.370
2023-09-12 10:00,0.009,2.817
2023-09-12 11:00,0.010,2.902
2023-09-12 12:00,0.008,2.758
2023-09-12 13:00,0.004,2.408
2023-09-12 14:00,0.001,1.843
2023-09-12 15:00,0,1.341
2023-09-12 16:00,0,1.252
2023-09-12 17:00,0,1.448
2023-09-12 18:00,0,1.687
2023-09-12 19:00,0.001,1.891
2023-09-12 20:00,0.002,2.096
2023-09-12 21:00,0.003,2.245
2023-09-12 22:00,0.002,2.198
2023-09-12 23:00,0.001,1.749
2023-09-13 00:00,0,1.270
2023-09-13 01:00,0,1.461
2023-09-13 02:00,0,1.577
2023-09-13 03:00,0,0.816
2023-09-13 04:00,0,0.073
2023-09-13 05:00,0,1.593
2023-09-13 06:00,0.004,2.428
2023-09-13 07:00,0.012,2.966
2023-09-13 08:00,0.021,3.404
2023-09-13 09:00,0.025,3.545
2023-09-13 10:00,0.020,3.363
2023-09-13 11:00,0.015,3.121
2023-09-13 12:00,0.011,2.932
2023-09-13 13:00,0.010,2.865
2023-09-13 14:00,0.009,2.847
2023-09-13 15:00,0.011,2.920
2023-09-13 16:00,0.012,2.988
2023-09-13 17:00,0.010,2.869
2023-09-13 18:00,0.006,2.566
2023-09-13 19:00,0.002,2.045
2023-09-13 20:00,0,1.577
2023-09-13 21:00,0,1.440
2023-09-13 22:00,0,1.233
2023-09-13 23:00,0,0.914
2023-09-14 00:00,0,0.807
2023-09-14 01:00,0,0.537
2023-09-14 02:00,0,0.322
2023-09-14 03:00,0,0.148
2023-09-14 04:00,0,1.067
2023-09-14 05:00,0.001,1.711
2023-09-14 06:00,0.002,2.072
2023-09-14 07:00,0.003,2.312
2023-09-14 08:00,0.006,2.570
2023-09-14 09:00,0.013,3.030
2023-09-14 10:00,0.037,3.883
2023-09-14 11:00,0.069,4.571
2023-09-14 12:00,0.062,4.444
2023-09-14 13:00,0.038,3.903
2023-09-14 14:00,0.022,3.435
2023-09-14 15:00,0.019,3.316
2023-09-14 16:00,0.020,3.349
2023-09-14 17:00,0.015,3.140
2023-09-14 18:00,0.007,2.657
2023-09-14 19:00,0.002,2.158
2023-09-14 20:00,0.001,1.931
2023-09-14 21:00,0.001,1.940
2023-09-14 22:00,0.002,2.175
2023-09-14 23:00,0.006,2.612
2023-09-15 00:00,0.011,2.928
2023-09-15 01:00,0.006,2.573
2023-09-15 02:00,0.001,1.798
2023-09-15 03:00,0,0.702
2023-09-15 04:00,0,0.656
2023-09-15 05:00,0.001,1.946
2023-09-15 06:00,0.005,2.546
2023-09-15 07:00,0.012,2.991
2023-09-15 08:00,0.022,3.433
2023-09-15 09:00,0.029,3.647
2023-09-15 10:00,0.029,3.647
2023-09-15 11:00,0.024,3.496
2023-09-15 12:00,0.020,3.339
2023-09-15 13:00,0.016,3.170
2023-09-15 14:00,0.013,3.054
2023-09-15 15:00,0.012,3.021
2023-09-15 16:00,0.013,3.037
2023-09-15 17:00,0.015,3.164
2023-09-15 18:00,0.018,3.292
2023-09-15 19:00,0.018,3.262
2023-09-15 20:00,0.012,2.978
2023-09-15 21:00,0.005,2.538
2023-09-15 22:00,0.003,2.244
2023-09-15 23:00,0.001,1.893
2023-09-16 00:00,0.003,2.218
2023-09-16 01:00,0.005,2.550
2023-09-16 02:00,0.009,2.851
2023-09-16 03:00,0.015,3.149
2023-09-16 04:00,0.021,3.371
2023-09-16 05:00,0.028,3.625
2023-09-16 06:00,0.039,3.943
2023-09-16 07:00,0.055,4.300
2023-09-16 08:00,0.075,4.677
2023-09-16 09:00,0.085,4.853
2023-09-16 10:00,0.085,4.854
2023-09-16 11:00,0.078,4.739
2023-09-16 12:00,0.074,4.660
2023-09-16 13:00,0.071,4.613
2023-09-16 14:00,0.068,4.559
2023-09-16 15:00,0.066,4.516
2023-09-16 16:00,0.059,4.381
2023-09-16 17:00,0.046,4.098
2023-09-16 18:00,0.032,3.759
2023-09-16 19:00,0.023,3.455
2023-09-16 20:00,0.015,3.124
2023-09-16 21:00,0.009,2.793
2023-09-16 22:00,0.005,2.507
2023-09-16 23:00,0.001,1.801
2023-09-17 00:00,0.001,1.726
2023-09-17 01:00,0.001,1.711
2023-09-17 02:00,0.001,2.020
2023-09-17 03:00,0.003,2.334
2023-09-17 04:00,0.008,2.745
2023-09-17 05:00,0.017,3.225
2023-09-17 06:00,0.028,3.619
2023-09-17 07:00,0.035,3.846
2023-09-17 08:00,0.038,3.901
2023-09-17 09:00,0.036,3.855
2023-09-17 10:00,0.027,3.588
2023-09-17 11:00,0.012,3.013
2023-09-17 12:00,0.006,2.610
2023-09-17 13:00,0.009,2.806
2023-09-17 14:00,0.012,2.987
2023-09-17 15:00,0.007,2.651
2023-09-17 16:00,0.002,2.173
2023-09-17 17:00,0.001,1.931
2023-09-17 18:00,0.001,1.811
2023-09-17 19:00,0,1.650
2023-09-17 20:00,0,1.404
2023-09-17 21:00,0,1.193
2023-09-17 22:00,0,1.111
2023-09-17 23:00,0,0.481
2023-09-18 00:00,0,0.807
2023-09-18 01:00,0,1.092
2023-09-18 02:00,0,1.234
2023-09-18 03:00,0.001,1.770
2023-09-18 04:00,0.002,2.179
2023-09-18 05:00,0.006,2.587
2023-09-18 06:00,0.012,3.018
2023-09-18 07:00,0.022,3.441
2023-09-18 08:00,0.036,3.851
2023-09-18 09:00,0.050,4.202
2023-09-18 10:00,0.063,4.455
2023-09-18 11:00,0.065,4.508
2023-09-18 12:00,0.065,4.503
2023-09-18 13:00,0.061,4.421
2023-09-18 14:00,0.055,4.300
2023-09-18 15:00,0.049,4.181
2023-09-18 16:00,0.050,4.187
2023-09-18 17:00,0.065,4.504
2023-09-18 18:00,0.094,4.991
2023-09-18 19:00,0.127,5.450
2023-09-18 20:00,0.155,5.785
2023-09-18 21:00,0.165,5.914
2023-09-18 22:00,0.161,5.870
2023-09-18 23:00,0.148,5.704
2023-09-19 00:00,0.153,5.768
2023-09-19 01:00,0.152,5.766
2023-09-19 02:00,0.150,5.733
2023-09-19 03:00,0.159,5.842
2023-09-19 04:00,0.185,6.127
2023-09-19 05:00,0.227,6.542
2023-09-19 06:00,0.277,6.986
2023-09-19 07:00,0.318,7.325
2023-09-19 08:00,0.342,7.513
2023-09-19 09:00,0.331,7.433
2023-09-19 10:00,0.308,7.248
2023-09-19 11:00,0.293,7.121
2023-09-19 12:00,0.272,6.949
2023-09-19 13:00,0.232,6.592
2023-09-19 14:00,0.183,6.106
2023-09-19 15:00,0.144,5.669
2023-09-19 16:00,0.117,5.310
2023-09-19 17:00,0.090,4.932
2023-09-19 18:00,0.072,4.625
2023-09-19 19:00,0.063,4.455
2023-09-19 20:00,0.061,4.406
2023-09-19 21:00,0.063,4.463
2023-09-19 22:00,0.061,4.419
2023-09-19 23:00,0.045,4.077
2023-09-20 00:00,0.032,3.753
2023-09-20 01:00,0.025,3.534
2023-09-20 02:00,0.018,3.257
2023-09-20 03:00,0.007,2.666
2023-09-20 04:00,0.002,2.078
2023-09-20 05:00,0.001,2.018
2023-09-20 06:00,0.004,2.420
2023-09-20 07:00,0.012,3.009
2023-09-20 08:00,0.024,3.509
2023-09-20 09:00,0.030,3.694
2023-09-20 10:00,0.022,3.429
2023-09-20 11:00,0.011,2.934
2023-09-20 12:00,0.004,2.360
2023-09-20 13:00,0.001,1.729
2023-09-20 14:00,0,1.242
2023-09-20 15:00,0,1.216
2023-09-20 16:00,0.001,1.826
2023-09-20 17:00,0.006,2.609
2023-09-20 18:00,0.019,3.303
2023-09-20 19:00,0.028,3.624
2023-09-20 20:00,0.025,3.517
2023-09-20 21:00,0.022,3.432
2023-09-20 22:00,0.019,3.327
2023-09-20 23:00,0.011,2.951
2023-09-21 00:00,0.013,3.055
2023-09-21 01:00,0.016,3.196
2023-09-21 02:00,0.016,3.169
2023-09-21 03:00,0.014,3.098
2023-09-21 04:00,0.015,3.153
2023-09-21 05:00,0.021,3.398
2023-09-21 06:00,0.035,3.839
2023-09-21 07:00,0.057,4.336
2023-09-21 08:00,0.082,4.786
2023-09-21 09:00,0.115,5.286
2023-09-21 10:00,0.155,5.791
2023-09-21 11:00,0.189,6.163
2023-09-21 12:00,0.227,6.546
2023-09-21 13:00,0.256,6.812
2023-09-21 14:00,0.279,7.006
2023-09-21 15:00,0.294,7.133
2023-09-21 16:00,0.310,7.266
2023-09-21 17:00,0.350,7.579
2023-09-21 18:00,0.423,8.138
2023-09-21 19:00,0.495,8.666
2023-09-21 20:00,0.420,8.112
2023-09-21 21:00,0.365,7.702
2023-09-21 22:00,0.427,8.166
2023-09-21 23:00,0.515,8.819
2023-09-22 00:00,0.594,9.400
2023-09-22 01:00,0.632,9.709
2023-09-22 02:00,0.654,9.892
2023-09-22 03:00,0.665,9.991
2023-09-22 04:00,0.679,10.113
2023-09-22 05:00,0.717,10.447
2023-09-22 06:00,0.764,10.928
2023-09-22 07:00,0.810,11.462
2023-09-22 08:00,0.849,11.984
2023-09-22 09:00,0.868,12.285
2023-09-22 10:00,0.872,12.353
2023-09-22 11:00,0.866,12.264
2023-09-22 12:00,0.866,12.259
2023-09-22 13:00,0.880,12.492
2023-09-22 14:00,0.893,12.733
2023-09-22 15:00,0.894,12.762
2023-09-22 16:00,0.874,12.395
2023-09-22 17:00,0.860,12.160
2023-09-22 18:00,0.871,12.341
2023-09-22 19:00,0.871,12.330
2023-09-22 20:00,0.876,12.422
2023-09-22 21:00,0.880,12.488
2023-09-22 22:00,0.879,12.479
2023-09-22 23:00,0.903,12.945
2023-09-23 00:00,0.920,13.343
2023-09-23 01:00,0.935,13.723
2023-09-23 02:00,0.945,14.053
2023-09-23 03:00,0.948,14.157
2023-09-23 04:00,0.945,14.043
2023-09-23 05:00,0.940,13.889
2023-09-23 06:00,0.934,13.700
2023-09-23 07:00,0.930,13.602
2023-09-23 08:00,0.925,13.459
2023-09-23 09:00,0.915,13.214
2023-09-23 10:00,0.903,12.942
2023-09-23 11:00,0.889,12.652
2023-09-23 12:00,0.867,12.279
2023-09-23 13:00,0.841,11.877
2023-09-23 14:00,0.815,11.508
2023-09-23 15:00,0.787,11.176
2023-09-23 16:00,0.773,11.011
2023-09-23 17:00,0.765,10.941
2023-09-23 18:00,0.785,11.157
2023-09-23 19:00,0.814,11.504
2023-09-23 20:00,0.851,12.008
2023-09-23 21:00,0.861,12.167
2023-09-23 22:00,0.860,12.155
2023-09-23 23:00,0.848,11.973
2023-09-24 00:00,0.819,11.574
2023-09-24 01:00,0.771,11.002
2023-09-24 02:00,0.715,10.433
2023-09-24 03:00,0.658,9.932
2023-09-24 04:00,0.608,9.515
2023-09-24 05:00,0.579,9.294
2023-09-24 06:00,0.570,9.229
2023-09-24 07:00,0.566,9.199
2023-09-24 08:00,0.558,9.136
2023-09-24 09:00,0.549,9.069
2023-09-24 10:00,0.555,9.111
2023-09-24 11:00,0.544,9.027
2023-09-24 12:00,0.524,8.884
2023-09-24 13:00,0.496,8.668
2023-09-24 14:00,0.476,8.525
2023-09-24 15:00,0.464,8.436
2023-09-24 16:00,0.478,8.541
2023-09-24 17:00,0.499,8.698
2023-09-24 18:00,0.516,8.824
2023-09-24 19:00,0.554,9.104
2023-09-24 20:00,0.575,9.259
2023-09-24 21:00,0.571,9.233
2023-09-24 22:00,0.540,8.993
2023-09-24 23:00,0.536,8.970
2023-09-25 00:00,0.586,9.348
2023-09-25 01:00,0.588,9.365
2023-09-25 02:00,0.593,9.396
2023-09-25 03:00,0.601,9.465
2023-09-25 04:00,0.616,9.587
2023-09-25 05:00,0.636,9.741
2023-09-25 06:00,0.658,9.927
2023-09-25 07:00,0.679,10.104
2023-09-25 08:00,0.693,10.233
2023-09-25 09:00,0.692,10.229
2023-09-25 10:00,0.675,10.071
2023-09-25 11:00,0.640,9.778
2023-09-25 12:00,0.617,9.597
2023-09-25 13:00,0.597,9.433
2023-09-25 14:00,0.558,9.136
2023-09-25 15:00,0.527,8.897
2023-09-25 16:00,0.535,8.966
2023-09-25 17:00,0.559,9.141
2023-09-25 18:00,0.575,9.262
2023-09-25 19:00,0.601,9.459
2023-09-25 20:00,0.635,9.736
2023-09-25 21:00,0.644,9.818
2023-09-25 22:00,0.636,9.750
2023-09-25 23:00,0.665,9.993
2023-09-26 00:00,0.691,10.214
2023-09-26 01:00,0.693,10.237
2023-09-26 02:00,0.685,10.150
2023-09-26 03:00,0.670,10.034
2023-09-26 04:00,0.663,9.961
2023-09-26 05:00,0.663,9.973
2023-09-26 06:00,0.680,10.123
2023-09-26 07:00,0.708,10.365
2023-09-26 08:00,0.726,10.541
2023-09-26 09:00,0.719,10.472
2023-09-26 10:00,0.689,10.187
2023-09-26 11:00,0.676,10.079
2023-09-26 12:00,0.663,9.960
2023-09-26 13:00,0.650,9.863
2023-09-26 14:00,0.651,9.874
2023-09-26 15:00,0.677,10.085
2023-09-26 16:00,0.713,10.412
2023-09-26 17:00,0.747,10.743
2023-09-26 18:00,0.774,11.030
2023-09-26 19:00,0.775,11.046
2023-09-26 20:00,0.785,11.157
2023-09-26 21:00,0.790,11.210
2023-09-26 22:00,0.784,11.143
2023-09-26 23:00,0.792,11.232
2023-09-27 00:00,0.832,11.752
2023-09-27 01:00,0.847,11.968
2023-09-27 02:00,0.854,12.067
2023-09-27 03:00,0.852,12.031
2023-09-27 04:00,0.834,11.775
2023-09-27 05:00,0.817,11.546
2023-09-27 06:00,0.807,11.415
2023-09-27 07:00,0.798,11.310
2023-09-27 08:00,0.783,11.126
2023-09-27 09:00,0.759,10.867
2023-09-27 10:00,0.726,10.544
2023-09-27 11:00,0.691,10.214
2023-09-27 12:00,0.665,9.990
2023-09-27 13:00,0.660,9.950
2023-09-27 14:00,0.651,9.875
2023-09-27 15:00,0.663,9.962
2023-09-27 16:00,0.684,10.149
2023-09-27 17:00,0.718,10.460
2023-09-27 18:00,0.731,10.586
2023-09-27 19:00,0.733,10.600
2023-09-27 20:00,0.724,10.518
2023-09-27 21:00,0.743,10.704
2023-09-27 22:00,0.739,10.668
2023-09-27 23:00,0.740,10.681
2023-09-28 00:00,0.802,11.347
2023-09-28 01:00,0.834,11.768
2023-09-28 02:00,0.849,11.989
2023-09-28 03:00,0.854,12.068
2023-09-28 04:00,0.857,12.108
2023-09-28 05:00,0.859,12.141
2023-09-28 06:00,0.857,12.111
2023-09-28 07:00,0.858,12.137
2023-09-28 08:00,0.859,12.143
2023-09-28 09:00,0.853,12.057
2023-09-28 10:00,0.835,11.787
2023-09-28 11:00,0.807,11.419
2023-09-28 12:00,0.776,11.061
2023-09-28 13:00,0.753,10.807
2023-09-28 14:00,0.733,10.597
2023-09-28 15:00,0.722,10.504
2023-09-28 16:00,0.700,10.300
2023-09-28 17:00,0.685,10.151
2023-09-28 18:00,0.678,10.098
2023-09-28 19:00,0.661,9.952
2023-09-28 20:00,0.655,9.897
2023-09-28 21:00,0.633,9.723
2023-09-28 22:00,0.599,9.442
2023-09-28 23:00,0.599,9.444
2023-09-29 00:00,0.667,10.008
2023-09-29 01:00,0.714,10.425
2023-09-29 02:00,0.734,10.612
2023-09-29 03:00,0.743,10.708
2023-09-29 04:00,0.744,10.723
2023-09-29 05:00,0.749,10.764
2023-09-29 06:00,0.747,10.751
2023-09-29 07:00,0.747,10.738
2023-09-29 08:00,0.735,10.627
2023-09-29 09:00,0.686,10.167
2023-09-29 10:00,0.613,9.566
2023-09-29 11:00,0.551,9.082
2023-09-29 12:00,0.494,8.659
2023-09-29 13:00,0.452,8.347
2023-09-29 14:00,0.448,8.315
2023-09-29 15:00,0.467,8.460
2023-09-29 16:00,0.487,8.613
2023-09-29 17:00,0.493,8.646
2023-09-29 18:00,0.515,8.814
2023-09-29 19:00,0.530,8.924
2023-09-29 20:00,0.525,8.888
2023-09-29 21:00,0.484,8.580
2023-09-29 22:00,0.417,8.087
2023-09-29 23:00,0.364,7.693
2023-09-30 00:00,0.395,7.923
2023-09-30 01:00,0.409,8.028
2023-09-30 02:00,0.400,7.968
2023-09-30 03:00,0.395,7.918
2023-09-30 04:00,0.395,7.920
2023-09-30 05:00,0.406,8.007
2023-09-30 06:00,0.429,8.175
2023-09-30 07:00,0.453,8.353
2023-09-30 08:00,0.460,8.406
2023-09-30 09:00,0.450,8.330
2023-09-30 10:00,0.428,8.166
2023-09-30 11:00,0.405,8.003
2023-09-30 12:00,0.391,7.893
2023-09-30 13:00,0.384,7.843
2023-09-30 14:00,0.395,7.925
2023-09-30 15:00,0.469,8.474
2023-09-30 16:00,0.583,9.332
2023-09-30 17:00,0.689,10.201
2023-09-30 18:00,0.763,10.916
2023-09-30 19:00,0.803,11.366
2023-09-30 20:00,0.824,11.641
2023-09-30 21:00,0.830,11.721
2023-09-30 22:00,0.836,11.806
2023-09-30 23:00,0.873,12.380
2023-10-01 00:00,0.923,13.422
2023-10-01 01:00,0.941,13.903
2023-10-01 02:00,0.939,13.836
2023-10-01 03:00,0.932,13.640
2023-10-01 04:00,0.931,13.615
2023-10-01 05:00,0.935,13.733
2023-10-01 06:00,0.943,13.957
2023-10-01 07:00,0.951,14.239
2023-10-01 08:00,0.958,14.540
2023-10-01 09:00,0.963,14.759
2023-10-01 10:00,0.962,14.708
2023-10-01 11:00,0.956,14.461
2023-10-01 12:00,0.945,14.034
2023-10-01 13:00,0.932,13.643
2023-10-01 14:00,0.923,13.421
2023-10-01 15:00,0.924,13.432
2023-10-01 16:00,0.923,13.400
2023-10-01 17:00,0.914,13.183
2023-10-01 18:00,0.902,12.933
2023-10-01 19:00,0.892,12.725
2023-10-01 20:00,0.890,12.678
2023-10-01 21:00,0.866,12.260
2023-10-01 22:00,0.838,11.827
2023-10-01 23:00,0.840,11.866
2023-10-02 00:00,0.864,12.216
2023-10-02 01:00,0.868,12.299
2023-10-02 02:00,0.865,12.241
2023-10-02 03:00,0.866,12.253
2023-10-02 04:00,0.870,12.323
2023-10-02 05:00,0.876,12.418
2023-10-02 06:00,0.886,12.614
2023-10-02 07:00,0.901,12.911
2023-10-02 08:00,0.917,13.272
2023-10-02 09:00,0.929,13.561
2023-10-02 10:00,0.930,13.597
2023-10-02 11:00,0.918,13.294
2023-10-02 12:00,0.895,12.791
2023-10-02 13:00,0.868,12.296
2023-10-02 14:00,0.843,11.894
2023-10-02 15:00,0.822,11.605
2023-10-02 16:00,0.813,11.495
2023-10-02 17:00,0.815,11.521
2023-10-02 18:00,0.817,11.544
2023-10-02 19:00,0.814,11.503
2023-10-02 20:00,0.806,11.400
2023-10-02 21:00,0.794,11.253
2023-10-02 22:00,0.775,11.046
2023-10-02 23:00,0.779,11.090
2023-10-03 00:00,0.812,11.483
2023-10-03 01:00,0.828,11.688
2023-10-03 02:00,0.835,11.776
2023-10-03 03:00,0.840,11.858
2023-10-03 04:00,0.853,12.056
2023-10-03 05:00,0.868,12.299
2023-10-03 06:00,0.881,12.525
2023-10-03 07:00,0.889,12.649
2023-10-03 08:00,0.887,12.631
2023-10-03 09:00,0.858,12.127
2023-10-03 10:00,0.803,11.367
2023-10-03 11:00,0.751,10.791
2023-10-03 12:00,0.701,10.303
2023-10-03 13:00,0.661,9.955
2023-10-03 14:00,0.640,9.783
2023-10-03 15:00,0.664,9.986
2023-10-03 16:00,0.714,10.419
2023-10-03 17:00,0.756,10.834
2023-10-03 18:00,0.801,11.341
2023-10-03 19:00,0.845,11.926
2023-10-03 20:00,0.875,12.405
2023-10-03 21:00,0.894,12.768
2023-10-03 22:00,0.904,12.969
2023-10-03 23:00,0.917,13.254
2023-10-04 00:00,0.940,13.879
2023-10-04 01:00,0.950,14.235
2023-10-04 02:00,0.956,14.457
2023-10-04 03:00,0.964,14.791
2023-10-04 04:00,0.971,15.182
2023-10-04 05:00,0.976,15.483
2023-10-04 06:00,0.981,15.839
2023-10-04 07:00,0.984,16.192
2023-10-04 08:00,0.988,16.689
2023-10-04 09:00,0.986,16.424
2023-10-04 10:00,0.982,15.974
2023-10-04 11:00,0.981,15.894
2023-10-04 12:00,0.981,15.857
2023-10-04 13:00,0.984,16.202
2023-10-04 14:00,0.987,16.556
2023-10-04 15:00,0.989,17.640
2023-10-04 16:00,0.972,19.254
2023-10-04 17:00,0.950,20.075
2023-10-04 18:00,0.927,20.649
2023-10-04 19:00,0.908,21.024
2023-10-04 20:00,0.891,21.309
2023-10-04 21:00,0.880,21.490
2023-10-04 22:00,0.876,21.552
2023-10-04 23:00,0.863,21.719
2023-10-05 00:00,0.829,22.163
2023-10-05 01:00,0.796,22.530
2023-10-05 02:00,0.757,22.924
2023-10-05 03:00,0.713,23.325
2023-10-05 04:00,0.667,23.717
2023-10-05 05:00,0.632,24.001
2023-10-05 06:00,0.583,24.379
2023-10-05 07:00,0.570,24.480
2023-10-05 08:00,0.592,24.309
2023-10-05 09:00,0.668,23.706
2023-10-05 10:00,0.736,23.120
2023-10-05 11:00,0.793,22.558
2023-10-05 12:00,0.842,22.005
2023-10-05 13:00,0.870,21.636
2023-10-05 14:00,0.910,20.998
2023-10-05 15:00,0.932,20.532
2023-10-05 16:00,0.945,20.218
2023-10-05 17:00,0.960,19.735
2023-10-05 18:00,0.975,19.074
2023-10-05 19:00,0.985,18.296
2023-10-05 20:00,0.988,17.721
2023-10-05 21:00,0.989,17.203
2023-10-05 22:00,0.988,16.793
2023-10-05 23:00,0.986,16.366
2023-10-06 00:00,0.983,16.100
2023-10-06 01:00,0.981,15.844
2023-10-06 02:00,0.978,15.638
2023-10-06 03:00,0.979,15.657
2023-10-06 04:00,0.979,15.711
2023-10-06 05:00,0.980,15.770
2023-10-06 06:00,0.981,15.829
2023-10-06 07:00,0.981,15.866
2023-10-06 08:00,0.980,15.785
2023-10-06 09:00,0.974,15.326
2023-10-06 10:00,0.967,14.934
2023-10-06 11:00,0.960,14.606
2023-10-06 12:00,0.951,14.266
2023-10-06 13:00,0.938,13.821
2023-10-06 14:00,0.923,13.417
2023-10-06 15:00,0.918,13.276
2023-10-06 16:00,0.914,13.192
2023-10-06 17:00,0.910,13.099
2023-10-06 18:00,0.907,13.034
2023-10-06 19:00,0.905,12.999
2023-10-06 20:00,0.902,12.929
2023-10-06 21:00,0.900,12.886
2023-10-06 22:00,0.889,12.661
2023-10-06 23:00,0.886,12.606
2023-10-07 00:00,0.886,12.612
2023-10-07 01:00,0.878,12.465
2023-10-07 02:00,0.859,12.140
2023-10-07 03:00,0.826,11.661
2023-10-07 04:00,0.785,11.146
2023-10-07 05:00,0.752,10.803
2023-10-07 06:00,0.756,10.838
2023-10-07 07:00,0.781,11.101
2023-10-07 08:00,0.793,11.251
2023-10-07 09:00,0.781,11.106
2023-10-07 10:00,0.760,10.872
2023-10-07 11:00,0.749,10.773
2023-10-07 12:00,0.742,10.698
2023-10-07 13:00,0.731,10.579
2023-10-07 14:00,0.715,10.434
2023-10-07 15:00,0.723,10.514
2023-10-07 16:00,0.738,10.658
2023-10-07 17:00,0.742,10.698
2023-10-07 18:00,0.749,10.763
2023-10-07 19:00,0.783,11.133
2023-10-07 20:00,0.835,11.786
2023-10-07 21:00,0.863,12.205
2023-10-07 22:00,0.862,12.186
2023-10-07 23:00,0.856,12.106
2023-10-08 00:00,0.866,12.258
2023-10-08 01:00,0.868,12.292
2023-10-08 02:00,0.843,11.905
2023-10-08 03:00,0.804,11.383
2023-10-08 04:00,0.736,10.635
2023-10-08 05:00,0.657,9.917
2023-10-08 06:00,0.633,9.727
2023-10-08 07:00,0.682,10.140
2023-10-08 08:00,0.769,10.981
2023-10-08 09:00,0.834,11.770
2023-10-08 10:00,0.866,12.254
2023-10-08 11:00,0.881,12.524
2023-10-08 12:00,0.892,12.723
2023-10-08 13:00,0.886,12.618
2023-10-08 14:00,0.879,12.481
2023-10-08 15:00,0.877,12.438
2023-10-08 16:00,0.871,12.337
2023-10-08 17:00,0.868,12.286
2023-10-08 18:00,0.867,12.276
2023-10-08 19:00,0.868,12.299
2023-10-08 20:00,0.881,12.515
2023-10-08 21:00,0.893,12.737
2023-10-08 22:00,0.896,12.806
2023-10-08 23:00,0.901,12.900
2023-10-09 00:00,0.900,12.883
2023-10-09 01:00,0.878,12.470
2023-10-09 02:00,0.839,11.844
2023-10-09 03:00,0.799,11.319
2023-10-09 04:00,0.771,10.992
2023-10-09 05:00,0.766,10.950
2023-10-09 06:00,0.785,11.163
2023-10-09 07:00,0.807,11.418
2023-10-09 08:00,0.823,11.625
2023-10-09 09:00,0.830,11.719
2023-10-09 10:00,0.834,11.773
2023-10-09 11:00,0.834,11.764
2023-10-09 12:00,0.832,11.742
2023-10-09 13:00,0.837,11.823
2023-10-09 14:00,0.846,11.941
2023-10-09 15:00,0.850,11.995
2023-10-09 16:00,0.855,12.077
2023-10-09 17:00,0.867,12.282
2023-10-09 18:00,0.890,12.671
2023-10-09 19:00,0.913,13.149
2023-10-09 20:00,0.927,13.508
2023-10-09 21:00,0.939,13.840
2023-10-09 22:00,0.934,13.704
2023-10-09 23:00,0.922,13.384
2023-10-10 00:00,0.919,13.302
2023-10-10 01:00,0.917,13.245
2023-10-10 02:00,0.907,13.040
2023-10-10 03:00,0.913,13.165
2023-10-10 04:00,0.926,13.485
2023-10-10 05:00,0.939,13.853
2023-10-10 06:00,0.954,14.378
2023-10-10 07:00,0.967,14.935
2023-10-10 08:00,0.974,15.334
2023-10-10 09:00,0.970,15.092
2023-10-10 10:00,0.959,14.589
2023-10-10 11:00,0.954,14.386
2023-10-10 12:00,0.950,14.219
2023-10-10 13:00,0.939,13.860
2023-10-10 14:00,0.932,13.657
2023-10-10 15:00,0.926,13.482
2023-10-10 16:00,0.916,13.239
2023-10-10 17:00,0.903,12.955
2023-10-10 18:00,0.902,12.925
2023-10-10 19:00,0.910,13.109
2023-10-10 20:00,0.922,13.370
2023-10-10 21:00,0.930,13.595
2023-10-10 22:00,0.931,13.622
2023-10-10 23:00,0.930,13.598
2023-10-11 00:00,0.937,13.782
2023-10-11 01:00,0.936,13.747
2023-10-11 02:00,0.930,13.601
2023-10-11 03:00,0.939,13.860
2023-10-11 04:00,0.949,14.185
2023-10-11 05:00,0.954,14.351
2023-10-11 06:00,0.958,14.519
2023-10-11 07:00,0.962,14.695
2023-10-11 08:00,0.965,14.814
2023-10-11 09:00,0.959,14.579
2023-10-11 10:00,0.947,14.128
2023-10-11 11:00,0.938,13.822
2023-10-11 12:00,0.925,13.473
2023-10-11 13:00,0.912,13.144
2023-10-11 14:00,0.898,12.828
2023-10-11 15:00,0.900,12.885
2023-10-11 16:00,0.906,13.002
2023-10-11 17:00,0.919,13.299
2023-10-11 18:00,0.932,13.644
2023-10-11 19:00,0.934,13.713
2023-10-11 20:00,0.939,13.861
2023-10-11 21:00,0.939,13.849
2023-10-11 22:00,0.928,13.551
2023-10-11 23:00,0.919,13.310
2023-10-12 00:00,0.914,13.179
2023-10-12 01:00,0.894,12.765
2023-10-12 02:00,0.872,12.348
2023-10-12 03:00,0.855,12.089
2023-10-12 04:00,0.846,11.951
2023-10-12 05:00,0.843,11.894
2023-10-12 06:00,0.843,11.903
2023-10-12 07:00,0.847,11.969
2023-10-12 08:00,0.846,11.937
2023-10-12 09:00,0.822,11.616
2023-10-12 10:00,0.778,11.073
2023-10-12 11:00,0.727,10.546
2023-10-12 12:00,0.672,10.047
2023-10-12 13:00,0.622,9.638
2023-10-12 14:00,0.580,9.305
2023-10-12 15:00,0.583,9.330
2023-10-12 16:00,0.609,9.535
2023-10-12 17:00,0.624,9.645
2023-10-12 18:00,0.637,9.760
2023-10-12 19:00,0.658,9.927
2023-10-12 20:00,0.679,10.113
2023-10-12 21:00,0.674,10.068
2023-10-12 22:00,0.639,9.774
2023-10-12 23:00,0.565,9.187
2023-10-13 00:00,0.580,9.308
2023-10-13 01:00,0.558,9.136
2023-10-13 02:00,0.509,8.759
2023-10-13 03:00,0.463,8.424
2023-10-13 04:00,0.419,8.105
2023-10-13 05:00,0.370,7.735
2023-10-13 06:00,0.321,7.350
2023-10-13 07:00,0.285,7.063
2023-10-13 08:00,0.272,6.943
2023-10-13 09:00,0.274,6.968
2023-10-13 10:00,0.279,7.005
2023-10-13 11:00,0.270,6.920
2023-10-13 12:00,0.251,6.752
2023-10-13 13:00,0.230,6.572
2023-10-13 14:00,0.222,6.485
2023-10-13 15:00,0.232,6.589
2023-10-13 16:00,0.263,6.865
2023-10-13 17:00,0.313,7.295
2023-10-13 18:00,0.367,7.718
2023-10-13 19:00,0.410,8.032
2023-10-13 20:00,0.444,8.287
2023-10-13 21:00,0.443,8.280
2023-10-13 22:00,0.410,8.037
2023-10-13 23:00,0.346,7.554
2023-10-14 00:00,0.322,7.364
2023-10-14 01:00,0.284,7.047
2023-10-14 02:00,0.243,6.687
2023-10-14 03:00,0.220,6.476
2023-10-14 04:00,0.201,6.288
2023-10-14 05:00,0.175,6.012
2023-10-14 06:00,0.155,5.790
2023-10-14 07:00,0.157,5.814
2023-10-14 08:00,0.179,6.067
2023-10-14 09:00,0.215,6.429
2023-10-14 10:00,0.236,6.620
2023-10-14 11:00,0.226,6.532
2023-10-14 12:00,0.206,6.335
2023-10-14 13:00,0.182,6.095
2023-10-14 14:00,0.162,5.882
2023-10-14 15:00,0.172,5.984
2023-10-14 16:00,0.215,6.418
2023-10-14 17:00,0.262,6.850
2023-10-14 18:00,0.304,7.220
2023-10-14 19:00,0.342,7.520
2023-10-14 20:00,0.339,7.493
2023-10-14 21:00,0.313,7.285
2023-10-14 22:00,0.305,7.227
2023-10-14 23:00,0.297,7.161
2023-10-15 00:00,0.327,7.397
2023-10-15 01:00,0.337,7.480
2023-10-15 02:00,0.319,7.334
2023-10-15 03:00,0.308,7.244
2023-10-15 04:00,0.302,7.205
2023-10-15 05:00,0.293,7.127
2023-10-15 06:00,0.285,7.060
2023-10-15 07:00,0.289,7.092
2023-10-15 08:00,0.316,7.318
2023-10-15 09:00,0.375,7.773
2023-10-15 10:00,0.404,7.994
2023-10-15 11:00,0.389,7.876
2023-10-15 12:00,0.352,7.597
2023-10-15 13:00,0.315,7.310
2023-10-15 14:00,0.303,7.211
2023-10-15 15:00,0.334,7.460
2023-10-15 16:00,0.396,7.934
2023-10-15 17:00,0.466,8.456
2023-10-15 18:00,0.527,8.897
2023-10-15 19:00,0.575,9.270
2023-10-15 20:00,0.615,9.575
2023-10-15 21:00,0.642,9.794
2023-10-15 22:00,0.668,10.012
2023-10-15 23:00,0.656,9.908
2023-10-16 00:00,0.717,10.451
2023-10-16 01:00,0.787,11.181
2023-10-16 02:00,0.815,11.521
2023-10-16 03:00,0.831,11.731
2023-10-16 04:00,0.839,11.847
2023-10-16 05:00,0.841,11.879
2023-10-16 06:00,0.846,11.939
2023-10-16 07:00,0.852,12.045
2023-10-16 08:00,0.856,12.092
2023-10-16 09:00,0.853,12.056
2023-10-16 10:00,0.834,11.773
2023-10-16 11:00,0.808,11.432
2023-10-16 12:00,0.781,11.106
2023-10-16 13:00,0.753,10.810
2023-10-16 14:00,0.729,10.570
2023-10-16 15:00,0.735,10.617
2023-10-16 16:00,0.749,10.766
2023-10-16 17:00,0.758,10.851
2023-10-16 18:00,0.765,10.931
2023-10-16 19:00,0.774,11.029
2023-10-16 20:00,0.785,11.151
2023-10-16 21:00,0.791,11.228
2023-10-16 22:00,0.791,11.223
2023-10-16 23:00,0.760,10.878
2023-10-17 00:00,0.812,11.479
2023-10-17 01:00,0.838,11.828
2023-10-17 02:00,0.815,11.513
2023-10-17 03:00,0.788,11.195
2023-10-17 04:00,0.776,11.053
2023-10-17 05:00,0.768,10.972
2023-10-17 06:00,0.764,10.927
2023-10-17 07:00,0.766,10.952
2023-10-17 08:00,0.773,11.022
2023-10-17 09:00,0.783,11.128
2023-10-17 10:00,0.774,11.032
2023-10-17 11:00,0.765,10.941
2023-10-17 12:00,0.758,10.852
2023-10-17 13:00,0.743,10.712
2023-10-17 14:00,0.732,10.595
2023-10-17 15:00,0.712,10.403
2023-10-17 16:00,0.685,10.160
2023-10-17 17:00,0.658,9.930
2023-10-17 18:00,0.633,9.723
2023-10-17 19:00,0.620,9.621
2023-10-17 20:00,0.612,9.554
2023-10-17 21:00,0.599,9.440
2023-10-17 22:00,0.564,9.171
2023-10-17 23:00,0.478,8.542
2023-10-18 00:00,0.463,8.427
2023-10-18 01:00,0.445,8.297
2023-10-18 02:00,0.384,7.842
2023-10-18 03:00,0.319,7.331
2023-10-18 04:00,0.278,6.988
2023-10-18 05:00,0.253,6.781
2023-10-18 06:00,0.242,6.680
2023-10-18 07:00,0.242,6.679
2023-10-18 08:00,0.244,6.696
2023-10-18 09:00,0.266,6.899
2023-10-18 10:00,0.281,7.025
2023-10-18 11:00,0.274,6.964
2023-10-18 12:00,0.241,6.667
2023-10-18 13:00,0.190,6.171
2023-10-18 14:00,0.149,5.722
2023-10-18 15:00,0.142,5.642
2023-10-18 16:00,0.159,5.838
2023-10-18 17:00,0.179,6.066
2023-10-18 18:00,0.190,6.172
2023-10-18 19:00,0.194,6.216
2023-10-18 20:00,0.205,6.327
2023-10-18 21:00,0.210,6.374
2023-10-18 22:00,0.207,6.346
2023-10-18 23:00,0.188,6.153
2023-10-19 00:00,0.181,6.078
2023-10-19 01:00,0.201,6.293
2023-10-19 02:00,0.202,6.303
2023-10-19 03:00,0.189,6.165
2023-10-19 04:00,0.155,5.786
2023-10-19 05:00,0.084,4.836
2023-10-19 06:00,0.056,4.329
2023-10-19 07:00,0.041,3.969
2023-10-19 08:00,0.026,3.582
2023-10-19 09:00,0.021,3.403
2023-10-19 10:00,0.014,3.102
2023-10-19 11:00,0.010,2.907
2023-10-19 12:00,0.009,2.834
2023-10-19 13:00,0.008,2.754
2023-10-19 14:00,0.012,2.971
2023-10-19 15:00,0.020,3.360
2023-10-19 16:00,0.027,3.603
2023-10-19 17:00,0.027,3.590
2023-10-19 18:00,0.024,3.509
2023-10-19 19:00,0.025,3.537
2023-10-19 20:00,0.034,3.792
2023-10-19 21:00,0.048,4.156
2023-10-19 22:00,0.063,4.455
2023-10-19 23:00,0.071,4.609
2023-10-20 00:00,0.096,5.017
2023-10-20 01:00,0.166,5.927
2023-10-20 02:00,0.270,6.920
2023-10-20 03:00,0.407,8.010
2023-10-20 04:00,0.567,9.209
2023-10-20 05:00,0.697,10.270
2023-10-20 06:00,0.795,11.265
2023-10-20 07:00,0.856,12.106
2023-10-20 08:00,0.876,12.420
2023-10-20 09:00,0.884,12.568
2023-10-20 10:00,0.910,13.092
2023-10-20 11:00,0.936,13.764
2023-10-20 12:00,0.951,14.269
2023-10-20 13:00,0.957,14.468
2023-10-20 14:00,0.958,14.539
2023-10-20 15:00,0.959,14.581
2023-10-20 16:00,0.960,14.610
2023-10-20 17:00,0.962,14.723
2023-10-20 18:00,0.962,14.718
2023-10-20 19:00,0.958,14.541
2023-10-20 20:00,0.954,14.347
2023-10-20 21:00,0.946,14.059
2023-10-20 22:00,0.935,13.724
2023-10-20 23:00,0.918,13.296
2023-10-21 00:00,0.920,13.322
2023-10-21 01:00,0.906,12.990
2023-10-21 02:00,0.877,12.450
2023-10-21 03:00,0.869,12.317
2023-10-21 04:00,0.875,12.403
2023-10-21 05:00,0.881,12.520
2023-10-21 06:00,0.892,12.724
2023-10-21 07:00,0.908,13.059
2023-10-21 08:00,0.920,13.340
2023-10-21 09:00,0.924,13.425
2023-10-21 10:00,0.920,13.341
2023-10-21 11:00,0.915,13.209
2023-10-21 12:00,0.903,12.946
2023-10-21 13:00,0.893,12.748
2023-10-21 14:00,0.889,12.658
2023-10-21 15:00,0.884,12.567
2023-10-21 16:00,0.877,12.448
2023-10-21 17:00,0.870,12.325
2023-10-21 18:00,0.856,12.102
2023-10-21 19:00,0.837,11.810
2023-10-21 20:00,0.818,11.557
2023-10-21 21:00,0.809,11.445
2023-10-21 22:00,0.817,11.545
2023-10-21 23:00,0.816,11.529
2023-10-22 00:00,0.834,11.773
2023-10-22 01:00,0.841,11.871
2023-10-22 02:00,0.835,11.781
2023-10-22 03:00,0.821,11.594
2023-10-22 04:00,0.807,11.419
2023-10-22 05:00,0.795,11.262
2023-10-22 06:00,0.778,11.074
2023-10-22 07:00,0.763,10.904
2023-10-22 08:00,0.738,10.654
2023-10-22 09:00,0.730,10.575
2023-10-22 10:00,0.716,10.450
2023-10-22 11:00,0.681,10.129
2023-10-22 12:00,0.633,9.714
2023-10-22 13:00,0.598,9.437
2023-10-22 14:00,0.587,9.356
2023-10-22 15:00,0.570,9.226
2023-10-22 16:00,0.570,9.230
2023-10-22 17:00,0.590,9.385
2023-10-22 18:00,0.607,9.508
2023-10-22 19:00,0.608,9.514
2023-10-22 20:00,0.592,9.396
2023-10-22 21:00,0.566,9.196
2023-10-22 22:00,0.549,9.067
2023-10-22 23:00,0.511,8.788
2023-10-23 00:00,0.528,8.911
2023-10-23 01:00,0.560,9.148
2023-10-23 02:00,0.575,9.267
2023-10-23 03:00,0.586,9.349
2023-10-23 04:00,0.585,9.345
2023-10-23 05:00,0.587,9.358
2023-10-23 06:00,0.603,9.481
2023-10-23 07:00,0.628,9.674
2023-10-23 08:00,0.647,9.828
2023-10-23 09:00,0.656,9.903
2023-10-23 10:00,0.658,9.927
2023-10-23 11:00,0.634,9.730
2023-10-23 12:00,0.587,9.357
2023-10-23 13:00,0.532,8.940
2023-10-23 14:00,0.506,8.747
2023-10-23 15:00,0.523,8.874
2023-10-23 16:00,0.549,9.072
2023-10-23 17:00,0.565,9.184
2023-10-23 18:00,0.573,9.250
2023-10-23 19:00,0.564,9.179
2023-10-23 20:00,0.553,9.103
2023-10-23 21:00,0.514,8.798
2023-10-23 22:00,0.467,8.464
2023-10-23 23:00,0.393,7.909
2023-10-24 00:00,0.371,7.743
2023-10-24 01:00,0.356,7.628
2023-10-24 02:00,0.317,7.321
2023-10-24 03:00,0.297,7.161
2023-10-24 04:00,0.310,7.265
2023-10-24 05:00,0.339,7.499
2023-10-24 06:00,0.380,7.819
2023-10-24 07:00,0.422,8.119
2023-10-24 08:00,0.444,8.292
2023-10-24 09:00,0.456,8.380
2023-10-24 10:00,0.429,8.174
2023-10-24 11:00,0.369,7.730
2023-10-24 12:00,0.324,7.369
2023-10-24 13:00,0.271,6.937
2023-10-24 14:00,0.237,6.636
2023-10-24 15:00,0.235,6.615
2023-10-24 16:00,0.262,6.854
2023-10-24 17:00,0.293,7.119
2023-10-24 18:00,0.312,7.275
2023-10-24 19:00,0.317,7.321
2023-10-24 20:00,0.311,7.271
2023-10-24 21:00,0.282,7.033
2023-10-24 22:00,0.252,6.777
2023-10-24 23:00,0.214,6.417
2023-10-25 00:00,0.210,6.373
2023-10-25 01:00,0.196,6.236
2023-10-25 02:00,0.172,5.989
2023-10-25 03:00,0.165,5.907
2023-10-25 04:00,0.172,5.981
2023-10-25 05:00,0.190,6.179
2023-10-25 06:00,0.232,6.587
2023-10-25 07:00,0.293,7.118
2023-10-25 08:00,0.368,7.725
2023-10-25 09:00,0.429,8.185
2023-10-25 10:00,0.426,8.158
2023-10-25 11:00,0.374,7.767
2023-10-25 12:00,0.310,7.257
2023-10-25 13:00,0.253,6.783
2023-10-25 14:00,0.217,6.445
2023-10-25 15:00,0.236,6.624
2023-10-25 16:00,0.268,6.913
2023-10-25 17:00,0.291,7.111
2023-10-25 18:00,0.297,7.152
2023-10-25 19:00,0.271,6.934
2023-10-25 20:00,0.259,6.830
2023-10-25 21:00,0.267,6.904
2023-10-25 22:00,0.283,7.039
2023-10-25 23:00,0.264,6.868
2023-10-26 00:00,0.310,7.263
2023-10-26 01:00,0.463,8.433
2023-10-26 02:00,0.531,8.933
2023-10-26 03:00,0.511,8.786
2023-10-26 04:00,0.478,8.541
2023-10-26 05:00,0.468,8.472
2023-10-26 06:00,0.484,8.585
2023-10-26 07:00,0.520,8.854
2023-10-26 08:00,0.564,9.177
2023-10-26 09:00,0.566,9.195
2023-10-26 10:00,0.514,8.805
2023-10-26 11:00,0.457,8.388
2023-10-26 12:00,0.397,7.946
2023-10-26 13:00,0.344,7.534
2023-10-26 14:00,0.321,7.347
2023-10-26 15:00,0.319,7.329
2023-10-26 16:00,0.314,7.302
2023-10-26 17:00,0.314,7.303
2023-10-26 18:00,0.302,7.197
2023-10-26 19:00,0.297,7.151
2023-10-26 20:00,0.295,7.139
2023-10-26 21:00,0.278,6.995
2023-10-26 22:00,0.262,6.859
2023-10-26 23:00,0.245,6.705
2023-10-27 00:00,0.277,6.987
2023-10-27 01:00,0.308,7.252
2023-10-27 02:00,0.303,7.210
2023-10-27 03:00,0.297,7.157
2023-10-27 04:00,0.313,7.280
2023-10-27 05:00,0.358,7.639
2023-10-27 06:00,0.435,8.228
2023-10-27 07:00,0.531,8.934
2023-10-27 08:00,0.625,9.661
2023-10-27 09:00,0.696,10.259
2023-10-27 10:00,0.703,10.322
2023-10-27 11:00,0.701,10.303
2023-10-27 12:00,0.670,10.032
2023-10-27 13:00,0.628,9.681
2023-10-27 14:00,0.577,9.285
2023-10-27 15:00,0.550,9.080
2023-10-27 16:00,0.555,9.116
2023-10-27 17:00,0.569,9.223
2023-10-27 18:00,0.587,9.361
2023-10-27 19:00,0.619,9.612
2023-10-27 20:00,0.685,10.155
2023-10-27 21:00,0.717,10.450
2023-10-27 22:00,0.774,11.036
2023-10-27 23:00,0.844,11.902
2023-10-28 00:00,0.877,12.456
2023-10-28 01:00,0.877,12.441
2023-10-28 02:00,0.858,12.134
2023-10-28 03:00,0.836,11.802
2023-10-28 04:00,0.816,11.527
2023-10-28 05:00,0.802,11.357
2023-10-28 06:00,0.806,11.401
2023-10-28 07:00,0.826,11.651
2023-10-28 08:00,0.843,11.903
2023-10-28 09:00,0.861,12.171
2023-10-28 10:00,0.867,12.277
2023-10-28 11:00,0.861,12.174
2023-10-28 12:00,0.841,11.881
2023-10-28 13:00,0.820,11.575
2023-10-28 14:00,0.794,11.254
2023-10-28 15:00,0.779,11.078
2023-10-28 16:00,0.769,10.974
2023-10-28 17:00,0.763,10.907
2023-10-28 18:00,0.755,10.823
2023-10-28 19:00,0.747,10.751
2023-10-28 20:00,0.742,10.700
2023-10-28 21:00,0.725,10.528
2023-10-28 22:00,0.709,10.369
2023-10-28 23:00,0.688,10.185
2023-10-29 00:00,0.730,10.575
2023-10-29 01:00,0.729,10.571
2023-10-29 02:00,0.709,10.372
2023-10-29 03:00,0.687,10.172
2023-10-29 04:00,0.660,9.943
2023-10-29 05:00,0.633,9.728
2023-10-29 06:00,0.628,9.681
2023-10-29 07:00,0.639,9.770
2023-10-29 08:00,0.663,9.964
2023-10-29 09:00,0.691,10.220
2023-10-29 10:00,0.689,10.188
2023-10-29 11:00,0.660,9.950
2023-10-29 12:00,0.614,9.570
2023-10-29 13:00,0.577,9.282
2023-10-29 14:00,0.551,9.084
2023-10-29 15:00,0.552,9.094
2023-10-29 16:00,0.577,9.286
2023-10-29 17:00,0.605,9.501
2023-10-29 18:00,0.629,9.687
2023-10-29 19:00,0.647,9.827
2023-10-29 20:00,0.647,9.832
2023-10-29 21:00,0.616,9.578
2023-10-29 22:00,0.579,9.299
2023-10-29 23:00,0.514,8.811
2023-10-30 00:00,0.506,8.742
2023-10-30 01:00,0.549,9.066
2023-10-30 02:00,0.545,9.037
2023-10-30 03:00,0.542,9.017
2023-10-30 04:00,0.564,9.172
2023-10-30 05:00,0.599,9.441
2023-10-30 06:00,0.650,9.865
2023-10-30 07:00,0.704,10.326
2023-10-30 08:00,0.736,10.637
2023-10-30 09:00,0.767,10.957
2023-10-30 10:00,0.775,11.045
2023-10-30 11:00,0.769,10.976
2023-10-30 12:00,0.755,10.827
2023-10-30 13:00,0.750,10.777
2023-10-30 14:00,0.761,10.886
2023-10-30 15:00,0.783,11.126
2023-10-30 16:00,0.813,11.491
2023-10-30 17:00,0.849,11.986
2023-10-30 18:00,0.879,12.480
2023-10-30 19:00,0.900,12.877
2023-10-30 20:00,0.914,13.190
2023-10-30 21:00,0.919,13.314
2023-10-30 22:00,0.910,13.081
2023-10-30 23:00,0.882,12.530
2023-10-31 00:00,0.899,12.869
2023-10-31 01:00,0.907,13.037
2023-10-31 02:00,0.904,12.965
2023-10-31 03:00,0.897,12.821
2023-10-31 04:00,0.894,12.771
2023-10-31 05:00,0.899,12.874
2023-10-31 06:00,0.911,13.116
2023-10-31 07:00,0.919,13.316
2023-10-31 08:00,0.916,13.229
2023-10-31 09:00,0.904,12.965
2023-10-31 10:00,0.883,12.563
2023-10-31 11:00,0.856,12.097
2023-10-31 12:00,0.832,11.745
2023-10-31 13:00,0.817,11.549
2023-10-31 14:00,0.803,11.375
2023-10-31 15:00,0.758,10.853
2023-10-31 16:00,0.719,10.475
2023-10-31 17:00,0.707,10.356
2023-10-31 18:00,0.712,10.399
2023-10-31 19:00,0.700,10.302
2023-10-31 20:00,0.683,10.143
2023-10-31 21:00,0.685,10.153
2023-10-31 22:00,0.669,10.027
2023-10-31 23:00,0.633,9.720
2023-11-01 00:00,0.670,10.029
2023-11-01 01:00,0.683,10.141
2023-11-01 02:00,0.685,10.156
2023-11-01 03:00,0.679,10.110
2023-11-01 04:00,0.671,10.041
2023-11-01 05:00,0.682,10.137
2023-11-01 06:00,0.705,10.342
2023-11-01 07:00,0.728,10.563
2023-11-01 08:00,0.751,10.793
2023-11-01 09:00,0.748,10.756
2023-11-01 10:00,0.725,10.527
2023-11-01 11:00,0.720,10.479
2023-11-01 12:00,0.707,10.353
2023-11-01 13:00,0.671,10.042
2023-11-01 14:00,0.620,9.621
2023-11-01 15:00,0.606,9.503
2023-11-01 16:00,0.612,9.552
2023-11-01 17:00,0.625,9.650
2023-11-01 18:00,0.619,9.613
2023-11-01 19:00,0.589,9.377
2023-11-01 20:00,0.561,9.151
2023-11-01 21:00,0.514,8.802
2023-11-01 22:00,0.450,8.334
2023-11-01 23:00,0.356,7.620
2023-11-02 00:00,0.317,7.320
2023-11-02 01:00,0.276,6.979
2023-11-02 02:00,0.209,6.364
2023-11-02 03:00,0.164,5.901
2023-11-02 04:00,0.139,5.606
2023-11-02 05:00,0.119,5.344
2023-11-02 06:00,0.104,5.136
2023-11-02 07:00,0.112,5.251
2023-11-02 08:00,0.148,5.720
2023-11-02 09:00,0.211,6.394
2023-11-02 10:00,0.259,6.826
2023-11-02 11:00,0.264,6.881
2023-11-02 12:00,0.222,6.496
2023-11-02 13:00,0.175,6.019
2023-11-02 14:00,0.146,5.687
2023-11-02 15:00,0.132,5.520
2023-11-02 16:00,0.139,5.604
2023-11-02 17:00,0.159,5.837
2023-11-02 18:00,0.183,6.097
2023-11-02 19:00,0.199,6.272
2023-11-02 20:00,0.212,6.401
2023-11-02 21:00,0.217,6.441
2023-11-02 22:00,0.199,6.264
2023-11-02 23:00,0.156,5.804
2023-11-03 00:00,0.154,5.776
2023-11-03 01:00,0.139,5.605
2023-11-03 02:00,0.100,5.076
2023-11-03 03:00,0.069,4.580
2023-11-03 04:00,0.053,4.270
2023-11-03 05:00,0.048,4.163
2023-11-03 06:00,0.055,4.303
2023-11-03 07:00,0.068,4.564
2023-11-03 08:00,0.082,4.791
2023-11-03 09:00,0.105,5.157
2023-11-03 10:00,0.122,5.392
2023-11-03 11:00,0.123,5.397
2023-11-03 12:00,0.112,5.248
2023-11-03 13:00,0.095,5.014
2023-11-03 14:00,0.083,4.819
2023-11-03 15:00,0.080,4.769
2023-11-03 16:00,0.082,4.799
2023-11-03 17:00,0.083,4.815
2023-11-03 18:00,0.083,4.813
2023-11-03 19:00,0.082,4.787
2023-11-03 20:00,0.081,4.782
2023-11-03 21:00,0.086,4.865
2023-11-03 22:00,0.088,4.902
2023-11-03 23:00,0.069,4.581
2023-11-04 00:00,0.057,4.336
2023-11-04 01:00,0.049,4.184
2023-11-04 02:00,0.048,4.138
2023-11-04 03:00,0.044,4.056
2023-11-04 04:00,0.032,3.745
2023-11-04 05:00,0.020,3.340
2023-11-04 06:00,0.013,3.073
2023-11-04 07:00,0.015,3.155
2023-11-04 08:00,0.028,3.634
2023-11-04 09:00,0.063,4.457
2023-11-04 10:00,0.095,5.013
2023-11-04 11:00,0.111,5.241
2023-11-04 12:00,0.099,5.065
2023-11-04 13:00,0.068,4.550
2023-11-04 14:00,0.042,4.011
2023-11-04 15:00,0.033,3.791
2023-11-04 16:00,0.037,3.878
2023-11-04 17:00,0.052,4.250
2023-11-04 18:00,0.084,4.841
2023-11-04 19:00,0.120,5.362
2023-11-04 20:00,0.135,5.553
2023-11-04 21:00,0.118,5.327
2023-11-04 22:00,0.090,4.927
2023-11-04 23:00,0.051,4.215
2023-11-05 00:00,0.021,3.389
2023-11-05 01:00,0.006,2.578
2023-11-05 02:00,0.001,1.744
2023-11-05 03:00,0,1.255
2023-11-05 04:00,0.002,2.044
2023-11-05 05:00,0.019,3.312
2023-11-05 06:00,0.055,4.312
2023-11-05 07:00,0.094,4.999
2023-11-05 08:00,0.129,5.483
2023-11-05 09:00,0.159,5.844
2023-11-05 10:00,0.179,6.055
2023-11-05 11:00,0.185,6.122
2023-11-05 12:00,0.188,6.161
2023-11-05 13:00,0.187,6.145
2023-11-05 14:00,0.179,6.068
2023-11-05 15:00,0.165,5.908
2023-11-05 16:00,0.139,5.603
2023-11-05 17:00,0.106,5.173
2023-11-05 18:00,0.075,4.678
2023-11-05 19:00,0.052,4.242
2023-11-05 20:00,0.038,3.920
2023-11-05 21:00,0.051,4.215
2023-11-05 22:00,0.113,5.268
2023-11-05 23:00,0.266,6.891
2023-11-06 00:00,0.494,8.656
2023-11-06 01:00,0.660,9.947
2023-11-06 02:00,0.630,9.696
2023-11-06 03:00,0.542,9.016
2023-11-06 04:00,0.525,8.890
2023-11-06 05:00,0.554,9.110
2023-11-06 06:00,0.568,9.212
2023-11-06 07:00,0.622,9.631
2023-11-06 08:00,0.687,10.178
2023-11-06 09:00,0.726,10.539
2023-11-06 10:00,0.722,10.491
2023-11-06 11:00,0.699,10.287
2023-11-06 12:00,0.682,10.136
2023-11-06 13:00,0.676,10.079
2023-11-06 14:00,0.679,10.102
2023-11-06 15:00,0.738,10.662
2023-11-06 16:00,0.785,11.161
2023-11-06 17:00,0.840,11.863
2023-11-06 18:00,0.899,12.853
2023-11-06 19:00,0.923,13.413
2023-11-06 20:00,0.940,13.871
2023-11-06 21:00,0.943,13.965
2023-11-06 22:00,0.940,13.882
2023-11-06 23:00,0.937,13.803
2023-11-07 00:00,0.950,14.227
2023-11-07 01:00,0.947,14.125
2023-11-07 02:00,0.934,13.717
2023-11-07 03:00,0.924,13.444
2023-11-07 04:00,0.919,13.302
2023-11-07 05:00,0.914,13.185
2023-11-07 06:00,0.914,13.176
2023-11-07 07:00,0.913,13.149
2023-11-07 08:00,0.922,13.376
2023-11-07 09:00,0.929,13.572
2023-11-07 10:00,0.920,13.323
2023-11-07 11:00,0.901,12.912
2023-11-07 12:00,0.876,12.419
2023-11-07 13:00,0.832,11.746
2023-11-07 14:00,0.797,11.297
2023-11-07 15:00,0.787,11.184
2023-11-07 16:00,0.771,10.995
2023-11-07 17:00,0.749,10.768
2023-11-07 18:00,0.710,10.392
2023-11-07 19:00,0.679,10.112
2023-11-07 20:00,0.674,10.064
2023-11-07 21:00,0.633,9.720
2023-11-07 22:00,0.573,9.249
2023-11-07 23:00,0.487,8.608
2023-11-08 00:00,0.454,8.367
2023-11-08 01:00,0.396,7.935
2023-11-08 02:00,0.321,7.349
2023-11-08 03:00,0.262,6.862
2023-11-08 04:00,0.235,6.612
2023-11-08 05:00,0.219,6.461
2023-11-08 06:00,0.206,6.340
2023-11-08 07:00,0.206,6.339
2023-11-08 08:00,0.232,6.580
2023-11-08 09:00,0.302,7.191
2023-11-08 10:00,0.364,7.692
2023-11-08 11:00,0.374,7.758
2023-11-08 12:00,0.330,7.422
2023-11-08 13:00,0.284,7.050
2023-11-08 14:00,0.272,6.945
2023-11-08 15:00,0.297,7.147
2023-11-08 16:00,0.330,7.418
2023-11-08 17:00,0.353,7.606
2023-11-08 18:00,0.379,7.807
2023-11-08 19:00,0.410,8.041
2023-11-08 20:00,0.429,8.183
2023-11-08 21:00,0.410,8.039
2023-11-08 22:00,0.371,7.748
2023-11-08 23:00,0.307,7.235
2023-11-09 00:00,0.299,7.178
2023-11-09 01:00,0.272,6.951
2023-11-09 02:00,0.207,6.344
2023-11-09 03:00,0.172,5.984
2023-11-09 04:00,0.158,5.826
2023-11-09 05:00,0.133,5.524
2023-11-09 06:00,0.094,4.994
2023-11-09 07:00,0.062,4.454
2023-11-09 08:00,0.048,4.138
2023-11-09 09:00,0.055,4.306
2023-11-09 10:00,0.068,4.541
2023-11-09 11:00,0.065,4.501
2023-11-09 12:00,0.046,4.097
2023-11-09 13:00,0.023,3.455
2023-11-09 14:00,0.008,2.760
2023-11-09 15:00,0.003,2.334
2023-11-09 16:00,0.003,2.299
2023-11-09 17:00,0.004,2.444
2023-11-09 18:00,0.006,2.611
2023-11-09 19:00,0.010,2.857
2023-11-09 20:00,0.018,3.288
2023-11-09 21:00,0.026,3.570
2023-11-09 22:00,0.036,3.854
2023-11-09 23:00,0.045,4.089
2023-11-10 00:00,0.055,4.289
2023-11-10 01:00,0.072,4.617
2023-11-10 02:00,0.107,5.180
2023-11-10 03:00,0.183,6.104
2023-11-10 04:00,0.314,7.298
2023-11-10 05:00,0.526,8.895
2023-11-10 06:00,0.740,10.680
2023-11-10 07:00,0.859,12.142
2023-11-10 08:00,0.893,12.737
2023-11-10 09:00,0.899,12.871
2023-11-10 10:00,0.906,13.021
2023-11-10 11:00,0.919,13.300
2023-11-10 12:00,0.932,13.657
2023-11-10 13:00,0.942,13.939
2023-11-10 14:00,0.948,14.160
2023-11-10 15:00,0.950,14.225
2023-11-10 16:00,0.952,14.278
2023-11-10 17:00,0.950,14.228
2023-11-10 18:00,0.946,14.073
2023-11-10 19:00,0.949,14.163
2023-11-10 20:00,0.952,14.287
2023-11-10 21:00,0.960,14.604
2023-11-10 22:00,0.964,14.798
2023-11-10 23:00,0.969,15.027
2023-11-11 00:00,0.972,15.222
2023-11-11 01:00,0.972,15.228
2023-11-11 02:00,0.967,14.935
2023-11-11 03:00,0.957,14.472
2023-11-11 04:00,0.944,14.028
2023-11-11 05:00,0.937,13.791
2023-11-11 06:00,0.937,13.807
2023-11-11 07:00,0.943,13.976
2023-11-11 08:00,0.945,14.044
2023-11-11 09:00,0.944,14.023
2023-11-11 10:00,0.944,14.014
2023-11-11 11:00,0.944,13.999
2023-11-11 12:00,0.942,13.936
2023-11-11 13:00,0.938,13.812
2023-11-11 14:00,0.939,13.830
2023-11-11 15:00,0.944,14.001
2023-11-11 16:00,0.947,14.110
2023-11-11 17:00,0.948,14.153
2023-11-11 18:00,0.953,14.306
2023-11-11 19:00,0.957,14.480
2023-11-11 20:00,0.962,14.720
2023-11-11 21:00,0.962,14.710
2023-11-11 22:00,0.960,14.612
2023-11-11 23:00,0.962,14.673
2023-11-12 00:00,0.966,14.871
2023-11-12 01:00,0.966,14.890
2023-11-12 02:00,0.963,14.730
2023-11-12 03:00,0.960,14.609
2023-11-12 04:00,0.961,14.656
2023-11-12 05:00,0.962,14.697
2023-11-12 06:00,0.964,14.808
2023-11-12 07:00,0.969,15.066
2023-11-12 08:00,0.974,15.324
2023-11-12 09:00,0.978,15.643
2023-11-12 10:00,0.982,15.983
2023-11-12 11:00,0.984,16.138
2023-11-12 12:00,0.985,16.330
2023-11-12 13:00,0.987,16.524
2023-11-12 14:00,0.988,16.706
2023-11-12 15:00,0.987,16.587
2023-11-12 16:00,0.986,16.403
2023-11-12 17:00,0.985,16.322
2023-11-12 18:00,0.985,16.247
2023-11-12 19:00,0.985,16.343
2023-11-12 20:00,0.987,16.566
2023-11-12 21:00,0.987,16.519
2023-11-12 22:00,0.986,16.389
2023-11-12 23:00,0.986,16.433
2023-11-13 00:00,0.987,16.515
2023-11-13 01:00,0.986,16.406
2023-11-13 02:00,0.983,16.052
2023-11-13 03:00,0.981,15.839
2023-11-13 04:00,0.977,15.553
2023-11-13 05:00,0.973,15.300
2023-11-13 06:00,0.973,15.270
2023-11-13 07:00,0.974,15.305
2023-11-13 08:00,0.972,15.222
2023-11-13 09:00,0.966,14.894
2023-11-13 10:00,0.958,14.537
2023-11-13 11:00,0.946,14.066
2023-11-13 12:00,0.924,13.444
2023-11-13 13:00,0.895,12.783
2023-11-13 14:00,0.859,12.142
2023-11-13 15:00,0.836,11.797
2023-11-13 16:00,0.826,11.665
2023-11-13 17:00,0.828,11.692
2023-11-13 18:00,0.842,11.890
2023-11-13 19:00,0.852,12.041
2023-11-13 20:00,0.857,12.109
2023-11-13 21:00,0.851,12.013
2023-11-13 22:00,0.837,11.811
2023-11-13 23:00,0.809,11.444
2023-11-14 00:00,0.800,11.329
2023-11-14 01:00,0.769,10.978
2023-11-14 02:00,0.705,10.331
2023-11-14 03:00,0.666,9.999
2023-11-14 04:00,0.658,9.930
2023-11-14 05:00,0.656,9.907
2023-11-14 06:00,0.670,10.031
2023-11-14 07:00,0.696,10.259
2023-11-14 08:00,0.722,10.494
2023-11-14 09:00,0.735,10.618
2023-11-14 10:00,0.731,10.587
2023-11-14 11:00,0.723,10.517
2023-11-14 12:00,0.716,10.448
2023-11-14 13:00,0.722,10.499
2023-11-14 14:00,0.744,10.719
2023-11-14 15:00,0.776,11.052
2023-11-14 16:00,0.812,11.479
2023-11-14 17:00,0.839,11.850
2023-11-14 18:00,0.857,12.113
2023-11-14 19:00,0.868,12.291
2023-11-14 20:00,0.874,12.388
2023-11-14 21:00,0.882,12.545
2023-11-14 22:00,0.894,12.753
2023-11-14 23:00,0.892,12.715
2023-11-15 00:00,0.905,12.985
2023-11-15 01:00,0.921,13.353
2023-11-15 02:00,0.929,13.568
2023-11-15 03:00,0.930,13.607
2023-11-15 04:00,0.928,13.532
2023-11-15 05:00,0.924,13.445
2023-11-15 06:00,0.917,13.261
2023-11-15 07:00,0.905,12.984
2023-11-15 08:00,0.893,12.744
2023-11-15 09:00,0.878,12.457
2023-11-15 10:00,0.865,12.245
2023-11-15 11:00,0.850,12.001
2023-11-15 12:00,0.833,11.753
2023-11-15 13:00,0.798,11.312
2023-11-15 14:00,0.756,10.836
2023-11-15 15:00,0.725,10.535
2023-11-15 16:00,0.691,10.207
2023-11-15 17:00,0.641,9.789
2023-11-15 18:00,0.581,9.315
2023-11-15 19:00,0.535,8.969
2023-11-15 20:00,0.514,8.802
2023-11-15 21:00,0.446,8.311
2023-11-15 22:00,0.408,8.024
2023-11-15 23:00,0.472,8.492
2023-11-16 00:00,0.752,10.798
2023-11-16 01:00,0.893,12.751
2023-11-16 02:00,0.892,12.729
2023-11-16 03:00,0.850,11.996
2023-11-16 04:00,0.809,11.440
2023-11-16 05:00,0.798,11.310
2023-11-16 06:00,0.823,11.618
2023-11-16 07:00,0.836,11.799
2023-11-16 08:00,0.817,11.533
2023-11-16 09:00,0.781,11.102
2023-11-16 10:00,0.767,10.954
2023-11-16 11:00,0.788,11.187
2023-11-16 12:00,0.817,11.530
2023-11-16 13:00,0.852,12.032
2023-11-16 14:00,0.881,12.514
2023-11-16 15:00,0.915,13.219
2023-11-16 16:00,0.939,13.860
2023-11-16 17:00,0.941,13.922
2023-11-16 18:00,0.934,13.717
2023-11-16 19:00,0.925,13.474
2023-11-16 20:00,0.915,13.214
2023-11-16 21:00,0.893,12.751
2023-11-16 22:00,0.871,12.330
2023-11-16 23:00,0.823,11.622
2023-11-17 00:00,0.806,11.402
2023-11-17 01:00,0.783,11.137
2023-11-17 02:00,0.698,10.277
2023-11-17 03:00,0.608,9.516
2023-11-17 04:00,0.522,8.867
2023-11-17 05:00,0.441,8.262
2023-11-17 06:00,0.386,7.853
2023-11-17 07:00,0.364,7.696
2023-11-17 08:00,0.368,7.721
2023-11-17 09:00,0.377,7.781
2023-11-17 10:00,0.364,7.694
2023-11-17 11:00,0.363,7.683
2023-11-17 12:00,0.367,7.718
2023-11-17 13:00,0.380,7.816
2023-11-17 14:00,0.417,8.088
2023-11-17 15:00,0.511,8.782
2023-11-17 16:00,0.604,9.487
2023-11-17 17:00,0.666,10.002
2023-11-17 18:00,0.717,10.452
2023-11-17 19:00,0.762,10.891
2023-11-17 20:00,0.797,11.299
2023-11-17 21:00,0.802,11.356
2023-11-17 22:00,0.788,11.195
2023-11-17 23:00,0.739,10.667
2023-11-18 00:00,0.693,10.231
2023-11-18 01:00,0.743,10.707
2023-11-18 02:00,0.782,11.114
2023-11-18 03:00,0.799,11.322
2023-11-18 04:00,0.824,11.642
2023-11-18 05:00,0.844,11.903
2023-11-18 06:00,0.864,12.234
2023-11-18 07:00,0.886,12.611
2023-11-18 08:00,0.905,12.987
2023-11-18 09:00,0.912,13.137
2023-11-18 10:00,0.903,12.940
2023-11-18 11:00,0.883,12.561
2023-11-18 12:00,0.856,12.092
2023-11-18 13:00,0.822,11.600
2023-11-18 14:00,0.785,11.148
2023-11-18 15:00,0.767,10.953
2023-11-18 16:00,0.760,10.873
2023-11-18 17:00,0.747,10.747
2023-11-18 18:00,0.733,10.607
2023-11-18 19:00,0.714,10.419
2023-11-18 20:00,0.679,10.104
2023-11-18 21:00,0.625,9.656
2023-11-18 22:00,0.576,9.276
2023-11-18 23:00,0.518,8.834
2023-11-19 00:00,0.444,8.285
2023-11-19 01:00,0.438,8.250
2023-11-19 02:00,0.404,7.996
2023-11-19 03:00,0.388,7.868
2023-11-19 04:00,0.371,7.750
2023-11-19 05:00,0.341,7.507
2023-11-19 06:00,0.319,7.332
2023-11-19 07:00,0.316,7.319
2023-11-19 08:00,0.339,7.499
2023-11-19 09:00,0.383,7.831
2023-11-19 10:00,0.393,7.913
2023-11-19 11:00,0.398,7.954
2023-11-19 12:00,0.417,8.081
2023-11-19 13:00,0.441,8.259
2023-11-19 14:00,0.460,8.402
2023-11-19 15:00,0.477,8.529
2023-11-19 16:00,0.494,8.652
2023-11-19 17:00,0.514,8.810
2023-11-19 18:00,0.553,9.099
2023-11-19 19:00,0.594,9.406
2023-11-19 20:00,0.627,9.669
2023-11-19 21:00,0.640,9.783
2023-11-19 22:00,0.639,9.775
2023-11-19 23:00,0.607,9.506
2023-11-20 00:00,0.555,9.115
2023-11-20 01:00,0.608,9.517
2023-11-20 02:00,0.616,9.585
2023-11-20 03:00,0.637,9.755
2023-11-20 04:00,0.680,10.123
2023-11-20 05:00,0.728,10.563
2023-11-20 06:00,0.780,11.095
2023-11-20 07:00,0.823,11.629
2023-11-20 08:00,0.848,11.976
2023-11-20 09:00,0.846,11.946
2023-11-20 10:00,0.823,11.622
2023-11-20 11:00,0.791,11.231
2023-11-20 12:00,0.753,10.807
2023-11-20 13:00,0.727,10.552
2023-11-20 14:00,0.717,10.445
2023-11-20 15:00,0.718,10.468
2023-11-20 16:00,0.722,10.506
2023-11-20 17:00,0.723,10.511
2023-11-20 18:00,0.718,10.466
2023-11-20 19:00,0.712,10.399
2023-11-20 20:00,0.716,10.438
2023-11-20 21:00,0.711,10.396
2023-11-20 22:00,0.696,10.266
2023-11-20 23:00,0.642,9.796
2023-11-21 00:00,0.625,9.657
2023-11-21 01:00,0.625,9.656
2023-11-21 02:00,0.577,9.281
2023-11-21 03:00,0.530,8.924
2023-11-21 04:00,0.489,8.625
2023-11-21 05:00,0.461,8.415
2023-11-21 06:00,0.454,8.366
2023-11-21 07:00,0.472,8.491
2023-11-21 08:00,0.497,8.678
2023-11-21 09:00,0.531,8.937
2023-11-21 10:00,0.543,9.022
2023-11-21 11:00,0.542,9.007
2023-11-21 12:00,0.506,8.739
2023-11-21 13:00,0.460,8.404
2023-11-21 14:00,0.409,8.026
2023-11-21 15:00,0.399,7.958
2023-11-21 16:00,0.414,8.071
2023-11-21 17:00,0.424,8.144
2023-11-21 18:00,0.428,8.167
2023-11-21 19:00,0.413,8.058
2023-11-21 20:00,0.395,7.931
2023-11-21 21:00,0.365,7.702
2023-11-21 22:00,0.342,7.522
2023-11-21 23:00,0.305,7.226
2023-11-22 00:00,0.251,6.755
2023-11-22 01:00,0.226,6.535
2023-11-22 02:00,0.181,6.083
2023-11-22 03:00,0.132,5.521
2023-11-22 04:00,0.087,4.871
2023-11-22 05:00,0.051,4.226
2023-11-22 06:00,0.031,3.720
2023-11-22 07:00,0.024,3.476
2023-11-22 08:00,0.025,3.533
2023-11-22 09:00,0.038,3.905
2023-11-22 10:00,0.050,4.203
2023-11-22 11:00,0.051,4.229
2023-11-22 12:00,0.038,3.915
2023-11-22 13:00,0.021,3.408
2023-11-22 14:00,0.010,2.900
2023-11-22 15:00,0.009,2.803
2023-11-22 16:00,0.024,3.511
2023-11-22 17:00,0.066,4.524
2023-11-22 18:00,0.129,5.478
2023-11-22 19:00,0.197,6.247
2023-11-22 20:00,0.244,6.700
2023-11-22 21:00,0.242,6.671
2023-11-22 22:00,0.216,6.432
2023-11-22 23:00,0.177,6.036
2023-11-23 00:00,0.116,5.298
2023-11-23 01:00,0.096,5.024
2023-11-23 02:00,0.108,5.194
2023-11-23 03:00,0.113,5.264
2023-11-23 04:00,0.129,5.480
2023-11-23 05:00,0.160,5.850
2023-11-23 06:00,0.217,6.442
2023-11-23 07:00,0.300,7.181
2023-11-23 08:00,0.381,7.820
2023-11-23 09:00,0.454,8.368
2023-11-23 10:00,0.472,8.497
2023-11-23 11:00,0.450,8.335
2023-11-23 12:00,0.427,8.163
2023-11-23 13:00,0.397,7.947
2023-11-23 14:00,0.404,7.998
2023-11-23 15:00,0.478,8.531
2023-11-23 16:00,0.605,9.490
2023-11-23 17:00,0.767,10.955
2023-11-23 18:00,0.899,12.849
2023-11-23 19:00,0.960,14.635
2023-11-23 20:00,0.981,15.868
2023-11-23 21:00,0.985,16.273
2023-11-23 22:00,0.984,16.113
2023-11-23 23:00,0.981,15.844
2023-11-24 00:00,0.983,16.070
2023-11-24 01:00,0.986,16.358
2023-11-24 02:00,0.987,16.612
2023-11-24 03:00,0.988,16.853
2023-11-24 04:00,0.989,17.066
2023-11-24 05:00,0.989,17.221
2023-11-24 06:00,0.989,17.453
2023-11-24 07:00,0.989,17.640
2023-11-24 08:00,0.989,17.659
2023-11-24 09:00,0.989,17.434
2023-11-24 10:00,0.989,17.148
2023-11-24 11:00,0.988,16.912
2023-11-24 12:00,0.989,16.985
2023-11-24 13:00,0.988,16.672
2023-11-24 14:00,0.984,16.171
2023-11-24 15:00,0.983,16.022
2023-11-24 16:00,0.982,15.939
2023-11-24 17:00,0.980,15.802
2023-11-24 18:00,0.979,15.721
2023-11-24 19:00,0.978,15.624
2023-11-24 20:00,0.975,15.422
2023-11-24 21:00,0.968,15.007
2023-11-24 22:00,0.961,14.646
2023-11-24 23:00,0.955,14.405
2023-11-25 00:00,0.954,14.376
2023-11-25 01:00,0.955,14.412
2023-11-25 02:00,0.956,14.452
2023-11-25 03:00,0.959,14.584
2023-11-25 04:00,0.963,14.767
2023-11-25 05:00,0.967,14.940
2023-11-25 06:00,0.969,15.047
2023-11-25 07:00,0.970,15.103
2023-11-25 08:00,0.969,15.044
2023-11-25 09:00,0.964,14.798
2023-11-25 10:00,0.959,14.562
2023-11-25 11:00,0.951,14.274
2023-11-25 12:00,0.939,13.865
2023-11-25 13:00,0.928,13.549
2023-11-25 14:00,0.918,13.296
2023-11-25 15:00,0.903,12.935
2023-11-25 16:00,0.885,12.582
2023-11-25 17:00,0.878,12.473
2023-11-25 18:00,0.874,12.390
2023-11-25 19:00,0.861,12.167
2023-11-25 20:00,0.846,11.948
2023-11-25 21:00,0.822,11.598
2023-11-25 22:00,0.799,11.321
2023-11-25 23:00,0.761,10.889
2023-11-26 00:00,0.735,10.632
2023-11-26 01:00,0.766,10.950
2023-11-26 02:00,0.763,10.916
2023-11-26 03:00,0.752,10.798
2023-11-26 04:00,0.735,10.625
2023-11-26 05:00,0.726,10.538
2023-11-26 06:00,0.730,10.576
2023-11-26 07:00,0.735,10.626
2023-11-26 08:00,0.722,10.506
2023-11-26 09:00,0.696,10.265
2023-11-26 10:00,0.655,9.897
2023-11-26 11:00,0.599,9.452
2023-11-26 12:00,0.535,8.963
2023-11-26 13:00,0.475,8.519
2023-11-26 14:00,0.441,8.264
2023-11-26 15:00,0.465,8.449
2023-11-26 16:00,0.514,8.811
2023-11-26 17:00,0.552,9.090
2023-11-26 18:00,0.570,9.227
2023-11-26 19:00,0.566,9.190
2023-11-26 20:00,0.532,8.943
2023-11-26 21:00,0.478,8.543
2023-11-26 22:00,0.431,8.193
2023-11-26 23:00,0.367,7.719
2023-11-27 00:00,0.310,7.263
2023-11-27 01:00,0.339,7.498
2023-11-27 02:00,0.345,7.545
2023-11-27 03:00,0.333,7.453
2023-11-27 04:00,0.313,7.281
2023-11-27 05:00,0.293,7.130
2023-11-27 06:00,0.301,7.189
2023-11-27 07:00,0.342,7.518
2023-11-27 08:00,0.397,7.944
2023-11-27 09:00,0.435,8.225
2023-11-27 10:00,0.419,8.109
2023-11-27 11:00,0.392,7.899
2023-11-27 12:00,0.380,7.815
2023-11-27 13:00,0.404,7.989
2023-11-27 14:00,0.432,8.203
2023-11-27 15:00,0.517,8.827
2023-11-27 16:00,0.618,9.600
2023-11-27 17:00,0.671,10.039
2023-11-27 18:00,0.724,10.521
2023-11-27 19:00,0.767,10.960
2023-11-27 20:00,0.790,11.216
2023-11-27 21:00,0.792,11.236
2023-11-27 22:00,0.795,11.271
2023-11-27 23:00,0.792,11.234
2023-11-28 00:00,0.826,11.656
2023-11-28 01:00,0.921,13.363
2023-11-28 02:00,0.950,14.224
2023-11-28 03:00,0.957,14.479
2023-11-28 04:00,0.960,14.620
2023-11-28 05:00,0.967,14.934
2023-11-28 06:00,0.975,15.388
2023-11-28 07:00,0.982,15.987
2023-11-28 08:00,0.985,16.301
2023-11-28 09:00,0.984,16.225
2023-11-28 10:00,0.980,15.791
2023-11-28 11:00,0.969,15.043
2023-11-28 12:00,0.955,14.410
2023-11-28 13:00,0.941,13.918
2023-11-28 14:00,0.898,12.840
2023-11-28 15:00,0.856,12.106
2023-11-28 16:00,0.810,11.454
2023-11-28 17:00,0.759,10.865
2023-11-28 18:00,0.708,10.366
2023-11-28 19:00,0.667,10.011
2023-11-28 20:00,0.673,10.054
2023-11-28 21:00,0.687,10.172
2023-11-28 22:00,0.673,10.055
2023-11-28 23:00,0.616,9.579
2023-11-29 00:00,0.535,8.965
2023-11-29 01:00,0.502,8.713
2023-11-29 02:00,0.429,8.175
2023-11-29 03:00,0.339,7.493
2023-11-29 04:00,0.308,7.239
2023-11-29 05:00,0.329,7.414
2023-11-29 06:00,0.354,7.613
2023-11-29 07:00,0.342,7.514
2023-11-29 08:00,0.293,7.127
2023-11-29 09:00,0.246,6.713
2023-11-29 10:00,0.222,6.495
2023-11-29 11:00,0.217,6.441
2023-11-29 12:00,0.207,6.346
2023-11-29 13:00,0.196,6.230
2023-11-29 14:00,0.208,6.358
2023-11-29 15:00,0.287,7.076
2023-11-29 16:00,0.411,8.044
2023-11-29 17:00,0.525,8.889
2023-11-29 18:00,0.629,9.685
2023-11-29 19:00,0.726,10.540
2023-11-29 20:00,0.815,11.514
2023-11-29 21:00,0.903,12.949
2023-11-29 22:00,0.954,14.344
2023-11-29 23:00,0.967,14.933
2023-11-30 00:00,0.974,15.345
2023-11-30 01:00,0.977,15.528
2023-11-30 02:00,0.979,15.708
2023-11-30 03:00,0.979,15.696
2023-11-30 04:00,0.976,15.453
2023-11-30 05:00,0.973,15.273
2023-11-30 06:00,0.973,15.244
2023-11-30 07:00,0.975,15.379
2023-11-30 08:00,0.977,15.518
2023-11-30 09:00,0.976,15.465
2023-11-30 10:00,0.971,15.148
2023-11-30 11:00,0.964,14.783
2023-11-30 12:00,0.957,14.486
2023-11-30 13:00,0.953,14.328
2023-11-30 14:00,0.947,14.122
2023-11-30 15:00,0.950,14.211
2023-11-30 16:00,0.958,14.547
2023-11-30 17:00,0.968,15.010
2023-11-30 18:00,0.975,15.405
2023-11-30 19:00,0.979,15.713
2023-11-30 20:00,0.982,15.930
2023-11-30 21:00,0.983,16.070
2023-11-30 22:00,0.983,16.044
2023-11-30 23:00,0.981,15.871
2023-12-01 00:00,0.983,16.047
2023-12-01 01:00,0.981,15.910
2023-12-01 02:00,0.979,15.710
2023-12-01 03:00,0.976,15.490
2023-12-01 04:00,0.974,15.360
2023-12-01 05:00,0.975,15.408
2023-12-01 06:00,0.978,15.575
2023-12-01 07:00,0.979,15.714
2023-12-01 08:00,0.980,15.739
2023-12-01 09:00,0.978,15.612
2023-12-01 10:00,0.977,15.566
2023-12-01 11:00,0.977,15.525
2023-12-01 12:00,0.975,15.394
2023-12-01 13:00,0.970,15.089
2023-12-01 14:00,0.962,14.710
2023-12-01 15:00,0.947,14.120
2023-12-01 16:00,0.926,13.476
2023-12-01 17:00,0.898,12.837
2023-12-01 18:00,0.871,12.344
2023-12-01 19:00,0.850,12.004
2023-12-01 20:00,0.832,11.750
2023-12-01 21:00,0.827,11.680
2023-12-01 22:00,0.824,11.638
2023-12-01 23:00,0.805,11.393
2023-12-02 00:00,0.806,11.399
2023-12-02 01:00,0.787,11.177
2023-12-02 02:00,0.756,10.835
2023-12-02 03:00,0.735,10.621
2023-12-02 04:00,0.735,10.623
2023-12-02 05:00,0.744,10.719
2023-12-02 06:00,0.779,11.089
2023-12-02 07:00,0.824,11.637
2023-12-02 08:00,0.859,12.141
2023-12-02 09:00,0.876,12.430
2023-12-02 10:00,0.871,12.328
2023-12-02 11:00,0.851,12.015
2023-12-02 12:00,0.822,11.615
2023-12-02 13:00,0.785,11.152
2023-12-02 14:00,0.752,10.802
2023-12-02 15:00,0.744,10.715
2023-12-02 16:00,0.752,10.795
2023-12-02 17:00,0.765,10.932
2023-12-02 18:00,0.769,10.974
2023-12-02 19:00,0.768,10.971
2023-12-02 20:00,0.773,11.026
2023-12-02 21:00,0.769,10.981
2023-12-02 22:00,0.771,11.003
2023-12-02 23:00,0.787,11.183
2023-12-03 00:00,0.819,11.569
2023-12-03 01:00,0.826,11.658
2023-12-03 02:00,0.807,11.422
2023-12-03 03:00,0.793,11.245
2023-12-03 04:00,0.778,11.071
2023-12-03 05:00,0.758,10.854
2023-12-03 06:00,0.766,10.943
2023-12-03 07:00,0.768,10.971
2023-12-03 08:00,0.757,10.848
2023-12-03 09:00,0.785,11.162
2023-12-03 10:00,0.783,11.137
2023-12-03 11:00,0.750,10.781
2023-12-03 12:00,0.735,10.618
2023-12-03 13:00,0.733,10.606
2023-12-03 14:00,0.714,10.423
2023-12-03 15:00,0.693,10.234
2023-12-03 16:00,0.697,10.271
2023-12-03 17:00,0.693,10.232
2023-12-03 18:00,0.680,10.118
2023-12-03 19:00,0.664,9.984
2023-12-03 20:00,0.662,9.956
2023-12-03 21:00,0.602,9.473
2023-12-03 22:00,0.549,9.072
2023-12-03 23:00,0.548,9.064
2023-12-04 00:00,0.458,8.395
2023-12-04 01:00,0.359,7.645
2023-12-04 02:00,0.280,7.013
2023-12-04 03:00,0.244,6.693
2023-12-04 04:00,0.248,6.730
2023-12-04 05:00,0.248,6.727
2023-12-04 06:00,0.224,6.514
2023-12-04 07:00,0.212,6.398
2023-12-04 08:00,0.219,6.464
2023-12-04 09:00,0.244,6.695
2023-12-04 10:00,0.252,6.762
2023-12-04 11:00,0.232,6.581
2023-12-04 12:00,0.199,6.275
2023-12-04 13:00,0.196,6.232
2023-12-04 14:00,0.217,6.437
2023-12-04 15:00,0.234,6.612
2023-12-04 16:00,0.254,6.792
2023-12-04 17:00,0.273,6.954
2023-12-04 18:00,0.286,7.064
2023-12-04 19:00,0.309,7.253
2023-12-04 20:00,0.344,7.528
2023-12-04 21:00,0.344,7.538
2023-12-04 22:00,0.336,7.476
2023-12-04 23:00,0.319,7.329
2023-12-05 00:00,0.312,7.278
2023-12-05 01:00,0.298,7.166
2023-12-05 02:00,0.292,7.113
2023-12-05 03:00,0.293,7.121
2023-12-05 04:00,0.293,7.125
2023-12-05 05:00,0.315,7.310
2023-12-05 06:00,0.362,7.667
2023-12-05 07:00,0.415,8.073
2023-12-05 08:00,0.475,8.511
2023-12-05 09:00,0.534,8.958
2023-12-05 10:00,0.544,9.024
2023-12-05 11:00,0.522,8.868
2023-12-05 12:00,0.486,8.602
2023-12-05 13:00,0.435,8.230
2023-12-05 14:00,0.398,7.950
2023-12-05 15:00,0.397,7.942
2023-12-05 16:00,0.396,7.935
2023-12-05 17:00,0.379,7.808
2023-12-05 18:00,0.363,7.682
2023-12-05 19:00,0.351,7.590
2023-12-05 20:00,0.333,7.441
2023-12-05 21:00,0.302,7.205
2023-12-05 22:00,0.278,6.999
2023-12-05 23:00,0.238,6.644
2023-12-06 00:00,0.197,6.248
2023-12-06 01:00,0.196,6.233
2023-12-06 02:00,0.190,6.167
2023-12-06 03:00,0.187,6.151
2023-12-06 04:00,0.215,6.425
2023-12-06 05:00,0.235,6.616
2023-12-06 06:00,0.227,6.542
2023-12-06 07:00,0.217,6.449
2023-12-06 08:00,0.211,6.394
2023-12-06 09:00,0.168,5.941
2023-12-06 10:00,0.121,5.379
2023-12-06 11:00,0.106,5.172
2023-12-06 12:00,0.120,5.359
2023-12-06 13:00,0.163,5.887
2023-12-06 14:00,0.236,6.627
2023-12-06 15:00,0.347,7.562
2023-12-06 16:00,0.457,8.390
2023-12-06 17:00,0.529,8.914
2023-12-06 18:00,0.593,9.397
2023-12-06 19:00,0.641,9.786
2023-12-06 20:00,0.674,10.063
2023-12-06 21:00,0.685,10.151
2023-12-06 22:00,0.687,10.175
2023-12-06 23:00,0.644,9.816
2023-12-07 00:00,0.567,9.203
2023-12-07 01:00,0.599,9.452
2023-12-07 02:00,0.656,9.911
2023-12-07 03:00,0.634,9.731
2023-12-07 04:00,0.602,9.476
2023-12-07 05:00,0.596,9.418
2023-12-07 06:00,0.597,9.434
2023-12-07 07:00,0.596,9.424
2023-12-07 08:00,0.589,9.374
2023-12-07 09:00,0.602,9.477
2023-12-07 10:00,0.589,9.376
2023-12-07 11:00,0.548,9.050
2023-12-07 12:00,0.489,8.621
2023-12-07 13:00,0.433,8.210
2023-12-07 14:00,0.384,7.843
2023-12-07 15:00,0.348,7.566
2023-12-07 16:00,0.332,7.439
2023-12-07 17:00,0.319,7.338
2023-12-07 18:00,0.295,7.138
2023-12-07 19:00,0.270,6.921
2023-12-07 20:00,0.256,6.805
2023-12-07 21:00,0.264,6.868
2023-12-07 22:00,0.278,6.999
2023-12-07 23:00,0.275,6.971
2023-12-08 00:00,0.208,6.361
2023-12-08 01:00,0.135,5.546
2023-12-08 02:00,0.095,5.005
2023-12-08 03:00,0.061,4.408
2023-12-08 04:00,0.030,3.676
2023-12-08 05:00,0.010,2.857
2023-12-08 06:00,0.003,2.276
2023-12-08 07:00,0.003,2.259
2023-12-08 08:00,0.009,2.787
2023-12-08 09:00,0.026,3.554
2023-12-08 10:00,0.035,3.828
2023-12-08 11:00,0.025,3.524
2023-12-08 12:00,0.011,2.943
2023-12-08 13:00,0.005,2.459
2023-12-08 14:00,0.004,2.378
2023-12-08 15:00,0.008,2.720
2023-12-08 16:00,0.017,3.226
2023-12-08 17:00,0.027,3.606
2023-12-08 18:00,0.039,3.926
2023-12-08 19:00,0.049,4.174
2023-12-08 20:00,0.053,4.266
2023-12-08 21:00,0.045,4.086
2023-12-08 22:00,0.033,3.773
2023-12-08 23:00,0.026,3.576
2023-12-09 00:00,0.011,2.932
2023-12-09 01:00,0.002,2.142
2023-12-09 02:00,0.001,1.891
2023-12-09 03:00,0,1.617
2023-12-09 04:00,0,1.293
2023-12-09 05:00,0,0.801
2023-12-09 06:00,0,0.301
2023-12-09 07:00,0,0.820
2023-12-09 08:00,0.002,2.069
2023-12-09 09:00,0.024,3.499
2023-12-09 10:00,0.052,4.246
2023-12-09 11:00,0.062,4.437
2023-12-09 12:00,0.057,4.355
2023-12-09 13:00,0.059,4.385
2023-12-09 14:00,0.076,4.704
2023-12-09 15:00,0.112,5.255
2023-12-09 16:00,0.152,5.763
2023-12-09 17:00,0.177,6.029
2023-12-09 18:00,0.194,6.217
2023-12-09 19:00,0.205,6.325
2023-12-09 20:00,0.202,6.301
2023-12-09 21:00,0.181,6.079
2023-12-09 22:00,0.149,5.728
2023-12-09 23:00,0.116,5.293
2023-12-10 00:00,0.077,4.711
2023-12-10 01:00,0.063,4.469
2023-12-10 02:00,0.054,4.274
2023-12-10 03:00,0.038,3.897
2023-12-10 04:00,0.022,3.440
2023-12-10 05:00,0.012,2.972
2023-12-10 06:00,0.007,2.695
2023-12-10 07:00,0.007,2.658
2023-12-10 08:00,0.013,3.065
2023-12-10 09:00,0.034,3.805
2023-12-10 10:00,0.041,3.995
2023-12-10 11:00,0.034,3.808
2023-12-10 12:00,0.027,3.587
2023-12-10 13:00,0.015,3.161
2023-12-10 14:00,0.006,2.643
2023-12-10 15:00,0.003,2.264
2023-12-10 16:00,0.003,2.248
2023-12-10 17:00,0.004,2.454
2023-12-10 18:00,0.009,2.813
2023-12-10 19:00,0.019,3.322
2023-12-10 20:00,0.033,3.767
2023-12-10 21:00,0.028,3.626
2023-12-10 22:00,0.012,3.014
2023-12-10 23:00,0.003,2.223
2023-12-11 00:00,0,1.461
2023-12-11 01:00,0.001,1.762
2023-12-11 02:00,0.015,3.149
2023-12-11 03:00,0.064,4.483
2023-12-11 04:00,0.130,5.492
2023-12-11 05:00,0.171,5.968
2023-12-11 06:00,0.178,6.049
2023-12-11 07:00,0.164,5.898
2023-12-11 08:00,0.151,5.748
2023-12-11 09:00,0.171,5.963
2023-12-11 10:00,0.167,5.933
2023-12-11 11:00,0.146,5.690
2023-12-11 12:00,0.116,5.299
2023-12-11 13:00,0.087,4.887
2023-12-11 14:00,0.074,4.661
2023-12-11 15:00,0.099,5.063
2023-12-11 16:00,0.211,6.385
2023-12-11 17:00,0.465,8.438
2023-12-11 18:00,0.703,10.321
2023-12-11 19:00,0.804,11.383
2023-12-11 20:00,0.835,11.784
2023-12-11 21:00,0.827,11.683
2023-12-11 22:00,0.808,11.432
2023-12-11 23:00,0.806,11.409
2023-12-12 00:00,0.838,11.829
2023-12-12 01:00,0.860,12.159
2023-12-12 02:00,0.866,12.253
2023-12-12 03:00,0.867,12.273
2023-12-12 04:00,0.866,12.259
2023-12-12 05:00,0.874,12.391
2023-12-12 06:00,0.895,12.787
2023-12-12 07:00,0.919,13.308
2023-12-12 08:00,0.936,13.768
2023-12-12 09:00,0.948,14.133
2023-12-12 10:00,0.951,14.272
2023-12-12 11:00,0.953,14.315
2023-12-12 12:00,0.951,14.270
2023-12-12 13:00,0.949,14.174
2023-12-12 14:00,0.943,13.968
2023-12-12 15:00,0.942,13.935
2023-12-12 16:00,0.945,14.048
2023-12-12 17:00,0.947,14.121
2023-12-12 18:00,0.950,14.216
2023-12-12 19:00,0.950,14.212
2023-12-12 20:00,0.947,14.104
2023-12-12 21:00,0.940,13.890
2023-12-12 22:00,0.924,13.446
2023-12-12 23:00,0.904,12.962
2023-12-13 00:00,0.877,12.449
2023-12-13 01:00,0.840,11.856
2023-12-13 02:00,0.791,11.226
2023-12-13 03:00,0.751,10.786
2023-12-13 04:00,0.720,10.480
2023-12-13 05:00,0.687,10.182
2023-12-13 06:00,0.664,9.984
2023-12-13 07:00,0.649,9.857
2023-12-13 08:00,0.636,9.752
2023-12-13 09:00,0.638,9.763
2023-12-13 10:00,0.613,9.567
2023-12-13 11:00,0.555,9.115
2023-12-13 12:00,0.480,8.558
2023-12-13 13:00,0.411,8.046
2023-12-13 14:00,0.374,7.761
2023-12-13 15:00,0.361,7.659
2023-12-13 16:00,0.356,7.621
2023-12-13 17:00,0.352,7.597
2023-12-13 18:00,0.349,7.576
2023-12-13 19:00,0.352,7.597
2023-12-13 20:00,0.356,7.630
2023-12-13 21:00,0.356,7.619
2023-12-13 22:00,0.349,7.574
2023-12-13 23:00,0.315,7.309
2023-12-14 00:00,0.262,6.862
2023-12-14 01:00,0.237,6.636
2023-12-14 02:00,0.202,6.297
2023-12-14 03:00,0.149,5.721
2023-12-14 04:00,0.100,5.076
2023-12-14 05:00,0.054,4.284
2023-12-14 06:00,0.029,3.641
2023-12-14 07:00,0.017,3.224
2023-12-14 08:00,0.015,3.139
2023-12-14 09:00,0.023,3.461
2023-12-14 10:00,0.025,3.548
2023-12-14 11:00,0.023,3.467
2023-12-14 12:00,0.016,3.199
2023-12-14 13:00,0.008,2.723
2023-12-14 14:00,0.002,2.145
2023-12-14 15:00,0.002,2.092
2023-12-14 16:00,0.007,2.649
2023-12-14 17:00,0.018,3.283
2023-12-14 18:00,0.031,3.706
2023-12-14 19:00,0.034,3.816
2023-12-14 20:00,0.032,3.739
2023-12-14 21:00,0.029,3.646
2023-12-14 22:00,0.028,3.630
2023-12-14 23:00,0.024,3.515
2023-12-15 00:00,0.009,2.848
2023-12-15 01:00,0.002,2.185
2023-12-15 02:00,0.006,2.587
2023-12-15 03:00,0.012,2.996
2023-12-15 04:00,0.029,3.660
2023-12-15 05:00,0.056,4.318
2023-12-15 06:00,0.087,4.871
2023-12-15 07:00,0.122,5.390
2023-12-15 08:00,0.173,5.999
2023-12-15 09:00,0.213,6.410
2023-12-15 10:00,0.184,6.116
2023-12-15 11:00,0.122,5.384
2023-12-15 12:00,0.061,4.415
2023-12-15 13:00,0.034,3.797
2023-12-15 14:00,0.083,4.823
2023-12-15 15:00,0.392,7.897
2023-12-15 16:00,0.738,10.657
2023-12-15 17:00,0.875,12.398
2023-12-15 18:00,0.921,13.352
2023-12-15 19:00,0.959,14.575
2023-12-15 20:00,0.974,15.329
2023-12-15 21:00,0.979,15.682
2023-12-15 22:00,0.983,16.047
2023-12-15 23:00,0.985,16.226
2023-12-16 00:00,0.986,16.434
2023-12-16 01:00,0.987,16.520
2023-12-16 02:00,0.986,16.419
2023-12-16 03:00,0.986,16.493
2023-12-16 04:00,0.986,16.414
2023-12-16 05:00,0.982,15.993
2023-12-16 06:00,0.981,15.885
2023-12-16 07:00,0.984,16.203
2023-12-16 08:00,0.988,16.677
2023-12-16 09:00,0.989,17.009
2023-12-16 10:00,0.989,17.326
2023-12-16 11:00,0.988,17.745
2023-12-16 12:00,0.986,18.174
2023-12-16 13:00,0.984,18.400
2023-12-16 14:00,0.985,18.269
2023-12-16 15:00,0.988,17.835
2023-12-16 16:00,0.989,17.407
2023-12-16 17:00,0.989,17.186
2023-12-16 18:00,0.989,17.134
2023-12-16 19:00,0.989,17.108
2023-12-16 20:00,0.989,17.093
2023-12-16 21:00,0.989,17.104
2023-12-16 22:00,0.989,17.121
2023-12-16 23:00,0.989,17.208
2023-12-17 00:00,0.989,17.297
2023-12-17 01:00,0.988,16.827
2023-12-17 02:00,0.983,16.038
2023-12-17 03:00,0.979,15.673
2023-12-17 04:00,0.979,15.726
2023-12-17 05:00,0.981,15.843
2023-12-17 06:00,0.984,16.140
2023-12-17 07:00,0.987,16.588
2023-12-17 08:00,0.989,17.009
2023-12-17 09:00,0.989,17.165
2023-12-17 10:00,0.989,17.075
2023-12-17 11:00,0.988,16.856
2023-12-17 12:00,0.986,16.453
2023-12-17 13:00,0.980,15.797
2023-12-17 14:00,0.971,15.131
2023-12-17 15:00,0.961,14.646
2023-12-17 16:00,0.954,14.366
2023-12-17 17:00,0.949,14.192
2023-12-17 18:00,0.943,13.986
2023-12-17 19:00,0.936,13.779
2023-12-17 20:00,0.930,13.590
2023-12-17 21:00,0.920,13.325
2023-12-17 22:00,0.905,12.995
2023-12-17 23:00,0.888,12.641
2023-12-18 00:00,0.861,12.179
2023-12-18 01:00,0.827,11.676
2023-12-18 02:00,0.791,11.230
2023-12-18 03:00,0.743,10.703
2023-12-18 04:00,0.665,9.988
2023-12-18 05:00,0.570,9.229
2023-12-18 06:00,0.522,8.866
2023-12-18 07:00,0.515,8.814
2023-12-18 08:00,0.531,8.937
2023-12-18 09:00,0.584,9.338
2023-12-18 10:00,0.622,9.636
2023-12-18 11:00,0.636,9.743
2023-12-18 12:00,0.626,9.663
2023-12-18 13:00,0.602,9.479
2023-12-18 14:00,0.575,9.267
2023-12-18 15:00,0.574,9.253
2023-12-18 16:00,0.594,9.407
2023-12-18 17:00,0.627,9.668
2023-12-18 18:00,0.651,9.870
2023-12-18 19:00,0.658,9.922
2023-12-18 20:00,0.661,9.952
2023-12-18 21:00,0.660,9.945
2023-12-18 22:00,0.658,9.931
2023-12-18 23:00,0.637,9.758
2023-12-19 00:00,0.615,9.576
2023-12-19 01:00,0.596,9.428
2023-12-19 02:00,0.550,9.080
2023-12-19 03:00,0.505,8.738
2023-12-19 04:00,0.520,8.853
2023-12-19 05:00,0.594,9.409
2023-12-19 06:00,0.691,10.214
2023-12-19 07:00,0.779,11.085
2023-12-19 08:00,0.839,11.846
2023-12-19 09:00,0.856,12.100
2023-12-19 10:00,0.835,11.788
2023-12-19 11:00,0.802,11.346
2023-12-19 12:00,0.785,11.157
2023-12-19 13:00,0.798,11.312
2023-12-19 14:00,0.827,11.668
2023-12-19 15:00,0.889,12.662
2023-12-19 16:00,0.936,13.755
2023-12-19 17:00,0.957,14.499
2023-12-19 18:00,0.971,15.144
2023-12-19 19:00,0.979,15.699
2023-12-19 20:00,0.984,16.219
2023-12-19 21:00,0.985,16.252
2023-12-19 22:00,0.982,15.969
2023-12-19 23:00,0.978,15.643
2023-12-20 00:00,0.977,15.549
2023-12-20 01:00,0.974,15.338
2023-12-20 02:00,0.968,14.961
2023-12-20 03:00,0.965,14.820
2023-12-20 04:00,0.963,14.748
2023-12-20 05:00,0.963,14.747
2023-12-20 06:00,0.967,14.934
2023-12-20 07:00,0.972,15.193
2023-12-20 08:00,0.975,15.414
2023-12-20 09:00,0.976,15.485
2023-12-20 10:00,0.981,15.878
2023-12-20 11:00,0.986,16.462
2023-12-20 12:00,0.989,16.996
2023-12-20 13:00,0.989,17.303
2023-12-20 14:00,0.989,17.189
2023-12-20 15:00,0.989,17.201
2023-12-20 16:00,0.989,17.537
2023-12-20 17:00,0.988,17.952
2023-12-20 18:00,0.984,18.445
2023-12-20 19:00,0.977,18.961
2023-12-20 20:00,0.972,19.227
2023-12-20 21:00,0.980,18.801
2023-12-20 22:00,0.987,18.031
2023-12-20 23:00,0.989,17.464
2023-12-21 00:00,0.989,17.426
2023-12-21 01:00,0.989,17.256
2023-12-21 02:00,0.989,17.086
2023-12-21 03:00,0.989,17.332
2023-12-21 04:00,0.989,17.705
2023-12-21 05:00,0.988,17.909
2023-12-21 06:00,0.986,18.194
2023-12-21 07:00,0.983,18.541
2023-12-21 08:00,0.981,18.717
2023-12-21 09:00,0.983,18.539
2023-12-21 10:00,0.985,18.351
2023-12-21 11:00,0.986,18.217
2023-12-21 12:00,0.988,17.949
2023-12-21 13:00,0.989,17.640
2023-12-21 14:00,0.988,17.721
2023-12-21 15:00,0.989,17.489
2023-12-21 16:00,0.989,17.382
2023-12-21 17:00,0.989,17.295
2023-12-21 18:00,0.989,17.216
2023-12-21 19:00,0.989,17.155
2023-12-21 20:00,0.989,17.087
2023-12-21 21:00,0.988,16.822
2023-12-21 22:00,0.988,16.779
2023-12-21 23:00,0.988,16.817
2023-12-22 00:00,0.988,16.883
2023-12-22 01:00,0.988,16.795
2023-12-22 02:00,0.988,16.670
2023-12-22 03:00,0.988,16.903
2023-12-22 04:00,0.989,17.259
2023-12-22 05:00,0.989,17.616
2023-12-22 06:00,0.987,18.005
2023-12-22 07:00,0.985,18.352
2023-12-22 08:00,0.983,18.521
2023-12-22 09:00,0.985,18.333
2023-12-22 10:00,0.986,18.118
2023-12-22 11:00,0.986,18.226
2023-12-22 12:00,0.987,18.085
2023-12-22 13:00,0.989,17.658
2023-12-22 14:00,0.989,17.199
2023-12-22 15:00,0.989,16.977
2023-12-22 16:00,0.988,16.824
2023-12-22 17:00,0.987,16.613
2023-12-22 18:00,0.986,16.436
2023-12-22 19:00,0.985,16.233
2023-12-22 20:00,0.982,15.994
2023-12-22 21:00,0.978,15.617
2023-12-22 22:00,0.974,15.323
2023-12-22 23:00,0.964,14.801
2023-12-23 00:00,0.954,14.352
2023-12-23 01:00,0.941,13.929
2023-12-23 02:00,0.925,13.465
2023-12-23 03:00,0.920,13.328
2023-12-23 04:00,0.924,13.439
2023-12-23 05:00,0.934,13.697
2023-12-23 06:00,0.939,13.845
2023-12-23 07:00,0.935,13.737
2023-12-23 08:00,0.924,13.444
2023-12-23 09:00,0.905,12.982
2023-12-23 10:00,0.886,12.616
2023-12-23 11:00,0.874,12.394
2023-12-23 12:00,0.871,12.342
2023-12-23 13:00,0.882,12.530
2023-12-23 14:00,0.892,12.727
2023-12-23 15:00,0.907,13.023
2023-12-23 16:00,0.923,13.394
2023-12-23 17:00,0.937,13.791
2023-12-23 18:00,0.938,13.819
2023-12-23 19:00,0.935,13.724
2023-12-23 20:00,0.928,13.554
2023-12-23 21:00,0.917,13.247
2023-12-23 22:00,0.907,13.024
2023-12-23 23:00,0.899,12.873
2023-12-24 00:00,0.913,13.153
2023-12-24 01:00,0.935,13.726
2023-12-24 02:00,0.936,13.766
2023-12-24 03:00,0.940,13.871
2023-12-24 04:00,0.949,14.197
2023-12-24 05:00,0.958,14.507
2023-12-24 06:00,0.968,14.985
2023-12-24 07:00,0.977,15.569
2023-12-24 08:00,0.983,16.094
2023-12-24 09:00,0.984,16.159
2023-12-24 10:00,0.979,15.707
2023-12-24 11:00,0.972,15.220
2023-12-24 12:00,0.965,14.811
2023-12-24 13:00,0.956,14.445
2023-12-24 14:00,0.947,14.120
2023-12-24 15:00,0.948,14.159
2023-12-24 16:00,0.951,14.244
2023-12-24 17:00,0.948,14.157
2023-12-24 18:00,0.942,13.953
2023-12-24 19:00,0.936,13.763
2023-12-24 20:00,0.931,13.631
2023-12-24 21:00,0.925,13.463
2023-12-24 22:00,0.920,13.340
2023-12-24 23:00,0.910,13.103
2023-12-25 00:00,0.900,12.875
2023-12-25 01:00,0.935,13.731
2023-12-25 02:00,0.944,14.017
2023-12-25 03:00,0.951,14.239
2023-12-25 04:00,0.959,14.562
2023-12-25 05:00,0.967,14.921
2023-12-25 06:00,0.974,15.321
2023-12-25 07:00,0.978,15.607
2023-12-25 08:00,0.979,15.707
2023-12-25 09:00,0.979,15.654
2023-12-25 10:00,0.975,15.416
2023-12-25 11:00,0.969,15.027
2023-12-25 12:00,0.960,14.628
2023-12-25 13:00,0.951,14.263
2023-12-25 14:00,0.939,13.843
2023-12-25 15:00,0.928,13.537
2023-12-25 16:00,0.915,13.215
2023-12-25 17:00,0.900,12.875
2023-12-25 18:00,0.881,12.526
2023-12-25 19:00,0.860,12.164
2023-12-25 20:00,0.846,11.938
2023-12-25 21:00,0.836,11.809
2023-12-25 22:00,0.824,11.638
2023-12-25 23:00,0.795,11.266
2023-12-26 00:00,0.759,10.864
2023-12-26 01:00,0.738,10.648
2023-12-26 02:00,0.693,10.230
2023-12-26 03:00,0.647,9.839
2023-12-26 04:00,0.609,9.530
2023-12-26 05:00,0.590,9.384
2023-12-26 06:00,0.577,9.280
2023-12-26 07:00,0.554,9.107
2023-12-26 08:00,0.530,8.920
2023-12-26 09:00,0.522,8.871
2023-12-26 10:00,0.514,8.802
2023-12-26 11:00,0.508,8.759
2023-12-26 12:00,0.515,8.817
2023-12-26 13:00,0.511,8.777
2023-12-26 14:00,0.507,8.755
2023-12-26 15:00,0.516,8.823
2023-12-26 16:00,0.509,8.770
2023-12-26 17:00,0.492,8.644
2023-12-26 18:00,0.485,8.592
2023-12-26 19:00,0.490,8.634
2023-12-26 20:00,0.495,8.663
2023-12-26 21:00,0.474,8.505
2023-12-26 22:00,0.450,8.325
2023-12-26 23:00,0.425,8.147
2023-12-27 00:00,0.345,7.550
2023-12-27 01:00,0.328,7.410
2023-12-27 02:00,0.351,7.583
2023-12-27 03:00,0.333,7.446
2023-12-27 04:00,0.339,7.490
2023-12-27 05:00,0.368,7.723
2023-12-27 06:00,0.419,8.102
2023-12-27 07:00,0.460,8.412
2023-12-27 08:00,0.509,8.767
2023-12-27 09:00,0.530,8.920
2023-12-27 10:00,0.519,8.846
2023-12-27 11:00,0.476,8.524
2023-12-27 12:00,0.404,7.993
2023-12-27 13:00,0.411,8.044
2023-12-27 14:00,0.468,8.466
2023-12-27 15:00,0.509,8.772
2023-12-27 16:00,0.523,8.876
2023-12-27 17:00,0.515,8.819
2023-12-27 18:00,0.499,8.692
2023-12-27 19:00,0.509,8.772
2023-12-27 20:00,0.539,8.987
2023-12-27 21:00,0.521,8.862
2023-12-27 22:00,0.485,8.596
2023-12-27 23:00,0.409,8.025
2023-12-28 00:00,0.280,7.015
2023-12-28 01:00,0.296,7.142
2023-12-28 02:00,0.342,7.518
2023-12-28 03:00,0.362,7.677
2023-12-28 04:00,0.356,7.623
2023-12-28 05:00,0.351,7.583
2023-12-28 06:00,0.374,7.760
2023-12-28 07:00,0.435,8.227
2023-12-28 08:00,0.503,8.730
2023-12-28 09:00,0.570,9.231
2023-12-28 10:00,0.580,9.303
2023-12-28 11:00,0.578,9.288
2023-12-28 12:00,0.599,9.448
2023-12-28 13:00,0.638,9.763
2023-12-28 14:00,0.715,10.434
2023-12-28 15:00,0.776,11.052
2023-12-28 16:00,0.817,11.544
2023-12-28 17:00,0.850,11.993
2023-12-28 18:00,0.869,12.310
2023-12-28 19:00,0.874,12.395
2023-12-28 20:00,0.858,12.135
2023-12-28 21:00,0.840,11.856
2023-12-28 22:00,0.822,11.606
2023-12-28 23:00,0.793,11.247
2023-12-29 00:00,0.792,11.234
2023-12-29 01:00,0.822,11.608
2023-12-29 02:00,0.834,11.763
2023-12-29 03:00,0.827,11.670
2023-12-29 04:00,0.815,11.520
2023-12-29 05:00,0.804,11.379
2023-12-29 06:00,0.797,11.292
2023-12-29 07:00,0.792,11.235
2023-12-29 08:00,0.775,11.048
2023-12-29 09:00,0.749,10.768
2023-12-29 10:00,0.694,10.239
2023-12-29 11:00,0.616,9.580
2023-12-29 12:00,0.535,8.961
2023-12-29 13:00,0.463,8.431
2023-12-29 14:00,0.417,8.086
2023-12-29 15:00,0.395,7.919
2023-12-29 16:00,0.377,7.781
2023-12-29 17:00,0.358,7.640
2023-12-29 18:00,0.336,7.474
2023-12-29 19:00,0.302,7.202
2023-12-29 20:00,0.248,6.730
2023-12-29 21:00,0.190,6.180
2023-12-29 22:00,0.143,5.655
2023-12-29 23:00,0.099,5.061
2023-12-30 00:00,0.045,4.074
2023-12-30 01:00,0.026,3.566
2023-12-30 02:00,0.023,3.448
2023-12-30 03:00,0.018,3.258
2023-12-30 04:00,0.011,2.948
2023-12-30 05:00,0.005,2.463
2023-12-30 06:00,0.001,1.951
2023-12-30 07:00,0,1.543
2023-12-30 08:00,0,1.376
2023-12-30 09:00,0,1.583
2023-12-30 10:00,0.001,1.920
2023-12-30 11:00,0.001,1.736
2023-12-30 12:00,0,1.363
2023-12-30 13:00,0,1.155
2023-12-30 14:00,0.001,1.700
2023-12-30 15:00,0.010,2.855
2023-12-30 16:00,0.047,4.126
2023-12-30 17:00,0.117,5.317
2023-12-30 18:00,0.210,6.377
2023-12-30 19:00,0.305,7.227
2023-12-30 20:00,0.386,7.854
2023-12-30 21:00,0.432,8.203
2023-12-30 22:00,0.478,8.541
2023-12-30 23:00,0.490,8.633
2023-12-31 00:00,0.445,8.294
2023-12-31 01:00,0.580,9.305
2023-12-31 02:00,0.796,11.283
2023-12-31 03:00,0.881,12.525
2023-12-31 04:00,0.917,13.257
2023-12-31 05:00,0.934,13.703
2023-12-31 06:00,0.936,13.759
2023-12-31 07:00,0.937,13.808
2023-12-31 08:00,0.931,13.621
2023-12-31 09:00,0.919,13.320
2023-12-31 10:00,0.901,12.900
2023-12-31 11:00,0.889,12.664
2023-12-31 12:00,0.891,12.713
2023-12-31 13:00,0.893,12.751
2023-12-31 14:00,0.904,12.972
2023-12-31 15:00,0.928,13.529
2023-12-31 16:00,0.945,14.054
2023-12-31 17:00,0.956,14.436
2023-12-31 18:00,0.970,15.096
2023-12-31 19:00,0.970,15.079
2023-12-31 20:00,0.964,14.783
2023-12-31 21:00,0.953,14.310
2023-12-31 22:00,0.941,13.898
2023-12-31 23:00,0.930,13.593
