# Renewables.ninja Wind power (Point API) - 25.200, 119.400 - Version: 1.4 - License: https://creativecommons.org/licenses/by-nc/4.0/ - Reference: https://doi.org/10.1016/j.energy.2016.08.068
# Units: time in UTC, electricity in kW, wind_speed in m/s
# {"units": {"time": "UTC", "electricity": "kW", "wind_speed": "m/s"}, "params": {"lat": "25.2", "lon": "119.4", "date_from": "2021-01-01", "date_to": "2021-12-31", "dataset": "merra2", "capacity": "1", "height": "140", "turbine": "Vestas V164 8000", "header": "true", "raw": "true"}}
time,electricity,wind_speed
2021-01-01 00:00,0.811,11.471
2021-01-01 01:00,0.775,11.050
2021-01-01 02:00,0.725,10.534
2021-01-01 03:00,0.674,10.064
2021-01-01 04:00,0.620,9.621
2021-01-01 05:00,0.570,9.230
2021-01-01 06:00,0.542,9.010
2021-01-01 07:00,0.545,9.032
2021-01-01 08:00,0.566,9.200
2021-01-01 09:00,0.630,9.698
2021-01-01 10:00,0.658,9.927
2021-01-01 11:00,0.649,9.853
2021-01-01 12:00,0.629,9.686
2021-01-01 13:00,0.613,9.560
2021-01-01 14:00,0.610,9.541
2021-01-01 15:00,0.631,9.705
2021-01-01 16:00,0.663,9.960
2021-01-01 17:00,0.693,10.230
2021-01-01 18:00,0.733,10.604
2021-01-01 19:00,0.780,11.095
2021-01-01 20:00,0.813,11.494
2021-01-01 21:00,0.811,11.474
2021-01-01 22:00,0.787,11.176
2021-01-01 23:00,0.743,10.708
2021-01-02 00:00,0.725,10.534
2021-01-02 01:00,0.760,10.876
2021-01-02 02:00,0.774,11.037
2021-01-02 03:00,0.806,11.399
2021-01-02 04:00,0.843,11.910
2021-01-02 05:00,0.870,12.325
2021-01-02 06:00,0.890,12.683
2021-01-02 07:00,0.904,12.969
2021-01-02 08:00,0.910,13.082
2021-01-02 09:00,0.910,13.104
2021-01-02 10:00,0.910,13.108
2021-01-02 11:00,0.905,13.000
2021-01-02 12:00,0.898,12.833
2021-01-02 13:00,0.890,12.673
2021-01-02 14:00,0.876,12.438
2021-01-02 15:00,0.866,12.264
2021-01-02 16:00,0.854,12.072
2021-01-02 17:00,0.846,11.946
2021-01-02 18:00,0.847,11.967
2021-01-02 19:00,0.843,11.906
2021-01-02 20:00,0.847,11.963
2021-01-02 21:00,0.848,11.973
2021-01-02 22:00,0.848,11.978
2021-01-02 23:00,0.835,11.791
2021-01-03 00:00,0.822,11.617
2021-01-03 01:00,0.826,11.654
2021-01-03 02:00,0.809,11.448
2021-01-03 03:00,0.774,11.038
2021-01-03 04:00,0.743,10.708
2021-01-03 05:00,0.746,10.733
2021-01-03 06:00,0.766,10.947
2021-01-03 07:00,0.795,11.260
2021-01-03 08:00,0.823,11.629
2021-01-03 09:00,0.834,11.767
2021-01-03 10:00,0.824,11.633
2021-01-03 11:00,0.817,11.532
2021-01-03 12:00,0.805,11.390
2021-01-03 13:00,0.802,11.354
2021-01-03 14:00,0.797,11.297
2021-01-03 15:00,0.812,11.483
2021-01-03 16:00,0.839,11.840
2021-01-03 17:00,0.864,12.219
2021-01-03 18:00,0.879,12.476
2021-01-03 19:00,0.880,12.488
2021-01-03 20:00,0.872,12.352
2021-01-03 21:00,0.838,11.834
2021-01-03 22:00,0.800,11.329
2021-01-03 23:00,0.764,10.920
2021-01-04 00:00,0.773,11.014
2021-01-04 01:00,0.826,11.656
2021-01-04 02:00,0.825,11.644
2021-01-04 03:00,0.796,11.291
2021-01-04 04:00,0.767,10.960
2021-01-04 05:00,0.751,10.791
2021-01-04 06:00,0.744,10.715
2021-01-04 07:00,0.749,10.767
2021-01-04 08:00,0.744,10.718
2021-01-04 09:00,0.742,10.699
2021-01-04 10:00,0.735,10.619
2021-01-04 11:00,0.715,10.432
2021-01-04 12:00,0.695,10.250
2021-01-04 13:00,0.680,10.115
2021-01-04 14:00,0.679,10.105
2021-01-04 15:00,0.693,10.233
2021-01-04 16:00,0.717,10.445
2021-01-04 17:00,0.756,10.836
2021-01-04 18:00,0.789,11.204
2021-01-04 19:00,0.795,11.267
2021-01-04 20:00,0.796,11.289
2021-01-04 21:00,0.780,11.095
2021-01-04 22:00,0.775,11.047
2021-01-04 23:00,0.767,10.957
2021-01-05 00:00,0.785,11.161
2021-01-05 01:00,0.834,11.773
2021-01-05 02:00,0.860,12.163
2021-01-05 03:00,0.874,12.390
2021-01-05 04:00,0.887,12.634
2021-01-05 05:00,0.903,12.948
2021-01-05 06:00,0.921,13.360
2021-01-05 07:00,0.936,13.759
2021-01-05 08:00,0.941,13.914
2021-01-05 09:00,0.944,13.992
2021-01-05 10:00,0.945,14.045
2021-01-05 11:00,0.944,14.028
2021-01-05 12:00,0.945,14.046
2021-01-05 13:00,0.946,14.089
2021-01-05 14:00,0.951,14.258
2021-01-05 15:00,0.960,14.632
2021-01-05 16:00,0.968,15.001
2021-01-05 17:00,0.973,15.274
2021-01-05 18:00,0.976,15.467
2021-01-05 19:00,0.978,15.597
2021-01-05 20:00,0.978,15.637
2021-01-05 21:00,0.973,15.303
2021-01-05 22:00,0.962,14.705
2021-01-05 23:00,0.950,14.219
2021-01-06 00:00,0.951,14.249
2021-01-06 01:00,0.939,13.870
2021-01-06 02:00,0.919,13.310
2021-01-06 03:00,0.904,12.959
2021-01-06 04:00,0.894,12.773
2021-01-06 05:00,0.893,12.734
2021-01-06 06:00,0.903,12.938
2021-01-06 07:00,0.920,13.324
2021-01-06 08:00,0.929,13.578
2021-01-06 09:00,0.927,13.508
2021-01-06 10:00,0.923,13.408
2021-01-06 11:00,0.927,13.515
2021-01-06 12:00,0.936,13.780
2021-01-06 13:00,0.943,13.978
2021-01-06 14:00,0.946,14.062
2021-01-06 15:00,0.954,14.376
2021-01-06 16:00,0.963,14.726
2021-01-06 17:00,0.970,15.119
2021-01-06 18:00,0.978,15.577
2021-01-06 19:00,0.984,16.146
2021-01-06 20:00,0.988,16.688
2021-01-06 21:00,0.987,16.608
2021-01-06 22:00,0.986,16.409
2021-01-06 23:00,0.986,16.389
2021-01-07 00:00,0.985,16.250
2021-01-07 01:00,0.982,15.964
2021-01-07 02:00,0.979,15.715
2021-01-07 03:00,0.979,15.705
2021-01-07 04:00,0.978,15.597
2021-01-07 05:00,0.974,15.341
2021-01-07 06:00,0.973,15.241
2021-01-07 07:00,0.973,15.294
2021-01-07 08:00,0.975,15.393
2021-01-07 09:00,0.976,15.441
2021-01-07 10:00,0.975,15.409
2021-01-07 11:00,0.973,15.260
2021-01-07 12:00,0.967,14.956
2021-01-07 13:00,0.960,14.603
2021-01-07 14:00,0.952,14.274
2021-01-07 15:00,0.943,13.983
2021-01-07 16:00,0.936,13.772
2021-01-07 17:00,0.929,13.580
2021-01-07 18:00,0.925,13.473
2021-01-07 19:00,0.923,13.406
2021-01-07 20:00,0.917,13.251
2021-01-07 21:00,0.910,13.082
2021-01-07 22:00,0.902,12.914
2021-01-07 23:00,0.891,12.701
2021-01-08 00:00,0.884,12.566
2021-01-08 01:00,0.873,12.371
2021-01-08 02:00,0.849,11.989
2021-01-08 03:00,0.817,11.552
2021-01-08 04:00,0.785,11.150
2021-01-08 05:00,0.760,10.869
2021-01-08 06:00,0.754,10.816
2021-01-08 07:00,0.763,10.919
2021-01-08 08:00,0.779,11.091
2021-01-08 09:00,0.774,11.039
2021-01-08 10:00,0.735,10.627
2021-01-08 11:00,0.694,10.244
2021-01-08 12:00,0.658,9.921
2021-01-08 13:00,0.641,9.789
2021-01-08 14:00,0.661,9.952
2021-01-08 15:00,0.714,10.425
2021-01-08 16:00,0.765,10.931
2021-01-08 17:00,0.810,11.458
2021-01-08 18:00,0.856,12.101
2021-01-08 19:00,0.890,12.693
2021-01-08 20:00,0.912,13.140
2021-01-08 21:00,0.917,13.262
2021-01-08 22:00,0.918,13.283
2021-01-08 23:00,0.905,12.987
2021-01-09 00:00,0.907,13.039
2021-01-09 01:00,0.895,12.782
2021-01-09 02:00,0.872,12.354
2021-01-09 03:00,0.864,12.234
2021-01-09 04:00,0.864,12.232
2021-01-09 05:00,0.865,12.246
2021-01-09 06:00,0.869,12.307
2021-01-09 07:00,0.877,12.454
2021-01-09 08:00,0.888,12.646
2021-01-09 09:00,0.896,12.800
2021-01-09 10:00,0.894,12.760
2021-01-09 11:00,0.887,12.635
2021-01-09 12:00,0.877,12.454
2021-01-09 13:00,0.868,12.296
2021-01-09 14:00,0.865,12.236
2021-01-09 15:00,0.878,12.470
2021-01-09 16:00,0.896,12.807
2021-01-09 17:00,0.906,13.009
2021-01-09 18:00,0.911,13.126
2021-01-09 19:00,0.911,13.116
2021-01-09 20:00,0.910,13.097
2021-01-09 21:00,0.906,13.001
2021-01-09 22:00,0.903,12.957
2021-01-09 23:00,0.887,12.635
2021-01-10 00:00,0.891,12.699
2021-01-10 01:00,0.901,12.893
2021-01-10 02:00,0.911,13.113
2021-01-10 03:00,0.920,13.329
2021-01-10 04:00,0.920,13.333
2021-01-10 05:00,0.914,13.195
2021-01-10 06:00,0.909,13.075
2021-01-10 07:00,0.908,13.054
2021-01-10 08:00,0.908,13.062
2021-01-10 09:00,0.913,13.163
2021-01-10 10:00,0.910,13.097
2021-01-10 11:00,0.904,12.961
2021-01-10 12:00,0.895,12.788
2021-01-10 13:00,0.891,12.714
2021-01-10 14:00,0.894,12.760
2021-01-10 15:00,0.905,12.998
2021-01-10 16:00,0.914,13.196
2021-01-10 17:00,0.919,13.307
2021-01-10 18:00,0.923,13.396
2021-01-10 19:00,0.923,13.422
2021-01-10 20:00,0.920,13.340
2021-01-10 21:00,0.921,13.361
2021-01-10 22:00,0.919,13.308
2021-01-10 23:00,0.904,12.961
2021-01-11 00:00,0.891,12.708
2021-01-11 01:00,0.875,12.411
2021-01-11 02:00,0.848,11.979
2021-01-11 03:00,0.802,11.350
2021-01-11 04:00,0.722,10.491
2021-01-11 05:00,0.618,9.606
2021-01-11 06:00,0.519,8.849
2021-01-11 07:00,0.456,8.380
2021-01-11 08:00,0.433,8.211
2021-01-11 09:00,0.423,8.137
2021-01-11 10:00,0.385,7.847
2021-01-11 11:00,0.328,7.408
2021-01-11 12:00,0.293,7.124
2021-01-11 13:00,0.289,7.092
2021-01-11 14:00,0.314,7.301
2021-01-11 15:00,0.386,7.860
2021-01-11 16:00,0.488,8.618
2021-01-11 17:00,0.604,9.486
2021-01-11 18:00,0.715,10.435
2021-01-11 19:00,0.781,11.108
2021-01-11 20:00,0.802,11.359
2021-01-11 21:00,0.774,11.032
2021-01-11 22:00,0.740,10.682
2021-01-11 23:00,0.664,9.979
2021-01-12 00:00,0.582,9.322
2021-01-12 01:00,0.599,9.440
2021-01-12 02:00,0.511,8.785
2021-01-12 03:00,0.401,7.973
2021-01-12 04:00,0.312,7.277
2021-01-12 05:00,0.246,6.717
2021-01-12 06:00,0.206,6.337
2021-01-12 07:00,0.179,6.055
2021-01-12 08:00,0.155,5.790
2021-01-12 09:00,0.156,5.802
2021-01-12 10:00,0.158,5.831
2021-01-12 11:00,0.157,5.816
2021-01-12 12:00,0.161,5.869
2021-01-12 13:00,0.172,5.978
2021-01-12 14:00,0.184,6.117
2021-01-12 15:00,0.219,6.471
2021-01-12 16:00,0.269,6.918
2021-01-12 17:00,0.307,7.236
2021-01-12 18:00,0.324,7.376
2021-01-12 19:00,0.322,7.362
2021-01-12 20:00,0.304,7.218
2021-01-12 21:00,0.266,6.892
2021-01-12 22:00,0.226,6.537
2021-01-12 23:00,0.187,6.143
2021-01-13 00:00,0.107,5.189
2021-01-13 01:00,0.063,4.467
2021-01-13 02:00,0.052,4.236
2021-01-13 03:00,0.042,4.011
2021-01-13 04:00,0.036,3.857
2021-01-13 05:00,0.038,3.912
2021-01-13 06:00,0.048,4.160
2021-01-13 07:00,0.063,4.457
2021-01-13 08:00,0.083,4.816
2021-01-13 09:00,0.117,5.320
2021-01-13 10:00,0.134,5.533
2021-01-13 11:00,0.125,5.434
2021-01-13 12:00,0.110,5.230
2021-01-13 13:00,0.100,5.067
2021-01-13 14:00,0.114,5.278
2021-01-13 15:00,0.156,5.806
2021-01-13 16:00,0.206,6.332
2021-01-13 17:00,0.259,6.829
2021-01-13 18:00,0.313,7.288
2021-01-13 19:00,0.357,7.634
2021-01-13 20:00,0.388,7.873
2021-01-13 21:00,0.413,8.060
2021-01-13 22:00,0.441,8.262
2021-01-13 23:00,0.438,8.242
2021-01-14 00:00,0.347,7.558
2021-01-14 01:00,0.296,7.146
2021-01-14 02:00,0.266,6.901
2021-01-14 03:00,0.222,6.499
2021-01-14 04:00,0.184,6.113
2021-01-14 05:00,0.166,5.923
2021-01-14 06:00,0.172,5.983
2021-01-14 07:00,0.200,6.284
2021-01-14 08:00,0.243,6.688
2021-01-14 09:00,0.317,7.322
2021-01-14 10:00,0.380,7.819
2021-01-14 11:00,0.401,7.970
2021-01-14 12:00,0.385,7.847
2021-01-14 13:00,0.363,7.684
2021-01-14 14:00,0.351,7.590
2021-01-14 15:00,0.353,7.606
2021-01-14 16:00,0.358,7.638
2021-01-14 17:00,0.360,7.653
2021-01-14 18:00,0.386,7.860
2021-01-14 19:00,0.395,7.924
2021-01-14 20:00,0.389,7.881
2021-01-14 21:00,0.359,7.642
2021-01-14 22:00,0.330,7.423
2021-01-14 23:00,0.285,7.060
2021-01-15 00:00,0.181,6.080
2021-01-15 01:00,0.093,4.972
2021-01-15 02:00,0.041,3.981
2021-01-15 03:00,0.022,3.428
2021-01-15 04:00,0.014,3.115
2021-01-15 05:00,0.014,3.097
2021-01-15 06:00,0.024,3.478
2021-01-15 07:00,0.049,4.172
2021-01-15 08:00,0.094,4.999
2021-01-15 09:00,0.150,5.734
2021-01-15 10:00,0.171,5.968
2021-01-15 11:00,0.171,5.964
2021-01-15 12:00,0.171,5.967
2021-01-15 13:00,0.192,6.202
2021-01-15 14:00,0.256,6.813
2021-01-15 15:00,0.389,7.878
2021-01-15 16:00,0.540,8.998
2021-01-15 17:00,0.641,9.792
2021-01-15 18:00,0.689,10.195
2021-01-15 19:00,0.713,10.413
2021-01-15 20:00,0.733,10.609
2021-01-15 21:00,0.769,10.982
2021-01-15 22:00,0.822,11.602
2021-01-15 23:00,0.873,12.384
2021-01-16 00:00,0.930,13.594
2021-01-16 01:00,0.963,14.733
2021-01-16 02:00,0.979,15.717
2021-01-16 03:00,0.985,16.259
2021-01-16 04:00,0.986,16.487
2021-01-16 05:00,0.988,16.799
2021-01-16 06:00,0.989,17.094
2021-01-16 07:00,0.989,17.163
2021-01-16 08:00,0.989,17.118
2021-01-16 09:00,0.988,16.889
2021-01-16 10:00,0.988,16.701
2021-01-16 11:00,0.988,16.710
2021-01-16 12:00,0.988,16.669
2021-01-16 13:00,0.987,16.566
2021-01-16 14:00,0.986,16.425
2021-01-16 15:00,0.988,16.882
2021-01-16 16:00,0.989,17.572
2021-01-16 17:00,0.986,18.131
2021-01-16 18:00,0.982,18.596
2021-01-16 19:00,0.980,18.767
2021-01-16 20:00,0.979,18.845
2021-01-16 21:00,0.981,18.648
2021-01-16 22:00,0.986,18.250
2021-01-16 23:00,0.988,17.784
2021-01-17 00:00,0.989,17.657
2021-01-17 01:00,0.989,17.455
2021-01-17 02:00,0.989,16.998
2021-01-17 03:00,0.987,16.546
2021-01-17 04:00,0.985,16.263
2021-01-17 05:00,0.984,16.180
2021-01-17 06:00,0.984,16.222
2021-01-17 07:00,0.985,16.240
2021-01-17 08:00,0.984,16.128
2021-01-17 09:00,0.977,15.558
2021-01-17 10:00,0.965,14.815
2021-01-17 11:00,0.946,14.066
2021-01-17 12:00,0.921,13.357
2021-01-17 13:00,0.891,12.711
2021-01-17 14:00,0.856,12.106
2021-01-17 15:00,0.829,11.699
2021-01-17 16:00,0.816,11.528
2021-01-17 17:00,0.808,11.426
2021-01-17 18:00,0.806,11.396
2021-01-17 19:00,0.802,11.352
2021-01-17 20:00,0.800,11.328
2021-01-17 21:00,0.796,11.291
2021-01-17 22:00,0.792,11.234
2021-01-17 23:00,0.763,10.910
2021-01-18 00:00,0.760,10.879
2021-01-18 01:00,0.763,10.905
2021-01-18 02:00,0.748,10.754
2021-01-18 03:00,0.709,10.382
2021-01-18 04:00,0.660,9.939
2021-01-18 05:00,0.648,9.847
2021-01-18 06:00,0.689,10.188
2021-01-18 07:00,0.749,10.766
2021-01-18 08:00,0.795,11.267
2021-01-18 09:00,0.826,11.663
2021-01-18 10:00,0.835,11.777
2021-01-18 11:00,0.828,11.699
2021-01-18 12:00,0.815,11.518
2021-01-18 13:00,0.808,11.426
2021-01-18 14:00,0.793,11.241
2021-01-18 15:00,0.802,11.356
2021-01-18 16:00,0.827,11.679
2021-01-18 17:00,0.851,12.024
2021-01-18 18:00,0.873,12.378
2021-01-18 19:00,0.884,12.564
2021-01-18 20:00,0.890,12.669
2021-01-18 21:00,0.888,12.645
2021-01-18 22:00,0.887,12.620
2021-01-18 23:00,0.868,12.289
2021-01-19 00:00,0.881,12.527
2021-01-19 01:00,0.907,13.026
2021-01-19 02:00,0.914,13.195
2021-01-19 03:00,0.908,13.048
2021-01-19 04:00,0.905,12.982
2021-01-19 05:00,0.912,13.136
2021-01-19 06:00,0.915,13.212
2021-01-19 07:00,0.910,13.107
2021-01-19 08:00,0.902,12.919
2021-01-19 09:00,0.889,12.667
2021-01-19 10:00,0.883,12.549
2021-01-19 11:00,0.883,12.552
2021-01-19 12:00,0.887,12.634
2021-01-19 13:00,0.882,12.542
2021-01-19 14:00,0.864,12.220
2021-01-19 15:00,0.862,12.196
2021-01-19 16:00,0.857,12.111
2021-01-19 17:00,0.844,11.916
2021-01-19 18:00,0.837,11.811
2021-01-19 19:00,0.836,11.805
2021-01-19 20:00,0.830,11.719
2021-01-19 21:00,0.827,11.672
2021-01-19 22:00,0.801,11.332
2021-01-19 23:00,0.763,10.914
2021-01-20 00:00,0.714,10.422
2021-01-20 01:00,0.736,10.633
2021-01-20 02:00,0.732,10.594
2021-01-20 03:00,0.714,10.429
2021-01-20 04:00,0.717,10.441
2021-01-20 05:00,0.739,10.666
2021-01-20 06:00,0.774,11.029
2021-01-20 07:00,0.805,11.389
2021-01-20 08:00,0.822,11.611
2021-01-20 09:00,0.833,11.757
2021-01-20 10:00,0.848,11.977
2021-01-20 11:00,0.835,11.780
2021-01-20 12:00,0.802,11.351
2021-01-20 13:00,0.779,11.080
2021-01-20 14:00,0.763,10.907
2021-01-20 15:00,0.753,10.811
2021-01-20 16:00,0.735,10.624
2021-01-20 17:00,0.719,10.473
2021-01-20 18:00,0.703,10.321
2021-01-20 19:00,0.692,10.223
2021-01-20 20:00,0.680,10.118
2021-01-20 21:00,0.633,9.713
2021-01-20 22:00,0.582,9.319
2021-01-20 23:00,0.520,8.853
2021-01-21 00:00,0.450,8.338
2021-01-21 01:00,0.437,8.234
2021-01-21 02:00,0.430,8.189
2021-01-21 03:00,0.441,8.262
2021-01-21 04:00,0.466,8.453
2021-01-21 05:00,0.503,8.730
2021-01-21 06:00,0.566,9.196
2021-01-21 07:00,0.653,9.888
2021-01-21 08:00,0.746,10.736
2021-01-21 09:00,0.832,11.738
2021-01-21 10:00,0.855,12.087
2021-01-21 11:00,0.851,12.019
2021-01-21 12:00,0.843,11.894
2021-01-21 13:00,0.825,11.648
2021-01-21 14:00,0.797,11.297
2021-01-21 15:00,0.779,11.090
2021-01-21 16:00,0.763,10.908
2021-01-21 17:00,0.775,11.049
2021-01-21 18:00,0.778,11.073
2021-01-21 19:00,0.756,10.834
2021-01-21 20:00,0.748,10.754
2021-01-21 21:00,0.738,10.662
2021-01-21 22:00,0.737,10.645
2021-01-21 23:00,0.713,10.412
2021-01-22 00:00,0.668,10.017
2021-01-22 01:00,0.674,10.069
2021-01-22 02:00,0.683,10.142
2021-01-22 03:00,0.684,10.148
2021-01-22 04:00,0.673,10.059
2021-01-22 05:00,0.670,10.030
2021-01-22 06:00,0.677,10.092
2021-01-22 07:00,0.682,10.136
2021-01-22 08:00,0.697,10.267
2021-01-22 09:00,0.718,10.461
2021-01-22 10:00,0.718,10.466
2021-01-22 11:00,0.684,10.146
2021-01-22 12:00,0.608,9.521
2021-01-22 13:00,0.534,8.954
2021-01-22 14:00,0.506,8.747
2021-01-22 15:00,0.502,8.712
2021-01-22 16:00,0.484,8.575
2021-01-22 17:00,0.475,8.509
2021-01-22 18:00,0.476,8.525
2021-01-22 19:00,0.475,8.513
2021-01-22 20:00,0.461,8.413
2021-01-22 21:00,0.425,8.148
2021-01-22 22:00,0.392,7.903
2021-01-22 23:00,0.332,7.437
2021-01-23 00:00,0.297,7.151
2021-01-23 01:00,0.278,7.001
2021-01-23 02:00,0.222,6.489
2021-01-23 03:00,0.156,5.805
2021-01-23 04:00,0.104,5.141
2021-01-23 05:00,0.081,4.779
2021-01-23 06:00,0.093,4.975
2021-01-23 07:00,0.148,5.701
2021-01-23 08:00,0.269,6.918
2021-01-23 09:00,0.404,7.988
2021-01-23 10:00,0.426,8.154
2021-01-23 11:00,0.410,8.033
2021-01-23 12:00,0.434,8.223
2021-01-23 13:00,0.499,8.688
2021-01-23 14:00,0.577,9.284
2021-01-23 15:00,0.640,9.778
2021-01-23 16:00,0.691,10.207
2021-01-23 17:00,0.745,10.725
2021-01-23 18:00,0.779,11.083
2021-01-23 19:00,0.791,11.228
2021-01-23 20:00,0.802,11.359
2021-01-23 21:00,0.793,11.252
2021-01-23 22:00,0.826,11.661
2021-01-23 23:00,0.834,11.771
2021-01-24 00:00,0.857,12.112
2021-01-24 01:00,0.865,12.248
2021-01-24 02:00,0.855,12.087
2021-01-24 03:00,0.830,11.713
2021-01-24 04:00,0.797,11.296
2021-01-24 05:00,0.774,11.038
2021-01-24 06:00,0.771,10.998
2021-01-24 07:00,0.773,11.020
2021-01-24 08:00,0.785,11.152
2021-01-24 09:00,0.816,11.527
2021-01-24 10:00,0.841,11.867
2021-01-24 11:00,0.829,11.702
2021-01-24 12:00,0.814,11.506
2021-01-24 13:00,0.811,11.466
2021-01-24 14:00,0.806,11.408
2021-01-24 15:00,0.798,11.312
2021-01-24 16:00,0.790,11.219
2021-01-24 17:00,0.757,10.847
2021-01-24 18:00,0.704,10.325
2021-01-24 19:00,0.651,9.872
2021-01-24 20:00,0.596,9.432
2021-01-24 21:00,0.534,8.954
2021-01-24 22:00,0.490,8.634
2021-01-24 23:00,0.444,8.282
2021-01-25 00:00,0.419,8.106
2021-01-25 01:00,0.364,7.696
2021-01-25 02:00,0.289,7.091
2021-01-25 03:00,0.234,6.598
2021-01-25 04:00,0.217,6.438
2021-01-25 05:00,0.232,6.587
2021-01-25 06:00,0.270,6.931
2021-01-25 07:00,0.307,7.235
2021-01-25 08:00,0.336,7.477
2021-01-25 09:00,0.359,7.647
2021-01-25 10:00,0.339,7.493
2021-01-25 11:00,0.308,7.244
2021-01-25 12:00,0.285,7.063
2021-01-25 13:00,0.281,7.029
2021-01-25 14:00,0.291,7.110
2021-01-25 15:00,0.313,7.288
2021-01-25 16:00,0.330,7.426
2021-01-25 17:00,0.338,7.485
2021-01-25 18:00,0.346,7.554
2021-01-25 19:00,0.351,7.580
2021-01-25 20:00,0.350,7.577
2021-01-25 21:00,0.324,7.371
2021-01-25 22:00,0.292,7.115
2021-01-25 23:00,0.238,6.645
2021-01-26 00:00,0.172,5.979
2021-01-26 01:00,0.148,5.720
2021-01-26 02:00,0.116,5.299
2021-01-26 03:00,0.090,4.938
2021-01-26 04:00,0.087,4.869
2021-01-26 05:00,0.125,5.429
2021-01-26 06:00,0.239,6.659
2021-01-26 07:00,0.446,8.310
2021-01-26 08:00,0.638,9.760
2021-01-26 09:00,0.767,10.956
2021-01-26 10:00,0.797,11.297
2021-01-26 11:00,0.787,11.179
2021-01-26 12:00,0.751,10.791
2021-01-26 13:00,0.733,10.601
2021-01-26 14:00,0.720,10.483
2021-01-26 15:00,0.733,10.611
2021-01-26 16:00,0.755,10.824
2021-01-26 17:00,0.779,11.089
2021-01-26 18:00,0.807,11.425
2021-01-26 19:00,0.834,11.768
2021-01-26 20:00,0.870,12.325
2021-01-26 21:00,0.886,12.606
2021-01-26 22:00,0.878,12.469
2021-01-26 23:00,0.868,12.299
2021-01-27 00:00,0.864,12.229
2021-01-27 01:00,0.837,11.815
2021-01-27 02:00,0.790,11.217
2021-01-27 03:00,0.733,10.604
2021-01-27 04:00,0.679,10.111
2021-01-27 05:00,0.647,9.841
2021-01-27 06:00,0.647,9.837
2021-01-27 07:00,0.667,10.004
2021-01-27 08:00,0.691,10.220
2021-01-27 09:00,0.729,10.568
2021-01-27 10:00,0.726,10.537
2021-01-27 11:00,0.665,9.990
2021-01-27 12:00,0.578,9.288
2021-01-27 13:00,0.500,8.704
2021-01-27 14:00,0.469,8.476
2021-01-27 15:00,0.439,8.253
2021-01-27 16:00,0.413,8.065
2021-01-27 17:00,0.396,7.938
2021-01-27 18:00,0.408,8.024
2021-01-27 19:00,0.444,8.290
2021-01-27 20:00,0.484,8.586
2021-01-27 21:00,0.472,8.495
2021-01-27 22:00,0.443,8.278
2021-01-27 23:00,0.402,7.980
2021-01-28 00:00,0.450,8.330
2021-01-28 01:00,0.475,8.516
2021-01-28 02:00,0.450,8.339
2021-01-28 03:00,0.413,8.062
2021-01-28 04:00,0.390,7.891
2021-01-28 05:00,0.395,7.924
2021-01-28 06:00,0.459,8.397
2021-01-28 07:00,0.574,9.255
2021-01-28 08:00,0.671,10.039
2021-01-28 09:00,0.702,10.312
2021-01-28 10:00,0.693,10.234
2021-01-28 11:00,0.665,9.992
2021-01-28 12:00,0.616,9.582
2021-01-28 13:00,0.582,9.322
2021-01-28 14:00,0.587,9.361
2021-01-28 15:00,0.660,9.945
2021-01-28 16:00,0.780,11.093
2021-01-28 17:00,0.847,11.962
2021-01-28 18:00,0.894,12.753
2021-01-28 19:00,0.929,13.578
2021-01-28 20:00,0.961,14.654
2021-01-28 21:00,0.967,14.942
2021-01-28 22:00,0.970,15.122
2021-01-28 23:00,0.970,15.113
2021-01-29 00:00,0.970,15.104
2021-01-29 01:00,0.962,14.710
2021-01-29 02:00,0.952,14.277
2021-01-29 03:00,0.949,14.199
2021-01-29 04:00,0.953,14.333
2021-01-29 05:00,0.960,14.598
2021-01-29 06:00,0.968,14.962
2021-01-29 07:00,0.974,15.318
2021-01-29 08:00,0.976,15.478
2021-01-29 09:00,0.972,15.219
2021-01-29 10:00,0.963,14.762
2021-01-29 11:00,0.950,14.214
2021-01-29 12:00,0.936,13.746
2021-01-29 13:00,0.919,13.303
2021-01-29 14:00,0.899,12.853
2021-01-29 15:00,0.884,12.575
2021-01-29 16:00,0.874,12.392
2021-01-29 17:00,0.865,12.238
2021-01-29 18:00,0.855,12.089
2021-01-29 19:00,0.840,11.853
2021-01-29 20:00,0.814,11.504
2021-01-29 21:00,0.778,11.074
2021-01-29 22:00,0.747,10.740
2021-01-29 23:00,0.714,10.423
2021-01-30 00:00,0.709,10.378
2021-01-30 01:00,0.691,10.212
2021-01-30 02:00,0.664,9.984
2021-01-30 03:00,0.635,9.734
2021-01-30 04:00,0.621,9.630
2021-01-30 05:00,0.620,9.617
2021-01-30 06:00,0.648,9.845
2021-01-30 07:00,0.674,10.063
2021-01-30 08:00,0.694,10.242
2021-01-30 09:00,0.712,10.409
2021-01-30 10:00,0.727,10.553
2021-01-30 11:00,0.718,10.461
2021-01-30 12:00,0.692,10.228
2021-01-30 13:00,0.670,10.034
2021-01-30 14:00,0.648,9.843
2021-01-30 15:00,0.633,9.724
2021-01-30 16:00,0.625,9.654
2021-01-30 17:00,0.614,9.570
2021-01-30 18:00,0.604,9.487
2021-01-30 19:00,0.601,9.469
2021-01-30 20:00,0.601,9.468
2021-01-30 21:00,0.587,9.361
2021-01-30 22:00,0.563,9.167
2021-01-30 23:00,0.473,8.505
2021-01-31 00:00,0.357,7.636
2021-01-31 01:00,0.297,7.157
2021-01-31 02:00,0.236,6.630
2021-01-31 03:00,0.189,6.162
2021-01-31 04:00,0.151,5.755
2021-01-31 05:00,0.131,5.511
2021-01-31 06:00,0.127,5.444
2021-01-31 07:00,0.132,5.522
2021-01-31 08:00,0.146,5.689
2021-01-31 09:00,0.175,6.020
2021-01-31 10:00,0.179,6.057
2021-01-31 11:00,0.150,5.742
2021-01-31 12:00,0.122,5.384
2021-01-31 13:00,0.107,5.179
2021-01-31 14:00,0.103,5.131
2021-01-31 15:00,0.105,5.150
2021-01-31 16:00,0.112,5.261
2021-01-31 17:00,0.128,5.467
2021-01-31 18:00,0.133,5.526
2021-01-31 19:00,0.125,5.431
2021-01-31 20:00,0.116,5.301
2021-01-31 21:00,0.107,5.186
2021-01-31 22:00,0.095,5.005
2021-01-31 23:00,0.061,4.416
2021-02-01 00:00,0.018,3.285
2021-02-01 01:00,0.003,2.278
2021-02-01 02:00,0.005,2.533
2021-02-01 03:00,0.019,3.306
2021-02-01 04:00,0.055,4.298
2021-02-01 05:00,0.109,5.200
2021-02-01 06:00,0.149,5.728
2021-02-01 07:00,0.171,5.972
2021-02-01 08:00,0.193,6.207
2021-02-01 09:00,0.226,6.532
2021-02-01 10:00,0.196,6.235
2021-02-01 11:00,0.128,5.454
2021-02-01 12:00,0.065,4.511
2021-02-01 13:00,0.032,3.758
2021-02-01 14:00,0.024,3.505
2021-02-01 15:00,0.035,3.826
2021-02-01 16:00,0.066,4.524
2021-02-01 17:00,0.130,5.497
2021-02-01 18:00,0.248,6.729
2021-02-01 19:00,0.450,8.336
2021-02-01 20:00,0.625,9.656
2021-02-01 21:00,0.739,10.671
2021-02-01 22:00,0.774,11.031
2021-02-01 23:00,0.779,11.085
2021-02-02 00:00,0.848,11.975
2021-02-02 01:00,0.868,12.291
2021-02-02 02:00,0.868,12.292
2021-02-02 03:00,0.891,12.704
2021-02-02 04:00,0.916,13.234
2021-02-02 05:00,0.937,13.804
2021-02-02 06:00,0.956,14.458
2021-02-02 07:00,0.969,15.034
2021-02-02 08:00,0.974,15.343
2021-02-02 09:00,0.969,15.032
2021-02-02 10:00,0.958,14.520
2021-02-02 11:00,0.950,14.210
2021-02-02 12:00,0.938,13.822
2021-02-02 13:00,0.924,13.433
2021-02-02 14:00,0.912,13.136
2021-02-02 15:00,0.907,13.034
2021-02-02 16:00,0.917,13.258
2021-02-02 17:00,0.918,13.296
2021-02-02 18:00,0.913,13.157
2021-02-02 19:00,0.896,12.811
2021-02-02 20:00,0.875,12.402
2021-02-02 21:00,0.852,12.043
2021-02-02 22:00,0.827,11.682
2021-02-02 23:00,0.810,11.453
2021-02-03 00:00,0.813,11.494
2021-02-03 01:00,0.809,11.450
2021-02-03 02:00,0.790,11.216
2021-02-03 03:00,0.758,10.860
2021-02-03 04:00,0.728,10.564
2021-02-03 05:00,0.697,10.275
2021-02-03 06:00,0.701,10.303
2021-02-03 07:00,0.723,10.510
2021-02-03 08:00,0.742,10.696
2021-02-03 09:00,0.744,10.715
2021-02-03 10:00,0.723,10.512
2021-02-03 11:00,0.677,10.085
2021-02-03 12:00,0.617,9.593
2021-02-03 13:00,0.584,9.339
2021-02-03 14:00,0.581,9.314
2021-02-03 15:00,0.575,9.266
2021-02-03 16:00,0.561,9.150
2021-02-03 17:00,0.542,9.011
2021-02-03 18:00,0.529,8.916
2021-02-03 19:00,0.530,8.924
2021-02-03 20:00,0.555,9.116
2021-02-03 21:00,0.601,9.468
2021-02-03 22:00,0.647,9.828
2021-02-03 23:00,0.619,9.612
2021-02-04 00:00,0.625,9.652
2021-02-04 01:00,0.693,10.232
2021-02-04 02:00,0.717,10.452
2021-02-04 03:00,0.745,10.724
2021-02-04 04:00,0.773,11.018
2021-02-04 05:00,0.799,11.319
2021-02-04 06:00,0.829,11.711
2021-02-04 07:00,0.858,12.132
2021-02-04 08:00,0.875,12.409
2021-02-04 09:00,0.860,12.162
2021-02-04 10:00,0.832,11.741
2021-02-04 11:00,0.803,11.371
2021-02-04 12:00,0.768,10.972
2021-02-04 13:00,0.742,10.701
2021-02-04 14:00,0.722,10.490
2021-02-04 15:00,0.738,10.662
2021-02-04 16:00,0.769,10.977
2021-02-04 17:00,0.785,11.157
2021-02-04 18:00,0.788,11.187
2021-02-04 19:00,0.773,11.028
2021-02-04 20:00,0.756,10.840
2021-02-04 21:00,0.714,10.421
2021-02-04 22:00,0.649,9.855
2021-02-04 23:00,0.533,8.950
2021-02-05 00:00,0.427,8.165
2021-02-05 01:00,0.316,7.313
2021-02-05 02:00,0.200,6.282
2021-02-05 03:00,0.115,5.283
2021-02-05 04:00,0.060,4.393
2021-02-05 05:00,0.031,3.704
2021-02-05 06:00,0.018,3.263
2021-02-05 07:00,0.017,3.222
2021-02-05 08:00,0.031,3.709
2021-02-05 09:00,0.088,4.893
2021-02-05 10:00,0.096,5.022
2021-02-05 11:00,0.056,4.332
2021-02-05 12:00,0.018,3.273
2021-02-05 13:00,0.003,2.228
2021-02-05 14:00,0,1.680
2021-02-05 15:00,0.004,2.450
2021-02-05 16:00,0.024,3.485
2021-02-05 17:00,0.045,4.096
2021-02-05 18:00,0.056,4.315
2021-02-05 19:00,0.052,4.250
2021-02-05 20:00,0.045,4.082
2021-02-05 21:00,0.041,3.996
2021-02-05 22:00,0.040,3.949
2021-02-05 23:00,0.026,3.562
2021-02-06 00:00,0.009,2.848
2021-02-06 01:00,0.003,2.232
2021-02-06 02:00,0.001,1.720
2021-02-06 03:00,0.002,2.179
2021-02-06 04:00,0.014,3.099
2021-02-06 05:00,0.045,4.087
2021-02-06 06:00,0.103,5.122
2021-02-06 07:00,0.181,6.081
2021-02-06 08:00,0.267,6.902
2021-02-06 09:00,0.313,7.287
2021-02-06 10:00,0.280,7.015
2021-02-06 11:00,0.246,6.712
2021-02-06 12:00,0.249,6.734
2021-02-06 13:00,0.270,6.932
2021-02-06 14:00,0.310,7.259
2021-02-06 15:00,0.376,7.778
2021-02-06 16:00,0.463,8.432
2021-02-06 17:00,0.536,8.971
2021-02-06 18:00,0.564,9.182
2021-02-06 19:00,0.579,9.300
2021-02-06 20:00,0.610,9.537
2021-02-06 21:00,0.586,9.349
2021-02-06 22:00,0.550,9.079
2021-02-06 23:00,0.491,8.636
2021-02-07 00:00,0.473,8.503
2021-02-07 01:00,0.448,8.316
2021-02-07 02:00,0.392,7.900
2021-02-07 03:00,0.355,7.617
2021-02-07 04:00,0.339,7.499
2021-02-07 05:00,0.329,7.416
2021-02-07 06:00,0.362,7.678
2021-02-07 07:00,0.439,8.252
2021-02-07 08:00,0.511,8.786
2021-02-07 09:00,0.558,9.135
2021-02-07 10:00,0.539,8.986
2021-02-07 11:00,0.474,8.507
2021-02-07 12:00,0.421,8.115
2021-02-07 13:00,0.431,8.198
2021-02-07 14:00,0.521,8.863
2021-02-07 15:00,0.614,9.570
2021-02-07 16:00,0.666,10
2021-02-07 17:00,0.687,10.177
2021-02-07 18:00,0.697,10.269
2021-02-07 19:00,0.718,10.461
2021-02-07 20:00,0.753,10.809
2021-02-07 21:00,0.781,11.113
2021-02-07 22:00,0.790,11.213
2021-02-07 23:00,0.793,11.242
2021-02-08 00:00,0.876,12.435
2021-02-08 01:00,0.935,13.730
2021-02-08 02:00,0.964,14.774
2021-02-08 03:00,0.977,15.510
2021-02-08 04:00,0.984,16.193
2021-02-08 05:00,0.988,16.858
2021-02-08 06:00,0.989,17.247
2021-02-08 07:00,0.988,17.733
2021-02-08 08:00,0.987,17.984
2021-02-08 09:00,0.988,17.840
2021-02-08 10:00,0.989,17.551
2021-02-08 11:00,0.989,17.519
2021-02-08 12:00,0.989,17.618
2021-02-08 13:00,0.989,17.313
2021-02-08 14:00,0.987,16.560
2021-02-08 15:00,0.983,16.032
2021-02-08 16:00,0.984,16.122
2021-02-08 17:00,0.985,16.248
2021-02-08 18:00,0.984,16.196
2021-02-08 19:00,0.984,16.210
2021-02-08 20:00,0.984,16.147
2021-02-08 21:00,0.982,15.984
2021-02-08 22:00,0.980,15.797
2021-02-08 23:00,0.978,15.597
2021-02-09 00:00,0.975,15.435
2021-02-09 01:00,0.973,15.247
2021-02-09 02:00,0.970,15.116
2021-02-09 03:00,0.968,15.011
2021-02-09 04:00,0.968,14.997
2021-02-09 05:00,0.970,15.125
2021-02-09 06:00,0.972,15.204
2021-02-09 07:00,0.973,15.276
2021-02-09 08:00,0.973,15.296
2021-02-09 09:00,0.974,15.327
2021-02-09 10:00,0.977,15.559
2021-02-09 11:00,0.980,15.785
2021-02-09 12:00,0.978,15.584
2021-02-09 13:00,0.973,15.245
2021-02-09 14:00,0.963,14.730
2021-02-09 15:00,0.957,14.482
2021-02-09 16:00,0.956,14.421
2021-02-09 17:00,0.954,14.376
2021-02-09 18:00,0.955,14.404
2021-02-09 19:00,0.960,14.607
2021-02-09 20:00,0.964,14.771
2021-02-09 21:00,0.959,14.581
2021-02-09 22:00,0.939,13.834
2021-02-09 23:00,0.917,13.240
2021-02-10 00:00,0.917,13.261
2021-02-10 01:00,0.921,13.346
2021-02-10 02:00,0.922,13.379
2021-02-10 03:00,0.932,13.657
2021-02-10 04:00,0.946,14.064
2021-02-10 05:00,0.961,14.644
2021-02-10 06:00,0.976,15.494
2021-02-10 07:00,0.984,16.111
2021-02-10 08:00,0.985,16.259
2021-02-10 09:00,0.975,15.408
2021-02-10 10:00,0.960,14.591
2021-02-10 11:00,0.973,15.271
2021-02-10 12:00,0.982,15.908
2021-02-10 13:00,0.984,16.142
2021-02-10 14:00,0.985,16.227
2021-02-10 15:00,0.986,16.362
2021-02-10 16:00,0.985,16.257
2021-02-10 17:00,0.979,15.670
2021-02-10 18:00,0.975,15.391
2021-02-10 19:00,0.972,15.216
2021-02-10 20:00,0.949,14.168
2021-02-10 21:00,0.966,14.898
2021-02-10 22:00,0.963,14.751
2021-02-10 23:00,0.953,14.306
2021-02-11 00:00,0.957,14.488
2021-02-11 01:00,0.954,14.355
2021-02-11 02:00,0.940,13.877
2021-02-11 03:00,0.911,13.114
2021-02-11 04:00,0.913,13.166
2021-02-11 05:00,0.927,13.506
2021-02-11 06:00,0.933,13.688
2021-02-11 07:00,0.939,13.840
2021-02-11 08:00,0.935,13.727
2021-02-11 09:00,0.928,13.531
2021-02-11 10:00,0.909,13.077
2021-02-11 11:00,0.906,13.009
2021-02-11 12:00,0.906,13.001
2021-02-11 13:00,0.899,12.864
2021-02-11 14:00,0.893,12.745
2021-02-11 15:00,0.898,12.835
2021-02-11 16:00,0.892,12.715
2021-02-11 17:00,0.880,12.493
2021-02-11 18:00,0.866,12.252
2021-02-11 19:00,0.861,12.167
2021-02-11 20:00,0.866,12.255
2021-02-11 21:00,0.851,12.017
2021-02-11 22:00,0.846,11.937
2021-02-11 23:00,0.838,11.832
2021-02-12 00:00,0.867,12.284
2021-02-12 01:00,0.886,12.609
2021-02-12 02:00,0.890,12.692
2021-02-12 03:00,0.896,12.799
2021-02-12 04:00,0.905,12.987
2021-02-12 05:00,0.919,13.310
2021-02-12 06:00,0.929,13.565
2021-02-12 07:00,0.933,13.667
2021-02-12 08:00,0.931,13.631
2021-02-12 09:00,0.924,13.439
2021-02-12 10:00,0.914,13.185
2021-02-12 11:00,0.923,13.411
2021-02-12 12:00,0.920,13.343
2021-02-12 13:00,0.903,12.937
2021-02-12 14:00,0.884,12.573
2021-02-12 15:00,0.886,12.615
2021-02-12 16:00,0.899,12.868
2021-02-12 17:00,0.908,13.063
2021-02-12 18:00,0.911,13.120
2021-02-12 19:00,0.910,13.109
2021-02-12 20:00,0.906,13.011
2021-02-12 21:00,0.896,12.799
2021-02-12 22:00,0.885,12.576
2021-02-12 23:00,0.856,12.097
2021-02-13 00:00,0.864,12.224
2021-02-13 01:00,0.888,12.642
2021-02-13 02:00,0.887,12.623
2021-02-13 03:00,0.872,12.361
2021-02-13 04:00,0.851,12.011
2021-02-13 05:00,0.831,11.730
2021-02-13 06:00,0.840,11.853
2021-02-13 07:00,0.847,11.962
2021-02-13 08:00,0.830,11.723
2021-02-13 09:00,0.806,11.408
2021-02-13 10:00,0.793,11.247
2021-02-13 11:00,0.789,11.203
2021-02-13 12:00,0.777,11.066
2021-02-13 13:00,0.759,10.866
2021-02-13 14:00,0.733,10.597
2021-02-13 15:00,0.693,10.232
2021-02-13 16:00,0.637,9.754
2021-02-13 17:00,0.593,9.399
2021-02-13 18:00,0.553,9.099
2021-02-13 19:00,0.503,8.727
2021-02-13 20:00,0.454,8.364
2021-02-13 21:00,0.389,7.879
2021-02-13 22:00,0.318,7.327
2021-02-13 23:00,0.208,6.358
2021-02-14 00:00,0.137,5.569
2021-02-14 01:00,0.078,4.740
2021-02-14 02:00,0.035,3.840
2021-02-14 03:00,0.009,2.817
2021-02-14 04:00,0.001,1.749
2021-02-14 05:00,0,1.158
2021-02-14 06:00,0,1.520
2021-02-14 07:00,0.002,2.183
2021-02-14 08:00,0.009,2.785
2021-02-14 09:00,0.020,3.362
2021-02-14 10:00,0.013,3.026
2021-02-14 11:00,0.002,2.161
2021-02-14 12:00,0,1.597
2021-02-14 13:00,0.002,2.115
2021-02-14 14:00,0.012,3.022
2021-02-14 15:00,0.037,3.874
2021-02-14 16:00,0.078,4.726
2021-02-14 17:00,0.144,5.672
2021-02-14 18:00,0.230,6.569
2021-02-14 19:00,0.308,7.243
2021-02-14 20:00,0.351,7.588
2021-02-14 21:00,0.347,7.564
2021-02-14 22:00,0.330,7.420
2021-02-14 23:00,0.261,6.846
2021-02-15 00:00,0.206,6.339
2021-02-15 01:00,0.276,6.979
2021-02-15 02:00,0.314,7.302
2021-02-15 03:00,0.358,7.639
2021-02-15 04:00,0.424,8.142
2021-02-15 05:00,0.520,8.853
2021-02-15 06:00,0.618,9.600
2021-02-15 07:00,0.696,10.261
2021-02-15 08:00,0.746,10.736
2021-02-15 09:00,0.758,10.851
2021-02-15 10:00,0.741,10.688
2021-02-15 11:00,0.699,10.288
2021-02-15 12:00,0.666,9.994
2021-02-15 13:00,0.650,9.862
2021-02-15 14:00,0.663,9.960
2021-02-15 15:00,0.712,10.411
2021-02-15 16:00,0.722,10.505
2021-02-15 17:00,0.714,10.421
2021-02-15 18:00,0.687,10.175
2021-02-15 19:00,0.656,9.910
2021-02-15 20:00,0.619,9.613
2021-02-15 21:00,0.569,9.218
2021-02-15 22:00,0.533,8.948
2021-02-15 23:00,0.456,8.379
2021-02-16 00:00,0.426,8.155
2021-02-16 01:00,0.357,7.636
2021-02-16 02:00,0.244,6.693
2021-02-16 03:00,0.160,5.858
2021-02-16 04:00,0.104,5.146
2021-02-16 05:00,0.061,4.415
2021-02-16 06:00,0.041,3.984
2021-02-16 07:00,0.049,4.175
2021-02-16 08:00,0.103,5.133
2021-02-16 09:00,0.254,6.793
2021-02-16 10:00,0.321,7.353
2021-02-16 11:00,0.275,6.973
2021-02-16 12:00,0.252,6.773
2021-02-16 13:00,0.297,7.159
2021-02-16 14:00,0.375,7.772
2021-02-16 15:00,0.408,8.021
2021-02-16 16:00,0.420,8.112
2021-02-16 17:00,0.455,8.370
2021-02-16 18:00,0.507,8.754
2021-02-16 19:00,0.605,9.500
2021-02-16 20:00,0.763,10.920
2021-02-16 21:00,0.841,11.872
2021-02-16 22:00,0.851,12.009
2021-02-16 23:00,0.869,12.310
2021-02-17 00:00,0.901,12.898
2021-02-17 01:00,0.907,13.038
2021-02-17 02:00,0.902,12.923
2021-02-17 03:00,0.910,13.094
2021-02-17 04:00,0.924,13.423
2021-02-17 05:00,0.932,13.640
2021-02-17 06:00,0.941,13.926
2021-02-17 07:00,0.950,14.220
2021-02-17 08:00,0.954,14.366
2021-02-17 09:00,0.946,14.092
2021-02-17 10:00,0.928,13.534
2021-02-17 11:00,0.905,12.999
2021-02-17 12:00,0.881,12.526
2021-02-17 13:00,0.859,12.142
2021-02-17 14:00,0.838,11.828
2021-02-17 15:00,0.829,11.712
2021-02-17 16:00,0.827,11.685
2021-02-17 17:00,0.827,11.669
2021-02-17 18:00,0.837,11.818
2021-02-17 19:00,0.854,12.070
2021-02-17 20:00,0.868,12.287
2021-02-17 21:00,0.877,12.440
2021-02-17 22:00,0.882,12.537
2021-02-17 23:00,0.871,12.330
2021-02-18 00:00,0.855,12.090
2021-02-18 01:00,0.842,11.885
2021-02-18 02:00,0.846,11.948
2021-02-18 03:00,0.855,12.090
2021-02-18 04:00,0.864,12.220
2021-02-18 05:00,0.872,12.361
2021-02-18 06:00,0.881,12.514
2021-02-18 07:00,0.883,12.549
2021-02-18 08:00,0.867,12.283
2021-02-18 09:00,0.846,11.941
2021-02-18 10:00,0.828,11.690
2021-02-18 11:00,0.786,11.169
2021-02-18 12:00,0.745,10.730
2021-02-18 13:00,0.712,10.397
2021-02-18 14:00,0.670,10.033
2021-02-18 15:00,0.646,9.825
2021-02-18 16:00,0.633,9.727
2021-02-18 17:00,0.625,9.657
2021-02-18 18:00,0.610,9.541
2021-02-18 19:00,0.590,9.384
2021-02-18 20:00,0.567,9.209
2021-02-18 21:00,0.533,8.949
2021-02-18 22:00,0.484,8.578
2021-02-18 23:00,0.397,7.940
2021-02-19 00:00,0.354,7.612
2021-02-19 01:00,0.298,7.165
2021-02-19 02:00,0.232,6.579
2021-02-19 03:00,0.168,5.938
2021-02-19 04:00,0.104,5.140
2021-02-19 05:00,0.068,4.563
2021-02-19 06:00,0.056,4.323
2021-02-19 07:00,0.048,4.144
2021-02-19 08:00,0.058,4.361
2021-02-19 09:00,0.121,5.380
2021-02-19 10:00,0.155,5.785
2021-02-19 11:00,0.123,5.401
2021-02-19 12:00,0.061,4.409
2021-02-19 13:00,0.013,3.059
2021-02-19 14:00,0.001,1.709
2021-02-19 15:00,0,0.949
2021-02-19 16:00,0.001,1.839
2021-02-19 17:00,0.009,2.783
2021-02-19 18:00,0.024,3.506
2021-02-19 19:00,0.041,3.988
2021-02-19 20:00,0.049,4.164
2021-02-19 21:00,0.048,4.157
2021-02-19 22:00,0.044,4.053
2021-02-19 23:00,0.030,3.680
2021-02-20 00:00,0.008,2.773
2021-02-20 01:00,0.009,2.804
2021-02-20 02:00,0.004,2.367
2021-02-20 03:00,0.001,1.714
2021-02-20 04:00,0,1.017
2021-02-20 05:00,0,1.359
2021-02-20 06:00,0.001,1.919
2021-02-20 07:00,0.003,2.288
2021-02-20 08:00,0.009,2.832
2021-02-20 09:00,0.029,3.638
2021-02-20 10:00,0.029,3.659
2021-02-20 11:00,0.012,2.977
2021-02-20 12:00,0.003,2.262
2021-02-20 13:00,0.001,1.724
2021-02-20 14:00,0,1.667
2021-02-20 15:00,0.001,1.994
2021-02-20 16:00,0.003,2.323
2021-02-20 17:00,0.006,2.578
2021-02-20 18:00,0.008,2.721
2021-02-20 19:00,0.008,2.782
2021-02-20 20:00,0.009,2.790
2021-02-20 21:00,0.006,2.589
2021-02-20 22:00,0.002,2.084
2021-02-20 23:00,0,1.590
2021-02-21 00:00,0,0.683
2021-02-21 01:00,0.001,1.998
2021-02-21 02:00,0.014,3.115
2021-02-21 03:00,0.031,3.715
2021-02-21 04:00,0.057,4.352
2021-02-21 05:00,0.111,5.237
2021-02-21 06:00,0.175,6.013
2021-02-21 07:00,0.231,6.577
2021-02-21 08:00,0.271,6.936
2021-02-21 09:00,0.278,6.995
2021-02-21 10:00,0.266,6.893
2021-02-21 11:00,0.242,6.676
2021-02-21 12:00,0.222,6.486
2021-02-21 13:00,0.199,6.265
2021-02-21 14:00,0.186,6.138
2021-02-21 15:00,0.181,6.075
2021-02-21 16:00,0.150,5.737
2021-02-21 17:00,0.112,5.251
2021-02-21 18:00,0.087,4.869
2021-02-21 19:00,0.062,4.443
2021-02-21 20:00,0.035,3.824
2021-02-21 21:00,0.021,3.369
2021-02-21 22:00,0.014,3.111
2021-02-21 23:00,0.009,2.807
2021-02-22 00:00,0.006,2.609
2021-02-22 01:00,0.008,2.746
2021-02-22 02:00,0.009,2.783
2021-02-22 03:00,0.005,2.537
2021-02-22 04:00,0.002,2.122
2021-02-22 05:00,0.002,2.056
2021-02-22 06:00,0.001,2.010
2021-02-22 07:00,0.003,2.221
2021-02-22 08:00,0.002,2.205
2021-02-22 09:00,0.006,2.561
2021-02-22 10:00,0.005,2.526
2021-02-22 11:00,0.002,2.081
2021-02-22 12:00,0.001,1.798
2021-02-22 13:00,0.004,2.424
2021-02-22 14:00,0.032,3.749
2021-02-22 15:00,0.115,5.287
2021-02-22 16:00,0.234,6.598
2021-02-22 17:00,0.359,7.644
2021-02-22 18:00,0.486,8.604
2021-02-22 19:00,0.620,9.619
2021-02-22 20:00,0.749,10.772
2021-02-22 21:00,0.840,11.862
2021-02-22 22:00,0.891,12.705
2021-02-22 23:00,0.914,13.192
2021-02-23 00:00,0.932,13.637
2021-02-23 01:00,0.940,13.877
2021-02-23 02:00,0.946,14.090
2021-02-23 03:00,0.957,14.478
2021-02-23 04:00,0.963,14.749
2021-02-23 05:00,0.965,14.849
2021-02-23 06:00,0.970,15.075
2021-02-23 07:00,0.975,15.399
2021-02-23 08:00,0.979,15.683
2021-02-23 09:00,0.977,15.528
2021-02-23 10:00,0.972,15.213
2021-02-23 11:00,0.965,14.815
2021-02-23 12:00,0.963,14.764
2021-02-23 13:00,0.963,14.753
2021-02-23 14:00,0.954,14.376
2021-02-23 15:00,0.947,14.102
2021-02-23 16:00,0.946,14.082
2021-02-23 17:00,0.945,14.053
2021-02-23 18:00,0.939,13.830
2021-02-23 19:00,0.930,13.598
2021-02-23 20:00,0.925,13.458
2021-02-23 21:00,0.924,13.445
2021-02-23 22:00,0.896,12.806
2021-02-23 23:00,0.872,12.355
2021-02-24 00:00,0.861,12.181
2021-02-24 01:00,0.836,11.808
2021-02-24 02:00,0.811,11.464
2021-02-24 03:00,0.787,11.181
2021-02-24 04:00,0.779,11.089
2021-02-24 05:00,0.775,11.049
2021-02-24 06:00,0.785,11.160
2021-02-24 07:00,0.815,11.507
2021-02-24 08:00,0.839,11.842
2021-02-24 09:00,0.846,11.947
2021-02-24 10:00,0.845,11.932
2021-02-24 11:00,0.839,11.839
2021-02-24 12:00,0.797,11.298
2021-02-24 13:00,0.783,11.133
2021-02-24 14:00,0.795,11.266
2021-02-24 15:00,0.792,11.234
2021-02-24 16:00,0.779,11.079
2021-02-24 17:00,0.776,11.052
2021-02-24 18:00,0.761,10.885
2021-02-24 19:00,0.741,10.685
2021-02-24 20:00,0.714,10.430
2021-02-24 21:00,0.658,9.931
2021-02-24 22:00,0.573,9.245
2021-02-24 23:00,0.426,8.149
2021-02-25 00:00,0.324,7.370
2021-02-25 01:00,0.209,6.367
2021-02-25 02:00,0.068,4.550
2021-02-25 03:00,0.010,2.914
2021-02-25 04:00,0.002,2.118
2021-02-25 05:00,0.002,2.083
2021-02-25 06:00,0.003,2.206
2021-02-25 07:00,0.003,2.335
2021-02-25 08:00,0.001,1.889
2021-02-25 09:00,0.003,2.280
2021-02-25 10:00,0.021,3.384
2021-02-25 11:00,0.030,3.678
2021-02-25 12:00,0.018,3.286
2021-02-25 13:00,0.009,2.849
2021-02-25 14:00,0.004,2.443
2021-02-25 15:00,0.001,1.874
2021-02-25 16:00,0,0.792
2021-02-25 17:00,0,0.755
2021-02-25 18:00,0.001,1.762
2021-02-25 19:00,0.009,2.844
2021-02-25 20:00,0.026,3.565
2021-02-25 21:00,0.041,3.981
2021-02-25 22:00,0.048,4.140
2021-02-25 23:00,0.044,4.067
2021-02-26 00:00,0.060,4.406
2021-02-26 01:00,0.103,5.127
2021-02-26 02:00,0.165,5.906
2021-02-26 03:00,0.275,6.971
2021-02-26 04:00,0.429,8.180
2021-02-26 05:00,0.574,9.255
2021-02-26 06:00,0.679,10.109
2021-02-26 07:00,0.747,10.747
2021-02-26 08:00,0.768,10.968
2021-02-26 09:00,0.742,10.703
2021-02-26 10:00,0.696,10.260
2021-02-26 11:00,0.663,9.966
2021-02-26 12:00,0.688,10.183
2021-02-26 13:00,0.758,10.851
2021-02-26 14:00,0.828,11.694
2021-02-26 15:00,0.875,12.412
2021-02-26 16:00,0.888,12.639
2021-02-26 17:00,0.883,12.554
2021-02-26 18:00,0.866,12.252
2021-02-26 19:00,0.834,11.765
2021-02-26 20:00,0.754,10.821
2021-02-26 21:00,0.636,9.737
2021-02-26 22:00,0.583,9.325
2021-02-26 23:00,0.565,9.184
2021-02-27 00:00,0.574,9.255
2021-02-27 01:00,0.558,9.140
2021-02-27 02:00,0.514,8.804
2021-02-27 03:00,0.480,8.559
2021-02-27 04:00,0.474,8.508
2021-02-27 05:00,0.484,8.582
2021-02-27 06:00,0.527,8.896
2021-02-27 07:00,0.584,9.336
2021-02-27 08:00,0.656,9.903
2021-02-27 09:00,0.700,10.295
2021-02-27 10:00,0.697,10.269
2021-02-27 11:00,0.669,10.028
2021-02-27 12:00,0.633,9.726
2021-02-27 13:00,0.586,9.351
2021-02-27 14:00,0.523,8.874
2021-02-27 15:00,0.478,8.531
2021-02-27 16:00,0.460,8.405
2021-02-27 17:00,0.459,8.397
2021-02-27 18:00,0.463,8.429
2021-02-27 19:00,0.472,8.498
2021-02-27 20:00,0.484,8.579
2021-02-27 21:00,0.465,8.450
2021-02-27 22:00,0.413,8.066
2021-02-27 23:00,0.378,7.797
2021-02-28 00:00,0.361,7.663
2021-02-28 01:00,0.293,7.126
2021-02-28 02:00,0.223,6.508
2021-02-28 03:00,0.173,5.997
2021-02-28 04:00,0.134,5.539
2021-02-28 05:00,0.105,5.149
2021-02-28 06:00,0.097,5.031
2021-02-28 07:00,0.110,5.219
2021-02-28 08:00,0.125,5.427
2021-02-28 09:00,0.155,5.788
2021-02-28 10:00,0.151,5.756
2021-02-28 11:00,0.111,5.241
2021-02-28 12:00,0.085,4.850
2021-02-28 13:00,0.076,4.693
2021-02-28 14:00,0.083,4.814
2021-02-28 15:00,0.087,4.888
2021-02-28 16:00,0.082,4.798
2021-02-28 17:00,0.072,4.628
2021-02-28 18:00,0.059,4.375
2021-02-28 19:00,0.043,4.047
2021-02-28 20:00,0.031,3.702
2021-02-28 21:00,0.024,3.507
2021-02-28 22:00,0.021,3.393
2021-02-28 23:00,0.010,2.878
2021-03-01 00:00,0.002,2.023
2021-03-01 01:00,0.001,1.870
2021-03-01 02:00,0.010,2.858
2021-03-01 03:00,0.042,4.006
2021-03-01 04:00,0.085,4.850
2021-03-01 05:00,0.146,5.685
2021-03-01 06:00,0.225,6.525
2021-03-01 07:00,0.288,7.078
2021-03-01 08:00,0.319,7.329
2021-03-01 09:00,0.334,7.461
2021-03-01 10:00,0.332,7.436
2021-03-01 11:00,0.291,7.101
2021-03-01 12:00,0.231,6.575
2021-03-01 13:00,0.187,6.153
2021-03-01 14:00,0.167,5.929
2021-03-01 15:00,0.190,6.169
2021-03-01 16:00,0.277,6.985
2021-03-01 17:00,0.504,8.733
2021-03-01 18:00,0.790,11.216
2021-03-01 19:00,0.921,13.355
2021-03-01 20:00,0.960,14.607
2021-03-01 21:00,0.967,14.915
2021-03-01 22:00,0.974,15.308
2021-03-01 23:00,0.979,15.693
2021-03-02 00:00,0.982,15.946
2021-03-02 01:00,0.981,15.868
2021-03-02 02:00,0.977,15.550
2021-03-02 03:00,0.980,15.787
2021-03-02 04:00,0.983,16.084
2021-03-02 05:00,0.985,16.256
2021-03-02 06:00,0.986,16.365
2021-03-02 07:00,0.987,16.545
2021-03-02 08:00,0.988,16.801
2021-03-02 09:00,0.989,16.989
2021-03-02 10:00,0.989,17.026
2021-03-02 11:00,0.988,16.871
2021-03-02 12:00,0.987,16.608
2021-03-02 13:00,0.985,16.289
2021-03-02 14:00,0.982,15.912
2021-03-02 15:00,0.980,15.735
2021-03-02 16:00,0.978,15.602
2021-03-02 17:00,0.973,15.297
2021-03-02 18:00,0.963,14.728
2021-03-02 19:00,0.944,14.027
2021-03-02 20:00,0.921,13.355
2021-03-02 21:00,0.894,12.770
2021-03-02 22:00,0.877,12.446
2021-03-02 23:00,0.874,12.396
2021-03-03 00:00,0.867,12.271
2021-03-03 01:00,0.845,11.922
2021-03-03 02:00,0.811,11.471
2021-03-03 03:00,0.773,11.025
2021-03-03 04:00,0.720,10.483
2021-03-03 05:00,0.658,9.929
2021-03-03 06:00,0.610,9.536
2021-03-03 07:00,0.598,9.439
2021-03-03 08:00,0.618,9.605
2021-03-03 09:00,0.636,9.750
2021-03-03 10:00,0.630,9.701
2021-03-03 11:00,0.594,9.404
2021-03-03 12:00,0.534,8.955
2021-03-03 13:00,0.456,8.379
2021-03-03 14:00,0.385,7.848
2021-03-03 15:00,0.333,7.451
2021-03-03 16:00,0.280,7.008
2021-03-03 17:00,0.211,6.388
2021-03-03 18:00,0.181,6.082
2021-03-03 19:00,0.196,6.228
2021-03-03 20:00,0.186,6.141
2021-03-03 21:00,0.128,5.468
2021-03-03 22:00,0.052,4.234
2021-03-03 23:00,0.012,2.975
2021-03-04 00:00,0.001,1.942
2021-03-04 01:00,0.001,1.716
2021-03-04 02:00,0,1.391
2021-03-04 03:00,0,1.512
2021-03-04 04:00,0,1.576
2021-03-04 05:00,0,1.361
2021-03-04 06:00,0,1.011
2021-03-04 07:00,0,1.651
2021-03-04 08:00,0.005,2.517
2021-03-04 09:00,0.025,3.534
2021-03-04 10:00,0.032,3.740
2021-03-04 11:00,0.023,3.465
2021-03-04 12:00,0.024,3.481
2021-03-04 13:00,0.033,3.764
2021-03-04 14:00,0.052,4.249
2021-03-04 15:00,0.097,5.026
2021-03-04 16:00,0.172,5.976
2021-03-04 17:00,0.272,6.942
2021-03-04 18:00,0.328,7.401
2021-03-04 19:00,0.371,7.750
2021-03-04 20:00,0.426,8.153
2021-03-04 21:00,0.469,8.474
2021-03-04 22:00,0.480,8.548
2021-03-04 23:00,0.463,8.426
2021-03-05 00:00,0.461,8.414
2021-03-05 01:00,0.442,8.275
2021-03-05 02:00,0.438,8.243
2021-03-05 03:00,0.438,8.248
2021-03-05 04:00,0.421,8.116
2021-03-05 05:00,0.377,7.784
2021-03-05 06:00,0.353,7.601
2021-03-05 07:00,0.324,7.368
2021-03-05 08:00,0.283,7.042
2021-03-05 09:00,0.252,6.771
2021-03-05 10:00,0.220,6.475
2021-03-05 11:00,0.209,6.366
2021-03-05 12:00,0.215,6.431
2021-03-05 13:00,0.224,6.518
2021-03-05 14:00,0.239,6.657
2021-03-05 15:00,0.262,6.860
2021-03-05 16:00,0.264,6.877
2021-03-05 17:00,0.220,6.474
2021-03-05 18:00,0.171,5.972
2021-03-05 19:00,0.137,5.575
2021-03-05 20:00,0.098,5.045
2021-03-05 21:00,0.068,4.551
2021-03-05 22:00,0.042,4.019
2021-03-05 23:00,0.019,3.311
2021-03-06 00:00,0.009,2.818
2021-03-06 01:00,0.015,3.149
2021-03-06 02:00,0.017,3.233
2021-03-06 03:00,0.021,3.380
2021-03-06 04:00,0.046,4.099
2021-03-06 05:00,0.129,5.474
2021-03-06 06:00,0.314,7.297
2021-03-06 07:00,0.561,9.153
2021-03-06 08:00,0.721,10.485
2021-03-06 09:00,0.759,10.864
2021-03-06 10:00,0.738,10.652
2021-03-06 11:00,0.743,10.713
2021-03-06 12:00,0.826,11.663
2021-03-06 13:00,0.881,12.507
2021-03-06 14:00,0.904,12.967
2021-03-06 15:00,0.913,13.148
2021-03-06 16:00,0.928,13.550
2021-03-06 17:00,0.933,13.681
2021-03-06 18:00,0.933,13.679
2021-03-06 19:00,0.931,13.631
2021-03-06 20:00,0.928,13.534
2021-03-06 21:00,0.910,13.090
2021-03-06 22:00,0.881,12.519
2021-03-06 23:00,0.872,12.360
2021-03-07 00:00,0.861,12.170
2021-03-07 01:00,0.834,11.769
2021-03-07 02:00,0.791,11.229
2021-03-07 03:00,0.768,10.963
2021-03-07 04:00,0.768,10.967
2021-03-07 05:00,0.783,11.124
2021-03-07 06:00,0.812,11.476
2021-03-07 07:00,0.847,11.964
2021-03-07 08:00,0.880,12.490
2021-03-07 09:00,0.890,12.689
2021-03-07 10:00,0.890,12.692
2021-03-07 11:00,0.890,12.688
2021-03-07 12:00,0.885,12.579
2021-03-07 13:00,0.887,12.635
2021-03-07 14:00,0.895,12.789
2021-03-07 15:00,0.893,12.737
2021-03-07 16:00,0.886,12.610
2021-03-07 17:00,0.887,12.636
2021-03-07 18:00,0.890,12.675
2021-03-07 19:00,0.895,12.780
2021-03-07 20:00,0.901,12.908
2021-03-07 21:00,0.892,12.728
2021-03-07 22:00,0.873,12.382
2021-03-07 23:00,0.865,12.240
2021-03-08 00:00,0.852,12.025
2021-03-08 01:00,0.824,11.639
2021-03-08 02:00,0.787,11.179
2021-03-08 03:00,0.777,11.062
2021-03-08 04:00,0.781,11.108
2021-03-08 05:00,0.785,11.163
2021-03-08 06:00,0.796,11.285
2021-03-08 07:00,0.810,11.458
2021-03-08 08:00,0.822,11.601
2021-03-08 09:00,0.796,11.290
2021-03-08 10:00,0.744,10.714
2021-03-08 11:00,0.714,10.426
2021-03-08 12:00,0.663,9.969
2021-03-08 13:00,0.660,9.943
2021-03-08 14:00,0.679,10.109
2021-03-08 15:00,0.668,10.016
2021-03-08 16:00,0.645,9.820
2021-03-08 17:00,0.625,9.656
2021-03-08 18:00,0.608,9.512
2021-03-08 19:00,0.607,9.506
2021-03-08 20:00,0.628,9.677
2021-03-08 21:00,0.647,9.831
2021-03-08 22:00,0.641,9.789
2021-03-08 23:00,0.604,9.486
2021-03-09 00:00,0.560,9.147
2021-03-09 01:00,0.495,8.664
2021-03-09 02:00,0.426,8.155
2021-03-09 03:00,0.399,7.960
2021-03-09 04:00,0.409,8.028
2021-03-09 05:00,0.434,8.219
2021-03-09 06:00,0.492,8.643
2021-03-09 07:00,0.579,9.297
2021-03-09 08:00,0.677,10.093
2021-03-09 09:00,0.735,10.629
2021-03-09 10:00,0.771,11.002
2021-03-09 11:00,0.796,11.278
2021-03-09 12:00,0.797,11.298
2021-03-09 13:00,0.773,11.015
2021-03-09 14:00,0.743,10.711
2021-03-09 15:00,0.747,10.741
2021-03-09 16:00,0.797,11.303
2021-03-09 17:00,0.840,11.860
2021-03-09 18:00,0.884,12.574
2021-03-09 19:00,0.905,12.987
2021-03-09 20:00,0.924,13.444
2021-03-09 21:00,0.928,13.553
2021-03-09 22:00,0.927,13.493
2021-03-09 23:00,0.922,13.393
2021-03-10 00:00,0.919,13.317
2021-03-10 01:00,0.914,13.188
2021-03-10 02:00,0.903,12.954
2021-03-10 03:00,0.906,13.016
2021-03-10 04:00,0.917,13.260
2021-03-10 05:00,0.926,13.483
2021-03-10 06:00,0.935,13.725
2021-03-10 07:00,0.942,13.941
2021-03-10 08:00,0.947,14.124
2021-03-10 09:00,0.942,13.945
2021-03-10 10:00,0.923,13.413
2021-03-10 11:00,0.903,12.946
2021-03-10 12:00,0.880,12.500
2021-03-10 13:00,0.844,11.914
2021-03-10 14:00,0.818,11.553
2021-03-10 15:00,0.806,11.407
2021-03-10 16:00,0.790,11.212
2021-03-10 17:00,0.743,10.712
2021-03-10 18:00,0.712,10.409
2021-03-10 19:00,0.660,9.946
2021-03-10 20:00,0.599,9.440
2021-03-10 21:00,0.499,8.698
2021-03-10 22:00,0.401,7.976
2021-03-10 23:00,0.314,7.297
2021-03-11 00:00,0.237,6.634
2021-03-11 01:00,0.150,5.733
2021-03-11 02:00,0.074,4.649
2021-03-11 03:00,0.028,3.616
2021-03-11 04:00,0.007,2.653
2021-03-11 05:00,0,1.592
2021-03-11 06:00,0,1.406
2021-03-11 07:00,0.003,2.291
2021-03-11 08:00,0.021,3.379
2021-03-11 09:00,0.074,4.670
2021-03-11 10:00,0.124,5.415
2021-03-11 11:00,0.085,4.858
2021-03-11 12:00,0.034,3.796
2021-03-11 13:00,0.009,2.847
2021-03-11 14:00,0.007,2.669
2021-03-11 15:00,0.012,3.024
2021-03-11 16:00,0.019,3.319
2021-03-11 17:00,0.026,3.565
2021-03-11 18:00,0.032,3.736
2021-03-11 19:00,0.035,3.827
2021-03-11 20:00,0.038,3.892
2021-03-11 21:00,0.041,3.989
2021-03-11 22:00,0.044,4.066
2021-03-11 23:00,0.041,3.981
2021-03-12 00:00,0.050,4.207
2021-03-12 01:00,0.051,4.221
2021-03-12 02:00,0.049,4.183
2021-03-12 03:00,0.084,4.827
2021-03-12 04:00,0.198,6.257
2021-03-12 05:00,0.399,7.957
2021-03-12 06:00,0.613,9.566
2021-03-12 07:00,0.756,10.830
2021-03-12 08:00,0.837,11.817
2021-03-12 09:00,0.836,11.800
2021-03-12 10:00,0.796,11.279
2021-03-12 11:00,0.764,10.930
2021-03-12 12:00,0.751,10.792
2021-03-12 13:00,0.724,10.518
2021-03-12 14:00,0.691,10.217
2021-03-12 15:00,0.721,10.486
2021-03-12 16:00,0.766,10.951
2021-03-12 17:00,0.794,11.254
2021-03-12 18:00,0.813,11.497
2021-03-12 19:00,0.831,11.729
2021-03-12 20:00,0.851,12.018
2021-03-12 21:00,0.832,11.748
2021-03-12 22:00,0.804,11.386
2021-03-12 23:00,0.795,11.270
2021-03-13 00:00,0.773,11.017
2021-03-13 01:00,0.725,10.531
2021-03-13 02:00,0.676,10.075
2021-03-13 03:00,0.651,9.875
2021-03-13 04:00,0.647,9.834
2021-03-13 05:00,0.648,9.849
2021-03-13 06:00,0.667,10.005
2021-03-13 07:00,0.705,10.336
2021-03-13 08:00,0.733,10.601
2021-03-13 09:00,0.733,10.609
2021-03-13 10:00,0.700,10.300
2021-03-13 11:00,0.634,9.732
2021-03-13 12:00,0.568,9.214
2021-03-13 13:00,0.540,8.990
2021-03-13 14:00,0.530,8.925
2021-03-13 15:00,0.543,9.023
2021-03-13 16:00,0.576,9.276
2021-03-13 17:00,0.611,9.545
2021-03-13 18:00,0.642,9.800
2021-03-13 19:00,0.666,9.999
2021-03-13 20:00,0.672,10.054
2021-03-13 21:00,0.656,9.910
2021-03-13 22:00,0.625,9.655
2021-03-13 23:00,0.605,9.493
2021-03-14 00:00,0.599,9.452
2021-03-14 01:00,0.569,9.218
2021-03-14 02:00,0.523,8.874
2021-03-14 03:00,0.503,8.728
2021-03-14 04:00,0.514,8.800
2021-03-14 05:00,0.552,9.092
2021-03-14 06:00,0.616,9.579
2021-03-14 07:00,0.672,10.051
2021-03-14 08:00,0.717,10.445
2021-03-14 09:00,0.720,10.479
2021-03-14 10:00,0.671,10.043
2021-03-14 11:00,0.605,9.496
2021-03-14 12:00,0.540,9.002
2021-03-14 13:00,0.495,8.665
2021-03-14 14:00,0.485,8.596
2021-03-14 15:00,0.517,8.825
2021-03-14 16:00,0.545,9.041
2021-03-14 17:00,0.554,9.110
2021-03-14 18:00,0.524,8.885
2021-03-14 19:00,0.460,8.407
2021-03-14 20:00,0.390,7.891
2021-03-14 21:00,0.333,7.452
2021-03-14 22:00,0.272,6.951
2021-03-14 23:00,0.171,5.962
2021-03-15 00:00,0.094,4.993
2021-03-15 01:00,0.041,3.987
2021-03-15 02:00,0.011,2.950
2021-03-15 03:00,0.002,2.079
2021-03-15 04:00,0,0.934
2021-03-15 05:00,0,0.556
2021-03-15 06:00,0,0.859
2021-03-15 07:00,0.002,2.151
2021-03-15 08:00,0.019,3.328
2021-03-15 09:00,0.057,4.351
2021-03-15 10:00,0.074,4.650
2021-03-15 11:00,0.038,3.908
2021-03-15 12:00,0.011,2.943
2021-03-15 13:00,0.002,2.089
2021-03-15 14:00,0.001,1.963
2021-03-15 15:00,0.008,2.725
2021-03-15 16:00,0.022,3.417
2021-03-15 17:00,0.029,3.673
2021-03-15 18:00,0.024,3.486
2021-03-15 19:00,0.013,3.049
2021-03-15 20:00,0.005,2.519
2021-03-15 21:00,0.002,2.087
2021-03-15 22:00,0.001,1.771
2021-03-15 23:00,0,1.373
2021-03-16 00:00,0.001,1.746
2021-03-16 01:00,0.013,3.027
2021-03-16 02:00,0.033,3.784
2021-03-16 03:00,0.049,4.177
2021-03-16 04:00,0.062,4.437
2021-03-16 05:00,0.070,4.593
2021-03-16 06:00,0.069,4.579
2021-03-16 07:00,0.063,4.458
2021-03-16 08:00,0.062,4.447
2021-03-16 09:00,0.079,4.758
2021-03-16 10:00,0.076,4.708
2021-03-16 11:00,0.040,3.957
2021-03-16 12:00,0.012,2.990
2021-03-16 13:00,0.005,2.494
2021-03-16 14:00,0.033,3.776
2021-03-16 15:00,0.134,5.535
2021-03-16 16:00,0.242,6.674
2021-03-16 17:00,0.297,7.158
2021-03-16 18:00,0.313,7.282
2021-03-16 19:00,0.315,7.310
2021-03-16 20:00,0.313,7.280
2021-03-16 21:00,0.325,7.383
2021-03-16 22:00,0.333,7.444
2021-03-16 23:00,0.322,7.364
2021-03-17 00:00,0.302,7.200
2021-03-17 01:00,0.232,6.587
2021-03-17 02:00,0.163,5.886
2021-03-17 03:00,0.123,5.408
2021-03-17 04:00,0.111,5.239
2021-03-17 05:00,0.134,5.535
2021-03-17 06:00,0.183,6.103
2021-03-17 07:00,0.246,6.718
2021-03-17 08:00,0.308,7.246
2021-03-17 09:00,0.356,7.629
2021-03-17 10:00,0.345,7.544
2021-03-17 11:00,0.294,7.131
2021-03-17 12:00,0.258,6.824
2021-03-17 13:00,0.251,6.756
2021-03-17 14:00,0.256,6.813
2021-03-17 15:00,0.270,6.929
2021-03-17 16:00,0.283,7.039
2021-03-17 17:00,0.301,7.188
2021-03-17 18:00,0.312,7.275
2021-03-17 19:00,0.320,7.342
2021-03-17 20:00,0.335,7.464
2021-03-17 21:00,0.310,7.265
2021-03-17 22:00,0.256,6.808
2021-03-17 23:00,0.213,6.405
2021-03-18 00:00,0.182,6.094
2021-03-18 01:00,0.136,5.557
2021-03-18 02:00,0.092,4.968
2021-03-18 03:00,0.069,4.569
2021-03-18 04:00,0.060,4.402
2021-03-18 05:00,0.062,4.439
2021-03-18 06:00,0.076,4.695
2021-03-18 07:00,0.099,5.063
2021-03-18 08:00,0.134,5.529
2021-03-18 09:00,0.172,5.989
2021-03-18 10:00,0.182,6.090
2021-03-18 11:00,0.147,5.698
2021-03-18 12:00,0.117,5.315
2021-03-18 13:00,0.111,5.239
2021-03-18 14:00,0.120,5.361
2021-03-18 15:00,0.140,5.622
2021-03-18 16:00,0.157,5.822
2021-03-18 17:00,0.168,5.942
2021-03-18 18:00,0.159,5.848
2021-03-18 19:00,0.139,5.608
2021-03-18 20:00,0.106,5.168
2021-03-18 21:00,0.065,4.505
2021-03-18 22:00,0.029,3.675
2021-03-18 23:00,0.006,2.622
2021-03-19 00:00,0,1.609
2021-03-19 01:00,0,1.490
2021-03-19 02:00,0.002,2.137
2021-03-19 03:00,0.007,2.675
2021-03-19 04:00,0.015,3.168
2021-03-19 05:00,0.031,3.715
2021-03-19 06:00,0.049,4.165
2021-03-19 07:00,0.063,4.458
2021-03-19 08:00,0.075,4.686
2021-03-19 09:00,0.080,4.768
2021-03-19 10:00,0.069,4.579
2021-03-19 11:00,0.044,4.052
2021-03-19 12:00,0.022,3.437
2021-03-19 13:00,0.009,2.821
2021-03-19 14:00,0.002,2.181
2021-03-19 15:00,0.001,1.702
2021-03-19 16:00,0,1.437
2021-03-19 17:00,0,1.486
2021-03-19 18:00,0.001,1.913
2021-03-19 19:00,0.006,2.608
2021-03-19 20:00,0.022,3.433
2021-03-19 21:00,0.043,4.030
2021-03-19 22:00,0.052,4.250
2021-03-19 23:00,0.064,4.478
2021-03-20 00:00,0.074,4.665
2021-03-20 01:00,0.068,4.556
2021-03-20 02:00,0.048,4.140
2021-03-20 03:00,0.037,3.879
2021-03-20 04:00,0.031,3.703
2021-03-20 05:00,0.026,3.550
2021-03-20 06:00,0.024,3.489
2021-03-20 07:00,0.013,3.071
2021-03-20 08:00,0.008,2.781
2021-03-20 09:00,0.034,3.798
2021-03-20 10:00,0.183,6.105
2021-03-20 11:00,0.457,8.388
2021-03-20 12:00,0.631,9.705
2021-03-20 13:00,0.717,10.453
2021-03-20 14:00,0.749,10.758
2021-03-20 15:00,0.760,10.878
2021-03-20 16:00,0.785,11.153
2021-03-20 17:00,0.830,11.723
2021-03-20 18:00,0.872,12.354
2021-03-20 19:00,0.905,12.984
2021-03-20 20:00,0.931,13.613
2021-03-20 21:00,0.944,14.000
2021-03-20 22:00,0.948,14.156
2021-03-20 23:00,0.953,14.337
2021-03-21 00:00,0.959,14.576
2021-03-21 01:00,0.961,14.662
2021-03-21 02:00,0.959,14.571
2021-03-21 03:00,0.958,14.544
2021-03-21 04:00,0.965,14.847
2021-03-21 05:00,0.973,15.277
2021-03-21 06:00,0.976,15.464
2021-03-21 07:00,0.977,15.533
2021-03-21 08:00,0.982,15.938
2021-03-21 09:00,0.987,16.518
2021-03-21 10:00,0.989,17.091
2021-03-21 11:00,0.989,17.544
2021-03-21 12:00,0.989,17.540
2021-03-21 13:00,0.989,16.973
2021-03-21 14:00,0.984,16.202
2021-03-21 15:00,0.974,15.348
2021-03-21 16:00,0.965,14.825
2021-03-21 17:00,0.965,14.867
2021-03-21 18:00,0.967,14.931
2021-03-21 19:00,0.965,14.830
2021-03-21 20:00,0.964,14.795
2021-03-21 21:00,0.961,14.656
2021-03-21 22:00,0.953,14.327
2021-03-21 23:00,0.956,14.423
2021-03-22 00:00,0.959,14.566
2021-03-22 01:00,0.956,14.449
2021-03-22 02:00,0.952,14.301
2021-03-22 03:00,0.953,14.315
2021-03-22 04:00,0.955,14.414
2021-03-22 05:00,0.956,14.444
2021-03-22 06:00,0.954,14.348
2021-03-22 07:00,0.945,14.043
2021-03-22 08:00,0.933,13.687
2021-03-22 09:00,0.916,13.230
2021-03-22 10:00,0.901,12.909
2021-03-22 11:00,0.885,12.589
2021-03-22 12:00,0.855,12.086
2021-03-22 13:00,0.837,11.817
2021-03-22 14:00,0.840,11.867
2021-03-22 15:00,0.860,12.159
2021-03-22 16:00,0.886,12.602
2021-03-22 17:00,0.896,12.812
2021-03-22 18:00,0.907,13.042
2021-03-22 19:00,0.916,13.232
2021-03-22 20:00,0.915,13.209
2021-03-22 21:00,0.891,12.712
2021-03-22 22:00,0.866,12.261
2021-03-22 23:00,0.871,12.330
2021-03-23 00:00,0.840,11.859
2021-03-23 01:00,0.820,11.586
2021-03-23 02:00,0.801,11.337
2021-03-23 03:00,0.802,11.346
2021-03-23 04:00,0.791,11.225
2021-03-23 05:00,0.745,10.727
2021-03-23 06:00,0.625,9.658
2021-03-23 07:00,0.660,9.948
2021-03-23 08:00,0.691,10.208
2021-03-23 09:00,0.649,9.859
2021-03-23 10:00,0.577,9.281
2021-03-23 11:00,0.463,8.430
2021-03-23 12:00,0.324,7.378
2021-03-23 13:00,0.212,6.396
2021-03-23 14:00,0.148,5.716
2021-03-23 15:00,0.131,5.506
2021-03-23 16:00,0.122,5.386
2021-03-23 17:00,0.100,5.074
2021-03-23 18:00,0.081,4.775
2021-03-23 19:00,0.057,4.340
2021-03-23 20:00,0.047,4.115
2021-03-23 21:00,0.043,4.033
2021-03-23 22:00,0.030,3.688
2021-03-23 23:00,0.022,3.434
2021-03-24 00:00,0.030,3.697
2021-03-24 01:00,0.033,3.791
2021-03-24 02:00,0.026,3.566
2021-03-24 03:00,0.005,2.528
2021-03-24 04:00,0,1.261
2021-03-24 05:00,0,1.358
2021-03-24 06:00,0.003,2.260
2021-03-24 07:00,0.017,3.214
2021-03-24 08:00,0.043,4.030
2021-03-24 09:00,0.083,4.805
2021-03-24 10:00,0.119,5.349
2021-03-24 11:00,0.142,5.636
2021-03-24 12:00,0.178,6.044
2021-03-24 13:00,0.210,6.376
2021-03-24 14:00,0.225,6.528
2021-03-24 15:00,0.255,6.801
2021-03-24 16:00,0.282,7.038
2021-03-24 17:00,0.308,7.244
2021-03-24 18:00,0.348,7.566
2021-03-24 19:00,0.399,7.960
2021-03-24 20:00,0.456,8.379
2021-03-24 21:00,0.475,8.510
2021-03-24 22:00,0.451,8.344
2021-03-24 23:00,0.453,8.350
2021-03-25 00:00,0.574,9.253
2021-03-25 01:00,0.593,9.397
2021-03-25 02:00,0.594,9.407
2021-03-25 03:00,0.633,9.721
2021-03-25 04:00,0.696,10.262
2021-03-25 05:00,0.765,10.936
2021-03-25 06:00,0.822,11.608
2021-03-25 07:00,0.858,12.127
2021-03-25 08:00,0.881,12.505
2021-03-25 09:00,0.883,12.552
2021-03-25 10:00,0.861,12.174
2021-03-25 11:00,0.835,11.783
2021-03-25 12:00,0.825,11.645
2021-03-25 13:00,0.811,11.472
2021-03-25 14:00,0.801,11.336
2021-03-25 15:00,0.800,11.328
2021-03-25 16:00,0.802,11.347
2021-03-25 17:00,0.784,11.142
2021-03-25 18:00,0.785,11.149
2021-03-25 19:00,0.770,10.985
2021-03-25 20:00,0.731,10.585
2021-03-25 21:00,0.655,9.899
2021-03-25 22:00,0.523,8.875
2021-03-25 23:00,0.390,7.888
2021-03-26 00:00,0.333,7.448
2021-03-26 01:00,0.264,6.870
2021-03-26 02:00,0.172,5.985
2021-03-26 03:00,0.111,5.238
2021-03-26 04:00,0.082,4.787
2021-03-26 05:00,0.070,4.601
2021-03-26 06:00,0.073,4.636
2021-03-26 07:00,0.088,4.891
2021-03-26 08:00,0.118,5.325
2021-03-26 09:00,0.156,5.794
2021-03-26 10:00,0.173,5.994
2021-03-26 11:00,0.136,5.557
2021-03-26 12:00,0.081,4.774
2021-03-26 13:00,0.035,3.846
2021-03-26 14:00,0.013,3.037
2021-03-26 15:00,0.007,2.693
2021-03-26 16:00,0.009,2.843
2021-03-26 17:00,0.014,3.094
2021-03-26 18:00,0.016,3.178
2021-03-26 19:00,0.014,3.086
2021-03-26 20:00,0.009,2.822
2021-03-26 21:00,0.006,2.554
2021-03-26 22:00,0.005,2.551
2021-03-26 23:00,0.010,2.861
2021-03-27 00:00,0.043,4.030
2021-03-27 01:00,0.119,5.348
2021-03-27 02:00,0.239,6.653
2021-03-27 03:00,0.368,7.726
2021-03-27 04:00,0.440,8.256
2021-03-27 05:00,0.478,8.531
2021-03-27 06:00,0.502,8.723
2021-03-27 07:00,0.518,8.832
2021-03-27 08:00,0.518,8.832
2021-03-27 09:00,0.482,8.566
2021-03-27 10:00,0.432,8.207
2021-03-27 11:00,0.392,7.906
2021-03-27 12:00,0.369,7.729
2021-03-27 13:00,0.366,7.705
2021-03-27 14:00,0.383,7.839
2021-03-27 15:00,0.419,8.104
2021-03-27 16:00,0.433,8.215
2021-03-27 17:00,0.422,8.133
2021-03-27 18:00,0.433,8.213
2021-03-27 19:00,0.416,8.079
2021-03-27 20:00,0.407,8.016
2021-03-27 21:00,0.398,7.951
2021-03-27 22:00,0.355,7.617
2021-03-27 23:00,0.278,7.001
2021-03-28 00:00,0.242,6.676
2021-03-28 01:00,0.194,6.220
2021-03-28 02:00,0.134,5.538
2021-03-28 03:00,0.082,4.785
2021-03-28 04:00,0.043,4.041
2021-03-28 05:00,0.012,2.998
2021-03-28 06:00,0.014,3.092
2021-03-28 07:00,0.019,3.322
2021-03-28 08:00,0.051,4.212
2021-03-28 09:00,0.128,5.455
2021-03-28 10:00,0.199,6.271
2021-03-28 11:00,0.190,6.173
2021-03-28 12:00,0.156,5.794
2021-03-28 13:00,0.127,5.447
2021-03-28 14:00,0.117,5.318
2021-03-28 15:00,0.129,5.477
2021-03-28 16:00,0.166,5.917
2021-03-28 17:00,0.211,6.393
2021-03-28 18:00,0.225,6.529
2021-03-28 19:00,0.194,6.209
2021-03-28 20:00,0.159,5.840
2021-03-28 21:00,0.138,5.585
2021-03-28 22:00,0.103,5.121
2021-03-28 23:00,0.064,4.483
2021-03-29 00:00,0.034,3.807
2021-03-29 01:00,0.009,2.849
2021-03-29 02:00,0.001,1.940
2021-03-29 03:00,0,1.055
2021-03-29 04:00,0,1.203
2021-03-29 05:00,0.001,1.935
2021-03-29 06:00,0.007,2.710
2021-03-29 07:00,0.023,3.445
2021-03-29 08:00,0.044,4.065
2021-03-29 09:00,0.060,4.405
2021-03-29 10:00,0.064,4.483
2021-03-29 11:00,0.068,4.551
2021-03-29 12:00,0.084,4.838
2021-03-29 13:00,0.118,5.342
2021-03-29 14:00,0.197,6.249
2021-03-29 15:00,0.286,7.066
2021-03-29 16:00,0.354,7.615
2021-03-29 17:00,0.435,8.228
2021-03-29 18:00,0.531,8.937
2021-03-29 19:00,0.616,9.584
2021-03-29 20:00,0.642,9.794
2021-03-29 21:00,0.598,9.437
2021-03-29 22:00,0.530,8.923
2021-03-29 23:00,0.497,8.677
2021-03-30 00:00,0.544,9.027
2021-03-30 01:00,0.585,9.341
2021-03-30 02:00,0.576,9.272
2021-03-30 03:00,0.541,9.004
2021-03-30 04:00,0.509,8.759
2021-03-30 05:00,0.493,8.647
2021-03-30 06:00,0.486,8.603
2021-03-30 07:00,0.455,8.371
2021-03-30 08:00,0.369,7.732
2021-03-30 09:00,0.236,6.628
2021-03-30 10:00,0.109,5.217
2021-03-30 11:00,0.056,4.329
2021-03-30 12:00,0.074,4.662
2021-03-30 13:00,0.183,6.096
2021-03-30 14:00,0.314,7.297
2021-03-30 15:00,0.398,7.955
2021-03-30 16:00,0.446,8.306
2021-03-30 17:00,0.421,8.118
2021-03-30 18:00,0.370,7.736
2021-03-30 19:00,0.293,7.124
2021-03-30 20:00,0.199,6.268
2021-03-30 21:00,0.082,4.788
2021-03-30 22:00,0.016,3.175
2021-03-30 23:00,0.002,2.044
2021-03-31 00:00,0,1.240
2021-03-31 01:00,0,0.497
2021-03-31 02:00,0,1.554
2021-03-31 03:00,0.025,3.530
2021-03-31 04:00,0.069,4.568
2021-03-31 05:00,0.077,4.709
2021-03-31 06:00,0.059,4.371
2021-03-31 07:00,0.057,4.345
2021-03-31 08:00,0.113,5.267
2021-03-31 09:00,0.195,6.226
2021-03-31 10:00,0.185,6.122
2021-03-31 11:00,0.117,5.313
2021-03-31 12:00,0.055,4.305
2021-03-31 13:00,0.027,3.602
2021-03-31 14:00,0.025,3.548
2021-03-31 15:00,0.043,4.047
2021-03-31 16:00,0.067,4.534
2021-03-31 17:00,0.080,4.764
2021-03-31 18:00,0.083,4.822
2021-03-31 19:00,0.082,4.792
2021-03-31 20:00,0.082,4.792
2021-03-31 21:00,0.080,4.768
2021-03-31 22:00,0.090,4.934
2021-03-31 23:00,0.138,5.591
2021-04-01 00:00,0.289,7.084
2021-04-01 01:00,0.396,7.934
2021-04-01 02:00,0.426,8.154
2021-04-01 03:00,0.455,8.372
2021-04-01 04:00,0.528,8.912
2021-04-01 05:00,0.625,9.652
2021-04-01 06:00,0.687,10.182
2021-04-01 07:00,0.692,10.224
2021-04-01 08:00,0.652,9.878
2021-04-01 09:00,0.552,9.091
2021-04-01 10:00,0.461,8.414
2021-04-01 11:00,0.405,8.003
2021-04-01 12:00,0.357,7.634
2021-04-01 13:00,0.310,7.266
2021-04-01 14:00,0.280,7.008
2021-04-01 15:00,0.270,6.932
2021-04-01 16:00,0.270,6.928
2021-04-01 17:00,0.267,6.905
2021-04-01 18:00,0.268,6.910
2021-04-01 19:00,0.279,7.005
2021-04-01 20:00,0.310,7.263
2021-04-01 21:00,0.319,7.341
2021-04-01 22:00,0.231,6.577
2021-04-01 23:00,0.138,5.586
2021-04-02 00:00,0.119,5.351
2021-04-02 01:00,0.118,5.329
2021-04-02 02:00,0.107,5.189
2021-04-02 03:00,0.106,5.167
2021-04-02 04:00,0.100,5.071
2021-04-02 05:00,0.087,4.887
2021-04-02 06:00,0.073,4.645
2021-04-02 07:00,0.064,4.480
2021-04-02 08:00,0.068,4.565
2021-04-02 09:00,0.075,4.690
2021-04-02 10:00,0.057,4.353
2021-04-02 11:00,0.032,3.749
2021-04-02 12:00,0.030,3.684
2021-04-02 13:00,0.050,4.206
2021-04-02 14:00,0.086,4.859
2021-04-02 15:00,0.112,5.249
2021-04-02 16:00,0.124,5.415
2021-04-02 17:00,0.123,5.403
2021-04-02 18:00,0.111,5.236
2021-04-02 19:00,0.098,5.046
2021-04-02 20:00,0.087,4.868
2021-04-02 21:00,0.076,4.692
2021-04-02 22:00,0.057,4.341
2021-04-02 23:00,0.041,3.980
2021-04-03 00:00,0.030,3.689
2021-04-03 01:00,0.021,3.405
2021-04-03 02:00,0.015,3.144
2021-04-03 03:00,0.016,3.198
2021-04-03 04:00,0.020,3.351
2021-04-03 05:00,0.027,3.593
2021-04-03 06:00,0.040,3.953
2021-04-03 07:00,0.059,4.374
2021-04-03 08:00,0.096,5.017
2021-04-03 09:00,0.160,5.850
2021-04-03 10:00,0.228,6.555
2021-04-03 11:00,0.265,6.882
2021-04-03 12:00,0.282,7.032
2021-04-03 13:00,0.289,7.083
2021-04-03 14:00,0.303,7.210
2021-04-03 15:00,0.359,7.644
2021-04-03 16:00,0.465,8.444
2021-04-03 17:00,0.596,9.418
2021-04-03 18:00,0.714,10.417
2021-04-03 19:00,0.817,11.537
2021-04-03 20:00,0.875,12.411
2021-04-03 21:00,0.896,12.810
2021-04-03 22:00,0.897,12.817
2021-04-03 23:00,0.892,12.730
2021-04-04 00:00,0.879,12.481
2021-04-04 01:00,0.871,12.331
2021-04-04 02:00,0.868,12.301
2021-04-04 03:00,0.884,12.572
2021-04-04 04:00,0.901,12.896
2021-04-04 05:00,0.913,13.149
2021-04-04 06:00,0.923,13.402
2021-04-04 07:00,0.934,13.703
2021-04-04 08:00,0.945,14.053
2021-04-04 09:00,0.944,14.024
2021-04-04 10:00,0.931,13.626
2021-04-04 11:00,0.918,13.277
2021-04-04 12:00,0.906,13.007
2021-04-04 13:00,0.899,12.874
2021-04-04 14:00,0.900,12.883
2021-04-04 15:00,0.909,13.074
2021-04-04 16:00,0.918,13.286
2021-04-04 17:00,0.925,13.455
2021-04-04 18:00,0.929,13.570
2021-04-04 19:00,0.932,13.651
2021-04-04 20:00,0.933,13.671
2021-04-04 21:00,0.927,13.514
2021-04-04 22:00,0.923,13.414
2021-04-04 23:00,0.921,13.346
2021-04-05 00:00,0.903,12.944
2021-04-05 01:00,0.871,12.336
2021-04-05 02:00,0.828,11.698
2021-04-05 03:00,0.800,11.327
2021-04-05 04:00,0.785,11.160
2021-04-05 05:00,0.785,11.153
2021-04-05 06:00,0.800,11.326
2021-04-05 07:00,0.818,11.563
2021-04-05 08:00,0.839,11.845
2021-04-05 09:00,0.841,11.877
2021-04-05 10:00,0.820,11.574
2021-04-05 11:00,0.771,10.994
2021-04-05 12:00,0.702,10.316
2021-04-05 13:00,0.628,9.670
2021-04-05 14:00,0.566,9.198
2021-04-05 15:00,0.545,9.041
2021-04-05 16:00,0.548,9.061
2021-04-05 17:00,0.543,9.022
2021-04-05 18:00,0.528,8.904
2021-04-05 19:00,0.509,8.761
2021-04-05 20:00,0.497,8.680
2021-04-05 21:00,0.487,8.608
2021-04-05 22:00,0.472,8.489
2021-04-05 23:00,0.493,8.645
2021-04-06 00:00,0.502,8.723
2021-04-06 01:00,0.502,8.710
2021-04-06 02:00,0.500,8.704
2021-04-06 03:00,0.536,8.974
2021-04-06 04:00,0.608,9.518
2021-04-06 05:00,0.686,10.166
2021-04-06 06:00,0.761,10.884
2021-04-06 07:00,0.822,11.604
2021-04-06 08:00,0.866,12.260
2021-04-06 09:00,0.878,12.469
2021-04-06 10:00,0.862,12.189
2021-04-06 11:00,0.824,11.636
2021-04-06 12:00,0.769,10.975
2021-04-06 13:00,0.700,10.296
2021-04-06 14:00,0.643,9.809
2021-04-06 15:00,0.636,9.741
2021-04-06 16:00,0.657,9.915
2021-04-06 17:00,0.689,10.194
2021-04-06 18:00,0.731,10.588
2021-04-06 19:00,0.776,11.052
2021-04-06 20:00,0.817,11.533
2021-04-06 21:00,0.837,11.813
2021-04-06 22:00,0.836,11.796
2021-04-06 23:00,0.838,11.825
2021-04-07 00:00,0.823,11.622
2021-04-07 01:00,0.793,11.250
2021-04-07 02:00,0.757,10.845
2021-04-07 03:00,0.733,10.609
2021-04-07 04:00,0.719,10.478
2021-04-07 05:00,0.712,10.409
2021-04-07 06:00,0.710,10.386
2021-04-07 07:00,0.717,10.452
2021-04-07 08:00,0.740,10.678
2021-04-07 09:00,0.765,10.933
2021-04-07 10:00,0.766,10.947
2021-04-07 11:00,0.731,10.578
2021-04-07 12:00,0.667,10.004
2021-04-07 13:00,0.601,9.468
2021-04-07 14:00,0.556,9.126
2021-04-07 15:00,0.548,9.064
2021-04-07 16:00,0.557,9.133
2021-04-07 17:00,0.567,9.205
2021-04-07 18:00,0.579,9.296
2021-04-07 19:00,0.599,9.450
2021-04-07 20:00,0.621,9.626
2021-04-07 21:00,0.641,9.787
2021-04-07 22:00,0.679,10.108
2021-04-07 23:00,0.720,10.481
2021-04-08 00:00,0.714,10.418
2021-04-08 01:00,0.682,10.139
2021-04-08 02:00,0.649,9.857
2021-04-08 03:00,0.677,10.087
2021-04-08 04:00,0.745,10.727
2021-04-08 05:00,0.818,11.559
2021-04-08 06:00,0.883,12.547
2021-04-08 07:00,0.930,13.607
2021-04-08 08:00,0.960,14.618
2021-04-08 09:00,0.969,15.022
2021-04-08 10:00,0.967,14.930
2021-04-08 11:00,0.951,14.250
2021-04-08 12:00,0.937,13.802
2021-04-08 13:00,0.929,13.568
2021-04-08 14:00,0.925,13.471
2021-04-08 15:00,0.925,13.470
2021-04-08 16:00,0.920,13.328
2021-04-08 17:00,0.910,13.090
2021-04-08 18:00,0.918,13.294
2021-04-08 19:00,0.923,13.417
2021-04-08 20:00,0.923,13.401
2021-04-08 21:00,0.919,13.306
2021-04-08 22:00,0.910,13.083
2021-04-08 23:00,0.910,13.094
2021-04-09 00:00,0.910,13.098
2021-04-09 01:00,0.905,12.998
2021-04-09 02:00,0.897,12.817
2021-04-09 03:00,0.900,12.880
2021-04-09 04:00,0.910,13.093
2021-04-09 05:00,0.921,13.363
2021-04-09 06:00,0.936,13.755
2021-04-09 07:00,0.952,14.292
2021-04-09 08:00,0.966,14.891
2021-04-09 09:00,0.969,15.021
2021-04-09 10:00,0.959,14.564
2021-04-09 11:00,0.939,13.855
2021-04-09 12:00,0.918,13.280
2021-04-09 13:00,0.905,12.985
2021-04-09 14:00,0.897,12.820
2021-04-09 15:00,0.913,13.163
2021-04-09 16:00,0.928,13.533
2021-04-09 17:00,0.933,13.666
2021-04-09 18:00,0.932,13.643
2021-04-09 19:00,0.938,13.810
2021-04-09 20:00,0.940,13.875
2021-04-09 21:00,0.928,13.552
2021-04-09 22:00,0.904,12.962
2021-04-09 23:00,0.890,12.675
2021-04-10 00:00,0.870,12.319
2021-04-10 01:00,0.843,11.899
2021-04-10 02:00,0.811,11.471
2021-04-10 03:00,0.804,11.387
2021-04-10 04:00,0.832,11.741
2021-04-10 05:00,0.867,12.274
2021-04-10 06:00,0.891,12.697
2021-04-10 07:00,0.903,12.955
2021-04-10 08:00,0.914,13.172
2021-04-10 09:00,0.911,13.128
2021-04-10 10:00,0.898,12.835
2021-04-10 11:00,0.872,12.360
2021-04-10 12:00,0.836,11.806
2021-04-10 13:00,0.785,11.150
2021-04-10 14:00,0.741,10.687
2021-04-10 15:00,0.738,10.662
2021-04-10 16:00,0.731,10.586
2021-04-10 17:00,0.697,10.273
2021-04-10 18:00,0.643,9.802
2021-04-10 19:00,0.604,9.486
2021-04-10 20:00,0.591,9.387
2021-04-10 21:00,0.561,9.153
2021-04-10 22:00,0.488,8.617
2021-04-10 23:00,0.455,8.374
2021-04-11 00:00,0.409,8.025
2021-04-11 01:00,0.331,7.433
2021-04-11 02:00,0.260,6.838
2021-04-11 03:00,0.205,6.325
2021-04-11 04:00,0.182,6.092
2021-04-11 05:00,0.184,6.113
2021-04-11 06:00,0.207,6.344
2021-04-11 07:00,0.253,6.781
2021-04-11 08:00,0.339,7.495
2021-04-11 09:00,0.438,8.239
2021-04-11 10:00,0.467,8.461
2021-04-11 11:00,0.413,8.063
2021-04-11 12:00,0.335,7.469
2021-04-11 13:00,0.266,6.900
2021-04-11 14:00,0.210,6.369
2021-04-11 15:00,0.165,5.911
2021-04-11 16:00,0.149,5.732
2021-04-11 17:00,0.156,5.802
2021-04-11 18:00,0.159,5.840
2021-04-11 19:00,0.149,5.727
2021-04-11 20:00,0.122,5.395
2021-04-11 21:00,0.084,4.841
2021-04-11 22:00,0.042,4.010
2021-04-11 23:00,0.016,3.202
2021-04-12 00:00,0.036,3.852
2021-04-12 01:00,0.114,5.273
2021-04-12 02:00,0.222,6.491
2021-04-12 03:00,0.336,7.478
2021-04-12 04:00,0.454,8.364
2021-04-12 05:00,0.547,9.049
2021-04-12 06:00,0.608,9.515
2021-04-12 07:00,0.654,9.894
2021-04-12 08:00,0.674,10.065
2021-04-12 09:00,0.628,9.680
2021-04-12 10:00,0.533,8.952
2021-04-12 11:00,0.441,8.266
2021-04-12 12:00,0.358,7.640
2021-04-12 13:00,0.282,7.031
2021-04-12 14:00,0.184,6.115
2021-04-12 15:00,0.140,5.619
2021-04-12 16:00,0.124,5.418
2021-04-12 17:00,0.106,5.175
2021-04-12 18:00,0.089,4.913
2021-04-12 19:00,0.071,4.614
2021-04-12 20:00,0.051,4.226
2021-04-12 21:00,0.033,3.771
2021-04-12 22:00,0.015,3.144
2021-04-12 23:00,0.007,2.651
2021-04-13 00:00,0.005,2.540
2021-04-13 01:00,0.005,2.492
2021-04-13 02:00,0.021,3.405
2021-04-13 03:00,0.165,5.912
2021-04-13 04:00,0.485,8.596
2021-04-13 05:00,0.705,10.340
2021-04-13 06:00,0.770,10.985
2021-04-13 07:00,0.804,11.379
2021-04-13 08:00,0.829,11.712
2021-04-13 09:00,0.832,11.749
2021-04-13 10:00,0.814,11.501
2021-04-13 11:00,0.809,11.443
2021-04-13 12:00,0.820,11.581
2021-04-13 13:00,0.827,11.668
2021-04-13 14:00,0.818,11.556
2021-04-13 15:00,0.815,11.512
2021-04-13 16:00,0.814,11.506
2021-04-13 17:00,0.804,11.378
2021-04-13 18:00,0.781,11.112
2021-04-13 19:00,0.747,10.744
2021-04-13 20:00,0.707,10.354
2021-04-13 21:00,0.655,9.897
2021-04-13 22:00,0.616,9.590
2021-04-13 23:00,0.620,9.615
2021-04-14 00:00,0.672,10.051
2021-04-14 01:00,0.744,10.723
2021-04-14 02:00,0.786,11.164
2021-04-14 03:00,0.819,11.574
2021-04-14 04:00,0.849,11.984
2021-04-14 05:00,0.872,12.346
2021-04-14 06:00,0.895,12.793
2021-04-14 07:00,0.916,13.249
2021-04-14 08:00,0.931,13.632
2021-04-14 09:00,0.938,13.824
2021-04-14 10:00,0.937,13.797
2021-04-14 11:00,0.930,13.583
2021-04-14 12:00,0.915,13.211
2021-04-14 13:00,0.890,12.686
2021-04-14 14:00,0.856,12.093
2021-04-14 15:00,0.830,11.726
2021-04-14 16:00,0.817,11.550
2021-04-14 17:00,0.801,11.335
2021-04-14 18:00,0.786,11.171
2021-04-14 19:00,0.776,11.053
2021-04-14 20:00,0.773,11.018
2021-04-14 21:00,0.743,10.710
2021-04-14 22:00,0.658,9.932
2021-04-14 23:00,0.572,9.236
2021-04-15 00:00,0.528,8.913
2021-04-15 01:00,0.561,9.160
2021-04-15 02:00,0.588,9.364
2021-04-15 03:00,0.576,9.278
2021-04-15 04:00,0.542,9.014
2021-04-15 05:00,0.475,8.515
2021-04-15 06:00,0.431,8.196
2021-04-15 07:00,0.419,8.100
2021-04-15 08:00,0.460,8.402
2021-04-15 09:00,0.531,8.933
2021-04-15 10:00,0.551,9.087
2021-04-15 11:00,0.507,8.753
2021-04-15 12:00,0.490,8.628
2021-04-15 13:00,0.502,8.709
2021-04-15 14:00,0.489,8.627
2021-04-15 15:00,0.494,8.655
2021-04-15 16:00,0.484,8.583
2021-04-15 17:00,0.456,8.382
2021-04-15 18:00,0.441,8.260
2021-04-15 19:00,0.446,8.301
2021-04-15 20:00,0.466,8.455
2021-04-15 21:00,0.475,8.519
2021-04-15 22:00,0.468,8.473
2021-04-15 23:00,0.472,8.499
2021-04-16 00:00,0.467,8.464
2021-04-16 01:00,0.444,8.284
2021-04-16 02:00,0.371,7.746
2021-04-16 03:00,0.315,7.306
2021-04-16 04:00,0.295,7.138
2021-04-16 05:00,0.283,7.042
2021-04-16 06:00,0.304,7.216
2021-04-16 07:00,0.364,7.694
2021-04-16 08:00,0.422,8.120
2021-04-16 09:00,0.438,8.249
2021-04-16 10:00,0.456,8.385
2021-04-16 11:00,0.441,8.272
2021-04-16 12:00,0.386,7.850
2021-04-16 13:00,0.366,7.711
2021-04-16 14:00,0.368,7.725
2021-04-16 15:00,0.388,7.873
2021-04-16 16:00,0.423,8.135
2021-04-16 17:00,0.463,8.424
2021-04-16 18:00,0.507,8.753
2021-04-16 19:00,0.558,9.134
2021-04-16 20:00,0.605,9.494
2021-04-16 21:00,0.645,9.818
2021-04-16 22:00,0.664,9.978
2021-04-16 23:00,0.672,10.051
2021-04-17 00:00,0.675,10.072
2021-04-17 01:00,0.681,10.124
2021-04-17 02:00,0.693,10.231
2021-04-17 03:00,0.726,10.541
2021-04-17 04:00,0.779,11.086
2021-04-17 05:00,0.827,11.670
2021-04-17 06:00,0.868,12.289
2021-04-17 07:00,0.899,12.858
2021-04-17 08:00,0.918,13.275
2021-04-17 09:00,0.892,12.729
2021-04-17 10:00,0.817,11.544
2021-04-17 11:00,0.756,10.836
2021-04-17 12:00,0.718,10.460
2021-04-17 13:00,0.691,10.216
2021-04-17 14:00,0.682,10.133
2021-04-17 15:00,0.761,10.888
2021-04-17 16:00,0.840,11.861
2021-04-17 17:00,0.889,12.663
2021-04-17 18:00,0.933,13.685
2021-04-17 19:00,0.954,14.358
2021-04-17 20:00,0.967,14.916
2021-04-17 21:00,0.975,15.389
2021-04-17 22:00,0.976,15.459
2021-04-17 23:00,0.977,15.520
2021-04-18 00:00,0.979,15.651
2021-04-18 01:00,0.980,15.746
2021-04-18 02:00,0.981,15.859
2021-04-18 03:00,0.983,16.004
2021-04-18 04:00,0.983,16.050
2021-04-18 05:00,0.982,15.992
2021-04-18 06:00,0.981,15.875
2021-04-18 07:00,0.980,15.799
2021-04-18 08:00,0.980,15.792
2021-04-18 09:00,0.976,15.478
2021-04-18 10:00,0.970,15.101
2021-04-18 11:00,0.965,14.820
2021-04-18 12:00,0.952,14.304
2021-04-18 13:00,0.934,13.709
2021-04-18 14:00,0.907,13.031
2021-04-18 15:00,0.894,12.756
2021-04-18 16:00,0.893,12.737
2021-04-18 17:00,0.888,12.646
2021-04-18 18:00,0.879,12.484
2021-04-18 19:00,0.866,12.255
2021-04-18 20:00,0.850,11.991
2021-04-18 21:00,0.821,11.594
2021-04-18 22:00,0.795,11.261
2021-04-18 23:00,0.813,11.485
2021-04-19 00:00,0.827,11.673
2021-04-19 01:00,0.835,11.779
2021-04-19 02:00,0.847,11.957
2021-04-19 03:00,0.862,12.185
2021-04-19 04:00,0.874,12.395
2021-04-19 05:00,0.893,12.738
2021-04-19 06:00,0.911,13.127
2021-04-19 07:00,0.927,13.514
2021-04-19 08:00,0.937,13.789
2021-04-19 09:00,0.928,13.525
2021-04-19 10:00,0.899,12.853
2021-04-19 11:00,0.874,12.392
2021-04-19 12:00,0.869,12.305
2021-04-19 13:00,0.864,12.218
2021-04-19 14:00,0.858,12.129
2021-04-19 15:00,0.880,12.503
2021-04-19 16:00,0.891,12.704
2021-04-19 17:00,0.883,12.563
2021-04-19 18:00,0.875,12.401
2021-04-19 19:00,0.867,12.281
2021-04-19 20:00,0.870,12.325
2021-04-19 21:00,0.865,12.246
2021-04-19 22:00,0.850,11.999
2021-04-19 23:00,0.861,12.174
2021-04-20 00:00,0.867,12.276
2021-04-20 01:00,0.867,12.277
2021-04-20 02:00,0.857,12.120
2021-04-20 03:00,0.873,12.365
2021-04-20 04:00,0.897,12.818
2021-04-20 05:00,0.911,13.118
2021-04-20 06:00,0.920,13.336
2021-04-20 07:00,0.927,13.493
2021-04-20 08:00,0.930,13.590
2021-04-20 09:00,0.916,13.228
2021-04-20 10:00,0.873,12.366
2021-04-20 11:00,0.840,11.866
2021-04-20 12:00,0.819,11.569
2021-04-20 13:00,0.795,11.264
2021-04-20 14:00,0.772,11.004
2021-04-20 15:00,0.772,11.007
2021-04-20 16:00,0.787,11.175
2021-04-20 17:00,0.799,11.322
2021-04-20 18:00,0.809,11.445
2021-04-20 19:00,0.816,11.529
2021-04-20 20:00,0.822,11.599
2021-04-20 21:00,0.821,11.595
2021-04-20 22:00,0.796,11.289
2021-04-20 23:00,0.835,11.783
2021-04-21 00:00,0.876,12.428
2021-04-21 01:00,0.879,12.475
2021-04-21 02:00,0.876,12.417
2021-04-21 03:00,0.876,12.430
2021-04-21 04:00,0.881,12.511
2021-04-21 05:00,0.886,12.612
2021-04-21 06:00,0.895,12.782
2021-04-21 07:00,0.910,13.092
2021-04-21 08:00,0.923,13.414
2021-04-21 09:00,0.921,13.346
2021-04-21 10:00,0.892,12.721
2021-04-21 11:00,0.873,12.368
2021-04-21 12:00,0.858,12.135
2021-04-21 13:00,0.841,11.871
2021-04-21 14:00,0.824,11.640
2021-04-21 15:00,0.819,11.569
2021-04-21 16:00,0.801,11.332
2021-04-21 17:00,0.789,11.206
2021-04-21 18:00,0.770,10.986
2021-04-21 19:00,0.746,10.734
2021-04-21 20:00,0.723,10.515
2021-04-21 21:00,0.696,10.264
2021-04-21 22:00,0.657,9.917
2021-04-21 23:00,0.684,10.146
2021-04-22 00:00,0.697,10.271
2021-04-22 01:00,0.680,10.119
2021-04-22 02:00,0.655,9.896
2021-04-22 03:00,0.633,9.727
2021-04-22 04:00,0.640,9.780
2021-04-22 05:00,0.668,10.012
2021-04-22 06:00,0.697,10.272
2021-04-22 07:00,0.732,10.592
2021-04-22 08:00,0.782,11.119
2021-04-22 09:00,0.805,11.391
2021-04-22 10:00,0.763,10.920
2021-04-22 11:00,0.704,10.325
2021-04-22 12:00,0.653,9.890
2021-04-22 13:00,0.589,9.377
2021-04-22 14:00,0.529,8.915
2021-04-22 15:00,0.518,8.832
2021-04-22 16:00,0.518,8.830
2021-04-22 17:00,0.507,8.753
2021-04-22 18:00,0.493,8.647
2021-04-22 19:00,0.478,8.532
2021-04-22 20:00,0.464,8.434
2021-04-22 21:00,0.410,8.039
2021-04-22 22:00,0.337,7.483
2021-04-22 23:00,0.379,7.804
2021-04-23 00:00,0.444,8.281
2021-04-23 01:00,0.464,8.434
2021-04-23 02:00,0.470,8.483
2021-04-23 03:00,0.524,8.883
2021-04-23 04:00,0.636,9.739
2021-04-23 05:00,0.726,10.544
2021-04-23 06:00,0.781,11.113
2021-04-23 07:00,0.817,11.540
2021-04-23 08:00,0.843,11.899
2021-04-23 09:00,0.832,11.737
2021-04-23 10:00,0.759,10.865
2021-04-23 11:00,0.677,10.090
2021-04-23 12:00,0.622,9.635
2021-04-23 13:00,0.577,9.285
2021-04-23 14:00,0.548,9.056
2021-04-23 15:00,0.547,9.047
2021-04-23 16:00,0.558,9.139
2021-04-23 17:00,0.575,9.269
2021-04-23 18:00,0.599,9.451
2021-04-23 19:00,0.621,9.631
2021-04-23 20:00,0.632,9.708
2021-04-23 21:00,0.611,9.549
2021-04-23 22:00,0.566,9.198
2021-04-23 23:00,0.567,9.204
2021-04-24 00:00,0.544,9.025
2021-04-24 01:00,0.503,8.729
2021-04-24 02:00,0.488,8.616
2021-04-24 03:00,0.523,8.877
2021-04-24 04:00,0.559,9.141
2021-04-24 05:00,0.570,9.230
2021-04-24 06:00,0.611,9.545
2021-04-24 07:00,0.663,9.975
2021-04-24 08:00,0.716,10.440
2021-04-24 09:00,0.724,10.517
2021-04-24 10:00,0.664,9.980
2021-04-24 11:00,0.599,9.446
2021-04-24 12:00,0.524,8.884
2021-04-24 13:00,0.480,8.554
2021-04-24 14:00,0.478,8.541
2021-04-24 15:00,0.517,8.827
2021-04-24 16:00,0.552,9.095
2021-04-24 17:00,0.566,9.189
2021-04-24 18:00,0.599,9.453
2021-04-24 19:00,0.619,9.613
2021-04-24 20:00,0.710,10.390
2021-04-24 21:00,0.764,10.921
2021-04-24 22:00,0.785,11.146
2021-04-24 23:00,0.833,11.757
2021-04-25 00:00,0.853,12.059
2021-04-25 01:00,0.864,12.224
2021-04-25 02:00,0.867,12.277
2021-04-25 03:00,0.833,11.752
2021-04-25 04:00,0.845,11.924
2021-04-25 05:00,0.881,12.517
2021-04-25 06:00,0.922,13.384
2021-04-25 07:00,0.947,14.128
2021-04-25 08:00,0.951,14.268
2021-04-25 09:00,0.930,13.596
2021-04-25 10:00,0.861,12.174
2021-04-25 11:00,0.781,11.110
2021-04-25 12:00,0.728,10.564
2021-04-25 13:00,0.717,10.443
2021-04-25 14:00,0.717,10.455
2021-04-25 15:00,0.728,10.558
2021-04-25 16:00,0.747,10.746
2021-04-25 17:00,0.771,11.001
2021-04-25 18:00,0.788,11.197
2021-04-25 19:00,0.814,11.505
2021-04-25 20:00,0.846,11.941
2021-04-25 21:00,0.833,11.754
2021-04-25 22:00,0.817,11.535
2021-04-25 23:00,0.852,12.038
2021-04-26 00:00,0.855,12.081
2021-04-26 01:00,0.830,11.717
2021-04-26 02:00,0.797,11.294
2021-04-26 03:00,0.773,11.013
2021-04-26 04:00,0.757,10.843
2021-04-26 05:00,0.764,10.921
2021-04-26 06:00,0.768,10.971
2021-04-26 07:00,0.775,11.043
2021-04-26 08:00,0.775,11.044
2021-04-26 09:00,0.738,10.662
2021-04-26 10:00,0.692,10.226
2021-04-26 11:00,0.597,9.432
2021-04-26 12:00,0.529,8.915
2021-04-26 13:00,0.446,8.298
2021-04-26 14:00,0.360,7.654
2021-04-26 15:00,0.315,7.311
2021-04-26 16:00,0.295,7.138
2021-04-26 17:00,0.283,7.043
2021-04-26 18:00,0.275,6.973
2021-04-26 19:00,0.275,6.971
2021-04-26 20:00,0.292,7.113
2021-04-26 21:00,0.302,7.192
2021-04-26 22:00,0.264,6.871
2021-04-26 23:00,0.238,6.646
2021-04-27 00:00,0.201,6.290
2021-04-27 01:00,0.125,5.426
2021-04-27 02:00,0.067,4.534
2021-04-27 03:00,0.041,3.991
2021-04-27 04:00,0.025,3.548
2021-04-27 05:00,0.013,3.026
2021-04-27 06:00,0.004,2.352
2021-04-27 07:00,0,1.605
2021-04-27 08:00,0,1.382
2021-04-27 09:00,0.001,1.974
2021-04-27 10:00,0.008,2.718
2021-04-27 11:00,0.007,2.668
2021-04-27 12:00,0.001,1.965
2021-04-27 13:00,0,1.074
2021-04-27 14:00,0,0.690
2021-04-27 15:00,0,0.892
2021-04-27 16:00,0,1.159
2021-04-27 17:00,0,1.488
2021-04-27 18:00,0.001,1.880
2021-04-27 19:00,0.003,2.251
2021-04-27 20:00,0.004,2.389
2021-04-27 21:00,0.003,2.284
2021-04-27 22:00,0.003,2.228
2021-04-27 23:00,0.001,2.009
2021-04-28 00:00,0,1.481
2021-04-28 01:00,0,1.147
2021-04-28 02:00,0,1.357
2021-04-28 03:00,0.002,2.028
2021-04-28 04:00,0.005,2.513
2021-04-28 05:00,0.009,2.800
2021-04-28 06:00,0.018,3.290
2021-04-28 07:00,0.033,3.769
2021-04-28 08:00,0.044,4.065
2021-04-28 09:00,0.044,4.060
2021-04-28 10:00,0.043,4.045
2021-04-28 11:00,0.048,4.146
2021-04-28 12:00,0.052,4.247
2021-04-28 13:00,0.061,4.420
2021-04-28 14:00,0.052,4.230
2021-04-28 15:00,0.027,3.600
2021-04-28 16:00,0.011,2.920
2021-04-28 17:00,0.007,2.665
2021-04-28 18:00,0.038,3.894
2021-04-28 19:00,0.148,5.717
2021-04-28 20:00,0.326,7.386
2021-04-28 21:00,0.438,8.242
2021-04-28 22:00,0.480,8.548
2021-04-28 23:00,0.482,8.567
2021-04-29 00:00,0.392,7.899
2021-04-29 01:00,0.268,6.914
2021-04-29 02:00,0.172,5.978
2021-04-29 03:00,0.118,5.341
2021-04-29 04:00,0.089,4.915
2021-04-29 05:00,0.070,4.591
2021-04-29 06:00,0.055,4.286
2021-04-29 07:00,0.042,4.021
2021-04-29 08:00,0.041,3.974
2021-04-29 09:00,0.046,4.109
2021-04-29 10:00,0.055,4.293
2021-04-29 11:00,0.035,3.844
2021-04-29 12:00,0.014,3.077
2021-04-29 13:00,0.003,2.238
2021-04-29 14:00,0,1.492
2021-04-29 15:00,0.001,1.850
2021-04-29 16:00,0.009,2.787
2021-04-29 17:00,0.026,3.567
2021-04-29 18:00,0.041,3.990
2021-04-29 19:00,0.049,4.183
2021-04-29 20:00,0.048,4.143
2021-04-29 21:00,0.035,3.832
2021-04-29 22:00,0.021,3.409
2021-04-29 23:00,0.011,2.922
2021-04-30 00:00,0.009,2.808
2021-04-30 01:00,0.012,2.971
2021-04-30 02:00,0.026,3.577
2021-04-30 03:00,0.066,4.515
2021-04-30 04:00,0.137,5.568
2021-04-30 05:00,0.224,6.513
2021-04-30 06:00,0.308,7.251
2021-04-30 07:00,0.380,7.817
2021-04-30 08:00,0.449,8.319
2021-04-30 09:00,0.477,8.527
2021-04-30 10:00,0.496,8.668
2021-04-30 11:00,0.497,8.679
2021-04-30 12:00,0.481,8.563
2021-04-30 13:00,0.457,8.391
2021-04-30 14:00,0.432,8.208
2021-04-30 15:00,0.417,8.088
2021-04-30 16:00,0.413,8.067
2021-04-30 17:00,0.409,8.025
2021-04-30 18:00,0.380,7.812
2021-04-30 19:00,0.336,7.475
2021-04-30 20:00,0.319,7.335
2021-04-30 21:00,0.299,7.177
2021-04-30 22:00,0.259,6.832
2021-04-30 23:00,0.185,6.131
2021-05-01 00:00,0.138,5.580
2021-05-01 01:00,0.130,5.490
2021-05-01 02:00,0.136,5.557
2021-05-01 03:00,0.138,5.597
2021-05-01 04:00,0.157,5.814
2021-05-01 05:00,0.172,5.984
2021-05-01 06:00,0.172,5.975
2021-05-01 07:00,0.166,5.920
2021-05-01 08:00,0.175,6.015
2021-05-01 09:00,0.187,6.151
2021-05-01 10:00,0.248,6.729
2021-05-01 11:00,0.284,7.051
2021-05-01 12:00,0.291,7.106
2021-05-01 13:00,0.272,6.947
2021-05-01 14:00,0.211,6.385
2021-05-01 15:00,0.105,5.152
2021-05-01 16:00,0.022,3.428
2021-05-01 17:00,0.005,2.514
2021-05-01 18:00,0.008,2.765
2021-05-01 19:00,0.031,3.703
2021-05-01 20:00,0.068,4.551
2021-05-01 21:00,0.091,4.943
2021-05-01 22:00,0.088,4.902
2021-05-01 23:00,0.083,4.812
2021-05-02 00:00,0.075,4.685
2021-05-02 01:00,0.076,4.703
2021-05-02 02:00,0.091,4.947
2021-05-02 03:00,0.123,5.405
2021-05-02 04:00,0.184,6.118
2021-05-02 05:00,0.297,7.147
2021-05-02 06:00,0.437,8.237
2021-05-02 07:00,0.593,9.397
2021-05-02 08:00,0.730,10.576
2021-05-02 09:00,0.803,11.370
2021-05-02 10:00,0.811,11.472
2021-05-02 11:00,0.789,11.207
2021-05-02 12:00,0.768,10.965
2021-05-02 13:00,0.753,10.807
2021-05-02 14:00,0.749,10.767
2021-05-02 15:00,0.763,10.904
2021-05-02 16:00,0.767,10.953
2021-05-02 17:00,0.752,10.802
2021-05-02 18:00,0.726,10.538
2021-05-02 19:00,0.698,10.282
2021-05-02 20:00,0.673,10.061
2021-05-02 21:00,0.653,9.890
2021-05-02 22:00,0.636,9.738
2021-05-02 23:00,0.605,9.501
2021-05-03 00:00,0.583,9.328
2021-05-03 01:00,0.531,8.938
2021-05-03 02:00,0.455,8.373
2021-05-03 03:00,0.347,7.558
2021-05-03 04:00,0.219,6.471
2021-05-03 05:00,0.112,5.251
2021-05-03 06:00,0.041,3.995
2021-05-03 07:00,0.011,2.956
2021-05-03 08:00,0.003,2.265
2021-05-03 09:00,0.001,1.806
2021-05-03 10:00,0.001,1.944
2021-05-03 11:00,0.002,2.150
2021-05-03 12:00,0.002,2.107
2021-05-03 13:00,0.001,1.870
2021-05-03 14:00,0,1.594
2021-05-03 15:00,0,1.397
2021-05-03 16:00,0,1.169
2021-05-03 17:00,0.001,1.861
2021-05-03 18:00,0.007,2.658
2021-05-03 19:00,0.012,3.018
2021-05-03 20:00,0.015,3.164
2021-05-03 21:00,0.025,3.523
2021-05-03 22:00,0.043,4.029
2021-05-03 23:00,0.101,5.093
2021-05-04 00:00,0.234,6.609
2021-05-04 01:00,0.401,7.974
2021-05-04 02:00,0.535,8.966
2021-05-04 03:00,0.665,9.989
2021-05-04 04:00,0.756,10.837
2021-05-04 05:00,0.802,11.357
2021-05-04 06:00,0.834,11.763
2021-05-04 07:00,0.848,11.981
2021-05-04 08:00,0.817,11.545
2021-05-04 09:00,0.682,10.133
2021-05-04 10:00,0.528,8.908
2021-05-04 11:00,0.413,8.057
2021-05-04 12:00,0.342,7.521
2021-05-04 13:00,0.299,7.176
2021-05-04 14:00,0.245,6.707
2021-05-04 15:00,0.227,6.546
2021-05-04 16:00,0.250,6.744
2021-05-04 17:00,0.227,6.547
2021-05-04 18:00,0.173,5.996
2021-05-04 19:00,0.121,5.381
2021-05-04 20:00,0.037,3.875
2021-05-04 21:00,0.031,3.712
2021-05-04 22:00,0.062,4.444
2021-05-04 23:00,0.535,8.967
2021-05-05 00:00,0.895,12.787
2021-05-05 01:00,0.960,14.615
2021-05-05 02:00,0.967,14.922
2021-05-05 03:00,0.969,15.054
2021-05-05 04:00,0.970,15.121
2021-05-05 05:00,0.971,15.166
2021-05-05 06:00,0.971,15.151
2021-05-05 07:00,0.965,14.847
2021-05-05 08:00,0.952,14.274
2021-05-05 09:00,0.931,13.613
2021-05-05 10:00,0.906,13.014
2021-05-05 11:00,0.876,12.432
2021-05-05 12:00,0.836,11.797
2021-05-05 13:00,0.778,11.076
2021-05-05 14:00,0.695,10.256
2021-05-05 15:00,0.643,9.805
2021-05-05 16:00,0.609,9.530
2021-05-05 17:00,0.589,9.373
2021-05-05 18:00,0.566,9.192
2021-05-05 19:00,0.532,8.945
2021-05-05 20:00,0.499,8.696
2021-05-05 21:00,0.453,8.357
2021-05-05 22:00,0.371,7.750
2021-05-05 23:00,0.296,7.139
2021-05-06 00:00,0.215,6.426
2021-05-06 01:00,0.146,5.685
2021-05-06 02:00,0.089,4.921
2021-05-06 03:00,0.048,4.148
2021-05-06 04:00,0.017,3.255
2021-05-06 05:00,0.003,2.302
2021-05-06 06:00,0,1.232
2021-05-06 07:00,0,0.894
2021-05-06 08:00,0.001,2.022
2021-05-06 09:00,0.011,2.932
2021-05-06 10:00,0.047,4.124
2021-05-06 11:00,0.064,4.479
2021-05-06 12:00,0.038,3.905
2021-05-06 13:00,0.011,2.949
2021-05-06 14:00,0.001,1.862
2021-05-06 15:00,0,0.755
2021-05-06 16:00,0,0.814
2021-05-06 17:00,0.001,1.836
2021-05-06 18:00,0.006,2.617
2021-05-06 19:00,0.014,3.102
2021-05-06 20:00,0.018,3.257
2021-05-06 21:00,0.016,3.172
2021-05-06 22:00,0.010,2.881
2021-05-06 23:00,0.009,2.810
2021-05-07 00:00,0.017,3.215
2021-05-07 01:00,0.040,3.965
2021-05-07 02:00,0.069,4.567
2021-05-07 03:00,0.106,5.168
2021-05-07 04:00,0.148,5.705
2021-05-07 05:00,0.181,6.084
2021-05-07 06:00,0.218,6.454
2021-05-07 07:00,0.208,6.361
2021-05-07 08:00,0.128,5.458
2021-05-07 09:00,0.040,3.946
2021-05-07 10:00,0.004,2.433
2021-05-07 11:00,0.001,1.693
2021-05-07 12:00,0,1.623
2021-05-07 13:00,0.001,1.746
2021-05-07 14:00,0.001,1.904
2021-05-07 15:00,0.002,2.147
2021-05-07 16:00,0.008,2.721
2021-05-07 17:00,0.024,3.501
2021-05-07 18:00,0.057,4.335
2021-05-07 19:00,0.110,5.228
2021-05-07 20:00,0.195,6.227
2021-05-07 21:00,0.275,6.973
2021-05-07 22:00,0.314,7.302
2021-05-07 23:00,0.339,7.489
2021-05-08 00:00,0.396,7.934
2021-05-08 01:00,0.460,8.410
2021-05-08 02:00,0.502,8.717
2021-05-08 03:00,0.499,8.689
2021-05-08 04:00,0.460,8.402
2021-05-08 05:00,0.386,7.852
2021-05-08 06:00,0.313,7.280
2021-05-08 07:00,0.270,6.932
2021-05-08 08:00,0.217,6.448
2021-05-08 09:00,0.114,5.275
2021-05-08 10:00,0.048,4.162
2021-05-08 11:00,0.098,5.043
2021-05-08 12:00,0.251,6.755
2021-05-08 13:00,0.487,8.607
2021-05-08 14:00,0.564,9.179
2021-05-08 15:00,0.428,8.168
2021-05-08 16:00,0.275,6.977
2021-05-08 17:00,0.201,6.287
2021-05-08 18:00,0.160,5.849
2021-05-08 19:00,0.125,5.433
2021-05-08 20:00,0.092,4.958
2021-05-08 21:00,0.053,4.256
2021-05-08 22:00,0.022,3.443
2021-05-08 23:00,0.005,2.489
2021-05-09 00:00,0.004,2.437
2021-05-09 01:00,0.003,2.231
2021-05-09 02:00,0,1.660
2021-05-09 03:00,0,1.075
2021-05-09 04:00,0.006,2.622
2021-05-09 05:00,0.025,3.519
2021-05-09 06:00,0.003,2.266
2021-05-09 07:00,0,1.247
2021-05-09 08:00,0,1.529
2021-05-09 09:00,0.001,1.885
2021-05-09 10:00,0.002,2.103
2021-05-09 11:00,0.004,2.369
2021-05-09 12:00,0.006,2.605
2021-05-09 13:00,0.006,2.568
2021-05-09 14:00,0.008,2.759
2021-05-09 15:00,0.010,2.884
2021-05-09 16:00,0.012,2.991
2021-05-09 17:00,0.018,3.288
2021-05-09 18:00,0.012,3.012
2021-05-09 19:00,0.002,2.203
2021-05-09 20:00,0,1.511
2021-05-09 21:00,0,1.390
2021-05-09 22:00,0.002,2.148
2021-05-09 23:00,0.021,3.403
2021-05-10 00:00,0.069,4.570
2021-05-10 01:00,0.136,5.558
2021-05-10 02:00,0.222,6.501
2021-05-10 03:00,0.287,7.073
2021-05-10 04:00,0.319,7.333
2021-05-10 05:00,0.352,7.597
2021-05-10 06:00,0.388,7.872
2021-05-10 07:00,0.419,8.106
2021-05-10 08:00,0.413,8.060
2021-05-10 09:00,0.373,7.756
2021-05-10 10:00,0.338,7.484
2021-05-10 11:00,0.344,7.535
2021-05-10 12:00,0.367,7.718
2021-05-10 13:00,0.399,7.961
2021-05-10 14:00,0.447,8.312
2021-05-10 15:00,0.515,8.819
2021-05-10 16:00,0.562,9.165
2021-05-10 17:00,0.573,9.247
2021-05-10 18:00,0.567,9.206
2021-05-10 19:00,0.549,9.066
2021-05-10 20:00,0.540,8.994
2021-05-10 21:00,0.507,8.754
2021-05-10 22:00,0.453,8.357
2021-05-10 23:00,0.536,8.972
2021-05-11 00:00,0.602,9.478
2021-05-11 01:00,0.633,9.712
2021-05-11 02:00,0.637,9.757
2021-05-11 03:00,0.676,10.078
2021-05-11 04:00,0.727,10.555
2021-05-11 05:00,0.763,10.899
2021-05-11 06:00,0.785,11.151
2021-05-11 07:00,0.790,11.220
2021-05-11 08:00,0.775,11.049
2021-05-11 09:00,0.696,10.260
2021-05-11 10:00,0.568,9.217
2021-05-11 11:00,0.510,8.774
2021-05-11 12:00,0.502,8.723
2021-05-11 13:00,0.502,8.717
2021-05-11 14:00,0.480,8.551
2021-05-11 15:00,0.495,8.665
2021-05-11 16:00,0.549,9.069
2021-05-11 17:00,0.633,9.711
2021-05-11 18:00,0.658,9.923
2021-05-11 19:00,0.600,9.455
2021-05-11 20:00,0.552,9.093
2021-05-11 21:00,0.535,8.964
2021-05-11 22:00,0.508,8.757
2021-05-11 23:00,0.465,8.439
2021-05-12 00:00,0.435,8.225
2021-05-12 01:00,0.422,8.119
2021-05-12 02:00,0.419,8.108
2021-05-12 03:00,0.444,8.284
2021-05-12 04:00,0.475,8.511
2021-05-12 05:00,0.484,8.590
2021-05-12 06:00,0.486,8.602
2021-05-12 07:00,0.483,8.573
2021-05-12 08:00,0.472,8.489
2021-05-12 09:00,0.435,8.229
2021-05-12 10:00,0.374,7.763
2021-05-12 11:00,0.314,7.302
2021-05-12 12:00,0.253,6.779
2021-05-12 13:00,0.210,6.370
2021-05-12 14:00,0.194,6.218
2021-05-12 15:00,0.217,6.438
2021-05-12 16:00,0.206,6.338
2021-05-12 17:00,0.156,5.794
2021-05-12 18:00,0.126,5.443
2021-05-12 19:00,0.138,5.596
2021-05-12 20:00,0.175,6.022
2021-05-12 21:00,0.210,6.369
2021-05-12 22:00,0.202,6.296
2021-05-12 23:00,0.228,6.551
2021-05-13 00:00,0.285,7.056
2021-05-13 01:00,0.333,7.449
2021-05-13 02:00,0.359,7.648
2021-05-13 03:00,0.388,7.867
2021-05-13 04:00,0.426,8.157
2021-05-13 05:00,0.469,8.476
2021-05-13 06:00,0.499,8.699
2021-05-13 07:00,0.517,8.826
2021-05-13 08:00,0.506,8.738
2021-05-13 09:00,0.466,8.452
2021-05-13 10:00,0.438,8.248
2021-05-13 11:00,0.422,8.125
2021-05-13 12:00,0.397,7.945
2021-05-13 13:00,0.375,7.773
2021-05-13 14:00,0.353,7.603
2021-05-13 15:00,0.327,7.398
2021-05-13 16:00,0.296,7.140
2021-05-13 17:00,0.271,6.937
2021-05-13 18:00,0.262,6.853
2021-05-13 19:00,0.259,6.836
2021-05-13 20:00,0.257,6.814
2021-05-13 21:00,0.244,6.697
2021-05-13 22:00,0.198,6.256
2021-05-13 23:00,0.246,6.714
2021-05-14 00:00,0.342,7.515
2021-05-14 01:00,0.422,8.133
2021-05-14 02:00,0.487,8.607
2021-05-14 03:00,0.557,9.131
2021-05-14 04:00,0.617,9.599
2021-05-14 05:00,0.647,9.840
2021-05-14 06:00,0.650,9.866
2021-05-14 07:00,0.628,9.677
2021-05-14 08:00,0.586,9.355
2021-05-14 09:00,0.530,8.929
2021-05-14 10:00,0.493,8.648
2021-05-14 11:00,0.480,8.549
2021-05-14 12:00,0.469,8.478
2021-05-14 13:00,0.476,8.525
2021-05-14 14:00,0.497,8.676
2021-05-14 15:00,0.517,8.825
2021-05-14 16:00,0.528,8.900
2021-05-14 17:00,0.518,8.840
2021-05-14 18:00,0.491,8.637
2021-05-14 19:00,0.458,8.393
2021-05-14 20:00,0.429,8.171
2021-05-14 21:00,0.386,7.858
2021-05-14 22:00,0.330,7.425
2021-05-14 23:00,0.392,7.899
2021-05-15 00:00,0.460,8.403
2021-05-15 01:00,0.514,8.807
2021-05-15 02:00,0.558,9.135
2021-05-15 03:00,0.616,9.580
2021-05-15 04:00,0.665,9.993
2021-05-15 05:00,0.693,10.236
2021-05-15 06:00,0.707,10.352
2021-05-15 07:00,0.714,10.430
2021-05-15 08:00,0.716,10.438
2021-05-15 09:00,0.678,10.096
2021-05-15 10:00,0.604,9.487
2021-05-15 11:00,0.552,9.089
2021-05-15 12:00,0.503,8.727
2021-05-15 13:00,0.476,8.525
2021-05-15 14:00,0.479,8.546
2021-05-15 15:00,0.519,8.844
2021-05-15 16:00,0.564,9.178
2021-05-15 17:00,0.618,9.604
2021-05-15 18:00,0.669,10.026
2021-05-15 19:00,0.685,10.151
2021-05-15 20:00,0.691,10.207
2021-05-15 21:00,0.652,9.881
2021-05-15 22:00,0.601,9.462
2021-05-15 23:00,0.691,10.210
2021-05-16 00:00,0.751,10.793
2021-05-16 01:00,0.790,11.215
2021-05-16 02:00,0.824,11.638
2021-05-16 03:00,0.849,11.987
2021-05-16 04:00,0.857,12.119
2021-05-16 05:00,0.857,12.121
2021-05-16 06:00,0.850,11.998
2021-05-16 07:00,0.835,11.777
2021-05-16 08:00,0.815,11.520
2021-05-16 09:00,0.766,10.946
2021-05-16 10:00,0.678,10.095
2021-05-16 11:00,0.608,9.515
2021-05-16 12:00,0.564,9.181
2021-05-16 13:00,0.525,8.888
2021-05-16 14:00,0.485,8.595
2021-05-16 15:00,0.509,8.769
2021-05-16 16:00,0.561,9.154
2021-05-16 17:00,0.576,9.271
2021-05-16 18:00,0.570,9.228
2021-05-16 19:00,0.564,9.181
2021-05-16 20:00,0.566,9.191
2021-05-16 21:00,0.567,9.206
2021-05-16 22:00,0.540,8.999
2021-05-16 23:00,0.562,9.163
2021-05-17 00:00,0.575,9.266
2021-05-17 01:00,0.561,9.157
2021-05-17 02:00,0.534,8.960
2021-05-17 03:00,0.549,9.072
2021-05-17 04:00,0.564,9.183
2021-05-17 05:00,0.558,9.134
2021-05-17 06:00,0.548,9.052
2021-05-17 07:00,0.561,9.160
2021-05-17 08:00,0.561,9.161
2021-05-17 09:00,0.456,8.382
2021-05-17 10:00,0.297,7.154
2021-05-17 11:00,0.163,5.884
2021-05-17 12:00,0.074,4.659
2021-05-17 13:00,0.018,3.275
2021-05-17 14:00,0.014,3.108
2021-05-17 15:00,0.012,2.988
2021-05-17 16:00,0.074,4.669
2021-05-17 17:00,0.152,5.767
2021-05-17 18:00,0.143,5.650
2021-05-17 19:00,0.135,5.542
2021-05-17 20:00,0.167,5.935
2021-05-17 21:00,0.182,6.090
2021-05-17 22:00,0.123,5.400
2021-05-17 23:00,0.086,4.863
2021-05-18 00:00,0.060,4.397
2021-05-18 01:00,0.026,3.569
2021-05-18 02:00,0.012,3.016
2021-05-18 03:00,0.007,2.695
2021-05-18 04:00,0.005,2.551
2021-05-18 05:00,0.005,2.544
2021-05-18 06:00,0.005,2.524
2021-05-18 07:00,0.005,2.541
2021-05-18 08:00,0.007,2.711
2021-05-18 09:00,0.012,2.978
2021-05-18 10:00,0.021,3.409
2021-05-18 11:00,0.034,3.806
2021-05-18 12:00,0.044,4.070
2021-05-18 13:00,0.041,3.986
2021-05-18 14:00,0.038,3.900
2021-05-18 15:00,0.036,3.857
2021-05-18 16:00,0.037,3.877
2021-05-18 17:00,0.022,3.421
2021-05-18 18:00,0.005,2.517
2021-05-18 19:00,0.013,3.027
2021-05-18 20:00,0.036,3.862
2021-05-18 21:00,0.067,4.536
2021-05-18 22:00,0.084,4.830
2021-05-18 23:00,0.090,4.934
2021-05-19 00:00,0.143,5.652
2021-05-19 01:00,0.257,6.819
2021-05-19 02:00,0.380,7.819
2021-05-19 03:00,0.446,8.299
2021-05-19 04:00,0.453,8.352
2021-05-19 05:00,0.472,8.498
2021-05-19 06:00,0.491,8.636
2021-05-19 07:00,0.478,8.535
2021-05-19 08:00,0.468,8.467
2021-05-19 09:00,0.446,8.303
2021-05-19 10:00,0.388,7.872
2021-05-19 11:00,0.362,7.680
2021-05-19 12:00,0.393,7.910
2021-05-19 13:00,0.450,8.329
2021-05-19 14:00,0.516,8.820
2021-05-19 15:00,0.601,9.459
2021-05-19 16:00,0.673,10.055
2021-05-19 17:00,0.712,10.400
2021-05-19 18:00,0.702,10.312
2021-05-19 19:00,0.733,10.601
2021-05-19 20:00,0.658,9.931
2021-05-19 21:00,0.575,9.264
2021-05-19 22:00,0.573,9.239
2021-05-19 23:00,0.654,9.891
2021-05-20 00:00,0.707,10.353
2021-05-20 01:00,0.754,10.822
2021-05-20 02:00,0.770,10.986
2021-05-20 03:00,0.782,11.115
2021-05-20 04:00,0.763,10.917
2021-05-20 05:00,0.750,10.776
2021-05-20 06:00,0.747,10.743
2021-05-20 07:00,0.766,10.949
2021-05-20 08:00,0.798,11.311
2021-05-20 09:00,0.781,11.106
2021-05-20 10:00,0.707,10.354
2021-05-20 11:00,0.636,9.750
2021-05-20 12:00,0.540,8.993
2021-05-20 13:00,0.465,8.440
2021-05-20 14:00,0.452,8.348
2021-05-20 15:00,0.472,8.496
2021-05-20 16:00,0.505,8.734
2021-05-20 17:00,0.602,9.478
2021-05-20 18:00,0.588,9.370
2021-05-20 19:00,0.566,9.193
2021-05-20 20:00,0.565,9.185
2021-05-20 21:00,0.533,8.947
2021-05-20 22:00,0.494,8.658
2021-05-20 23:00,0.536,8.972
2021-05-21 00:00,0.591,9.388
2021-05-21 01:00,0.588,9.369
2021-05-21 02:00,0.590,9.386
2021-05-21 03:00,0.630,9.691
2021-05-21 04:00,0.665,9.993
2021-05-21 05:00,0.687,10.183
2021-05-21 06:00,0.701,10.305
2021-05-21 07:00,0.704,10.325
2021-05-21 08:00,0.689,10.191
2021-05-21 09:00,0.587,9.362
2021-05-21 10:00,0.463,8.430
2021-05-21 11:00,0.370,7.734
2021-05-21 12:00,0.264,6.882
2021-05-21 13:00,0.189,6.166
2021-05-21 14:00,0.171,5.967
2021-05-21 15:00,0.160,5.853
2021-05-21 16:00,0.120,5.367
2021-05-21 17:00,0.086,4.859
2021-05-21 18:00,0.059,4.378
2021-05-21 19:00,0.039,3.934
2021-05-21 20:00,0.027,3.591
2021-05-21 21:00,0.020,3.367
2021-05-21 22:00,0.018,3.277
2021-05-21 23:00,0.010,2.877
2021-05-22 00:00,0.003,2.312
2021-05-22 01:00,0.017,3.221
2021-05-22 02:00,0.047,4.119
2021-05-22 03:00,0.087,4.891
2021-05-22 04:00,0.156,5.799
2021-05-22 05:00,0.253,6.783
2021-05-22 06:00,0.323,7.365
2021-05-22 07:00,0.333,7.448
2021-05-22 08:00,0.292,7.112
2021-05-22 09:00,0.195,6.225
2021-05-22 10:00,0.103,5.127
2021-05-22 11:00,0.075,4.678
2021-05-22 12:00,0.069,4.575
2021-05-22 13:00,0.055,4.302
2021-05-22 14:00,0.050,4.204
2021-05-22 15:00,0.051,4.213
2021-05-22 16:00,0.045,4.087
2021-05-22 17:00,0.040,3.952
2021-05-22 18:00,0.033,3.790
2021-05-22 19:00,0.024,3.490
2021-05-22 20:00,0.019,3.331
2021-05-22 21:00,0.022,3.440
2021-05-22 22:00,0.023,3.468
2021-05-22 23:00,0.024,3.515
2021-05-23 00:00,0.041,3.984
2021-05-23 01:00,0.082,4.792
2021-05-23 02:00,0.140,5.616
2021-05-23 03:00,0.201,6.295
2021-05-23 04:00,0.252,6.775
2021-05-23 05:00,0.295,7.139
2021-05-23 06:00,0.340,7.502
2021-05-23 07:00,0.388,7.871
2021-05-23 08:00,0.411,8.043
2021-05-23 09:00,0.359,7.644
2021-05-23 10:00,0.256,6.813
2021-05-23 11:00,0.194,6.218
2021-05-23 12:00,0.177,6.042
2021-05-23 13:00,0.177,6.039
2021-05-23 14:00,0.176,6.023
2021-05-23 15:00,0.176,6.028
2021-05-23 16:00,0.176,6.024
2021-05-23 17:00,0.189,6.164
2021-05-23 18:00,0.211,6.392
2021-05-23 19:00,0.230,6.568
2021-05-23 20:00,0.222,6.493
2021-05-23 21:00,0.213,6.408
2021-05-23 22:00,0.182,6.086
2021-05-23 23:00,0.149,5.727
2021-05-24 00:00,0.124,5.412
2021-05-24 01:00,0.111,5.239
2021-05-24 02:00,0.125,5.428
2021-05-24 03:00,0.150,5.738
2021-05-24 04:00,0.157,5.819
2021-05-24 05:00,0.146,5.687
2021-05-24 06:00,0.133,5.523
2021-05-24 07:00,0.196,6.230
2021-05-24 08:00,0.401,7.976
2021-05-24 09:00,0.634,9.730
2021-05-24 10:00,0.753,10.813
2021-05-24 11:00,0.789,11.203
2021-05-24 12:00,0.796,11.283
2021-05-24 13:00,0.741,10.683
2021-05-24 14:00,0.649,9.853
2021-05-24 15:00,0.578,9.289
2021-05-24 16:00,0.509,8.759
2021-05-24 17:00,0.438,8.241
2021-05-24 18:00,0.389,7.880
2021-05-24 19:00,0.366,7.706
2021-05-24 20:00,0.367,7.714
2021-05-24 21:00,0.364,7.691
2021-05-24 22:00,0.356,7.631
2021-05-24 23:00,0.352,7.597
2021-05-25 00:00,0.344,7.534
2021-05-25 01:00,0.318,7.327
2021-05-25 02:00,0.277,6.984
2021-05-25 03:00,0.255,6.798
2021-05-25 04:00,0.238,6.645
2021-05-25 05:00,0.199,6.266
2021-05-25 06:00,0.162,5.876
2021-05-25 07:00,0.172,5.979
2021-05-25 08:00,0.222,6.484
2021-05-25 09:00,0.236,6.619
2021-05-25 10:00,0.190,6.180
2021-05-25 11:00,0.139,5.606
2021-05-25 12:00,0.100,5.071
2021-05-25 13:00,0.075,4.684
2021-05-25 14:00,0.061,4.421
2021-05-25 15:00,0.065,4.500
2021-05-25 16:00,0.063,4.457
2021-05-25 17:00,0.045,4.094
2021-05-25 18:00,0.031,3.710
2021-05-25 19:00,0.020,3.341
2021-05-25 20:00,0.009,2.851
2021-05-25 21:00,0.003,2.246
2021-05-25 22:00,0,0.629
2021-05-25 23:00,0,0.436
2021-05-26 00:00,0,1.589
2021-05-26 01:00,0.012,3.010
2021-05-26 02:00,0.055,4.298
2021-05-26 03:00,0.149,5.730
2021-05-26 04:00,0.313,7.286
2021-05-26 05:00,0.497,8.682
2021-05-26 06:00,0.647,9.835
2021-05-26 07:00,0.741,10.690
2021-05-26 08:00,0.788,11.189
2021-05-26 09:00,0.773,11.024
2021-05-26 10:00,0.713,10.413
2021-05-26 11:00,0.677,10.092
2021-05-26 12:00,0.664,9.981
2021-05-26 13:00,0.673,10.060
2021-05-26 14:00,0.698,10.280
2021-05-26 15:00,0.745,10.723
2021-05-26 16:00,0.783,11.133
2021-05-26 17:00,0.808,11.433
2021-05-26 18:00,0.782,11.117
2021-05-26 19:00,0.697,10.274
2021-05-26 20:00,0.660,9.937
2021-05-26 21:00,0.649,9.857
2021-05-26 22:00,0.598,9.436
2021-05-26 23:00,0.570,9.228
2021-05-27 00:00,0.558,9.135
2021-05-27 01:00,0.520,8.854
2021-05-27 02:00,0.469,8.476
2021-05-27 03:00,0.419,8.103
2021-05-27 04:00,0.371,7.744
2021-05-27 05:00,0.314,7.301
2021-05-27 06:00,0.259,6.828
2021-05-27 07:00,0.223,6.501
2021-05-27 08:00,0.225,6.527
2021-05-27 09:00,0.249,6.738
2021-05-27 10:00,0.244,6.698
2021-05-27 11:00,0.199,6.269
2021-05-27 12:00,0.126,5.439
2021-05-27 13:00,0.055,4.288
2021-05-27 14:00,0.036,3.853
2021-05-27 15:00,0.015,3.151
2021-05-27 16:00,0.004,2.412
2021-05-27 17:00,0.001,1.904
2021-05-27 18:00,0,1.607
2021-05-27 19:00,0,1.340
2021-05-27 20:00,0,1.338
2021-05-27 21:00,0,1.128
2021-05-27 22:00,0,0.171
2021-05-27 23:00,0,1.375
2021-05-28 00:00,0.006,2.586
2021-05-28 01:00,0.029,3.656
2021-05-28 02:00,0.092,4.958
2021-05-28 03:00,0.187,6.146
2021-05-28 04:00,0.246,6.717
2021-05-28 05:00,0.239,6.660
2021-05-28 06:00,0.182,6.088
2021-05-28 07:00,0.097,5.030
2021-05-28 08:00,0.134,5.535
2021-05-28 09:00,0.092,4.969
2021-05-28 10:00,0.107,5.182
2021-05-28 11:00,0.390,7.891
2021-05-28 12:00,0.530,8.928
2021-05-28 13:00,0.511,8.789
2021-05-28 14:00,0.465,8.444
2021-05-28 15:00,0.395,7.928
2021-05-28 16:00,0.280,7.020
2021-05-28 17:00,0.157,5.814
2021-05-28 18:00,0.099,5.065
2021-05-28 19:00,0.117,5.313
2021-05-28 20:00,0.165,5.906
2021-05-28 21:00,0.227,6.544
2021-05-28 22:00,0.330,7.419
2021-05-28 23:00,0.464,8.434
2021-05-29 00:00,0.529,8.914
2021-05-29 01:00,0.486,8.599
2021-05-29 02:00,0.388,7.874
2021-05-29 03:00,0.303,7.207
2021-05-29 04:00,0.234,6.601
2021-05-29 05:00,0.156,5.797
2021-05-29 06:00,0.117,5.316
2021-05-29 07:00,0.100,5.087
2021-05-29 08:00,0.100,5.081
2021-05-29 09:00,0.118,5.341
2021-05-29 10:00,0.111,5.246
2021-05-29 11:00,0.089,4.913
2021-05-29 12:00,0.087,4.882
2021-05-29 13:00,0.119,5.352
2021-05-29 14:00,0.145,5.681
2021-05-29 15:00,0.164,5.902
2021-05-29 16:00,0.157,5.819
2021-05-29 17:00,0.122,5.391
2021-05-29 18:00,0.103,5.130
2021-05-29 19:00,0.103,5.123
2021-05-29 20:00,0.104,5.138
2021-05-29 21:00,0.095,5.011
2021-05-29 22:00,0.088,4.904
2021-05-29 23:00,0.098,5.041
2021-05-30 00:00,0.111,5.246
2021-05-30 01:00,0.141,5.629
2021-05-30 02:00,0.182,6.089
2021-05-30 03:00,0.242,6.680
2021-05-30 04:00,0.321,7.355
2021-05-30 05:00,0.417,8.086
2021-05-30 06:00,0.518,8.841
2021-05-30 07:00,0.622,9.633
2021-05-30 08:00,0.739,10.670
2021-05-30 09:00,0.763,10.915
2021-05-30 10:00,0.700,10.301
2021-05-30 11:00,0.612,9.558
2021-05-30 12:00,0.581,9.310
2021-05-30 13:00,0.544,9.026
2021-05-30 14:00,0.529,8.915
2021-05-30 15:00,0.580,9.307
2021-05-30 16:00,0.570,9.228
2021-05-30 17:00,0.564,9.178
2021-05-30 18:00,0.575,9.258
2021-05-30 19:00,0.582,9.321
2021-05-30 20:00,0.635,9.737
2021-05-30 21:00,0.685,10.152
2021-05-30 22:00,0.694,10.240
2021-05-30 23:00,0.660,9.950
2021-05-31 00:00,0.599,9.452
2021-05-31 01:00,0.567,9.208
2021-05-31 02:00,0.625,9.656
2021-05-31 03:00,0.668,10.013
2021-05-31 04:00,0.576,9.276
2021-05-31 05:00,0.574,9.255
2021-05-31 06:00,0.611,9.544
2021-05-31 07:00,0.552,9.095
2021-05-31 08:00,0.599,9.445
2021-05-31 09:00,0.594,9.412
2021-05-31 10:00,0.502,8.717
2021-05-31 11:00,0.430,8.190
2021-05-31 12:00,0.415,8.073
2021-05-31 13:00,0.444,8.284
2021-05-31 14:00,0.429,8.181
2021-05-31 15:00,0.412,8.050
2021-05-31 16:00,0.285,7.060
2021-05-31 17:00,0.099,5.063
2021-05-31 18:00,0.030,3.683
2021-05-31 19:00,0.019,3.329
2021-05-31 20:00,0.020,3.367
2021-05-31 21:00,0.023,3.463
2021-05-31 22:00,0.015,3.146
2021-05-31 23:00,0.003,2.318
2021-06-01 00:00,0,1.515
2021-06-01 01:00,0,1.385
2021-06-01 02:00,0.004,2.353
2021-06-01 03:00,0.007,2.701
2021-06-01 04:00,0.006,2.620
2021-06-01 05:00,0.005,2.549
2021-06-01 06:00,0.007,2.711
2021-06-01 07:00,0.013,3.060
2021-06-01 08:00,0.022,3.413
2021-06-01 09:00,0.029,3.638
2021-06-01 10:00,0.035,3.844
2021-06-01 11:00,0.033,3.786
2021-06-01 12:00,0.018,3.295
2021-06-01 13:00,0.009,2.844
2021-06-01 14:00,0.008,2.715
2021-06-01 15:00,0.013,3.030
2021-06-01 16:00,0.033,3.785
2021-06-01 17:00,0.067,4.537
2021-06-01 18:00,0.098,5.045
2021-06-01 19:00,0.113,5.262
2021-06-01 20:00,0.111,5.235
2021-06-01 21:00,0.113,5.266
2021-06-01 22:00,0.128,5.459
2021-06-01 23:00,0.167,5.932
2021-06-02 00:00,0.224,6.518
2021-06-02 01:00,0.302,7.194
2021-06-02 02:00,0.392,7.901
2021-06-02 03:00,0.448,8.317
2021-06-02 04:00,0.450,8.339
2021-06-02 05:00,0.421,8.116
2021-06-02 06:00,0.364,7.695
2021-06-02 07:00,0.304,7.218
2021-06-02 08:00,0.257,6.814
2021-06-02 09:00,0.240,6.664
2021-06-02 10:00,0.280,7.022
2021-06-02 11:00,0.316,7.312
2021-06-02 12:00,0.324,7.374
2021-06-02 13:00,0.333,7.448
2021-06-02 14:00,0.339,7.497
2021-06-02 15:00,0.352,7.597
2021-06-02 16:00,0.324,7.376
2021-06-02 17:00,0.275,6.971
2021-06-02 18:00,0.226,6.533
2021-06-02 19:00,0.199,6.258
2021-06-02 20:00,0.186,6.140
2021-06-02 21:00,0.175,6.020
2021-06-02 22:00,0.166,5.924
2021-06-02 23:00,0.205,6.324
2021-06-03 00:00,0.238,6.643
2021-06-03 01:00,0.286,7.067
2021-06-03 02:00,0.330,7.417
2021-06-03 03:00,0.349,7.573
2021-06-03 04:00,0.360,7.656
2021-06-03 05:00,0.389,7.881
2021-06-03 06:00,0.433,8.209
2021-06-03 07:00,0.468,8.470
2021-06-03 08:00,0.465,8.445
2021-06-03 09:00,0.448,8.316
2021-06-03 10:00,0.438,8.251
2021-06-03 11:00,0.444,8.291
2021-06-03 12:00,0.478,8.533
2021-06-03 13:00,0.519,8.846
2021-06-03 14:00,0.509,8.768
2021-06-03 15:00,0.480,8.560
2021-06-03 16:00,0.438,8.245
2021-06-03 17:00,0.365,7.701
2021-06-03 18:00,0.313,7.293
2021-06-03 19:00,0.278,6.999
2021-06-03 20:00,0.186,6.134
2021-06-03 21:00,0.138,5.596
2021-06-03 22:00,0.124,5.413
2021-06-03 23:00,0.185,6.131
2021-06-04 00:00,0.208,6.361
2021-06-04 01:00,0.168,5.945
2021-06-04 02:00,0.120,5.361
2021-06-04 03:00,0.077,4.721
2021-06-04 04:00,0.053,4.263
2021-06-04 05:00,0.061,4.430
2021-06-04 06:00,0.081,4.776
2021-06-04 07:00,0.058,4.361
2021-06-04 08:00,0.029,3.640
2021-06-04 09:00,0.023,3.472
2021-06-04 10:00,0.082,4.787
2021-06-04 11:00,0.246,6.708
2021-06-04 12:00,0.385,7.847
2021-06-04 13:00,0.417,8.087
2021-06-04 14:00,0.397,7.947
2021-06-04 15:00,0.354,7.612
2021-06-04 16:00,0.290,7.097
2021-06-04 17:00,0.256,6.805
2021-06-04 18:00,0.248,6.728
2021-06-04 19:00,0.240,6.662
2021-06-04 20:00,0.217,6.451
2021-06-04 21:00,0.200,6.278
2021-06-04 22:00,0.173,5.993
2021-06-04 23:00,0.131,5.510
2021-06-05 00:00,0.103,5.128
2021-06-05 01:00,0.085,4.846
2021-06-05 02:00,0.059,4.386
2021-06-05 03:00,0.065,4.501
2021-06-05 04:00,0.096,5.022
2021-06-05 05:00,0.146,5.689
2021-06-05 06:00,0.217,6.439
2021-06-05 07:00,0.289,7.084
2021-06-05 08:00,0.374,7.766
2021-06-05 09:00,0.426,8.149
2021-06-05 10:00,0.371,7.743
2021-06-05 11:00,0.243,6.687
2021-06-05 12:00,0.166,5.927
2021-06-05 13:00,0.139,5.601
2021-06-05 14:00,0.128,5.454
2021-06-05 15:00,0.125,5.430
2021-06-05 16:00,0.138,5.584
2021-06-05 17:00,0.151,5.751
2021-06-05 18:00,0.160,5.859
2021-06-05 19:00,0.101,5.095
2021-06-05 20:00,0.236,6.630
2021-06-05 21:00,0.757,10.847
2021-06-05 22:00,0.884,12.570
2021-06-05 23:00,0.845,11.925
2021-06-06 00:00,0.774,11.029
2021-06-06 01:00,0.666,9.997
2021-06-06 02:00,0.561,9.161
2021-06-06 03:00,0.496,8.668
2021-06-06 04:00,0.514,8.799
2021-06-06 05:00,0.590,9.379
2021-06-06 06:00,0.630,9.691
2021-06-06 07:00,0.585,9.341
2021-06-06 08:00,0.584,9.335
2021-06-06 09:00,0.628,9.681
2021-06-06 10:00,0.616,9.576
2021-06-06 11:00,0.528,8.911
2021-06-06 12:00,0.432,8.203
2021-06-06 13:00,0.377,7.789
2021-06-06 14:00,0.330,7.419
2021-06-06 15:00,0.350,7.578
2021-06-06 16:00,0.410,8.033
2021-06-06 17:00,0.461,8.415
2021-06-06 18:00,0.465,8.448
2021-06-06 19:00,0.442,8.274
2021-06-06 20:00,0.404,7.987
2021-06-06 21:00,0.360,7.650
2021-06-06 22:00,0.302,7.195
2021-06-06 23:00,0.271,6.936
2021-06-07 00:00,0.229,6.567
2021-06-07 01:00,0.179,6.054
2021-06-07 02:00,0.125,5.428
2021-06-07 03:00,0.104,5.137
2021-06-07 04:00,0.111,5.235
2021-06-07 05:00,0.130,5.494
2021-06-07 06:00,0.162,5.881
2021-06-07 07:00,0.208,6.361
2021-06-07 08:00,0.256,6.812
2021-06-07 09:00,0.276,6.979
2021-06-07 10:00,0.259,6.835
2021-06-07 11:00,0.210,6.380
2021-06-07 12:00,0.138,5.590
2021-06-07 13:00,0.085,4.853
2021-06-07 14:00,0.048,4.155
2021-06-07 15:00,0.029,3.646
2021-06-07 16:00,0.022,3.430
2021-06-07 17:00,0.024,3.488
2021-06-07 18:00,0.029,3.651
2021-06-07 19:00,0.033,3.784
2021-06-07 20:00,0.041,3.968
2021-06-07 21:00,0.040,3.952
2021-06-07 22:00,0.027,3.589
2021-06-07 23:00,0.018,3.263
2021-06-08 00:00,0.008,2.780
2021-06-08 01:00,0.004,2.430
2021-06-08 02:00,0.003,2.297
2021-06-08 03:00,0.004,2.436
2021-06-08 04:00,0.007,2.655
2021-06-08 05:00,0.011,2.922
2021-06-08 06:00,0.017,3.230
2021-06-08 07:00,0.025,3.539
2021-06-08 08:00,0.031,3.727
2021-06-08 09:00,0.036,3.865
2021-06-08 10:00,0.045,4.096
2021-06-08 11:00,0.050,4.192
2021-06-08 12:00,0.038,3.922
2021-06-08 13:00,0.019,3.308
2021-06-08 14:00,0.004,2.393
2021-06-08 15:00,0,1.597
2021-06-08 16:00,0.001,1.752
2021-06-08 17:00,0.003,2.206
2021-06-08 18:00,0.004,2.363
2021-06-08 19:00,0.005,2.497
2021-06-08 20:00,0.008,2.781
2021-06-08 21:00,0.010,2.903
2021-06-08 22:00,0.002,2.153
2021-06-08 23:00,0,1.648
2021-06-09 00:00,0.001,1.750
2021-06-09 01:00,0.001,1.805
2021-06-09 02:00,0.001,1.932
2021-06-09 03:00,0.002,2.136
2021-06-09 04:00,0.004,2.440
2021-06-09 05:00,0.007,2.673
2021-06-09 06:00,0.009,2.833
2021-06-09 07:00,0.009,2.841
2021-06-09 08:00,0.007,2.701
2021-06-09 09:00,0.008,2.767
2021-06-09 10:00,0.020,3.354
2021-06-09 11:00,0.034,3.792
2021-06-09 12:00,0.032,3.753
2021-06-09 13:00,0.021,3.400
2021-06-09 14:00,0.013,3.051
2021-06-09 15:00,0.014,3.080
2021-06-09 16:00,0.017,3.227
2021-06-09 17:00,0.014,3.117
2021-06-09 18:00,0.008,2.741
2021-06-09 19:00,0.003,2.293
2021-06-09 20:00,0.001,1.782
2021-06-09 21:00,0,1.487
2021-06-09 22:00,0,1.275
2021-06-09 23:00,0.001,1.736
2021-06-10 00:00,0.005,2.460
2021-06-10 01:00,0.012,2.994
2021-06-10 02:00,0.018,3.259
2021-06-10 03:00,0.020,3.357
2021-06-10 04:00,0.025,3.527
2021-06-10 05:00,0.032,3.751
2021-06-10 06:00,0.042,4.001
2021-06-10 07:00,0.050,4.193
2021-06-10 08:00,0.055,4.304
2021-06-10 09:00,0.044,4.057
2021-06-10 10:00,0.023,3.454
2021-06-10 11:00,0.007,2.694
2021-06-10 12:00,0.003,2.238
2021-06-10 13:00,0.002,2.157
2021-06-10 14:00,0.002,2.110
2021-06-10 15:00,0.001,1.827
2021-06-10 16:00,0.001,1.875
2021-06-10 17:00,0.005,2.542
2021-06-10 18:00,0.018,3.263
2021-06-10 19:00,0.035,3.839
2021-06-10 20:00,0.038,3.892
2021-06-10 21:00,0.029,3.649
2021-06-10 22:00,0.016,3.202
2021-06-10 23:00,0.009,2.842
2021-06-11 00:00,0.005,2.532
2021-06-11 01:00,0.004,2.398
2021-06-11 02:00,0.004,2.346
2021-06-11 03:00,0.002,2.144
2021-06-11 04:00,0.001,1.960
2021-06-11 05:00,0.001,1.836
2021-06-11 06:00,0,1.666
2021-06-11 07:00,0,1.489
2021-06-11 08:00,0,1.293
2021-06-11 09:00,0,1.136
2021-06-11 10:00,0,1.322
2021-06-11 11:00,0,1.572
2021-06-11 12:00,0,1.675
2021-06-11 13:00,0,1.563
2021-06-11 14:00,0,1.204
2021-06-11 15:00,0,0.652
2021-06-11 16:00,0,0.644
2021-06-11 17:00,0,1.066
2021-06-11 18:00,0,1.590
2021-06-11 19:00,0.002,2.155
2021-06-11 20:00,0.006,2.621
2021-06-11 21:00,0.012,2.965
2021-06-11 22:00,0.009,2.841
2021-06-11 23:00,0.005,2.539
2021-06-12 00:00,0.005,2.475
2021-06-12 01:00,0.003,2.209
2021-06-12 02:00,0.001,1.727
2021-06-12 03:00,0,1.254
2021-06-12 04:00,0,1.571
2021-06-12 05:00,0.001,2.021
2021-06-12 06:00,0.006,2.573
2021-06-12 07:00,0.014,3.076
2021-06-12 08:00,0.021,3.410
2021-06-12 09:00,0.025,3.530
2021-06-12 10:00,0.025,3.530
2021-06-12 11:00,0.020,3.347
2021-06-12 12:00,0.015,3.138
2021-06-12 13:00,0.017,3.238
2021-06-12 14:00,0.047,4.131
2021-06-12 15:00,0.074,4.663
2021-06-12 16:00,0.034,3.804
2021-06-12 17:00,0.019,3.322
2021-06-12 18:00,0.020,3.367
2021-06-12 19:00,0.025,3.535
2021-06-12 20:00,0.024,3.494
2021-06-12 21:00,0.023,3.464
2021-06-12 22:00,0.021,3.405
2021-06-12 23:00,0.026,3.571
2021-06-13 00:00,0.027,3.600
2021-06-13 01:00,0.024,3.484
2021-06-13 02:00,0.021,3.390
2021-06-13 03:00,0.029,3.646
2021-06-13 04:00,0.054,4.283
2021-06-13 05:00,0.098,5.039
2021-06-13 06:00,0.151,5.746
2021-06-13 07:00,0.208,6.354
2021-06-13 08:00,0.258,6.823
2021-06-13 09:00,0.270,6.928
2021-06-13 10:00,0.252,6.760
2021-06-13 11:00,0.245,6.704
2021-06-13 12:00,0.268,6.911
2021-06-13 13:00,0.310,7.257
2021-06-13 14:00,0.371,7.741
2021-06-13 15:00,0.429,8.179
2021-06-13 16:00,0.438,8.244
2021-06-13 17:00,0.426,8.153
2021-06-13 18:00,0.399,7.960
2021-06-13 19:00,0.333,7.454
2021-06-13 20:00,0.260,6.842
2021-06-13 21:00,0.201,6.292
2021-06-13 22:00,0.165,5.907
2021-06-13 23:00,0.179,6.059
2021-06-14 00:00,0.201,6.290
2021-06-14 01:00,0.217,6.447
2021-06-14 02:00,0.217,6.442
2021-06-14 03:00,0.215,6.422
2021-06-14 04:00,0.199,6.260
2021-06-14 05:00,0.188,6.160
2021-06-14 06:00,0.236,6.619
2021-06-14 07:00,0.351,7.584
2021-06-14 08:00,0.484,8.583
2021-06-14 09:00,0.557,9.129
2021-06-14 10:00,0.610,9.538
2021-06-14 11:00,0.613,9.563
2021-06-14 12:00,0.611,9.545
2021-06-14 13:00,0.610,9.536
2021-06-14 14:00,0.591,9.390
2021-06-14 15:00,0.602,9.478
2021-06-14 16:00,0.605,9.497
2021-06-14 17:00,0.593,9.397
2021-06-14 18:00,0.580,9.303
2021-06-14 19:00,0.579,9.299
2021-06-14 20:00,0.598,9.437
2021-06-14 21:00,0.603,9.483
2021-06-14 22:00,0.608,9.510
2021-06-14 23:00,0.646,9.825
2021-06-15 00:00,0.669,10.023
2021-06-15 01:00,0.670,10.032
2021-06-15 02:00,0.665,9.988
2021-06-15 03:00,0.681,10.129
2021-06-15 04:00,0.696,10.263
2021-06-15 05:00,0.682,10.140
2021-06-15 06:00,0.681,10.125
2021-06-15 07:00,0.710,10.386
2021-06-15 08:00,0.757,10.847
2021-06-15 09:00,0.779,11.079
2021-06-15 10:00,0.764,10.922
2021-06-15 11:00,0.728,10.564
2021-06-15 12:00,0.661,9.952
2021-06-15 13:00,0.619,9.614
2021-06-15 14:00,0.639,9.773
2021-06-15 15:00,0.692,10.228
2021-06-15 16:00,0.716,10.450
2021-06-15 17:00,0.721,10.488
2021-06-15 18:00,0.700,10.298
2021-06-15 19:00,0.656,9.906
2021-06-15 20:00,0.607,9.508
2021-06-15 21:00,0.548,9.060
2021-06-15 22:00,0.489,8.625
2021-06-15 23:00,0.469,8.478
2021-06-16 00:00,0.435,8.223
2021-06-16 01:00,0.423,8.137
2021-06-16 02:00,0.456,8.380
2021-06-16 03:00,0.534,8.954
2021-06-16 04:00,0.605,9.496
2021-06-16 05:00,0.643,9.804
2021-06-16 06:00,0.665,9.991
2021-06-16 07:00,0.687,10.173
2021-06-16 08:00,0.710,10.386
2021-06-16 09:00,0.733,10.599
2021-06-16 10:00,0.749,10.764
2021-06-16 11:00,0.735,10.622
2021-06-16 12:00,0.702,10.315
2021-06-16 13:00,0.684,10.146
2021-06-16 14:00,0.665,9.990
2021-06-16 15:00,0.628,9.674
2021-06-16 16:00,0.573,9.252
2021-06-16 17:00,0.518,8.828
2021-06-16 18:00,0.474,8.505
2021-06-16 19:00,0.450,8.330
2021-06-16 20:00,0.448,8.316
2021-06-16 21:00,0.432,8.204
2021-06-16 22:00,0.386,7.853
2021-06-16 23:00,0.374,7.766
2021-06-17 00:00,0.349,7.572
2021-06-17 01:00,0.333,7.448
2021-06-17 02:00,0.381,7.822
2021-06-17 03:00,0.485,8.596
2021-06-17 04:00,0.590,9.381
2021-06-17 05:00,0.664,9.978
2021-06-17 06:00,0.711,10.394
2021-06-17 07:00,0.743,10.711
2021-06-17 08:00,0.772,11.004
2021-06-17 09:00,0.764,10.925
2021-06-17 10:00,0.748,10.756
2021-06-17 11:00,0.741,10.685
2021-06-17 12:00,0.737,10.642
2021-06-17 13:00,0.745,10.725
2021-06-17 14:00,0.767,10.961
2021-06-17 15:00,0.662,9.957
2021-06-17 16:00,0.569,9.222
2021-06-17 17:00,0.588,9.369
2021-06-17 18:00,0.611,9.549
2021-06-17 19:00,0.619,9.614
2021-06-17 20:00,0.657,9.917
2021-06-17 21:00,0.641,9.785
2021-06-17 22:00,0.555,9.112
2021-06-17 23:00,0.491,8.641
2021-06-18 00:00,0.487,8.613
2021-06-18 01:00,0.486,8.603
2021-06-18 02:00,0.497,8.678
2021-06-18 03:00,0.489,8.623
2021-06-18 04:00,0.437,8.236
2021-06-18 05:00,0.348,7.571
2021-06-18 06:00,0.283,7.042
2021-06-18 07:00,0.285,7.061
2021-06-18 08:00,0.357,7.634
2021-06-18 09:00,0.444,8.282
2021-06-18 10:00,0.489,8.626
2021-06-18 11:00,0.494,8.653
2021-06-18 12:00,0.464,8.434
2021-06-18 13:00,0.435,8.225
2021-06-18 14:00,0.429,8.184
2021-06-18 15:00,0.462,8.416
2021-06-18 16:00,0.511,8.789
2021-06-18 17:00,0.514,8.804
2021-06-18 18:00,0.484,8.580
2021-06-18 19:00,0.429,8.182
2021-06-18 20:00,0.412,8.050
2021-06-18 21:00,0.377,7.784
2021-06-18 22:00,0.293,7.122
2021-06-18 23:00,0.266,6.894
2021-06-19 00:00,0.282,7.036
2021-06-19 01:00,0.267,6.908
2021-06-19 02:00,0.269,6.918
2021-06-19 03:00,0.305,7.229
2021-06-19 04:00,0.329,7.416
2021-06-19 05:00,0.353,7.597
2021-06-19 06:00,0.413,8.061
2021-06-19 07:00,0.478,8.533
2021-06-19 08:00,0.506,8.738
2021-06-19 09:00,0.515,8.819
2021-06-19 10:00,0.534,8.960
2021-06-19 11:00,0.532,8.939
2021-06-19 12:00,0.417,8.082
2021-06-19 13:00,0.336,7.474
2021-06-19 14:00,0.346,7.557
2021-06-19 15:00,0.342,7.512
2021-06-19 16:00,0.328,7.410
2021-06-19 17:00,0.319,7.328
2021-06-19 18:00,0.259,6.827
2021-06-19 19:00,0.162,5.880
2021-06-19 20:00,0.117,5.307
2021-06-19 21:00,0.092,4.965
2021-06-19 22:00,0.061,4.427
2021-06-19 23:00,0.038,3.903
2021-06-20 00:00,0.029,3.657
2021-06-20 01:00,0.017,3.215
2021-06-20 02:00,0.014,3.084
2021-06-20 03:00,0.043,4.029
2021-06-20 04:00,0.120,5.367
2021-06-20 05:00,0.228,6.557
2021-06-20 06:00,0.328,7.404
2021-06-20 07:00,0.374,7.768
2021-06-20 08:00,0.416,8.078
2021-06-20 09:00,0.395,7.930
2021-06-20 10:00,0.350,7.579
2021-06-20 11:00,0.339,7.498
2021-06-20 12:00,0.319,7.339
2021-06-20 13:00,0.264,6.876
2021-06-20 14:00,0.227,6.541
2021-06-20 15:00,0.199,6.261
2021-06-20 16:00,0.155,5.781
2021-06-20 17:00,0.111,5.238
2021-06-20 18:00,0.075,4.675
2021-06-20 19:00,0.043,4.024
2021-06-20 20:00,0.015,3.131
2021-06-20 21:00,0.005,2.505
2021-06-20 22:00,0.001,1.947
2021-06-20 23:00,0.001,1.760
2021-06-21 00:00,0,1.645
2021-06-21 01:00,0,1.573
2021-06-21 02:00,0.002,2.140
2021-06-21 03:00,0.011,2.959
2021-06-21 04:00,0.027,3.590
2021-06-21 05:00,0.043,4.038
2021-06-21 06:00,0.065,4.510
2021-06-21 07:00,0.092,4.961
2021-06-21 08:00,0.121,5.379
2021-06-21 09:00,0.135,5.547
2021-06-21 10:00,0.140,5.618
2021-06-21 11:00,0.130,5.498
2021-06-21 12:00,0.095,5.009
2021-06-21 13:00,0.054,4.284
2021-06-21 14:00,0.037,3.870
2021-06-21 15:00,0.032,3.753
2021-06-21 16:00,0.031,3.728
2021-06-21 17:00,0.030,3.695
2021-06-21 18:00,0.021,3.406
2021-06-21 19:00,0.015,3.131
2021-06-21 20:00,0.021,3.378
2021-06-21 21:00,0.041,3.989
2021-06-21 22:00,0.078,4.728
2021-06-21 23:00,0.124,5.411
2021-06-22 00:00,0.158,5.833
2021-06-22 01:00,0.148,5.718
2021-06-22 02:00,0.117,5.315
2021-06-22 03:00,0.094,4.999
2021-06-22 04:00,0.084,4.840
2021-06-22 05:00,0.097,5.029
2021-06-22 06:00,0.123,5.406
2021-06-22 07:00,0.155,5.783
2021-06-22 08:00,0.194,6.216
2021-06-22 09:00,0.245,6.705
2021-06-22 10:00,0.293,7.119
2021-06-22 11:00,0.321,7.347
2021-06-22 12:00,0.333,7.439
2021-06-22 13:00,0.345,7.545
2021-06-22 14:00,0.362,7.665
2021-06-22 15:00,0.362,7.671
2021-06-22 16:00,0.343,7.525
2021-06-22 17:00,0.291,7.103
2021-06-22 18:00,0.244,6.698
2021-06-22 19:00,0.215,6.422
2021-06-22 20:00,0.201,6.289
2021-06-22 21:00,0.181,6.078
2021-06-22 22:00,0.185,6.127
2021-06-22 23:00,0.229,6.561
2021-06-23 00:00,0.299,7.168
2021-06-23 01:00,0.390,7.890
2021-06-23 02:00,0.466,8.454
2021-06-23 03:00,0.496,8.668
2021-06-23 04:00,0.498,8.687
2021-06-23 05:00,0.489,8.626
2021-06-23 06:00,0.480,8.554
2021-06-23 07:00,0.472,8.497
2021-06-23 08:00,0.467,8.461
2021-06-23 09:00,0.468,8.468
2021-06-23 10:00,0.473,8.502
2021-06-23 11:00,0.477,8.529
2021-06-23 12:00,0.475,8.518
2021-06-23 13:00,0.448,8.317
2021-06-23 14:00,0.410,8.032
2021-06-23 15:00,0.347,7.560
2021-06-23 16:00,0.305,7.226
2021-06-23 17:00,0.297,7.161
2021-06-23 18:00,0.287,7.073
2021-06-23 19:00,0.261,6.847
2021-06-23 20:00,0.220,6.474
2021-06-23 21:00,0.177,6.042
2021-06-23 22:00,0.141,5.634
2021-06-23 23:00,0.139,5.606
2021-06-24 00:00,0.139,5.603
2021-06-24 01:00,0.142,5.638
2021-06-24 02:00,0.155,5.783
2021-06-24 03:00,0.175,6.009
2021-06-24 04:00,0.208,6.359
2021-06-24 05:00,0.266,6.901
2021-06-24 06:00,0.334,7.461
2021-06-24 07:00,0.407,8.010
2021-06-24 08:00,0.475,8.518
2021-06-24 09:00,0.545,9.028
2021-06-24 10:00,0.514,8.810
2021-06-24 11:00,0.428,8.167
2021-06-24 12:00,0.347,7.562
2021-06-24 13:00,0.295,7.139
2021-06-24 14:00,0.284,7.049
2021-06-24 15:00,0.248,6.731
2021-06-24 16:00,0.185,6.122
2021-06-24 17:00,0.151,5.748
2021-06-24 18:00,0.151,5.749
2021-06-24 19:00,0.155,5.789
2021-06-24 20:00,0.159,5.846
2021-06-24 21:00,0.167,5.932
2021-06-24 22:00,0.140,5.623
2021-06-24 23:00,0.115,5.282
2021-06-25 00:00,0.090,4.931
2021-06-25 01:00,0.073,4.632
2021-06-25 02:00,0.062,4.445
2021-06-25 03:00,0.061,4.417
2021-06-25 04:00,0.066,4.515
2021-06-25 05:00,0.077,4.724
2021-06-25 06:00,0.087,4.870
2021-06-25 07:00,0.089,4.921
2021-06-25 08:00,0.085,4.852
2021-06-25 09:00,0.065,4.506
2021-06-25 10:00,0.049,4.185
2021-06-25 11:00,0.042,4.009
2021-06-25 12:00,0.034,3.798
2021-06-25 13:00,0.027,3.586
2021-06-25 14:00,0.026,3.556
2021-06-25 15:00,0.046,4.096
2021-06-25 16:00,0.067,4.534
2021-06-25 17:00,0.082,4.796
2021-06-25 18:00,0.115,5.280
2021-06-25 19:00,0.173,5.995
2021-06-25 20:00,0.216,6.434
2021-06-25 21:00,0.219,6.464
2021-06-25 22:00,0.222,6.498
2021-06-25 23:00,0.291,7.110
2021-06-26 00:00,0.359,7.646
2021-06-26 01:00,0.435,8.224
2021-06-26 02:00,0.488,8.616
2021-06-26 03:00,0.535,8.964
2021-06-26 04:00,0.568,9.214
2021-06-26 05:00,0.599,9.444
2021-06-26 06:00,0.638,9.762
2021-06-26 07:00,0.673,10.062
2021-06-26 08:00,0.691,10.213
2021-06-26 09:00,0.656,9.907
2021-06-26 10:00,0.609,9.535
2021-06-26 11:00,0.568,9.215
2021-06-26 12:00,0.510,8.775
2021-06-26 13:00,0.465,8.449
2021-06-26 14:00,0.458,8.393
2021-06-26 15:00,0.465,8.442
2021-06-26 16:00,0.480,8.554
2021-06-26 17:00,0.485,8.593
2021-06-26 18:00,0.488,8.614
2021-06-26 19:00,0.497,8.675
2021-06-26 20:00,0.505,8.737
2021-06-26 21:00,0.484,8.581
2021-06-26 22:00,0.399,7.962
2021-06-26 23:00,0.343,7.527
2021-06-27 00:00,0.308,7.250
2021-06-27 01:00,0.282,7.034
2021-06-27 02:00,0.248,6.731
2021-06-27 03:00,0.215,6.420
2021-06-27 04:00,0.181,6.083
2021-06-27 05:00,0.182,6.091
2021-06-27 06:00,0.249,6.740
2021-06-27 07:00,0.350,7.577
2021-06-27 08:00,0.460,8.402
2021-06-27 09:00,0.509,8.769
2021-06-27 10:00,0.528,8.905
2021-06-27 11:00,0.557,9.130
2021-06-27 12:00,0.591,9.391
2021-06-27 13:00,0.608,9.520
2021-06-27 14:00,0.630,9.701
2021-06-27 15:00,0.658,9.921
2021-06-27 16:00,0.679,10.108
2021-06-27 17:00,0.702,10.319
2021-06-27 18:00,0.736,10.639
2021-06-27 19:00,0.764,10.924
2021-06-27 20:00,0.771,10.994
2021-06-27 21:00,0.745,10.730
2021-06-27 22:00,0.695,10.253
2021-06-27 23:00,0.673,10.057
2021-06-28 00:00,0.668,10.013
2021-06-28 01:00,0.657,9.917
2021-06-28 02:00,0.636,9.750
2021-06-28 03:00,0.663,9.974
2021-06-28 04:00,0.702,10.311
2021-06-28 05:00,0.717,10.442
2021-06-28 06:00,0.717,10.459
2021-06-28 07:00,0.714,10.427
2021-06-28 08:00,0.709,10.371
2021-06-28 09:00,0.691,10.208
2021-06-28 10:00,0.677,10.092
2021-06-28 11:00,0.692,10.227
2021-06-28 12:00,0.722,10.494
2021-06-28 13:00,0.685,10.153
2021-06-28 14:00,0.577,9.286
2021-06-28 15:00,0.575,9.261
2021-06-28 16:00,0.647,9.835
2021-06-28 17:00,0.704,10.327
2021-06-28 18:00,0.748,10.754
2021-06-28 19:00,0.773,11.009
2021-06-28 20:00,0.774,11.035
2021-06-28 21:00,0.722,10.507
2021-06-28 22:00,0.657,9.916
2021-06-28 23:00,0.629,9.685
2021-06-29 00:00,0.577,9.281
2021-06-29 01:00,0.564,9.171
2021-06-29 02:00,0.596,9.429
2021-06-29 03:00,0.697,10.274
2021-06-29 04:00,0.794,11.255
2021-06-29 05:00,0.852,12.044
2021-06-29 06:00,0.889,12.652
2021-06-29 07:00,0.905,12.994
2021-06-29 08:00,0.901,12.900
2021-06-29 09:00,0.860,12.162
2021-06-29 10:00,0.810,11.456
2021-06-29 11:00,0.760,10.871
2021-06-29 12:00,0.685,10.160
2021-06-29 13:00,0.619,9.612
2021-06-29 14:00,0.575,9.270
2021-06-29 15:00,0.552,9.090
2021-06-29 16:00,0.548,9.061
2021-06-29 17:00,0.542,9.010
2021-06-29 18:00,0.515,8.813
2021-06-29 19:00,0.502,8.717
2021-06-29 20:00,0.519,8.846
2021-06-29 21:00,0.541,9.005
2021-06-29 22:00,0.547,9.046
2021-06-29 23:00,0.552,9.093
2021-06-30 00:00,0.555,9.118
2021-06-30 01:00,0.564,9.180
2021-06-30 02:00,0.605,9.499
2021-06-30 03:00,0.659,9.935
2021-06-30 04:00,0.689,10.198
2021-06-30 05:00,0.701,10.309
2021-06-30 06:00,0.693,10.232
2021-06-30 07:00,0.661,9.954
2021-06-30 08:00,0.628,9.680
2021-06-30 09:00,0.627,9.668
2021-06-30 10:00,0.672,10.047
2021-06-30 11:00,0.716,10.450
2021-06-30 12:00,0.724,10.517
2021-06-30 13:00,0.702,10.317
2021-06-30 14:00,0.677,10.083
2021-06-30 15:00,0.660,9.938
2021-06-30 16:00,0.638,9.766
2021-06-30 17:00,0.599,9.445
2021-06-30 18:00,0.553,9.102
2021-06-30 19:00,0.515,8.813
2021-06-30 20:00,0.483,8.569
2021-06-30 21:00,0.455,8.376
2021-06-30 22:00,0.423,8.140
2021-06-30 23:00,0.444,8.281
2021-07-01 00:00,0.453,8.357
2021-07-01 01:00,0.459,8.399
2021-07-01 02:00,0.474,8.507
2021-07-01 03:00,0.507,8.753
2021-07-01 04:00,0.541,9.006
2021-07-01 05:00,0.585,9.340
2021-07-01 06:00,0.647,9.829
2021-07-01 07:00,0.709,10.369
2021-07-01 08:00,0.745,10.731
2021-07-01 09:00,0.735,10.632
2021-07-01 10:00,0.708,10.365
2021-07-01 11:00,0.697,10.268
2021-07-01 12:00,0.693,10.231
2021-07-01 13:00,0.695,10.251
2021-07-01 14:00,0.703,10.321
2021-07-01 15:00,0.707,10.352
2021-07-01 16:00,0.709,10.380
2021-07-01 17:00,0.693,10.232
2021-07-01 18:00,0.654,9.895
2021-07-01 19:00,0.585,9.344
2021-07-01 20:00,0.518,8.834
2021-07-01 21:00,0.470,8.483
2021-07-01 22:00,0.424,8.144
2021-07-01 23:00,0.441,8.259
2021-07-02 00:00,0.473,8.503
2021-07-02 01:00,0.518,8.842
2021-07-02 02:00,0.558,9.140
2021-07-02 03:00,0.568,9.214
2021-07-02 04:00,0.573,9.241
2021-07-02 05:00,0.601,9.469
2021-07-02 06:00,0.639,9.775
2021-07-02 07:00,0.677,10.081
2021-07-02 08:00,0.701,10.304
2021-07-02 09:00,0.684,10.146
2021-07-02 10:00,0.627,9.666
2021-07-02 11:00,0.584,9.334
2021-07-02 12:00,0.568,9.211
2021-07-02 13:00,0.548,9.050
2021-07-02 14:00,0.528,8.906
2021-07-02 15:00,0.508,8.756
2021-07-02 16:00,0.511,8.787
2021-07-02 17:00,0.490,8.633
2021-07-02 18:00,0.458,8.395
2021-07-02 19:00,0.453,8.349
2021-07-02 20:00,0.422,8.130
2021-07-02 21:00,0.360,7.651
2021-07-02 22:00,0.316,7.318
2021-07-02 23:00,0.321,7.350
2021-07-03 00:00,0.332,7.437
2021-07-03 01:00,0.341,7.509
2021-07-03 02:00,0.362,7.666
2021-07-03 03:00,0.392,7.906
2021-07-03 04:00,0.426,8.153
2021-07-03 05:00,0.465,8.438
2021-07-03 06:00,0.507,8.753
2021-07-03 07:00,0.554,9.107
2021-07-03 08:00,0.580,9.303
2021-07-03 09:00,0.570,9.226
2021-07-03 10:00,0.509,8.764
2021-07-03 11:00,0.432,8.201
2021-07-03 12:00,0.377,7.795
2021-07-03 13:00,0.338,7.487
2021-07-03 14:00,0.299,7.174
2021-07-03 15:00,0.272,6.948
2021-07-03 16:00,0.260,6.842
2021-07-03 17:00,0.251,6.751
2021-07-03 18:00,0.232,6.590
2021-07-03 19:00,0.210,6.377
2021-07-03 20:00,0.190,6.167
2021-07-03 21:00,0.159,5.837
2021-07-03 22:00,0.131,5.507
2021-07-03 23:00,0.150,5.733
2021-07-04 00:00,0.172,5.984
2021-07-04 01:00,0.192,6.201
2021-07-04 02:00,0.208,6.358
2021-07-04 03:00,0.238,6.645
2021-07-04 04:00,0.268,6.913
2021-07-04 05:00,0.297,7.150
2021-07-04 06:00,0.323,7.366
2021-07-04 07:00,0.344,7.539
2021-07-04 08:00,0.349,7.575
2021-07-04 09:00,0.291,7.100
2021-07-04 10:00,0.203,6.310
2021-07-04 11:00,0.149,5.723
2021-07-04 12:00,0.199,6.274
2021-07-04 13:00,0.224,6.517
2021-07-04 14:00,0.134,5.537
2021-07-04 15:00,0.059,4.381
2021-07-04 16:00,0.025,3.549
2021-07-04 17:00,0.008,2.733
2021-07-04 18:00,0,1.626
2021-07-04 19:00,0,0.868
2021-07-04 20:00,0,0.833
2021-07-04 21:00,0,1.269
2021-07-04 22:00,0.001,1.823
2021-07-04 23:00,0.003,2.243
2021-07-05 00:00,0.005,2.469
2021-07-05 01:00,0.003,2.292
2021-07-05 02:00,0.001,2.002
2021-07-05 03:00,0,1.567
2021-07-05 04:00,0,0.732
2021-07-05 05:00,0,0.384
2021-07-05 06:00,0.001,1.984
2021-07-05 07:00,0.012,3.023
2021-07-05 08:00,0.029,3.646
2021-07-05 09:00,0.041,3.984
2021-07-05 10:00,0.035,3.829
2021-07-05 11:00,0.017,3.225
2021-07-05 12:00,0.010,2.897
2021-07-05 13:00,0.021,3.401
2021-07-05 14:00,0.062,4.446
2021-07-05 15:00,0.120,5.364
2021-07-05 16:00,0.148,5.709
2021-07-05 17:00,0.155,5.783
2021-07-05 18:00,0.196,6.233
2021-07-05 19:00,0.252,6.772
2021-07-05 20:00,0.294,7.132
2021-07-05 21:00,0.320,7.343
2021-07-05 22:00,0.302,7.191
2021-07-05 23:00,0.291,7.098
2021-07-06 00:00,0.242,6.670
2021-07-06 01:00,0.199,6.267
2021-07-06 02:00,0.149,5.724
2021-07-06 03:00,0.063,4.473
2021-07-06 04:00,0.005,2.478
2021-07-06 05:00,0,0.644
2021-07-06 06:00,0,1.454
2021-07-06 07:00,0.013,3.049
2021-07-06 08:00,0.055,4.310
2021-07-06 09:00,0.118,5.341
2021-07-06 10:00,0.163,5.885
2021-07-06 11:00,0.162,5.877
2021-07-06 12:00,0.141,5.633
2021-07-06 13:00,0.173,5.995
2021-07-06 14:00,0.227,6.547
2021-07-06 15:00,0.280,7.009
2021-07-06 16:00,0.327,7.396
2021-07-06 17:00,0.336,7.473
2021-07-06 18:00,0.333,7.442
2021-07-06 19:00,0.319,7.334
2021-07-06 20:00,0.291,7.102
2021-07-06 21:00,0.242,6.681
2021-07-06 22:00,0.215,6.421
2021-07-06 23:00,0.229,6.563
2021-07-07 00:00,0.260,6.838
2021-07-07 01:00,0.272,6.938
2021-07-07 02:00,0.253,6.780
2021-07-07 03:00,0.250,6.743
2021-07-07 04:00,0.262,6.856
2021-07-07 05:00,0.274,6.957
2021-07-07 06:00,0.283,7.046
2021-07-07 07:00,0.301,7.188
2021-07-07 08:00,0.335,7.467
2021-07-07 09:00,0.353,7.599
2021-07-07 10:00,0.344,7.535
2021-07-07 11:00,0.335,7.470
2021-07-07 12:00,0.323,7.367
2021-07-07 13:00,0.308,7.241
2021-07-07 14:00,0.293,7.118
2021-07-07 15:00,0.273,6.953
2021-07-07 16:00,0.261,6.848
2021-07-07 17:00,0.272,6.941
2021-07-07 18:00,0.304,7.218
2021-07-07 19:00,0.333,7.454
2021-07-07 20:00,0.340,7.503
2021-07-07 21:00,0.291,7.106
2021-07-07 22:00,0.234,6.604
2021-07-07 23:00,0.236,6.622
2021-07-08 00:00,0.254,6.792
2021-07-08 01:00,0.276,6.979
2021-07-08 02:00,0.299,7.179
2021-07-08 03:00,0.348,7.568
2021-07-08 04:00,0.392,7.904
2021-07-08 05:00,0.422,8.122
2021-07-08 06:00,0.449,8.322
2021-07-08 07:00,0.474,8.507
2021-07-08 08:00,0.494,8.651
2021-07-08 09:00,0.487,8.610
2021-07-08 10:00,0.455,8.372
2021-07-08 11:00,0.417,8.093
2021-07-08 12:00,0.374,7.769
2021-07-08 13:00,0.342,7.510
2021-07-08 14:00,0.316,7.316
2021-07-08 15:00,0.317,7.321
2021-07-08 16:00,0.322,7.362
2021-07-08 17:00,0.324,7.376
2021-07-08 18:00,0.333,7.441
2021-07-08 19:00,0.342,7.518
2021-07-08 20:00,0.347,7.565
2021-07-08 21:00,0.314,7.301
2021-07-08 22:00,0.260,6.843
2021-07-08 23:00,0.255,6.801
2021-07-09 00:00,0.263,6.864
2021-07-09 01:00,0.271,6.937
2021-07-09 02:00,0.287,7.072
2021-07-09 03:00,0.319,7.335
2021-07-09 04:00,0.356,7.626
2021-07-09 05:00,0.404,7.988
2021-07-09 06:00,0.459,8.398
2021-07-09 07:00,0.512,8.792
2021-07-09 08:00,0.552,9.095
2021-07-09 09:00,0.546,9.043
2021-07-09 10:00,0.492,8.645
2021-07-09 11:00,0.429,8.179
2021-07-09 12:00,0.362,7.678
2021-07-09 13:00,0.303,7.210
2021-07-09 14:00,0.268,6.913
2021-07-09 15:00,0.273,6.953
2021-07-09 16:00,0.286,7.066
2021-07-09 17:00,0.289,7.089
2021-07-09 18:00,0.293,7.122
2021-07-09 19:00,0.285,7.062
2021-07-09 20:00,0.261,6.845
2021-07-09 21:00,0.227,6.548
2021-07-09 22:00,0.193,6.207
2021-07-09 23:00,0.185,6.122
2021-07-10 00:00,0.185,6.124
2021-07-10 01:00,0.199,6.263
2021-07-10 02:00,0.199,6.261
2021-07-10 03:00,0.184,6.113
2021-07-10 04:00,0.169,5.949
2021-07-10 05:00,0.164,5.896
2021-07-10 06:00,0.172,5.990
2021-07-10 07:00,0.179,6.063
2021-07-10 08:00,0.179,6.054
2021-07-10 09:00,0.169,5.949
2021-07-10 10:00,0.160,5.859
2021-07-10 11:00,0.159,5.837
2021-07-10 12:00,0.162,5.873
2021-07-10 13:00,0.158,5.832
2021-07-10 14:00,0.143,5.656
2021-07-10 15:00,0.135,5.542
2021-07-10 16:00,0.134,5.536
2021-07-10 17:00,0.130,5.494
2021-07-10 18:00,0.127,5.448
2021-07-10 19:00,0.125,5.425
2021-07-10 20:00,0.120,5.369
2021-07-10 21:00,0.098,5.050
2021-07-10 22:00,0.064,4.489
2021-07-10 23:00,0.103,5.120
2021-07-11 00:00,0.173,5.996
2021-07-11 01:00,0.267,6.902
2021-07-11 02:00,0.306,7.230
2021-07-11 03:00,0.267,6.909
2021-07-11 04:00,0.291,7.109
2021-07-11 05:00,0.386,7.849
2021-07-11 06:00,0.469,8.477
2021-07-11 07:00,0.509,8.771
2021-07-11 08:00,0.519,8.849
2021-07-11 09:00,0.457,8.390
2021-07-11 10:00,0.366,7.706
2021-07-11 11:00,0.313,7.284
2021-07-11 12:00,0.278,7.000
2021-07-11 13:00,0.237,6.636
2021-07-11 14:00,0.191,6.183
2021-07-11 15:00,0.179,6.054
2021-07-11 16:00,0.183,6.099
2021-07-11 17:00,0.181,6.086
2021-07-11 18:00,0.171,5.971
2021-07-11 19:00,0.163,5.882
2021-07-11 20:00,0.167,5.933
2021-07-11 21:00,0.165,5.911
2021-07-11 22:00,0.148,5.720
2021-07-11 23:00,0.224,6.517
2021-07-12 00:00,0.324,7.368
2021-07-12 01:00,0.389,7.887
2021-07-12 02:00,0.401,7.972
2021-07-12 03:00,0.402,7.980
2021-07-12 04:00,0.404,7.987
2021-07-12 05:00,0.399,7.962
2021-07-12 06:00,0.414,8.070
2021-07-12 07:00,0.436,8.234
2021-07-12 08:00,0.450,8.335
2021-07-12 09:00,0.438,8.245
2021-07-12 10:00,0.395,7.924
2021-07-12 11:00,0.356,7.630
2021-07-12 12:00,0.321,7.354
2021-07-12 13:00,0.288,7.077
2021-07-12 14:00,0.253,6.784
2021-07-12 15:00,0.244,6.701
2021-07-12 16:00,0.242,6.682
2021-07-12 17:00,0.226,6.531
2021-07-12 18:00,0.209,6.365
2021-07-12 19:00,0.194,6.211
2021-07-12 20:00,0.171,5.970
2021-07-12 21:00,0.138,5.591
2021-07-12 22:00,0.099,5.065
2021-07-12 23:00,0.101,5.096
2021-07-13 00:00,0.101,5.091
2021-07-13 01:00,0.105,5.152
2021-07-13 02:00,0.119,5.353
2021-07-13 03:00,0.164,5.901
2021-07-13 04:00,0.232,6.579
2021-07-13 05:00,0.302,7.189
2021-07-13 06:00,0.364,7.695
2021-07-13 07:00,0.411,8.043
2021-07-13 08:00,0.426,8.149
2021-07-13 09:00,0.386,7.855
2021-07-13 10:00,0.328,7.398
2021-07-13 11:00,0.280,7.008
2021-07-13 12:00,0.232,6.590
2021-07-13 13:00,0.197,6.249
2021-07-13 14:00,0.176,6.024
2021-07-13 15:00,0.162,5.874
2021-07-13 16:00,0.153,5.772
2021-07-13 17:00,0.152,5.759
2021-07-13 18:00,0.149,5.730
2021-07-13 19:00,0.128,5.472
2021-07-13 20:00,0.100,5.088
2021-07-13 21:00,0.061,4.409
2021-07-13 22:00,0.026,3.576
2021-07-13 23:00,0.011,2.946
2021-07-14 00:00,0.004,2.403
2021-07-14 01:00,0.001,1.823
2021-07-14 02:00,0,1.338
2021-07-14 03:00,0,1.188
2021-07-14 04:00,0.001,1.963
2021-07-14 05:00,0.006,2.555
2021-07-14 06:00,0.010,2.899
2021-07-14 07:00,0.011,2.942
2021-07-14 08:00,0.008,2.779
2021-07-14 09:00,0.006,2.618
2021-07-14 10:00,0.004,2.444
2021-07-14 11:00,0.002,2.133
2021-07-14 12:00,0.001,1.765
2021-07-14 13:00,0,1.501
2021-07-14 14:00,0,1.540
2021-07-14 15:00,0.001,1.901
2021-07-14 16:00,0.004,2.352
2021-07-14 17:00,0.009,2.823
2021-07-14 18:00,0.017,3.234
2021-07-14 19:00,0.025,3.547
2021-07-14 20:00,0.035,3.832
2021-07-14 21:00,0.054,4.280
2021-07-14 22:00,0.066,4.523
2021-07-14 23:00,0.089,4.916
2021-07-15 00:00,0.126,5.440
2021-07-15 01:00,0.162,5.875
2021-07-15 02:00,0.189,6.166
2021-07-15 03:00,0.215,6.429
2021-07-15 04:00,0.249,6.739
2021-07-15 05:00,0.302,7.204
2021-07-15 06:00,0.377,7.796
2021-07-15 07:00,0.454,8.368
2021-07-15 08:00,0.504,8.733
2021-07-15 09:00,0.502,8.709
2021-07-15 10:00,0.456,8.384
2021-07-15 11:00,0.415,8.075
2021-07-15 12:00,0.377,7.784
2021-07-15 13:00,0.339,7.490
2021-07-15 14:00,0.305,7.227
2021-07-15 15:00,0.302,7.194
2021-07-15 16:00,0.318,7.328
2021-07-15 17:00,0.328,7.412
2021-07-15 18:00,0.319,7.331
2021-07-15 19:00,0.293,7.128
2021-07-15 20:00,0.266,6.895
2021-07-15 21:00,0.244,6.702
2021-07-15 22:00,0.211,6.394
2021-07-15 23:00,0.212,6.400
2021-07-16 00:00,0.195,6.223
2021-07-16 01:00,0.161,5.870
2021-07-16 02:00,0.131,5.501
2021-07-16 03:00,0.095,5.014
2021-07-16 04:00,0.064,4.483
2021-07-16 05:00,0.049,4.170
2021-07-16 06:00,0.049,4.176
2021-07-16 07:00,0.057,4.344
2021-07-16 08:00,0.065,4.509
2021-07-16 09:00,0.075,4.685
2021-07-16 10:00,0.079,4.745
2021-07-16 11:00,0.085,4.856
2021-07-16 12:00,0.119,5.348
2021-07-16 13:00,0.155,5.791
2021-07-16 14:00,0.176,6.024
2021-07-16 15:00,0.194,6.219
2021-07-16 16:00,0.200,6.278
2021-07-16 17:00,0.215,6.430
2021-07-16 18:00,0.251,6.755
2021-07-16 19:00,0.288,7.079
2021-07-16 20:00,0.316,7.314
2021-07-16 21:00,0.321,7.356
2021-07-16 22:00,0.303,7.212
2021-07-16 23:00,0.304,7.216
2021-07-17 00:00,0.293,7.130
2021-07-17 01:00,0.289,7.085
2021-07-17 02:00,0.284,7.054
2021-07-17 03:00,0.287,7.074
2021-07-17 04:00,0.287,7.072
2021-07-17 05:00,0.300,7.182
2021-07-17 06:00,0.324,7.369
2021-07-17 07:00,0.349,7.573
2021-07-17 08:00,0.369,7.732
2021-07-17 09:00,0.357,7.635
2021-07-17 10:00,0.285,7.057
2021-07-17 11:00,0.200,6.285
2021-07-17 12:00,0.159,5.846
2021-07-17 13:00,0.156,5.797
2021-07-17 14:00,0.162,5.874
2021-07-17 15:00,0.171,5.971
2021-07-17 16:00,0.196,6.235
2021-07-17 17:00,0.217,6.442
2021-07-17 18:00,0.243,6.688
2021-07-17 19:00,0.292,7.113
2021-07-17 20:00,0.345,7.545
2021-07-17 21:00,0.332,7.436
2021-07-17 22:00,0.240,6.662
2021-07-17 23:00,0.225,6.522
2021-07-18 00:00,0.229,6.562
2021-07-18 01:00,0.219,6.470
2021-07-18 02:00,0.208,6.362
2021-07-18 03:00,0.217,6.444
2021-07-18 04:00,0.254,6.789
2021-07-18 05:00,0.319,7.332
2021-07-18 06:00,0.395,7.922
2021-07-18 07:00,0.444,8.281
2021-07-18 08:00,0.463,8.424
2021-07-18 09:00,0.417,8.091
2021-07-18 10:00,0.335,7.471
2021-07-18 11:00,0.272,6.943
2021-07-18 12:00,0.237,6.635
2021-07-18 13:00,0.213,6.410
2021-07-18 14:00,0.202,6.296
2021-07-18 15:00,0.213,6.406
2021-07-18 16:00,0.230,6.569
2021-07-18 17:00,0.240,6.663
2021-07-18 18:00,0.252,6.761
2021-07-18 19:00,0.267,6.908
2021-07-18 20:00,0.293,7.130
2021-07-18 21:00,0.326,7.388
2021-07-18 22:00,0.353,7.607
2021-07-18 23:00,0.407,8.020
2021-07-19 00:00,0.444,8.286
2021-07-19 01:00,0.450,8.338
2021-07-19 02:00,0.446,8.308
2021-07-19 03:00,0.446,8.305
2021-07-19 04:00,0.442,8.273
2021-07-19 05:00,0.423,8.137
2021-07-19 06:00,0.423,8.135
2021-07-19 07:00,0.444,8.290
2021-07-19 08:00,0.487,8.608
2021-07-19 09:00,0.518,8.835
2021-07-19 10:00,0.502,8.722
2021-07-19 11:00,0.467,8.463
2021-07-19 12:00,0.459,8.396
2021-07-19 13:00,0.467,8.464
2021-07-19 14:00,0.463,8.427
2021-07-19 15:00,0.488,8.620
2021-07-19 16:00,0.522,8.866
2021-07-19 17:00,0.522,8.864
2021-07-19 18:00,0.509,8.766
2021-07-19 19:00,0.566,9.190
2021-07-19 20:00,0.649,9.856
2021-07-19 21:00,0.647,9.830
2021-07-19 22:00,0.578,9.291
2021-07-19 23:00,0.542,9.018
2021-07-20 00:00,0.494,8.659
2021-07-20 01:00,0.472,8.488
2021-07-20 02:00,0.465,8.441
2021-07-20 03:00,0.497,8.673
2021-07-20 04:00,0.549,9.069
2021-07-20 05:00,0.594,9.412
2021-07-20 06:00,0.628,9.683
2021-07-20 07:00,0.656,9.904
2021-07-20 08:00,0.670,10.037
2021-07-20 09:00,0.649,9.852
2021-07-20 10:00,0.594,9.403
2021-07-20 11:00,0.529,8.914
2021-07-20 12:00,0.452,8.346
2021-07-20 13:00,0.404,7.987
2021-07-20 14:00,0.389,7.879
2021-07-20 15:00,0.417,8.090
2021-07-20 16:00,0.493,8.648
2021-07-20 17:00,0.575,9.265
2021-07-20 18:00,0.679,10.100
2021-07-20 19:00,0.712,10.408
2021-07-20 20:00,0.728,10.563
2021-07-20 21:00,0.749,10.766
2021-07-20 22:00,0.801,11.342
2021-07-20 23:00,0.869,12.307
2021-07-21 00:00,0.892,12.716
2021-07-21 01:00,0.907,13.026
2021-07-21 02:00,0.908,13.046
2021-07-21 03:00,0.902,12.919
2021-07-21 04:00,0.897,12.818
2021-07-21 05:00,0.898,12.831
2021-07-21 06:00,0.896,12.796
2021-07-21 07:00,0.896,12.797
2021-07-21 08:00,0.897,12.826
2021-07-21 09:00,0.889,12.655
2021-07-21 10:00,0.847,11.963
2021-07-21 11:00,0.752,10.796
2021-07-21 12:00,0.599,9.444
2021-07-21 13:00,0.455,8.375
2021-07-21 14:00,0.356,7.626
2021-07-21 15:00,0.374,7.769
2021-07-21 16:00,0.520,8.854
2021-07-21 17:00,0.696,10.259
2021-07-21 18:00,0.795,11.259
2021-07-21 19:00,0.809,11.444
2021-07-21 20:00,0.826,11.662
2021-07-21 21:00,0.815,11.516
2021-07-21 22:00,0.806,11.400
2021-07-21 23:00,0.870,12.327
2021-07-22 00:00,0.894,12.764
2021-07-22 01:00,0.901,12.894
2021-07-22 02:00,0.901,12.903
2021-07-22 03:00,0.902,12.919
2021-07-22 04:00,0.894,12.760
2021-07-22 05:00,0.880,12.499
2021-07-22 06:00,0.880,12.499
2021-07-22 07:00,0.883,12.562
2021-07-22 08:00,0.890,12.683
2021-07-22 09:00,0.896,12.799
2021-07-22 10:00,0.882,12.538
2021-07-22 11:00,0.864,12.217
2021-07-22 12:00,0.855,12.077
2021-07-22 13:00,0.833,11.755
2021-07-22 14:00,0.796,11.275
2021-07-22 15:00,0.789,11.204
2021-07-22 16:00,0.780,11.096
2021-07-22 17:00,0.782,11.115
2021-07-22 18:00,0.780,11.097
2021-07-22 19:00,0.781,11.099
2021-07-22 20:00,0.765,10.933
2021-07-22 21:00,0.738,10.650
2021-07-22 22:00,0.728,10.564
2021-07-22 23:00,0.783,11.123
2021-07-23 00:00,0.800,11.326
2021-07-23 01:00,0.813,11.484
2021-07-23 02:00,0.835,11.788
2021-07-23 03:00,0.864,12.227
2021-07-23 04:00,0.878,12.470
2021-07-23 05:00,0.908,13.060
2021-07-23 06:00,0.929,13.578
2021-07-23 07:00,0.922,13.379
2021-07-23 08:00,0.906,13.023
2021-07-23 09:00,0.869,12.310
2021-07-23 10:00,0.787,11.177
2021-07-23 11:00,0.712,10.397
2021-07-23 12:00,0.661,9.954
2021-07-23 13:00,0.618,9.600
2021-07-23 14:00,0.595,9.417
2021-07-23 15:00,0.638,9.764
2021-07-23 16:00,0.660,9.939
2021-07-23 17:00,0.588,9.364
2021-07-23 18:00,0.492,8.644
2021-07-23 19:00,0.424,8.143
2021-07-23 20:00,0.392,7.903
2021-07-23 21:00,0.366,7.709
2021-07-23 22:00,0.327,7.395
2021-07-23 23:00,0.389,7.880
2021-07-24 00:00,0.413,8.059
2021-07-24 01:00,0.390,7.891
2021-07-24 02:00,0.299,7.173
2021-07-24 03:00,0.167,5.937
2021-07-24 04:00,0.046,4.097
2021-07-24 05:00,0.005,2.479
2021-07-24 06:00,0.007,2.681
2021-07-24 07:00,0.027,3.589
2021-07-24 08:00,0.150,5.740
2021-07-24 09:00,0.251,6.758
2021-07-24 10:00,0.275,6.972
2021-07-24 11:00,0.333,7.452
2021-07-24 12:00,0.410,8.037
2021-07-24 13:00,0.520,8.852
2021-07-24 14:00,0.582,9.323
2021-07-24 15:00,0.564,9.176
2021-07-24 16:00,0.482,8.567
2021-07-24 17:00,0.389,7.887
2021-07-24 18:00,0.314,7.300
2021-07-24 19:00,0.266,6.889
2021-07-24 20:00,0.222,6.496
2021-07-24 21:00,0.212,6.397
2021-07-24 22:00,0.196,6.232
2021-07-24 23:00,0.198,6.256
2021-07-25 00:00,0.182,6.094
2021-07-25 01:00,0.168,5.942
2021-07-25 02:00,0.185,6.124
2021-07-25 03:00,0.245,6.706
2021-07-25 04:00,0.313,7.286
2021-07-25 05:00,0.381,7.821
2021-07-25 06:00,0.443,8.276
2021-07-25 07:00,0.499,8.689
2021-07-25 08:00,0.557,9.132
2021-07-25 09:00,0.606,9.502
2021-07-25 10:00,0.633,9.721
2021-07-25 11:00,0.636,9.751
2021-07-25 12:00,0.649,9.852
2021-07-25 13:00,0.581,9.313
2021-07-25 14:00,0.475,8.520
2021-07-25 15:00,0.404,7.990
2021-07-25 16:00,0.330,7.430
2021-07-25 17:00,0.255,6.799
2021-07-25 18:00,0.208,6.359
2021-07-25 19:00,0.211,6.387
2021-07-25 20:00,0.182,6.092
2021-07-25 21:00,0.142,5.641
2021-07-25 22:00,0.132,5.521
2021-07-25 23:00,0.148,5.713
2021-07-26 00:00,0.148,5.710
2021-07-26 01:00,0.151,5.755
2021-07-26 02:00,0.169,5.945
2021-07-26 03:00,0.192,6.194
2021-07-26 04:00,0.219,6.458
2021-07-26 05:00,0.273,6.953
2021-07-26 06:00,0.358,7.637
2021-07-26 07:00,0.485,8.596
2021-07-26 08:00,0.619,9.611
2021-07-26 09:00,0.654,9.895
2021-07-26 10:00,0.609,9.533
2021-07-26 11:00,0.555,9.116
2021-07-26 12:00,0.502,8.722
2021-07-26 13:00,0.412,8.051
2021-07-26 14:00,0.401,7.976
2021-07-26 15:00,0.441,8.265
2021-07-26 16:00,0.423,8.137
2021-07-26 17:00,0.360,7.650
2021-07-26 18:00,0.263,6.865
2021-07-26 19:00,0.178,6.048
2021-07-26 20:00,0.118,5.339
2021-07-26 21:00,0.088,4.903
2021-07-26 22:00,0.073,4.635
2021-07-26 23:00,0.066,4.522
2021-07-27 00:00,0.068,4.560
2021-07-27 01:00,0.074,4.655
2021-07-27 02:00,0.099,5.062
2021-07-27 03:00,0.139,5.609
2021-07-27 04:00,0.203,6.313
2021-07-27 05:00,0.302,7.191
2021-07-27 06:00,0.419,8.104
2021-07-27 07:00,0.526,8.894
2021-07-27 08:00,0.585,9.347
2021-07-27 09:00,0.564,9.175
2021-07-27 10:00,0.469,8.479
2021-07-27 11:00,0.351,7.586
2021-07-27 12:00,0.266,6.888
2021-07-27 13:00,0.251,6.758
2021-07-27 14:00,0.291,7.101
2021-07-27 15:00,0.289,7.089
2021-07-27 16:00,0.282,7.037
2021-07-27 17:00,0.291,7.102
2021-07-27 18:00,0.297,7.150
2021-07-27 19:00,0.292,7.113
2021-07-27 20:00,0.262,6.855
2021-07-27 21:00,0.215,6.423
2021-07-27 22:00,0.170,5.954
2021-07-27 23:00,0.143,5.656
2021-07-28 00:00,0.120,5.364
2021-07-28 01:00,0.105,5.157
2021-07-28 02:00,0.107,5.177
2021-07-28 03:00,0.146,5.689
2021-07-28 04:00,0.217,6.446
2021-07-28 05:00,0.297,7.149
2021-07-28 06:00,0.383,7.829
2021-07-28 07:00,0.450,8.336
2021-07-28 08:00,0.484,8.582
2021-07-28 09:00,0.438,8.245
2021-07-28 10:00,0.344,7.535
2021-07-28 11:00,0.268,6.913
2021-07-28 12:00,0.224,6.512
2021-07-28 13:00,0.203,6.310
2021-07-28 14:00,0.184,6.116
2021-07-28 15:00,0.154,5.781
2021-07-28 16:00,0.103,5.123
2021-07-28 17:00,0.103,5.123
2021-07-28 18:00,0.187,6.153
2021-07-28 19:00,0.291,7.107
2021-07-28 20:00,0.327,7.393
2021-07-28 21:00,0.331,7.432
2021-07-28 22:00,0.347,7.560
2021-07-28 23:00,0.404,7.992
2021-07-29 00:00,0.441,8.269
2021-07-29 01:00,0.460,8.407
2021-07-29 02:00,0.430,8.193
2021-07-29 03:00,0.438,8.239
2021-07-29 04:00,0.494,8.657
2021-07-29 05:00,0.561,9.158
2021-07-29 06:00,0.608,9.523
2021-07-29 07:00,0.630,9.700
2021-07-29 08:00,0.616,9.590
2021-07-29 09:00,0.551,9.088
2021-07-29 10:00,0.465,8.442
2021-07-29 11:00,0.407,8.008
2021-07-29 12:00,0.371,7.738
2021-07-29 13:00,0.355,7.618
2021-07-29 14:00,0.386,7.853
2021-07-29 15:00,0.407,8.012
2021-07-29 16:00,0.389,7.878
2021-07-29 17:00,0.410,8.032
2021-07-29 18:00,0.410,8.038
2021-07-29 19:00,0.412,8.049
2021-07-29 20:00,0.413,8.056
2021-07-29 21:00,0.399,7.958
2021-07-29 22:00,0.336,7.476
2021-07-29 23:00,0.280,7.011
2021-07-30 00:00,0.228,6.553
2021-07-30 01:00,0.184,6.119
2021-07-30 02:00,0.147,5.696
2021-07-30 03:00,0.150,5.740
2021-07-30 04:00,0.193,6.206
2021-07-30 05:00,0.262,6.856
2021-07-30 06:00,0.342,7.518
2021-07-30 07:00,0.431,8.200
2021-07-30 08:00,0.515,8.815
2021-07-30 09:00,0.570,9.230
2021-07-30 10:00,0.587,9.356
2021-07-30 11:00,0.582,9.320
2021-07-30 12:00,0.598,9.437
2021-07-30 13:00,0.640,9.784
2021-07-30 14:00,0.698,10.279
2021-07-30 15:00,0.738,10.662
2021-07-30 16:00,0.753,10.809
2021-07-30 17:00,0.749,10.763
2021-07-30 18:00,0.746,10.732
2021-07-30 19:00,0.732,10.593
2021-07-30 20:00,0.687,10.174
2021-07-30 21:00,0.579,9.298
2021-07-30 22:00,0.434,8.222
2021-07-30 23:00,0.328,7.401
2021-07-31 00:00,0.278,7.001
2021-07-31 01:00,0.251,6.759
2021-07-31 02:00,0.242,6.673
2021-07-31 03:00,0.280,7.017
2021-07-31 04:00,0.353,7.609
2021-07-31 05:00,0.417,8.083
2021-07-31 06:00,0.450,8.335
2021-07-31 07:00,0.460,8.407
2021-07-31 08:00,0.460,8.400
2021-07-31 09:00,0.472,8.497
2021-07-31 10:00,0.518,8.833
2021-07-31 11:00,0.580,9.303
2021-07-31 12:00,0.647,9.830
2021-07-31 13:00,0.709,10.377
2021-07-31 14:00,0.739,10.667
2021-07-31 15:00,0.761,10.885
2021-07-31 16:00,0.765,10.933
2021-07-31 17:00,0.770,10.984
2021-07-31 18:00,0.752,10.798
2021-07-31 19:00,0.716,10.437
2021-07-31 20:00,0.666,10.002
2021-07-31 21:00,0.631,9.703
2021-07-31 22:00,0.601,9.457
2021-07-31 23:00,0.500,8.701
2021-08-01 00:00,0.367,7.714
2021-08-01 01:00,0.233,6.596
2021-08-01 02:00,0.125,5.430
2021-08-01 03:00,0.068,4.566
2021-08-01 04:00,0.046,4.100
2021-08-01 05:00,0.041,3.967
2021-08-01 06:00,0.042,4.006
2021-08-01 07:00,0.043,4.042
2021-08-01 08:00,0.048,4.144
2021-08-01 09:00,0.049,4.165
2021-08-01 10:00,0.053,4.270
2021-08-01 11:00,0.069,4.569
2021-08-01 12:00,0.081,4.778
2021-08-01 13:00,0.074,4.660
2021-08-01 14:00,0.066,4.524
2021-08-01 15:00,0.059,4.386
2021-08-01 16:00,0.048,4.164
2021-08-01 17:00,0.031,3.733
2021-08-01 18:00,0.017,3.217
2021-08-01 19:00,0.007,2.695
2021-08-01 20:00,0.004,2.346
2021-08-01 21:00,0.002,2.134
2021-08-01 22:00,0.004,2.432
2021-08-01 23:00,0.011,2.942
2021-08-02 00:00,0.027,3.603
2021-08-02 01:00,0.064,4.485
2021-08-02 02:00,0.124,5.414
2021-08-02 03:00,0.186,6.141
2021-08-02 04:00,0.229,6.558
2021-08-02 05:00,0.255,6.798
2021-08-02 06:00,0.274,6.965
2021-08-02 07:00,0.274,6.965
2021-08-02 08:00,0.240,6.662
2021-08-02 09:00,0.177,6.039
2021-08-02 10:00,0.128,5.457
2021-08-02 11:00,0.098,5.041
2021-08-02 12:00,0.079,4.756
2021-08-02 13:00,0.074,4.653
2021-08-02 14:00,0.067,4.526
2021-08-02 15:00,0.062,4.435
2021-08-02 16:00,0.068,4.553
2021-08-02 17:00,0.083,4.803
2021-08-02 18:00,0.102,5.107
2021-08-02 19:00,0.117,5.312
2021-08-02 20:00,0.124,5.415
2021-08-02 21:00,0.121,5.375
2021-08-02 22:00,0.098,5.048
2021-08-02 23:00,0.084,4.828
2021-08-03 00:00,0.067,4.527
2021-08-03 01:00,0.044,4.070
2021-08-03 02:00,0.023,3.465
2021-08-03 03:00,0.007,2.647
2021-08-03 04:00,0.001,1.693
2021-08-03 05:00,0,1.291
2021-08-03 06:00,0.002,2.119
2021-08-03 07:00,0.044,4.049
2021-08-03 08:00,0.116,5.298
2021-08-03 09:00,0.118,5.340
2021-08-03 10:00,0.081,4.783
2021-08-03 11:00,0.049,4.171
2021-08-03 12:00,0.023,3.460
2021-08-03 13:00,0.006,2.627
2021-08-03 14:00,0.001,1.756
2021-08-03 15:00,0.001,1.762
2021-08-03 16:00,0.001,1.813
2021-08-03 17:00,0,1.651
2021-08-03 18:00,0,1.348
2021-08-03 19:00,0,1.037
2021-08-03 20:00,0,1.103
2021-08-03 21:00,0,1.216
2021-08-03 22:00,0,1.430
2021-08-03 23:00,0.001,2.004
2021-08-04 00:00,0.003,2.320
2021-08-04 01:00,0.006,2.642
2021-08-04 02:00,0.014,3.099
2021-08-04 03:00,0.035,3.828
2021-08-04 04:00,0.083,4.824
2021-08-04 05:00,0.115,5.280
2021-08-04 06:00,0.129,5.479
2021-08-04 07:00,0.121,5.381
2021-08-04 08:00,0.100,5.072
2021-08-04 09:00,0.107,5.181
2021-08-04 10:00,0.204,6.319
2021-08-04 11:00,0.388,7.866
2021-08-04 12:00,0.568,9.211
2021-08-04 13:00,0.663,9.964
2021-08-04 14:00,0.616,9.586
2021-08-04 15:00,0.487,8.610
2021-08-04 16:00,0.328,7.403
2021-08-04 17:00,0.309,7.256
2021-08-04 18:00,0.371,7.746
2021-08-04 19:00,0.401,7.971
2021-08-04 20:00,0.429,8.179
2021-08-04 21:00,0.450,8.336
2021-08-04 22:00,0.520,8.853
2021-08-04 23:00,0.656,9.902
2021-08-05 00:00,0.729,10.565
2021-08-05 01:00,0.724,10.525
2021-08-05 02:00,0.722,10.505
2021-08-05 03:00,0.776,11.060
2021-08-05 04:00,0.796,11.284
2021-08-05 05:00,0.769,10.974
2021-08-05 06:00,0.730,10.573
2021-08-05 07:00,0.697,10.270
2021-08-05 08:00,0.698,10.278
2021-08-05 09:00,0.679,10.103
2021-08-05 10:00,0.685,10.159
2021-08-05 11:00,0.669,10.027
2021-08-05 12:00,0.694,10.241
2021-08-05 13:00,0.717,10.456
2021-08-05 14:00,0.735,10.623
2021-08-05 15:00,0.722,10.493
2021-08-05 16:00,0.679,10.110
2021-08-05 17:00,0.728,10.560
2021-08-05 18:00,0.806,11.400
2021-08-05 19:00,0.868,12.295
2021-08-05 20:00,0.897,12.814
2021-08-05 21:00,0.899,12.868
2021-08-05 22:00,0.890,12.678
2021-08-05 23:00,0.886,12.601
2021-08-06 00:00,0.875,12.400
2021-08-06 01:00,0.862,12.200
2021-08-06 02:00,0.867,12.284
2021-08-06 03:00,0.899,12.864
2021-08-06 04:00,0.941,13.911
2021-08-06 05:00,0.963,14.727
2021-08-06 06:00,0.963,14.746
2021-08-06 07:00,0.936,13.775
2021-08-06 08:00,0.873,12.366
2021-08-06 09:00,0.745,10.727
2021-08-06 10:00,0.610,9.541
2021-08-06 11:00,0.557,9.133
2021-08-06 12:00,0.635,9.736
2021-08-06 13:00,0.768,10.973
2021-08-06 14:00,0.792,11.231
2021-08-06 15:00,0.663,9.973
2021-08-06 16:00,0.628,9.681
2021-08-06 17:00,0.717,10.445
2021-08-06 18:00,0.831,11.732
2021-08-06 19:00,0.923,13.407
2021-08-06 20:00,0.965,14.809
2021-08-06 21:00,0.958,14.517
2021-08-06 22:00,0.917,13.265
2021-08-06 23:00,0.829,11.703
2021-08-07 00:00,0.699,10.286
2021-08-07 01:00,0.550,9.081
2021-08-07 02:00,0.388,7.869
2021-08-07 03:00,0.204,6.319
2021-08-07 04:00,0.066,4.516
2021-08-07 05:00,0.014,3.083
2021-08-07 06:00,0.012,3.023
2021-08-07 07:00,0.074,4.662
2021-08-07 08:00,0.178,6.048
2021-08-07 09:00,0.208,6.360
2021-08-07 10:00,0.190,6.172
2021-08-07 11:00,0.178,6.049
2021-08-07 12:00,0.172,5.981
2021-08-07 13:00,0.169,5.949
2021-08-07 14:00,0.179,6.054
2021-08-07 15:00,0.178,6.047
2021-08-07 16:00,0.189,6.164
2021-08-07 17:00,0.190,6.173
2021-08-07 18:00,0.158,5.832
2021-08-07 19:00,0.172,5.978
2021-08-07 20:00,0.172,5.987
2021-08-07 21:00,0.150,5.743
2021-08-07 22:00,0.106,5.166
2021-08-07 23:00,0.083,4.814
2021-08-08 00:00,0.067,4.538
2021-08-08 01:00,0.055,4.290
2021-08-08 02:00,0.052,4.243
2021-08-08 03:00,0.068,4.567
2021-08-08 04:00,0.105,5.160
2021-08-08 05:00,0.172,5.981
2021-08-08 06:00,0.252,6.760
2021-08-08 07:00,0.314,7.299
2021-08-08 08:00,0.329,7.415
2021-08-08 09:00,0.298,7.165
2021-08-08 10:00,0.256,6.809
2021-08-08 11:00,0.214,6.414
2021-08-08 12:00,0.182,6.087
2021-08-08 13:00,0.182,6.091
2021-08-08 14:00,0.196,6.236
2021-08-08 15:00,0.177,6.030
2021-08-08 16:00,0.167,5.937
2021-08-08 17:00,0.137,5.568
2021-08-08 18:00,0.127,5.446
2021-08-08 19:00,0.138,5.580
2021-08-08 20:00,0.148,5.713
2021-08-08 21:00,0.147,5.697
2021-08-08 22:00,0.130,5.488
2021-08-08 23:00,0.134,5.533
2021-08-09 00:00,0.143,5.658
2021-08-09 01:00,0.139,5.604
2021-08-09 02:00,0.124,5.417
2021-08-09 03:00,0.129,5.485
2021-08-09 04:00,0.167,5.936
2021-08-09 05:00,0.209,6.368
2021-08-09 06:00,0.242,6.673
2021-08-09 07:00,0.264,6.873
2021-08-09 08:00,0.274,6.958
2021-08-09 09:00,0.263,6.863
2021-08-09 10:00,0.236,6.630
2021-08-09 11:00,0.220,6.472
2021-08-09 12:00,0.234,6.601
2021-08-09 13:00,0.262,6.852
2021-08-09 14:00,0.332,7.436
2021-08-09 15:00,0.379,7.805
2021-08-09 16:00,0.384,7.843
2021-08-09 17:00,0.363,7.685
2021-08-09 18:00,0.326,7.387
2021-08-09 19:00,0.278,6.998
2021-08-09 20:00,0.231,6.576
2021-08-09 21:00,0.186,6.141
2021-08-09 22:00,0.137,5.570
2021-08-09 23:00,0.118,5.338
2021-08-10 00:00,0.122,5.395
2021-08-10 01:00,0.137,5.575
2021-08-10 02:00,0.165,5.906
2021-08-10 03:00,0.221,6.479
2021-08-10 04:00,0.297,7.160
2021-08-10 05:00,0.371,7.749
2021-08-10 06:00,0.429,8.175
2021-08-10 07:00,0.493,8.648
2021-08-10 08:00,0.550,9.076
2021-08-10 09:00,0.530,8.931
2021-08-10 10:00,0.429,8.169
2021-08-10 11:00,0.325,7.383
2021-08-10 12:00,0.255,6.796
2021-08-10 13:00,0.215,6.424
2021-08-10 14:00,0.194,6.218
2021-08-10 15:00,0.216,6.436
2021-08-10 16:00,0.262,6.853
2021-08-10 17:00,0.287,7.075
2021-08-10 18:00,0.324,7.371
2021-08-10 19:00,0.377,7.782
2021-08-10 20:00,0.422,8.125
2021-08-10 21:00,0.424,8.141
2021-08-10 22:00,0.370,7.737
2021-08-10 23:00,0.349,7.573
2021-08-11 00:00,0.320,7.343
2021-08-11 01:00,0.270,6.923
2021-08-11 02:00,0.212,6.403
2021-08-11 03:00,0.183,6.102
2021-08-11 04:00,0.177,6.038
2021-08-11 05:00,0.177,6.043
2021-08-11 06:00,0.184,6.119
2021-08-11 07:00,0.199,6.263
2021-08-11 08:00,0.208,6.362
2021-08-11 09:00,0.201,6.293
2021-08-11 10:00,0.206,6.335
2021-08-11 11:00,0.223,6.509
2021-08-11 12:00,0.237,6.636
2021-08-11 13:00,0.256,6.809
2021-08-11 14:00,0.286,7.067
2021-08-11 15:00,0.319,7.332
2021-08-11 16:00,0.361,7.662
2021-08-11 17:00,0.410,8.037
2021-08-11 18:00,0.455,8.375
2021-08-11 19:00,0.480,8.548
2021-08-11 20:00,0.472,8.493
2021-08-11 21:00,0.423,8.140
2021-08-11 22:00,0.407,8.017
2021-08-11 23:00,0.429,8.185
2021-08-12 00:00,0.426,8.156
2021-08-12 01:00,0.410,8.036
2021-08-12 02:00,0.404,7.989
2021-08-12 03:00,0.415,8.074
2021-08-12 04:00,0.438,8.238
2021-08-12 05:00,0.465,8.442
2021-08-12 06:00,0.469,8.480
2021-08-12 07:00,0.453,8.359
2021-08-12 08:00,0.426,8.150
2021-08-12 09:00,0.386,7.850
2021-08-12 10:00,0.371,7.742
2021-08-12 11:00,0.374,7.766
2021-08-12 12:00,0.390,7.888
2021-08-12 13:00,0.425,8.147
2021-08-12 14:00,0.427,8.163
2021-08-12 15:00,0.423,8.138
2021-08-12 16:00,0.453,8.357
2021-08-12 17:00,0.484,8.588
2021-08-12 18:00,0.509,8.764
2021-08-12 19:00,0.524,8.879
2021-08-12 20:00,0.539,8.986
2021-08-12 21:00,0.530,8.929
2021-08-12 22:00,0.479,8.544
2021-08-12 23:00,0.420,8.112
2021-08-13 00:00,0.382,7.824
2021-08-13 01:00,0.349,7.574
2021-08-13 02:00,0.342,7.522
2021-08-13 03:00,0.381,7.823
2021-08-13 04:00,0.427,8.166
2021-08-13 05:00,0.454,8.365
2021-08-13 06:00,0.472,8.496
2021-08-13 07:00,0.456,8.381
2021-08-13 08:00,0.402,7.982
2021-08-13 09:00,0.330,7.422
2021-08-13 10:00,0.280,7.016
2021-08-13 11:00,0.229,6.565
2021-08-13 12:00,0.187,6.146
2021-08-13 13:00,0.190,6.176
2021-08-13 14:00,0.246,6.721
2021-08-13 15:00,0.315,7.306
2021-08-13 16:00,0.364,7.690
2021-08-13 17:00,0.367,7.718
2021-08-13 18:00,0.351,7.590
2021-08-13 19:00,0.318,7.324
2021-08-13 20:00,0.265,6.885
2021-08-13 21:00,0.219,6.461
2021-08-13 22:00,0.181,6.084
2021-08-13 23:00,0.176,6.023
2021-08-14 00:00,0.181,6.082
2021-08-14 01:00,0.187,6.150
2021-08-14 02:00,0.199,6.272
2021-08-14 03:00,0.226,6.534
2021-08-14 04:00,0.266,6.894
2021-08-14 05:00,0.306,7.232
2021-08-14 06:00,0.353,7.601
2021-08-14 07:00,0.417,8.089
2021-08-14 08:00,0.469,8.474
2021-08-14 09:00,0.449,8.321
2021-08-14 10:00,0.491,8.637
2021-08-14 11:00,0.561,9.149
2021-08-14 12:00,0.600,9.457
2021-08-14 13:00,0.663,9.966
2021-08-14 14:00,0.661,9.954
2021-08-14 15:00,0.625,9.655
2021-08-14 16:00,0.628,9.674
2021-08-14 17:00,0.648,9.849
2021-08-14 18:00,0.631,9.702
2021-08-14 19:00,0.561,9.152
2021-08-14 20:00,0.462,8.420
2021-08-14 21:00,0.414,8.068
2021-08-14 22:00,0.407,8.021
2021-08-14 23:00,0.439,8.253
2021-08-15 00:00,0.447,8.311
2021-08-15 01:00,0.450,8.337
2021-08-15 02:00,0.465,8.441
2021-08-15 03:00,0.497,8.677
2021-08-15 04:00,0.523,8.878
2021-08-15 05:00,0.540,9.001
2021-08-15 06:00,0.548,9.056
2021-08-15 07:00,0.548,9.059
2021-08-15 08:00,0.545,9.038
2021-08-15 09:00,0.535,8.964
2021-08-15 10:00,0.497,8.681
2021-08-15 11:00,0.460,8.407
2021-08-15 12:00,0.436,8.230
2021-08-15 13:00,0.422,8.128
2021-08-15 14:00,0.395,7.922
2021-08-15 15:00,0.373,7.757
2021-08-15 16:00,0.345,7.549
2021-08-15 17:00,0.313,7.286
2021-08-15 18:00,0.279,7.006
2021-08-15 19:00,0.244,6.700
2021-08-15 20:00,0.208,6.357
2021-08-15 21:00,0.166,5.918
2021-08-15 22:00,0.119,5.350
2021-08-15 23:00,0.096,5.024
2021-08-16 00:00,0.076,4.704
2021-08-16 01:00,0.059,4.374
2021-08-16 02:00,0.045,4.090
2021-08-16 03:00,0.052,4.242
2021-08-16 04:00,0.079,4.756
2021-08-16 05:00,0.111,5.246
2021-08-16 06:00,0.143,5.654
2021-08-16 07:00,0.177,6.031
2021-08-16 08:00,0.212,6.402
2021-08-16 09:00,0.237,6.634
2021-08-16 10:00,0.242,6.673
2021-08-16 11:00,0.239,6.657
2021-08-16 12:00,0.232,6.588
2021-08-16 13:00,0.227,6.547
2021-08-16 14:00,0.239,6.659
2021-08-16 15:00,0.273,6.953
2021-08-16 16:00,0.310,7.264
2021-08-16 17:00,0.354,7.612
2021-08-16 18:00,0.362,7.665
2021-08-16 19:00,0.361,7.659
2021-08-16 20:00,0.353,7.605
2021-08-16 21:00,0.324,7.375
2021-08-16 22:00,0.260,6.844
2021-08-16 23:00,0.231,6.575
2021-08-17 00:00,0.194,6.216
2021-08-17 01:00,0.139,5.602
2021-08-17 02:00,0.082,4.789
2021-08-17 03:00,0.044,4.069
2021-08-17 04:00,0.026,3.554
2021-08-17 05:00,0.019,3.332
2021-08-17 06:00,0.023,3.455
2021-08-17 07:00,0.038,3.891
2021-08-17 08:00,0.057,4.345
2021-08-17 09:00,0.058,4.363
2021-08-17 10:00,0.059,4.374
2021-08-17 11:00,0.074,4.671
2021-08-17 12:00,0.093,4.973
2021-08-17 13:00,0.100,5.076
2021-08-17 14:00,0.088,4.891
2021-08-17 15:00,0.059,4.381
2021-08-17 16:00,0.028,3.621
2021-08-17 17:00,0.018,3.280
2021-08-17 18:00,0.022,3.423
2021-08-17 19:00,0.024,3.481
2021-08-17 20:00,0.018,3.265
2021-08-17 21:00,0.011,2.928
2021-08-17 22:00,0.006,2.563
2021-08-17 23:00,0.004,2.347
2021-08-18 00:00,0.002,2.148
2021-08-18 01:00,0,1.667
2021-08-18 02:00,0,0.895
2021-08-18 03:00,0,0.056
2021-08-18 04:00,0,0.592
2021-08-18 05:00,0,1.436
2021-08-18 06:00,0.005,2.510
2021-08-18 07:00,0.015,3.168
2021-08-18 08:00,0.026,3.563
2021-08-18 09:00,0.030,3.695
2021-08-18 10:00,0.027,3.598
2021-08-18 11:00,0.015,3.148
2021-08-18 12:00,0.005,2.472
2021-08-18 13:00,0.001,1.870
2021-08-18 14:00,0,1.323
2021-08-18 15:00,0,0.919
2021-08-18 16:00,0,1.398
2021-08-18 17:00,0.002,2.057
2021-08-18 18:00,0.003,2.261
2021-08-18 19:00,0.003,2.286
2021-08-18 20:00,0.002,2.203
2021-08-18 21:00,0.001,1.990
2021-08-18 22:00,0,1.619
2021-08-18 23:00,0,0.718
2021-08-19 00:00,0,0.527
2021-08-19 01:00,0,0.896
2021-08-19 02:00,0,1.439
2021-08-19 03:00,0.003,2.317
2021-08-19 04:00,0.019,3.327
2021-08-19 05:00,0.044,4.055
2021-08-19 06:00,0.068,4.553
2021-08-19 07:00,0.093,4.979
2021-08-19 08:00,0.116,5.295
2021-08-19 09:00,0.117,5.307
2021-08-19 10:00,0.110,5.222
2021-08-19 11:00,0.103,5.124
2021-08-19 12:00,0.106,5.174
2021-08-19 13:00,0.137,5.573
2021-08-19 14:00,0.153,5.770
2021-08-19 15:00,0.140,5.612
2021-08-19 16:00,0.133,5.528
2021-08-19 17:00,0.132,5.522
2021-08-19 18:00,0.128,5.456
2021-08-19 19:00,0.116,5.303
2021-08-19 20:00,0.102,5.111
2021-08-19 21:00,0.093,4.970
2021-08-19 22:00,0.086,4.865
2021-08-19 23:00,0.096,5.018
2021-08-20 00:00,0.102,5.112
2021-08-20 01:00,0.110,5.226
2021-08-20 02:00,0.103,5.127
2021-08-20 03:00,0.094,4.999
2021-08-20 04:00,0.094,4.988
2021-08-20 05:00,0.107,5.188
2021-08-20 06:00,0.132,5.519
2021-08-20 07:00,0.159,5.838
2021-08-20 08:00,0.171,5.965
2021-08-20 09:00,0.176,6.027
2021-08-20 10:00,0.181,6.085
2021-08-20 11:00,0.183,6.102
2021-08-20 12:00,0.200,6.278
2021-08-20 13:00,0.202,6.302
2021-08-20 14:00,0.190,6.174
2021-08-20 15:00,0.193,6.203
2021-08-20 16:00,0.201,6.293
2021-08-20 17:00,0.223,6.506
2021-08-20 18:00,0.253,6.778
2021-08-20 19:00,0.274,6.969
2021-08-20 20:00,0.267,6.904
2021-08-20 21:00,0.236,6.624
2021-08-20 22:00,0.179,6.058
2021-08-20 23:00,0.141,5.633
2021-08-21 00:00,0.110,5.231
2021-08-21 01:00,0.083,4.822
2021-08-21 02:00,0.071,4.607
2021-08-21 03:00,0.070,4.597
2021-08-21 04:00,0.086,4.867
2021-08-21 05:00,0.112,5.247
2021-08-21 06:00,0.144,5.670
2021-08-21 07:00,0.179,6.063
2021-08-21 08:00,0.204,6.318
2021-08-21 09:00,0.206,6.329
2021-08-21 10:00,0.195,6.223
2021-08-21 11:00,0.182,6.093
2021-08-21 12:00,0.158,5.835
2021-08-21 13:00,0.128,5.457
2021-08-21 14:00,0.097,5.035
2021-08-21 15:00,0.074,4.648
2021-08-21 16:00,0.059,4.369
2021-08-21 17:00,0.055,4.291
2021-08-21 18:00,0.070,4.587
2021-08-21 19:00,0.099,5.058
2021-08-21 20:00,0.097,5.034
2021-08-21 21:00,0.068,4.545
2021-08-21 22:00,0.050,4.193
2021-08-21 23:00,0.054,4.283
2021-08-22 00:00,0.056,4.322
2021-08-22 01:00,0.055,4.288
2021-08-22 02:00,0.062,4.452
2021-08-22 03:00,0.082,4.789
2021-08-22 04:00,0.093,4.972
2021-08-22 05:00,0.110,5.230
2021-08-22 06:00,0.146,5.693
2021-08-22 07:00,0.183,6.101
2021-08-22 08:00,0.239,6.658
2021-08-22 09:00,0.274,6.958
2021-08-22 10:00,0.286,7.070
2021-08-22 11:00,0.273,6.952
2021-08-22 12:00,0.236,6.624
2021-08-22 13:00,0.185,6.132
2021-08-22 14:00,0.168,5.943
2021-08-22 15:00,0.207,6.348
2021-08-22 16:00,0.261,6.845
2021-08-22 17:00,0.314,7.297
2021-08-22 18:00,0.400,7.968
2021-08-22 19:00,0.497,8.677
2021-08-22 20:00,0.532,8.944
2021-08-22 21:00,0.480,8.550
2021-08-22 22:00,0.375,7.774
2021-08-22 23:00,0.321,7.351
2021-08-23 00:00,0.292,7.114
2021-08-23 01:00,0.293,7.126
2021-08-23 02:00,0.324,7.377
2021-08-23 03:00,0.402,7.978
2021-08-23 04:00,0.484,8.589
2021-08-23 05:00,0.556,9.125
2021-08-23 06:00,0.613,9.563
2021-08-23 07:00,0.659,9.933
2021-08-23 08:00,0.698,10.284
2021-08-23 09:00,0.696,10.261
2021-08-23 10:00,0.669,10.028
2021-08-23 11:00,0.647,9.827
2021-08-23 12:00,0.626,9.663
2021-08-23 13:00,0.608,9.516
2021-08-23 14:00,0.605,9.501
2021-08-23 15:00,0.610,9.543
2021-08-23 16:00,0.636,9.737
2021-08-23 17:00,0.647,9.842
2021-08-23 18:00,0.643,9.809
2021-08-23 19:00,0.618,9.602
2021-08-23 20:00,0.528,8.905
2021-08-23 21:00,0.422,8.130
2021-08-23 22:00,0.317,7.323
2021-08-23 23:00,0.266,6.887
2021-08-24 00:00,0.244,6.690
2021-08-24 01:00,0.252,6.769
2021-08-24 02:00,0.289,7.084
2021-08-24 03:00,0.362,7.669
2021-08-24 04:00,0.444,8.286
2021-08-24 05:00,0.510,8.775
2021-08-24 06:00,0.566,9.197
2021-08-24 07:00,0.603,9.482
2021-08-24 08:00,0.604,9.487
2021-08-24 09:00,0.564,9.182
2021-08-24 10:00,0.519,8.849
2021-08-24 11:00,0.494,8.654
2021-08-24 12:00,0.478,8.538
2021-08-24 13:00,0.486,8.603
2021-08-24 14:00,0.494,8.655
2021-08-24 15:00,0.487,8.610
2021-08-24 16:00,0.469,8.475
2021-08-24 17:00,0.441,8.260
2021-08-24 18:00,0.426,8.156
2021-08-24 19:00,0.393,7.909
2021-08-24 20:00,0.361,7.660
2021-08-24 21:00,0.318,7.324
2021-08-24 22:00,0.262,6.860
2021-08-24 23:00,0.242,6.678
2021-08-25 00:00,0.238,6.645
2021-08-25 01:00,0.244,6.698
2021-08-25 02:00,0.252,6.777
2021-08-25 03:00,0.260,6.841
2021-08-25 04:00,0.283,7.040
2021-08-25 05:00,0.305,7.225
2021-08-25 06:00,0.314,7.303
2021-08-25 07:00,0.305,7.224
2021-08-25 08:00,0.286,7.065
2021-08-25 09:00,0.240,6.660
2021-08-25 10:00,0.203,6.313
2021-08-25 11:00,0.183,6.098
2021-08-25 12:00,0.158,5.836
2021-08-25 13:00,0.138,5.588
2021-08-25 14:00,0.128,5.474
2021-08-25 15:00,0.137,5.567
2021-08-25 16:00,0.158,5.833
2021-08-25 17:00,0.185,6.132
2021-08-25 18:00,0.164,5.897
2021-08-25 19:00,0.121,5.378
2021-08-25 20:00,0.083,4.804
2021-08-25 21:00,0.044,4.062
2021-08-25 22:00,0.016,3.196
2021-08-25 23:00,0.006,2.615
2021-08-26 00:00,0.003,2.264
2021-08-26 01:00,0.001,1.980
2021-08-26 02:00,0.001,1.859
2021-08-26 03:00,0.002,2.033
2021-08-26 04:00,0.003,2.270
2021-08-26 05:00,0.003,2.310
2021-08-26 06:00,0.003,2.293
2021-08-26 07:00,0.002,2.202
2021-08-26 08:00,0.002,2.108
2021-08-26 09:00,0.003,2.210
2021-08-26 10:00,0.005,2.471
2021-08-26 11:00,0.004,2.444
2021-08-26 12:00,0.003,2.230
2021-08-26 13:00,0.001,1.924
2021-08-26 14:00,0,1.616
2021-08-26 15:00,0,1.680
2021-08-26 16:00,0.001,1.952
2021-08-26 17:00,0.003,2.247
2021-08-26 18:00,0.008,2.755
2021-08-26 19:00,0.020,3.351
2021-08-26 20:00,0.034,3.814
2021-08-26 21:00,0.050,4.200
2021-08-26 22:00,0.056,4.317
2021-08-26 23:00,0.052,4.233
2021-08-27 00:00,0.041,3.974
2021-08-27 01:00,0.026,3.577
2021-08-27 02:00,0.020,3.347
2021-08-27 03:00,0.012,3.022
2021-08-27 04:00,0.005,2.501
2021-08-27 05:00,0.002,2.054
2021-08-27 06:00,0.001,1.792
2021-08-27 07:00,0.001,1.809
2021-08-27 08:00,0.002,2.092
2021-08-27 09:00,0.004,2.418
2021-08-27 10:00,0.007,2.680
2021-08-27 11:00,0.007,2.680
2021-08-27 12:00,0.005,2.478
2021-08-27 13:00,0.002,2.104
2021-08-27 14:00,0,1.674
2021-08-27 15:00,0,1.632
2021-08-27 16:00,0.001,1.755
2021-08-27 17:00,0.002,2.030
2021-08-27 18:00,0.010,2.870
2021-08-27 19:00,0.043,4.040
2021-08-27 20:00,0.094,4.996
2021-08-27 21:00,0.119,5.345
2021-08-27 22:00,0.106,5.174
2021-08-27 23:00,0.109,5.206
2021-08-28 00:00,0.132,5.515
2021-08-28 01:00,0.162,5.879
2021-08-28 02:00,0.179,6.060
2021-08-28 03:00,0.177,6.038
2021-08-28 04:00,0.166,5.923
2021-08-28 05:00,0.165,5.909
2021-08-28 06:00,0.172,5.980
2021-08-28 07:00,0.183,6.097
2021-08-28 08:00,0.190,6.175
2021-08-28 09:00,0.208,6.358
2021-08-28 10:00,0.225,6.523
2021-08-28 11:00,0.229,6.559
2021-08-28 12:00,0.229,6.565
2021-08-28 13:00,0.217,6.438
2021-08-28 14:00,0.210,6.380
2021-08-28 15:00,0.208,6.362
2021-08-28 16:00,0.202,6.305
2021-08-28 17:00,0.200,6.281
2021-08-28 18:00,0.190,6.176
2021-08-28 19:00,0.176,6.028
2021-08-28 20:00,0.159,5.841
2021-08-28 21:00,0.150,5.741
2021-08-28 22:00,0.124,5.418
2021-08-28 23:00,0.111,5.236
2021-08-29 00:00,0.103,5.131
2021-08-29 01:00,0.093,4.974
2021-08-29 02:00,0.095,5.003
2021-08-29 03:00,0.105,5.154
2021-08-29 04:00,0.129,5.474
2021-08-29 05:00,0.173,5.995
2021-08-29 06:00,0.237,6.633
2021-08-29 07:00,0.307,7.236
2021-08-29 08:00,0.366,7.709
2021-08-29 09:00,0.423,8.140
2021-08-29 10:00,0.460,8.403
2021-08-29 11:00,0.443,8.280
2021-08-29 12:00,0.426,8.157
2021-08-29 13:00,0.404,7.990
2021-08-29 14:00,0.380,7.815
2021-08-29 15:00,0.362,7.668
2021-08-29 16:00,0.324,7.375
2021-08-29 17:00,0.289,7.093
2021-08-29 18:00,0.265,6.885
2021-08-29 19:00,0.240,6.662
2021-08-29 20:00,0.219,6.469
2021-08-29 21:00,0.227,6.548
2021-08-29 22:00,0.231,6.577
2021-08-29 23:00,0.251,6.756
2021-08-30 00:00,0.252,6.768
2021-08-30 01:00,0.231,6.575
2021-08-30 02:00,0.221,6.482
2021-08-30 03:00,0.208,6.358
2021-08-30 04:00,0.201,6.294
2021-08-30 05:00,0.219,6.466
2021-08-30 06:00,0.254,6.795
2021-08-30 07:00,0.305,7.226
2021-08-30 08:00,0.357,7.636
2021-08-30 09:00,0.392,7.905
2021-08-30 10:00,0.415,8.074
2021-08-30 11:00,0.456,8.378
2021-08-30 12:00,0.503,8.729
2021-08-30 13:00,0.535,8.964
2021-08-30 14:00,0.542,9.019
2021-08-30 15:00,0.556,9.123
2021-08-30 16:00,0.576,9.275
2021-08-30 17:00,0.587,9.361
2021-08-30 18:00,0.603,9.482
2021-08-30 19:00,0.568,9.214
2021-08-30 20:00,0.528,8.900
2021-08-30 21:00,0.489,8.625
2021-08-30 22:00,0.425,8.147
2021-08-30 23:00,0.400,7.969
2021-08-31 00:00,0.293,7.128
2021-08-31 01:00,0.164,5.894
2021-08-31 02:00,0.073,4.638
2021-08-31 03:00,0.026,3.552
2021-08-31 04:00,0.014,3.094
2021-08-31 05:00,0.017,3.254
2021-08-31 06:00,0.029,3.661
2021-08-31 07:00,0.048,4.142
2021-08-31 08:00,0.075,4.683
2021-08-31 09:00,0.095,5.003
2021-08-31 10:00,0.098,5.045
2021-08-31 11:00,0.095,5.011
2021-08-31 12:00,0.084,4.836
2021-08-31 13:00,0.059,4.368
2021-08-31 14:00,0.039,3.936
2021-08-31 15:00,0.036,3.849
2021-08-31 16:00,0.041,3.989
2021-08-31 17:00,0.043,4.031
2021-08-31 18:00,0.041,3.993
2021-08-31 19:00,0.038,3.924
2021-08-31 20:00,0.037,3.876
2021-08-31 21:00,0.039,3.927
2021-08-31 22:00,0.038,3.921
2021-08-31 23:00,0.042,4.004
2021-09-01 00:00,0.057,4.343
2021-09-01 01:00,0.087,4.871
2021-09-01 02:00,0.123,5.397
2021-09-01 03:00,0.147,5.697
2021-09-01 04:00,0.165,5.910
2021-09-01 05:00,0.192,6.192
2021-09-01 06:00,0.219,6.467
2021-09-01 07:00,0.242,6.671
2021-09-01 08:00,0.259,6.833
2021-09-01 09:00,0.264,6.872
2021-09-01 10:00,0.236,6.624
2021-09-01 11:00,0.200,6.282
2021-09-01 12:00,0.184,6.112
2021-09-01 13:00,0.148,5.704
2021-09-01 14:00,0.096,5.022
2021-09-01 15:00,0.054,4.284
2021-09-01 16:00,0.036,3.856
2021-09-01 17:00,0.032,3.740
2021-09-01 18:00,0.032,3.750
2021-09-01 19:00,0.033,3.788
2021-09-01 20:00,0.036,3.854
2021-09-01 21:00,0.037,3.890
2021-09-01 22:00,0.031,3.730
2021-09-01 23:00,0.019,3.316
2021-09-02 00:00,0.008,2.731
2021-09-02 01:00,0.001,2.014
2021-09-02 02:00,0,1.077
2021-09-02 03:00,0,0.074
2021-09-02 04:00,0,0.839
2021-09-02 05:00,0.003,2.303
2021-09-02 06:00,0.021,3.406
2021-09-02 07:00,0.051,4.216
2021-09-02 08:00,0.079,4.759
2021-09-02 09:00,0.076,4.708
2021-09-02 10:00,0.052,4.240
2021-09-02 11:00,0.026,3.558
2021-09-02 12:00,0.011,2.946
2021-09-02 13:00,0.006,2.560
2021-09-02 14:00,0.004,2.455
2021-09-02 15:00,0.010,2.867
2021-09-02 16:00,0.026,3.551
2021-09-02 17:00,0.044,4.065
2021-09-02 18:00,0.058,4.362
2021-09-02 19:00,0.056,4.326
2021-09-02 20:00,0.048,4.137
2021-09-02 21:00,0.035,3.846
2021-09-02 22:00,0.029,3.643
2021-09-02 23:00,0.025,3.526
2021-09-03 00:00,0.023,3.451
2021-09-03 01:00,0.016,3.202
2021-09-03 02:00,0.013,3.052
2021-09-03 03:00,0.019,3.315
2021-09-03 04:00,0.032,3.759
2021-09-03 05:00,0.052,4.235
2021-09-03 06:00,0.072,4.627
2021-09-03 07:00,0.083,4.821
2021-09-03 08:00,0.087,4.882
2021-09-03 09:00,0.077,4.713
2021-09-03 10:00,0.061,4.412
2021-09-03 11:00,0.040,3.961
2021-09-03 12:00,0.025,3.544
2021-09-03 13:00,0.017,3.255
2021-09-03 14:00,0.013,3.035
2021-09-03 15:00,0.012,2.994
2021-09-03 16:00,0.014,3.097
2021-09-03 17:00,0.014,3.097
2021-09-03 18:00,0.012,2.971
2021-09-03 19:00,0.008,2.718
2021-09-03 20:00,0.004,2.398
2021-09-03 21:00,0.002,2.161
2021-09-03 22:00,0.001,1.824
2021-09-03 23:00,0,1.332
2021-09-04 00:00,0,1.025
2021-09-04 01:00,0,0.718
2021-09-04 02:00,0,0.367
2021-09-04 03:00,0,0.070
2021-09-04 04:00,0,0.691
2021-09-04 05:00,0.001,1.712
2021-09-04 06:00,0.005,2.494
2021-09-04 07:00,0.012,2.976
2021-09-04 08:00,0.019,3.335
2021-09-04 09:00,0.028,3.617
2021-09-04 10:00,0.031,3.721
2021-09-04 11:00,0.029,3.667
2021-09-04 12:00,0.034,3.806
2021-09-04 13:00,0.043,4.042
2021-09-04 14:00,0.043,4.033
2021-09-04 15:00,0.036,3.866
2021-09-04 16:00,0.052,4.242
2021-09-04 17:00,0.096,5.024
2021-09-04 18:00,0.147,5.699
2021-09-04 19:00,0.194,6.218
2021-09-04 20:00,0.232,6.590
2021-09-04 21:00,0.250,6.748
2021-09-04 22:00,0.244,6.694
2021-09-04 23:00,0.236,6.626
2021-09-05 00:00,0.237,6.638
2021-09-05 01:00,0.246,6.711
2021-09-05 02:00,0.252,6.770
2021-09-05 03:00,0.270,6.919
2021-09-05 04:00,0.291,7.108
2021-09-05 05:00,0.306,7.232
2021-09-05 06:00,0.345,7.543
2021-09-05 07:00,0.413,8.058
2021-09-05 08:00,0.450,8.329
2021-09-05 09:00,0.422,8.125
2021-09-05 10:00,0.369,7.731
2021-09-05 11:00,0.304,7.217
2021-09-05 12:00,0.252,6.761
2021-09-05 13:00,0.222,6.488
2021-09-05 14:00,0.208,6.351
2021-09-05 15:00,0.199,6.270
2021-09-05 16:00,0.194,6.212
2021-09-05 17:00,0.186,6.136
2021-09-05 18:00,0.197,6.243
2021-09-05 19:00,0.210,6.381
2021-09-05 20:00,0.216,6.433
2021-09-05 21:00,0.212,6.398
2021-09-05 22:00,0.175,6.010
2021-09-05 23:00,0.142,5.642
2021-09-06 00:00,0.132,5.519
2021-09-06 01:00,0.121,5.375
2021-09-06 02:00,0.102,5.114
2021-09-06 03:00,0.075,4.679
2021-09-06 04:00,0.052,4.237
2021-09-06 05:00,0.035,3.844
2021-09-06 06:00,0.023,3.453
2021-09-06 07:00,0.013,3.052
2021-09-06 08:00,0.007,2.668
2021-09-06 09:00,0.006,2.582
2021-09-06 10:00,0.011,2.940
2021-09-06 11:00,0.022,3.431
2021-09-06 12:00,0.031,3.703
2021-09-06 13:00,0.021,3.402
2021-09-06 14:00,0.007,2.696
2021-09-06 15:00,0.001,1.837
2021-09-06 16:00,0,0.905
2021-09-06 17:00,0.006,2.614
2021-09-06 18:00,0.043,4.044
2021-09-06 19:00,0.061,4.431
2021-09-06 20:00,0.055,4.292
2021-09-06 21:00,0.043,4.039
2021-09-06 22:00,0.035,3.840
2021-09-06 23:00,0.024,3.515
2021-09-07 00:00,0.021,3.408
2021-09-07 01:00,0.017,3.210
2021-09-07 02:00,0.008,2.768
2021-09-07 03:00,0.003,2.277
2021-09-07 04:00,0.003,2.216
2021-09-07 05:00,0.008,2.771
2021-09-07 06:00,0.022,3.428
2021-09-07 07:00,0.035,3.843
2021-09-07 08:00,0.042,4.010
2021-09-07 09:00,0.044,4.071
2021-09-07 10:00,0.043,4.032
2021-09-07 11:00,0.035,3.820
2021-09-07 12:00,0.026,3.555
2021-09-07 13:00,0.017,3.222
2021-09-07 14:00,0.008,2.778
2021-09-07 15:00,0.003,2.297
2021-09-07 16:00,0.002,2.184
2021-09-07 17:00,0.006,2.601
2021-09-07 18:00,0.013,3.042
2021-09-07 19:00,0.020,3.347
2021-09-07 20:00,0.020,3.355
2021-09-07 21:00,0.017,3.249
2021-09-07 22:00,0.016,3.201
2021-09-07 23:00,0.013,3.040
2021-09-08 00:00,0.009,2.785
2021-09-08 01:00,0.007,2.684
2021-09-08 02:00,0.010,2.885
2021-09-08 03:00,0.022,3.444
2021-09-08 04:00,0.054,4.277
2021-09-08 05:00,0.109,5.217
2021-09-08 06:00,0.192,6.194
2021-09-08 07:00,0.302,7.200
2021-09-08 08:00,0.429,8.176
2021-09-08 09:00,0.487,8.607
2021-09-08 10:00,0.509,8.768
2021-09-08 11:00,0.514,8.803
2021-09-08 12:00,0.503,8.726
2021-09-08 13:00,0.477,8.530
2021-09-08 14:00,0.453,8.361
2021-09-08 15:00,0.465,8.438
2021-09-08 16:00,0.488,8.619
2021-09-08 17:00,0.468,8.469
2021-09-08 18:00,0.430,8.192
2021-09-08 19:00,0.407,8.012
2021-09-08 20:00,0.386,7.859
2021-09-08 21:00,0.376,7.776
2021-09-08 22:00,0.374,7.761
2021-09-08 23:00,0.377,7.786
2021-09-09 00:00,0.446,8.302
2021-09-09 01:00,0.491,8.638
2021-09-09 02:00,0.493,8.646
2021-09-09 03:00,0.483,8.573
2021-09-09 04:00,0.475,8.518
2021-09-09 05:00,0.488,8.616
2021-09-09 06:00,0.524,8.885
2021-09-09 07:00,0.579,9.294
2021-09-09 08:00,0.635,9.733
2021-09-09 09:00,0.653,9.885
2021-09-09 10:00,0.590,9.381
2021-09-09 11:00,0.482,8.565
2021-09-09 12:00,0.429,8.183
2021-09-09 13:00,0.417,8.093
2021-09-09 14:00,0.422,8.120
2021-09-09 15:00,0.433,8.209
2021-09-09 16:00,0.431,8.200
2021-09-09 17:00,0.422,8.121
2021-09-09 18:00,0.405,8.002
2021-09-09 19:00,0.378,7.799
2021-09-09 20:00,0.339,7.494
2021-09-09 21:00,0.302,7.200
2021-09-09 22:00,0.280,7.016
2021-09-09 23:00,0.288,7.076
2021-09-10 00:00,0.286,7.069
2021-09-10 01:00,0.278,6.997
2021-09-10 02:00,0.304,7.219
2021-09-10 03:00,0.371,7.740
2021-09-10 04:00,0.465,8.450
2021-09-10 05:00,0.568,9.216
2021-09-10 06:00,0.656,9.908
2021-09-10 07:00,0.717,10.441
2021-09-10 08:00,0.739,10.664
2021-09-10 09:00,0.712,10.401
2021-09-10 10:00,0.663,9.972
2021-09-10 11:00,0.649,9.855
2021-09-10 12:00,0.650,9.868
2021-09-10 13:00,0.647,9.828
2021-09-10 14:00,0.670,10.033
2021-09-10 15:00,0.707,10.361
2021-09-10 16:00,0.773,11.025
2021-09-10 17:00,0.822,11.599
2021-09-10 18:00,0.843,11.894
2021-09-10 19:00,0.851,12.015
2021-09-10 20:00,0.856,12.101
2021-09-10 21:00,0.850,11.991
2021-09-10 22:00,0.849,11.988
2021-09-10 23:00,0.893,12.735
2021-09-11 00:00,0.922,13.381
2021-09-11 01:00,0.945,14.040
2021-09-11 02:00,0.958,14.513
2021-09-11 03:00,0.967,14.951
2021-09-11 04:00,0.973,15.300
2021-09-11 05:00,0.977,15.558
2021-09-11 06:00,0.981,15.823
2021-09-11 07:00,0.984,16.123
2021-09-11 08:00,0.985,16.338
2021-09-11 09:00,0.983,16.030
2021-09-11 10:00,0.980,15.798
2021-09-11 11:00,0.984,16.158
2021-09-11 12:00,0.985,16.275
2021-09-11 13:00,0.983,16.073
2021-09-11 14:00,0.982,15.916
2021-09-11 15:00,0.979,15.713
2021-09-11 16:00,0.978,15.610
2021-09-11 17:00,0.980,15.770
2021-09-11 18:00,0.983,16.088
2021-09-11 19:00,0.983,16.104
2021-09-11 20:00,0.980,15.790
2021-09-11 21:00,0.973,15.271
2021-09-11 22:00,0.963,14.729
2021-09-11 23:00,0.959,14.566
2021-09-12 00:00,0.963,14.766
2021-09-12 01:00,0.959,14.581
2021-09-12 02:00,0.944,13.988
2021-09-12 03:00,0.913,13.156
2021-09-12 04:00,0.857,12.113
2021-09-12 05:00,0.744,10.721
2021-09-12 06:00,0.540,8.998
2021-09-12 07:00,0.282,7.036
2021-09-12 08:00,0.093,4.983
2021-09-12 09:00,0.002,2.179
2021-09-12 10:00,0.102,5.105
2021-09-12 11:00,0.497,8.673
2021-09-12 12:00,0.676,10.075
2021-09-12 13:00,0.692,10.228
2021-09-12 14:00,0.714,10.429
2021-09-12 15:00,0.725,10.532
2021-09-12 16:00,0.694,10.244
2021-09-12 17:00,0.625,9.648
2021-09-12 18:00,0.540,8.995
2021-09-12 19:00,0.467,8.462
2021-09-12 20:00,0.392,7.901
2021-09-12 21:00,0.299,7.180
2021-09-12 22:00,0.213,6.405
2021-09-12 23:00,0.150,5.742
2021-09-13 00:00,0.110,5.231
2021-09-13 01:00,0.075,4.686
2021-09-13 02:00,0.056,4.333
2021-09-13 03:00,0.059,4.373
2021-09-13 04:00,0.075,4.691
2021-09-13 05:00,0.120,5.365
2021-09-13 06:00,0.198,6.258
2021-09-13 07:00,0.303,7.213
2021-09-13 08:00,0.410,8.035
2021-09-13 09:00,0.421,8.117
2021-09-13 10:00,0.365,7.699
2021-09-13 11:00,0.291,7.104
2021-09-13 12:00,0.240,6.661
2021-09-13 13:00,0.206,6.341
2021-09-13 14:00,0.182,6.092
2021-09-13 15:00,0.177,6.042
2021-09-13 16:00,0.184,6.121
2021-09-13 17:00,0.167,5.933
2021-09-13 18:00,0.136,5.556
2021-09-13 19:00,0.103,5.129
2021-09-13 20:00,0.084,4.835
2021-09-13 21:00,0.065,4.495
2021-09-13 22:00,0.041,3.981
2021-09-13 23:00,0.021,3.376
2021-09-14 00:00,0.011,2.918
2021-09-14 01:00,0.004,2.379
2021-09-14 02:00,0.001,1.933
2021-09-14 03:00,0.002,2.135
2021-09-14 04:00,0.009,2.811
2021-09-14 05:00,0.021,3.390
2021-09-14 06:00,0.034,3.812
2021-09-14 07:00,0.049,4.178
2021-09-14 08:00,0.072,4.623
2021-09-14 09:00,0.087,4.877
2021-09-14 10:00,0.096,5.016
2021-09-14 11:00,0.087,4.883
2021-09-14 12:00,0.068,4.552
2021-09-14 13:00,0.048,4.163
2021-09-14 14:00,0.034,3.812
2021-09-14 15:00,0.021,3.387
2021-09-14 16:00,0.013,3.042
2021-09-14 17:00,0.010,2.859
2021-09-14 18:00,0.010,2.857
2021-09-14 19:00,0.018,3.288
2021-09-14 20:00,0.038,3.901
2021-09-14 21:00,0.054,4.274
2021-09-14 22:00,0.058,4.362
2021-09-14 23:00,0.057,4.350
2021-09-15 00:00,0.069,4.579
2021-09-15 01:00,0.074,4.658
2021-09-15 02:00,0.068,4.563
2021-09-15 03:00,0.050,4.202
2021-09-15 04:00,0.033,3.772
2021-09-15 05:00,0.026,3.553
2021-09-15 06:00,0.025,3.524
2021-09-15 07:00,0.029,3.637
2021-09-15 08:00,0.036,3.851
2021-09-15 09:00,0.067,4.536
2021-09-15 10:00,0.099,5.063
2021-09-15 11:00,0.080,4.763
2021-09-15 12:00,0.039,3.930
2021-09-15 13:00,0.015,3.131
2021-09-15 14:00,0.008,2.745
2021-09-15 15:00,0.005,2.528
2021-09-15 16:00,0.002,2.165
2021-09-15 17:00,0.001,1.702
2021-09-15 18:00,0,1.676
2021-09-15 19:00,0.004,2.366
2021-09-15 20:00,0.019,3.323
2021-09-15 21:00,0.040,3.959
2021-09-15 22:00,0.056,4.332
2021-09-15 23:00,0.061,4.426
2021-09-16 00:00,0.050,4.194
2021-09-16 01:00,0.032,3.762
2021-09-16 02:00,0.021,3.369
2021-09-16 03:00,0.012,3.012
2021-09-16 04:00,0.009,2.794
2021-09-16 05:00,0.006,2.628
2021-09-16 06:00,0.007,2.711
2021-09-16 07:00,0.013,3.049
2021-09-16 08:00,0.025,3.541
2021-09-16 09:00,0.033,3.772
2021-09-16 10:00,0.044,4.070
2021-09-16 11:00,0.051,4.223
2021-09-16 12:00,0.049,4.181
2021-09-16 13:00,0.042,4.002
2021-09-16 14:00,0.038,3.914
2021-09-16 15:00,0.035,3.823
2021-09-16 16:00,0.033,3.770
2021-09-16 17:00,0.037,3.882
2021-09-16 18:00,0.048,4.138
2021-09-16 19:00,0.057,4.355
2021-09-16 20:00,0.066,4.520
2021-09-16 21:00,0.070,4.598
2021-09-16 22:00,0.064,4.490
2021-09-16 23:00,0.057,4.344
2021-09-17 00:00,0.050,4.197
2021-09-17 01:00,0.042,4.003
2021-09-17 02:00,0.036,3.858
2021-09-17 03:00,0.035,3.834
2021-09-17 04:00,0.039,3.934
2021-09-17 05:00,0.043,4.042
2021-09-17 06:00,0.050,4.200
2021-09-17 07:00,0.059,4.369
2021-09-17 08:00,0.067,4.527
2021-09-17 09:00,0.083,4.823
2021-09-17 10:00,0.112,5.259
2021-09-17 11:00,0.131,5.503
2021-09-17 12:00,0.147,5.699
2021-09-17 13:00,0.156,5.810
2021-09-17 14:00,0.169,5.948
2021-09-17 15:00,0.182,6.088
2021-09-17 16:00,0.199,6.270
2021-09-17 17:00,0.210,6.384
2021-09-17 18:00,0.217,6.437
2021-09-17 19:00,0.225,6.523
2021-09-17 20:00,0.239,6.653
2021-09-17 21:00,0.252,6.772
2021-09-17 22:00,0.242,6.678
2021-09-17 23:00,0.222,6.484
2021-09-18 00:00,0.199,6.261
2021-09-18 01:00,0.174,6.003
2021-09-18 02:00,0.159,5.839
2021-09-18 03:00,0.148,5.714
2021-09-18 04:00,0.147,5.698
2021-09-18 05:00,0.156,5.797
2021-09-18 06:00,0.170,5.958
2021-09-18 07:00,0.190,6.174
2021-09-18 08:00,0.219,6.457
2021-09-18 09:00,0.262,6.860
2021-09-18 10:00,0.306,7.232
2021-09-18 11:00,0.303,7.206
2021-09-18 12:00,0.266,6.887
2021-09-18 13:00,0.210,6.372
2021-09-18 14:00,0.157,5.817
2021-09-18 15:00,0.125,5.429
2021-09-18 16:00,0.113,5.261
2021-09-18 17:00,0.110,5.224
2021-09-18 18:00,0.110,5.232
2021-09-18 19:00,0.116,5.299
2021-09-18 20:00,0.122,5.388
2021-09-18 21:00,0.124,5.411
2021-09-18 22:00,0.118,5.338
2021-09-18 23:00,0.107,5.180
2021-09-19 00:00,0.101,5.090
2021-09-19 01:00,0.093,4.980
2021-09-19 02:00,0.082,4.786
2021-09-19 03:00,0.064,4.477
2021-09-19 04:00,0.043,4.043
2021-09-19 05:00,0.023,3.467
2021-09-19 06:00,0.012,2.982
2021-09-19 07:00,0.009,2.783
2021-09-19 08:00,0.010,2.908
2021-09-19 09:00,0.014,3.079
2021-09-19 10:00,0.020,3.346
2021-09-19 11:00,0.020,3.345
2021-09-19 12:00,0.014,3.077
2021-09-19 13:00,0.006,2.557
2021-09-19 14:00,0.001,1.881
2021-09-19 15:00,0,0.930
2021-09-19 16:00,0,0.559
2021-09-19 17:00,0,1.566
2021-09-19 18:00,0.004,2.349
2021-09-19 19:00,0.010,2.893
2021-09-19 20:00,0.020,3.344
2021-09-19 21:00,0.024,3.505
2021-09-19 22:00,0.022,3.439
2021-09-19 23:00,0.023,3.463
2021-09-20 00:00,0.036,3.851
2021-09-20 01:00,0.057,4.346
2021-09-20 02:00,0.083,4.825
2021-09-20 03:00,0.117,5.309
2021-09-20 04:00,0.151,5.746
2021-09-20 05:00,0.168,5.942
2021-09-20 06:00,0.177,6.030
2021-09-20 07:00,0.187,6.143
2021-09-20 08:00,0.198,6.254
2021-09-20 09:00,0.211,6.387
2021-09-20 10:00,0.233,6.595
2021-09-20 11:00,0.251,6.752
2021-09-20 12:00,0.294,7.134
2021-09-20 13:00,0.356,7.623
2021-09-20 14:00,0.404,7.993
2021-09-20 15:00,0.426,8.153
2021-09-20 16:00,0.430,8.191
2021-09-20 17:00,0.440,8.256
2021-09-20 18:00,0.417,8.083
2021-09-20 19:00,0.351,7.587
2021-09-20 20:00,0.270,6.920
2021-09-20 21:00,0.197,6.251
2021-09-20 22:00,0.129,5.474
2021-09-20 23:00,0.070,4.601
2021-09-21 00:00,0.042,4.006
2021-09-21 01:00,0.025,3.547
2021-09-21 02:00,0.015,3.129
2021-09-21 03:00,0.007,2.697
2021-09-21 04:00,0.010,2.865
2021-09-21 05:00,0.032,3.747
2021-09-21 06:00,0.076,4.702
2021-09-21 07:00,0.135,5.549
2021-09-21 08:00,0.194,6.213
2021-09-21 09:00,0.185,6.131
2021-09-21 10:00,0.138,5.583
2021-09-21 11:00,0.090,4.935
2021-09-21 12:00,0.052,4.232
2021-09-21 13:00,0.026,3.551
2021-09-21 14:00,0.011,2.924
2021-09-21 15:00,0.005,2.540
2021-09-21 16:00,0.003,2.340
2021-09-21 17:00,0.002,2.158
2021-09-21 18:00,0.002,2.132
2021-09-21 19:00,0.003,2.244
2021-09-21 20:00,0.004,2.371
2021-09-21 21:00,0.003,2.325
2021-09-21 22:00,0.003,2.206
2021-09-21 23:00,0.001,1.992
2021-09-22 00:00,0.001,1.877
2021-09-22 01:00,0,1.496
2021-09-22 02:00,0,0.893
2021-09-22 03:00,0,0.325
2021-09-22 04:00,0,0.524
2021-09-22 05:00,0,1.029
2021-09-22 06:00,0,1.434
2021-09-22 07:00,0.001,1.742
2021-09-22 08:00,0.001,1.917
2021-09-22 09:00,0.003,2.265
2021-09-22 10:00,0.004,2.363
2021-09-22 11:00,0.003,2.319
2021-09-22 12:00,0.003,2.304
2021-09-22 13:00,0.005,2.471
2021-09-22 14:00,0.006,2.644
2021-09-22 15:00,0.006,2.589
2021-09-22 16:00,0.004,2.396
2021-09-22 17:00,0.005,2.468
2021-09-22 18:00,0.017,3.234
2021-09-22 19:00,0.067,4.532
2021-09-22 20:00,0.160,5.857
2021-09-22 21:00,0.257,6.817
2021-09-22 22:00,0.297,7.152
2021-09-22 23:00,0.289,7.083
2021-09-23 00:00,0.286,7.066
2021-09-23 01:00,0.278,7.000
2021-09-23 02:00,0.283,7.047
2021-09-23 03:00,0.320,7.346
2021-09-23 04:00,0.375,7.774
2021-09-23 05:00,0.429,8.184
2021-09-23 06:00,0.481,8.563
2021-09-23 07:00,0.530,8.919
2021-09-23 08:00,0.559,9.141
2021-09-23 09:00,0.558,9.140
2021-09-23 10:00,0.555,9.115
2021-09-23 11:00,0.553,9.101
2021-09-23 12:00,0.542,9.011
2021-09-23 13:00,0.512,8.792
2021-09-23 14:00,0.471,8.487
2021-09-23 15:00,0.427,8.163
2021-09-23 16:00,0.398,7.949
2021-09-23 17:00,0.378,7.798
2021-09-23 18:00,0.366,7.711
2021-09-23 19:00,0.370,7.734
2021-09-23 20:00,0.401,7.971
2021-09-23 21:00,0.444,8.292
2021-09-23 22:00,0.472,8.491
2021-09-23 23:00,0.509,8.760
2021-09-24 00:00,0.548,9.062
2021-09-24 01:00,0.562,9.165
2021-09-24 02:00,0.569,9.223
2021-09-24 03:00,0.591,9.390
2021-09-24 04:00,0.628,9.678
2021-09-24 05:00,0.677,10.089
2021-09-24 06:00,0.736,10.639
2021-09-24 07:00,0.799,11.323
2021-09-24 08:00,0.851,12.023
2021-09-24 09:00,0.885,12.576
2021-09-24 10:00,0.899,12.857
2021-09-24 11:00,0.893,12.739
2021-09-24 12:00,0.882,12.531
2021-09-24 13:00,0.869,12.310
2021-09-24 14:00,0.859,12.142
2021-09-24 15:00,0.852,12.031
2021-09-24 16:00,0.835,11.789
2021-09-24 17:00,0.815,11.512
2021-09-24 18:00,0.821,11.595
2021-09-24 19:00,0.840,11.866
2021-09-24 20:00,0.850,12.006
2021-09-24 21:00,0.826,11.657
2021-09-24 22:00,0.790,11.214
2021-09-24 23:00,0.793,11.238
2021-09-25 00:00,0.824,11.639
2021-09-25 01:00,0.842,11.887
2021-09-25 02:00,0.854,12.063
2021-09-25 03:00,0.864,12.219
2021-09-25 04:00,0.871,12.343
2021-09-25 05:00,0.878,12.465
2021-09-25 06:00,0.882,12.529
2021-09-25 07:00,0.881,12.509
2021-09-25 08:00,0.873,12.379
2021-09-25 09:00,0.864,12.225
2021-09-25 10:00,0.859,12.145
2021-09-25 11:00,0.853,12.059
2021-09-25 12:00,0.845,11.932
2021-09-25 13:00,0.832,11.742
2021-09-25 14:00,0.817,11.531
2021-09-25 15:00,0.814,11.505
2021-09-25 16:00,0.819,11.566
2021-09-25 17:00,0.820,11.578
2021-09-25 18:00,0.817,11.530
2021-09-25 19:00,0.812,11.476
2021-09-25 20:00,0.809,11.438
2021-09-25 21:00,0.799,11.316
2021-09-25 22:00,0.773,11.014
2021-09-25 23:00,0.735,10.633
2021-09-26 00:00,0.699,10.287
2021-09-26 01:00,0.660,9.944
2021-09-26 02:00,0.618,9.601
2021-09-26 03:00,0.592,9.395
2021-09-26 04:00,0.586,9.354
2021-09-26 05:00,0.589,9.373
2021-09-26 06:00,0.596,9.419
2021-09-26 07:00,0.608,9.513
2021-09-26 08:00,0.610,9.538
2021-09-26 09:00,0.607,9.508
2021-09-26 10:00,0.601,9.464
2021-09-26 11:00,0.558,9.138
2021-09-26 12:00,0.503,8.725
2021-09-26 13:00,0.460,8.408
2021-09-26 14:00,0.429,8.174
2021-09-26 15:00,0.414,8.067
2021-09-26 16:00,0.417,8.080
2021-09-26 17:00,0.432,8.202
2021-09-26 18:00,0.458,8.392
2021-09-26 19:00,0.478,8.538
2021-09-26 20:00,0.486,8.602
2021-09-26 21:00,0.475,8.513
2021-09-26 22:00,0.429,8.182
2021-09-26 23:00,0.362,7.665
2021-09-27 00:00,0.355,7.619
2021-09-27 01:00,0.325,7.382
2021-09-27 02:00,0.299,7.168
2021-09-27 03:00,0.279,7.003
2021-09-27 04:00,0.269,6.916
2021-09-27 05:00,0.275,6.978
2021-09-27 06:00,0.308,7.241
2021-09-27 07:00,0.356,7.626
2021-09-27 08:00,0.406,8.004
2021-09-27 09:00,0.453,8.351
2021-09-27 10:00,0.479,8.545
2021-09-27 11:00,0.463,8.429
2021-09-27 12:00,0.429,8.182
2021-09-27 13:00,0.383,7.836
2021-09-27 14:00,0.330,7.422
2021-09-27 15:00,0.302,7.192
2021-09-27 16:00,0.297,7.153
2021-09-27 17:00,0.311,7.272
2021-09-27 18:00,0.341,7.507
2021-09-27 19:00,0.377,7.780
2021-09-27 20:00,0.406,8.006
2021-09-27 21:00,0.435,8.230
2021-09-27 22:00,0.437,8.237
2021-09-27 23:00,0.410,8.030
2021-09-28 00:00,0.449,8.322
2021-09-28 01:00,0.460,8.401
2021-09-28 02:00,0.453,8.357
2021-09-28 03:00,0.430,8.186
2021-09-28 04:00,0.400,7.968
2021-09-28 05:00,0.382,7.825
2021-09-28 06:00,0.382,7.824
2021-09-28 07:00,0.393,7.911
2021-09-28 08:00,0.398,7.955
2021-09-28 09:00,0.403,7.983
2021-09-28 10:00,0.403,7.983
2021-09-28 11:00,0.365,7.698
2021-09-28 12:00,0.316,7.316
2021-09-28 13:00,0.274,6.964
2021-09-28 14:00,0.247,6.726
2021-09-28 15:00,0.244,6.693
2021-09-28 16:00,0.256,6.812
2021-09-28 17:00,0.278,6.999
2021-09-28 18:00,0.297,7.151
2021-09-28 19:00,0.300,7.182
2021-09-28 20:00,0.283,7.044
2021-09-28 21:00,0.249,6.741
2021-09-28 22:00,0.219,6.463
2021-09-28 23:00,0.167,5.929
2021-09-29 00:00,0.127,5.449
2021-09-29 01:00,0.101,5.096
2021-09-29 02:00,0.069,4.567
2021-09-29 03:00,0.042,4.005
2021-09-29 04:00,0.024,3.507
2021-09-29 05:00,0.015,3.149
2021-09-29 06:00,0.013,3.053
2021-09-29 07:00,0.016,3.187
2021-09-29 08:00,0.023,3.455
2021-09-29 09:00,0.025,3.535
2021-09-29 10:00,0.015,3.129
2021-09-29 11:00,0.003,2.266
2021-09-29 12:00,0,1.522
2021-09-29 13:00,0,1.412
2021-09-29 14:00,0.007,2.666
2021-09-29 15:00,0.041,3.989
2021-09-29 16:00,0.077,4.717
2021-09-29 17:00,0.089,4.911
2021-09-29 18:00,0.095,5.003
2021-09-29 19:00,0.100,5.084
2021-09-29 20:00,0.100,5.086
2021-09-29 21:00,0.085,4.854
2021-09-29 22:00,0.072,4.623
2021-09-29 23:00,0.048,4.161
2021-09-30 00:00,0.037,3.875
2021-09-30 01:00,0.043,4.038
2021-09-30 02:00,0.043,4.025
2021-09-30 03:00,0.047,4.124
2021-09-30 04:00,0.052,4.242
2021-09-30 05:00,0.060,4.405
2021-09-30 06:00,0.077,4.710
2021-09-30 07:00,0.100,5.080
2021-09-30 08:00,0.129,5.481
2021-09-30 09:00,0.161,5.860
2021-09-30 10:00,0.163,5.885
2021-09-30 11:00,0.136,5.555
2021-09-30 12:00,0.097,5.026
2021-09-30 13:00,0.058,4.367
2021-09-30 14:00,0.028,3.617
2021-09-30 15:00,0.013,3.031
2021-09-30 16:00,0.007,2.657
2021-09-30 17:00,0.004,2.362
2021-09-30 18:00,0.002,2.112
2021-09-30 19:00,0.001,1.907
2021-09-30 20:00,0,1.677
2021-09-30 21:00,0,1.421
2021-09-30 22:00,0,1.294
2021-09-30 23:00,0,1.131
2021-10-01 00:00,0,0.398
2021-10-01 01:00,0,0.040
2021-10-01 02:00,0,0.023
2021-10-01 03:00,0,0.029
2021-10-01 04:00,0,0.099
2021-10-01 05:00,0,0.452
2021-10-01 06:00,0,1.115
2021-10-01 07:00,0.008,2.744
2021-10-01 08:00,0.059,4.381
2021-10-01 09:00,0.102,5.118
2021-10-01 10:00,0.120,5.359
2021-10-01 11:00,0.111,5.245
2021-10-01 12:00,0.102,5.114
2021-10-01 13:00,0.096,5.022
2021-10-01 14:00,0.104,5.145
2021-10-01 15:00,0.131,5.511
2021-10-01 16:00,0.163,5.887
2021-10-01 17:00,0.186,6.136
2021-10-01 18:00,0.191,6.183
2021-10-01 19:00,0.187,6.143
2021-10-01 20:00,0.184,6.121
2021-10-01 21:00,0.182,6.090
2021-10-01 22:00,0.179,6.065
2021-10-01 23:00,0.172,5.992
2021-10-02 00:00,0.171,5.970
2021-10-02 01:00,0.172,5.979
2021-10-02 02:00,0.172,5.979
2021-10-02 03:00,0.171,5.970
2021-10-02 04:00,0.175,6.016
2021-10-02 05:00,0.194,6.211
2021-10-02 06:00,0.225,6.526
2021-10-02 07:00,0.282,7.031
2021-10-02 08:00,0.362,7.669
2021-10-02 09:00,0.444,8.285
2021-10-02 10:00,0.487,8.608
2021-10-02 11:00,0.485,8.598
2021-10-02 12:00,0.454,8.368
2021-10-02 13:00,0.410,8.042
2021-10-02 14:00,0.383,7.833
2021-10-02 15:00,0.398,7.955
2021-10-02 16:00,0.450,8.324
2021-10-02 17:00,0.497,8.678
2021-10-02 18:00,0.518,8.830
2021-10-02 19:00,0.506,8.751
2021-10-02 20:00,0.485,8.595
2021-10-02 21:00,0.488,8.620
2021-10-02 22:00,0.511,8.778
2021-10-02 23:00,0.530,8.926
2021-10-03 00:00,0.596,9.427
2021-10-03 01:00,0.616,9.582
2021-10-03 02:00,0.628,9.672
2021-10-03 03:00,0.647,9.839
2021-10-03 04:00,0.679,10.103
2021-10-03 05:00,0.724,10.526
2021-10-03 06:00,0.786,11.170
2021-10-03 07:00,0.843,11.896
2021-10-03 08:00,0.883,12.560
2021-10-03 09:00,0.905,12.993
2021-10-03 10:00,0.917,13.245
2021-10-03 11:00,0.922,13.380
2021-10-03 12:00,0.917,13.268
2021-10-03 13:00,0.906,13.013
2021-10-03 14:00,0.885,12.590
2021-10-03 15:00,0.874,12.391
2021-10-03 16:00,0.886,12.610
2021-10-03 17:00,0.886,12.605
2021-10-03 18:00,0.877,12.448
2021-10-03 19:00,0.872,12.350
2021-10-03 20:00,0.854,12.073
2021-10-03 21:00,0.820,11.577
2021-10-03 22:00,0.786,11.165
2021-10-03 23:00,0.747,10.751
2021-10-04 00:00,0.722,10.490
2021-10-04 01:00,0.707,10.353
2021-10-04 02:00,0.723,10.515
2021-10-04 03:00,0.774,11.033
2021-10-04 04:00,0.825,11.645
2021-10-04 05:00,0.873,12.366
2021-10-04 06:00,0.906,13.006
2021-10-04 07:00,0.929,13.571
2021-10-04 08:00,0.945,14.052
2021-10-04 09:00,0.949,14.163
2021-10-04 10:00,0.949,14.166
2021-10-04 11:00,0.949,14.184
2021-10-04 12:00,0.948,14.154
2021-10-04 13:00,0.949,14.192
2021-10-04 14:00,0.954,14.353
2021-10-04 15:00,0.962,14.706
2021-10-04 16:00,0.968,14.998
2021-10-04 17:00,0.971,15.171
2021-10-04 18:00,0.972,15.195
2021-10-04 19:00,0.967,14.922
2021-10-04 20:00,0.958,14.534
2021-10-04 21:00,0.944,13.999
2021-10-04 22:00,0.926,13.495
2021-10-04 23:00,0.910,13.089
2021-10-05 00:00,0.914,13.185
2021-10-05 01:00,0.917,13.257
2021-10-05 02:00,0.922,13.372
2021-10-05 03:00,0.936,13.740
2021-10-05 04:00,0.945,14.034
2021-10-05 05:00,0.952,14.287
2021-10-05 06:00,0.958,14.523
2021-10-05 07:00,0.967,14.927
2021-10-05 08:00,0.974,15.317
2021-10-05 09:00,0.972,15.214
2021-10-05 10:00,0.967,14.917
2021-10-05 11:00,0.963,14.765
2021-10-05 12:00,0.958,14.542
2021-10-05 13:00,0.949,14.179
2021-10-05 14:00,0.948,14.151
2021-10-05 15:00,0.946,14.089
2021-10-05 16:00,0.943,13.967
2021-10-05 17:00,0.939,13.833
2021-10-05 18:00,0.939,13.833
2021-10-05 19:00,0.940,13.872
2021-10-05 20:00,0.940,13.871
2021-10-05 21:00,0.940,13.885
2021-10-05 22:00,0.943,13.973
2021-10-05 23:00,0.948,14.133
2021-10-06 00:00,0.951,14.250
2021-10-06 01:00,0.950,14.232
2021-10-06 02:00,0.954,14.387
2021-10-06 03:00,0.954,14.344
2021-10-06 04:00,0.949,14.186
2021-10-06 05:00,0.946,14.056
2021-10-06 06:00,0.947,14.108
2021-10-06 07:00,0.951,14.257
2021-10-06 08:00,0.953,14.317
2021-10-06 09:00,0.947,14.124
2021-10-06 10:00,0.938,13.811
2021-10-06 11:00,0.934,13.710
2021-10-06 12:00,0.926,13.484
2021-10-06 13:00,0.917,13.257
2021-10-06 14:00,0.903,12.953
2021-10-06 15:00,0.890,12.689
2021-10-06 16:00,0.885,12.594
2021-10-06 17:00,0.878,12.462
2021-10-06 18:00,0.875,12.411
2021-10-06 19:00,0.873,12.372
2021-10-06 20:00,0.860,12.158
2021-10-06 21:00,0.834,11.763
2021-10-06 22:00,0.788,11.192
2021-10-06 23:00,0.765,10.939
2021-10-07 00:00,0.740,10.680
2021-10-07 01:00,0.716,10.449
2021-10-07 02:00,0.692,10.226
2021-10-07 03:00,0.662,9.958
2021-10-07 04:00,0.652,9.882
2021-10-07 05:00,0.650,9.861
2021-10-07 06:00,0.664,9.980
2021-10-07 07:00,0.687,10.179
2021-10-07 08:00,0.673,10.061
2021-10-07 09:00,0.566,9.194
2021-10-07 10:00,0.450,8.324
2021-10-07 11:00,0.416,8.077
2021-10-07 12:00,0.474,8.509
2021-10-07 13:00,0.563,9.168
2021-10-07 14:00,0.628,9.675
2021-10-07 15:00,0.663,9.964
2021-10-07 16:00,0.671,10.041
2021-10-07 17:00,0.650,9.859
2021-10-07 18:00,0.608,9.525
2021-10-07 19:00,0.568,9.211
2021-10-07 20:00,0.561,9.156
2021-10-07 21:00,0.568,9.216
2021-10-07 22:00,0.548,9.062
2021-10-07 23:00,0.599,9.441
2021-10-08 00:00,0.699,10.291
2021-10-08 01:00,0.719,10.471
2021-10-08 02:00,0.722,10.507
2021-10-08 03:00,0.712,10.410
2021-10-08 04:00,0.691,10.207
2021-10-08 05:00,0.666,9.998
2021-10-08 06:00,0.663,9.974
2021-10-08 07:00,0.648,9.849
2021-10-08 08:00,0.628,9.677
2021-10-08 09:00,0.589,9.378
2021-10-08 10:00,0.570,9.230
2021-10-08 11:00,0.582,9.320
2021-10-08 12:00,0.576,9.276
2021-10-08 13:00,0.592,9.392
2021-10-08 14:00,0.576,9.277
2021-10-08 15:00,0.569,9.223
2021-10-08 16:00,0.560,9.146
2021-10-08 17:00,0.548,9.054
2021-10-08 18:00,0.543,9.023
2021-10-08 19:00,0.548,9.061
2021-10-08 20:00,0.568,9.211
2021-10-08 21:00,0.622,9.636
2021-10-08 22:00,0.691,10.215
2021-10-08 23:00,0.747,10.745
2021-10-09 00:00,0.813,11.498
2021-10-09 01:00,0.858,12.138
2021-10-09 02:00,0.903,12.955
2021-10-09 03:00,0.937,13.783
2021-10-09 04:00,0.948,14.143
2021-10-09 05:00,0.960,14.614
2021-10-09 06:00,0.974,15.317
2021-10-09 07:00,0.983,16.108
2021-10-09 08:00,0.988,16.695
2021-10-09 09:00,0.987,16.637
2021-10-09 10:00,0.983,16.031
2021-10-09 11:00,0.977,15.561
2021-10-09 12:00,0.972,15.220
2021-10-09 13:00,0.968,14.986
2021-10-09 14:00,0.962,14.712
2021-10-09 15:00,0.957,14.505
2021-10-09 16:00,0.946,14.064
2021-10-09 17:00,0.931,13.617
2021-10-09 18:00,0.928,13.553
2021-10-09 19:00,0.926,13.500
2021-10-09 20:00,0.923,13.419
2021-10-09 21:00,0.923,13.404
2021-10-09 22:00,0.924,13.439
2021-10-09 23:00,0.923,13.421
2021-10-10 00:00,0.942,13.951
2021-10-10 01:00,0.950,14.219
2021-10-10 02:00,0.960,14.597
2021-10-10 03:00,0.968,14.970
2021-10-10 04:00,0.973,15.294
2021-10-10 05:00,0.980,15.747
2021-10-10 06:00,0.984,16.159
2021-10-10 07:00,0.985,16.340
2021-10-10 08:00,0.984,16.152
2021-10-10 09:00,0.972,15.187
2021-10-10 10:00,0.953,14.313
2021-10-10 11:00,0.935,13.738
2021-10-10 12:00,0.928,13.547
2021-10-10 13:00,0.932,13.642
2021-10-10 14:00,0.939,13.841
2021-10-10 15:00,0.953,14.334
2021-10-10 16:00,0.968,15.010
2021-10-10 17:00,0.979,15.728
2021-10-10 18:00,0.987,16.524
2021-10-10 19:00,0.989,17.289
2021-10-10 20:00,0.988,17.948
2021-10-10 21:00,0.987,18.076
2021-10-10 22:00,0.986,18.166
2021-10-10 23:00,0.981,18.711
2021-10-11 00:00,0.963,19.636
2021-10-11 01:00,0.933,20.515
2021-10-11 02:00,0.905,21.084
2021-10-11 03:00,0.866,21.693
2021-10-11 04:00,0.815,22.319
2021-10-11 05:00,0.756,22.938
2021-10-11 06:00,0.710,23.357
2021-10-11 07:00,0.682,23.586
2021-10-11 08:00,0.693,23.498
2021-10-11 09:00,0.759,22.905
2021-10-11 10:00,0.783,22.668
2021-10-11 11:00,0.776,22.741
2021-10-11 12:00,0.753,22.963
2021-10-11 13:00,0.706,23.379
2021-10-11 14:00,0.693,23.500
2021-10-11 15:00,0.718,23.287
2021-10-11 16:00,0.731,23.166
2021-10-11 17:00,0.743,23.053
2021-10-11 18:00,0.740,23.084
2021-10-11 19:00,0.745,23.041
2021-10-11 20:00,0.738,23.092
2021-10-11 21:00,0.703,23.416
2021-10-11 22:00,0.664,23.741
2021-10-11 23:00,0.646,23.881
2021-10-12 00:00,0.618,24.118
2021-10-12 01:00,0.586,24.363
2021-10-12 02:00,0.564,24.519
2021-10-12 03:00,0.532,24.768
2021-10-12 04:00,0.537,24.733
2021-10-12 05:00,0.577,24.436
2021-10-12 06:00,0.626,24.048
2021-10-12 07:00,0.671,23.689
2021-10-12 08:00,0.745,23.037
2021-10-12 09:00,0.847,21.947
2021-10-12 10:00,0.900,21.170
2021-10-12 11:00,0.916,20.880
2021-10-12 12:00,0.932,20.528
2021-10-12 13:00,0.949,20.098
2021-10-12 14:00,0.970,19.339
2021-10-12 15:00,0.977,18.969
2021-10-12 16:00,0.979,18.862
2021-10-12 17:00,0.982,18.570
2021-10-12 18:00,0.987,18.018
2021-10-12 19:00,0.989,17.159
2021-10-12 20:00,0.986,16.407
2021-10-12 21:00,0.981,15.873
2021-10-12 22:00,0.965,14.837
2021-10-12 23:00,0.920,13.342
2021-10-13 00:00,0.846,11.952
2021-10-13 01:00,0.661,9.951
2021-10-13 02:00,0.385,7.848
2021-10-13 03:00,0.210,6.380
2021-10-13 04:00,0.138,5.596
2021-10-13 05:00,0.144,5.665
2021-10-13 06:00,0.234,6.601
2021-10-13 07:00,0.397,7.943
2021-10-13 08:00,0.514,8.799
2021-10-13 09:00,0.561,9.157
2021-10-13 10:00,0.599,9.453
2021-10-13 11:00,0.779,11.090
2021-10-13 12:00,0.934,13.714
2021-10-13 13:00,0.953,14.336
2021-10-13 14:00,0.890,12.690
2021-10-13 15:00,0.809,11.438
2021-10-13 16:00,0.743,10.709
2021-10-13 17:00,0.723,10.508
2021-10-13 18:00,0.760,10.883
2021-10-13 19:00,0.752,10.795
2021-10-13 20:00,0.652,9.882
2021-10-13 21:00,0.502,8.724
2021-10-13 22:00,0.352,7.597
2021-10-13 23:00,0.223,6.507
2021-10-14 00:00,0.215,6.427
2021-10-14 01:00,0.300,7.183
2021-10-14 02:00,0.487,8.613
2021-10-14 03:00,0.669,10.025
2021-10-14 04:00,0.747,10.749
2021-10-14 05:00,0.790,11.217
2021-10-14 06:00,0.824,11.632
2021-10-14 07:00,0.823,11.630
2021-10-14 08:00,0.820,11.582
2021-10-14 09:00,0.815,11.508
2021-10-14 10:00,0.804,11.388
2021-10-14 11:00,0.808,11.426
2021-10-14 12:00,0.841,11.869
2021-10-14 13:00,0.886,12.619
2021-10-14 14:00,0.907,13.040
2021-10-14 15:00,0.913,13.159
2021-10-14 16:00,0.912,13.134
2021-10-14 17:00,0.906,13.017
2021-10-14 18:00,0.895,12.774
2021-10-14 19:00,0.882,12.531
2021-10-14 20:00,0.864,12.217
2021-10-14 21:00,0.853,12.047
2021-10-14 22:00,0.826,11.660
2021-10-14 23:00,0.810,11.462
2021-10-15 00:00,0.846,11.937
2021-10-15 01:00,0.871,12.338
2021-10-15 02:00,0.891,12.703
2021-10-15 03:00,0.905,12.980
2021-10-15 04:00,0.917,13.266
2021-10-15 05:00,0.927,13.511
2021-10-15 06:00,0.933,13.690
2021-10-15 07:00,0.936,13.761
2021-10-15 08:00,0.935,13.722
2021-10-15 09:00,0.921,13.348
2021-10-15 10:00,0.903,12.939
2021-10-15 11:00,0.886,12.605
2021-10-15 12:00,0.871,12.328
2021-10-15 13:00,0.849,11.988
2021-10-15 14:00,0.822,11.600
2021-10-15 15:00,0.783,11.139
2021-10-15 16:00,0.771,10.988
2021-10-15 17:00,0.773,11.017
2021-10-15 18:00,0.760,10.880
2021-10-15 19:00,0.744,10.716
2021-10-15 20:00,0.738,10.661
2021-10-15 21:00,0.744,10.718
2021-10-15 22:00,0.763,10.903
2021-10-15 23:00,0.791,11.227
2021-10-16 00:00,0.833,11.754
2021-10-16 01:00,0.853,12.053
2021-10-16 02:00,0.872,12.358
2021-10-16 03:00,0.900,12.882
2021-10-16 04:00,0.923,13.419
2021-10-16 05:00,0.945,14.052
2021-10-16 06:00,0.964,14.783
2021-10-16 07:00,0.979,15.705
2021-10-16 08:00,0.988,16.905
2021-10-16 09:00,0.986,18.191
2021-10-16 10:00,0.971,19.275
2021-10-16 11:00,0.964,19.598
2021-10-16 12:00,0.971,19.275
2021-10-16 13:00,0.970,19.331
2021-10-16 14:00,0.961,19.715
2021-10-16 15:00,0.960,19.736
2021-10-16 16:00,0.972,19.237
2021-10-16 17:00,0.981,18.645
2021-10-16 18:00,0.985,18.302
2021-10-16 19:00,0.987,18.033
2021-10-16 20:00,0.988,17.825
2021-10-16 21:00,0.989,17.505
2021-10-16 22:00,0.989,17.215
2021-10-16 23:00,0.989,17.394
2021-10-17 00:00,0.989,17.565
2021-10-17 01:00,0.989,17.388
2021-10-17 02:00,0.989,17.025
2021-10-17 03:00,0.989,16.965
2021-10-17 04:00,0.989,17.001
2021-10-17 05:00,0.988,16.877
2021-10-17 06:00,0.988,16.781
2021-10-17 07:00,0.988,16.802
2021-10-17 08:00,0.988,16.930
2021-10-17 09:00,0.988,16.847
2021-10-17 10:00,0.986,16.430
2021-10-17 11:00,0.982,15.988
2021-10-17 12:00,0.974,15.342
2021-10-17 13:00,0.960,14.621
2021-10-17 14:00,0.939,13.866
2021-10-17 15:00,0.918,13.296
2021-10-17 16:00,0.908,13.045
2021-10-17 17:00,0.902,12.929
2021-10-17 18:00,0.895,12.779
2021-10-17 19:00,0.890,12.691
2021-10-17 20:00,0.891,12.696
2021-10-17 21:00,0.893,12.733
2021-10-17 22:00,0.886,12.612
2021-10-17 23:00,0.878,12.460
2021-10-18 00:00,0.886,12.618
2021-10-18 01:00,0.868,12.291
2021-10-18 02:00,0.821,11.596
2021-10-18 03:00,0.768,10.963
2021-10-18 04:00,0.722,10.500
2021-10-18 05:00,0.680,10.117
2021-10-18 06:00,0.650,9.865
2021-10-18 07:00,0.633,9.711
2021-10-18 08:00,0.628,9.672
2021-10-18 09:00,0.619,9.614
2021-10-18 10:00,0.596,9.427
2021-10-18 11:00,0.557,9.132
2021-10-18 12:00,0.502,8.715
2021-10-18 13:00,0.446,8.299
2021-10-18 14:00,0.376,7.779
2021-10-18 15:00,0.293,7.124
2021-10-18 16:00,0.234,6.607
2021-10-18 17:00,0.212,6.396
2021-10-18 18:00,0.233,6.596
2021-10-18 19:00,0.290,7.095
2021-10-18 20:00,0.339,7.496
2021-10-18 21:00,0.338,7.485
2021-10-18 22:00,0.344,7.529
2021-10-18 23:00,0.367,7.719
2021-10-19 00:00,0.377,7.795
2021-10-19 01:00,0.262,6.857
2021-10-19 02:00,0.196,6.231
2021-10-19 03:00,0.266,6.900
2021-10-19 04:00,0.355,7.619
2021-10-19 05:00,0.317,7.320
2021-10-19 06:00,0.300,7.184
2021-10-19 07:00,0.387,7.865
2021-10-19 08:00,0.529,8.916
2021-10-19 09:00,0.667,10.008
2021-10-19 10:00,0.741,10.693
2021-10-19 11:00,0.768,10.969
2021-10-19 12:00,0.753,10.812
2021-10-19 13:00,0.715,10.434
2021-10-19 14:00,0.679,10.099
2021-10-19 15:00,0.647,9.837
2021-10-19 16:00,0.630,9.696
2021-10-19 17:00,0.610,9.538
2021-10-19 18:00,0.580,9.307
2021-10-19 19:00,0.552,9.094
2021-10-19 20:00,0.542,9.010
2021-10-19 21:00,0.533,8.948
2021-10-19 22:00,0.518,8.836
2021-10-19 23:00,0.499,8.700
2021-10-20 00:00,0.469,8.478
2021-10-20 01:00,0.389,7.884
2021-10-20 02:00,0.278,6.997
2021-10-20 03:00,0.200,6.285
2021-10-20 04:00,0.138,5.584
2021-10-20 05:00,0.082,4.795
2021-10-20 06:00,0.049,4.179
2021-10-20 07:00,0.062,4.446
2021-10-20 08:00,0.105,5.152
2021-10-20 09:00,0.128,5.468
2021-10-20 10:00,0.133,5.525
2021-10-20 11:00,0.118,5.342
2021-10-20 12:00,0.094,4.995
2021-10-20 13:00,0.068,4.546
2021-10-20 14:00,0.048,4.136
2021-10-20 15:00,0.036,3.863
2021-10-20 16:00,0.034,3.795
2021-10-20 17:00,0.041,3.994
2021-10-20 18:00,0.064,4.480
2021-10-20 19:00,0.120,5.367
2021-10-20 20:00,0.225,6.527
2021-10-20 21:00,0.353,7.610
2021-10-20 22:00,0.487,8.610
2021-10-20 23:00,0.584,9.336
2021-10-21 00:00,0.640,9.778
2021-10-21 01:00,0.652,9.884
2021-10-21 02:00,0.625,9.656
2021-10-21 03:00,0.599,9.446
2021-10-21 04:00,0.588,9.371
2021-10-21 05:00,0.590,9.386
2021-10-21 06:00,0.618,9.606
2021-10-21 07:00,0.678,10.095
2021-10-21 08:00,0.754,10.819
2021-10-21 09:00,0.805,11.391
2021-10-21 10:00,0.834,11.774
2021-10-21 11:00,0.857,12.118
2021-10-21 12:00,0.869,12.306
2021-10-21 13:00,0.868,12.292
2021-10-21 14:00,0.855,12.092
2021-10-21 15:00,0.858,12.125
2021-10-21 16:00,0.868,12.285
2021-10-21 17:00,0.878,12.469
2021-10-21 18:00,0.895,12.788
2021-10-21 19:00,0.917,13.255
2021-10-21 20:00,0.937,13.791
2021-10-21 21:00,0.939,13.837
2021-10-21 22:00,0.924,13.432
2021-10-21 23:00,0.913,13.155
2021-10-22 00:00,0.906,13.015
2021-10-22 01:00,0.900,12.892
2021-10-22 02:00,0.889,12.651
2021-10-22 03:00,0.898,12.836
2021-10-22 04:00,0.918,13.282
2021-10-22 05:00,0.934,13.704
2021-10-22 06:00,0.946,14.095
2021-10-22 07:00,0.959,14.569
2021-10-22 08:00,0.969,15.048
2021-10-22 09:00,0.970,15.100
2021-10-22 10:00,0.968,15.005
2021-10-22 11:00,0.967,14.955
2021-10-22 12:00,0.963,14.729
2021-10-22 13:00,0.948,14.140
2021-10-22 14:00,0.930,13.581
2021-10-22 15:00,0.922,13.391
2021-10-22 16:00,0.928,13.552
2021-10-22 17:00,0.934,13.719
2021-10-22 18:00,0.937,13.802
2021-10-22 19:00,0.932,13.644
2021-10-22 20:00,0.928,13.548
2021-10-22 21:00,0.924,13.423
2021-10-22 22:00,0.915,13.208
2021-10-22 23:00,0.910,13.106
2021-10-23 00:00,0.925,13.467
2021-10-23 01:00,0.933,13.684
2021-10-23 02:00,0.928,13.529
2021-10-23 03:00,0.922,13.370
2021-10-23 04:00,0.914,13.176
2021-10-23 05:00,0.907,13.037
2021-10-23 06:00,0.911,13.119
2021-10-23 07:00,0.925,13.457
2021-10-23 08:00,0.939,13.835
2021-10-23 09:00,0.946,14.085
2021-10-23 10:00,0.956,14.431
2021-10-23 11:00,0.958,14.533
2021-10-23 12:00,0.955,14.392
2021-10-23 13:00,0.946,14.094
2021-10-23 14:00,0.928,13.528
2021-10-23 15:00,0.906,13.010
2021-10-23 16:00,0.880,12.489
2021-10-23 17:00,0.861,12.166
2021-10-23 18:00,0.852,12.031
2021-10-23 19:00,0.854,12.063
2021-10-23 20:00,0.853,12.046
2021-10-23 21:00,0.866,12.253
2021-10-23 22:00,0.871,12.335
2021-10-23 23:00,0.850,12.001
2021-10-24 00:00,0.848,11.976
2021-10-24 01:00,0.838,11.830
2021-10-24 02:00,0.803,11.370
2021-10-24 03:00,0.798,11.309
2021-10-24 04:00,0.823,11.621
2021-10-24 05:00,0.847,11.961
2021-10-24 06:00,0.873,12.380
2021-10-24 07:00,0.900,12.883
2021-10-24 08:00,0.919,13.313
2021-10-24 09:00,0.915,13.226
2021-10-24 10:00,0.901,12.903
2021-10-24 11:00,0.896,12.797
2021-10-24 12:00,0.895,12.779
2021-10-24 13:00,0.892,12.716
2021-10-24 14:00,0.886,12.610
2021-10-24 15:00,0.892,12.724
2021-10-24 16:00,0.899,12.851
2021-10-24 17:00,0.900,12.885
2021-10-24 18:00,0.902,12.921
2021-10-24 19:00,0.905,12.983
2021-10-24 20:00,0.902,12.929
2021-10-24 21:00,0.890,12.677
2021-10-24 22:00,0.880,12.491
2021-10-24 23:00,0.864,12.228
2021-10-25 00:00,0.873,12.385
2021-10-25 01:00,0.875,12.406
2021-10-25 02:00,0.872,12.350
2021-10-25 03:00,0.882,12.540
2021-10-25 04:00,0.894,12.764
2021-10-25 05:00,0.906,13.002
2021-10-25 06:00,0.919,13.305
2021-10-25 07:00,0.932,13.640
2021-10-25 08:00,0.938,13.816
2021-10-25 09:00,0.930,13.583
2021-10-25 10:00,0.920,13.326
2021-10-25 11:00,0.915,13.213
2021-10-25 12:00,0.899,12.873
2021-10-25 13:00,0.875,12.405
2021-10-25 14:00,0.851,12.019
2021-10-25 15:00,0.848,11.977
2021-10-25 16:00,0.855,12.087
2021-10-25 17:00,0.853,12.048
2021-10-25 18:00,0.846,11.944
2021-10-25 19:00,0.837,11.816
2021-10-25 20:00,0.823,11.628
2021-10-25 21:00,0.820,11.585
2021-10-25 22:00,0.813,11.496
2021-10-25 23:00,0.815,11.509
2021-10-26 00:00,0.815,11.522
2021-10-26 01:00,0.805,11.391
2021-10-26 02:00,0.791,11.229
2021-10-26 03:00,0.775,11.050
2021-10-26 04:00,0.763,10.899
2021-10-26 05:00,0.764,10.925
2021-10-26 06:00,0.779,11.080
2021-10-26 07:00,0.807,11.415
2021-10-26 08:00,0.838,11.829
2021-10-26 09:00,0.844,11.913
2021-10-26 10:00,0.823,11.619
2021-10-26 11:00,0.779,11.092
2021-10-26 12:00,0.707,10.358
2021-10-26 13:00,0.639,9.775
2021-10-26 14:00,0.587,9.358
2021-10-26 15:00,0.563,9.168
2021-10-26 16:00,0.558,9.138
2021-10-26 17:00,0.553,9.099
2021-10-26 18:00,0.553,9.098
2021-10-26 19:00,0.555,9.117
2021-10-26 20:00,0.561,9.150
2021-10-26 21:00,0.569,9.220
2021-10-26 22:00,0.577,9.282
2021-10-26 23:00,0.582,9.320
2021-10-27 00:00,0.647,9.836
2021-10-27 01:00,0.674,10.067
2021-10-27 02:00,0.687,10.179
2021-10-27 03:00,0.707,10.349
2021-10-27 04:00,0.731,10.588
2021-10-27 05:00,0.752,10.798
2021-10-27 06:00,0.781,11.100
2021-10-27 07:00,0.822,11.617
2021-10-27 08:00,0.859,12.145
2021-10-27 09:00,0.864,12.222
2021-10-27 10:00,0.851,12.007
2021-10-27 11:00,0.840,11.854
2021-10-27 12:00,0.820,11.575
2021-10-27 13:00,0.791,11.223
2021-10-27 14:00,0.764,10.926
2021-10-27 15:00,0.768,10.966
2021-10-27 16:00,0.783,11.132
2021-10-27 17:00,0.784,11.145
2021-10-27 18:00,0.785,11.159
2021-10-27 19:00,0.793,11.247
2021-10-27 20:00,0.810,11.463
2021-10-27 21:00,0.807,11.414
2021-10-27 22:00,0.779,11.087
2021-10-27 23:00,0.747,10.741
2021-10-28 00:00,0.760,10.880
2021-10-28 01:00,0.738,10.653
2021-10-28 02:00,0.693,10.239
2021-10-28 03:00,0.681,10.127
2021-10-28 04:00,0.696,10.265
2021-10-28 05:00,0.714,10.422
2021-10-28 06:00,0.741,10.689
2021-10-28 07:00,0.775,11.044
2021-10-28 08:00,0.809,11.449
2021-10-28 09:00,0.827,11.670
2021-10-28 10:00,0.827,11.674
2021-10-28 11:00,0.806,11.412
2021-10-28 12:00,0.776,11.060
2021-10-28 13:00,0.738,10.659
2021-10-28 14:00,0.693,10.231
2021-10-28 15:00,0.668,10.015
2021-10-28 16:00,0.670,10.031
2021-10-28 17:00,0.685,10.159
2021-10-28 18:00,0.696,10.263
2021-10-28 19:00,0.703,10.324
2021-10-28 20:00,0.717,10.443
2021-10-28 21:00,0.717,10.446
2021-10-28 22:00,0.701,10.303
2021-10-28 23:00,0.653,9.890
2021-10-29 00:00,0.645,9.822
2021-10-29 01:00,0.613,9.563
2021-10-29 02:00,0.576,9.272
2021-10-29 03:00,0.573,9.246
2021-10-29 04:00,0.589,9.377
2021-10-29 05:00,0.616,9.579
2021-10-29 06:00,0.654,9.893
2021-10-29 07:00,0.702,10.316
2021-10-29 08:00,0.753,10.806
2021-10-29 09:00,0.766,10.950
2021-10-29 10:00,0.725,10.533
2021-10-29 11:00,0.663,9.975
2021-10-29 12:00,0.589,9.373
2021-10-29 13:00,0.509,8.768
2021-10-29 14:00,0.447,8.312
2021-10-29 15:00,0.436,8.232
2021-10-29 16:00,0.470,8.484
2021-10-29 17:00,0.485,8.598
2021-10-29 18:00,0.488,8.617
2021-10-29 19:00,0.497,8.678
2021-10-29 20:00,0.511,8.780
2021-10-29 21:00,0.514,8.800
2021-10-29 22:00,0.509,8.769
2021-10-29 23:00,0.500,8.704
2021-10-30 00:00,0.545,9.031
2021-10-30 01:00,0.558,9.136
2021-10-30 02:00,0.554,9.108
2021-10-30 03:00,0.552,9.094
2021-10-30 04:00,0.549,9.069
2021-10-30 05:00,0.548,9.052
2021-10-30 06:00,0.561,9.150
2021-10-30 07:00,0.575,9.260
2021-10-30 08:00,0.594,9.412
2021-10-30 09:00,0.625,9.654
2021-10-30 10:00,0.656,9.906
2021-10-30 11:00,0.678,10.094
2021-10-30 12:00,0.681,10.132
2021-10-30 13:00,0.659,9.933
2021-10-30 14:00,0.627,9.669
2021-10-30 15:00,0.640,9.779
2021-10-30 16:00,0.691,10.219
2021-10-30 17:00,0.731,10.586
2021-10-30 18:00,0.775,11.043
2021-10-30 19:00,0.810,11.457
2021-10-30 20:00,0.833,11.753
2021-10-30 21:00,0.840,11.857
2021-10-30 22:00,0.834,11.764
2021-10-30 23:00,0.814,11.501
2021-10-31 00:00,0.843,11.910
2021-10-31 01:00,0.839,11.844
2021-10-31 02:00,0.809,11.440
2021-10-31 03:00,0.777,11.067
2021-10-31 04:00,0.765,10.941
2021-10-31 05:00,0.765,10.938
2021-10-31 06:00,0.785,11.148
2021-10-31 07:00,0.818,11.561
2021-10-31 08:00,0.850,11.993
2021-10-31 09:00,0.852,12.034
2021-10-31 10:00,0.838,11.824
2021-10-31 11:00,0.829,11.705
2021-10-31 12:00,0.813,11.493
2021-10-31 13:00,0.778,11.074
2021-10-31 14:00,0.731,10.592
2021-10-31 15:00,0.720,10.483
2021-10-31 16:00,0.729,10.571
2021-10-31 17:00,0.738,10.649
2021-10-31 18:00,0.747,10.742
2021-10-31 19:00,0.751,10.794
2021-10-31 20:00,0.760,10.880
2021-10-31 21:00,0.779,11.092
2021-10-31 22:00,0.791,11.229
2021-10-31 23:00,0.795,11.271
2021-11-01 00:00,0.842,11.887
2021-11-01 01:00,0.886,12.605
2021-11-01 02:00,0.899,12.863
2021-11-01 03:00,0.896,12.796
2021-11-01 04:00,0.888,12.643
2021-11-01 05:00,0.884,12.570
2021-11-01 06:00,0.892,12.715
2021-11-01 07:00,0.906,13.019
2021-11-01 08:00,0.919,13.310
2021-11-01 09:00,0.923,13.395
2021-11-01 10:00,0.922,13.381
2021-11-01 11:00,0.918,13.296
2021-11-01 12:00,0.914,13.178
2021-11-01 13:00,0.901,12.895
2021-11-01 14:00,0.872,12.361
2021-11-01 15:00,0.852,12.027
2021-11-01 16:00,0.840,11.856
2021-11-01 17:00,0.832,11.745
2021-11-01 18:00,0.823,11.625
2021-11-01 19:00,0.832,11.739
2021-11-01 20:00,0.845,11.934
2021-11-01 21:00,0.843,11.905
2021-11-01 22:00,0.828,11.692
2021-11-01 23:00,0.796,11.280
2021-11-02 00:00,0.822,11.614
2021-11-02 01:00,0.823,11.629
2021-11-02 02:00,0.810,11.458
2021-11-02 03:00,0.800,11.329
2021-11-02 04:00,0.785,11.155
2021-11-02 05:00,0.763,10.907
2021-11-02 06:00,0.750,10.775
2021-11-02 07:00,0.763,10.918
2021-11-02 08:00,0.795,11.261
2021-11-02 09:00,0.796,11.285
2021-11-02 10:00,0.766,10.947
2021-11-02 11:00,0.748,10.753
2021-11-02 12:00,0.727,10.554
2021-11-02 13:00,0.691,10.218
2021-11-02 14:00,0.658,9.919
2021-11-02 15:00,0.663,9.969
2021-11-02 16:00,0.672,10.052
2021-11-02 17:00,0.666,9.998
2021-11-02 18:00,0.654,9.893
2021-11-02 19:00,0.655,9.898
2021-11-02 20:00,0.656,9.905
2021-11-02 21:00,0.636,9.739
2021-11-02 22:00,0.616,9.584
2021-11-02 23:00,0.583,9.330
2021-11-03 00:00,0.612,9.554
2021-11-03 01:00,0.609,9.530
2021-11-03 02:00,0.589,9.376
2021-11-03 03:00,0.562,9.166
2021-11-03 04:00,0.554,9.105
2021-11-03 05:00,0.580,9.308
2021-11-03 06:00,0.625,9.657
2021-11-03 07:00,0.672,10.051
2021-11-03 08:00,0.714,10.423
2021-11-03 09:00,0.745,10.728
2021-11-03 10:00,0.759,10.867
2021-11-03 11:00,0.749,10.759
2021-11-03 12:00,0.691,10.211
2021-11-03 13:00,0.625,9.647
2021-11-03 14:00,0.566,9.191
2021-11-03 15:00,0.559,9.142
2021-11-03 16:00,0.555,9.117
2021-11-03 17:00,0.538,8.982
2021-11-03 18:00,0.515,8.814
2021-11-03 19:00,0.506,8.748
2021-11-03 20:00,0.497,8.672
2021-11-03 21:00,0.467,8.463
2021-11-03 22:00,0.422,8.130
2021-11-03 23:00,0.362,7.677
2021-11-04 00:00,0.362,7.665
2021-11-04 01:00,0.297,7.162
2021-11-04 02:00,0.194,6.218
2021-11-04 03:00,0.122,5.391
2021-11-04 04:00,0.095,5.004
2021-11-04 05:00,0.101,5.096
2021-11-04 06:00,0.133,5.525
2021-11-04 07:00,0.175,6.017
2021-11-04 08:00,0.213,6.410
2021-11-04 09:00,0.234,6.603
2021-11-04 10:00,0.237,6.637
2021-11-04 11:00,0.225,6.526
2021-11-04 12:00,0.190,6.173
2021-11-04 13:00,0.152,5.761
2021-11-04 14:00,0.120,5.363
2021-11-04 15:00,0.099,5.057
2021-11-04 16:00,0.076,4.692
2021-11-04 17:00,0.061,4.427
2021-11-04 18:00,0.067,4.538
2021-11-04 19:00,0.079,4.757
2021-11-04 20:00,0.083,4.808
2021-11-04 21:00,0.069,4.579
2021-11-04 22:00,0.048,4.158
2021-11-04 23:00,0.023,3.449
2021-11-05 00:00,0.007,2.697
2021-11-05 01:00,0.004,2.349
2021-11-05 02:00,0.009,2.795
2021-11-05 03:00,0.019,3.328
2021-11-05 04:00,0.035,3.830
2021-11-05 05:00,0.061,4.419
2021-11-05 06:00,0.090,4.923
2021-11-05 07:00,0.108,5.196
2021-11-05 08:00,0.122,5.384
2021-11-05 09:00,0.154,5.781
2021-11-05 10:00,0.149,5.722
2021-11-05 11:00,0.105,5.153
2021-11-05 12:00,0.068,4.567
2021-11-05 13:00,0.053,4.263
2021-11-05 14:00,0.050,4.201
2021-11-05 15:00,0.053,4.264
2021-11-05 16:00,0.061,4.413
2021-11-05 17:00,0.066,4.523
2021-11-05 18:00,0.067,4.528
2021-11-05 19:00,0.068,4.565
2021-11-05 20:00,0.068,4.564
2021-11-05 21:00,0.060,4.395
2021-11-05 22:00,0.051,4.212
2021-11-05 23:00,0.037,3.868
2021-11-06 00:00,0.038,3.923
2021-11-06 01:00,0.042,4.001
2021-11-06 02:00,0.025,3.527
2021-11-06 03:00,0.008,2.752
2021-11-06 04:00,0.001,1.893
2021-11-06 05:00,0,1.392
2021-11-06 06:00,0.006,2.574
2021-11-06 07:00,0.061,4.410
2021-11-06 08:00,0.219,6.461
2021-11-06 09:00,0.402,7.982
2021-11-06 10:00,0.453,8.352
2021-11-06 11:00,0.453,8.348
2021-11-06 12:00,0.417,8.093
2021-11-06 13:00,0.379,7.811
2021-11-06 14:00,0.381,7.821
2021-11-06 15:00,0.426,8.157
2021-11-06 16:00,0.494,8.662
2021-11-06 17:00,0.628,9.683
2021-11-06 18:00,0.716,10.439
2021-11-06 19:00,0.739,10.672
2021-11-06 20:00,0.744,10.713
2021-11-06 21:00,0.738,10.660
2021-11-06 22:00,0.705,10.341
2021-11-06 23:00,0.647,9.828
2021-11-07 00:00,0.658,9.920
2021-11-07 01:00,0.668,10.015
2021-11-07 02:00,0.647,9.833
2021-11-07 03:00,0.615,9.573
2021-11-07 04:00,0.584,9.335
2021-11-07 05:00,0.506,8.739
2021-11-07 06:00,0.469,8.475
2021-11-07 07:00,0.499,8.692
2021-11-07 08:00,0.528,8.907
2021-11-07 09:00,0.484,8.588
2021-11-07 10:00,0.429,8.186
2021-11-07 11:00,0.422,8.122
2021-11-07 12:00,0.417,8.087
2021-11-07 13:00,0.411,8.044
2021-11-07 14:00,0.399,7.961
2021-11-07 15:00,0.453,8.362
2021-11-07 16:00,0.744,10.720
2021-11-07 17:00,0.906,12.990
2021-11-07 18:00,0.940,13.890
2021-11-07 19:00,0.958,14.515
2021-11-07 20:00,0.970,15.098
2021-11-07 21:00,0.977,15.562
2021-11-07 22:00,0.971,15.131
2021-11-07 23:00,0.939,13.837
2021-11-08 00:00,0.887,12.634
2021-11-08 01:00,0.808,11.432
2021-11-08 02:00,0.717,10.450
2021-11-08 03:00,0.688,10.183
2021-11-08 04:00,0.705,10.337
2021-11-08 05:00,0.724,10.525
2021-11-08 06:00,0.751,10.786
2021-11-08 07:00,0.784,11.143
2021-11-08 08:00,0.813,11.486
2021-11-08 09:00,0.807,11.425
2021-11-08 10:00,0.789,11.204
2021-11-08 11:00,0.786,11.163
2021-11-08 12:00,0.787,11.184
2021-11-08 13:00,0.795,11.264
2021-11-08 14:00,0.806,11.409
2021-11-08 15:00,0.829,11.703
2021-11-08 16:00,0.856,12.100
2021-11-08 17:00,0.873,12.375
2021-11-08 18:00,0.882,12.545
2021-11-08 19:00,0.887,12.629
2021-11-08 20:00,0.886,12.604
2021-11-08 21:00,0.869,12.310
2021-11-08 22:00,0.839,11.840
2021-11-08 23:00,0.785,11.151
2021-11-09 00:00,0.767,10.962
2021-11-09 01:00,0.715,10.434
2021-11-09 02:00,0.635,9.734
2021-11-09 03:00,0.585,9.342
2021-11-09 04:00,0.569,9.218
2021-11-09 05:00,0.548,9.062
2021-11-09 06:00,0.522,8.869
2021-11-09 07:00,0.502,8.721
2021-11-09 08:00,0.497,8.678
2021-11-09 09:00,0.487,8.609
2021-11-09 10:00,0.431,8.198
2021-11-09 11:00,0.362,7.677
2021-11-09 12:00,0.300,7.184
2021-11-09 13:00,0.266,6.898
2021-11-09 14:00,0.281,7.022
2021-11-09 15:00,0.348,7.571
2021-11-09 16:00,0.407,8.016
2021-11-09 17:00,0.431,8.198
2021-11-09 18:00,0.454,8.364
2021-11-09 19:00,0.509,8.772
2021-11-09 20:00,0.599,9.451
2021-11-09 21:00,0.641,9.791
2021-11-09 22:00,0.644,9.810
2021-11-09 23:00,0.598,9.439
2021-11-10 00:00,0.561,9.160
2021-11-10 01:00,0.524,8.883
2021-11-10 02:00,0.407,8.019
2021-11-10 03:00,0.321,7.356
2021-11-10 04:00,0.274,6.968
2021-11-10 05:00,0.239,6.651
2021-11-10 06:00,0.222,6.496
2021-11-10 07:00,0.229,6.558
2021-11-10 08:00,0.256,6.813
2021-11-10 09:00,0.275,6.972
2021-11-10 10:00,0.264,6.868
2021-11-10 11:00,0.252,6.770
2021-11-10 12:00,0.242,6.677
2021-11-10 13:00,0.240,6.662
2021-11-10 14:00,0.256,6.806
2021-11-10 15:00,0.302,7.203
2021-11-10 16:00,0.365,7.699
2021-11-10 17:00,0.424,8.142
2021-11-10 18:00,0.465,8.441
2021-11-10 19:00,0.486,8.604
2021-11-10 20:00,0.499,8.692
2021-11-10 21:00,0.502,8.709
2021-11-10 22:00,0.482,8.565
2021-11-10 23:00,0.407,8.015
2021-11-11 00:00,0.306,7.231
2021-11-11 01:00,0.267,6.901
2021-11-11 02:00,0.236,6.630
2021-11-11 03:00,0.246,6.715
2021-11-11 04:00,0.297,7.147
2021-11-11 05:00,0.359,7.645
2021-11-11 06:00,0.415,8.073
2021-11-11 07:00,0.468,8.473
2021-11-11 08:00,0.537,8.981
2021-11-11 09:00,0.607,9.508
2021-11-11 10:00,0.611,9.545
2021-11-11 11:00,0.582,9.318
2021-11-11 12:00,0.540,8.993
2021-11-11 13:00,0.488,8.617
2021-11-11 14:00,0.444,8.286
2021-11-11 15:00,0.474,8.506
2021-11-11 16:00,0.567,9.207
2021-11-11 17:00,0.658,9.919
2021-11-11 18:00,0.712,10.406
2021-11-11 19:00,0.718,10.460
2021-11-11 20:00,0.702,10.311
2021-11-11 21:00,0.706,10.344
2021-11-11 22:00,0.718,10.466
2021-11-11 23:00,0.661,9.952
2021-11-12 00:00,0.620,9.619
2021-11-12 01:00,0.617,9.592
2021-11-12 02:00,0.599,9.440
2021-11-12 03:00,0.616,9.578
2021-11-12 04:00,0.676,10.076
2021-11-12 05:00,0.761,10.888
2021-11-12 06:00,0.841,11.876
2021-11-12 07:00,0.899,12.860
2021-11-12 08:00,0.935,13.732
2021-11-12 09:00,0.941,13.914
2021-11-12 10:00,0.922,13.383
2021-11-12 11:00,0.889,12.666
2021-11-12 12:00,0.853,12.051
2021-11-12 13:00,0.815,11.516
2021-11-12 14:00,0.794,11.257
2021-11-12 15:00,0.794,11.254
2021-11-12 16:00,0.795,11.266
2021-11-12 17:00,0.820,11.574
2021-11-12 18:00,0.848,11.980
2021-11-12 19:00,0.810,11.454
2021-11-12 20:00,0.738,10.651
2021-11-12 21:00,0.738,10.653
2021-11-12 22:00,0.720,10.480
2021-11-12 23:00,0.692,10.224
2021-11-13 00:00,0.698,10.280
2021-11-13 01:00,0.689,10.194
2021-11-13 02:00,0.643,9.802
2021-11-13 03:00,0.584,9.335
2021-11-13 04:00,0.575,9.267
2021-11-13 05:00,0.607,9.509
2021-11-13 06:00,0.628,9.675
2021-11-13 07:00,0.647,9.832
2021-11-13 08:00,0.659,9.935
2021-11-13 09:00,0.679,10.109
2021-11-13 10:00,0.687,10.172
2021-11-13 11:00,0.675,10.074
2021-11-13 12:00,0.658,9.921
2021-11-13 13:00,0.642,9.797
2021-11-13 14:00,0.641,9.789
2021-11-13 15:00,0.658,9.918
2021-11-13 16:00,0.679,10.114
2021-11-13 17:00,0.703,10.323
2021-11-13 18:00,0.724,10.523
2021-11-13 19:00,0.742,10.702
2021-11-13 20:00,0.762,10.896
2021-11-13 21:00,0.775,11.041
2021-11-13 22:00,0.778,11.076
2021-11-13 23:00,0.747,10.745
2021-11-14 00:00,0.729,10.570
2021-11-14 01:00,0.771,10.993
2021-11-14 02:00,0.752,10.804
2021-11-14 03:00,0.756,10.841
2021-11-14 04:00,0.783,11.125
2021-11-14 05:00,0.816,11.524
2021-11-14 06:00,0.851,12.011
2021-11-14 07:00,0.878,12.463
2021-11-14 08:00,0.895,12.789
2021-11-14 09:00,0.899,12.855
2021-11-14 10:00,0.880,12.487
2021-11-14 11:00,0.851,12.009
2021-11-14 12:00,0.819,11.568
2021-11-14 13:00,0.792,11.235
2021-11-14 14:00,0.767,10.962
2021-11-14 15:00,0.767,10.957
2021-11-14 16:00,0.783,11.121
2021-11-14 17:00,0.798,11.315
2021-11-14 18:00,0.817,11.531
2021-11-14 19:00,0.827,11.682
2021-11-14 20:00,0.837,11.819
2021-11-14 21:00,0.831,11.731
2021-11-14 22:00,0.805,11.391
2021-11-14 23:00,0.783,11.121
2021-11-15 00:00,0.820,11.584
2021-11-15 01:00,0.856,12.104
2021-11-15 02:00,0.838,11.838
2021-11-15 03:00,0.813,11.488
2021-11-15 04:00,0.810,11.459
2021-11-15 05:00,0.824,11.635
2021-11-15 06:00,0.841,11.870
2021-11-15 07:00,0.855,12.084
2021-11-15 08:00,0.865,12.236
2021-11-15 09:00,0.851,12.014
2021-11-15 10:00,0.818,11.564
2021-11-15 11:00,0.800,11.327
2021-11-15 12:00,0.795,11.262
2021-11-15 13:00,0.791,11.230
2021-11-15 14:00,0.777,11.071
2021-11-15 15:00,0.786,11.164
2021-11-15 16:00,0.796,11.283
2021-11-15 17:00,0.801,11.334
2021-11-15 18:00,0.798,11.313
2021-11-15 19:00,0.778,11.076
2021-11-15 20:00,0.747,10.737
2021-11-15 21:00,0.723,10.511
2021-11-15 22:00,0.707,10.354
2021-11-15 23:00,0.660,9.943
2021-11-16 00:00,0.684,10.148
2021-11-16 01:00,0.691,10.215
2021-11-16 02:00,0.660,9.944
2021-11-16 03:00,0.633,9.722
2021-11-16 04:00,0.618,9.601
2021-11-16 05:00,0.616,9.586
2021-11-16 06:00,0.648,9.844
2021-11-16 07:00,0.712,10.411
2021-11-16 08:00,0.776,11.056
2021-11-16 09:00,0.811,11.468
2021-11-16 10:00,0.824,11.642
2021-11-16 11:00,0.827,11.676
2021-11-16 12:00,0.820,11.580
2021-11-16 13:00,0.823,11.628
2021-11-16 14:00,0.820,11.580
2021-11-16 15:00,0.826,11.663
2021-11-16 16:00,0.851,12.011
2021-11-16 17:00,0.877,12.449
2021-11-16 18:00,0.891,12.712
2021-11-16 19:00,0.900,12.885
2021-11-16 20:00,0.905,12.989
2021-11-16 21:00,0.903,12.948
2021-11-16 22:00,0.892,12.726
2021-11-16 23:00,0.870,12.321
2021-11-17 00:00,0.867,12.271
2021-11-17 01:00,0.876,12.428
2021-11-17 02:00,0.867,12.277
2021-11-17 03:00,0.864,12.210
2021-11-17 04:00,0.858,12.127
2021-11-17 05:00,0.860,12.158
2021-11-17 06:00,0.858,12.127
2021-11-17 07:00,0.838,11.838
2021-11-17 08:00,0.812,11.484
2021-11-17 09:00,0.771,10.990
2021-11-17 10:00,0.724,10.525
2021-11-17 11:00,0.669,10.027
2021-11-17 12:00,0.601,9.463
2021-11-17 13:00,0.563,9.168
2021-11-17 14:00,0.556,9.119
2021-11-17 15:00,0.545,9.038
2021-11-17 16:00,0.548,9.051
2021-11-17 17:00,0.551,9.088
2021-11-17 18:00,0.561,9.162
2021-11-17 19:00,0.587,9.356
2021-11-17 20:00,0.625,9.654
2021-11-17 21:00,0.633,9.728
2021-11-17 22:00,0.619,9.614
2021-11-17 23:00,0.575,9.267
2021-11-18 00:00,0.550,9.079
2021-11-18 01:00,0.526,8.893
2021-11-18 02:00,0.474,8.508
2021-11-18 03:00,0.446,8.305
2021-11-18 04:00,0.445,8.294
2021-11-18 05:00,0.454,8.370
2021-11-18 06:00,0.472,8.491
2021-11-18 07:00,0.514,8.809
2021-11-18 08:00,0.561,9.157
2021-11-18 09:00,0.581,9.315
2021-11-18 10:00,0.592,9.394
2021-11-18 11:00,0.618,9.603
2021-11-18 12:00,0.647,9.840
2021-11-18 13:00,0.654,9.893
2021-11-18 14:00,0.644,9.817
2021-11-18 15:00,0.642,9.800
2021-11-18 16:00,0.651,9.873
2021-11-18 17:00,0.650,9.867
2021-11-18 18:00,0.666,10
2021-11-18 19:00,0.682,10.133
2021-11-18 20:00,0.698,10.280
2021-11-18 21:00,0.689,10.196
2021-11-18 22:00,0.679,10.108
2021-11-18 23:00,0.649,9.857
2021-11-19 00:00,0.651,9.872
2021-11-19 01:00,0.677,10.081
2021-11-19 02:00,0.680,10.120
2021-11-19 03:00,0.693,10.233
2021-11-19 04:00,0.725,10.528
2021-11-19 05:00,0.773,11.020
2021-11-19 06:00,0.830,11.714
2021-11-19 07:00,0.878,12.466
2021-11-19 08:00,0.908,13.060
2021-11-19 09:00,0.908,13.048
2021-11-19 10:00,0.899,12.849
2021-11-19 11:00,0.890,12.678
2021-11-19 12:00,0.867,12.271
2021-11-19 13:00,0.829,11.711
2021-11-19 14:00,0.796,11.288
2021-11-19 15:00,0.771,10.995
2021-11-19 16:00,0.763,10.902
2021-11-19 17:00,0.775,11.043
2021-11-19 18:00,0.793,11.243
2021-11-19 19:00,0.815,11.513
2021-11-19 20:00,0.830,11.713
2021-11-19 21:00,0.822,11.604
2021-11-19 22:00,0.803,11.364
2021-11-19 23:00,0.767,10.958
2021-11-20 00:00,0.793,11.242
2021-11-20 01:00,0.805,11.391
2021-11-20 02:00,0.799,11.316
2021-11-20 03:00,0.795,11.265
2021-11-20 04:00,0.815,11.520
2021-11-20 05:00,0.841,11.878
2021-11-20 06:00,0.864,12.226
2021-11-20 07:00,0.877,12.441
2021-11-20 08:00,0.880,12.495
2021-11-20 09:00,0.857,12.121
2021-11-20 10:00,0.820,11.588
2021-11-20 11:00,0.783,11.121
2021-11-20 12:00,0.740,10.674
2021-11-20 13:00,0.713,10.413
2021-11-20 14:00,0.680,10.118
2021-11-20 15:00,0.649,9.858
2021-11-20 16:00,0.620,9.619
2021-11-20 17:00,0.584,9.335
2021-11-20 18:00,0.542,9.014
2021-11-20 19:00,0.499,8.700
2021-11-20 20:00,0.477,8.527
2021-11-20 21:00,0.478,8.537
2021-11-20 22:00,0.466,8.458
2021-11-20 23:00,0.388,7.874
2021-11-21 00:00,0.291,7.104
2021-11-21 01:00,0.225,6.525
2021-11-21 02:00,0.162,5.875
2021-11-21 03:00,0.111,5.241
2021-11-21 04:00,0.071,4.608
2021-11-21 05:00,0.047,4.119
2021-11-21 06:00,0.042,4.009
2021-11-21 07:00,0.057,4.351
2021-11-21 08:00,0.097,5.035
2021-11-21 09:00,0.150,5.742
2021-11-21 10:00,0.143,5.659
2021-11-21 11:00,0.100,5.080
2021-11-21 12:00,0.055,4.305
2021-11-21 13:00,0.028,3.623
2021-11-21 14:00,0.018,3.294
2021-11-21 15:00,0.021,3.407
2021-11-21 16:00,0.035,3.826
2021-11-21 17:00,0.068,4.566
2021-11-21 18:00,0.166,5.923
2021-11-21 19:00,0.417,8.085
2021-11-21 20:00,0.767,10.960
2021-11-21 21:00,0.909,13.079
2021-11-21 22:00,0.937,13.797
2021-11-21 23:00,0.938,13.812
2021-11-22 00:00,0.947,14.104
2021-11-22 01:00,0.946,14.067
2021-11-22 02:00,0.933,13.689
2021-11-22 03:00,0.932,13.659
2021-11-22 04:00,0.936,13.772
2021-11-22 05:00,0.932,13.658
2021-11-22 06:00,0.929,13.561
2021-11-22 07:00,0.930,13.597
2021-11-22 08:00,0.933,13.675
2021-11-22 09:00,0.931,13.612
2021-11-22 10:00,0.925,13.462
2021-11-22 11:00,0.920,13.328
2021-11-22 12:00,0.918,13.279
2021-11-22 13:00,0.924,13.437
2021-11-22 14:00,0.930,13.590
2021-11-22 15:00,0.939,13.853
2021-11-22 16:00,0.944,14.006
2021-11-22 17:00,0.953,14.306
2021-11-22 18:00,0.959,14.552
2021-11-22 19:00,0.959,14.561
2021-11-22 20:00,0.954,14.385
2021-11-22 21:00,0.943,13.971
2021-11-22 22:00,0.923,13.414
2021-11-22 23:00,0.900,12.879
2021-11-23 00:00,0.877,12.454
2021-11-23 01:00,0.851,12.022
2021-11-23 02:00,0.819,11.571
2021-11-23 03:00,0.798,11.304
2021-11-23 04:00,0.784,11.145
2021-11-23 05:00,0.777,11.064
2021-11-23 06:00,0.781,11.109
2021-11-23 07:00,0.793,11.247
2021-11-23 08:00,0.811,11.466
2021-11-23 09:00,0.822,11.616
2021-11-23 10:00,0.817,11.532
2021-11-23 11:00,0.801,11.338
2021-11-23 12:00,0.782,11.118
2021-11-23 13:00,0.765,10.939
2021-11-23 14:00,0.760,10.879
2021-11-23 15:00,0.773,11.023
2021-11-23 16:00,0.788,11.196
2021-11-23 17:00,0.801,11.340
2021-11-23 18:00,0.815,11.517
2021-11-23 19:00,0.826,11.654
2021-11-23 20:00,0.830,11.723
2021-11-23 21:00,0.826,11.651
2021-11-23 22:00,0.816,11.525
2021-11-23 23:00,0.787,11.178
2021-11-24 00:00,0.788,11.195
2021-11-24 01:00,0.785,11.159
2021-11-24 02:00,0.748,10.756
2021-11-24 03:00,0.731,10.580
2021-11-24 04:00,0.734,10.613
2021-11-24 05:00,0.749,10.765
2021-11-24 06:00,0.777,11.062
2021-11-24 07:00,0.806,11.399
2021-11-24 08:00,0.822,11.604
2021-11-24 09:00,0.812,11.478
2021-11-24 10:00,0.774,11.028
2021-11-24 11:00,0.715,10.432
2021-11-24 12:00,0.644,9.817
2021-11-24 13:00,0.576,9.273
2021-11-24 14:00,0.533,8.952
2021-11-24 15:00,0.556,9.124
2021-11-24 16:00,0.601,9.470
2021-11-24 17:00,0.633,9.712
2021-11-24 18:00,0.647,9.837
2021-11-24 19:00,0.656,9.900
2021-11-24 20:00,0.663,9.976
2021-11-24 21:00,0.658,9.920
2021-11-24 22:00,0.645,9.819
2021-11-24 23:00,0.618,9.606
2021-11-25 00:00,0.583,9.325
2021-11-25 01:00,0.614,9.571
2021-11-25 02:00,0.633,9.725
2021-11-25 03:00,0.656,9.901
2021-11-25 04:00,0.689,10.194
2021-11-25 05:00,0.726,10.540
2021-11-25 06:00,0.764,10.924
2021-11-25 07:00,0.807,11.421
2021-11-25 08:00,0.843,11.905
2021-11-25 09:00,0.860,12.161
2021-11-25 10:00,0.850,11.995
2021-11-25 11:00,0.817,11.537
2021-11-25 12:00,0.774,11.030
2021-11-25 13:00,0.763,10.899
2021-11-25 14:00,0.775,11.047
2021-11-25 15:00,0.805,11.394
2021-11-25 16:00,0.839,11.845
2021-11-25 17:00,0.858,12.125
2021-11-25 18:00,0.862,12.190
2021-11-25 19:00,0.865,12.250
2021-11-25 20:00,0.866,12.266
2021-11-25 21:00,0.870,12.319
2021-11-25 22:00,0.873,12.367
2021-11-25 23:00,0.862,12.195
2021-11-26 00:00,0.882,12.528
2021-11-26 01:00,0.912,13.137
2021-11-26 02:00,0.927,13.521
2021-11-26 03:00,0.939,13.830
2021-11-26 04:00,0.951,14.258
2021-11-26 05:00,0.965,14.809
2021-11-26 06:00,0.975,15.380
2021-11-26 07:00,0.982,15.945
2021-11-26 08:00,0.986,16.360
2021-11-26 09:00,0.986,16.359
2021-11-26 10:00,0.983,16.011
2021-11-26 11:00,0.981,15.812
2021-11-26 12:00,0.981,15.890
2021-11-26 13:00,0.981,15.894
2021-11-26 14:00,0.980,15.800
2021-11-26 15:00,0.982,15.952
2021-11-26 16:00,0.984,16.153
2021-11-26 17:00,0.985,16.344
2021-11-26 18:00,0.987,16.602
2021-11-26 19:00,0.988,16.856
2021-11-26 20:00,0.989,17.114
2021-11-26 21:00,0.989,17.053
2021-11-26 22:00,0.988,16.791
2021-11-26 23:00,0.985,16.230
2021-11-27 00:00,0.980,15.784
2021-11-27 01:00,0.979,15.674
2021-11-27 02:00,0.978,15.618
2021-11-27 03:00,0.980,15.740
2021-11-27 04:00,0.983,16.022
2021-11-27 05:00,0.985,16.253
2021-11-27 06:00,0.987,16.626
2021-11-27 07:00,0.989,17.086
2021-11-27 08:00,0.989,17.336
2021-11-27 09:00,0.989,17.397
2021-11-27 10:00,0.989,17.462
2021-11-27 11:00,0.989,17.286
2021-11-27 12:00,0.989,16.942
2021-11-27 13:00,0.987,16.502
2021-11-27 14:00,0.982,15.923
2021-11-27 15:00,0.976,15.486
2021-11-27 16:00,0.972,15.198
2021-11-27 17:00,0.967,14.949
2021-11-27 18:00,0.963,14.732
2021-11-27 19:00,0.956,14.433
2021-11-27 20:00,0.942,13.954
2021-11-27 21:00,0.931,13.622
2021-11-27 22:00,0.913,13.155
2021-11-27 23:00,0.893,12.742
2021-11-28 00:00,0.899,12.852
2021-11-28 01:00,0.913,13.161
2021-11-28 02:00,0.918,13.291
2021-11-28 03:00,0.925,13.451
2021-11-28 04:00,0.927,13.508
2021-11-28 05:00,0.929,13.571
2021-11-28 06:00,0.936,13.755
2021-11-28 07:00,0.941,13.907
2021-11-28 08:00,0.935,13.750
2021-11-28 09:00,0.917,13.269
2021-11-28 10:00,0.906,13.003
2021-11-28 11:00,0.907,13.034
2021-11-28 12:00,0.911,13.126
2021-11-28 13:00,0.911,13.113
2021-11-28 14:00,0.882,12.543
2021-11-28 15:00,0.852,12.028
2021-11-28 16:00,0.822,11.605
2021-11-28 17:00,0.823,11.630
2021-11-28 18:00,0.811,11.470
2021-11-28 19:00,0.790,11.212
2021-11-28 20:00,0.779,11.089
2021-11-28 21:00,0.766,10.948
2021-11-28 22:00,0.756,10.832
2021-11-28 23:00,0.716,10.437
2021-11-29 00:00,0.710,10.387
2021-11-29 01:00,0.765,10.936
2021-11-29 02:00,0.777,11.066
2021-11-29 03:00,0.790,11.217
2021-11-29 04:00,0.815,11.516
2021-11-29 05:00,0.847,11.957
2021-11-29 06:00,0.891,12.708
2021-11-29 07:00,0.899,12.867
2021-11-29 08:00,0.885,12.590
2021-11-29 09:00,0.854,12.071
2021-11-29 10:00,0.836,11.796
2021-11-29 11:00,0.829,11.699
2021-11-29 12:00,0.804,11.384
2021-11-29 13:00,0.779,11.090
2021-11-29 14:00,0.768,10.965
2021-11-29 15:00,0.771,11.001
2021-11-29 16:00,0.779,11.087
2021-11-29 17:00,0.777,11.062
2021-11-29 18:00,0.766,10.944
2021-11-29 19:00,0.744,10.723
2021-11-29 20:00,0.728,10.556
2021-11-29 21:00,0.670,10.034
2021-11-29 22:00,0.599,9.453
2021-11-29 23:00,0.556,9.123
2021-11-30 00:00,0.681,10.124
2021-11-30 01:00,0.777,11.066
2021-11-30 02:00,0.785,11.151
2021-11-30 03:00,0.760,10.874
2021-11-30 04:00,0.731,10.586
2021-11-30 05:00,0.704,10.328
2021-11-30 06:00,0.703,10.320
2021-11-30 07:00,0.727,10.549
2021-11-30 08:00,0.754,10.816
2021-11-30 09:00,0.765,10.941
2021-11-30 10:00,0.756,10.842
2021-11-30 11:00,0.785,11.161
2021-11-30 12:00,0.830,11.725
2021-11-30 13:00,0.864,12.221
2021-11-30 14:00,0.889,12.661
2021-11-30 15:00,0.935,13.735
2021-11-30 16:00,0.964,14.805
2021-11-30 17:00,0.976,15.446
2021-11-30 18:00,0.983,16.091
2021-11-30 19:00,0.986,16.368
2021-11-30 20:00,0.985,16.328
2021-11-30 21:00,0.983,16.052
2021-11-30 22:00,0.978,15.606
2021-11-30 23:00,0.969,15.044
2021-12-01 00:00,0.966,14.876
2021-12-01 01:00,0.957,14.473
2021-12-01 02:00,0.944,14.003
2021-12-01 03:00,0.939,13.861
2021-12-01 04:00,0.942,13.952
2021-12-01 05:00,0.947,14.117
2021-12-01 06:00,0.954,14.350
2021-12-01 07:00,0.961,14.646
2021-12-01 08:00,0.963,14.748
2021-12-01 09:00,0.952,14.285
2021-12-01 10:00,0.937,13.788
2021-12-01 11:00,0.922,13.388
2021-12-01 12:00,0.903,12.958
2021-12-01 13:00,0.881,12.519
2021-12-01 14:00,0.864,12.232
2021-12-01 15:00,0.877,12.445
2021-12-01 16:00,0.895,12.788
2021-12-01 17:00,0.904,12.962
2021-12-01 18:00,0.910,13.108
2021-12-01 19:00,0.914,13.171
2021-12-01 20:00,0.904,12.960
2021-12-01 21:00,0.880,12.499
2021-12-01 22:00,0.859,12.145
2021-12-01 23:00,0.817,11.547
2021-12-02 00:00,0.777,11.064
2021-12-02 01:00,0.718,10.468
2021-12-02 02:00,0.652,9.883
2021-12-02 03:00,0.596,9.418
2021-12-02 04:00,0.535,8.963
2021-12-02 05:00,0.493,8.647
2021-12-02 06:00,0.476,8.526
2021-12-02 07:00,0.454,8.365
2021-12-02 08:00,0.432,8.202
2021-12-02 09:00,0.399,7.959
2021-12-02 10:00,0.307,7.238
2021-12-02 11:00,0.237,6.635
2021-12-02 12:00,0.210,6.384
2021-12-02 13:00,0.201,6.287
2021-12-02 14:00,0.197,6.248
2021-12-02 15:00,0.226,6.533
2021-12-02 16:00,0.292,7.114
2021-12-02 17:00,0.356,7.625
2021-12-02 18:00,0.403,7.985
2021-12-02 19:00,0.441,8.270
2021-12-02 20:00,0.484,8.588
2021-12-02 21:00,0.535,8.967
2021-12-02 22:00,0.565,9.185
2021-12-02 23:00,0.557,9.132
2021-12-03 00:00,0.536,8.974
2021-12-03 01:00,0.593,9.397
2021-12-03 02:00,0.646,9.826
2021-12-03 03:00,0.673,10.057
2021-12-03 04:00,0.699,10.293
2021-12-03 05:00,0.709,10.381
2021-12-03 06:00,0.725,10.529
2021-12-03 07:00,0.739,10.664
2021-12-03 08:00,0.740,10.675
2021-12-03 09:00,0.708,10.366
2021-12-03 10:00,0.629,9.687
2021-12-03 11:00,0.561,9.156
2021-12-03 12:00,0.515,8.817
2021-12-03 13:00,0.499,8.695
2021-12-03 14:00,0.512,8.791
2021-12-03 15:00,0.588,9.370
2021-12-03 16:00,0.675,10.071
2021-12-03 17:00,0.725,10.535
2021-12-03 18:00,0.758,10.855
2021-12-03 19:00,0.785,11.153
2021-12-03 20:00,0.801,11.337
2021-12-03 21:00,0.817,11.549
2021-12-03 22:00,0.829,11.704
2021-12-03 23:00,0.822,11.599
2021-12-04 00:00,0.832,11.750
2021-12-04 01:00,0.889,12.666
2021-12-04 02:00,0.900,12.879
2021-12-04 03:00,0.904,12.972
2021-12-04 04:00,0.908,13.050
2021-12-04 05:00,0.910,13.100
2021-12-04 06:00,0.916,13.229
2021-12-04 07:00,0.927,13.511
2021-12-04 08:00,0.941,13.899
2021-12-04 09:00,0.945,14.039
2021-12-04 10:00,0.940,13.893
2021-12-04 11:00,0.930,13.594
2021-12-04 12:00,0.914,13.181
2021-12-04 13:00,0.901,12.902
2021-12-04 14:00,0.904,12.963
2021-12-04 15:00,0.887,12.626
2021-12-04 16:00,0.857,12.108
2021-12-04 17:00,0.830,11.726
2021-12-04 18:00,0.805,11.394
2021-12-04 19:00,0.789,11.200
2021-12-04 20:00,0.777,11.067
2021-12-04 21:00,0.788,11.191
2021-12-04 22:00,0.789,11.208
2021-12-04 23:00,0.768,10.968
2021-12-05 00:00,0.744,10.722
2021-12-05 01:00,0.762,10.898
2021-12-05 02:00,0.752,10.801
2021-12-05 03:00,0.726,10.541
2021-12-05 04:00,0.722,10.504
2021-12-05 05:00,0.752,10.801
2021-12-05 06:00,0.792,11.231
2021-12-05 07:00,0.831,11.728
2021-12-05 08:00,0.861,12.170
2021-12-05 09:00,0.866,12.253
2021-12-05 10:00,0.862,12.184
2021-12-05 11:00,0.856,12.096
2021-12-05 12:00,0.860,12.158
2021-12-05 13:00,0.854,12.068
2021-12-05 14:00,0.852,12.036
2021-12-05 15:00,0.859,12.142
2021-12-05 16:00,0.877,12.440
2021-12-05 17:00,0.886,12.608
2021-12-05 18:00,0.893,12.733
2021-12-05 19:00,0.903,12.958
2021-12-05 20:00,0.911,13.130
2021-12-05 21:00,0.914,13.183
2021-12-05 22:00,0.917,13.259
2021-12-05 23:00,0.913,13.166
2021-12-06 00:00,0.917,13.273
2021-12-06 01:00,0.935,13.729
2021-12-06 02:00,0.949,14.176
2021-12-06 03:00,0.963,14.727
2021-12-06 04:00,0.971,15.144
2021-12-06 05:00,0.973,15.283
2021-12-06 06:00,0.974,15.305
2021-12-06 07:00,0.972,15.209
2021-12-06 08:00,0.967,14.934
2021-12-06 09:00,0.949,14.194
2021-12-06 10:00,0.922,13.367
2021-12-06 11:00,0.902,12.919
2021-12-06 12:00,0.891,12.708
2021-12-06 13:00,0.878,12.463
2021-12-06 14:00,0.872,12.347
2021-12-06 15:00,0.888,12.642
2021-12-06 16:00,0.905,12.998
2021-12-06 17:00,0.919,13.311
2021-12-06 18:00,0.933,13.672
2021-12-06 19:00,0.945,14.038
2021-12-06 20:00,0.954,14.377
2021-12-06 21:00,0.962,14.686
2021-12-06 22:00,0.966,14.876
2021-12-06 23:00,0.972,15.204
2021-12-07 00:00,0.982,15.929
2021-12-07 01:00,0.985,16.251
2021-12-07 02:00,0.982,15.962
2021-12-07 03:00,0.980,15.753
2021-12-07 04:00,0.979,15.673
2021-12-07 05:00,0.978,15.618
2021-12-07 06:00,0.978,15.627
2021-12-07 07:00,0.979,15.710
2021-12-07 08:00,0.980,15.765
2021-12-07 09:00,0.977,15.518
2021-12-07 10:00,0.972,15.233
2021-12-07 11:00,0.968,14.997
2021-12-07 12:00,0.963,14.751
2021-12-07 13:00,0.960,14.598
2021-12-07 14:00,0.956,14.466
2021-12-07 15:00,0.960,14.597
2021-12-07 16:00,0.963,14.739
2021-12-07 17:00,0.960,14.611
2021-12-07 18:00,0.959,14.558
2021-12-07 19:00,0.959,14.580
2021-12-07 20:00,0.957,14.469
2021-12-07 21:00,0.946,14.063
2021-12-07 22:00,0.927,13.517
2021-12-07 23:00,0.898,12.840
2021-12-08 00:00,0.888,12.645
2021-12-08 01:00,0.899,12.847
2021-12-08 02:00,0.912,13.145
2021-12-08 03:00,0.926,13.498
2021-12-08 04:00,0.933,13.678
2021-12-08 05:00,0.941,13.910
2021-12-08 06:00,0.952,14.277
2021-12-08 07:00,0.958,14.535
2021-12-08 08:00,0.958,14.508
2021-12-08 09:00,0.944,13.993
2021-12-08 10:00,0.922,13.366
2021-12-08 11:00,0.892,12.717
2021-12-08 12:00,0.865,12.243
2021-12-08 13:00,0.845,11.925
2021-12-08 14:00,0.828,11.689
2021-12-08 15:00,0.820,11.590
2021-12-08 16:00,0.816,11.526
2021-12-08 17:00,0.806,11.397
2021-12-08 18:00,0.797,11.303
2021-12-08 19:00,0.790,11.217
2021-12-08 20:00,0.782,11.117
2021-12-08 21:00,0.774,11.029
2021-12-08 22:00,0.774,11.033
2021-12-08 23:00,0.753,10.809
2021-12-09 00:00,0.730,10.572
2021-12-09 01:00,0.767,10.954
2021-12-09 02:00,0.782,11.115
2021-12-09 03:00,0.776,11.061
2021-12-09 04:00,0.767,10.957
2021-12-09 05:00,0.757,10.846
2021-12-09 06:00,0.745,10.729
2021-12-09 07:00,0.744,10.719
2021-12-09 08:00,0.741,10.688
2021-12-09 09:00,0.722,10.489
2021-12-09 10:00,0.706,10.348
2021-12-09 11:00,0.694,10.239
2021-12-09 12:00,0.700,10.293
2021-12-09 13:00,0.711,10.396
2021-12-09 14:00,0.727,10.551
2021-12-09 15:00,0.759,10.866
2021-12-09 16:00,0.787,11.180
2021-12-09 17:00,0.807,11.418
2021-12-09 18:00,0.818,11.563
2021-12-09 19:00,0.827,11.668
2021-12-09 20:00,0.835,11.793
2021-12-09 21:00,0.855,12.081
2021-12-09 22:00,0.859,12.147
2021-12-09 23:00,0.846,11.935
2021-12-10 00:00,0.866,12.263
2021-12-10 01:00,0.919,13.304
2021-12-10 02:00,0.933,13.673
2021-12-10 03:00,0.935,13.724
2021-12-10 04:00,0.935,13.737
2021-12-10 05:00,0.934,13.712
2021-12-10 06:00,0.935,13.748
2021-12-10 07:00,0.935,13.747
2021-12-10 08:00,0.929,13.579
2021-12-10 09:00,0.904,12.963
2021-12-10 10:00,0.870,12.326
2021-12-10 11:00,0.860,12.164
2021-12-10 12:00,0.872,12.356
2021-12-10 13:00,0.882,12.530
2021-12-10 14:00,0.890,12.689
2021-12-10 15:00,0.896,12.798
2021-12-10 16:00,0.899,12.857
2021-12-10 17:00,0.899,12.864
2021-12-10 18:00,0.906,13.004
2021-12-10 19:00,0.911,13.113
2021-12-10 20:00,0.915,13.217
2021-12-10 21:00,0.913,13.156
2021-12-10 22:00,0.897,12.816
2021-12-10 23:00,0.865,12.247
2021-12-11 00:00,0.830,11.717
2021-12-11 01:00,0.817,11.547
2021-12-11 02:00,0.802,11.352
2021-12-11 03:00,0.781,11.112
2021-12-11 04:00,0.777,11.066
2021-12-11 05:00,0.787,11.176
2021-12-11 06:00,0.810,11.460
2021-12-11 07:00,0.835,11.789
2021-12-11 08:00,0.841,11.871
2021-12-11 09:00,0.816,11.526
2021-12-11 10:00,0.791,11.229
2021-12-11 11:00,0.788,11.193
2021-12-11 12:00,0.774,11.031
2021-12-11 13:00,0.758,10.849
2021-12-11 14:00,0.740,10.679
2021-12-11 15:00,0.756,10.837
2021-12-11 16:00,0.775,11.050
2021-12-11 17:00,0.793,11.252
2021-12-11 18:00,0.816,11.524
2021-12-11 19:00,0.856,12.102
2021-12-11 20:00,0.867,12.274
2021-12-11 21:00,0.848,11.981
2021-12-11 22:00,0.840,11.856
2021-12-11 23:00,0.823,11.630
2021-12-12 00:00,0.826,11.662
2021-12-12 01:00,0.855,12.090
2021-12-12 02:00,0.884,12.571
2021-12-12 03:00,0.906,13.016
2021-12-12 04:00,0.922,13.379
2021-12-12 05:00,0.931,13.614
2021-12-12 06:00,0.937,13.792
2021-12-12 07:00,0.941,13.923
2021-12-12 08:00,0.946,14.084
2021-12-12 09:00,0.945,14.050
2021-12-12 10:00,0.947,14.104
2021-12-12 11:00,0.950,14.191
2021-12-12 12:00,0.950,14.214
2021-12-12 13:00,0.950,14.209
2021-12-12 14:00,0.953,14.335
2021-12-12 15:00,0.960,14.620
2021-12-12 16:00,0.967,14.940
2021-12-12 17:00,0.973,15.293
2021-12-12 18:00,0.977,15.574
2021-12-12 19:00,0.982,15.907
2021-12-12 20:00,0.982,15.958
2021-12-12 21:00,0.978,15.633
2021-12-12 22:00,0.972,15.236
2021-12-12 23:00,0.964,14.798
2021-12-13 00:00,0.961,14.640
2021-12-13 01:00,0.954,14.359
2021-12-13 02:00,0.941,13.911
2021-12-13 03:00,0.941,13.912
2021-12-13 04:00,0.950,14.206
2021-12-13 05:00,0.956,14.422
2021-12-13 06:00,0.960,14.633
2021-12-13 07:00,0.967,14.939
2021-12-13 08:00,0.973,15.256
2021-12-13 09:00,0.971,15.153
2021-12-13 10:00,0.965,14.840
2021-12-13 11:00,0.955,14.392
2021-12-13 12:00,0.941,13.897
2021-12-13 13:00,0.921,13.349
2021-12-13 14:00,0.896,12.811
2021-12-13 15:00,0.884,12.567
2021-12-13 16:00,0.879,12.478
2021-12-13 17:00,0.873,12.371
2021-12-13 18:00,0.865,12.239
2021-12-13 19:00,0.854,12.064
2021-12-13 20:00,0.839,11.848
2021-12-13 21:00,0.832,11.739
2021-12-13 22:00,0.820,11.575
2021-12-13 23:00,0.779,11.083
2021-12-14 00:00,0.745,10.728
2021-12-14 01:00,0.714,10.420
2021-12-14 02:00,0.665,9.994
2021-12-14 03:00,0.625,9.661
2021-12-14 04:00,0.600,9.456
2021-12-14 05:00,0.583,9.331
2021-12-14 06:00,0.572,9.236
2021-12-14 07:00,0.567,9.207
2021-12-14 08:00,0.594,9.404
2021-12-14 09:00,0.673,10.055
2021-12-14 10:00,0.707,10.361
2021-12-14 11:00,0.687,10.182
2021-12-14 12:00,0.638,9.763
2021-12-14 13:00,0.619,9.611
2021-12-14 14:00,0.633,9.717
2021-12-14 15:00,0.665,9.989
2021-12-14 16:00,0.639,9.772
2021-12-14 17:00,0.647,9.833
2021-12-14 18:00,0.645,9.821
2021-12-14 19:00,0.628,9.679
2021-12-14 20:00,0.592,9.393
2021-12-14 21:00,0.561,9.153
2021-12-14 22:00,0.532,8.945
2021-12-14 23:00,0.484,8.583
2021-12-15 00:00,0.431,8.199
2021-12-15 01:00,0.437,8.237
2021-12-15 02:00,0.460,8.410
2021-12-15 03:00,0.453,8.356
2021-12-15 04:00,0.450,8.336
2021-12-15 05:00,0.455,8.374
2021-12-15 06:00,0.480,8.555
2021-12-15 07:00,0.528,8.901
2021-12-15 08:00,0.564,9.176
2021-12-15 09:00,0.567,9.203
2021-12-15 10:00,0.528,8.912
2021-12-15 11:00,0.475,8.518
2021-12-15 12:00,0.438,8.248
2021-12-15 13:00,0.408,8.023
2021-12-15 14:00,0.371,7.745
2021-12-15 15:00,0.343,7.524
2021-12-15 16:00,0.313,7.294
2021-12-15 17:00,0.305,7.223
2021-12-15 18:00,0.297,7.158
2021-12-15 19:00,0.243,6.688
2021-12-15 20:00,0.172,5.989
2021-12-15 21:00,0.109,5.198
2021-12-15 22:00,0.063,4.459
2021-12-15 23:00,0.038,3.914
2021-12-16 00:00,0.021,3.396
2021-12-16 01:00,0.015,3.163
2021-12-16 02:00,0.028,3.617
2021-12-16 03:00,0.023,3.464
2021-12-16 04:00,0.003,2.342
2021-12-16 05:00,0,1.180
2021-12-16 06:00,0.001,1.888
2021-12-16 07:00,0.028,3.634
2021-12-16 08:00,0.143,5.650
2021-12-16 09:00,0.310,7.267
2021-12-16 10:00,0.415,8.073
2021-12-16 11:00,0.423,8.140
2021-12-16 12:00,0.388,7.868
2021-12-16 13:00,0.372,7.751
2021-12-16 14:00,0.412,8.052
2021-12-16 15:00,0.485,8.593
2021-12-16 16:00,0.564,9.180
2021-12-16 17:00,0.666,10
2021-12-16 18:00,0.740,10.673
2021-12-16 19:00,0.810,11.451
2021-12-16 20:00,0.899,12.863
2021-12-16 21:00,0.938,13.813
2021-12-16 22:00,0.953,14.312
2021-12-16 23:00,0.969,15.041
2021-12-17 00:00,0.973,15.262
2021-12-17 01:00,0.970,15.109
2021-12-17 02:00,0.962,14.675
2021-12-17 03:00,0.962,14.677
2021-12-17 04:00,0.966,14.912
2021-12-17 05:00,0.972,15.186
2021-12-17 06:00,0.978,15.610
2021-12-17 07:00,0.984,16.191
2021-12-17 08:00,0.988,16.803
2021-12-17 09:00,0.989,17.257
2021-12-17 10:00,0.988,17.769
2021-12-17 11:00,0.983,18.503
2021-12-17 12:00,0.977,18.936
2021-12-17 13:00,0.980,18.733
2021-12-17 14:00,0.984,18.397
2021-12-17 15:00,0.985,18.292
2021-12-17 16:00,0.985,18.264
2021-12-17 17:00,0.986,18.243
2021-12-17 18:00,0.986,18.155
2021-12-17 19:00,0.988,17.893
2021-12-17 20:00,0.989,17.296
2021-12-17 21:00,0.986,16.373
2021-12-17 22:00,0.975,15.414
2021-12-17 23:00,0.960,14.594
2021-12-18 00:00,0.951,14.268
2021-12-18 01:00,0.939,13.836
2021-12-18 02:00,0.926,13.500
2021-12-18 03:00,0.924,13.443
2021-12-18 04:00,0.926,13.478
2021-12-18 05:00,0.928,13.547
2021-12-18 06:00,0.931,13.634
2021-12-18 07:00,0.934,13.710
2021-12-18 08:00,0.931,13.614
2021-12-18 09:00,0.921,13.358
2021-12-18 10:00,0.912,13.145
2021-12-18 11:00,0.905,12.981
2021-12-18 12:00,0.893,12.740
2021-12-18 13:00,0.883,12.554
2021-12-18 14:00,0.875,12.402
2021-12-18 15:00,0.883,12.560
2021-12-18 16:00,0.901,12.911
2021-12-18 17:00,0.912,13.146
2021-12-18 18:00,0.917,13.269
2021-12-18 19:00,0.921,13.346
2021-12-18 20:00,0.919,13.305
2021-12-18 21:00,0.908,13.065
2021-12-18 22:00,0.895,12.779
2021-12-18 23:00,0.878,12.470
2021-12-19 00:00,0.885,12.593
2021-12-19 01:00,0.904,12.966
2021-12-19 02:00,0.913,13.154
2021-12-19 03:00,0.917,13.268
2021-12-19 04:00,0.914,13.186
2021-12-19 05:00,0.906,12.991
2021-12-19 06:00,0.899,12.854
2021-12-19 07:00,0.898,12.843
2021-12-19 08:00,0.902,12.931
2021-12-19 09:00,0.900,12.885
2021-12-19 10:00,0.879,12.479
2021-12-19 11:00,0.844,11.912
2021-12-19 12:00,0.810,11.460
2021-12-19 13:00,0.773,11.019
2021-12-19 14:00,0.729,10.570
2021-12-19 15:00,0.704,10.325
2021-12-19 16:00,0.691,10.216
2021-12-19 17:00,0.681,10.126
2021-12-19 18:00,0.670,10.035
2021-12-19 19:00,0.670,10.028
2021-12-19 20:00,0.670,10.031
2021-12-19 21:00,0.668,10.018
2021-12-19 22:00,0.649,9.856
2021-12-19 23:00,0.596,9.430
2021-12-20 00:00,0.519,8.844
2021-12-20 01:00,0.468,8.469
2021-12-20 02:00,0.390,7.887
2021-12-20 03:00,0.348,7.568
2021-12-20 04:00,0.310,7.262
2021-12-20 05:00,0.257,6.815
2021-12-20 06:00,0.219,6.465
2021-12-20 07:00,0.199,6.276
2021-12-20 08:00,0.197,6.237
2021-12-20 09:00,0.236,6.627
2021-12-20 10:00,0.302,7.200
2021-12-20 11:00,0.366,7.711
2021-12-20 12:00,0.434,8.216
2021-12-20 13:00,0.488,8.615
2021-12-20 14:00,0.499,8.700
2021-12-20 15:00,0.519,8.848
2021-12-20 16:00,0.545,9.036
2021-12-20 17:00,0.549,9.072
2021-12-20 18:00,0.548,9.060
2021-12-20 19:00,0.551,9.084
2021-12-20 20:00,0.570,9.228
2021-12-20 21:00,0.573,9.245
2021-12-20 22:00,0.587,9.360
2021-12-20 23:00,0.614,9.570
2021-12-21 00:00,0.611,9.550
2021-12-21 01:00,0.639,9.770
2021-12-21 02:00,0.706,10.347
2021-12-21 03:00,0.773,11.024
2021-12-21 04:00,0.784,11.142
2021-12-21 05:00,0.774,11.037
2021-12-21 06:00,0.796,11.278
2021-12-21 07:00,0.825,11.647
2021-12-21 08:00,0.839,11.850
2021-12-21 09:00,0.817,11.551
2021-12-21 10:00,0.809,11.442
2021-12-21 11:00,0.810,11.463
2021-12-21 12:00,0.798,11.307
2021-12-21 13:00,0.781,11.098
2021-12-21 14:00,0.775,11.042
2021-12-21 15:00,0.812,11.481
2021-12-21 16:00,0.856,12.096
2021-12-21 17:00,0.866,12.266
2021-12-21 18:00,0.871,12.338
2021-12-21 19:00,0.862,12.186
2021-12-21 20:00,0.852,12.042
2021-12-21 21:00,0.833,11.755
2021-12-21 22:00,0.821,11.593
2021-12-21 23:00,0.797,11.300
2021-12-22 00:00,0.816,11.528
2021-12-22 01:00,0.829,11.700
2021-12-22 02:00,0.825,11.643
2021-12-22 03:00,0.832,11.743
2021-12-22 04:00,0.849,11.985
2021-12-22 05:00,0.867,12.283
2021-12-22 06:00,0.890,12.691
2021-12-22 07:00,0.916,13.230
2021-12-22 08:00,0.931,13.630
2021-12-22 09:00,0.933,13.687
2021-12-22 10:00,0.937,13.794
2021-12-22 11:00,0.937,13.796
2021-12-22 12:00,0.925,13.449
2021-12-22 13:00,0.900,12.877
2021-12-22 14:00,0.864,12.217
2021-12-22 15:00,0.852,12.028
2021-12-22 16:00,0.855,12.088
2021-12-22 17:00,0.882,12.533
2021-12-22 18:00,0.893,12.735
2021-12-22 19:00,0.901,12.901
2021-12-22 20:00,0.904,12.979
2021-12-22 21:00,0.893,12.742
2021-12-22 22:00,0.871,12.332
2021-12-22 23:00,0.842,11.885
2021-12-23 00:00,0.833,11.753
2021-12-23 01:00,0.820,11.586
2021-12-23 02:00,0.801,11.343
2021-12-23 03:00,0.770,10.984
2021-12-23 04:00,0.736,10.639
2021-12-23 05:00,0.710,10.386
2021-12-23 06:00,0.681,10.130
2021-12-23 07:00,0.649,9.859
2021-12-23 08:00,0.611,9.548
2021-12-23 09:00,0.577,9.281
2021-12-23 10:00,0.552,9.091
2021-12-23 11:00,0.530,8.926
2021-12-23 12:00,0.519,8.849
2021-12-23 13:00,0.509,8.759
2021-12-23 14:00,0.475,8.521
2021-12-23 15:00,0.438,8.250
2021-12-23 16:00,0.407,8.014
2021-12-23 17:00,0.383,7.834
2021-12-23 18:00,0.377,7.788
2021-12-23 19:00,0.357,7.635
2021-12-23 20:00,0.310,7.266
2021-12-23 21:00,0.252,6.774
2021-12-23 22:00,0.208,6.361
2021-12-23 23:00,0.166,5.923
2021-12-24 00:00,0.120,5.369
2021-12-24 01:00,0.085,4.852
2021-12-24 02:00,0.063,4.470
2021-12-24 03:00,0.036,3.853
2021-12-24 04:00,0.020,3.355
2021-12-24 05:00,0.016,3.176
2021-12-24 06:00,0.020,3.361
2021-12-24 07:00,0.036,3.853
2021-12-24 08:00,0.071,4.613
2021-12-24 09:00,0.125,5.423
2021-12-24 10:00,0.176,6.025
2021-12-24 11:00,0.246,6.718
2021-12-24 12:00,0.366,7.708
2021-12-24 13:00,0.515,8.819
2021-12-24 14:00,0.636,9.745
2021-12-24 15:00,0.718,10.468
2021-12-24 16:00,0.846,11.944
2021-12-24 17:00,0.961,14.643
2021-12-24 18:00,0.986,16.476
2021-12-24 19:00,0.986,16.462
2021-12-24 20:00,0.984,16.159
2021-12-24 21:00,0.984,16.116
2021-12-24 22:00,0.986,16.430
2021-12-24 23:00,0.988,16.832
2021-12-25 00:00,0.989,17.097
2021-12-25 01:00,0.989,17.087
2021-12-25 02:00,0.988,16.929
2021-12-25 03:00,0.989,17.220
2021-12-25 04:00,0.989,17.677
2021-12-25 05:00,0.987,18.086
2021-12-25 06:00,0.983,18.486
2021-12-25 07:00,0.979,18.867
2021-12-25 08:00,0.972,19.241
2021-12-25 09:00,0.976,18.999
2021-12-25 10:00,0.981,18.683
2021-12-25 11:00,0.983,18.483
2021-12-25 12:00,0.986,18.211
2021-12-25 13:00,0.988,17.842
2021-12-25 14:00,0.989,17.460
2021-12-25 15:00,0.989,17.467
2021-12-25 16:00,0.988,17.803
2021-12-25 17:00,0.987,18.043
2021-12-25 18:00,0.986,18.126
2021-12-25 19:00,0.986,18.253
2021-12-25 20:00,0.984,18.383
2021-12-25 21:00,0.985,18.322
2021-12-25 22:00,0.987,18.018
2021-12-25 23:00,0.989,17.701
2021-12-26 00:00,0.989,17.598
2021-12-26 01:00,0.989,17.334
2021-12-26 02:00,0.989,16.994
2021-12-26 03:00,0.989,17.052
2021-12-26 04:00,0.989,17.253
2021-12-26 05:00,0.989,17.490
2021-12-26 06:00,0.988,17.946
2021-12-26 07:00,0.984,18.405
2021-12-26 08:00,0.981,18.678
2021-12-26 09:00,0.986,18.209
2021-12-26 10:00,0.989,17.335
2021-12-26 11:00,0.989,17.146
2021-12-26 12:00,0.989,17.193
2021-12-26 13:00,0.989,17.124
2021-12-26 14:00,0.986,16.388
2021-12-26 15:00,0.982,15.962
2021-12-26 16:00,0.980,15.742
2021-12-26 17:00,0.980,15.775
2021-12-26 18:00,0.982,15.922
2021-12-26 19:00,0.981,15.871
2021-12-26 20:00,0.981,15.894
2021-12-26 21:00,0.978,15.630
2021-12-26 22:00,0.972,15.219
2021-12-26 23:00,0.967,14.914
2021-12-27 00:00,0.962,14.707
2021-12-27 01:00,0.955,14.395
2021-12-27 02:00,0.942,13.942
2021-12-27 03:00,0.934,13.702
2021-12-27 04:00,0.931,13.610
2021-12-27 05:00,0.934,13.715
2021-12-27 06:00,0.941,13.910
2021-12-27 07:00,0.949,14.177
2021-12-27 08:00,0.956,14.451
2021-12-27 09:00,0.957,14.499
2021-12-27 10:00,0.952,14.284
2021-12-27 11:00,0.937,13.794
2021-12-27 12:00,0.919,13.303
2021-12-27 13:00,0.898,12.831
2021-12-27 14:00,0.881,12.523
2021-12-27 15:00,0.878,12.470
2021-12-27 16:00,0.882,12.530
2021-12-27 17:00,0.885,12.578
2021-12-27 18:00,0.880,12.497
2021-12-27 19:00,0.871,12.336
2021-12-27 20:00,0.867,12.273
2021-12-27 21:00,0.857,12.117
2021-12-27 22:00,0.837,11.814
2021-12-27 23:00,0.787,11.181
2021-12-28 00:00,0.749,10.759
2021-12-28 01:00,0.689,10.193
2021-12-28 02:00,0.609,9.530
2021-12-28 03:00,0.521,8.863
2021-12-28 04:00,0.446,8.310
2021-12-28 05:00,0.401,7.972
2021-12-28 06:00,0.396,7.939
2021-12-28 07:00,0.424,8.142
2021-12-28 08:00,0.490,8.630
2021-12-28 09:00,0.588,9.364
2021-12-28 10:00,0.617,9.595
2021-12-28 11:00,0.594,9.411
2021-12-28 12:00,0.549,9.069
2021-12-28 13:00,0.503,8.729
2021-12-28 14:00,0.475,8.510
2021-12-28 15:00,0.448,8.315
2021-12-28 16:00,0.417,8.088
2021-12-28 17:00,0.384,7.843
2021-12-28 18:00,0.353,7.607
2021-12-28 19:00,0.313,7.290
2021-12-28 20:00,0.265,6.882
2021-12-28 21:00,0.232,6.584
2021-12-28 22:00,0.237,6.635
2021-12-28 23:00,0.266,6.893
2021-12-29 00:00,0.272,6.938
2021-12-29 01:00,0.259,6.836
2021-12-29 02:00,0.207,6.345
2021-12-29 03:00,0.143,5.654
2021-12-29 04:00,0.099,5.052
2021-12-29 05:00,0.080,4.767
2021-12-29 06:00,0.092,4.967
2021-12-29 07:00,0.135,5.550
2021-12-29 08:00,0.215,6.423
2021-12-29 09:00,0.341,7.508
2021-12-29 10:00,0.422,8.121
2021-12-29 11:00,0.467,8.463
2021-12-29 12:00,0.509,8.763
2021-12-29 13:00,0.538,8.983
2021-12-29 14:00,0.599,9.440
2021-12-29 15:00,0.633,9.725
2021-12-29 16:00,0.663,9.973
2021-12-29 17:00,0.708,10.367
2021-12-29 18:00,0.760,10.874
2021-12-29 19:00,0.805,11.389
2021-12-29 20:00,0.832,11.738
2021-12-29 21:00,0.837,11.821
2021-12-29 22:00,0.830,11.714
2021-12-29 23:00,0.817,11.539
2021-12-30 00:00,0.815,11.523
2021-12-30 01:00,0.810,11.451
2021-12-30 02:00,0.789,11.205
2021-12-30 03:00,0.779,11.087
2021-12-30 04:00,0.779,11.081
2021-12-30 05:00,0.785,11.158
2021-12-30 06:00,0.802,11.354
2021-12-30 07:00,0.824,11.639
2021-12-30 08:00,0.846,11.944
2021-12-30 09:00,0.861,12.178
2021-12-30 10:00,0.861,12.174
2021-12-30 11:00,0.854,12.062
2021-12-30 12:00,0.855,12.081
2021-12-30 13:00,0.856,12.107
2021-12-30 14:00,0.857,12.109
2021-12-30 15:00,0.864,12.220
2021-12-30 16:00,0.871,12.331
2021-12-30 17:00,0.873,12.383
2021-12-30 18:00,0.879,12.485
2021-12-30 19:00,0.891,12.700
2021-12-30 20:00,0.904,12.959
2021-12-30 21:00,0.906,13.011
2021-12-30 22:00,0.904,12.972
2021-12-30 23:00,0.891,12.700
2021-12-31 00:00,0.883,12.562
2021-12-31 01:00,0.867,12.279
2021-12-31 02:00,0.852,12.037
2021-12-31 03:00,0.850,11.999
2021-12-31 04:00,0.846,11.955
2021-12-31 05:00,0.850,11.991
2021-12-31 06:00,0.857,12.115
2021-12-31 07:00,0.871,12.340
2021-12-31 08:00,0.886,12.607
2021-12-31 09:00,0.901,12.903
2021-12-31 10:00,0.904,12.973
2021-12-31 11:00,0.896,12.810
2021-12-31 12:00,0.883,12.563
2021-12-31 13:00,0.873,12.379
2021-12-31 14:00,0.860,12.159
2021-12-31 15:00,0.839,11.848
2021-12-31 16:00,0.822,11.598
2021-12-31 17:00,0.807,11.419
2021-12-31 18:00,0.802,11.360
2021-12-31 19:00,0.802,11.363
2021-12-31 20:00,0.798,11.315
2021-12-31 21:00,0.797,11.298
2021-12-31 22:00,0.791,11.227
2021-12-31 23:00,0.753,10.814
