# Renewables.ninja Wind power (Point API) - 40.000, 97.500 - Version: 1.4 - License: https://creativecommons.org/licenses/by-nc/4.0/ - Reference: https://doi.org/10.1016/j.energy.2016.08.068
# Units: time in UTC, electricity in kW, wind_speed in m/s
# {"units": {"time": "UTC", "electricity": "kW", "wind_speed": "m/s"}, "params": {"lat": "40.0", "lon": "97.5", "date_from": "2018-01-01", "date_to": "2018-12-31", "dataset": "merra2", "capacity": "1", "height": "100", "turbine": "Vestas V112 3000", "header": "true", "raw": "true"}}
time,electricity,wind_speed
2018-01-01 00:00,0.024,3.157
2018-01-01 01:00,0.011,2.653
2018-01-01 02:00,0.008,2.441
2018-01-01 03:00,0.005,2.258
2018-01-01 04:00,0.044,3.668
2018-01-01 05:00,0.116,4.859
2018-01-01 06:00,0.144,5.195
2018-01-01 07:00,0.104,4.703
2018-01-01 08:00,0.032,3.380
2018-01-01 09:00,0.022,3.104
2018-01-01 10:00,0.033,3.419
2018-01-01 11:00,0.072,4.219
2018-01-01 12:00,0.118,4.881
2018-01-01 13:00,0.112,4.793
2018-01-01 14:00,0.092,4.522
2018-01-01 15:00,0.103,4.681
2018-01-01 16:00,0.150,5.268
2018-01-01 17:00,0.222,5.962
2018-01-01 18:00,0.304,6.642
2018-01-01 19:00,0.390,7.263
2018-01-01 20:00,0.444,7.637
2018-01-01 21:00,0.457,7.731
2018-01-01 22:00,0.486,7.920
2018-01-01 23:00,0.442,7.619
2018-01-02 00:00,0.372,7.135
2018-01-02 01:00,0.292,6.555
2018-01-02 02:00,0.335,6.872
2018-01-02 03:00,0.413,7.427
2018-01-02 04:00,0.413,7.423
2018-01-02 05:00,0.382,7.216
2018-01-02 06:00,0.439,7.610
2018-01-02 07:00,0.601,8.730
2018-01-02 08:00,0.746,9.903
2018-01-02 09:00,0.804,10.514
2018-01-02 10:00,0.784,10.294
2018-01-02 11:00,0.723,9.695
2018-01-02 12:00,0.630,8.947
2018-01-02 13:00,0.542,8.302
2018-01-02 14:00,0.467,7.801
2018-01-02 15:00,0.455,7.720
2018-01-02 16:00,0.505,8.054
2018-01-02 17:00,0.467,7.798
2018-01-02 18:00,0.320,6.754
2018-01-02 19:00,0.218,5.933
2018-01-02 20:00,0.157,5.341
2018-01-02 21:00,0.135,5.091
2018-01-02 22:00,0.147,5.231
2018-01-02 23:00,0.149,5.251
2018-01-03 00:00,0.147,5.228
2018-01-03 01:00,0.162,5.394
2018-01-03 02:00,0.215,5.911
2018-01-03 03:00,0.196,5.736
2018-01-03 04:00,0.157,5.340
2018-01-03 05:00,0.157,5.338
2018-01-03 06:00,0.196,5.738
2018-01-03 07:00,0.304,6.641
2018-01-03 08:00,0.474,7.844
2018-01-03 09:00,0.640,9.011
2018-01-03 10:00,0.624,8.894
2018-01-03 11:00,0.565,8.476
2018-01-03 12:00,0.497,7.991
2018-01-03 13:00,0.479,7.869
2018-01-03 14:00,0.526,8.205
2018-01-03 15:00,0.559,8.428
2018-01-03 16:00,0.628,8.919
2018-01-03 17:00,0.728,9.736
2018-01-03 18:00,0.777,10.210
2018-01-03 19:00,0.758,10.024
2018-01-03 20:00,0.643,9.042
2018-01-03 21:00,0.467,7.799
2018-01-03 22:00,0.281,6.467
2018-01-03 23:00,0.196,5.739
2018-01-04 00:00,0.209,5.857
2018-01-04 01:00,0.206,5.825
2018-01-04 02:00,0.174,5.513
2018-01-04 03:00,0.058,3.960
2018-01-04 04:00,0.001,1.697
2018-01-04 05:00,0,0
2018-01-04 06:00,0,0
2018-01-04 07:00,0,0
2018-01-04 08:00,0,0
2018-01-04 09:00,0.040,3.591
2018-01-04 10:00,0.097,4.599
2018-01-04 11:00,0.100,4.635
2018-01-04 12:00,0.097,4.600
2018-01-04 13:00,0.084,4.407
2018-01-04 14:00,0.046,3.722
2018-01-04 15:00,0.023,3.116
2018-01-04 16:00,0.009,2.525
2018-01-04 17:00,0.010,2.596
2018-01-04 18:00,0.021,3.036
2018-01-04 19:00,0.036,3.469
2018-01-04 20:00,0.048,3.766
2018-01-04 21:00,0.052,3.852
2018-01-04 22:00,0.054,3.871
2018-01-04 23:00,0.044,3.675
2018-01-05 00:00,0.029,3.302
2018-01-05 01:00,0.010,2.578
2018-01-05 02:00,0.002,1.829
2018-01-05 03:00,0,0
2018-01-05 04:00,0,0
2018-01-05 05:00,0,0
2018-01-05 06:00,0,0
2018-01-05 07:00,0,0
2018-01-05 08:00,0,0
2018-01-05 09:00,0.002,1.924
2018-01-05 10:00,0.006,2.287
2018-01-05 11:00,0,0.997
2018-01-05 12:00,0,0.222
2018-01-05 13:00,0,1.047
2018-01-05 14:00,0.001,1.728
2018-01-05 15:00,0.002,1.839
2018-01-05 16:00,0,1.366
2018-01-05 17:00,0,1.111
2018-01-05 18:00,0,1.282
2018-01-05 19:00,0,1.302
2018-01-05 20:00,0,1.071
2018-01-05 21:00,0,0.881
2018-01-05 22:00,0,1.291
2018-01-05 23:00,0.002,1.930
2018-01-06 00:00,0.004,2.159
2018-01-06 01:00,0.003,1.950
2018-01-06 02:00,0.002,1.947
2018-01-06 03:00,0.012,2.677
2018-01-06 04:00,0.050,3.814
2018-01-06 05:00,0.139,5.135
2018-01-06 06:00,0.215,5.914
2018-01-06 07:00,0.251,6.216
2018-01-06 08:00,0.280,6.454
2018-01-06 09:00,0.281,6.467
2018-01-06 10:00,0.227,6.008
2018-01-06 11:00,0.179,5.561
2018-01-06 12:00,0.191,5.689
2018-01-06 13:00,0.208,5.848
2018-01-06 14:00,0.222,5.963
2018-01-06 15:00,0.207,5.838
2018-01-06 16:00,0.197,5.744
2018-01-06 17:00,0.191,5.686
2018-01-06 18:00,0.184,5.622
2018-01-06 19:00,0.185,5.629
2018-01-06 20:00,0.225,6.002
2018-01-06 21:00,0.357,7.034
2018-01-06 22:00,0.463,7.760
2018-01-06 23:00,0.556,8.407
2018-01-07 00:00,0.679,9.327
2018-01-07 01:00,0.797,10.420
2018-01-07 02:00,0.847,11.046
2018-01-07 03:00,0.972,14.196
2018-01-07 04:00,0.983,14.976
2018-01-07 05:00,0.983,14.995
2018-01-07 06:00,0.981,14.815
2018-01-07 07:00,0.976,14.466
2018-01-07 08:00,0.963,13.760
2018-01-07 09:00,0.901,11.960
2018-01-07 10:00,0.757,10.011
2018-01-07 11:00,0.754,9.988
2018-01-07 12:00,0.797,10.428
2018-01-07 13:00,0.820,10.704
2018-01-07 14:00,0.825,10.757
2018-01-07 15:00,0.801,10.471
2018-01-07 16:00,0.775,10.186
2018-01-07 17:00,0.731,9.775
2018-01-07 18:00,0.712,9.606
2018-01-07 19:00,0.695,9.456
2018-01-07 20:00,0.689,9.404
2018-01-07 21:00,0.726,9.729
2018-01-07 22:00,0.791,10.359
2018-01-07 23:00,0.841,10.968
2018-01-08 00:00,0.871,11.417
2018-01-08 01:00,0.888,11.703
2018-01-08 02:00,0.846,11.037
2018-01-08 03:00,0.927,12.556
2018-01-08 04:00,0.954,13.398
2018-01-08 05:00,0.969,14.038
2018-01-08 06:00,0.976,14.466
2018-01-08 07:00,0.976,14.486
2018-01-08 08:00,0.968,13.987
2018-01-08 09:00,0.905,12.037
2018-01-08 10:00,0.780,10.246
2018-01-08 11:00,0.725,9.720
2018-01-08 12:00,0.767,10.103
2018-01-08 13:00,0.803,10.498
2018-01-08 14:00,0.855,11.170
2018-01-08 15:00,0.873,11.439
2018-01-08 16:00,0.878,11.510
2018-01-08 17:00,0.871,11.404
2018-01-08 18:00,0.857,11.191
2018-01-08 19:00,0.861,11.253
2018-01-08 20:00,0.879,11.540
2018-01-08 21:00,0.881,11.572
2018-01-08 22:00,0.888,11.713
2018-01-08 23:00,0.912,12.177
2018-01-09 00:00,0.916,12.269
2018-01-09 01:00,0.935,12.776
2018-01-09 02:00,0.920,12.370
2018-01-09 03:00,0.952,13.302
2018-01-09 04:00,0.963,13.782
2018-01-09 05:00,0.965,13.851
2018-01-09 06:00,0.964,13.811
2018-01-09 07:00,0.957,13.507
2018-01-09 08:00,0.936,12.805
2018-01-09 09:00,0.814,10.616
2018-01-09 10:00,0.652,9.114
2018-01-09 11:00,0.728,9.736
2018-01-09 12:00,0.795,10.406
2018-01-09 13:00,0.821,10.709
2018-01-09 14:00,0.832,10.843
2018-01-09 15:00,0.838,10.930
2018-01-09 16:00,0.850,11.078
2018-01-09 17:00,0.856,11.180
2018-01-09 18:00,0.855,11.157
2018-01-09 19:00,0.849,11.076
2018-01-09 20:00,0.861,11.244
2018-01-09 21:00,0.889,11.731
2018-01-09 22:00,0.902,11.966
2018-01-09 23:00,0.911,12.150
2018-01-10 00:00,0.915,12.248
2018-01-10 01:00,0.899,11.916
2018-01-10 02:00,0.793,10.382
2018-01-10 03:00,0.744,9.888
2018-01-10 04:00,0.862,11.263
2018-01-10 05:00,0.893,11.790
2018-01-10 06:00,0.903,11.984
2018-01-10 07:00,0.885,11.646
2018-01-10 08:00,0.823,10.730
2018-01-10 09:00,0.549,8.363
2018-01-10 10:00,0.321,6.774
2018-01-10 11:00,0.306,6.658
2018-01-10 12:00,0.321,6.772
2018-01-10 13:00,0.243,6.160
2018-01-10 14:00,0.170,5.473
2018-01-10 15:00,0.158,5.354
2018-01-10 16:00,0.205,5.822
2018-01-10 17:00,0.246,6.178
2018-01-10 18:00,0.271,6.387
2018-01-10 19:00,0.337,6.884
2018-01-10 20:00,0.423,7.498
2018-01-10 21:00,0.510,8.084
2018-01-10 22:00,0.609,8.787
2018-01-10 23:00,0.731,9.769
2018-01-11 00:00,0.792,10.366
2018-01-11 01:00,0.820,10.699
2018-01-11 02:00,0.716,9.637
2018-01-11 03:00,0.549,8.362
2018-01-11 04:00,0.648,9.083
2018-01-11 05:00,0.654,9.131
2018-01-11 06:00,0.588,8.634
2018-01-11 07:00,0.465,7.778
2018-01-11 08:00,0.269,6.364
2018-01-11 09:00,0.056,3.930
2018-01-11 10:00,0,0.570
2018-01-11 11:00,0.019,2.956
2018-01-11 12:00,0.087,4.456
2018-01-11 13:00,0.088,4.468
2018-01-11 14:00,0.089,4.487
2018-01-11 15:00,0.156,5.329
2018-01-11 16:00,0.279,6.442
2018-01-11 17:00,0.413,7.419
2018-01-11 18:00,0.527,8.206
2018-01-11 19:00,0.559,8.421
2018-01-11 20:00,0.553,8.389
2018-01-11 21:00,0.565,8.470
2018-01-11 22:00,0.569,8.498
2018-01-11 23:00,0.701,9.505
2018-01-12 00:00,0.818,10.678
2018-01-12 01:00,0.813,10.603
2018-01-12 02:00,0.622,8.886
2018-01-12 03:00,0.486,7.924
2018-01-12 04:00,0.607,8.771
2018-01-12 05:00,0.610,8.792
2018-01-12 06:00,0.629,8.937
2018-01-12 07:00,0.618,8.857
2018-01-12 08:00,0.479,7.869
2018-01-12 09:00,0.248,6.198
2018-01-12 10:00,0.153,5.282
2018-01-12 11:00,0.222,5.965
2018-01-12 12:00,0.248,6.195
2018-01-12 13:00,0.117,4.867
2018-01-12 14:00,0.032,3.397
2018-01-12 15:00,0.016,2.881
2018-01-12 16:00,0.036,3.470
2018-01-12 17:00,0.199,5.761
2018-01-12 18:00,0.569,8.500
2018-01-12 19:00,0.684,9.370
2018-01-12 20:00,0.676,9.302
2018-01-12 21:00,0.637,8.991
2018-01-12 22:00,0.651,9.108
2018-01-12 23:00,0.719,9.661
2018-01-13 00:00,0.795,10.400
2018-01-13 01:00,0.913,12.212
2018-01-13 02:00,0.902,11.965
2018-01-13 03:00,0.826,10.771
2018-01-13 04:00,0.914,12.236
2018-01-13 05:00,0.947,13.143
2018-01-13 06:00,0.950,13.260
2018-01-13 07:00,0.903,11.992
2018-01-13 08:00,0.738,9.839
2018-01-13 09:00,0.278,6.436
2018-01-13 10:00,0.032,3.397
2018-01-13 11:00,0.006,2.299
2018-01-13 12:00,0.012,2.684
2018-01-13 13:00,0.020,3.015
2018-01-13 14:00,0.055,3.906
2018-01-13 15:00,0.107,4.740
2018-01-13 16:00,0.120,4.915
2018-01-13 17:00,0.135,5.088
2018-01-13 18:00,0.181,5.580
2018-01-13 19:00,0.206,5.825
2018-01-13 20:00,0.197,5.749
2018-01-13 21:00,0.147,5.232
2018-01-13 22:00,0.070,4.183
2018-01-13 23:00,0.069,4.162
2018-01-14 00:00,0.079,4.334
2018-01-14 01:00,0.062,4.046
2018-01-14 02:00,0.013,2.757
2018-01-14 03:00,0.024,3.141
2018-01-14 04:00,0.100,4.632
2018-01-14 05:00,0.216,5.920
2018-01-14 06:00,0.396,7.313
2018-01-14 07:00,0.653,9.117
2018-01-14 08:00,0.826,10.768
2018-01-14 09:00,0.857,11.189
2018-01-14 10:00,0.750,9.943
2018-01-14 11:00,0.644,9.045
2018-01-14 12:00,0.614,8.821
2018-01-14 13:00,0.622,8.888
2018-01-14 14:00,0.788,10.326
2018-01-14 15:00,0.929,12.608
2018-01-14 16:00,0.935,12.770
2018-01-14 17:00,0.914,12.238
2018-01-14 18:00,0.875,11.474
2018-01-14 19:00,0.834,10.864
2018-01-14 20:00,0.754,9.989
2018-01-14 21:00,0.710,9.583
2018-01-14 22:00,0.746,9.903
2018-01-14 23:00,0.748,9.923
2018-01-15 00:00,0.755,9.996
2018-01-15 01:00,0.737,9.824
2018-01-15 02:00,0.530,8.231
2018-01-15 03:00,0.562,8.442
2018-01-15 04:00,0.669,9.245
2018-01-15 05:00,0.654,9.128
2018-01-15 06:00,0.597,8.691
2018-01-15 07:00,0.495,7.984
2018-01-15 08:00,0.324,6.799
2018-01-15 09:00,0.083,4.383
2018-01-15 10:00,0.004,2.140
2018-01-15 11:00,0.068,4.136
2018-01-15 12:00,0.260,6.297
2018-01-15 13:00,0.450,7.670
2018-01-15 14:00,0.609,8.783
2018-01-15 15:00,0.776,10.190
2018-01-15 16:00,0.909,12.114
2018-01-15 17:00,0.963,13.776
2018-01-15 18:00,0.976,14.493
2018-01-15 19:00,0.981,14.852
2018-01-15 20:00,0.978,14.627
2018-01-15 21:00,0.961,13.652
2018-01-15 22:00,0.932,12.695
2018-01-15 23:00,0.839,10.942
2018-01-16 00:00,0.466,7.789
2018-01-16 01:00,0.084,4.407
2018-01-16 02:00,0.001,1.726
2018-01-16 03:00,0.001,1.720
2018-01-16 04:00,0.134,5.083
2018-01-16 05:00,0.449,7.663
2018-01-16 06:00,0.709,9.575
2018-01-16 07:00,0.913,12.192
2018-01-16 08:00,0.977,14.547
2018-01-16 09:00,0.985,15.227
2018-01-16 10:00,0.968,14.025
2018-01-16 11:00,0.910,12.133
2018-01-16 12:00,0.845,11.027
2018-01-16 13:00,0.694,9.451
2018-01-16 14:00,0.559,8.429
2018-01-16 15:00,0.502,8.029
2018-01-16 16:00,0.497,7.991
2018-01-16 17:00,0.513,8.112
2018-01-16 18:00,0.510,8.090
2018-01-16 19:00,0.467,7.798
2018-01-16 20:00,0.370,7.122
2018-01-16 21:00,0.230,6.038
2018-01-16 22:00,0.126,4.987
2018-01-16 23:00,0.062,4.037
2018-01-17 00:00,0.037,3.526
2018-01-17 01:00,0.037,3.494
2018-01-17 02:00,0.027,3.225
2018-01-17 03:00,0.061,4.021
2018-01-17 04:00,0.210,5.864
2018-01-17 05:00,0.352,6.992
2018-01-17 06:00,0.423,7.490
2018-01-17 07:00,0.390,7.271
2018-01-17 08:00,0.279,6.441
2018-01-17 09:00,0.115,4.843
2018-01-17 10:00,0.012,2.675
2018-01-17 11:00,0.019,2.969
2018-01-17 12:00,0.091,4.518
2018-01-17 13:00,0.206,5.829
2018-01-17 14:00,0.276,6.417
2018-01-17 15:00,0.308,6.670
2018-01-17 16:00,0.371,7.134
2018-01-17 17:00,0.429,7.539
2018-01-17 18:00,0.445,7.641
2018-01-17 19:00,0.384,7.224
2018-01-17 20:00,0.333,6.858
2018-01-17 21:00,0.317,6.736
2018-01-17 22:00,0.309,6.682
2018-01-17 23:00,0.276,6.424
2018-01-18 00:00,0.254,6.241
2018-01-18 01:00,0.215,5.907
2018-01-18 02:00,0.144,5.191
2018-01-18 03:00,0.224,5.991
2018-01-18 04:00,0.478,7.867
2018-01-18 05:00,0.663,9.188
2018-01-18 06:00,0.786,10.307
2018-01-18 07:00,0.856,11.181
2018-01-18 08:00,0.878,11.523
2018-01-18 09:00,0.753,9.976
2018-01-18 10:00,0.536,8.261
2018-01-18 11:00,0.533,8.238
2018-01-18 12:00,0.606,8.762
2018-01-18 13:00,0.600,8.711
2018-01-18 14:00,0.530,8.227
2018-01-18 15:00,0.523,8.177
2018-01-18 16:00,0.529,8.221
2018-01-18 17:00,0.476,7.854
2018-01-18 18:00,0.370,7.128
2018-01-18 19:00,0.279,6.443
2018-01-18 20:00,0.268,6.352
2018-01-18 21:00,0.346,6.953
2018-01-18 22:00,0.450,7.671
2018-01-18 23:00,0.539,8.283
2018-01-19 00:00,0.568,8.487
2018-01-19 01:00,0.530,8.226
2018-01-19 02:00,0.516,8.131
2018-01-19 03:00,0.416,7.444
2018-01-19 04:00,0.711,9.592
2018-01-19 05:00,0.931,12.651
2018-01-19 06:00,0.968,14.003
2018-01-19 07:00,0.973,14.282
2018-01-19 08:00,0.961,13.664
2018-01-19 09:00,0.871,11.419
2018-01-19 10:00,0.739,9.842
2018-01-19 11:00,0.759,10.033
2018-01-19 12:00,0.845,11.024
2018-01-19 13:00,0.896,11.847
2018-01-19 14:00,0.915,12.256
2018-01-19 15:00,0.919,12.336
2018-01-19 16:00,0.930,12.618
2018-01-19 17:00,0.927,12.540
2018-01-19 18:00,0.929,12.589
2018-01-19 19:00,0.935,12.775
2018-01-19 20:00,0.935,12.771
2018-01-19 21:00,0.919,12.361
2018-01-19 22:00,0.907,12.082
2018-01-19 23:00,0.893,11.798
2018-01-20 00:00,0.924,12.479
2018-01-20 01:00,0.930,12.631
2018-01-20 02:00,0.900,11.933
2018-01-20 03:00,0.946,13.114
2018-01-20 04:00,0.957,13.492
2018-01-20 05:00,0.952,13.304
2018-01-20 06:00,0.943,13.000
2018-01-20 07:00,0.943,13.006
2018-01-20 08:00,0.962,13.725
2018-01-20 09:00,0.943,13.020
2018-01-20 10:00,0.882,11.590
2018-01-20 11:00,0.775,10.196
2018-01-20 12:00,0.588,8.635
2018-01-20 13:00,0.536,8.271
2018-01-20 14:00,0.616,8.839
2018-01-20 15:00,0.735,9.808
2018-01-20 16:00,0.948,13.190
2018-01-20 17:00,0.978,14.627
2018-01-20 18:00,0.988,15.510
2018-01-20 19:00,0.983,14.959
2018-01-20 20:00,0.974,14.363
2018-01-20 21:00,0.953,13.346
2018-01-20 22:00,0.940,12.929
2018-01-20 23:00,0.923,12.458
2018-01-21 00:00,0.891,11.750
2018-01-21 01:00,0.797,10.425
2018-01-21 02:00,0.562,8.451
2018-01-21 03:00,0.694,9.449
2018-01-21 04:00,0.818,10.676
2018-01-21 05:00,0.840,10.958
2018-01-21 06:00,0.837,10.910
2018-01-21 07:00,0.791,10.355
2018-01-21 08:00,0.729,9.757
2018-01-21 09:00,0.610,8.792
2018-01-21 10:00,0.484,7.912
2018-01-21 11:00,0.521,8.164
2018-01-21 12:00,0.546,8.337
2018-01-21 13:00,0.564,8.468
2018-01-21 14:00,0.491,7.959
2018-01-21 15:00,0.462,7.757
2018-01-21 16:00,0.450,7.671
2018-01-21 17:00,0.455,7.717
2018-01-21 18:00,0.479,7.870
2018-01-21 19:00,0.470,7.816
2018-01-21 20:00,0.442,7.624
2018-01-21 21:00,0.355,7.023
2018-01-21 22:00,0.225,5.996
2018-01-21 23:00,0.096,4.584
2018-01-22 00:00,0.031,3.345
2018-01-22 01:00,0.015,2.832
2018-01-22 02:00,0.017,2.919
2018-01-22 03:00,0.002,1.943
2018-01-22 04:00,0.014,2.772
2018-01-22 05:00,0.046,3.723
2018-01-22 06:00,0.001,1.717
2018-01-22 07:00,0,0
2018-01-22 08:00,0,0
2018-01-22 09:00,0.024,3.154
2018-01-22 10:00,0.133,5.064
2018-01-22 11:00,0.229,6.035
2018-01-22 12:00,0.270,6.375
2018-01-22 13:00,0.301,6.616
2018-01-22 14:00,0.293,6.563
2018-01-22 15:00,0.249,6.203
2018-01-22 16:00,0.172,5.497
2018-01-22 17:00,0.115,4.844
2018-01-22 18:00,0.098,4.616
2018-01-22 19:00,0.079,4.324
2018-01-22 20:00,0.085,4.427
2018-01-22 21:00,0.081,4.356
2018-01-22 22:00,0.095,4.570
2018-01-22 23:00,0.091,4.518
2018-01-23 00:00,0.085,4.430
2018-01-23 01:00,0.083,4.380
2018-01-23 02:00,0.025,3.170
2018-01-23 03:00,0.035,3.465
2018-01-23 04:00,0.027,3.241
2018-01-23 05:00,0.008,2.454
2018-01-23 06:00,0,0
2018-01-23 07:00,0,0
2018-01-23 08:00,0,0
2018-01-23 09:00,0.036,3.483
2018-01-23 10:00,0.174,5.514
2018-01-23 11:00,0.321,6.773
2018-01-23 12:00,0.368,7.114
2018-01-23 13:00,0.342,6.930
2018-01-23 14:00,0.350,6.982
2018-01-23 15:00,0.394,7.297
2018-01-23 16:00,0.422,7.484
2018-01-23 17:00,0.369,7.115
2018-01-23 18:00,0.281,6.466
2018-01-23 19:00,0.201,5.777
2018-01-23 20:00,0.183,5.605
2018-01-23 21:00,0.232,6.066
2018-01-23 22:00,0.309,6.681
2018-01-23 23:00,0.272,6.396
2018-01-24 00:00,0.224,5.982
2018-01-24 01:00,0.342,6.920
2018-01-24 02:00,0.553,8.386
2018-01-24 03:00,0.581,8.574
2018-01-24 04:00,0.525,8.196
2018-01-24 05:00,0.486,7.923
2018-01-24 06:00,0.458,7.733
2018-01-24 07:00,0.417,7.455
2018-01-24 08:00,0.385,7.231
2018-01-24 09:00,0.355,7.024
2018-01-24 10:00,0.273,6.399
2018-01-24 11:00,0.193,5.698
2018-01-24 12:00,0.157,5.343
2018-01-24 13:00,0.150,5.258
2018-01-24 14:00,0.142,5.173
2018-01-24 15:00,0.135,5.094
2018-01-24 16:00,0.110,4.775
2018-01-24 17:00,0.077,4.305
2018-01-24 18:00,0.073,4.237
2018-01-24 19:00,0.076,4.274
2018-01-24 20:00,0.058,3.961
2018-01-24 21:00,0.058,3.957
2018-01-24 22:00,0.102,4.666
2018-01-24 23:00,0.146,5.217
2018-01-25 00:00,0.147,5.226
2018-01-25 01:00,0.102,4.660
2018-01-25 02:00,0.039,3.558
2018-01-25 03:00,0.090,4.498
2018-01-25 04:00,0.178,5.547
2018-01-25 05:00,0.224,5.983
2018-01-25 06:00,0.186,5.640
2018-01-25 07:00,0.098,4.616
2018-01-25 08:00,0.001,1.644
2018-01-25 09:00,0,0.461
2018-01-25 10:00,0.048,3.764
2018-01-25 11:00,0.186,5.633
2018-01-25 12:00,0.285,6.500
2018-01-25 13:00,0.330,6.833
2018-01-25 14:00,0.377,7.170
2018-01-25 15:00,0.447,7.651
2018-01-25 16:00,0.466,7.783
2018-01-25 17:00,0.462,7.756
2018-01-25 18:00,0.432,7.556
2018-01-25 19:00,0.356,7.025
2018-01-25 20:00,0.230,6.037
2018-01-25 21:00,0.129,5.021
2018-01-25 22:00,0.103,4.682
2018-01-25 23:00,0.090,4.504
2018-01-26 00:00,0.072,4.210
2018-01-26 01:00,0.051,3.835
2018-01-26 02:00,0.017,2.909
2018-01-26 03:00,0.001,1.466
2018-01-26 04:00,0.001,1.750
2018-01-26 05:00,0,0.749
2018-01-26 06:00,0,0.498
2018-01-26 07:00,0,0.983
2018-01-26 08:00,0.002,1.849
2018-01-26 09:00,0.010,2.571
2018-01-26 10:00,0.003,1.982
2018-01-26 11:00,0.003,1.963
2018-01-26 12:00,0.045,3.692
2018-01-26 13:00,0.076,4.274
2018-01-26 14:00,0.048,3.769
2018-01-26 15:00,0.044,3.677
2018-01-26 16:00,0.060,4.011
2018-01-26 17:00,0.080,4.347
2018-01-26 18:00,0.107,4.739
2018-01-26 19:00,0.146,5.215
2018-01-26 20:00,0.164,5.418
2018-01-26 21:00,0.164,5.414
2018-01-26 22:00,0.139,5.138
2018-01-26 23:00,0.167,5.445
2018-01-27 00:00,0.232,6.050
2018-01-27 01:00,0.346,6.954
2018-01-27 02:00,0.410,7.401
2018-01-27 03:00,0.302,6.628
2018-01-27 04:00,0.059,3.976
2018-01-27 05:00,0,0.326
2018-01-27 06:00,0,0
2018-01-27 07:00,0.010,2.581
2018-01-27 08:00,0.338,6.901
2018-01-27 09:00,0.666,9.221
2018-01-27 10:00,0.837,10.897
2018-01-27 11:00,0.887,11.681
2018-01-27 12:00,0.891,11.753
2018-01-27 13:00,0.896,11.846
2018-01-27 14:00,0.896,11.848
2018-01-27 15:00,0.891,11.744
2018-01-27 16:00,0.897,11.880
2018-01-27 17:00,0.895,11.840
2018-01-27 18:00,0.883,11.597
2018-01-27 19:00,0.879,11.548
2018-01-27 20:00,0.854,11.145
2018-01-27 21:00,0.813,10.609
2018-01-27 22:00,0.789,10.340
2018-01-27 23:00,0.773,10.169
2018-01-28 00:00,0.774,10.178
2018-01-28 01:00,0.752,9.957
2018-01-28 02:00,0.646,9.067
2018-01-28 03:00,0.423,7.494
2018-01-28 04:00,0.205,5.815
2018-01-28 05:00,0.011,2.627
2018-01-28 06:00,0,1.144
2018-01-28 07:00,0.004,2.133
2018-01-28 08:00,0.108,4.759
2018-01-28 09:00,0.210,5.864
2018-01-28 10:00,0.357,7.036
2018-01-28 11:00,0.454,7.712
2018-01-28 12:00,0.506,8.066
2018-01-28 13:00,0.396,7.310
2018-01-28 14:00,0.302,6.630
2018-01-28 15:00,0.299,6.604
2018-01-28 16:00,0.279,6.444
2018-01-28 17:00,0.248,6.192
2018-01-28 18:00,0.309,6.672
2018-01-28 19:00,0.268,6.363
2018-01-28 20:00,0.099,4.624
2018-01-28 21:00,0.051,3.820
2018-01-28 22:00,0.058,3.948
2018-01-28 23:00,0.076,4.279
2018-01-29 00:00,0.042,3.629
2018-01-29 01:00,0.016,2.861
2018-01-29 02:00,0.006,2.346
2018-01-29 03:00,0.001,1.493
2018-01-29 04:00,0,0.955
2018-01-29 05:00,0,0.203
2018-01-29 06:00,0,0.415
2018-01-29 07:00,0,1.385
2018-01-29 08:00,0,1.110
2018-01-29 09:00,0.001,1.567
2018-01-29 10:00,0,1.437
2018-01-29 11:00,0,1.398
2018-01-29 12:00,0,1.200
2018-01-29 13:00,0,1.405
2018-01-29 14:00,0.001,1.493
2018-01-29 15:00,0.001,1.752
2018-01-29 16:00,0.007,2.411
2018-01-29 17:00,0.037,3.497
2018-01-29 18:00,0.074,4.249
2018-01-29 19:00,0.149,5.256
2018-01-29 20:00,0.352,6.994
2018-01-29 21:00,0.562,8.442
2018-01-29 22:00,0.707,9.562
2018-01-29 23:00,0.819,10.684
2018-01-30 00:00,0.888,11.696
2018-01-30 01:00,0.927,12.557
2018-01-30 02:00,0.976,14.501
2018-01-30 03:00,0.986,15.319
2018-01-30 04:00,0.986,15.334
2018-01-30 05:00,0.981,14.841
2018-01-30 06:00,0.972,14.252
2018-01-30 07:00,0.965,13.840
2018-01-30 08:00,0.950,13.260
2018-01-30 09:00,0.884,11.631
2018-01-30 10:00,0.697,9.476
2018-01-30 11:00,0.729,9.750
2018-01-30 12:00,0.723,9.689
2018-01-30 13:00,0.702,9.518
2018-01-30 14:00,0.676,9.307
2018-01-30 15:00,0.680,9.333
2018-01-30 16:00,0.672,9.266
2018-01-30 17:00,0.701,9.504
2018-01-30 18:00,0.733,9.793
2018-01-30 19:00,0.750,9.947
2018-01-30 20:00,0.791,10.365
2018-01-30 21:00,0.831,10.833
2018-01-30 22:00,0.882,11.597
2018-01-30 23:00,0.903,11.985
2018-01-31 00:00,0.886,11.653
2018-01-31 01:00,0.830,10.818
2018-01-31 02:00,0.807,10.548
2018-01-31 03:00,0.888,11.707
2018-01-31 04:00,0.901,11.939
2018-01-31 05:00,0.914,12.236
2018-01-31 06:00,0.922,12.420
2018-01-31 07:00,0.916,12.272
2018-01-31 08:00,0.893,11.800
2018-01-31 09:00,0.794,10.395
2018-01-31 10:00,0.510,8.083
2018-01-31 11:00,0.314,6.717
2018-01-31 12:00,0.265,6.341
2018-01-31 13:00,0.261,6.303
2018-01-31 14:00,0.211,5.870
2018-01-31 15:00,0.184,5.617
2018-01-31 16:00,0.143,5.189
2018-01-31 17:00,0.090,4.506
2018-01-31 18:00,0.043,3.663
2018-01-31 19:00,0.021,3.046
2018-01-31 20:00,0.008,2.456
2018-01-31 21:00,0.002,1.887
2018-01-31 22:00,0.002,1.880
2018-01-31 23:00,0.005,2.258
2018-02-01 00:00,0.013,2.714
2018-02-01 01:00,0.014,2.787
2018-02-01 02:00,0.002,1.942
2018-02-01 03:00,0,0.517
2018-02-01 04:00,0,0
2018-02-01 05:00,0,0
2018-02-01 06:00,0,0
2018-02-01 07:00,0,0
2018-02-01 08:00,0,1.372
2018-02-01 09:00,0.073,4.232
2018-02-01 10:00,0.179,5.559
2018-02-01 11:00,0.230,6.040
2018-02-01 12:00,0.229,6.032
2018-02-01 13:00,0.261,6.303
2018-02-01 14:00,0.284,6.482
2018-02-01 15:00,0.303,6.638
2018-02-01 16:00,0.296,6.577
2018-02-01 17:00,0.265,6.329
2018-02-01 18:00,0.207,5.839
2018-02-01 19:00,0.155,5.309
2018-02-01 20:00,0.115,4.844
2018-02-01 21:00,0.153,5.291
2018-02-01 22:00,0.229,6.034
2018-02-01 23:00,0.242,6.151
2018-02-02 00:00,0.204,5.801
2018-02-02 01:00,0.156,5.324
2018-02-02 02:00,0.085,4.411
2018-02-02 03:00,0.050,3.816
2018-02-02 04:00,0.029,3.310
2018-02-02 05:00,0.002,1.923
2018-02-02 06:00,0.001,1.464
2018-02-02 07:00,0.004,2.144
2018-02-02 08:00,0.055,3.894
2018-02-02 09:00,0.078,4.309
2018-02-02 10:00,0.163,5.400
2018-02-02 11:00,0.286,6.507
2018-02-02 12:00,0.333,6.858
2018-02-02 13:00,0.227,6.020
2018-02-02 14:00,0.135,5.090
2018-02-02 15:00,0.133,5.055
2018-02-02 16:00,0.157,5.341
2018-02-02 17:00,0.180,5.567
2018-02-02 18:00,0.184,5.623
2018-02-02 19:00,0.166,5.439
2018-02-02 20:00,0.149,5.256
2018-02-02 21:00,0.160,5.368
2018-02-02 22:00,0.209,5.856
2018-02-02 23:00,0.246,6.181
2018-02-03 00:00,0.248,6.189
2018-02-03 01:00,0.224,5.983
2018-02-03 02:00,0.108,4.755
2018-02-03 03:00,0.039,3.553
2018-02-03 04:00,0.016,2.865
2018-02-03 05:00,0,0.204
2018-02-03 06:00,0,0.932
2018-02-03 07:00,0.048,3.758
2018-02-03 08:00,0.175,5.522
2018-02-03 09:00,0.309,6.683
2018-02-03 10:00,0.482,7.897
2018-02-03 11:00,0.545,8.325
2018-02-03 12:00,0.523,8.181
2018-02-03 13:00,0.463,7.763
2018-02-03 14:00,0.405,7.369
2018-02-03 15:00,0.292,6.553
2018-02-03 16:00,0.205,5.821
2018-02-03 17:00,0.166,5.440
2018-02-03 18:00,0.203,5.788
2018-02-03 19:00,0.204,5.807
2018-02-03 20:00,0.150,5.267
2018-02-03 21:00,0.123,4.945
2018-02-03 22:00,0.123,4.952
2018-02-03 23:00,0.113,4.812
2018-02-04 00:00,0.106,4.725
2018-02-04 01:00,0.088,4.471
2018-02-04 02:00,0.015,2.833
2018-02-04 03:00,0.004,2.105
2018-02-04 04:00,0,0.630
2018-02-04 05:00,0,0
2018-02-04 06:00,0,0
2018-02-04 07:00,0,0
2018-02-04 08:00,0,0
2018-02-04 09:00,0.020,3.031
2018-02-04 10:00,0.010,2.576
2018-02-04 11:00,0.005,2.203
2018-02-04 12:00,0.089,4.479
2018-02-04 13:00,0.155,5.310
2018-02-04 14:00,0.133,5.063
2018-02-04 15:00,0.104,4.694
2018-02-04 16:00,0.078,4.318
2018-02-04 17:00,0.070,4.177
2018-02-04 18:00,0.068,4.135
2018-02-04 19:00,0.063,4.049
2018-02-04 20:00,0.043,3.648
2018-02-04 21:00,0.038,3.533
2018-02-04 22:00,0.047,3.741
2018-02-04 23:00,0.082,4.365
2018-02-05 00:00,0.104,4.695
2018-02-05 01:00,0.124,4.953
2018-02-05 02:00,0.102,4.661
2018-02-05 03:00,0.224,5.992
2018-02-05 04:00,0.451,7.691
2018-02-05 05:00,0.658,9.156
2018-02-05 06:00,0.750,9.946
2018-02-05 07:00,0.772,10.152
2018-02-05 08:00,0.756,10.009
2018-02-05 09:00,0.649,9.093
2018-02-05 10:00,0.416,7.444
2018-02-05 11:00,0.339,6.905
2018-02-05 12:00,0.423,7.488
2018-02-05 13:00,0.406,7.370
2018-02-05 14:00,0.285,6.498
2018-02-05 15:00,0.185,5.625
2018-02-05 16:00,0.119,4.893
2018-02-05 17:00,0.089,4.490
2018-02-05 18:00,0.083,4.383
2018-02-05 19:00,0.088,4.474
2018-02-05 20:00,0.086,4.440
2018-02-05 21:00,0.070,4.182
2018-02-05 22:00,0.067,4.127
2018-02-05 23:00,0.069,4.149
2018-02-06 00:00,0.069,4.166
2018-02-06 01:00,0.070,4.177
2018-02-06 02:00,0.033,3.406
2018-02-06 03:00,0,1.302
2018-02-06 04:00,0,0
2018-02-06 05:00,0,0
2018-02-06 06:00,0,0
2018-02-06 07:00,0,0
2018-02-06 08:00,0,0
2018-02-06 09:00,0.003,2.069
2018-02-06 10:00,0.073,4.238
2018-02-06 11:00,0.136,5.101
2018-02-06 12:00,0.156,5.320
2018-02-06 13:00,0.116,4.859
2018-02-06 14:00,0.105,4.715
2018-02-06 15:00,0.115,4.848
2018-02-06 16:00,0.134,5.080
2018-02-06 17:00,0.204,5.799
2018-02-06 18:00,0.293,6.559
2018-02-06 19:00,0.322,6.777
2018-02-06 20:00,0.302,6.620
2018-02-06 21:00,0.255,6.252
2018-02-06 22:00,0.209,5.858
2018-02-06 23:00,0.158,5.348
2018-02-07 00:00,0.114,4.837
2018-02-07 01:00,0.071,4.195
2018-02-07 02:00,0.026,3.196
2018-02-07 03:00,0.006,2.295
2018-02-07 04:00,0.004,2.177
2018-02-07 05:00,0,0
2018-02-07 06:00,0,0
2018-02-07 07:00,0,0
2018-02-07 08:00,0.013,2.737
2018-02-07 09:00,0.021,3.040
2018-02-07 10:00,0.016,2.865
2018-02-07 11:00,0.013,2.743
2018-02-07 12:00,0.064,4.085
2018-02-07 13:00,0.149,5.257
2018-02-07 14:00,0.229,6.027
2018-02-07 15:00,0.316,6.726
2018-02-07 16:00,0.391,7.272
2018-02-07 17:00,0.483,7.904
2018-02-07 18:00,0.648,9.080
2018-02-07 19:00,0.807,10.548
2018-02-07 20:00,0.903,11.985
2018-02-07 21:00,0.932,12.670
2018-02-07 22:00,0.943,12.987
2018-02-07 23:00,0.945,13.072
2018-02-08 00:00,0.948,13.153
2018-02-08 01:00,0.936,12.787
2018-02-08 02:00,0.983,14.998
2018-02-08 03:00,0.992,17.409
2018-02-08 04:00,0.989,18.031
2018-02-08 05:00,0.987,18.227
2018-02-08 06:00,0.988,18.111
2018-02-08 07:00,0.988,18.210
2018-02-08 08:00,0.989,18.065
2018-02-08 09:00,0.993,17.184
2018-02-08 10:00,0.987,15.409
2018-02-08 11:00,0.961,13.694
2018-02-08 12:00,0.930,12.636
2018-02-08 13:00,0.853,11.139
2018-02-08 14:00,0.795,10.397
2018-02-08 15:00,0.741,9.864
2018-02-08 16:00,0.705,9.544
2018-02-08 17:00,0.680,9.337
2018-02-08 18:00,0.733,9.791
2018-02-08 19:00,0.743,9.883
2018-02-08 20:00,0.758,10.027
2018-02-08 21:00,0.771,10.146
2018-02-08 22:00,0.762,10.061
2018-02-08 23:00,0.752,9.970
2018-02-09 00:00,0.709,9.573
2018-02-09 01:00,0.767,10.104
2018-02-09 02:00,0.899,11.902
2018-02-09 03:00,0.948,13.163
2018-02-09 04:00,0.959,13.590
2018-02-09 05:00,0.968,13.984
2018-02-09 06:00,0.974,14.314
2018-02-09 07:00,0.970,14.131
2018-02-09 08:00,0.955,13.412
2018-02-09 09:00,0.916,12.272
2018-02-09 10:00,0.834,10.876
2018-02-09 11:00,0.811,10.579
2018-02-09 12:00,0.847,11.055
2018-02-09 13:00,0.883,11.620
2018-02-09 14:00,0.883,11.600
2018-02-09 15:00,0.865,11.320
2018-02-09 16:00,0.840,10.949
2018-02-09 17:00,0.800,10.467
2018-02-09 18:00,0.754,9.991
2018-02-09 19:00,0.707,9.559
2018-02-09 20:00,0.674,9.288
2018-02-09 21:00,0.645,9.055
2018-02-09 22:00,0.619,8.860
2018-02-09 23:00,0.606,8.768
2018-02-10 00:00,0.563,8.462
2018-02-10 01:00,0.444,7.636
2018-02-10 02:00,0.454,7.710
2018-02-10 03:00,0.559,8.423
2018-02-10 04:00,0.588,8.638
2018-02-10 05:00,0.600,8.714
2018-02-10 06:00,0.595,8.683
2018-02-10 07:00,0.581,8.580
2018-02-10 08:00,0.552,8.380
2018-02-10 09:00,0.478,7.866
2018-02-10 10:00,0.251,6.223
2018-02-10 11:00,0.156,5.331
2018-02-10 12:00,0.289,6.527
2018-02-10 13:00,0.407,7.383
2018-02-10 14:00,0.375,7.160
2018-02-10 15:00,0.254,6.238
2018-02-10 16:00,0.156,5.321
2018-02-10 17:00,0.114,4.834
2018-02-10 18:00,0.120,4.914
2018-02-10 19:00,0.166,5.437
2018-02-10 20:00,0.208,5.849
2018-02-10 21:00,0.200,5.771
2018-02-10 22:00,0.205,5.823
2018-02-10 23:00,0.209,5.853
2018-02-11 00:00,0.205,5.816
2018-02-11 01:00,0.181,5.590
2018-02-11 02:00,0.121,4.917
2018-02-11 03:00,0.232,6.066
2018-02-11 04:00,0.304,6.648
2018-02-11 05:00,0.311,6.695
2018-02-11 06:00,0.276,6.424
2018-02-11 07:00,0.185,5.624
2018-02-11 08:00,0.089,4.488
2018-02-11 09:00,0.021,3.048
2018-02-11 10:00,0,1.072
2018-02-11 11:00,0.005,2.235
2018-02-11 12:00,0.113,4.816
2018-02-11 13:00,0.146,5.216
2018-02-11 14:00,0.081,4.362
2018-02-11 15:00,0.040,3.593
2018-02-11 16:00,0.030,3.324
2018-02-11 17:00,0.047,3.750
2018-02-11 18:00,0.093,4.538
2018-02-11 19:00,0.146,5.215
2018-02-11 20:00,0.208,5.845
2018-02-11 21:00,0.322,6.784
2018-02-11 22:00,0.504,8.044
2018-02-11 23:00,0.583,8.598
2018-02-12 00:00,0.752,9.964
2018-02-12 01:00,0.825,10.753
2018-02-12 02:00,0.682,9.355
2018-02-12 03:00,0.397,7.316
2018-02-12 04:00,0.606,8.759
2018-02-12 05:00,0.820,10.693
2018-02-12 06:00,0.905,12.030
2018-02-12 07:00,0.922,12.431
2018-02-12 08:00,0.911,12.148
2018-02-12 09:00,0.774,10.183
2018-02-12 10:00,0.724,9.703
2018-02-12 11:00,0.830,10.822
2018-02-12 12:00,0.911,12.159
2018-02-12 13:00,0.932,12.690
2018-02-12 14:00,0.941,12.955
2018-02-12 15:00,0.945,13.065
2018-02-12 16:00,0.941,12.948
2018-02-12 17:00,0.921,12.395
2018-02-12 18:00,0.871,11.416
2018-02-12 19:00,0.805,10.518
2018-02-12 20:00,0.750,9.950
2018-02-12 21:00,0.701,9.503
2018-02-12 22:00,0.719,9.652
2018-02-12 23:00,0.700,9.499
2018-02-13 00:00,0.564,8.468
2018-02-13 01:00,0.352,6.993
2018-02-13 02:00,0.222,5.961
2018-02-13 03:00,0.021,3.063
2018-02-13 04:00,0.006,2.295
2018-02-13 05:00,0.141,5.166
2018-02-13 06:00,0.329,6.825
2018-02-13 07:00,0.380,7.199
2018-02-13 08:00,0.416,7.447
2018-02-13 09:00,0.407,7.383
2018-02-13 10:00,0.449,7.663
2018-02-13 11:00,0.612,8.808
2018-02-13 12:00,0.693,9.436
2018-02-13 13:00,0.653,9.121
2018-02-13 14:00,0.672,9.273
2018-02-13 15:00,0.520,8.156
2018-02-13 16:00,0.367,7.107
2018-02-13 17:00,0.311,6.695
2018-02-13 18:00,0.261,6.308
2018-02-13 19:00,0.195,5.729
2018-02-13 20:00,0.126,4.981
2018-02-13 21:00,0.086,4.435
2018-02-13 22:00,0.061,4.019
2018-02-13 23:00,0.054,3.878
2018-02-14 00:00,0.056,3.930
2018-02-14 01:00,0.042,3.630
2018-02-14 02:00,0.017,2.910
2018-02-14 03:00,0.085,4.424
2018-02-14 04:00,0.276,6.426
2018-02-14 05:00,0.425,7.506
2018-02-14 06:00,0.465,7.777
2018-02-14 07:00,0.396,7.308
2018-02-14 08:00,0.268,6.353
2018-02-14 09:00,0.104,4.694
2018-02-14 10:00,0.017,2.894
2018-02-14 11:00,0.042,3.627
2018-02-14 12:00,0.120,4.907
2018-02-14 13:00,0.165,5.428
2018-02-14 14:00,0.189,5.665
2018-02-14 15:00,0.195,5.725
2018-02-14 16:00,0.196,5.735
2018-02-14 17:00,0.194,5.709
2018-02-14 18:00,0.219,5.942
2018-02-14 19:00,0.261,6.308
2018-02-14 20:00,0.285,6.497
2018-02-14 21:00,0.313,6.705
2018-02-14 22:00,0.361,7.062
2018-02-14 23:00,0.410,7.409
2018-02-15 00:00,0.439,7.605
2018-02-15 01:00,0.425,7.505
2018-02-15 02:00,0.296,6.576
2018-02-15 03:00,0.373,7.138
2018-02-15 04:00,0.648,9.083
2018-02-15 05:00,0.791,10.351
2018-02-15 06:00,0.787,10.323
2018-02-15 07:00,0.750,9.947
2018-02-15 08:00,0.646,9.069
2018-02-15 09:00,0.306,6.659
2018-02-15 10:00,0.068,4.144
2018-02-15 11:00,0.106,4.730
2018-02-15 12:00,0.194,5.707
2018-02-15 13:00,0.142,5.171
2018-02-15 14:00,0.063,4.049
2018-02-15 15:00,0.036,3.491
2018-02-15 16:00,0.071,4.196
2018-02-15 17:00,0.215,5.909
2018-02-15 18:00,0.399,7.327
2018-02-15 19:00,0.367,7.110
2018-02-15 20:00,0.309,6.674
2018-02-15 21:00,0.271,6.385
2018-02-15 22:00,0.292,6.555
2018-02-15 23:00,0.259,6.292
2018-02-16 00:00,0.208,5.848
2018-02-16 01:00,0.186,5.642
2018-02-16 02:00,0.077,4.301
2018-02-16 03:00,0.086,4.439
2018-02-16 04:00,0.209,5.856
2018-02-16 05:00,0.380,7.197
2018-02-16 06:00,0.598,8.705
2018-02-16 07:00,0.743,9.883
2018-02-16 08:00,0.844,11.006
2018-02-16 09:00,0.875,11.479
2018-02-16 10:00,0.880,11.570
2018-02-16 11:00,0.845,11.018
2018-02-16 12:00,0.799,10.456
2018-02-16 13:00,0.723,9.702
2018-02-16 14:00,0.674,9.289
2018-02-16 15:00,0.633,8.968
2018-02-16 16:00,0.607,8.771
2018-02-16 17:00,0.535,8.259
2018-02-16 18:00,0.390,7.261
2018-02-16 19:00,0.284,6.479
2018-02-16 20:00,0.227,6.010
2018-02-16 21:00,0.211,5.878
2018-02-16 22:00,0.176,5.532
2018-02-16 23:00,0.138,5.127
2018-02-17 00:00,0.114,4.837
2018-02-17 01:00,0.085,4.419
2018-02-17 02:00,0.111,4.784
2018-02-17 03:00,0.165,5.427
2018-02-17 04:00,0.241,6.138
2018-02-17 05:00,0.342,6.919
2018-02-17 06:00,0.413,7.424
2018-02-17 07:00,0.426,7.513
2018-02-17 08:00,0.387,7.243
2018-02-17 09:00,0.291,6.547
2018-02-17 10:00,0.134,5.073
2018-02-17 11:00,0.051,3.820
2018-02-17 12:00,0.067,4.122
2018-02-17 13:00,0.126,4.988
2018-02-17 14:00,0.163,5.401
2018-02-17 15:00,0.117,4.866
2018-02-17 16:00,0.055,3.910
2018-02-17 17:00,0.023,3.132
2018-02-17 18:00,0.008,2.479
2018-02-17 19:00,0.001,1.751
2018-02-17 20:00,0,1.375
2018-02-17 21:00,0.004,2.103
2018-02-17 22:00,0.027,3.238
2018-02-17 23:00,0.039,3.571
2018-02-18 00:00,0.034,3.434
2018-02-18 01:00,0.016,2.848
2018-02-18 02:00,0.003,1.956
2018-02-18 03:00,0,0
2018-02-18 04:00,0,0
2018-02-18 05:00,0,0
2018-02-18 06:00,0,0
2018-02-18 07:00,0,0
2018-02-18 08:00,0,0
2018-02-18 09:00,0.001,1.518
2018-02-18 10:00,0.024,3.164
2018-02-18 11:00,0.026,3.217
2018-02-18 12:00,0.048,3.772
2018-02-18 13:00,0.081,4.365
2018-02-18 14:00,0.085,4.411
2018-02-18 15:00,0.067,4.129
2018-02-18 16:00,0.084,4.400
2018-02-18 17:00,0.113,4.811
2018-02-18 18:00,0.115,4.847
2018-02-18 19:00,0.097,4.604
2018-02-18 20:00,0.081,4.363
2018-02-18 21:00,0.052,3.850
2018-02-18 22:00,0.032,3.384
2018-02-18 23:00,0.036,3.476
2018-02-19 00:00,0.041,3.608
2018-02-19 01:00,0.019,2.982
2018-02-19 02:00,0.003,2.023
2018-02-19 03:00,0.017,2.888
2018-02-19 04:00,0.076,4.274
2018-02-19 05:00,0.145,5.209
2018-02-19 06:00,0.219,5.944
2018-02-19 07:00,0.223,5.969
2018-02-19 08:00,0.157,5.338
2018-02-19 09:00,0.069,4.161
2018-02-19 10:00,0.026,3.206
2018-02-19 11:00,0.049,3.784
2018-02-19 12:00,0.109,4.770
2018-02-19 13:00,0.112,4.793
2018-02-19 14:00,0.093,4.533
2018-02-19 15:00,0.050,3.817
2018-02-19 16:00,0.019,2.981
2018-02-19 17:00,0.014,2.779
2018-02-19 18:00,0.026,3.203
2018-02-19 19:00,0.034,3.434
2018-02-19 20:00,0.024,3.148
2018-02-19 21:00,0.007,2.387
2018-02-19 22:00,0.001,1.692
2018-02-19 23:00,0.002,1.933
2018-02-20 00:00,0.006,2.332
2018-02-20 01:00,0.012,2.698
2018-02-20 02:00,0.048,3.775
2018-02-20 03:00,0.109,4.762
2018-02-20 04:00,0.220,5.950
2018-02-20 05:00,0.380,7.197
2018-02-20 06:00,0.513,8.106
2018-02-20 07:00,0.591,8.660
2018-02-20 08:00,0.628,8.923
2018-02-20 09:00,0.622,8.887
2018-02-20 10:00,0.455,7.719
2018-02-20 11:00,0.270,6.376
2018-02-20 12:00,0.285,6.493
2018-02-20 13:00,0.359,7.049
2018-02-20 14:00,0.413,7.424
2018-02-20 15:00,0.446,7.643
2018-02-20 16:00,0.443,7.633
2018-02-20 17:00,0.452,7.697
2018-02-20 18:00,0.489,7.950
2018-02-20 19:00,0.529,8.220
2018-02-20 20:00,0.573,8.524
2018-02-20 21:00,0.588,8.639
2018-02-20 22:00,0.590,8.647
2018-02-20 23:00,0.572,8.522
2018-02-21 00:00,0.566,8.477
2018-02-21 01:00,0.453,7.706
2018-02-21 02:00,0.413,7.430
2018-02-21 03:00,0.581,8.589
2018-02-21 04:00,0.722,9.685
2018-02-21 05:00,0.795,10.402
2018-02-21 06:00,0.833,10.849
2018-02-21 07:00,0.845,11.024
2018-02-21 08:00,0.844,11.003
2018-02-21 09:00,0.794,10.392
2018-02-21 10:00,0.544,8.317
2018-02-21 11:00,0.506,8.066
2018-02-21 12:00,0.645,9.062
2018-02-21 13:00,0.747,9.914
2018-02-21 14:00,0.769,10.134
2018-02-21 15:00,0.796,10.414
2018-02-21 16:00,0.853,11.132
2018-02-21 17:00,0.902,11.968
2018-02-21 18:00,0.917,12.298
2018-02-21 19:00,0.916,12.287
2018-02-21 20:00,0.916,12.276
2018-02-21 21:00,0.911,12.152
2018-02-21 22:00,0.913,12.210
2018-02-21 23:00,0.891,11.742
2018-02-22 00:00,0.857,11.193
2018-02-22 01:00,0.772,10.155
2018-02-22 02:00,0.452,7.699
2018-02-22 03:00,0.330,6.841
2018-02-22 04:00,0.333,6.858
2018-02-22 05:00,0.367,7.101
2018-02-22 06:00,0.378,7.182
2018-02-22 07:00,0.389,7.255
2018-02-22 08:00,0.382,7.216
2018-02-22 09:00,0.341,6.914
2018-02-22 10:00,0.249,6.202
2018-02-22 11:00,0.284,6.484
2018-02-22 12:00,0.533,8.245
2018-02-22 13:00,0.759,10.032
2018-02-22 14:00,0.837,10.917
2018-02-22 15:00,0.837,10.900
2018-02-22 16:00,0.825,10.753
2018-02-22 17:00,0.879,11.542
2018-02-22 18:00,0.871,11.397
2018-02-22 19:00,0.824,10.747
2018-02-22 20:00,0.769,10.136
2018-02-22 21:00,0.762,10.069
2018-02-22 22:00,0.814,10.627
2018-02-22 23:00,0.803,10.493
2018-02-23 00:00,0.753,9.981
2018-02-23 01:00,0.661,9.179
2018-02-23 02:00,0.934,12.732
2018-02-23 03:00,0.959,13.590
2018-02-23 04:00,0.954,13.376
2018-02-23 05:00,0.948,13.173
2018-02-23 06:00,0.941,12.946
2018-02-23 07:00,0.925,12.497
2018-02-23 08:00,0.894,11.816
2018-02-23 09:00,0.812,10.597
2018-02-23 10:00,0.571,8.506
2018-02-23 11:00,0.355,7.012
2018-02-23 12:00,0.355,7.014
2018-02-23 13:00,0.394,7.294
2018-02-23 14:00,0.416,7.449
2018-02-23 15:00,0.419,7.473
2018-02-23 16:00,0.432,7.558
2018-02-23 17:00,0.423,7.494
2018-02-23 18:00,0.404,7.364
2018-02-23 19:00,0.400,7.333
2018-02-23 20:00,0.413,7.426
2018-02-23 21:00,0.436,7.586
2018-02-23 22:00,0.422,7.484
2018-02-23 23:00,0.403,7.353
2018-02-24 00:00,0.377,7.169
2018-02-24 01:00,0.292,6.556
2018-02-24 02:00,0.194,5.705
2018-02-24 03:00,0.214,5.904
2018-02-24 04:00,0.251,6.211
2018-02-24 05:00,0.276,6.423
2018-02-24 06:00,0.276,6.429
2018-02-24 07:00,0.243,6.158
2018-02-24 08:00,0.189,5.668
2018-02-24 09:00,0.111,4.783
2018-02-24 10:00,0.020,3.017
2018-02-24 11:00,0,0.088
2018-02-24 12:00,0.024,3.162
2018-02-24 13:00,0.123,4.951
2018-02-24 14:00,0.159,5.360
2018-02-24 15:00,0.191,5.685
2018-02-24 16:00,0.305,6.650
2018-02-24 17:00,0.526,8.204
2018-02-24 18:00,0.790,10.349
2018-02-24 19:00,0.908,12.106
2018-02-24 20:00,0.941,12.923
2018-02-24 21:00,0.925,12.488
2018-02-24 22:00,0.883,11.598
2018-02-24 23:00,0.827,10.791
2018-02-25 00:00,0.724,9.706
2018-02-25 01:00,0.556,8.399
2018-02-25 02:00,0.241,6.137
2018-02-25 03:00,0.218,5.939
2018-02-25 04:00,0.254,6.241
2018-02-25 05:00,0.335,6.879
2018-02-25 06:00,0.428,7.527
2018-02-25 07:00,0.460,7.748
2018-02-25 08:00,0.390,7.265
2018-02-25 09:00,0.243,6.153
2018-02-25 10:00,0.099,4.618
2018-02-25 11:00,0.072,4.221
2018-02-25 12:00,0.157,5.334
2018-02-25 13:00,0.276,6.422
2018-02-25 14:00,0.311,6.695
2018-02-25 15:00,0.281,6.467
2018-02-25 16:00,0.262,6.311
2018-02-25 17:00,0.229,6.028
2018-02-25 18:00,0.196,5.733
2018-02-25 19:00,0.165,5.425
2018-02-25 20:00,0.131,5.031
2018-02-25 21:00,0.091,4.519
2018-02-25 22:00,0.069,4.162
2018-02-25 23:00,0.053,3.864
2018-02-26 00:00,0.047,3.748
2018-02-26 01:00,0.036,3.468
2018-02-26 02:00,0.020,3.020
2018-02-26 03:00,0.031,3.347
2018-02-26 04:00,0.073,4.228
2018-02-26 05:00,0.186,5.634
2018-02-26 06:00,0.283,6.477
2018-02-26 07:00,0.257,6.271
2018-02-26 08:00,0.177,5.537
2018-02-26 09:00,0.127,4.990
2018-02-26 10:00,0.101,4.653
2018-02-26 11:00,0.100,4.639
2018-02-26 12:00,0.159,5.366
2018-02-26 13:00,0.262,6.314
2018-02-26 14:00,0.324,6.795
2018-02-26 15:00,0.394,7.294
2018-02-26 16:00,0.477,7.863
2018-02-26 17:00,0.549,8.360
2018-02-26 18:00,0.625,8.897
2018-02-26 19:00,0.695,9.455
2018-02-26 20:00,0.723,9.690
2018-02-26 21:00,0.712,9.600
2018-02-26 22:00,0.705,9.543
2018-02-26 23:00,0.700,9.494
2018-02-27 00:00,0.681,9.340
2018-02-27 01:00,0.549,8.358
2018-02-27 02:00,0.710,9.579
2018-02-27 03:00,0.824,10.743
2018-02-27 04:00,0.872,11.426
2018-02-27 05:00,0.905,12.029
2018-02-27 06:00,0.925,12.490
2018-02-27 07:00,0.938,12.845
2018-02-27 08:00,0.942,12.970
2018-02-27 09:00,0.876,11.499
2018-02-27 10:00,0.724,9.704
2018-02-27 11:00,0.619,8.864
2018-02-27 12:00,0.692,9.423
2018-02-27 13:00,0.782,10.271
2018-02-27 14:00,0.782,10.265
2018-02-27 15:00,0.765,10.092
2018-02-27 16:00,0.714,9.618
2018-02-27 17:00,0.605,8.755
2018-02-27 18:00,0.479,7.877
2018-02-27 19:00,0.329,6.826
2018-02-27 20:00,0.162,5.397
2018-02-27 21:00,0.094,4.553
2018-02-27 22:00,0.058,3.953
2018-02-27 23:00,0.041,3.616
2018-02-28 00:00,0.134,5.084
2018-02-28 01:00,0.163,5.408
2018-02-28 02:00,0.246,6.183
2018-02-28 03:00,0.165,5.430
2018-02-28 04:00,0,0.727
2018-02-28 05:00,0,0
2018-02-28 06:00,0,0
2018-02-28 07:00,0,1.103
2018-02-28 08:00,0.015,2.802
2018-02-28 09:00,0.023,3.130
2018-02-28 10:00,0.014,2.789
2018-02-28 11:00,0.072,4.220
2018-02-28 12:00,0.232,6.062
2018-02-28 13:00,0.370,7.120
2018-02-28 14:00,0.617,8.850
2018-02-28 15:00,0.814,10.629
2018-02-28 16:00,0.876,11.488
2018-02-28 17:00,0.887,11.670
2018-02-28 18:00,0.887,11.673
2018-02-28 19:00,0.887,11.679
2018-02-28 20:00,0.895,11.829
2018-02-28 21:00,0.900,11.931
2018-02-28 22:00,0.897,11.878
2018-02-28 23:00,0.867,11.336
2018-03-01 00:00,0.811,10.585
2018-03-01 01:00,0.618,8.853
2018-03-01 02:00,0.784,10.285
2018-03-01 03:00,0.888,11.713
2018-03-01 04:00,0.919,12.344
2018-03-01 05:00,0.932,12.691
2018-03-01 06:00,0.939,12.892
2018-03-01 07:00,0.934,12.742
2018-03-01 08:00,0.923,12.454
2018-03-01 09:00,0.878,11.511
2018-03-01 10:00,0.739,9.830
2018-03-01 11:00,0.617,8.849
2018-03-01 12:00,0.654,9.126
2018-03-01 13:00,0.767,10.113
2018-03-01 14:00,0.839,10.940
2018-03-01 15:00,0.862,11.264
2018-03-01 16:00,0.867,11.343
2018-03-01 17:00,0.850,11.084
2018-03-01 18:00,0.813,10.604
2018-03-01 19:00,0.789,10.334
2018-03-01 20:00,0.800,10.460
2018-03-01 21:00,0.803,10.489
2018-03-01 22:00,0.765,10.091
2018-03-01 23:00,0.743,9.881
2018-03-02 00:00,0.743,9.882
2018-03-02 01:00,0.680,9.335
2018-03-02 02:00,0.693,9.435
2018-03-02 03:00,0.941,12.935
2018-03-02 04:00,0.985,15.190
2018-03-02 05:00,0.992,16.235
2018-03-02 06:00,0.992,16.311
2018-03-02 07:00,0.988,15.600
2018-03-02 08:00,0.975,14.390
2018-03-02 09:00,0.917,12.300
2018-03-02 10:00,0.797,10.424
2018-03-02 11:00,0.595,8.685
2018-03-02 12:00,0.458,7.734
2018-03-02 13:00,0.288,6.522
2018-03-02 14:00,0.059,3.969
2018-03-02 15:00,0.002,1.918
2018-03-02 16:00,0.005,2.228
2018-03-02 17:00,0,0.769
2018-03-02 18:00,0,1.202
2018-03-02 19:00,0.004,2.094
2018-03-02 20:00,0.008,2.435
2018-03-02 21:00,0.017,2.918
2018-03-02 22:00,0.046,3.707
2018-03-02 23:00,0.080,4.343
2018-03-03 00:00,0.118,4.886
2018-03-03 01:00,0.149,5.250
2018-03-03 02:00,0.172,5.498
2018-03-03 03:00,0.135,5.097
2018-03-03 04:00,0.023,3.109
2018-03-03 05:00,0.029,3.295
2018-03-03 06:00,0.051,3.827
2018-03-03 07:00,0.056,3.934
2018-03-03 08:00,0.069,4.147
2018-03-03 09:00,0.066,4.115
2018-03-03 10:00,0.079,4.329
2018-03-03 11:00,0.087,4.462
2018-03-03 12:00,0.067,4.123
2018-03-03 13:00,0.071,4.200
2018-03-03 14:00,0.080,4.341
2018-03-03 15:00,0.186,5.633
2018-03-03 16:00,0.421,7.482
2018-03-03 17:00,0.466,7.795
2018-03-03 18:00,0.334,6.864
2018-03-03 19:00,0.239,6.125
2018-03-03 20:00,0.197,5.745
2018-03-03 21:00,0.168,5.446
2018-03-03 22:00,0.181,5.584
2018-03-03 23:00,0.168,5.451
2018-03-04 00:00,0.134,5.071
2018-03-04 01:00,0.102,4.666
2018-03-04 02:00,0.024,3.164
2018-03-04 03:00,0,0
2018-03-04 04:00,0,0
2018-03-04 05:00,0,0
2018-03-04 06:00,0,0
2018-03-04 07:00,0,0
2018-03-04 08:00,0,0
2018-03-04 09:00,0,1.437
2018-03-04 10:00,0.086,4.441
2018-03-04 11:00,0.190,5.677
2018-03-04 12:00,0.314,6.709
2018-03-04 13:00,0.333,6.856
2018-03-04 14:00,0.261,6.310
2018-03-04 15:00,0.115,4.849
2018-03-04 16:00,0.034,3.435
2018-03-04 17:00,0.011,2.617
2018-03-04 18:00,0.009,2.536
2018-03-04 19:00,0.020,3.002
2018-03-04 20:00,0.040,3.587
2018-03-04 21:00,0.050,3.810
2018-03-04 22:00,0.046,3.711
2018-03-04 23:00,0.055,3.915
2018-03-05 00:00,0.069,4.165
2018-03-05 01:00,0.037,3.514
2018-03-05 02:00,0.003,2.000
2018-03-05 03:00,0,0
2018-03-05 04:00,0,0
2018-03-05 05:00,0,0
2018-03-05 06:00,0,0.971
2018-03-05 07:00,0.175,5.523
2018-03-05 08:00,0.342,6.928
2018-03-05 09:00,0.482,7.894
2018-03-05 10:00,0.547,8.342
2018-03-05 11:00,0.536,8.271
2018-03-05 12:00,0.524,8.187
2018-03-05 13:00,0.596,8.688
2018-03-05 14:00,0.671,9.257
2018-03-05 15:00,0.666,9.220
2018-03-05 16:00,0.605,8.757
2018-03-05 17:00,0.565,8.472
2018-03-05 18:00,0.569,8.497
2018-03-05 19:00,0.609,8.790
2018-03-05 20:00,0.597,8.696
2018-03-05 21:00,0.527,8.211
2018-03-05 22:00,0.491,7.961
2018-03-05 23:00,0.445,7.638
2018-03-06 00:00,0.411,7.413
2018-03-06 01:00,0.363,7.073
2018-03-06 02:00,0.612,8.803
2018-03-06 03:00,0.827,10.785
2018-03-06 04:00,0.937,12.820
2018-03-06 05:00,0.981,14.821
2018-03-06 06:00,0.992,16.328
2018-03-06 07:00,0.993,17.090
2018-03-06 08:00,0.993,17.179
2018-03-06 09:00,0.993,16.574
2018-03-06 10:00,0.980,14.767
2018-03-06 11:00,0.935,12.763
2018-03-06 12:00,0.856,11.178
2018-03-06 13:00,0.706,9.555
2018-03-06 14:00,0.489,7.949
2018-03-06 15:00,0.295,6.574
2018-03-06 16:00,0.149,5.254
2018-03-06 17:00,0.067,4.119
2018-03-06 18:00,0.041,3.606
2018-03-06 19:00,0.065,4.097
2018-03-06 20:00,0.102,4.673
2018-03-06 21:00,0.133,5.056
2018-03-06 22:00,0.169,5.458
2018-03-06 23:00,0.210,5.869
2018-03-07 00:00,0.237,6.098
2018-03-07 01:00,0.093,4.550
2018-03-07 02:00,0.010,2.609
2018-03-07 03:00,0.062,4.047
2018-03-07 04:00,0.094,4.557
2018-03-07 05:00,0.105,4.716
2018-03-07 06:00,0.065,4.088
2018-03-07 07:00,0.025,3.175
2018-03-07 08:00,0.011,2.637
2018-03-07 09:00,0.020,3.002
2018-03-07 10:00,0.020,3.008
2018-03-07 11:00,0.018,2.948
2018-03-07 12:00,0.069,4.153
2018-03-07 13:00,0.163,5.408
2018-03-07 14:00,0.242,6.151
2018-03-07 15:00,0.280,6.454
2018-03-07 16:00,0.285,6.489
2018-03-07 17:00,0.314,6.722
2018-03-07 18:00,0.460,7.746
2018-03-07 19:00,0.629,8.941
2018-03-07 20:00,0.711,9.595
2018-03-07 21:00,0.756,10.008
2018-03-07 22:00,0.765,10.087
2018-03-07 23:00,0.753,9.977
2018-03-08 00:00,0.705,9.547
2018-03-08 01:00,0.450,7.676
2018-03-08 02:00,0.031,3.346
2018-03-08 03:00,0.006,2.347
2018-03-08 04:00,0.026,3.219
2018-03-08 05:00,0.074,4.254
2018-03-08 06:00,0.157,5.341
2018-03-08 07:00,0.224,5.980
2018-03-08 08:00,0.268,6.355
2018-03-08 09:00,0.259,6.289
2018-03-08 10:00,0.197,5.748
2018-03-08 11:00,0.137,5.116
2018-03-08 12:00,0.374,7.154
2018-03-08 13:00,0.713,9.609
2018-03-08 14:00,0.844,11.003
2018-03-08 15:00,0.856,11.177
2018-03-08 16:00,0.767,10.110
2018-03-08 17:00,0.585,8.615
2018-03-08 18:00,0.425,7.505
2018-03-08 19:00,0.324,6.794
2018-03-08 20:00,0.252,6.225
2018-03-08 21:00,0.176,5.528
2018-03-08 22:00,0.100,4.630
2018-03-08 23:00,0.040,3.581
2018-03-09 00:00,0.017,2.913
2018-03-09 01:00,0.019,2.964
2018-03-09 02:00,0.005,2.200
2018-03-09 03:00,0,0
2018-03-09 04:00,0,0
2018-03-09 05:00,0,0
2018-03-09 06:00,0,0
2018-03-09 07:00,0,0
2018-03-09 08:00,0,0
2018-03-09 09:00,0.001,1.707
2018-03-09 10:00,0.048,3.766
2018-03-09 11:00,0.054,3.879
2018-03-09 12:00,0.136,5.106
2018-03-09 13:00,0.273,6.403
2018-03-09 14:00,0.325,6.805
2018-03-09 15:00,0.278,6.437
2018-03-09 16:00,0.185,5.625
2018-03-09 17:00,0.162,5.398
2018-03-09 18:00,0.206,5.824
2018-03-09 19:00,0.338,6.893
2018-03-09 20:00,0.422,7.485
2018-03-09 21:00,0.423,7.495
2018-03-09 22:00,0.362,7.072
2018-03-09 23:00,0.308,6.667
2018-03-10 00:00,0.274,6.412
2018-03-10 01:00,0.192,5.692
2018-03-10 02:00,0.022,3.095
2018-03-10 03:00,0.014,2.765
2018-03-10 04:00,0.062,4.036
2018-03-10 05:00,0.173,5.509
2018-03-10 06:00,0.362,7.070
2018-03-10 07:00,0.569,8.493
2018-03-10 08:00,0.672,9.266
2018-03-10 09:00,0.621,8.876
2018-03-10 10:00,0.432,7.562
2018-03-10 11:00,0.336,6.883
2018-03-10 12:00,0.492,7.970
2018-03-10 13:00,0.686,9.380
2018-03-10 14:00,0.774,10.182
2018-03-10 15:00,0.775,10.187
2018-03-10 16:00,0.700,9.490
2018-03-10 17:00,0.637,8.992
2018-03-10 18:00,0.581,8.590
2018-03-10 19:00,0.577,8.552
2018-03-10 20:00,0.612,8.806
2018-03-10 21:00,0.628,8.920
2018-03-10 22:00,0.582,8.591
2018-03-10 23:00,0.549,8.354
2018-03-11 00:00,0.554,8.395
2018-03-11 01:00,0.442,7.627
2018-03-11 02:00,0.311,6.692
2018-03-11 03:00,0.502,8.031
2018-03-11 04:00,0.644,9.046
2018-03-11 05:00,0.700,9.495
2018-03-11 06:00,0.705,9.547
2018-03-11 07:00,0.690,9.415
2018-03-11 08:00,0.682,9.348
2018-03-11 09:00,0.632,8.961
2018-03-11 10:00,0.448,7.658
2018-03-11 11:00,0.416,7.446
2018-03-11 12:00,0.617,8.851
2018-03-11 13:00,0.778,10.230
2018-03-11 14:00,0.815,10.639
2018-03-11 15:00,0.730,9.763
2018-03-11 16:00,0.546,8.333
2018-03-11 17:00,0.403,7.354
2018-03-11 18:00,0.352,6.990
2018-03-11 19:00,0.367,7.106
2018-03-11 20:00,0.414,7.432
2018-03-11 21:00,0.419,7.471
2018-03-11 22:00,0.378,7.184
2018-03-11 23:00,0.291,6.547
2018-03-12 00:00,0.281,6.457
2018-03-12 01:00,0.177,5.541
2018-03-12 02:00,0.015,2.799
2018-03-12 03:00,0.009,2.516
2018-03-12 04:00,0.010,2.597
2018-03-12 05:00,0.038,3.547
2018-03-12 06:00,0.156,5.333
2018-03-12 07:00,0.246,6.172
2018-03-12 08:00,0.304,6.645
2018-03-12 09:00,0.284,6.481
2018-03-12 10:00,0.197,5.748
2018-03-12 11:00,0.079,4.325
2018-03-12 12:00,0.097,4.603
2018-03-12 13:00,0.274,6.409
2018-03-12 14:00,0.423,7.499
2018-03-12 15:00,0.404,7.362
2018-03-12 16:00,0.310,6.685
2018-03-12 17:00,0.180,5.570
2018-03-12 18:00,0.089,4.481
2018-03-12 19:00,0.062,4.038
2018-03-12 20:00,0.089,4.485
2018-03-12 21:00,0.154,5.299
2018-03-12 22:00,0.217,5.927
2018-03-12 23:00,0.249,6.204
2018-03-13 00:00,0.240,6.131
2018-03-13 01:00,0.132,5.048
2018-03-13 02:00,0.011,2.612
2018-03-13 03:00,0.003,2.040
2018-03-13 04:00,0,1.137
2018-03-13 05:00,0,0
2018-03-13 06:00,0,0
2018-03-13 07:00,0,0
2018-03-13 08:00,0.005,2.218
2018-03-13 09:00,0.118,4.873
2018-03-13 10:00,0.137,5.112
2018-03-13 11:00,0.254,6.250
2018-03-13 12:00,0.573,8.526
2018-03-13 13:00,0.628,8.919
2018-03-13 14:00,0.483,7.901
2018-03-13 15:00,0.303,6.639
2018-03-13 16:00,0.262,6.312
2018-03-13 17:00,0.311,6.695
2018-03-13 18:00,0.356,7.031
2018-03-13 19:00,0.406,7.379
2018-03-13 20:00,0.294,6.569
2018-03-13 21:00,0.122,4.933
2018-03-13 22:00,0.037,3.510
2018-03-13 23:00,0.063,4.065
2018-03-14 00:00,0.085,4.410
2018-03-14 01:00,0.087,4.449
2018-03-14 02:00,0.127,4.990
2018-03-14 03:00,0.170,5.481
2018-03-14 04:00,0.204,5.811
2018-03-14 05:00,0.372,7.135
2018-03-14 06:00,0.565,8.475
2018-03-14 07:00,0.743,9.882
2018-03-14 08:00,0.864,11.303
2018-03-14 09:00,0.886,11.650
2018-03-14 10:00,0.826,10.763
2018-03-14 11:00,0.751,9.955
2018-03-14 12:00,0.696,9.470
2018-03-14 13:00,0.726,9.723
2018-03-14 14:00,0.774,10.172
2018-03-14 15:00,0.793,10.388
2018-03-14 16:00,0.792,10.371
2018-03-14 17:00,0.780,10.245
2018-03-14 18:00,0.747,9.914
2018-03-14 19:00,0.700,9.496
2018-03-14 20:00,0.665,9.216
2018-03-14 21:00,0.649,9.087
2018-03-14 22:00,0.662,9.184
2018-03-14 23:00,0.682,9.350
2018-03-15 00:00,0.739,9.846
2018-03-15 01:00,0.915,12.263
2018-03-15 02:00,0.966,13.911
2018-03-15 03:00,0.981,14.842
2018-03-15 04:00,0.988,15.577
2018-03-15 05:00,0.992,16.148
2018-03-15 06:00,0.992,16.425
2018-03-15 07:00,0.993,16.684
2018-03-15 08:00,0.992,16.277
2018-03-15 09:00,0.986,15.346
2018-03-15 10:00,0.965,13.876
2018-03-15 11:00,0.940,12.897
2018-03-15 12:00,0.909,12.113
2018-03-15 13:00,0.839,10.947
2018-03-15 14:00,0.758,10.023
2018-03-15 15:00,0.645,9.048
2018-03-15 16:00,0.470,7.817
2018-03-15 17:00,0.238,6.111
2018-03-15 18:00,0.073,4.229
2018-03-15 19:00,0.006,2.347
2018-03-15 20:00,0,1.270
2018-03-15 21:00,0.001,1.604
2018-03-15 22:00,0.004,2.156
2018-03-15 23:00,0.013,2.707
2018-03-16 00:00,0.016,2.859
2018-03-16 01:00,0.010,2.590
2018-03-16 02:00,0,1.251
2018-03-16 03:00,0,0
2018-03-16 04:00,0,0
2018-03-16 05:00,0,0
2018-03-16 06:00,0,0
2018-03-16 07:00,0,0
2018-03-16 08:00,0,0
2018-03-16 09:00,0,0.118
2018-03-16 10:00,0.004,2.126
2018-03-16 11:00,0.010,2.574
2018-03-16 12:00,0.004,2.106
2018-03-16 13:00,0.002,1.893
2018-03-16 14:00,0.043,3.648
2018-03-16 15:00,0.129,5.016
2018-03-16 16:00,0.131,5.037
2018-03-16 17:00,0.090,4.501
2018-03-16 18:00,0.044,3.688
2018-03-16 19:00,0.021,3.069
2018-03-16 20:00,0.019,2.956
2018-03-16 21:00,0.017,2.922
2018-03-16 22:00,0.013,2.711
2018-03-16 23:00,0.006,2.321
2018-03-17 00:00,0.003,2.012
2018-03-17 01:00,0.005,2.196
2018-03-17 02:00,0.002,1.862
2018-03-17 03:00,0.018,2.945
2018-03-17 04:00,0.056,3.925
2018-03-17 05:00,0.086,4.434
2018-03-17 06:00,0.097,4.596
2018-03-17 07:00,0.085,4.419
2018-03-17 08:00,0.064,4.068
2018-03-17 09:00,0.045,3.698
2018-03-17 10:00,0.029,3.303
2018-03-17 11:00,0.006,2.280
2018-03-17 12:00,0.002,1.937
2018-03-17 13:00,0.009,2.517
2018-03-17 14:00,0.035,3.452
2018-03-17 15:00,0.063,4.056
2018-03-17 16:00,0.102,4.666
2018-03-17 17:00,0.142,5.176
2018-03-17 18:00,0.129,5.019
2018-03-17 19:00,0.089,4.479
2018-03-17 20:00,0.069,4.154
2018-03-17 21:00,0.046,3.704
2018-03-17 22:00,0.017,2.896
2018-03-17 23:00,0.007,2.361
2018-03-18 00:00,0.008,2.441
2018-03-18 01:00,0.006,2.295
2018-03-18 02:00,0,0.818
2018-03-18 03:00,0,0
2018-03-18 04:00,0,0
2018-03-18 05:00,0,0
2018-03-18 06:00,0,0
2018-03-18 07:00,0,0
2018-03-18 08:00,0,0
2018-03-18 09:00,0.035,3.459
2018-03-18 10:00,0.127,4.999
2018-03-18 11:00,0.255,6.255
2018-03-18 12:00,0.297,6.590
2018-03-18 13:00,0.217,5.933
2018-03-18 14:00,0.198,5.751
2018-03-18 15:00,0.529,8.220
2018-03-18 16:00,0.700,9.498
2018-03-18 17:00,0.426,7.514
2018-03-18 18:00,0.233,6.067
2018-03-18 19:00,0.121,4.922
2018-03-18 20:00,0.167,5.443
2018-03-18 21:00,0.208,5.849
2018-03-18 22:00,0.256,6.259
2018-03-18 23:00,0.466,7.784
2018-03-19 00:00,0.520,8.157
2018-03-19 01:00,0.606,8.764
2018-03-19 02:00,0.834,10.870
2018-03-19 03:00,0.926,12.523
2018-03-19 04:00,0.976,14.501
2018-03-19 05:00,0.990,15.887
2018-03-19 06:00,0.993,16.485
2018-03-19 07:00,0.991,16.141
2018-03-19 08:00,0.985,15.164
2018-03-19 09:00,0.966,13.907
2018-03-19 10:00,0.886,11.667
2018-03-19 11:00,0.616,8.839
2018-03-19 12:00,0.411,7.414
2018-03-19 13:00,0.393,7.279
2018-03-19 14:00,0.450,7.681
2018-03-19 15:00,0.352,6.997
2018-03-19 16:00,0.152,5.279
2018-03-19 17:00,0.046,3.717
2018-03-19 18:00,0.040,3.581
2018-03-19 19:00,0.079,4.330
2018-03-19 20:00,0.128,5.013
2018-03-19 21:00,0.122,4.939
2018-03-19 22:00,0.119,4.893
2018-03-19 23:00,0.156,5.330
2018-03-20 00:00,0.209,5.854
2018-03-20 01:00,0.254,6.248
2018-03-20 02:00,0.652,9.111
2018-03-20 03:00,0.830,10.819
2018-03-20 04:00,0.868,11.351
2018-03-20 05:00,0.882,11.586
2018-03-20 06:00,0.904,12.016
2018-03-20 07:00,0.921,12.390
2018-03-20 08:00,0.919,12.335
2018-03-20 09:00,0.893,11.792
2018-03-20 10:00,0.817,10.660
2018-03-20 11:00,0.681,9.340
2018-03-20 12:00,0.659,9.162
2018-03-20 13:00,0.689,9.409
2018-03-20 14:00,0.733,9.793
2018-03-20 15:00,0.769,10.130
2018-03-20 16:00,0.748,9.923
2018-03-20 17:00,0.734,9.797
2018-03-20 18:00,0.713,9.614
2018-03-20 19:00,0.696,9.469
2018-03-20 20:00,0.612,8.801
2018-03-20 21:00,0.523,8.170
2018-03-20 22:00,0.491,7.961
2018-03-20 23:00,0.460,7.750
2018-03-21 00:00,0.400,7.341
2018-03-21 01:00,0.193,5.697
2018-03-21 02:00,0.214,5.901
2018-03-21 03:00,0.295,6.572
2018-03-21 04:00,0.332,6.847
2018-03-21 05:00,0.343,6.932
2018-03-21 06:00,0.333,6.859
2018-03-21 07:00,0.299,6.610
2018-03-21 08:00,0.232,6.052
2018-03-21 09:00,0.136,5.105
2018-03-21 10:00,0.046,3.730
2018-03-21 11:00,0.001,1.687
2018-03-21 12:00,0.002,1.919
2018-03-21 13:00,0.096,4.589
2018-03-21 14:00,0.291,6.546
2018-03-21 15:00,0.356,7.032
2018-03-21 16:00,0.254,6.247
2018-03-21 17:00,0.147,5.233
2018-03-21 18:00,0.115,4.851
2018-03-21 19:00,0.158,5.346
2018-03-21 20:00,0.247,6.187
2018-03-21 21:00,0.377,7.172
2018-03-21 22:00,0.525,8.194
2018-03-21 23:00,0.597,8.698
2018-03-22 00:00,0.563,8.461
2018-03-22 01:00,0.381,7.203
2018-03-22 02:00,0.317,6.735
2018-03-22 03:00,0.365,7.089
2018-03-22 04:00,0.394,7.296
2018-03-22 05:00,0.426,7.520
2018-03-22 06:00,0.473,7.836
2018-03-22 07:00,0.491,7.965
2018-03-22 08:00,0.460,7.746
2018-03-22 09:00,0.400,7.332
2018-03-22 10:00,0.315,6.723
2018-03-22 11:00,0.224,5.995
2018-03-22 12:00,0.148,5.245
2018-03-22 13:00,0.118,4.874
2018-03-22 14:00,0.114,4.832
2018-03-22 15:00,0.103,4.691
2018-03-22 16:00,0.086,4.444
2018-03-22 17:00,0.067,4.124
2018-03-22 18:00,0.051,3.831
2018-03-22 19:00,0.047,3.752
2018-03-22 20:00,0.059,3.966
2018-03-22 21:00,0.064,4.078
2018-03-22 22:00,0.066,4.115
2018-03-22 23:00,0.086,4.438
2018-03-23 00:00,0.137,5.110
2018-03-23 01:00,0.138,5.123
2018-03-23 02:00,0.226,6.004
2018-03-23 03:00,0.384,7.228
2018-03-23 04:00,0.546,8.338
2018-03-23 05:00,0.669,9.239
2018-03-23 06:00,0.759,10.034
2018-03-23 07:00,0.822,10.719
2018-03-23 08:00,0.862,11.260
2018-03-23 09:00,0.883,11.607
2018-03-23 10:00,0.857,11.200
2018-03-23 11:00,0.826,10.764
2018-03-23 12:00,0.759,10.036
2018-03-23 13:00,0.696,9.460
2018-03-23 14:00,0.613,8.821
2018-03-23 15:00,0.436,7.577
2018-03-23 16:00,0.189,5.671
2018-03-23 17:00,0.067,4.119
2018-03-23 18:00,0.039,3.573
2018-03-23 19:00,0.054,3.887
2018-03-23 20:00,0.072,4.219
2018-03-23 21:00,0.051,3.832
2018-03-23 22:00,0.017,2.917
2018-03-23 23:00,0.008,2.476
2018-03-24 00:00,0.013,2.713
2018-03-24 01:00,0.022,3.104
2018-03-24 02:00,0.142,5.170
2018-03-24 03:00,0.265,6.341
2018-03-24 04:00,0.270,6.374
2018-03-24 05:00,0.109,4.762
2018-03-24 06:00,0.044,3.687
2018-03-24 07:00,0.019,2.979
2018-03-24 08:00,0.017,2.892
2018-03-24 09:00,0.032,3.382
2018-03-24 10:00,0.043,3.649
2018-03-24 11:00,0.025,3.183
2018-03-24 12:00,0.005,2.219
2018-03-24 13:00,0.050,3.811
2018-03-24 14:00,0.261,6.307
2018-03-24 15:00,0.483,7.905
2018-03-24 16:00,0.652,9.117
2018-03-24 17:00,0.790,10.347
2018-03-24 18:00,0.899,11.907
2018-03-24 19:00,0.941,12.958
2018-03-24 20:00,0.946,13.102
2018-03-24 21:00,0.937,12.827
2018-03-24 22:00,0.912,12.188
2018-03-24 23:00,0.868,11.366
2018-03-25 00:00,0.808,10.552
2018-03-25 01:00,0.636,8.987
2018-03-25 02:00,0.612,8.803
2018-03-25 03:00,0.696,9.459
2018-03-25 04:00,0.806,10.537
2018-03-25 05:00,0.870,11.396
2018-03-25 06:00,0.914,12.230
2018-03-25 07:00,0.945,13.058
2018-03-25 08:00,0.964,13.808
2018-03-25 09:00,0.977,14.570
2018-03-25 10:00,0.969,14.063
2018-03-25 11:00,0.898,11.890
2018-03-25 12:00,0.799,10.449
2018-03-25 13:00,0.743,9.880
2018-03-25 14:00,0.726,9.726
2018-03-25 15:00,0.746,9.904
2018-03-25 16:00,0.805,10.524
2018-03-25 17:00,0.865,11.318
2018-03-25 18:00,0.892,11.766
2018-03-25 19:00,0.897,11.872
2018-03-25 20:00,0.907,12.078
2018-03-25 21:00,0.909,12.124
2018-03-25 22:00,0.906,12.058
2018-03-25 23:00,0.912,12.187
2018-03-26 00:00,0.874,11.465
2018-03-26 01:00,0.789,10.339
2018-03-26 02:00,0.801,10.477
2018-03-26 03:00,0.824,10.737
2018-03-26 04:00,0.853,11.139
2018-03-26 05:00,0.901,11.944
2018-03-26 06:00,0.935,12.764
2018-03-26 07:00,0.954,13.366
2018-03-26 08:00,0.962,13.719
2018-03-26 09:00,0.958,13.560
2018-03-26 10:00,0.922,12.432
2018-03-26 11:00,0.855,11.166
2018-03-26 12:00,0.762,10.063
2018-03-26 13:00,0.845,11.014
2018-03-26 14:00,0.904,12.022
2018-03-26 15:00,0.931,12.663
2018-03-26 16:00,0.939,12.874
2018-03-26 17:00,0.925,12.495
2018-03-26 18:00,0.891,11.744
2018-03-26 19:00,0.837,10.901
2018-03-26 20:00,0.787,10.316
2018-03-26 21:00,0.710,9.583
2018-03-26 22:00,0.577,8.561
2018-03-26 23:00,0.421,7.481
2018-03-27 00:00,0.239,6.120
2018-03-27 01:00,0.040,3.591
2018-03-27 02:00,0,0.916
2018-03-27 03:00,0,0
2018-03-27 04:00,0,0
2018-03-27 05:00,0,0
2018-03-27 06:00,0,0
2018-03-27 07:00,0,1.098
2018-03-27 08:00,0.006,2.312
2018-03-27 09:00,0.044,3.677
2018-03-27 10:00,0.119,4.891
2018-03-27 11:00,0.182,5.598
2018-03-27 12:00,0.121,4.922
2018-03-27 13:00,0.162,5.394
2018-03-27 14:00,0.211,5.875
2018-03-27 15:00,0.241,6.140
2018-03-27 16:00,0.232,6.063
2018-03-27 17:00,0.195,5.724
2018-03-27 18:00,0.177,5.540
2018-03-27 19:00,0.182,5.602
2018-03-27 20:00,0.238,6.103
2018-03-27 21:00,0.343,6.934
2018-03-27 22:00,0.446,7.646
2018-03-27 23:00,0.510,8.086
2018-03-28 00:00,0.483,7.902
2018-03-28 01:00,0.546,8.331
2018-03-28 02:00,0.710,9.577
2018-03-28 03:00,0.736,9.814
2018-03-28 04:00,0.799,10.452
2018-03-28 05:00,0.873,11.451
2018-03-28 06:00,0.922,12.424
2018-03-28 07:00,0.956,13.461
2018-03-28 08:00,0.974,14.333
2018-03-28 09:00,0.981,14.807
2018-03-28 10:00,0.967,13.957
2018-03-28 11:00,0.942,12.978
2018-03-28 12:00,0.859,11.221
2018-03-28 13:00,0.645,9.061
2018-03-28 14:00,0.457,7.730
2018-03-28 15:00,0.319,6.747
2018-03-28 16:00,0.135,5.089
2018-03-28 17:00,0.011,2.654
2018-03-28 18:00,0,1.156
2018-03-28 19:00,0.009,2.535
2018-03-28 20:00,0.144,5.192
2018-03-28 21:00,0.456,7.721
2018-03-28 22:00,0.594,8.675
2018-03-28 23:00,0.801,10.471
2018-03-29 00:00,0.891,11.743
2018-03-29 01:00,0.941,12.925
2018-03-29 02:00,0.961,13.674
2018-03-29 03:00,0.946,13.122
2018-03-29 04:00,0.942,12.964
2018-03-29 05:00,0.936,12.789
2018-03-29 06:00,0.944,13.041
2018-03-29 07:00,0.951,13.267
2018-03-29 08:00,0.922,12.428
2018-03-29 09:00,0.828,10.799
2018-03-29 10:00,0.663,9.189
2018-03-29 11:00,0.522,8.169
2018-03-29 12:00,0.473,7.841
2018-03-29 13:00,0.475,7.846
2018-03-29 14:00,0.483,7.904
2018-03-29 15:00,0.505,8.052
2018-03-29 16:00,0.547,8.345
2018-03-29 17:00,0.552,8.380
2018-03-29 18:00,0.499,8.008
2018-03-29 19:00,0.380,7.192
2018-03-29 20:00,0.227,6.019
2018-03-29 21:00,0.113,4.810
2018-03-29 22:00,0.068,4.146
2018-03-29 23:00,0.062,4.035
2018-03-30 00:00,0.060,4.006
2018-03-30 01:00,0.049,3.781
2018-03-30 02:00,0.217,5.926
2018-03-30 03:00,0.603,8.737
2018-03-30 04:00,0.882,11.592
2018-03-30 05:00,0.962,13.705
2018-03-30 06:00,0.981,14.825
2018-03-30 07:00,0.991,16.017
2018-03-30 08:00,0.993,16.838
2018-03-30 09:00,0.993,16.984
2018-03-30 10:00,0.991,16.113
2018-03-30 11:00,0.974,14.334
2018-03-30 12:00,0.915,12.255
2018-03-30 13:00,0.783,10.280
2018-03-30 14:00,0.643,9.037
2018-03-30 15:00,0.591,8.654
2018-03-30 16:00,0.587,8.632
2018-03-30 17:00,0.605,8.754
2018-03-30 18:00,0.686,9.388
2018-03-30 19:00,0.756,10.008
2018-03-30 20:00,0.756,10.008
2018-03-30 21:00,0.723,9.701
2018-03-30 22:00,0.725,9.715
2018-03-30 23:00,0.784,10.291
2018-03-31 00:00,0.772,10.160
2018-03-31 01:00,0.772,10.163
2018-03-31 02:00,0.779,10.232
2018-03-31 03:00,0.723,9.697
2018-03-31 04:00,0.613,8.820
2018-03-31 05:00,0.536,8.264
2018-03-31 06:00,0.625,8.910
2018-03-31 07:00,0.700,9.497
2018-03-31 08:00,0.699,9.485
2018-03-31 09:00,0.675,9.298
2018-03-31 10:00,0.583,8.604
2018-03-31 11:00,0.473,7.837
2018-03-31 12:00,0.461,7.752
2018-03-31 13:00,0.655,9.140
2018-03-31 14:00,0.837,10.909
2018-03-31 15:00,0.891,11.742
2018-03-31 16:00,0.926,12.524
2018-03-31 17:00,0.962,13.709
2018-03-31 18:00,0.975,14.402
2018-03-31 19:00,0.981,14.839
2018-03-31 20:00,0.985,15.199
2018-03-31 21:00,0.985,15.205
2018-03-31 22:00,0.984,15.083
2018-03-31 23:00,0.980,14.798
2018-04-01 00:00,0.947,13.125
2018-04-01 01:00,0.826,10.769
2018-04-01 02:00,0.835,10.881
2018-04-01 03:00,0.905,12.043
2018-04-01 04:00,0.940,12.929
2018-04-01 05:00,0.963,13.782
2018-04-01 06:00,0.977,14.566
2018-04-01 07:00,0.984,15.119
2018-04-01 08:00,0.987,15.395
2018-04-01 09:00,0.980,14.718
2018-04-01 10:00,0.935,12.751
2018-04-01 11:00,0.859,11.229
2018-04-01 12:00,0.745,9.896
2018-04-01 13:00,0.665,9.212
2018-04-01 14:00,0.658,9.161
2018-04-01 15:00,0.611,8.798
2018-04-01 16:00,0.270,6.369
2018-04-01 17:00,0.003,2.024
2018-04-01 18:00,0.019,2.960
2018-04-01 19:00,0.169,5.458
2018-04-01 20:00,0.292,6.550
2018-04-01 21:00,0.390,7.264
2018-04-01 22:00,0.348,6.971
2018-04-01 23:00,0.257,6.264
2018-04-02 00:00,0.174,5.513
2018-04-02 01:00,0.246,6.172
2018-04-02 02:00,0.341,6.916
2018-04-02 03:00,0.202,5.784
2018-04-02 04:00,0.137,5.115
2018-04-02 05:00,0.309,6.676
2018-04-02 06:00,0.418,7.464
2018-04-02 07:00,0.424,7.503
2018-04-02 08:00,0.443,7.633
2018-04-02 09:00,0.439,7.603
2018-04-02 10:00,0.542,8.305
2018-04-02 11:00,0.696,9.469
2018-04-02 12:00,0.615,8.828
2018-04-02 13:00,0.321,6.765
2018-04-02 14:00,0.129,5.022
2018-04-02 15:00,0.109,4.765
2018-04-02 16:00,0.108,4.755
2018-04-02 17:00,0.185,5.626
2018-04-02 18:00,0.134,5.075
2018-04-02 19:00,0.027,3.230
2018-04-02 20:00,0.015,2.825
2018-04-02 21:00,0.047,3.747
2018-04-02 22:00,0.066,4.104
2018-04-02 23:00,0.135,5.096
2018-04-03 00:00,0.221,5.952
2018-04-03 01:00,0.307,6.663
2018-04-03 02:00,0.297,6.581
2018-04-03 03:00,0.143,5.186
2018-04-03 04:00,0.020,3.026
2018-04-03 05:00,0.024,3.142
2018-04-03 06:00,0.035,3.455
2018-04-03 07:00,0.080,4.344
2018-04-03 08:00,0.301,6.616
2018-04-03 09:00,0.432,7.561
2018-04-03 10:00,0.617,8.850
2018-04-03 11:00,0.766,10.099
2018-04-03 12:00,0.783,10.281
2018-04-03 13:00,0.645,9.062
2018-04-03 14:00,0.316,6.727
2018-04-03 15:00,0.062,4.048
2018-04-03 16:00,0.008,2.462
2018-04-03 17:00,0.132,5.046
2018-04-03 18:00,0.633,8.967
2018-04-03 19:00,0.923,12.445
2018-04-03 20:00,0.982,14.897
2018-04-03 21:00,0.982,14.914
2018-04-03 22:00,0.970,14.096
2018-04-03 23:00,0.951,13.273
2018-04-04 00:00,0.987,15.440
2018-04-04 01:00,0.981,18.784
2018-04-04 02:00,0.961,19.742
2018-04-04 03:00,0.954,19.944
2018-04-04 04:00,0.941,20.306
2018-04-04 05:00,0.928,20.639
2018-04-04 06:00,0.914,20.922
2018-04-04 07:00,0.900,21.167
2018-04-04 08:00,0.888,21.374
2018-04-04 09:00,0.919,20.822
2018-04-04 10:00,0.975,19.116
2018-04-04 11:00,0.992,16.231
2018-04-04 12:00,0.944,13.028
2018-04-04 13:00,0.806,10.537
2018-04-04 14:00,0.622,8.885
2018-04-04 15:00,0.549,8.351
2018-04-04 16:00,0.545,8.321
2018-04-04 17:00,0.562,8.444
2018-04-04 18:00,0.599,8.708
2018-04-04 19:00,0.645,9.049
2018-04-04 20:00,0.658,9.153
2018-04-04 21:00,0.625,8.900
2018-04-04 22:00,0.448,7.656
2018-04-04 23:00,0.165,5.429
2018-04-05 00:00,0.072,4.208
2018-04-05 01:00,0.154,5.295
2018-04-05 02:00,0.356,7.030
2018-04-05 03:00,0.614,8.823
2018-04-05 04:00,0.792,10.379
2018-04-05 05:00,0.887,11.677
2018-04-05 06:00,0.933,12.720
2018-04-05 07:00,0.947,13.146
2018-04-05 08:00,0.927,12.547
2018-04-05 09:00,0.819,10.682
2018-04-05 10:00,0.487,7.932
2018-04-05 11:00,0.178,5.546
2018-04-05 12:00,0.085,4.416
2018-04-05 13:00,0.097,4.608
2018-04-05 14:00,0.193,5.701
2018-04-05 15:00,0.232,6.065
2018-04-05 16:00,0.312,6.701
2018-04-05 17:00,0.393,7.289
2018-04-05 18:00,0.433,7.563
2018-04-05 19:00,0.439,7.598
2018-04-05 20:00,0.429,7.532
2018-04-05 21:00,0.430,7.549
2018-04-05 22:00,0.451,7.687
2018-04-05 23:00,0.429,7.541
2018-04-06 00:00,0.258,6.283
2018-04-06 01:00,0.062,4.049
2018-04-06 02:00,0,1.343
2018-04-06 03:00,0,0
2018-04-06 04:00,0,0
2018-04-06 05:00,0,0.319
2018-04-06 06:00,0,1.368
2018-04-06 07:00,0.013,2.754
2018-04-06 08:00,0.068,4.134
2018-04-06 09:00,0.135,5.089
2018-04-06 10:00,0.159,5.358
2018-04-06 11:00,0.374,7.152
2018-04-06 12:00,0.525,8.196
2018-04-06 13:00,0.552,8.379
2018-04-06 14:00,0.410,7.408
2018-04-06 15:00,0.194,5.715
2018-04-06 16:00,0.108,4.747
2018-04-06 17:00,0.092,4.524
2018-04-06 18:00,0.097,4.601
2018-04-06 19:00,0.105,4.712
2018-04-06 20:00,0.136,5.104
2018-04-06 21:00,0.184,5.623
2018-04-06 22:00,0.216,5.920
2018-04-06 23:00,0.270,6.381
2018-04-07 00:00,0.318,6.740
2018-04-07 01:00,0.215,5.909
2018-04-07 02:00,0.330,6.829
2018-04-07 03:00,0.499,8.009
2018-04-07 04:00,0.635,8.981
2018-04-07 05:00,0.688,9.397
2018-04-07 06:00,0.709,9.574
2018-04-07 07:00,0.725,9.707
2018-04-07 08:00,0.721,9.678
2018-04-07 09:00,0.691,9.419
2018-04-07 10:00,0.562,8.441
2018-04-07 11:00,0.363,7.075
2018-04-07 12:00,0.264,6.326
2018-04-07 13:00,0.406,7.375
2018-04-07 14:00,0.567,8.484
2018-04-07 15:00,0.702,9.515
2018-04-07 16:00,0.724,9.705
2018-04-07 17:00,0.648,9.083
2018-04-07 18:00,0.479,7.883
2018-04-07 19:00,0.439,7.600
2018-04-07 20:00,0.457,7.730
2018-04-07 21:00,0.476,7.850
2018-04-07 22:00,0.394,7.296
2018-04-07 23:00,0.302,6.625
2018-04-08 00:00,0.238,6.115
2018-04-08 01:00,0.160,5.374
2018-04-08 02:00,0.185,5.632
2018-04-08 03:00,0.294,6.566
2018-04-08 04:00,0.462,7.758
2018-04-08 05:00,0.613,8.821
2018-04-08 06:00,0.694,9.448
2018-04-08 07:00,0.712,9.601
2018-04-08 08:00,0.674,9.285
2018-04-08 09:00,0.577,8.559
2018-04-08 10:00,0.394,7.299
2018-04-08 11:00,0.232,6.053
2018-04-08 12:00,0.156,5.323
2018-04-08 13:00,0.289,6.529
2018-04-08 14:00,0.536,8.269
2018-04-08 15:00,0.625,8.901
2018-04-08 16:00,0.652,9.114
2018-04-08 17:00,0.774,10.172
2018-04-08 18:00,0.878,11.511
2018-04-08 19:00,0.898,11.887
2018-04-08 20:00,0.854,11.142
2018-04-08 21:00,0.758,10.028
2018-04-08 22:00,0.680,9.335
2018-04-08 23:00,0.673,9.278
2018-04-09 00:00,0.540,8.293
2018-04-09 01:00,0.345,6.951
2018-04-09 02:00,0.314,6.719
2018-04-09 03:00,0.414,7.432
2018-04-09 04:00,0.572,8.512
2018-04-09 05:00,0.726,9.725
2018-04-09 06:00,0.832,10.846
2018-04-09 07:00,0.886,11.659
2018-04-09 08:00,0.897,11.865
2018-04-09 09:00,0.889,11.720
2018-04-09 10:00,0.850,11.085
2018-04-09 11:00,0.689,9.403
2018-04-09 12:00,0.416,7.443
2018-04-09 13:00,0.169,5.464
2018-04-09 14:00,0.033,3.399
2018-04-09 15:00,0.002,1.915
2018-04-09 16:00,0,0.686
2018-04-09 17:00,0.005,2.273
2018-04-09 18:00,0.042,3.630
2018-04-09 19:00,0.067,4.124
2018-04-09 20:00,0.074,4.251
2018-04-09 21:00,0.111,4.784
2018-04-09 22:00,0.130,5.024
2018-04-09 23:00,0.087,4.462
2018-04-10 00:00,0.085,4.414
2018-04-10 01:00,0.078,4.316
2018-04-10 02:00,0.019,2.977
2018-04-10 03:00,0,0
2018-04-10 04:00,0,0
2018-04-10 05:00,0,0
2018-04-10 06:00,0,0
2018-04-10 07:00,0,0
2018-04-10 08:00,0.007,2.420
2018-04-10 09:00,0.207,5.840
2018-04-10 10:00,0.335,6.877
2018-04-10 11:00,0.517,8.139
2018-04-10 12:00,0.664,9.210
2018-04-10 13:00,0.721,9.681
2018-04-10 14:00,0.654,9.131
2018-04-10 15:00,0.479,7.871
2018-04-10 16:00,0.276,6.417
2018-04-10 17:00,0.169,5.468
2018-04-10 18:00,0.176,5.533
2018-04-10 19:00,0.169,5.463
2018-04-10 20:00,0.117,4.863
2018-04-10 21:00,0.068,4.135
2018-04-10 22:00,0.019,2.985
2018-04-10 23:00,0.011,2.626
2018-04-11 00:00,0.016,2.871
2018-04-11 01:00,0.051,3.822
2018-04-11 02:00,0.239,6.124
2018-04-11 03:00,0.625,8.902
2018-04-11 04:00,0.719,9.662
2018-04-11 05:00,0.730,9.764
2018-04-11 06:00,0.753,9.981
2018-04-11 07:00,0.797,10.428
2018-04-11 08:00,0.798,10.435
2018-04-11 09:00,0.767,10.114
2018-04-11 10:00,0.744,9.888
2018-04-11 11:00,0.648,9.085
2018-04-11 12:00,0.389,7.256
2018-04-11 13:00,0.120,4.908
2018-04-11 14:00,0.113,4.815
2018-04-11 15:00,0.324,6.794
2018-04-11 16:00,0.463,7.767
2018-04-11 17:00,0.766,10.097
2018-04-11 18:00,0.979,14.676
2018-04-11 19:00,0.993,16.816
2018-04-11 20:00,0.977,14.563
2018-04-11 21:00,0.870,11.394
2018-04-11 22:00,0.707,9.562
2018-04-11 23:00,0.681,9.339
2018-04-12 00:00,0.805,10.524
2018-04-12 01:00,0.826,10.777
2018-04-12 02:00,0.851,11.095
2018-04-12 03:00,0.916,12.277
2018-04-12 04:00,0.969,14.065
2018-04-12 05:00,0.989,15.717
2018-04-12 06:00,0.993,16.959
2018-04-12 07:00,0.992,17.477
2018-04-12 08:00,0.993,16.996
2018-04-12 09:00,0.990,15.929
2018-04-12 10:00,0.982,14.925
2018-04-12 11:00,0.951,13.291
2018-04-12 12:00,0.872,11.420
2018-04-12 13:00,0.776,10.203
2018-04-12 14:00,0.705,9.540
2018-04-12 15:00,0.643,9.039
2018-04-12 16:00,0.644,9.046
2018-04-12 17:00,0.609,8.788
2018-04-12 18:00,0.522,8.166
2018-04-12 19:00,0.442,7.629
2018-04-12 20:00,0.377,7.178
2018-04-12 21:00,0.276,6.418
2018-04-12 22:00,0.138,5.131
2018-04-12 23:00,0.063,4.059
2018-04-13 00:00,0.005,2.196
2018-04-13 01:00,0,0
2018-04-13 02:00,0,0
2018-04-13 03:00,0,0
2018-04-13 04:00,0,0
2018-04-13 05:00,0,0
2018-04-13 06:00,0.001,1.581
2018-04-13 07:00,0.050,3.814
2018-04-13 08:00,0.227,6.011
2018-04-13 09:00,0.323,6.785
2018-04-13 10:00,0.342,6.924
2018-04-13 11:00,0.363,7.074
2018-04-13 12:00,0.387,7.242
2018-04-13 13:00,0.355,7.016
2018-04-13 14:00,0.342,6.930
2018-04-13 15:00,0.285,6.500
2018-04-13 16:00,0.197,5.748
2018-04-13 17:00,0.102,4.663
2018-04-13 18:00,0.052,3.852
2018-04-13 19:00,0.054,3.882
2018-04-13 20:00,0.070,4.184
2018-04-13 21:00,0.056,3.936
2018-04-13 22:00,0.035,3.458
2018-04-13 23:00,0.027,3.224
2018-04-14 00:00,0.023,3.124
2018-04-14 01:00,0.068,4.141
2018-04-14 02:00,0.064,4.070
2018-04-14 03:00,0,0
2018-04-14 04:00,0,0
2018-04-14 05:00,0,0
2018-04-14 06:00,0,0
2018-04-14 07:00,0,0
2018-04-14 08:00,0,0
2018-04-14 09:00,0,0
2018-04-14 10:00,0,0.179
2018-04-14 11:00,0.002,1.797
2018-04-14 12:00,0.001,1.698
2018-04-14 13:00,0.036,3.476
2018-04-14 14:00,0.172,5.501
2018-04-14 15:00,0.357,7.039
2018-04-14 16:00,0.551,8.375
2018-04-14 17:00,0.637,8.993
2018-04-14 18:00,0.612,8.807
2018-04-14 19:00,0.529,8.220
2018-04-14 20:00,0.356,7.032
2018-04-14 21:00,0.213,5.896
2018-04-14 22:00,0.172,5.496
2018-04-14 23:00,0.194,5.702
2018-04-15 00:00,0.182,5.598
2018-04-15 01:00,0.031,3.357
2018-04-15 02:00,0.034,3.445
2018-04-15 03:00,0.072,4.220
2018-04-15 04:00,0.113,4.805
2018-04-15 05:00,0.162,5.397
2018-04-15 06:00,0.221,5.957
2018-04-15 07:00,0.265,6.340
2018-04-15 08:00,0.259,6.290
2018-04-15 09:00,0.214,5.900
2018-04-15 10:00,0.180,5.573
2018-04-15 11:00,0.129,5.020
2018-04-15 12:00,0.052,3.852
2018-04-15 13:00,0.111,4.784
2018-04-15 14:00,0.416,7.448
2018-04-15 15:00,0.705,9.547
2018-04-15 16:00,0.819,10.688
2018-04-15 17:00,0.845,11.024
2018-04-15 18:00,0.895,11.833
2018-04-15 19:00,0.924,12.476
2018-04-15 20:00,0.918,12.326
2018-04-15 21:00,0.909,12.113
2018-04-15 22:00,0.888,11.706
2018-04-15 23:00,0.843,10.987
2018-04-16 00:00,0.694,9.449
2018-04-16 01:00,0.439,7.603
2018-04-16 02:00,0.284,6.479
2018-04-16 03:00,0.195,5.725
2018-04-16 04:00,0.169,5.459
2018-04-16 05:00,0.171,5.490
2018-04-16 06:00,0.169,5.464
2018-04-16 07:00,0.150,5.265
2018-04-16 08:00,0.130,5.025
2018-04-16 09:00,0.127,4.992
2018-04-16 10:00,0.148,5.243
2018-04-16 11:00,0.167,5.445
2018-04-16 12:00,0.137,5.120
2018-04-16 13:00,0.162,5.391
2018-04-16 14:00,0.381,7.208
2018-04-16 15:00,0.616,8.841
2018-04-16 16:00,0.711,9.592
2018-04-16 17:00,0.716,9.639
2018-04-16 18:00,0.604,8.743
2018-04-16 19:00,0.388,7.251
2018-04-16 20:00,0.390,7.263
2018-04-16 21:00,0.453,7.705
2018-04-16 22:00,0.483,7.899
2018-04-16 23:00,0.365,7.090
2018-04-17 00:00,0.119,4.894
2018-04-17 01:00,0.001,1.476
2018-04-17 02:00,0,1.086
2018-04-17 03:00,0,0
2018-04-17 04:00,0,0
2018-04-17 05:00,0,0
2018-04-17 06:00,0,0.776
2018-04-17 07:00,0.069,4.163
2018-04-17 08:00,0.238,6.111
2018-04-17 09:00,0.174,5.520
2018-04-17 10:00,0.181,5.580
2018-04-17 11:00,0.346,6.955
2018-04-17 12:00,0.491,7.959
2018-04-17 13:00,0.562,8.447
2018-04-17 14:00,0.667,9.230
2018-04-17 15:00,0.734,9.803
2018-04-17 16:00,0.715,9.627
2018-04-17 17:00,0.613,8.816
2018-04-17 18:00,0.588,8.636
2018-04-17 19:00,0.512,8.099
2018-04-17 20:00,0.373,7.138
2018-04-17 21:00,0.328,6.822
2018-04-17 22:00,0.400,7.331
2018-04-17 23:00,0.479,7.878
2018-04-18 00:00,0.476,7.851
2018-04-18 01:00,0.790,10.346
2018-04-18 02:00,0.928,12.565
2018-04-18 03:00,0.960,13.643
2018-04-18 04:00,0.978,14.633
2018-04-18 05:00,0.986,15.334
2018-04-18 06:00,0.987,15.476
2018-04-18 07:00,0.985,15.173
2018-04-18 08:00,0.971,14.145
2018-04-18 09:00,0.933,12.700
2018-04-18 10:00,0.845,11.022
2018-04-18 11:00,0.616,8.832
2018-04-18 12:00,0.356,7.031
2018-04-18 13:00,0.108,4.753
2018-04-18 14:00,0.006,2.305
2018-04-18 15:00,0.001,1.619
2018-04-18 16:00,0.043,3.651
2018-04-18 17:00,0.143,5.188
2018-04-18 18:00,0.159,5.362
2018-04-18 19:00,0.150,5.264
2018-04-18 20:00,0.169,5.453
2018-04-18 21:00,0.105,4.712
2018-04-18 22:00,0.050,3.797
2018-04-18 23:00,0.012,2.675
2018-04-19 00:00,0.001,1.559
2018-04-19 01:00,0.027,3.244
2018-04-19 02:00,0.145,5.208
2018-04-19 03:00,0.281,6.465
2018-04-19 04:00,0.395,7.305
2018-04-19 05:00,0.477,7.862
2018-04-19 06:00,0.533,8.246
2018-04-19 07:00,0.526,8.200
2018-04-19 08:00,0.474,7.842
2018-04-19 09:00,0.423,7.496
2018-04-19 10:00,0.393,7.291
2018-04-19 11:00,0.416,7.441
2018-04-19 12:00,0.497,7.999
2018-04-19 13:00,0.533,8.242
2018-04-19 14:00,0.539,8.292
2018-04-19 15:00,0.417,7.454
2018-04-19 16:00,0.262,6.314
2018-04-19 17:00,0.187,5.648
2018-04-19 18:00,0.136,5.100
2018-04-19 19:00,0.114,4.836
2018-04-19 20:00,0.130,5.026
2018-04-19 21:00,0.143,5.179
2018-04-19 22:00,0.099,4.626
2018-04-19 23:00,0.019,2.964
2018-04-20 00:00,0,0.746
2018-04-20 01:00,0,0
2018-04-20 02:00,0,0
2018-04-20 03:00,0,0
2018-04-20 04:00,0,0
2018-04-20 05:00,0,0
2018-04-20 06:00,0.009,2.525
2018-04-20 07:00,0.196,5.730
2018-04-20 08:00,0.224,5.989
2018-04-20 09:00,0.233,6.067
2018-04-20 10:00,0.255,6.252
2018-04-20 11:00,0.287,6.512
2018-04-20 12:00,0.361,7.065
2018-04-20 13:00,0.497,7.998
2018-04-20 14:00,0.575,8.541
2018-04-20 15:00,0.483,7.902
2018-04-20 16:00,0.446,7.649
2018-04-20 17:00,0.374,7.158
2018-04-20 18:00,0.339,6.905
2018-04-20 19:00,0.248,6.191
2018-04-20 20:00,0.182,5.601
2018-04-20 21:00,0.232,6.063
2018-04-20 22:00,0.345,6.948
2018-04-20 23:00,0.279,6.441
2018-04-21 00:00,0.479,7.872
2018-04-21 01:00,0.703,9.528
2018-04-21 02:00,0.743,9.881
2018-04-21 03:00,0.782,10.268
2018-04-21 04:00,0.854,11.144
2018-04-21 05:00,0.906,12.063
2018-04-21 06:00,0.947,13.144
2018-04-21 07:00,0.970,14.086
2018-04-21 08:00,0.961,13.669
2018-04-21 09:00,0.916,12.276
2018-04-21 10:00,0.847,11.056
2018-04-21 11:00,0.783,10.275
2018-04-21 12:00,0.742,9.875
2018-04-21 13:00,0.643,9.031
2018-04-21 14:00,0.442,7.629
2018-04-21 15:00,0.389,7.258
2018-04-21 16:00,0.396,7.309
2018-04-21 17:00,0.317,6.736
2018-04-21 18:00,0.227,6.010
2018-04-21 19:00,0.185,5.630
2018-04-21 20:00,0.143,5.183
2018-04-21 21:00,0.110,4.773
2018-04-21 22:00,0.068,4.141
2018-04-21 23:00,0.038,3.538
2018-04-22 00:00,0.044,3.683
2018-04-22 01:00,0.060,3.999
2018-04-22 02:00,0.059,3.966
2018-04-22 03:00,0.040,3.598
2018-04-22 04:00,0.002,1.847
2018-04-22 05:00,0,1.021
2018-04-22 06:00,0,1.119
2018-04-22 07:00,0,1.435
2018-04-22 08:00,0.002,1.870
2018-04-22 09:00,0.008,2.437
2018-04-22 10:00,0.027,3.259
2018-04-22 11:00,0.036,3.491
2018-04-22 12:00,0.046,3.709
2018-04-22 13:00,0.046,3.728
2018-04-22 14:00,0.043,3.641
2018-04-22 15:00,0.035,3.464
2018-04-22 16:00,0.023,3.111
2018-04-22 17:00,0.013,2.748
2018-04-22 18:00,0.010,2.574
2018-04-22 19:00,0.009,2.532
2018-04-22 20:00,0.009,2.516
2018-04-22 21:00,0.006,2.323
2018-04-22 22:00,0.003,2.003
2018-04-22 23:00,0.002,1.872
2018-04-23 00:00,0,1.420
2018-04-23 01:00,0,0
2018-04-23 02:00,0,0
2018-04-23 03:00,0,0
2018-04-23 04:00,0,0
2018-04-23 05:00,0,0
2018-04-23 06:00,0.002,1.815
2018-04-23 07:00,0.080,4.340
2018-04-23 08:00,0.253,6.229
2018-04-23 09:00,0.248,6.189
2018-04-23 10:00,0.191,5.688
2018-04-23 11:00,0.163,5.406
2018-04-23 12:00,0.178,5.553
2018-04-23 13:00,0.154,5.299
2018-04-23 14:00,0.109,4.764
2018-04-23 15:00,0.073,4.241
2018-04-23 16:00,0.049,3.779
2018-04-23 17:00,0.028,3.263
2018-04-23 18:00,0.012,2.690
2018-04-23 19:00,0.004,2.150
2018-04-23 20:00,0.004,2.091
2018-04-23 21:00,0.008,2.435
2018-04-23 22:00,0.018,2.946
2018-04-23 23:00,0.029,3.307
2018-04-24 00:00,0.010,2.604
2018-04-24 01:00,0,1.378
2018-04-24 02:00,0.002,1.856
2018-04-24 03:00,0,1.344
2018-04-24 04:00,0.001,1.556
2018-04-24 05:00,0.004,2.091
2018-04-24 06:00,0.025,3.195
2018-04-24 07:00,0.061,4.018
2018-04-24 08:00,0.063,4.057
2018-04-24 09:00,0.069,4.148
2018-04-24 10:00,0.079,4.329
2018-04-24 11:00,0.078,4.317
2018-04-24 12:00,0.075,4.269
2018-04-24 13:00,0.162,5.397
2018-04-24 14:00,0.330,6.838
2018-04-24 15:00,0.457,7.731
2018-04-24 16:00,0.510,8.080
2018-04-24 17:00,0.529,8.221
2018-04-24 18:00,0.539,8.292
2018-04-24 19:00,0.546,8.341
2018-04-24 20:00,0.546,8.336
2018-04-24 21:00,0.535,8.258
2018-04-24 22:00,0.528,8.213
2018-04-24 23:00,0.508,8.075
2018-04-25 00:00,0.348,6.970
2018-04-25 01:00,0.169,5.455
2018-04-25 02:00,0.113,4.807
2018-04-25 03:00,0.113,4.818
2018-04-25 04:00,0.221,5.955
2018-04-25 05:00,0.420,7.478
2018-04-25 06:00,0.453,7.706
2018-04-25 07:00,0.257,6.271
2018-04-25 08:00,0.196,5.738
2018-04-25 09:00,0.249,6.201
2018-04-25 10:00,0.205,5.822
2018-04-25 11:00,0.153,5.284
2018-04-25 12:00,0.206,5.832
2018-04-25 13:00,0.271,6.388
2018-04-25 14:00,0.367,7.103
2018-04-25 15:00,0.448,7.662
2018-04-25 16:00,0.295,6.573
2018-04-25 17:00,0.118,4.885
2018-04-25 18:00,0.048,3.760
2018-04-25 19:00,0.035,3.447
2018-04-25 20:00,0.068,4.131
2018-04-25 21:00,0.120,4.914
2018-04-25 22:00,0.153,5.289
2018-04-25 23:00,0.182,5.594
2018-04-26 00:00,0.149,5.248
2018-04-26 01:00,0.169,5.471
2018-04-26 02:00,0.306,6.658
2018-04-26 03:00,0.460,7.744
2018-04-26 04:00,0.608,8.776
2018-04-26 05:00,0.725,9.721
2018-04-26 06:00,0.796,10.412
2018-04-26 07:00,0.835,10.882
2018-04-26 08:00,0.865,11.313
2018-04-26 09:00,0.887,11.672
2018-04-26 10:00,0.893,11.804
2018-04-26 11:00,0.873,11.445
2018-04-26 12:00,0.876,11.484
2018-04-26 13:00,0.876,11.495
2018-04-26 14:00,0.862,11.260
2018-04-26 15:00,0.840,10.952
2018-04-26 16:00,0.809,10.569
2018-04-26 17:00,0.769,10.138
2018-04-26 18:00,0.729,9.752
2018-04-26 19:00,0.709,9.573
2018-04-26 20:00,0.702,9.520
2018-04-26 21:00,0.702,9.519
2018-04-26 22:00,0.725,9.707
2018-04-26 23:00,0.741,9.864
2018-04-27 00:00,0.551,8.376
2018-04-27 01:00,0.687,9.389
2018-04-27 02:00,0.826,10.773
2018-04-27 03:00,0.832,10.847
2018-04-27 04:00,0.828,10.793
2018-04-27 05:00,0.831,10.837
2018-04-27 06:00,0.827,10.790
2018-04-27 07:00,0.793,10.384
2018-04-27 08:00,0.713,9.613
2018-04-27 09:00,0.581,8.587
2018-04-27 10:00,0.410,7.407
2018-04-27 11:00,0.291,6.548
2018-04-27 12:00,0.190,5.682
2018-04-27 13:00,0.113,4.806
2018-04-27 14:00,0.077,4.299
2018-04-27 15:00,0.101,4.655
2018-04-27 16:00,0.137,5.110
2018-04-27 17:00,0.157,5.337
2018-04-27 18:00,0.177,5.534
2018-04-27 19:00,0.185,5.624
2018-04-27 20:00,0.177,5.539
2018-04-27 21:00,0.272,6.394
2018-04-27 22:00,0.320,6.756
2018-04-27 23:00,0.238,6.102
2018-04-28 00:00,0.083,4.389
2018-04-28 01:00,0.048,3.756
2018-04-28 02:00,0.049,3.782
2018-04-28 03:00,0.093,4.538
2018-04-28 04:00,0.179,5.561
2018-04-28 05:00,0.287,6.517
2018-04-28 06:00,0.393,7.291
2018-04-28 07:00,0.500,8.022
2018-04-28 08:00,0.526,8.202
2018-04-28 09:00,0.460,7.748
2018-04-28 10:00,0.352,6.989
2018-04-28 11:00,0.242,6.144
2018-04-28 12:00,0.176,5.531
2018-04-28 13:00,0.170,5.477
2018-04-28 14:00,0.261,6.302
2018-04-28 15:00,0.473,7.828
2018-04-28 16:00,0.663,9.202
2018-04-28 17:00,0.789,10.343
2018-04-28 18:00,0.872,11.429
2018-04-28 19:00,0.953,13.353
2018-04-28 20:00,0.937,12.825
2018-04-28 21:00,0.931,12.648
2018-04-28 22:00,0.913,12.220
2018-04-28 23:00,0.847,11.056
2018-04-29 00:00,0.791,10.355
2018-04-29 01:00,0.903,11.985
2018-04-29 02:00,0.902,11.966
2018-04-29 03:00,0.923,12.457
2018-04-29 04:00,0.962,13.702
2018-04-29 05:00,0.984,15.144
2018-04-29 06:00,0.993,16.640
2018-04-29 07:00,0.991,17.804
2018-04-29 08:00,0.982,18.679
2018-04-29 09:00,0.980,18.820
2018-04-29 10:00,0.991,17.756
2018-04-29 11:00,0.989,15.680
2018-04-29 12:00,0.958,13.528
2018-04-29 13:00,0.900,11.929
2018-04-29 14:00,0.806,10.537
2018-04-29 15:00,0.682,9.355
2018-04-29 16:00,0.611,8.796
2018-04-29 17:00,0.600,8.724
2018-04-29 18:00,0.594,8.675
2018-04-29 19:00,0.612,8.801
2018-04-29 20:00,0.612,8.808
2018-04-29 21:00,0.409,7.393
2018-04-29 22:00,0.160,5.371
2018-04-29 23:00,0.096,4.586
2018-04-30 00:00,0.066,4.111
2018-04-30 01:00,0.206,5.826
2018-04-30 02:00,0.570,8.506
2018-04-30 03:00,0.819,10.691
2018-04-30 04:00,0.888,11.708
2018-04-30 05:00,0.902,11.981
2018-04-30 06:00,0.914,12.234
2018-04-30 07:00,0.934,12.748
2018-04-30 08:00,0.947,13.125
2018-04-30 09:00,0.948,13.179
2018-04-30 10:00,0.942,12.967
2018-04-30 11:00,0.862,11.268
2018-04-30 12:00,0.618,8.858
2018-04-30 13:00,0.317,6.736
2018-04-30 14:00,0.109,4.761
2018-04-30 15:00,0.053,3.860
2018-04-30 16:00,0.027,3.250
2018-04-30 17:00,0.017,2.921
2018-04-30 18:00,0.021,3.059
2018-04-30 19:00,0.047,3.733
2018-04-30 20:00,0.102,4.670
2018-04-30 21:00,0.180,5.569
2018-04-30 22:00,0.272,6.392
2018-04-30 23:00,0.306,6.657
2018-05-01 00:00,0.114,4.832
2018-05-01 01:00,0.013,2.755
2018-05-01 02:00,0,0
2018-05-01 03:00,0,0
2018-05-01 04:00,0,0
2018-05-01 05:00,0,0
2018-05-01 06:00,0.001,1.537
2018-05-01 07:00,0.062,4.035
2018-05-01 08:00,0.370,7.119
2018-05-01 09:00,0.442,7.627
2018-05-01 10:00,0.509,8.078
2018-05-01 11:00,0.580,8.573
2018-05-01 12:00,0.658,9.151
2018-05-01 13:00,0.727,9.734
2018-05-01 14:00,0.731,9.771
2018-05-01 15:00,0.658,9.158
2018-05-01 16:00,0.520,8.153
2018-05-01 17:00,0.394,7.294
2018-05-01 18:00,0.313,6.707
2018-05-01 19:00,0.297,6.592
2018-05-01 20:00,0.309,6.671
2018-05-01 21:00,0.290,6.534
2018-05-01 22:00,0.270,6.381
2018-05-01 23:00,0.293,6.559
2018-05-02 00:00,0.245,6.168
2018-05-02 01:00,0.355,7.018
2018-05-02 02:00,0.431,7.552
2018-05-02 03:00,0.484,7.913
2018-05-02 04:00,0.569,8.498
2018-05-02 05:00,0.661,9.179
2018-05-02 06:00,0.753,9.973
2018-05-02 07:00,0.826,10.764
2018-05-02 08:00,0.869,11.378
2018-05-02 09:00,0.876,11.497
2018-05-02 10:00,0.848,11.070
2018-05-02 11:00,0.777,10.209
2018-05-02 12:00,0.726,9.725
2018-05-02 13:00,0.721,9.673
2018-05-02 14:00,0.696,9.461
2018-05-02 15:00,0.536,8.271
2018-05-02 16:00,0.268,6.361
2018-05-02 17:00,0.118,4.872
2018-05-02 18:00,0.083,4.377
2018-05-02 19:00,0.086,4.446
2018-05-02 20:00,0.102,4.673
2018-05-02 21:00,0.150,5.261
2018-05-02 22:00,0.231,6.047
2018-05-02 23:00,0.314,6.709
2018-05-03 00:00,0.199,5.759
2018-05-03 01:00,0.068,4.144
2018-05-03 02:00,0.046,3.707
2018-05-03 03:00,0.061,4.019
2018-05-03 04:00,0.039,3.567
2018-05-03 05:00,0.070,4.184
2018-05-03 06:00,0.087,4.454
2018-05-03 07:00,0.118,4.879
2018-05-03 08:00,0.187,5.650
2018-05-03 09:00,0.158,5.353
2018-05-03 10:00,0.140,5.152
2018-05-03 11:00,0.273,6.403
2018-05-03 12:00,0.529,8.225
2018-05-03 13:00,0.629,8.937
2018-05-03 14:00,0.628,8.933
2018-05-03 15:00,0.552,8.382
2018-05-03 16:00,0.502,8.038
2018-05-03 17:00,0.390,7.271
2018-05-03 18:00,0.261,6.310
2018-05-03 19:00,0.159,5.362
2018-05-03 20:00,0.103,4.686
2018-05-03 21:00,0.162,5.390
2018-05-03 22:00,0.191,5.686
2018-05-03 23:00,0.186,5.637
2018-05-04 00:00,0.311,6.689
2018-05-04 01:00,0.410,7.396
2018-05-04 02:00,0.413,7.418
2018-05-04 03:00,0.386,7.237
2018-05-04 04:00,0.324,6.796
2018-05-04 05:00,0.281,6.467
2018-05-04 06:00,0.274,6.409
2018-05-04 07:00,0.302,6.622
2018-05-04 08:00,0.339,6.906
2018-05-04 09:00,0.335,6.879
2018-05-04 10:00,0.270,6.381
2018-05-04 11:00,0.194,5.716
2018-05-04 12:00,0.146,5.218
2018-05-04 13:00,0.098,4.610
2018-05-04 14:00,0.099,4.623
2018-05-04 15:00,0.143,5.187
2018-05-04 16:00,0.125,4.968
2018-05-04 17:00,0.096,4.584
2018-05-04 18:00,0.043,3.644
2018-05-04 19:00,0.023,3.113
2018-05-04 20:00,0.029,3.294
2018-05-04 21:00,0.020,3.015
2018-05-04 22:00,0.007,2.417
2018-05-04 23:00,0.009,2.510
2018-05-05 00:00,0,1.432
2018-05-05 01:00,0,0
2018-05-05 02:00,0,0
2018-05-05 03:00,0,0
2018-05-05 04:00,0,0
2018-05-05 05:00,0,0
2018-05-05 06:00,0,0
2018-05-05 07:00,0,1.428
2018-05-05 08:00,0.034,3.432
2018-05-05 09:00,0.181,5.581
2018-05-05 10:00,0.212,5.887
2018-05-05 11:00,0.275,6.413
2018-05-05 12:00,0.354,7.007
2018-05-05 13:00,0.403,7.354
2018-05-05 14:00,0.436,7.587
2018-05-05 15:00,0.404,7.364
2018-05-05 16:00,0.303,6.640
2018-05-05 17:00,0.194,5.701
2018-05-05 18:00,0.104,4.693
2018-05-05 19:00,0.046,3.731
2018-05-05 20:00,0.034,3.436
2018-05-05 21:00,0.033,3.424
2018-05-05 22:00,0.036,3.492
2018-05-05 23:00,0.037,3.512
2018-05-06 00:00,0.018,2.932
2018-05-06 01:00,0.002,1.919
2018-05-06 02:00,0,0
2018-05-06 03:00,0,0
2018-05-06 04:00,0,0
2018-05-06 05:00,0,0
2018-05-06 06:00,0,0
2018-05-06 07:00,0,0.715
2018-05-06 08:00,0,1.334
2018-05-06 09:00,0.018,2.945
2018-05-06 10:00,0.099,4.627
2018-05-06 11:00,0.171,5.490
2018-05-06 12:00,0.170,5.480
2018-05-06 13:00,0.022,3.073
2018-05-06 14:00,0,1.243
2018-05-06 15:00,0.001,1.697
2018-05-06 16:00,0.016,2.885
2018-05-06 17:00,0.069,4.157
2018-05-06 18:00,0.136,5.103
2018-05-06 19:00,0.199,5.762
2018-05-06 20:00,0.233,6.070
2018-05-06 21:00,0.302,6.625
2018-05-06 22:00,0.365,7.084
2018-05-06 23:00,0.402,7.347
2018-05-07 00:00,0.230,6.039
2018-05-07 01:00,0.101,4.648
2018-05-07 02:00,0.122,4.938
2018-05-07 03:00,0.116,4.858
2018-05-07 04:00,0.028,3.267
2018-05-07 05:00,0.008,2.429
2018-05-07 06:00,0.010,2.560
2018-05-07 07:00,0.028,3.272
2018-05-07 08:00,0.083,4.377
2018-05-07 09:00,0.171,5.488
2018-05-07 10:00,0.180,5.566
2018-05-07 11:00,0.258,6.285
2018-05-07 12:00,0.393,7.290
2018-05-07 13:00,0.487,7.934
2018-05-07 14:00,0.520,8.153
2018-05-07 15:00,0.479,7.872
2018-05-07 16:00,0.374,7.159
2018-05-07 17:00,0.176,5.532
2018-05-07 18:00,0.006,2.279
2018-05-07 19:00,0.451,7.691
2018-05-07 20:00,0.841,10.970
2018-05-07 21:00,0.738,9.826
2018-05-07 22:00,0.740,9.852
2018-05-07 23:00,0.894,11.813
2018-05-08 00:00,0.933,12.711
2018-05-08 01:00,0.940,12.915
2018-05-08 02:00,0.935,12.756
2018-05-08 03:00,0.884,11.628
2018-05-08 04:00,0.775,10.198
2018-05-08 05:00,0.629,8.939
2018-05-08 06:00,0.519,8.148
2018-05-08 07:00,0.417,7.453
2018-05-08 08:00,0.251,6.213
2018-05-08 09:00,0.118,4.876
2018-05-08 10:00,0.056,3.935
2018-05-08 11:00,0.020,3.022
2018-05-08 12:00,0.002,1.890
2018-05-08 13:00,0,0.913
2018-05-08 14:00,0.001,1.485
2018-05-08 15:00,0.007,2.394
2018-05-08 16:00,0.018,2.929
2018-05-08 17:00,0.011,2.626
2018-05-08 18:00,0.006,2.299
2018-05-08 19:00,0.004,2.139
2018-05-08 20:00,0.004,2.162
2018-05-08 21:00,0.007,2.424
2018-05-08 22:00,0.010,2.601
2018-05-08 23:00,0.005,2.212
2018-05-09 00:00,0,0.845
2018-05-09 01:00,0,0
2018-05-09 02:00,0,0
2018-05-09 03:00,0,0
2018-05-09 04:00,0,0
2018-05-09 05:00,0,0
2018-05-09 06:00,0,0.334
2018-05-09 07:00,0.001,1.569
2018-05-09 08:00,0.043,3.665
2018-05-09 09:00,0.048,3.763
2018-05-09 10:00,0.032,3.392
2018-05-09 11:00,0.022,3.094
2018-05-09 12:00,0.020,3.026
2018-05-09 13:00,0.058,3.958
2018-05-09 14:00,0.125,4.977
2018-05-09 15:00,0.241,6.138
2018-05-09 16:00,0.276,6.428
2018-05-09 17:00,0.246,6.176
2018-05-09 18:00,0.235,6.088
2018-05-09 19:00,0.268,6.361
2018-05-09 20:00,0.408,7.386
2018-05-09 21:00,0.557,8.414
2018-05-09 22:00,0.606,8.763
2018-05-09 23:00,0.546,8.336
2018-05-10 00:00,0.271,6.387
2018-05-10 01:00,0.156,5.334
2018-05-10 02:00,0.199,5.760
2018-05-10 03:00,0.232,6.060
2018-05-10 04:00,0.265,6.332
2018-05-10 05:00,0.320,6.754
2018-05-10 06:00,0.392,7.278
2018-05-10 07:00,0.466,7.784
2018-05-10 08:00,0.533,8.240
2018-05-10 09:00,0.594,8.671
2018-05-10 10:00,0.640,9.012
2018-05-10 11:00,0.641,9.026
2018-05-10 12:00,0.619,8.860
2018-05-10 13:00,0.647,9.075
2018-05-10 14:00,0.700,9.495
2018-05-10 15:00,0.767,10.113
2018-05-10 16:00,0.847,11.046
2018-05-10 17:00,0.883,11.606
2018-05-10 18:00,0.895,11.834
2018-05-10 19:00,0.894,11.825
2018-05-10 20:00,0.916,12.287
2018-05-10 21:00,0.941,12.951
2018-05-10 22:00,0.954,13.398
2018-05-10 23:00,0.934,12.741
2018-05-11 00:00,0.879,11.531
2018-05-11 01:00,0.908,12.091
2018-05-11 02:00,0.938,12.843
2018-05-11 03:00,0.959,13.580
2018-05-11 04:00,0.978,14.614
2018-05-11 05:00,0.988,15.574
2018-05-11 06:00,0.992,16.302
2018-05-11 07:00,0.993,16.736
2018-05-11 08:00,0.993,16.940
2018-05-11 09:00,0.993,17.034
2018-05-11 10:00,0.993,16.615
2018-05-11 11:00,0.984,15.135
2018-05-11 12:00,0.960,13.639
2018-05-11 13:00,0.933,12.717
2018-05-11 14:00,0.903,11.995
2018-05-11 15:00,0.856,11.177
2018-05-11 16:00,0.831,10.835
2018-05-11 17:00,0.826,10.760
2018-05-11 18:00,0.828,10.797
2018-05-11 19:00,0.851,11.098
2018-05-11 20:00,0.901,11.949
2018-05-11 21:00,0.948,13.178
2018-05-11 22:00,0.962,13.733
2018-05-11 23:00,0.939,12.887
2018-05-12 00:00,0.830,10.818
2018-05-12 01:00,0.868,11.361
2018-05-12 02:00,0.894,11.808
2018-05-12 03:00,0.903,11.984
2018-05-12 04:00,0.881,11.577
2018-05-12 05:00,0.841,10.969
2018-05-12 06:00,0.786,10.307
2018-05-12 07:00,0.710,9.578
2018-05-12 08:00,0.574,8.532
2018-05-12 09:00,0.397,7.315
2018-05-12 10:00,0.211,5.871
2018-05-12 11:00,0.071,4.201
2018-05-12 12:00,0.001,1.667
2018-05-12 13:00,0.001,1.599
2018-05-12 14:00,0.100,4.638
2018-05-12 15:00,0.303,6.634
2018-05-12 16:00,0.513,8.107
2018-05-12 17:00,0.727,9.735
2018-05-12 18:00,0.895,11.845
2018-05-12 19:00,0.964,13.817
2018-05-12 20:00,0.980,14.795
2018-05-12 21:00,0.981,14.877
2018-05-12 22:00,0.965,13.836
2018-05-12 23:00,0.903,11.985
2018-05-13 00:00,0.591,8.652
2018-05-13 01:00,0.031,3.364
2018-05-13 02:00,0,0
2018-05-13 03:00,0,0
2018-05-13 04:00,0,0
2018-05-13 05:00,0,0
2018-05-13 06:00,0,0
2018-05-13 07:00,0.088,4.469
2018-05-13 08:00,0.487,7.932
2018-05-13 09:00,0.633,8.966
2018-05-13 10:00,0.625,8.910
2018-05-13 11:00,0.510,8.085
2018-05-13 12:00,0.330,6.831
2018-05-13 13:00,0.132,5.049
2018-05-13 14:00,0.046,3.725
2018-05-13 15:00,0.024,3.153
2018-05-13 16:00,0.105,4.714
2018-05-13 17:00,0.302,6.623
2018-05-13 18:00,0.335,6.870
2018-05-13 19:00,0.236,6.094
2018-05-13 20:00,0.163,5.407
2018-05-13 21:00,0.056,3.926
2018-05-13 22:00,0.008,2.486
2018-05-13 23:00,0.001,1.773
2018-05-14 00:00,0.001,1.655
2018-05-14 01:00,0.002,1.850
2018-05-14 02:00,0,1.084
2018-05-14 03:00,0,0.508
2018-05-14 04:00,0,1.042
2018-05-14 05:00,0.007,2.425
2018-05-14 06:00,0.065,4.102
2018-05-14 07:00,0.231,6.045
2018-05-14 08:00,0.279,6.439
2018-05-14 09:00,0.306,6.658
2018-05-14 10:00,0.352,6.995
2018-05-14 11:00,0.430,7.546
2018-05-14 12:00,0.631,8.955
2018-05-14 13:00,0.795,10.410
2018-05-14 14:00,0.628,8.923
2018-05-14 15:00,0.351,6.985
2018-05-14 16:00,0.269,6.367
2018-05-14 17:00,0.266,6.345
2018-05-14 18:00,0.325,6.802
2018-05-14 19:00,0.476,7.849
2018-05-14 20:00,0.423,7.490
2018-05-14 21:00,0.291,6.547
2018-05-14 22:00,0.238,6.117
2018-05-14 23:00,0.216,5.916
2018-05-15 00:00,0.302,6.630
2018-05-15 01:00,0.454,7.710
2018-05-15 02:00,0.549,8.359
2018-05-15 03:00,0.657,9.145
2018-05-15 04:00,0.682,9.349
2018-05-15 05:00,0.657,9.145
2018-05-15 06:00,0.549,8.364
2018-05-15 07:00,0.454,7.708
2018-05-15 08:00,0.401,7.344
2018-05-15 09:00,0.371,7.133
2018-05-15 10:00,0.326,6.808
2018-05-15 11:00,0.276,6.421
2018-05-15 12:00,0.280,6.454
2018-05-15 13:00,0.193,5.699
2018-05-15 14:00,0.074,4.252
2018-05-15 15:00,0.041,3.612
2018-05-15 16:00,0.089,4.485
2018-05-15 17:00,0.159,5.365
2018-05-15 18:00,0.252,6.225
2018-05-15 19:00,0.207,5.842
2018-05-15 20:00,0.102,4.660
2018-05-15 21:00,0.047,3.753
2018-05-15 22:00,0.037,3.519
2018-05-15 23:00,0.033,3.409
2018-05-16 00:00,0.022,3.079
2018-05-16 01:00,0.126,4.983
2018-05-16 02:00,0.357,7.038
2018-05-16 03:00,0.587,8.631
2018-05-16 04:00,0.663,9.203
2018-05-16 05:00,0.706,9.552
2018-05-16 06:00,0.792,10.372
2018-05-16 07:00,0.851,11.101
2018-05-16 08:00,0.863,11.274
2018-05-16 09:00,0.845,11.014
2018-05-16 10:00,0.832,10.843
2018-05-16 11:00,0.775,10.187
2018-05-16 12:00,0.672,9.261
2018-05-16 13:00,0.623,8.890
2018-05-16 14:00,0.460,7.751
2018-05-16 15:00,0.191,5.689
2018-05-16 16:00,0.045,3.699
2018-05-16 17:00,0.012,2.672
2018-05-16 18:00,0.002,1.876
2018-05-16 19:00,0,1.315
2018-05-16 20:00,0.003,2.032
2018-05-16 21:00,0.034,3.440
2018-05-16 22:00,0.090,4.496
2018-05-16 23:00,0.104,4.702
2018-05-17 00:00,0.253,6.231
2018-05-17 01:00,0.459,7.738
2018-05-17 02:00,0.546,8.332
2018-05-17 03:00,0.610,8.793
2018-05-17 04:00,0.657,9.148
2018-05-17 05:00,0.703,9.523
2018-05-17 06:00,0.730,9.762
2018-05-17 07:00,0.716,9.638
2018-05-17 08:00,0.648,9.081
2018-05-17 09:00,0.601,8.730
2018-05-17 10:00,0.569,8.491
2018-05-17 11:00,0.505,8.056
2018-05-17 12:00,0.505,8.055
2018-05-17 13:00,0.380,7.199
2018-05-17 14:00,0.188,5.653
2018-05-17 15:00,0.079,4.326
2018-05-17 16:00,0.004,2.153
2018-05-17 17:00,0,0.236
2018-05-17 18:00,0.002,1.791
2018-05-17 19:00,0,1.422
2018-05-17 20:00,0.001,1.467
2018-05-17 21:00,0.003,2.001
2018-05-17 22:00,0.019,2.986
2018-05-17 23:00,0.058,3.962
2018-05-18 00:00,0.079,4.323
2018-05-18 01:00,0.084,4.397
2018-05-18 02:00,0.055,3.904
2018-05-18 03:00,0.004,2.101
2018-05-18 04:00,0,1.346
2018-05-18 05:00,0,0.786
2018-05-18 06:00,0,0.400
2018-05-18 07:00,0,0
2018-05-18 08:00,0,0
2018-05-18 09:00,0,0
2018-05-18 10:00,0,1.251
2018-05-18 11:00,0.052,3.848
2018-05-18 12:00,0.208,5.848
2018-05-18 13:00,0.416,7.439
2018-05-18 14:00,0.454,7.708
2018-05-18 15:00,0.334,6.864
2018-05-18 16:00,0.215,5.908
2018-05-18 17:00,0.156,5.318
2018-05-18 18:00,0.169,5.453
2018-05-18 19:00,0.214,5.899
2018-05-18 20:00,0.242,6.147
2018-05-18 21:00,0.275,6.414
2018-05-18 22:00,0.329,6.826
2018-05-18 23:00,0.374,7.149
2018-05-19 00:00,0.488,7.944
2018-05-19 01:00,0.729,9.754
2018-05-19 02:00,0.746,9.901
2018-05-19 03:00,0.705,9.540
2018-05-19 04:00,0.645,9.058
2018-05-19 05:00,0.632,8.963
2018-05-19 06:00,0.634,8.977
2018-05-19 07:00,0.650,9.094
2018-05-19 08:00,0.688,9.396
2018-05-19 09:00,0.756,10.011
2018-05-19 10:00,0.828,10.801
2018-05-19 11:00,0.867,11.335
2018-05-19 12:00,0.811,10.584
2018-05-19 13:00,0.707,9.557
2018-05-19 14:00,0.617,8.851
2018-05-19 15:00,0.533,8.239
2018-05-19 16:00,0.409,7.395
2018-05-19 17:00,0.268,6.361
2018-05-19 18:00,0.100,4.641
2018-05-19 19:00,0.063,4.054
2018-05-19 20:00,0.067,4.124
2018-05-19 21:00,0.033,3.419
2018-05-19 22:00,0.001,1.766
2018-05-19 23:00,0.001,1.461
2018-05-20 00:00,0.007,2.371
2018-05-20 01:00,0.080,4.342
2018-05-20 02:00,0.152,5.281
2018-05-20 03:00,0.194,5.709
2018-05-20 04:00,0.264,6.324
2018-05-20 05:00,0.335,6.868
2018-05-20 06:00,0.359,7.052
2018-05-20 07:00,0.302,6.628
2018-05-20 08:00,0.207,5.839
2018-05-20 09:00,0.178,5.545
2018-05-20 10:00,0.195,5.728
2018-05-20 11:00,0.235,6.088
2018-05-20 12:00,0.279,6.440
2018-05-20 13:00,0.308,6.670
2018-05-20 14:00,0.238,6.109
2018-05-20 15:00,0.313,6.708
2018-05-20 16:00,0.208,5.848
2018-05-20 17:00,0.136,5.103
2018-05-20 18:00,0.108,4.758
2018-05-20 19:00,0.093,4.546
2018-05-20 20:00,0.171,5.486
2018-05-20 21:00,0.341,6.914
2018-05-20 22:00,0.423,7.489
2018-05-20 23:00,0.365,7.086
2018-05-21 00:00,0.267,6.347
2018-05-21 01:00,0.163,5.406
2018-05-21 02:00,0.127,5.001
2018-05-21 03:00,0.171,5.485
2018-05-21 04:00,0.262,6.310
2018-05-21 05:00,0.328,6.823
2018-05-21 06:00,0.321,6.768
2018-05-21 07:00,0.302,6.622
2018-05-21 08:00,0.332,6.848
2018-05-21 09:00,0.397,7.317
2018-05-21 10:00,0.462,7.757
2018-05-21 11:00,0.449,7.664
2018-05-21 12:00,0.396,7.312
2018-05-21 13:00,0.426,7.509
2018-05-21 14:00,0.516,8.120
2018-05-21 15:00,0.519,8.146
2018-05-21 16:00,0.411,7.412
2018-05-21 17:00,0.296,6.578
2018-05-21 18:00,0.204,5.808
2018-05-21 19:00,0.135,5.088
2018-05-21 20:00,0.083,4.386
2018-05-21 21:00,0.053,3.867
2018-05-21 22:00,0.055,3.911
2018-05-21 23:00,0.078,4.316
2018-05-22 00:00,0.033,3.409
2018-05-22 01:00,0.042,3.624
2018-05-22 02:00,0.003,2.028
2018-05-22 03:00,0,0.688
2018-05-22 04:00,0,0.377
2018-05-22 05:00,0,0.157
2018-05-22 06:00,0,0
2018-05-22 07:00,0,0.053
2018-05-22 08:00,0,0
2018-05-22 09:00,0,0
2018-05-22 10:00,0,0
2018-05-22 11:00,0.007,2.365
2018-05-22 12:00,0.017,2.921
2018-05-22 13:00,0.022,3.080
2018-05-22 14:00,0.089,4.492
2018-05-22 15:00,0.254,6.248
2018-05-22 16:00,0.382,7.215
2018-05-22 17:00,0.449,7.665
2018-05-22 18:00,0.460,7.747
2018-05-22 19:00,0.414,7.434
2018-05-22 20:00,0.333,6.861
2018-05-22 21:00,0.262,6.314
2018-05-22 22:00,0.224,5.990
2018-05-22 23:00,0.174,5.517
2018-05-23 00:00,0.032,3.376
2018-05-23 01:00,0,0
2018-05-23 02:00,0,0
2018-05-23 03:00,0,0
2018-05-23 04:00,0,0
2018-05-23 05:00,0,0
2018-05-23 06:00,0.003,1.988
2018-05-23 07:00,0.086,4.437
2018-05-23 08:00,0.139,5.143
2018-05-23 09:00,0.156,5.317
2018-05-23 10:00,0.204,5.807
2018-05-23 11:00,0.256,6.256
2018-05-23 12:00,0.336,6.882
2018-05-23 13:00,0.355,7.025
2018-05-23 14:00,0.441,7.615
2018-05-23 15:00,0.696,9.470
2018-05-23 16:00,0.781,10.263
2018-05-23 17:00,0.747,9.914
2018-05-23 18:00,0.613,8.820
2018-05-23 19:00,0.546,8.338
2018-05-23 20:00,0.573,8.526
2018-05-23 21:00,0.623,8.893
2018-05-23 22:00,0.654,9.128
2018-05-23 23:00,0.582,8.595
2018-05-24 00:00,0.460,7.743
2018-05-24 01:00,0.466,7.795
2018-05-24 02:00,0.442,7.630
2018-05-24 03:00,0.423,7.494
2018-05-24 04:00,0.473,7.834
2018-05-24 05:00,0.584,8.609
2018-05-24 06:00,0.692,9.431
2018-05-24 07:00,0.700,9.496
2018-05-24 08:00,0.525,8.192
2018-05-24 09:00,0.206,5.832
2018-05-24 10:00,0.019,2.957
2018-05-24 11:00,0,0.459
2018-05-24 12:00,0.002,1.871
2018-05-24 13:00,0.008,2.481
2018-05-24 14:00,0.355,7.017
2018-05-24 15:00,0.913,12.197
2018-05-24 16:00,0.906,12.049
2018-05-24 17:00,0.424,7.504
2018-05-24 18:00,0.026,3.218
2018-05-24 19:00,0.036,3.480
2018-05-24 20:00,0.368,7.112
2018-05-24 21:00,0.780,10.249
2018-05-24 22:00,0.916,12.287
2018-05-24 23:00,0.851,11.109
2018-05-25 00:00,0.823,10.735
2018-05-25 01:00,0.919,12.329
2018-05-25 02:00,0.963,13.775
2018-05-25 03:00,0.978,14.609
2018-05-25 04:00,0.987,15.450
2018-05-25 05:00,0.992,16.213
2018-05-25 06:00,0.993,16.666
2018-05-25 07:00,0.993,17.057
2018-05-25 08:00,0.992,17.478
2018-05-25 09:00,0.991,17.672
2018-05-25 10:00,0.993,17.328
2018-05-25 11:00,0.992,16.217
2018-05-25 12:00,0.967,13.933
2018-05-25 13:00,0.875,11.482
2018-05-25 14:00,0.766,10.097
2018-05-25 15:00,0.754,9.983
2018-05-25 16:00,0.800,10.460
2018-05-25 17:00,0.795,10.404
2018-05-25 18:00,0.748,9.924
2018-05-25 19:00,0.714,9.617
2018-05-25 20:00,0.682,9.351
2018-05-25 21:00,0.664,9.209
2018-05-25 22:00,0.652,9.115
2018-05-25 23:00,0.499,8.012
2018-05-26 00:00,0.619,8.865
2018-05-26 01:00,0.636,8.986
2018-05-26 02:00,0.609,8.781
2018-05-26 03:00,0.612,8.805
2018-05-26 04:00,0.650,9.097
2018-05-26 05:00,0.685,9.374
2018-05-26 06:00,0.696,9.468
2018-05-26 07:00,0.679,9.328
2018-05-26 08:00,0.632,8.957
2018-05-26 09:00,0.561,8.437
2018-05-26 10:00,0.475,7.847
2018-05-26 11:00,0.373,7.142
2018-05-26 12:00,0.276,6.425
2018-05-26 13:00,0.237,6.097
2018-05-26 14:00,0.309,6.675
2018-05-26 15:00,0.483,7.902
2018-05-26 16:00,0.652,9.113
2018-05-26 17:00,0.707,9.561
2018-05-26 18:00,0.673,9.276
2018-05-26 19:00,0.581,8.574
2018-05-26 20:00,0.438,7.596
2018-05-26 21:00,0.321,6.771
2018-05-26 22:00,0.254,6.246
2018-05-26 23:00,0.174,5.519
2018-05-27 00:00,0.002,1.939
2018-05-27 01:00,0,0
2018-05-27 02:00,0,0
2018-05-27 03:00,0,0
2018-05-27 04:00,0,0
2018-05-27 05:00,0,0
2018-05-27 06:00,0,0
2018-05-27 07:00,0,0.284
2018-05-27 08:00,0,1.378
2018-05-27 09:00,0.004,2.158
2018-05-27 10:00,0.018,2.933
2018-05-27 11:00,0.021,3.057
2018-05-27 12:00,0.008,2.440
2018-05-27 13:00,0.002,1.817
2018-05-27 14:00,0.020,3.029
2018-05-27 15:00,0.099,4.626
2018-05-27 16:00,0.176,5.527
2018-05-27 17:00,0.230,6.039
2018-05-27 18:00,0.289,6.531
2018-05-27 19:00,0.387,7.249
2018-05-27 20:00,0.512,8.099
2018-05-27 21:00,0.581,8.581
2018-05-27 22:00,0.672,9.259
2018-05-27 23:00,0.574,8.539
2018-05-28 00:00,0.087,4.458
2018-05-28 01:00,0,0.114
2018-05-28 02:00,0,0.896
2018-05-28 03:00,0.002,1.882
2018-05-28 04:00,0.010,2.553
2018-05-28 05:00,0.057,3.937
2018-05-28 06:00,0.279,6.449
2018-05-28 07:00,0.454,7.710
2018-05-28 08:00,0.514,8.116
2018-05-28 09:00,0.479,7.883
2018-05-28 10:00,0.448,7.661
2018-05-28 11:00,0.473,7.839
2018-05-28 12:00,0.529,8.224
2018-05-28 13:00,0.629,8.938
2018-05-28 14:00,0.645,9.054
2018-05-28 15:00,0.616,8.835
2018-05-28 16:00,0.562,8.443
2018-05-28 17:00,0.518,8.144
2018-05-28 18:00,0.479,7.870
2018-05-28 19:00,0.416,7.445
2018-05-28 20:00,0.367,7.102
2018-05-28 21:00,0.331,6.844
2018-05-28 22:00,0.266,6.343
2018-05-28 23:00,0.177,5.536
2018-05-29 00:00,0.064,4.075
2018-05-29 01:00,0.067,4.123
2018-05-29 02:00,0.199,5.765
2018-05-29 03:00,0.343,6.932
2018-05-29 04:00,0.499,8.015
2018-05-29 05:00,0.582,8.596
2018-05-29 06:00,0.559,8.420
2018-05-29 07:00,0.523,8.174
2018-05-29 08:00,0.510,8.081
2018-05-29 09:00,0.502,8.037
2018-05-29 10:00,0.496,7.989
2018-05-29 11:00,0.469,7.815
2018-05-29 12:00,0.442,7.627
2018-05-29 13:00,0.452,7.693
2018-05-29 14:00,0.444,7.635
2018-05-29 15:00,0.463,7.771
2018-05-29 16:00,0.476,7.849
2018-05-29 17:00,0.429,7.537
2018-05-29 18:00,0.309,6.681
2018-05-29 19:00,0.197,5.744
2018-05-29 20:00,0.136,5.108
2018-05-29 21:00,0.125,4.972
2018-05-29 22:00,0.165,5.430
2018-05-29 23:00,0.186,5.635
2018-05-30 00:00,0.150,5.260
2018-05-30 01:00,0.433,7.565
2018-05-30 02:00,0.651,9.109
2018-05-30 03:00,0.754,9.988
2018-05-30 04:00,0.796,10.414
2018-05-30 05:00,0.826,10.760
2018-05-30 06:00,0.826,10.778
2018-05-30 07:00,0.795,10.411
2018-05-30 08:00,0.755,9.995
2018-05-30 09:00,0.682,9.350
2018-05-30 10:00,0.581,8.576
2018-05-30 11:00,0.520,8.158
2018-05-30 12:00,0.505,8.056
2018-05-30 13:00,0.393,7.285
2018-05-30 14:00,0.263,6.319
2018-05-30 15:00,0.224,5.989
2018-05-30 16:00,0.146,5.220
2018-05-30 17:00,0.048,3.775
2018-05-30 18:00,0.008,2.478
2018-05-30 19:00,0.003,2.008
2018-05-30 20:00,0.008,2.490
2018-05-30 21:00,0.037,3.517
2018-05-30 22:00,0.073,4.225
2018-05-30 23:00,0.067,4.121
2018-05-31 00:00,0.024,3.142
2018-05-31 01:00,0,0.794
2018-05-31 02:00,0.020,3.033
2018-05-31 03:00,0.104,4.696
2018-05-31 04:00,0.145,5.208
2018-05-31 05:00,0.106,4.729
2018-05-31 06:00,0.086,4.445
2018-05-31 07:00,0.105,4.715
2018-05-31 08:00,0.109,4.765
2018-05-31 09:00,0.089,4.488
2018-05-31 10:00,0.061,4.021
2018-05-31 11:00,0.050,3.801
2018-05-31 12:00,0.052,3.853
2018-05-31 13:00,0.057,3.948
2018-05-31 14:00,0.093,4.530
2018-05-31 15:00,0.161,5.384
2018-05-31 16:00,0.257,6.276
2018-05-31 17:00,0.382,7.212
2018-05-31 18:00,0.524,8.191
2018-05-31 19:00,0.667,9.232
2018-05-31 20:00,0.858,11.211
2018-05-31 21:00,0.792,10.375
2018-05-31 22:00,0.297,6.580
2018-05-31 23:00,0.071,4.202
2018-06-01 00:00,0.195,5.723
2018-06-01 01:00,0.466,7.784
2018-06-01 02:00,0.596,8.688
2018-06-01 03:00,0.661,9.173
2018-06-01 04:00,0.689,9.398
2018-06-01 05:00,0.621,8.877
2018-06-01 06:00,0.450,7.681
2018-06-01 07:00,0.262,6.318
2018-06-01 08:00,0.126,4.985
2018-06-01 09:00,0.059,3.970
2018-06-01 10:00,0.020,3.018
2018-06-01 11:00,0.001,1.689
2018-06-01 12:00,0.001,1.682
2018-06-01 13:00,0.035,3.466
2018-06-01 14:00,0.049,3.795
2018-06-01 15:00,0.026,3.217
2018-06-01 16:00,0.007,2.392
2018-06-01 17:00,0.009,2.519
2018-06-01 18:00,0.039,3.572
2018-06-01 19:00,0.113,4.804
2018-06-01 20:00,0.195,5.721
2018-06-01 21:00,0.224,5.978
2018-06-01 22:00,0.221,5.958
2018-06-01 23:00,0.246,6.170
2018-06-02 00:00,0.497,7.998
2018-06-02 01:00,0.625,8.903
2018-06-02 02:00,0.577,8.549
2018-06-02 03:00,0.483,7.910
2018-06-02 04:00,0.400,7.340
2018-06-02 05:00,0.346,6.952
2018-06-02 06:00,0.318,6.741
2018-06-02 07:00,0.288,6.521
2018-06-02 08:00,0.238,6.108
2018-06-02 09:00,0.197,5.745
2018-06-02 10:00,0.181,5.585
2018-06-02 11:00,0.188,5.654
2018-06-02 12:00,0.243,6.159
2018-06-02 13:00,0.262,6.311
2018-06-02 14:00,0.281,6.457
2018-06-02 15:00,0.254,6.236
2018-06-02 16:00,0.164,5.410
2018-06-02 17:00,0.103,4.685
2018-06-02 18:00,0.104,4.698
2018-06-02 19:00,0.134,5.079
2018-06-02 20:00,0.145,5.208
2018-06-02 21:00,0.139,5.139
2018-06-02 22:00,0.134,5.067
2018-06-02 23:00,0.131,5.038
2018-06-03 00:00,0.059,3.990
2018-06-03 01:00,0.031,3.359
2018-06-03 02:00,0,0.026
2018-06-03 03:00,0,0
2018-06-03 04:00,0,0
2018-06-03 05:00,0,0.185
2018-06-03 06:00,0,1.263
2018-06-03 07:00,0.015,2.799
2018-06-03 08:00,0.049,3.777
2018-06-03 09:00,0.085,4.409
2018-06-03 10:00,0.083,4.386
2018-06-03 11:00,0.049,3.779
2018-06-03 12:00,0.051,3.825
2018-06-03 13:00,0.050,3.812
2018-06-03 14:00,0.080,4.340
2018-06-03 15:00,0.119,4.899
2018-06-03 16:00,0.160,5.377
2018-06-03 17:00,0.241,6.136
2018-06-03 18:00,0.405,7.368
2018-06-03 19:00,0.625,8.904
2018-06-03 20:00,0.775,10.197
2018-06-03 21:00,0.828,10.796
2018-06-03 22:00,0.804,10.505
2018-06-03 23:00,0.682,9.349
2018-06-04 00:00,0.344,6.937
2018-06-04 01:00,0.163,5.405
2018-06-04 02:00,0.075,4.260
2018-06-04 03:00,0.022,3.075
2018-06-04 04:00,0,1.108
2018-06-04 05:00,0,0.719
2018-06-04 06:00,0.001,1.464
2018-06-04 07:00,0.008,2.468
2018-06-04 08:00,0.169,5.466
2018-06-04 09:00,0.259,6.288
2018-06-04 10:00,0.164,5.419
2018-06-04 11:00,0.019,2.956
2018-06-04 12:00,0,1.071
2018-06-04 13:00,0.001,1.768
2018-06-04 14:00,0.038,3.531
2018-06-04 15:00,0.082,4.371
2018-06-04 16:00,0.072,4.211
2018-06-04 17:00,0.057,3.946
2018-06-04 18:00,0.047,3.738
2018-06-04 19:00,0.029,3.306
2018-06-04 20:00,0.009,2.518
2018-06-04 21:00,0.001,1.584
2018-06-04 22:00,0.002,1.938
2018-06-04 23:00,0.026,3.201
2018-06-05 00:00,0.153,5.288
2018-06-05 01:00,0.180,5.573
2018-06-05 02:00,0.019,2.989
2018-06-05 03:00,0,0.891
2018-06-05 04:00,0,0.723
2018-06-05 05:00,0.005,2.235
2018-06-05 06:00,0.081,4.358
2018-06-05 07:00,0.173,5.506
2018-06-05 08:00,0.107,4.742
2018-06-05 09:00,0.121,4.924
2018-06-05 10:00,0.156,5.330
2018-06-05 11:00,0.260,6.298
2018-06-05 12:00,0.424,7.501
2018-06-05 13:00,0.440,7.612
2018-06-05 14:00,0.248,6.198
2018-06-05 15:00,0.118,4.870
2018-06-05 16:00,0.078,4.309
2018-06-05 17:00,0.058,3.952
2018-06-05 18:00,0.043,3.664
2018-06-05 19:00,0.049,3.781
2018-06-05 20:00,0.048,3.762
2018-06-05 21:00,0.054,3.881
2018-06-05 22:00,0.052,3.839
2018-06-05 23:00,0.023,3.104
2018-06-06 00:00,0.026,3.217
2018-06-06 01:00,0.127,4.998
2018-06-06 02:00,0.216,5.916
2018-06-06 03:00,0.170,5.482
2018-06-06 04:00,0.180,5.565
2018-06-06 05:00,0.291,6.547
2018-06-06 06:00,0.363,7.073
2018-06-06 07:00,0.134,5.084
2018-06-06 08:00,0.036,3.470
2018-06-06 09:00,0.113,4.812
2018-06-06 10:00,0.220,5.947
2018-06-06 11:00,0.271,6.390
2018-06-06 12:00,0.271,6.386
2018-06-06 13:00,0.271,6.388
2018-06-06 14:00,0.248,6.197
2018-06-06 15:00,0.276,6.425
2018-06-06 16:00,0.376,7.167
2018-06-06 17:00,0.404,7.364
2018-06-06 18:00,0.403,7.361
2018-06-06 19:00,0.380,7.193
2018-06-06 20:00,0.378,7.182
2018-06-06 21:00,0.413,7.426
2018-06-06 22:00,0.447,7.651
2018-06-06 23:00,0.427,7.521
2018-06-07 00:00,0.502,8.028
2018-06-07 01:00,0.634,8.973
2018-06-07 02:00,0.663,9.199
2018-06-07 03:00,0.694,9.448
2018-06-07 04:00,0.765,10.086
2018-06-07 05:00,0.814,10.619
2018-06-07 06:00,0.839,10.945
2018-06-07 07:00,0.858,11.210
2018-06-07 08:00,0.862,11.270
2018-06-07 09:00,0.848,11.060
2018-06-07 10:00,0.821,10.714
2018-06-07 11:00,0.787,10.322
2018-06-07 12:00,0.649,9.087
2018-06-07 13:00,0.581,8.581
2018-06-07 14:00,0.468,7.808
2018-06-07 15:00,0.330,6.840
2018-06-07 16:00,0.181,5.583
2018-06-07 17:00,0.079,4.331
2018-06-07 18:00,0.043,3.657
2018-06-07 19:00,0.042,3.621
2018-06-07 20:00,0.060,3.999
2018-06-07 21:00,0.087,4.455
2018-06-07 22:00,0.121,4.927
2018-06-07 23:00,0.129,5.021
2018-06-08 00:00,0.207,5.834
2018-06-08 01:00,0.270,6.372
2018-06-08 02:00,0.177,5.542
2018-06-08 03:00,0.084,4.397
2018-06-08 04:00,0.005,2.274
2018-06-08 05:00,0.001,1.729
2018-06-08 06:00,0.012,2.693
2018-06-08 07:00,0.070,4.187
2018-06-08 08:00,0.214,5.902
2018-06-08 09:00,0.204,5.812
2018-06-08 10:00,0.169,5.462
2018-06-08 11:00,0.165,5.426
2018-06-08 12:00,0.280,6.454
2018-06-08 13:00,0.419,7.469
2018-06-08 14:00,0.501,8.025
2018-06-08 15:00,0.545,8.327
2018-06-08 16:00,0.511,8.095
2018-06-08 17:00,0.396,7.310
2018-06-08 18:00,0.270,6.375
2018-06-08 19:00,0.210,5.867
2018-06-08 20:00,0.168,5.446
2018-06-08 21:00,0.141,5.156
2018-06-08 22:00,0.133,5.056
2018-06-08 23:00,0.118,4.870
2018-06-09 00:00,0.087,4.460
2018-06-09 01:00,0.030,3.321
2018-06-09 02:00,0.010,2.573
2018-06-09 03:00,0.002,1.816
2018-06-09 04:00,0,0.789
2018-06-09 05:00,0.001,1.558
2018-06-09 06:00,0.008,2.464
2018-06-09 07:00,0.038,3.533
2018-06-09 08:00,0.083,4.384
2018-06-09 09:00,0.069,4.164
2018-06-09 10:00,0.023,3.107
2018-06-09 11:00,0.001,1.532
2018-06-09 12:00,0.021,3.039
2018-06-09 13:00,0.502,8.028
2018-06-09 14:00,0.846,11.043
2018-06-09 15:00,0.895,11.830
2018-06-09 16:00,0.855,11.167
2018-06-09 17:00,0.799,10.458
2018-06-09 18:00,0.804,10.512
2018-06-09 19:00,0.843,10.988
2018-06-09 20:00,0.855,11.162
2018-06-09 21:00,0.867,11.338
2018-06-09 22:00,0.854,11.147
2018-06-09 23:00,0.742,9.876
2018-06-10 00:00,0.607,8.771
2018-06-10 01:00,0.510,8.082
2018-06-10 02:00,0.390,7.270
2018-06-10 03:00,0.339,6.902
2018-06-10 04:00,0.329,6.826
2018-06-10 05:00,0.312,6.703
2018-06-10 06:00,0.296,6.575
2018-06-10 07:00,0.295,6.575
2018-06-10 08:00,0.286,6.506
2018-06-10 09:00,0.237,6.096
2018-06-10 10:00,0.162,5.395
2018-06-10 11:00,0.089,4.492
2018-06-10 12:00,0.040,3.595
2018-06-10 13:00,0.010,2.567
2018-06-10 14:00,0.003,2.019
2018-06-10 15:00,0.002,1.918
2018-06-10 16:00,0.004,2.089
2018-06-10 17:00,0.009,2.511
2018-06-10 18:00,0.031,3.357
2018-06-10 19:00,0.080,4.354
2018-06-10 20:00,0.147,5.233
2018-06-10 21:00,0.182,5.601
2018-06-10 22:00,0.159,5.364
2018-06-10 23:00,0.087,4.461
2018-06-11 00:00,0.005,2.213
2018-06-11 01:00,0,0
2018-06-11 02:00,0,0
2018-06-11 03:00,0,0
2018-06-11 04:00,0,0
2018-06-11 05:00,0,0.438
2018-06-11 06:00,0.001,1.598
2018-06-11 07:00,0.019,2.987
2018-06-11 08:00,0.049,3.788
2018-06-11 09:00,0.139,5.133
2018-06-11 10:00,0.192,5.693
2018-06-11 11:00,0.259,6.292
2018-06-11 12:00,0.350,6.985
2018-06-11 13:00,0.374,7.151
2018-06-11 14:00,0.343,6.931
2018-06-11 15:00,0.396,7.314
2018-06-11 16:00,0.406,7.371
2018-06-11 17:00,0.285,6.498
2018-06-11 18:00,0.140,5.154
2018-06-11 19:00,0.065,4.090
2018-06-11 20:00,0.046,3.704
2018-06-11 21:00,0.069,4.165
2018-06-11 22:00,0.102,4.673
2018-06-11 23:00,0.099,4.622
2018-06-12 00:00,0.306,6.656
2018-06-12 01:00,0.613,8.820
2018-06-12 02:00,0.621,8.878
2018-06-12 03:00,0.600,8.725
2018-06-12 04:00,0.577,8.549
2018-06-12 05:00,0.569,8.502
2018-06-12 06:00,0.562,8.444
2018-06-12 07:00,0.564,8.466
2018-06-12 08:00,0.568,8.488
2018-06-12 09:00,0.582,8.591
2018-06-12 10:00,0.617,8.846
2018-06-12 11:00,0.658,9.157
2018-06-12 12:00,0.672,9.272
2018-06-12 13:00,0.701,9.504
2018-06-12 14:00,0.691,9.417
2018-06-12 15:00,0.669,9.243
2018-06-12 16:00,0.637,8.987
2018-06-12 17:00,0.594,8.674
2018-06-12 18:00,0.530,8.230
2018-06-12 19:00,0.455,7.715
2018-06-12 20:00,0.384,7.226
2018-06-12 21:00,0.375,7.161
2018-06-12 22:00,0.429,7.532
2018-06-12 23:00,0.423,7.494
2018-06-13 00:00,0.443,7.633
2018-06-13 01:00,0.604,8.753
2018-06-13 02:00,0.755,9.992
2018-06-13 03:00,0.840,10.952
2018-06-13 04:00,0.883,11.620
2018-06-13 05:00,0.923,12.457
2018-06-13 06:00,0.953,13.330
2018-06-13 07:00,0.971,14.143
2018-06-13 08:00,0.980,14.738
2018-06-13 09:00,0.983,15.013
2018-06-13 10:00,0.988,15.505
2018-06-13 11:00,0.989,15.718
2018-06-13 12:00,0.987,15.376
2018-06-13 13:00,0.979,14.646
2018-06-13 14:00,0.927,12.554
2018-06-13 15:00,0.788,10.326
2018-06-13 16:00,0.620,8.870
2018-06-13 17:00,0.410,7.399
2018-06-13 18:00,0.251,6.214
2018-06-13 19:00,0.127,4.991
2018-06-13 20:00,0.031,3.365
2018-06-13 21:00,0.032,3.395
2018-06-13 22:00,0.065,4.099
2018-06-13 23:00,0.194,5.705
2018-06-14 00:00,0.429,7.539
2018-06-14 01:00,0.623,8.890
2018-06-14 02:00,0.569,8.502
2018-06-14 03:00,0.411,7.413
2018-06-14 04:00,0.314,6.719
2018-06-14 05:00,0.286,6.509
2018-06-14 06:00,0.272,6.391
2018-06-14 07:00,0.268,6.358
2018-06-14 08:00,0.232,6.063
2018-06-14 09:00,0.159,5.357
2018-06-14 10:00,0.114,4.835
2018-06-14 11:00,0.073,4.239
2018-06-14 12:00,0.040,3.585
2018-06-14 13:00,0.015,2.802
2018-06-14 14:00,0.001,1.744
2018-06-14 15:00,0.003,2.075
2018-06-14 16:00,0.015,2.814
2018-06-14 17:00,0.030,3.334
2018-06-14 18:00,0.082,4.376
2018-06-14 19:00,0.148,5.236
2018-06-14 20:00,0.199,5.760
2018-06-14 21:00,0.258,6.280
2018-06-14 22:00,0.308,6.670
2018-06-14 23:00,0.259,6.289
2018-06-15 00:00,0.255,6.253
2018-06-15 01:00,0.206,5.831
2018-06-15 02:00,0.143,5.189
2018-06-15 03:00,0.145,5.209
2018-06-15 04:00,0.155,5.308
2018-06-15 05:00,0.169,5.463
2018-06-15 06:00,0.170,5.480
2018-06-15 07:00,0.155,5.314
2018-06-15 08:00,0.146,5.215
2018-06-15 09:00,0.138,5.129
2018-06-15 10:00,0.133,5.064
2018-06-15 11:00,0.103,4.689
2018-06-15 12:00,0.077,4.288
2018-06-15 13:00,0.096,4.590
2018-06-15 14:00,0.217,5.931
2018-06-15 15:00,0.342,6.930
2018-06-15 16:00,0.330,6.829
2018-06-15 17:00,0.254,6.245
2018-06-15 18:00,0.188,5.653
2018-06-15 19:00,0.135,5.096
2018-06-15 20:00,0.070,4.174
2018-06-15 21:00,0.040,3.589
2018-06-15 22:00,0.033,3.404
2018-06-15 23:00,0.023,3.121
2018-06-16 00:00,0.001,1.556
2018-06-16 01:00,0.073,4.241
2018-06-16 02:00,0.238,6.105
2018-06-16 03:00,0.387,7.242
2018-06-16 04:00,0.497,8.000
2018-06-16 05:00,0.573,8.525
2018-06-16 06:00,0.587,8.627
2018-06-16 07:00,0.564,8.469
2018-06-16 08:00,0.528,8.216
2018-06-16 09:00,0.525,8.193
2018-06-16 10:00,0.567,8.485
2018-06-16 11:00,0.617,8.846
2018-06-16 12:00,0.594,8.680
2018-06-16 13:00,0.535,8.256
2018-06-16 14:00,0.499,8.012
2018-06-16 15:00,0.413,7.418
2018-06-16 16:00,0.285,6.502
2018-06-16 17:00,0.146,5.220
2018-06-16 18:00,0.094,4.561
2018-06-16 19:00,0.082,4.367
2018-06-16 20:00,0.069,4.168
2018-06-16 21:00,0.086,4.433
2018-06-16 22:00,0.131,5.030
2018-06-16 23:00,0.148,5.243
2018-06-17 00:00,0.539,8.288
2018-06-17 01:00,0.831,10.825
2018-06-17 02:00,0.922,12.430
2018-06-17 03:00,0.945,13.076
2018-06-17 04:00,0.949,13.214
2018-06-17 05:00,0.953,13.361
2018-06-17 06:00,0.960,13.615
2018-06-17 07:00,0.966,13.924
2018-06-17 08:00,0.972,14.230
2018-06-17 09:00,0.972,14.199
2018-06-17 10:00,0.967,13.937
2018-06-17 11:00,0.954,13.384
2018-06-17 12:00,0.926,12.533
2018-06-17 13:00,0.897,11.876
2018-06-17 14:00,0.868,11.368
2018-06-17 15:00,0.817,10.667
2018-06-17 16:00,0.684,9.366
2018-06-17 17:00,0.539,8.283
2018-06-17 18:00,0.405,7.366
2018-06-17 19:00,0.337,6.887
2018-06-17 20:00,0.348,6.970
2018-06-17 21:00,0.370,7.127
2018-06-17 22:00,0.374,7.147
2018-06-17 23:00,0.254,6.235
2018-06-18 00:00,0.182,5.596
2018-06-18 01:00,0.294,6.569
2018-06-18 02:00,0.381,7.205
2018-06-18 03:00,0.473,7.832
2018-06-18 04:00,0.643,9.039
2018-06-18 05:00,0.816,10.645
2018-06-18 06:00,0.934,12.750
2018-06-18 07:00,0.982,14.916
2018-06-18 08:00,0.991,16.108
2018-06-18 09:00,0.991,15.978
2018-06-18 10:00,0.986,15.256
2018-06-18 11:00,0.970,14.084
2018-06-18 12:00,0.907,12.085
2018-06-18 13:00,0.814,10.622
2018-06-18 14:00,0.727,9.732
2018-06-18 15:00,0.621,8.879
2018-06-18 16:00,0.429,7.538
2018-06-18 17:00,0.146,5.223
2018-06-18 18:00,0.009,2.523
2018-06-18 19:00,0.013,2.708
2018-06-18 20:00,0.173,5.504
2018-06-18 21:00,0.417,7.457
2018-06-18 22:00,0.399,7.325
2018-06-18 23:00,0.213,5.893
2018-06-19 00:00,0.065,4.089
2018-06-19 01:00,0.005,2.221
2018-06-19 02:00,0,0
2018-06-19 03:00,0,0
2018-06-19 04:00,0,0
2018-06-19 05:00,0.003,2.009
2018-06-19 06:00,0.068,4.142
2018-06-19 07:00,0.134,5.073
2018-06-19 08:00,0.141,5.165
2018-06-19 09:00,0.119,4.899
2018-06-19 10:00,0.086,4.445
2018-06-19 11:00,0.065,4.096
2018-06-19 12:00,0.036,3.487
2018-06-19 13:00,0.011,2.656
2018-06-19 14:00,0.018,2.954
2018-06-19 15:00,0.077,4.287
2018-06-19 16:00,0.125,4.967
2018-06-19 17:00,0.120,4.913
2018-06-19 18:00,0.063,4.057
2018-06-19 19:00,0.023,3.119
2018-06-19 20:00,0.023,3.131
2018-06-19 21:00,0.047,3.748
2018-06-19 22:00,0.069,4.150
2018-06-19 23:00,0.036,3.488
2018-06-20 00:00,0,1.421
2018-06-20 01:00,0,0
2018-06-20 02:00,0,0
2018-06-20 03:00,0,0.104
2018-06-20 04:00,0.001,1.520
2018-06-20 05:00,0.022,3.100
2018-06-20 06:00,0.118,4.874
2018-06-20 07:00,0.165,5.427
2018-06-20 08:00,0.201,5.778
2018-06-20 09:00,0.186,5.635
2018-06-20 10:00,0.130,5.025
2018-06-20 11:00,0.066,4.114
2018-06-20 12:00,0.028,3.279
2018-06-20 13:00,0.004,2.184
2018-06-20 14:00,0.001,1.520
2018-06-20 15:00,0.001,1.683
2018-06-20 16:00,0.004,2.185
2018-06-20 17:00,0.009,2.528
2018-06-20 18:00,0.009,2.537
2018-06-20 19:00,0.008,2.486
2018-06-20 20:00,0.011,2.651
2018-06-20 21:00,0.022,3.087
2018-06-20 22:00,0.055,3.903
2018-06-20 23:00,0.053,3.869
2018-06-21 00:00,0.033,3.425
2018-06-21 01:00,0.042,3.629
2018-06-21 02:00,0.021,3.053
2018-06-21 03:00,0.008,2.450
2018-06-21 04:00,0.022,3.095
2018-06-21 05:00,0.047,3.748
2018-06-21 06:00,0.085,4.420
2018-06-21 07:00,0.100,4.632
2018-06-21 08:00,0.088,4.473
2018-06-21 09:00,0.094,4.560
2018-06-21 10:00,0.098,4.613
2018-06-21 11:00,0.102,4.658
2018-06-21 12:00,0.093,4.548
2018-06-21 13:00,0.065,4.093
2018-06-21 14:00,0.055,3.907
2018-06-21 15:00,0.098,4.610
2018-06-21 16:00,0.128,5.012
2018-06-21 17:00,0.087,4.459
2018-06-21 18:00,0.048,3.755
2018-06-21 19:00,0.049,3.782
2018-06-21 20:00,0.037,3.525
2018-06-21 21:00,0.009,2.516
2018-06-21 22:00,0,1.426
2018-06-21 23:00,0,1.261
2018-06-22 00:00,0.026,3.201
2018-06-22 01:00,0.064,4.082
2018-06-22 02:00,0.039,3.568
2018-06-22 03:00,0.006,2.294
2018-06-22 04:00,0,0.300
2018-06-22 05:00,0,0
2018-06-22 06:00,0,0.191
2018-06-22 07:00,0,1.296
2018-06-22 08:00,0.014,2.775
2018-06-22 09:00,0.054,3.871
2018-06-22 10:00,0.042,3.623
2018-06-22 11:00,0.027,3.232
2018-06-22 12:00,0.020,3.001
2018-06-22 13:00,0.007,2.388
2018-06-22 14:00,0.003,2.071
2018-06-22 15:00,0.006,2.320
2018-06-22 16:00,0.008,2.439
2018-06-22 17:00,0.008,2.464
2018-06-22 18:00,0.013,2.730
2018-06-22 19:00,0.024,3.152
2018-06-22 20:00,0.052,3.840
2018-06-22 21:00,0.086,4.444
2018-06-22 22:00,0.115,4.844
2018-06-22 23:00,0.112,4.801
2018-06-23 00:00,0.146,5.224
2018-06-23 01:00,0.248,6.190
2018-06-23 02:00,0.371,7.133
2018-06-23 03:00,0.456,7.720
2018-06-23 04:00,0.497,8.002
2018-06-23 05:00,0.492,7.970
2018-06-23 06:00,0.436,7.586
2018-06-23 07:00,0.366,7.094
2018-06-23 08:00,0.321,6.767
2018-06-23 09:00,0.285,6.493
2018-06-23 10:00,0.215,5.910
2018-06-23 11:00,0.119,4.892
2018-06-23 12:00,0.036,3.474
2018-06-23 13:00,0.006,2.284
2018-06-23 14:00,0.016,2.880
2018-06-23 15:00,0.070,4.175
2018-06-23 16:00,0.137,5.112
2018-06-23 17:00,0.181,5.592
2018-06-23 18:00,0.206,5.830
2018-06-23 19:00,0.196,5.731
2018-06-23 20:00,0.175,5.522
2018-06-23 21:00,0.168,5.449
2018-06-23 22:00,0.170,5.479
2018-06-23 23:00,0.134,5.066
2018-06-24 00:00,0.053,3.863
2018-06-24 01:00,0.014,2.793
2018-06-24 02:00,0.022,3.092
2018-06-24 03:00,0.037,3.520
2018-06-24 04:00,0.054,3.879
2018-06-24 05:00,0.066,4.115
2018-06-24 06:00,0.060,3.998
2018-06-24 07:00,0.048,3.760
2018-06-24 08:00,0.056,3.931
2018-06-24 09:00,0.096,4.583
2018-06-24 10:00,0.178,5.553
2018-06-24 11:00,0.268,6.361
2018-06-24 12:00,0.348,6.973
2018-06-24 13:00,0.421,7.483
2018-06-24 14:00,0.493,7.978
2018-06-24 15:00,0.541,8.299
2018-06-24 16:00,0.542,8.306
2018-06-24 17:00,0.460,7.748
2018-06-24 18:00,0.335,6.879
2018-06-24 19:00,0.261,6.304
2018-06-24 20:00,0.252,6.228
2018-06-24 21:00,0.251,6.214
2018-06-24 22:00,0.302,6.633
2018-06-24 23:00,0.257,6.277
2018-06-25 00:00,0.573,8.525
2018-06-25 01:00,0.770,10.143
2018-06-25 02:00,0.814,10.619
2018-06-25 03:00,0.846,11.037
2018-06-25 04:00,0.854,11.144
2018-06-25 05:00,0.844,11.004
2018-06-25 06:00,0.840,10.959
2018-06-25 07:00,0.850,11.091
2018-06-25 08:00,0.863,11.275
2018-06-25 09:00,0.874,11.453
2018-06-25 10:00,0.878,11.518
2018-06-25 11:00,0.869,11.375
2018-06-25 12:00,0.799,10.451
2018-06-25 13:00,0.705,9.545
2018-06-25 14:00,0.597,8.696
2018-06-25 15:00,0.520,8.161
2018-06-25 16:00,0.460,7.752
2018-06-25 17:00,0.466,7.785
2018-06-25 18:00,0.465,7.777
2018-06-25 19:00,0.432,7.557
2018-06-25 20:00,0.403,7.348
2018-06-25 21:00,0.394,7.296
2018-06-25 22:00,0.380,7.202
2018-06-25 23:00,0.270,6.379
2018-06-26 00:00,0.666,9.227
2018-06-26 01:00,0.879,11.532
2018-06-26 02:00,0.905,12.045
2018-06-26 03:00,0.892,11.761
2018-06-26 04:00,0.874,11.465
2018-06-26 05:00,0.843,10.998
2018-06-26 06:00,0.818,10.674
2018-06-26 07:00,0.843,10.985
2018-06-26 08:00,0.882,11.585
2018-06-26 09:00,0.905,12.023
2018-06-26 10:00,0.916,12.272
2018-06-26 11:00,0.912,12.169
2018-06-26 12:00,0.875,11.476
2018-06-26 13:00,0.844,11.002
2018-06-26 14:00,0.786,10.309
2018-06-26 15:00,0.721,9.669
2018-06-26 16:00,0.697,9.479
2018-06-26 17:00,0.600,8.712
2018-06-26 18:00,0.375,7.164
2018-06-26 19:00,0.130,5.029
2018-06-26 20:00,0.021,3.057
2018-06-26 21:00,0.019,2.996
2018-06-26 22:00,0.055,3.891
2018-06-26 23:00,0.072,4.213
2018-06-27 00:00,0,0
2018-06-27 01:00,0.064,4.076
2018-06-27 02:00,0.209,5.858
2018-06-27 03:00,0.338,6.888
2018-06-27 04:00,0.435,7.574
2018-06-27 05:00,0.519,8.148
2018-06-27 06:00,0.591,8.658
2018-06-27 07:00,0.682,9.350
2018-06-27 08:00,0.786,10.311
2018-06-27 09:00,0.847,11.047
2018-06-27 10:00,0.878,11.521
2018-06-27 11:00,0.889,11.726
2018-06-27 12:00,0.848,11.062
2018-06-27 13:00,0.817,10.649
2018-06-27 14:00,0.808,10.552
2018-06-27 15:00,0.781,10.260
2018-06-27 16:00,0.669,9.246
2018-06-27 17:00,0.499,8.016
2018-06-27 18:00,0.416,7.442
2018-06-27 19:00,0.390,7.262
2018-06-27 20:00,0.373,7.139
2018-06-27 21:00,0.335,6.871
2018-06-27 22:00,0.281,6.460
2018-06-27 23:00,0.179,5.556
2018-06-28 00:00,0.307,6.663
2018-06-28 01:00,0.561,8.436
2018-06-28 02:00,0.714,9.618
2018-06-28 03:00,0.754,9.983
2018-06-28 04:00,0.609,8.786
2018-06-28 05:00,0.279,6.440
2018-06-28 06:00,0.065,4.098
2018-06-28 07:00,0.027,3.232
2018-06-28 08:00,0.046,3.702
2018-06-28 09:00,0.097,4.603
2018-06-28 10:00,0.169,5.453
2018-06-28 11:00,0.254,6.247
2018-06-28 12:00,0.242,6.144
2018-06-28 13:00,0.144,5.193
2018-06-28 14:00,0.194,5.704
2018-06-28 15:00,0.304,6.647
2018-06-28 16:00,0.276,6.417
2018-06-28 17:00,0.172,5.502
2018-06-28 18:00,0.062,4.032
2018-06-28 19:00,0.006,2.342
2018-06-28 20:00,0.010,2.582
2018-06-28 21:00,0.088,4.473
2018-06-28 22:00,0.246,6.179
2018-06-28 23:00,0.223,5.972
2018-06-29 00:00,0.145,5.209
2018-06-29 01:00,0.133,5.060
2018-06-29 02:00,0.118,4.881
2018-06-29 03:00,0.071,4.191
2018-06-29 04:00,0.040,3.588
2018-06-29 05:00,0.013,2.721
2018-06-29 06:00,0.008,2.471
2018-06-29 07:00,0.004,2.120
2018-06-29 08:00,0.003,2.013
2018-06-29 09:00,0.003,2.048
2018-06-29 10:00,0.005,2.234
2018-06-29 11:00,0.008,2.461
2018-06-29 12:00,0.004,2.170
2018-06-29 13:00,0.001,1.759
2018-06-29 14:00,0.025,3.177
2018-06-29 15:00,0.157,5.341
2018-06-29 16:00,0.338,6.901
2018-06-29 17:00,0.423,7.499
2018-06-29 18:00,0.439,7.610
2018-06-29 19:00,0.439,7.599
2018-06-29 20:00,0.393,7.294
2018-06-29 21:00,0.260,6.299
2018-06-29 22:00,0.136,5.109
2018-06-29 23:00,0.039,3.558
2018-06-30 00:00,0.006,2.304
2018-06-30 01:00,0.017,2.910
2018-06-30 02:00,0.018,2.926
2018-06-30 03:00,0.017,2.908
2018-06-30 04:00,0.086,4.444
2018-06-30 05:00,0.128,5.006
2018-06-30 06:00,0.125,4.975
2018-06-30 07:00,0.115,4.842
2018-06-30 08:00,0.098,4.613
2018-06-30 09:00,0.066,4.109
2018-06-30 10:00,0.032,3.392
2018-06-30 11:00,0.012,2.672
2018-06-30 12:00,0.008,2.433
2018-06-30 13:00,0.010,2.603
2018-06-30 14:00,0.027,3.224
2018-06-30 15:00,0.067,4.116
2018-06-30 16:00,0.131,5.033
2018-06-30 17:00,0.165,5.420
2018-06-30 18:00,0.132,5.041
2018-06-30 19:00,0.030,3.322
2018-06-30 20:00,0.002,1.905
2018-06-30 21:00,0.003,2.069
2018-06-30 22:00,0.008,2.473
2018-06-30 23:00,0.029,3.304
2018-07-01 00:00,0.110,4.774
2018-07-01 01:00,0.272,6.395
2018-07-01 02:00,0.411,7.411
2018-07-01 03:00,0.457,7.730
2018-07-01 04:00,0.511,8.094
2018-07-01 05:00,0.569,8.495
2018-07-01 06:00,0.561,8.438
2018-07-01 07:00,0.518,8.143
2018-07-01 08:00,0.499,8.013
2018-07-01 09:00,0.460,7.747
2018-07-01 10:00,0.394,7.298
2018-07-01 11:00,0.323,6.789
2018-07-01 12:00,0.340,6.911
2018-07-01 13:00,0.577,8.555
2018-07-01 14:00,0.722,9.688
2018-07-01 15:00,0.748,9.932
2018-07-01 16:00,0.729,9.755
2018-07-01 17:00,0.712,9.607
2018-07-01 18:00,0.666,9.219
2018-07-01 19:00,0.619,8.864
2018-07-01 20:00,0.593,8.665
2018-07-01 21:00,0.589,8.642
2018-07-01 22:00,0.581,8.588
2018-07-01 23:00,0.425,7.505
2018-07-02 00:00,0.210,5.861
2018-07-02 01:00,0.112,4.799
2018-07-02 02:00,0.082,4.371
2018-07-02 03:00,0.056,3.921
2018-07-02 04:00,0.042,3.619
2018-07-02 05:00,0.043,3.648
2018-07-02 06:00,0.057,3.939
2018-07-02 07:00,0.078,4.312
2018-07-02 08:00,0.084,4.399
2018-07-02 09:00,0.073,4.236
2018-07-02 10:00,0.055,3.907
2018-07-02 11:00,0.032,3.373
2018-07-02 12:00,0.017,2.891
2018-07-02 13:00,0.003,2.061
2018-07-02 14:00,0.001,1.477
2018-07-02 15:00,0.002,1.862
2018-07-02 16:00,0.013,2.710
2018-07-02 17:00,0.034,3.437
2018-07-02 18:00,0.064,4.081
2018-07-02 19:00,0.093,4.543
2018-07-02 20:00,0.120,4.913
2018-07-02 21:00,0.127,5.001
2018-07-02 22:00,0.108,4.749
2018-07-02 23:00,0.045,3.701
2018-07-03 00:00,0.002,1.865
2018-07-03 01:00,0.001,1.672
2018-07-03 02:00,0.004,2.160
2018-07-03 03:00,0.004,2.167
2018-07-03 04:00,0.002,1.867
2018-07-03 05:00,0.001,1.504
2018-07-03 06:00,0,0.984
2018-07-03 07:00,0,0.812
2018-07-03 08:00,0.002,1.831
2018-07-03 09:00,0.004,2.109
2018-07-03 10:00,0.007,2.400
2018-07-03 11:00,0.025,3.190
2018-07-03 12:00,0.152,5.276
2018-07-03 13:00,0.377,7.176
2018-07-03 14:00,0.498,8.005
2018-07-03 15:00,0.546,8.335
2018-07-03 16:00,0.520,8.150
2018-07-03 17:00,0.387,7.248
2018-07-03 18:00,0.270,6.371
2018-07-03 19:00,0.264,6.327
2018-07-03 20:00,0.322,6.781
2018-07-03 21:00,0.370,7.122
2018-07-03 22:00,0.377,7.178
2018-07-03 23:00,0.317,6.735
2018-07-04 00:00,0.309,6.671
2018-07-04 01:00,0.254,6.244
2018-07-04 02:00,0.188,5.657
2018-07-04 03:00,0.136,5.099
2018-07-04 04:00,0.121,4.923
2018-07-04 05:00,0.124,4.963
2018-07-04 06:00,0.126,4.984
2018-07-04 07:00,0.103,4.692
2018-07-04 08:00,0.067,4.119
2018-07-04 09:00,0.027,3.240
2018-07-04 10:00,0.004,2.156
2018-07-04 11:00,0,1.304
2018-07-04 12:00,0.003,2.013
2018-07-04 13:00,0.043,3.660
2018-07-04 14:00,0.148,5.236
2018-07-04 15:00,0.273,6.401
2018-07-04 16:00,0.299,6.606
2018-07-04 17:00,0.253,6.229
2018-07-04 18:00,0.174,5.515
2018-07-04 19:00,0.084,4.394
2018-07-04 20:00,0.036,3.484
2018-07-04 21:00,0.027,3.221
2018-07-04 22:00,0.038,3.545
2018-07-04 23:00,0.037,3.508
2018-07-05 00:00,0.023,3.128
2018-07-05 01:00,0.016,2.853
2018-07-05 02:00,0.007,2.421
2018-07-05 03:00,0.004,2.149
2018-07-05 04:00,0.055,3.894
2018-07-05 05:00,0.131,5.034
2018-07-05 06:00,0.165,5.425
2018-07-05 07:00,0.180,5.573
2018-07-05 08:00,0.183,5.604
2018-07-05 09:00,0.149,5.252
2018-07-05 10:00,0.101,4.652
2018-07-05 11:00,0.058,3.955
2018-07-05 12:00,0.036,3.485
2018-07-05 13:00,0.018,2.941
2018-07-05 14:00,0.006,2.288
2018-07-05 15:00,0.010,2.597
2018-07-05 16:00,0.023,3.123
2018-07-05 17:00,0.034,3.434
2018-07-05 18:00,0.044,3.685
2018-07-05 19:00,0.061,4.015
2018-07-05 20:00,0.086,4.446
2018-07-05 21:00,0.137,5.121
2018-07-05 22:00,0.214,5.902
2018-07-05 23:00,0.199,5.767
2018-07-06 00:00,0.126,4.987
2018-07-06 01:00,0.085,4.427
2018-07-06 02:00,0.081,4.359
2018-07-06 03:00,0.085,4.408
2018-07-06 04:00,0.097,4.603
2018-07-06 05:00,0.111,4.786
2018-07-06 06:00,0.106,4.726
2018-07-06 07:00,0.099,4.627
2018-07-06 08:00,0.096,4.593
2018-07-06 09:00,0.086,4.440
2018-07-06 10:00,0.061,4.022
2018-07-06 11:00,0.029,3.292
2018-07-06 12:00,0.004,2.120
2018-07-06 13:00,0,0.804
2018-07-06 14:00,0.003,2.056
2018-07-06 15:00,0.035,3.465
2018-07-06 16:00,0.097,4.600
2018-07-06 17:00,0.204,5.800
2018-07-06 18:00,0.288,6.524
2018-07-06 19:00,0.340,6.913
2018-07-06 20:00,0.330,6.841
2018-07-06 21:00,0.268,6.357
2018-07-06 22:00,0.185,5.628
2018-07-06 23:00,0.086,4.441
2018-07-07 00:00,0.009,2.505
2018-07-07 01:00,0.025,3.174
2018-07-07 02:00,0.067,4.128
2018-07-07 03:00,0.104,4.704
2018-07-07 04:00,0.126,4.978
2018-07-07 05:00,0.139,5.141
2018-07-07 06:00,0.139,5.143
2018-07-07 07:00,0.122,4.938
2018-07-07 08:00,0.089,4.480
2018-07-07 09:00,0.046,3.722
2018-07-07 10:00,0.027,3.259
2018-07-07 11:00,0.043,3.643
2018-07-07 12:00,0.134,5.077
2018-07-07 13:00,0.267,6.346
2018-07-07 14:00,0.320,6.756
2018-07-07 15:00,0.268,6.357
2018-07-07 16:00,0.177,5.539
2018-07-07 17:00,0.096,4.591
2018-07-07 18:00,0.057,3.946
2018-07-07 19:00,0.048,3.765
2018-07-07 20:00,0.089,4.478
2018-07-07 21:00,0.147,5.234
2018-07-07 22:00,0.158,5.352
2018-07-07 23:00,0.105,4.709
2018-07-08 00:00,0,1.220
2018-07-08 01:00,0.002,1.897
2018-07-08 02:00,0,0.770
2018-07-08 03:00,0,0.871
2018-07-08 04:00,0.001,1.766
2018-07-08 05:00,0.019,2.991
2018-07-08 06:00,0.069,4.154
2018-07-08 07:00,0.134,5.072
2018-07-08 08:00,0.155,5.309
2018-07-08 09:00,0.134,5.078
2018-07-08 10:00,0.128,5.005
2018-07-08 11:00,0.158,5.354
2018-07-08 12:00,0.266,6.344
2018-07-08 13:00,0.356,7.031
2018-07-08 14:00,0.417,7.454
2018-07-08 15:00,0.420,7.476
2018-07-08 16:00,0.341,6.914
2018-07-08 17:00,0.218,5.940
2018-07-08 18:00,0.122,4.936
2018-07-08 19:00,0.094,4.561
2018-07-08 20:00,0.131,5.034
2018-07-08 21:00,0.189,5.666
2018-07-08 22:00,0.182,5.602
2018-07-08 23:00,0.135,5.088
2018-07-09 00:00,0.007,2.368
2018-07-09 01:00,0.002,1.925
2018-07-09 02:00,0,0
2018-07-09 03:00,0,0
2018-07-09 04:00,0,0
2018-07-09 05:00,0.001,1.696
2018-07-09 06:00,0.099,4.619
2018-07-09 07:00,0.186,5.642
2018-07-09 08:00,0.228,6.022
2018-07-09 09:00,0.216,5.924
2018-07-09 10:00,0.208,5.849
2018-07-09 11:00,0.275,6.414
2018-07-09 12:00,0.398,7.321
2018-07-09 13:00,0.629,8.935
2018-07-09 14:00,0.718,9.658
2018-07-09 15:00,0.702,9.521
2018-07-09 16:00,0.669,9.238
2018-07-09 17:00,0.705,9.540
2018-07-09 18:00,0.663,9.200
2018-07-09 19:00,0.597,8.697
2018-07-09 20:00,0.577,8.551
2018-07-09 21:00,0.574,8.537
2018-07-09 22:00,0.591,8.661
2018-07-09 23:00,0.774,10.182
2018-07-10 00:00,0.931,12.649
2018-07-10 01:00,0.901,11.953
2018-07-10 02:00,0.786,10.309
2018-07-10 03:00,0.601,8.731
2018-07-10 04:00,0.450,7.674
2018-07-10 05:00,0.380,7.198
2018-07-10 06:00,0.367,7.103
2018-07-10 07:00,0.385,7.231
2018-07-10 08:00,0.445,7.639
2018-07-10 09:00,0.479,7.880
2018-07-10 10:00,0.413,7.426
2018-07-10 11:00,0.259,6.286
2018-07-10 12:00,0.168,5.447
2018-07-10 13:00,0.182,5.600
2018-07-10 14:00,0.230,6.037
2018-07-10 15:00,0.397,7.318
2018-07-10 16:00,0.569,8.494
2018-07-10 17:00,0.699,9.488
2018-07-10 18:00,0.781,10.262
2018-07-10 19:00,0.805,10.519
2018-07-10 20:00,0.805,10.519
2018-07-10 21:00,0.791,10.359
2018-07-10 22:00,0.751,9.953
2018-07-10 23:00,0.600,8.725
2018-07-11 00:00,0.469,7.810
2018-07-11 01:00,0.506,8.065
2018-07-11 02:00,0.488,7.943
2018-07-11 03:00,0.430,7.545
2018-07-11 04:00,0.376,7.166
2018-07-11 05:00,0.339,6.906
2018-07-11 06:00,0.315,6.724
2018-07-11 07:00,0.293,6.559
2018-07-11 08:00,0.275,6.415
2018-07-11 09:00,0.243,6.155
2018-07-11 10:00,0.181,5.591
2018-07-11 11:00,0.095,4.575
2018-07-11 12:00,0.016,2.847
2018-07-11 13:00,0.004,2.100
2018-07-11 14:00,0.062,4.027
2018-07-11 15:00,0.235,6.080
2018-07-11 16:00,0.415,7.435
2018-07-11 17:00,0.520,8.160
2018-07-11 18:00,0.581,8.575
2018-07-11 19:00,0.648,9.080
2018-07-11 20:00,0.687,9.393
2018-07-11 21:00,0.672,9.260
2018-07-11 22:00,0.646,9.070
2018-07-11 23:00,0.572,8.522
2018-07-12 00:00,0.268,6.363
2018-07-12 01:00,0.107,4.735
2018-07-12 02:00,0.077,4.290
2018-07-12 03:00,0.065,4.086
2018-07-12 04:00,0.065,4.088
2018-07-12 05:00,0.048,3.758
2018-07-12 06:00,0.068,4.146
2018-07-12 07:00,0.102,4.676
2018-07-12 08:00,0.074,4.257
2018-07-12 09:00,0.015,2.810
2018-07-12 10:00,0.005,2.242
2018-07-12 11:00,0.026,3.208
2018-07-12 12:00,0.131,5.031
2018-07-12 13:00,0.218,5.936
2018-07-12 14:00,0.255,6.254
2018-07-12 15:00,0.338,6.900
2018-07-12 16:00,0.373,7.143
2018-07-12 17:00,0.285,6.497
2018-07-12 18:00,0.229,6.029
2018-07-12 19:00,0.212,5.879
2018-07-12 20:00,0.194,5.710
2018-07-12 21:00,0.160,5.369
2018-07-12 22:00,0.115,4.844
2018-07-12 23:00,0.068,4.146
2018-07-13 00:00,0.021,3.036
2018-07-13 01:00,0.054,3.870
2018-07-13 02:00,0.070,4.180
2018-07-13 03:00,0.067,4.124
2018-07-13 04:00,0.079,4.335
2018-07-13 05:00,0.206,5.824
2018-07-13 06:00,0.261,6.303
2018-07-13 07:00,0.239,6.124
2018-07-13 08:00,0.177,5.538
2018-07-13 09:00,0.120,4.909
2018-07-13 10:00,0.097,4.595
2018-07-13 11:00,0.109,4.765
2018-07-13 12:00,0.148,5.242
2018-07-13 13:00,0.164,5.412
2018-07-13 14:00,0.168,5.447
2018-07-13 15:00,0.159,5.358
2018-07-13 16:00,0.093,4.544
2018-07-13 17:00,0.103,4.682
2018-07-13 18:00,0.498,8.007
2018-07-13 19:00,0.729,9.748
2018-07-13 20:00,0.729,9.745
2018-07-13 21:00,0.661,9.182
2018-07-13 22:00,0.517,8.140
2018-07-13 23:00,0.449,7.663
2018-07-14 00:00,0.414,7.433
2018-07-14 01:00,0.387,7.244
2018-07-14 02:00,0.362,7.068
2018-07-14 03:00,0.273,6.400
2018-07-14 04:00,0.178,5.547
2018-07-14 05:00,0.124,4.956
2018-07-14 06:00,0.099,4.624
2018-07-14 07:00,0.065,4.096
2018-07-14 08:00,0.049,3.794
2018-07-14 09:00,0.053,3.859
2018-07-14 10:00,0.060,4.010
2018-07-14 11:00,0.032,3.384
2018-07-14 12:00,0.001,1.685
2018-07-14 13:00,0,0.721
2018-07-14 14:00,0.005,2.251
2018-07-14 15:00,0.046,3.728
2018-07-14 16:00,0.125,4.976
2018-07-14 17:00,0.256,6.257
2018-07-14 18:00,0.422,7.486
2018-07-14 19:00,0.604,8.751
2018-07-14 20:00,0.658,9.159
2018-07-14 21:00,0.612,8.809
2018-07-14 22:00,0.625,8.907
2018-07-14 23:00,0.504,8.046
2018-07-15 00:00,0.062,4.041
2018-07-15 01:00,0.001,1.494
2018-07-15 02:00,0.001,1.618
2018-07-15 03:00,0,0.724
2018-07-15 04:00,0,0.582
2018-07-15 05:00,0,0.618
2018-07-15 06:00,0,0.851
2018-07-15 07:00,0,1.299
2018-07-15 08:00,0.001,1.750
2018-07-15 09:00,0.004,2.088
2018-07-15 10:00,0.008,2.433
2018-07-15 11:00,0.004,2.188
2018-07-15 12:00,0.018,2.952
2018-07-15 13:00,0.063,4.057
2018-07-15 14:00,0.157,5.338
2018-07-15 15:00,0.285,6.497
2018-07-15 16:00,0.355,7.012
2018-07-15 17:00,0.366,7.095
2018-07-15 18:00,0.394,7.297
2018-07-15 19:00,0.431,7.552
2018-07-15 20:00,0.451,7.686
2018-07-15 21:00,0.490,7.955
2018-07-15 22:00,0.549,8.362
2018-07-15 23:00,0.547,8.342
2018-07-16 00:00,0.333,6.850
2018-07-16 01:00,0.281,6.462
2018-07-16 02:00,0.303,6.635
2018-07-16 03:00,0.365,7.091
2018-07-16 04:00,0.418,7.464
2018-07-16 05:00,0.414,7.433
2018-07-16 06:00,0.377,7.175
2018-07-16 07:00,0.333,6.857
2018-07-16 08:00,0.288,6.522
2018-07-16 09:00,0.204,5.801
2018-07-16 10:00,0.100,4.635
2018-07-16 11:00,0.028,3.266
2018-07-16 12:00,0.001,1.722
2018-07-16 13:00,0,0.275
2018-07-16 14:00,0.006,2.333
2018-07-16 15:00,0.052,3.844
2018-07-16 16:00,0.110,4.774
2018-07-16 17:00,0.155,5.314
2018-07-16 18:00,0.189,5.670
2018-07-16 19:00,0.205,5.820
2018-07-16 20:00,0.209,5.859
2018-07-16 21:00,0.199,5.759
2018-07-16 22:00,0.156,5.317
2018-07-16 23:00,0.098,4.610
2018-07-17 00:00,0.004,2.181
2018-07-17 01:00,0,0
2018-07-17 02:00,0,0
2018-07-17 03:00,0,0
2018-07-17 04:00,0.001,1.545
2018-07-17 05:00,0.024,3.149
2018-07-17 06:00,0.052,3.845
2018-07-17 07:00,0.041,3.603
2018-07-17 08:00,0.020,3.009
2018-07-17 09:00,0.002,1.895
2018-07-17 10:00,0.001,1.772
2018-07-17 11:00,0.020,3.005
2018-07-17 12:00,0.064,4.075
2018-07-17 13:00,0.068,4.137
2018-07-17 14:00,0.067,4.128
2018-07-17 15:00,0.100,4.633
2018-07-17 16:00,0.131,5.039
2018-07-17 17:00,0.148,5.245
2018-07-17 18:00,0.110,4.778
2018-07-17 19:00,0.038,3.536
2018-07-17 20:00,0.021,3.047
2018-07-17 21:00,0.034,3.441
2018-07-17 22:00,0.077,4.300
2018-07-17 23:00,0.079,4.336
2018-07-18 00:00,0.054,3.873
2018-07-18 01:00,0.087,4.461
2018-07-18 02:00,0.162,5.397
2018-07-18 03:00,0.202,5.786
2018-07-18 04:00,0.171,5.484
2018-07-18 05:00,0.082,4.367
2018-07-18 06:00,0.034,3.443
2018-07-18 07:00,0.033,3.402
2018-07-18 08:00,0.077,4.300
2018-07-18 09:00,0.095,4.571
2018-07-18 10:00,0.116,4.852
2018-07-18 11:00,0.126,4.982
2018-07-18 12:00,0.156,5.314
2018-07-18 13:00,0.170,5.473
2018-07-18 14:00,0.199,5.759
2018-07-18 15:00,0.229,6.030
2018-07-18 16:00,0.229,6.032
2018-07-18 17:00,0.194,5.719
2018-07-18 18:00,0.136,5.104
2018-07-18 19:00,0.088,4.470
2018-07-18 20:00,0.095,4.570
2018-07-18 21:00,0.184,5.615
2018-07-18 22:00,0.381,7.204
2018-07-18 23:00,0.368,7.111
2018-07-19 00:00,0.330,6.836
2018-07-19 01:00,0.222,5.967
2018-07-19 02:00,0.232,6.056
2018-07-19 03:00,0.429,7.529
2018-07-19 04:00,0.606,8.768
2018-07-19 05:00,0.726,9.729
2018-07-19 06:00,0.804,10.508
2018-07-19 07:00,0.818,10.675
2018-07-19 08:00,0.776,10.191
2018-07-19 09:00,0.654,9.131
2018-07-19 10:00,0.469,7.813
2018-07-19 11:00,0.260,6.297
2018-07-19 12:00,0.106,4.727
2018-07-19 13:00,0.029,3.312
2018-07-19 14:00,0.012,2.674
2018-07-19 15:00,0.018,2.931
2018-07-19 16:00,0.025,3.184
2018-07-19 17:00,0.019,2.999
2018-07-19 18:00,0.012,2.697
2018-07-19 19:00,0.011,2.645
2018-07-19 20:00,0.013,2.742
2018-07-19 21:00,0.009,2.514
2018-07-19 22:00,0.013,2.754
2018-07-19 23:00,0.013,2.732
2018-07-20 00:00,0.001,1.634
2018-07-20 01:00,0.005,2.270
2018-07-20 02:00,0.056,3.919
2018-07-20 03:00,0.159,5.364
2018-07-20 04:00,0.287,6.517
2018-07-20 05:00,0.393,7.283
2018-07-20 06:00,0.456,7.727
2018-07-20 07:00,0.480,7.887
2018-07-20 08:00,0.479,7.877
2018-07-20 09:00,0.403,7.362
2018-07-20 10:00,0.285,6.491
2018-07-20 11:00,0.185,5.627
2018-07-20 12:00,0.125,4.973
2018-07-20 13:00,0.077,4.298
2018-07-20 14:00,0.068,4.146
2018-07-20 15:00,0.119,4.901
2018-07-20 16:00,0.194,5.702
2018-07-20 17:00,0.230,6.037
2018-07-20 18:00,0.210,5.869
2018-07-20 19:00,0.141,5.157
2018-07-20 20:00,0.072,4.218
2018-07-20 21:00,0.038,3.536
2018-07-20 22:00,0.044,3.670
2018-07-20 23:00,0.043,3.650
2018-07-21 00:00,0.043,3.659
2018-07-21 01:00,0.039,3.553
2018-07-21 02:00,0,1.162
2018-07-21 03:00,0,0
2018-07-21 04:00,0,0
2018-07-21 05:00,0,0.547
2018-07-21 06:00,0.002,1.934
2018-07-21 07:00,0.055,3.905
2018-07-21 08:00,0.162,5.390
2018-07-21 09:00,0.132,5.048
2018-07-21 10:00,0.088,4.465
2018-07-21 11:00,0.085,4.422
2018-07-21 12:00,0.125,4.965
2018-07-21 13:00,0.185,5.625
2018-07-21 14:00,0.298,6.596
2018-07-21 15:00,0.380,7.191
2018-07-21 16:00,0.345,6.944
2018-07-21 17:00,0.216,5.919
2018-07-21 18:00,0.090,4.503
2018-07-21 19:00,0.027,3.243
2018-07-21 20:00,0.011,2.646
2018-07-21 21:00,0.018,2.939
2018-07-21 22:00,0.043,3.663
2018-07-21 23:00,0.078,4.314
2018-07-22 00:00,0.002,1.879
2018-07-22 01:00,0,0
2018-07-22 02:00,0,0
2018-07-22 03:00,0,0
2018-07-22 04:00,0,0.938
2018-07-22 05:00,0.014,2.759
2018-07-22 06:00,0.095,4.571
2018-07-22 07:00,0.127,5.000
2018-07-22 08:00,0.135,5.088
2018-07-22 09:00,0.128,5.010
2018-07-22 10:00,0.116,4.860
2018-07-22 11:00,0.093,4.545
2018-07-22 12:00,0.050,3.799
2018-07-22 13:00,0.023,3.130
2018-07-22 14:00,0.056,3.934
2018-07-22 15:00,0.215,5.914
2018-07-22 16:00,0.492,7.970
2018-07-22 17:00,0.706,9.550
2018-07-22 18:00,0.829,10.811
2018-07-22 19:00,0.886,11.657
2018-07-22 20:00,0.901,11.955
2018-07-22 21:00,0.893,11.790
2018-07-22 22:00,0.864,11.298
2018-07-22 23:00,0.700,9.489
2018-07-23 00:00,0.338,6.896
2018-07-23 01:00,0.145,5.211
2018-07-23 02:00,0.102,4.678
2018-07-23 03:00,0.096,4.590
2018-07-23 04:00,0.087,4.461
2018-07-23 05:00,0.075,4.272
2018-07-23 06:00,0.132,5.050
2018-07-23 07:00,0.179,5.561
2018-07-23 08:00,0.179,5.559
2018-07-23 09:00,0.145,5.210
2018-07-23 10:00,0.101,4.648
2018-07-23 11:00,0.062,4.044
2018-07-23 12:00,0.043,3.665
2018-07-23 13:00,0.017,2.892
2018-07-23 14:00,0.007,2.379
2018-07-23 15:00,0.023,3.132
2018-07-23 16:00,0.138,5.126
2018-07-23 17:00,0.342,6.924
2018-07-23 18:00,0.476,7.853
2018-07-23 19:00,0.546,8.328
2018-07-23 20:00,0.712,9.606
2018-07-23 21:00,0.806,10.537
2018-07-23 22:00,0.784,10.293
2018-07-23 23:00,0.594,8.677
2018-07-24 00:00,0.043,3.654
2018-07-24 01:00,0.026,3.210
2018-07-24 02:00,0.087,4.460
2018-07-24 03:00,0.156,5.315
2018-07-24 04:00,0.227,6.016
2018-07-24 05:00,0.319,6.745
2018-07-24 06:00,0.439,7.602
2018-07-24 07:00,0.572,8.518
2018-07-24 08:00,0.690,9.412
2018-07-24 09:00,0.762,10.062
2018-07-24 10:00,0.802,10.483
2018-07-24 11:00,0.843,10.985
2018-07-24 12:00,0.861,11.240
2018-07-24 13:00,0.815,10.636
2018-07-24 14:00,0.759,10.034
2018-07-24 15:00,0.674,9.290
2018-07-24 16:00,0.549,8.360
2018-07-24 17:00,0.451,7.688
2018-07-24 18:00,0.388,7.251
2018-07-24 19:00,0.339,6.908
2018-07-24 20:00,0.281,6.469
2018-07-24 21:00,0.254,6.248
2018-07-24 22:00,0.270,6.373
2018-07-24 23:00,0.245,6.167
2018-07-25 00:00,0.110,4.777
2018-07-25 01:00,0.091,4.509
2018-07-25 02:00,0.102,4.657
2018-07-25 03:00,0.119,4.895
2018-07-25 04:00,0.104,4.703
2018-07-25 05:00,0.144,5.191
2018-07-25 06:00,0.244,6.160
2018-07-25 07:00,0.279,6.439
2018-07-25 08:00,0.223,5.974
2018-07-25 09:00,0.143,5.180
2018-07-25 10:00,0.116,4.852
2018-07-25 11:00,0.135,5.097
2018-07-25 12:00,0.142,5.174
2018-07-25 13:00,0.150,5.261
2018-07-25 14:00,0.309,6.678
2018-07-25 15:00,0.577,8.549
2018-07-25 16:00,0.731,9.770
2018-07-25 17:00,0.793,10.388
2018-07-25 18:00,0.729,9.741
2018-07-25 19:00,0.438,7.595
2018-07-25 20:00,0.068,4.134
2018-07-25 21:00,0,0.570
2018-07-25 22:00,0.036,3.470
2018-07-25 23:00,0.068,4.131
2018-07-26 00:00,0.101,4.645
2018-07-26 01:00,0.215,5.915
2018-07-26 02:00,0.473,7.835
2018-07-26 03:00,0.667,9.228
2018-07-26 04:00,0.805,10.516
2018-07-26 05:00,0.910,12.140
2018-07-26 06:00,0.942,12.978
2018-07-26 07:00,0.942,12.964
2018-07-26 08:00,0.944,13.033
2018-07-26 09:00,0.955,13.444
2018-07-26 10:00,0.958,13.535
2018-07-26 11:00,0.952,13.308
2018-07-26 12:00,0.931,12.651
2018-07-26 13:00,0.912,12.177
2018-07-26 14:00,0.855,11.149
2018-07-26 15:00,0.743,9.882
2018-07-26 16:00,0.616,8.836
2018-07-26 17:00,0.420,7.476
2018-07-26 18:00,0.240,6.127
2018-07-26 19:00,0.133,5.064
2018-07-26 20:00,0.076,4.278
2018-07-26 21:00,0.059,3.981
2018-07-26 22:00,0.074,4.246
2018-07-26 23:00,0.132,5.051
2018-07-27 00:00,0.288,6.522
2018-07-27 01:00,0.465,7.779
2018-07-27 02:00,0.556,8.403
2018-07-27 03:00,0.662,9.184
2018-07-27 04:00,0.721,9.677
2018-07-27 05:00,0.669,9.240
2018-07-27 06:00,0.625,8.900
2018-07-27 07:00,0.508,8.075
2018-07-27 08:00,0.356,7.026
2018-07-27 09:00,0.241,6.139
2018-07-27 10:00,0.189,5.665
2018-07-27 11:00,0.132,5.050
2018-07-27 12:00,0.060,4.006
2018-07-27 13:00,0.018,2.944
2018-07-27 14:00,0.004,2.183
2018-07-27 15:00,0.003,2.042
2018-07-27 16:00,0.020,3.020
2018-07-27 17:00,0.081,4.365
2018-07-27 18:00,0.136,5.108
2018-07-27 19:00,0.180,5.568
2018-07-27 20:00,0.259,6.287
2018-07-27 21:00,0.261,6.302
2018-07-27 22:00,0.214,5.905
2018-07-27 23:00,0.310,6.684
2018-07-28 00:00,0.318,6.738
2018-07-28 01:00,0.251,6.222
2018-07-28 02:00,0.285,6.501
2018-07-28 03:00,0.299,6.600
2018-07-28 04:00,0.311,6.698
2018-07-28 05:00,0.270,6.382
2018-07-28 06:00,0.194,5.702
2018-07-28 07:00,0.130,5.024
2018-07-28 08:00,0.084,4.393
2018-07-28 09:00,0.056,3.919
2018-07-28 10:00,0.053,3.867
2018-07-28 11:00,0.071,4.194
2018-07-28 12:00,0.131,5.039
2018-07-28 13:00,0.224,5.991
2018-07-28 14:00,0.309,6.679
2018-07-28 15:00,0.318,6.743
2018-07-28 16:00,0.266,6.343
2018-07-28 17:00,0.219,5.946
2018-07-28 18:00,0.181,5.576
2018-07-28 19:00,0.147,5.228
2018-07-28 20:00,0.136,5.101
2018-07-28 21:00,0.197,5.742
2018-07-28 22:00,0.309,6.679
2018-07-28 23:00,0.268,6.360
2018-07-29 00:00,0.539,8.290
2018-07-29 01:00,0.721,9.671
2018-07-29 02:00,0.802,10.486
2018-07-29 03:00,0.850,11.078
2018-07-29 04:00,0.877,11.506
2018-07-29 05:00,0.900,11.934
2018-07-29 06:00,0.913,12.204
2018-07-29 07:00,0.914,12.233
2018-07-29 08:00,0.915,12.246
2018-07-29 09:00,0.908,12.109
2018-07-29 10:00,0.883,11.601
2018-07-29 11:00,0.839,10.938
2018-07-29 12:00,0.684,9.367
2018-07-29 13:00,0.473,7.839
2018-07-29 14:00,0.331,6.842
2018-07-29 15:00,0.295,6.574
2018-07-29 16:00,0.299,6.601
2018-07-29 17:00,0.270,6.377
2018-07-29 18:00,0.225,5.998
2018-07-29 19:00,0.182,5.597
2018-07-29 20:00,0.153,5.290
2018-07-29 21:00,0.150,5.261
2018-07-29 22:00,0.150,5.259
2018-07-29 23:00,0.188,5.659
2018-07-30 00:00,0.565,8.471
2018-07-30 01:00,0.792,10.369
2018-07-30 02:00,0.862,11.262
2018-07-30 03:00,0.886,11.667
2018-07-30 04:00,0.905,12.042
2018-07-30 05:00,0.925,12.485
2018-07-30 06:00,0.939,12.888
2018-07-30 07:00,0.954,13.383
2018-07-30 08:00,0.968,14.002
2018-07-30 09:00,0.974,14.369
2018-07-30 10:00,0.976,14.443
2018-07-30 11:00,0.969,14.057
2018-07-30 12:00,0.942,12.979
2018-07-30 13:00,0.908,12.092
2018-07-30 14:00,0.846,11.041
2018-07-30 15:00,0.758,10.026
2018-07-30 16:00,0.606,8.769
2018-07-30 17:00,0.418,7.461
2018-07-30 18:00,0.311,6.698
2018-07-30 19:00,0.261,6.307
2018-07-30 20:00,0.185,5.624
2018-07-30 21:00,0.061,4.016
2018-07-30 22:00,0.014,2.771
2018-07-30 23:00,0.023,3.121
2018-07-31 00:00,0.035,3.464
2018-07-31 01:00,0.079,4.334
2018-07-31 02:00,0.142,5.175
2018-07-31 03:00,0.201,5.776
2018-07-31 04:00,0.268,6.363
2018-07-31 05:00,0.314,6.717
2018-07-31 06:00,0.333,6.862
2018-07-31 07:00,0.316,6.728
2018-07-31 08:00,0.232,6.063
2018-07-31 09:00,0.188,5.652
2018-07-31 10:00,0.181,5.585
2018-07-31 11:00,0.204,5.801
2018-07-31 12:00,0.281,6.465
2018-07-31 13:00,0.416,7.453
2018-07-31 14:00,0.529,8.224
2018-07-31 15:00,0.550,8.367
2018-07-31 16:00,0.506,8.064
2018-07-31 17:00,0.480,7.884
2018-07-31 18:00,0.499,8.009
2018-07-31 19:00,0.486,7.920
2018-07-31 20:00,0.490,7.957
2018-07-31 21:00,0.485,7.914
2018-07-31 22:00,0.467,7.800
2018-07-31 23:00,0.586,8.620
2018-08-01 00:00,0.582,8.597
2018-08-01 01:00,0.429,7.542
2018-08-01 02:00,0.286,6.505
2018-08-01 03:00,0.233,6.070
2018-08-01 04:00,0.237,6.097
2018-08-01 05:00,0.260,6.300
2018-08-01 06:00,0.289,6.530
2018-08-01 07:00,0.292,6.555
2018-08-01 08:00,0.281,6.466
2018-08-01 09:00,0.251,6.212
2018-08-01 10:00,0.229,6.030
2018-08-01 11:00,0.216,5.920
2018-08-01 12:00,0.205,5.821
2018-08-01 13:00,0.168,5.449
2018-08-01 14:00,0.111,4.789
2018-08-01 15:00,0.105,4.716
2018-08-01 16:00,0.152,5.280
2018-08-01 17:00,0.206,5.829
2018-08-01 18:00,0.283,6.478
2018-08-01 19:00,0.345,6.943
2018-08-01 20:00,0.406,7.377
2018-08-01 21:00,0.393,7.288
2018-08-01 22:00,0.348,6.966
2018-08-01 23:00,0.333,6.855
2018-08-02 00:00,0.287,6.515
2018-08-02 01:00,0.201,5.776
2018-08-02 02:00,0.157,5.337
2018-08-02 03:00,0.155,5.307
2018-08-02 04:00,0.176,5.530
2018-08-02 05:00,0.192,5.693
2018-08-02 06:00,0.202,5.779
2018-08-02 07:00,0.211,5.874
2018-08-02 08:00,0.221,5.955
2018-08-02 09:00,0.203,5.793
2018-08-02 10:00,0.145,5.203
2018-08-02 11:00,0.085,4.418
2018-08-02 12:00,0.072,4.209
2018-08-02 13:00,0.074,4.248
2018-08-02 14:00,0.080,4.349
2018-08-02 15:00,0.081,4.358
2018-08-02 16:00,0.079,4.330
2018-08-02 17:00,0.084,4.407
2018-08-02 18:00,0.112,4.795
2018-08-02 19:00,0.146,5.220
2018-08-02 20:00,0.167,5.443
2018-08-02 21:00,0.133,5.064
2018-08-02 22:00,0.093,4.539
2018-08-02 23:00,0.048,3.773
2018-08-03 00:00,0,0.015
2018-08-03 01:00,0,0.439
2018-08-03 02:00,0.001,1.585
2018-08-03 03:00,0.016,2.847
2018-08-03 04:00,0.054,3.884
2018-08-03 05:00,0.157,5.339
2018-08-03 06:00,0.216,5.924
2018-08-03 07:00,0.281,6.467
2018-08-03 08:00,0.351,6.987
2018-08-03 09:00,0.397,7.320
2018-08-03 10:00,0.421,7.481
2018-08-03 11:00,0.433,7.566
2018-08-03 12:00,0.436,7.584
2018-08-03 13:00,0.474,7.843
2018-08-03 14:00,0.442,7.625
2018-08-03 15:00,0.387,7.247
2018-08-03 16:00,0.285,6.491
2018-08-03 17:00,0.178,5.547
2018-08-03 18:00,0.164,5.415
2018-08-03 19:00,0.114,4.832
2018-08-03 20:00,0.051,3.834
2018-08-03 21:00,0.042,3.627
2018-08-03 22:00,0.043,3.658
2018-08-03 23:00,0.015,2.824
2018-08-04 00:00,0.062,4.035
2018-08-04 01:00,0.216,5.916
2018-08-04 02:00,0.322,6.781
2018-08-04 03:00,0.286,6.504
2018-08-04 04:00,0.198,5.750
2018-08-04 05:00,0.147,5.231
2018-08-04 06:00,0.179,5.558
2018-08-04 07:00,0.297,6.592
2018-08-04 08:00,0.468,7.807
2018-08-04 09:00,0.598,8.703
2018-08-04 10:00,0.581,8.579
2018-08-04 11:00,0.390,7.264
2018-08-04 12:00,0.166,5.432
2018-08-04 13:00,0.051,3.819
2018-08-04 14:00,0.012,2.678
2018-08-04 15:00,0.001,1.663
2018-08-04 16:00,0,0.138
2018-08-04 17:00,0,1.089
2018-08-04 18:00,0,1.094
2018-08-04 19:00,0,0.504
2018-08-04 20:00,0,1.038
2018-08-04 21:00,0.002,1.888
2018-08-04 22:00,0.011,2.642
2018-08-04 23:00,0.012,2.673
2018-08-05 00:00,0.005,2.218
2018-08-05 01:00,0.011,2.629
2018-08-05 02:00,0.009,2.539
2018-08-05 03:00,0.013,2.755
2018-08-05 04:00,0.043,3.653
2018-08-05 05:00,0.111,4.790
2018-08-05 06:00,0.119,4.901
2018-08-05 07:00,0.120,4.912
2018-08-05 08:00,0.123,4.944
2018-08-05 09:00,0.113,4.814
2018-08-05 10:00,0.106,4.732
2018-08-05 11:00,0.117,4.869
2018-08-05 12:00,0.167,5.445
2018-08-05 13:00,0.239,6.122
2018-08-05 14:00,0.297,6.585
2018-08-05 15:00,0.292,6.549
2018-08-05 16:00,0.182,5.594
2018-08-05 17:00,0.047,3.737
2018-08-05 18:00,0.001,1.621
2018-08-05 19:00,0,1.262
2018-08-05 20:00,0.004,2.080
2018-08-05 21:00,0.021,3.039
2018-08-05 22:00,0.076,4.274
2018-08-05 23:00,0.127,4.992
2018-08-06 00:00,0.067,4.123
2018-08-06 01:00,0.055,3.897
2018-08-06 02:00,0.148,5.239
2018-08-06 03:00,0.161,5.377
2018-08-06 04:00,0.137,5.120
2018-08-06 05:00,0.126,4.981
2018-08-06 06:00,0.134,5.067
2018-08-06 07:00,0.135,5.091
2018-08-06 08:00,0.121,4.925
2018-08-06 09:00,0.095,4.571
2018-08-06 10:00,0.078,4.316
2018-08-06 11:00,0.086,4.439
2018-08-06 12:00,0.107,4.736
2018-08-06 13:00,0.107,4.742
2018-08-06 14:00,0.103,4.685
2018-08-06 15:00,0.093,4.538
2018-08-06 16:00,0.044,3.688
2018-08-06 17:00,0.009,2.500
2018-08-06 18:00,0.001,1.681
2018-08-06 19:00,0.003,2.024
2018-08-06 20:00,0.028,3.286
2018-08-06 21:00,0.102,4.673
2018-08-06 22:00,0.183,5.605
2018-08-06 23:00,0.198,5.757
2018-08-07 00:00,0.122,4.930
2018-08-07 01:00,0.122,4.931
2018-08-07 02:00,0.171,5.482
2018-08-07 03:00,0.228,6.022
2018-08-07 04:00,0.279,6.439
2018-08-07 05:00,0.338,6.890
2018-08-07 06:00,0.412,7.415
2018-08-07 07:00,0.489,7.948
2018-08-07 08:00,0.556,8.402
2018-08-07 09:00,0.569,8.492
2018-08-07 10:00,0.533,8.239
2018-08-07 11:00,0.470,7.817
2018-08-07 12:00,0.426,7.510
2018-08-07 13:00,0.394,7.296
2018-08-07 14:00,0.365,7.082
2018-08-07 15:00,0.281,6.464
2018-08-07 16:00,0.145,5.200
2018-08-07 17:00,0.060,3.994
2018-08-07 18:00,0.033,3.411
2018-08-07 19:00,0.034,3.442
2018-08-07 20:00,0.051,3.824
2018-08-07 21:00,0.073,4.239
2018-08-07 22:00,0.082,4.369
2018-08-07 23:00,0.073,4.235
2018-08-08 00:00,0.105,4.714
2018-08-08 01:00,0.247,6.187
2018-08-08 02:00,0.257,6.273
2018-08-08 03:00,0.265,6.340
2018-08-08 04:00,0.296,6.577
2018-08-08 05:00,0.345,6.945
2018-08-08 06:00,0.418,7.460
2018-08-08 07:00,0.490,7.952
2018-08-08 08:00,0.533,8.249
2018-08-08 09:00,0.539,8.291
2018-08-08 10:00,0.518,8.142
2018-08-08 11:00,0.474,7.844
2018-08-08 12:00,0.475,7.846
2018-08-08 13:00,0.476,7.859
2018-08-08 14:00,0.479,7.877
2018-08-08 15:00,0.476,7.851
2018-08-08 16:00,0.418,7.466
2018-08-08 17:00,0.342,6.921
2018-08-08 18:00,0.279,6.442
2018-08-08 19:00,0.236,6.094
2018-08-08 20:00,0.210,5.864
2018-08-08 21:00,0.219,5.943
2018-08-08 22:00,0.248,6.192
2018-08-08 23:00,0.224,5.978
2018-08-09 00:00,0.186,5.642
2018-08-09 01:00,0.240,6.131
2018-08-09 02:00,0.207,5.836
2018-08-09 03:00,0.186,5.636
2018-08-09 04:00,0.188,5.662
2018-08-09 05:00,0.205,5.818
2018-08-09 06:00,0.222,5.962
2018-08-09 07:00,0.241,6.140
2018-08-09 08:00,0.257,6.274
2018-08-09 09:00,0.265,6.332
2018-08-09 10:00,0.268,6.363
2018-08-09 11:00,0.315,6.722
2018-08-09 12:00,0.448,7.658
2018-08-09 13:00,0.542,8.312
2018-08-09 14:00,0.569,8.489
2018-08-09 15:00,0.534,8.254
2018-08-09 16:00,0.436,7.590
2018-08-09 17:00,0.293,6.557
2018-08-09 18:00,0.157,5.340
2018-08-09 19:00,0.075,4.263
2018-08-09 20:00,0.043,3.644
2018-08-09 21:00,0.036,3.478
2018-08-09 22:00,0.042,3.620
2018-08-09 23:00,0.051,3.823
2018-08-10 00:00,0.047,3.747
2018-08-10 01:00,0.099,4.620
2018-08-10 02:00,0.123,4.952
2018-08-10 03:00,0.128,5.009
2018-08-10 04:00,0.074,4.244
2018-08-10 05:00,0.049,3.783
2018-08-10 06:00,0.146,5.220
2018-08-10 07:00,0.238,6.111
2018-08-10 08:00,0.373,7.141
2018-08-10 09:00,0.432,7.558
2018-08-10 10:00,0.380,7.200
2018-08-10 11:00,0.301,6.618
2018-08-10 12:00,0.314,6.721
2018-08-10 13:00,0.367,7.101
2018-08-10 14:00,0.325,6.801
2018-08-10 15:00,0.254,6.243
2018-08-10 16:00,0.173,5.508
2018-08-10 17:00,0.135,5.090
2018-08-10 18:00,0.115,4.847
2018-08-10 19:00,0.099,4.627
2018-08-10 20:00,0.080,4.352
2018-08-10 21:00,0.056,3.927
2018-08-10 22:00,0.032,3.369
2018-08-10 23:00,0.013,2.757
2018-08-11 00:00,0.001,1.483
2018-08-11 01:00,0.002,1.891
2018-08-11 02:00,0.008,2.443
2018-08-11 03:00,0.017,2.909
2018-08-11 04:00,0.038,3.540
2018-08-11 05:00,0.062,4.032
2018-08-11 06:00,0.072,4.210
2018-08-11 07:00,0.069,4.154
2018-08-11 08:00,0.051,3.837
2018-08-11 09:00,0.028,3.260
2018-08-11 10:00,0.009,2.513
2018-08-11 11:00,0.002,1.925
2018-08-11 12:00,0.022,3.088
2018-08-11 13:00,0.061,4.021
2018-08-11 14:00,0.091,4.520
2018-08-11 15:00,0.116,4.861
2018-08-11 16:00,0.102,4.669
2018-08-11 17:00,0.086,4.439
2018-08-11 18:00,0.086,4.435
2018-08-11 19:00,0.100,4.634
2018-08-11 20:00,0.115,4.848
2018-08-11 21:00,0.109,4.760
2018-08-11 22:00,0.101,4.642
2018-08-11 23:00,0.096,4.589
2018-08-12 00:00,0.017,2.891
2018-08-12 01:00,0,0.114
2018-08-12 02:00,0,0
2018-08-12 03:00,0,0
2018-08-12 04:00,0,0
2018-08-12 05:00,0,0
2018-08-12 06:00,0.001,1.490
2018-08-12 07:00,0.078,4.309
2018-08-12 08:00,0.166,5.439
2018-08-12 09:00,0.188,5.656
2018-08-12 10:00,0.229,6.034
2018-08-12 11:00,0.330,6.831
2018-08-12 12:00,0.529,8.224
2018-08-12 13:00,0.690,9.414
2018-08-12 14:00,0.705,9.547
2018-08-12 15:00,0.634,8.976
2018-08-12 16:00,0.528,8.217
2018-08-12 17:00,0.448,7.656
2018-08-12 18:00,0.393,7.281
2018-08-12 19:00,0.377,7.172
2018-08-12 20:00,0.390,7.267
2018-08-12 21:00,0.406,7.380
2018-08-12 22:00,0.393,7.281
2018-08-12 23:00,0.307,6.664
2018-08-13 00:00,0.196,5.736
2018-08-13 01:00,0.439,7.608
2018-08-13 02:00,0.617,8.850
2018-08-13 03:00,0.682,9.354
2018-08-13 04:00,0.729,9.756
2018-08-13 05:00,0.785,10.297
2018-08-13 06:00,0.821,10.706
2018-08-13 07:00,0.834,10.869
2018-08-13 08:00,0.839,10.945
2018-08-13 09:00,0.840,10.951
2018-08-13 10:00,0.837,10.918
2018-08-13 11:00,0.804,10.505
2018-08-13 12:00,0.769,10.135
2018-08-13 13:00,0.633,8.969
2018-08-13 14:00,0.490,7.954
2018-08-13 15:00,0.344,6.935
2018-08-13 16:00,0.094,4.553
2018-08-13 17:00,0.468,7.806
2018-08-13 18:00,0.989,18.076
2018-08-13 19:00,0.963,19.668
2018-08-13 20:00,0.993,16.990
2018-08-13 21:00,0.992,16.351
2018-08-13 22:00,0.982,14.947
2018-08-13 23:00,0.976,14.469
2018-08-14 00:00,0.950,13.247
2018-08-14 01:00,0.856,11.186
2018-08-14 02:00,0.731,9.770
2018-08-14 03:00,0.594,8.678
2018-08-14 04:00,0.427,7.521
2018-08-14 05:00,0.302,6.630
2018-08-14 06:00,0.254,6.235
2018-08-14 07:00,0.248,6.189
2018-08-14 08:00,0.211,5.875
2018-08-14 09:00,0.138,5.125
2018-08-14 10:00,0.074,4.252
2018-08-14 11:00,0.038,3.536
2018-08-14 12:00,0.031,3.350
2018-08-14 13:00,0.047,3.750
2018-08-14 14:00,0.070,4.187
2018-08-14 15:00,0.079,4.329
2018-08-14 16:00,0.071,4.203
2018-08-14 17:00,0.052,3.842
2018-08-14 18:00,0.041,3.616
2018-08-14 19:00,0.040,3.594
2018-08-14 20:00,0.050,3.813
2018-08-14 21:00,0.068,4.141
2018-08-14 22:00,0.075,4.262
2018-08-14 23:00,0.070,4.189
2018-08-15 00:00,0.068,4.141
2018-08-15 01:00,0.056,3.932
2018-08-15 02:00,0.052,3.849
2018-08-15 03:00,0.057,3.941
2018-08-15 04:00,0.076,4.274
2018-08-15 05:00,0.094,4.562
2018-08-15 06:00,0.096,4.589
2018-08-15 07:00,0.081,4.360
2018-08-15 08:00,0.064,4.074
2018-08-15 09:00,0.039,3.563
2018-08-15 10:00,0.020,3.028
2018-08-15 11:00,0.018,2.947
2018-08-15 12:00,0.040,3.587
2018-08-15 13:00,0.091,4.513
2018-08-15 14:00,0.138,5.127
2018-08-15 15:00,0.134,5.079
2018-08-15 16:00,0.086,4.442
2018-08-15 17:00,0.054,3.876
2018-08-15 18:00,0.042,3.616
2018-08-15 19:00,0.055,3.913
2018-08-15 20:00,0.095,4.576
2018-08-15 21:00,0.155,5.312
2018-08-15 22:00,0.213,5.889
2018-08-15 23:00,0.240,6.127
2018-08-16 00:00,0.184,5.622
2018-08-16 01:00,0.327,6.819
2018-08-16 02:00,0.394,7.300
2018-08-16 03:00,0.450,7.682
2018-08-16 04:00,0.520,8.149
2018-08-16 05:00,0.598,8.703
2018-08-16 06:00,0.656,9.142
2018-08-16 07:00,0.684,9.369
2018-08-16 08:00,0.686,9.386
2018-08-16 09:00,0.647,9.078
2018-08-16 10:00,0.569,8.495
2018-08-16 11:00,0.479,7.883
2018-08-16 12:00,0.446,7.644
2018-08-16 13:00,0.393,7.291
2018-08-16 14:00,0.333,6.855
2018-08-16 15:00,0.261,6.304
2018-08-16 16:00,0.155,5.313
2018-08-16 17:00,0.087,4.454
2018-08-16 18:00,0.065,4.090
2018-08-16 19:00,0.067,4.126
2018-08-16 20:00,0.095,4.571
2018-08-16 21:00,0.137,5.119
2018-08-16 22:00,0.191,5.689
2018-08-16 23:00,0.240,6.133
2018-08-17 00:00,0.201,5.775
2018-08-17 01:00,0.325,6.806
2018-08-17 02:00,0.444,7.636
2018-08-17 03:00,0.536,8.263
2018-08-17 04:00,0.637,8.990
2018-08-17 05:00,0.723,9.696
2018-08-17 06:00,0.771,10.147
2018-08-17 07:00,0.789,10.342
2018-08-17 08:00,0.782,10.271
2018-08-17 09:00,0.764,10.078
2018-08-17 10:00,0.742,9.876
2018-08-17 11:00,0.689,9.409
2018-08-17 12:00,0.655,9.137
2018-08-17 13:00,0.616,8.839
2018-08-17 14:00,0.538,8.278
2018-08-17 15:00,0.405,7.368
2018-08-17 16:00,0.249,6.202
2018-08-17 17:00,0.149,5.256
2018-08-17 18:00,0.122,4.940
2018-08-17 19:00,0.138,5.122
2018-08-17 20:00,0.160,5.374
2018-08-17 21:00,0.185,5.630
2018-08-17 22:00,0.207,5.834
2018-08-17 23:00,0.195,5.723
2018-08-18 00:00,0.322,6.779
2018-08-18 01:00,0.687,9.391
2018-08-18 02:00,0.676,9.302
2018-08-18 03:00,0.609,8.782
2018-08-18 04:00,0.572,8.520
2018-08-18 05:00,0.572,8.521
2018-08-18 06:00,0.584,8.611
2018-08-18 07:00,0.582,8.593
2018-08-18 08:00,0.569,8.499
2018-08-18 09:00,0.520,8.151
2018-08-18 10:00,0.474,7.843
2018-08-18 11:00,0.474,7.842
2018-08-18 12:00,0.476,7.858
2018-08-18 13:00,0.395,7.305
2018-08-18 14:00,0.269,6.365
2018-08-18 15:00,0.186,5.641
2018-08-18 16:00,0.142,5.172
2018-08-18 17:00,0.093,4.542
2018-08-18 18:00,0.055,3.903
2018-08-18 19:00,0.037,3.516
2018-08-18 20:00,0.037,3.505
2018-08-18 21:00,0.059,3.974
2018-08-18 22:00,0.094,4.561
2018-08-18 23:00,0.094,4.556
2018-08-19 00:00,0.060,4.009
2018-08-19 01:00,0.247,6.186
2018-08-19 02:00,0.566,8.478
2018-08-19 03:00,0.683,9.358
2018-08-19 04:00,0.718,9.647
2018-08-19 05:00,0.751,9.951
2018-08-19 06:00,0.767,10.112
2018-08-19 07:00,0.777,10.211
2018-08-19 08:00,0.807,10.539
2018-08-19 09:00,0.820,10.698
2018-08-19 10:00,0.811,10.590
2018-08-19 11:00,0.752,9.967
2018-08-19 12:00,0.669,9.244
2018-08-19 13:00,0.549,8.355
2018-08-19 14:00,0.376,7.165
2018-08-19 15:00,0.345,6.948
2018-08-19 16:00,0.273,6.403
2018-08-19 17:00,0.217,5.931
2018-08-19 18:00,0.146,5.216
2018-08-19 19:00,0.138,5.124
2018-08-19 20:00,0.160,5.369
2018-08-19 21:00,0.140,5.150
2018-08-19 22:00,0.151,5.272
2018-08-19 23:00,0.128,5.003
2018-08-20 00:00,0.104,4.702
2018-08-20 01:00,0.229,6.028
2018-08-20 02:00,0.418,7.460
2018-08-20 03:00,0.520,8.158
2018-08-20 04:00,0.563,8.460
2018-08-20 05:00,0.559,8.425
2018-08-20 06:00,0.549,8.358
2018-08-20 07:00,0.513,8.101
2018-08-20 08:00,0.513,8.111
2018-08-20 09:00,0.520,8.149
2018-08-20 10:00,0.458,7.732
2018-08-20 11:00,0.326,6.810
2018-08-20 12:00,0.199,5.767
2018-08-20 13:00,0.232,6.062
2018-08-20 14:00,0.372,7.136
2018-08-20 15:00,0.494,7.981
2018-08-20 16:00,0.498,8.005
2018-08-20 17:00,0.380,7.189
2018-08-20 18:00,0.199,5.763
2018-08-20 19:00,0.118,4.881
2018-08-20 20:00,0.101,4.655
2018-08-20 21:00,0.161,5.381
2018-08-20 22:00,0.284,6.482
2018-08-20 23:00,0.362,7.068
2018-08-21 00:00,0.093,4.541
2018-08-21 01:00,0,1.163
2018-08-21 02:00,0,0
2018-08-21 03:00,0,0
2018-08-21 04:00,0,0
2018-08-21 05:00,0,0
2018-08-21 06:00,0,0.503
2018-08-21 07:00,0.001,1.462
2018-08-21 08:00,0.011,2.658
2018-08-21 09:00,0.064,4.076
2018-08-21 10:00,0.083,4.379
2018-08-21 11:00,0.137,5.120
2018-08-21 12:00,0.235,6.087
2018-08-21 13:00,0.362,7.071
2018-08-21 14:00,0.454,7.709
2018-08-21 15:00,0.418,7.464
2018-08-21 16:00,0.232,6.065
2018-08-21 17:00,0.089,4.478
2018-08-21 18:00,0.048,3.759
2018-08-21 19:00,0.071,4.192
2018-08-21 20:00,0.139,5.138
2018-08-21 21:00,0.248,6.195
2018-08-21 22:00,0.374,7.146
2018-08-21 23:00,0.431,7.552
2018-08-22 00:00,0.255,6.254
2018-08-22 01:00,0.434,7.572
2018-08-22 02:00,0.556,8.407
2018-08-22 03:00,0.616,8.829
2018-08-22 04:00,0.688,9.397
2018-08-22 05:00,0.757,10.011
2018-08-22 06:00,0.821,10.714
2018-08-22 07:00,0.864,11.298
2018-08-22 08:00,0.886,11.653
2018-08-22 09:00,0.882,11.581
2018-08-22 10:00,0.865,11.321
2018-08-22 11:00,0.818,10.678
2018-08-22 12:00,0.742,9.874
2018-08-22 13:00,0.628,8.924
2018-08-22 14:00,0.562,8.451
2018-08-22 15:00,0.452,7.696
2018-08-22 16:00,0.302,6.629
2018-08-22 17:00,0.189,5.668
2018-08-22 18:00,0.146,5.213
2018-08-22 19:00,0.147,5.224
2018-08-22 20:00,0.159,5.366
2018-08-22 21:00,0.169,5.467
2018-08-22 22:00,0.169,5.471
2018-08-22 23:00,0.136,5.100
2018-08-23 00:00,0.115,4.847
2018-08-23 01:00,0.403,7.355
2018-08-23 02:00,0.564,8.466
2018-08-23 03:00,0.597,8.692
2018-08-23 04:00,0.546,8.336
2018-08-23 05:00,0.459,7.737
2018-08-23 06:00,0.384,7.229
2018-08-23 07:00,0.331,6.844
2018-08-23 08:00,0.284,6.483
2018-08-23 09:00,0.259,6.293
2018-08-23 10:00,0.276,6.417
2018-08-23 11:00,0.305,6.651
2018-08-23 12:00,0.348,6.966
2018-08-23 13:00,0.424,7.503
2018-08-23 14:00,0.470,7.821
2018-08-23 15:00,0.436,7.590
2018-08-23 16:00,0.281,6.463
2018-08-23 17:00,0.148,5.236
2018-08-23 18:00,0.093,4.533
2018-08-23 19:00,0.097,4.602
2018-08-23 20:00,0.130,5.024
2018-08-23 21:00,0.174,5.521
2018-08-23 22:00,0.156,5.327
2018-08-23 23:00,0.090,4.507
2018-08-24 00:00,0.028,3.270
2018-08-24 01:00,0.051,3.829
2018-08-24 02:00,0.091,4.515
2018-08-24 03:00,0.109,4.771
2018-08-24 04:00,0.111,4.782
2018-08-24 05:00,0.102,4.669
2018-08-24 06:00,0.082,4.372
2018-08-24 07:00,0.063,4.066
2018-08-24 08:00,0.062,4.037
2018-08-24 09:00,0.068,4.131
2018-08-24 10:00,0.080,4.353
2018-08-24 11:00,0.124,4.962
2018-08-24 12:00,0.185,5.624
2018-08-24 13:00,0.232,6.065
2018-08-24 14:00,0.257,6.266
2018-08-24 15:00,0.286,6.509
2018-08-24 16:00,0.291,6.542
2018-08-24 17:00,0.267,6.348
2018-08-24 18:00,0.256,6.257
2018-08-24 19:00,0.257,6.267
2018-08-24 20:00,0.258,6.281
2018-08-24 21:00,0.270,6.382
2018-08-24 22:00,0.308,6.670
2018-08-24 23:00,0.290,6.538
2018-08-25 00:00,0.325,6.804
2018-08-25 01:00,0.334,6.866
2018-08-25 02:00,0.360,7.056
2018-08-25 03:00,0.389,7.258
2018-08-25 04:00,0.452,7.696
2018-08-25 05:00,0.553,8.390
2018-08-25 06:00,0.643,9.042
2018-08-25 07:00,0.694,9.452
2018-08-25 08:00,0.719,9.656
2018-08-25 09:00,0.755,9.995
2018-08-25 10:00,0.794,10.392
2018-08-25 11:00,0.766,10.097
2018-08-25 12:00,0.711,9.580
2018-08-25 13:00,0.628,8.928
2018-08-25 14:00,0.526,8.202
2018-08-25 15:00,0.483,7.904
2018-08-25 16:00,0.410,7.397
2018-08-25 17:00,0.299,6.600
2018-08-25 18:00,0.153,5.283
2018-08-25 19:00,0.083,4.392
2018-08-25 20:00,0.111,4.779
2018-08-25 21:00,0.109,4.763
2018-08-25 22:00,0.127,4.997
2018-08-25 23:00,0.183,5.604
2018-08-26 00:00,0.311,6.695
2018-08-26 01:00,0.523,8.174
2018-08-26 02:00,0.683,9.359
2018-08-26 03:00,0.755,9.994
2018-08-26 04:00,0.806,10.535
2018-08-26 05:00,0.841,10.972
2018-08-26 06:00,0.855,11.152
2018-08-26 07:00,0.855,11.158
2018-08-26 08:00,0.845,11.010
2018-08-26 09:00,0.837,10.899
2018-08-26 10:00,0.824,10.741
2018-08-26 11:00,0.783,10.281
2018-08-26 12:00,0.654,9.126
2018-08-26 13:00,0.590,8.647
2018-08-26 14:00,0.533,8.242
2018-08-26 15:00,0.510,8.089
2018-08-26 16:00,0.591,8.653
2018-08-26 17:00,0.675,9.297
2018-08-26 18:00,0.709,9.572
2018-08-26 19:00,0.726,9.728
2018-08-26 20:00,0.716,9.635
2018-08-26 21:00,0.723,9.697
2018-08-26 22:00,0.704,9.535
2018-08-26 23:00,0.700,9.501
2018-08-27 00:00,0.782,10.273
2018-08-27 01:00,0.831,10.837
2018-08-27 02:00,0.879,11.539
2018-08-27 03:00,0.901,11.945
2018-08-27 04:00,0.900,11.924
2018-08-27 05:00,0.900,11.934
2018-08-27 06:00,0.899,11.913
2018-08-27 07:00,0.889,11.731
2018-08-27 08:00,0.872,11.432
2018-08-27 09:00,0.856,11.179
2018-08-27 10:00,0.846,11.044
2018-08-27 11:00,0.805,10.517
2018-08-27 12:00,0.739,9.832
2018-08-27 13:00,0.653,9.124
2018-08-27 14:00,0.538,8.277
2018-08-27 15:00,0.470,7.820
2018-08-27 16:00,0.427,7.522
2018-08-27 17:00,0.356,7.030
2018-08-27 18:00,0.276,6.426
2018-08-27 19:00,0.207,5.842
2018-08-27 20:00,0.166,5.431
2018-08-27 21:00,0.077,4.298
2018-08-27 22:00,0.029,3.299
2018-08-27 23:00,0.002,1.910
2018-08-28 00:00,0,1.299
2018-08-28 01:00,0,1.064
2018-08-28 02:00,0.004,2.178
2018-08-28 03:00,0.062,4.036
2018-08-28 04:00,0.200,5.770
2018-08-28 05:00,0.351,6.987
2018-08-28 06:00,0.428,7.525
2018-08-28 07:00,0.440,7.611
2018-08-28 08:00,0.398,7.321
2018-08-28 09:00,0.335,6.871
2018-08-28 10:00,0.287,6.517
2018-08-28 11:00,0.263,6.321
2018-08-28 12:00,0.255,6.255
2018-08-28 13:00,0.240,6.128
2018-08-28 14:00,0.205,5.819
2018-08-28 15:00,0.174,5.515
2018-08-28 16:00,0.161,5.384
2018-08-28 17:00,0.143,5.182
2018-08-28 18:00,0.126,4.980
2018-08-28 19:00,0.118,4.888
2018-08-28 20:00,0.115,4.851
2018-08-28 21:00,0.094,4.555
2018-08-28 22:00,0.060,4.004
2018-08-28 23:00,0.022,3.091
2018-08-29 00:00,0.010,2.578
2018-08-29 01:00,0.012,2.673
2018-08-29 02:00,0.002,1.930
2018-08-29 03:00,0.003,2.040
2018-08-29 04:00,0.021,3.045
2018-08-29 05:00,0.097,4.608
2018-08-29 06:00,0.219,5.946
2018-08-29 07:00,0.257,6.261
2018-08-29 08:00,0.270,6.376
2018-08-29 09:00,0.285,6.501
2018-08-29 10:00,0.279,6.448
2018-08-29 11:00,0.285,6.490
2018-08-29 12:00,0.316,6.728
2018-08-29 13:00,0.299,6.607
2018-08-29 14:00,0.248,6.188
2018-08-29 15:00,0.182,5.598
2018-08-29 16:00,0.153,5.286
2018-08-29 17:00,0.153,5.285
2018-08-29 18:00,0.162,5.395
2018-08-29 19:00,0.179,5.555
2018-08-29 20:00,0.184,5.615
2018-08-29 21:00,0.169,5.459
2018-08-29 22:00,0.163,5.401
2018-08-29 23:00,0.136,5.108
2018-08-30 00:00,0.174,5.514
2018-08-30 01:00,0.194,5.714
2018-08-30 02:00,0.170,5.474
2018-08-30 03:00,0.150,5.264
2018-08-30 04:00,0.056,3.933
2018-08-30 05:00,0.010,2.561
2018-08-30 06:00,0.006,2.330
2018-08-30 07:00,0.032,3.399
2018-08-30 08:00,0.118,4.873
2018-08-30 09:00,0.105,4.715
2018-08-30 10:00,0.093,4.529
2018-08-30 11:00,0.098,4.614
2018-08-30 12:00,0.097,4.605
2018-08-30 13:00,0.051,3.833
2018-08-30 14:00,0.026,3.202
2018-08-30 15:00,0.009,2.535
2018-08-30 16:00,0.001,1.509
2018-08-30 17:00,0.003,1.984
2018-08-30 18:00,0.006,2.293
2018-08-30 19:00,0.005,2.268
2018-08-30 20:00,0.005,2.261
2018-08-30 21:00,0.003,2.044
2018-08-30 22:00,0.002,1.776
2018-08-30 23:00,0.001,1.468
2018-08-31 00:00,0,0.092
2018-08-31 01:00,0.003,2.024
2018-08-31 02:00,0.005,2.205
2018-08-31 03:00,0.003,2.035
2018-08-31 04:00,0.021,3.055
2018-08-31 05:00,0.121,4.916
2018-08-31 06:00,0.238,6.101
2018-08-31 07:00,0.268,6.360
2018-08-31 08:00,0.260,6.296
2018-08-31 09:00,0.221,5.957
2018-08-31 10:00,0.170,5.475
2018-08-31 11:00,0.125,4.977
2018-08-31 12:00,0.080,4.349
2018-08-31 13:00,0.050,3.813
2018-08-31 14:00,0.056,3.930
2018-08-31 15:00,0.074,4.253
2018-08-31 16:00,0.092,4.528
2018-08-31 17:00,0.137,5.112
2018-08-31 18:00,0.213,5.890
2018-08-31 19:00,0.289,6.526
2018-08-31 20:00,0.328,6.824
2018-08-31 21:00,0.400,7.337
2018-08-31 22:00,0.480,7.885
2018-08-31 23:00,0.491,7.963
2018-09-01 00:00,0.376,7.165
2018-09-01 01:00,0.246,6.172
2018-09-01 02:00,0.166,5.435
2018-09-01 03:00,0.188,5.653
2018-09-01 04:00,0.291,6.548
2018-09-01 05:00,0.382,7.215
2018-09-01 06:00,0.426,7.515
2018-09-01 07:00,0.445,7.640
2018-09-01 08:00,0.431,7.552
2018-09-01 09:00,0.380,7.193
2018-09-01 10:00,0.287,6.513
2018-09-01 11:00,0.154,5.293
2018-09-01 12:00,0.035,3.459
2018-09-01 13:00,0.004,2.129
2018-09-01 14:00,0.013,2.735
2018-09-01 15:00,0.047,3.753
2018-09-01 16:00,0.056,3.925
2018-09-01 17:00,0.035,3.461
2018-09-01 18:00,0.019,2.958
2018-09-01 19:00,0.016,2.886
2018-09-01 20:00,0.028,3.280
2018-09-01 21:00,0.041,3.613
2018-09-01 22:00,0.054,3.880
2018-09-01 23:00,0.062,4.028
2018-09-02 00:00,0.016,2.859
2018-09-02 01:00,0,1.214
2018-09-02 02:00,0,0.518
2018-09-02 03:00,0,0.492
2018-09-02 04:00,0,0.224
2018-09-02 05:00,0,0.074
2018-09-02 06:00,0,0.300
2018-09-02 07:00,0,0.870
2018-09-02 08:00,0.003,1.999
2018-09-02 09:00,0.085,4.425
2018-09-02 10:00,0.170,5.480
2018-09-02 11:00,0.393,7.290
2018-09-02 12:00,0.571,8.509
2018-09-02 13:00,0.616,8.844
2018-09-02 14:00,0.589,8.642
2018-09-02 15:00,0.527,8.206
2018-09-02 16:00,0.442,7.619
2018-09-02 17:00,0.377,7.171
2018-09-02 18:00,0.348,6.963
2018-09-02 19:00,0.338,6.893
2018-09-02 20:00,0.294,6.569
2018-09-02 21:00,0.214,5.905
2018-09-02 22:00,0.237,6.098
2018-09-02 23:00,0.248,6.189
2018-09-03 00:00,0.227,6.017
2018-09-03 01:00,0.684,9.371
2018-09-03 02:00,0.907,12.079
2018-09-03 03:00,0.940,12.905
2018-09-03 04:00,0.944,13.052
2018-09-03 05:00,0.944,13.050
2018-09-03 06:00,0.941,12.925
2018-09-03 07:00,0.926,12.516
2018-09-03 08:00,0.904,12.020
2018-09-03 09:00,0.868,11.363
2018-09-03 10:00,0.818,10.675
2018-09-03 11:00,0.703,9.528
2018-09-03 12:00,0.536,8.265
2018-09-03 13:00,0.377,7.180
2018-09-03 14:00,0.276,6.418
2018-09-03 15:00,0.215,5.915
2018-09-03 16:00,0.147,5.230
2018-09-03 17:00,0.154,5.299
2018-09-03 18:00,0.232,6.059
2018-09-03 19:00,0.326,6.807
2018-09-03 20:00,0.333,6.856
2018-09-03 21:00,0.264,6.327
2018-09-03 22:00,0.109,4.761
2018-09-03 23:00,0.041,3.605
2018-09-04 00:00,0.028,3.268
2018-09-04 01:00,0.067,4.120
2018-09-04 02:00,0.172,5.500
2018-09-04 03:00,0.246,6.175
2018-09-04 04:00,0.252,6.227
2018-09-04 05:00,0.198,5.750
2018-09-04 06:00,0.091,4.512
2018-09-04 07:00,0.095,4.570
2018-09-04 08:00,0.097,4.608
2018-09-04 09:00,0.060,3.998
2018-09-04 10:00,0.024,3.161
2018-09-04 11:00,0.008,2.479
2018-09-04 12:00,0.011,2.632
2018-09-04 13:00,0.069,4.166
2018-09-04 14:00,0.213,5.897
2018-09-04 15:00,0.393,7.291
2018-09-04 16:00,0.468,7.806
2018-09-04 17:00,0.426,7.513
2018-09-04 18:00,0.268,6.354
2018-09-04 19:00,0.063,4.050
2018-09-04 20:00,0.003,2.009
2018-09-04 21:00,0.008,2.461
2018-09-04 22:00,0.041,3.601
2018-09-04 23:00,0.060,4.006
2018-09-05 00:00,0.048,3.762
2018-09-05 01:00,0.090,4.497
2018-09-05 02:00,0.121,4.916
2018-09-05 03:00,0.040,3.584
2018-09-05 04:00,0.013,2.705
2018-09-05 05:00,0.025,3.183
2018-09-05 06:00,0.085,4.422
2018-09-05 07:00,0.149,5.255
2018-09-05 08:00,0.233,6.066
2018-09-05 09:00,0.256,6.256
2018-09-05 10:00,0.311,6.695
2018-09-05 11:00,0.416,7.453
2018-09-05 12:00,0.462,7.757
2018-09-05 13:00,0.400,7.329
2018-09-05 14:00,0.345,6.938
2018-09-05 15:00,0.297,6.584
2018-09-05 16:00,0.255,6.251
2018-09-05 17:00,0.251,6.214
2018-09-05 18:00,0.264,6.325
2018-09-05 19:00,0.311,6.698
2018-09-05 20:00,0.377,7.171
2018-09-05 21:00,0.409,7.392
2018-09-05 22:00,0.423,7.500
2018-09-05 23:00,0.395,7.303
2018-09-06 00:00,0.272,6.395
2018-09-06 01:00,0.572,8.516
2018-09-06 02:00,0.675,9.292
2018-09-06 03:00,0.723,9.692
2018-09-06 04:00,0.755,9.998
2018-09-06 05:00,0.772,10.154
2018-09-06 06:00,0.777,10.210
2018-09-06 07:00,0.785,10.298
2018-09-06 08:00,0.803,10.490
2018-09-06 09:00,0.831,10.841
2018-09-06 10:00,0.867,11.333
2018-09-06 11:00,0.863,11.278
2018-09-06 12:00,0.855,11.157
2018-09-06 13:00,0.829,10.808
2018-09-06 14:00,0.827,10.784
2018-09-06 15:00,0.763,10.072
2018-09-06 16:00,0.645,9.056
2018-09-06 17:00,0.617,8.849
2018-09-06 18:00,0.624,8.897
2018-09-06 19:00,0.631,8.949
2018-09-06 20:00,0.641,9.023
2018-09-06 21:00,0.646,9.068
2018-09-06 22:00,0.644,9.044
2018-09-06 23:00,0.616,8.837
2018-09-07 00:00,0.502,8.027
2018-09-07 01:00,0.806,10.529
2018-09-07 02:00,0.886,11.661
2018-09-07 03:00,0.859,11.223
2018-09-07 04:00,0.833,10.860
2018-09-07 05:00,0.824,10.750
2018-09-07 06:00,0.816,10.643
2018-09-07 07:00,0.801,10.479
2018-09-07 08:00,0.795,10.400
2018-09-07 09:00,0.782,10.271
2018-09-07 10:00,0.782,10.270
2018-09-07 11:00,0.741,9.868
2018-09-07 12:00,0.711,9.591
2018-09-07 13:00,0.648,9.085
2018-09-07 14:00,0.606,8.769
2018-09-07 15:00,0.466,7.789
2018-09-07 16:00,0.286,6.507
2018-09-07 17:00,0.208,5.851
2018-09-07 18:00,0.186,5.633
2018-09-07 19:00,0.185,5.632
2018-09-07 20:00,0.200,5.768
2018-09-07 21:00,0.220,5.950
2018-09-07 22:00,0.248,6.191
2018-09-07 23:00,0.239,6.126
2018-09-08 00:00,0.123,4.953
2018-09-08 01:00,0.172,5.502
2018-09-08 02:00,0.141,5.166
2018-09-08 03:00,0.023,3.124
2018-09-08 04:00,0,0.324
2018-09-08 05:00,0,0.445
2018-09-08 06:00,0,1.270
2018-09-08 07:00,0.029,3.300
2018-09-08 08:00,0.122,4.938
2018-09-08 09:00,0.075,4.269
2018-09-08 10:00,0.040,3.593
2018-09-08 11:00,0.034,3.432
2018-09-08 12:00,0.072,4.223
2018-09-08 13:00,0.176,5.533
2018-09-08 14:00,0.303,6.635
2018-09-08 15:00,0.325,6.805
2018-09-08 16:00,0.203,5.790
2018-09-08 17:00,0.091,4.508
2018-09-08 18:00,0.046,3.728
2018-09-08 19:00,0.039,3.568
2018-09-08 20:00,0.050,3.799
2018-09-08 21:00,0.069,4.163
2018-09-08 22:00,0.103,4.691
2018-09-08 23:00,0.149,5.250
2018-09-09 00:00,0.156,5.316
2018-09-09 01:00,0.026,3.217
2018-09-09 02:00,0.028,3.284
2018-09-09 03:00,0.042,3.628
2018-09-09 04:00,0.009,2.511
2018-09-09 05:00,0.001,1.489
2018-09-09 06:00,0,0.904
2018-09-09 07:00,0,0.974
2018-09-09 08:00,0,1.428
2018-09-09 09:00,0.009,2.528
2018-09-09 10:00,0.029,3.291
2018-09-09 11:00,0.045,3.689
2018-09-09 12:00,0.042,3.634
2018-09-09 13:00,0.077,4.285
2018-09-09 14:00,0.132,5.044
2018-09-09 15:00,0.206,5.824
2018-09-09 16:00,0.311,6.691
2018-09-09 17:00,0.453,7.704
2018-09-09 18:00,0.612,8.805
2018-09-09 19:00,0.653,9.122
2018-09-09 20:00,0.431,7.555
2018-09-09 21:00,0.141,5.167
2018-09-09 22:00,0.041,3.613
2018-09-09 23:00,0.102,4.656
2018-09-10 00:00,0.125,4.974
2018-09-10 01:00,0.039,3.573
2018-09-10 02:00,0.002,1.832
2018-09-10 03:00,0.004,2.178
2018-09-10 04:00,0.096,4.583
2018-09-10 05:00,0.294,6.570
2018-09-10 06:00,0.399,7.327
2018-09-10 07:00,0.394,7.295
2018-09-10 08:00,0.436,7.582
2018-09-10 09:00,0.526,8.204
2018-09-10 10:00,0.530,8.230
2018-09-10 11:00,0.502,8.035
2018-09-10 12:00,0.491,7.960
2018-09-10 13:00,0.439,7.599
2018-09-10 14:00,0.342,6.927
2018-09-10 15:00,0.261,6.303
2018-09-10 16:00,0.199,5.760
2018-09-10 17:00,0.159,5.365
2018-09-10 18:00,0.111,4.784
2018-09-10 19:00,0.065,4.089
2018-09-10 20:00,0.046,3.715
2018-09-10 21:00,0.038,3.540
2018-09-10 22:00,0.051,3.832
2018-09-10 23:00,0.060,3.999
2018-09-11 00:00,0.038,3.545
2018-09-11 01:00,0.002,1.914
2018-09-11 02:00,0.010,2.551
2018-09-11 03:00,0.056,3.934
2018-09-11 04:00,0.132,5.049
2018-09-11 05:00,0.195,5.720
2018-09-11 06:00,0.228,6.022
2018-09-11 07:00,0.204,5.802
2018-09-11 08:00,0.107,4.735
2018-09-11 09:00,0.023,3.133
2018-09-11 10:00,0.002,1.901
2018-09-11 11:00,0,1.238
2018-09-11 12:00,0.001,1.585
2018-09-11 13:00,0.024,3.167
2018-09-11 14:00,0.052,3.845
2018-09-11 15:00,0.027,3.224
2018-09-11 16:00,0.012,2.701
2018-09-11 17:00,0.052,3.848
2018-09-11 18:00,0.105,4.710
2018-09-11 19:00,0.099,4.625
2018-09-11 20:00,0.078,4.317
2018-09-11 21:00,0.043,3.664
2018-09-11 22:00,0.026,3.202
2018-09-11 23:00,0.019,2.975
2018-09-12 00:00,0.010,2.582
2018-09-12 01:00,0.001,1.517
2018-09-12 02:00,0,0.102
2018-09-12 03:00,0,0
2018-09-12 04:00,0,0
2018-09-12 05:00,0,0
2018-09-12 06:00,0,0
2018-09-12 07:00,0.014,2.774
2018-09-12 08:00,0.229,6.028
2018-09-12 09:00,0.264,6.327
2018-09-12 10:00,0.298,6.596
2018-09-12 11:00,0.387,7.241
2018-09-12 12:00,0.460,7.746
2018-09-12 13:00,0.483,7.903
2018-09-12 14:00,0.501,8.025
2018-09-12 15:00,0.420,7.478
2018-09-12 16:00,0.240,6.134
2018-09-12 17:00,0.109,4.770
2018-09-12 18:00,0.079,4.323
2018-09-12 19:00,0.147,5.232
2018-09-12 20:00,0.384,7.230
2018-09-12 21:00,0.757,10.018
2018-09-12 22:00,0.861,11.249
2018-09-12 23:00,0.729,9.752
2018-09-13 00:00,0.308,6.668
2018-09-13 01:00,0.093,4.533
2018-09-13 02:00,0.051,3.832
2018-09-13 03:00,0,0
2018-09-13 04:00,0,0
2018-09-13 05:00,0,0
2018-09-13 06:00,0.012,2.695
2018-09-13 07:00,0.008,2.437
2018-09-13 08:00,0.001,1.596
2018-09-13 09:00,0.009,2.541
2018-09-13 10:00,0.257,6.270
2018-09-13 11:00,0.879,11.539
2018-09-13 12:00,0.959,13.609
2018-09-13 13:00,0.901,11.945
2018-09-13 14:00,0.727,9.733
2018-09-13 15:00,0.552,8.384
2018-09-13 16:00,0.466,7.784
2018-09-13 17:00,0.309,6.673
2018-09-13 18:00,0.160,5.376
2018-09-13 19:00,0.040,3.585
2018-09-13 20:00,0.005,2.210
2018-09-13 21:00,0.002,1.782
2018-09-13 22:00,0.005,2.220
2018-09-13 23:00,0.012,2.693
2018-09-14 00:00,0.006,2.343
2018-09-14 01:00,0,0
2018-09-14 02:00,0,0
2018-09-14 03:00,0,0
2018-09-14 04:00,0,0
2018-09-14 05:00,0,0
2018-09-14 06:00,0,0.458
2018-09-14 07:00,0.002,1.843
2018-09-14 08:00,0.034,3.442
2018-09-14 09:00,0.113,4.804
2018-09-14 10:00,0.139,5.136
2018-09-14 11:00,0.288,6.521
2018-09-14 12:00,0.464,7.773
2018-09-14 13:00,0.449,7.664
2018-09-14 14:00,0.365,7.085
2018-09-14 15:00,0.252,6.224
2018-09-14 16:00,0.148,5.236
2018-09-14 17:00,0.160,5.368
2018-09-14 18:00,0.206,5.832
2018-09-14 19:00,0.265,6.328
2018-09-14 20:00,0.311,6.700
2018-09-14 21:00,0.281,6.468
2018-09-14 22:00,0.291,6.542
2018-09-14 23:00,0.275,6.413
2018-09-15 00:00,0.175,5.526
2018-09-15 01:00,0.403,7.349
2018-09-15 02:00,0.525,8.193
2018-09-15 03:00,0.418,7.463
2018-09-15 04:00,0.303,6.641
2018-09-15 05:00,0.221,5.959
2018-09-15 06:00,0.153,5.286
2018-09-15 07:00,0.090,4.504
2018-09-15 08:00,0.078,4.315
2018-09-15 09:00,0.093,4.547
2018-09-15 10:00,0.170,5.477
2018-09-15 11:00,0.387,7.241
2018-09-15 12:00,0.510,8.087
2018-09-15 13:00,0.480,7.889
2018-09-15 14:00,0.416,7.442
2018-09-15 15:00,0.349,6.981
2018-09-15 16:00,0.274,6.412
2018-09-15 17:00,0.218,5.936
2018-09-15 18:00,0.212,5.888
2018-09-15 19:00,0.238,6.108
2018-09-15 20:00,0.238,6.106
2018-09-15 21:00,0.230,6.039
2018-09-15 22:00,0.204,5.804
2018-09-15 23:00,0.163,5.399
2018-09-16 00:00,0.093,4.548
2018-09-16 01:00,0.185,5.629
2018-09-16 02:00,0.212,5.883
2018-09-16 03:00,0.192,5.694
2018-09-16 04:00,0.218,5.938
2018-09-16 05:00,0.258,6.281
2018-09-16 06:00,0.347,6.957
2018-09-16 07:00,0.369,7.116
2018-09-16 08:00,0.337,6.885
2018-09-16 09:00,0.206,5.825
2018-09-16 10:00,0.113,4.819
2018-09-16 11:00,0.067,4.117
2018-09-16 12:00,0.048,3.773
2018-09-16 13:00,0.042,3.617
2018-09-16 14:00,0.091,4.509
2018-09-16 15:00,0.097,4.602
2018-09-16 16:00,0.078,4.317
2018-09-16 17:00,0.046,3.720
2018-09-16 18:00,0.021,3.039
2018-09-16 19:00,0.031,3.355
2018-09-16 20:00,0.077,4.290
2018-09-16 21:00,0.178,5.547
2018-09-16 22:00,0.321,6.776
2018-09-16 23:00,0.413,7.430
2018-09-17 00:00,0.375,7.160
2018-09-17 01:00,0.221,5.954
2018-09-17 02:00,0.115,4.840
2018-09-17 03:00,0.071,4.199
2018-09-17 04:00,0.046,3.730
2018-09-17 05:00,0.004,2.148
2018-09-17 06:00,0.001,1.505
2018-09-17 07:00,0,1.320
2018-09-17 08:00,0.001,1.773
2018-09-17 09:00,0.023,3.105
2018-09-17 10:00,0.043,3.639
2018-09-17 11:00,0.049,3.795
2018-09-17 12:00,0.015,2.814
2018-09-17 13:00,0.007,2.350
2018-09-17 14:00,0.023,3.133
2018-09-17 15:00,0.080,4.346
2018-09-17 16:00,0.141,5.157
2018-09-17 17:00,0.174,5.517
2018-09-17 18:00,0.181,5.579
2018-09-17 19:00,0.133,5.060
2018-09-17 20:00,0.074,4.256
2018-09-17 21:00,0.040,3.579
2018-09-17 22:00,0.029,3.297
2018-09-17 23:00,0.041,3.612
2018-09-18 00:00,0.074,4.241
2018-09-18 01:00,0.003,1.963
2018-09-18 02:00,0,0.174
2018-09-18 03:00,0,0
2018-09-18 04:00,0,0
2018-09-18 05:00,0,0
2018-09-18 06:00,0,0.441
2018-09-18 07:00,0.002,1.863
2018-09-18 08:00,0,0.582
2018-09-18 09:00,0,0
2018-09-18 10:00,0,1.394
2018-09-18 11:00,0.009,2.541
2018-09-18 12:00,0.011,2.623
2018-09-18 13:00,0.046,3.705
2018-09-18 14:00,0.234,6.073
2018-09-18 15:00,0.486,7.929
2018-09-18 16:00,0.637,8.995
2018-09-18 17:00,0.689,9.411
2018-09-18 18:00,0.684,9.365
2018-09-18 19:00,0.661,9.176
2018-09-18 20:00,0.624,8.894
2018-09-18 21:00,0.642,9.027
2018-09-18 22:00,0.692,9.431
2018-09-18 23:00,0.754,9.984
2018-09-19 00:00,0.778,10.222
2018-09-19 01:00,0.883,11.610
2018-09-19 02:00,0.970,14.089
2018-09-19 03:00,0.988,15.586
2018-09-19 04:00,0.992,16.217
2018-09-19 05:00,0.992,16.409
2018-09-19 06:00,0.992,16.447
2018-09-19 07:00,0.992,16.180
2018-09-19 08:00,0.988,15.594
2018-09-19 09:00,0.978,14.639
2018-09-19 10:00,0.944,13.035
2018-09-19 11:00,0.833,10.854
2018-09-19 12:00,0.556,8.405
2018-09-19 13:00,0.397,7.317
2018-09-19 14:00,0.406,7.375
2018-09-19 15:00,0.387,7.242
2018-09-19 16:00,0.339,6.908
2018-09-19 17:00,0.238,6.103
2018-09-19 18:00,0.113,4.819
2018-09-19 19:00,0.057,3.944
2018-09-19 20:00,0.060,4.011
2018-09-19 21:00,0.060,4.012
2018-09-19 22:00,0.047,3.748
2018-09-19 23:00,0.036,3.485
2018-09-20 00:00,0.021,3.062
2018-09-20 01:00,0.002,1.890
2018-09-20 02:00,0.002,1.944
2018-09-20 03:00,0.001,1.507
2018-09-20 04:00,0,0.612
2018-09-20 05:00,0,0.185
2018-09-20 06:00,0,0.148
2018-09-20 07:00,0,0.311
2018-09-20 08:00,0,0.871
2018-09-20 09:00,0.002,1.821
2018-09-20 10:00,0.020,3.007
2018-09-20 11:00,0.035,3.460
2018-09-20 12:00,0.053,3.868
2018-09-20 13:00,0.142,5.173
2018-09-20 14:00,0.261,6.305
2018-09-20 15:00,0.260,6.295
2018-09-20 16:00,0.167,5.444
2018-09-20 17:00,0.145,5.207
2018-09-20 18:00,0.208,5.849
2018-09-20 19:00,0.280,6.453
2018-09-20 20:00,0.273,6.400
2018-09-20 21:00,0.197,5.740
2018-09-20 22:00,0.189,5.663
2018-09-20 23:00,0.190,5.680
2018-09-21 00:00,0.157,5.342
2018-09-21 01:00,0.026,3.205
2018-09-21 02:00,0,0.496
2018-09-21 03:00,0,0
2018-09-21 04:00,0,0
2018-09-21 05:00,0,0
2018-09-21 06:00,0,0
2018-09-21 07:00,0,0
2018-09-21 08:00,0,0
2018-09-21 09:00,0.004,2.154
2018-09-21 10:00,0.083,4.385
2018-09-21 11:00,0.258,6.282
2018-09-21 12:00,0.410,7.405
2018-09-21 13:00,0.492,7.971
2018-09-21 14:00,0.417,7.456
2018-09-21 15:00,0.222,5.960
2018-09-21 16:00,0.091,4.515
2018-09-21 17:00,0.075,4.263
2018-09-21 18:00,0.130,5.029
2018-09-21 19:00,0.194,5.718
2018-09-21 20:00,0.206,5.825
2018-09-21 21:00,0.204,5.813
2018-09-21 22:00,0.224,5.993
2018-09-21 23:00,0.239,6.126
2018-09-22 00:00,0.227,6.011
2018-09-22 01:00,0.110,4.778
2018-09-22 02:00,0.069,4.161
2018-09-22 03:00,0.029,3.291
2018-09-22 04:00,0.004,2.112
2018-09-22 05:00,0.016,2.864
2018-09-22 06:00,0.082,4.372
2018-09-22 07:00,0.240,6.133
2018-09-22 08:00,0.296,6.575
2018-09-22 09:00,0.393,7.282
2018-09-22 10:00,0.530,8.231
2018-09-22 11:00,0.706,9.553
2018-09-22 12:00,0.811,10.585
2018-09-22 13:00,0.831,10.833
2018-09-22 14:00,0.755,10.001
2018-09-22 15:00,0.643,9.035
2018-09-22 16:00,0.610,8.795
2018-09-22 17:00,0.616,8.837
2018-09-22 18:00,0.640,9.022
2018-09-22 19:00,0.604,8.744
2018-09-22 20:00,0.516,8.127
2018-09-22 21:00,0.447,7.650
2018-09-22 22:00,0.420,7.477
2018-09-22 23:00,0.370,7.120
2018-09-23 00:00,0.270,6.376
2018-09-23 01:00,0.268,6.360
2018-09-23 02:00,0.465,7.778
2018-09-23 03:00,0.546,8.340
2018-09-23 04:00,0.607,8.772
2018-09-23 05:00,0.652,9.112
2018-09-23 06:00,0.686,9.381
2018-09-23 07:00,0.744,9.888
2018-09-23 08:00,0.805,10.516
2018-09-23 09:00,0.855,11.159
2018-09-23 10:00,0.877,11.507
2018-09-23 11:00,0.875,11.470
2018-09-23 12:00,0.727,9.734
2018-09-23 13:00,0.558,8.415
2018-09-23 14:00,0.429,7.532
2018-09-23 15:00,0.303,6.636
2018-09-23 16:00,0.209,5.856
2018-09-23 17:00,0.166,5.430
2018-09-23 18:00,0.150,5.259
2018-09-23 19:00,0.140,5.155
2018-09-23 20:00,0.134,5.074
2018-09-23 21:00,0.121,4.921
2018-09-23 22:00,0.090,4.505
2018-09-23 23:00,0.060,4.002
2018-09-24 00:00,0.025,3.191
2018-09-24 01:00,0.011,2.660
2018-09-24 02:00,0.055,3.909
2018-09-24 03:00,0.136,5.101
2018-09-24 04:00,0.223,5.976
2018-09-24 05:00,0.259,6.288
2018-09-24 06:00,0.303,6.635
2018-09-24 07:00,0.375,7.163
2018-09-24 08:00,0.473,7.832
2018-09-24 09:00,0.536,8.267
2018-09-24 10:00,0.574,8.536
2018-09-24 11:00,0.533,8.242
2018-09-24 12:00,0.503,8.043
2018-09-24 13:00,0.440,7.614
2018-09-24 14:00,0.365,7.089
2018-09-24 15:00,0.261,6.310
2018-09-24 16:00,0.151,5.269
2018-09-24 17:00,0.085,4.421
2018-09-24 18:00,0.066,4.112
2018-09-24 19:00,0.070,4.187
2018-09-24 20:00,0.074,4.253
2018-09-24 21:00,0.074,4.243
2018-09-24 22:00,0.097,4.603
2018-09-24 23:00,0.145,5.202
2018-09-25 00:00,0.160,5.373
2018-09-25 01:00,0.051,3.835
2018-09-25 02:00,0.037,3.498
2018-09-25 03:00,0.062,4.047
2018-09-25 04:00,0.080,4.342
2018-09-25 05:00,0.073,4.231
2018-09-25 06:00,0.094,4.555
2018-09-25 07:00,0.103,4.688
2018-09-25 08:00,0.084,4.393
2018-09-25 09:00,0.046,3.703
2018-09-25 10:00,0.023,3.135
2018-09-25 11:00,0.016,2.876
2018-09-25 12:00,0.030,3.341
2018-09-25 13:00,0.110,4.772
2018-09-25 14:00,0.229,6.035
2018-09-25 15:00,0.314,6.714
2018-09-25 16:00,0.323,6.785
2018-09-25 17:00,0.424,7.502
2018-09-25 18:00,0.649,9.087
2018-09-25 19:00,0.813,10.601
2018-09-25 20:00,0.858,11.207
2018-09-25 21:00,0.820,10.700
2018-09-25 22:00,0.722,9.685
2018-09-25 23:00,0.559,8.421
2018-09-26 00:00,0.365,7.081
2018-09-26 01:00,0.748,9.921
2018-09-26 02:00,0.868,11.359
2018-09-26 03:00,0.868,11.365
2018-09-26 04:00,0.853,11.135
2018-09-26 05:00,0.855,11.169
2018-09-26 06:00,0.883,11.602
2018-09-26 07:00,0.912,12.172
2018-09-26 08:00,0.923,12.459
2018-09-26 09:00,0.912,12.176
2018-09-26 10:00,0.867,11.341
2018-09-26 11:00,0.774,10.172
2018-09-26 12:00,0.658,9.156
2018-09-26 13:00,0.658,9.157
2018-09-26 14:00,0.692,9.420
2018-09-26 15:00,0.750,9.940
2018-09-26 16:00,0.767,10.110
2018-09-26 17:00,0.779,10.233
2018-09-26 18:00,0.751,9.954
2018-09-26 19:00,0.729,9.750
2018-09-26 20:00,0.745,9.894
2018-09-26 21:00,0.741,9.863
2018-09-26 22:00,0.727,9.734
2018-09-26 23:00,0.623,8.893
2018-09-27 00:00,0.365,7.086
2018-09-27 01:00,0.232,6.050
2018-09-27 02:00,0.171,5.490
2018-09-27 03:00,0.151,5.270
2018-09-27 04:00,0.133,5.059
2018-09-27 05:00,0.050,3.800
2018-09-27 06:00,0.014,2.781
2018-09-27 07:00,0.012,2.676
2018-09-27 08:00,0.025,3.169
2018-09-27 09:00,0.032,3.393
2018-09-27 10:00,0.032,3.390
2018-09-27 11:00,0.017,2.912
2018-09-27 12:00,0.001,1.700
2018-09-27 13:00,0.044,3.672
2018-09-27 14:00,0.239,6.118
2018-09-27 15:00,0.461,7.753
2018-09-27 16:00,0.569,8.495
2018-09-27 17:00,0.577,8.557
2018-09-27 18:00,0.505,8.052
2018-09-27 19:00,0.409,7.394
2018-09-27 20:00,0.337,6.884
2018-09-27 21:00,0.289,6.528
2018-09-27 22:00,0.241,6.138
2018-09-27 23:00,0.163,5.405
2018-09-28 00:00,0.072,4.215
2018-09-28 01:00,0.008,2.472
2018-09-28 02:00,0.007,2.406
2018-09-28 03:00,0.035,3.461
2018-09-28 04:00,0.078,4.311
2018-09-28 05:00,0.115,4.848
2018-09-28 06:00,0.137,5.120
2018-09-28 07:00,0.144,5.193
2018-09-28 08:00,0.135,5.093
2018-09-28 09:00,0.116,4.856
2018-09-28 10:00,0.077,4.298
2018-09-28 11:00,0.018,2.950
2018-09-28 12:00,0.015,2.841
2018-09-28 13:00,0.160,5.373
2018-09-28 14:00,0.452,7.697
2018-09-28 15:00,0.640,9.018
2018-09-28 16:00,0.669,9.241
2018-09-28 17:00,0.643,9.037
2018-09-28 18:00,0.635,8.981
2018-09-28 19:00,0.686,9.385
2018-09-28 20:00,0.760,10.048
2018-09-28 21:00,0.826,10.774
2018-09-28 22:00,0.858,11.207
2018-09-28 23:00,0.872,11.432
2018-09-29 00:00,0.837,10.902
2018-09-29 01:00,0.691,9.416
2018-09-29 02:00,0.700,9.496
2018-09-29 03:00,0.631,8.954
2018-09-29 04:00,0.600,8.714
2018-09-29 05:00,0.602,8.734
2018-09-29 06:00,0.628,8.921
2018-09-29 07:00,0.629,8.937
2018-09-29 08:00,0.586,8.624
2018-09-29 09:00,0.539,8.285
2018-09-29 10:00,0.453,7.702
2018-09-29 11:00,0.426,7.508
2018-09-29 12:00,0.533,8.247
2018-09-29 13:00,0.679,9.327
2018-09-29 14:00,0.762,10.068
2018-09-29 15:00,0.775,10.196
2018-09-29 16:00,0.714,9.617
2018-09-29 17:00,0.612,8.810
2018-09-29 18:00,0.523,8.175
2018-09-29 19:00,0.410,7.407
2018-09-29 20:00,0.281,6.465
2018-09-29 21:00,0.181,5.575
2018-09-29 22:00,0.115,4.839
2018-09-29 23:00,0.059,3.971
2018-09-30 00:00,0.038,3.534
2018-09-30 01:00,0.003,2.058
2018-09-30 02:00,0,1.184
2018-09-30 03:00,0,0.455
2018-09-30 04:00,0,0.495
2018-09-30 05:00,0,1.120
2018-09-30 06:00,0.005,2.273
2018-09-30 07:00,0.029,3.296
2018-09-30 08:00,0.069,4.167
2018-09-30 09:00,0.084,4.392
2018-09-30 10:00,0.079,4.325
2018-09-30 11:00,0.085,4.424
2018-09-30 12:00,0.055,3.914
2018-09-30 13:00,0.063,4.055
2018-09-30 14:00,0.101,4.642
2018-09-30 15:00,0.139,5.143
2018-09-30 16:00,0.158,5.350
2018-09-30 17:00,0.139,5.143
2018-09-30 18:00,0.108,4.754
2018-09-30 19:00,0.103,4.681
2018-09-30 20:00,0.131,5.030
2018-09-30 21:00,0.170,5.480
2018-09-30 22:00,0.194,5.711
2018-09-30 23:00,0.192,5.695
2018-10-01 00:00,0.161,5.382
2018-10-01 01:00,0.148,5.238
2018-10-01 02:00,0.239,6.126
2018-10-01 03:00,0.333,6.854
2018-10-01 04:00,0.394,7.296
2018-10-01 05:00,0.451,7.686
2018-10-01 06:00,0.490,7.956
2018-10-01 07:00,0.516,8.130
2018-10-01 08:00,0.536,8.263
2018-10-01 09:00,0.533,8.246
2018-10-01 10:00,0.526,8.199
2018-10-01 11:00,0.579,8.566
2018-10-01 12:00,0.594,8.680
2018-10-01 13:00,0.564,8.464
2018-10-01 14:00,0.525,8.193
2018-10-01 15:00,0.437,7.593
2018-10-01 16:00,0.285,6.499
2018-10-01 17:00,0.145,5.206
2018-10-01 18:00,0.086,4.446
2018-10-01 19:00,0.064,4.080
2018-10-01 20:00,0.060,4.009
2018-10-01 21:00,0.054,3.883
2018-10-01 22:00,0.043,3.664
2018-10-01 23:00,0.041,3.604
2018-10-02 00:00,0.041,3.609
2018-10-02 01:00,0.006,2.280
2018-10-02 02:00,0,1.270
2018-10-02 03:00,0,0
2018-10-02 04:00,0,0
2018-10-02 05:00,0,0
2018-10-02 06:00,0,0
2018-10-02 07:00,0,0.258
2018-10-02 08:00,0,1.355
2018-10-02 09:00,0.010,2.554
2018-10-02 10:00,0.022,3.103
2018-10-02 11:00,0.012,2.674
2018-10-02 12:00,0.006,2.341
2018-10-02 13:00,0.065,4.086
2018-10-02 14:00,0.222,5.964
2018-10-02 15:00,0.358,7.042
2018-10-02 16:00,0.400,7.339
2018-10-02 17:00,0.411,7.414
2018-10-02 18:00,0.460,7.743
2018-10-02 19:00,0.509,8.076
2018-10-02 20:00,0.564,8.466
2018-10-02 21:00,0.597,8.697
2018-10-02 22:00,0.537,8.275
2018-10-02 23:00,0.446,7.649
2018-10-03 00:00,0.348,6.963
2018-10-03 01:00,0.197,5.744
2018-10-03 02:00,0.113,4.810
2018-10-03 03:00,0.132,5.052
2018-10-03 04:00,0.210,5.863
2018-10-03 05:00,0.338,6.899
2018-10-03 06:00,0.485,7.914
2018-10-03 07:00,0.591,8.654
2018-10-03 08:00,0.616,8.831
2018-10-03 09:00,0.572,8.513
2018-10-03 10:00,0.432,7.560
2018-10-03 11:00,0.302,6.620
2018-10-03 12:00,0.272,6.397
2018-10-03 13:00,0.377,7.180
2018-10-03 14:00,0.530,8.227
2018-10-03 15:00,0.680,9.333
2018-10-03 16:00,0.783,10.283
2018-10-03 17:00,0.815,10.638
2018-10-03 18:00,0.785,10.303
2018-10-03 19:00,0.666,9.222
2018-10-03 20:00,0.456,7.726
2018-10-03 21:00,0.197,5.743
2018-10-03 22:00,0.039,3.562
2018-10-03 23:00,0.002,1.942
2018-10-04 00:00,0.002,1.944
2018-10-04 01:00,0.004,2.088
2018-10-04 02:00,0,0
2018-10-04 03:00,0,0
2018-10-04 04:00,0,0
2018-10-04 05:00,0,0
2018-10-04 06:00,0,0
2018-10-04 07:00,0,0
2018-10-04 08:00,0,0.643
2018-10-04 09:00,0,1.244
2018-10-04 10:00,0.008,2.471
2018-10-04 11:00,0.049,3.795
2018-10-04 12:00,0.102,4.672
2018-10-04 13:00,0.068,4.144
2018-10-04 14:00,0.016,2.876
2018-10-04 15:00,0.048,3.770
2018-10-04 16:00,0.093,4.529
2018-10-04 17:00,0.144,5.194
2018-10-04 18:00,0.197,5.746
2018-10-04 19:00,0.211,5.878
2018-10-04 20:00,0.215,5.913
2018-10-04 21:00,0.241,6.141
2018-10-04 22:00,0.281,6.470
2018-10-04 23:00,0.329,6.825
2018-10-05 00:00,0.261,6.305
2018-10-05 01:00,0.167,5.442
2018-10-05 02:00,0.063,4.057
2018-10-05 03:00,0,0
2018-10-05 04:00,0,0
2018-10-05 05:00,0,0
2018-10-05 06:00,0,0
2018-10-05 07:00,0,0
2018-10-05 08:00,0,0.718
2018-10-05 09:00,0.067,4.127
2018-10-05 10:00,0.214,5.903
2018-10-05 11:00,0.436,7.583
2018-10-05 12:00,0.452,7.693
2018-10-05 13:00,0.422,7.485
2018-10-05 14:00,0.410,7.408
2018-10-05 15:00,0.365,7.089
2018-10-05 16:00,0.300,6.612
2018-10-05 17:00,0.261,6.309
2018-10-05 18:00,0.257,6.264
2018-10-05 19:00,0.232,6.057
2018-10-05 20:00,0.205,5.814
2018-10-05 21:00,0.199,5.762
2018-10-05 22:00,0.227,6.014
2018-10-05 23:00,0.254,6.237
2018-10-06 00:00,0.235,6.087
2018-10-06 01:00,0.146,5.215
2018-10-06 02:00,0.102,4.659
2018-10-06 03:00,0.025,3.169
2018-10-06 04:00,0,0.189
2018-10-06 05:00,0,0
2018-10-06 06:00,0,0.970
2018-10-06 07:00,0.014,2.787
2018-10-06 08:00,0.170,5.482
2018-10-06 09:00,0.244,6.164
2018-10-06 10:00,0.325,6.803
2018-10-06 11:00,0.430,7.545
2018-10-06 12:00,0.466,7.780
2018-10-06 13:00,0.478,7.866
2018-10-06 14:00,0.393,7.282
2018-10-06 15:00,0.215,5.912
2018-10-06 16:00,0.081,4.365
2018-10-06 17:00,0.051,3.833
2018-10-06 18:00,0.070,4.177
2018-10-06 19:00,0.100,4.641
2018-10-06 20:00,0.103,4.686
2018-10-06 21:00,0.087,4.449
2018-10-06 22:00,0.077,4.288
2018-10-06 23:00,0.080,4.344
2018-10-07 00:00,0.088,4.476
2018-10-07 01:00,0.039,3.554
2018-10-07 02:00,0.005,2.242
2018-10-07 03:00,0.019,2.992
2018-10-07 04:00,0.012,2.664
2018-10-07 05:00,0.029,3.292
2018-10-07 06:00,0.115,4.841
2018-10-07 07:00,0.152,5.281
2018-10-07 08:00,0.159,5.359
2018-10-07 09:00,0.182,5.599
2018-10-07 10:00,0.194,5.706
2018-10-07 11:00,0.197,5.741
2018-10-07 12:00,0.356,7.028
2018-10-07 13:00,0.586,8.622
2018-10-07 14:00,0.779,10.238
2018-10-07 15:00,0.846,11.037
2018-10-07 16:00,0.838,10.922
2018-10-07 17:00,0.781,10.256
2018-10-07 18:00,0.713,9.614
2018-10-07 19:00,0.610,8.792
2018-10-07 20:00,0.476,7.861
2018-10-07 21:00,0.374,7.156
2018-10-07 22:00,0.284,6.482
2018-10-07 23:00,0.154,5.297
2018-10-08 00:00,0.087,4.456
2018-10-08 01:00,0.023,3.124
2018-10-08 02:00,0.009,2.539
2018-10-08 03:00,0.005,2.244
2018-10-08 04:00,0,1.343
2018-10-08 05:00,0,0.963
2018-10-08 06:00,0,1.106
2018-10-08 07:00,0.001,1.590
2018-10-08 08:00,0.010,2.546
2018-10-08 09:00,0.062,4.035
2018-10-08 10:00,0.113,4.812
2018-10-08 11:00,0.173,5.509
2018-10-08 12:00,0.178,5.547
2018-10-08 13:00,0.181,5.574
2018-10-08 14:00,0.166,5.431
2018-10-08 15:00,0.127,5.000
2018-10-08 16:00,0.106,4.724
2018-10-08 17:00,0.087,4.449
2018-10-08 18:00,0.061,4.025
2018-10-08 19:00,0.053,3.866
2018-10-08 20:00,0.063,4.053
2018-10-08 21:00,0.072,4.207
2018-10-08 22:00,0.089,4.487
2018-10-08 23:00,0.112,4.798
2018-10-09 00:00,0.137,5.118
2018-10-09 01:00,0.105,4.709
2018-10-09 02:00,0.213,5.895
2018-10-09 03:00,0.311,6.695
2018-10-09 04:00,0.400,7.337
2018-10-09 05:00,0.503,8.042
2018-10-09 06:00,0.600,8.719
2018-10-09 07:00,0.672,9.260
2018-10-09 08:00,0.711,9.593
2018-10-09 09:00,0.715,9.629
2018-10-09 10:00,0.631,8.954
2018-10-09 11:00,0.604,8.746
2018-10-09 12:00,0.600,8.715
2018-10-09 13:00,0.608,8.776
2018-10-09 14:00,0.545,8.322
2018-10-09 15:00,0.401,7.343
2018-10-09 16:00,0.260,6.300
2018-10-09 17:00,0.179,5.555
2018-10-09 18:00,0.146,5.214
2018-10-09 19:00,0.134,5.077
2018-10-09 20:00,0.133,5.054
2018-10-09 21:00,0.134,5.066
2018-10-09 22:00,0.138,5.131
2018-10-09 23:00,0.138,5.130
2018-10-10 00:00,0.132,5.047
2018-10-10 01:00,0.077,4.296
2018-10-10 02:00,0.276,6.421
2018-10-10 03:00,0.484,7.912
2018-10-10 04:00,0.552,8.380
2018-10-10 05:00,0.553,8.388
2018-10-10 06:00,0.563,8.462
2018-10-10 07:00,0.598,8.704
2018-10-10 08:00,0.627,8.916
2018-10-10 09:00,0.646,9.069
2018-10-10 10:00,0.651,9.105
2018-10-10 11:00,0.696,9.464
2018-10-10 12:00,0.702,9.515
2018-10-10 13:00,0.673,9.279
2018-10-10 14:00,0.598,8.706
2018-10-10 15:00,0.416,7.440
2018-10-10 16:00,0.232,6.061
2018-10-10 17:00,0.121,4.926
2018-10-10 18:00,0.083,4.378
2018-10-10 19:00,0.070,4.174
2018-10-10 20:00,0.067,4.118
2018-10-10 21:00,0.057,3.947
2018-10-10 22:00,0.045,3.698
2018-10-10 23:00,0.034,3.440
2018-10-11 00:00,0.029,3.289
2018-10-11 01:00,0.010,2.595
2018-10-11 02:00,0.019,2.997
2018-10-11 03:00,0.004,2.173
2018-10-11 04:00,0,0.527
2018-10-11 05:00,0,0.966
2018-10-11 06:00,0.013,2.713
2018-10-11 07:00,0.156,5.333
2018-10-11 08:00,0.244,6.162
2018-10-11 09:00,0.294,6.567
2018-10-11 10:00,0.377,7.172
2018-10-11 11:00,0.481,7.894
2018-10-11 12:00,0.581,8.584
2018-10-11 13:00,0.619,8.861
2018-10-11 14:00,0.527,8.207
2018-10-11 15:00,0.336,6.882
2018-10-11 16:00,0.189,5.665
2018-10-11 17:00,0.156,5.331
2018-10-11 18:00,0.172,5.494
2018-10-11 19:00,0.185,5.627
2018-10-11 20:00,0.166,5.437
2018-10-11 21:00,0.083,4.390
2018-10-11 22:00,0.032,3.374
2018-10-11 23:00,0.023,3.126
2018-10-12 00:00,0.026,3.200
2018-10-12 01:00,0.012,2.702
2018-10-12 02:00,0.081,4.356
2018-10-12 03:00,0.161,5.383
2018-10-12 04:00,0.167,5.445
2018-10-12 05:00,0.093,4.549
2018-10-12 06:00,0.111,4.790
2018-10-12 07:00,0.193,5.700
2018-10-12 08:00,0.221,5.956
2018-10-12 09:00,0.270,6.381
2018-10-12 10:00,0.377,7.177
2018-10-12 11:00,0.476,7.859
2018-10-12 12:00,0.533,8.244
2018-10-12 13:00,0.526,8.200
2018-10-12 14:00,0.453,7.706
2018-10-12 15:00,0.281,6.460
2018-10-12 16:00,0.113,4.816
2018-10-12 17:00,0.058,3.961
2018-10-12 18:00,0.068,4.136
2018-10-12 19:00,0.085,4.414
2018-10-12 20:00,0.074,4.253
2018-10-12 21:00,0.041,3.608
2018-10-12 22:00,0.013,2.714
2018-10-12 23:00,0.009,2.543
2018-10-13 00:00,0.022,3.090
2018-10-13 01:00,0.028,3.273
2018-10-13 02:00,0.061,4.017
2018-10-13 03:00,0.118,4.883
2018-10-13 04:00,0.104,4.700
2018-10-13 05:00,0.087,4.452
2018-10-13 06:00,0.026,3.210
2018-10-13 07:00,0.039,3.567
2018-10-13 08:00,0.142,5.175
2018-10-13 09:00,0.185,5.627
2018-10-13 10:00,0.282,6.472
2018-10-13 11:00,0.365,7.081
2018-10-13 12:00,0.330,6.831
2018-10-13 13:00,0.263,6.320
2018-10-13 14:00,0.190,5.679
2018-10-13 15:00,0.106,4.727
2018-10-13 16:00,0.053,3.862
2018-10-13 17:00,0.032,3.368
2018-10-13 18:00,0.034,3.433
2018-10-13 19:00,0.056,3.920
2018-10-13 20:00,0.087,4.450
2018-10-13 21:00,0.090,4.493
2018-10-13 22:00,0.060,3.997
2018-10-13 23:00,0.034,3.443
2018-10-14 00:00,0.027,3.223
2018-10-14 01:00,0.016,2.847
2018-10-14 02:00,0.002,1.795
2018-10-14 03:00,0,0
2018-10-14 04:00,0,0
2018-10-14 05:00,0,0
2018-10-14 06:00,0,0
2018-10-14 07:00,0,1.070
2018-10-14 08:00,0.047,3.750
2018-10-14 09:00,0.148,5.237
2018-10-14 10:00,0.287,6.511
2018-10-14 11:00,0.393,7.284
2018-10-14 12:00,0.460,7.750
2018-10-14 13:00,0.534,8.253
2018-10-14 14:00,0.533,8.239
2018-10-14 15:00,0.418,7.464
2018-10-14 16:00,0.289,6.531
2018-10-14 17:00,0.254,6.240
2018-10-14 18:00,0.281,6.463
2018-10-14 19:00,0.294,6.569
2018-10-14 20:00,0.274,6.411
2018-10-14 21:00,0.245,6.166
2018-10-14 22:00,0.229,6.029
2018-10-14 23:00,0.238,6.105
2018-10-15 00:00,0.250,6.206
2018-10-15 01:00,0.171,5.487
2018-10-15 02:00,0.162,5.397
2018-10-15 03:00,0.166,5.439
2018-10-15 04:00,0.169,5.454
2018-10-15 05:00,0.156,5.323
2018-10-15 06:00,0.238,6.111
2018-10-15 07:00,0.292,6.550
2018-10-15 08:00,0.356,7.026
2018-10-15 09:00,0.476,7.859
2018-10-15 10:00,0.619,8.861
2018-10-15 11:00,0.716,9.635
2018-10-15 12:00,0.738,9.829
2018-10-15 13:00,0.705,9.547
2018-10-15 14:00,0.604,8.747
2018-10-15 15:00,0.433,7.566
2018-10-15 16:00,0.285,6.501
2018-10-15 17:00,0.206,5.824
2018-10-15 18:00,0.169,5.457
2018-10-15 19:00,0.172,5.493
2018-10-15 20:00,0.191,5.687
2018-10-15 21:00,0.191,5.682
2018-10-15 22:00,0.169,5.460
2018-10-15 23:00,0.134,5.071
2018-10-16 00:00,0.108,4.759
2018-10-16 01:00,0.074,4.244
2018-10-16 02:00,0.109,4.769
2018-10-16 03:00,0.120,4.906
2018-10-16 04:00,0.121,4.920
2018-10-16 05:00,0.055,3.893
2018-10-16 06:00,0.055,3.897
2018-10-16 07:00,0.195,5.722
2018-10-16 08:00,0.294,6.571
2018-10-16 09:00,0.457,7.729
2018-10-16 10:00,0.644,9.045
2018-10-16 11:00,0.743,9.880
2018-10-16 12:00,0.733,9.792
2018-10-16 13:00,0.705,9.541
2018-10-16 14:00,0.629,8.938
2018-10-16 15:00,0.486,7.929
2018-10-16 16:00,0.348,6.969
2018-10-16 17:00,0.272,6.394
2018-10-16 18:00,0.242,6.151
2018-10-16 19:00,0.248,6.195
2018-10-16 20:00,0.289,6.528
2018-10-16 21:00,0.326,6.810
2018-10-16 22:00,0.370,7.129
2018-10-16 23:00,0.390,7.266
2018-10-17 00:00,0.384,7.225
2018-10-17 01:00,0.380,7.189
2018-10-17 02:00,0.700,9.493
2018-10-17 03:00,0.829,10.806
2018-10-17 04:00,0.893,11.794
2018-10-17 05:00,0.940,12.919
2018-10-17 06:00,0.970,14.116
2018-10-17 07:00,0.983,14.982
2018-10-17 08:00,0.988,15.524
2018-10-17 09:00,0.989,15.706
2018-10-17 10:00,0.980,14.714
2018-10-17 11:00,0.950,13.247
2018-10-17 12:00,0.868,11.350
2018-10-17 13:00,0.735,9.805
2018-10-17 14:00,0.594,8.678
2018-10-17 15:00,0.439,7.610
2018-10-17 16:00,0.325,6.801
2018-10-17 17:00,0.254,6.244
2018-10-17 18:00,0.194,5.719
2018-10-17 19:00,0.201,5.778
2018-10-17 20:00,0.236,6.095
2018-10-17 21:00,0.232,6.060
2018-10-17 22:00,0.163,5.400
2018-10-17 23:00,0.074,4.247
2018-10-18 00:00,0.001,1.542
2018-10-18 01:00,0.001,1.649
2018-10-18 02:00,0.018,2.930
2018-10-18 03:00,0.030,3.340
2018-10-18 04:00,0.045,3.692
2018-10-18 05:00,0.076,4.274
2018-10-18 06:00,0.146,5.214
2018-10-18 07:00,0.250,6.206
2018-10-18 08:00,0.242,6.151
2018-10-18 09:00,0.216,5.920
2018-10-18 10:00,0.224,5.990
2018-10-18 11:00,0.224,5.995
2018-10-18 12:00,0.252,6.225
2018-10-18 13:00,0.215,5.912
2018-10-18 14:00,0.190,5.679
2018-10-18 15:00,0.160,5.375
2018-10-18 16:00,0.081,4.356
2018-10-18 17:00,0.043,3.646
2018-10-18 18:00,0.090,4.502
2018-10-18 19:00,0.181,5.592
2018-10-18 20:00,0.254,6.238
2018-10-18 21:00,0.335,6.872
2018-10-18 22:00,0.315,6.724
2018-10-18 23:00,0.276,6.426
2018-10-19 00:00,0.217,5.927
2018-10-19 01:00,0.127,4.999
2018-10-19 02:00,0.118,4.874
2018-10-19 03:00,0.062,4.038
2018-10-19 04:00,0,1.168
2018-10-19 05:00,0,0.450
2018-10-19 06:00,0,1.214
2018-10-19 07:00,0.003,2.073
2018-10-19 08:00,0.006,2.348
2018-10-19 09:00,0.014,2.776
2018-10-19 10:00,0.006,2.308
2018-10-19 11:00,0,1.306
2018-10-19 12:00,0.002,1.828
2018-10-19 13:00,0.034,3.435
2018-10-19 14:00,0.078,4.321
2018-10-19 15:00,0.071,4.199
2018-10-19 16:00,0.034,3.426
2018-10-19 17:00,0.009,2.523
2018-10-19 18:00,0.002,1.799
2018-10-19 19:00,0,1.365
2018-10-19 20:00,0,1.419
2018-10-19 21:00,0.006,2.280
2018-10-19 22:00,0.030,3.321
2018-10-19 23:00,0.049,3.783
2018-10-20 00:00,0.059,3.978
2018-10-20 01:00,0.057,3.937
2018-10-20 02:00,0.007,2.364
2018-10-20 03:00,0.002,1.892
2018-10-20 04:00,0.060,4.005
2018-10-20 05:00,0.212,5.884
2018-10-20 06:00,0.392,7.276
2018-10-20 07:00,0.548,8.348
2018-10-20 08:00,0.679,9.326
2018-10-20 09:00,0.780,10.244
2018-10-20 10:00,0.739,9.842
2018-10-20 11:00,0.651,9.104
2018-10-20 12:00,0.650,9.098
2018-10-20 13:00,0.637,8.998
2018-10-20 14:00,0.599,8.710
2018-10-20 15:00,0.564,8.465
2018-10-20 16:00,0.605,8.755
2018-10-20 17:00,0.677,9.310
2018-10-20 18:00,0.703,9.527
2018-10-20 19:00,0.678,9.323
2018-10-20 20:00,0.628,8.924
2018-10-20 21:00,0.502,8.030
2018-10-20 22:00,0.412,7.416
2018-10-20 23:00,0.353,7.005
2018-10-21 00:00,0.269,6.367
2018-10-21 01:00,0.203,5.792
2018-10-21 02:00,0.254,6.237
2018-10-21 03:00,0.379,7.186
2018-10-21 04:00,0.516,8.134
2018-10-21 05:00,0.645,9.051
2018-10-21 06:00,0.711,9.592
2018-10-21 07:00,0.740,9.855
2018-10-21 08:00,0.740,9.851
2018-10-21 09:00,0.692,9.424
2018-10-21 10:00,0.554,8.392
2018-10-21 11:00,0.470,7.819
2018-10-21 12:00,0.523,8.183
2018-10-21 13:00,0.678,9.320
2018-10-21 14:00,0.759,10.038
2018-10-21 15:00,0.762,10.066
2018-10-21 16:00,0.742,9.875
2018-10-21 17:00,0.678,9.316
2018-10-21 18:00,0.599,8.709
2018-10-21 19:00,0.513,8.105
2018-10-21 20:00,0.402,7.347
2018-10-21 21:00,0.287,6.515
2018-10-21 22:00,0.203,5.795
2018-10-21 23:00,0.138,5.132
2018-10-22 00:00,0.102,4.666
2018-10-22 01:00,0.067,4.128
2018-10-22 02:00,0.070,4.176
2018-10-22 03:00,0.152,5.280
2018-10-22 04:00,0.224,5.992
2018-10-22 05:00,0.301,6.616
2018-10-22 06:00,0.373,7.143
2018-10-22 07:00,0.410,7.409
2018-10-22 08:00,0.407,7.384
2018-10-22 09:00,0.357,7.038
2018-10-22 10:00,0.230,6.037
2018-10-22 11:00,0.102,4.669
2018-10-22 12:00,0.156,5.331
2018-10-22 13:00,0.406,7.370
2018-10-22 14:00,0.535,8.256
2018-10-22 15:00,0.466,7.781
2018-10-22 16:00,0.342,6.929
2018-10-22 17:00,0.270,6.381
2018-10-22 18:00,0.241,6.142
2018-10-22 19:00,0.248,6.191
2018-10-22 20:00,0.251,6.210
2018-10-22 21:00,0.225,6.001
2018-10-22 22:00,0.207,5.834
2018-10-22 23:00,0.203,5.791
2018-10-23 00:00,0.199,5.763
2018-10-23 01:00,0.144,5.192
2018-10-23 02:00,0.077,4.283
2018-10-23 03:00,0.108,4.751
2018-10-23 04:00,0.156,5.321
2018-10-23 05:00,0.204,5.809
2018-10-23 06:00,0.229,6.033
2018-10-23 07:00,0.208,5.844
2018-10-23 08:00,0.145,5.205
2018-10-23 09:00,0.067,4.124
2018-10-23 10:00,0.015,2.830
2018-10-23 11:00,0,0.109
2018-10-23 12:00,0.012,2.667
2018-10-23 13:00,0.116,4.855
2018-10-23 14:00,0.270,6.382
2018-10-23 15:00,0.401,7.344
2018-10-23 16:00,0.539,8.279
2018-10-23 17:00,0.694,9.445
2018-10-23 18:00,0.827,10.790
2018-10-23 19:00,0.862,11.257
2018-10-23 20:00,0.851,11.108
2018-10-23 21:00,0.831,10.840
2018-10-23 22:00,0.759,10.034
2018-10-23 23:00,0.650,9.094
2018-10-24 00:00,0.496,7.987
2018-10-24 01:00,0.246,6.174
2018-10-24 02:00,0.236,6.095
2018-10-24 03:00,0.520,8.151
2018-10-24 04:00,0.796,10.413
2018-10-24 05:00,0.930,12.624
2018-10-24 06:00,0.978,14.643
2018-10-24 07:00,0.992,16.305
2018-10-24 08:00,0.992,17.556
2018-10-24 09:00,0.992,17.601
2018-10-24 10:00,0.991,15.960
2018-10-24 11:00,0.964,13.808
2018-10-24 12:00,0.873,11.437
2018-10-24 13:00,0.706,9.554
2018-10-24 14:00,0.600,8.724
2018-10-24 15:00,0.351,6.987
2018-10-24 16:00,0.108,4.756
2018-10-24 17:00,0.016,2.858
2018-10-24 18:00,0,1.452
2018-10-24 19:00,0.001,1.742
2018-10-24 20:00,0.014,2.788
2018-10-24 21:00,0.027,3.253
2018-10-24 22:00,0.023,3.135
2018-10-24 23:00,0.018,2.941
2018-10-25 00:00,0.020,3.006
2018-10-25 01:00,0.012,2.688
2018-10-25 02:00,0.010,2.545
2018-10-25 03:00,0.065,4.086
2018-10-25 04:00,0.103,4.690
2018-10-25 05:00,0.149,5.255
2018-10-25 06:00,0.159,5.361
2018-10-25 07:00,0.132,5.051
2018-10-25 08:00,0.085,4.427
2018-10-25 09:00,0.048,3.773
2018-10-25 10:00,0.023,3.115
2018-10-25 11:00,0,1.361
2018-10-25 12:00,0.011,2.617
2018-10-25 13:00,0.095,4.567
2018-10-25 14:00,0.148,5.246
2018-10-25 15:00,0.128,5.013
2018-10-25 16:00,0.078,4.308
2018-10-25 17:00,0.036,3.491
2018-10-25 18:00,0.020,3.012
2018-10-25 19:00,0.027,3.226
2018-10-25 20:00,0.055,3.898
2018-10-25 21:00,0.090,4.494
2018-10-25 22:00,0.118,4.887
2018-10-25 23:00,0.143,5.187
2018-10-26 00:00,0.158,5.346
2018-10-26 01:00,0.132,5.050
2018-10-26 02:00,0.029,3.299
2018-10-26 03:00,0.037,3.512
2018-10-26 04:00,0.076,4.277
2018-10-26 05:00,0.119,4.892
2018-10-26 06:00,0.134,5.085
2018-10-26 07:00,0.137,5.111
2018-10-26 08:00,0.127,4.995
2018-10-26 09:00,0.097,4.595
2018-10-26 10:00,0.037,3.522
2018-10-26 11:00,0.023,3.110
2018-10-26 12:00,0.199,5.764
2018-10-26 13:00,0.569,8.497
2018-10-26 14:00,0.772,10.157
2018-10-26 15:00,0.802,10.483
2018-10-26 16:00,0.727,9.732
2018-10-26 17:00,0.517,8.138
2018-10-26 18:00,0.355,7.012
2018-10-26 19:00,0.302,6.618
2018-10-26 20:00,0.314,6.709
2018-10-26 21:00,0.333,6.858
2018-10-26 22:00,0.351,6.988
2018-10-26 23:00,0.333,6.851
2018-10-27 00:00,0.289,6.528
2018-10-27 01:00,0.197,5.745
2018-10-27 02:00,0.021,3.037
2018-10-27 03:00,0.010,2.581
2018-10-27 04:00,0.002,1.921
2018-10-27 05:00,0.001,1.690
2018-10-27 06:00,0.003,1.977
2018-10-27 07:00,0.008,2.460
2018-10-27 08:00,0.026,3.218
2018-10-27 09:00,0.034,3.429
2018-10-27 10:00,0.028,3.270
2018-10-27 11:00,0.004,2.125
2018-10-27 12:00,0.008,2.493
2018-10-27 13:00,0.054,3.872
2018-10-27 14:00,0.092,4.522
2018-10-27 15:00,0.073,4.236
2018-10-27 16:00,0.029,3.290
2018-10-27 17:00,0.009,2.517
2018-10-27 18:00,0.013,2.738
2018-10-27 19:00,0.028,3.270
2018-10-27 20:00,0.047,3.740
2018-10-27 21:00,0.072,4.213
2018-10-27 22:00,0.107,4.742
2018-10-27 23:00,0.169,5.469
2018-10-28 00:00,0.254,6.242
2018-10-28 01:00,0.288,6.521
2018-10-28 02:00,0.088,4.466
2018-10-28 03:00,0.025,3.177
2018-10-28 04:00,0.093,4.539
2018-10-28 05:00,0.235,6.078
2018-10-28 06:00,0.355,7.021
2018-10-28 07:00,0.366,7.093
2018-10-28 08:00,0.330,6.835
2018-10-28 09:00,0.227,6.017
2018-10-28 10:00,0.114,4.828
2018-10-28 11:00,0.150,5.266
2018-10-28 12:00,0.432,7.559
2018-10-28 13:00,0.720,9.667
2018-10-28 14:00,0.821,10.713
2018-10-28 15:00,0.821,10.706
2018-10-28 16:00,0.779,10.241
2018-10-28 17:00,0.785,10.300
2018-10-28 18:00,0.805,10.521
2018-10-28 19:00,0.807,10.541
2018-10-28 20:00,0.809,10.564
2018-10-28 21:00,0.792,10.376
2018-10-28 22:00,0.769,10.136
2018-10-28 23:00,0.761,10.056
2018-10-29 00:00,0.733,9.791
2018-10-29 01:00,0.630,8.942
2018-10-29 02:00,0.489,7.952
2018-10-29 03:00,0.536,8.272
2018-10-29 04:00,0.618,8.854
2018-10-29 05:00,0.700,9.497
2018-10-29 06:00,0.746,9.903
2018-10-29 07:00,0.769,10.137
2018-10-29 08:00,0.777,10.208
2018-10-29 09:00,0.702,9.515
2018-10-29 10:00,0.523,8.174
2018-10-29 11:00,0.584,8.610
2018-10-29 12:00,0.750,9.939
2018-10-29 13:00,0.863,11.274
2018-10-29 14:00,0.891,11.740
2018-10-29 15:00,0.863,11.276
2018-10-29 16:00,0.782,10.267
2018-10-29 17:00,0.696,9.460
2018-10-29 18:00,0.659,9.162
2018-10-29 19:00,0.645,9.058
2018-10-29 20:00,0.673,9.281
2018-10-29 21:00,0.753,9.977
2018-10-29 22:00,0.837,10.899
2018-10-29 23:00,0.858,11.204
2018-10-30 00:00,0.858,11.205
2018-10-30 01:00,0.713,9.614
2018-10-30 02:00,0.756,10.006
2018-10-30 03:00,0.711,9.581
2018-10-30 04:00,0.618,8.853
2018-10-30 05:00,0.563,8.461
2018-10-30 06:00,0.520,8.151
2018-10-30 07:00,0.452,7.694
2018-10-30 08:00,0.333,6.859
2018-10-30 09:00,0.181,5.578
2018-10-30 10:00,0.074,4.253
2018-10-30 11:00,0.022,3.082
2018-10-30 12:00,0.064,4.078
2018-10-30 13:00,0.141,5.157
2018-10-30 14:00,0.135,5.089
2018-10-30 15:00,0.078,4.311
2018-10-30 16:00,0.047,3.748
2018-10-30 17:00,0.071,4.199
2018-10-30 18:00,0.145,5.211
2018-10-30 19:00,0.248,6.193
2018-10-30 20:00,0.352,6.998
2018-10-30 21:00,0.510,8.083
2018-10-30 22:00,0.628,8.930
2018-10-30 23:00,0.698,9.482
2018-10-31 00:00,0.759,10.036
2018-10-31 01:00,0.753,9.979
2018-10-31 02:00,0.398,7.324
2018-10-31 03:00,0.177,5.538
2018-10-31 04:00,0.076,4.274
2018-10-31 05:00,0.046,3.727
2018-10-31 06:00,0.010,2.552
2018-10-31 07:00,0,0.783
2018-10-31 08:00,0,0
2018-10-31 09:00,0.016,2.881
2018-10-31 10:00,0.073,4.234
2018-10-31 11:00,0.133,5.054
2018-10-31 12:00,0.211,5.873
2018-10-31 13:00,0.204,5.796
2018-10-31 14:00,0.142,5.169
2018-10-31 15:00,0.114,4.834
2018-10-31 16:00,0.136,5.105
2018-10-31 17:00,0.213,5.888
2018-10-31 18:00,0.314,6.716
2018-10-31 19:00,0.378,7.183
2018-10-31 20:00,0.465,7.778
2018-10-31 21:00,0.529,8.226
2018-10-31 22:00,0.533,8.250
2018-10-31 23:00,0.520,8.159
2018-11-01 00:00,0.505,8.052
2018-11-01 01:00,0.463,7.766
2018-11-01 02:00,0.230,6.040
2018-11-01 03:00,0.174,5.517
2018-11-01 04:00,0.157,5.334
2018-11-01 05:00,0.141,5.163
2018-11-01 06:00,0.181,5.588
2018-11-01 07:00,0.238,6.110
2018-11-01 08:00,0.304,6.645
2018-11-01 09:00,0.247,6.186
2018-11-01 10:00,0.134,5.085
2018-11-01 11:00,0.042,3.631
2018-11-01 12:00,0.020,3.019
2018-11-01 13:00,0.032,3.393
2018-11-01 14:00,0.002,1.932
2018-11-01 15:00,0,1.259
2018-11-01 16:00,0.043,3.637
2018-11-01 17:00,0.022,3.077
2018-11-01 18:00,0.005,2.191
2018-11-01 19:00,0.003,2.061
2018-11-01 20:00,0.001,1.770
2018-11-01 21:00,0,0.928
2018-11-01 22:00,0.001,1.547
2018-11-01 23:00,0.007,2.402
2018-11-02 00:00,0.007,2.393
2018-11-02 01:00,0.002,1.817
2018-11-02 02:00,0.055,3.894
2018-11-02 03:00,0.129,5.014
2018-11-02 04:00,0.149,5.252
2018-11-02 05:00,0.171,5.483
2018-11-02 06:00,0.186,5.633
2018-11-02 07:00,0.154,5.297
2018-11-02 08:00,0.110,4.774
2018-11-02 09:00,0.062,4.030
2018-11-02 10:00,0.038,3.538
2018-11-02 11:00,0.038,3.528
2018-11-02 12:00,0.063,4.062
2018-11-02 13:00,0.092,4.527
2018-11-02 14:00,0.094,4.565
2018-11-02 15:00,0.089,4.489
2018-11-02 16:00,0.055,3.898
2018-11-02 17:00,0.030,3.340
2018-11-02 18:00,0.018,2.953
2018-11-02 19:00,0.013,2.721
2018-11-02 20:00,0.008,2.451
2018-11-02 21:00,0.004,2.151
2018-11-02 22:00,0.004,2.152
2018-11-02 23:00,0.016,2.852
2018-11-03 00:00,0.049,3.795
2018-11-03 01:00,0.070,4.176
2018-11-03 02:00,0.111,4.781
2018-11-03 03:00,0.107,4.746
2018-11-03 04:00,0.053,3.863
2018-11-03 05:00,0.091,4.516
2018-11-03 06:00,0.085,4.429
2018-11-03 07:00,0.213,5.896
2018-11-03 08:00,0.205,5.820
2018-11-03 09:00,0.136,5.103
2018-11-03 10:00,0.119,4.893
2018-11-03 11:00,0.128,5.007
2018-11-03 12:00,0.121,4.925
2018-11-03 13:00,0.118,4.871
2018-11-03 14:00,0.086,4.438
2018-11-03 15:00,0.055,3.900
2018-11-03 16:00,0.036,3.488
2018-11-03 17:00,0.030,3.341
2018-11-03 18:00,0.041,3.599
2018-11-03 19:00,0.046,3.703
2018-11-03 20:00,0.042,3.634
2018-11-03 21:00,0.040,3.591
2018-11-03 22:00,0.035,3.456
2018-11-03 23:00,0.046,3.707
2018-11-04 00:00,0.052,3.848
2018-11-04 01:00,0.026,3.217
2018-11-04 02:00,0,1.388
2018-11-04 03:00,0,0.205
2018-11-04 04:00,0,0
2018-11-04 05:00,0,0
2018-11-04 06:00,0,0
2018-11-04 07:00,0,0.983
2018-11-04 08:00,0.027,3.256
2018-11-04 09:00,0.062,4.043
2018-11-04 10:00,0.040,3.591
2018-11-04 11:00,0.001,1.683
2018-11-04 12:00,0,0.558
2018-11-04 13:00,0.002,1.845
2018-11-04 14:00,0.011,2.630
2018-11-04 15:00,0.016,2.872
2018-11-04 16:00,0.016,2.848
2018-11-04 17:00,0.007,2.419
2018-11-04 18:00,0.003,1.995
2018-11-04 19:00,0.002,1.944
2018-11-04 20:00,0.002,1.840
2018-11-04 21:00,0.001,1.766
2018-11-04 22:00,0.001,1.639
2018-11-04 23:00,0.001,1.706
2018-11-05 00:00,0.004,2.110
2018-11-05 01:00,0.005,2.190
2018-11-05 02:00,0.005,2.214
2018-11-05 03:00,0.002,1.779
2018-11-05 04:00,0,0
2018-11-05 05:00,0,0
2018-11-05 06:00,0,0
2018-11-05 07:00,0,0.748
2018-11-05 08:00,0.008,2.462
2018-11-05 09:00,0.057,3.944
2018-11-05 10:00,0.115,4.846
2018-11-05 11:00,0.155,5.306
2018-11-05 12:00,0.162,5.396
2018-11-05 13:00,0.154,5.295
2018-11-05 14:00,0.119,4.899
2018-11-05 15:00,0.070,4.177
2018-11-05 16:00,0.035,3.453
2018-11-05 17:00,0.019,2.978
2018-11-05 18:00,0.013,2.705
2018-11-05 19:00,0.008,2.483
2018-11-05 20:00,0.006,2.276
2018-11-05 21:00,0.004,2.150
2018-11-05 22:00,0.003,2.011
2018-11-05 23:00,0.003,2.008
2018-11-06 00:00,0.007,2.360
2018-11-06 01:00,0.007,2.427
2018-11-06 02:00,0.001,1.511
2018-11-06 03:00,0,1.414
2018-11-06 04:00,0.001,1.751
2018-11-06 05:00,0.011,2.639
2018-11-06 06:00,0.073,4.233
2018-11-06 07:00,0.129,5.019
2018-11-06 08:00,0.203,5.793
2018-11-06 09:00,0.286,6.506
2018-11-06 10:00,0.365,7.091
2018-11-06 11:00,0.433,7.569
2018-11-06 12:00,0.536,8.260
2018-11-06 13:00,0.628,8.923
2018-11-06 14:00,0.663,9.201
2018-11-06 15:00,0.645,9.059
2018-11-06 16:00,0.580,8.572
2018-11-06 17:00,0.636,8.984
2018-11-06 18:00,0.677,9.312
2018-11-06 19:00,0.703,9.522
2018-11-06 20:00,0.681,9.345
2018-11-06 21:00,0.725,9.715
2018-11-06 22:00,0.757,10.017
2018-11-06 23:00,0.782,10.272
2018-11-07 00:00,0.794,10.394
2018-11-07 01:00,0.705,9.544
2018-11-07 02:00,0.586,8.621
2018-11-07 03:00,0.779,10.240
2018-11-07 04:00,0.880,11.557
2018-11-07 05:00,0.922,12.429
2018-11-07 06:00,0.948,13.152
2018-11-07 07:00,0.956,13.459
2018-11-07 08:00,0.943,13.019
2018-11-07 09:00,0.855,11.149
2018-11-07 10:00,0.707,9.561
2018-11-07 11:00,0.539,8.281
2018-11-07 12:00,0.552,8.382
2018-11-07 13:00,0.609,8.788
2018-11-07 14:00,0.645,9.051
2018-11-07 15:00,0.658,9.153
2018-11-07 16:00,0.612,8.808
2018-11-07 17:00,0.586,8.619
2018-11-07 18:00,0.536,8.271
2018-11-07 19:00,0.459,7.738
2018-11-07 20:00,0.429,7.541
2018-11-07 21:00,0.413,7.418
2018-11-07 22:00,0.342,6.919
2018-11-07 23:00,0.228,6.025
2018-11-08 00:00,0.156,5.329
2018-11-08 01:00,0.127,4.999
2018-11-08 02:00,0.113,4.805
2018-11-08 03:00,0.285,6.498
2018-11-08 04:00,0.587,8.630
2018-11-08 05:00,0.748,9.926
2018-11-08 06:00,0.792,10.377
2018-11-08 07:00,0.742,9.875
2018-11-08 08:00,0.599,8.709
2018-11-08 09:00,0.318,6.742
2018-11-08 10:00,0.089,4.485
2018-11-08 11:00,0.008,2.460
2018-11-08 12:00,0.006,2.284
2018-11-08 13:00,0.007,2.408
2018-11-08 14:00,0.003,1.975
2018-11-08 15:00,0.013,2.746
2018-11-08 16:00,0.085,4.408
2018-11-08 17:00,0.203,5.791
2018-11-08 18:00,0.278,6.436
2018-11-08 19:00,0.344,6.938
2018-11-08 20:00,0.421,7.481
2018-11-08 21:00,0.240,6.128
2018-11-08 22:00,0.015,2.796
2018-11-08 23:00,0.006,2.306
2018-11-09 00:00,0.081,4.364
2018-11-09 01:00,0.102,4.663
2018-11-09 02:00,0.063,4.054
2018-11-09 03:00,0.120,4.907
2018-11-09 04:00,0.264,6.325
2018-11-09 05:00,0.461,7.752
2018-11-09 06:00,0.704,9.534
2018-11-09 07:00,0.813,10.609
2018-11-09 08:00,0.860,11.234
2018-11-09 09:00,0.837,10.907
2018-11-09 10:00,0.767,10.116
2018-11-09 11:00,0.747,9.916
2018-11-09 12:00,0.692,9.433
2018-11-09 13:00,0.660,9.168
2018-11-09 14:00,0.673,9.280
2018-11-09 15:00,0.646,9.065
2018-11-09 16:00,0.619,8.866
2018-11-09 17:00,0.592,8.663
2018-11-09 18:00,0.539,8.280
2018-11-09 19:00,0.530,8.227
2018-11-09 20:00,0.564,8.464
2018-11-09 21:00,0.595,8.682
2018-11-09 22:00,0.574,8.528
2018-11-09 23:00,0.499,8.016
2018-11-10 00:00,0.419,7.471
2018-11-10 01:00,0.276,6.430
2018-11-10 02:00,0.074,4.252
2018-11-10 03:00,0.085,4.431
2018-11-10 04:00,0.144,5.192
2018-11-10 05:00,0.226,6.004
2018-11-10 06:00,0.305,6.651
2018-11-10 07:00,0.329,6.828
2018-11-10 08:00,0.257,6.275
2018-11-10 09:00,0.118,4.879
2018-11-10 10:00,0.012,2.699
2018-11-10 11:00,0,0.702
2018-11-10 12:00,0.033,3.425
2018-11-10 13:00,0.101,4.650
2018-11-10 14:00,0.119,4.898
2018-11-10 15:00,0.121,4.926
2018-11-10 16:00,0.119,4.899
2018-11-10 17:00,0.124,4.957
2018-11-10 18:00,0.152,5.276
2018-11-10 19:00,0.203,5.795
2018-11-10 20:00,0.249,6.205
2018-11-10 21:00,0.281,6.458
2018-11-10 22:00,0.361,7.064
2018-11-10 23:00,0.421,7.483
2018-11-11 00:00,0.406,7.378
2018-11-11 01:00,0.345,6.943
2018-11-11 02:00,0.182,5.601
2018-11-11 03:00,0.151,5.273
2018-11-11 04:00,0.223,5.975
2018-11-11 05:00,0.259,6.285
2018-11-11 06:00,0.292,6.553
2018-11-11 07:00,0.295,6.572
2018-11-11 08:00,0.239,6.119
2018-11-11 09:00,0.177,5.539
2018-11-11 10:00,0.098,4.610
2018-11-11 11:00,0.016,2.882
2018-11-11 12:00,0.038,3.543
2018-11-11 13:00,0.103,4.680
2018-11-11 14:00,0.113,4.814
2018-11-11 15:00,0.077,4.305
2018-11-11 16:00,0.046,3.730
2018-11-11 17:00,0.035,3.457
2018-11-11 18:00,0.038,3.550
2018-11-11 19:00,0.048,3.756
2018-11-11 20:00,0.052,3.844
2018-11-11 21:00,0.056,3.917
2018-11-11 22:00,0.074,4.256
2018-11-11 23:00,0.101,4.645
2018-11-12 00:00,0.150,5.261
2018-11-12 01:00,0.195,5.720
2018-11-12 02:00,0.095,4.573
2018-11-12 03:00,0.006,2.290
2018-11-12 04:00,0.013,2.740
2018-11-12 05:00,0.055,3.900
2018-11-12 06:00,0.083,4.381
2018-11-12 07:00,0.073,4.233
2018-11-12 08:00,0.041,3.612
2018-11-12 09:00,0.023,3.115
2018-11-12 10:00,0.011,2.611
2018-11-12 11:00,0.005,2.271
2018-11-12 12:00,0.072,4.210
2018-11-12 13:00,0.172,5.499
2018-11-12 14:00,0.204,5.807
2018-11-12 15:00,0.240,6.128
2018-11-12 16:00,0.311,6.694
2018-11-12 17:00,0.424,7.502
2018-11-12 18:00,0.567,8.483
2018-11-12 19:00,0.668,9.234
2018-11-12 20:00,0.672,9.272
2018-11-12 21:00,0.531,8.233
2018-11-12 22:00,0.260,6.299
2018-11-12 23:00,0.065,4.098
2018-11-13 00:00,0.008,2.451
2018-11-13 01:00,0.002,1.932
2018-11-13 02:00,0,1.089
2018-11-13 03:00,0,0
2018-11-13 04:00,0,0
2018-11-13 05:00,0,1.202
2018-11-13 06:00,0.033,3.405
2018-11-13 07:00,0.066,4.103
2018-11-13 08:00,0.029,3.308
2018-11-13 09:00,0.015,2.806
2018-11-13 10:00,0.005,2.257
2018-11-13 11:00,0,1.312
2018-11-13 12:00,0,0.889
2018-11-13 13:00,0,0.221
2018-11-13 14:00,0,1.403
2018-11-13 15:00,0.014,2.793
2018-11-13 16:00,0.054,3.877
2018-11-13 17:00,0.119,4.892
2018-11-13 18:00,0.162,5.392
2018-11-13 19:00,0.159,5.365
2018-11-13 20:00,0.203,5.791
2018-11-13 21:00,0.191,5.685
2018-11-13 22:00,0.095,4.574
2018-11-13 23:00,0.093,4.539
2018-11-14 00:00,0.195,5.723
2018-11-14 01:00,0.265,6.339
2018-11-14 02:00,0.145,5.198
2018-11-14 03:00,0.037,3.521
2018-11-14 04:00,0,1.422
2018-11-14 05:00,0,0
2018-11-14 06:00,0,0
2018-11-14 07:00,0,0
2018-11-14 08:00,0,0.220
2018-11-14 09:00,0.007,2.395
2018-11-14 10:00,0.013,2.718
2018-11-14 11:00,0,1.210
2018-11-14 12:00,0,1.286
2018-11-14 13:00,0.005,2.240
2018-11-14 14:00,0.009,2.538
2018-11-14 15:00,0.010,2.546
2018-11-14 16:00,0.009,2.518
2018-11-14 17:00,0.011,2.609
2018-11-14 18:00,0.015,2.811
2018-11-14 19:00,0.020,3.001
2018-11-14 20:00,0.023,3.134
2018-11-14 21:00,0.026,3.214
2018-11-14 22:00,0.033,3.409
2018-11-14 23:00,0.047,3.742
2018-11-15 00:00,0.056,3.928
2018-11-15 01:00,0.043,3.662
2018-11-15 02:00,0.004,2.169
2018-11-15 03:00,0,0
2018-11-15 04:00,0,0
2018-11-15 05:00,0,0
2018-11-15 06:00,0,0
2018-11-15 07:00,0,0
2018-11-15 08:00,0,0.998
2018-11-15 09:00,0.021,3.039
2018-11-15 10:00,0.006,2.333
2018-11-15 11:00,0.003,2.070
2018-11-15 12:00,0.051,3.833
2018-11-15 13:00,0.100,4.631
2018-11-15 14:00,0.094,4.556
2018-11-15 15:00,0.063,4.051
2018-11-15 16:00,0.025,3.193
2018-11-15 17:00,0.015,2.806
2018-11-15 18:00,0.013,2.721
2018-11-15 19:00,0.017,2.904
2018-11-15 20:00,0.030,3.337
2018-11-15 21:00,0.048,3.759
2018-11-15 22:00,0.056,3.919
2018-11-15 23:00,0.048,3.755
2018-11-16 00:00,0.037,3.505
2018-11-16 01:00,0.028,3.268
2018-11-16 02:00,0.030,3.336
2018-11-16 03:00,0.022,3.086
2018-11-16 04:00,0.023,3.125
2018-11-16 05:00,0.049,3.793
2018-11-16 06:00,0.113,4.805
2018-11-16 07:00,0.150,5.264
2018-11-16 08:00,0.178,5.550
2018-11-16 09:00,0.204,5.806
2018-11-16 10:00,0.199,5.766
2018-11-16 11:00,0.185,5.626
2018-11-16 12:00,0.235,6.088
2018-11-16 13:00,0.308,6.667
2018-11-16 14:00,0.339,6.905
2018-11-16 15:00,0.367,7.104
2018-11-16 16:00,0.431,7.552
2018-11-16 17:00,0.461,7.755
2018-11-16 18:00,0.465,7.779
2018-11-16 19:00,0.463,7.769
2018-11-16 20:00,0.490,7.954
2018-11-16 21:00,0.533,8.248
2018-11-16 22:00,0.572,8.512
2018-11-16 23:00,0.616,8.842
2018-11-17 00:00,0.576,8.546
2018-11-17 01:00,0.591,8.658
2018-11-17 02:00,0.883,11.614
2018-11-17 03:00,0.955,13.402
2018-11-17 04:00,0.970,14.089
2018-11-17 05:00,0.977,14.532
2018-11-17 06:00,0.979,14.708
2018-11-17 07:00,0.978,14.617
2018-11-17 08:00,0.971,14.175
2018-11-17 09:00,0.949,13.196
2018-11-17 10:00,0.826,10.775
2018-11-17 11:00,0.609,8.788
2018-11-17 12:00,0.577,8.553
2018-11-17 13:00,0.572,8.517
2018-11-17 14:00,0.594,8.680
2018-11-17 15:00,0.600,8.721
2018-11-17 16:00,0.671,9.256
2018-11-17 17:00,0.752,9.972
2018-11-17 18:00,0.775,10.200
2018-11-17 19:00,0.824,10.752
2018-11-17 20:00,0.873,11.444
2018-11-17 21:00,0.872,11.430
2018-11-17 22:00,0.856,11.174
2018-11-17 23:00,0.848,11.070
2018-11-18 00:00,0.845,11.011
2018-11-18 01:00,0.773,10.165
2018-11-18 02:00,0.491,7.965
2018-11-18 03:00,0.285,6.500
2018-11-18 04:00,0.435,7.574
2018-11-18 05:00,0.636,8.985
2018-11-18 06:00,0.814,10.615
2018-11-18 07:00,0.893,11.805
2018-11-18 08:00,0.886,11.661
2018-11-18 09:00,0.761,10.052
2018-11-18 10:00,0.546,8.333
2018-11-18 11:00,0.502,8.040
2018-11-18 12:00,0.556,8.406
2018-11-18 13:00,0.603,8.739
2018-11-18 14:00,0.733,9.790
2018-11-18 15:00,0.703,9.528
2018-11-18 16:00,0.668,9.235
2018-11-18 17:00,0.621,8.878
2018-11-18 18:00,0.597,8.693
2018-11-18 19:00,0.556,8.400
2018-11-18 20:00,0.539,8.289
2018-11-18 21:00,0.574,8.540
2018-11-18 22:00,0.556,8.407
2018-11-18 23:00,0.498,8.005
2018-11-19 00:00,0.423,7.495
2018-11-19 01:00,0.318,6.738
2018-11-19 02:00,0.161,5.381
2018-11-19 03:00,0.354,7.008
2018-11-19 04:00,0.771,10.146
2018-11-19 05:00,0.923,12.440
2018-11-19 06:00,0.962,13.726
2018-11-19 07:00,0.965,13.860
2018-11-19 08:00,0.947,13.136
2018-11-19 09:00,0.843,10.998
2018-11-19 10:00,0.628,8.925
2018-11-19 11:00,0.313,6.707
2018-11-19 12:00,0.209,5.858
2018-11-19 13:00,0.159,5.357
2018-11-19 14:00,0.107,4.740
2018-11-19 15:00,0.085,4.415
2018-11-19 16:00,0.054,3.882
2018-11-19 17:00,0.022,3.102
2018-11-19 18:00,0.015,2.810
2018-11-19 19:00,0.008,2.450
2018-11-19 20:00,0.004,2.081
2018-11-19 21:00,0.003,1.959
2018-11-19 22:00,0.003,2.039
2018-11-19 23:00,0.002,1.902
2018-11-20 00:00,0.001,1.598
2018-11-20 01:00,0.002,1.815
2018-11-20 02:00,0.023,3.116
2018-11-20 03:00,0.079,4.334
2018-11-20 04:00,0.132,5.042
2018-11-20 05:00,0.183,5.604
2018-11-20 06:00,0.273,6.403
2018-11-20 07:00,0.373,7.142
2018-11-20 08:00,0.487,7.932
2018-11-20 09:00,0.561,8.438
2018-11-20 10:00,0.473,7.830
2018-11-20 11:00,0.439,7.600
2018-11-20 12:00,0.531,8.234
2018-11-20 13:00,0.628,8.922
2018-11-20 14:00,0.650,9.096
2018-11-20 15:00,0.587,8.630
2018-11-20 16:00,0.531,8.235
2018-11-20 17:00,0.517,8.141
2018-11-20 18:00,0.500,8.023
2018-11-20 19:00,0.487,7.933
2018-11-20 20:00,0.530,8.226
2018-11-20 21:00,0.533,8.242
2018-11-20 22:00,0.539,8.281
2018-11-20 23:00,0.534,8.254
2018-11-21 00:00,0.510,8.081
2018-11-21 01:00,0.454,7.709
2018-11-21 02:00,0.318,6.743
2018-11-21 03:00,0.179,5.560
2018-11-21 04:00,0.286,6.503
2018-11-21 05:00,0.447,7.650
2018-11-21 06:00,0.606,8.766
2018-11-21 07:00,0.716,9.634
2018-11-21 08:00,0.720,9.667
2018-11-21 09:00,0.595,8.683
2018-11-21 10:00,0.641,9.024
2018-11-21 11:00,0.826,10.764
2018-11-21 12:00,0.876,11.490
2018-11-21 13:00,0.892,11.775
2018-11-21 14:00,0.900,11.922
2018-11-21 15:00,0.863,11.276
2018-11-21 16:00,0.826,10.767
2018-11-21 17:00,0.809,10.562
2018-11-21 18:00,0.781,10.261
2018-11-21 19:00,0.783,10.274
2018-11-21 20:00,0.794,10.395
2018-11-21 21:00,0.768,10.122
2018-11-21 22:00,0.795,10.401
2018-11-21 23:00,0.861,11.244
2018-11-22 00:00,0.902,11.971
2018-11-22 01:00,0.911,12.155
2018-11-22 02:00,0.851,11.097
2018-11-22 03:00,0.757,10.020
2018-11-22 04:00,0.830,10.821
2018-11-22 05:00,0.851,11.097
2018-11-22 06:00,0.768,10.121
2018-11-22 07:00,0.597,8.695
2018-11-22 08:00,0.311,6.687
2018-11-22 09:00,0.065,4.099
2018-11-22 10:00,0.027,3.248
2018-11-22 11:00,0.097,4.602
2018-11-22 12:00,0.123,4.944
2018-11-22 13:00,0.133,5.060
2018-11-22 14:00,0.127,4.996
2018-11-22 15:00,0.179,5.555
2018-11-22 16:00,0.298,6.593
2018-11-22 17:00,0.468,7.808
2018-11-22 18:00,0.588,8.640
2018-11-22 19:00,0.610,8.792
2018-11-22 20:00,0.577,8.560
2018-11-22 21:00,0.572,8.520
2018-11-22 22:00,0.538,8.278
2018-11-22 23:00,0.390,7.268
2018-11-23 00:00,0.276,6.427
2018-11-23 01:00,0.213,5.888
2018-11-23 02:00,0.150,5.265
2018-11-23 03:00,0.116,4.862
2018-11-23 04:00,0.314,6.719
2018-11-23 05:00,0.546,8.339
2018-11-23 06:00,0.702,9.513
2018-11-23 07:00,0.746,9.905
2018-11-23 08:00,0.684,9.370
2018-11-23 09:00,0.586,8.626
2018-11-23 10:00,0.645,9.059
2018-11-23 11:00,0.729,9.741
2018-11-23 12:00,0.700,9.502
2018-11-23 13:00,0.610,8.794
2018-11-23 14:00,0.536,8.261
2018-11-23 15:00,0.474,7.845
2018-11-23 16:00,0.426,7.521
2018-11-23 17:00,0.456,7.726
2018-11-23 18:00,0.663,9.198
2018-11-23 19:00,0.772,10.152
2018-11-23 20:00,0.778,10.222
2018-11-23 21:00,0.781,10.255
2018-11-23 22:00,0.729,9.751
2018-11-23 23:00,0.773,10.169
2018-11-24 00:00,0.845,11.008
2018-11-24 01:00,0.871,11.413
2018-11-24 02:00,0.797,10.418
2018-11-24 03:00,0.706,9.549
2018-11-24 04:00,0.694,9.444
2018-11-24 05:00,0.596,8.689
2018-11-24 06:00,0.466,7.786
2018-11-24 07:00,0.304,6.646
2018-11-24 08:00,0.135,5.088
2018-11-24 09:00,0.029,3.304
2018-11-24 10:00,0.077,4.302
2018-11-24 11:00,0.245,6.165
2018-11-24 12:00,0.337,6.886
2018-11-24 13:00,0.355,7.020
2018-11-24 14:00,0.440,7.612
2018-11-24 15:00,0.661,9.178
2018-11-24 16:00,0.877,11.502
2018-11-24 17:00,0.972,14.216
2018-11-24 18:00,0.992,16.256
2018-11-24 19:00,0.993,17.263
2018-11-24 20:00,0.993,17.101
2018-11-24 21:00,0.993,16.940
2018-11-24 22:00,0.993,16.530
2018-11-24 23:00,0.990,15.841
2018-11-25 00:00,0.987,15.439
2018-11-25 01:00,0.983,14.986
2018-11-25 02:00,0.982,14.946
2018-11-25 03:00,0.992,16.247
2018-11-25 04:00,0.990,17.948
2018-11-25 05:00,0.981,18.739
2018-11-25 06:00,0.980,18.844
2018-11-25 07:00,0.989,18.074
2018-11-25 08:00,0.991,15.939
2018-11-25 09:00,0.931,12.663
2018-11-25 10:00,0.742,9.875
2018-11-25 11:00,0.570,8.504
2018-11-25 12:00,0.445,7.642
2018-11-25 13:00,0.429,7.536
2018-11-25 14:00,0.436,7.585
2018-11-25 15:00,0.409,7.393
2018-11-25 16:00,0.356,7.030
2018-11-25 17:00,0.284,6.479
2018-11-25 18:00,0.199,5.766
2018-11-25 19:00,0.134,5.071
2018-11-25 20:00,0.090,4.499
2018-11-25 21:00,0.052,3.850
2018-11-25 22:00,0.019,2.962
2018-11-25 23:00,0.006,2.277
2018-11-26 00:00,0.002,1.861
2018-11-26 01:00,0.001,1.756
2018-11-26 02:00,0.001,1.488
2018-11-26 03:00,0.005,2.208
2018-11-26 04:00,0.060,4.006
2018-11-26 05:00,0.202,5.783
2018-11-26 06:00,0.330,6.837
2018-11-26 07:00,0.376,7.165
2018-11-26 08:00,0.309,6.671
2018-11-26 09:00,0.169,5.465
2018-11-26 10:00,0.046,3.732
2018-11-26 11:00,0.077,4.297
2018-11-26 12:00,0.172,5.500
2018-11-26 13:00,0.198,5.753
2018-11-26 14:00,0.195,5.724
2018-11-26 15:00,0.178,5.547
2018-11-26 16:00,0.138,5.128
2018-11-26 17:00,0.128,5.003
2018-11-26 18:00,0.154,5.297
2018-11-26 19:00,0.210,5.867
2018-11-26 20:00,0.342,6.930
2018-11-26 21:00,0.502,8.034
2018-11-26 22:00,0.556,8.405
2018-11-26 23:00,0.645,9.057
2018-11-27 00:00,0.788,10.324
2018-11-27 01:00,0.855,11.173
2018-11-27 02:00,0.765,10.094
2018-11-27 03:00,0.572,8.520
2018-11-27 04:00,0.460,7.747
2018-11-27 05:00,0.348,6.964
2018-11-27 06:00,0.309,6.670
2018-11-27 07:00,0.248,6.192
2018-11-27 08:00,0.178,5.551
2018-11-27 09:00,0.188,5.657
2018-11-27 10:00,0.174,5.519
2018-11-27 11:00,0.206,5.828
2018-11-27 12:00,0.338,6.890
2018-11-27 13:00,0.539,8.286
2018-11-27 14:00,0.631,8.954
2018-11-27 15:00,0.676,9.301
2018-11-27 16:00,0.652,9.115
2018-11-27 17:00,0.747,9.913
2018-11-27 18:00,0.792,10.367
2018-11-27 19:00,0.744,9.890
2018-11-27 20:00,0.673,9.280
2018-11-27 21:00,0.625,8.901
2018-11-27 22:00,0.574,8.529
2018-11-27 23:00,0.523,8.176
2018-11-28 00:00,0.510,8.083
2018-11-28 01:00,0.476,7.856
2018-11-28 02:00,0.387,7.238
2018-11-28 03:00,0.279,6.439
2018-11-28 04:00,0.433,7.563
2018-11-28 05:00,0.490,7.956
2018-11-28 06:00,0.406,7.372
2018-11-28 07:00,0.194,5.713
2018-11-28 08:00,0.044,3.686
2018-11-28 09:00,0.018,2.944
2018-11-28 10:00,0.028,3.276
2018-11-28 11:00,0.036,3.478
2018-11-28 12:00,0.046,3.709
2018-11-28 13:00,0.040,3.592
2018-11-28 14:00,0.037,3.519
2018-11-28 15:00,0.044,3.680
2018-11-28 16:00,0.061,4.013
2018-11-28 17:00,0.090,4.505
2018-11-28 18:00,0.123,4.942
2018-11-28 19:00,0.118,4.884
2018-11-28 20:00,0.090,4.503
2018-11-28 21:00,0.059,3.981
2018-11-28 22:00,0.066,4.114
2018-11-28 23:00,0.089,4.488
2018-11-29 00:00,0.115,4.847
2018-11-29 01:00,0.155,5.310
2018-11-29 02:00,0.112,4.803
2018-11-29 03:00,0.013,2.716
2018-11-29 04:00,0,0.179
2018-11-29 05:00,0,0
2018-11-29 06:00,0,0
2018-11-29 07:00,0,0
2018-11-29 08:00,0.001,1.739
2018-11-29 09:00,0,0.540
2018-11-29 10:00,0.027,3.239
2018-11-29 11:00,0.253,6.229
2018-11-29 12:00,0.483,7.901
2018-11-29 13:00,0.685,9.379
2018-11-29 14:00,0.727,9.734
2018-11-29 15:00,0.692,9.425
2018-11-29 16:00,0.696,9.462
2018-11-29 17:00,0.710,9.577
2018-11-29 18:00,0.695,9.455
2018-11-29 19:00,0.702,9.509
2018-11-29 20:00,0.713,9.610
2018-11-29 21:00,0.666,9.223
2018-11-29 22:00,0.581,8.588
2018-11-29 23:00,0.491,7.965
2018-11-30 00:00,0.455,7.717
2018-11-30 01:00,0.340,6.912
2018-11-30 02:00,0.181,5.591
2018-11-30 03:00,0.247,6.186
2018-11-30 04:00,0.332,6.847
2018-11-30 05:00,0.417,7.460
2018-11-30 06:00,0.506,8.061
2018-11-30 07:00,0.543,8.314
2018-11-30 08:00,0.497,7.999
2018-11-30 09:00,0.345,6.950
2018-11-30 10:00,0.205,5.816
2018-11-30 11:00,0.230,6.043
2018-11-30 12:00,0.274,6.411
2018-11-30 13:00,0.228,6.023
2018-11-30 14:00,0.169,5.454
2018-11-30 15:00,0.155,5.306
2018-11-30 16:00,0.215,5.914
2018-11-30 17:00,0.381,7.208
2018-11-30 18:00,0.593,8.667
2018-11-30 19:00,0.797,10.426
2018-11-30 20:00,0.896,11.861
2018-11-30 21:00,0.939,12.887
2018-11-30 22:00,0.958,13.534
2018-11-30 23:00,0.959,13.582
2018-12-01 00:00,0.961,13.651
2018-12-01 01:00,0.944,13.026
2018-12-01 02:00,0.857,11.199
2018-12-01 03:00,0.735,9.804
2018-12-01 04:00,0.793,10.384
2018-12-01 05:00,0.809,10.571
2018-12-01 06:00,0.817,10.662
2018-12-01 07:00,0.708,9.569
2018-12-01 08:00,0.373,7.140
2018-12-01 09:00,0.279,6.446
2018-12-01 10:00,0.140,5.145
2018-12-01 11:00,0.004,2.094
2018-12-01 12:00,0,1.236
2018-12-01 13:00,0.079,4.327
2018-12-01 14:00,0.536,8.269
2018-12-01 15:00,0.913,12.207
2018-12-01 16:00,0.989,15.620
2018-12-01 17:00,0.988,18.106
2018-12-01 18:00,0.967,19.493
2018-12-01 19:00,0.986,18.328
2018-12-01 20:00,0.992,16.274
2018-12-01 21:00,0.975,14.433
2018-12-01 22:00,0.926,12.508
2018-12-01 23:00,0.798,10.436
2018-12-02 00:00,0.538,8.276
2018-12-02 01:00,0.177,5.542
2018-12-02 02:00,0.105,4.709
2018-12-02 03:00,0.114,4.836
2018-12-02 04:00,0.154,5.295
2018-12-02 05:00,0.272,6.396
2018-12-02 06:00,0.403,7.356
2018-12-02 07:00,0.470,7.816
2018-12-02 08:00,0.474,7.844
2018-12-02 09:00,0.397,7.316
2018-12-02 10:00,0.348,6.960
2018-12-02 11:00,0.361,7.063
2018-12-02 12:00,0.406,7.374
2018-12-02 13:00,0.371,7.134
2018-12-02 14:00,0.353,7.005
2018-12-02 15:00,0.398,7.321
2018-12-02 16:00,0.466,7.784
2018-12-02 17:00,0.546,8.327
2018-12-02 18:00,0.646,9.071
2018-12-02 19:00,0.719,9.657
2018-12-02 20:00,0.757,10.017
2018-12-02 21:00,0.744,9.893
2018-12-02 22:00,0.684,9.370
2018-12-02 23:00,0.587,8.628
2018-12-03 00:00,0.466,7.785
2018-12-03 01:00,0.389,7.257
2018-12-03 02:00,0.524,8.189
2018-12-03 03:00,0.767,10.107
2018-12-03 04:00,0.894,11.808
2018-12-03 05:00,0.938,12.865
2018-12-03 06:00,0.950,13.258
2018-12-03 07:00,0.940,12.918
2018-12-03 08:00,0.895,11.839
2018-12-03 09:00,0.748,9.922
2018-12-03 10:00,0.479,7.871
2018-12-03 11:00,0.251,6.223
2018-12-03 12:00,0.143,5.179
2018-12-03 13:00,0.089,4.486
2018-12-03 14:00,0.075,4.259
2018-12-03 15:00,0.085,4.429
2018-12-03 16:00,0.085,4.410
2018-12-03 17:00,0.064,4.075
2018-12-03 18:00,0.043,3.663
2018-12-03 19:00,0.044,3.669
2018-12-03 20:00,0.030,3.334
2018-12-03 21:00,0.017,2.903
2018-12-03 22:00,0.021,3.049
2018-12-03 23:00,0.037,3.495
2018-12-04 00:00,0.050,3.800
2018-12-04 01:00,0.062,4.049
2018-12-04 02:00,0.080,4.346
2018-12-04 03:00,0.168,5.449
2018-12-04 04:00,0.677,9.307
2018-12-04 05:00,0.933,12.721
2018-12-04 06:00,0.978,14.584
2018-12-04 07:00,0.986,15.265
2018-12-04 08:00,0.980,14.756
2018-12-04 09:00,0.959,13.598
2018-12-04 10:00,0.920,12.364
2018-12-04 11:00,0.896,11.863
2018-12-04 12:00,0.883,11.614
2018-12-04 13:00,0.900,11.917
2018-12-04 14:00,0.920,12.370
2018-12-04 15:00,0.920,12.372
2018-12-04 16:00,0.936,12.786
2018-12-04 17:00,0.928,12.577
2018-12-04 18:00,0.901,11.956
2018-12-04 19:00,0.863,11.275
2018-12-04 20:00,0.867,11.335
2018-12-04 21:00,0.896,11.847
2018-12-04 22:00,0.915,12.260
2018-12-04 23:00,0.926,12.524
2018-12-05 00:00,0.936,12.795
2018-12-05 01:00,0.934,12.740
2018-12-05 02:00,0.970,14.112
2018-12-05 03:00,0.985,15.235
2018-12-05 04:00,0.988,15.594
2018-12-05 05:00,0.989,15.753
2018-12-05 06:00,0.989,15.765
2018-12-05 07:00,0.989,15.674
2018-12-05 08:00,0.983,15.040
2018-12-05 09:00,0.962,13.731
2018-12-05 10:00,0.906,12.056
2018-12-05 11:00,0.796,10.412
2018-12-05 12:00,0.550,8.367
2018-12-05 13:00,0.252,6.228
2018-12-05 14:00,0.067,4.125
2018-12-05 15:00,0.008,2.469
2018-12-05 16:00,0.003,1.996
2018-12-05 17:00,0.002,1.819
2018-12-05 18:00,0.004,2.165
2018-12-05 19:00,0.005,2.203
2018-12-05 20:00,0.004,2.090
2018-12-05 21:00,0.004,2.130
2018-12-05 22:00,0.003,1.951
2018-12-05 23:00,0.001,1.486
2018-12-06 00:00,0,1.437
2018-12-06 01:00,0.001,1.539
2018-12-06 02:00,0,1.086
2018-12-06 03:00,0,0
2018-12-06 04:00,0,0
2018-12-06 05:00,0,0
2018-12-06 06:00,0,0
2018-12-06 07:00,0,0
2018-12-06 08:00,0,0
2018-12-06 09:00,0,0
2018-12-06 10:00,0.007,2.426
2018-12-06 11:00,0.019,2.992
2018-12-06 12:00,0.017,2.888
2018-12-06 13:00,0.015,2.836
2018-12-06 14:00,0.019,2.969
2018-12-06 15:00,0.019,2.972
2018-12-06 16:00,0.010,2.604
2018-12-06 17:00,0.011,2.633
2018-12-06 18:00,0.017,2.893
2018-12-06 19:00,0.017,2.919
2018-12-06 20:00,0.017,2.896
2018-12-06 21:00,0.022,3.085
2018-12-06 22:00,0.034,3.434
2018-12-06 23:00,0.038,3.536
2018-12-07 00:00,0.036,3.490
2018-12-07 01:00,0.040,3.588
2018-12-07 02:00,0.046,3.703
2018-12-07 03:00,0.008,2.475
2018-12-07 04:00,0,0
2018-12-07 05:00,0,0
2018-12-07 06:00,0,1.193
2018-12-07 07:00,0.129,5.017
2018-12-07 08:00,0.311,6.696
2018-12-07 09:00,0.523,8.171
2018-12-07 10:00,0.609,8.786
2018-12-07 11:00,0.549,8.353
2018-12-07 12:00,0.458,7.734
2018-12-07 13:00,0.416,7.448
2018-12-07 14:00,0.423,7.492
2018-12-07 15:00,0.381,7.208
2018-12-07 16:00,0.315,6.723
2018-12-07 17:00,0.277,6.434
2018-12-07 18:00,0.189,5.670
2018-12-07 19:00,0.107,4.746
2018-12-07 20:00,0.063,4.062
2018-12-07 21:00,0.039,3.558
2018-12-07 22:00,0.041,3.602
2018-12-07 23:00,0.033,3.403
2018-12-08 00:00,0.036,3.480
2018-12-08 01:00,0.023,3.106
2018-12-08 02:00,0.017,2.913
2018-12-08 03:00,0.048,3.756
2018-12-08 04:00,0.170,5.475
2018-12-08 05:00,0.265,6.335
2018-12-08 06:00,0.230,6.038
2018-12-08 07:00,0.141,5.162
2018-12-08 08:00,0.050,3.796
2018-12-08 09:00,0.003,1.960
2018-12-08 10:00,0,1.199
2018-12-08 11:00,0.077,4.284
2018-12-08 12:00,0.162,5.395
2018-12-08 13:00,0.151,5.273
2018-12-08 14:00,0.127,5.000
2018-12-08 15:00,0.187,5.649
2018-12-08 16:00,0.309,6.676
2018-12-08 17:00,0.352,6.990
2018-12-08 18:00,0.254,6.245
2018-12-08 19:00,0.197,5.740
2018-12-08 20:00,0.144,5.193
2018-12-08 21:00,0.148,5.238
2018-12-08 22:00,0.221,5.952
2018-12-08 23:00,0.299,6.607
2018-12-09 00:00,0.341,6.915
2018-12-09 01:00,0.338,6.894
2018-12-09 02:00,0.285,6.501
2018-12-09 03:00,0.351,6.985
2018-12-09 04:00,0.692,9.432
2018-12-09 05:00,0.839,10.947
2018-12-09 06:00,0.892,11.769
2018-12-09 07:00,0.892,11.768
2018-12-09 08:00,0.833,10.854
2018-12-09 09:00,0.597,8.694
2018-12-09 10:00,0.270,6.374
2018-12-09 11:00,0.238,6.117
2018-12-09 12:00,0.353,7.004
2018-12-09 13:00,0.350,6.983
2018-12-09 14:00,0.311,6.692
2018-12-09 15:00,0.213,5.896
2018-12-09 16:00,0.092,4.525
2018-12-09 17:00,0.025,3.194
2018-12-09 18:00,0.014,2.772
2018-12-09 19:00,0.023,3.123
2018-12-09 20:00,0.028,3.278
2018-12-09 21:00,0.024,3.157
2018-12-09 22:00,0.031,3.360
2018-12-09 23:00,0.036,3.482
2018-12-10 00:00,0.035,3.450
2018-12-10 01:00,0.019,2.956
2018-12-10 02:00,0.002,1.935
2018-12-10 03:00,0,1.000
2018-12-10 04:00,0,0
2018-12-10 05:00,0,0
2018-12-10 06:00,0,0
2018-12-10 07:00,0,0
2018-12-10 08:00,0.077,4.292
2018-12-10 09:00,0.217,5.930
2018-12-10 10:00,0.268,6.360
2018-12-10 11:00,0.227,6.007
2018-12-10 12:00,0.211,5.874
2018-12-10 13:00,0.261,6.306
2018-12-10 14:00,0.302,6.627
2018-12-10 15:00,0.259,6.289
2018-12-10 16:00,0.206,5.831
2018-12-10 17:00,0.182,5.599
2018-12-10 18:00,0.185,5.632
2018-12-10 19:00,0.215,5.910
2018-12-10 20:00,0.232,6.065
2018-12-10 21:00,0.245,6.168
2018-12-10 22:00,0.277,6.433
2018-12-10 23:00,0.288,6.525
2018-12-11 00:00,0.286,6.506
2018-12-11 01:00,0.272,6.393
2018-12-11 02:00,0.177,5.539
2018-12-11 03:00,0.046,3.728
2018-12-11 04:00,0.001,1.753
2018-12-11 05:00,0,0.906
2018-12-11 06:00,0,1.278
2018-12-11 07:00,0,0
2018-12-11 08:00,0,0
2018-12-11 09:00,0,0.712
2018-12-11 10:00,0.005,2.190
2018-12-11 11:00,0.074,4.243
2018-12-11 12:00,0.089,4.478
2018-12-11 13:00,0.052,3.845
2018-12-11 14:00,0.042,3.626
2018-12-11 15:00,0.046,3.711
2018-12-11 16:00,0.054,3.876
2018-12-11 17:00,0.075,4.267
2018-12-11 18:00,0.100,4.636
2018-12-11 19:00,0.105,4.707
2018-12-11 20:00,0.096,4.582
2018-12-11 21:00,0.080,4.351
2018-12-11 22:00,0.066,4.110
2018-12-11 23:00,0.052,3.840
2018-12-12 00:00,0.036,3.489
2018-12-12 01:00,0.025,3.187
2018-12-12 02:00,0.014,2.793
2018-12-12 03:00,0.009,2.535
2018-12-12 04:00,0.036,3.491
2018-12-12 05:00,0.051,3.835
2018-12-12 06:00,0.065,4.089
2018-12-12 07:00,0.065,4.094
2018-12-12 08:00,0.055,3.900
2018-12-12 09:00,0.037,3.510
2018-12-12 10:00,0.021,3.061
2018-12-12 11:00,0.068,4.143
2018-12-12 12:00,0.099,4.626
2018-12-12 13:00,0.037,3.518
2018-12-12 14:00,0.006,2.336
2018-12-12 15:00,0.002,1.915
2018-12-12 16:00,0.006,2.291
2018-12-12 17:00,0.018,2.941
2018-12-12 18:00,0.022,3.100
2018-12-12 19:00,0.013,2.747
2018-12-12 20:00,0.007,2.400
2018-12-12 21:00,0.008,2.438
2018-12-12 22:00,0.017,2.889
2018-12-12 23:00,0.026,3.200
2018-12-13 00:00,0.025,3.172
2018-12-13 01:00,0.023,3.108
2018-12-13 02:00,0.020,3.014
2018-12-13 03:00,0.004,2.163
2018-12-13 04:00,0.003,2.062
2018-12-13 05:00,0.009,2.500
2018-12-13 06:00,0.004,2.109
2018-12-13 07:00,0.015,2.806
2018-12-13 08:00,0.015,2.806
2018-12-13 09:00,0.007,2.406
2018-12-13 10:00,0.026,3.216
2018-12-13 11:00,0.186,5.636
2018-12-13 12:00,0.294,6.565
2018-12-13 13:00,0.266,6.344
2018-12-13 14:00,0.236,6.095
2018-12-13 15:00,0.239,6.120
2018-12-13 16:00,0.270,6.376
2018-12-13 17:00,0.347,6.955
2018-12-13 18:00,0.416,7.443
2018-12-13 19:00,0.441,7.615
2018-12-13 20:00,0.504,8.047
2018-12-13 21:00,0.505,8.050
2018-12-13 22:00,0.516,8.120
2018-12-13 23:00,0.509,8.077
2018-12-14 00:00,0.471,7.822
2018-12-14 01:00,0.415,7.436
2018-12-14 02:00,0.304,6.642
2018-12-14 03:00,0.403,7.352
2018-12-14 04:00,0.654,9.128
2018-12-14 05:00,0.773,10.165
2018-12-14 06:00,0.826,10.767
2018-12-14 07:00,0.840,10.956
2018-12-14 08:00,0.811,10.580
2018-12-14 09:00,0.637,8.991
2018-12-14 10:00,0.505,8.052
2018-12-14 11:00,0.585,8.617
2018-12-14 12:00,0.685,9.373
2018-12-14 13:00,0.746,9.909
2018-12-14 14:00,0.799,10.452
2018-12-14 15:00,0.814,10.626
2018-12-14 16:00,0.804,10.512
2018-12-14 17:00,0.803,10.495
2018-12-14 18:00,0.807,10.546
2018-12-14 19:00,0.817,10.653
2018-12-14 20:00,0.825,10.756
2018-12-14 21:00,0.881,11.575
2018-12-14 22:00,0.932,12.686
2018-12-14 23:00,0.929,12.598
2018-12-15 00:00,0.946,13.102
2018-12-15 01:00,0.941,12.961
2018-12-15 02:00,0.889,11.721
2018-12-15 03:00,0.899,11.902
2018-12-15 04:00,0.969,14.073
2018-12-15 05:00,0.984,15.069
2018-12-15 06:00,0.987,15.390
2018-12-15 07:00,0.986,15.269
2018-12-15 08:00,0.963,13.769
2018-12-15 09:00,0.903,12.001
2018-12-15 10:00,0.899,11.902
2018-12-15 11:00,0.913,12.213
2018-12-15 12:00,0.940,12.910
2018-12-15 13:00,0.957,13.502
2018-12-15 14:00,0.967,13.976
2018-12-15 15:00,0.968,13.988
2018-12-15 16:00,0.967,13.970
2018-12-15 17:00,0.971,14.172
2018-12-15 18:00,0.966,13.893
2018-12-15 19:00,0.959,13.603
2018-12-15 20:00,0.949,13.219
2018-12-15 21:00,0.934,12.741
2018-12-15 22:00,0.917,12.309
2018-12-15 23:00,0.893,11.781
2018-12-16 00:00,0.861,11.253
2018-12-16 01:00,0.805,10.520
2018-12-16 02:00,0.651,9.106
2018-12-16 03:00,0.451,7.689
2018-12-16 04:00,0.651,9.103
2018-12-16 05:00,0.792,10.380
2018-12-16 06:00,0.858,11.203
2018-12-16 07:00,0.867,11.346
2018-12-16 08:00,0.777,10.213
2018-12-16 09:00,0.567,8.485
2018-12-16 10:00,0.544,8.320
2018-12-16 11:00,0.681,9.346
2018-12-16 12:00,0.777,10.211
2018-12-16 13:00,0.862,11.261
2018-12-16 14:00,0.893,11.785
2018-12-16 15:00,0.909,12.131
2018-12-16 16:00,0.907,12.085
2018-12-16 17:00,0.868,11.362
2018-12-16 18:00,0.894,11.808
2018-12-16 19:00,0.897,11.884
2018-12-16 20:00,0.905,12.025
2018-12-16 21:00,0.894,11.815
2018-12-16 22:00,0.861,11.245
2018-12-16 23:00,0.817,10.652
2018-12-17 00:00,0.761,10.059
2018-12-17 01:00,0.682,9.352
2018-12-17 02:00,0.513,8.110
2018-12-17 03:00,0.290,6.533
2018-12-17 04:00,0.311,6.696
2018-12-17 05:00,0.546,8.330
2018-12-17 06:00,0.720,9.665
2018-12-17 07:00,0.772,10.165
2018-12-17 08:00,0.681,9.346
2018-12-17 09:00,0.596,8.686
2018-12-17 10:00,0.666,9.221
2018-12-17 11:00,0.837,10.907
2018-12-17 12:00,0.889,11.715
2018-12-17 13:00,0.901,11.957
2018-12-17 14:00,0.922,12.416
2018-12-17 15:00,0.940,12.901
2018-12-17 16:00,0.946,13.109
2018-12-17 17:00,0.942,12.963
2018-12-17 18:00,0.924,12.475
2018-12-17 19:00,0.896,11.863
2018-12-17 20:00,0.819,10.685
2018-12-17 21:00,0.696,9.461
2018-12-17 22:00,0.546,8.338
2018-12-17 23:00,0.365,7.092
2018-12-18 00:00,0.224,5.990
2018-12-18 01:00,0.146,5.219
2018-12-18 02:00,0.106,4.732
2018-12-18 03:00,0.039,3.551
2018-12-18 04:00,0.042,3.629
2018-12-18 05:00,0.171,5.485
2018-12-18 06:00,0.429,7.542
2018-12-18 07:00,0.490,7.956
2018-12-18 08:00,0.279,6.450
2018-12-18 09:00,0.084,4.398
2018-12-18 10:00,0.037,3.494
2018-12-18 11:00,0.146,5.224
2018-12-18 12:00,0.262,6.313
2018-12-18 13:00,0.250,6.209
2018-12-18 14:00,0.206,5.828
2018-12-18 15:00,0.160,5.369
2018-12-18 16:00,0.134,5.082
2018-12-18 17:00,0.150,5.259
2018-12-18 18:00,0.246,6.175
2018-12-18 19:00,0.365,7.083
2018-12-18 20:00,0.384,7.227
2018-12-18 21:00,0.361,7.065
2018-12-18 22:00,0.284,6.483
2018-12-18 23:00,0.125,4.965
2018-12-19 00:00,0.079,4.323
2018-12-19 01:00,0.076,4.274
2018-12-19 02:00,0.093,4.545
2018-12-19 03:00,0.172,5.502
2018-12-19 04:00,0.454,7.708
2018-12-19 05:00,0.647,9.071
2018-12-19 06:00,0.688,9.396
2018-12-19 07:00,0.677,9.315
2018-12-19 08:00,0.595,8.684
2018-12-19 09:00,0.473,7.831
2018-12-19 10:00,0.320,6.753
2018-12-19 11:00,0.237,6.096
2018-12-19 12:00,0.215,5.906
2018-12-19 13:00,0.182,5.594
2018-12-19 14:00,0.131,5.038
2018-12-19 15:00,0.118,4.875
2018-12-19 16:00,0.108,4.749
2018-12-19 17:00,0.111,4.780
2018-12-19 18:00,0.127,4.996
2018-12-19 19:00,0.160,5.369
2018-12-19 20:00,0.205,5.823
2018-12-19 21:00,0.285,6.485
2018-12-19 22:00,0.378,7.181
2018-12-19 23:00,0.456,7.721
2018-12-20 00:00,0.536,8.263
2018-12-20 01:00,0.619,8.864
2018-12-20 02:00,0.670,9.253
2018-12-20 03:00,0.843,11.001
2018-12-20 04:00,0.850,11.090
2018-12-20 05:00,0.812,10.598
2018-12-20 06:00,0.757,10.012
2018-12-20 07:00,0.690,9.414
2018-12-20 08:00,0.564,8.470
2018-12-20 09:00,0.315,6.723
2018-12-20 10:00,0.136,5.103
2018-12-20 11:00,0.165,5.427
2018-12-20 12:00,0.250,6.206
2018-12-20 13:00,0.244,6.162
2018-12-20 14:00,0.182,5.602
2018-12-20 15:00,0.108,4.750
2018-12-20 16:00,0.043,3.655
2018-12-20 17:00,0.011,2.639
2018-12-20 18:00,0.004,2.098
2018-12-20 19:00,0.004,2.086
2018-12-20 20:00,0.002,1.797
2018-12-20 21:00,0.001,1.616
2018-12-20 22:00,0.001,1.730
2018-12-20 23:00,0.001,1.555
2018-12-21 00:00,0,1.176
2018-12-21 01:00,0,1.127
2018-12-21 02:00,0,0.884
2018-12-21 03:00,0,0
2018-12-21 04:00,0,0
2018-12-21 05:00,0,0
2018-12-21 06:00,0,0
2018-12-21 07:00,0.005,2.224
2018-12-21 08:00,0.013,2.752
2018-12-21 09:00,0.021,3.066
2018-12-21 10:00,0.025,3.187
2018-12-21 11:00,0.009,2.523
2018-12-21 12:00,0.012,2.661
2018-12-21 13:00,0.018,2.928
2018-12-21 14:00,0.027,3.230
2018-12-21 15:00,0.020,3.027
2018-12-21 16:00,0.015,2.796
2018-12-21 17:00,0.042,3.629
2018-12-21 18:00,0.100,4.636
2018-12-21 19:00,0.122,4.935
2018-12-21 20:00,0.150,5.263
2018-12-21 21:00,0.165,5.423
2018-12-21 22:00,0.182,5.599
2018-12-21 23:00,0.189,5.669
2018-12-22 00:00,0.188,5.653
2018-12-22 01:00,0.196,5.731
2018-12-22 02:00,0.187,5.649
2018-12-22 03:00,0.151,5.273
2018-12-22 04:00,0.118,4.878
2018-12-22 05:00,0.068,4.139
2018-12-22 06:00,0.055,3.914
2018-12-22 07:00,0.087,4.461
2018-12-22 08:00,0.100,4.636
2018-12-22 09:00,0.143,5.185
2018-12-22 10:00,0.204,5.808
2018-12-22 11:00,0.199,5.759
2018-12-22 12:00,0.155,5.307
2018-12-22 13:00,0.141,5.163
2018-12-22 14:00,0.138,5.131
2018-12-22 15:00,0.140,5.150
2018-12-22 16:00,0.132,5.044
2018-12-22 17:00,0.109,4.771
2018-12-22 18:00,0.095,4.573
2018-12-22 19:00,0.102,4.661
2018-12-22 20:00,0.095,4.572
2018-12-22 21:00,0.073,4.238
2018-12-22 22:00,0.050,3.806
2018-12-22 23:00,0.056,3.918
2018-12-23 00:00,0.071,4.207
2018-12-23 01:00,0.069,4.156
2018-12-23 02:00,0.043,3.663
2018-12-23 03:00,0.031,3.353
2018-12-23 04:00,0.116,4.855
2018-12-23 05:00,0.232,6.066
2018-12-23 06:00,0.311,6.700
2018-12-23 07:00,0.346,6.954
2018-12-23 08:00,0.299,6.601
2018-12-23 09:00,0.156,5.331
2018-12-23 10:00,0.066,4.112
2018-12-23 11:00,0.067,4.116
2018-12-23 12:00,0.073,4.228
2018-12-23 13:00,0.043,3.638
2018-12-23 14:00,0.022,3.092
2018-12-23 15:00,0.019,2.972
2018-12-23 16:00,0.020,3.028
2018-12-23 17:00,0.036,3.483
2018-12-23 18:00,0.060,3.994
2018-12-23 19:00,0.090,4.507
2018-12-23 20:00,0.139,5.139
2018-12-23 21:00,0.228,6.025
2018-12-23 22:00,0.393,7.280
2018-12-23 23:00,0.536,8.269
2018-12-24 00:00,0.642,9.030
2018-12-24 01:00,0.669,9.239
2018-12-24 02:00,0.577,8.549
2018-12-24 03:00,0.625,8.910
2018-12-24 04:00,0.813,10.605
2018-12-24 05:00,0.862,11.262
2018-12-24 06:00,0.871,11.415
2018-12-24 07:00,0.855,11.158
2018-12-24 08:00,0.803,10.486
2018-12-24 09:00,0.615,8.828
2018-12-24 10:00,0.450,7.670
2018-12-24 11:00,0.508,8.073
2018-12-24 12:00,0.546,8.338
2018-12-24 13:00,0.516,8.130
2018-12-24 14:00,0.482,7.895
2018-12-24 15:00,0.435,7.577
2018-12-24 16:00,0.362,7.072
2018-12-24 17:00,0.348,6.971
2018-12-24 18:00,0.319,6.750
2018-12-24 19:00,0.270,6.380
2018-12-24 20:00,0.207,5.839
2018-12-24 21:00,0.138,5.132
2018-12-24 22:00,0.100,4.640
2018-12-24 23:00,0.074,4.246
2018-12-25 00:00,0.059,3.990
2018-12-25 01:00,0.047,3.745
2018-12-25 02:00,0.028,3.284
2018-12-25 03:00,0.030,3.330
2018-12-25 04:00,0.096,4.582
2018-12-25 05:00,0.150,5.258
2018-12-25 06:00,0.156,5.318
2018-12-25 07:00,0.126,4.981
2018-12-25 08:00,0.079,4.333
2018-12-25 09:00,0.020,3.011
2018-12-25 10:00,0,1.245
2018-12-25 11:00,0.016,2.861
2018-12-25 12:00,0.067,4.123
2018-12-25 13:00,0.062,4.045
2018-12-25 14:00,0.041,3.615
2018-12-25 15:00,0.024,3.152
2018-12-25 16:00,0.019,2.985
2018-12-25 17:00,0.018,2.932
2018-12-25 18:00,0.013,2.703
2018-12-25 19:00,0.010,2.609
2018-12-25 20:00,0.011,2.635
2018-12-25 21:00,0.016,2.854
2018-12-25 22:00,0.019,2.970
2018-12-25 23:00,0.014,2.768
2018-12-26 00:00,0.010,2.559
2018-12-26 01:00,0.008,2.461
2018-12-26 02:00,0.005,2.239
2018-12-26 03:00,0.003,2.066
2018-12-26 04:00,0.029,3.293
2018-12-26 05:00,0.078,4.317
2018-12-26 06:00,0.104,4.699
2018-12-26 07:00,0.085,4.419
2018-12-26 08:00,0.029,3.295
2018-12-26 09:00,0.008,2.437
2018-12-26 10:00,0.018,2.950
2018-12-26 11:00,0.060,4.006
2018-12-26 12:00,0.092,4.525
2018-12-26 13:00,0.069,4.160
2018-12-26 14:00,0.057,3.947
2018-12-26 15:00,0.059,3.967
2018-12-26 16:00,0.057,3.942
2018-12-26 17:00,0.080,4.346
2018-12-26 18:00,0.148,5.235
2018-12-26 19:00,0.246,6.171
2018-12-26 20:00,0.348,6.964
2018-12-26 21:00,0.426,7.518
2018-12-26 22:00,0.528,8.218
2018-12-26 23:00,0.593,8.668
2018-12-27 00:00,0.594,8.672
2018-12-27 01:00,0.617,8.851
2018-12-27 02:00,0.654,9.125
2018-12-27 03:00,0.577,8.557
2018-12-27 04:00,0.492,7.971
2018-12-27 05:00,0.468,7.803
2018-12-27 06:00,0.482,7.894
2018-12-27 07:00,0.569,8.491
2018-12-27 08:00,0.690,9.415
2018-12-27 09:00,0.785,10.296
2018-12-27 10:00,0.770,10.141
2018-12-27 11:00,0.703,9.530
2018-12-27 12:00,0.594,8.668
2018-12-27 13:00,0.495,7.984
2018-12-27 14:00,0.403,7.357
2018-12-27 15:00,0.346,6.952
2018-12-27 16:00,0.367,7.100
2018-12-27 17:00,0.400,7.341
2018-12-27 18:00,0.413,7.426
2018-12-27 19:00,0.406,7.375
2018-12-27 20:00,0.355,7.023
2018-12-27 21:00,0.319,6.748
2018-12-27 22:00,0.314,6.719
2018-12-27 23:00,0.311,6.698
2018-12-28 00:00,0.280,6.453
2018-12-28 01:00,0.212,5.884
2018-12-28 02:00,0.114,4.834
2018-12-28 03:00,0.047,3.733
2018-12-28 04:00,0.009,2.509
2018-12-28 05:00,0,1.343
2018-12-28 06:00,0,0.899
2018-12-28 07:00,0.006,2.322
2018-12-28 08:00,0.047,3.754
2018-12-28 09:00,0.113,4.825
2018-12-28 10:00,0.164,5.416
2018-12-28 11:00,0.169,5.459
2018-12-28 12:00,0.193,5.699
2018-12-28 13:00,0.220,5.948
2018-12-28 14:00,0.233,6.067
2018-12-28 15:00,0.251,6.220
2018-12-28 16:00,0.271,6.387
2018-12-28 17:00,0.306,6.660
2018-12-28 18:00,0.342,6.922
2018-12-28 19:00,0.356,7.025
2018-12-28 20:00,0.338,6.888
2018-12-28 21:00,0.275,6.416
2018-12-28 22:00,0.204,5.797
2018-12-28 23:00,0.136,5.105
2018-12-29 00:00,0.095,4.571
2018-12-29 01:00,0.096,4.586
2018-12-29 02:00,0.089,4.480
2018-12-29 03:00,0.047,3.746
2018-12-29 04:00,0.012,2.690
2018-12-29 05:00,0.003,1.955
2018-12-29 06:00,0,0.861
2018-12-29 07:00,0,0.168
2018-12-29 08:00,0.004,2.133
2018-12-29 09:00,0.027,3.227
2018-12-29 10:00,0.066,4.107
2018-12-29 11:00,0.113,4.816
2018-12-29 12:00,0.210,5.869
2018-12-29 13:00,0.308,6.668
2018-12-29 14:00,0.321,6.771
2018-12-29 15:00,0.226,6.006
2018-12-29 16:00,0.124,4.954
2018-12-29 17:00,0.123,4.944
2018-12-29 18:00,0.061,4.016
2018-12-29 19:00,0.036,3.474
2018-12-29 20:00,0.038,3.549
2018-12-29 21:00,0.035,3.467
2018-12-29 22:00,0.043,3.665
2018-12-29 23:00,0.058,3.951
2018-12-30 00:00,0.059,3.982
2018-12-30 01:00,0.052,3.837
2018-12-30 02:00,0.033,3.420
2018-12-30 03:00,0.107,4.735
2018-12-30 04:00,0.306,6.660
2018-12-30 05:00,0.507,8.070
2018-12-30 06:00,0.584,8.607
2018-12-30 07:00,0.533,8.246
2018-12-30 08:00,0.363,7.074
2018-12-30 09:00,0.112,4.793
2018-12-30 10:00,0.007,2.412
2018-12-30 11:00,0.005,2.262
2018-12-30 12:00,0.013,2.723
2018-12-30 13:00,0.007,2.361
2018-12-30 14:00,0.013,2.757
2018-12-30 15:00,0.034,3.440
2018-12-30 16:00,0.054,3.887
2018-12-30 17:00,0.059,3.990
2018-12-30 18:00,0.052,3.842
2018-12-30 19:00,0.055,3.903
2018-12-30 20:00,0.091,4.510
2018-12-30 21:00,0.122,4.930
2018-12-30 22:00,0.157,5.338
2018-12-30 23:00,0.145,5.206
2018-12-31 00:00,0.137,5.110
2018-12-31 01:00,0.145,5.201
2018-12-31 02:00,0.083,4.392
2018-12-31 03:00,0.019,2.996
2018-12-31 04:00,0.091,4.513
2018-12-31 05:00,0.181,5.590
2018-12-31 06:00,0.227,6.008
2018-12-31 07:00,0.217,5.932
2018-12-31 08:00,0.147,5.232
2018-12-31 09:00,0.043,3.642
2018-12-31 10:00,0.016,2.862
2018-12-31 11:00,0.073,4.225
2018-12-31 12:00,0.088,4.463
2018-12-31 13:00,0.062,4.030
2018-12-31 14:00,0.042,3.619
2018-12-31 15:00,0.032,3.367
2018-12-31 16:00,0.015,2.817
2018-12-31 17:00,0.007,2.395
2018-12-31 18:00,0.004,2.118
2018-12-31 19:00,0.003,1.986
2018-12-31 20:00,0.004,2.141
2018-12-31 21:00,0.010,2.574
2018-12-31 22:00,0.039,3.566
2018-12-31 23:00,0.076,4.276
