# Renewables.ninja Wind power (Point API) - 21.500, 111.800 - Version: 1.4 - License: https://creativecommons.org/licenses/by-nc/4.0/ - Reference: https://doi.org/10.1016/j.energy.2016.08.068
# Units: time in UTC, electricity in kW, wind_speed in m/s
# {"units": {"time": "UTC", "electricity": "kW", "wind_speed": "m/s"}, "params": {"lat": "21.5", "lon": "111.8", "date_from": "2020-01-01", "date_to": "2020-12-31", "dataset": "merra2", "capacity": "1", "height": "140", "turbine": "Vestas V164 8000", "header": "true", "raw": "true"}}
time,electricity,wind_speed
2020-01-01 00:00,0.449,8.318
2020-01-01 01:00,0.499,8.688
2020-01-01 02:00,0.492,8.644
2020-01-01 03:00,0.432,8.205
2020-01-01 04:00,0.345,7.543
2020-01-01 05:00,0.275,6.977
2020-01-01 06:00,0.243,6.685
2020-01-01 07:00,0.242,6.675
2020-01-01 08:00,0.267,6.909
2020-01-01 09:00,0.308,7.250
2020-01-01 10:00,0.362,7.680
2020-01-01 11:00,0.374,7.762
2020-01-01 12:00,0.344,7.538
2020-01-01 13:00,0.282,7.037
2020-01-01 14:00,0.206,6.333
2020-01-01 15:00,0.141,5.630
2020-01-01 16:00,0.106,5.165
2020-01-01 17:00,0.092,4.954
2020-01-01 18:00,0.094,4.988
2020-01-01 19:00,0.111,5.233
2020-01-01 20:00,0.138,5.591
2020-01-01 21:00,0.173,6.000
2020-01-01 22:00,0.208,6.356
2020-01-01 23:00,0.223,6.503
2020-01-02 00:00,0.214,6.416
2020-01-02 01:00,0.197,6.249
2020-01-02 02:00,0.158,5.829
2020-01-02 03:00,0.117,5.314
2020-01-02 04:00,0.081,4.774
2020-01-02 05:00,0.057,4.350
2020-01-02 06:00,0.052,4.239
2020-01-02 07:00,0.064,4.477
2020-01-02 08:00,0.085,4.845
2020-01-02 09:00,0.114,5.279
2020-01-02 10:00,0.141,5.625
2020-01-02 11:00,0.135,5.541
2020-01-02 12:00,0.116,5.306
2020-01-02 13:00,0.092,4.964
2020-01-02 14:00,0.071,4.613
2020-01-02 15:00,0.062,4.436
2020-01-02 16:00,0.057,4.354
2020-01-02 17:00,0.052,4.242
2020-01-02 18:00,0.048,4.142
2020-01-02 19:00,0.048,4.159
2020-01-02 20:00,0.055,4.296
2020-01-02 21:00,0.059,4.375
2020-01-02 22:00,0.057,4.345
2020-01-02 23:00,0.062,4.436
2020-01-03 00:00,0.072,4.619
2020-01-03 01:00,0.087,4.879
2020-01-03 02:00,0.086,4.864
2020-01-03 03:00,0.063,4.473
2020-01-03 04:00,0.037,3.869
2020-01-03 05:00,0.022,3.416
2020-01-03 06:00,0.026,3.555
2020-01-03 07:00,0.049,4.165
2020-01-03 08:00,0.076,4.705
2020-01-03 09:00,0.103,5.126
2020-01-03 10:00,0.117,5.319
2020-01-03 11:00,0.101,5.095
2020-01-03 12:00,0.087,4.880
2020-01-03 13:00,0.068,4.542
2020-01-03 14:00,0.046,4.113
2020-01-03 15:00,0.027,3.609
2020-01-03 16:00,0.015,3.167
2020-01-03 17:00,0.010,2.901
2020-01-03 18:00,0.009,2.811
2020-01-03 19:00,0.011,2.950
2020-01-03 20:00,0.016,3.182
2020-01-03 21:00,0.026,3.572
2020-01-03 22:00,0.048,4.157
2020-01-03 23:00,0.077,4.725
2020-01-04 00:00,0.095,5.000
2020-01-04 01:00,0.114,5.277
2020-01-04 02:00,0.113,5.270
2020-01-04 03:00,0.103,5.125
2020-01-04 04:00,0.082,4.792
2020-01-04 05:00,0.073,4.647
2020-01-04 06:00,0.094,4.990
2020-01-04 07:00,0.131,5.505
2020-01-04 08:00,0.157,5.814
2020-01-04 09:00,0.152,5.758
2020-01-04 10:00,0.132,5.512
2020-01-04 11:00,0.113,5.268
2020-01-04 12:00,0.109,5.215
2020-01-04 13:00,0.110,5.223
2020-01-04 14:00,0.100,5.076
2020-01-04 15:00,0.070,4.589
2020-01-04 16:00,0.049,4.173
2020-01-04 17:00,0.041,3.986
2020-01-04 18:00,0.037,3.883
2020-01-04 19:00,0.053,4.267
2020-01-04 20:00,0.090,4.930
2020-01-04 21:00,0.145,5.681
2020-01-04 22:00,0.198,6.255
2020-01-04 23:00,0.252,6.766
2020-01-05 00:00,0.285,7.063
2020-01-05 01:00,0.302,7.201
2020-01-05 02:00,0.265,6.883
2020-01-05 03:00,0.213,6.407
2020-01-05 04:00,0.180,6.069
2020-01-05 05:00,0.173,5.995
2020-01-05 06:00,0.179,6.051
2020-01-05 07:00,0.188,6.161
2020-01-05 08:00,0.197,6.238
2020-01-05 09:00,0.170,5.952
2020-01-05 10:00,0.136,5.558
2020-01-05 11:00,0.130,5.492
2020-01-05 12:00,0.138,5.585
2020-01-05 13:00,0.152,5.767
2020-01-05 14:00,0.182,6.086
2020-01-05 15:00,0.201,6.288
2020-01-05 16:00,0.222,6.500
2020-01-05 17:00,0.263,6.866
2020-01-05 18:00,0.259,6.829
2020-01-05 19:00,0.244,6.696
2020-01-05 20:00,0.240,6.661
2020-01-05 21:00,0.253,6.785
2020-01-05 22:00,0.293,7.129
2020-01-05 23:00,0.306,7.231
2020-01-06 00:00,0.264,6.882
2020-01-06 01:00,0.335,7.467
2020-01-06 02:00,0.374,7.765
2020-01-06 03:00,0.332,7.439
2020-01-06 04:00,0.267,6.901
2020-01-06 05:00,0.234,6.600
2020-01-06 06:00,0.228,6.553
2020-01-06 07:00,0.246,6.713
2020-01-06 08:00,0.274,6.967
2020-01-06 09:00,0.281,7.029
2020-01-06 10:00,0.251,6.755
2020-01-06 11:00,0.222,6.497
2020-01-06 12:00,0.205,6.324
2020-01-06 13:00,0.195,6.228
2020-01-06 14:00,0.218,6.453
2020-01-06 15:00,0.175,6.022
2020-01-06 16:00,0.149,5.728
2020-01-06 17:00,0.058,4.358
2020-01-06 18:00,0.003,2.245
2020-01-06 19:00,0.001,1.924
2020-01-06 20:00,0.005,2.546
2020-01-06 21:00,0.012,2.975
2020-01-06 22:00,0.029,3.641
2020-01-06 23:00,0.043,4.032
2020-01-07 00:00,0.026,3.562
2020-01-07 01:00,0.010,2.904
2020-01-07 02:00,0.003,2.217
2020-01-07 03:00,0.001,1.873
2020-01-07 04:00,0,1.546
2020-01-07 05:00,0,1.633
2020-01-07 06:00,0.002,2.204
2020-01-07 07:00,0.009,2.799
2020-01-07 08:00,0.025,3.547
2020-01-07 09:00,0.097,5.035
2020-01-07 10:00,0.199,6.262
2020-01-07 11:00,0.180,6.072
2020-01-07 12:00,0.129,5.487
2020-01-07 13:00,0.088,4.900
2020-01-07 14:00,0.065,4.507
2020-01-07 15:00,0.052,4.246
2020-01-07 16:00,0.042,4.006
2020-01-07 17:00,0.024,3.480
2020-01-07 18:00,0.005,2.500
2020-01-07 19:00,0,1.031
2020-01-07 20:00,0,1.512
2020-01-07 21:00,0.028,3.614
2020-01-07 22:00,0.147,5.696
2020-01-07 23:00,0.280,7.018
2020-01-08 00:00,0.310,7.265
2020-01-08 01:00,0.320,7.343
2020-01-08 02:00,0.328,7.408
2020-01-08 03:00,0.322,7.358
2020-01-08 04:00,0.269,6.919
2020-01-08 05:00,0.192,6.189
2020-01-08 06:00,0.156,5.800
2020-01-08 07:00,0.172,5.989
2020-01-08 08:00,0.187,6.145
2020-01-08 09:00,0.197,6.240
2020-01-08 10:00,0.215,6.430
2020-01-08 11:00,0.212,6.402
2020-01-08 12:00,0.219,6.470
2020-01-08 13:00,0.227,6.543
2020-01-08 14:00,0.210,6.375
2020-01-08 15:00,0.201,6.289
2020-01-08 16:00,0.207,6.347
2020-01-08 17:00,0.206,6.331
2020-01-08 18:00,0.221,6.480
2020-01-08 19:00,0.194,6.213
2020-01-08 20:00,0.131,5.502
2020-01-08 21:00,0.100,5.076
2020-01-08 22:00,0.084,4.837
2020-01-08 23:00,0.082,4.796
2020-01-09 00:00,0.071,4.614
2020-01-09 01:00,0.083,4.820
2020-01-09 02:00,0.100,5.084
2020-01-09 03:00,0.108,5.197
2020-01-09 04:00,0.121,5.373
2020-01-09 05:00,0.121,5.375
2020-01-09 06:00,0.099,5.063
2020-01-09 07:00,0.088,4.906
2020-01-09 08:00,0.078,4.739
2020-01-09 09:00,0.090,4.933
2020-01-09 10:00,0.120,5.357
2020-01-09 11:00,0.146,5.689
2020-01-09 12:00,0.163,5.884
2020-01-09 13:00,0.171,5.970
2020-01-09 14:00,0.181,6.079
2020-01-09 15:00,0.190,6.176
2020-01-09 16:00,0.185,6.125
2020-01-09 17:00,0.171,5.967
2020-01-09 18:00,0.155,5.789
2020-01-09 19:00,0.152,5.764
2020-01-09 20:00,0.164,5.903
2020-01-09 21:00,0.168,5.939
2020-01-09 22:00,0.147,5.695
2020-01-09 23:00,0.125,5.427
2020-01-10 00:00,0.109,5.199
2020-01-10 01:00,0.118,5.339
2020-01-10 02:00,0.129,5.480
2020-01-10 03:00,0.136,5.556
2020-01-10 04:00,0.134,5.534
2020-01-10 05:00,0.125,5.430
2020-01-10 06:00,0.114,5.274
2020-01-10 07:00,0.101,5.098
2020-01-10 08:00,0.098,5.041
2020-01-10 09:00,0.094,4.994
2020-01-10 10:00,0.077,4.721
2020-01-10 11:00,0.060,4.400
2020-01-10 12:00,0.043,4.028
2020-01-10 13:00,0.025,3.543
2020-01-10 14:00,0.014,3.105
2020-01-10 15:00,0.012,2.972
2020-01-10 16:00,0.016,3.178
2020-01-10 17:00,0.024,3.481
2020-01-10 18:00,0.030,3.698
2020-01-10 19:00,0.033,3.791
2020-01-10 20:00,0.031,3.730
2020-01-10 21:00,0.029,3.664
2020-01-10 22:00,0.029,3.642
2020-01-10 23:00,0.035,3.843
2020-01-11 00:00,0.035,3.845
2020-01-11 01:00,0.028,3.617
2020-01-11 02:00,0.015,3.133
2020-01-11 03:00,0.004,2.355
2020-01-11 04:00,0,1.689
2020-01-11 05:00,0.001,1.784
2020-01-11 06:00,0.005,2.522
2020-01-11 07:00,0.021,3.388
2020-01-11 08:00,0.046,4.097
2020-01-11 09:00,0.051,4.216
2020-01-11 10:00,0.028,3.615
2020-01-11 11:00,0.039,3.930
2020-01-11 12:00,0.198,6.256
2020-01-11 13:00,0.581,9.315
2020-01-11 14:00,0.779,11.081
2020-01-11 15:00,0.800,11.327
2020-01-11 16:00,0.789,11.198
2020-01-11 17:00,0.798,11.309
2020-01-11 18:00,0.800,11.329
2020-01-11 19:00,0.796,11.285
2020-01-11 20:00,0.802,11.364
2020-01-11 21:00,0.810,11.461
2020-01-11 22:00,0.817,11.548
2020-01-11 23:00,0.822,11.617
2020-01-12 00:00,0.800,11.327
2020-01-12 01:00,0.727,10.554
2020-01-12 02:00,0.594,9.407
2020-01-12 03:00,0.422,8.131
2020-01-12 04:00,0.229,6.561
2020-01-12 05:00,0.081,4.783
2020-01-12 06:00,0.021,3.381
2020-01-12 07:00,0.004,2.376
2020-01-12 08:00,0,1.590
2020-01-12 09:00,0.001,1.855
2020-01-12 10:00,0.003,2.216
2020-01-12 11:00,0.009,2.827
2020-01-12 12:00,0.024,3.513
2020-01-12 13:00,0.039,3.933
2020-01-12 14:00,0.036,3.848
2020-01-12 15:00,0.041,3.996
2020-01-12 16:00,0.061,4.417
2020-01-12 17:00,0.091,4.942
2020-01-12 18:00,0.118,5.333
2020-01-12 19:00,0.150,5.738
2020-01-12 20:00,0.179,6.050
2020-01-12 21:00,0.196,6.235
2020-01-12 22:00,0.205,6.327
2020-01-12 23:00,0.209,6.364
2020-01-13 00:00,0.175,6.010
2020-01-13 01:00,0.144,5.672
2020-01-13 02:00,0.121,5.372
2020-01-13 03:00,0.079,4.745
2020-01-13 04:00,0.038,3.891
2020-01-13 05:00,0.007,2.672
2020-01-13 06:00,0.004,2.376
2020-01-13 07:00,0.018,3.287
2020-01-13 08:00,0.054,4.272
2020-01-13 09:00,0.075,4.690
2020-01-13 10:00,0.134,5.539
2020-01-13 11:00,0.181,6.086
2020-01-13 12:00,0.189,6.166
2020-01-13 13:00,0.184,6.116
2020-01-13 14:00,0.184,6.120
2020-01-13 15:00,0.179,6.062
2020-01-13 16:00,0.179,6.056
2020-01-13 17:00,0.178,6.047
2020-01-13 18:00,0.166,5.922
2020-01-13 19:00,0.179,6.063
2020-01-13 20:00,0.219,6.468
2020-01-13 21:00,0.270,6.921
2020-01-13 22:00,0.324,7.377
2020-01-13 23:00,0.341,7.508
2020-01-14 00:00,0.323,7.366
2020-01-14 01:00,0.347,7.564
2020-01-14 02:00,0.331,7.435
2020-01-14 03:00,0.299,7.167
2020-01-14 04:00,0.274,6.960
2020-01-14 05:00,0.272,6.947
2020-01-14 06:00,0.279,7.005
2020-01-14 07:00,0.274,6.958
2020-01-14 08:00,0.251,6.759
2020-01-14 09:00,0.232,6.581
2020-01-14 10:00,0.238,6.648
2020-01-14 11:00,0.259,6.832
2020-01-14 12:00,0.253,6.786
2020-01-14 13:00,0.244,6.695
2020-01-14 14:00,0.239,6.658
2020-01-14 15:00,0.229,6.560
2020-01-14 16:00,0.231,6.575
2020-01-14 17:00,0.244,6.698
2020-01-14 18:00,0.253,6.781
2020-01-14 19:00,0.259,6.827
2020-01-14 20:00,0.268,6.913
2020-01-14 21:00,0.300,7.184
2020-01-14 22:00,0.346,7.553
2020-01-14 23:00,0.336,7.479
2020-01-15 00:00,0.302,7.194
2020-01-15 01:00,0.302,7.204
2020-01-15 02:00,0.281,7.028
2020-01-15 03:00,0.264,6.876
2020-01-15 04:00,0.244,6.693
2020-01-15 05:00,0.227,6.544
2020-01-15 06:00,0.220,6.472
2020-01-15 07:00,0.210,6.380
2020-01-15 08:00,0.190,6.170
2020-01-15 09:00,0.160,5.858
2020-01-15 10:00,0.138,5.594
2020-01-15 11:00,0.124,5.413
2020-01-15 12:00,0.107,5.189
2020-01-15 13:00,0.090,4.938
2020-01-15 14:00,0.093,4.976
2020-01-15 15:00,0.088,4.900
2020-01-15 16:00,0.074,4.669
2020-01-15 17:00,0.064,4.489
2020-01-15 18:00,0.061,4.429
2020-01-15 19:00,0.063,4.470
2020-01-15 20:00,0.068,4.542
2020-01-15 21:00,0.069,4.570
2020-01-15 22:00,0.073,4.635
2020-01-15 23:00,0.073,4.630
2020-01-16 00:00,0.061,4.415
2020-01-16 01:00,0.049,4.170
2020-01-16 02:00,0.033,3.783
2020-01-16 03:00,0.024,3.491
2020-01-16 04:00,0.022,3.427
2020-01-16 05:00,0.027,3.607
2020-01-16 06:00,0.032,3.741
2020-01-16 07:00,0.029,3.651
2020-01-16 08:00,0.026,3.572
2020-01-16 09:00,0.031,3.713
2020-01-16 10:00,0.032,3.755
2020-01-16 11:00,0.018,3.281
2020-01-16 12:00,0.010,2.901
2020-01-16 13:00,0.064,4.488
2020-01-16 14:00,0.310,7.270
2020-01-16 15:00,0.601,9.466
2020-01-16 16:00,0.707,10.357
2020-01-16 17:00,0.693,10.234
2020-01-16 18:00,0.685,10.161
2020-01-16 19:00,0.702,10.312
2020-01-16 20:00,0.718,10.462
2020-01-16 21:00,0.713,10.415
2020-01-16 22:00,0.696,10.265
2020-01-16 23:00,0.692,10.222
2020-01-17 00:00,0.694,10.246
2020-01-17 01:00,0.651,9.872
2020-01-17 02:00,0.549,9.067
2020-01-17 03:00,0.423,8.135
2020-01-17 04:00,0.299,7.174
2020-01-17 05:00,0.200,6.278
2020-01-17 06:00,0.140,5.620
2020-01-17 07:00,0.112,5.257
2020-01-17 08:00,0.104,5.134
2020-01-17 09:00,0.117,5.313
2020-01-17 10:00,0.177,6.033
2020-01-17 11:00,0.276,6.979
2020-01-17 12:00,0.389,7.884
2020-01-17 13:00,0.465,8.443
2020-01-17 14:00,0.488,8.615
2020-01-17 15:00,0.470,8.482
2020-01-17 16:00,0.432,8.202
2020-01-17 17:00,0.389,7.876
2020-01-17 18:00,0.346,7.556
2020-01-17 19:00,0.308,7.249
2020-01-17 20:00,0.278,6.995
2020-01-17 21:00,0.260,6.839
2020-01-17 22:00,0.251,6.755
2020-01-17 23:00,0.233,6.597
2020-01-18 00:00,0.192,6.196
2020-01-18 01:00,0.161,5.864
2020-01-18 02:00,0.127,5.447
2020-01-18 03:00,0.092,4.960
2020-01-18 04:00,0.060,4.397
2020-01-18 05:00,0.031,3.717
2020-01-18 06:00,0.016,3.191
2020-01-18 07:00,0.024,3.504
2020-01-18 08:00,0.052,4.234
2020-01-18 09:00,0.092,4.961
2020-01-18 10:00,0.139,5.606
2020-01-18 11:00,0.143,5.655
2020-01-18 12:00,0.124,5.419
2020-01-18 13:00,0.100,5.077
2020-01-18 14:00,0.089,4.918
2020-01-18 15:00,0.095,5.006
2020-01-18 16:00,0.124,5.415
2020-01-18 17:00,0.167,5.935
2020-01-18 18:00,0.208,6.351
2020-01-18 19:00,0.238,6.642
2020-01-18 20:00,0.258,6.822
2020-01-18 21:00,0.274,6.970
2020-01-18 22:00,0.299,7.175
2020-01-18 23:00,0.321,7.349
2020-01-19 00:00,0.339,7.491
2020-01-19 01:00,0.334,7.457
2020-01-19 02:00,0.309,7.253
2020-01-19 03:00,0.278,6.992
2020-01-19 04:00,0.242,6.674
2020-01-19 05:00,0.181,6.077
2020-01-19 06:00,0.135,5.551
2020-01-19 07:00,0.114,5.278
2020-01-19 08:00,0.117,5.310
2020-01-19 09:00,0.138,5.598
2020-01-19 10:00,0.183,6.106
2020-01-19 11:00,0.208,6.349
2020-01-19 12:00,0.208,6.354
2020-01-19 13:00,0.200,6.284
2020-01-19 14:00,0.201,6.294
2020-01-19 15:00,0.215,6.430
2020-01-19 16:00,0.236,6.618
2020-01-19 17:00,0.259,6.832
2020-01-19 18:00,0.275,6.971
2020-01-19 19:00,0.288,7.076
2020-01-19 20:00,0.299,7.180
2020-01-19 21:00,0.297,7.156
2020-01-19 22:00,0.299,7.173
2020-01-19 23:00,0.276,6.980
2020-01-20 00:00,0.236,6.632
2020-01-20 01:00,0.196,6.236
2020-01-20 02:00,0.146,5.691
2020-01-20 03:00,0.107,5.189
2020-01-20 04:00,0.087,4.873
2020-01-20 05:00,0.074,4.660
2020-01-20 06:00,0.072,4.620
2020-01-20 07:00,0.081,4.781
2020-01-20 08:00,0.090,4.936
2020-01-20 09:00,0.100,5.090
2020-01-20 10:00,0.134,5.535
2020-01-20 11:00,0.163,5.892
2020-01-20 12:00,0.182,6.092
2020-01-20 13:00,0.206,6.328
2020-01-20 14:00,0.208,6.357
2020-01-20 15:00,0.170,5.960
2020-01-20 16:00,0.119,5.347
2020-01-20 17:00,0.083,4.811
2020-01-20 18:00,0.071,4.605
2020-01-20 19:00,0.079,4.752
2020-01-20 20:00,0.100,5.067
2020-01-20 21:00,0.123,5.408
2020-01-20 22:00,0.150,5.733
2020-01-20 23:00,0.157,5.815
2020-01-21 00:00,0.151,5.755
2020-01-21 01:00,0.157,5.819
2020-01-21 02:00,0.157,5.818
2020-01-21 03:00,0.159,5.848
2020-01-21 04:00,0.155,5.783
2020-01-21 05:00,0.147,5.695
2020-01-21 06:00,0.142,5.639
2020-01-21 07:00,0.152,5.758
2020-01-21 08:00,0.177,6.031
2020-01-21 09:00,0.210,6.375
2020-01-21 10:00,0.247,6.727
2020-01-21 11:00,0.258,6.824
2020-01-21 12:00,0.208,6.360
2020-01-21 13:00,0.137,5.566
2020-01-21 14:00,0.083,4.807
2020-01-21 15:00,0.047,4.124
2020-01-21 16:00,0.051,4.224
2020-01-21 17:00,0.083,4.809
2020-01-21 18:00,0.097,5.028
2020-01-21 19:00,0.104,5.139
2020-01-21 20:00,0.112,5.256
2020-01-21 21:00,0.107,5.190
2020-01-21 22:00,0.085,4.852
2020-01-21 23:00,0.046,4.105
2020-01-22 00:00,0.024,3.511
2020-01-22 01:00,0.024,3.504
2020-01-22 02:00,0.018,3.271
2020-01-22 03:00,0.015,3.146
2020-01-22 04:00,0.026,3.565
2020-01-22 05:00,0.038,3.903
2020-01-22 06:00,0.050,4.188
2020-01-22 07:00,0.069,4.585
2020-01-22 08:00,0.078,4.742
2020-01-22 09:00,0.078,4.734
2020-01-22 10:00,0.077,4.718
2020-01-22 11:00,0.094,4.985
2020-01-22 12:00,0.102,5.115
2020-01-22 13:00,0.094,4.992
2020-01-22 14:00,0.092,4.954
2020-01-22 15:00,0.088,4.906
2020-01-22 16:00,0.069,4.570
2020-01-22 17:00,0.056,4.326
2020-01-22 18:00,0.042,4.019
2020-01-22 19:00,0.024,3.493
2020-01-22 20:00,0.014,3.108
2020-01-22 21:00,0.013,3.054
2020-01-22 22:00,0.022,3.433
2020-01-22 23:00,0.035,3.837
2020-01-23 00:00,0.038,3.896
2020-01-23 01:00,0.047,4.118
2020-01-23 02:00,0.064,4.490
2020-01-23 03:00,0.086,4.860
2020-01-23 04:00,0.111,5.246
2020-01-23 05:00,0.138,5.580
2020-01-23 06:00,0.151,5.748
2020-01-23 07:00,0.156,5.797
2020-01-23 08:00,0.157,5.823
2020-01-23 09:00,0.154,5.779
2020-01-23 10:00,0.138,5.589
2020-01-23 11:00,0.119,5.355
2020-01-23 12:00,0.107,5.190
2020-01-23 13:00,0.079,4.748
2020-01-23 14:00,0.052,4.238
2020-01-23 15:00,0.043,4.040
2020-01-23 16:00,0.053,4.254
2020-01-23 17:00,0.068,4.552
2020-01-23 18:00,0.085,4.855
2020-01-23 19:00,0.093,4.983
2020-01-23 20:00,0.101,5.097
2020-01-23 21:00,0.121,5.381
2020-01-23 22:00,0.138,5.582
2020-01-23 23:00,0.126,5.442
2020-01-24 00:00,0.107,5.185
2020-01-24 01:00,0.117,5.317
2020-01-24 02:00,0.129,5.484
2020-01-24 03:00,0.131,5.500
2020-01-24 04:00,0.124,5.409
2020-01-24 05:00,0.147,5.698
2020-01-24 06:00,0.188,6.155
2020-01-24 07:00,0.125,5.424
2020-01-24 08:00,0.117,5.315
2020-01-24 09:00,0.120,5.367
2020-01-24 10:00,0.124,5.416
2020-01-24 11:00,0.145,5.677
2020-01-24 12:00,0.206,6.333
2020-01-24 13:00,0.283,7.045
2020-01-24 14:00,0.319,7.341
2020-01-24 15:00,0.359,7.643
2020-01-24 16:00,0.450,8.336
2020-01-24 17:00,0.519,8.845
2020-01-24 18:00,0.471,8.486
2020-01-24 19:00,0.229,6.566
2020-01-24 20:00,0.128,5.467
2020-01-24 21:00,0.187,6.143
2020-01-24 22:00,0.262,6.857
2020-01-24 23:00,0.255,6.804
2020-01-25 00:00,0.232,6.582
2020-01-25 01:00,0.426,8.158
2020-01-25 02:00,0.346,7.556
2020-01-25 03:00,0.352,7.594
2020-01-25 04:00,0.531,8.932
2020-01-25 05:00,0.450,8.336
2020-01-25 06:00,0.395,7.921
2020-01-25 07:00,0.475,8.522
2020-01-25 08:00,0.515,8.818
2020-01-25 09:00,0.553,9.099
2020-01-25 10:00,0.591,9.389
2020-01-25 11:00,0.587,9.362
2020-01-25 12:00,0.646,9.827
2020-01-25 13:00,0.735,10.622
2020-01-25 14:00,0.758,10.860
2020-01-25 15:00,0.787,11.185
2020-01-25 16:00,0.819,11.572
2020-01-25 17:00,0.734,10.613
2020-01-25 18:00,0.751,10.793
2020-01-25 19:00,0.748,10.752
2020-01-25 20:00,0.803,11.372
2020-01-25 21:00,0.773,11.017
2020-01-25 22:00,0.746,10.732
2020-01-25 23:00,0.791,11.222
2020-01-26 00:00,0.791,11.230
2020-01-26 01:00,0.776,11.060
2020-01-26 02:00,0.763,10.912
2020-01-26 03:00,0.691,10.210
2020-01-26 04:00,0.493,8.646
2020-01-26 05:00,0.338,7.485
2020-01-26 06:00,0.277,6.988
2020-01-26 07:00,0.250,6.750
2020-01-26 08:00,0.175,6.011
2020-01-26 09:00,0.194,6.209
2020-01-26 10:00,0.295,7.136
2020-01-26 11:00,0.369,7.730
2020-01-26 12:00,0.462,8.418
2020-01-26 13:00,0.693,10.238
2020-01-26 14:00,0.802,11.361
2020-01-26 15:00,0.807,11.421
2020-01-26 16:00,0.826,11.654
2020-01-26 17:00,0.838,11.830
2020-01-26 18:00,0.852,12.045
2020-01-26 19:00,0.871,12.334
2020-01-26 20:00,0.903,12.937
2020-01-26 21:00,0.924,13.441
2020-01-26 22:00,0.899,12.870
2020-01-26 23:00,0.812,11.479
2020-01-27 00:00,0.781,11.109
2020-01-27 01:00,0.735,10.630
2020-01-27 02:00,0.616,9.578
2020-01-27 03:00,0.458,8.394
2020-01-27 04:00,0.329,7.416
2020-01-27 05:00,0.238,6.648
2020-01-27 06:00,0.177,6.034
2020-01-27 07:00,0.171,5.971
2020-01-27 08:00,0.262,6.859
2020-01-27 09:00,0.227,6.545
2020-01-27 10:00,0.045,4.091
2020-01-27 11:00,0.173,5.996
2020-01-27 12:00,0.256,6.813
2020-01-27 13:00,0.393,7.911
2020-01-27 14:00,0.608,9.527
2020-01-27 15:00,0.751,10.786
2020-01-27 16:00,0.790,11.213
2020-01-27 17:00,0.663,9.974
2020-01-27 18:00,0.618,9.600
2020-01-27 19:00,0.649,9.854
2020-01-27 20:00,0.613,9.565
2020-01-27 21:00,0.678,10.094
2020-01-27 22:00,0.722,10.501
2020-01-27 23:00,0.763,10.906
2020-01-28 00:00,0.766,10.951
2020-01-28 01:00,0.736,10.638
2020-01-28 02:00,0.641,9.787
2020-01-28 03:00,0.500,8.703
2020-01-28 04:00,0.351,7.580
2020-01-28 05:00,0.241,6.666
2020-01-28 06:00,0.188,6.157
2020-01-28 07:00,0.181,6.084
2020-01-28 08:00,0.204,6.320
2020-01-28 09:00,0.218,6.453
2020-01-28 10:00,0.229,6.558
2020-01-28 11:00,0.259,6.833
2020-01-28 12:00,0.315,7.306
2020-01-28 13:00,0.393,7.914
2020-01-28 14:00,0.490,8.634
2020-01-28 15:00,0.590,9.383
2020-01-28 16:00,0.694,10.244
2020-01-28 17:00,0.774,11.031
2020-01-28 18:00,0.823,11.622
2020-01-28 19:00,0.852,12.036
2020-01-28 20:00,0.861,12.177
2020-01-28 21:00,0.877,12.446
2020-01-28 22:00,0.887,12.620
2020-01-28 23:00,0.872,12.353
2020-01-29 00:00,0.871,12.337
2020-01-29 01:00,0.836,11.803
2020-01-29 02:00,0.749,10.772
2020-01-29 03:00,0.608,9.516
2020-01-29 04:00,0.450,8.333
2020-01-29 05:00,0.317,7.323
2020-01-29 06:00,0.219,6.460
2020-01-29 07:00,0.168,5.940
2020-01-29 08:00,0.159,5.842
2020-01-29 09:00,0.170,5.959
2020-01-29 10:00,0.212,6.396
2020-01-29 11:00,0.269,6.918
2020-01-29 12:00,0.319,7.337
2020-01-29 13:00,0.377,7.795
2020-01-29 14:00,0.450,8.327
2020-01-29 15:00,0.533,8.952
2020-01-29 16:00,0.611,9.543
2020-01-29 17:00,0.666,9.998
2020-01-29 18:00,0.705,10.329
2020-01-29 19:00,0.733,10.606
2020-01-29 20:00,0.764,10.922
2020-01-29 21:00,0.797,11.297
2020-01-29 22:00,0.818,11.563
2020-01-29 23:00,0.815,11.510
2020-01-30 00:00,0.827,11.683
2020-01-30 01:00,0.840,11.859
2020-01-30 02:00,0.804,11.379
2020-01-30 03:00,0.724,10.518
2020-01-30 04:00,0.601,9.464
2020-01-30 05:00,0.466,8.452
2020-01-30 06:00,0.339,7.489
2020-01-30 07:00,0.245,6.705
2020-01-30 08:00,0.184,6.111
2020-01-30 09:00,0.150,5.742
2020-01-30 10:00,0.134,5.534
2020-01-30 11:00,0.113,5.262
2020-01-30 12:00,0.090,4.931
2020-01-30 13:00,0.072,4.618
2020-01-30 14:00,0.066,4.512
2020-01-30 15:00,0.100,5.074
2020-01-30 16:00,0.199,6.262
2020-01-30 17:00,0.355,7.616
2020-01-30 18:00,0.501,8.705
2020-01-30 19:00,0.588,9.366
2020-01-30 20:00,0.606,9.504
2020-01-30 21:00,0.594,9.410
2020-01-30 22:00,0.570,9.230
2020-01-30 23:00,0.533,8.952
2020-01-31 00:00,0.426,8.151
2020-01-31 01:00,0.406,8.006
2020-01-31 02:00,0.319,7.335
2020-01-31 03:00,0.215,6.427
2020-01-31 04:00,0.131,5.512
2020-01-31 05:00,0.081,4.775
2020-01-31 06:00,0.060,4.397
2020-01-31 07:00,0.057,4.345
2020-01-31 08:00,0.068,4.550
2020-01-31 09:00,0.103,5.122
2020-01-31 10:00,0.148,5.714
2020-01-31 11:00,0.162,5.876
2020-01-31 12:00,0.172,5.986
2020-01-31 13:00,0.175,6.021
2020-01-31 14:00,0.172,5.978
2020-01-31 15:00,0.171,5.968
2020-01-31 16:00,0.171,5.962
2020-01-31 17:00,0.169,5.947
2020-01-31 18:00,0.172,5.986
2020-01-31 19:00,0.189,6.166
2020-01-31 20:00,0.211,6.393
2020-01-31 21:00,0.232,6.583
2020-01-31 22:00,0.250,6.743
2020-01-31 23:00,0.266,6.899
2020-02-01 00:00,0.235,6.614
2020-02-01 01:00,0.252,6.775
2020-02-01 02:00,0.228,6.550
2020-02-01 03:00,0.191,6.187
2020-02-01 04:00,0.175,6.018
2020-02-01 05:00,0.179,6.060
2020-02-01 06:00,0.175,6.017
2020-02-01 07:00,0.158,5.836
2020-02-01 08:00,0.150,5.743
2020-02-01 09:00,0.157,5.825
2020-02-01 10:00,0.179,6.068
2020-02-01 11:00,0.190,6.176
2020-02-01 12:00,0.202,6.300
2020-02-01 13:00,0.215,6.431
2020-02-01 14:00,0.217,6.439
2020-02-01 15:00,0.187,6.146
2020-02-01 16:00,0.146,5.693
2020-02-01 17:00,0.128,5.469
2020-02-01 18:00,0.138,5.600
2020-02-01 19:00,0.169,5.947
2020-02-01 20:00,0.191,6.185
2020-02-01 21:00,0.213,6.411
2020-02-01 22:00,0.240,6.663
2020-02-01 23:00,0.250,6.750
2020-02-02 00:00,0.225,6.525
2020-02-02 01:00,0.236,6.624
2020-02-02 02:00,0.226,6.537
2020-02-02 03:00,0.172,5.989
2020-02-02 04:00,0.118,5.330
2020-02-02 05:00,0.095,5.008
2020-02-02 06:00,0.101,5.104
2020-02-02 07:00,0.117,5.316
2020-02-02 08:00,0.134,5.537
2020-02-02 09:00,0.141,5.636
2020-02-02 10:00,0.154,5.777
2020-02-02 11:00,0.186,6.138
2020-02-02 12:00,0.185,6.125
2020-02-02 13:00,0.211,6.388
2020-02-02 14:00,0.244,6.701
2020-02-02 15:00,0.227,6.547
2020-02-02 16:00,0.210,6.378
2020-02-02 17:00,0.187,6.151
2020-02-02 18:00,0.179,6.053
2020-02-02 19:00,0.179,6.064
2020-02-02 20:00,0.154,5.778
2020-02-02 21:00,0.128,5.453
2020-02-02 22:00,0.118,5.335
2020-02-02 23:00,0.130,5.499
2020-02-03 00:00,0.142,5.643
2020-02-03 01:00,0.192,6.199
2020-02-03 02:00,0.217,6.448
2020-02-03 03:00,0.224,6.517
2020-02-03 04:00,0.228,6.551
2020-02-03 05:00,0.232,6.587
2020-02-03 06:00,0.218,6.452
2020-02-03 07:00,0.227,6.542
2020-02-03 08:00,0.255,6.798
2020-02-03 09:00,0.226,6.536
2020-02-03 10:00,0.165,5.908
2020-02-03 11:00,0.147,5.697
2020-02-03 12:00,0.156,5.794
2020-02-03 13:00,0.186,6.138
2020-02-03 14:00,0.267,6.905
2020-02-03 15:00,0.329,7.416
2020-02-03 16:00,0.328,7.411
2020-02-03 17:00,0.304,7.219
2020-02-03 18:00,0.297,7.161
2020-02-03 19:00,0.292,7.116
2020-02-03 20:00,0.299,7.173
2020-02-03 21:00,0.308,7.248
2020-02-03 22:00,0.328,7.401
2020-02-03 23:00,0.348,7.570
2020-02-04 00:00,0.367,7.718
2020-02-04 01:00,0.419,8.100
2020-02-04 02:00,0.443,8.278
2020-02-04 03:00,0.399,7.956
2020-02-04 04:00,0.302,7.194
2020-02-04 05:00,0.194,6.213
2020-02-04 06:00,0.118,5.323
2020-02-04 07:00,0.075,4.687
2020-02-04 08:00,0.063,4.466
2020-02-04 09:00,0.073,4.642
2020-02-04 10:00,0.109,5.209
2020-02-04 11:00,0.170,5.956
2020-02-04 12:00,0.236,6.631
2020-02-04 13:00,0.305,7.229
2020-02-04 14:00,0.344,7.536
2020-02-04 15:00,0.344,7.538
2020-02-04 16:00,0.325,7.385
2020-02-04 17:00,0.314,7.300
2020-02-04 18:00,0.314,7.300
2020-02-04 19:00,0.321,7.347
2020-02-04 20:00,0.319,7.341
2020-02-04 21:00,0.320,7.345
2020-02-04 22:00,0.333,7.439
2020-02-04 23:00,0.321,7.347
2020-02-05 00:00,0.297,7.147
2020-02-05 01:00,0.284,7.053
2020-02-05 02:00,0.270,6.927
2020-02-05 03:00,0.249,6.738
2020-02-05 04:00,0.242,6.674
2020-02-05 05:00,0.252,6.774
2020-02-05 06:00,0.297,7.150
2020-02-05 07:00,0.362,7.680
2020-02-05 08:00,0.419,8.108
2020-02-05 09:00,0.429,8.180
2020-02-05 10:00,0.421,8.118
2020-02-05 11:00,0.420,8.113
2020-02-05 12:00,0.419,8.103
2020-02-05 13:00,0.439,8.252
2020-02-05 14:00,0.424,8.142
2020-02-05 15:00,0.406,8.007
2020-02-05 16:00,0.392,7.900
2020-02-05 17:00,0.349,7.574
2020-02-05 18:00,0.338,7.484
2020-02-05 19:00,0.389,7.884
2020-02-05 20:00,0.419,8.099
2020-02-05 21:00,0.490,8.629
2020-02-05 22:00,0.573,9.242
2020-02-05 23:00,0.537,8.981
2020-02-06 00:00,0.533,8.953
2020-02-06 01:00,0.586,9.354
2020-02-06 02:00,0.509,8.762
2020-02-06 03:00,0.370,7.734
2020-02-06 04:00,0.250,6.750
2020-02-06 05:00,0.186,6.140
2020-02-06 06:00,0.154,5.775
2020-02-06 07:00,0.119,5.349
2020-02-06 08:00,0.093,4.978
2020-02-06 09:00,0.088,4.902
2020-02-06 10:00,0.095,5.006
2020-02-06 11:00,0.117,5.320
2020-02-06 12:00,0.156,5.797
2020-02-06 13:00,0.191,6.183
2020-02-06 14:00,0.203,6.308
2020-02-06 15:00,0.186,6.141
2020-02-06 16:00,0.165,5.906
2020-02-06 17:00,0.150,5.735
2020-02-06 18:00,0.149,5.730
2020-02-06 19:00,0.159,5.839
2020-02-06 20:00,0.179,6.051
2020-02-06 21:00,0.194,6.215
2020-02-06 22:00,0.222,6.495
2020-02-06 23:00,0.255,6.799
2020-02-07 00:00,0.308,7.248
2020-02-07 01:00,0.406,8.005
2020-02-07 02:00,0.460,8.399
2020-02-07 03:00,0.429,8.182
2020-02-07 04:00,0.374,7.759
2020-02-07 05:00,0.303,7.206
2020-02-07 06:00,0.244,6.700
2020-02-07 07:00,0.202,6.299
2020-02-07 08:00,0.172,5.984
2020-02-07 09:00,0.148,5.718
2020-02-07 10:00,0.138,5.589
2020-02-07 11:00,0.116,5.295
2020-02-07 12:00,0.095,5.008
2020-02-07 13:00,0.088,4.903
2020-02-07 14:00,0.107,5.190
2020-02-07 15:00,0.171,5.970
2020-02-07 16:00,0.350,7.576
2020-02-07 17:00,0.475,8.514
2020-02-07 18:00,0.651,9.875
2020-02-07 19:00,0.727,10.551
2020-02-07 20:00,0.743,10.704
2020-02-07 21:00,0.717,10.447
2020-02-07 22:00,0.682,10.136
2020-02-07 23:00,0.651,9.873
2020-02-08 00:00,0.643,9.804
2020-02-08 01:00,0.608,9.519
2020-02-08 02:00,0.528,8.904
2020-02-08 03:00,0.422,8.120
2020-02-08 04:00,0.336,7.476
2020-02-08 05:00,0.267,6.908
2020-02-08 06:00,0.220,6.471
2020-02-08 07:00,0.202,6.304
2020-02-08 08:00,0.215,6.420
2020-02-08 09:00,0.253,6.780
2020-02-08 10:00,0.306,7.231
2020-02-08 11:00,0.314,7.303
2020-02-08 12:00,0.322,7.362
2020-02-08 13:00,0.371,7.747
2020-02-08 14:00,0.450,8.340
2020-02-08 15:00,0.563,9.168
2020-02-08 16:00,0.641,9.791
2020-02-08 17:00,0.656,9.908
2020-02-08 18:00,0.641,9.785
2020-02-08 19:00,0.617,9.593
2020-02-08 20:00,0.612,9.553
2020-02-08 21:00,0.631,9.704
2020-02-08 22:00,0.671,10.043
2020-02-08 23:00,0.705,10.340
2020-02-09 00:00,0.750,10.784
2020-02-09 01:00,0.719,10.470
2020-02-09 02:00,0.624,9.644
2020-02-09 03:00,0.483,8.573
2020-02-09 04:00,0.336,7.476
2020-02-09 05:00,0.222,6.485
2020-02-09 06:00,0.150,5.737
2020-02-09 07:00,0.111,5.239
2020-02-09 08:00,0.095,5.009
2020-02-09 09:00,0.103,5.132
2020-02-09 10:00,0.144,5.669
2020-02-09 11:00,0.210,6.371
2020-02-09 12:00,0.274,6.960
2020-02-09 13:00,0.319,7.335
2020-02-09 14:00,0.363,7.686
2020-02-09 15:00,0.407,8.009
2020-02-09 16:00,0.441,8.270
2020-02-09 17:00,0.472,8.491
2020-02-09 18:00,0.489,8.622
2020-02-09 19:00,0.494,8.656
2020-02-09 20:00,0.489,8.627
2020-02-09 21:00,0.465,8.450
2020-02-09 22:00,0.431,8.198
2020-02-09 23:00,0.367,7.717
2020-02-10 00:00,0.304,7.215
2020-02-10 01:00,0.227,6.548
2020-02-10 02:00,0.148,5.705
2020-02-10 03:00,0.083,4.823
2020-02-10 04:00,0.047,4.118
2020-02-10 05:00,0.027,3.594
2020-02-10 06:00,0.019,3.328
2020-02-10 07:00,0.021,3.392
2020-02-10 08:00,0.027,3.611
2020-02-10 09:00,0.040,3.952
2020-02-10 10:00,0.062,4.449
2020-02-10 11:00,0.081,4.783
2020-02-10 12:00,0.108,5.194
2020-02-10 13:00,0.131,5.501
2020-02-10 14:00,0.122,5.393
2020-02-10 15:00,0.089,4.911
2020-02-10 16:00,0.048,4.138
2020-02-10 17:00,0.028,3.630
2020-02-10 18:00,0.027,3.608
2020-02-10 19:00,0.035,3.833
2020-02-10 20:00,0.050,4.193
2020-02-10 21:00,0.074,4.661
2020-02-10 22:00,0.103,5.128
2020-02-10 23:00,0.117,5.314
2020-02-11 00:00,0.118,5.331
2020-02-11 01:00,0.127,5.450
2020-02-11 02:00,0.121,5.381
2020-02-11 03:00,0.080,4.768
2020-02-11 04:00,0.050,4.206
2020-02-11 05:00,0.051,4.213
2020-02-11 06:00,0.078,4.743
2020-02-11 07:00,0.117,5.318
2020-02-11 08:00,0.141,5.633
2020-02-11 09:00,0.148,5.717
2020-02-11 10:00,0.139,5.611
2020-02-11 11:00,0.141,5.634
2020-02-11 12:00,0.155,5.790
2020-02-11 13:00,0.164,5.897
2020-02-11 14:00,0.155,5.784
2020-02-11 15:00,0.122,5.391
2020-02-11 16:00,0.084,4.833
2020-02-11 17:00,0.053,4.270
2020-02-11 18:00,0.035,3.839
2020-02-11 19:00,0.030,3.682
2020-02-11 20:00,0.029,3.653
2020-02-11 21:00,0.029,3.666
2020-02-11 22:00,0.029,3.649
2020-02-11 23:00,0.024,3.489
2020-02-12 00:00,0.017,3.237
2020-02-12 01:00,0.015,3.124
2020-02-12 02:00,0.014,3.111
2020-02-12 03:00,0.021,3.406
2020-02-12 04:00,0.037,3.887
2020-02-12 05:00,0.060,4.398
2020-02-12 06:00,0.082,4.798
2020-02-12 07:00,0.095,5.000
2020-02-12 08:00,0.095,5.003
2020-02-12 09:00,0.072,4.626
2020-02-12 10:00,0.045,4.084
2020-02-12 11:00,0.031,3.710
2020-02-12 12:00,0.037,3.883
2020-02-12 13:00,0.053,4.266
2020-02-12 14:00,0.076,4.704
2020-02-12 15:00,0.108,5.196
2020-02-12 16:00,0.129,5.483
2020-02-12 17:00,0.122,5.393
2020-02-12 18:00,0.112,5.261
2020-02-12 19:00,0.129,5.481
2020-02-12 20:00,0.221,6.482
2020-02-12 21:00,0.346,7.552
2020-02-12 22:00,0.333,7.450
2020-02-12 23:00,0.280,7.017
2020-02-13 00:00,0.291,7.110
2020-02-13 01:00,0.383,7.832
2020-02-13 02:00,0.474,8.506
2020-02-13 03:00,0.474,8.508
2020-02-13 04:00,0.446,8.310
2020-02-13 05:00,0.444,8.280
2020-02-13 06:00,0.404,7.991
2020-02-13 07:00,0.370,7.733
2020-02-13 08:00,0.342,7.517
2020-02-13 09:00,0.311,7.273
2020-02-13 10:00,0.343,7.524
2020-02-13 11:00,0.438,8.239
2020-02-13 12:00,0.514,8.810
2020-02-13 13:00,0.608,9.516
2020-02-13 14:00,0.637,9.758
2020-02-13 15:00,0.619,9.610
2020-02-13 16:00,0.601,9.458
2020-02-13 17:00,0.611,9.548
2020-02-13 18:00,0.621,9.630
2020-02-13 19:00,0.626,9.665
2020-02-13 20:00,0.656,9.900
2020-02-13 21:00,0.668,10.015
2020-02-13 22:00,0.750,10.783
2020-02-13 23:00,0.878,12.472
2020-02-14 00:00,0.918,13.287
2020-02-14 01:00,0.924,13.442
2020-02-14 02:00,0.918,13.288
2020-02-14 03:00,0.890,12.670
2020-02-14 04:00,0.864,12.227
2020-02-14 05:00,0.854,12.070
2020-02-14 06:00,0.815,11.513
2020-02-14 07:00,0.801,11.334
2020-02-14 08:00,0.789,11.206
2020-02-14 09:00,0.719,10.470
2020-02-14 10:00,0.683,10.143
2020-02-14 11:00,0.714,10.430
2020-02-14 12:00,0.749,10.766
2020-02-14 13:00,0.749,10.771
2020-02-14 14:00,0.719,10.474
2020-02-14 15:00,0.702,10.320
2020-02-14 16:00,0.705,10.330
2020-02-14 17:00,0.738,10.660
2020-02-14 18:00,0.714,10.422
2020-02-14 19:00,0.643,9.803
2020-02-14 20:00,0.660,9.950
2020-02-14 21:00,0.689,10.201
2020-02-14 22:00,0.695,10.249
2020-02-14 23:00,0.763,10.902
2020-02-15 00:00,0.802,11.363
2020-02-15 01:00,0.828,11.691
2020-02-15 02:00,0.846,11.939
2020-02-15 03:00,0.854,12.075
2020-02-15 04:00,0.880,12.492
2020-02-15 05:00,0.890,12.687
2020-02-15 06:00,0.883,12.555
2020-02-15 07:00,0.845,11.930
2020-02-15 08:00,0.793,11.242
2020-02-15 09:00,0.788,11.191
2020-02-15 10:00,0.717,10.454
2020-02-15 11:00,0.313,7.289
2020-02-15 12:00,0.002,2.193
2020-02-15 13:00,0.820,11.591
2020-02-15 14:00,0.982,15.948
2020-02-15 15:00,0.989,16.949
2020-02-15 16:00,0.987,16.663
2020-02-15 17:00,0.983,16.009
2020-02-15 18:00,0.979,15.691
2020-02-15 19:00,0.979,15.697
2020-02-15 20:00,0.982,15.958
2020-02-15 21:00,0.985,16.269
2020-02-15 22:00,0.987,16.581
2020-02-15 23:00,0.988,16.722
2020-02-16 00:00,0.985,16.234
2020-02-16 01:00,0.970,15.124
2020-02-16 02:00,0.953,14.326
2020-02-16 03:00,0.950,14.227
2020-02-16 04:00,0.944,14.028
2020-02-16 05:00,0.920,13.323
2020-02-16 06:00,0.886,12.610
2020-02-16 07:00,0.857,12.111
2020-02-16 08:00,0.828,11.697
2020-02-16 09:00,0.786,11.174
2020-02-16 10:00,0.754,10.822
2020-02-16 11:00,0.753,10.809
2020-02-16 12:00,0.768,10.972
2020-02-16 13:00,0.778,11.074
2020-02-16 14:00,0.759,10.866
2020-02-16 15:00,0.752,10.796
2020-02-16 16:00,0.756,10.829
2020-02-16 17:00,0.785,11.161
2020-02-16 18:00,0.818,11.558
2020-02-16 19:00,0.865,12.246
2020-02-16 20:00,0.906,13.015
2020-02-16 21:00,0.928,13.546
2020-02-16 22:00,0.936,13.752
2020-02-16 23:00,0.939,13.863
2020-02-17 00:00,0.939,13.864
2020-02-17 01:00,0.921,13.345
2020-02-17 02:00,0.874,12.390
2020-02-17 03:00,0.796,11.276
2020-02-17 04:00,0.699,10.289
2020-02-17 05:00,0.601,9.471
2020-02-17 06:00,0.517,8.824
2020-02-17 07:00,0.463,8.421
2020-02-17 08:00,0.437,8.235
2020-02-17 09:00,0.434,8.222
2020-02-17 10:00,0.473,8.503
2020-02-17 11:00,0.508,8.758
2020-02-17 12:00,0.514,8.807
2020-02-17 13:00,0.525,8.890
2020-02-17 14:00,0.574,9.255
2020-02-17 15:00,0.671,10.038
2020-02-17 16:00,0.773,11.010
2020-02-17 17:00,0.831,11.728
2020-02-17 18:00,0.839,11.843
2020-02-17 19:00,0.832,11.751
2020-02-17 20:00,0.824,11.638
2020-02-17 21:00,0.793,11.239
2020-02-17 22:00,0.757,10.846
2020-02-17 23:00,0.695,10.251
2020-02-18 00:00,0.633,9.722
2020-02-18 01:00,0.540,8.991
2020-02-18 02:00,0.423,8.134
2020-02-18 03:00,0.297,7.153
2020-02-18 04:00,0.177,6.043
2020-02-18 05:00,0.105,5.153
2020-02-18 06:00,0.070,4.599
2020-02-18 07:00,0.058,4.360
2020-02-18 08:00,0.060,4.396
2020-02-18 09:00,0.089,4.920
2020-02-18 10:00,0.164,5.903
2020-02-18 11:00,0.226,6.533
2020-02-18 12:00,0.254,6.792
2020-02-18 13:00,0.250,6.742
2020-02-18 14:00,0.222,6.499
2020-02-18 15:00,0.190,6.169
2020-02-18 16:00,0.159,5.842
2020-02-18 17:00,0.141,5.632
2020-02-18 18:00,0.138,5.580
2020-02-18 19:00,0.143,5.657
2020-02-18 20:00,0.155,5.791
2020-02-18 21:00,0.170,5.951
2020-02-18 22:00,0.179,6.062
2020-02-18 23:00,0.173,5.997
2020-02-19 00:00,0.138,5.585
2020-02-19 01:00,0.112,5.259
2020-02-19 02:00,0.071,4.607
2020-02-19 03:00,0.044,4.062
2020-02-19 04:00,0.030,3.685
2020-02-19 05:00,0.021,3.387
2020-02-19 06:00,0.021,3.372
2020-02-19 07:00,0.028,3.615
2020-02-19 08:00,0.039,3.938
2020-02-19 09:00,0.077,4.725
2020-02-19 10:00,0.148,5.716
2020-02-19 11:00,0.173,5.998
2020-02-19 12:00,0.163,5.887
2020-02-19 13:00,0.152,5.762
2020-02-19 14:00,0.143,5.658
2020-02-19 15:00,0.112,5.260
2020-02-19 16:00,0.087,4.885
2020-02-19 17:00,0.095,5.006
2020-02-19 18:00,0.119,5.343
2020-02-19 19:00,0.145,5.673
2020-02-19 20:00,0.171,5.971
2020-02-19 21:00,0.192,6.193
2020-02-19 22:00,0.210,6.383
2020-02-19 23:00,0.206,6.331
2020-02-20 00:00,0.182,6.090
2020-02-20 01:00,0.209,6.366
2020-02-20 02:00,0.203,6.314
2020-02-20 03:00,0.199,6.266
2020-02-20 04:00,0.203,6.316
2020-02-20 05:00,0.222,6.495
2020-02-20 06:00,0.255,6.802
2020-02-20 07:00,0.297,7.160
2020-02-20 08:00,0.344,7.534
2020-02-20 09:00,0.380,7.812
2020-02-20 10:00,0.395,7.921
2020-02-20 11:00,0.380,7.818
2020-02-20 12:00,0.363,7.683
2020-02-20 13:00,0.356,7.627
2020-02-20 14:00,0.334,7.460
2020-02-20 15:00,0.313,7.284
2020-02-20 16:00,0.272,6.943
2020-02-20 17:00,0.246,6.717
2020-02-20 18:00,0.246,6.708
2020-02-20 19:00,0.273,6.952
2020-02-20 20:00,0.309,7.253
2020-02-20 21:00,0.338,7.486
2020-02-20 22:00,0.366,7.711
2020-02-20 23:00,0.356,7.622
2020-02-21 00:00,0.362,7.672
2020-02-21 01:00,0.423,8.138
2020-02-21 02:00,0.407,8.018
2020-02-21 03:00,0.368,7.724
2020-02-21 04:00,0.321,7.352
2020-02-21 05:00,0.274,6.961
2020-02-21 06:00,0.232,6.584
2020-02-21 07:00,0.205,6.326
2020-02-21 08:00,0.189,6.166
2020-02-21 09:00,0.172,5.992
2020-02-21 10:00,0.156,5.803
2020-02-21 11:00,0.132,5.515
2020-02-21 12:00,0.109,5.205
2020-02-21 13:00,0.087,4.884
2020-02-21 14:00,0.064,4.491
2020-02-21 15:00,0.037,3.890
2020-02-21 16:00,0.020,3.365
2020-02-21 17:00,0.026,3.573
2020-02-21 18:00,0.061,4.432
2020-02-21 19:00,0.125,5.430
2020-02-21 20:00,0.203,6.307
2020-02-21 21:00,0.279,7.006
2020-02-21 22:00,0.351,7.580
2020-02-21 23:00,0.413,8.063
2020-02-22 00:00,0.434,8.218
2020-02-22 01:00,0.401,7.973
2020-02-22 02:00,0.316,7.319
2020-02-22 03:00,0.239,6.659
2020-02-22 04:00,0.162,5.875
2020-02-22 05:00,0.106,5.176
2020-02-22 06:00,0.077,4.711
2020-02-22 07:00,0.067,4.534
2020-02-22 08:00,0.065,4.504
2020-02-22 09:00,0.067,4.535
2020-02-22 10:00,0.082,4.788
2020-02-22 11:00,0.074,4.665
2020-02-22 12:00,0.058,4.356
2020-02-22 13:00,0.044,4.054
2020-02-22 14:00,0.038,3.899
2020-02-22 15:00,0.034,3.798
2020-02-22 16:00,0.035,3.828
2020-02-22 17:00,0.050,4.194
2020-02-22 18:00,0.082,4.794
2020-02-22 19:00,0.120,5.359
2020-02-22 20:00,0.148,5.713
2020-02-22 21:00,0.182,6.088
2020-02-22 22:00,0.228,6.549
2020-02-22 23:00,0.249,6.739
2020-02-23 00:00,0.336,7.478
2020-02-23 01:00,0.444,8.281
2020-02-23 02:00,0.474,8.506
2020-02-23 03:00,0.460,8.409
2020-02-23 04:00,0.419,8.099
2020-02-23 05:00,0.367,7.718
2020-02-23 06:00,0.321,7.349
2020-02-23 07:00,0.267,6.909
2020-02-23 08:00,0.222,6.487
2020-02-23 09:00,0.175,6.019
2020-02-23 10:00,0.139,5.600
2020-02-23 11:00,0.120,5.360
2020-02-23 12:00,0.109,5.208
2020-02-23 13:00,0.095,5.009
2020-02-23 14:00,0.076,4.705
2020-02-23 15:00,0.061,4.431
2020-02-23 16:00,0.046,4.104
2020-02-23 17:00,0.037,3.885
2020-02-23 18:00,0.033,3.788
2020-02-23 19:00,0.032,3.757
2020-02-23 20:00,0.041,3.981
2020-02-23 21:00,0.062,4.451
2020-02-23 22:00,0.098,5.038
2020-02-23 23:00,0.109,5.217
2020-02-24 00:00,0.128,5.472
2020-02-24 01:00,0.179,6.055
2020-02-24 02:00,0.207,6.344
2020-02-24 03:00,0.192,6.194
2020-02-24 04:00,0.170,5.954
2020-02-24 05:00,0.142,5.638
2020-02-24 06:00,0.118,5.321
2020-02-24 07:00,0.099,5.051
2020-02-24 08:00,0.084,4.836
2020-02-24 09:00,0.083,4.816
2020-02-24 10:00,0.095,5.005
2020-02-24 11:00,0.109,5.216
2020-02-24 12:00,0.118,5.342
2020-02-24 13:00,0.119,5.347
2020-02-24 14:00,0.113,5.268
2020-02-24 15:00,0.117,5.317
2020-02-24 16:00,0.136,5.557
2020-02-24 17:00,0.148,5.717
2020-02-24 18:00,0.149,5.723
2020-02-24 19:00,0.138,5.586
2020-02-24 20:00,0.123,5.401
2020-02-24 21:00,0.111,5.238
2020-02-24 22:00,0.102,5.105
2020-02-24 23:00,0.087,4.889
2020-02-25 00:00,0.088,4.901
2020-02-25 01:00,0.079,4.744
2020-02-25 02:00,0.061,4.434
2020-02-25 03:00,0.048,4.160
2020-02-25 04:00,0.036,3.852
2020-02-25 05:00,0.027,3.598
2020-02-25 06:00,0.024,3.487
2020-02-25 07:00,0.026,3.567
2020-02-25 08:00,0.032,3.741
2020-02-25 09:00,0.043,4.042
2020-02-25 10:00,0.055,4.313
2020-02-25 11:00,0.052,4.237
2020-02-25 12:00,0.043,4.045
2020-02-25 13:00,0.034,3.798
2020-02-25 14:00,0.024,3.479
2020-02-25 15:00,0.015,3.135
2020-02-25 16:00,0.009,2.849
2020-02-25 17:00,0.007,2.677
2020-02-25 18:00,0.007,2.685
2020-02-25 19:00,0.008,2.775
2020-02-25 20:00,0.010,2.914
2020-02-25 21:00,0.015,3.158
2020-02-25 22:00,0.026,3.560
2020-02-25 23:00,0.037,3.886
2020-02-26 00:00,0.042,4.019
2020-02-26 01:00,0.047,4.129
2020-02-26 02:00,0.038,3.896
2020-02-26 03:00,0.023,3.451
2020-02-26 04:00,0.013,3.073
2020-02-26 05:00,0.013,3.055
2020-02-26 06:00,0.021,3.410
2020-02-26 07:00,0.037,3.890
2020-02-26 08:00,0.059,4.380
2020-02-26 09:00,0.092,4.963
2020-02-26 10:00,0.118,5.323
2020-02-26 11:00,0.083,4.814
2020-02-26 12:00,0.048,4.136
2020-02-26 13:00,0.023,3.470
2020-02-26 14:00,0.007,2.690
2020-02-26 15:00,0.001,1.965
2020-02-26 16:00,0,1.442
2020-02-26 17:00,0,1.271
2020-02-26 18:00,0.001,1.709
2020-02-26 19:00,0.004,2.382
2020-02-26 20:00,0.011,2.916
2020-02-26 21:00,0.020,3.364
2020-02-26 22:00,0.035,3.828
2020-02-26 23:00,0.047,4.122
2020-02-27 00:00,0.077,4.722
2020-02-27 01:00,0.183,6.109
2020-02-27 02:00,0.296,7.140
2020-02-27 03:00,0.336,7.478
2020-02-27 04:00,0.342,7.521
2020-02-27 05:00,0.356,7.624
2020-02-27 06:00,0.334,7.459
2020-02-27 07:00,0.319,7.330
2020-02-27 08:00,0.342,7.516
2020-02-27 09:00,0.316,7.319
2020-02-27 10:00,0.262,6.855
2020-02-27 11:00,0.229,6.558
2020-02-27 12:00,0.223,6.510
2020-02-27 13:00,0.198,6.255
2020-02-27 14:00,0.164,5.900
2020-02-27 15:00,0.169,5.949
2020-02-27 16:00,0.187,6.144
2020-02-27 17:00,0.173,5.997
2020-02-27 18:00,0.160,5.852
2020-02-27 19:00,0.156,5.798
2020-02-27 20:00,0.151,5.750
2020-02-27 21:00,0.146,5.693
2020-02-27 22:00,0.139,5.601
2020-02-27 23:00,0.148,5.705
2020-02-28 00:00,0.175,6.016
2020-02-28 01:00,0.196,6.233
2020-02-28 02:00,0.182,6.093
2020-02-28 03:00,0.148,5.701
2020-02-28 04:00,0.144,5.671
2020-02-28 05:00,0.156,5.803
2020-02-28 06:00,0.146,5.685
2020-02-28 07:00,0.153,5.768
2020-02-28 08:00,0.172,5.978
2020-02-28 09:00,0.190,6.168
2020-02-28 10:00,0.181,6.082
2020-02-28 11:00,0.155,5.782
2020-02-28 12:00,0.130,5.496
2020-02-28 13:00,0.122,5.385
2020-02-28 14:00,0.129,5.479
2020-02-28 15:00,0.117,5.314
2020-02-28 16:00,0.083,4.818
2020-02-28 17:00,0.052,4.243
2020-02-28 18:00,0.054,4.279
2020-02-28 19:00,0.048,4.141
2020-02-28 20:00,0.046,4.097
2020-02-28 21:00,0.050,4.203
2020-02-28 22:00,0.064,4.483
2020-02-28 23:00,0.060,4.402
2020-02-29 00:00,0.062,4.446
2020-02-29 01:00,0.069,4.574
2020-02-29 02:00,0.065,4.508
2020-02-29 03:00,0.072,4.623
2020-02-29 04:00,0.085,4.850
2020-02-29 05:00,0.095,5.014
2020-02-29 06:00,0.109,5.215
2020-02-29 07:00,0.120,5.365
2020-02-29 08:00,0.125,5.425
2020-02-29 09:00,0.104,5.135
2020-02-29 10:00,0.066,4.512
2020-02-29 11:00,0.044,4.057
2020-02-29 12:00,0.050,4.205
2020-02-29 13:00,0.069,4.573
2020-02-29 14:00,0.073,4.641
2020-02-29 15:00,0.061,4.431
2020-02-29 16:00,0.045,4.089
2020-02-29 17:00,0.028,3.623
2020-02-29 18:00,0.013,3.074
2020-02-29 19:00,0.005,2.468
2020-02-29 20:00,0.002,2.067
2020-02-29 21:00,0.001,1.834
2020-02-29 22:00,0.001,1.793
2020-02-29 23:00,0.001,1.735
2020-03-01 00:00,0,1.469
2020-03-01 01:00,0,1.247
2020-03-01 02:00,0,1.422
2020-03-01 03:00,0.001,1.984
2020-03-01 04:00,0.007,2.700
2020-03-01 05:00,0.023,3.453
2020-03-01 06:00,0.037,3.890
2020-03-01 07:00,0.040,3.951
2020-03-01 08:00,0.032,3.761
2020-03-01 09:00,0.033,3.786
2020-03-01 10:00,0.053,4.268
2020-03-01 11:00,0.062,4.450
2020-03-01 12:00,0.053,4.269
2020-03-01 13:00,0.042,4.020
2020-03-01 14:00,0.031,3.730
2020-03-01 15:00,0.017,3.233
2020-03-01 16:00,0.006,2.559
2020-03-01 17:00,0.002,2.132
2020-03-01 18:00,0.007,2.686
2020-03-01 19:00,0.041,3.982
2020-03-01 20:00,0.125,5.423
2020-03-01 21:00,0.259,6.828
2020-03-01 22:00,0.362,7.681
2020-03-01 23:00,0.377,7.780
2020-03-02 00:00,0.377,7.782
2020-03-02 01:00,0.364,7.694
2020-03-02 02:00,0.351,7.592
2020-03-02 03:00,0.363,7.685
2020-03-02 04:00,0.392,7.901
2020-03-02 05:00,0.430,8.192
2020-03-02 06:00,0.472,8.491
2020-03-02 07:00,0.459,8.397
2020-03-02 08:00,0.410,8.031
2020-03-02 09:00,0.410,8.029
2020-03-02 10:00,0.386,7.859
2020-03-02 11:00,0.372,7.754
2020-03-02 12:00,0.391,7.895
2020-03-02 13:00,0.402,7.978
2020-03-02 14:00,0.407,8.015
2020-03-02 15:00,0.374,7.769
2020-03-02 16:00,0.365,7.700
2020-03-02 17:00,0.314,7.301
2020-03-02 18:00,0.286,7.067
2020-03-02 19:00,0.280,7.008
2020-03-02 20:00,0.262,6.863
2020-03-02 21:00,0.274,6.963
2020-03-02 22:00,0.313,7.293
2020-03-02 23:00,0.342,7.523
2020-03-03 00:00,0.339,7.499
2020-03-03 01:00,0.339,7.501
2020-03-03 02:00,0.383,7.839
2020-03-03 03:00,0.366,7.712
2020-03-03 04:00,0.328,7.401
2020-03-03 05:00,0.308,7.239
2020-03-03 06:00,0.303,7.206
2020-03-03 07:00,0.308,7.249
2020-03-03 08:00,0.297,7.153
2020-03-03 09:00,0.286,7.065
2020-03-03 10:00,0.237,6.634
2020-03-03 11:00,0.232,6.592
2020-03-03 12:00,0.251,6.756
2020-03-03 13:00,0.262,6.857
2020-03-03 14:00,0.277,6.986
2020-03-03 15:00,0.233,6.597
2020-03-03 16:00,0.198,6.256
2020-03-03 17:00,0.188,6.155
2020-03-03 18:00,0.194,6.218
2020-03-03 19:00,0.223,6.509
2020-03-03 20:00,0.259,6.827
2020-03-03 21:00,0.340,7.501
2020-03-03 22:00,0.478,8.543
2020-03-03 23:00,0.594,9.412
2020-03-04 00:00,0.660,9.943
2020-03-04 01:00,0.597,9.434
2020-03-04 02:00,0.429,8.184
2020-03-04 03:00,0.353,7.605
2020-03-04 04:00,0.319,7.335
2020-03-04 05:00,0.311,7.273
2020-03-04 06:00,0.270,6.923
2020-03-04 07:00,0.237,6.636
2020-03-04 08:00,0.289,7.080
2020-03-04 09:00,0.355,7.619
2020-03-04 10:00,0.465,8.440
2020-03-04 11:00,0.658,9.920
2020-03-04 12:00,0.799,11.318
2020-03-04 13:00,0.834,11.769
2020-03-04 14:00,0.809,11.441
2020-03-04 15:00,0.763,10.900
2020-03-04 16:00,0.735,10.629
2020-03-04 17:00,0.692,10.222
2020-03-04 18:00,0.639,9.774
2020-03-04 19:00,0.584,9.339
2020-03-04 20:00,0.528,8.910
2020-03-04 21:00,0.512,8.793
2020-03-04 22:00,0.558,9.134
2020-03-04 23:00,0.570,9.231
2020-03-05 00:00,0.552,9.095
2020-03-05 01:00,0.521,8.859
2020-03-05 02:00,0.484,8.588
2020-03-05 03:00,0.417,8.080
2020-03-05 04:00,0.341,7.506
2020-03-05 05:00,0.274,6.965
2020-03-05 06:00,0.252,6.776
2020-03-05 07:00,0.254,6.795
2020-03-05 08:00,0.278,6.999
2020-03-05 09:00,0.314,7.299
2020-03-05 10:00,0.350,7.579
2020-03-05 11:00,0.364,7.692
2020-03-05 12:00,0.350,7.577
2020-03-05 13:00,0.333,7.452
2020-03-05 14:00,0.327,7.397
2020-03-05 15:00,0.314,7.296
2020-03-05 16:00,0.299,7.175
2020-03-05 17:00,0.274,6.956
2020-03-05 18:00,0.243,6.686
2020-03-05 19:00,0.225,6.527
2020-03-05 20:00,0.238,6.650
2020-03-05 21:00,0.292,7.114
2020-03-05 22:00,0.363,7.684
2020-03-05 23:00,0.362,7.670
2020-03-06 00:00,0.364,7.691
2020-03-06 01:00,0.356,7.620
2020-03-06 02:00,0.356,7.621
2020-03-06 03:00,0.342,7.521
2020-03-06 04:00,0.324,7.371
2020-03-06 05:00,0.341,7.509
2020-03-06 06:00,0.368,7.724
2020-03-06 07:00,0.383,7.838
2020-03-06 08:00,0.376,7.779
2020-03-06 09:00,0.328,7.408
2020-03-06 10:00,0.262,6.857
2020-03-06 11:00,0.244,6.699
2020-03-06 12:00,0.271,6.936
2020-03-06 13:00,0.311,7.273
2020-03-06 14:00,0.335,7.464
2020-03-06 15:00,0.344,7.541
2020-03-06 16:00,0.302,7.195
2020-03-06 17:00,0.284,7.052
2020-03-06 18:00,0.297,7.161
2020-03-06 19:00,0.275,6.979
2020-03-06 20:00,0.265,6.883
2020-03-06 21:00,0.283,7.047
2020-03-06 22:00,0.308,7.241
2020-03-06 23:00,0.310,7.259
2020-03-07 00:00,0.335,7.465
2020-03-07 01:00,0.383,7.833
2020-03-07 02:00,0.421,8.117
2020-03-07 03:00,0.424,8.143
2020-03-07 04:00,0.409,8.027
2020-03-07 05:00,0.380,7.813
2020-03-07 06:00,0.351,7.589
2020-03-07 07:00,0.319,7.337
2020-03-07 08:00,0.282,7.039
2020-03-07 09:00,0.257,6.818
2020-03-07 10:00,0.245,6.707
2020-03-07 11:00,0.244,6.702
2020-03-07 12:00,0.278,6.999
2020-03-07 13:00,0.340,7.503
2020-03-07 14:00,0.404,8.000
2020-03-07 15:00,0.435,8.224
2020-03-07 16:00,0.422,8.125
2020-03-07 17:00,0.435,8.227
2020-03-07 18:00,0.368,7.721
2020-03-07 19:00,0.308,7.245
2020-03-07 20:00,0.285,7.059
2020-03-07 21:00,0.310,7.259
2020-03-07 22:00,0.361,7.660
2020-03-07 23:00,0.392,7.897
2020-03-08 00:00,0.480,8.558
2020-03-08 01:00,0.558,9.140
2020-03-08 02:00,0.616,9.583
2020-03-08 03:00,0.673,10.059
2020-03-08 04:00,0.718,10.462
2020-03-08 05:00,0.761,10.885
2020-03-08 06:00,0.793,11.250
2020-03-08 07:00,0.802,11.350
2020-03-08 08:00,0.787,11.186
2020-03-08 09:00,0.780,11.095
2020-03-08 10:00,0.735,10.624
2020-03-08 11:00,0.711,10.393
2020-03-08 12:00,0.738,10.652
2020-03-08 13:00,0.757,10.847
2020-03-08 14:00,0.728,10.562
2020-03-08 15:00,0.649,9.853
2020-03-08 16:00,0.590,9.381
2020-03-08 17:00,0.617,9.592
2020-03-08 18:00,0.622,9.632
2020-03-08 19:00,0.586,9.354
2020-03-08 20:00,0.592,9.393
2020-03-08 21:00,0.636,9.743
2020-03-08 22:00,0.705,10.336
2020-03-08 23:00,0.731,10.578
2020-03-09 00:00,0.793,11.249
2020-03-09 01:00,0.771,10.997
2020-03-09 02:00,0.746,10.732
2020-03-09 03:00,0.717,10.460
2020-03-09 04:00,0.674,10.065
2020-03-09 05:00,0.618,9.604
2020-03-09 06:00,0.561,9.150
2020-03-09 07:00,0.491,8.641
2020-03-09 08:00,0.484,8.589
2020-03-09 09:00,0.422,8.124
2020-03-09 10:00,0.321,7.355
2020-03-09 11:00,0.246,6.709
2020-03-09 12:00,0.177,6.035
2020-03-09 13:00,0.105,5.162
2020-03-09 14:00,0.025,3.539
2020-03-09 15:00,0,1.338
2020-03-09 16:00,0.088,4.903
2020-03-09 17:00,0.735,10.619
2020-03-09 18:00,0.942,13.949
2020-03-09 19:00,0.928,13.530
2020-03-09 20:00,0.863,12.205
2020-03-09 21:00,0.847,11.966
2020-03-09 22:00,0.867,12.274
2020-03-09 23:00,0.888,12.641
2020-03-10 00:00,0.910,13.106
2020-03-10 01:00,0.894,12.757
2020-03-10 02:00,0.820,11.581
2020-03-10 03:00,0.718,10.464
2020-03-10 04:00,0.609,9.531
2020-03-10 05:00,0.502,8.713
2020-03-10 06:00,0.395,7.929
2020-03-10 07:00,0.311,7.272
2020-03-10 08:00,0.266,6.891
2020-03-10 09:00,0.272,6.938
2020-03-10 10:00,0.342,7.510
2020-03-10 11:00,0.480,8.549
2020-03-10 12:00,0.610,9.541
2020-03-10 13:00,0.665,9.989
2020-03-10 14:00,0.663,9.961
2020-03-10 15:00,0.624,9.644
2020-03-10 16:00,0.616,9.582
2020-03-10 17:00,0.669,10.021
2020-03-10 18:00,0.707,10.351
2020-03-10 19:00,0.684,10.147
2020-03-10 20:00,0.634,9.731
2020-03-10 21:00,0.590,9.384
2020-03-10 22:00,0.558,9.135
2020-03-10 23:00,0.515,8.814
2020-03-11 00:00,0.498,8.685
2020-03-11 01:00,0.461,8.416
2020-03-11 02:00,0.402,7.980
2020-03-11 03:00,0.339,7.494
2020-03-11 04:00,0.264,6.870
2020-03-11 05:00,0.209,6.366
2020-03-11 06:00,0.197,6.244
2020-03-11 07:00,0.226,6.538
2020-03-11 08:00,0.302,7.193
2020-03-11 09:00,0.398,7.948
2020-03-11 10:00,0.468,8.469
2020-03-11 11:00,0.524,8.879
2020-03-11 12:00,0.590,9.383
2020-03-11 13:00,0.613,9.566
2020-03-11 14:00,0.614,9.570
2020-03-11 15:00,0.600,9.455
2020-03-11 16:00,0.577,9.283
2020-03-11 17:00,0.548,9.054
2020-03-11 18:00,0.506,8.744
2020-03-11 19:00,0.485,8.596
2020-03-11 20:00,0.483,8.570
2020-03-11 21:00,0.485,8.592
2020-03-11 22:00,0.514,8.803
2020-03-11 23:00,0.502,8.713
2020-03-12 00:00,0.495,8.664
2020-03-12 01:00,0.506,8.749
2020-03-12 02:00,0.545,9.038
2020-03-12 03:00,0.594,9.407
2020-03-12 04:00,0.624,9.645
2020-03-12 05:00,0.630,9.694
2020-03-12 06:00,0.631,9.704
2020-03-12 07:00,0.629,9.687
2020-03-12 08:00,0.608,9.517
2020-03-12 09:00,0.554,9.106
2020-03-12 10:00,0.463,8.428
2020-03-12 11:00,0.438,8.247
2020-03-12 12:00,0.419,8.098
2020-03-12 13:00,0.386,7.854
2020-03-12 14:00,0.336,7.474
2020-03-12 15:00,0.264,6.878
2020-03-12 16:00,0.196,6.231
2020-03-12 17:00,0.151,5.755
2020-03-12 18:00,0.150,5.738
2020-03-12 19:00,0.173,5.997
2020-03-12 20:00,0.251,6.758
2020-03-12 21:00,0.362,7.680
2020-03-12 22:00,0.396,7.933
2020-03-12 23:00,0.339,7.489
2020-03-13 00:00,0.284,7.048
2020-03-13 01:00,0.255,6.802
2020-03-13 02:00,0.248,6.729
2020-03-13 03:00,0.253,6.785
2020-03-13 04:00,0.275,6.972
2020-03-13 05:00,0.290,7.096
2020-03-13 06:00,0.293,7.129
2020-03-13 07:00,0.289,7.092
2020-03-13 08:00,0.259,6.833
2020-03-13 09:00,0.241,6.669
2020-03-13 10:00,0.223,6.508
2020-03-13 11:00,0.212,6.404
2020-03-13 12:00,0.227,6.548
2020-03-13 13:00,0.179,6.057
2020-03-13 14:00,0.076,4.708
2020-03-13 15:00,0.006,2.588
2020-03-13 16:00,0.004,2.390
2020-03-13 17:00,0.334,7.457
2020-03-13 18:00,0.807,11.421
2020-03-13 19:00,0.885,12.579
2020-03-13 20:00,0.841,11.877
2020-03-13 21:00,0.820,11.584
2020-03-13 22:00,0.815,11.516
2020-03-13 23:00,0.788,11.197
2020-03-14 00:00,0.779,11.088
2020-03-14 01:00,0.747,10.749
2020-03-14 02:00,0.687,10.174
2020-03-14 03:00,0.594,9.406
2020-03-14 04:00,0.482,8.567
2020-03-14 05:00,0.362,7.667
2020-03-14 06:00,0.264,6.876
2020-03-14 07:00,0.214,6.416
2020-03-14 08:00,0.205,6.325
2020-03-14 09:00,0.246,6.719
2020-03-14 10:00,0.339,7.497
2020-03-14 11:00,0.389,7.883
2020-03-14 12:00,0.400,7.967
2020-03-14 13:00,0.410,8.042
2020-03-14 14:00,0.413,8.065
2020-03-14 15:00,0.390,7.890
2020-03-14 16:00,0.306,7.234
2020-03-14 17:00,0.290,7.094
2020-03-14 18:00,0.299,7.169
2020-03-14 19:00,0.315,7.308
2020-03-14 20:00,0.305,7.227
2020-03-14 21:00,0.345,7.544
2020-03-14 22:00,0.410,8.031
2020-03-14 23:00,0.421,8.115
2020-03-15 00:00,0.438,8.239
2020-03-15 01:00,0.388,7.871
2020-03-15 02:00,0.296,7.144
2020-03-15 03:00,0.209,6.364
2020-03-15 04:00,0.148,5.711
2020-03-15 05:00,0.130,5.487
2020-03-15 06:00,0.128,5.459
2020-03-15 07:00,0.128,5.470
2020-03-15 08:00,0.138,5.578
2020-03-15 09:00,0.176,6.024
2020-03-15 10:00,0.249,6.737
2020-03-15 11:00,0.269,6.917
2020-03-15 12:00,0.239,6.659
2020-03-15 13:00,0.215,6.419
2020-03-15 14:00,0.202,6.302
2020-03-15 15:00,0.195,6.227
2020-03-15 16:00,0.192,6.197
2020-03-15 17:00,0.201,6.295
2020-03-15 18:00,0.226,6.530
2020-03-15 19:00,0.281,7.024
2020-03-15 20:00,0.345,7.547
2020-03-15 21:00,0.402,7.982
2020-03-15 22:00,0.418,8.095
2020-03-15 23:00,0.377,7.787
2020-03-16 00:00,0.413,8.059
2020-03-16 01:00,0.427,8.164
2020-03-16 02:00,0.397,7.943
2020-03-16 03:00,0.371,7.746
2020-03-16 04:00,0.328,7.403
2020-03-16 05:00,0.271,6.937
2020-03-16 06:00,0.228,6.556
2020-03-16 07:00,0.223,6.510
2020-03-16 08:00,0.259,6.827
2020-03-16 09:00,0.306,7.234
2020-03-16 10:00,0.293,7.124
2020-03-16 11:00,0.266,6.894
2020-03-16 12:00,0.244,6.703
2020-03-16 13:00,0.245,6.707
2020-03-16 14:00,0.211,6.393
2020-03-16 15:00,0.192,6.188
2020-03-16 16:00,0.202,6.301
2020-03-16 17:00,0.210,6.369
2020-03-16 18:00,0.215,6.418
2020-03-16 19:00,0.208,6.358
2020-03-16 20:00,0.166,5.921
2020-03-16 21:00,0.179,6.051
2020-03-16 22:00,0.244,6.694
2020-03-16 23:00,0.269,6.918
2020-03-17 00:00,0.298,7.165
2020-03-17 01:00,0.324,7.380
2020-03-17 02:00,0.344,7.536
2020-03-17 03:00,0.315,7.307
2020-03-17 04:00,0.207,6.347
2020-03-17 05:00,0.141,5.636
2020-03-17 06:00,0.136,5.561
2020-03-17 07:00,0.169,5.946
2020-03-17 08:00,0.187,6.146
2020-03-17 09:00,0.171,5.965
2020-03-17 10:00,0.144,5.665
2020-03-17 11:00,0.115,5.286
2020-03-17 12:00,0.058,4.357
2020-03-17 13:00,0.017,3.226
2020-03-17 14:00,0.021,3.368
2020-03-17 15:00,0.040,3.966
2020-03-17 16:00,0.064,4.478
2020-03-17 17:00,0.080,4.772
2020-03-17 18:00,0.071,4.612
2020-03-17 19:00,0.057,4.340
2020-03-17 20:00,0.060,4.400
2020-03-17 21:00,0.074,4.657
2020-03-17 22:00,0.101,5.094
2020-03-17 23:00,0.106,5.169
2020-03-18 00:00,0.082,4.791
2020-03-18 01:00,0.050,4.202
2020-03-18 02:00,0.029,3.673
2020-03-18 03:00,0.029,3.668
2020-03-18 04:00,0.057,4.341
2020-03-18 05:00,0.100,5.081
2020-03-18 06:00,0.142,5.644
2020-03-18 07:00,0.170,5.957
2020-03-18 08:00,0.190,6.176
2020-03-18 09:00,0.163,5.891
2020-03-18 10:00,0.094,4.986
2020-03-18 11:00,0.051,4.222
2020-03-18 12:00,0.052,4.233
2020-03-18 13:00,0.079,4.744
2020-03-18 14:00,0.116,5.302
2020-03-18 15:00,0.144,5.669
2020-03-18 16:00,0.153,5.773
2020-03-18 17:00,0.148,5.709
2020-03-18 18:00,0.134,5.537
2020-03-18 19:00,0.118,5.329
2020-03-18 20:00,0.100,5.072
2020-03-18 21:00,0.110,5.223
2020-03-18 22:00,0.141,5.630
2020-03-18 23:00,0.144,5.669
2020-03-19 00:00,0.156,5.800
2020-03-19 01:00,0.161,5.868
2020-03-19 02:00,0.184,6.112
2020-03-19 03:00,0.198,6.256
2020-03-19 04:00,0.172,5.973
2020-03-19 05:00,0.116,5.305
2020-03-19 06:00,0.055,4.293
2020-03-19 07:00,0.009,2.784
2020-03-19 08:00,0,1.323
2020-03-19 09:00,0.005,2.484
2020-03-19 10:00,0.029,3.672
2020-03-19 11:00,0.050,4.197
2020-03-19 12:00,0.079,4.758
2020-03-19 13:00,0.113,5.269
2020-03-19 14:00,0.120,5.367
2020-03-19 15:00,0.123,5.399
2020-03-19 16:00,0.111,5.236
2020-03-19 17:00,0.094,5.000
2020-03-19 18:00,0.085,4.848
2020-03-19 19:00,0.084,4.834
2020-03-19 20:00,0.087,4.878
2020-03-19 21:00,0.092,4.963
2020-03-19 22:00,0.077,4.721
2020-03-19 23:00,0.020,3.359
2020-03-20 00:00,0.025,3.542
2020-03-20 01:00,0.019,3.317
2020-03-20 02:00,0.020,3.359
2020-03-20 03:00,0.029,3.658
2020-03-20 04:00,0.041,3.985
2020-03-20 05:00,0.059,4.378
2020-03-20 06:00,0.090,4.931
2020-03-20 07:00,0.117,5.309
2020-03-20 08:00,0.158,5.826
2020-03-20 09:00,0.217,6.447
2020-03-20 10:00,0.269,6.917
2020-03-20 11:00,0.350,7.578
2020-03-20 12:00,0.420,8.115
2020-03-20 13:00,0.439,8.254
2020-03-20 14:00,0.440,8.255
2020-03-20 15:00,0.402,7.980
2020-03-20 16:00,0.346,7.553
2020-03-20 17:00,0.281,7.030
2020-03-20 18:00,0.226,6.532
2020-03-20 19:00,0.202,6.305
2020-03-20 20:00,0.208,6.354
2020-03-20 21:00,0.224,6.512
2020-03-20 22:00,0.266,6.894
2020-03-20 23:00,0.280,7.019
2020-03-21 00:00,0.306,7.233
2020-03-21 01:00,0.339,7.489
2020-03-21 02:00,0.362,7.672
2020-03-21 03:00,0.363,7.685
2020-03-21 04:00,0.348,7.571
2020-03-21 05:00,0.344,7.535
2020-03-21 06:00,0.353,7.605
2020-03-21 07:00,0.345,7.545
2020-03-21 08:00,0.322,7.359
2020-03-21 09:00,0.288,7.077
2020-03-21 10:00,0.289,7.088
2020-03-21 11:00,0.280,7.017
2020-03-21 12:00,0.315,7.307
2020-03-21 13:00,0.334,7.458
2020-03-21 14:00,0.338,7.486
2020-03-21 15:00,0.335,7.471
2020-03-21 16:00,0.322,7.361
2020-03-21 17:00,0.299,7.177
2020-03-21 18:00,0.253,6.779
2020-03-21 19:00,0.197,6.242
2020-03-21 20:00,0.156,5.794
2020-03-21 21:00,0.113,5.270
2020-03-21 22:00,0.087,4.875
2020-03-21 23:00,0.069,4.584
2020-03-22 00:00,0.068,4.561
2020-03-22 01:00,0.061,4.407
2020-03-22 02:00,0.056,4.328
2020-03-22 03:00,0.063,4.457
2020-03-22 04:00,0.076,4.708
2020-03-22 05:00,0.094,4.985
2020-03-22 06:00,0.113,5.271
2020-03-22 07:00,0.127,5.445
2020-03-22 08:00,0.135,5.547
2020-03-22 09:00,0.143,5.657
2020-03-22 10:00,0.149,5.729
2020-03-22 11:00,0.138,5.594
2020-03-22 12:00,0.120,5.369
2020-03-22 13:00,0.102,5.109
2020-03-22 14:00,0.091,4.948
2020-03-22 15:00,0.106,5.163
2020-03-22 16:00,0.129,5.480
2020-03-22 17:00,0.145,5.677
2020-03-22 18:00,0.137,5.568
2020-03-22 19:00,0.112,5.251
2020-03-22 20:00,0.095,5.013
2020-03-22 21:00,0.086,4.867
2020-03-22 22:00,0.083,4.813
2020-03-22 23:00,0.085,4.854
2020-03-23 00:00,0.106,5.170
2020-03-23 01:00,0.107,5.184
2020-03-23 02:00,0.095,5.008
2020-03-23 03:00,0.089,4.920
2020-03-23 04:00,0.095,5.006
2020-03-23 05:00,0.106,5.175
2020-03-23 06:00,0.118,5.329
2020-03-23 07:00,0.109,5.208
2020-03-23 08:00,0.085,4.846
2020-03-23 09:00,0.067,4.531
2020-03-23 10:00,0.065,4.496
2020-03-23 11:00,0.069,4.570
2020-03-23 12:00,0.073,4.631
2020-03-23 13:00,0.082,4.794
2020-03-23 14:00,0.091,4.940
2020-03-23 15:00,0.095,5.006
2020-03-23 16:00,0.094,4.995
2020-03-23 17:00,0.092,4.959
2020-03-23 18:00,0.092,4.966
2020-03-23 19:00,0.095,5.003
2020-03-23 20:00,0.097,5.033
2020-03-23 21:00,0.093,4.983
2020-03-23 22:00,0.094,4.992
2020-03-23 23:00,0.099,5.058
2020-03-24 00:00,0.134,5.530
2020-03-24 01:00,0.152,5.757
2020-03-24 02:00,0.164,5.897
2020-03-24 03:00,0.177,6.036
2020-03-24 04:00,0.193,6.205
2020-03-24 05:00,0.211,6.390
2020-03-24 06:00,0.224,6.513
2020-03-24 07:00,0.230,6.569
2020-03-24 08:00,0.225,6.527
2020-03-24 09:00,0.214,6.415
2020-03-24 10:00,0.190,6.169
2020-03-24 11:00,0.159,5.838
2020-03-24 12:00,0.153,5.771
2020-03-24 13:00,0.170,5.957
2020-03-24 14:00,0.190,6.180
2020-03-24 15:00,0.211,6.393
2020-03-24 16:00,0.215,6.426
2020-03-24 17:00,0.204,6.319
2020-03-24 18:00,0.199,6.262
2020-03-24 19:00,0.201,6.296
2020-03-24 20:00,0.213,6.407
2020-03-24 21:00,0.241,6.668
2020-03-24 22:00,0.266,6.900
2020-03-24 23:00,0.310,7.261
2020-03-25 00:00,0.395,7.922
2020-03-25 01:00,0.369,7.728
2020-03-25 02:00,0.328,7.400
2020-03-25 03:00,0.310,7.264
2020-03-25 04:00,0.310,7.265
2020-03-25 05:00,0.313,7.289
2020-03-25 06:00,0.300,7.184
2020-03-25 07:00,0.282,7.034
2020-03-25 08:00,0.272,6.938
2020-03-25 09:00,0.248,6.729
2020-03-25 10:00,0.223,6.509
2020-03-25 11:00,0.235,6.614
2020-03-25 12:00,0.210,6.372
2020-03-25 13:00,0.177,6.033
2020-03-25 14:00,0.211,6.385
2020-03-25 15:00,0.264,6.878
2020-03-25 16:00,0.293,7.118
2020-03-25 17:00,0.333,7.451
2020-03-25 18:00,0.379,7.808
2020-03-25 19:00,0.379,7.811
2020-03-25 20:00,0.338,7.487
2020-03-25 21:00,0.308,7.242
2020-03-25 22:00,0.308,7.239
2020-03-25 23:00,0.289,7.085
2020-03-26 00:00,0.355,7.617
2020-03-26 01:00,0.389,7.883
2020-03-26 02:00,0.412,8.049
2020-03-26 03:00,0.404,7.996
2020-03-26 04:00,0.389,7.884
2020-03-26 05:00,0.405,8.000
2020-03-26 06:00,0.438,8.246
2020-03-26 07:00,0.439,8.254
2020-03-26 08:00,0.429,8.180
2020-03-26 09:00,0.391,7.896
2020-03-26 10:00,0.316,7.316
2020-03-26 11:00,0.266,6.886
2020-03-26 12:00,0.262,6.849
2020-03-26 13:00,0.270,6.924
2020-03-26 14:00,0.266,6.897
2020-03-26 15:00,0.266,6.890
2020-03-26 16:00,0.242,6.683
2020-03-26 17:00,0.208,6.351
2020-03-26 18:00,0.194,6.214
2020-03-26 19:00,0.186,6.139
2020-03-26 20:00,0.204,6.318
2020-03-26 21:00,0.246,6.716
2020-03-26 22:00,0.278,6.994
2020-03-26 23:00,0.275,6.977
2020-03-27 00:00,0.367,7.713
2020-03-27 01:00,0.450,8.330
2020-03-27 02:00,0.523,8.878
2020-03-27 03:00,0.611,9.548
2020-03-27 04:00,0.685,10.158
2020-03-27 05:00,0.728,10.557
2020-03-27 06:00,0.747,10.750
2020-03-27 07:00,0.735,10.620
2020-03-27 08:00,0.698,10.284
2020-03-27 09:00,0.585,9.343
2020-03-27 10:00,0.422,8.131
2020-03-27 11:00,0.363,7.688
2020-03-27 12:00,0.371,7.741
2020-03-27 13:00,0.321,7.355
2020-03-27 14:00,0.234,6.608
2020-03-27 15:00,0.186,6.134
2020-03-27 16:00,0.167,5.935
2020-03-27 17:00,0.152,5.761
2020-03-27 18:00,0.081,4.776
2020-03-27 19:00,0.039,3.928
2020-03-27 20:00,0.015,3.153
2020-03-27 21:00,0.134,5.531
2020-03-27 22:00,0.674,10.069
2020-03-27 23:00,0.870,12.325
2020-03-28 00:00,0.852,12.036
2020-03-28 01:00,0.764,10.925
2020-03-28 02:00,0.661,9.953
2020-03-28 03:00,0.540,8.990
2020-03-28 04:00,0.446,8.307
2020-03-28 05:00,0.434,8.217
2020-03-28 06:00,0.475,8.519
2020-03-28 07:00,0.509,8.769
2020-03-28 08:00,0.506,8.746
2020-03-28 09:00,0.480,8.553
2020-03-28 10:00,0.449,8.321
2020-03-28 11:00,0.413,8.059
2020-03-28 12:00,0.370,7.733
2020-03-28 13:00,0.332,7.436
2020-03-28 14:00,0.310,7.265
2020-03-28 15:00,0.327,7.396
2020-03-28 16:00,0.364,7.692
2020-03-28 17:00,0.434,8.220
2020-03-28 18:00,0.534,8.958
2020-03-28 19:00,0.593,9.398
2020-03-28 20:00,0.594,9.407
2020-03-28 21:00,0.584,9.333
2020-03-28 22:00,0.616,9.577
2020-03-28 23:00,0.632,9.707
2020-03-29 00:00,0.707,10.362
2020-03-29 01:00,0.738,10.654
2020-03-29 02:00,0.727,10.551
2020-03-29 03:00,0.697,10.270
2020-03-29 04:00,0.655,9.898
2020-03-29 05:00,0.622,9.635
2020-03-29 06:00,0.599,9.452
2020-03-29 07:00,0.588,9.368
2020-03-29 08:00,0.552,9.093
2020-03-29 09:00,0.450,8.333
2020-03-29 10:00,0.314,7.299
2020-03-29 11:00,0.266,6.900
2020-03-29 12:00,0.287,7.072
2020-03-29 13:00,0.314,7.301
2020-03-29 14:00,0.348,7.567
2020-03-29 15:00,0.383,7.836
2020-03-29 16:00,0.429,8.177
2020-03-29 17:00,0.416,8.078
2020-03-29 18:00,0.379,7.811
2020-03-29 19:00,0.313,7.286
2020-03-29 20:00,0.271,6.935
2020-03-29 21:00,0.256,6.808
2020-03-29 22:00,0.263,6.865
2020-03-29 23:00,0.244,6.696
2020-03-30 00:00,0.280,7.021
2020-03-30 01:00,0.283,7.043
2020-03-30 02:00,0.249,6.733
2020-03-30 03:00,0.204,6.319
2020-03-30 04:00,0.164,5.894
2020-03-30 05:00,0.142,5.639
2020-03-30 06:00,0.140,5.617
2020-03-30 07:00,0.156,5.798
2020-03-30 08:00,0.183,6.102
2020-03-30 09:00,0.214,6.416
2020-03-30 10:00,0.214,6.413
2020-03-30 11:00,0.217,6.450
2020-03-30 12:00,0.211,6.386
2020-03-30 13:00,0.190,6.181
2020-03-30 14:00,0.179,6.055
2020-03-30 15:00,0.188,6.159
2020-03-30 16:00,0.211,6.385
2020-03-30 17:00,0.237,6.641
2020-03-30 18:00,0.267,6.908
2020-03-30 19:00,0.285,7.060
2020-03-30 20:00,0.286,7.068
2020-03-30 21:00,0.280,7.019
2020-03-30 22:00,0.278,6.995
2020-03-30 23:00,0.249,6.740
2020-03-31 00:00,0.243,6.687
2020-03-31 01:00,0.248,6.731
2020-03-31 02:00,0.227,6.543
2020-03-31 03:00,0.209,6.366
2020-03-31 04:00,0.218,6.452
2020-03-31 05:00,0.239,6.654
2020-03-31 06:00,0.255,6.799
2020-03-31 07:00,0.238,6.649
2020-03-31 08:00,0.172,5.977
2020-03-31 09:00,0.093,4.977
2020-03-31 10:00,0.034,3.818
2020-03-31 11:00,0.011,2.951
2020-03-31 12:00,0.011,2.934
2020-03-31 13:00,0.028,3.635
2020-03-31 14:00,0.066,4.525
2020-03-31 15:00,0.112,5.256
2020-03-31 16:00,0.166,5.919
2020-03-31 17:00,0.244,6.692
2020-03-31 18:00,0.263,6.865
2020-03-31 19:00,0.270,6.932
2020-03-31 20:00,0.297,7.151
2020-03-31 21:00,0.342,7.517
2020-03-31 22:00,0.417,8.089
2020-03-31 23:00,0.495,8.663
2020-04-01 00:00,0.518,8.841
2020-04-01 01:00,0.489,8.624
2020-04-01 02:00,0.398,7.951
2020-04-01 03:00,0.278,6.989
2020-04-01 04:00,0.190,6.174
2020-04-01 05:00,0.148,5.716
2020-04-01 06:00,0.150,5.742
2020-04-01 07:00,0.166,5.916
2020-04-01 08:00,0.166,5.923
2020-04-01 09:00,0.179,6.067
2020-04-01 10:00,0.222,6.486
2020-04-01 11:00,0.282,7.031
2020-04-01 12:00,0.347,7.563
2020-04-01 13:00,0.377,7.786
2020-04-01 14:00,0.364,7.690
2020-04-01 15:00,0.331,7.434
2020-04-01 16:00,0.296,7.140
2020-04-01 17:00,0.275,6.978
2020-04-01 18:00,0.259,6.835
2020-04-01 19:00,0.239,6.654
2020-04-01 20:00,0.230,6.572
2020-04-01 21:00,0.268,6.912
2020-04-01 22:00,0.305,7.223
2020-04-01 23:00,0.339,7.500
2020-04-02 00:00,0.423,8.135
2020-04-02 01:00,0.583,9.330
2020-04-02 02:00,0.702,10.318
2020-04-02 03:00,0.738,10.652
2020-04-02 04:00,0.707,10.352
2020-04-02 05:00,0.670,10.030
2020-04-02 06:00,0.633,9.725
2020-04-02 07:00,0.581,9.313
2020-04-02 08:00,0.533,8.950
2020-04-02 09:00,0.480,8.555
2020-04-02 10:00,0.383,7.836
2020-04-02 11:00,0.272,6.947
2020-04-02 12:00,0.222,6.501
2020-04-02 13:00,0.219,6.458
2020-04-02 14:00,0.217,6.445
2020-04-02 15:00,0.252,6.760
2020-04-02 16:00,0.267,6.903
2020-04-02 17:00,0.281,7.027
2020-04-02 18:00,0.319,7.341
2020-04-02 19:00,0.364,7.694
2020-04-02 20:00,0.379,7.807
2020-04-02 21:00,0.430,8.192
2020-04-02 22:00,0.463,8.430
2020-04-02 23:00,0.484,8.586
2020-04-03 00:00,0.517,8.826
2020-04-03 01:00,0.543,9.023
2020-04-03 02:00,0.555,9.112
2020-04-03 03:00,0.561,9.152
2020-04-03 04:00,0.542,9.018
2020-04-03 05:00,0.516,8.823
2020-04-03 06:00,0.490,8.632
2020-04-03 07:00,0.464,8.434
2020-04-03 08:00,0.440,8.257
2020-04-03 09:00,0.428,8.169
2020-04-03 10:00,0.371,7.737
2020-04-03 11:00,0.308,7.240
2020-04-03 12:00,0.301,7.187
2020-04-03 13:00,0.319,7.329
2020-04-03 14:00,0.398,7.953
2020-04-03 15:00,0.429,8.181
2020-04-03 16:00,0.401,7.974
2020-04-03 17:00,0.386,7.853
2020-04-03 18:00,0.374,7.764
2020-04-03 19:00,0.403,7.985
2020-04-03 20:00,0.450,8.326
2020-04-03 21:00,0.518,8.828
2020-04-03 22:00,0.555,9.111
2020-04-03 23:00,0.538,8.985
2020-04-04 00:00,0.514,8.812
2020-04-04 01:00,0.535,8.964
2020-04-04 02:00,0.559,9.142
2020-04-04 03:00,0.518,8.829
2020-04-04 04:00,0.447,8.311
2020-04-04 05:00,0.417,8.090
2020-04-04 06:00,0.429,8.171
2020-04-04 07:00,0.463,8.421
2020-04-04 08:00,0.497,8.671
2020-04-04 09:00,0.518,8.839
2020-04-04 10:00,0.519,8.847
2020-04-04 11:00,0.528,8.908
2020-04-04 12:00,0.545,9.038
2020-04-04 13:00,0.552,9.091
2020-04-04 14:00,0.548,9.063
2020-04-04 15:00,0.538,8.985
2020-04-04 16:00,0.514,8.811
2020-04-04 17:00,0.496,8.670
2020-04-04 18:00,0.478,8.543
2020-04-04 19:00,0.444,8.291
2020-04-04 20:00,0.395,7.927
2020-04-04 21:00,0.399,7.960
2020-04-04 22:00,0.433,8.213
2020-04-04 23:00,0.435,8.229
2020-04-05 00:00,0.429,8.175
2020-04-05 01:00,0.401,7.974
2020-04-05 02:00,0.410,8.038
2020-04-05 03:00,0.444,8.291
2020-04-05 04:00,0.494,8.654
2020-04-05 05:00,0.545,9.035
2020-04-05 06:00,0.563,9.169
2020-04-05 07:00,0.564,9.176
2020-04-05 08:00,0.596,9.418
2020-04-05 09:00,0.633,9.722
2020-04-05 10:00,0.636,9.743
2020-04-05 11:00,0.580,9.303
2020-04-05 12:00,0.484,8.590
2020-04-05 13:00,0.426,8.160
2020-04-05 14:00,0.429,8.170
2020-04-05 15:00,0.484,8.586
2020-04-05 16:00,0.552,9.093
2020-04-05 17:00,0.589,9.377
2020-04-05 18:00,0.596,9.420
2020-04-05 19:00,0.616,9.580
2020-04-05 20:00,0.644,9.812
2020-04-05 21:00,0.673,10.058
2020-04-05 22:00,0.697,10.274
2020-04-05 23:00,0.663,9.971
2020-04-06 00:00,0.548,9.063
2020-04-06 01:00,0.484,8.584
2020-04-06 02:00,0.464,8.435
2020-04-06 03:00,0.417,8.086
2020-04-06 04:00,0.380,7.813
2020-04-06 05:00,0.342,7.517
2020-04-06 06:00,0.293,7.119
2020-04-06 07:00,0.293,7.129
2020-04-06 08:00,0.335,7.467
2020-04-06 09:00,0.364,7.693
2020-04-06 10:00,0.431,8.194
2020-04-06 11:00,0.530,8.926
2020-04-06 12:00,0.478,8.537
2020-04-06 13:00,0.466,8.457
2020-04-06 14:00,0.564,9.175
2020-04-06 15:00,0.640,9.780
2020-04-06 16:00,0.657,9.917
2020-04-06 17:00,0.642,9.794
2020-04-06 18:00,0.606,9.505
2020-04-06 19:00,0.567,9.204
2020-04-06 20:00,0.533,8.952
2020-04-06 21:00,0.508,8.756
2020-04-06 22:00,0.503,8.727
2020-04-06 23:00,0.502,8.714
2020-04-07 00:00,0.419,8.101
2020-04-07 01:00,0.219,6.465
2020-04-07 02:00,0.141,5.634
2020-04-07 03:00,0.102,5.112
2020-04-07 04:00,0.074,4.669
2020-04-07 05:00,0.062,4.442
2020-04-07 06:00,0.069,4.579
2020-04-07 07:00,0.072,4.623
2020-04-07 08:00,0.055,4.293
2020-04-07 09:00,0.058,4.366
2020-04-07 10:00,0.100,5.084
2020-04-07 11:00,0.172,5.988
2020-04-07 12:00,0.256,6.811
2020-04-07 13:00,0.313,7.289
2020-04-07 14:00,0.299,7.175
2020-04-07 15:00,0.237,6.636
2020-04-07 16:00,0.184,6.120
2020-04-07 17:00,0.162,5.879
2020-04-07 18:00,0.156,5.811
2020-04-07 19:00,0.161,5.860
2020-04-07 20:00,0.175,6.022
2020-04-07 21:00,0.200,6.285
2020-04-07 22:00,0.232,6.579
2020-04-07 23:00,0.234,6.598
2020-04-08 00:00,0.232,6.587
2020-04-08 01:00,0.225,6.528
2020-04-08 02:00,0.210,6.370
2020-04-08 03:00,0.170,5.956
2020-04-08 04:00,0.124,5.410
2020-04-08 05:00,0.090,4.928
2020-04-08 06:00,0.077,4.726
2020-04-08 07:00,0.080,4.772
2020-04-08 08:00,0.078,4.738
2020-04-08 09:00,0.080,4.772
2020-04-08 10:00,0.101,5.092
2020-04-08 11:00,0.138,5.586
2020-04-08 12:00,0.160,5.853
2020-04-08 13:00,0.148,5.720
2020-04-08 14:00,0.123,5.405
2020-04-08 15:00,0.100,5.077
2020-04-08 16:00,0.084,4.830
2020-04-08 17:00,0.074,4.656
2020-04-08 18:00,0.065,4.506
2020-04-08 19:00,0.062,4.450
2020-04-08 20:00,0.074,4.648
2020-04-08 21:00,0.087,4.877
2020-04-08 22:00,0.100,5.067
2020-04-08 23:00,0.087,4.881
2020-04-09 00:00,0.067,4.537
2020-04-09 01:00,0.059,4.373
2020-04-09 02:00,0.054,4.272
2020-04-09 03:00,0.049,4.180
2020-04-09 04:00,0.050,4.187
2020-04-09 05:00,0.068,4.554
2020-04-09 06:00,0.105,5.155
2020-04-09 07:00,0.159,5.838
2020-04-09 08:00,0.228,6.549
2020-04-09 09:00,0.282,7.037
2020-04-09 10:00,0.304,7.215
2020-04-09 11:00,0.280,7.014
2020-04-09 12:00,0.242,6.674
2020-04-09 13:00,0.224,6.511
2020-04-09 14:00,0.199,6.260
2020-04-09 15:00,0.175,6.015
2020-04-09 16:00,0.142,5.643
2020-04-09 17:00,0.109,5.202
2020-04-09 18:00,0.093,4.973
2020-04-09 19:00,0.097,5.032
2020-04-09 20:00,0.111,5.239
2020-04-09 21:00,0.121,5.374
2020-04-09 22:00,0.135,5.552
2020-04-09 23:00,0.145,5.684
2020-04-10 00:00,0.185,6.122
2020-04-10 01:00,0.213,6.410
2020-04-10 02:00,0.222,6.488
2020-04-10 03:00,0.216,6.432
2020-04-10 04:00,0.219,6.466
2020-04-10 05:00,0.232,6.591
2020-04-10 06:00,0.231,6.574
2020-04-10 07:00,0.221,6.479
2020-04-10 08:00,0.203,6.310
2020-04-10 09:00,0.172,5.987
2020-04-10 10:00,0.138,5.579
2020-04-10 11:00,0.117,5.310
2020-04-10 12:00,0.109,5.219
2020-04-10 13:00,0.115,5.286
2020-04-10 14:00,0.123,5.401
2020-04-10 15:00,0.135,5.541
2020-04-10 16:00,0.144,5.666
2020-04-10 17:00,0.151,5.752
2020-04-10 18:00,0.161,5.862
2020-04-10 19:00,0.143,5.657
2020-04-10 20:00,0.113,5.268
2020-04-10 21:00,0.066,4.516
2020-04-10 22:00,0.033,3.778
2020-04-10 23:00,0.021,3.382
2020-04-11 00:00,0.036,3.866
2020-04-11 01:00,0.053,4.264
2020-04-11 02:00,0.068,4.556
2020-04-11 03:00,0.087,4.886
2020-04-11 04:00,0.102,5.109
2020-04-11 05:00,0.103,5.133
2020-04-11 06:00,0.092,4.964
2020-04-11 07:00,0.072,4.616
2020-04-11 08:00,0.045,4.076
2020-04-11 09:00,0.048,4.143
2020-04-11 10:00,0.061,4.413
2020-04-11 11:00,0.020,3.342
2020-04-11 12:00,0.002,2.100
2020-04-11 13:00,0.401,7.974
2020-04-11 14:00,0.860,12.163
2020-04-11 15:00,0.930,13.605
2020-04-11 16:00,0.918,13.298
2020-04-11 17:00,0.903,12.945
2020-04-11 18:00,0.920,13.322
2020-04-11 19:00,0.948,14.133
2020-04-11 20:00,0.970,15.089
2020-04-11 21:00,0.976,15.479
2020-04-11 22:00,0.961,14.661
2020-04-11 23:00,0.944,14.021
2020-04-12 00:00,0.950,14.223
2020-04-12 01:00,0.946,14.088
2020-04-12 02:00,0.922,13.382
2020-04-12 03:00,0.883,12.560
2020-04-12 04:00,0.850,12.002
2020-04-12 05:00,0.793,11.250
2020-04-12 06:00,0.724,10.517
2020-04-12 07:00,0.698,10.282
2020-04-12 08:00,0.672,10.050
2020-04-12 09:00,0.672,10.047
2020-04-12 10:00,0.668,10.017
2020-04-12 11:00,0.643,9.808
2020-04-12 12:00,0.595,9.417
2020-04-12 13:00,0.518,8.828
2020-04-12 14:00,0.454,8.367
2020-04-12 15:00,0.490,8.631
2020-04-12 16:00,0.600,9.453
2020-04-12 17:00,0.706,10.344
2020-04-12 18:00,0.732,10.593
2020-04-12 19:00,0.774,11.029
2020-04-12 20:00,0.810,11.456
2020-04-12 21:00,0.818,11.553
2020-04-12 22:00,0.850,11.998
2020-04-12 23:00,0.836,11.798
2020-04-13 00:00,0.844,11.911
2020-04-13 01:00,0.848,11.980
2020-04-13 02:00,0.823,11.627
2020-04-13 03:00,0.697,10.268
2020-04-13 04:00,0.540,9.001
2020-04-13 05:00,0.394,7.917
2020-04-13 06:00,0.304,7.214
2020-04-13 07:00,0.219,6.468
2020-04-13 08:00,0.144,5.663
2020-04-13 09:00,0.088,4.894
2020-04-13 10:00,0.083,4.807
2020-04-13 11:00,0.073,4.635
2020-04-13 12:00,0.045,4.090
2020-04-13 13:00,0.015,3.130
2020-04-13 14:00,0.003,2.276
2020-04-13 15:00,0.001,1.939
2020-04-13 16:00,0.001,1.879
2020-04-13 17:00,0.002,2.023
2020-04-13 18:00,0.001,1.918
2020-04-13 19:00,0.001,1.813
2020-04-13 20:00,0.001,1.727
2020-04-13 21:00,0.001,1.789
2020-04-13 22:00,0.002,2.159
2020-04-13 23:00,0.004,2.391
2020-04-14 00:00,0.001,2.007
2020-04-14 01:00,0.008,2.769
2020-04-14 02:00,0.014,3.091
2020-04-14 03:00,0.012,2.969
2020-04-14 04:00,0.004,2.430
2020-04-14 05:00,0.001,1.980
2020-04-14 06:00,0.001,1.737
2020-04-14 07:00,0.001,1.853
2020-04-14 08:00,0.001,1.848
2020-04-14 09:00,0.001,2.020
2020-04-14 10:00,0.005,2.463
2020-04-14 11:00,0.007,2.700
2020-04-14 12:00,0.009,2.812
2020-04-14 13:00,0.007,2.696
2020-04-14 14:00,0.004,2.385
2020-04-14 15:00,0.001,1.779
2020-04-14 16:00,0,0.802
2020-04-14 17:00,0,0.116
2020-04-14 18:00,0,0.977
2020-04-14 19:00,0,1.505
2020-04-14 20:00,0.001,1.821
2020-04-14 21:00,0.001,1.993
2020-04-14 22:00,0.001,1.988
2020-04-14 23:00,0,1.286
2020-04-15 00:00,0,0.835
2020-04-15 01:00,0,0.500
2020-04-15 02:00,0,0.255
2020-04-15 03:00,0,0.017
2020-04-15 04:00,0,0.092
2020-04-15 05:00,0,0.792
2020-04-15 06:00,0.006,2.602
2020-04-15 07:00,0.031,3.702
2020-04-15 08:00,0.044,4.060
2020-04-15 09:00,0.055,4.298
2020-04-15 10:00,0.068,4.550
2020-04-15 11:00,0.077,4.720
2020-04-15 12:00,0.085,4.851
2020-04-15 13:00,0.100,5.068
2020-04-15 14:00,0.128,5.470
2020-04-15 15:00,0.144,5.669
2020-04-15 16:00,0.128,5.461
2020-04-15 17:00,0.091,4.940
2020-04-15 18:00,0.061,4.425
2020-04-15 19:00,0.039,3.940
2020-04-15 20:00,0.026,3.581
2020-04-15 21:00,0.016,3.200
2020-04-15 22:00,0.009,2.808
2020-04-15 23:00,0.008,2.717
2020-04-16 00:00,0.014,3.099
2020-04-16 01:00,0.022,3.437
2020-04-16 02:00,0.033,3.772
2020-04-16 03:00,0.046,4.110
2020-04-16 04:00,0.070,4.601
2020-04-16 05:00,0.107,5.189
2020-04-16 06:00,0.148,5.707
2020-04-16 07:00,0.164,5.902
2020-04-16 08:00,0.158,5.829
2020-04-16 09:00,0.159,5.845
2020-04-16 10:00,0.160,5.849
2020-04-16 11:00,0.158,5.830
2020-04-16 12:00,0.158,5.835
2020-04-16 13:00,0.159,5.847
2020-04-16 14:00,0.158,5.830
2020-04-16 15:00,0.175,6.017
2020-04-16 16:00,0.208,6.351
2020-04-16 17:00,0.233,6.597
2020-04-16 18:00,0.245,6.706
2020-04-16 19:00,0.249,6.741
2020-04-16 20:00,0.256,6.806
2020-04-16 21:00,0.256,6.809
2020-04-16 22:00,0.242,6.679
2020-04-16 23:00,0.199,6.268
2020-04-17 00:00,0.194,6.213
2020-04-17 01:00,0.184,6.116
2020-04-17 02:00,0.185,6.130
2020-04-17 03:00,0.189,6.163
2020-04-17 04:00,0.185,6.130
2020-04-17 05:00,0.184,6.112
2020-04-17 06:00,0.185,6.132
2020-04-17 07:00,0.188,6.156
2020-04-17 08:00,0.189,6.162
2020-04-17 09:00,0.170,5.960
2020-04-17 10:00,0.140,5.614
2020-04-17 11:00,0.116,5.306
2020-04-17 12:00,0.102,5.113
2020-04-17 13:00,0.093,4.970
2020-04-17 14:00,0.092,4.955
2020-04-17 15:00,0.104,5.138
2020-04-17 16:00,0.106,5.170
2020-04-17 17:00,0.100,5.083
2020-04-17 18:00,0.088,4.897
2020-04-17 19:00,0.067,4.529
2020-04-17 20:00,0.055,4.301
2020-04-17 21:00,0.055,4.308
2020-04-17 22:00,0.055,4.299
2020-04-17 23:00,0.049,4.181
2020-04-18 00:00,0.075,4.682
2020-04-18 01:00,0.106,5.163
2020-04-18 02:00,0.129,5.480
2020-04-18 03:00,0.134,5.529
2020-04-18 04:00,0.124,5.419
2020-04-18 05:00,0.107,5.187
2020-04-18 06:00,0.093,4.972
2020-04-18 07:00,0.088,4.892
2020-04-18 08:00,0.107,5.184
2020-04-18 09:00,0.148,5.702
2020-04-18 10:00,0.171,5.971
2020-04-18 11:00,0.201,6.287
2020-04-18 12:00,0.282,7.036
2020-04-18 13:00,0.395,7.930
2020-04-18 14:00,0.486,8.606
2020-04-18 15:00,0.499,8.690
2020-04-18 16:00,0.422,8.128
2020-04-18 17:00,0.369,7.731
2020-04-18 18:00,0.333,7.444
2020-04-18 19:00,0.285,7.056
2020-04-18 20:00,0.242,6.678
2020-04-18 21:00,0.203,6.312
2020-04-18 22:00,0.185,6.126
2020-04-18 23:00,0.194,6.221
2020-04-19 00:00,0.243,6.686
2020-04-19 01:00,0.283,7.043
2020-04-19 02:00,0.320,7.344
2020-04-19 03:00,0.343,7.525
2020-04-19 04:00,0.344,7.537
2020-04-19 05:00,0.333,7.448
2020-04-19 06:00,0.310,7.264
2020-04-19 07:00,0.286,7.067
2020-04-19 08:00,0.270,6.932
2020-04-19 09:00,0.258,6.822
2020-04-19 10:00,0.254,6.789
2020-04-19 11:00,0.241,6.666
2020-04-19 12:00,0.227,6.548
2020-04-19 13:00,0.229,6.565
2020-04-19 14:00,0.246,6.708
2020-04-19 15:00,0.261,6.847
2020-04-19 16:00,0.260,6.837
2020-04-19 17:00,0.240,6.662
2020-04-19 18:00,0.211,6.388
2020-04-19 19:00,0.158,5.835
2020-04-19 20:00,0.116,5.298
2020-04-19 21:00,0.095,5.003
2020-04-19 22:00,0.105,5.149
2020-04-19 23:00,0.137,5.568
2020-04-20 00:00,0.210,6.377
2020-04-20 01:00,0.253,6.785
2020-04-20 02:00,0.270,6.930
2020-04-20 03:00,0.260,6.837
2020-04-20 04:00,0.230,6.571
2020-04-20 05:00,0.211,6.390
2020-04-20 06:00,0.201,6.295
2020-04-20 07:00,0.199,6.275
2020-04-20 08:00,0.197,6.241
2020-04-20 09:00,0.204,6.320
2020-04-20 10:00,0.228,6.557
2020-04-20 11:00,0.246,6.718
2020-04-20 12:00,0.251,6.755
2020-04-20 13:00,0.252,6.759
2020-04-20 14:00,0.257,6.820
2020-04-20 15:00,0.266,6.893
2020-04-20 16:00,0.299,7.174
2020-04-20 17:00,0.314,7.299
2020-04-20 18:00,0.272,6.943
2020-04-20 19:00,0.225,6.529
2020-04-20 20:00,0.194,6.219
2020-04-20 21:00,0.187,6.150
2020-04-20 22:00,0.180,6.069
2020-04-20 23:00,0.161,5.866
2020-04-21 00:00,0.170,5.951
2020-04-21 01:00,0.173,5.998
2020-04-21 02:00,0.193,6.207
2020-04-21 03:00,0.233,6.595
2020-04-21 04:00,0.276,6.980
2020-04-21 05:00,0.297,7.150
2020-04-21 06:00,0.308,7.240
2020-04-21 07:00,0.319,7.331
2020-04-21 08:00,0.328,7.408
2020-04-21 09:00,0.319,7.332
2020-04-21 10:00,0.283,7.046
2020-04-21 11:00,0.244,6.701
2020-04-21 12:00,0.237,6.640
2020-04-21 13:00,0.226,6.534
2020-04-21 14:00,0.207,6.345
2020-04-21 15:00,0.160,5.857
2020-04-21 16:00,0.119,5.354
2020-04-21 17:00,0.098,5.047
2020-04-21 18:00,0.099,5.058
2020-04-21 19:00,0.114,5.273
2020-04-21 20:00,0.145,5.677
2020-04-21 21:00,0.203,6.306
2020-04-21 22:00,0.265,6.886
2020-04-21 23:00,0.285,7.057
2020-04-22 00:00,0.339,7.500
2020-04-22 01:00,0.413,8.065
2020-04-22 02:00,0.469,8.480
2020-04-22 03:00,0.480,8.561
2020-04-22 04:00,0.427,8.166
2020-04-22 05:00,0.335,7.469
2020-04-22 06:00,0.243,6.687
2020-04-22 07:00,0.187,6.150
2020-04-22 08:00,0.168,5.940
2020-04-22 09:00,0.185,6.127
2020-04-22 10:00,0.199,6.261
2020-04-22 11:00,0.231,6.577
2020-04-22 12:00,0.293,7.125
2020-04-22 13:00,0.235,6.615
2020-04-22 14:00,0.167,5.927
2020-04-22 15:00,0.138,5.595
2020-04-22 16:00,0.107,5.179
2020-04-22 17:00,0.148,5.705
2020-04-22 18:00,0.264,6.869
2020-04-22 19:00,0.242,6.678
2020-04-22 20:00,0.173,6.001
2020-04-22 21:00,0.272,6.949
2020-04-22 22:00,0.351,7.582
2020-04-22 23:00,0.392,7.904
2020-04-23 00:00,0.441,8.261
2020-04-23 01:00,0.478,8.534
2020-04-23 02:00,0.472,8.489
2020-04-23 03:00,0.450,8.333
2020-04-23 04:00,0.444,8.289
2020-04-23 05:00,0.478,8.533
2020-04-23 06:00,0.450,8.324
2020-04-23 07:00,0.395,7.925
2020-04-23 08:00,0.383,7.829
2020-04-23 09:00,0.322,7.362
2020-04-23 10:00,0.254,6.790
2020-04-23 11:00,0.371,7.738
2020-04-23 12:00,0.478,8.535
2020-04-23 13:00,0.500,8.703
2020-04-23 14:00,0.535,8.967
2020-04-23 15:00,0.532,8.944
2020-04-23 16:00,0.548,9.053
2020-04-23 17:00,0.597,9.432
2020-04-23 18:00,0.630,9.688
2020-04-23 19:00,0.625,9.657
2020-04-23 20:00,0.590,9.386
2020-04-23 21:00,0.666,10
2020-04-23 22:00,0.807,11.414
2020-04-23 23:00,0.864,12.230
2020-04-24 00:00,0.847,11.956
2020-04-24 01:00,0.795,11.266
2020-04-24 02:00,0.717,10.455
2020-04-24 03:00,0.596,9.419
2020-04-24 04:00,0.444,8.288
2020-04-24 05:00,0.337,7.482
2020-04-24 06:00,0.299,7.169
2020-04-24 07:00,0.344,7.539
2020-04-24 08:00,0.475,8.521
2020-04-24 09:00,0.575,9.265
2020-04-24 10:00,0.567,9.204
2020-04-24 11:00,0.511,8.786
2020-04-24 12:00,0.480,8.548
2020-04-24 13:00,0.388,7.868
2020-04-24 14:00,0.247,6.726
2020-04-24 15:00,0.160,5.853
2020-04-24 16:00,0.136,5.558
2020-04-24 17:00,0.163,5.883
2020-04-24 18:00,0.229,6.563
2020-04-24 19:00,0.297,7.154
2020-04-24 20:00,0.330,7.425
2020-04-24 21:00,0.322,7.363
2020-04-24 22:00,0.296,7.141
2020-04-24 23:00,0.222,6.486
2020-04-25 00:00,0.134,5.529
2020-04-25 01:00,0.064,4.486
2020-04-25 02:00,0.041,3.983
2020-04-25 03:00,0.048,4.155
2020-04-25 04:00,0.048,4.154
2020-04-25 05:00,0.037,3.880
2020-04-25 06:00,0.021,3.400
2020-04-25 07:00,0.014,3.107
2020-04-25 08:00,0.007,2.688
2020-04-25 09:00,0.004,2.443
2020-04-25 10:00,0.006,2.564
2020-04-25 11:00,0.005,2.509
2020-04-25 12:00,0.004,2.445
2020-04-25 13:00,0.007,2.664
2020-04-25 14:00,0.012,2.978
2020-04-25 15:00,0.019,3.298
2020-04-25 16:00,0.027,3.586
2020-04-25 17:00,0.034,3.816
2020-04-25 18:00,0.041,3.981
2020-04-25 19:00,0.058,4.364
2020-04-25 20:00,0.090,4.933
2020-04-25 21:00,0.118,5.326
2020-04-25 22:00,0.123,5.398
2020-04-25 23:00,0.107,5.188
2020-04-26 00:00,0.076,4.702
2020-04-26 01:00,0.042,4.018
2020-04-26 02:00,0.018,3.290
2020-04-26 03:00,0.005,2.536
2020-04-26 04:00,0.001,1.738
2020-04-26 05:00,0,1.213
2020-04-26 06:00,0,1.084
2020-04-26 07:00,0,0.967
2020-04-26 08:00,0,0.940
2020-04-26 09:00,0,0.932
2020-04-26 10:00,0,0.942
2020-04-26 11:00,0,0.820
2020-04-26 12:00,0,0.558
2020-04-26 13:00,0,0.351
2020-04-26 14:00,0,0.426
2020-04-26 15:00,0,1.188
2020-04-26 16:00,0.001,1.721
2020-04-26 17:00,0.001,1.759
2020-04-26 18:00,0,1.513
2020-04-26 19:00,0.001,1.749
2020-04-26 20:00,0.009,2.802
2020-04-26 21:00,0.043,4.034
2020-04-26 22:00,0.094,4.988
2020-04-26 23:00,0.109,5.199
2020-04-27 00:00,0.131,5.505
2020-04-27 01:00,0.135,5.546
2020-04-27 02:00,0.104,5.136
2020-04-27 03:00,0.068,4.547
2020-04-27 04:00,0.036,3.851
2020-04-27 05:00,0.019,3.309
2020-04-27 06:00,0.014,3.075
2020-04-27 07:00,0.014,3.090
2020-04-27 08:00,0.018,3.281
2020-04-27 09:00,0.024,3.506
2020-04-27 10:00,0.037,3.876
2020-04-27 11:00,0.038,3.919
2020-04-27 12:00,0.024,3.503
2020-04-27 13:00,0.007,2.682
2020-04-27 14:00,0.001,1.751
2020-04-27 15:00,0,0.925
2020-04-27 16:00,0,0.436
2020-04-27 17:00,0,0.530
2020-04-27 18:00,0,0.883
2020-04-27 19:00,0,1.208
2020-04-27 20:00,0,1.645
2020-04-27 21:00,0.001,1.841
2020-04-27 22:00,0.002,2.192
2020-04-27 23:00,0.004,2.390
2020-04-28 00:00,0.011,2.944
2020-04-28 01:00,0.026,3.578
2020-04-28 02:00,0.054,4.277
2020-04-28 03:00,0.077,4.716
2020-04-28 04:00,0.074,4.659
2020-04-28 05:00,0.070,4.586
2020-04-28 06:00,0.079,4.758
2020-04-28 07:00,0.103,5.124
2020-04-28 08:00,0.116,5.303
2020-04-28 09:00,0.110,5.226
2020-04-28 10:00,0.095,5.001
2020-04-28 11:00,0.087,4.875
2020-04-28 12:00,0.083,4.818
2020-04-28 13:00,0.074,4.657
2020-04-28 14:00,0.072,4.622
2020-04-28 15:00,0.085,4.850
2020-04-28 16:00,0.111,5.242
2020-04-28 17:00,0.134,5.533
2020-04-28 18:00,0.139,5.609
2020-04-28 19:00,0.141,5.627
2020-04-28 20:00,0.145,5.684
2020-04-28 21:00,0.171,5.965
2020-04-28 22:00,0.203,6.313
2020-04-28 23:00,0.217,6.443
2020-04-29 00:00,0.261,6.844
2020-04-29 01:00,0.279,7.003
2020-04-29 02:00,0.294,7.132
2020-04-29 03:00,0.280,7.012
2020-04-29 04:00,0.247,6.725
2020-04-29 05:00,0.226,6.532
2020-04-29 06:00,0.212,6.396
2020-04-29 07:00,0.202,6.300
2020-04-29 08:00,0.181,6.077
2020-04-29 09:00,0.138,5.591
2020-04-29 10:00,0.083,4.825
2020-04-29 11:00,0.040,3.957
2020-04-29 12:00,0.021,3.376
2020-04-29 13:00,0.013,3.040
2020-04-29 14:00,0.008,2.721
2020-04-29 15:00,0.007,2.668
2020-04-29 16:00,0.007,2.710
2020-04-29 17:00,0.010,2.874
2020-04-29 18:00,0.015,3.138
2020-04-29 19:00,0.024,3.501
2020-04-29 20:00,0.041,3.999
2020-04-29 21:00,0.052,4.242
2020-04-29 22:00,0.045,4.080
2020-04-29 23:00,0.039,3.943
2020-04-30 00:00,0.042,4.003
2020-04-30 01:00,0.038,3.904
2020-04-30 02:00,0.029,3.659
2020-04-30 03:00,0.022,3.439
2020-04-30 04:00,0.018,3.261
2020-04-30 05:00,0.017,3.238
2020-04-30 06:00,0.018,3.276
2020-04-30 07:00,0.020,3.341
2020-04-30 08:00,0.026,3.570
2020-04-30 09:00,0.036,3.866
2020-04-30 10:00,0.044,4.061
2020-04-30 11:00,0.056,4.322
2020-04-30 12:00,0.087,4.890
2020-04-30 13:00,0.123,5.401
2020-04-30 14:00,0.112,5.252
2020-04-30 15:00,0.086,4.866
2020-04-30 16:00,0.067,4.532
2020-04-30 17:00,0.061,4.412
2020-04-30 18:00,0.049,4.183
2020-04-30 19:00,0.034,3.818
2020-04-30 20:00,0.022,3.444
2020-04-30 21:00,0.013,3.033
2020-04-30 22:00,0.006,2.638
2020-04-30 23:00,0.004,2.431
2020-05-01 00:00,0.004,2.447
2020-05-01 01:00,0.005,2.523
2020-05-01 02:00,0.007,2.680
2020-05-01 03:00,0.010,2.915
2020-05-01 04:00,0.017,3.220
2020-05-01 05:00,0.025,3.517
2020-05-01 06:00,0.033,3.770
2020-05-01 07:00,0.039,3.925
2020-05-01 08:00,0.044,4.058
2020-05-01 09:00,0.054,4.281
2020-05-01 10:00,0.067,4.535
2020-05-01 11:00,0.079,4.749
2020-05-01 12:00,0.074,4.674
2020-05-01 13:00,0.070,4.591
2020-05-01 14:00,0.077,4.721
2020-05-01 15:00,0.095,5.007
2020-05-01 16:00,0.111,5.234
2020-05-01 17:00,0.110,5.233
2020-05-01 18:00,0.087,4.884
2020-05-01 19:00,0.055,4.286
2020-05-01 20:00,0.035,3.827
2020-05-01 21:00,0.023,3.444
2020-05-01 22:00,0.018,3.257
2020-05-01 23:00,0.019,3.319
2020-05-02 00:00,0.024,3.515
2020-05-02 01:00,0.028,3.630
2020-05-02 02:00,0.034,3.815
2020-05-02 03:00,0.040,3.953
2020-05-02 04:00,0.043,4.031
2020-05-02 05:00,0.046,4.115
2020-05-02 06:00,0.051,4.224
2020-05-02 07:00,0.059,4.383
2020-05-02 08:00,0.069,4.577
2020-05-02 09:00,0.082,4.786
2020-05-02 10:00,0.100,5.075
2020-05-02 11:00,0.125,5.433
2020-05-02 12:00,0.138,5.588
2020-05-02 13:00,0.143,5.651
2020-05-02 14:00,0.148,5.700
2020-05-02 15:00,0.150,5.744
2020-05-02 16:00,0.156,5.793
2020-05-02 17:00,0.158,5.835
2020-05-02 18:00,0.179,6.051
2020-05-02 19:00,0.163,5.883
2020-05-02 20:00,0.144,5.669
2020-05-02 21:00,0.107,5.183
2020-05-02 22:00,0.063,4.456
2020-05-02 23:00,0.042,4.007
2020-05-03 00:00,0.044,4.059
2020-05-03 01:00,0.062,4.437
2020-05-03 02:00,0.093,4.981
2020-05-03 03:00,0.123,5.397
2020-05-03 04:00,0.128,5.473
2020-05-03 05:00,0.125,5.433
2020-05-03 06:00,0.128,5.462
2020-05-03 07:00,0.127,5.449
2020-05-03 08:00,0.119,5.347
2020-05-03 09:00,0.149,5.728
2020-05-03 10:00,0.252,6.774
2020-05-03 11:00,0.317,7.320
2020-05-03 12:00,0.314,7.297
2020-05-03 13:00,0.302,7.195
2020-05-03 14:00,0.312,7.278
2020-05-03 15:00,0.301,7.188
2020-05-03 16:00,0.262,6.857
2020-05-03 17:00,0.213,6.409
2020-05-03 18:00,0.160,5.851
2020-05-03 19:00,0.120,5.357
2020-05-03 20:00,0.078,4.741
2020-05-03 21:00,0.056,4.320
2020-05-03 22:00,0.042,4.006
2020-05-03 23:00,0.043,4.044
2020-05-04 00:00,0.073,4.636
2020-05-04 01:00,0.101,5.101
2020-05-04 02:00,0.138,5.582
2020-05-04 03:00,0.162,5.875
2020-05-04 04:00,0.166,5.922
2020-05-04 05:00,0.163,5.890
2020-05-04 06:00,0.153,5.774
2020-05-04 07:00,0.131,5.508
2020-05-04 08:00,0.116,5.301
2020-05-04 09:00,0.125,5.423
2020-05-04 10:00,0.166,5.926
2020-05-04 11:00,0.223,6.502
2020-05-04 12:00,0.299,7.173
2020-05-04 13:00,0.374,7.761
2020-05-04 14:00,0.417,8.089
2020-05-04 15:00,0.419,8.103
2020-05-04 16:00,0.394,7.917
2020-05-04 17:00,0.379,7.804
2020-05-04 18:00,0.378,7.804
2020-05-04 19:00,0.393,7.910
2020-05-04 20:00,0.407,8.017
2020-05-04 21:00,0.386,7.860
2020-05-04 22:00,0.344,7.538
2020-05-04 23:00,0.371,7.741
2020-05-05 00:00,0.422,8.122
2020-05-05 01:00,0.444,8.288
2020-05-05 02:00,0.454,8.364
2020-05-05 03:00,0.465,8.442
2020-05-05 04:00,0.476,8.524
2020-05-05 05:00,0.453,8.355
2020-05-05 06:00,0.407,8.015
2020-05-05 07:00,0.368,7.721
2020-05-05 08:00,0.353,7.608
2020-05-05 09:00,0.351,7.585
2020-05-05 10:00,0.362,7.667
2020-05-05 11:00,0.374,7.758
2020-05-05 12:00,0.398,7.953
2020-05-05 13:00,0.410,8.042
2020-05-05 14:00,0.395,7.930
2020-05-05 15:00,0.374,7.770
2020-05-05 16:00,0.348,7.568
2020-05-05 17:00,0.302,7.199
2020-05-05 18:00,0.230,6.572
2020-05-05 19:00,0.163,5.888
2020-05-05 20:00,0.153,5.770
2020-05-05 21:00,0.171,5.964
2020-05-05 22:00,0.165,5.913
2020-05-05 23:00,0.192,6.190
2020-05-06 00:00,0.266,6.896
2020-05-06 01:00,0.355,7.617
2020-05-06 02:00,0.423,8.137
2020-05-06 03:00,0.451,8.343
2020-05-06 04:00,0.460,8.406
2020-05-06 05:00,0.459,8.398
2020-05-06 06:00,0.448,8.315
2020-05-06 07:00,0.422,8.133
2020-05-06 08:00,0.401,7.971
2020-05-06 09:00,0.391,7.894
2020-05-06 10:00,0.385,7.847
2020-05-06 11:00,0.385,7.846
2020-05-06 12:00,0.416,8.076
2020-05-06 13:00,0.465,8.438
2020-05-06 14:00,0.509,8.768
2020-05-06 15:00,0.548,9.055
2020-05-06 16:00,0.561,9.153
2020-05-06 17:00,0.538,8.983
2020-05-06 18:00,0.492,8.642
2020-05-06 19:00,0.438,8.247
2020-05-06 20:00,0.399,7.960
2020-05-06 21:00,0.389,7.884
2020-05-06 22:00,0.386,7.862
2020-05-06 23:00,0.377,7.789
2020-05-07 00:00,0.430,8.190
2020-05-07 01:00,0.475,8.510
2020-05-07 02:00,0.505,8.734
2020-05-07 03:00,0.568,9.217
2020-05-07 04:00,0.636,9.739
2020-05-07 05:00,0.652,9.878
2020-05-07 06:00,0.625,9.650
2020-05-07 07:00,0.575,9.263
2020-05-07 08:00,0.512,8.792
2020-05-07 09:00,0.432,8.202
2020-05-07 10:00,0.344,7.528
2020-05-07 11:00,0.281,7.023
2020-05-07 12:00,0.301,7.188
2020-05-07 13:00,0.362,7.665
2020-05-07 14:00,0.419,8.098
2020-05-07 15:00,0.461,8.414
2020-05-07 16:00,0.484,8.581
2020-05-07 17:00,0.485,8.598
2020-05-07 18:00,0.472,8.496
2020-05-07 19:00,0.453,8.361
2020-05-07 20:00,0.426,8.154
2020-05-07 21:00,0.399,7.956
2020-05-07 22:00,0.368,7.723
2020-05-07 23:00,0.384,7.842
2020-05-08 00:00,0.478,8.531
2020-05-08 01:00,0.506,8.742
2020-05-08 02:00,0.540,9.000
2020-05-08 03:00,0.576,9.275
2020-05-08 04:00,0.593,9.398
2020-05-08 05:00,0.575,9.268
2020-05-08 06:00,0.549,9.070
2020-05-08 07:00,0.544,9.025
2020-05-08 08:00,0.534,8.960
2020-05-08 09:00,0.524,8.884
2020-05-08 10:00,0.489,8.627
2020-05-08 11:00,0.429,8.177
2020-05-08 12:00,0.429,8.181
2020-05-08 13:00,0.468,8.469
2020-05-08 14:00,0.503,8.724
2020-05-08 15:00,0.506,8.749
2020-05-08 16:00,0.501,8.706
2020-05-08 17:00,0.493,8.647
2020-05-08 18:00,0.518,8.837
2020-05-08 19:00,0.494,8.649
2020-05-08 20:00,0.430,8.186
2020-05-08 21:00,0.364,7.695
2020-05-08 22:00,0.293,7.120
2020-05-08 23:00,0.244,6.691
2020-05-09 00:00,0.262,6.854
2020-05-09 01:00,0.264,6.871
2020-05-09 02:00,0.276,6.984
2020-05-09 03:00,0.319,7.339
2020-05-09 04:00,0.334,7.457
2020-05-09 05:00,0.303,7.207
2020-05-09 06:00,0.254,6.794
2020-05-09 07:00,0.217,6.448
2020-05-09 08:00,0.215,6.429
2020-05-09 09:00,0.210,6.369
2020-05-09 10:00,0.220,6.473
2020-05-09 11:00,0.244,6.689
2020-05-09 12:00,0.265,6.883
2020-05-09 13:00,0.299,7.174
2020-05-09 14:00,0.333,7.453
2020-05-09 15:00,0.346,7.557
2020-05-09 16:00,0.336,7.472
2020-05-09 17:00,0.302,7.194
2020-05-09 18:00,0.266,6.897
2020-05-09 19:00,0.232,6.581
2020-05-09 20:00,0.199,6.266
2020-05-09 21:00,0.177,6.043
2020-05-09 22:00,0.167,5.936
2020-05-09 23:00,0.157,5.817
2020-05-10 00:00,0.161,5.870
2020-05-10 01:00,0.138,5.586
2020-05-10 02:00,0.118,5.323
2020-05-10 03:00,0.080,4.773
2020-05-10 04:00,0.063,4.464
2020-05-10 05:00,0.049,4.176
2020-05-10 06:00,0.038,3.910
2020-05-10 07:00,0.034,3.815
2020-05-10 08:00,0.041,3.986
2020-05-10 09:00,0.060,4.396
2020-05-10 10:00,0.059,4.373
2020-05-10 11:00,0.042,4.008
2020-05-10 12:00,0.029,3.666
2020-05-10 13:00,0.027,3.600
2020-05-10 14:00,0.027,3.588
2020-05-10 15:00,0.023,3.469
2020-05-10 16:00,0.018,3.268
2020-05-10 17:00,0.012,3.013
2020-05-10 18:00,0.008,2.757
2020-05-10 19:00,0.008,2.772
2020-05-10 20:00,0.016,3.179
2020-05-10 21:00,0.032,3.755
2020-05-10 22:00,0.050,4.193
2020-05-10 23:00,0.051,4.222
2020-05-11 00:00,0.053,4.253
2020-05-11 01:00,0.041,3.984
2020-05-11 02:00,0.030,3.678
2020-05-11 03:00,0.028,3.613
2020-05-11 04:00,0.034,3.816
2020-05-11 05:00,0.059,4.378
2020-05-11 06:00,0.102,5.109
2020-05-11 07:00,0.136,5.563
2020-05-11 08:00,0.120,5.357
2020-05-11 09:00,0.091,4.943
2020-05-11 10:00,0.033,3.773
2020-05-11 11:00,0.020,3.349
2020-05-11 12:00,0.011,2.951
2020-05-11 13:00,0.001,2.008
2020-05-11 14:00,0,0.631
2020-05-11 15:00,0.011,2.956
2020-05-11 16:00,0.056,4.334
2020-05-11 17:00,0.103,5.123
2020-05-11 18:00,0.151,5.746
2020-05-11 19:00,0.231,6.577
2020-05-11 20:00,0.330,7.429
2020-05-11 21:00,0.349,7.574
2020-05-11 22:00,0.290,7.094
2020-05-11 23:00,0.217,6.445
2020-05-12 00:00,0.152,5.763
2020-05-12 01:00,0.082,4.798
2020-05-12 02:00,0.025,3.539
2020-05-12 03:00,0.007,2.696
2020-05-12 04:00,0.002,2.156
2020-05-12 05:00,0,1.488
2020-05-12 06:00,0,0.819
2020-05-12 07:00,0,0.751
2020-05-12 08:00,0,1.206
2020-05-12 09:00,0.001,1.897
2020-05-12 10:00,0.006,2.623
2020-05-12 11:00,0.013,3.045
2020-05-12 12:00,0.014,3.086
2020-05-12 13:00,0.015,3.139
2020-05-12 14:00,0.009,2.854
2020-05-12 15:00,0.002,2.136
2020-05-12 16:00,0.001,1.860
2020-05-12 17:00,0.002,2.137
2020-05-12 18:00,0.008,2.717
2020-05-12 19:00,0.012,3.017
2020-05-12 20:00,0.012,2.979
2020-05-12 21:00,0.008,2.781
2020-05-12 22:00,0.007,2.657
2020-05-12 23:00,0.007,2.697
2020-05-13 00:00,0.012,2.974
2020-05-13 01:00,0.019,3.298
2020-05-13 02:00,0.027,3.586
2020-05-13 03:00,0.038,3.917
2020-05-13 04:00,0.050,4.192
2020-05-13 05:00,0.060,4.394
2020-05-13 06:00,0.073,4.635
2020-05-13 07:00,0.093,4.982
2020-05-13 08:00,0.125,5.433
2020-05-13 09:00,0.172,5.979
2020-05-13 10:00,0.238,6.645
2020-05-13 11:00,0.328,7.409
2020-05-13 12:00,0.400,7.963
2020-05-13 13:00,0.441,8.260
2020-05-13 14:00,0.453,8.357
2020-05-13 15:00,0.429,8.183
2020-05-13 16:00,0.386,7.856
2020-05-13 17:00,0.344,7.537
2020-05-13 18:00,0.317,7.322
2020-05-13 19:00,0.293,7.130
2020-05-13 20:00,0.269,6.918
2020-05-13 21:00,0.263,6.867
2020-05-13 22:00,0.268,6.911
2020-05-13 23:00,0.267,6.903
2020-05-14 00:00,0.284,7.047
2020-05-14 01:00,0.274,6.969
2020-05-14 02:00,0.252,6.766
2020-05-14 03:00,0.232,6.581
2020-05-14 04:00,0.219,6.468
2020-05-14 05:00,0.221,6.480
2020-05-14 06:00,0.206,6.341
2020-05-14 07:00,0.197,6.250
2020-05-14 08:00,0.206,6.337
2020-05-14 09:00,0.232,6.582
2020-05-14 10:00,0.278,6.997
2020-05-14 11:00,0.362,7.667
2020-05-14 12:00,0.444,8.285
2020-05-14 13:00,0.499,8.696
2020-05-14 14:00,0.523,8.878
2020-05-14 15:00,0.504,8.732
2020-05-14 16:00,0.460,8.400
2020-05-14 17:00,0.418,8.097
2020-05-14 18:00,0.374,7.761
2020-05-14 19:00,0.342,7.518
2020-05-14 20:00,0.305,7.226
2020-05-14 21:00,0.278,6.992
2020-05-14 22:00,0.238,6.643
2020-05-14 23:00,0.211,6.393
2020-05-15 00:00,0.237,6.639
2020-05-15 01:00,0.264,6.873
2020-05-15 02:00,0.313,7.286
2020-05-15 03:00,0.372,7.752
2020-05-15 04:00,0.408,8.023
2020-05-15 05:00,0.417,8.084
2020-05-15 06:00,0.392,7.897
2020-05-15 07:00,0.352,7.594
2020-05-15 08:00,0.316,7.313
2020-05-15 09:00,0.289,7.088
2020-05-15 10:00,0.286,7.069
2020-05-15 11:00,0.317,7.321
2020-05-15 12:00,0.371,7.750
2020-05-15 13:00,0.432,8.204
2020-05-15 14:00,0.489,8.623
2020-05-15 15:00,0.497,8.670
2020-05-15 16:00,0.446,8.310
2020-05-15 17:00,0.377,7.782
2020-05-15 18:00,0.285,7.063
2020-05-15 19:00,0.192,6.199
2020-05-15 20:00,0.109,5.216
2020-05-15 21:00,0.068,4.557
2020-05-15 22:00,0.051,4.230
2020-05-15 23:00,0.050,4.205
2020-05-16 00:00,0.059,4.386
2020-05-16 01:00,0.060,4.398
2020-05-16 02:00,0.054,4.279
2020-05-16 03:00,0.053,4.267
2020-05-16 04:00,0.062,4.446
2020-05-16 05:00,0.074,4.672
2020-05-16 06:00,0.083,4.804
2020-05-16 07:00,0.088,4.904
2020-05-16 08:00,0.102,5.113
2020-05-16 09:00,0.110,5.223
2020-05-16 10:00,0.116,5.298
2020-05-16 11:00,0.124,5.422
2020-05-16 12:00,0.124,5.418
2020-05-16 13:00,0.120,5.368
2020-05-16 14:00,0.109,5.200
2020-05-16 15:00,0.097,5.026
2020-05-16 16:00,0.089,4.907
2020-05-16 17:00,0.085,4.844
2020-05-16 18:00,0.078,4.734
2020-05-16 19:00,0.067,4.538
2020-05-16 20:00,0.049,4.173
2020-05-16 21:00,0.031,3.719
2020-05-16 22:00,0.020,3.348
2020-05-16 23:00,0.016,3.204
2020-05-17 00:00,0.018,3.273
2020-05-17 01:00,0.027,3.604
2020-05-17 02:00,0.045,4.081
2020-05-17 03:00,0.074,4.653
2020-05-17 04:00,0.107,5.190
2020-05-17 05:00,0.121,5.379
2020-05-17 06:00,0.109,5.201
2020-05-17 07:00,0.085,4.851
2020-05-17 08:00,0.067,4.535
2020-05-17 09:00,0.055,4.313
2020-05-17 10:00,0.057,4.341
2020-05-17 11:00,0.089,4.920
2020-05-17 12:00,0.152,5.756
2020-05-17 13:00,0.254,6.790
2020-05-17 14:00,0.235,6.616
2020-05-17 15:00,0.138,5.584
2020-05-17 16:00,0.177,6.043
2020-05-17 17:00,0.199,6.261
2020-05-17 18:00,0.244,6.696
2020-05-17 19:00,0.344,7.532
2020-05-17 20:00,0.436,8.232
2020-05-17 21:00,0.420,8.113
2020-05-17 22:00,0.392,7.902
2020-05-17 23:00,0.389,7.877
2020-05-18 00:00,0.374,7.765
2020-05-18 01:00,0.304,7.220
2020-05-18 02:00,0.212,6.403
2020-05-18 03:00,0.127,5.451
2020-05-18 04:00,0.061,4.433
2020-05-18 05:00,0.018,3.294
2020-05-18 06:00,0.001,1.784
2020-05-18 07:00,0,0.225
2020-05-18 08:00,0,0.625
2020-05-18 09:00,0.002,2.139
2020-05-18 10:00,0.025,3.517
2020-05-18 11:00,0.041,3.993
2020-05-18 12:00,0.041,3.978
2020-05-18 13:00,0.029,3.658
2020-05-18 14:00,0.027,3.585
2020-05-18 15:00,0.040,3.956
2020-05-18 16:00,0.058,4.366
2020-05-18 17:00,0.048,4.136
2020-05-18 18:00,0.137,5.573
2020-05-18 19:00,0.333,7.451
2020-05-18 20:00,0.591,9.390
2020-05-18 21:00,0.720,10.484
2020-05-18 22:00,0.776,11.058
2020-05-18 23:00,0.719,10.475
2020-05-19 00:00,0.714,10.428
2020-05-19 01:00,0.637,9.758
2020-05-19 02:00,0.524,8.879
2020-05-19 03:00,0.370,7.733
2020-05-19 04:00,0.236,6.620
2020-05-19 05:00,0.143,5.654
2020-05-19 06:00,0.074,4.667
2020-05-19 07:00,0.029,3.652
2020-05-19 08:00,0.008,2.758
2020-05-19 09:00,0,1.644
2020-05-19 10:00,0.001,1.825
2020-05-19 11:00,0.037,3.882
2020-05-19 12:00,0.119,5.345
2020-05-19 13:00,0.196,6.234
2020-05-19 14:00,0.278,6.994
2020-05-19 15:00,0.342,7.512
2020-05-19 16:00,0.346,7.555
2020-05-19 17:00,0.289,7.086
2020-05-19 18:00,0.219,6.459
2020-05-19 19:00,0.172,5.986
2020-05-19 20:00,0.150,5.739
2020-05-19 21:00,0.128,5.457
2020-05-19 22:00,0.110,5.224
2020-05-19 23:00,0.119,5.344
2020-05-20 00:00,0.157,5.825
2020-05-20 01:00,0.178,6.047
2020-05-20 02:00,0.179,6.059
2020-05-20 03:00,0.187,6.152
2020-05-20 04:00,0.199,6.272
2020-05-20 05:00,0.213,6.409
2020-05-20 06:00,0.215,6.432
2020-05-20 07:00,0.214,6.413
2020-05-20 08:00,0.208,6.361
2020-05-20 09:00,0.197,6.251
2020-05-20 10:00,0.211,6.388
2020-05-20 11:00,0.251,6.755
2020-05-20 12:00,0.336,7.474
2020-05-20 13:00,0.426,8.152
2020-05-20 14:00,0.478,8.538
2020-05-20 15:00,0.569,9.220
2020-05-20 16:00,0.629,9.687
2020-05-20 17:00,0.665,9.992
2020-05-20 18:00,0.638,9.762
2020-05-20 19:00,0.542,9.015
2020-05-20 20:00,0.486,8.605
2020-05-20 21:00,0.447,8.313
2020-05-20 22:00,0.417,8.085
2020-05-20 23:00,0.475,8.516
2020-05-21 00:00,0.589,9.376
2020-05-21 01:00,0.629,9.685
2020-05-21 02:00,0.668,10.017
2020-05-21 03:00,0.691,10.221
2020-05-21 04:00,0.693,10.237
2020-05-21 05:00,0.746,10.734
2020-05-21 06:00,0.678,10.097
2020-05-21 07:00,0.667,10.011
2020-05-21 08:00,0.618,9.606
2020-05-21 09:00,0.511,8.781
2020-05-21 10:00,0.426,8.161
2020-05-21 11:00,0.406,8.005
2020-05-21 12:00,0.441,8.262
2020-05-21 13:00,0.566,9.194
2020-05-21 14:00,0.648,9.846
2020-05-21 15:00,0.396,7.936
2020-05-21 16:00,0.321,7.356
2020-05-21 17:00,0.340,7.504
2020-05-21 18:00,0.259,6.827
2020-05-21 19:00,0.203,6.307
2020-05-21 20:00,0.133,5.522
2020-05-21 21:00,0.089,4.915
2020-05-21 22:00,0.054,4.280
2020-05-21 23:00,0.063,4.464
2020-05-22 00:00,0.141,5.632
2020-05-22 01:00,0.155,5.782
2020-05-22 02:00,0.147,5.699
2020-05-22 03:00,0.116,5.293
2020-05-22 04:00,0.064,4.483
2020-05-22 05:00,0.031,3.729
2020-05-22 06:00,0.023,3.466
2020-05-22 07:00,0.038,3.901
2020-05-22 08:00,0.068,4.557
2020-05-22 09:00,0.097,5.028
2020-05-22 10:00,0.130,5.497
2020-05-22 11:00,0.163,5.885
2020-05-22 12:00,0.156,5.798
2020-05-22 13:00,0.128,5.462
2020-05-22 14:00,0.121,5.381
2020-05-22 15:00,0.175,6.014
2020-05-22 16:00,0.182,6.092
2020-05-22 17:00,0.138,5.582
2020-05-22 18:00,0.090,4.923
2020-05-22 19:00,0.052,4.239
2020-05-22 20:00,0.029,3.657
2020-05-22 21:00,0.017,3.215
2020-05-22 22:00,0.007,2.651
2020-05-22 23:00,0,1.339
2020-05-23 00:00,0,0.355
2020-05-23 01:00,0,0.326
2020-05-23 02:00,0,0.702
2020-05-23 03:00,0,0.131
2020-05-23 04:00,0,0
2020-05-23 05:00,0,0.259
2020-05-23 06:00,0,1.336
2020-05-23 07:00,0.002,2.076
2020-05-23 08:00,0.005,2.488
2020-05-23 09:00,0.018,3.271
2020-05-23 10:00,0.047,4.122
2020-05-23 11:00,0.059,4.372
2020-05-23 12:00,0.052,4.238
2020-05-23 13:00,0.038,3.918
2020-05-23 14:00,0.024,3.490
2020-05-23 15:00,0.017,3.209
2020-05-23 16:00,0.012,2.988
2020-05-23 17:00,0.009,2.789
2020-05-23 18:00,0.009,2.790
2020-05-23 19:00,0.016,3.198
2020-05-23 20:00,0.041,3.968
2020-05-23 21:00,0.074,4.669
2020-05-23 22:00,0.105,5.150
2020-05-23 23:00,0.120,5.367
2020-05-24 00:00,0.116,5.298
2020-05-24 01:00,0.090,4.932
2020-05-24 02:00,0.055,4.294
2020-05-24 03:00,0.031,3.713
2020-05-24 04:00,0.021,3.408
2020-05-24 05:00,0.022,3.412
2020-05-24 06:00,0.029,3.640
2020-05-24 07:00,0.051,4.209
2020-05-24 08:00,0.093,4.983
2020-05-24 09:00,0.162,5.871
2020-05-24 10:00,0.230,6.569
2020-05-24 11:00,0.286,7.065
2020-05-24 12:00,0.322,7.360
2020-05-24 13:00,0.337,7.481
2020-05-24 14:00,0.339,7.495
2020-05-24 15:00,0.293,7.129
2020-05-24 16:00,0.236,6.625
2020-05-24 17:00,0.179,6.067
2020-05-24 18:00,0.140,5.615
2020-05-24 19:00,0.125,5.431
2020-05-24 20:00,0.138,5.582
2020-05-24 21:00,0.164,5.902
2020-05-24 22:00,0.175,6.015
2020-05-24 23:00,0.171,5.964
2020-05-25 00:00,0.190,6.174
2020-05-25 01:00,0.183,6.103
2020-05-25 02:00,0.167,5.929
2020-05-25 03:00,0.142,5.640
2020-05-25 04:00,0.117,5.318
2020-05-25 05:00,0.107,5.190
2020-05-25 06:00,0.116,5.301
2020-05-25 07:00,0.124,5.420
2020-05-25 08:00,0.124,5.421
2020-05-25 09:00,0.112,5.250
2020-05-25 10:00,0.100,5.066
2020-05-25 11:00,0.104,5.138
2020-05-25 12:00,0.109,5.205
2020-05-25 13:00,0.126,5.442
2020-05-25 14:00,0.138,5.599
2020-05-25 15:00,0.144,5.663
2020-05-25 16:00,0.152,5.762
2020-05-25 17:00,0.148,5.715
2020-05-25 18:00,0.128,5.462
2020-05-25 19:00,0.103,5.131
2020-05-25 20:00,0.075,4.675
2020-05-25 21:00,0.057,4.348
2020-05-25 22:00,0.044,4.055
2020-05-25 23:00,0.026,3.577
2020-05-26 00:00,0.022,3.444
2020-05-26 01:00,0.028,3.623
2020-05-26 02:00,0.032,3.760
2020-05-26 03:00,0.041,3.974
2020-05-26 04:00,0.042,4.015
2020-05-26 05:00,0.043,4.041
2020-05-26 06:00,0.047,4.120
2020-05-26 07:00,0.056,4.316
2020-05-26 08:00,0.069,4.572
2020-05-26 09:00,0.078,4.730
2020-05-26 10:00,0.081,4.778
2020-05-26 11:00,0.076,4.696
2020-05-26 12:00,0.072,4.618
2020-05-26 13:00,0.068,4.541
2020-05-26 14:00,0.072,4.626
2020-05-26 15:00,0.078,4.738
2020-05-26 16:00,0.088,4.896
2020-05-26 17:00,0.082,4.784
2020-05-26 18:00,0.047,4.129
2020-05-26 19:00,0.029,3.659
2020-05-26 20:00,0.056,4.331
2020-05-26 21:00,0.100,5.079
2020-05-26 22:00,0.119,5.356
2020-05-26 23:00,0.144,5.666
2020-05-27 00:00,0.155,5.782
2020-05-27 01:00,0.090,4.935
2020-05-27 02:00,0.011,2.931
2020-05-27 03:00,0,1.509
2020-05-27 04:00,0,0.976
2020-05-27 05:00,0,1.109
2020-05-27 06:00,0,1.400
2020-05-27 07:00,0.001,1.813
2020-05-27 08:00,0.003,2.211
2020-05-27 09:00,0.001,1.929
2020-05-27 10:00,0,1.470
2020-05-27 11:00,0,1.126
2020-05-27 12:00,0,0.789
2020-05-27 13:00,0,0.717
2020-05-27 14:00,0,1.168
2020-05-27 15:00,0.001,1.734
2020-05-27 16:00,0.002,2.202
2020-05-27 17:00,0.007,2.680
2020-05-27 18:00,0.017,3.225
2020-05-27 19:00,0.032,3.751
2020-05-27 20:00,0.048,4.138
2020-05-27 21:00,0.055,4.312
2020-05-27 22:00,0.062,4.447
2020-05-27 23:00,0.052,4.242
2020-05-28 00:00,0.035,3.837
2020-05-28 01:00,0.007,2.701
2020-05-28 02:00,0,1.450
2020-05-28 03:00,0,0.941
2020-05-28 04:00,0,0.449
2020-05-28 05:00,0,1.126
2020-05-28 06:00,0.001,1.812
2020-05-28 07:00,0.004,2.409
2020-05-28 08:00,0.011,2.942
2020-05-28 09:00,0.017,3.236
2020-05-28 10:00,0.019,3.306
2020-05-28 11:00,0.017,3.235
2020-05-28 12:00,0.013,3.071
2020-05-28 13:00,0.011,2.939
2020-05-28 14:00,0.011,2.927
2020-05-28 15:00,0.014,3.115
2020-05-28 16:00,0.023,3.459
2020-05-28 17:00,0.031,3.701
2020-05-28 18:00,0.034,3.802
2020-05-28 19:00,0.035,3.841
2020-05-28 20:00,0.036,3.861
2020-05-28 21:00,0.047,4.126
2020-05-28 22:00,0.055,4.288
2020-05-28 23:00,0.057,4.340
2020-05-29 00:00,0.074,4.663
2020-05-29 01:00,0.097,5.031
2020-05-29 02:00,0.128,5.460
2020-05-29 03:00,0.175,6.015
2020-05-29 04:00,0.230,6.569
2020-05-29 05:00,0.293,7.129
2020-05-29 06:00,0.351,7.582
2020-05-29 07:00,0.380,7.819
2020-05-29 08:00,0.397,7.946
2020-05-29 09:00,0.392,7.905
2020-05-29 10:00,0.367,7.719
2020-05-29 11:00,0.360,7.650
2020-05-29 12:00,0.367,7.715
2020-05-29 13:00,0.393,7.913
2020-05-29 14:00,0.444,8.289
2020-05-29 15:00,0.502,8.712
2020-05-29 16:00,0.552,9.092
2020-05-29 17:00,0.602,9.474
2020-05-29 18:00,0.609,9.534
2020-05-29 19:00,0.573,9.241
2020-05-29 20:00,0.503,8.729
2020-05-29 21:00,0.413,8.061
2020-05-29 22:00,0.336,7.477
2020-05-29 23:00,0.277,6.985
2020-05-30 00:00,0.270,6.927
2020-05-30 01:00,0.266,6.898
2020-05-30 02:00,0.253,6.783
2020-05-30 03:00,0.246,6.710
2020-05-30 04:00,0.246,6.716
2020-05-30 05:00,0.225,6.528
2020-05-30 06:00,0.192,6.202
2020-05-30 07:00,0.157,5.815
2020-05-30 08:00,0.113,5.268
2020-05-30 09:00,0.053,4.268
2020-05-30 10:00,0.011,2.934
2020-05-30 11:00,0.004,2.378
2020-05-30 12:00,0.011,2.928
2020-05-30 13:00,0.037,3.879
2020-05-30 14:00,0.066,4.524
2020-05-30 15:00,0.083,4.815
2020-05-30 16:00,0.105,5.160
2020-05-30 17:00,0.128,5.455
2020-05-30 18:00,0.150,5.739
2020-05-30 19:00,0.186,6.135
2020-05-30 20:00,0.238,6.650
2020-05-30 21:00,0.255,6.796
2020-05-30 22:00,0.231,6.575
2020-05-30 23:00,0.199,6.269
2020-05-31 00:00,0.208,6.362
2020-05-31 01:00,0.212,6.404
2020-05-31 02:00,0.209,6.367
2020-05-31 03:00,0.210,6.374
2020-05-31 04:00,0.215,6.422
2020-05-31 05:00,0.217,6.443
2020-05-31 06:00,0.202,6.300
2020-05-31 07:00,0.195,6.225
2020-05-31 08:00,0.199,6.269
2020-05-31 09:00,0.206,6.332
2020-05-31 10:00,0.227,6.543
2020-05-31 11:00,0.282,7.035
2020-05-31 12:00,0.328,7.407
2020-05-31 13:00,0.357,7.634
2020-05-31 14:00,0.389,7.880
2020-05-31 15:00,0.433,8.212
2020-05-31 16:00,0.454,8.364
2020-05-31 17:00,0.450,8.330
2020-05-31 18:00,0.477,8.529
2020-05-31 19:00,0.459,8.397
2020-05-31 20:00,0.426,8.159
2020-05-31 21:00,0.357,7.633
2020-05-31 22:00,0.272,6.944
2020-05-31 23:00,0.182,6.095
2020-06-01 00:00,0.151,5.753
2020-06-01 01:00,0.150,5.743
2020-06-01 02:00,0.172,5.988
2020-06-01 03:00,0.200,6.282
2020-06-01 04:00,0.222,6.487
2020-06-01 05:00,0.220,6.475
2020-06-01 06:00,0.209,6.365
2020-06-01 07:00,0.181,6.080
2020-06-01 08:00,0.145,5.673
2020-06-01 09:00,0.120,5.363
2020-06-01 10:00,0.117,5.311
2020-06-01 11:00,0.148,5.710
2020-06-01 12:00,0.197,6.238
2020-06-01 13:00,0.256,6.806
2020-06-01 14:00,0.302,7.204
2020-06-01 15:00,0.357,7.635
2020-06-01 16:00,0.408,8.024
2020-06-01 17:00,0.440,8.257
2020-06-01 18:00,0.468,8.471
2020-06-01 19:00,0.497,8.682
2020-06-01 20:00,0.530,8.920
2020-06-01 21:00,0.566,9.197
2020-06-01 22:00,0.584,9.334
2020-06-01 23:00,0.578,9.287
2020-06-02 00:00,0.572,9.238
2020-06-02 01:00,0.554,9.106
2020-06-02 02:00,0.540,8.993
2020-06-02 03:00,0.470,8.483
2020-06-02 04:00,0.338,7.487
2020-06-02 05:00,0.234,6.611
2020-06-02 06:00,0.157,5.820
2020-06-02 07:00,0.119,5.343
2020-06-02 08:00,0.143,5.651
2020-06-02 09:00,0.210,6.370
2020-06-02 10:00,0.288,7.077
2020-06-02 11:00,0.395,7.931
2020-06-02 12:00,0.506,8.750
2020-06-02 13:00,0.615,9.572
2020-06-02 14:00,0.726,10.538
2020-06-02 15:00,0.804,11.384
2020-06-02 16:00,0.823,11.629
2020-06-02 17:00,0.807,11.413
2020-06-02 18:00,0.781,11.111
2020-06-02 19:00,0.751,10.786
2020-06-02 20:00,0.689,10.187
2020-06-02 21:00,0.616,9.587
2020-06-02 22:00,0.559,9.141
2020-06-02 23:00,0.490,8.628
2020-06-03 00:00,0.430,8.188
2020-06-03 01:00,0.383,7.829
2020-06-03 02:00,0.336,7.476
2020-06-03 03:00,0.324,7.369
2020-06-03 04:00,0.364,7.690
2020-06-03 05:00,0.460,8.400
2020-06-03 06:00,0.531,8.935
2020-06-03 07:00,0.528,8.905
2020-06-03 08:00,0.486,8.599
2020-06-03 09:00,0.422,8.128
2020-06-03 10:00,0.393,7.914
2020-06-03 11:00,0.429,8.182
2020-06-03 12:00,0.509,8.766
2020-06-03 13:00,0.587,9.362
2020-06-03 14:00,0.635,9.736
2020-06-03 15:00,0.676,10.077
2020-06-03 16:00,0.709,10.379
2020-06-03 17:00,0.714,10.430
2020-06-03 18:00,0.700,10.302
2020-06-03 19:00,0.675,10.073
2020-06-03 20:00,0.630,9.689
2020-06-03 21:00,0.548,9.060
2020-06-03 22:00,0.429,8.171
2020-06-03 23:00,0.318,7.325
2020-06-04 00:00,0.278,6.996
2020-06-04 01:00,0.284,7.051
2020-06-04 02:00,0.319,7.328
2020-06-04 03:00,0.377,7.794
2020-06-04 04:00,0.444,8.283
2020-06-04 05:00,0.467,8.465
2020-06-04 06:00,0.441,8.269
2020-06-04 07:00,0.413,8.057
2020-06-04 08:00,0.423,8.136
2020-06-04 09:00,0.445,8.295
2020-06-04 10:00,0.438,8.245
2020-06-04 11:00,0.428,8.168
2020-06-04 12:00,0.446,8.299
2020-06-04 13:00,0.463,8.422
2020-06-04 14:00,0.480,8.551
2020-06-04 15:00,0.521,8.860
2020-06-04 16:00,0.624,9.645
2020-06-04 17:00,0.700,10.302
2020-06-04 18:00,0.747,10.748
2020-06-04 19:00,0.749,10.766
2020-06-04 20:00,0.713,10.412
2020-06-04 21:00,0.650,9.866
2020-06-04 22:00,0.590,9.382
2020-06-04 23:00,0.573,9.245
2020-06-05 00:00,0.558,9.139
2020-06-05 01:00,0.506,8.746
2020-06-05 02:00,0.497,8.676
2020-06-05 03:00,0.498,8.686
2020-06-05 04:00,0.515,8.815
2020-06-05 05:00,0.526,8.896
2020-06-05 06:00,0.532,8.942
2020-06-05 07:00,0.531,8.937
2020-06-05 08:00,0.528,8.913
2020-06-05 09:00,0.455,8.373
2020-06-05 10:00,0.366,7.707
2020-06-05 11:00,0.290,7.096
2020-06-05 12:00,0.236,6.628
2020-06-05 13:00,0.220,6.475
2020-06-05 14:00,0.263,6.867
2020-06-05 15:00,0.413,8.058
2020-06-05 16:00,0.521,8.858
2020-06-05 17:00,0.551,9.082
2020-06-05 18:00,0.594,9.402
2020-06-05 19:00,0.617,9.596
2020-06-05 20:00,0.637,9.759
2020-06-05 21:00,0.639,9.773
2020-06-05 22:00,0.593,9.400
2020-06-05 23:00,0.446,8.306
2020-06-06 00:00,0.281,7.030
2020-06-06 01:00,0.179,6.052
2020-06-06 02:00,0.149,5.731
2020-06-06 03:00,0.169,5.950
2020-06-06 04:00,0.215,6.418
2020-06-06 05:00,0.260,6.838
2020-06-06 06:00,0.315,7.309
2020-06-06 07:00,0.377,7.791
2020-06-06 08:00,0.401,7.970
2020-06-06 09:00,0.380,7.817
2020-06-06 10:00,0.339,7.496
2020-06-06 11:00,0.310,7.270
2020-06-06 12:00,0.298,7.163
2020-06-06 13:00,0.309,7.254
2020-06-06 14:00,0.339,7.500
2020-06-06 15:00,0.377,7.781
2020-06-06 16:00,0.407,8.021
2020-06-06 17:00,0.422,8.132
2020-06-06 18:00,0.414,8.070
2020-06-06 19:00,0.402,7.979
2020-06-06 20:00,0.394,7.916
2020-06-06 21:00,0.366,7.712
2020-06-06 22:00,0.335,7.471
2020-06-06 23:00,0.277,6.987
2020-06-07 00:00,0.233,6.595
2020-06-07 01:00,0.254,6.788
2020-06-07 02:00,0.300,7.183
2020-06-07 03:00,0.313,7.290
2020-06-07 04:00,0.299,7.174
2020-06-07 05:00,0.322,7.361
2020-06-07 06:00,0.353,7.606
2020-06-07 07:00,0.377,7.796
2020-06-07 08:00,0.419,8.097
2020-06-07 09:00,0.408,8.023
2020-06-07 10:00,0.377,7.792
2020-06-07 11:00,0.367,7.714
2020-06-07 12:00,0.362,7.679
2020-06-07 13:00,0.374,7.771
2020-06-07 14:00,0.401,7.976
2020-06-07 15:00,0.441,8.267
2020-06-07 16:00,0.457,8.391
2020-06-07 17:00,0.453,8.355
2020-06-07 18:00,0.412,8.048
2020-06-07 19:00,0.367,7.719
2020-06-07 20:00,0.342,7.512
2020-06-07 21:00,0.305,7.226
2020-06-07 22:00,0.325,7.383
2020-06-07 23:00,0.404,7.988
2020-06-08 00:00,0.494,8.662
2020-06-08 01:00,0.523,8.879
2020-06-08 02:00,0.552,9.089
2020-06-08 03:00,0.594,9.400
2020-06-08 04:00,0.594,9.402
2020-06-08 05:00,0.555,9.115
2020-06-08 06:00,0.469,8.477
2020-06-08 07:00,0.351,7.587
2020-06-08 08:00,0.267,6.907
2020-06-08 09:00,0.223,6.505
2020-06-08 10:00,0.210,6.373
2020-06-08 11:00,0.233,6.595
2020-06-08 12:00,0.280,7.010
2020-06-08 13:00,0.336,7.473
2020-06-08 14:00,0.401,7.973
2020-06-08 15:00,0.506,8.744
2020-06-08 16:00,0.640,9.782
2020-06-08 17:00,0.733,10.600
2020-06-08 18:00,0.705,10.340
2020-06-08 19:00,0.594,9.402
2020-06-08 20:00,0.478,8.541
2020-06-08 21:00,0.409,8.027
2020-06-08 22:00,0.416,8.077
2020-06-08 23:00,0.383,7.841
2020-06-09 00:00,0.275,6.973
2020-06-09 01:00,0.236,6.621
2020-06-09 02:00,0.261,6.849
2020-06-09 03:00,0.295,7.138
2020-06-09 04:00,0.398,7.955
2020-06-09 05:00,0.429,8.183
2020-06-09 06:00,0.368,7.722
2020-06-09 07:00,0.278,6.995
2020-06-09 08:00,0.192,6.187
2020-06-09 09:00,0.111,5.235
2020-06-09 10:00,0.066,4.513
2020-06-09 11:00,0.045,4.080
2020-06-09 12:00,0.032,3.763
2020-06-09 13:00,0.038,3.895
2020-06-09 14:00,0.065,4.508
2020-06-09 15:00,0.128,5.460
2020-06-09 16:00,0.203,6.308
2020-06-09 17:00,0.237,6.639
2020-06-09 18:00,0.262,6.851
2020-06-09 19:00,0.303,7.211
2020-06-09 20:00,0.330,7.426
2020-06-09 21:00,0.289,7.088
2020-06-09 22:00,0.246,6.718
2020-06-09 23:00,0.211,6.392
2020-06-10 00:00,0.197,6.252
2020-06-10 01:00,0.166,5.924
2020-06-10 02:00,0.122,5.387
2020-06-10 03:00,0.110,5.221
2020-06-10 04:00,0.109,5.210
2020-06-10 05:00,0.115,5.290
2020-06-10 06:00,0.118,5.322
2020-06-10 07:00,0.120,5.367
2020-06-10 08:00,0.123,5.409
2020-06-10 09:00,0.118,5.338
2020-06-10 10:00,0.106,5.164
2020-06-10 11:00,0.111,5.235
2020-06-10 12:00,0.125,5.430
2020-06-10 13:00,0.144,5.672
2020-06-10 14:00,0.177,6.037
2020-06-10 15:00,0.224,6.515
2020-06-10 16:00,0.275,6.974
2020-06-10 17:00,0.316,7.312
2020-06-10 18:00,0.321,7.357
2020-06-10 19:00,0.305,7.223
2020-06-10 20:00,0.298,7.165
2020-06-10 21:00,0.249,6.741
2020-06-10 22:00,0.195,6.225
2020-06-10 23:00,0.158,5.825
2020-06-11 00:00,0.152,5.767
2020-06-11 01:00,0.150,5.733
2020-06-11 02:00,0.130,5.492
2020-06-11 03:00,0.111,5.237
2020-06-11 04:00,0.104,5.146
2020-06-11 05:00,0.104,5.146
2020-06-11 06:00,0.107,5.186
2020-06-11 07:00,0.118,5.333
2020-06-11 08:00,0.136,5.559
2020-06-11 09:00,0.154,5.779
2020-06-11 10:00,0.165,5.909
2020-06-11 11:00,0.186,6.133
2020-06-11 12:00,0.208,6.349
2020-06-11 13:00,0.219,6.471
2020-06-11 14:00,0.212,6.401
2020-06-11 15:00,0.194,6.213
2020-06-11 16:00,0.174,6.006
2020-06-11 17:00,0.160,5.848
2020-06-11 18:00,0.169,5.951
2020-06-11 19:00,0.208,6.361
2020-06-11 20:00,0.234,6.611
2020-06-11 21:00,0.235,6.613
2020-06-11 22:00,0.215,6.423
2020-06-11 23:00,0.201,6.295
2020-06-12 00:00,0.190,6.171
2020-06-12 01:00,0.175,6.021
2020-06-12 02:00,0.168,5.941
2020-06-12 03:00,0.177,6.039
2020-06-12 04:00,0.197,6.246
2020-06-12 05:00,0.202,6.303
2020-06-12 06:00,0.179,6.063
2020-06-12 07:00,0.138,5.583
2020-06-12 08:00,0.098,5.049
2020-06-12 09:00,0.078,4.740
2020-06-12 10:00,0.077,4.711
2020-06-12 11:00,0.084,4.830
2020-06-12 12:00,0.084,4.826
2020-06-12 13:00,0.084,4.842
2020-06-12 14:00,0.094,4.993
2020-06-12 15:00,0.107,5.179
2020-06-12 16:00,0.105,5.158
2020-06-12 17:00,0.080,4.768
2020-06-12 18:00,0.038,3.919
2020-06-12 19:00,0.009,2.817
2020-06-12 20:00,0,1.658
2020-06-12 21:00,0,0.609
2020-06-12 22:00,0,0.687
2020-06-12 23:00,0,0.779
2020-06-13 00:00,0,1.352
2020-06-13 01:00,0.002,2.069
2020-06-13 02:00,0.006,2.602
2020-06-13 03:00,0.009,2.830
2020-06-13 04:00,0.009,2.797
2020-06-13 05:00,0.006,2.575
2020-06-13 06:00,0.008,2.761
2020-06-13 07:00,0.044,4.056
2020-06-13 08:00,0.047,4.115
2020-06-13 09:00,0.006,2.567
2020-06-13 10:00,0.002,2.153
2020-06-13 11:00,0,1.528
2020-06-13 12:00,0,0.954
2020-06-13 13:00,0,1.215
2020-06-13 14:00,0.001,1.888
2020-06-13 15:00,0.013,3.043
2020-06-13 16:00,0.081,4.780
2020-06-13 17:00,0.223,6.509
2020-06-13 18:00,0.437,8.237
2020-06-13 19:00,0.656,9.905
2020-06-13 20:00,0.786,11.167
2020-06-13 21:00,0.854,12.075
2020-06-13 22:00,0.868,12.289
2020-06-13 23:00,0.774,11.035
2020-06-14 00:00,0.530,8.930
2020-06-14 01:00,0.437,8.235
2020-06-14 02:00,0.414,8.070
2020-06-14 03:00,0.351,7.591
2020-06-14 04:00,0.306,7.233
2020-06-14 05:00,0.279,7.003
2020-06-14 06:00,0.271,6.935
2020-06-14 07:00,0.266,6.898
2020-06-14 08:00,0.267,6.902
2020-06-14 09:00,0.296,7.142
2020-06-14 10:00,0.346,7.552
2020-06-14 11:00,0.380,7.819
2020-06-14 12:00,0.411,8.044
2020-06-14 13:00,0.502,8.719
2020-06-14 14:00,0.580,9.303
2020-06-14 15:00,0.687,10.182
2020-06-14 16:00,0.779,11.085
2020-06-14 17:00,0.804,11.380
2020-06-14 18:00,0.799,11.317
2020-06-14 19:00,0.797,11.293
2020-06-14 20:00,0.805,11.394
2020-06-14 21:00,0.789,11.201
2020-06-14 22:00,0.733,10.610
2020-06-14 23:00,0.705,10.341
2020-06-15 00:00,0.717,10.454
2020-06-15 01:00,0.645,9.821
2020-06-15 02:00,0.530,8.920
2020-06-15 03:00,0.487,8.612
2020-06-15 04:00,0.530,8.930
2020-06-15 05:00,0.593,9.398
2020-06-15 06:00,0.617,9.592
2020-06-15 07:00,0.594,9.408
2020-06-15 08:00,0.528,8.913
2020-06-15 09:00,0.422,8.121
2020-06-15 10:00,0.347,7.565
2020-06-15 11:00,0.412,8.052
2020-06-15 12:00,0.553,9.096
2020-06-15 13:00,0.656,9.906
2020-06-15 14:00,0.672,10.050
2020-06-15 15:00,0.655,9.896
2020-06-15 16:00,0.665,9.992
2020-06-15 17:00,0.718,10.467
2020-06-15 18:00,0.763,10.917
2020-06-15 19:00,0.777,11.069
2020-06-15 20:00,0.774,11.033
2020-06-15 21:00,0.717,10.451
2020-06-15 22:00,0.633,9.710
2020-06-15 23:00,0.552,9.092
2020-06-16 00:00,0.504,8.734
2020-06-16 01:00,0.490,8.635
2020-06-16 02:00,0.495,8.666
2020-06-16 03:00,0.515,8.820
2020-06-16 04:00,0.545,9.039
2020-06-16 05:00,0.567,9.205
2020-06-16 06:00,0.560,9.145
2020-06-16 07:00,0.547,9.048
2020-06-16 08:00,0.532,8.941
2020-06-16 09:00,0.507,8.755
2020-06-16 10:00,0.490,8.630
2020-06-16 11:00,0.496,8.669
2020-06-16 12:00,0.499,8.698
2020-06-16 13:00,0.489,8.625
2020-06-16 14:00,0.489,8.624
2020-06-16 15:00,0.537,8.978
2020-06-16 16:00,0.602,9.475
2020-06-16 17:00,0.639,9.771
2020-06-16 18:00,0.640,9.778
2020-06-16 19:00,0.620,9.620
2020-06-16 20:00,0.599,9.451
2020-06-16 21:00,0.564,9.172
2020-06-16 22:00,0.525,8.887
2020-06-16 23:00,0.540,9.002
2020-06-17 00:00,0.594,9.408
2020-06-17 01:00,0.637,9.755
2020-06-17 02:00,0.663,9.969
2020-06-17 03:00,0.685,10.153
2020-06-17 04:00,0.716,10.436
2020-06-17 05:00,0.743,10.712
2020-06-17 06:00,0.758,10.859
2020-06-17 07:00,0.775,11.042
2020-06-17 08:00,0.771,10.988
2020-06-17 09:00,0.727,10.553
2020-06-17 10:00,0.663,9.966
2020-06-17 11:00,0.599,9.446
2020-06-17 12:00,0.551,9.085
2020-06-17 13:00,0.542,9.014
2020-06-17 14:00,0.557,9.129
2020-06-17 15:00,0.594,9.407
2020-06-17 16:00,0.633,9.713
2020-06-17 17:00,0.663,9.971
2020-06-17 18:00,0.688,10.187
2020-06-17 19:00,0.679,10.102
2020-06-17 20:00,0.647,9.830
2020-06-17 21:00,0.608,9.523
2020-06-17 22:00,0.561,9.161
2020-06-17 23:00,0.549,9.068
2020-06-18 00:00,0.555,9.112
2020-06-18 01:00,0.542,9.017
2020-06-18 02:00,0.521,8.862
2020-06-18 03:00,0.511,8.788
2020-06-18 04:00,0.504,8.734
2020-06-18 05:00,0.495,8.665
2020-06-18 06:00,0.467,8.464
2020-06-18 07:00,0.407,8.012
2020-06-18 08:00,0.333,7.441
2020-06-18 09:00,0.272,6.939
2020-06-18 10:00,0.234,6.600
2020-06-18 11:00,0.228,6.554
2020-06-18 12:00,0.252,6.761
2020-06-18 13:00,0.274,6.962
2020-06-18 14:00,0.285,7.057
2020-06-18 15:00,0.297,7.151
2020-06-18 16:00,0.308,7.246
2020-06-18 17:00,0.313,7.285
2020-06-18 18:00,0.328,7.399
2020-06-18 19:00,0.385,7.848
2020-06-18 20:00,0.417,8.083
2020-06-18 21:00,0.426,8.148
2020-06-18 22:00,0.392,7.899
2020-06-18 23:00,0.354,7.614
2020-06-19 00:00,0.313,7.281
2020-06-19 01:00,0.289,7.085
2020-06-19 02:00,0.290,7.096
2020-06-19 03:00,0.294,7.134
2020-06-19 04:00,0.291,7.109
2020-06-19 05:00,0.282,7.034
2020-06-19 06:00,0.265,6.883
2020-06-19 07:00,0.244,6.700
2020-06-19 08:00,0.219,6.467
2020-06-19 09:00,0.197,6.244
2020-06-19 10:00,0.172,5.986
2020-06-19 11:00,0.169,5.947
2020-06-19 12:00,0.187,6.153
2020-06-19 13:00,0.211,6.386
2020-06-19 14:00,0.213,6.407
2020-06-19 15:00,0.216,6.435
2020-06-19 16:00,0.226,6.532
2020-06-19 17:00,0.229,6.563
2020-06-19 18:00,0.232,6.592
2020-06-19 19:00,0.254,6.790
2020-06-19 20:00,0.266,6.887
2020-06-19 21:00,0.242,6.680
2020-06-19 22:00,0.238,6.647
2020-06-19 23:00,0.239,6.654
2020-06-20 00:00,0.250,6.750
2020-06-20 01:00,0.249,6.733
2020-06-20 02:00,0.234,6.598
2020-06-20 03:00,0.236,6.630
2020-06-20 04:00,0.260,6.837
2020-06-20 05:00,0.284,7.050
2020-06-20 06:00,0.310,7.262
2020-06-20 07:00,0.328,7.409
2020-06-20 08:00,0.357,7.636
2020-06-20 09:00,0.369,7.728
2020-06-20 10:00,0.377,7.782
2020-06-20 11:00,0.419,8.103
2020-06-20 12:00,0.494,8.654
2020-06-20 13:00,0.550,9.076
2020-06-20 14:00,0.570,9.231
2020-06-20 15:00,0.569,9.220
2020-06-20 16:00,0.561,9.153
2020-06-20 17:00,0.564,9.178
2020-06-20 18:00,0.566,9.200
2020-06-20 19:00,0.550,9.078
2020-06-20 20:00,0.540,8.999
2020-06-20 21:00,0.514,8.808
2020-06-20 22:00,0.458,8.393
2020-06-20 23:00,0.413,8.066
2020-06-21 00:00,0.383,7.829
2020-06-21 01:00,0.350,7.579
2020-06-21 02:00,0.342,7.521
2020-06-21 03:00,0.358,7.637
2020-06-21 04:00,0.377,7.796
2020-06-21 05:00,0.395,7.928
2020-06-21 06:00,0.392,7.909
2020-06-21 07:00,0.381,7.822
2020-06-21 08:00,0.369,7.728
2020-06-21 09:00,0.338,7.485
2020-06-21 10:00,0.285,7.059
2020-06-21 11:00,0.275,6.973
2020-06-21 12:00,0.297,7.161
2020-06-21 13:00,0.327,7.391
2020-06-21 14:00,0.356,7.622
2020-06-21 15:00,0.422,8.126
2020-06-21 16:00,0.483,8.573
2020-06-21 17:00,0.501,8.707
2020-06-21 18:00,0.527,8.897
2020-06-21 19:00,0.530,8.920
2020-06-21 20:00,0.530,8.929
2020-06-21 21:00,0.483,8.573
2020-06-21 22:00,0.391,7.896
2020-06-21 23:00,0.320,7.344
2020-06-22 00:00,0.272,6.946
2020-06-22 01:00,0.250,6.747
2020-06-22 02:00,0.244,6.702
2020-06-22 03:00,0.255,6.796
2020-06-22 04:00,0.272,6.945
2020-06-22 05:00,0.310,7.257
2020-06-22 06:00,0.349,7.574
2020-06-22 07:00,0.386,7.849
2020-06-22 08:00,0.402,7.979
2020-06-22 09:00,0.364,7.692
2020-06-22 10:00,0.304,7.218
2020-06-22 11:00,0.314,7.303
2020-06-22 12:00,0.334,7.458
2020-06-22 13:00,0.339,7.501
2020-06-22 14:00,0.335,7.466
2020-06-22 15:00,0.379,7.809
2020-06-22 16:00,0.411,8.046
2020-06-22 17:00,0.424,8.142
2020-06-22 18:00,0.410,8.036
2020-06-22 19:00,0.396,7.934
2020-06-22 20:00,0.429,8.186
2020-06-22 21:00,0.486,8.604
2020-06-22 22:00,0.502,8.711
2020-06-22 23:00,0.524,8.885
2020-06-23 00:00,0.552,9.090
2020-06-23 01:00,0.547,9.048
2020-06-23 02:00,0.528,8.910
2020-06-23 03:00,0.502,8.717
2020-06-23 04:00,0.475,8.520
2020-06-23 05:00,0.462,8.416
2020-06-23 06:00,0.454,8.366
2020-06-23 07:00,0.436,8.231
2020-06-23 08:00,0.404,7.994
2020-06-23 09:00,0.364,7.691
2020-06-23 10:00,0.321,7.356
2020-06-23 11:00,0.301,7.187
2020-06-23 12:00,0.324,7.371
2020-06-23 13:00,0.342,7.516
2020-06-23 14:00,0.327,7.397
2020-06-23 15:00,0.339,7.498
2020-06-23 16:00,0.371,7.737
2020-06-23 17:00,0.382,7.827
2020-06-23 18:00,0.396,7.937
2020-06-23 19:00,0.446,8.307
2020-06-23 20:00,0.489,8.621
2020-06-23 21:00,0.486,8.605
2020-06-23 22:00,0.468,8.469
2020-06-23 23:00,0.494,8.650
2020-06-24 00:00,0.545,9.033
2020-06-24 01:00,0.550,9.080
2020-06-24 02:00,0.502,8.711
2020-06-24 03:00,0.465,8.451
2020-06-24 04:00,0.427,8.164
2020-06-24 05:00,0.383,7.833
2020-06-24 06:00,0.348,7.571
2020-06-24 07:00,0.351,7.589
2020-06-24 08:00,0.374,7.766
2020-06-24 09:00,0.368,7.725
2020-06-24 10:00,0.333,7.441
2020-06-24 11:00,0.334,7.462
2020-06-24 12:00,0.366,7.706
2020-06-24 13:00,0.396,7.934
2020-06-24 14:00,0.413,8.061
2020-06-24 15:00,0.453,8.363
2020-06-24 16:00,0.484,8.581
2020-06-24 17:00,0.484,8.583
2020-06-24 18:00,0.457,8.387
2020-06-24 19:00,0.439,8.254
2020-06-24 20:00,0.429,8.179
2020-06-24 21:00,0.395,7.928
2020-06-24 22:00,0.366,7.712
2020-06-24 23:00,0.362,7.680
2020-06-25 00:00,0.499,8.689
2020-06-25 01:00,0.534,8.959
2020-06-25 02:00,0.534,8.961
2020-06-25 03:00,0.514,8.799
2020-06-25 04:00,0.520,8.856
2020-06-25 05:00,0.546,9.043
2020-06-25 06:00,0.608,9.523
2020-06-25 07:00,0.646,9.827
2020-06-25 08:00,0.612,9.553
2020-06-25 09:00,0.466,8.454
2020-06-25 10:00,0.282,7.037
2020-06-25 11:00,0.236,6.619
2020-06-25 12:00,0.291,7.106
2020-06-25 13:00,0.380,7.816
2020-06-25 14:00,0.453,8.358
2020-06-25 15:00,0.506,8.738
2020-06-25 16:00,0.526,8.892
2020-06-25 17:00,0.520,8.856
2020-06-25 18:00,0.520,8.851
2020-06-25 19:00,0.506,8.744
2020-06-25 20:00,0.522,8.869
2020-06-25 21:00,0.532,8.946
2020-06-25 22:00,0.526,8.895
2020-06-25 23:00,0.509,8.772
2020-06-26 00:00,0.554,9.109
2020-06-26 01:00,0.607,9.508
2020-06-26 02:00,0.617,9.594
2020-06-26 03:00,0.548,9.056
2020-06-26 04:00,0.461,8.413
2020-06-26 05:00,0.410,8.030
2020-06-26 06:00,0.403,7.986
2020-06-26 07:00,0.419,8.104
2020-06-26 08:00,0.466,8.454
2020-06-26 09:00,0.503,8.730
2020-06-26 10:00,0.463,8.429
2020-06-26 11:00,0.484,8.584
2020-06-26 12:00,0.489,8.621
2020-06-26 13:00,0.464,8.435
2020-06-26 14:00,0.413,8.063
2020-06-26 15:00,0.387,7.863
2020-06-26 16:00,0.380,7.814
2020-06-26 17:00,0.377,7.795
2020-06-26 18:00,0.395,7.932
2020-06-26 19:00,0.389,7.883
2020-06-26 20:00,0.374,7.763
2020-06-26 21:00,0.336,7.473
2020-06-26 22:00,0.285,7.057
2020-06-26 23:00,0.270,6.923
2020-06-27 00:00,0.285,7.058
2020-06-27 01:00,0.300,7.183
2020-06-27 02:00,0.328,7.402
2020-06-27 03:00,0.358,7.638
2020-06-27 04:00,0.363,7.682
2020-06-27 05:00,0.368,7.723
2020-06-27 06:00,0.396,7.939
2020-06-27 07:00,0.426,8.156
2020-06-27 08:00,0.438,8.242
2020-06-27 09:00,0.447,8.311
2020-06-27 10:00,0.396,7.937
2020-06-27 11:00,0.320,7.345
2020-06-27 12:00,0.293,7.124
2020-06-27 13:00,0.269,6.918
2020-06-27 14:00,0.237,6.640
2020-06-27 15:00,0.275,6.974
2020-06-27 16:00,0.319,7.331
2020-06-27 17:00,0.363,7.686
2020-06-27 18:00,0.425,8.146
2020-06-27 19:00,0.460,8.404
2020-06-27 20:00,0.403,7.986
2020-06-27 21:00,0.333,7.454
2020-06-27 22:00,0.291,7.098
2020-06-27 23:00,0.213,6.408
2020-06-28 00:00,0.164,5.901
2020-06-28 01:00,0.143,5.658
2020-06-28 02:00,0.143,5.659
2020-06-28 03:00,0.156,5.813
2020-06-28 04:00,0.177,6.042
2020-06-28 05:00,0.216,6.436
2020-06-28 06:00,0.277,6.988
2020-06-28 07:00,0.347,7.560
2020-06-28 08:00,0.399,7.960
2020-06-28 09:00,0.378,7.797
2020-06-28 10:00,0.319,7.331
2020-06-28 11:00,0.291,7.111
2020-06-28 12:00,0.273,6.954
2020-06-28 13:00,0.252,6.770
2020-06-28 14:00,0.252,6.764
2020-06-28 15:00,0.276,6.984
2020-06-28 16:00,0.310,7.268
2020-06-28 17:00,0.331,7.434
2020-06-28 18:00,0.320,7.343
2020-06-28 19:00,0.283,7.047
2020-06-28 20:00,0.235,6.612
2020-06-28 21:00,0.180,6.075
2020-06-28 22:00,0.129,5.481
2020-06-28 23:00,0.101,5.094
2020-06-29 00:00,0.093,4.973
2020-06-29 01:00,0.097,5.031
2020-06-29 02:00,0.101,5.098
2020-06-29 03:00,0.099,5.054
2020-06-29 04:00,0.088,4.893
2020-06-29 05:00,0.074,4.662
2020-06-29 06:00,0.063,4.463
2020-06-29 07:00,0.053,4.266
2020-06-29 08:00,0.044,4.069
2020-06-29 09:00,0.042,4.013
2020-06-29 10:00,0.047,4.118
2020-06-29 11:00,0.061,4.428
2020-06-29 12:00,0.077,4.713
2020-06-29 13:00,0.097,5.030
2020-06-29 14:00,0.106,5.167
2020-06-29 15:00,0.096,5.023
2020-06-29 16:00,0.073,4.636
2020-06-29 17:00,0.050,4.205
2020-06-29 18:00,0.038,3.900
2020-06-29 19:00,0.031,3.714
2020-06-29 20:00,0.027,3.608
2020-06-29 21:00,0.028,3.625
2020-06-29 22:00,0.026,3.564
2020-06-29 23:00,0.017,3.235
2020-06-30 00:00,0.011,2.933
2020-06-30 01:00,0.009,2.793
2020-06-30 02:00,0.010,2.860
2020-06-30 03:00,0.008,2.717
2020-06-30 04:00,0.003,2.336
2020-06-30 05:00,0.002,2.127
2020-06-30 06:00,0.003,2.241
2020-06-30 07:00,0.004,2.385
2020-06-30 08:00,0.005,2.542
2020-06-30 09:00,0.009,2.828
2020-06-30 10:00,0.006,2.628
2020-06-30 11:00,0.003,2.273
2020-06-30 12:00,0.001,2.003
2020-06-30 13:00,0.001,1.958
2020-06-30 14:00,0.002,2.067
2020-06-30 15:00,0.002,2.120
2020-06-30 16:00,0.001,1.997
2020-06-30 17:00,0.001,1.756
2020-06-30 18:00,0,1.413
2020-06-30 19:00,0,0.894
2020-06-30 20:00,0,0.572
2020-06-30 21:00,0,0.677
2020-06-30 22:00,0,0.953
2020-06-30 23:00,0,1.133
2020-07-01 00:00,0,0.723
2020-07-01 01:00,0,0.314
2020-07-01 02:00,0,0.131
2020-07-01 03:00,0,0.041
2020-07-01 04:00,0,0.259
2020-07-01 05:00,0,1.222
2020-07-01 06:00,0.003,2.254
2020-07-01 07:00,0.015,3.158
2020-07-01 08:00,0.038,3.920
2020-07-01 09:00,0.071,4.609
2020-07-01 10:00,0.124,5.422
2020-07-01 11:00,0.146,5.687
2020-07-01 12:00,0.098,5.047
2020-07-01 13:00,0.055,4.295
2020-07-01 14:00,0.031,3.731
2020-07-01 15:00,0.027,3.589
2020-07-01 16:00,0.035,3.822
2020-07-01 17:00,0.052,4.244
2020-07-01 18:00,0.083,4.809
2020-07-01 19:00,0.119,5.348
2020-07-01 20:00,0.152,5.764
2020-07-01 21:00,0.166,5.922
2020-07-01 22:00,0.158,5.834
2020-07-01 23:00,0.158,5.828
2020-07-02 00:00,0.151,5.753
2020-07-02 01:00,0.127,5.447
2020-07-02 02:00,0.111,5.244
2020-07-02 03:00,0.107,5.188
2020-07-02 04:00,0.107,5.187
2020-07-02 05:00,0.116,5.299
2020-07-02 06:00,0.124,5.413
2020-07-02 07:00,0.135,5.545
2020-07-02 08:00,0.139,5.612
2020-07-02 09:00,0.136,5.554
2020-07-02 10:00,0.123,5.406
2020-07-02 11:00,0.131,5.509
2020-07-02 12:00,0.162,5.873
2020-07-02 13:00,0.202,6.301
2020-07-02 14:00,0.230,6.567
2020-07-02 15:00,0.250,6.748
2020-07-02 16:00,0.291,7.110
2020-07-02 17:00,0.304,7.222
2020-07-02 18:00,0.266,6.893
2020-07-02 19:00,0.232,6.589
2020-07-02 20:00,0.229,6.559
2020-07-02 21:00,0.233,6.595
2020-07-02 22:00,0.210,6.382
2020-07-02 23:00,0.180,6.073
2020-07-03 00:00,0.185,6.125
2020-07-03 01:00,0.204,6.318
2020-07-03 02:00,0.222,6.491
2020-07-03 03:00,0.254,6.788
2020-07-03 04:00,0.280,7.014
2020-07-03 05:00,0.280,7.008
2020-07-03 06:00,0.264,6.870
2020-07-03 07:00,0.244,6.691
2020-07-03 08:00,0.221,6.478
2020-07-03 09:00,0.186,6.138
2020-07-03 10:00,0.148,5.705
2020-07-03 11:00,0.136,5.556
2020-07-03 12:00,0.144,5.664
2020-07-03 13:00,0.149,5.723
2020-07-03 14:00,0.156,5.796
2020-07-03 15:00,0.166,5.917
2020-07-03 16:00,0.188,6.155
2020-07-03 17:00,0.211,6.394
2020-07-03 18:00,0.234,6.602
2020-07-03 19:00,0.237,6.640
2020-07-03 20:00,0.234,6.611
2020-07-03 21:00,0.242,6.671
2020-07-03 22:00,0.239,6.657
2020-07-03 23:00,0.233,6.594
2020-07-04 00:00,0.237,6.633
2020-07-04 01:00,0.219,6.466
2020-07-04 02:00,0.185,6.129
2020-07-04 03:00,0.144,5.671
2020-07-04 04:00,0.117,5.317
2020-07-04 05:00,0.105,5.162
2020-07-04 06:00,0.097,5.030
2020-07-04 07:00,0.089,4.908
2020-07-04 08:00,0.088,4.895
2020-07-04 09:00,0.083,4.802
2020-07-04 10:00,0.089,4.918
2020-07-04 11:00,0.115,5.281
2020-07-04 12:00,0.140,5.623
2020-07-04 13:00,0.152,5.757
2020-07-04 14:00,0.156,5.796
2020-07-04 15:00,0.158,5.836
2020-07-04 16:00,0.179,6.058
2020-07-04 17:00,0.197,6.251
2020-07-04 18:00,0.211,6.385
2020-07-04 19:00,0.216,6.433
2020-07-04 20:00,0.208,6.363
2020-07-04 21:00,0.199,6.272
2020-07-04 22:00,0.183,6.096
2020-07-04 23:00,0.155,5.790
2020-07-05 00:00,0.137,5.569
2020-07-05 01:00,0.130,5.490
2020-07-05 02:00,0.134,5.540
2020-07-05 03:00,0.142,5.644
2020-07-05 04:00,0.159,5.841
2020-07-05 05:00,0.182,6.087
2020-07-05 06:00,0.194,6.217
2020-07-05 07:00,0.199,6.264
2020-07-05 08:00,0.210,6.378
2020-07-05 09:00,0.223,6.506
2020-07-05 10:00,0.246,6.720
2020-07-05 11:00,0.291,7.100
2020-07-05 12:00,0.328,7.407
2020-07-05 13:00,0.347,7.564
2020-07-05 14:00,0.368,7.721
2020-07-05 15:00,0.423,8.140
2020-07-05 16:00,0.473,8.504
2020-07-05 17:00,0.519,8.844
2020-07-05 18:00,0.548,9.056
2020-07-05 19:00,0.569,9.221
2020-07-05 20:00,0.573,9.253
2020-07-05 21:00,0.551,9.082
2020-07-05 22:00,0.514,8.800
2020-07-05 23:00,0.502,8.716
2020-07-06 00:00,0.496,8.669
2020-07-06 01:00,0.484,8.584
2020-07-06 02:00,0.470,8.482
2020-07-06 03:00,0.465,8.450
2020-07-06 04:00,0.473,8.504
2020-07-06 05:00,0.477,8.528
2020-07-06 06:00,0.465,8.451
2020-07-06 07:00,0.450,8.340
2020-07-06 08:00,0.452,8.346
2020-07-06 09:00,0.454,8.366
2020-07-06 10:00,0.452,8.344
2020-07-06 11:00,0.450,8.326
2020-07-06 12:00,0.481,8.563
2020-07-06 13:00,0.514,8.798
2020-07-06 14:00,0.518,8.833
2020-07-06 15:00,0.515,8.815
2020-07-06 16:00,0.522,8.866
2020-07-06 17:00,0.577,9.279
2020-07-06 18:00,0.608,9.527
2020-07-06 19:00,0.648,9.844
2020-07-06 20:00,0.647,9.831
2020-07-06 21:00,0.583,9.332
2020-07-06 22:00,0.490,8.633
2020-07-06 23:00,0.426,8.156
2020-07-07 00:00,0.380,7.816
2020-07-07 01:00,0.367,7.715
2020-07-07 02:00,0.356,7.626
2020-07-07 03:00,0.339,7.496
2020-07-07 04:00,0.328,7.409
2020-07-07 05:00,0.333,7.448
2020-07-07 06:00,0.336,7.478
2020-07-07 07:00,0.335,7.469
2020-07-07 08:00,0.335,7.471
2020-07-07 09:00,0.333,7.443
2020-07-07 10:00,0.303,7.210
2020-07-07 11:00,0.295,7.138
2020-07-07 12:00,0.353,7.599
2020-07-07 13:00,0.436,8.230
2020-07-07 14:00,0.489,8.626
2020-07-07 15:00,0.567,9.203
2020-07-07 16:00,0.573,9.244
2020-07-07 17:00,0.524,8.881
2020-07-07 18:00,0.505,8.737
2020-07-07 19:00,0.572,9.236
2020-07-07 20:00,0.681,10.130
2020-07-07 21:00,0.725,10.534
2020-07-07 22:00,0.677,10.081
2020-07-07 23:00,0.552,9.092
2020-07-08 00:00,0.450,8.327
2020-07-08 01:00,0.410,8.031
2020-07-08 02:00,0.356,7.630
2020-07-08 03:00,0.347,7.560
2020-07-08 04:00,0.372,7.752
2020-07-08 05:00,0.383,7.832
2020-07-08 06:00,0.382,7.826
2020-07-08 07:00,0.390,7.888
2020-07-08 08:00,0.402,7.978
2020-07-08 09:00,0.399,7.959
2020-07-08 10:00,0.422,8.119
2020-07-08 11:00,0.484,8.580
2020-07-08 12:00,0.502,8.717
2020-07-08 13:00,0.510,8.774
2020-07-08 14:00,0.533,8.947
2020-07-08 15:00,0.575,9.262
2020-07-08 16:00,0.619,9.608
2020-07-08 17:00,0.651,9.873
2020-07-08 18:00,0.649,9.854
2020-07-08 19:00,0.692,10.229
2020-07-08 20:00,0.679,10.107
2020-07-08 21:00,0.645,9.822
2020-07-08 22:00,0.619,9.614
2020-07-08 23:00,0.601,9.468
2020-07-09 00:00,0.612,9.555
2020-07-09 01:00,0.616,9.582
2020-07-09 02:00,0.573,9.243
2020-07-09 03:00,0.554,9.109
2020-07-09 04:00,0.600,9.457
2020-07-09 05:00,0.599,9.443
2020-07-09 06:00,0.531,8.938
2020-07-09 07:00,0.460,8.405
2020-07-09 08:00,0.390,7.888
2020-07-09 09:00,0.365,7.699
2020-07-09 10:00,0.425,8.145
2020-07-09 11:00,0.553,9.097
2020-07-09 12:00,0.649,9.855
2020-07-09 13:00,0.693,10.238
2020-07-09 14:00,0.726,10.539
2020-07-09 15:00,0.742,10.699
2020-07-09 16:00,0.731,10.590
2020-07-09 17:00,0.716,10.438
2020-07-09 18:00,0.710,10.390
2020-07-09 19:00,0.773,11.024
2020-07-09 20:00,0.768,10.971
2020-07-09 21:00,0.723,10.516
2020-07-09 22:00,0.680,10.116
2020-07-09 23:00,0.637,9.760
2020-07-10 00:00,0.632,9.707
2020-07-10 01:00,0.645,9.823
2020-07-10 02:00,0.661,9.953
2020-07-10 03:00,0.691,10.221
2020-07-10 04:00,0.718,10.468
2020-07-10 05:00,0.724,10.521
2020-07-10 06:00,0.711,10.394
2020-07-10 07:00,0.685,10.158
2020-07-10 08:00,0.687,10.173
2020-07-10 09:00,0.675,10.072
2020-07-10 10:00,0.653,9.890
2020-07-10 11:00,0.658,9.922
2020-07-10 12:00,0.672,10.047
2020-07-10 13:00,0.705,10.331
2020-07-10 14:00,0.728,10.557
2020-07-10 15:00,0.745,10.725
2020-07-10 16:00,0.771,10.994
2020-07-10 17:00,0.795,11.273
2020-07-10 18:00,0.809,11.449
2020-07-10 19:00,0.817,11.538
2020-07-10 20:00,0.808,11.426
2020-07-10 21:00,0.802,11.363
2020-07-10 22:00,0.786,11.165
2020-07-10 23:00,0.750,10.778
2020-07-11 00:00,0.716,10.450
2020-07-11 01:00,0.666,9.995
2020-07-11 02:00,0.621,9.630
2020-07-11 03:00,0.616,9.590
2020-07-11 04:00,0.630,9.688
2020-07-11 05:00,0.621,9.626
2020-07-11 06:00,0.632,9.708
2020-07-11 07:00,0.672,10.046
2020-07-11 08:00,0.708,10.365
2020-07-11 09:00,0.715,10.431
2020-07-11 10:00,0.733,10.601
2020-07-11 11:00,0.733,10.611
2020-07-11 12:00,0.719,10.475
2020-07-11 13:00,0.705,10.339
2020-07-11 14:00,0.687,10.176
2020-07-11 15:00,0.677,10.086
2020-07-11 16:00,0.677,10.088
2020-07-11 17:00,0.697,10.272
2020-07-11 18:00,0.719,10.470
2020-07-11 19:00,0.738,10.659
2020-07-11 20:00,0.711,10.394
2020-07-11 21:00,0.673,10.062
2020-07-11 22:00,0.633,9.710
2020-07-11 23:00,0.597,9.435
2020-07-12 00:00,0.561,9.157
2020-07-12 01:00,0.511,8.779
2020-07-12 02:00,0.453,8.361
2020-07-12 03:00,0.395,7.927
2020-07-12 04:00,0.348,7.568
2020-07-12 05:00,0.321,7.349
2020-07-12 06:00,0.293,7.123
2020-07-12 07:00,0.272,6.941
2020-07-12 08:00,0.252,6.769
2020-07-12 09:00,0.257,6.817
2020-07-12 10:00,0.252,6.776
2020-07-12 11:00,0.264,6.872
2020-07-12 12:00,0.296,7.144
2020-07-12 13:00,0.287,7.075
2020-07-12 14:00,0.269,6.916
2020-07-12 15:00,0.270,6.920
2020-07-12 16:00,0.248,6.731
2020-07-12 17:00,0.234,6.599
2020-07-12 18:00,0.204,6.322
2020-07-12 19:00,0.161,5.869
2020-07-12 20:00,0.124,5.411
2020-07-12 21:00,0.095,5.001
2020-07-12 22:00,0.068,4.546
2020-07-12 23:00,0.047,4.122
2020-07-13 00:00,0.035,3.830
2020-07-13 01:00,0.026,3.574
2020-07-13 02:00,0.022,3.436
2020-07-13 03:00,0.024,3.475
2020-07-13 04:00,0.026,3.569
2020-07-13 05:00,0.029,3.669
2020-07-13 06:00,0.035,3.820
2020-07-13 07:00,0.041,3.976
2020-07-13 08:00,0.048,4.147
2020-07-13 09:00,0.050,4.191
2020-07-13 10:00,0.052,4.241
2020-07-13 11:00,0.060,4.395
2020-07-13 12:00,0.057,4.340
2020-07-13 13:00,0.047,4.119
2020-07-13 14:00,0.038,3.911
2020-07-13 15:00,0.039,3.942
2020-07-13 16:00,0.044,4.067
2020-07-13 17:00,0.040,3.961
2020-07-13 18:00,0.031,3.711
2020-07-13 19:00,0.034,3.806
2020-07-13 20:00,0.049,4.168
2020-07-13 21:00,0.060,4.396
2020-07-13 22:00,0.060,4.403
2020-07-13 23:00,0.066,4.521
2020-07-14 00:00,0.083,4.801
2020-07-14 01:00,0.076,4.695
2020-07-14 02:00,0.060,4.406
2020-07-14 03:00,0.045,4.074
2020-07-14 04:00,0.037,3.885
2020-07-14 05:00,0.040,3.954
2020-07-14 06:00,0.048,4.156
2020-07-14 07:00,0.059,4.386
2020-07-14 08:00,0.075,4.689
2020-07-14 09:00,0.100,5.071
2020-07-14 10:00,0.146,5.693
2020-07-14 11:00,0.197,6.249
2020-07-14 12:00,0.217,6.447
2020-07-14 13:00,0.217,6.450
2020-07-14 14:00,0.206,6.340
2020-07-14 15:00,0.197,6.237
2020-07-14 16:00,0.182,6.088
2020-07-14 17:00,0.164,5.898
2020-07-14 18:00,0.144,5.667
2020-07-14 19:00,0.136,5.558
2020-07-14 20:00,0.143,5.651
2020-07-14 21:00,0.146,5.691
2020-07-14 22:00,0.138,5.586
2020-07-14 23:00,0.130,5.499
2020-07-15 00:00,0.138,5.583
2020-07-15 01:00,0.140,5.622
2020-07-15 02:00,0.134,5.540
2020-07-15 03:00,0.115,5.290
2020-07-15 04:00,0.107,5.188
2020-07-15 05:00,0.121,5.377
2020-07-15 06:00,0.140,5.622
2020-07-15 07:00,0.165,5.912
2020-07-15 08:00,0.208,6.360
2020-07-15 09:00,0.249,6.734
2020-07-15 10:00,0.266,6.889
2020-07-15 11:00,0.279,7.005
2020-07-15 12:00,0.297,7.155
2020-07-15 13:00,0.319,7.335
2020-07-15 14:00,0.330,7.425
2020-07-15 15:00,0.333,7.439
2020-07-15 16:00,0.321,7.346
2020-07-15 17:00,0.293,7.129
2020-07-15 18:00,0.274,6.962
2020-07-15 19:00,0.280,7.010
2020-07-15 20:00,0.313,7.290
2020-07-15 21:00,0.342,7.522
2020-07-15 22:00,0.365,7.700
2020-07-15 23:00,0.399,7.958
2020-07-16 00:00,0.422,8.131
2020-07-16 01:00,0.413,8.054
2020-07-16 02:00,0.386,7.858
2020-07-16 03:00,0.371,7.748
2020-07-16 04:00,0.365,7.699
2020-07-16 05:00,0.362,7.667
2020-07-16 06:00,0.365,7.699
2020-07-16 07:00,0.350,7.579
2020-07-16 08:00,0.303,7.213
2020-07-16 09:00,0.252,6.763
2020-07-16 10:00,0.227,6.545
2020-07-16 11:00,0.239,6.652
2020-07-16 12:00,0.278,6.990
2020-07-16 13:00,0.359,7.644
2020-07-16 14:00,0.446,8.304
2020-07-16 15:00,0.480,8.558
2020-07-16 16:00,0.417,8.091
2020-07-16 17:00,0.360,7.653
2020-07-16 18:00,0.348,7.569
2020-07-16 19:00,0.363,7.684
2020-07-16 20:00,0.330,7.424
2020-07-16 21:00,0.332,7.438
2020-07-16 22:00,0.333,7.452
2020-07-16 23:00,0.349,7.575
2020-07-17 00:00,0.356,7.625
2020-07-17 01:00,0.354,7.614
2020-07-17 02:00,0.345,7.544
2020-07-17 03:00,0.339,7.499
2020-07-17 04:00,0.333,7.444
2020-07-17 05:00,0.327,7.398
2020-07-17 06:00,0.327,7.393
2020-07-17 07:00,0.325,7.384
2020-07-17 08:00,0.327,7.392
2020-07-17 09:00,0.319,7.336
2020-07-17 10:00,0.292,7.116
2020-07-17 11:00,0.291,7.104
2020-07-17 12:00,0.314,7.302
2020-07-17 13:00,0.324,7.368
2020-07-17 14:00,0.293,7.129
2020-07-17 15:00,0.299,7.176
2020-07-17 16:00,0.349,7.574
2020-07-17 17:00,0.398,7.949
2020-07-17 18:00,0.406,8.007
2020-07-17 19:00,0.402,7.978
2020-07-17 20:00,0.380,7.819
2020-07-17 21:00,0.310,7.267
2020-07-17 22:00,0.237,6.633
2020-07-17 23:00,0.194,6.211
2020-07-18 00:00,0.195,6.227
2020-07-18 01:00,0.218,6.456
2020-07-18 02:00,0.250,6.748
2020-07-18 03:00,0.292,7.116
2020-07-18 04:00,0.354,7.612
2020-07-18 05:00,0.408,8.024
2020-07-18 06:00,0.423,8.141
2020-07-18 07:00,0.422,8.133
2020-07-18 08:00,0.413,8.053
2020-07-18 09:00,0.380,7.815
2020-07-18 10:00,0.344,7.541
2020-07-18 11:00,0.333,7.455
2020-07-18 12:00,0.357,7.633
2020-07-18 13:00,0.412,8.050
2020-07-18 14:00,0.438,8.247
2020-07-18 15:00,0.465,8.439
2020-07-18 16:00,0.478,8.531
2020-07-18 17:00,0.511,8.786
2020-07-18 18:00,0.566,9.192
2020-07-18 19:00,0.573,9.248
2020-07-18 20:00,0.570,9.227
2020-07-18 21:00,0.534,8.956
2020-07-18 22:00,0.457,8.388
2020-07-18 23:00,0.347,7.565
2020-07-19 00:00,0.291,7.105
2020-07-19 01:00,0.257,6.821
2020-07-19 02:00,0.242,6.679
2020-07-19 03:00,0.249,6.741
2020-07-19 04:00,0.233,6.595
2020-07-19 05:00,0.190,6.177
2020-07-19 06:00,0.157,5.816
2020-07-19 07:00,0.142,5.637
2020-07-19 08:00,0.147,5.696
2020-07-19 09:00,0.160,5.854
2020-07-19 10:00,0.177,6.033
2020-07-19 11:00,0.202,6.298
2020-07-19 12:00,0.248,6.728
2020-07-19 13:00,0.299,7.173
2020-07-19 14:00,0.330,7.427
2020-07-19 15:00,0.349,7.575
2020-07-19 16:00,0.397,7.941
2020-07-19 17:00,0.330,7.426
2020-07-19 18:00,0.237,6.640
2020-07-19 19:00,0.177,6.038
2020-07-19 20:00,0.134,5.540
2020-07-19 21:00,0.088,4.904
2020-07-19 22:00,0.038,3.910
2020-07-19 23:00,0.017,3.214
2020-07-20 00:00,0.016,3.186
2020-07-20 01:00,0.024,3.476
2020-07-20 02:00,0.043,4.033
2020-07-20 03:00,0.074,4.654
2020-07-20 04:00,0.102,5.111
2020-07-20 05:00,0.128,5.470
2020-07-20 06:00,0.136,5.565
2020-07-20 07:00,0.133,5.523
2020-07-20 08:00,0.137,5.567
2020-07-20 09:00,0.144,5.661
2020-07-20 10:00,0.156,5.802
2020-07-20 11:00,0.164,5.899
2020-07-20 12:00,0.150,5.743
2020-07-20 13:00,0.129,5.486
2020-07-20 14:00,0.119,5.345
2020-07-20 15:00,0.121,5.376
2020-07-20 16:00,0.138,5.590
2020-07-20 17:00,0.157,5.821
2020-07-20 18:00,0.165,5.908
2020-07-20 19:00,0.150,5.740
2020-07-20 20:00,0.131,5.508
2020-07-20 21:00,0.117,5.317
2020-07-20 22:00,0.106,5.172
2020-07-20 23:00,0.101,5.096
2020-07-21 00:00,0.096,5.020
2020-07-21 01:00,0.093,4.971
2020-07-21 02:00,0.090,4.923
2020-07-21 03:00,0.087,4.869
2020-07-21 04:00,0.083,4.819
2020-07-21 05:00,0.080,4.772
2020-07-21 06:00,0.078,4.741
2020-07-21 07:00,0.078,4.740
2020-07-21 08:00,0.083,4.821
2020-07-21 09:00,0.088,4.893
2020-07-21 10:00,0.094,4.992
2020-07-21 11:00,0.102,5.105
2020-07-21 12:00,0.100,5.071
2020-07-21 13:00,0.093,4.978
2020-07-21 14:00,0.087,4.888
2020-07-21 15:00,0.080,4.769
2020-07-21 16:00,0.072,4.622
2020-07-21 17:00,0.061,4.414
2020-07-21 18:00,0.044,4.072
2020-07-21 19:00,0.028,3.625
2020-07-21 20:00,0.018,3.280
2020-07-21 21:00,0.013,3.029
2020-07-21 22:00,0.007,2.699
2020-07-21 23:00,0.004,2.359
2020-07-22 00:00,0.002,2.159
2020-07-22 01:00,0.001,2.006
2020-07-22 02:00,0.001,1.923
2020-07-22 03:00,0.002,2.142
2020-07-22 04:00,0.006,2.576
2020-07-22 05:00,0.012,3.022
2020-07-22 06:00,0.024,3.476
2020-07-22 07:00,0.034,3.814
2020-07-22 08:00,0.042,4.016
2020-07-22 09:00,0.046,4.113
2020-07-22 10:00,0.049,4.180
2020-07-22 11:00,0.053,4.263
2020-07-22 12:00,0.056,4.334
2020-07-22 13:00,0.068,4.545
2020-07-22 14:00,0.077,4.719
2020-07-22 15:00,0.076,4.701
2020-07-22 16:00,0.070,4.597
2020-07-22 17:00,0.070,4.594
2020-07-22 18:00,0.066,4.520
2020-07-22 19:00,0.060,4.401
2020-07-22 20:00,0.055,4.295
2020-07-22 21:00,0.048,4.141
2020-07-22 22:00,0.034,3.809
2020-07-22 23:00,0.023,3.462
2020-07-23 00:00,0.015,3.146
2020-07-23 01:00,0.009,2.841
2020-07-23 02:00,0.004,2.361
2020-07-23 03:00,0.002,2.170
2020-07-23 04:00,0.004,2.360
2020-07-23 05:00,0.007,2.691
2020-07-23 06:00,0.014,3.096
2020-07-23 07:00,0.024,3.486
2020-07-23 08:00,0.029,3.640
2020-07-23 09:00,0.031,3.713
2020-07-23 10:00,0.039,3.931
2020-07-23 11:00,0.049,4.173
2020-07-23 12:00,0.061,4.422
2020-07-23 13:00,0.079,4.750
2020-07-23 14:00,0.098,5.048
2020-07-23 15:00,0.105,5.154
2020-07-23 16:00,0.099,5.055
2020-07-23 17:00,0.096,5.015
2020-07-23 18:00,0.095,5.013
2020-07-23 19:00,0.093,4.973
2020-07-23 20:00,0.083,4.817
2020-07-23 21:00,0.065,4.510
2020-07-23 22:00,0.045,4.074
2020-07-23 23:00,0.028,3.625
2020-07-24 00:00,0.019,3.303
2020-07-24 01:00,0.015,3.141
2020-07-24 02:00,0.016,3.184
2020-07-24 03:00,0.020,3.350
2020-07-24 04:00,0.031,3.706
2020-07-24 05:00,0.048,4.158
2020-07-24 06:00,0.064,4.477
2020-07-24 07:00,0.077,4.725
2020-07-24 08:00,0.086,4.865
2020-07-24 09:00,0.084,4.829
2020-07-24 10:00,0.094,4.998
2020-07-24 11:00,0.115,5.288
2020-07-24 12:00,0.122,5.395
2020-07-24 13:00,0.134,5.540
2020-07-24 14:00,0.150,5.739
2020-07-24 15:00,0.176,6.025
2020-07-24 16:00,0.192,6.200
2020-07-24 17:00,0.184,6.112
2020-07-24 18:00,0.165,5.913
2020-07-24 19:00,0.151,5.749
2020-07-24 20:00,0.153,5.771
2020-07-24 21:00,0.161,5.868
2020-07-24 22:00,0.148,5.709
2020-07-24 23:00,0.117,5.316
2020-07-25 00:00,0.105,5.156
2020-07-25 01:00,0.083,4.823
2020-07-25 02:00,0.065,4.494
2020-07-25 03:00,0.055,4.287
2020-07-25 04:00,0.056,4.320
2020-07-25 05:00,0.055,4.313
2020-07-25 06:00,0.055,4.308
2020-07-25 07:00,0.065,4.498
2020-07-25 08:00,0.079,4.750
2020-07-25 09:00,0.100,5.068
2020-07-25 10:00,0.128,5.464
2020-07-25 11:00,0.158,5.833
2020-07-25 12:00,0.170,5.955
2020-07-25 13:00,0.177,6.033
2020-07-25 14:00,0.195,6.225
2020-07-25 15:00,0.234,6.600
2020-07-25 16:00,0.266,6.890
2020-07-25 17:00,0.276,6.980
2020-07-25 18:00,0.291,7.101
2020-07-25 19:00,0.291,7.099
2020-07-25 20:00,0.305,7.226
2020-07-25 21:00,0.339,7.490
2020-07-25 22:00,0.324,7.381
2020-07-25 23:00,0.259,6.830
2020-07-26 00:00,0.206,6.332
2020-07-26 01:00,0.157,5.821
2020-07-26 02:00,0.117,5.311
2020-07-26 03:00,0.094,4.985
2020-07-26 04:00,0.095,5.009
2020-07-26 05:00,0.111,5.242
2020-07-26 06:00,0.137,5.567
2020-07-26 07:00,0.142,5.640
2020-07-26 08:00,0.149,5.723
2020-07-26 09:00,0.161,5.861
2020-07-26 10:00,0.165,5.912
2020-07-26 11:00,0.152,5.759
2020-07-26 12:00,0.139,5.607
2020-07-26 13:00,0.144,5.664
2020-07-26 14:00,0.184,6.114
2020-07-26 15:00,0.242,6.676
2020-07-26 16:00,0.293,7.120
2020-07-26 17:00,0.347,7.562
2020-07-26 18:00,0.392,7.899
2020-07-26 19:00,0.407,8.017
2020-07-26 20:00,0.388,7.871
2020-07-26 21:00,0.369,7.728
2020-07-26 22:00,0.344,7.530
2020-07-26 23:00,0.338,7.485
2020-07-27 00:00,0.361,7.664
2020-07-27 01:00,0.375,7.773
2020-07-27 02:00,0.374,7.769
2020-07-27 03:00,0.333,7.446
2020-07-27 04:00,0.279,7.003
2020-07-27 05:00,0.229,6.564
2020-07-27 06:00,0.194,6.208
2020-07-27 07:00,0.171,5.970
2020-07-27 08:00,0.159,5.841
2020-07-27 09:00,0.148,5.717
2020-07-27 10:00,0.157,5.821
2020-07-27 11:00,0.187,6.144
2020-07-27 12:00,0.212,6.397
2020-07-27 13:00,0.249,6.739
2020-07-27 14:00,0.284,7.052
2020-07-27 15:00,0.328,7.404
2020-07-27 16:00,0.353,7.604
2020-07-27 17:00,0.359,7.645
2020-07-27 18:00,0.329,7.416
2020-07-27 19:00,0.303,7.207
2020-07-27 20:00,0.280,7.012
2020-07-27 21:00,0.260,6.837
2020-07-27 22:00,0.227,6.544
2020-07-27 23:00,0.181,6.079
2020-07-28 00:00,0.156,5.807
2020-07-28 01:00,0.124,5.420
2020-07-28 02:00,0.099,5.060
2020-07-28 03:00,0.075,4.679
2020-07-28 04:00,0.064,4.480
2020-07-28 05:00,0.057,4.345
2020-07-28 06:00,0.058,4.365
2020-07-28 07:00,0.064,4.476
2020-07-28 08:00,0.074,4.650
2020-07-28 09:00,0.076,4.705
2020-07-28 10:00,0.083,4.806
2020-07-28 11:00,0.095,5.004
2020-07-28 12:00,0.103,5.126
2020-07-28 13:00,0.106,5.163
2020-07-28 14:00,0.100,5.080
2020-07-28 15:00,0.099,5.062
2020-07-28 16:00,0.088,4.898
2020-07-28 17:00,0.065,4.507
2020-07-28 18:00,0.042,4.020
2020-07-28 19:00,0.024,3.498
2020-07-28 20:00,0.014,3.110
2020-07-28 21:00,0.012,2.963
2020-07-28 22:00,0.012,2.980
2020-07-28 23:00,0.014,3.101
2020-07-29 00:00,0.015,3.135
2020-07-29 01:00,0.009,2.815
2020-07-29 02:00,0.001,1.998
2020-07-29 03:00,0,1.169
2020-07-29 04:00,0,0.779
2020-07-29 05:00,0,0.755
2020-07-29 06:00,0,1.144
2020-07-29 07:00,0,1.654
2020-07-29 08:00,0.003,2.251
2020-07-29 09:00,0.017,3.223
2020-07-29 10:00,0.033,3.779
2020-07-29 11:00,0.055,4.299
2020-07-29 12:00,0.084,4.828
2020-07-29 13:00,0.114,5.275
2020-07-29 14:00,0.131,5.507
2020-07-29 15:00,0.128,5.469
2020-07-29 16:00,0.100,5.086
2020-07-29 17:00,0.072,4.624
2020-07-29 18:00,0.044,4.058
2020-07-29 19:00,0.026,3.569
2020-07-29 20:00,0.029,3.668
2020-07-29 21:00,0.034,3.799
2020-07-29 22:00,0.029,3.651
2020-07-29 23:00,0.023,3.471
2020-07-30 00:00,0.031,3.731
2020-07-30 01:00,0.043,4.025
2020-07-30 02:00,0.051,4.229
2020-07-30 03:00,0.053,4.269
2020-07-30 04:00,0.049,4.178
2020-07-30 05:00,0.042,4.010
2020-07-30 06:00,0.028,3.613
2020-07-30 07:00,0.031,3.726
2020-07-30 08:00,0.123,5.400
2020-07-30 09:00,0.227,6.540
2020-07-30 10:00,0.177,6.033
2020-07-30 11:00,0.159,5.843
2020-07-30 12:00,0.162,5.875
2020-07-30 13:00,0.176,6.024
2020-07-30 14:00,0.209,6.367
2020-07-30 15:00,0.327,7.391
2020-07-30 16:00,0.427,8.165
2020-07-30 17:00,0.441,8.272
2020-07-30 18:00,0.433,8.208
2020-07-30 19:00,0.456,8.383
2020-07-30 20:00,0.524,8.880
2020-07-30 21:00,0.599,9.444
2020-07-30 22:00,0.665,9.993
2020-07-30 23:00,0.717,10.459
2020-07-31 00:00,0.826,11.660
2020-07-31 01:00,0.879,12.483
2020-07-31 02:00,0.891,12.706
2020-07-31 03:00,0.896,12.812
2020-07-31 04:00,0.917,13.264
2020-07-31 05:00,0.948,14.155
2020-07-31 06:00,0.963,14.745
2020-07-31 07:00,0.963,14.749
2020-07-31 08:00,0.959,14.576
2020-07-31 09:00,0.936,13.772
2020-07-31 10:00,0.902,12.928
2020-07-31 11:00,0.907,13.038
2020-07-31 12:00,0.951,14.255
2020-07-31 13:00,0.959,14.577
2020-07-31 14:00,0.953,14.336
2020-07-31 15:00,0.958,14.511
2020-07-31 16:00,0.962,14.713
2020-07-31 17:00,0.960,14.623
2020-07-31 18:00,0.957,14.486
2020-07-31 19:00,0.950,14.222
2020-07-31 20:00,0.935,13.732
2020-07-31 21:00,0.926,13.497
2020-07-31 22:00,0.919,13.318
2020-07-31 23:00,0.936,13.756
2020-08-01 00:00,0.982,15.962
2020-08-01 01:00,0.987,16.504
2020-08-01 02:00,0.981,15.873
2020-08-01 03:00,0.975,15.435
2020-08-01 04:00,0.977,15.536
2020-08-01 05:00,0.976,15.469
2020-08-01 06:00,0.970,15.093
2020-08-01 07:00,0.970,15.128
2020-08-01 08:00,0.972,15.200
2020-08-01 09:00,0.969,15.026
2020-08-01 10:00,0.953,14.310
2020-08-01 11:00,0.927,13.508
2020-08-01 12:00,0.896,12.809
2020-08-01 13:00,0.864,12.229
2020-08-01 14:00,0.743,10.706
2020-08-01 15:00,0.483,8.573
2020-08-01 16:00,0.574,9.253
2020-08-01 17:00,0.838,11.831
2020-08-01 18:00,0.894,12.753
2020-08-01 19:00,0.873,12.374
2020-08-01 20:00,0.832,11.751
2020-08-01 21:00,0.785,11.161
2020-08-01 22:00,0.708,10.364
2020-08-01 23:00,0.636,9.745
2020-08-02 00:00,0.576,9.275
2020-08-02 01:00,0.550,9.076
2020-08-02 02:00,0.536,8.971
2020-08-02 03:00,0.515,8.817
2020-08-02 04:00,0.480,8.557
2020-08-02 05:00,0.456,8.379
2020-08-02 06:00,0.430,8.187
2020-08-02 07:00,0.379,7.805
2020-08-02 08:00,0.315,7.308
2020-08-02 09:00,0.236,6.624
2020-08-02 10:00,0.185,6.123
2020-08-02 11:00,0.182,6.088
2020-08-02 12:00,0.147,5.698
2020-08-02 13:00,0.069,4.582
2020-08-02 14:00,0.029,3.674
2020-08-02 15:00,0.044,4.051
2020-08-02 16:00,0.104,5.147
2020-08-02 17:00,0.088,4.900
2020-08-02 18:00,0.085,4.843
2020-08-02 19:00,0.132,5.521
2020-08-02 20:00,0.236,6.617
2020-08-02 21:00,0.318,7.324
2020-08-02 22:00,0.365,7.698
2020-08-02 23:00,0.344,7.537
2020-08-03 00:00,0.281,7.029
2020-08-03 01:00,0.251,6.756
2020-08-03 02:00,0.244,6.699
2020-08-03 03:00,0.181,6.079
2020-08-03 04:00,0.103,5.124
2020-08-03 05:00,0.050,4.201
2020-08-03 06:00,0.026,3.551
2020-08-03 07:00,0.013,3.069
2020-08-03 08:00,0.022,3.434
2020-08-03 09:00,0.046,4.102
2020-08-03 10:00,0.069,4.567
2020-08-03 11:00,0.095,5.011
2020-08-03 12:00,0.112,5.249
2020-08-03 13:00,0.113,5.263
2020-08-03 14:00,0.104,5.145
2020-08-03 15:00,0.098,5.040
2020-08-03 16:00,0.090,4.923
2020-08-03 17:00,0.081,4.783
2020-08-03 18:00,0.070,4.601
2020-08-03 19:00,0.065,4.494
2020-08-03 20:00,0.059,4.386
2020-08-03 21:00,0.041,3.992
2020-08-03 22:00,0.021,3.379
2020-08-03 23:00,0.011,2.921
2020-08-04 00:00,0.013,3.048
2020-08-04 01:00,0.021,3.391
2020-08-04 02:00,0.037,3.877
2020-08-04 03:00,0.078,4.741
2020-08-04 04:00,0.140,5.615
2020-08-04 05:00,0.210,6.375
2020-08-04 06:00,0.274,6.964
2020-08-04 07:00,0.333,7.443
2020-08-04 08:00,0.344,7.533
2020-08-04 09:00,0.289,7.089
2020-08-04 10:00,0.241,6.669
2020-08-04 11:00,0.242,6.683
2020-08-04 12:00,0.244,6.701
2020-08-04 13:00,0.275,6.978
2020-08-04 14:00,0.334,7.463
2020-08-04 15:00,0.373,7.755
2020-08-04 16:00,0.404,7.990
2020-08-04 17:00,0.422,8.130
2020-08-04 18:00,0.412,8.050
2020-08-04 19:00,0.386,7.849
2020-08-04 20:00,0.374,7.771
2020-08-04 21:00,0.398,7.952
2020-08-04 22:00,0.423,8.137
2020-08-04 23:00,0.443,8.280
2020-08-05 00:00,0.478,8.532
2020-08-05 01:00,0.525,8.891
2020-08-05 02:00,0.576,9.276
2020-08-05 03:00,0.598,9.436
2020-08-05 04:00,0.591,9.391
2020-08-05 05:00,0.591,9.387
2020-08-05 06:00,0.578,9.290
2020-08-05 07:00,0.548,9.065
2020-08-05 08:00,0.487,8.611
2020-08-05 09:00,0.401,7.972
2020-08-05 10:00,0.351,7.589
2020-08-05 11:00,0.359,7.644
2020-08-05 12:00,0.371,7.737
2020-08-05 13:00,0.378,7.801
2020-08-05 14:00,0.392,7.903
2020-08-05 15:00,0.439,8.253
2020-08-05 16:00,0.506,8.752
2020-08-05 17:00,0.547,9.048
2020-08-05 18:00,0.562,9.165
2020-08-05 19:00,0.548,9.057
2020-08-05 20:00,0.524,8.883
2020-08-05 21:00,0.480,8.560
2020-08-05 22:00,0.438,8.241
2020-08-05 23:00,0.367,7.717
2020-08-06 00:00,0.302,7.190
2020-08-06 01:00,0.246,6.718
2020-08-06 02:00,0.186,6.139
2020-08-06 03:00,0.140,5.615
2020-08-06 04:00,0.117,5.319
2020-08-06 05:00,0.101,5.104
2020-08-06 06:00,0.091,4.948
2020-08-06 07:00,0.093,4.972
2020-08-06 08:00,0.109,5.203
2020-08-06 09:00,0.128,5.473
2020-08-06 10:00,0.152,5.757
2020-08-06 11:00,0.161,5.867
2020-08-06 12:00,0.163,5.887
2020-08-06 13:00,0.160,5.854
2020-08-06 14:00,0.142,5.644
2020-08-06 15:00,0.113,5.264
2020-08-06 16:00,0.083,4.816
2020-08-06 17:00,0.055,4.298
2020-08-06 18:00,0.039,3.945
2020-08-06 19:00,0.029,3.665
2020-08-06 20:00,0.026,3.558
2020-08-06 21:00,0.031,3.717
2020-08-06 22:00,0.037,3.878
2020-08-06 23:00,0.029,3.673
2020-08-07 00:00,0.024,3.489
2020-08-07 01:00,0.018,3.267
2020-08-07 02:00,0.013,3.029
2020-08-07 03:00,0.009,2.787
2020-08-07 04:00,0.005,2.468
2020-08-07 05:00,0.002,2.136
2020-08-07 06:00,0.002,2.191
2020-08-07 07:00,0.008,2.763
2020-08-07 08:00,0.015,3.134
2020-08-07 09:00,0.019,3.329
2020-08-07 10:00,0.021,3.384
2020-08-07 11:00,0.030,3.694
2020-08-07 12:00,0.052,4.242
2020-08-07 13:00,0.061,4.425
2020-08-07 14:00,0.060,4.395
2020-08-07 15:00,0.055,4.299
2020-08-07 16:00,0.033,3.792
2020-08-07 17:00,0.018,3.276
2020-08-07 18:00,0.011,2.919
2020-08-07 19:00,0.008,2.724
2020-08-07 20:00,0.007,2.676
2020-08-07 21:00,0.005,2.522
2020-08-07 22:00,0.005,2.525
2020-08-07 23:00,0.010,2.888
2020-08-08 00:00,0.018,3.273
2020-08-08 01:00,0.025,3.530
2020-08-08 02:00,0.032,3.753
2020-08-08 03:00,0.031,3.714
2020-08-08 04:00,0.023,3.471
2020-08-08 05:00,0.021,3.388
2020-08-08 06:00,0.024,3.482
2020-08-08 07:00,0.032,3.761
2020-08-08 08:00,0.043,4.043
2020-08-08 09:00,0.052,4.247
2020-08-08 10:00,0.057,4.347
2020-08-08 11:00,0.058,4.358
2020-08-08 12:00,0.060,4.393
2020-08-08 13:00,0.063,4.469
2020-08-08 14:00,0.070,4.594
2020-08-08 15:00,0.060,4.406
2020-08-08 16:00,0.038,3.914
2020-08-08 17:00,0.023,3.452
2020-08-08 18:00,0.017,3.213
2020-08-08 19:00,0.018,3.259
2020-08-08 20:00,0.019,3.332
2020-08-08 21:00,0.020,3.360
2020-08-08 22:00,0.020,3.351
2020-08-08 23:00,0.015,3.168
2020-08-09 00:00,0.009,2.853
2020-08-09 01:00,0.006,2.594
2020-08-09 02:00,0.004,2.351
2020-08-09 03:00,0.004,2.447
2020-08-09 04:00,0.008,2.733
2020-08-09 05:00,0.012,2.974
2020-08-09 06:00,0.019,3.316
2020-08-09 07:00,0.031,3.702
2020-08-09 08:00,0.045,4.086
2020-08-09 09:00,0.070,4.600
2020-08-09 10:00,0.098,5.043
2020-08-09 11:00,0.108,5.193
2020-08-09 12:00,0.113,5.272
2020-08-09 13:00,0.137,5.577
2020-08-09 14:00,0.174,6.004
2020-08-09 15:00,0.205,6.324
2020-08-09 16:00,0.232,6.589
2020-08-09 17:00,0.243,6.684
2020-08-09 18:00,0.232,6.581
2020-08-09 19:00,0.194,6.216
2020-08-09 20:00,0.148,5.704
2020-08-09 21:00,0.111,5.240
2020-08-09 22:00,0.079,4.744
2020-08-09 23:00,0.055,4.292
2020-08-10 00:00,0.044,4.053
2020-08-10 01:00,0.041,3.971
2020-08-10 02:00,0.042,4.002
2020-08-10 03:00,0.046,4.109
2020-08-10 04:00,0.053,4.267
2020-08-10 05:00,0.066,4.515
2020-08-10 06:00,0.079,4.746
2020-08-10 07:00,0.094,4.997
2020-08-10 08:00,0.109,5.209
2020-08-10 09:00,0.100,5.068
2020-08-10 10:00,0.104,5.147
2020-08-10 11:00,0.136,5.558
2020-08-10 12:00,0.161,5.864
2020-08-10 13:00,0.172,5.986
2020-08-10 14:00,0.171,5.963
2020-08-10 15:00,0.183,6.099
2020-08-10 16:00,0.215,6.430
2020-08-10 17:00,0.272,6.939
2020-08-10 18:00,0.341,7.509
2020-08-10 19:00,0.382,7.827
2020-08-10 20:00,0.392,7.902
2020-08-10 21:00,0.323,7.368
2020-08-10 22:00,0.215,6.427
2020-08-10 23:00,0.148,5.711
2020-08-11 00:00,0.144,5.669
2020-08-11 01:00,0.155,5.785
2020-08-11 02:00,0.158,5.835
2020-08-11 03:00,0.161,5.863
2020-08-11 04:00,0.157,5.814
2020-08-11 05:00,0.144,5.670
2020-08-11 06:00,0.138,5.596
2020-08-11 07:00,0.131,5.510
2020-08-11 08:00,0.125,5.422
2020-08-11 09:00,0.122,5.392
2020-08-11 10:00,0.162,5.876
2020-08-11 11:00,0.244,6.700
2020-08-11 12:00,0.353,7.603
2020-08-11 13:00,0.460,8.408
2020-08-11 14:00,0.502,8.709
2020-08-11 15:00,0.484,8.588
2020-08-11 16:00,0.441,8.270
2020-08-11 17:00,0.397,7.942
2020-08-11 18:00,0.369,7.732
2020-08-11 19:00,0.377,7.788
2020-08-11 20:00,0.377,7.783
2020-08-11 21:00,0.327,7.398
2020-08-11 22:00,0.284,7.049
2020-08-11 23:00,0.234,6.606
2020-08-12 00:00,0.210,6.382
2020-08-12 01:00,0.175,6.020
2020-08-12 02:00,0.152,5.762
2020-08-12 03:00,0.162,5.878
2020-08-12 04:00,0.184,6.121
2020-08-12 05:00,0.215,6.430
2020-08-12 06:00,0.264,6.881
2020-08-12 07:00,0.322,7.360
2020-08-12 08:00,0.363,7.684
2020-08-12 09:00,0.368,7.725
2020-08-12 10:00,0.384,7.843
2020-08-12 11:00,0.444,8.286
2020-08-12 12:00,0.497,8.682
2020-08-12 13:00,0.564,9.174
2020-08-12 14:00,0.594,9.402
2020-08-12 15:00,0.592,9.395
2020-08-12 16:00,0.593,9.399
2020-08-12 17:00,0.601,9.470
2020-08-12 18:00,0.620,9.618
2020-08-12 19:00,0.628,9.680
2020-08-12 20:00,0.627,9.668
2020-08-12 21:00,0.617,9.593
2020-08-12 22:00,0.621,9.628
2020-08-12 23:00,0.596,9.419
2020-08-13 00:00,0.575,9.260
2020-08-13 01:00,0.486,8.599
2020-08-13 02:00,0.366,7.708
2020-08-13 03:00,0.319,7.334
2020-08-13 04:00,0.321,7.351
2020-08-13 05:00,0.320,7.343
2020-08-13 06:00,0.339,7.494
2020-08-13 07:00,0.379,7.804
2020-08-13 08:00,0.446,8.309
2020-08-13 09:00,0.485,8.597
2020-08-13 10:00,0.502,8.718
2020-08-13 11:00,0.482,8.566
2020-08-13 12:00,0.449,8.322
2020-08-13 13:00,0.420,8.112
2020-08-13 14:00,0.392,7.903
2020-08-13 15:00,0.382,7.824
2020-08-13 16:00,0.404,7.994
2020-08-13 17:00,0.414,8.070
2020-08-13 18:00,0.388,7.875
2020-08-13 19:00,0.356,7.620
2020-08-13 20:00,0.308,7.246
2020-08-13 21:00,0.257,6.819
2020-08-13 22:00,0.206,6.334
2020-08-13 23:00,0.172,5.983
2020-08-14 00:00,0.191,6.183
2020-08-14 01:00,0.219,6.458
2020-08-14 02:00,0.246,6.713
2020-08-14 03:00,0.271,6.935
2020-08-14 04:00,0.274,6.963
2020-08-14 05:00,0.264,6.878
2020-08-14 06:00,0.236,6.626
2020-08-14 07:00,0.199,6.269
2020-08-14 08:00,0.177,6.039
2020-08-14 09:00,0.158,5.830
2020-08-14 10:00,0.144,5.661
2020-08-14 11:00,0.143,5.650
2020-08-14 12:00,0.138,5.579
2020-08-14 13:00,0.143,5.650
2020-08-14 14:00,0.142,5.639
2020-08-14 15:00,0.162,5.878
2020-08-14 16:00,0.194,6.215
2020-08-14 17:00,0.212,6.402
2020-08-14 18:00,0.216,6.434
2020-08-14 19:00,0.226,6.537
2020-08-14 20:00,0.236,6.624
2020-08-14 21:00,0.215,6.428
2020-08-14 22:00,0.177,6.039
2020-08-14 23:00,0.128,5.466
2020-08-15 00:00,0.094,4.990
2020-08-15 01:00,0.068,4.540
2020-08-15 02:00,0.052,4.240
2020-08-15 03:00,0.048,4.139
2020-08-15 04:00,0.047,4.127
2020-08-15 05:00,0.047,4.118
2020-08-15 06:00,0.043,4.048
2020-08-15 07:00,0.041,3.975
2020-08-15 08:00,0.039,3.937
2020-08-15 09:00,0.042,4.019
2020-08-15 10:00,0.060,4.390
2020-08-15 11:00,0.085,4.847
2020-08-15 12:00,0.110,5.224
2020-08-15 13:00,0.128,5.472
2020-08-15 14:00,0.135,5.551
2020-08-15 15:00,0.131,5.505
2020-08-15 16:00,0.126,5.442
2020-08-15 17:00,0.125,5.433
2020-08-15 18:00,0.118,5.326
2020-08-15 19:00,0.107,5.188
2020-08-15 20:00,0.088,4.899
2020-08-15 21:00,0.069,4.576
2020-08-15 22:00,0.061,4.406
2020-08-15 23:00,0.051,4.214
2020-08-16 00:00,0.050,4.190
2020-08-16 01:00,0.050,4.192
2020-08-16 02:00,0.056,4.333
2020-08-16 03:00,0.062,4.451
2020-08-16 04:00,0.062,4.452
2020-08-16 05:00,0.061,4.429
2020-08-16 06:00,0.060,4.398
2020-08-16 07:00,0.058,4.355
2020-08-16 08:00,0.065,4.508
2020-08-16 09:00,0.074,4.653
2020-08-16 10:00,0.076,4.705
2020-08-16 11:00,0.080,4.762
2020-08-16 12:00,0.073,4.638
2020-08-16 13:00,0.057,4.350
2020-08-16 14:00,0.038,3.908
2020-08-16 15:00,0.027,3.602
2020-08-16 16:00,0.025,3.526
2020-08-16 17:00,0.024,3.477
2020-08-16 18:00,0.026,3.581
2020-08-16 19:00,0.035,3.831
2020-08-16 20:00,0.049,4.186
2020-08-16 21:00,0.072,4.619
2020-08-16 22:00,0.089,4.914
2020-08-16 23:00,0.094,4.988
2020-08-17 00:00,0.096,5.022
2020-08-17 01:00,0.111,5.235
2020-08-17 02:00,0.119,5.346
2020-08-17 03:00,0.115,5.284
2020-08-17 04:00,0.109,5.208
2020-08-17 05:00,0.099,5.065
2020-08-17 06:00,0.095,5.014
2020-08-17 07:00,0.103,5.132
2020-08-17 08:00,0.114,5.276
2020-08-17 09:00,0.110,5.224
2020-08-17 10:00,0.112,5.250
2020-08-17 11:00,0.113,5.272
2020-08-17 12:00,0.108,5.192
2020-08-17 13:00,0.104,5.139
2020-08-17 14:00,0.095,5.002
2020-08-17 15:00,0.083,4.815
2020-08-17 16:00,0.074,4.649
2020-08-17 17:00,0.060,4.402
2020-08-17 18:00,0.044,4.058
2020-08-17 19:00,0.029,3.645
2020-08-17 20:00,0.015,3.137
2020-08-17 21:00,0.010,2.886
2020-08-17 22:00,0.011,2.956
2020-08-17 23:00,0.014,3.085
2020-08-18 00:00,0.018,3.264
2020-08-18 01:00,0.024,3.514
2020-08-18 02:00,0.031,3.725
2020-08-18 03:00,0.028,3.628
2020-08-18 04:00,0.020,3.353
2020-08-18 05:00,0.013,3.058
2020-08-18 06:00,0.009,2.838
2020-08-18 07:00,0.007,2.660
2020-08-18 08:00,0.004,2.435
2020-08-18 09:00,0.003,2.231
2020-08-18 10:00,0.001,1.995
2020-08-18 11:00,0.002,2.036
2020-08-18 12:00,0.010,2.858
2020-08-18 13:00,0.031,3.720
2020-08-18 14:00,0.035,3.843
2020-08-18 15:00,0.085,4.847
2020-08-18 16:00,0.237,6.639
2020-08-18 17:00,0.468,8.471
2020-08-18 18:00,0.699,10.288
2020-08-18 19:00,0.850,12.003
2020-08-18 20:00,0.907,13.027
2020-08-18 21:00,0.910,13.089
2020-08-18 22:00,0.887,12.622
2020-08-18 23:00,0.835,11.777
2020-08-19 00:00,0.795,11.265
2020-08-19 01:00,0.691,10.209
2020-08-19 02:00,0.625,9.650
2020-08-19 03:00,0.691,10.207
2020-08-19 04:00,0.768,10.969
2020-08-19 05:00,0.771,10.988
2020-08-19 06:00,0.756,10.841
2020-08-19 07:00,0.725,10.533
2020-08-19 08:00,0.675,10.071
2020-08-19 09:00,0.637,9.759
2020-08-19 10:00,0.563,9.168
2020-08-19 11:00,0.388,7.875
2020-08-19 12:00,0.237,6.634
2020-08-19 13:00,0.179,6.061
2020-08-19 14:00,0.190,6.169
2020-08-19 15:00,0.221,6.481
2020-08-19 16:00,0.236,6.619
2020-08-19 17:00,0.182,6.086
2020-08-19 18:00,0.113,5.271
2020-08-19 19:00,0.084,4.829
2020-08-19 20:00,0.096,5.024
2020-08-19 21:00,0.119,5.349
2020-08-19 22:00,0.142,5.645
2020-08-19 23:00,0.165,5.905
2020-08-20 00:00,0.195,6.227
2020-08-20 01:00,0.234,6.603
2020-08-20 02:00,0.252,6.774
2020-08-20 03:00,0.223,6.509
2020-08-20 04:00,0.171,5.971
2020-08-20 05:00,0.120,5.363
2020-08-20 06:00,0.076,4.695
2020-08-20 07:00,0.047,4.125
2020-08-20 08:00,0.029,3.673
2020-08-20 09:00,0.023,3.469
2020-08-20 10:00,0.033,3.776
2020-08-20 11:00,0.050,4.194
2020-08-20 12:00,0.068,4.554
2020-08-20 13:00,0.085,4.856
2020-08-20 14:00,0.106,5.167
2020-08-20 15:00,0.148,5.705
2020-08-20 16:00,0.204,6.320
2020-08-20 17:00,0.251,6.754
2020-08-20 18:00,0.270,6.926
2020-08-20 19:00,0.267,6.902
2020-08-20 20:00,0.263,6.867
2020-08-20 21:00,0.245,6.706
2020-08-20 22:00,0.217,6.439
2020-08-20 23:00,0.185,6.125
2020-08-21 00:00,0.171,5.970
2020-08-21 01:00,0.157,5.818
2020-08-21 02:00,0.138,5.582
2020-08-21 03:00,0.121,5.373
2020-08-21 04:00,0.107,5.186
2020-08-21 05:00,0.093,4.977
2020-08-21 06:00,0.079,4.745
2020-08-21 07:00,0.066,4.524
2020-08-21 08:00,0.051,4.210
2020-08-21 09:00,0.039,3.935
2020-08-21 10:00,0.035,3.828
2020-08-21 11:00,0.034,3.808
2020-08-21 12:00,0.039,3.934
2020-08-21 13:00,0.047,4.122
2020-08-21 14:00,0.051,4.226
2020-08-21 15:00,0.047,4.117
2020-08-21 16:00,0.032,3.748
2020-08-21 17:00,0.016,3.192
2020-08-21 18:00,0.006,2.552
2020-08-21 19:00,0.001,1.912
2020-08-21 20:00,0,1.405
2020-08-21 21:00,0,1.091
2020-08-21 22:00,0,1.240
2020-08-21 23:00,0,1.387
2020-08-22 00:00,0,1.521
2020-08-22 01:00,0,1.654
2020-08-22 02:00,0,1.683
2020-08-22 03:00,0,1.653
2020-08-22 04:00,0,1.567
2020-08-22 05:00,0,1.684
2020-08-22 06:00,0.002,2.104
2020-08-22 07:00,0.006,2.635
2020-08-22 08:00,0.015,3.168
2020-08-22 09:00,0.029,3.640
2020-08-22 10:00,0.039,3.938
2020-08-22 11:00,0.046,4.101
2020-08-22 12:00,0.045,4.088
2020-08-22 13:00,0.042,4.009
2020-08-22 14:00,0.036,3.851
2020-08-22 15:00,0.027,3.605
2020-08-22 16:00,0.017,3.226
2020-08-22 17:00,0.008,2.768
2020-08-22 18:00,0.003,2.223
2020-08-22 19:00,0.001,1.743
2020-08-22 20:00,0,1.229
2020-08-22 21:00,0,0.728
2020-08-22 22:00,0,0.376
2020-08-22 23:00,0,0.473
2020-08-23 00:00,0,0.577
2020-08-23 01:00,0,0.528
2020-08-23 02:00,0,0.331
2020-08-23 03:00,0,0.159
2020-08-23 04:00,0,0.217
2020-08-23 05:00,0,0.555
2020-08-23 06:00,0,1.114
2020-08-23 07:00,0.001,1.876
2020-08-23 08:00,0.010,2.910
2020-08-23 09:00,0.039,3.936
2020-08-23 10:00,0.061,4.429
2020-08-23 11:00,0.082,4.798
2020-08-23 12:00,0.092,4.955
2020-08-23 13:00,0.093,4.983
2020-08-23 14:00,0.104,5.138
2020-08-23 15:00,0.107,5.190
2020-08-23 16:00,0.102,5.109
2020-08-23 17:00,0.099,5.057
2020-08-23 18:00,0.091,4.947
2020-08-23 19:00,0.082,4.796
2020-08-23 20:00,0.076,4.699
2020-08-23 21:00,0.084,4.831
2020-08-23 22:00,0.099,5.059
2020-08-23 23:00,0.092,4.959
2020-08-24 00:00,0.104,5.148
2020-08-24 01:00,0.119,5.354
2020-08-24 02:00,0.129,5.478
2020-08-24 03:00,0.134,5.538
2020-08-24 04:00,0.134,5.535
2020-08-24 05:00,0.131,5.500
2020-08-24 06:00,0.134,5.536
2020-08-24 07:00,0.159,5.840
2020-08-24 08:00,0.209,6.363
2020-08-24 09:00,0.247,6.726
2020-08-24 10:00,0.274,6.966
2020-08-24 11:00,0.313,7.291
2020-08-24 12:00,0.335,7.466
2020-08-24 13:00,0.328,7.399
2020-08-24 14:00,0.310,7.264
2020-08-24 15:00,0.302,7.189
2020-08-24 16:00,0.274,6.964
2020-08-24 17:00,0.243,6.687
2020-08-24 18:00,0.226,6.539
2020-08-24 19:00,0.239,6.652
2020-08-24 20:00,0.293,7.126
2020-08-24 21:00,0.346,7.557
2020-08-24 22:00,0.371,7.742
2020-08-24 23:00,0.339,7.491
2020-08-25 00:00,0.327,7.394
2020-08-25 01:00,0.273,6.954
2020-08-25 02:00,0.197,6.248
2020-08-25 03:00,0.144,5.667
2020-08-25 04:00,0.134,5.540
2020-08-25 05:00,0.151,5.751
2020-08-25 06:00,0.189,6.162
2020-08-25 07:00,0.229,6.561
2020-08-25 08:00,0.269,6.915
2020-08-25 09:00,0.281,7.027
2020-08-25 10:00,0.293,7.125
2020-08-25 11:00,0.296,7.145
2020-08-25 12:00,0.279,7.004
2020-08-25 13:00,0.257,6.815
2020-08-25 14:00,0.249,6.734
2020-08-25 15:00,0.236,6.622
2020-08-25 16:00,0.234,6.599
2020-08-25 17:00,0.253,6.778
2020-08-25 18:00,0.280,7.019
2020-08-25 19:00,0.276,6.979
2020-08-25 20:00,0.249,6.739
2020-08-25 21:00,0.210,6.377
2020-08-25 22:00,0.172,5.991
2020-08-25 23:00,0.135,5.552
2020-08-26 00:00,0.137,5.568
2020-08-26 01:00,0.147,5.695
2020-08-26 02:00,0.172,5.973
2020-08-26 03:00,0.215,6.424
2020-08-26 04:00,0.265,6.886
2020-08-26 05:00,0.305,7.226
2020-08-26 06:00,0.348,7.571
2020-08-26 07:00,0.374,7.767
2020-08-26 08:00,0.372,7.753
2020-08-26 09:00,0.329,7.415
2020-08-26 10:00,0.283,7.047
2020-08-26 11:00,0.280,7.015
2020-08-26 12:00,0.270,6.930
2020-08-26 13:00,0.285,7.061
2020-08-26 14:00,0.350,7.577
2020-08-26 15:00,0.353,7.606
2020-08-26 16:00,0.316,7.312
2020-08-26 17:00,0.269,6.916
2020-08-26 18:00,0.218,6.452
2020-08-26 19:00,0.170,5.956
2020-08-26 20:00,0.129,5.478
2020-08-26 21:00,0.109,5.207
2020-08-26 22:00,0.097,5.030
2020-08-26 23:00,0.071,4.608
2020-08-27 00:00,0.037,3.879
2020-08-27 01:00,0.008,2.778
2020-08-27 02:00,0,1.684
2020-08-27 03:00,0,1.296
2020-08-27 04:00,0,0.983
2020-08-27 05:00,0,0.635
2020-08-27 06:00,0,0.195
2020-08-27 07:00,0,0.107
2020-08-27 08:00,0,0.107
2020-08-27 09:00,0,0.282
2020-08-27 10:00,0,0.670
2020-08-27 11:00,0,1.051
2020-08-27 12:00,0,1.235
2020-08-27 13:00,0,1.481
2020-08-27 14:00,0.001,1.732
2020-08-27 15:00,0.001,1.865
2020-08-27 16:00,0,1.652
2020-08-27 17:00,0,1.282
2020-08-27 18:00,0,1.058
2020-08-27 19:00,0,1.119
2020-08-27 20:00,0,1.552
2020-08-27 21:00,0.002,2.194
2020-08-27 22:00,0.007,2.652
2020-08-27 23:00,0.008,2.738
2020-08-28 00:00,0.006,2.585
2020-08-28 01:00,0.006,2.592
2020-08-28 02:00,0.006,2.560
2020-08-28 03:00,0.003,2.287
2020-08-28 04:00,0.001,1.809
2020-08-28 05:00,0,1.256
2020-08-28 06:00,0,0.877
2020-08-28 07:00,0,1.135
2020-08-28 08:00,0.001,1.841
2020-08-28 09:00,0.014,3.087
2020-08-28 10:00,0.031,3.710
2020-08-28 11:00,0.035,3.827
2020-08-28 12:00,0.022,3.427
2020-08-28 13:00,0.011,2.929
2020-08-28 14:00,0.009,2.787
2020-08-28 15:00,0.010,2.902
2020-08-28 16:00,0.012,2.991
2020-08-28 17:00,0.013,3.058
2020-08-28 18:00,0.013,3.063
2020-08-28 19:00,0.012,2.982
2020-08-28 20:00,0.011,2.936
2020-08-28 21:00,0.012,2.997
2020-08-28 22:00,0.014,3.115
2020-08-28 23:00,0.012,2.997
2020-08-29 00:00,0.008,2.766
2020-08-29 01:00,0.005,2.460
2020-08-29 02:00,0.002,2.149
2020-08-29 03:00,0,1.604
2020-08-29 04:00,0,0.990
2020-08-29 05:00,0,0.646
2020-08-29 06:00,0,0.091
2020-08-29 07:00,0,0.485
2020-08-29 08:00,0,1.093
2020-08-29 09:00,0.007,2.670
2020-08-29 10:00,0.026,3.552
2020-08-29 11:00,0.054,4.274
2020-08-29 12:00,0.066,4.513
2020-08-29 13:00,0.062,4.436
2020-08-29 14:00,0.053,4.256
2020-08-29 15:00,0.046,4.103
2020-08-29 16:00,0.037,3.882
2020-08-29 17:00,0.026,3.559
2020-08-29 18:00,0.015,3.120
2020-08-29 19:00,0.006,2.615
2020-08-29 20:00,0.002,2.196
2020-08-29 21:00,0.001,1.827
2020-08-29 22:00,0,1.666
2020-08-29 23:00,0,1.651
2020-08-30 00:00,0,1.178
2020-08-30 01:00,0.001,1.814
2020-08-30 02:00,0.001,1.914
2020-08-30 03:00,0.001,1.790
2020-08-30 04:00,0,1.617
2020-08-30 05:00,0,1.575
2020-08-30 06:00,0,1.475
2020-08-30 07:00,0,1.523
2020-08-30 08:00,0.001,1.838
2020-08-30 09:00,0.008,2.766
2020-08-30 10:00,0.024,3.511
2020-08-30 11:00,0.040,3.956
2020-08-30 12:00,0.045,4.091
2020-08-30 13:00,0.041,3.980
2020-08-30 14:00,0.031,3.731
2020-08-30 15:00,0.020,3.353
2020-08-30 16:00,0.011,2.928
2020-08-30 17:00,0.005,2.524
2020-08-30 18:00,0.001,1.964
2020-08-30 19:00,0,1.393
2020-08-30 20:00,0,1.210
2020-08-30 21:00,0,1.364
2020-08-30 22:00,0,1.670
2020-08-30 23:00,0.002,2.099
2020-08-31 00:00,0.006,2.590
2020-08-31 01:00,0.013,3.063
2020-08-31 02:00,0.021,3.387
2020-08-31 03:00,0.028,3.617
2020-08-31 04:00,0.032,3.746
2020-08-31 05:00,0.036,3.864
2020-08-31 06:00,0.040,3.956
2020-08-31 07:00,0.041,3.978
2020-08-31 08:00,0.034,3.807
2020-08-31 09:00,0.028,3.623
2020-08-31 10:00,0.023,3.464
2020-08-31 11:00,0.019,3.330
2020-08-31 12:00,0.010,2.895
2020-08-31 13:00,0.003,2.251
2020-08-31 14:00,0.001,1.860
2020-08-31 15:00,0.003,2.330
2020-08-31 16:00,0.012,2.977
2020-08-31 17:00,0.026,3.557
2020-08-31 18:00,0.043,4.038
2020-08-31 19:00,0.053,4.253
2020-08-31 20:00,0.049,4.186
2020-08-31 21:00,0.034,3.805
2020-08-31 22:00,0.020,3.346
2020-08-31 23:00,0.009,2.847
2020-09-01 00:00,0.004,2.447
2020-09-01 01:00,0.001,1.759
2020-09-01 02:00,0.001,1.832
2020-09-01 03:00,0.001,1.771
2020-09-01 04:00,0.001,1.739
2020-09-01 05:00,0.001,1.930
2020-09-01 06:00,0.002,2.048
2020-09-01 07:00,0.001,1.867
2020-09-01 08:00,0,1.480
2020-09-01 09:00,0,0.913
2020-09-01 10:00,0,0.911
2020-09-01 11:00,0,1.367
2020-09-01 12:00,0.001,1.715
2020-09-01 13:00,0.002,2.190
2020-09-01 14:00,0.008,2.765
2020-09-01 15:00,0.015,3.162
2020-09-01 16:00,0.021,3.373
2020-09-01 17:00,0.025,3.547
2020-09-01 18:00,0.027,3.608
2020-09-01 19:00,0.029,3.675
2020-09-01 20:00,0.037,3.880
2020-09-01 21:00,0.042,4.008
2020-09-01 22:00,0.038,3.906
2020-09-01 23:00,0.023,3.456
2020-09-02 00:00,0.010,2.906
2020-09-02 01:00,0.006,2.609
2020-09-02 02:00,0.004,2.394
2020-09-02 03:00,0.001,1.992
2020-09-02 04:00,0,1.437
2020-09-02 05:00,0,0.878
2020-09-02 06:00,0,0.528
2020-09-02 07:00,0,0.096
2020-09-02 08:00,0,0.285
2020-09-02 09:00,0,1.099
2020-09-02 10:00,0.003,2.220
2020-09-02 11:00,0.021,3.380
2020-09-02 12:00,0.049,4.175
2020-09-02 13:00,0.070,4.587
2020-09-02 14:00,0.078,4.738
2020-09-02 15:00,0.077,4.712
2020-09-02 16:00,0.072,4.622
2020-09-02 17:00,0.066,4.515
2020-09-02 18:00,0.055,4.288
2020-09-02 19:00,0.042,4.019
2020-09-02 20:00,0.033,3.765
2020-09-02 21:00,0.020,3.350
2020-09-02 22:00,0.010,2.876
2020-09-02 23:00,0.004,2.424
2020-09-03 00:00,0.001,1.995
2020-09-03 01:00,0,1.550
2020-09-03 02:00,0,1.130
2020-09-03 03:00,0,1.047
2020-09-03 04:00,0,1.015
2020-09-03 05:00,0,0.821
2020-09-03 06:00,0,0.291
2020-09-03 07:00,0,0
2020-09-03 08:00,0,0.219
2020-09-03 09:00,0,1.477
2020-09-03 10:00,0.007,2.647
2020-09-03 11:00,0.017,3.252
2020-09-03 12:00,0.025,3.524
2020-09-03 13:00,0.023,3.452
2020-09-03 14:00,0.015,3.166
2020-09-03 15:00,0.010,2.912
2020-09-03 16:00,0.009,2.833
2020-09-03 17:00,0.010,2.897
2020-09-03 18:00,0.013,3.069
2020-09-03 19:00,0.015,3.163
2020-09-03 20:00,0.014,3.108
2020-09-03 21:00,0.011,2.963
2020-09-03 22:00,0.009,2.806
2020-09-03 23:00,0.006,2.616
2020-09-04 00:00,0.003,2.231
2020-09-04 01:00,0.001,1.896
2020-09-04 02:00,0,1.618
2020-09-04 03:00,0,1.394
2020-09-04 04:00,0,1.326
2020-09-04 05:00,0,1.449
2020-09-04 06:00,0.001,1.856
2020-09-04 07:00,0.005,2.479
2020-09-04 08:00,0.013,3.034
2020-09-04 09:00,0.024,3.493
2020-09-04 10:00,0.029,3.668
2020-09-04 11:00,0.034,3.816
2020-09-04 12:00,0.038,3.904
2020-09-04 13:00,0.037,3.873
2020-09-04 14:00,0.033,3.766
2020-09-04 15:00,0.030,3.696
2020-09-04 16:00,0.027,3.589
2020-09-04 17:00,0.026,3.578
2020-09-04 18:00,0.032,3.737
2020-09-04 19:00,0.041,3.977
2020-09-04 20:00,0.043,4.029
2020-09-04 21:00,0.036,3.852
2020-09-04 22:00,0.025,3.547
2020-09-04 23:00,0.013,3.063
2020-09-05 00:00,0.005,2.519
2020-09-05 01:00,0.001,1.807
2020-09-05 02:00,0,1.304
2020-09-05 03:00,0,1.121
2020-09-05 04:00,0,1.276
2020-09-05 05:00,0,1.599
2020-09-05 06:00,0.001,1.871
2020-09-05 07:00,0.001,1.985
2020-09-05 08:00,0.002,2.144
2020-09-05 09:00,0.002,2.190
2020-09-05 10:00,0.012,3.013
2020-09-05 11:00,0.020,3.338
2020-09-05 12:00,0.030,3.680
2020-09-05 13:00,0.037,3.881
2020-09-05 14:00,0.046,4.096
2020-09-05 15:00,0.065,4.495
2020-09-05 16:00,0.083,4.826
2020-09-05 17:00,0.091,4.952
2020-09-05 18:00,0.085,4.851
2020-09-05 19:00,0.054,4.281
2020-09-05 20:00,0.034,3.819
2020-09-05 21:00,0.035,3.841
2020-09-05 22:00,0.032,3.751
2020-09-05 23:00,0.012,3.017
2020-09-06 00:00,0.004,2.365
2020-09-06 01:00,0,1.517
2020-09-06 02:00,0,0.589
2020-09-06 03:00,0,0.182
2020-09-06 04:00,0,0.971
2020-09-06 05:00,0.001,1.885
2020-09-06 06:00,0.002,2.100
2020-09-06 07:00,0.005,2.507
2020-09-06 08:00,0.020,3.339
2020-09-06 09:00,0.039,3.943
2020-09-06 10:00,0.055,4.290
2020-09-06 11:00,0.062,4.452
2020-09-06 12:00,0.065,4.493
2020-09-06 13:00,0.062,4.447
2020-09-06 14:00,0.057,4.355
2020-09-06 15:00,0.047,4.117
2020-09-06 16:00,0.025,3.522
2020-09-06 17:00,0.012,2.975
2020-09-06 18:00,0.009,2.811
2020-09-06 19:00,0.016,3.188
2020-09-06 20:00,0.049,4.168
2020-09-06 21:00,0.076,4.693
2020-09-06 22:00,0.063,4.464
2020-09-06 23:00,0.045,4.084
2020-09-07 00:00,0.035,3.820
2020-09-07 01:00,0.031,3.732
2020-09-07 02:00,0.030,3.696
2020-09-07 03:00,0.024,3.493
2020-09-07 04:00,0.017,3.234
2020-09-07 05:00,0.017,3.216
2020-09-07 06:00,0.019,3.320
2020-09-07 07:00,0.022,3.438
2020-09-07 08:00,0.027,3.595
2020-09-07 09:00,0.039,3.940
2020-09-07 10:00,0.066,4.514
2020-09-07 11:00,0.101,5.092
2020-09-07 12:00,0.145,5.681
2020-09-07 13:00,0.172,5.983
2020-09-07 14:00,0.165,5.907
2020-09-07 15:00,0.154,5.779
2020-09-07 16:00,0.149,5.728
2020-09-07 17:00,0.138,5.593
2020-09-07 18:00,0.118,5.330
2020-09-07 19:00,0.092,4.960
2020-09-07 20:00,0.070,4.602
2020-09-07 21:00,0.049,4.171
2020-09-07 22:00,0.029,3.651
2020-09-07 23:00,0.015,3.141
2020-09-08 00:00,0.010,2.882
2020-09-08 01:00,0.009,2.839
2020-09-08 02:00,0.008,2.730
2020-09-08 03:00,0.005,2.533
2020-09-08 04:00,0.003,2.296
2020-09-08 05:00,0.002,2.054
2020-09-08 06:00,0.001,1.787
2020-09-08 07:00,0,1.445
2020-09-08 08:00,0,1.130
2020-09-08 09:00,0,0.918
2020-09-08 10:00,0,1.594
2020-09-08 11:00,0.003,2.275
2020-09-08 12:00,0.014,3.089
2020-09-08 13:00,0.031,3.716
2020-09-08 14:00,0.042,4.011
2020-09-08 15:00,0.045,4.090
2020-09-08 16:00,0.042,4.020
2020-09-08 17:00,0.032,3.745
2020-09-08 18:00,0.019,3.330
2020-09-08 19:00,0.010,2.897
2020-09-08 20:00,0.006,2.563
2020-09-08 21:00,0.004,2.364
2020-09-08 22:00,0.003,2.294
2020-09-08 23:00,0.003,2.309
2020-09-09 00:00,0.003,2.229
2020-09-09 01:00,0.002,2.054
2020-09-09 02:00,0.001,2.018
2020-09-09 03:00,0.002,2.061
2020-09-09 04:00,0.002,2.131
2020-09-09 05:00,0.003,2.210
2020-09-09 06:00,0.003,2.314
2020-09-09 07:00,0.004,2.451
2020-09-09 08:00,0.009,2.826
2020-09-09 09:00,0.024,3.474
2020-09-09 10:00,0.038,3.895
2020-09-09 11:00,0.060,4.392
2020-09-09 12:00,0.083,4.811
2020-09-09 13:00,0.111,5.233
2020-09-09 14:00,0.127,5.451
2020-09-09 15:00,0.120,5.356
2020-09-09 16:00,0.113,5.269
2020-09-09 17:00,0.126,5.443
2020-09-09 18:00,0.148,5.719
2020-09-09 19:00,0.163,5.890
2020-09-09 20:00,0.162,5.877
2020-09-09 21:00,0.137,5.575
2020-09-09 22:00,0.105,5.155
2020-09-09 23:00,0.074,4.661
2020-09-10 00:00,0.061,4.412
2020-09-10 01:00,0.047,4.131
2020-09-10 02:00,0.040,3.961
2020-09-10 03:00,0.037,3.879
2020-09-10 04:00,0.035,3.836
2020-09-10 05:00,0.036,3.852
2020-09-10 06:00,0.037,3.876
2020-09-10 07:00,0.037,3.885
2020-09-10 08:00,0.040,3.967
2020-09-10 09:00,0.047,4.121
2020-09-10 10:00,0.061,4.416
2020-09-10 11:00,0.071,4.606
2020-09-10 12:00,0.070,4.597
2020-09-10 13:00,0.064,4.490
2020-09-10 14:00,0.059,4.371
2020-09-10 15:00,0.061,4.418
2020-09-10 16:00,0.073,4.636
2020-09-10 17:00,0.093,4.969
2020-09-10 18:00,0.118,5.322
2020-09-10 19:00,0.148,5.705
2020-09-10 20:00,0.164,5.895
2020-09-10 21:00,0.156,5.794
2020-09-10 22:00,0.132,5.514
2020-09-10 23:00,0.108,5.192
2020-09-11 00:00,0.103,5.130
2020-09-11 01:00,0.093,4.972
2020-09-11 02:00,0.074,4.648
2020-09-11 03:00,0.060,4.399
2020-09-11 04:00,0.050,4.199
2020-09-11 05:00,0.041,3.990
2020-09-11 06:00,0.032,3.761
2020-09-11 07:00,0.026,3.564
2020-09-11 08:00,0.021,3.377
2020-09-11 09:00,0.020,3.364
2020-09-11 10:00,0.021,3.407
2020-09-11 11:00,0.027,3.587
2020-09-11 12:00,0.035,3.832
2020-09-11 13:00,0.038,3.894
2020-09-11 14:00,0.039,3.935
2020-09-11 15:00,0.060,4.401
2020-09-11 16:00,0.100,5.072
2020-09-11 17:00,0.125,5.426
2020-09-11 18:00,0.112,5.255
2020-09-11 19:00,0.091,4.941
2020-09-11 20:00,0.079,4.743
2020-09-11 21:00,0.041,4.000
2020-09-11 22:00,0.002,2.149
2020-09-11 23:00,0,0.706
2020-09-12 00:00,0,0.195
2020-09-12 01:00,0,0.102
2020-09-12 02:00,0,0.121
2020-09-12 03:00,0,0.375
2020-09-12 04:00,0,0.844
2020-09-12 05:00,0,1.293
2020-09-12 06:00,0.001,1.852
2020-09-12 07:00,0.002,2.171
2020-09-12 08:00,0.005,2.497
2020-09-12 09:00,0.008,2.730
2020-09-12 10:00,0.010,2.877
2020-09-12 11:00,0.015,3.123
2020-09-12 12:00,0.022,3.424
2020-09-12 13:00,0.031,3.732
2020-09-12 14:00,0.040,3.954
2020-09-12 15:00,0.047,4.128
2020-09-12 16:00,0.044,4.066
2020-09-12 17:00,0.029,3.644
2020-09-12 18:00,0.009,2.849
2020-09-12 19:00,0.001,1.884
2020-09-12 20:00,0.002,2.160
2020-09-12 21:00,0.005,2.519
2020-09-12 22:00,0.003,2.256
2020-09-12 23:00,0.002,2.126
2020-09-13 00:00,0,1.690
2020-09-13 01:00,0,1.626
2020-09-13 02:00,0,1.557
2020-09-13 03:00,0,1.480
2020-09-13 04:00,0,1.426
2020-09-13 05:00,0,1.469
2020-09-13 06:00,0,1.572
2020-09-13 07:00,0.001,1.858
2020-09-13 08:00,0.003,2.334
2020-09-13 09:00,0.009,2.795
2020-09-13 10:00,0.015,3.158
2020-09-13 11:00,0.020,3.342
2020-09-13 12:00,0.021,3.390
2020-09-13 13:00,0.018,3.281
2020-09-13 14:00,0.013,3.057
2020-09-13 15:00,0.009,2.796
2020-09-13 16:00,0.005,2.499
2020-09-13 17:00,0.003,2.237
2020-09-13 18:00,0.002,2.147
2020-09-13 19:00,0.004,2.396
2020-09-13 20:00,0.008,2.765
2020-09-13 21:00,0.014,3.089
2020-09-13 22:00,0.018,3.280
2020-09-13 23:00,0.022,3.439
2020-09-14 00:00,0.029,3.654
2020-09-14 01:00,0.038,3.924
2020-09-14 02:00,0.042,4.007
2020-09-14 03:00,0.042,4.002
2020-09-14 04:00,0.038,3.923
2020-09-14 05:00,0.034,3.817
2020-09-14 06:00,0.033,3.788
2020-09-14 07:00,0.035,3.844
2020-09-14 08:00,0.041,3.982
2020-09-14 09:00,0.049,4.171
2020-09-14 10:00,0.061,4.427
2020-09-14 11:00,0.073,4.633
2020-09-14 12:00,0.092,4.961
2020-09-14 13:00,0.129,5.484
2020-09-14 14:00,0.157,5.820
2020-09-14 15:00,0.175,6.009
2020-09-14 16:00,0.174,6.006
2020-09-14 17:00,0.169,5.947
2020-09-14 18:00,0.163,5.884
2020-09-14 19:00,0.157,5.822
2020-09-14 20:00,0.161,5.869
2020-09-14 21:00,0.159,5.841
2020-09-14 22:00,0.136,5.557
2020-09-14 23:00,0.106,5.164
2020-09-15 00:00,0.065,4.498
2020-09-15 01:00,0.040,3.965
2020-09-15 02:00,0.029,3.658
2020-09-15 03:00,0.023,3.472
2020-09-15 04:00,0.020,3.349
2020-09-15 05:00,0.016,3.178
2020-09-15 06:00,0.008,2.764
2020-09-15 07:00,0.004,2.399
2020-09-15 08:00,0.002,2.179
2020-09-15 09:00,0.003,2.328
2020-09-15 10:00,0.008,2.777
2020-09-15 11:00,0.020,3.340
2020-09-15 12:00,0.032,3.746
2020-09-15 13:00,0.043,4.041
2020-09-15 14:00,0.049,4.173
2020-09-15 15:00,0.046,4.106
2020-09-15 16:00,0.042,4.004
2020-09-15 17:00,0.041,3.969
2020-09-15 18:00,0.042,4.004
2020-09-15 19:00,0.046,4.114
2020-09-15 20:00,0.055,4.292
2020-09-15 21:00,0.052,4.245
2020-09-15 22:00,0.041,3.988
2020-09-15 23:00,0.027,3.602
2020-09-16 00:00,0.017,3.237
2020-09-16 01:00,0.008,2.781
2020-09-16 02:00,0.003,2.280
2020-09-16 03:00,0.001,1.754
2020-09-16 04:00,0,1.632
2020-09-16 05:00,0.001,2.012
2020-09-16 06:00,0.009,2.794
2020-09-16 07:00,0.017,3.244
2020-09-16 08:00,0.023,3.467
2020-09-16 09:00,0.026,3.570
2020-09-16 10:00,0.038,3.892
2020-09-16 11:00,0.060,4.398
2020-09-16 12:00,0.098,5.048
2020-09-16 13:00,0.138,5.599
2020-09-16 14:00,0.179,6.050
2020-09-16 15:00,0.215,6.423
2020-09-16 16:00,0.250,6.746
2020-09-16 17:00,0.285,7.057
2020-09-16 18:00,0.313,7.283
2020-09-16 19:00,0.327,7.391
2020-09-16 20:00,0.335,7.470
2020-09-16 21:00,0.356,7.620
2020-09-16 22:00,0.383,7.832
2020-09-16 23:00,0.386,7.857
2020-09-17 00:00,0.465,8.447
2020-09-17 01:00,0.540,9.000
2020-09-17 02:00,0.578,9.292
2020-09-17 03:00,0.566,9.188
2020-09-17 04:00,0.538,8.982
2020-09-17 05:00,0.527,8.897
2020-09-17 06:00,0.554,9.108
2020-09-17 07:00,0.605,9.501
2020-09-17 08:00,0.658,9.925
2020-09-17 09:00,0.691,10.210
2020-09-17 10:00,0.710,10.391
2020-09-17 11:00,0.693,10.231
2020-09-17 12:00,0.679,10.105
2020-09-17 13:00,0.673,10.057
2020-09-17 14:00,0.677,10.087
2020-09-17 15:00,0.704,10.329
2020-09-17 16:00,0.738,10.661
2020-09-17 17:00,0.773,11.019
2020-09-17 18:00,0.808,11.434
2020-09-17 19:00,0.844,11.911
2020-09-17 20:00,0.880,12.499
2020-09-17 21:00,0.906,13.011
2020-09-17 22:00,0.875,12.406
2020-09-17 23:00,0.865,12.241
2020-09-18 00:00,0.893,12.750
2020-09-18 01:00,0.910,13.094
2020-09-18 02:00,0.922,13.379
2020-09-18 03:00,0.897,12.815
2020-09-18 04:00,0.838,11.829
2020-09-18 05:00,0.783,11.128
2020-09-18 06:00,0.717,10.441
2020-09-18 07:00,0.678,10.096
2020-09-18 08:00,0.675,10.075
2020-09-18 09:00,0.652,9.883
2020-09-18 10:00,0.614,9.570
2020-09-18 11:00,0.599,9.443
2020-09-18 12:00,0.569,9.219
2020-09-18 13:00,0.502,8.713
2020-09-18 14:00,0.377,7.796
2020-09-18 15:00,0.252,6.773
2020-09-18 16:00,0.394,7.918
2020-09-18 17:00,0.723,10.510
2020-09-18 18:00,0.722,10.492
2020-09-18 19:00,0.663,9.967
2020-09-18 20:00,0.630,9.701
2020-09-18 21:00,0.601,9.470
2020-09-18 22:00,0.566,9.198
2020-09-18 23:00,0.509,8.763
2020-09-19 00:00,0.450,8.328
2020-09-19 01:00,0.452,8.348
2020-09-19 02:00,0.431,8.195
2020-09-19 03:00,0.417,8.093
2020-09-19 04:00,0.433,8.213
2020-09-19 05:00,0.471,8.484
2020-09-19 06:00,0.475,8.521
2020-09-19 07:00,0.444,8.286
2020-09-19 08:00,0.350,7.579
2020-09-19 09:00,0.222,6.494
2020-09-19 10:00,0.139,5.609
2020-09-19 11:00,0.113,5.262
2020-09-19 12:00,0.123,5.401
2020-09-19 13:00,0.154,5.779
2020-09-19 14:00,0.179,6.054
2020-09-19 15:00,0.219,6.462
2020-09-19 16:00,0.269,6.917
2020-09-19 17:00,0.308,7.249
2020-09-19 18:00,0.311,7.273
2020-09-19 19:00,0.290,7.097
2020-09-19 20:00,0.259,6.830
2020-09-19 21:00,0.226,6.534
2020-09-19 22:00,0.205,6.324
2020-09-19 23:00,0.184,6.119
2020-09-20 00:00,0.164,5.902
2020-09-20 01:00,0.164,5.903
2020-09-20 02:00,0.158,5.825
2020-09-20 03:00,0.141,5.629
2020-09-20 04:00,0.125,5.429
2020-09-20 05:00,0.118,5.337
2020-09-20 06:00,0.121,5.379
2020-09-20 07:00,0.119,5.346
2020-09-20 08:00,0.118,5.333
2020-09-20 09:00,0.120,5.366
2020-09-20 10:00,0.122,5.387
2020-09-20 11:00,0.108,5.191
2020-09-20 12:00,0.095,5.014
2020-09-20 13:00,0.091,4.940
2020-09-20 14:00,0.091,4.947
2020-09-20 15:00,0.100,5.068
2020-09-20 16:00,0.105,5.154
2020-09-20 17:00,0.101,5.090
2020-09-20 18:00,0.086,4.865
2020-09-20 19:00,0.068,4.540
2020-09-20 20:00,0.045,4.095
2020-09-20 21:00,0.024,3.508
2020-09-20 22:00,0.010,2.895
2020-09-20 23:00,0.003,2.338
2020-09-21 00:00,0.002,2.191
2020-09-21 01:00,0.002,2.118
2020-09-21 02:00,0.002,2.125
2020-09-21 03:00,0.002,2.091
2020-09-21 04:00,0.002,2.044
2020-09-21 05:00,0.001,1.910
2020-09-21 06:00,0.001,1.736
2020-09-21 07:00,0,1.665
2020-09-21 08:00,0.001,1.842
2020-09-21 09:00,0.003,2.222
2020-09-21 10:00,0.005,2.519
2020-09-21 11:00,0.008,2.777
2020-09-21 12:00,0.016,3.192
2020-09-21 13:00,0.032,3.746
2020-09-21 14:00,0.051,4.210
2020-09-21 15:00,0.074,4.665
2020-09-21 16:00,0.092,4.968
2020-09-21 17:00,0.092,4.954
2020-09-21 18:00,0.082,4.793
2020-09-21 19:00,0.074,4.658
2020-09-21 20:00,0.069,4.582
2020-09-21 21:00,0.068,4.561
2020-09-21 22:00,0.061,4.421
2020-09-21 23:00,0.046,4.096
2020-09-22 00:00,0.035,3.819
2020-09-22 01:00,0.026,3.557
2020-09-22 02:00,0.018,3.294
2020-09-22 03:00,0.015,3.168
2020-09-22 04:00,0.016,3.173
2020-09-22 05:00,0.017,3.224
2020-09-22 06:00,0.017,3.253
2020-09-22 07:00,0.016,3.204
2020-09-22 08:00,0.013,3.046
2020-09-22 09:00,0.008,2.736
2020-09-22 10:00,0.005,2.494
2020-09-22 11:00,0.005,2.502
2020-09-22 12:00,0.009,2.818
2020-09-22 13:00,0.017,3.211
2020-09-22 14:00,0.025,3.526
2020-09-22 15:00,0.038,3.891
2020-09-22 16:00,0.052,4.250
2020-09-22 17:00,0.057,4.345
2020-09-22 18:00,0.040,3.964
2020-09-22 19:00,0.024,3.480
2020-09-22 20:00,0.010,2.867
2020-09-22 21:00,0.002,2.056
2020-09-22 22:00,0,1.658
2020-09-22 23:00,0.002,2.046
2020-09-23 00:00,0.007,2.669
2020-09-23 01:00,0.022,3.441
2020-09-23 02:00,0.071,4.610
2020-09-23 03:00,0.169,5.946
2020-09-23 04:00,0.205,6.328
2020-09-23 05:00,0.157,5.818
2020-09-23 06:00,0.166,5.921
2020-09-23 07:00,0.140,5.622
2020-09-23 08:00,0.168,5.939
2020-09-23 09:00,0.201,6.294
2020-09-23 10:00,0.190,6.171
2020-09-23 11:00,0.165,5.915
2020-09-23 12:00,0.136,5.559
2020-09-23 13:00,0.093,4.974
2020-09-23 14:00,0.057,4.348
2020-09-23 15:00,0.035,3.834
2020-09-23 16:00,0.024,3.476
2020-09-23 17:00,0.019,3.302
2020-09-23 18:00,0.019,3.298
2020-09-23 19:00,0.017,3.217
2020-09-23 20:00,0.014,3.096
2020-09-23 21:00,0.017,3.218
2020-09-23 22:00,0.033,3.780
2020-09-23 23:00,0.066,4.520
2020-09-24 00:00,0.108,5.192
2020-09-24 01:00,0.148,5.700
2020-09-24 02:00,0.166,5.924
2020-09-24 03:00,0.137,5.570
2020-09-24 04:00,0.086,4.863
2020-09-24 05:00,0.050,4.196
2020-09-24 06:00,0.030,3.686
2020-09-24 07:00,0.020,3.343
2020-09-24 08:00,0.018,3.259
2020-09-24 09:00,0.019,3.303
2020-09-24 10:00,0.034,3.816
2020-09-24 11:00,0.074,4.658
2020-09-24 12:00,0.162,5.880
2020-09-24 13:00,0.299,7.169
2020-09-24 14:00,0.386,7.861
2020-09-24 15:00,0.333,7.452
2020-09-24 16:00,0.226,6.534
2020-09-24 17:00,0.148,5.707
2020-09-24 18:00,0.119,5.350
2020-09-24 19:00,0.118,5.332
2020-09-24 20:00,0.123,5.404
2020-09-24 21:00,0.143,5.648
2020-09-24 22:00,0.152,5.766
2020-09-24 23:00,0.133,5.523
2020-09-25 00:00,0.118,5.337
2020-09-25 01:00,0.102,5.113
2020-09-25 02:00,0.100,5.067
2020-09-25 03:00,0.095,5.008
2020-09-25 04:00,0.077,4.709
2020-09-25 05:00,0.061,4.427
2020-09-25 06:00,0.055,4.296
2020-09-25 07:00,0.055,4.303
2020-09-25 08:00,0.064,4.487
2020-09-25 09:00,0.088,4.903
2020-09-25 10:00,0.139,5.603
2020-09-25 11:00,0.194,6.210
2020-09-25 12:00,0.228,6.552
2020-09-25 13:00,0.238,6.643
2020-09-25 14:00,0.231,6.575
2020-09-25 15:00,0.215,6.422
2020-09-25 16:00,0.194,6.214
2020-09-25 17:00,0.167,5.932
2020-09-25 18:00,0.141,5.629
2020-09-25 19:00,0.108,5.192
2020-09-25 20:00,0.078,4.726
2020-09-25 21:00,0.055,4.301
2020-09-25 22:00,0.039,3.929
2020-09-25 23:00,0.030,3.680
2020-09-26 00:00,0.022,3.431
2020-09-26 01:00,0.018,3.278
2020-09-26 02:00,0.014,3.101
2020-09-26 03:00,0.014,3.113
2020-09-26 04:00,0.020,3.341
2020-09-26 05:00,0.027,3.609
2020-09-26 06:00,0.035,3.827
2020-09-26 07:00,0.047,4.132
2020-09-26 08:00,0.071,4.611
2020-09-26 09:00,0.106,5.167
2020-09-26 10:00,0.148,5.720
2020-09-26 11:00,0.206,6.341
2020-09-26 12:00,0.270,6.923
2020-09-26 13:00,0.305,7.227
2020-09-26 14:00,0.302,7.198
2020-09-26 15:00,0.260,6.844
2020-09-26 16:00,0.222,6.488
2020-09-26 17:00,0.206,6.331
2020-09-26 18:00,0.203,6.308
2020-09-26 19:00,0.203,6.309
2020-09-26 20:00,0.190,6.175
2020-09-26 21:00,0.179,6.050
2020-09-26 22:00,0.171,5.964
2020-09-26 23:00,0.145,5.683
2020-09-27 00:00,0.125,5.426
2020-09-27 01:00,0.136,5.558
2020-09-27 02:00,0.139,5.609
2020-09-27 03:00,0.148,5.708
2020-09-27 04:00,0.152,5.758
2020-09-27 05:00,0.153,5.774
2020-09-27 06:00,0.148,5.711
2020-09-27 07:00,0.152,5.763
2020-09-27 08:00,0.183,6.104
2020-09-27 09:00,0.222,6.485
2020-09-27 10:00,0.270,6.920
2020-09-27 11:00,0.319,7.338
2020-09-27 12:00,0.348,7.567
2020-09-27 13:00,0.351,7.592
2020-09-27 14:00,0.326,7.387
2020-09-27 15:00,0.275,6.975
2020-09-27 16:00,0.234,6.598
2020-09-27 17:00,0.187,6.148
2020-09-27 18:00,0.154,5.776
2020-09-27 19:00,0.105,5.156
2020-09-27 20:00,0.061,4.430
2020-09-27 21:00,0.037,3.884
2020-09-27 22:00,0.025,3.519
2020-09-27 23:00,0.014,3.077
2020-09-28 00:00,0.009,2.844
2020-09-28 01:00,0.016,3.199
2020-09-28 02:00,0.043,4.027
2020-09-28 03:00,0.064,4.474
2020-09-28 04:00,0.069,4.570
2020-09-28 05:00,0.060,4.394
2020-09-28 06:00,0.045,4.082
2020-09-28 07:00,0.031,3.725
2020-09-28 08:00,0.014,3.091
2020-09-28 09:00,0.006,2.613
2020-09-28 10:00,0.006,2.629
2020-09-28 11:00,0.010,2.900
2020-09-28 12:00,0.012,2.992
2020-09-28 13:00,0.010,2.896
2020-09-28 14:00,0.006,2.600
2020-09-28 15:00,0.003,2.335
2020-09-28 16:00,0.004,2.358
2020-09-28 17:00,0.006,2.579
2020-09-28 18:00,0.006,2.639
2020-09-28 19:00,0.006,2.575
2020-09-28 20:00,0.005,2.509
2020-09-28 21:00,0.005,2.511
2020-09-28 22:00,0.007,2.647
2020-09-28 23:00,0.008,2.765
2020-09-29 00:00,0.008,2.735
2020-09-29 01:00,0.003,2.257
2020-09-29 02:00,0,1.641
2020-09-29 03:00,0,1.161
2020-09-29 04:00,0,0.957
2020-09-29 05:00,0,1.077
2020-09-29 06:00,0,1.327
2020-09-29 07:00,0,1.608
2020-09-29 08:00,0.002,2.024
2020-09-29 09:00,0.006,2.574
2020-09-29 10:00,0.015,3.128
2020-09-29 11:00,0.019,3.335
2020-09-29 12:00,0.025,3.544
2020-09-29 13:00,0.031,3.727
2020-09-29 14:00,0.034,3.802
2020-09-29 15:00,0.033,3.776
2020-09-29 16:00,0.027,3.589
2020-09-29 17:00,0.017,3.213
2020-09-29 18:00,0.006,2.635
2020-09-29 19:00,0.001,1.942
2020-09-29 20:00,0,1.281
2020-09-29 21:00,0,0.892
2020-09-29 22:00,0,0.936
2020-09-29 23:00,0,1.123
2020-09-30 00:00,0,1.144
2020-09-30 01:00,0,1.419
2020-09-30 02:00,0,1.430
2020-09-30 03:00,0,1.213
2020-09-30 04:00,0,0.997
2020-09-30 05:00,0,0.973
2020-09-30 06:00,0,1.238
2020-09-30 07:00,0.001,1.901
2020-09-30 08:00,0.010,2.855
2020-09-30 09:00,0.024,3.517
2020-09-30 10:00,0.033,3.775
2020-09-30 11:00,0.041,3.983
2020-09-30 12:00,0.057,4.350
2020-09-30 13:00,0.085,4.844
2020-09-30 14:00,0.118,5.326
2020-09-30 15:00,0.151,5.746
2020-09-30 16:00,0.179,6.065
2020-09-30 17:00,0.207,6.347
2020-09-30 18:00,0.245,6.707
2020-09-30 19:00,0.278,6.999
2020-09-30 20:00,0.303,7.210
2020-09-30 21:00,0.313,7.280
2020-09-30 22:00,0.291,7.101
2020-09-30 23:00,0.275,6.976
2020-10-01 00:00,0.245,6.703
2020-10-01 01:00,0.215,6.422
2020-10-01 02:00,0.173,5.996
2020-10-01 03:00,0.149,5.728
2020-10-01 04:00,0.146,5.690
2020-10-01 05:00,0.179,6.060
2020-10-01 06:00,0.261,6.846
2020-10-01 07:00,0.409,8.027
2020-10-01 08:00,0.554,9.105
2020-10-01 09:00,0.630,9.698
2020-10-01 10:00,0.673,10.055
2020-10-01 11:00,0.658,9.922
2020-10-01 12:00,0.647,9.841
2020-10-01 13:00,0.630,9.701
2020-10-01 14:00,0.603,9.481
2020-10-01 15:00,0.567,9.207
2020-10-01 16:00,0.526,8.895
2020-10-01 17:00,0.484,8.588
2020-10-01 18:00,0.463,8.429
2020-10-01 19:00,0.469,8.478
2020-10-01 20:00,0.550,9.076
2020-10-01 21:00,0.622,9.633
2020-10-01 22:00,0.652,9.878
2020-10-01 23:00,0.667,10.010
2020-10-02 00:00,0.670,10.029
2020-10-02 01:00,0.668,10.016
2020-10-02 02:00,0.663,9.972
2020-10-02 03:00,0.655,9.898
2020-10-02 04:00,0.638,9.767
2020-10-02 05:00,0.613,9.561
2020-10-02 06:00,0.574,9.255
2020-10-02 07:00,0.521,8.860
2020-10-02 08:00,0.455,8.377
2020-10-02 09:00,0.395,7.923
2020-10-02 10:00,0.371,7.745
2020-10-02 11:00,0.374,7.758
2020-10-02 12:00,0.383,7.837
2020-10-02 13:00,0.383,7.835
2020-10-02 14:00,0.372,7.753
2020-10-02 15:00,0.353,7.611
2020-10-02 16:00,0.334,7.457
2020-10-02 17:00,0.313,7.289
2020-10-02 18:00,0.289,7.080
2020-10-02 19:00,0.256,6.812
2020-10-02 20:00,0.244,6.696
2020-10-02 21:00,0.246,6.712
2020-10-02 22:00,0.264,6.879
2020-10-02 23:00,0.264,6.874
2020-10-03 00:00,0.284,7.050
2020-10-03 01:00,0.312,7.276
2020-10-03 02:00,0.313,7.281
2020-10-03 03:00,0.278,7.000
2020-10-03 04:00,0.224,6.515
2020-10-03 05:00,0.183,6.106
2020-10-03 06:00,0.150,5.738
2020-10-03 07:00,0.128,5.468
2020-10-03 08:00,0.121,5.371
2020-10-03 09:00,0.115,5.280
2020-10-03 10:00,0.105,5.155
2020-10-03 11:00,0.096,5.015
2020-10-03 12:00,0.086,4.867
2020-10-03 13:00,0.075,4.682
2020-10-03 14:00,0.061,4.432
2020-10-03 15:00,0.059,4.377
2020-10-03 16:00,0.061,4.431
2020-10-03 17:00,0.061,4.430
2020-10-03 18:00,0.059,4.382
2020-10-03 19:00,0.054,4.280
2020-10-03 20:00,0.048,4.153
2020-10-03 21:00,0.041,3.971
2020-10-03 22:00,0.029,3.675
2020-10-03 23:00,0.019,3.311
2020-10-04 00:00,0.013,3.054
2020-10-04 01:00,0.013,3.060
2020-10-04 02:00,0.017,3.214
2020-10-04 03:00,0.017,3.234
2020-10-04 04:00,0.014,3.112
2020-10-04 05:00,0.010,2.912
2020-10-04 06:00,0.004,2.430
2020-10-04 07:00,0.002,2.135
2020-10-04 08:00,0.002,2.098
2020-10-04 09:00,0.005,2.467
2020-10-04 10:00,0.011,2.928
2020-10-04 11:00,0.010,2.858
2020-10-04 12:00,0.006,2.641
2020-10-04 13:00,0.004,2.386
2020-10-04 14:00,0.002,2.090
2020-10-04 15:00,0,1.686
2020-10-04 16:00,0,1.287
2020-10-04 17:00,0,1.486
2020-10-04 18:00,0.006,2.576
2020-10-04 19:00,0.052,4.239
2020-10-04 20:00,0.182,6.087
2020-10-04 21:00,0.371,7.738
2020-10-04 22:00,0.490,8.630
2020-10-04 23:00,0.541,9.004
2020-10-05 00:00,0.568,9.212
2020-10-05 01:00,0.614,9.569
2020-10-05 02:00,0.671,10.043
2020-10-05 03:00,0.691,10.214
2020-10-05 04:00,0.670,10.032
2020-10-05 05:00,0.646,9.823
2020-10-05 06:00,0.634,9.730
2020-10-05 07:00,0.629,9.684
2020-10-05 08:00,0.613,9.563
2020-10-05 09:00,0.561,9.150
2020-10-05 10:00,0.530,8.927
2020-10-05 11:00,0.545,9.029
2020-10-05 12:00,0.575,9.257
2020-10-05 13:00,0.601,9.469
2020-10-05 14:00,0.633,9.721
2020-10-05 15:00,0.665,9.987
2020-10-05 16:00,0.693,10.235
2020-10-05 17:00,0.729,10.568
2020-10-05 18:00,0.761,10.884
2020-10-05 19:00,0.783,11.133
2020-10-05 20:00,0.804,11.384
2020-10-05 21:00,0.841,11.878
2020-10-05 22:00,0.867,12.281
2020-10-05 23:00,0.866,12.265
2020-10-06 00:00,0.859,12.145
2020-10-06 01:00,0.850,12.001
2020-10-06 02:00,0.814,11.502
2020-10-06 03:00,0.750,10.779
2020-10-06 04:00,0.685,10.158
2020-10-06 05:00,0.610,9.541
2020-10-06 06:00,0.548,9.051
2020-10-06 07:00,0.511,8.787
2020-10-06 08:00,0.519,8.844
2020-10-06 09:00,0.556,9.124
2020-10-06 10:00,0.610,9.540
2020-10-06 11:00,0.668,10.018
2020-10-06 12:00,0.714,10.426
2020-10-06 13:00,0.755,10.824
2020-10-06 14:00,0.802,11.350
2020-10-06 15:00,0.840,11.859
2020-10-06 16:00,0.866,12.266
2020-10-06 17:00,0.889,12.663
2020-10-06 18:00,0.899,12.871
2020-10-06 19:00,0.904,12.965
2020-10-06 20:00,0.898,12.836
2020-10-06 21:00,0.895,12.777
2020-10-06 22:00,0.896,12.800
2020-10-06 23:00,0.894,12.759
2020-10-07 00:00,0.898,12.833
2020-10-07 01:00,0.882,12.529
2020-10-07 02:00,0.851,12.014
2020-10-07 03:00,0.832,11.740
2020-10-07 04:00,0.817,11.539
2020-10-07 05:00,0.791,11.230
2020-10-07 06:00,0.758,10.857
2020-10-07 07:00,0.722,10.504
2020-10-07 08:00,0.699,10.286
2020-10-07 09:00,0.699,10.288
2020-10-07 10:00,0.724,10.525
2020-10-07 11:00,0.757,10.843
2020-10-07 12:00,0.783,11.131
2020-10-07 13:00,0.796,11.286
2020-10-07 14:00,0.812,11.480
2020-10-07 15:00,0.823,11.628
2020-10-07 16:00,0.826,11.660
2020-10-07 17:00,0.827,11.683
2020-10-07 18:00,0.822,11.617
2020-10-07 19:00,0.803,11.373
2020-10-07 20:00,0.783,11.135
2020-10-07 21:00,0.773,11.027
2020-10-07 22:00,0.776,11.061
2020-10-07 23:00,0.785,11.147
2020-10-08 00:00,0.812,11.477
2020-10-08 01:00,0.837,11.820
2020-10-08 02:00,0.845,11.928
2020-10-08 03:00,0.833,11.758
2020-10-08 04:00,0.801,11.330
2020-10-08 05:00,0.760,10.883
2020-10-08 06:00,0.714,10.423
2020-10-08 07:00,0.663,9.961
2020-10-08 08:00,0.627,9.667
2020-10-08 09:00,0.616,9.578
2020-10-08 10:00,0.649,9.855
2020-10-08 11:00,0.679,10.114
2020-10-08 12:00,0.705,10.342
2020-10-08 13:00,0.718,10.463
2020-10-08 14:00,0.735,10.622
2020-10-08 15:00,0.744,10.714
2020-10-08 16:00,0.749,10.771
2020-10-08 17:00,0.758,10.857
2020-10-08 18:00,0.773,11.022
2020-10-08 19:00,0.793,11.238
2020-10-08 20:00,0.796,11.275
2020-10-08 21:00,0.792,11.235
2020-10-08 22:00,0.803,11.372
2020-10-08 23:00,0.806,11.409
2020-10-09 00:00,0.813,11.486
2020-10-09 01:00,0.793,11.245
2020-10-09 02:00,0.746,10.732
2020-10-09 03:00,0.685,10.154
2020-10-09 04:00,0.621,9.623
2020-10-09 05:00,0.561,9.160
2020-10-09 06:00,0.508,8.759
2020-10-09 07:00,0.469,8.475
2020-10-09 08:00,0.450,8.337
2020-10-09 09:00,0.454,8.367
2020-10-09 10:00,0.475,8.516
2020-10-09 11:00,0.521,8.864
2020-10-09 12:00,0.579,9.299
2020-10-09 13:00,0.630,9.697
2020-10-09 14:00,0.681,10.132
2020-10-09 15:00,0.707,10.360
2020-10-09 16:00,0.701,10.305
2020-10-09 17:00,0.692,10.224
2020-10-09 18:00,0.692,10.226
2020-10-09 19:00,0.675,10.071
2020-10-09 20:00,0.638,9.762
2020-10-09 21:00,0.623,9.639
2020-10-09 22:00,0.636,9.738
2020-10-09 23:00,0.630,9.692
2020-10-10 00:00,0.647,9.839
2020-10-10 01:00,0.636,9.750
2020-10-10 02:00,0.583,9.330
2020-10-10 03:00,0.495,8.663
2020-10-10 04:00,0.381,7.819
2020-10-10 05:00,0.286,7.066
2020-10-10 06:00,0.226,6.532
2020-10-10 07:00,0.192,6.202
2020-10-10 08:00,0.170,5.960
2020-10-10 09:00,0.163,5.893
2020-10-10 10:00,0.172,5.986
2020-10-10 11:00,0.182,6.086
2020-10-10 12:00,0.191,6.185
2020-10-10 13:00,0.192,6.201
2020-10-10 14:00,0.186,6.141
2020-10-10 15:00,0.183,6.106
2020-10-10 16:00,0.192,6.190
2020-10-10 17:00,0.215,6.428
2020-10-10 18:00,0.257,6.815
2020-10-10 19:00,0.310,7.257
2020-10-10 20:00,0.364,7.692
2020-10-10 21:00,0.425,8.146
2020-10-10 22:00,0.467,8.463
2020-10-10 23:00,0.475,8.515
2020-10-11 00:00,0.455,8.371
2020-10-11 01:00,0.455,8.374
2020-10-11 02:00,0.419,8.100
2020-10-11 03:00,0.356,7.632
2020-10-11 04:00,0.282,7.032
2020-10-11 05:00,0.225,6.526
2020-10-11 06:00,0.183,6.110
2020-10-11 07:00,0.155,5.787
2020-10-11 08:00,0.129,5.483
2020-10-11 09:00,0.135,5.547
2020-10-11 10:00,0.164,5.901
2020-10-11 11:00,0.192,6.194
2020-10-11 12:00,0.217,6.447
2020-10-11 13:00,0.242,6.670
2020-10-11 14:00,0.278,6.992
2020-10-11 15:00,0.304,7.217
2020-10-11 16:00,0.315,7.310
2020-10-11 17:00,0.339,7.495
2020-10-11 18:00,0.395,7.924
2020-10-11 19:00,0.488,8.616
2020-10-11 20:00,0.593,9.398
2020-10-11 21:00,0.650,9.860
2020-10-11 22:00,0.680,10.115
2020-10-11 23:00,0.724,10.517
2020-10-12 00:00,0.760,10.879
2020-10-12 01:00,0.806,11.410
2020-10-12 02:00,0.817,11.541
2020-10-12 03:00,0.796,11.279
2020-10-12 04:00,0.764,10.920
2020-10-12 05:00,0.745,10.730
2020-10-12 06:00,0.741,10.690
2020-10-12 07:00,0.740,10.677
2020-10-12 08:00,0.725,10.527
2020-10-12 09:00,0.682,10.135
2020-10-12 10:00,0.621,9.623
2020-10-12 11:00,0.548,9.050
2020-10-12 12:00,0.509,8.766
2020-10-12 13:00,0.580,9.303
2020-10-12 14:00,0.787,11.183
2020-10-12 15:00,0.861,12.179
2020-10-12 16:00,0.898,12.837
2020-10-12 17:00,0.887,12.630
2020-10-12 18:00,0.875,12.404
2020-10-12 19:00,0.896,12.798
2020-10-12 20:00,0.914,13.189
2020-10-12 21:00,0.951,14.263
2020-10-12 22:00,0.979,15.664
2020-10-12 23:00,0.984,16.170
2020-10-13 00:00,0.986,16.382
2020-10-13 01:00,0.988,16.697
2020-10-13 02:00,0.989,17.178
2020-10-13 03:00,0.988,17.787
2020-10-13 04:00,0.982,18.623
2020-10-13 05:00,0.979,18.868
2020-10-13 06:00,0.981,18.714
2020-10-13 07:00,0.986,18.253
2020-10-13 08:00,0.984,18.470
2020-10-13 09:00,0.987,18.099
2020-10-13 10:00,0.982,15.920
2020-10-13 11:00,0.945,14.035
2020-10-13 12:00,0.931,13.626
2020-10-13 13:00,0.943,13.978
2020-10-13 14:00,0.969,15.041
2020-10-13 15:00,0.980,15.733
2020-10-13 16:00,0.979,15.652
2020-10-13 17:00,0.982,15.903
2020-10-13 18:00,0.984,16.212
2020-10-13 19:00,0.987,16.612
2020-10-13 20:00,0.988,17.760
2020-10-13 21:00,0.985,18.325
2020-10-13 22:00,0.984,18.398
2020-10-13 23:00,0.989,17.179
2020-10-14 00:00,0.984,16.217
2020-10-14 01:00,0.981,15.883
2020-10-14 02:00,0.986,16.390
2020-10-14 03:00,0.989,17.278
2020-10-14 04:00,0.988,17.855
2020-10-14 05:00,0.986,18.188
2020-10-14 06:00,0.987,18.063
2020-10-14 07:00,0.989,17.665
2020-10-14 08:00,0.989,16.950
2020-10-14 09:00,0.982,16.002
2020-10-14 10:00,0.972,15.209
2020-10-14 11:00,0.957,14.474
2020-10-14 12:00,0.936,13.775
2020-10-14 13:00,0.918,13.276
2020-10-14 14:00,0.895,12.786
2020-10-14 15:00,0.866,12.262
2020-10-14 16:00,0.852,12.035
2020-10-14 17:00,0.849,11.987
2020-10-14 18:00,0.850,11.992
2020-10-14 19:00,0.826,11.653
2020-10-14 20:00,0.802,11.347
2020-10-14 21:00,0.785,11.146
2020-10-14 22:00,0.800,11.328
2020-10-14 23:00,0.810,11.454
2020-10-15 00:00,0.831,11.729
2020-10-15 01:00,0.866,12.265
2020-10-15 02:00,0.887,12.628
2020-10-15 03:00,0.886,12.615
2020-10-15 04:00,0.864,12.222
2020-10-15 05:00,0.827,11.679
2020-10-15 06:00,0.781,11.113
2020-10-15 07:00,0.727,10.550
2020-10-15 08:00,0.672,10.053
2020-10-15 09:00,0.636,9.746
2020-10-15 10:00,0.635,9.736
2020-10-15 11:00,0.665,9.987
2020-10-15 12:00,0.683,10.143
2020-10-15 13:00,0.686,10.168
2020-10-15 14:00,0.684,10.148
2020-10-15 15:00,0.674,10.065
2020-10-15 16:00,0.659,9.933
2020-10-15 17:00,0.657,9.917
2020-10-15 18:00,0.676,10.077
2020-10-15 19:00,0.707,10.357
2020-10-15 20:00,0.738,10.649
2020-10-15 21:00,0.774,11.037
2020-10-15 22:00,0.817,11.539
2020-10-15 23:00,0.831,11.733
2020-10-16 00:00,0.837,11.818
2020-10-16 01:00,0.848,11.978
2020-10-16 02:00,0.867,12.278
2020-10-16 03:00,0.869,12.312
2020-10-16 04:00,0.856,12.094
2020-10-16 05:00,0.838,11.834
2020-10-16 06:00,0.812,11.481
2020-10-16 07:00,0.759,10.867
2020-10-16 08:00,0.648,9.850
2020-10-16 09:00,0.517,8.827
2020-10-16 10:00,0.491,8.637
2020-10-16 11:00,0.497,8.675
2020-10-16 12:00,0.605,9.496
2020-10-16 13:00,0.802,11.361
2020-10-16 14:00,0.934,13.701
2020-10-16 15:00,0.946,14.096
2020-10-16 16:00,0.950,14.234
2020-10-16 17:00,0.950,14.215
2020-10-16 18:00,0.944,14.002
2020-10-16 19:00,0.939,13.859
2020-10-16 20:00,0.940,13.889
2020-10-16 21:00,0.939,13.861
2020-10-16 22:00,0.942,13.945
2020-10-16 23:00,0.939,13.842
2020-10-17 00:00,0.950,14.215
2020-10-17 01:00,0.946,14.075
2020-10-17 02:00,0.933,13.693
2020-10-17 03:00,0.924,13.423
2020-10-17 04:00,0.904,12.975
2020-10-17 05:00,0.875,12.403
2020-10-17 06:00,0.837,11.824
2020-10-17 07:00,0.808,11.433
2020-10-17 08:00,0.785,11.157
2020-10-17 09:00,0.776,11.055
2020-10-17 10:00,0.775,11.047
2020-10-17 11:00,0.797,11.299
2020-10-17 12:00,0.829,11.706
2020-10-17 13:00,0.857,12.119
2020-10-17 14:00,0.868,12.288
2020-10-17 15:00,0.855,12.084
2020-10-17 16:00,0.838,11.837
2020-10-17 17:00,0.835,11.783
2020-10-17 18:00,0.855,12.086
2020-10-17 19:00,0.883,12.554
2020-10-17 20:00,0.910,13.086
2020-10-17 21:00,0.913,13.168
2020-10-17 22:00,0.910,13.087
2020-10-17 23:00,0.903,12.947
2020-10-18 00:00,0.911,13.133
2020-10-18 01:00,0.901,12.896
2020-10-18 02:00,0.883,12.552
2020-10-18 03:00,0.853,12.050
2020-10-18 04:00,0.803,11.374
2020-10-18 05:00,0.753,10.809
2020-10-18 06:00,0.705,10.337
2020-10-18 07:00,0.658,9.921
2020-10-18 08:00,0.616,9.583
2020-10-18 09:00,0.605,9.493
2020-10-18 10:00,0.650,9.866
2020-10-18 11:00,0.699,10.293
2020-10-18 12:00,0.747,10.739
2020-10-18 13:00,0.785,11.160
2020-10-18 14:00,0.825,11.648
2020-10-18 15:00,0.850,11.993
2020-10-18 16:00,0.850,12.003
2020-10-18 17:00,0.839,11.849
2020-10-18 18:00,0.833,11.754
2020-10-18 19:00,0.820,11.583
2020-10-18 20:00,0.807,11.425
2020-10-18 21:00,0.816,11.526
2020-10-18 22:00,0.832,11.743
2020-10-18 23:00,0.832,11.748
2020-10-19 00:00,0.821,11.597
2020-10-19 01:00,0.832,11.740
2020-10-19 02:00,0.826,11.658
2020-10-19 03:00,0.803,11.365
2020-10-19 04:00,0.779,11.089
2020-10-19 05:00,0.777,11.063
2020-10-19 06:00,0.774,11.032
2020-10-19 07:00,0.749,10.762
2020-10-19 08:00,0.691,10.213
2020-10-19 09:00,0.637,9.755
2020-10-19 10:00,0.650,9.860
2020-10-19 11:00,0.722,10.493
2020-10-19 12:00,0.803,11.366
2020-10-19 13:00,0.851,12.017
2020-10-19 14:00,0.880,12.499
2020-10-19 15:00,0.892,12.720
2020-10-19 16:00,0.886,12.596
2020-10-19 17:00,0.868,12.289
2020-10-19 18:00,0.845,11.927
2020-10-19 19:00,0.823,11.625
2020-10-19 20:00,0.806,11.403
2020-10-19 21:00,0.788,11.197
2020-10-19 22:00,0.773,11.016
2020-10-19 23:00,0.746,10.735
2020-10-20 00:00,0.731,10.585
2020-10-20 01:00,0.714,10.426
2020-10-20 02:00,0.677,10.080
2020-10-20 03:00,0.594,9.406
2020-10-20 04:00,0.501,8.706
2020-10-20 05:00,0.448,8.315
2020-10-20 06:00,0.422,8.133
2020-10-20 07:00,0.422,8.128
2020-10-20 08:00,0.432,8.206
2020-10-20 09:00,0.463,8.429
2020-10-20 10:00,0.512,8.790
2020-10-20 11:00,0.563,9.167
2020-10-20 12:00,0.596,9.425
2020-10-20 13:00,0.622,9.634
2020-10-20 14:00,0.707,10.357
2020-10-20 15:00,0.795,11.272
2020-10-20 16:00,0.835,11.788
2020-10-20 17:00,0.837,11.812
2020-10-20 18:00,0.840,11.865
2020-10-20 19:00,0.846,11.939
2020-10-20 20:00,0.850,11.997
2020-10-20 21:00,0.843,11.907
2020-10-20 22:00,0.834,11.769
2020-10-20 23:00,0.817,11.543
2020-10-21 00:00,0.836,11.808
2020-10-21 01:00,0.839,11.853
2020-10-21 02:00,0.813,11.500
2020-10-21 03:00,0.781,11.107
2020-10-21 04:00,0.732,10.596
2020-10-21 05:00,0.658,9.924
2020-10-21 06:00,0.582,9.320
2020-10-21 07:00,0.518,8.841
2020-10-21 08:00,0.484,8.585
2020-10-21 09:00,0.450,8.337
2020-10-21 10:00,0.465,8.437
2020-10-21 11:00,0.477,8.529
2020-10-21 12:00,0.536,8.973
2020-10-21 13:00,0.677,10.086
2020-10-21 14:00,0.824,11.640
2020-10-21 15:00,0.876,12.425
2020-10-21 16:00,0.861,12.168
2020-10-21 17:00,0.827,11.666
2020-10-21 18:00,0.806,11.413
2020-10-21 19:00,0.807,11.422
2020-10-21 20:00,0.826,11.663
2020-10-21 21:00,0.841,11.877
2020-10-21 22:00,0.841,11.870
2020-10-21 23:00,0.815,11.515
2020-10-22 00:00,0.831,11.731
2020-10-22 01:00,0.872,12.359
2020-10-22 02:00,0.858,12.132
2020-10-22 03:00,0.835,11.790
2020-10-22 04:00,0.804,11.383
2020-10-22 05:00,0.742,10.699
2020-10-22 06:00,0.674,10.067
2020-10-22 07:00,0.651,9.871
2020-10-22 08:00,0.617,9.594
2020-10-22 09:00,0.583,9.329
2020-10-22 10:00,0.631,9.705
2020-10-22 11:00,0.717,10.458
2020-10-22 12:00,0.785,11.151
2020-10-22 13:00,0.852,12.030
2020-10-22 14:00,0.878,12.458
2020-10-22 15:00,0.864,12.218
2020-10-22 16:00,0.921,13.349
2020-10-22 17:00,0.932,13.659
2020-10-22 18:00,0.921,13.348
2020-10-22 19:00,0.923,13.395
2020-10-22 20:00,0.926,13.476
2020-10-22 21:00,0.920,13.328
2020-10-22 22:00,0.924,13.433
2020-10-22 23:00,0.928,13.550
2020-10-23 00:00,0.931,13.634
2020-10-23 01:00,0.950,14.233
2020-10-23 02:00,0.945,14.039
2020-10-23 03:00,0.930,13.602
2020-10-23 04:00,0.909,13.074
2020-10-23 05:00,0.868,12.288
2020-10-23 06:00,0.823,11.625
2020-10-23 07:00,0.795,11.269
2020-10-23 08:00,0.788,11.193
2020-10-23 09:00,0.804,11.378
2020-10-23 10:00,0.840,11.863
2020-10-23 11:00,0.854,12.062
2020-10-23 12:00,0.858,12.128
2020-10-23 13:00,0.842,11.891
2020-10-23 14:00,0.852,12.045
2020-10-23 15:00,0.856,12.099
2020-10-23 16:00,0.857,12.118
2020-10-23 17:00,0.860,12.148
2020-10-23 18:00,0.869,12.315
2020-10-23 19:00,0.877,12.445
2020-10-23 20:00,0.873,12.379
2020-10-23 21:00,0.861,12.175
2020-10-23 22:00,0.853,12.051
2020-10-23 23:00,0.854,12.071
2020-10-24 00:00,0.848,11.971
2020-10-24 01:00,0.840,11.867
2020-10-24 02:00,0.860,12.158
2020-10-24 03:00,0.880,12.495
2020-10-24 04:00,0.866,12.255
2020-10-24 05:00,0.822,11.597
2020-10-24 06:00,0.773,11.010
2020-10-24 07:00,0.728,10.558
2020-10-24 08:00,0.710,10.387
2020-10-24 09:00,0.722,10.496
2020-10-24 10:00,0.771,10.988
2020-10-24 11:00,0.828,11.688
2020-10-24 12:00,0.864,12.219
2020-10-24 13:00,0.874,12.391
2020-10-24 14:00,0.884,12.569
2020-10-24 15:00,0.893,12.749
2020-10-24 16:00,0.889,12.663
2020-10-24 17:00,0.872,12.355
2020-10-24 18:00,0.855,12.084
2020-10-24 19:00,0.834,11.768
2020-10-24 20:00,0.813,11.486
2020-10-24 21:00,0.794,11.253
2020-10-24 22:00,0.775,11.040
2020-10-24 23:00,0.749,10.759
2020-10-25 00:00,0.691,10.215
2020-10-25 01:00,0.735,10.617
2020-10-25 02:00,0.783,11.121
2020-10-25 03:00,0.783,11.121
2020-10-25 04:00,0.751,10.786
2020-10-25 05:00,0.707,10.356
2020-10-25 06:00,0.665,9.993
2020-10-25 07:00,0.634,9.729
2020-10-25 08:00,0.603,9.484
2020-10-25 09:00,0.583,9.326
2020-10-25 10:00,0.575,9.269
2020-10-25 11:00,0.569,9.218
2020-10-25 12:00,0.550,9.078
2020-10-25 13:00,0.512,8.791
2020-10-25 14:00,0.467,8.460
2020-10-25 15:00,0.435,8.229
2020-10-25 16:00,0.426,8.153
2020-10-25 17:00,0.428,8.168
2020-10-25 18:00,0.444,8.281
2020-10-25 19:00,0.462,8.417
2020-10-25 20:00,0.484,8.582
2020-10-25 21:00,0.499,8.690
2020-10-25 22:00,0.514,8.807
2020-10-25 23:00,0.498,8.687
2020-10-26 00:00,0.482,8.567
2020-10-26 01:00,0.531,8.934
2020-10-26 02:00,0.517,8.826
2020-10-26 03:00,0.460,8.403
2020-10-26 04:00,0.375,7.775
2020-10-26 05:00,0.289,7.087
2020-10-26 06:00,0.210,6.371
2020-10-26 07:00,0.149,5.727
2020-10-26 08:00,0.111,5.236
2020-10-26 09:00,0.082,4.790
2020-10-26 10:00,0.060,4.390
2020-10-26 11:00,0.038,3.924
2020-10-26 12:00,0.022,3.424
2020-10-26 13:00,0.015,3.165
2020-10-26 14:00,0.025,3.523
2020-10-26 15:00,0.056,4.331
2020-10-26 16:00,0.107,5.190
2020-10-26 17:00,0.171,5.963
2020-10-26 18:00,0.242,6.678
2020-10-26 19:00,0.324,7.380
2020-10-26 20:00,0.404,7.993
2020-10-26 21:00,0.483,8.572
2020-10-26 22:00,0.552,9.090
2020-10-26 23:00,0.563,9.167
2020-10-27 00:00,0.573,9.247
2020-10-27 01:00,0.636,9.747
2020-10-27 02:00,0.648,9.845
2020-10-27 03:00,0.623,9.642
2020-10-27 04:00,0.575,9.263
2020-10-27 05:00,0.520,8.855
2020-10-27 06:00,0.460,8.402
2020-10-27 07:00,0.410,8.038
2020-10-27 08:00,0.369,7.732
2020-10-27 09:00,0.333,7.454
2020-10-27 10:00,0.330,7.426
2020-10-27 11:00,0.321,7.350
2020-10-27 12:00,0.291,7.101
2020-10-27 13:00,0.259,6.828
2020-10-27 14:00,0.259,6.831
2020-10-27 15:00,0.297,7.151
2020-10-27 16:00,0.395,7.927
2020-10-27 17:00,0.506,8.744
2020-10-27 18:00,0.685,10.162
2020-10-27 19:00,0.797,11.293
2020-10-27 20:00,0.760,10.877
2020-10-27 21:00,0.720,10.481
2020-10-27 22:00,0.754,10.818
2020-10-27 23:00,0.829,11.703
2020-10-28 00:00,0.876,12.434
2020-10-28 01:00,0.898,12.838
2020-10-28 02:00,0.921,13.349
2020-10-28 03:00,0.925,13.458
2020-10-28 04:00,0.919,13.309
2020-10-28 05:00,0.909,13.078
2020-10-28 06:00,0.904,12.959
2020-10-28 07:00,0.901,12.907
2020-10-28 08:00,0.896,12.799
2020-10-28 09:00,0.895,12.791
2020-10-28 10:00,0.894,12.756
2020-10-28 11:00,0.883,12.557
2020-10-28 12:00,0.846,11.939
2020-10-28 13:00,0.807,11.420
2020-10-28 14:00,0.768,10.967
2020-10-28 15:00,0.763,10.917
2020-10-28 16:00,0.767,10.958
2020-10-28 17:00,0.795,11.274
2020-10-28 18:00,0.823,11.623
2020-10-28 19:00,0.843,11.895
2020-10-28 20:00,0.865,12.250
2020-10-28 21:00,0.883,12.552
2020-10-28 22:00,0.887,12.633
2020-10-28 23:00,0.909,13.072
2020-10-29 00:00,0.904,12.966
2020-10-29 01:00,0.884,12.574
2020-10-29 02:00,0.879,12.479
2020-10-29 03:00,0.871,12.330
2020-10-29 04:00,0.828,11.690
2020-10-29 05:00,0.785,11.152
2020-10-29 06:00,0.760,10.876
2020-10-29 07:00,0.741,10.683
2020-10-29 08:00,0.707,10.354
2020-10-29 09:00,0.639,9.772
2020-10-29 10:00,0.565,9.186
2020-10-29 11:00,0.542,9.015
2020-10-29 12:00,0.578,9.287
2020-10-29 13:00,0.616,9.583
2020-10-29 14:00,0.657,9.915
2020-10-29 15:00,0.681,10.129
2020-10-29 16:00,0.686,10.166
2020-10-29 17:00,0.672,10.052
2020-10-29 18:00,0.652,9.881
2020-10-29 19:00,0.622,9.631
2020-10-29 20:00,0.589,9.373
2020-10-29 21:00,0.586,9.349
2020-10-29 22:00,0.589,9.376
2020-10-29 23:00,0.583,9.326
2020-10-30 00:00,0.576,9.273
2020-10-30 01:00,0.590,9.381
2020-10-30 02:00,0.575,9.270
2020-10-30 03:00,0.551,9.085
2020-10-30 04:00,0.528,8.904
2020-10-30 05:00,0.494,8.656
2020-10-30 06:00,0.450,8.334
2020-10-30 07:00,0.407,8.019
2020-10-30 08:00,0.348,7.570
2020-10-30 09:00,0.297,7.157
2020-10-30 10:00,0.284,7.050
2020-10-30 11:00,0.281,7.025
2020-10-30 12:00,0.274,6.966
2020-10-30 13:00,0.255,6.798
2020-10-30 14:00,0.241,6.666
2020-10-30 15:00,0.232,6.579
2020-10-30 16:00,0.234,6.600
2020-10-30 17:00,0.247,6.725
2020-10-30 18:00,0.273,6.954
2020-10-30 19:00,0.298,7.166
2020-10-30 20:00,0.332,7.437
2020-10-30 21:00,0.364,7.692
2020-10-30 22:00,0.386,7.861
2020-10-30 23:00,0.373,7.755
2020-10-31 00:00,0.354,7.612
2020-10-31 01:00,0.375,7.775
2020-10-31 02:00,0.354,7.614
2020-10-31 03:00,0.309,7.256
2020-10-31 04:00,0.269,6.917
2020-10-31 05:00,0.229,6.564
2020-10-31 06:00,0.192,6.197
2020-10-31 07:00,0.167,5.928
2020-10-31 08:00,0.157,5.821
2020-10-31 09:00,0.158,5.830
2020-10-31 10:00,0.170,5.960
2020-10-31 11:00,0.162,5.880
2020-10-31 12:00,0.140,5.624
2020-10-31 13:00,0.117,5.310
2020-10-31 14:00,0.088,4.894
2020-10-31 15:00,0.068,4.552
2020-10-31 16:00,0.058,4.361
2020-10-31 17:00,0.055,4.290
2020-10-31 18:00,0.057,4.355
2020-10-31 19:00,0.070,4.592
2020-10-31 20:00,0.093,4.970
2020-10-31 21:00,0.113,5.266
2020-10-31 22:00,0.130,5.496
2020-10-31 23:00,0.141,5.634
2020-11-01 00:00,0.134,5.532
2020-11-01 01:00,0.156,5.796
2020-11-01 02:00,0.171,5.967
2020-11-01 03:00,0.151,5.748
2020-11-01 04:00,0.114,5.274
2020-11-01 05:00,0.082,4.788
2020-11-01 06:00,0.055,4.314
2020-11-01 07:00,0.034,3.793
2020-11-01 08:00,0.024,3.480
2020-11-01 09:00,0.031,3.722
2020-11-01 10:00,0.055,4.290
2020-11-01 11:00,0.068,4.547
2020-11-01 12:00,0.064,4.476
2020-11-01 13:00,0.041,3.993
2020-11-01 14:00,0.019,3.320
2020-11-01 15:00,0.007,2.698
2020-11-01 16:00,0.002,2.147
2020-11-01 17:00,0.003,2.222
2020-11-01 18:00,0.016,3.189
2020-11-01 19:00,0.053,4.271
2020-11-01 20:00,0.118,5.323
2020-11-01 21:00,0.222,6.491
2020-11-01 22:00,0.375,7.775
2020-11-01 23:00,0.519,8.844
2020-11-02 00:00,0.609,9.535
2020-11-02 01:00,0.731,10.585
2020-11-02 02:00,0.751,10.789
2020-11-02 03:00,0.719,10.477
2020-11-02 04:00,0.673,10.060
2020-11-02 05:00,0.610,9.540
2020-11-02 06:00,0.532,8.939
2020-11-02 07:00,0.460,8.404
2020-11-02 08:00,0.398,7.954
2020-11-02 09:00,0.324,7.378
2020-11-02 10:00,0.302,7.204
2020-11-02 11:00,0.286,7.064
2020-11-02 12:00,0.274,6.962
2020-11-02 13:00,0.346,7.553
2020-11-02 14:00,0.558,9.135
2020-11-02 15:00,0.756,10.838
2020-11-02 16:00,0.815,11.521
2020-11-02 17:00,0.791,11.225
2020-11-02 18:00,0.773,11.028
2020-11-02 19:00,0.779,11.091
2020-11-02 20:00,0.830,11.725
2020-11-02 21:00,0.850,12.003
2020-11-02 22:00,0.848,11.971
2020-11-02 23:00,0.811,11.473
2020-11-03 00:00,0.790,11.212
2020-11-03 01:00,0.772,11.007
2020-11-03 02:00,0.691,10.218
2020-11-03 03:00,0.582,9.323
2020-11-03 04:00,0.467,8.464
2020-11-03 05:00,0.362,7.680
2020-11-03 06:00,0.285,7.058
2020-11-03 07:00,0.253,6.784
2020-11-03 08:00,0.250,6.749
2020-11-03 09:00,0.242,6.673
2020-11-03 10:00,0.237,6.633
2020-11-03 11:00,0.240,6.664
2020-11-03 12:00,0.229,6.559
2020-11-03 13:00,0.224,6.518
2020-11-03 14:00,0.250,6.746
2020-11-03 15:00,0.281,7.024
2020-11-03 16:00,0.314,7.301
2020-11-03 17:00,0.371,7.749
2020-11-03 18:00,0.450,8.324
2020-11-03 19:00,0.543,9.021
2020-11-03 20:00,0.579,9.299
2020-11-03 21:00,0.609,9.532
2020-11-03 22:00,0.620,9.619
2020-11-03 23:00,0.596,9.421
2020-11-04 00:00,0.524,8.885
2020-11-04 01:00,0.530,8.924
2020-11-04 02:00,0.512,8.791
2020-11-04 03:00,0.431,8.194
2020-11-04 04:00,0.328,7.405
2020-11-04 05:00,0.252,6.765
2020-11-04 06:00,0.201,6.290
2020-11-04 07:00,0.165,5.914
2020-11-04 08:00,0.133,5.528
2020-11-04 09:00,0.150,5.739
2020-11-04 10:00,0.216,6.433
2020-11-04 11:00,0.290,7.097
2020-11-04 12:00,0.354,7.613
2020-11-04 13:00,0.380,7.814
2020-11-04 14:00,0.377,7.788
2020-11-04 15:00,0.331,7.434
2020-11-04 16:00,0.276,6.979
2020-11-04 17:00,0.248,6.729
2020-11-04 18:00,0.252,6.773
2020-11-04 19:00,0.291,7.103
2020-11-04 20:00,0.343,7.525
2020-11-04 21:00,0.390,7.891
2020-11-04 22:00,0.432,8.204
2020-11-04 23:00,0.465,8.447
2020-11-05 00:00,0.450,8.336
2020-11-05 01:00,0.484,8.576
2020-11-05 02:00,0.509,8.760
2020-11-05 03:00,0.473,8.504
2020-11-05 04:00,0.404,7.988
2020-11-05 05:00,0.339,7.497
2020-11-05 06:00,0.299,7.170
2020-11-05 07:00,0.280,7.008
2020-11-05 08:00,0.270,6.925
2020-11-05 09:00,0.278,6.990
2020-11-05 10:00,0.297,7.150
2020-11-05 11:00,0.296,7.145
2020-11-05 12:00,0.257,6.814
2020-11-05 13:00,0.196,6.236
2020-11-05 14:00,0.140,5.621
2020-11-05 15:00,0.109,5.200
2020-11-05 16:00,0.104,5.135
2020-11-05 17:00,0.120,5.367
2020-11-05 18:00,0.155,5.791
2020-11-05 19:00,0.188,6.153
2020-11-05 20:00,0.206,6.342
2020-11-05 21:00,0.217,6.445
2020-11-05 22:00,0.226,6.534
2020-11-05 23:00,0.233,6.595
2020-11-06 00:00,0.197,6.245
2020-11-06 01:00,0.204,6.318
2020-11-06 02:00,0.251,6.757
2020-11-06 03:00,0.260,6.840
2020-11-06 04:00,0.212,6.397
2020-11-06 05:00,0.150,5.742
2020-11-06 06:00,0.108,5.197
2020-11-06 07:00,0.073,4.641
2020-11-06 08:00,0.038,3.911
2020-11-06 09:00,0.008,2.731
2020-11-06 10:00,0,1.268
2020-11-06 11:00,0,0.817
2020-11-06 12:00,0.001,1.752
2020-11-06 13:00,0.008,2.741
2020-11-06 14:00,0.025,3.536
2020-11-06 15:00,0.048,4.140
2020-11-06 16:00,0.094,4.999
2020-11-06 17:00,0.206,6.333
2020-11-06 18:00,0.353,7.607
2020-11-06 19:00,0.478,8.532
2020-11-06 20:00,0.561,9.152
2020-11-06 21:00,0.625,9.654
2020-11-06 22:00,0.671,10.039
2020-11-06 23:00,0.677,10.087
2020-11-07 00:00,0.654,9.893
2020-11-07 01:00,0.751,10.787
2020-11-07 02:00,0.795,11.268
2020-11-07 03:00,0.749,10.770
2020-11-07 04:00,0.645,9.821
2020-11-07 05:00,0.519,8.846
2020-11-07 06:00,0.413,8.059
2020-11-07 07:00,0.339,7.492
2020-11-07 08:00,0.263,6.864
2020-11-07 09:00,0.181,6.082
2020-11-07 10:00,0.157,5.818
2020-11-07 11:00,0.183,6.098
2020-11-07 12:00,0.255,6.796
2020-11-07 13:00,0.373,7.754
2020-11-07 14:00,0.546,9.044
2020-11-07 15:00,0.679,10.112
2020-11-07 16:00,0.694,10.239
2020-11-07 17:00,0.631,9.702
2020-11-07 18:00,0.633,9.712
2020-11-07 19:00,0.691,10.221
2020-11-07 20:00,0.740,10.673
2020-11-07 21:00,0.759,10.866
2020-11-07 22:00,0.773,11.026
2020-11-07 23:00,0.797,11.297
2020-11-08 00:00,0.763,10.914
2020-11-08 01:00,0.883,12.560
2020-11-08 02:00,0.894,12.762
2020-11-08 03:00,0.854,12.070
2020-11-08 04:00,0.800,11.327
2020-11-08 05:00,0.727,10.547
2020-11-08 06:00,0.642,9.797
2020-11-08 07:00,0.557,9.128
2020-11-08 08:00,0.452,8.345
2020-11-08 09:00,0.378,7.799
2020-11-08 10:00,0.401,7.973
2020-11-08 11:00,0.480,8.552
2020-11-08 12:00,0.610,9.542
2020-11-08 13:00,0.770,10.986
2020-11-08 14:00,0.857,12.110
2020-11-08 15:00,0.866,12.258
2020-11-08 16:00,0.840,11.866
2020-11-08 17:00,0.793,11.251
2020-11-08 18:00,0.810,11.463
2020-11-08 19:00,0.858,12.126
2020-11-08 20:00,0.883,12.548
2020-11-08 21:00,0.884,12.571
2020-11-08 22:00,0.882,12.538
2020-11-08 23:00,0.871,12.336
2020-11-09 00:00,0.834,11.759
2020-11-09 01:00,0.783,11.127
2020-11-09 02:00,0.760,10.875
2020-11-09 03:00,0.735,10.630
2020-11-09 04:00,0.705,10.332
2020-11-09 05:00,0.650,9.863
2020-11-09 06:00,0.574,9.256
2020-11-09 07:00,0.494,8.661
2020-11-09 08:00,0.422,8.119
2020-11-09 09:00,0.351,7.585
2020-11-09 10:00,0.367,7.713
2020-11-09 11:00,0.413,8.065
2020-11-09 12:00,0.480,8.559
2020-11-09 13:00,0.552,9.089
2020-11-09 14:00,0.643,9.803
2020-11-09 15:00,0.660,9.946
2020-11-09 16:00,0.669,10.028
2020-11-09 17:00,0.682,10.140
2020-11-09 18:00,0.685,10.160
2020-11-09 19:00,0.697,10.272
2020-11-09 20:00,0.722,10.491
2020-11-09 21:00,0.785,11.161
2020-11-09 22:00,0.806,11.412
2020-11-09 23:00,0.791,11.229
2020-11-10 00:00,0.762,10.892
2020-11-10 01:00,0.743,10.709
2020-11-10 02:00,0.714,10.421
2020-11-10 03:00,0.695,10.253
2020-11-10 04:00,0.687,10.172
2020-11-10 05:00,0.662,9.956
2020-11-10 06:00,0.625,9.658
2020-11-10 07:00,0.569,9.218
2020-11-10 08:00,0.465,8.439
2020-11-10 09:00,0.377,7.786
2020-11-10 10:00,0.342,7.521
2020-11-10 11:00,0.342,7.521
2020-11-10 12:00,0.351,7.586
2020-11-10 13:00,0.371,7.744
2020-11-10 14:00,0.413,8.054
2020-11-10 15:00,0.441,8.269
2020-11-10 16:00,0.463,8.430
2020-11-10 17:00,0.502,8.716
2020-11-10 18:00,0.526,8.894
2020-11-10 19:00,0.524,8.882
2020-11-10 20:00,0.539,8.989
2020-11-10 21:00,0.586,9.353
2020-11-10 22:00,0.636,9.741
2020-11-10 23:00,0.649,9.855
2020-11-11 00:00,0.624,9.644
2020-11-11 01:00,0.673,10.060
2020-11-11 02:00,0.768,10.966
2020-11-11 03:00,0.767,10.961
2020-11-11 04:00,0.707,10.353
2020-11-11 05:00,0.613,9.566
2020-11-11 06:00,0.506,8.749
2020-11-11 07:00,0.399,7.961
2020-11-11 08:00,0.300,7.182
2020-11-11 09:00,0.242,6.670
2020-11-11 10:00,0.210,6.379
2020-11-11 11:00,0.191,6.186
2020-11-11 12:00,0.177,6.033
2020-11-11 13:00,0.163,5.885
2020-11-11 14:00,0.156,5.812
2020-11-11 15:00,0.174,6.002
2020-11-11 16:00,0.217,6.449
2020-11-11 17:00,0.295,7.137
2020-11-11 18:00,0.395,7.919
2020-11-11 19:00,0.472,8.491
2020-11-11 20:00,0.509,8.770
2020-11-11 21:00,0.518,8.829
2020-11-11 22:00,0.533,8.951
2020-11-11 23:00,0.545,9.028
2020-11-12 00:00,0.485,8.595
2020-11-12 01:00,0.487,8.612
2020-11-12 02:00,0.542,9.015
2020-11-12 03:00,0.582,9.320
2020-11-12 04:00,0.557,9.133
2020-11-12 05:00,0.503,8.726
2020-11-12 06:00,0.429,8.176
2020-11-12 07:00,0.350,7.577
2020-11-12 08:00,0.260,6.841
2020-11-12 09:00,0.161,5.867
2020-11-12 10:00,0.100,5.069
2020-11-12 11:00,0.084,4.833
2020-11-12 12:00,0.109,5.213
2020-11-12 13:00,0.177,6.032
2020-11-12 14:00,0.316,7.316
2020-11-12 15:00,0.509,8.771
2020-11-12 16:00,0.684,10.145
2020-11-12 17:00,0.786,11.173
2020-11-12 18:00,0.773,11.011
2020-11-12 19:00,0.771,10.997
2020-11-12 20:00,0.793,11.250
2020-11-12 21:00,0.781,11.098
2020-11-12 22:00,0.756,10.829
2020-11-12 23:00,0.724,10.517
2020-11-13 00:00,0.689,10.197
2020-11-13 01:00,0.674,10.066
2020-11-13 02:00,0.669,10.026
2020-11-13 03:00,0.700,10.301
2020-11-13 04:00,0.709,10.375
2020-11-13 05:00,0.679,10.106
2020-11-13 06:00,0.628,9.674
2020-11-13 07:00,0.586,9.352
2020-11-13 08:00,0.525,8.888
2020-11-13 09:00,0.488,8.617
2020-11-13 10:00,0.483,8.573
2020-11-13 11:00,0.545,9.040
2020-11-13 12:00,0.587,9.359
2020-11-13 13:00,0.599,9.445
2020-11-13 14:00,0.608,9.515
2020-11-13 15:00,0.611,9.544
2020-11-13 16:00,0.620,9.616
2020-11-13 17:00,0.652,9.879
2020-11-13 18:00,0.696,10.264
2020-11-13 19:00,0.687,10.168
2020-11-13 20:00,0.663,9.972
2020-11-13 21:00,0.679,10.101
2020-11-13 22:00,0.696,10.259
2020-11-13 23:00,0.693,10.233
2020-11-14 00:00,0.668,10.016
2020-11-14 01:00,0.705,10.341
2020-11-14 02:00,0.717,10.459
2020-11-14 03:00,0.761,10.888
2020-11-14 04:00,0.795,11.262
2020-11-14 05:00,0.796,11.290
2020-11-14 06:00,0.798,11.315
2020-11-14 07:00,0.808,11.431
2020-11-14 08:00,0.813,11.485
2020-11-14 09:00,0.820,11.582
2020-11-14 10:00,0.847,11.963
2020-11-14 11:00,0.879,12.475
2020-11-14 12:00,0.873,12.377
2020-11-14 13:00,0.865,12.236
2020-11-14 14:00,0.862,12.189
2020-11-14 15:00,0.823,11.621
2020-11-14 16:00,0.764,10.923
2020-11-14 17:00,0.723,10.508
2020-11-14 18:00,0.701,10.302
2020-11-14 19:00,0.689,10.191
2020-11-14 20:00,0.671,10.040
2020-11-14 21:00,0.671,10.043
2020-11-14 22:00,0.685,10.162
2020-11-14 23:00,0.702,10.317
2020-11-15 00:00,0.670,10.029
2020-11-15 01:00,0.682,10.135
2020-11-15 02:00,0.690,10.203
2020-11-15 03:00,0.681,10.128
2020-11-15 04:00,0.650,9.865
2020-11-15 05:00,0.600,9.457
2020-11-15 06:00,0.533,8.953
2020-11-15 07:00,0.469,8.477
2020-11-15 08:00,0.406,8.004
2020-11-15 09:00,0.377,7.791
2020-11-15 10:00,0.386,7.851
2020-11-15 11:00,0.415,8.074
2020-11-15 12:00,0.457,8.387
2020-11-15 13:00,0.484,8.577
2020-11-15 14:00,0.485,8.596
2020-11-15 15:00,0.453,8.354
2020-11-15 16:00,0.386,7.855
2020-11-15 17:00,0.326,7.386
2020-11-15 18:00,0.289,7.089
2020-11-15 19:00,0.273,6.952
2020-11-15 20:00,0.272,6.945
2020-11-15 21:00,0.286,7.070
2020-11-15 22:00,0.313,7.289
2020-11-15 23:00,0.322,7.361
2020-11-16 00:00,0.318,7.328
2020-11-16 01:00,0.394,7.915
2020-11-16 02:00,0.450,8.336
2020-11-16 03:00,0.454,8.368
2020-11-16 04:00,0.423,8.136
2020-11-16 05:00,0.379,7.809
2020-11-16 06:00,0.321,7.349
2020-11-16 07:00,0.264,6.876
2020-11-16 08:00,0.208,6.357
2020-11-16 09:00,0.148,5.716
2020-11-16 10:00,0.114,5.275
2020-11-16 11:00,0.094,4.991
2020-11-16 12:00,0.076,4.704
2020-11-16 13:00,0.056,4.327
2020-11-16 14:00,0.035,3.825
2020-11-16 15:00,0.023,3.473
2020-11-16 16:00,0.023,3.460
2020-11-16 17:00,0.028,3.629
2020-11-16 18:00,0.037,3.868
2020-11-16 19:00,0.051,4.210
2020-11-16 20:00,0.069,4.582
2020-11-16 21:00,0.100,5.087
2020-11-16 22:00,0.145,5.674
2020-11-16 23:00,0.181,6.075
2020-11-17 00:00,0.184,6.121
2020-11-17 01:00,0.256,6.811
2020-11-17 02:00,0.256,6.807
2020-11-17 03:00,0.208,6.361
2020-11-17 04:00,0.141,5.631
2020-11-17 05:00,0.087,4.878
2020-11-17 06:00,0.058,4.361
2020-11-17 07:00,0.050,4.202
2020-11-17 08:00,0.057,4.339
2020-11-17 09:00,0.070,4.599
2020-11-17 10:00,0.089,4.922
2020-11-17 11:00,0.098,5.045
2020-11-17 12:00,0.103,5.126
2020-11-17 13:00,0.110,5.223
2020-11-17 14:00,0.118,5.323
2020-11-17 15:00,0.117,5.319
2020-11-17 16:00,0.100,5.066
2020-11-17 17:00,0.075,4.681
2020-11-17 18:00,0.067,4.535
2020-11-17 19:00,0.074,4.669
2020-11-17 20:00,0.073,4.637
2020-11-17 21:00,0.072,4.618
2020-11-17 22:00,0.078,4.739
2020-11-17 23:00,0.083,4.804
2020-11-18 00:00,0.071,4.610
2020-11-18 01:00,0.091,4.941
2020-11-18 02:00,0.089,4.913
2020-11-18 03:00,0.073,4.632
2020-11-18 04:00,0.058,4.362
2020-11-18 05:00,0.052,4.250
2020-11-18 06:00,0.055,4.286
2020-11-18 07:00,0.055,4.304
2020-11-18 08:00,0.051,4.225
2020-11-18 09:00,0.049,4.176
2020-11-18 10:00,0.049,4.180
2020-11-18 11:00,0.045,4.081
2020-11-18 12:00,0.042,4.016
2020-11-18 13:00,0.040,3.946
2020-11-18 14:00,0.035,3.823
2020-11-18 15:00,0.026,3.559
2020-11-18 16:00,0.015,3.163
2020-11-18 17:00,0.007,2.705
2020-11-18 18:00,0.003,2.228
2020-11-18 19:00,0.001,1.871
2020-11-18 20:00,0.001,2.010
2020-11-18 21:00,0.005,2.512
2020-11-18 22:00,0.013,3.049
2020-11-18 23:00,0.021,3.378
2020-11-19 00:00,0.021,3.390
2020-11-19 01:00,0.020,3.356
2020-11-19 02:00,0.017,3.205
2020-11-19 03:00,0.010,2.899
2020-11-19 04:00,0.006,2.581
2020-11-19 05:00,0.004,2.426
2020-11-19 06:00,0.004,2.404
2020-11-19 07:00,0.005,2.527
2020-11-19 08:00,0.010,2.865
2020-11-19 09:00,0.025,3.550
2020-11-19 10:00,0.048,4.152
2020-11-19 11:00,0.048,4.142
2020-11-19 12:00,0.035,3.822
2020-11-19 13:00,0.018,3.286
2020-11-19 14:00,0.006,2.559
2020-11-19 15:00,0.001,1.768
2020-11-19 16:00,0,1.101
2020-11-19 17:00,0,0.793
2020-11-19 18:00,0,1.058
2020-11-19 19:00,0.001,1.696
2020-11-19 20:00,0.005,2.461
2020-11-19 21:00,0.014,3.117
2020-11-19 22:00,0.025,3.524
2020-11-19 23:00,0.029,3.669
2020-11-20 00:00,0.018,3.279
2020-11-20 01:00,0.011,2.924
2020-11-20 02:00,0.006,2.609
2020-11-20 03:00,0.005,2.486
2020-11-20 04:00,0.005,2.464
2020-11-20 05:00,0.006,2.609
2020-11-20 06:00,0.010,2.879
2020-11-20 07:00,0.015,3.138
2020-11-20 08:00,0.020,3.356
2020-11-20 09:00,0.031,3.730
2020-11-20 10:00,0.045,4.083
2020-11-20 11:00,0.039,3.930
2020-11-20 12:00,0.031,3.706
2020-11-20 13:00,0.021,3.400
2020-11-20 14:00,0.012,3.004
2020-11-20 15:00,0.004,2.413
2020-11-20 16:00,0.001,1.730
2020-11-20 17:00,0,1.164
2020-11-20 18:00,0,0.737
2020-11-20 19:00,0,1.148
2020-11-20 20:00,0.002,2.079
2020-11-20 21:00,0.013,3.046
2020-11-20 22:00,0.039,3.930
2020-11-20 23:00,0.070,4.591
2020-11-21 00:00,0.076,4.703
2020-11-21 01:00,0.078,4.729
2020-11-21 02:00,0.070,4.591
2020-11-21 03:00,0.061,4.410
2020-11-21 04:00,0.059,4.377
2020-11-21 05:00,0.071,4.609
2020-11-21 06:00,0.102,5.112
2020-11-21 07:00,0.156,5.808
2020-11-21 08:00,0.222,6.498
2020-11-21 09:00,0.256,6.811
2020-11-21 10:00,0.254,6.789
2020-11-21 11:00,0.259,6.832
2020-11-21 12:00,0.270,6.926
2020-11-21 13:00,0.259,6.826
2020-11-21 14:00,0.266,6.898
2020-11-21 15:00,0.270,6.930
2020-11-21 16:00,0.224,6.512
2020-11-21 17:00,0.213,6.405
2020-11-21 18:00,0.210,6.372
2020-11-21 19:00,0.210,6.371
2020-11-21 20:00,0.236,6.624
2020-11-21 21:00,0.258,6.822
2020-11-21 22:00,0.270,6.922
2020-11-21 23:00,0.264,6.877
2020-11-22 00:00,0.291,7.106
2020-11-22 01:00,0.362,7.680
2020-11-22 02:00,0.374,7.761
2020-11-22 03:00,0.377,7.796
2020-11-22 04:00,0.380,7.818
2020-11-22 05:00,0.363,7.682
2020-11-22 06:00,0.345,7.545
2020-11-22 07:00,0.342,7.522
2020-11-22 08:00,0.328,7.400
2020-11-22 09:00,0.277,6.986
2020-11-22 10:00,0.234,6.598
2020-11-22 11:00,0.192,6.192
2020-11-22 12:00,0.165,5.908
2020-11-22 13:00,0.164,5.896
2020-11-22 14:00,0.207,6.346
2020-11-22 15:00,0.359,7.643
2020-11-22 16:00,0.522,8.866
2020-11-22 17:00,0.620,9.622
2020-11-22 18:00,0.671,10.039
2020-11-22 19:00,0.689,10.198
2020-11-22 20:00,0.694,10.247
2020-11-22 21:00,0.717,10.455
2020-11-22 22:00,0.733,10.606
2020-11-22 23:00,0.735,10.619
2020-11-23 00:00,0.707,10.349
2020-11-23 01:00,0.687,10.169
2020-11-23 02:00,0.694,10.248
2020-11-23 03:00,0.705,10.332
2020-11-23 04:00,0.724,10.518
2020-11-23 05:00,0.722,10.500
2020-11-23 06:00,0.697,10.274
2020-11-23 07:00,0.665,9.993
2020-11-23 08:00,0.628,9.673
2020-11-23 09:00,0.567,9.203
2020-11-23 10:00,0.506,8.738
2020-11-23 11:00,0.484,8.585
2020-11-23 12:00,0.462,8.420
2020-11-23 13:00,0.450,8.333
2020-11-23 14:00,0.443,8.278
2020-11-23 15:00,0.426,8.154
2020-11-23 16:00,0.417,8.081
2020-11-23 17:00,0.446,8.302
2020-11-23 18:00,0.499,8.690
2020-11-23 19:00,0.544,9.028
2020-11-23 20:00,0.569,9.223
2020-11-23 21:00,0.588,9.363
2020-11-23 22:00,0.594,9.402
2020-11-23 23:00,0.592,9.395
2020-11-24 00:00,0.593,9.396
2020-11-24 01:00,0.549,9.073
2020-11-24 02:00,0.510,8.774
2020-11-24 03:00,0.441,8.264
2020-11-24 04:00,0.374,7.764
2020-11-24 05:00,0.324,7.378
2020-11-24 06:00,0.281,7.028
2020-11-24 07:00,0.254,6.792
2020-11-24 08:00,0.233,6.596
2020-11-24 09:00,0.232,6.591
2020-11-24 10:00,0.252,6.773
2020-11-24 11:00,0.260,6.841
2020-11-24 12:00,0.261,6.849
2020-11-24 13:00,0.246,6.719
2020-11-24 14:00,0.222,6.499
2020-11-24 15:00,0.206,6.334
2020-11-24 16:00,0.203,6.310
2020-11-24 17:00,0.222,6.487
2020-11-24 18:00,0.262,6.861
2020-11-24 19:00,0.330,7.422
2020-11-24 20:00,0.401,7.971
2020-11-24 21:00,0.464,8.435
2020-11-24 22:00,0.511,8.790
2020-11-24 23:00,0.528,8.902
2020-11-25 00:00,0.494,8.654
2020-11-25 01:00,0.499,8.693
2020-11-25 02:00,0.493,8.646
2020-11-25 03:00,0.476,8.524
2020-11-25 04:00,0.454,8.368
2020-11-25 05:00,0.433,8.214
2020-11-25 06:00,0.413,8.056
2020-11-25 07:00,0.403,7.984
2020-11-25 08:00,0.395,7.929
2020-11-25 09:00,0.381,7.820
2020-11-25 10:00,0.379,7.806
2020-11-25 11:00,0.352,7.594
2020-11-25 12:00,0.312,7.275
2020-11-25 13:00,0.270,6.928
2020-11-25 14:00,0.234,6.606
2020-11-25 15:00,0.190,6.181
2020-11-25 16:00,0.144,5.661
2020-11-25 17:00,0.112,5.247
2020-11-25 18:00,0.105,5.148
2020-11-25 19:00,0.131,5.511
2020-11-25 20:00,0.203,6.308
2020-11-25 21:00,0.328,7.400
2020-11-25 22:00,0.465,8.440
2020-11-25 23:00,0.561,9.160
2020-11-26 00:00,0.597,9.432
2020-11-26 01:00,0.660,9.944
2020-11-26 02:00,0.672,10.054
2020-11-26 03:00,0.601,9.469
2020-11-26 04:00,0.497,8.673
2020-11-26 05:00,0.401,7.977
2020-11-26 06:00,0.330,7.430
2020-11-26 07:00,0.275,6.975
2020-11-26 08:00,0.231,6.575
2020-11-26 09:00,0.200,6.283
2020-11-26 10:00,0.183,6.099
2020-11-26 11:00,0.149,5.729
2020-11-26 12:00,0.121,5.372
2020-11-26 13:00,0.117,5.307
2020-11-26 14:00,0.186,6.139
2020-11-26 15:00,0.429,8.175
2020-11-26 16:00,0.789,11.204
2020-11-26 17:00,0.854,12.070
2020-11-26 18:00,0.861,12.180
2020-11-26 19:00,0.864,12.213
2020-11-26 20:00,0.868,12.299
2020-11-26 21:00,0.876,12.431
2020-11-26 22:00,0.884,12.574
2020-11-26 23:00,0.887,12.628
2020-11-27 00:00,0.890,12.688
2020-11-27 01:00,0.866,12.254
2020-11-27 02:00,0.822,11.615
2020-11-27 03:00,0.780,11.095
2020-11-27 04:00,0.735,10.631
2020-11-27 05:00,0.690,10.204
2020-11-27 06:00,0.644,9.812
2020-11-27 07:00,0.606,9.505
2020-11-27 08:00,0.575,9.269
2020-11-27 09:00,0.522,8.865
2020-11-27 10:00,0.497,8.682
2020-11-27 11:00,0.576,9.275
2020-11-27 12:00,0.730,10.576
2020-11-27 13:00,0.889,12.648
2020-11-27 14:00,0.929,13.557
2020-11-27 15:00,0.925,13.457
2020-11-27 16:00,0.927,13.501
2020-11-27 17:00,0.930,13.584
2020-11-27 18:00,0.930,13.590
2020-11-27 19:00,0.928,13.533
2020-11-27 20:00,0.927,13.505
2020-11-27 21:00,0.926,13.488
2020-11-27 22:00,0.923,13.398
2020-11-27 23:00,0.913,13.161
2020-11-28 00:00,0.905,12.989
2020-11-28 01:00,0.860,12.160
2020-11-28 02:00,0.796,11.276
2020-11-28 03:00,0.747,10.745
2020-11-28 04:00,0.702,10.314
2020-11-28 05:00,0.647,9.831
2020-11-28 06:00,0.594,9.411
2020-11-28 07:00,0.557,9.129
2020-11-28 08:00,0.542,9.016
2020-11-28 09:00,0.528,8.908
2020-11-28 10:00,0.534,8.961
2020-11-28 11:00,0.581,9.313
2020-11-28 12:00,0.679,10.101
2020-11-28 13:00,0.798,11.305
2020-11-28 14:00,0.894,12.768
2020-11-28 15:00,0.917,13.246
2020-11-28 16:00,0.915,13.219
2020-11-28 17:00,0.908,13.060
2020-11-28 18:00,0.907,13.040
2020-11-28 19:00,0.908,13.050
2020-11-28 20:00,0.904,12.967
2020-11-28 21:00,0.897,12.826
2020-11-28 22:00,0.894,12.771
2020-11-28 23:00,0.887,12.634
2020-11-29 00:00,0.892,12.729
2020-11-29 01:00,0.876,12.418
2020-11-29 02:00,0.826,11.658
2020-11-29 03:00,0.771,10.995
2020-11-29 04:00,0.709,10.379
2020-11-29 05:00,0.636,9.738
2020-11-29 06:00,0.568,9.210
2020-11-29 07:00,0.528,8.913
2020-11-29 08:00,0.528,8.911
2020-11-29 09:00,0.548,9.050
2020-11-29 10:00,0.586,9.355
2020-11-29 11:00,0.654,9.891
2020-11-29 12:00,0.735,10.625
2020-11-29 13:00,0.826,11.655
2020-11-29 14:00,0.907,13.027
2020-11-29 15:00,0.926,13.479
2020-11-29 16:00,0.921,13.354
2020-11-29 17:00,0.919,13.306
2020-11-29 18:00,0.918,13.293
2020-11-29 19:00,0.917,13.246
2020-11-29 20:00,0.911,13.129
2020-11-29 21:00,0.908,13.045
2020-11-29 22:00,0.899,12.860
2020-11-29 23:00,0.885,12.594
2020-11-30 00:00,0.880,12.503
2020-11-30 01:00,0.856,12.099
2020-11-30 02:00,0.802,11.361
2020-11-30 03:00,0.760,10.869
2020-11-30 04:00,0.723,10.511
2020-11-30 05:00,0.684,10.146
2020-11-30 06:00,0.646,9.824
2020-11-30 07:00,0.620,9.616
2020-11-30 08:00,0.612,9.555
2020-11-30 09:00,0.608,9.515
2020-11-30 10:00,0.624,9.645
2020-11-30 11:00,0.643,9.807
2020-11-30 12:00,0.664,9.983
2020-11-30 13:00,0.690,10.203
2020-11-30 14:00,0.758,10.860
2020-11-30 15:00,0.847,11.959
2020-11-30 16:00,0.896,12.806
2020-11-30 17:00,0.913,13.162
2020-11-30 18:00,0.914,13.190
2020-11-30 19:00,0.902,12.933
2020-11-30 20:00,0.880,12.502
2020-11-30 21:00,0.869,12.303
2020-11-30 22:00,0.864,12.225
2020-11-30 23:00,0.848,11.978
2020-12-01 00:00,0.827,11.666
2020-12-01 01:00,0.784,11.140
2020-12-01 02:00,0.764,10.920
2020-12-01 03:00,0.739,10.665
2020-12-01 04:00,0.680,10.118
2020-12-01 05:00,0.603,9.480
2020-12-01 06:00,0.524,8.886
2020-12-01 07:00,0.463,8.423
2020-12-01 08:00,0.432,8.202
2020-12-01 09:00,0.423,8.138
2020-12-01 10:00,0.433,8.211
2020-12-01 11:00,0.466,8.454
2020-12-01 12:00,0.520,8.855
2020-12-01 13:00,0.594,9.400
2020-12-01 14:00,0.660,9.946
2020-12-01 15:00,0.712,10.404
2020-12-01 16:00,0.733,10.604
2020-12-01 17:00,0.749,10.766
2020-12-01 18:00,0.773,11.011
2020-12-01 19:00,0.796,11.284
2020-12-01 20:00,0.822,11.602
2020-12-01 21:00,0.826,11.663
2020-12-01 22:00,0.806,11.400
2020-12-01 23:00,0.773,11.022
2020-12-02 00:00,0.719,10.478
2020-12-02 01:00,0.685,10.154
2020-12-02 02:00,0.620,9.616
2020-12-02 03:00,0.557,9.130
2020-12-02 04:00,0.508,8.756
2020-12-02 05:00,0.469,8.478
2020-12-02 06:00,0.433,8.215
2020-12-02 07:00,0.398,7.949
2020-12-02 08:00,0.377,7.796
2020-12-02 09:00,0.362,7.678
2020-12-02 10:00,0.356,7.623
2020-12-02 11:00,0.363,7.689
2020-12-02 12:00,0.407,8.017
2020-12-02 13:00,0.507,8.753
2020-12-02 14:00,0.669,10.027
2020-12-02 15:00,0.817,11.535
2020-12-02 16:00,0.864,12.213
2020-12-02 17:00,0.873,12.371
2020-12-02 18:00,0.886,12.616
2020-12-02 19:00,0.906,13.002
2020-12-02 20:00,0.924,13.439
2020-12-02 21:00,0.937,13.798
2020-12-02 22:00,0.946,14.069
2020-12-02 23:00,0.951,14.241
2020-12-03 00:00,0.962,14.682
2020-12-03 01:00,0.949,14.188
2020-12-03 02:00,0.917,13.263
2020-12-03 03:00,0.882,12.540
2020-12-03 04:00,0.843,11.905
2020-12-03 05:00,0.795,11.259
2020-12-03 06:00,0.754,10.818
2020-12-03 07:00,0.738,10.654
2020-12-03 08:00,0.747,10.743
2020-12-03 09:00,0.764,10.923
2020-12-03 10:00,0.804,11.387
2020-12-03 11:00,0.854,12.074
2020-12-03 12:00,0.886,12.600
2020-12-03 13:00,0.891,12.699
2020-12-03 14:00,0.890,12.668
2020-12-03 15:00,0.892,12.726
2020-12-03 16:00,0.899,12.873
2020-12-03 17:00,0.913,13.150
2020-12-03 18:00,0.924,13.430
2020-12-03 19:00,0.933,13.669
2020-12-03 20:00,0.935,13.724
2020-12-03 21:00,0.934,13.708
2020-12-03 22:00,0.933,13.679
2020-12-03 23:00,0.929,13.554
2020-12-04 00:00,0.933,13.662
2020-12-04 01:00,0.902,12.926
2020-12-04 02:00,0.851,12.016
2020-12-04 03:00,0.802,11.360
2020-12-04 04:00,0.756,10.833
2020-12-04 05:00,0.700,10.298
2020-12-04 06:00,0.652,9.878
2020-12-04 07:00,0.617,9.595
2020-12-04 08:00,0.608,9.512
2020-12-04 09:00,0.624,9.644
2020-12-04 10:00,0.672,10.054
2020-12-04 11:00,0.731,10.589
2020-12-04 12:00,0.779,11.077
2020-12-04 13:00,0.815,11.520
2020-12-04 14:00,0.828,11.687
2020-12-04 15:00,0.827,11.668
2020-12-04 16:00,0.826,11.663
2020-12-04 17:00,0.831,11.735
2020-12-04 18:00,0.835,11.779
2020-12-04 19:00,0.835,11.781
2020-12-04 20:00,0.832,11.742
2020-12-04 21:00,0.829,11.705
2020-12-04 22:00,0.828,11.694
2020-12-04 23:00,0.813,11.491
2020-12-05 00:00,0.796,11.286
2020-12-05 01:00,0.739,10.667
2020-12-05 02:00,0.661,9.951
2020-12-05 03:00,0.601,9.471
2020-12-05 04:00,0.534,8.955
2020-12-05 05:00,0.454,8.368
2020-12-05 06:00,0.377,7.787
2020-12-05 07:00,0.329,7.415
2020-12-05 08:00,0.305,7.225
2020-12-05 09:00,0.297,7.151
2020-12-05 10:00,0.291,7.100
2020-12-05 11:00,0.299,7.171
2020-12-05 12:00,0.313,7.289
2020-12-05 13:00,0.330,7.420
2020-12-05 14:00,0.362,7.678
2020-12-05 15:00,0.426,8.153
2020-12-05 16:00,0.503,8.728
2020-12-05 17:00,0.569,9.218
2020-12-05 18:00,0.604,9.485
2020-12-05 19:00,0.617,9.591
2020-12-05 20:00,0.625,9.656
2020-12-05 21:00,0.619,9.608
2020-12-05 22:00,0.608,9.520
2020-12-05 23:00,0.576,9.278
2020-12-06 00:00,0.509,8.762
2020-12-06 01:00,0.446,8.307
2020-12-06 02:00,0.352,7.596
2020-12-06 03:00,0.252,6.762
2020-12-06 04:00,0.167,5.937
2020-12-06 05:00,0.100,5.079
2020-12-06 06:00,0.060,4.403
2020-12-06 07:00,0.043,4.037
2020-12-06 08:00,0.039,3.945
2020-12-06 09:00,0.048,4.162
2020-12-06 10:00,0.068,4.560
2020-12-06 11:00,0.088,4.901
2020-12-06 12:00,0.098,5.044
2020-12-06 13:00,0.100,5.072
2020-12-06 14:00,0.103,5.123
2020-12-06 15:00,0.120,5.357
2020-12-06 16:00,0.163,5.893
2020-12-06 17:00,0.239,6.656
2020-12-06 18:00,0.340,7.502
2020-12-06 19:00,0.444,8.282
2020-12-06 20:00,0.523,8.877
2020-12-06 21:00,0.575,9.262
2020-12-06 22:00,0.605,9.493
2020-12-06 23:00,0.616,9.580
2020-12-07 00:00,0.582,9.323
2020-12-07 01:00,0.574,9.253
2020-12-07 02:00,0.552,9.089
2020-12-07 03:00,0.489,8.626
2020-12-07 04:00,0.409,8.026
2020-12-07 05:00,0.336,7.479
2020-12-07 06:00,0.291,7.104
2020-12-07 07:00,0.266,6.900
2020-12-07 08:00,0.256,6.808
2020-12-07 09:00,0.239,6.657
2020-12-07 10:00,0.228,6.549
2020-12-07 11:00,0.246,6.712
2020-12-07 12:00,0.280,7.015
2020-12-07 13:00,0.437,8.234
2020-12-07 14:00,0.766,10.951
2020-12-07 15:00,0.887,12.623
2020-12-07 16:00,0.878,12.471
2020-12-07 17:00,0.873,12.365
2020-12-07 18:00,0.880,12.492
2020-12-07 19:00,0.899,12.869
2020-12-07 20:00,0.900,12.884
2020-12-07 21:00,0.893,12.751
2020-12-07 22:00,0.891,12.703
2020-12-07 23:00,0.886,12.609
2020-12-08 00:00,0.880,12.494
2020-12-08 01:00,0.823,11.627
2020-12-08 02:00,0.709,10.373
2020-12-08 03:00,0.596,9.431
2020-12-08 04:00,0.513,8.797
2020-12-08 05:00,0.433,8.211
2020-12-08 06:00,0.362,7.667
2020-12-08 07:00,0.326,7.387
2020-12-08 08:00,0.319,7.331
2020-12-08 09:00,0.289,7.080
2020-12-08 10:00,0.242,6.677
2020-12-08 11:00,0.217,6.437
2020-12-08 12:00,0.208,6.358
2020-12-08 13:00,0.262,6.850
2020-12-08 14:00,0.339,7.497
2020-12-08 15:00,0.441,8.271
2020-12-08 16:00,0.566,9.188
2020-12-08 17:00,0.641,9.790
2020-12-08 18:00,0.650,9.860
2020-12-08 19:00,0.639,9.776
2020-12-08 20:00,0.613,9.564
2020-12-08 21:00,0.588,9.365
2020-12-08 22:00,0.557,9.129
2020-12-08 23:00,0.531,8.937
2020-12-09 00:00,0.490,8.629
2020-12-09 01:00,0.469,8.474
2020-12-09 02:00,0.431,8.200
2020-12-09 03:00,0.373,7.755
2020-12-09 04:00,0.293,7.118
2020-12-09 05:00,0.222,6.499
2020-12-09 06:00,0.174,6.006
2020-12-09 07:00,0.152,5.767
2020-12-09 08:00,0.158,5.836
2020-12-09 09:00,0.199,6.275
2020-12-09 10:00,0.253,6.784
2020-12-09 11:00,0.270,6.932
2020-12-09 12:00,0.252,6.769
2020-12-09 13:00,0.217,6.443
2020-12-09 14:00,0.183,6.096
2020-12-09 15:00,0.157,5.819
2020-12-09 16:00,0.154,5.778
2020-12-09 17:00,0.174,6.007
2020-12-09 18:00,0.210,6.370
2020-12-09 19:00,0.262,6.854
2020-12-09 20:00,0.316,7.314
2020-12-09 21:00,0.353,7.611
2020-12-09 22:00,0.394,7.914
2020-12-09 23:00,0.407,8.021
2020-12-10 00:00,0.377,7.792
2020-12-10 01:00,0.360,7.651
2020-12-10 02:00,0.377,7.782
2020-12-10 03:00,0.387,7.865
2020-12-10 04:00,0.342,7.516
2020-12-10 05:00,0.264,6.869
2020-12-10 06:00,0.194,6.221
2020-12-10 07:00,0.152,5.760
2020-12-10 08:00,0.132,5.517
2020-12-10 09:00,0.128,5.457
2020-12-10 10:00,0.128,5.471
2020-12-10 11:00,0.127,5.448
2020-12-10 12:00,0.112,5.259
2020-12-10 13:00,0.092,4.956
2020-12-10 14:00,0.075,4.679
2020-12-10 15:00,0.062,4.443
2020-12-10 16:00,0.056,4.332
2020-12-10 17:00,0.065,4.510
2020-12-10 18:00,0.094,4.987
2020-12-10 19:00,0.142,5.644
2020-12-10 20:00,0.181,6.085
2020-12-10 21:00,0.208,6.360
2020-12-10 22:00,0.225,6.523
2020-12-10 23:00,0.232,6.589
2020-12-11 00:00,0.197,6.247
2020-12-11 01:00,0.181,6.081
2020-12-11 02:00,0.182,6.094
2020-12-11 03:00,0.172,5.977
2020-12-11 04:00,0.135,5.552
2020-12-11 05:00,0.093,4.979
2020-12-11 06:00,0.069,4.574
2020-12-11 07:00,0.061,4.419
2020-12-11 08:00,0.063,4.462
2020-12-11 09:00,0.083,4.809
2020-12-11 10:00,0.101,5.093
2020-12-11 11:00,0.094,4.993
2020-12-11 12:00,0.078,4.728
2020-12-11 13:00,0.061,4.410
2020-12-11 14:00,0.045,4.083
2020-12-11 15:00,0.034,3.798
2020-12-11 16:00,0.037,3.870
2020-12-11 17:00,0.056,4.323
2020-12-11 18:00,0.091,4.941
2020-12-11 19:00,0.136,5.562
2020-12-11 20:00,0.179,6.053
2020-12-11 21:00,0.207,6.348
2020-12-11 22:00,0.223,6.510
2020-12-11 23:00,0.244,6.691
2020-12-12 00:00,0.241,6.665
2020-12-12 01:00,0.262,6.858
2020-12-12 02:00,0.276,6.982
2020-12-12 03:00,0.271,6.934
2020-12-12 04:00,0.236,6.627
2020-12-12 05:00,0.187,6.153
2020-12-12 06:00,0.147,5.696
2020-12-12 07:00,0.122,5.392
2020-12-12 08:00,0.122,5.392
2020-12-12 09:00,0.163,5.888
2020-12-12 10:00,0.228,6.557
2020-12-12 11:00,0.274,6.956
2020-12-12 12:00,0.293,7.118
2020-12-12 13:00,0.293,7.121
2020-12-12 14:00,0.276,6.982
2020-12-12 15:00,0.236,6.618
2020-12-12 16:00,0.199,6.272
2020-12-12 17:00,0.177,6.036
2020-12-12 18:00,0.177,6.030
2020-12-12 19:00,0.190,6.173
2020-12-12 20:00,0.212,6.398
2020-12-12 21:00,0.246,6.713
2020-12-12 22:00,0.302,7.194
2020-12-12 23:00,0.338,7.487
2020-12-13 00:00,0.310,7.270
2020-12-13 01:00,0.321,7.357
2020-12-13 02:00,0.344,7.536
2020-12-13 03:00,0.356,7.621
2020-12-13 04:00,0.346,7.556
2020-12-13 05:00,0.330,7.420
2020-12-13 06:00,0.317,7.324
2020-12-13 07:00,0.319,7.331
2020-12-13 08:00,0.325,7.384
2020-12-13 09:00,0.323,7.364
2020-12-13 10:00,0.337,7.482
2020-12-13 11:00,0.357,7.634
2020-12-13 12:00,0.381,7.820
2020-12-13 13:00,0.392,7.907
2020-12-13 14:00,0.383,7.835
2020-12-13 15:00,0.353,7.604
2020-12-13 16:00,0.280,7.019
2020-12-13 17:00,0.196,6.229
2020-12-13 18:00,0.127,5.446
2020-12-13 19:00,0.088,4.901
2020-12-13 20:00,0.099,5.053
2020-12-13 21:00,0.324,7.369
2020-12-13 22:00,0.685,10.155
2020-12-13 23:00,0.844,11.916
2020-12-14 00:00,0.865,12.251
2020-12-14 01:00,0.865,12.247
2020-12-14 02:00,0.852,12.031
2020-12-14 03:00,0.810,11.454
2020-12-14 04:00,0.759,10.868
2020-12-14 05:00,0.709,10.372
2020-12-14 06:00,0.677,10.093
2020-12-14 07:00,0.677,10.081
2020-12-14 08:00,0.710,10.388
2020-12-14 09:00,0.765,10.937
2020-12-14 10:00,0.817,11.550
2020-12-14 11:00,0.850,11.995
2020-12-14 12:00,0.858,12.126
2020-12-14 13:00,0.862,12.196
2020-12-14 14:00,0.868,12.300
2020-12-14 15:00,0.877,12.455
2020-12-14 16:00,0.875,12.403
2020-12-14 17:00,0.864,12.233
2020-12-14 18:00,0.860,12.147
2020-12-14 19:00,0.862,12.198
2020-12-14 20:00,0.871,12.334
2020-12-14 21:00,0.878,12.461
2020-12-14 22:00,0.881,12.522
2020-12-14 23:00,0.881,12.508
2020-12-15 00:00,0.866,12.259
2020-12-15 01:00,0.830,11.718
2020-12-15 02:00,0.775,11.043
2020-12-15 03:00,0.712,10.408
2020-12-15 04:00,0.642,9.796
2020-12-15 05:00,0.568,9.214
2020-12-15 06:00,0.520,8.851
2020-12-15 07:00,0.502,8.713
2020-12-15 08:00,0.514,8.808
2020-12-15 09:00,0.548,9.051
2020-12-15 10:00,0.605,9.492
2020-12-15 11:00,0.656,9.902
2020-12-15 12:00,0.688,10.183
2020-12-15 13:00,0.718,10.464
2020-12-15 14:00,0.763,10.900
2020-12-15 15:00,0.815,11.519
2020-12-15 16:00,0.834,11.769
2020-12-15 17:00,0.835,11.787
2020-12-15 18:00,0.828,11.695
2020-12-15 19:00,0.816,11.524
2020-12-15 20:00,0.801,11.342
2020-12-15 21:00,0.796,11.291
2020-12-15 22:00,0.802,11.354
2020-12-15 23:00,0.813,11.496
2020-12-16 00:00,0.817,11.531
2020-12-16 01:00,0.783,11.124
2020-12-16 02:00,0.712,10.406
2020-12-16 03:00,0.616,9.590
2020-12-16 04:00,0.521,8.860
2020-12-16 05:00,0.438,8.239
2020-12-16 06:00,0.388,7.872
2020-12-16 07:00,0.378,7.797
2020-12-16 08:00,0.404,7.990
2020-12-16 09:00,0.465,8.444
2020-12-16 10:00,0.552,9.096
2020-12-16 11:00,0.636,9.738
2020-12-16 12:00,0.690,10.203
2020-12-16 13:00,0.714,10.417
2020-12-16 14:00,0.726,10.542
2020-12-16 15:00,0.732,10.593
2020-12-16 16:00,0.735,10.626
2020-12-16 17:00,0.738,10.659
2020-12-16 18:00,0.740,10.676
2020-12-16 19:00,0.749,10.767
2020-12-16 20:00,0.751,10.790
2020-12-16 21:00,0.748,10.755
2020-12-16 22:00,0.741,10.692
2020-12-16 23:00,0.732,10.592
2020-12-17 00:00,0.698,10.280
2020-12-17 01:00,0.627,9.667
2020-12-17 02:00,0.515,8.820
2020-12-17 03:00,0.402,7.979
2020-12-17 04:00,0.295,7.138
2020-12-17 05:00,0.211,6.388
2020-12-17 06:00,0.159,5.840
2020-12-17 07:00,0.142,5.637
2020-12-17 08:00,0.154,5.778
2020-12-17 09:00,0.192,6.200
2020-12-17 10:00,0.278,6.991
2020-12-17 11:00,0.374,7.769
2020-12-17 12:00,0.464,8.434
2020-12-17 13:00,0.519,8.847
2020-12-17 14:00,0.566,9.201
2020-12-17 15:00,0.623,9.643
2020-12-17 16:00,0.680,10.120
2020-12-17 17:00,0.724,10.522
2020-12-17 18:00,0.761,10.886
2020-12-17 19:00,0.779,11.081
2020-12-17 20:00,0.786,11.165
2020-12-17 21:00,0.768,10.966
2020-12-17 22:00,0.738,10.658
2020-12-17 23:00,0.714,10.417
2020-12-18 00:00,0.684,10.145
2020-12-18 01:00,0.628,9.681
2020-12-18 02:00,0.542,9.018
2020-12-18 03:00,0.459,8.396
2020-12-18 04:00,0.382,7.826
2020-12-18 05:00,0.308,7.244
2020-12-18 06:00,0.265,6.886
2020-12-18 07:00,0.270,6.922
2020-12-18 08:00,0.328,7.398
2020-12-18 09:00,0.378,7.803
2020-12-18 10:00,0.442,8.273
2020-12-18 11:00,0.540,8.993
2020-12-18 12:00,0.668,10.018
2020-12-18 13:00,0.802,11.354
2020-12-18 14:00,0.890,12.682
2020-12-18 15:00,0.933,13.683
2020-12-18 16:00,0.943,13.960
2020-12-18 17:00,0.944,14.014
2020-12-18 18:00,0.950,14.216
2020-12-18 19:00,0.954,14.345
2020-12-18 20:00,0.952,14.297
2020-12-18 21:00,0.946,14.074
2020-12-18 22:00,0.936,13.766
2020-12-18 23:00,0.931,13.614
2020-12-19 00:00,0.932,13.656
2020-12-19 01:00,0.915,13.221
2020-12-19 02:00,0.882,12.534
2020-12-19 03:00,0.845,11.921
2020-12-19 04:00,0.802,11.355
2020-12-19 05:00,0.756,10.834
2020-12-19 06:00,0.730,10.574
2020-12-19 07:00,0.727,10.549
2020-12-19 08:00,0.745,10.725
2020-12-19 09:00,0.754,10.822
2020-12-19 10:00,0.766,10.944
2020-12-19 11:00,0.797,11.296
2020-12-19 12:00,0.835,11.779
2020-12-19 13:00,0.868,12.301
2020-12-19 14:00,0.895,12.788
2020-12-19 15:00,0.909,13.073
2020-12-19 16:00,0.927,13.493
2020-12-19 17:00,0.937,13.808
2020-12-19 18:00,0.946,14.061
2020-12-19 19:00,0.954,14.366
2020-12-19 20:00,0.958,14.534
2020-12-19 21:00,0.955,14.415
2020-12-19 22:00,0.950,14.230
2020-12-19 23:00,0.943,13.988
2020-12-20 00:00,0.946,14.082
2020-12-20 01:00,0.930,13.605
2020-12-20 02:00,0.897,12.825
2020-12-20 03:00,0.849,11.989
2020-12-20 04:00,0.771,10.992
2020-12-20 05:00,0.668,10.012
2020-12-20 06:00,0.568,9.211
2020-12-20 07:00,0.501,8.706
2020-12-20 08:00,0.491,8.636
2020-12-20 09:00,0.509,8.765
2020-12-20 10:00,0.579,9.298
2020-12-20 11:00,0.650,9.861
2020-12-20 12:00,0.705,10.338
2020-12-20 13:00,0.803,11.367
2020-12-20 14:00,0.876,12.416
2020-12-20 15:00,0.880,12.501
2020-12-20 16:00,0.892,12.724
2020-12-20 17:00,0.919,13.300
2020-12-20 18:00,0.952,14.282
2020-12-20 19:00,0.966,14.891
2020-12-20 20:00,0.969,15.049
2020-12-20 21:00,0.961,14.637
2020-12-20 22:00,0.942,13.937
2020-12-20 23:00,0.922,13.371
2020-12-21 00:00,0.906,13.012
2020-12-21 01:00,0.866,12.265
2020-12-21 02:00,0.805,11.390
2020-12-21 03:00,0.768,10.973
2020-12-21 04:00,0.733,10.606
2020-12-21 05:00,0.655,9.898
2020-12-21 06:00,0.586,9.352
2020-12-21 07:00,0.554,9.104
2020-12-21 08:00,0.528,8.903
2020-12-21 09:00,0.476,8.523
2020-12-21 10:00,0.429,8.186
2020-12-21 11:00,0.414,8.070
2020-12-21 12:00,0.438,8.239
2020-12-21 13:00,0.503,8.727
2020-12-21 14:00,0.612,9.555
2020-12-21 15:00,0.723,10.512
2020-12-21 16:00,0.811,11.470
2020-12-21 17:00,0.834,11.772
2020-12-21 18:00,0.824,11.635
2020-12-21 19:00,0.815,11.518
2020-12-21 20:00,0.802,11.346
2020-12-21 21:00,0.778,11.071
2020-12-21 22:00,0.747,10.746
2020-12-21 23:00,0.687,10.174
2020-12-22 00:00,0.589,9.374
2020-12-22 01:00,0.502,8.709
2020-12-22 02:00,0.430,8.189
2020-12-22 03:00,0.365,7.701
2020-12-22 04:00,0.296,7.142
2020-12-22 05:00,0.226,6.538
2020-12-22 06:00,0.172,5.992
2020-12-22 07:00,0.136,5.563
2020-12-22 08:00,0.116,5.296
2020-12-22 09:00,0.119,5.354
2020-12-22 10:00,0.142,5.648
2020-12-22 11:00,0.168,5.940
2020-12-22 12:00,0.175,6.020
2020-12-22 13:00,0.166,5.925
2020-12-22 14:00,0.151,5.744
2020-12-22 15:00,0.136,5.565
2020-12-22 16:00,0.128,5.460
2020-12-22 17:00,0.142,5.647
2020-12-22 18:00,0.191,6.185
2020-12-22 19:00,0.264,6.869
2020-12-22 20:00,0.335,7.469
2020-12-22 21:00,0.395,7.922
2020-12-22 22:00,0.443,8.279
2020-12-22 23:00,0.463,8.425
2020-12-23 00:00,0.422,8.122
2020-12-23 01:00,0.392,7.906
2020-12-23 02:00,0.358,7.640
2020-12-23 03:00,0.314,7.303
2020-12-23 04:00,0.254,6.790
2020-12-23 05:00,0.195,6.223
2020-12-23 06:00,0.154,5.779
2020-12-23 07:00,0.130,5.490
2020-12-23 08:00,0.116,5.302
2020-12-23 09:00,0.091,4.952
2020-12-23 10:00,0.069,4.571
2020-12-23 11:00,0.052,4.250
2020-12-23 12:00,0.045,4.079
2020-12-23 13:00,0.046,4.108
2020-12-23 14:00,0.061,4.412
2020-12-23 15:00,0.090,4.931
2020-12-23 16:00,0.127,5.446
2020-12-23 17:00,0.172,5.988
2020-12-23 18:00,0.232,6.582
2020-12-23 19:00,0.297,7.149
2020-12-23 20:00,0.344,7.531
2020-12-23 21:00,0.361,7.657
2020-12-23 22:00,0.350,7.579
2020-12-23 23:00,0.321,7.346
2020-12-24 00:00,0.256,6.805
2020-12-24 01:00,0.234,6.604
2020-12-24 02:00,0.204,6.320
2020-12-24 03:00,0.167,5.930
2020-12-24 04:00,0.129,5.480
2020-12-24 05:00,0.087,4.869
2020-12-24 06:00,0.055,4.298
2020-12-24 07:00,0.036,3.847
2020-12-24 08:00,0.028,3.632
2020-12-24 09:00,0.029,3.645
2020-12-24 10:00,0.032,3.752
2020-12-24 11:00,0.036,3.864
2020-12-24 12:00,0.036,3.853
2020-12-24 13:00,0.038,3.914
2020-12-24 14:00,0.061,4.415
2020-12-24 15:00,0.165,5.909
2020-12-24 16:00,0.378,7.803
2020-12-24 17:00,0.542,9.020
2020-12-24 18:00,0.575,9.267
2020-12-24 19:00,0.561,9.151
2020-12-24 20:00,0.534,8.956
2020-12-24 21:00,0.533,8.953
2020-12-24 22:00,0.529,8.916
2020-12-24 23:00,0.498,8.686
2020-12-25 00:00,0.413,8.058
2020-12-25 01:00,0.373,7.756
2020-12-25 02:00,0.305,7.223
2020-12-25 03:00,0.224,6.512
2020-12-25 04:00,0.160,5.857
2020-12-25 05:00,0.122,5.393
2020-12-25 06:00,0.111,5.245
2020-12-25 07:00,0.124,5.413
2020-12-25 08:00,0.161,5.870
2020-12-25 09:00,0.244,6.698
2020-12-25 10:00,0.342,7.516
2020-12-25 11:00,0.398,7.952
2020-12-25 12:00,0.417,8.088
2020-12-25 13:00,0.417,8.091
2020-12-25 14:00,0.401,7.976
2020-12-25 15:00,0.360,7.656
2020-12-25 16:00,0.317,7.320
2020-12-25 17:00,0.295,7.135
2020-12-25 18:00,0.286,7.066
2020-12-25 19:00,0.276,6.980
2020-12-25 20:00,0.261,6.849
2020-12-25 21:00,0.270,6.927
2020-12-25 22:00,0.289,7.089
2020-12-25 23:00,0.292,7.114
2020-12-26 00:00,0.246,6.719
2020-12-26 01:00,0.237,6.633
2020-12-26 02:00,0.219,6.464
2020-12-26 03:00,0.183,6.105
2020-12-26 04:00,0.148,5.716
2020-12-26 05:00,0.132,5.515
2020-12-26 06:00,0.138,5.597
2020-12-26 07:00,0.154,5.778
2020-12-26 08:00,0.165,5.905
2020-12-26 09:00,0.182,6.088
2020-12-26 10:00,0.200,6.276
2020-12-26 11:00,0.196,6.234
2020-12-26 12:00,0.184,6.113
2020-12-26 13:00,0.163,5.885
2020-12-26 14:00,0.138,5.587
2020-12-26 15:00,0.105,5.160
2020-12-26 16:00,0.079,4.756
2020-12-26 17:00,0.062,4.444
2020-12-26 18:00,0.068,4.544
2020-12-26 19:00,0.100,5.068
2020-12-26 20:00,0.137,5.569
2020-12-26 21:00,0.153,5.774
2020-12-26 22:00,0.162,5.879
2020-12-26 23:00,0.172,5.992
2020-12-27 00:00,0.148,5.707
2020-12-27 01:00,0.160,5.855
2020-12-27 02:00,0.175,6.018
2020-12-27 03:00,0.132,5.518
2020-12-27 04:00,0.072,4.622
2020-12-27 05:00,0.038,3.903
2020-12-27 06:00,0.027,3.592
2020-12-27 07:00,0.024,3.474
2020-12-27 08:00,0.024,3.486
2020-12-27 09:00,0.029,3.647
2020-12-27 10:00,0.026,3.580
2020-12-27 11:00,0.014,3.112
2020-12-27 12:00,0.005,2.528
2020-12-27 13:00,0.001,1.824
2020-12-27 14:00,0,1.078
2020-12-27 15:00,0,1.101
2020-12-27 16:00,0.003,2.287
2020-12-27 17:00,0.027,3.607
2020-12-27 18:00,0.081,4.780
2020-12-27 19:00,0.138,5.587
2020-12-27 20:00,0.172,5.978
2020-12-27 21:00,0.170,5.959
2020-12-27 22:00,0.179,6.068
2020-12-27 23:00,0.208,6.350
2020-12-28 00:00,0.167,5.934
2020-12-28 01:00,0.160,5.856
2020-12-28 02:00,0.219,6.460
2020-12-28 03:00,0.223,6.510
2020-12-28 04:00,0.206,6.342
2020-12-28 05:00,0.199,6.268
2020-12-28 06:00,0.213,6.406
2020-12-28 07:00,0.238,6.645
2020-12-28 08:00,0.265,6.882
2020-12-28 09:00,0.282,7.037
2020-12-28 10:00,0.303,7.206
2020-12-28 11:00,0.299,7.167
2020-12-28 12:00,0.333,7.440
2020-12-28 13:00,0.339,7.496
2020-12-28 14:00,0.319,7.337
2020-12-28 15:00,0.231,6.576
2020-12-28 16:00,0.142,5.647
2020-12-28 17:00,0.100,5.069
2020-12-28 18:00,0.093,4.982
2020-12-28 19:00,0.102,5.110
2020-12-28 20:00,0.098,5.037
2020-12-28 21:00,0.094,4.995
2020-12-28 22:00,0.093,4.983
2020-12-28 23:00,0.088,4.906
2020-12-29 00:00,0.063,4.458
2020-12-29 01:00,0.052,4.236
2020-12-29 02:00,0.031,3.704
2020-12-29 03:00,0.009,2.790
2020-12-29 04:00,0.001,1.887
2020-12-29 05:00,0,1.366
2020-12-29 06:00,0,1.190
2020-12-29 07:00,0,1.470
2020-12-29 08:00,0.001,1.942
2020-12-29 09:00,0.014,3.079
2020-12-29 10:00,0.010,2.895
2020-12-29 11:00,0.004,2.409
2020-12-29 12:00,0.356,7.632
2020-12-29 13:00,0.872,12.347
2020-12-29 14:00,0.960,14.612
2020-12-29 15:00,0.962,14.697
2020-12-29 16:00,0.973,15.301
2020-12-29 17:00,0.987,16.532
2020-12-29 18:00,0.989,17.210
2020-12-29 19:00,0.989,17.400
2020-12-29 20:00,0.989,17.653
2020-12-29 21:00,0.988,17.834
2020-12-29 22:00,0.988,17.730
2020-12-29 23:00,0.989,17.404
2020-12-30 00:00,0.989,17.021
2020-12-30 01:00,0.986,16.408
2020-12-30 02:00,0.979,15.706
2020-12-30 03:00,0.970,15.121
2020-12-30 04:00,0.963,14.725
2020-12-30 05:00,0.954,14.359
2020-12-30 06:00,0.946,14.067
2020-12-30 07:00,0.942,13.955
2020-12-30 08:00,0.944,13.991
2020-12-30 09:00,0.943,13.980
2020-12-30 10:00,0.943,13.971
2020-12-30 11:00,0.942,13.947
2020-12-30 12:00,0.948,14.137
2020-12-30 13:00,0.954,14.367
2020-12-30 14:00,0.964,14.803
2020-12-30 15:00,0.976,15.464
2020-12-30 16:00,0.982,15.939
2020-12-30 17:00,0.983,16.083
2020-12-30 18:00,0.984,16.152
2020-12-30 19:00,0.983,16.103
2020-12-30 20:00,0.981,15.871
2020-12-30 21:00,0.976,15.489
2020-12-30 22:00,0.969,15.022
2020-12-30 23:00,0.961,14.636
2020-12-31 00:00,0.952,14.287
2020-12-31 01:00,0.926,13.482
2020-12-31 02:00,0.875,12.397
2020-12-31 03:00,0.804,11.388
2020-12-31 04:00,0.732,10.592
2020-12-31 05:00,0.661,9.951
2020-12-31 06:00,0.599,9.440
2020-12-31 07:00,0.545,9.036
2020-12-31 08:00,0.517,8.824
2020-12-31 09:00,0.523,8.879
2020-12-31 10:00,0.561,9.151
2020-12-31 11:00,0.596,9.430
2020-12-31 12:00,0.633,9.711
2020-12-31 13:00,0.676,10.079
2020-12-31 14:00,0.755,10.823
2020-12-31 15:00,0.835,11.776
2020-12-31 16:00,0.888,12.648
2020-12-31 17:00,0.911,13.127
2020-12-31 18:00,0.914,13.188
2020-12-31 19:00,0.913,13.162
2020-12-31 20:00,0.908,13.061
2020-12-31 21:00,0.899,12.874
2020-12-31 22:00,0.893,12.739
2020-12-31 23:00,0.881,12.518
