# Renewables.ninja Wind power (Point API) - 21.500, 111.800 - Version: 1.4 - License: https://creativecommons.org/licenses/by-nc/4.0/ - Reference: https://doi.org/10.1016/j.energy.2016.08.068
# Units: time in UTC, electricity in kW, wind_speed in m/s
# {"units": {"time": "UTC", "electricity": "kW", "wind_speed": "m/s"}, "params": {"lat": "21.5", "lon": "111.8", "date_from": "2022-01-01", "date_to": "2022-12-31", "dataset": "merra2", "capacity": "1", "height": "140", "turbine": "Vestas V164 8000", "header": "true", "raw": "true"}}
time,electricity,wind_speed
2022-01-01 00:00,0.458,8.395
2022-01-01 01:00,0.426,8.151
2022-01-01 02:00,0.374,7.766
2022-01-01 03:00,0.299,7.169
2022-01-01 04:00,0.217,6.445
2022-01-01 05:00,0.149,5.725
2022-01-01 06:00,0.111,5.240
2022-01-01 07:00,0.097,5.034
2022-01-01 08:00,0.099,5.053
2022-01-01 09:00,0.123,5.403
2022-01-01 10:00,0.158,5.830
2022-01-01 11:00,0.151,5.749
2022-01-01 12:00,0.115,5.291
2022-01-01 13:00,0.079,4.755
2022-01-01 14:00,0.068,4.562
2022-01-01 15:00,0.074,4.665
2022-01-01 16:00,0.102,5.111
2022-01-01 17:00,0.159,5.839
2022-01-01 18:00,0.234,6.609
2022-01-01 19:00,0.315,7.308
2022-01-01 20:00,0.392,7.906
2022-01-01 21:00,0.460,8.412
2022-01-01 22:00,0.519,8.849
2022-01-01 23:00,0.542,9.016
2022-01-02 00:00,0.522,8.869
2022-01-02 01:00,0.492,8.643
2022-01-02 02:00,0.456,8.383
2022-01-02 03:00,0.371,7.749
2022-01-02 04:00,0.252,6.766
2022-01-02 05:00,0.160,5.858
2022-01-02 06:00,0.117,5.314
2022-01-02 07:00,0.112,5.252
2022-01-02 08:00,0.137,5.576
2022-01-02 09:00,0.197,6.241
2022-01-02 10:00,0.267,6.910
2022-01-02 11:00,0.282,7.038
2022-01-02 12:00,0.255,6.796
2022-01-02 13:00,0.209,6.365
2022-01-02 14:00,0.163,5.885
2022-01-02 15:00,0.119,5.351
2022-01-02 16:00,0.084,4.827
2022-01-02 17:00,0.061,4.430
2022-01-02 18:00,0.065,4.494
2022-01-02 19:00,0.102,5.119
2022-01-02 20:00,0.164,5.896
2022-01-02 21:00,0.211,6.386
2022-01-02 22:00,0.244,6.697
2022-01-02 23:00,0.271,6.933
2022-01-03 00:00,0.241,6.666
2022-01-03 01:00,0.270,6.924
2022-01-03 02:00,0.275,6.971
2022-01-03 03:00,0.259,6.834
2022-01-03 04:00,0.236,6.631
2022-01-03 05:00,0.217,6.450
2022-01-03 06:00,0.222,6.485
2022-01-03 07:00,0.253,6.779
2022-01-03 08:00,0.293,7.129
2022-01-03 09:00,0.305,7.224
2022-01-03 10:00,0.291,7.110
2022-01-03 11:00,0.254,6.793
2022-01-03 12:00,0.211,6.392
2022-01-03 13:00,0.164,5.900
2022-01-03 14:00,0.117,5.318
2022-01-03 15:00,0.093,4.975
2022-01-03 16:00,0.086,4.867
2022-01-03 17:00,0.080,4.771
2022-01-03 18:00,0.069,4.573
2022-01-03 19:00,0.062,4.443
2022-01-03 20:00,0.073,4.646
2022-01-03 21:00,0.107,5.185
2022-01-03 22:00,0.146,5.693
2022-01-03 23:00,0.179,6.056
2022-01-04 00:00,0.179,6.057
2022-01-04 01:00,0.226,6.534
2022-01-04 02:00,0.242,6.676
2022-01-04 03:00,0.208,6.357
2022-01-04 04:00,0.161,5.860
2022-01-04 05:00,0.120,5.361
2022-01-04 06:00,0.093,4.977
2022-01-04 07:00,0.079,4.747
2022-01-04 08:00,0.074,4.668
2022-01-04 09:00,0.083,4.810
2022-01-04 10:00,0.101,5.103
2022-01-04 11:00,0.120,5.369
2022-01-04 12:00,0.138,5.587
2022-01-04 13:00,0.141,5.636
2022-01-04 14:00,0.130,5.492
2022-01-04 15:00,0.118,5.339
2022-01-04 16:00,0.121,5.380
2022-01-04 17:00,0.098,5.042
2022-01-04 18:00,0.084,4.839
2022-01-04 19:00,0.085,4.856
2022-01-04 20:00,0.100,5.075
2022-01-04 21:00,0.119,5.353
2022-01-04 22:00,0.139,5.606
2022-01-04 23:00,0.146,5.685
2022-01-05 00:00,0.123,5.403
2022-01-05 01:00,0.131,5.508
2022-01-05 02:00,0.110,5.223
2022-01-05 03:00,0.061,4.435
2022-01-05 04:00,0.020,3.357
2022-01-05 05:00,0.004,2.420
2022-01-05 06:00,0.001,1.847
2022-01-05 07:00,0.001,1.831
2022-01-05 08:00,0.004,2.346
2022-01-05 09:00,0.022,3.439
2022-01-05 10:00,0.056,4.331
2022-01-05 11:00,0.054,4.273
2022-01-05 12:00,0.031,3.734
2022-01-05 13:00,0.010,2.872
2022-01-05 14:00,0.001,1.808
2022-01-05 15:00,0,0.913
2022-01-05 16:00,0,1.080
2022-01-05 17:00,0.001,1.747
2022-01-05 18:00,0.007,2.659
2022-01-05 19:00,0.042,4.010
2022-01-05 20:00,0.115,5.284
2022-01-05 21:00,0.221,6.477
2022-01-05 22:00,0.355,7.619
2022-01-05 23:00,0.411,8.046
2022-01-06 00:00,0.368,7.722
2022-01-06 01:00,0.397,7.946
2022-01-06 02:00,0.433,8.214
2022-01-06 03:00,0.410,8.031
2022-01-06 04:00,0.324,7.375
2022-01-06 05:00,0.236,6.627
2022-01-06 06:00,0.171,5.971
2022-01-06 07:00,0.136,5.565
2022-01-06 08:00,0.134,5.535
2022-01-06 09:00,0.177,6.031
2022-01-06 10:00,0.210,6.370
2022-01-06 11:00,0.202,6.305
2022-01-06 12:00,0.197,6.236
2022-01-06 13:00,0.190,6.171
2022-01-06 14:00,0.182,6.087
2022-01-06 15:00,0.152,5.765
2022-01-06 16:00,0.129,5.478
2022-01-06 17:00,0.149,5.724
2022-01-06 18:00,0.220,6.473
2022-01-06 19:00,0.367,7.716
2022-01-06 20:00,0.564,9.172
2022-01-06 21:00,0.652,9.882
2022-01-06 22:00,0.677,10.082
2022-01-06 23:00,0.687,10.182
2022-01-07 00:00,0.698,10.283
2022-01-07 01:00,0.679,10.109
2022-01-07 02:00,0.628,9.678
2022-01-07 03:00,0.521,8.864
2022-01-07 04:00,0.395,7.927
2022-01-07 05:00,0.281,7.023
2022-01-07 06:00,0.206,6.336
2022-01-07 07:00,0.184,6.113
2022-01-07 08:00,0.183,6.102
2022-01-07 09:00,0.194,6.209
2022-01-07 10:00,0.211,6.387
2022-01-07 11:00,0.203,6.308
2022-01-07 12:00,0.181,6.079
2022-01-07 13:00,0.152,5.756
2022-01-07 14:00,0.147,5.695
2022-01-07 15:00,0.208,6.361
2022-01-07 16:00,0.327,7.397
2022-01-07 17:00,0.469,8.475
2022-01-07 18:00,0.573,9.245
2022-01-07 19:00,0.628,9.676
2022-01-07 20:00,0.661,9.953
2022-01-07 21:00,0.664,9.985
2022-01-07 22:00,0.656,9.906
2022-01-07 23:00,0.628,9.680
2022-01-08 00:00,0.572,9.238
2022-01-08 01:00,0.517,8.826
2022-01-08 02:00,0.425,8.147
2022-01-08 03:00,0.296,7.141
2022-01-08 04:00,0.183,6.099
2022-01-08 05:00,0.111,5.241
2022-01-08 06:00,0.074,4.674
2022-01-08 07:00,0.056,4.326
2022-01-08 08:00,0.052,4.244
2022-01-08 09:00,0.079,4.746
2022-01-08 10:00,0.128,5.470
2022-01-08 11:00,0.161,5.860
2022-01-08 12:00,0.174,6.002
2022-01-08 13:00,0.166,5.924
2022-01-08 14:00,0.138,5.598
2022-01-08 15:00,0.101,5.094
2022-01-08 16:00,0.074,4.660
2022-01-08 17:00,0.068,4.544
2022-01-08 18:00,0.087,4.875
2022-01-08 19:00,0.137,5.577
2022-01-08 20:00,0.222,6.493
2022-01-08 21:00,0.328,7.400
2022-01-08 22:00,0.435,8.225
2022-01-08 23:00,0.494,8.653
2022-01-09 00:00,0.478,8.535
2022-01-09 01:00,0.390,7.890
2022-01-09 02:00,0.282,7.034
2022-01-09 03:00,0.182,6.092
2022-01-09 04:00,0.110,5.225
2022-01-09 05:00,0.068,4.562
2022-01-09 06:00,0.050,4.200
2022-01-09 07:00,0.048,4.156
2022-01-09 08:00,0.060,4.390
2022-01-09 09:00,0.083,4.807
2022-01-09 10:00,0.111,5.241
2022-01-09 11:00,0.139,5.601
2022-01-09 12:00,0.175,6.016
2022-01-09 13:00,0.220,6.474
2022-01-09 14:00,0.270,6.931
2022-01-09 15:00,0.307,7.236
2022-01-09 16:00,0.333,7.451
2022-01-09 17:00,0.340,7.504
2022-01-09 18:00,0.320,7.345
2022-01-09 19:00,0.254,6.791
2022-01-09 20:00,0.196,6.236
2022-01-09 21:00,0.191,6.186
2022-01-09 22:00,0.230,6.570
2022-01-09 23:00,0.255,6.802
2022-01-10 00:00,0.229,6.559
2022-01-10 01:00,0.173,5.993
2022-01-10 02:00,0.098,5.046
2022-01-10 03:00,0.028,3.624
2022-01-10 04:00,0.007,2.693
2022-01-10 05:00,0.001,2.010
2022-01-10 06:00,0.001,1.762
2022-01-10 07:00,0.002,2.091
2022-01-10 08:00,0.007,2.649
2022-01-10 09:00,0.011,2.933
2022-01-10 10:00,0.009,2.847
2022-01-10 11:00,0.002,2.080
2022-01-10 12:00,0.001,1.818
2022-01-10 13:00,0.031,3.724
2022-01-10 14:00,0.188,6.157
2022-01-10 15:00,0.492,8.643
2022-01-10 16:00,0.691,10.212
2022-01-10 17:00,0.763,10.905
2022-01-10 18:00,0.813,11.489
2022-01-10 19:00,0.849,11.989
2022-01-10 20:00,0.857,12.120
2022-01-10 21:00,0.854,12.063
2022-01-10 22:00,0.858,12.128
2022-01-10 23:00,0.862,12.198
2022-01-11 00:00,0.870,12.321
2022-01-11 01:00,0.850,12.005
2022-01-11 02:00,0.773,11.010
2022-01-11 03:00,0.642,9.801
2022-01-11 04:00,0.457,8.386
2022-01-11 05:00,0.266,6.897
2022-01-11 06:00,0.141,5.625
2022-01-11 07:00,0.078,4.738
2022-01-11 08:00,0.061,4.407
2022-01-11 09:00,0.077,4.717
2022-01-11 10:00,0.112,5.257
2022-01-11 11:00,0.144,5.670
2022-01-11 12:00,0.175,6.022
2022-01-11 13:00,0.205,6.324
2022-01-11 14:00,0.229,6.558
2022-01-11 15:00,0.262,6.855
2022-01-11 16:00,0.308,7.239
2022-01-11 17:00,0.362,7.665
2022-01-11 18:00,0.413,8.061
2022-01-11 19:00,0.452,8.348
2022-01-11 20:00,0.461,8.415
2022-01-11 21:00,0.460,8.410
2022-01-11 22:00,0.454,8.368
2022-01-11 23:00,0.419,8.100
2022-01-12 00:00,0.338,7.485
2022-01-12 01:00,0.240,6.664
2022-01-12 02:00,0.155,5.783
2022-01-12 03:00,0.063,4.467
2022-01-12 04:00,0.012,2.977
2022-01-12 05:00,0.001,1.936
2022-01-12 06:00,0,1.397
2022-01-12 07:00,0,1.023
2022-01-12 08:00,0,0.762
2022-01-12 09:00,0,1.631
2022-01-12 10:00,0.003,2.225
2022-01-12 11:00,0.004,2.416
2022-01-12 12:00,0.004,2.419
2022-01-12 13:00,0.007,2.708
2022-01-12 14:00,0.015,3.158
2022-01-12 15:00,0.031,3.704
2022-01-12 16:00,0.062,4.441
2022-01-12 17:00,0.119,5.353
2022-01-12 18:00,0.193,6.204
2022-01-12 19:00,0.252,6.770
2022-01-12 20:00,0.293,7.120
2022-01-12 21:00,0.313,7.284
2022-01-12 22:00,0.344,7.538
2022-01-12 23:00,0.383,7.836
2022-01-13 00:00,0.405,8.003
2022-01-13 01:00,0.434,8.218
2022-01-13 02:00,0.417,8.093
2022-01-13 03:00,0.362,7.668
2022-01-13 04:00,0.309,7.255
2022-01-13 05:00,0.262,6.862
2022-01-13 06:00,0.215,6.430
2022-01-13 07:00,0.184,6.114
2022-01-13 08:00,0.181,6.084
2022-01-13 09:00,0.213,6.409
2022-01-13 10:00,0.270,6.929
2022-01-13 11:00,0.310,7.268
2022-01-13 12:00,0.335,7.464
2022-01-13 13:00,0.351,7.590
2022-01-13 14:00,0.374,7.763
2022-01-13 15:00,0.411,8.043
2022-01-13 16:00,0.438,8.249
2022-01-13 17:00,0.399,7.956
2022-01-13 18:00,0.362,7.668
2022-01-13 19:00,0.326,7.389
2022-01-13 20:00,0.301,7.186
2022-01-13 21:00,0.312,7.279
2022-01-13 22:00,0.330,7.417
2022-01-13 23:00,0.284,7.053
2022-01-14 00:00,0.197,6.248
2022-01-14 01:00,0.153,5.768
2022-01-14 02:00,0.124,5.417
2022-01-14 03:00,0.084,4.837
2022-01-14 04:00,0.061,4.423
2022-01-14 05:00,0.061,4.426
2022-01-14 06:00,0.074,4.650
2022-01-14 07:00,0.087,4.880
2022-01-14 08:00,0.098,5.049
2022-01-14 09:00,0.099,5.063
2022-01-14 10:00,0.098,5.050
2022-01-14 11:00,0.096,5.023
2022-01-14 12:00,0.096,5.018
2022-01-14 13:00,0.098,5.048
2022-01-14 14:00,0.099,5.064
2022-01-14 15:00,0.091,4.946
2022-01-14 16:00,0.083,4.822
2022-01-14 17:00,0.076,4.707
2022-01-14 18:00,0.068,4.566
2022-01-14 19:00,0.067,4.531
2022-01-14 20:00,0.070,4.601
2022-01-14 21:00,0.087,4.885
2022-01-14 22:00,0.109,5.216
2022-01-14 23:00,0.121,5.369
2022-01-15 00:00,0.104,5.146
2022-01-15 01:00,0.110,5.232
2022-01-15 02:00,0.119,5.350
2022-01-15 03:00,0.118,5.336
2022-01-15 04:00,0.117,5.318
2022-01-15 05:00,0.118,5.335
2022-01-15 06:00,0.125,5.432
2022-01-15 07:00,0.145,5.682
2022-01-15 08:00,0.176,6.025
2022-01-15 09:00,0.200,6.282
2022-01-15 10:00,0.213,6.410
2022-01-15 11:00,0.212,6.396
2022-01-15 12:00,0.212,6.400
2022-01-15 13:00,0.205,6.324
2022-01-15 14:00,0.187,6.143
2022-01-15 15:00,0.168,5.940
2022-01-15 16:00,0.156,5.807
2022-01-15 17:00,0.160,5.852
2022-01-15 18:00,0.176,6.025
2022-01-15 19:00,0.194,6.217
2022-01-15 20:00,0.210,6.379
2022-01-15 21:00,0.219,6.457
2022-01-15 22:00,0.241,6.667
2022-01-15 23:00,0.267,6.903
2022-01-16 00:00,0.233,6.593
2022-01-16 01:00,0.262,6.850
2022-01-16 02:00,0.259,6.833
2022-01-16 03:00,0.222,6.493
2022-01-16 04:00,0.179,6.063
2022-01-16 05:00,0.151,5.748
2022-01-16 06:00,0.126,5.437
2022-01-16 07:00,0.100,5.080
2022-01-16 08:00,0.080,4.763
2022-01-16 09:00,0.072,4.621
2022-01-16 10:00,0.077,4.720
2022-01-16 11:00,0.078,4.728
2022-01-16 12:00,0.078,4.736
2022-01-16 13:00,0.076,4.702
2022-01-16 14:00,0.067,4.533
2022-01-16 15:00,0.055,4.314
2022-01-16 16:00,0.052,4.248
2022-01-16 17:00,0.059,4.382
2022-01-16 18:00,0.076,4.693
2022-01-16 19:00,0.104,5.142
2022-01-16 20:00,0.151,5.749
2022-01-16 21:00,0.198,6.257
2022-01-16 22:00,0.246,6.710
2022-01-16 23:00,0.292,7.115
2022-01-17 00:00,0.330,7.427
2022-01-17 01:00,0.362,7.680
2022-01-17 02:00,0.345,7.543
2022-01-17 03:00,0.329,7.416
2022-01-17 04:00,0.301,7.188
2022-01-17 05:00,0.254,6.787
2022-01-17 06:00,0.210,6.384
2022-01-17 07:00,0.189,6.165
2022-01-17 08:00,0.181,6.075
2022-01-17 09:00,0.176,6.028
2022-01-17 10:00,0.184,6.118
2022-01-17 11:00,0.226,6.530
2022-01-17 12:00,0.328,7.413
2022-01-17 13:00,0.466,8.455
2022-01-17 14:00,0.574,9.253
2022-01-17 15:00,0.584,9.333
2022-01-17 16:00,0.531,8.932
2022-01-17 17:00,0.497,8.672
2022-01-17 18:00,0.481,8.564
2022-01-17 19:00,0.453,8.357
2022-01-17 20:00,0.407,8.019
2022-01-17 21:00,0.385,7.849
2022-01-17 22:00,0.406,8.004
2022-01-17 23:00,0.430,8.188
2022-01-18 00:00,0.417,8.093
2022-01-18 01:00,0.374,7.770
2022-01-18 02:00,0.306,7.230
2022-01-18 03:00,0.234,6.609
2022-01-18 04:00,0.157,5.820
2022-01-18 05:00,0.094,4.995
2022-01-18 06:00,0.062,4.440
2022-01-18 07:00,0.046,4.113
2022-01-18 08:00,0.041,3.979
2022-01-18 09:00,0.044,4.055
2022-01-18 10:00,0.061,4.431
2022-01-18 11:00,0.093,4.974
2022-01-18 12:00,0.136,5.560
2022-01-18 13:00,0.191,6.186
2022-01-18 14:00,0.247,6.725
2022-01-18 15:00,0.281,7.022
2022-01-18 16:00,0.314,7.298
2022-01-18 17:00,0.351,7.590
2022-01-18 18:00,0.380,7.813
2022-01-18 19:00,0.407,8.009
2022-01-18 20:00,0.409,8.025
2022-01-18 21:00,0.417,8.093
2022-01-18 22:00,0.435,8.230
2022-01-18 23:00,0.435,8.227
2022-01-19 00:00,0.400,7.963
2022-01-19 01:00,0.377,7.796
2022-01-19 02:00,0.287,7.075
2022-01-19 03:00,0.172,5.990
2022-01-19 04:00,0.089,4.907
2022-01-19 05:00,0.042,4.017
2022-01-19 06:00,0.018,3.261
2022-01-19 07:00,0.008,2.748
2022-01-19 08:00,0.006,2.606
2022-01-19 09:00,0.017,3.235
2022-01-19 10:00,0.040,3.965
2022-01-19 11:00,0.059,4.374
2022-01-19 12:00,0.075,4.689
2022-01-19 13:00,0.095,5.008
2022-01-19 14:00,0.125,5.430
2022-01-19 15:00,0.156,5.798
2022-01-19 16:00,0.186,6.141
2022-01-19 17:00,0.229,6.559
2022-01-19 18:00,0.259,6.830
2022-01-19 19:00,0.281,7.025
2022-01-19 20:00,0.302,7.195
2022-01-19 21:00,0.308,7.244
2022-01-19 22:00,0.322,7.363
2022-01-19 23:00,0.344,7.529
2022-01-20 00:00,0.300,7.181
2022-01-20 01:00,0.271,6.936
2022-01-20 02:00,0.233,6.596
2022-01-20 03:00,0.175,6.013
2022-01-20 04:00,0.115,5.288
2022-01-20 05:00,0.068,4.555
2022-01-20 06:00,0.040,3.958
2022-01-20 07:00,0.032,3.763
2022-01-20 08:00,0.039,3.929
2022-01-20 09:00,0.057,4.343
2022-01-20 10:00,0.089,4.908
2022-01-20 11:00,0.117,5.306
2022-01-20 12:00,0.135,5.544
2022-01-20 13:00,0.130,5.496
2022-01-20 14:00,0.120,5.361
2022-01-20 15:00,0.108,5.195
2022-01-20 16:00,0.090,4.934
2022-01-20 17:00,0.079,4.756
2022-01-20 18:00,0.083,4.804
2022-01-20 19:00,0.107,5.184
2022-01-20 20:00,0.147,5.696
2022-01-20 21:00,0.192,6.189
2022-01-20 22:00,0.251,6.757
2022-01-20 23:00,0.308,7.250
2022-01-21 00:00,0.308,7.242
2022-01-21 01:00,0.356,7.630
2022-01-21 02:00,0.314,7.300
2022-01-21 03:00,0.222,6.496
2022-01-21 04:00,0.128,5.465
2022-01-21 05:00,0.078,4.733
2022-01-21 06:00,0.063,4.467
2022-01-21 07:00,0.061,4.421
2022-01-21 08:00,0.069,4.577
2022-01-21 09:00,0.081,4.782
2022-01-21 10:00,0.092,4.966
2022-01-21 11:00,0.103,5.125
2022-01-21 12:00,0.116,5.296
2022-01-21 13:00,0.116,5.299
2022-01-21 14:00,0.108,5.192
2022-01-21 15:00,0.103,5.122
2022-01-21 16:00,0.111,5.235
2022-01-21 17:00,0.118,5.330
2022-01-21 18:00,0.129,5.476
2022-01-21 19:00,0.144,5.670
2022-01-21 20:00,0.157,5.821
2022-01-21 21:00,0.182,6.087
2022-01-21 22:00,0.224,6.518
2022-01-21 23:00,0.267,6.908
2022-01-22 00:00,0.278,6.997
2022-01-22 01:00,0.299,7.178
2022-01-22 02:00,0.266,6.898
2022-01-22 03:00,0.230,6.568
2022-01-22 04:00,0.199,6.275
2022-01-22 05:00,0.171,5.962
2022-01-22 06:00,0.158,5.831
2022-01-22 07:00,0.151,5.748
2022-01-22 08:00,0.149,5.730
2022-01-22 09:00,0.164,5.900
2022-01-22 10:00,0.175,6.013
2022-01-22 11:00,0.177,6.034
2022-01-22 12:00,0.173,5.996
2022-01-22 13:00,0.158,5.830
2022-01-22 14:00,0.149,5.726
2022-01-22 15:00,0.158,5.835
2022-01-22 16:00,0.189,6.165
2022-01-22 17:00,0.194,6.212
2022-01-22 18:00,0.179,6.053
2022-01-22 19:00,0.165,5.907
2022-01-22 20:00,0.157,5.819
2022-01-22 21:00,0.155,5.787
2022-01-22 22:00,0.157,5.816
2022-01-22 23:00,0.152,5.764
2022-01-23 00:00,0.119,5.356
2022-01-23 01:00,0.120,5.365
2022-01-23 02:00,0.109,5.213
2022-01-23 03:00,0.079,4.758
2022-01-23 04:00,0.068,4.541
2022-01-23 05:00,0.068,4.549
2022-01-23 06:00,0.061,4.432
2022-01-23 07:00,0.050,4.205
2022-01-23 08:00,0.049,4.166
2022-01-23 09:00,0.081,4.780
2022-01-23 10:00,0.128,5.471
2022-01-23 11:00,0.161,5.871
2022-01-23 12:00,0.176,6.024
2022-01-23 13:00,0.189,6.164
2022-01-23 14:00,0.198,6.257
2022-01-23 15:00,0.194,6.211
2022-01-23 16:00,0.185,6.128
2022-01-23 17:00,0.177,6.031
2022-01-23 18:00,0.183,6.103
2022-01-23 19:00,0.280,7.017
2022-01-23 20:00,0.514,8.798
2022-01-23 21:00,0.696,10.260
2022-01-23 22:00,0.740,10.679
2022-01-23 23:00,0.685,10.160
2022-01-24 00:00,0.602,9.478
2022-01-24 01:00,0.528,8.905
2022-01-24 02:00,0.432,8.205
2022-01-24 03:00,0.340,7.503
2022-01-24 04:00,0.330,7.424
2022-01-24 05:00,0.364,7.697
2022-01-24 06:00,0.347,7.561
2022-01-24 07:00,0.280,7.020
2022-01-24 08:00,0.215,6.422
2022-01-24 09:00,0.199,6.266
2022-01-24 10:00,0.252,6.771
2022-01-24 11:00,0.333,7.443
2022-01-24 12:00,0.364,7.694
2022-01-24 13:00,0.385,7.849
2022-01-24 14:00,0.417,8.082
2022-01-24 15:00,0.432,8.202
2022-01-24 16:00,0.444,8.289
2022-01-24 17:00,0.448,8.317
2022-01-24 18:00,0.460,8.400
2022-01-24 19:00,0.484,8.580
2022-01-24 20:00,0.506,8.744
2022-01-24 21:00,0.518,8.836
2022-01-24 22:00,0.524,8.883
2022-01-24 23:00,0.499,8.692
2022-01-25 00:00,0.439,8.252
2022-01-25 01:00,0.417,8.093
2022-01-25 02:00,0.369,7.731
2022-01-25 03:00,0.313,7.281
2022-01-25 04:00,0.240,6.664
2022-01-25 05:00,0.188,6.158
2022-01-25 06:00,0.162,5.879
2022-01-25 07:00,0.167,5.934
2022-01-25 08:00,0.200,6.285
2022-01-25 09:00,0.256,6.812
2022-01-25 10:00,0.289,7.082
2022-01-25 11:00,0.265,6.883
2022-01-25 12:00,0.227,6.544
2022-01-25 13:00,0.204,6.319
2022-01-25 14:00,0.192,6.198
2022-01-25 15:00,0.189,6.167
2022-01-25 16:00,0.199,6.271
2022-01-25 17:00,0.216,6.434
2022-01-25 18:00,0.232,6.584
2022-01-25 19:00,0.251,6.758
2022-01-25 20:00,0.267,6.908
2022-01-25 21:00,0.289,7.081
2022-01-25 22:00,0.303,7.206
2022-01-25 23:00,0.289,7.094
2022-01-26 00:00,0.242,6.671
2022-01-26 01:00,0.238,6.649
2022-01-26 02:00,0.194,6.217
2022-01-26 03:00,0.147,5.695
2022-01-26 04:00,0.108,5.197
2022-01-26 05:00,0.087,4.890
2022-01-26 06:00,0.093,4.981
2022-01-26 07:00,0.112,5.261
2022-01-26 08:00,0.134,5.540
2022-01-26 09:00,0.156,5.800
2022-01-26 10:00,0.164,5.902
2022-01-26 11:00,0.155,5.782
2022-01-26 12:00,0.145,5.676
2022-01-26 13:00,0.139,5.607
2022-01-26 14:00,0.133,5.524
2022-01-26 15:00,0.128,5.457
2022-01-26 16:00,0.123,5.409
2022-01-26 17:00,0.119,5.351
2022-01-26 18:00,0.118,5.337
2022-01-26 19:00,0.124,5.411
2022-01-26 20:00,0.138,5.581
2022-01-26 21:00,0.161,5.866
2022-01-26 22:00,0.190,6.173
2022-01-26 23:00,0.199,6.265
2022-01-27 00:00,0.190,6.179
2022-01-27 01:00,0.206,6.338
2022-01-27 02:00,0.209,6.367
2022-01-27 03:00,0.183,6.097
2022-01-27 04:00,0.147,5.697
2022-01-27 05:00,0.122,5.388
2022-01-27 06:00,0.106,5.172
2022-01-27 07:00,0.099,5.055
2022-01-27 08:00,0.093,4.978
2022-01-27 09:00,0.098,5.049
2022-01-27 10:00,0.103,5.132
2022-01-27 11:00,0.091,4.943
2022-01-27 12:00,0.074,4.662
2022-01-27 13:00,0.052,4.248
2022-01-27 14:00,0.027,3.598
2022-01-27 15:00,0.009,2.841
2022-01-27 16:00,0.004,2.423
2022-01-27 17:00,0.008,2.779
2022-01-27 18:00,0.032,3.743
2022-01-27 19:00,0.079,4.757
2022-01-27 20:00,0.130,5.490
2022-01-27 21:00,0.183,6.101
2022-01-27 22:00,0.242,6.676
2022-01-27 23:00,0.292,7.114
2022-01-28 00:00,0.313,7.293
2022-01-28 01:00,0.321,7.350
2022-01-28 02:00,0.321,7.348
2022-01-28 03:00,0.302,7.193
2022-01-28 04:00,0.256,6.810
2022-01-28 05:00,0.206,6.333
2022-01-28 06:00,0.173,5.996
2022-01-28 07:00,0.156,5.800
2022-01-28 08:00,0.151,5.749
2022-01-28 09:00,0.180,6.069
2022-01-28 10:00,0.224,6.511
2022-01-28 11:00,0.246,6.709
2022-01-28 12:00,0.247,6.726
2022-01-28 13:00,0.220,6.476
2022-01-28 14:00,0.186,6.133
2022-01-28 15:00,0.149,5.726
2022-01-28 16:00,0.129,5.478
2022-01-28 17:00,0.131,5.508
2022-01-28 18:00,0.157,5.815
2022-01-28 19:00,0.210,6.375
2022-01-28 20:00,0.293,7.124
2022-01-28 21:00,0.413,8.063
2022-01-28 22:00,0.516,8.823
2022-01-28 23:00,0.554,9.105
2022-01-29 00:00,0.528,8.904
2022-01-29 01:00,0.480,8.551
2022-01-29 02:00,0.353,7.604
2022-01-29 03:00,0.242,6.674
2022-01-29 04:00,0.153,5.771
2022-01-29 05:00,0.095,5.010
2022-01-29 06:00,0.067,4.532
2022-01-29 07:00,0.061,4.428
2022-01-29 08:00,0.074,4.662
2022-01-29 09:00,0.091,4.951
2022-01-29 10:00,0.082,4.785
2022-01-29 11:00,0.118,5.341
2022-01-29 12:00,0.313,7.289
2022-01-29 13:00,0.588,9.366
2022-01-29 14:00,0.722,10.497
2022-01-29 15:00,0.766,10.951
2022-01-29 16:00,0.785,11.158
2022-01-29 17:00,0.776,11.058
2022-01-29 18:00,0.768,10.973
2022-01-29 19:00,0.765,10.940
2022-01-29 20:00,0.747,10.747
2022-01-29 21:00,0.737,10.643
2022-01-29 22:00,0.738,10.658
2022-01-29 23:00,0.760,10.870
2022-01-30 00:00,0.777,11.068
2022-01-30 01:00,0.756,10.830
2022-01-30 02:00,0.703,10.322
2022-01-30 03:00,0.666,9.996
2022-01-30 04:00,0.637,9.756
2022-01-30 05:00,0.582,9.320
2022-01-30 06:00,0.472,8.493
2022-01-30 07:00,0.394,7.915
2022-01-30 08:00,0.351,7.585
2022-01-30 09:00,0.316,7.315
2022-01-30 10:00,0.359,7.646
2022-01-30 11:00,0.454,8.370
2022-01-30 12:00,0.511,8.784
2022-01-30 13:00,0.521,8.857
2022-01-30 14:00,0.599,9.452
2022-01-30 15:00,0.647,9.841
2022-01-30 16:00,0.664,9.980
2022-01-30 17:00,0.700,10.301
2022-01-30 18:00,0.663,9.962
2022-01-30 19:00,0.583,9.332
2022-01-30 20:00,0.574,9.253
2022-01-30 21:00,0.647,9.832
2022-01-30 22:00,0.691,10.221
2022-01-30 23:00,0.776,11.052
2022-01-31 00:00,0.882,12.539
2022-01-31 01:00,0.885,12.586
2022-01-31 02:00,0.837,11.820
2022-01-31 03:00,0.726,10.536
2022-01-31 04:00,0.614,9.569
2022-01-31 05:00,0.608,9.527
2022-01-31 06:00,0.615,9.574
2022-01-31 07:00,0.549,9.070
2022-01-31 08:00,0.494,8.651
2022-01-31 09:00,0.492,8.645
2022-01-31 10:00,0.564,9.178
2022-01-31 11:00,0.673,10.061
2022-01-31 12:00,0.714,10.427
2022-01-31 13:00,0.651,9.870
2022-01-31 14:00,0.531,8.935
2022-01-31 15:00,0.549,9.067
2022-01-31 16:00,0.614,9.572
2022-01-31 17:00,0.620,9.616
2022-01-31 18:00,0.636,9.747
2022-01-31 19:00,0.680,10.117
2022-01-31 20:00,0.703,10.323
2022-01-31 21:00,0.710,10.390
2022-01-31 22:00,0.717,10.459
2022-01-31 23:00,0.717,10.443
2022-02-01 00:00,0.722,10.502
2022-02-01 01:00,0.739,10.670
2022-02-01 02:00,0.723,10.516
2022-02-01 03:00,0.632,9.706
2022-02-01 04:00,0.522,8.867
2022-02-01 05:00,0.428,8.166
2022-02-01 06:00,0.343,7.527
2022-02-01 07:00,0.259,6.832
2022-02-01 08:00,0.201,6.293
2022-02-01 09:00,0.236,6.631
2022-02-01 10:00,0.408,8.022
2022-02-01 11:00,0.575,9.266
2022-02-01 12:00,0.669,10.026
2022-02-01 13:00,0.707,10.350
2022-02-01 14:00,0.711,10.395
2022-02-01 15:00,0.685,10.161
2022-02-01 16:00,0.613,9.562
2022-02-01 17:00,0.515,8.818
2022-02-01 18:00,0.425,8.148
2022-02-01 19:00,0.310,7.266
2022-02-01 20:00,0.288,7.076
2022-02-01 21:00,0.420,8.112
2022-02-01 22:00,0.548,9.062
2022-02-01 23:00,0.553,9.103
2022-02-02 00:00,0.482,8.565
2022-02-02 01:00,0.441,8.262
2022-02-02 02:00,0.450,8.328
2022-02-02 03:00,0.445,8.294
2022-02-02 04:00,0.388,7.867
2022-02-02 05:00,0.295,7.138
2022-02-02 06:00,0.231,6.574
2022-02-02 07:00,0.190,6.182
2022-02-02 08:00,0.179,6.056
2022-02-02 09:00,0.203,6.310
2022-02-02 10:00,0.281,7.024
2022-02-02 11:00,0.348,7.567
2022-02-02 12:00,0.383,7.829
2022-02-02 13:00,0.386,7.853
2022-02-02 14:00,0.371,7.747
2022-02-02 15:00,0.342,7.510
2022-02-02 16:00,0.333,7.454
2022-02-02 17:00,0.395,7.927
2022-02-02 18:00,0.494,8.656
2022-02-02 19:00,0.581,9.315
2022-02-02 20:00,0.633,9.715
2022-02-02 21:00,0.620,9.619
2022-02-02 22:00,0.575,9.268
2022-02-02 23:00,0.526,8.894
2022-02-03 00:00,0.482,8.565
2022-02-03 01:00,0.452,8.344
2022-02-03 02:00,0.438,8.250
2022-02-03 03:00,0.379,7.808
2022-02-03 04:00,0.307,7.235
2022-02-03 05:00,0.261,6.846
2022-02-03 06:00,0.222,6.494
2022-02-03 07:00,0.192,6.190
2022-02-03 08:00,0.190,6.177
2022-02-03 09:00,0.217,6.451
2022-02-03 10:00,0.298,7.162
2022-02-03 11:00,0.394,7.915
2022-02-03 12:00,0.478,8.534
2022-02-03 13:00,0.502,8.723
2022-02-03 14:00,0.520,8.854
2022-02-03 15:00,0.556,9.119
2022-02-03 16:00,0.618,9.603
2022-02-03 17:00,0.673,10.055
2022-02-03 18:00,0.702,10.313
2022-02-03 19:00,0.698,10.278
2022-02-03 20:00,0.684,10.147
2022-02-03 21:00,0.679,10.112
2022-02-03 22:00,0.698,10.280
2022-02-03 23:00,0.712,10.401
2022-02-04 00:00,0.710,10.388
2022-02-04 01:00,0.663,9.965
2022-02-04 02:00,0.588,9.370
2022-02-04 03:00,0.520,8.855
2022-02-04 04:00,0.477,8.528
2022-02-04 05:00,0.456,8.382
2022-02-04 06:00,0.460,8.404
2022-02-04 07:00,0.488,8.619
2022-02-04 08:00,0.519,8.845
2022-02-04 09:00,0.533,8.947
2022-02-04 10:00,0.558,9.135
2022-02-04 11:00,0.572,9.236
2022-02-04 12:00,0.549,9.068
2022-02-04 13:00,0.523,8.874
2022-02-04 14:00,0.514,8.803
2022-02-04 15:00,0.516,8.820
2022-02-04 16:00,0.550,9.081
2022-02-04 17:00,0.590,9.383
2022-02-04 18:00,0.606,9.504
2022-02-04 19:00,0.624,9.647
2022-02-04 20:00,0.620,9.617
2022-02-04 21:00,0.621,9.630
2022-02-04 22:00,0.637,9.760
2022-02-04 23:00,0.643,9.802
2022-02-05 00:00,0.636,9.740
2022-02-05 01:00,0.577,9.282
2022-02-05 02:00,0.490,8.631
2022-02-05 03:00,0.400,7.963
2022-02-05 04:00,0.333,7.441
2022-02-05 05:00,0.289,7.087
2022-02-05 06:00,0.280,7.009
2022-02-05 07:00,0.304,7.221
2022-02-05 08:00,0.356,7.630
2022-02-05 09:00,0.422,8.132
2022-02-05 10:00,0.547,9.049
2022-02-05 11:00,0.679,10.111
2022-02-05 12:00,0.722,10.499
2022-02-05 13:00,0.675,10.073
2022-02-05 14:00,0.575,9.260
2022-02-05 15:00,0.505,8.736
2022-02-05 16:00,0.490,8.635
2022-02-05 17:00,0.514,8.807
2022-02-05 18:00,0.540,8.992
2022-02-05 19:00,0.552,9.095
2022-02-05 20:00,0.542,9.014
2022-02-05 21:00,0.523,8.873
2022-02-05 22:00,0.511,8.783
2022-02-05 23:00,0.502,8.718
2022-02-06 00:00,0.486,8.604
2022-02-06 01:00,0.443,8.280
2022-02-06 02:00,0.450,8.340
2022-02-06 03:00,0.480,8.548
2022-02-06 04:00,0.511,8.781
2022-02-06 05:00,0.549,9.068
2022-02-06 06:00,0.571,9.233
2022-02-06 07:00,0.553,9.103
2022-02-06 08:00,0.509,8.763
2022-02-06 09:00,0.484,8.580
2022-02-06 10:00,0.489,8.625
2022-02-06 11:00,0.499,8.695
2022-02-06 12:00,0.505,8.736
2022-02-06 13:00,0.502,8.714
2022-02-06 14:00,0.484,8.574
2022-02-06 15:00,0.515,8.817
2022-02-06 16:00,0.594,9.409
2022-02-06 17:00,0.677,10.082
2022-02-06 18:00,0.672,10.050
2022-02-06 19:00,0.564,9.183
2022-02-06 20:00,0.417,8.091
2022-02-06 21:00,0.314,7.298
2022-02-06 22:00,0.227,6.544
2022-02-06 23:00,0.159,5.843
2022-02-07 00:00,0.118,5.326
2022-02-07 01:00,0.155,5.786
2022-02-07 02:00,0.194,6.221
2022-02-07 03:00,0.172,5.975
2022-02-07 04:00,0.113,5.268
2022-02-07 05:00,0.071,4.610
2022-02-07 06:00,0.043,4.027
2022-02-07 07:00,0.020,3.357
2022-02-07 08:00,0.003,2.256
2022-02-07 09:00,0,1.337
2022-02-07 10:00,0.001,1.909
2022-02-07 11:00,0.073,4.644
2022-02-07 12:00,0.371,7.750
2022-02-07 13:00,0.663,9.975
2022-02-07 14:00,0.788,11.197
2022-02-07 15:00,0.806,11.408
2022-02-07 16:00,0.797,11.296
2022-02-07 17:00,0.779,11.082
2022-02-07 18:00,0.757,10.843
2022-02-07 19:00,0.740,10.674
2022-02-07 20:00,0.722,10.498
2022-02-07 21:00,0.730,10.572
2022-02-07 22:00,0.749,10.766
2022-02-07 23:00,0.744,10.719
2022-02-08 00:00,0.708,10.367
2022-02-08 01:00,0.685,10.159
2022-02-08 02:00,0.670,10.030
2022-02-08 03:00,0.617,9.597
2022-02-08 04:00,0.507,8.753
2022-02-08 05:00,0.336,7.477
2022-02-08 06:00,0.190,6.176
2022-02-08 07:00,0.151,5.749
2022-02-08 08:00,0.190,6.179
2022-02-08 09:00,0.279,7.003
2022-02-08 10:00,0.401,7.971
2022-02-08 11:00,0.494,8.658
2022-02-08 12:00,0.549,9.069
2022-02-08 13:00,0.573,9.241
2022-02-08 14:00,0.589,9.377
2022-02-08 15:00,0.599,9.449
2022-02-08 16:00,0.589,9.373
2022-02-08 17:00,0.554,9.110
2022-02-08 18:00,0.496,8.666
2022-02-08 19:00,0.441,8.269
2022-02-08 20:00,0.413,8.058
2022-02-08 21:00,0.410,8.040
2022-02-08 22:00,0.419,8.104
2022-02-08 23:00,0.406,8.005
2022-02-09 00:00,0.368,7.727
2022-02-09 01:00,0.324,7.371
2022-02-09 02:00,0.310,7.266
2022-02-09 03:00,0.348,7.567
2022-02-09 04:00,0.374,7.772
2022-02-09 05:00,0.358,7.639
2022-02-09 06:00,0.323,7.366
2022-02-09 07:00,0.318,7.326
2022-02-09 08:00,0.351,7.584
2022-02-09 09:00,0.395,7.923
2022-02-09 10:00,0.472,8.490
2022-02-09 11:00,0.522,8.866
2022-02-09 12:00,0.536,8.970
2022-02-09 13:00,0.514,8.800
2022-02-09 14:00,0.475,8.516
2022-02-09 15:00,0.456,8.378
2022-02-09 16:00,0.447,8.313
2022-02-09 17:00,0.417,8.086
2022-02-09 18:00,0.386,7.859
2022-02-09 19:00,0.338,7.485
2022-02-09 20:00,0.297,7.151
2022-02-09 21:00,0.261,6.848
2022-02-09 22:00,0.237,6.636
2022-02-09 23:00,0.208,6.361
2022-02-10 00:00,0.175,6.015
2022-02-10 01:00,0.165,5.914
2022-02-10 02:00,0.148,5.701
2022-02-10 03:00,0.110,5.222
2022-02-10 04:00,0.068,4.553
2022-02-10 05:00,0.040,3.948
2022-02-10 06:00,0.031,3.733
2022-02-10 07:00,0.041,3.968
2022-02-10 08:00,0.061,4.426
2022-02-10 09:00,0.098,5.044
2022-02-10 10:00,0.152,5.761
2022-02-10 11:00,0.222,6.499
2022-02-10 12:00,0.294,7.133
2022-02-10 13:00,0.345,7.543
2022-02-10 14:00,0.389,7.876
2022-02-10 15:00,0.380,7.815
2022-02-10 16:00,0.355,7.616
2022-02-10 17:00,0.324,7.373
2022-02-10 18:00,0.297,7.150
2022-02-10 19:00,0.272,6.951
2022-02-10 20:00,0.260,6.838
2022-02-10 21:00,0.279,7.005
2022-02-10 22:00,0.303,7.212
2022-02-10 23:00,0.284,7.048
2022-02-11 00:00,0.247,6.724
2022-02-11 01:00,0.260,6.837
2022-02-11 02:00,0.222,6.483
2022-02-11 03:00,0.164,5.896
2022-02-11 04:00,0.135,5.546
2022-02-11 05:00,0.139,5.603
2022-02-11 06:00,0.161,5.866
2022-02-11 07:00,0.188,6.153
2022-02-11 08:00,0.213,6.405
2022-02-11 09:00,0.213,6.412
2022-02-11 10:00,0.180,6.072
2022-02-11 11:00,0.159,5.842
2022-02-11 12:00,0.149,5.726
2022-02-11 13:00,0.142,5.641
2022-02-11 14:00,0.128,5.454
2022-02-11 15:00,0.102,5.115
2022-02-11 16:00,0.086,4.867
2022-02-11 17:00,0.083,4.801
2022-02-11 18:00,0.097,5.035
2022-02-11 19:00,0.125,5.424
2022-02-11 20:00,0.163,5.888
2022-02-11 21:00,0.224,6.514
2022-02-11 22:00,0.293,7.124
2022-02-11 23:00,0.340,7.505
2022-02-12 00:00,0.388,7.868
2022-02-12 01:00,0.411,8.045
2022-02-12 02:00,0.405,8.003
2022-02-12 03:00,0.363,7.686
2022-02-12 04:00,0.316,7.316
2022-02-12 05:00,0.266,6.895
2022-02-12 06:00,0.222,6.483
2022-02-12 07:00,0.199,6.259
2022-02-12 08:00,0.177,6.043
2022-02-12 09:00,0.162,5.881
2022-02-12 10:00,0.146,5.691
2022-02-12 11:00,0.106,5.166
2022-02-12 12:00,0.070,4.599
2022-02-12 13:00,0.051,4.211
2022-02-12 14:00,0.055,4.298
2022-02-12 15:00,0.089,4.921
2022-02-12 16:00,0.156,5.806
2022-02-12 17:00,0.252,6.769
2022-02-12 18:00,0.334,7.460
2022-02-12 19:00,0.390,7.891
2022-02-12 20:00,0.413,8.058
2022-02-12 21:00,0.421,8.117
2022-02-12 22:00,0.377,7.786
2022-02-12 23:00,0.308,7.241
2022-02-13 00:00,0.251,6.753
2022-02-13 01:00,0.260,6.841
2022-02-13 02:00,0.327,7.396
2022-02-13 03:00,0.364,7.691
2022-02-13 04:00,0.354,7.614
2022-02-13 05:00,0.313,7.291
2022-02-13 06:00,0.287,7.075
2022-02-13 07:00,0.310,7.264
2022-02-13 08:00,0.364,7.693
2022-02-13 09:00,0.442,8.274
2022-02-13 10:00,0.542,9.020
2022-02-13 11:00,0.621,9.627
2022-02-13 12:00,0.679,10.102
2022-02-13 13:00,0.681,10.130
2022-02-13 14:00,0.689,10.188
2022-02-13 15:00,0.717,10.452
2022-02-13 16:00,0.712,10.410
2022-02-13 17:00,0.714,10.423
2022-02-13 18:00,0.741,10.688
2022-02-13 19:00,0.760,10.872
2022-02-13 20:00,0.755,10.823
2022-02-13 21:00,0.747,10.743
2022-02-13 22:00,0.766,10.945
2022-02-13 23:00,0.802,11.351
2022-02-14 00:00,0.809,11.444
2022-02-14 01:00,0.744,10.716
2022-02-14 02:00,0.615,9.574
2022-02-14 03:00,0.481,8.563
2022-02-14 04:00,0.366,7.708
2022-02-14 05:00,0.277,6.987
2022-02-14 06:00,0.177,6.044
2022-02-14 07:00,0.095,5.009
2022-02-14 08:00,0.059,4.378
2022-02-14 09:00,0.076,4.698
2022-02-14 10:00,0.124,5.419
2022-02-14 11:00,0.151,5.746
2022-02-14 12:00,0.153,5.768
2022-02-14 13:00,0.142,5.644
2022-02-14 14:00,0.122,5.391
2022-02-14 15:00,0.094,4.985
2022-02-14 16:00,0.080,4.767
2022-02-14 17:00,0.095,5.003
2022-02-14 18:00,0.141,5.628
2022-02-14 19:00,0.217,6.438
2022-02-14 20:00,0.299,7.169
2022-02-14 21:00,0.353,7.606
2022-02-14 22:00,0.395,7.929
2022-02-14 23:00,0.426,8.148
2022-02-15 00:00,0.430,8.189
2022-02-15 01:00,0.469,8.474
2022-02-15 02:00,0.442,8.273
2022-02-15 03:00,0.344,7.534
2022-02-15 04:00,0.253,6.778
2022-02-15 05:00,0.190,6.179
2022-02-15 06:00,0.160,5.850
2022-02-15 07:00,0.167,5.927
2022-02-15 08:00,0.196,6.229
2022-02-15 09:00,0.246,6.708
2022-02-15 10:00,0.291,7.108
2022-02-15 11:00,0.270,6.926
2022-02-15 12:00,0.223,6.509
2022-02-15 13:00,0.182,6.093
2022-02-15 14:00,0.154,5.781
2022-02-15 15:00,0.131,5.512
2022-02-15 16:00,0.118,5.322
2022-02-15 17:00,0.116,5.295
2022-02-15 18:00,0.132,5.517
2022-02-15 19:00,0.174,6.003
2022-02-15 20:00,0.226,6.531
2022-02-15 21:00,0.300,7.181
2022-02-15 22:00,0.362,7.677
2022-02-15 23:00,0.382,7.825
2022-02-16 00:00,0.383,7.828
2022-02-16 01:00,0.407,8.013
2022-02-16 02:00,0.404,7.990
2022-02-16 03:00,0.386,7.860
2022-02-16 04:00,0.377,7.790
2022-02-16 05:00,0.395,7.922
2022-02-16 06:00,0.429,8.171
2022-02-16 07:00,0.470,8.481
2022-02-16 08:00,0.510,8.773
2022-02-16 09:00,0.497,8.670
2022-02-16 10:00,0.419,8.111
2022-02-16 11:00,0.367,7.719
2022-02-16 12:00,0.354,7.613
2022-02-16 13:00,0.336,7.476
2022-02-16 14:00,0.316,7.319
2022-02-16 15:00,0.310,7.265
2022-02-16 16:00,0.304,7.216
2022-02-16 17:00,0.316,7.317
2022-02-16 18:00,0.346,7.556
2022-02-16 19:00,0.375,7.776
2022-02-16 20:00,0.422,8.128
2022-02-16 21:00,0.482,8.568
2022-02-16 22:00,0.532,8.943
2022-02-16 23:00,0.530,8.924
2022-02-17 00:00,0.549,9.069
2022-02-17 01:00,0.612,9.557
2022-02-17 02:00,0.602,9.480
2022-02-17 03:00,0.510,8.776
2022-02-17 04:00,0.404,7.988
2022-02-17 05:00,0.395,7.930
2022-02-17 06:00,0.497,8.674
2022-02-17 07:00,0.569,9.220
2022-02-17 08:00,0.558,9.134
2022-02-17 09:00,0.499,8.688
2022-02-17 10:00,0.460,8.409
2022-02-17 11:00,0.474,8.506
2022-02-17 12:00,0.526,8.894
2022-02-17 13:00,0.476,8.523
2022-02-17 14:00,0.423,8.141
2022-02-17 15:00,0.403,7.986
2022-02-17 16:00,0.378,7.802
2022-02-17 17:00,0.365,7.703
2022-02-17 18:00,0.361,7.660
2022-02-17 19:00,0.393,7.912
2022-02-17 20:00,0.432,8.206
2022-02-17 21:00,0.502,8.710
2022-02-17 22:00,0.585,9.341
2022-02-17 23:00,0.608,9.513
2022-02-18 00:00,0.613,9.566
2022-02-18 01:00,0.656,9.906
2022-02-18 02:00,0.699,10.284
2022-02-18 03:00,0.656,9.900
2022-02-18 04:00,0.584,9.334
2022-02-18 05:00,0.513,8.797
2022-02-18 06:00,0.475,8.513
2022-02-18 07:00,0.454,8.364
2022-02-18 08:00,0.455,8.372
2022-02-18 09:00,0.478,8.536
2022-02-18 10:00,0.465,8.446
2022-02-18 11:00,0.447,8.312
2022-02-18 12:00,0.460,8.408
2022-02-18 13:00,0.506,8.741
2022-02-18 14:00,0.498,8.685
2022-02-18 15:00,0.502,8.715
2022-02-18 16:00,0.534,8.956
2022-02-18 17:00,0.611,9.545
2022-02-18 18:00,0.691,10.217
2022-02-18 19:00,0.758,10.853
2022-02-18 20:00,0.820,11.586
2022-02-18 21:00,0.847,11.966
2022-02-18 22:00,0.891,12.701
2022-02-18 23:00,0.927,13.514
2022-02-19 00:00,0.933,13.680
2022-02-19 01:00,0.912,13.145
2022-02-19 02:00,0.886,12.604
2022-02-19 03:00,0.893,12.737
2022-02-19 04:00,0.918,13.277
2022-02-19 05:00,0.920,13.340
2022-02-19 06:00,0.894,12.763
2022-02-19 07:00,0.864,12.215
2022-02-19 08:00,0.869,12.304
2022-02-19 09:00,0.889,12.648
2022-02-19 10:00,0.915,13.212
2022-02-19 11:00,0.937,13.785
2022-02-19 12:00,0.952,14.302
2022-02-19 13:00,0.958,14.547
2022-02-19 14:00,0.954,14.375
2022-02-19 15:00,0.949,14.176
2022-02-19 16:00,0.964,14.787
2022-02-19 17:00,0.973,15.295
2022-02-19 18:00,0.954,14.375
2022-02-19 19:00,0.910,13.089
2022-02-19 20:00,0.946,14.077
2022-02-19 21:00,0.972,15.228
2022-02-19 22:00,0.978,15.585
2022-02-19 23:00,0.972,15.204
2022-02-20 00:00,0.965,14.840
2022-02-20 01:00,0.972,15.194
2022-02-20 02:00,0.961,14.647
2022-02-20 03:00,0.935,13.731
2022-02-20 04:00,0.905,12.994
2022-02-20 05:00,0.866,12.257
2022-02-20 06:00,0.841,11.872
2022-02-20 07:00,0.846,11.949
2022-02-20 08:00,0.845,11.918
2022-02-20 09:00,0.834,11.763
2022-02-20 10:00,0.827,11.671
2022-02-20 11:00,0.837,11.818
2022-02-20 12:00,0.846,11.940
2022-02-20 13:00,0.849,11.983
2022-02-20 14:00,0.860,12.158
2022-02-20 15:00,0.867,12.283
2022-02-20 16:00,0.865,12.237
2022-02-20 17:00,0.871,12.342
2022-02-20 18:00,0.895,12.780
2022-02-20 19:00,0.910,13.093
2022-02-20 20:00,0.916,13.234
2022-02-20 21:00,0.914,13.195
2022-02-20 22:00,0.908,13.051
2022-02-20 23:00,0.895,12.785
2022-02-21 00:00,0.872,12.359
2022-02-21 01:00,0.851,12.011
2022-02-21 02:00,0.851,12.016
2022-02-21 03:00,0.858,12.135
2022-02-21 04:00,0.851,12.007
2022-02-21 05:00,0.827,11.668
2022-02-21 06:00,0.804,11.387
2022-02-21 07:00,0.802,11.359
2022-02-21 08:00,0.815,11.522
2022-02-21 09:00,0.813,11.492
2022-02-21 10:00,0.804,11.388
2022-02-21 11:00,0.807,11.421
2022-02-21 12:00,0.806,11.397
2022-02-21 13:00,0.802,11.348
2022-02-21 14:00,0.817,11.544
2022-02-21 15:00,0.840,11.858
2022-02-21 16:00,0.846,11.945
2022-02-21 17:00,0.832,11.749
2022-02-21 18:00,0.818,11.565
2022-02-21 19:00,0.813,11.487
2022-02-21 20:00,0.796,11.291
2022-02-21 21:00,0.777,11.063
2022-02-21 22:00,0.753,10.813
2022-02-21 23:00,0.727,10.552
2022-02-22 00:00,0.746,10.733
2022-02-22 01:00,0.752,10.799
2022-02-22 02:00,0.752,10.797
2022-02-22 03:00,0.746,10.733
2022-02-22 04:00,0.718,10.461
2022-02-22 05:00,0.660,9.951
2022-02-22 06:00,0.574,9.254
2022-02-22 07:00,0.518,8.837
2022-02-22 08:00,0.504,8.732
2022-02-22 09:00,0.483,8.570
2022-02-22 10:00,0.509,8.764
2022-02-22 11:00,0.585,9.344
2022-02-22 12:00,0.681,10.132
2022-02-22 13:00,0.767,10.956
2022-02-22 14:00,0.823,11.626
2022-02-22 15:00,0.840,11.863
2022-02-22 16:00,0.839,11.845
2022-02-22 17:00,0.814,11.504
2022-02-22 18:00,0.792,11.235
2022-02-22 19:00,0.788,11.192
2022-02-22 20:00,0.785,11.161
2022-02-22 21:00,0.763,10.905
2022-02-22 22:00,0.731,10.578
2022-02-22 23:00,0.701,10.303
2022-02-23 00:00,0.693,10.233
2022-02-23 01:00,0.662,9.957
2022-02-23 02:00,0.575,9.265
2022-02-23 03:00,0.497,8.678
2022-02-23 04:00,0.444,8.288
2022-02-23 05:00,0.403,7.984
2022-02-23 06:00,0.374,7.767
2022-02-23 07:00,0.367,7.716
2022-02-23 08:00,0.383,7.837
2022-02-23 09:00,0.407,8.021
2022-02-23 10:00,0.480,8.557
2022-02-23 11:00,0.582,9.324
2022-02-23 12:00,0.687,10.173
2022-02-23 13:00,0.741,10.684
2022-02-23 14:00,0.756,10.829
2022-02-23 15:00,0.771,10.998
2022-02-23 16:00,0.786,11.164
2022-02-23 17:00,0.798,11.314
2022-02-23 18:00,0.798,11.312
2022-02-23 19:00,0.802,11.357
2022-02-23 20:00,0.806,11.408
2022-02-23 21:00,0.804,11.387
2022-02-23 22:00,0.801,11.339
2022-02-23 23:00,0.753,10.809
2022-02-24 00:00,0.705,10.337
2022-02-24 01:00,0.590,9.383
2022-02-24 02:00,0.427,8.163
2022-02-24 03:00,0.283,7.044
2022-02-24 04:00,0.194,6.210
2022-02-24 05:00,0.141,5.630
2022-02-24 06:00,0.116,5.303
2022-02-24 07:00,0.117,5.319
2022-02-24 08:00,0.146,5.690
2022-02-24 09:00,0.182,6.095
2022-02-24 10:00,0.222,6.489
2022-02-24 11:00,0.251,6.759
2022-02-24 12:00,0.260,6.838
2022-02-24 13:00,0.244,6.690
2022-02-24 14:00,0.219,6.467
2022-02-24 15:00,0.222,6.485
2022-02-24 16:00,0.259,6.828
2022-02-24 17:00,0.327,7.395
2022-02-24 18:00,0.414,8.070
2022-02-24 19:00,0.495,8.665
2022-02-24 20:00,0.537,8.981
2022-02-24 21:00,0.540,8.999
2022-02-24 22:00,0.511,8.787
2022-02-24 23:00,0.440,8.258
2022-02-25 00:00,0.362,7.672
2022-02-25 01:00,0.298,7.165
2022-02-25 02:00,0.228,6.550
2022-02-25 03:00,0.152,5.760
2022-02-25 04:00,0.097,5.027
2022-02-25 05:00,0.060,4.406
2022-02-25 06:00,0.036,3.855
2022-02-25 07:00,0.026,3.556
2022-02-25 08:00,0.030,3.688
2022-02-25 09:00,0.048,4.147
2022-02-25 10:00,0.090,4.936
2022-02-25 11:00,0.124,5.415
2022-02-25 12:00,0.134,5.540
2022-02-25 13:00,0.121,5.374
2022-02-25 14:00,0.099,5.059
2022-02-25 15:00,0.083,4.824
2022-02-25 16:00,0.072,4.626
2022-02-25 17:00,0.061,4.434
2022-02-25 18:00,0.064,4.486
2022-02-25 19:00,0.086,4.864
2022-02-25 20:00,0.129,5.486
2022-02-25 21:00,0.183,6.108
2022-02-25 22:00,0.228,6.554
2022-02-25 23:00,0.236,6.632
2022-02-26 00:00,0.202,6.297
2022-02-26 01:00,0.208,6.351
2022-02-26 02:00,0.174,6.005
2022-02-26 03:00,0.118,5.332
2022-02-26 04:00,0.067,4.535
2022-02-26 05:00,0.033,3.782
2022-02-26 06:00,0.015,3.131
2022-02-26 07:00,0.007,2.671
2022-02-26 08:00,0.004,2.347
2022-02-26 09:00,0.002,2.074
2022-02-26 10:00,0.003,2.282
2022-02-26 11:00,0.002,2.119
2022-02-26 12:00,0,1.662
2022-02-26 13:00,0,1.191
2022-02-26 14:00,0,0.689
2022-02-26 15:00,0,0.631
2022-02-26 16:00,0.001,1.756
2022-02-26 17:00,0.012,2.975
2022-02-26 18:00,0.043,4.025
2022-02-26 19:00,0.079,4.755
2022-02-26 20:00,0.105,5.160
2022-02-26 21:00,0.130,5.490
2022-02-26 22:00,0.157,5.814
2022-02-26 23:00,0.150,5.738
2022-02-27 00:00,0.097,5.026
2022-02-27 01:00,0.062,4.439
2022-02-27 02:00,0.041,3.996
2022-02-27 03:00,0.012,2.990
2022-02-27 04:00,0.002,2.044
2022-02-27 05:00,0,1.604
2022-02-27 06:00,0.001,1.850
2022-02-27 07:00,0.003,2.293
2022-02-27 08:00,0.007,2.687
2022-02-27 09:00,0.023,3.469
2022-02-27 10:00,0.060,4.398
2022-02-27 11:00,0.071,4.614
2022-02-27 12:00,0.077,4.721
2022-02-27 13:00,0.087,4.888
2022-02-27 14:00,0.092,4.960
2022-02-27 15:00,0.080,4.765
2022-02-27 16:00,0.055,4.295
2022-02-27 17:00,0.029,3.667
2022-02-27 18:00,0.016,3.179
2022-02-27 19:00,0.015,3.159
2022-02-27 20:00,0.022,3.424
2022-02-27 21:00,0.032,3.755
2022-02-27 22:00,0.043,4.030
2022-02-27 23:00,0.050,4.203
2022-02-28 00:00,0.055,4.289
2022-02-28 01:00,0.068,4.541
2022-02-28 02:00,0.073,4.641
2022-02-28 03:00,0.070,4.588
2022-02-28 04:00,0.061,4.428
2022-02-28 05:00,0.055,4.310
2022-02-28 06:00,0.049,4.171
2022-02-28 07:00,0.040,3.958
2022-02-28 08:00,0.033,3.772
2022-02-28 09:00,0.038,3.897
2022-02-28 10:00,0.052,4.240
2022-02-28 11:00,0.060,4.394
2022-02-28 12:00,0.067,4.535
2022-02-28 13:00,0.077,4.714
2022-02-28 14:00,0.085,4.851
2022-02-28 15:00,0.089,4.913
2022-02-28 16:00,0.077,4.710
2022-02-28 17:00,0.044,4.062
2022-02-28 18:00,0.024,3.477
2022-02-28 19:00,0.027,3.600
2022-02-28 20:00,0.048,4.152
2022-02-28 21:00,0.076,4.705
2022-02-28 22:00,0.101,5.102
2022-02-28 23:00,0.107,5.178
2022-03-01 00:00,0.083,4.821
2022-03-01 01:00,0.052,4.237
2022-03-01 02:00,0.024,3.474
2022-03-01 03:00,0.010,2.880
2022-03-01 04:00,0.003,2.277
2022-03-01 05:00,0,1.656
2022-03-01 06:00,0,1.195
2022-03-01 07:00,0,1.057
2022-03-01 08:00,0,1.429
2022-03-01 09:00,0.005,2.516
2022-03-01 10:00,0.040,3.954
2022-03-01 11:00,0.055,4.285
2022-03-01 12:00,0.041,3.994
2022-03-01 13:00,0.027,3.590
2022-03-01 14:00,0.020,3.362
2022-03-01 15:00,0.020,3.366
2022-03-01 16:00,0.025,3.521
2022-03-01 17:00,0.035,3.843
2022-03-01 18:00,0.075,4.682
2022-03-01 19:00,0.179,6.050
2022-03-01 20:00,0.326,7.387
2022-03-01 21:00,0.401,7.976
2022-03-01 22:00,0.421,8.116
2022-03-01 23:00,0.366,7.709
2022-03-02 00:00,0.274,6.964
2022-03-02 01:00,0.204,6.320
2022-03-02 02:00,0.154,5.779
2022-03-02 03:00,0.113,5.271
2022-03-02 04:00,0.087,4.869
2022-03-02 05:00,0.060,4.393
2022-03-02 06:00,0.038,3.910
2022-03-02 07:00,0.026,3.557
2022-03-02 08:00,0.027,3.598
2022-03-02 09:00,0.058,4.361
2022-03-02 10:00,0.144,5.664
2022-03-02 11:00,0.185,6.122
2022-03-02 12:00,0.164,5.898
2022-03-02 13:00,0.126,5.436
2022-03-02 14:00,0.087,4.880
2022-03-02 15:00,0.051,4.225
2022-03-02 16:00,0.024,3.485
2022-03-02 17:00,0.012,2.977
2022-03-02 18:00,0.009,2.816
2022-03-02 19:00,0.013,3.045
2022-03-02 20:00,0.024,3.497
2022-03-02 21:00,0.053,4.252
2022-03-02 22:00,0.104,5.137
2022-03-02 23:00,0.143,5.660
2022-03-03 00:00,0.171,5.970
2022-03-03 01:00,0.211,6.392
2022-03-03 02:00,0.232,6.581
2022-03-03 03:00,0.217,6.446
2022-03-03 04:00,0.194,6.208
2022-03-03 05:00,0.173,6.000
2022-03-03 06:00,0.173,5.998
2022-03-03 07:00,0.185,6.122
2022-03-03 08:00,0.196,6.233
2022-03-03 09:00,0.218,6.453
2022-03-03 10:00,0.216,6.433
2022-03-03 11:00,0.191,6.184
2022-03-03 12:00,0.172,5.975
2022-03-03 13:00,0.156,5.806
2022-03-03 14:00,0.139,5.603
2022-03-03 15:00,0.107,5.188
2022-03-03 16:00,0.086,4.866
2022-03-03 17:00,0.083,4.823
2022-03-03 18:00,0.096,5.019
2022-03-03 19:00,0.112,5.260
2022-03-03 20:00,0.127,5.446
2022-03-03 21:00,0.133,5.527
2022-03-03 22:00,0.128,5.465
2022-03-03 23:00,0.102,5.119
2022-03-04 00:00,0.080,4.765
2022-03-04 01:00,0.064,4.488
2022-03-04 02:00,0.044,4.057
2022-03-04 03:00,0.034,3.814
2022-03-04 04:00,0.028,3.635
2022-03-04 05:00,0.025,3.536
2022-03-04 06:00,0.030,3.690
2022-03-04 07:00,0.045,4.095
2022-03-04 08:00,0.066,4.524
2022-03-04 09:00,0.083,4.824
2022-03-04 10:00,0.083,4.810
2022-03-04 11:00,0.055,4.309
2022-03-04 12:00,0.025,3.524
2022-03-04 13:00,0.006,2.613
2022-03-04 14:00,0,1.645
2022-03-04 15:00,0,0.860
2022-03-04 16:00,0,0.546
2022-03-04 17:00,0,0.794
2022-03-04 18:00,0,1.100
2022-03-04 19:00,0,1.374
2022-03-04 20:00,0,1.626
2022-03-04 21:00,0.001,1.991
2022-03-04 22:00,0.004,2.380
2022-03-04 23:00,0.006,2.593
2022-03-05 00:00,0.004,2.387
2022-03-05 01:00,0.001,1.899
2022-03-05 02:00,0,1.559
2022-03-05 03:00,0,1.538
2022-03-05 04:00,0.001,1.870
2022-03-05 05:00,0.004,2.390
2022-03-05 06:00,0.010,2.872
2022-03-05 07:00,0.018,3.267
2022-03-05 08:00,0.028,3.620
2022-03-05 09:00,0.042,4.006
2022-03-05 10:00,0.053,4.263
2022-03-05 11:00,0.041,3.968
2022-03-05 12:00,0.024,3.505
2022-03-05 13:00,0.016,3.193
2022-03-05 14:00,0.014,3.101
2022-03-05 15:00,0.018,3.262
2022-03-05 16:00,0.024,3.516
2022-03-05 17:00,0.031,3.708
2022-03-05 18:00,0.036,3.850
2022-03-05 19:00,0.043,4.044
2022-03-05 20:00,0.065,4.505
2022-03-05 21:00,0.113,5.269
2022-03-05 22:00,0.175,6.016
2022-03-05 23:00,0.210,6.373
2022-03-06 00:00,0.253,6.786
2022-03-06 01:00,0.280,7.015
2022-03-06 02:00,0.282,7.031
2022-03-06 03:00,0.281,7.028
2022-03-06 04:00,0.286,7.070
2022-03-06 05:00,0.299,7.177
2022-03-06 06:00,0.310,7.261
2022-03-06 07:00,0.321,7.350
2022-03-06 08:00,0.328,7.403
2022-03-06 09:00,0.304,7.217
2022-03-06 10:00,0.238,6.649
2022-03-06 11:00,0.193,6.207
2022-03-06 12:00,0.175,6.009
2022-03-06 13:00,0.161,5.870
2022-03-06 14:00,0.141,5.626
2022-03-06 15:00,0.107,5.183
2022-03-06 16:00,0.065,4.493
2022-03-06 17:00,0.047,4.131
2022-03-06 18:00,0.051,4.225
2022-03-06 19:00,0.117,5.311
2022-03-06 20:00,0.293,7.125
2022-03-06 21:00,0.497,8.676
2022-03-06 22:00,0.677,10.088
2022-03-06 23:00,0.700,10.295
2022-03-07 00:00,0.712,10.398
2022-03-07 01:00,0.766,10.947
2022-03-07 02:00,0.734,10.614
2022-03-07 03:00,0.717,10.455
2022-03-07 04:00,0.771,10.989
2022-03-07 05:00,0.840,11.865
2022-03-07 06:00,0.866,12.261
2022-03-07 07:00,0.864,12.211
2022-03-07 08:00,0.867,12.272
2022-03-07 09:00,0.829,11.708
2022-03-07 10:00,0.826,11.650
2022-03-07 11:00,0.813,11.493
2022-03-07 12:00,0.751,10.793
2022-03-07 13:00,0.606,9.505
2022-03-07 14:00,0.499,8.689
2022-03-07 15:00,0.523,8.876
2022-03-07 16:00,0.600,9.455
2022-03-07 17:00,0.587,9.356
2022-03-07 18:00,0.594,9.406
2022-03-07 19:00,0.579,9.298
2022-03-07 20:00,0.502,8.713
2022-03-07 21:00,0.466,8.453
2022-03-07 22:00,0.463,8.432
2022-03-07 23:00,0.450,8.330
2022-03-08 00:00,0.566,9.187
2022-03-08 01:00,0.601,9.470
2022-03-08 02:00,0.511,8.790
2022-03-08 03:00,0.387,7.866
2022-03-08 04:00,0.275,6.977
2022-03-08 05:00,0.203,6.312
2022-03-08 06:00,0.171,5.969
2022-03-08 07:00,0.156,5.810
2022-03-08 08:00,0.145,5.678
2022-03-08 09:00,0.145,5.685
2022-03-08 10:00,0.179,6.063
2022-03-08 11:00,0.202,6.299
2022-03-08 12:00,0.219,6.469
2022-03-08 13:00,0.223,6.503
2022-03-08 14:00,0.214,6.416
2022-03-08 15:00,0.209,6.367
2022-03-08 16:00,0.208,6.361
2022-03-08 17:00,0.217,6.444
2022-03-08 18:00,0.236,6.629
2022-03-08 19:00,0.267,6.910
2022-03-08 20:00,0.308,7.252
2022-03-08 21:00,0.324,7.375
2022-03-08 22:00,0.299,7.174
2022-03-08 23:00,0.242,6.675
2022-03-09 00:00,0.208,6.357
2022-03-09 01:00,0.210,6.372
2022-03-09 02:00,0.192,6.201
2022-03-09 03:00,0.192,6.191
2022-03-09 04:00,0.196,6.231
2022-03-09 05:00,0.194,6.209
2022-03-09 06:00,0.177,6.030
2022-03-09 07:00,0.156,5.797
2022-03-09 08:00,0.141,5.631
2022-03-09 09:00,0.143,5.655
2022-03-09 10:00,0.166,5.925
2022-03-09 11:00,0.181,6.083
2022-03-09 12:00,0.192,6.192
2022-03-09 13:00,0.196,6.233
2022-03-09 14:00,0.182,6.088
2022-03-09 15:00,0.152,5.766
2022-03-09 16:00,0.137,5.567
2022-03-09 17:00,0.131,5.506
2022-03-09 18:00,0.132,5.521
2022-03-09 19:00,0.134,5.535
2022-03-09 20:00,0.137,5.572
2022-03-09 21:00,0.146,5.688
2022-03-09 22:00,0.157,5.820
2022-03-09 23:00,0.149,5.722
2022-03-10 00:00,0.121,5.381
2022-03-10 01:00,0.169,5.948
2022-03-10 02:00,0.172,5.976
2022-03-10 03:00,0.149,5.724
2022-03-10 04:00,0.120,5.361
2022-03-10 05:00,0.101,5.091
2022-03-10 06:00,0.095,5.011
2022-03-10 07:00,0.100,5.071
2022-03-10 08:00,0.105,5.160
2022-03-10 09:00,0.108,5.191
2022-03-10 10:00,0.094,4.998
2022-03-10 11:00,0.076,4.696
2022-03-10 12:00,0.065,4.505
2022-03-10 13:00,0.051,4.218
2022-03-10 14:00,0.031,3.727
2022-03-10 15:00,0.022,3.418
2022-03-10 16:00,0.018,3.290
2022-03-10 17:00,0.019,3.297
2022-03-10 18:00,0.022,3.438
2022-03-10 19:00,0.029,3.650
2022-03-10 20:00,0.039,3.944
2022-03-10 21:00,0.053,4.256
2022-03-10 22:00,0.069,4.570
2022-03-10 23:00,0.072,4.621
2022-03-11 00:00,0.059,4.371
2022-03-11 01:00,0.088,4.897
2022-03-11 02:00,0.097,5.030
2022-03-11 03:00,0.074,4.670
2022-03-11 04:00,0.049,4.175
2022-03-11 05:00,0.038,3.912
2022-03-11 06:00,0.037,3.879
2022-03-11 07:00,0.041,4.000
2022-03-11 08:00,0.054,4.274
2022-03-11 09:00,0.073,4.632
2022-03-11 10:00,0.088,4.892
2022-03-11 11:00,0.083,4.825
2022-03-11 12:00,0.075,4.687
2022-03-11 13:00,0.058,4.358
2022-03-11 14:00,0.034,3.814
2022-03-11 15:00,0.023,3.468
2022-03-11 16:00,0.021,3.391
2022-03-11 17:00,0.018,3.264
2022-03-11 18:00,0.013,3.039
2022-03-11 19:00,0.013,3.060
2022-03-11 20:00,0.020,3.343
2022-03-11 21:00,0.030,3.680
2022-03-11 22:00,0.038,3.908
2022-03-11 23:00,0.038,3.902
2022-03-12 00:00,0.043,4.038
2022-03-12 01:00,0.073,4.631
2022-03-12 02:00,0.092,4.955
2022-03-12 03:00,0.090,4.925
2022-03-12 04:00,0.077,4.711
2022-03-12 05:00,0.068,4.550
2022-03-12 06:00,0.065,4.497
2022-03-12 07:00,0.067,4.539
2022-03-12 08:00,0.074,4.661
2022-03-12 09:00,0.085,4.846
2022-03-12 10:00,0.091,4.942
2022-03-12 11:00,0.089,4.910
2022-03-12 12:00,0.090,4.932
2022-03-12 13:00,0.089,4.916
2022-03-12 14:00,0.075,4.683
2022-03-12 15:00,0.055,4.305
2022-03-12 16:00,0.044,4.057
2022-03-12 17:00,0.045,4.080
2022-03-12 18:00,0.058,4.365
2022-03-12 19:00,0.075,4.689
2022-03-12 20:00,0.091,4.951
2022-03-12 21:00,0.105,5.159
2022-03-12 22:00,0.113,5.265
2022-03-12 23:00,0.104,5.136
2022-03-13 00:00,0.090,4.926
2022-03-13 01:00,0.088,4.903
2022-03-13 02:00,0.070,4.595
2022-03-13 03:00,0.057,4.347
2022-03-13 04:00,0.045,4.091
2022-03-13 05:00,0.037,3.889
2022-03-13 06:00,0.034,3.818
2022-03-13 07:00,0.035,3.828
2022-03-13 08:00,0.037,3.882
2022-03-13 09:00,0.035,3.842
2022-03-13 10:00,0.036,3.849
2022-03-13 11:00,0.031,3.711
2022-03-13 12:00,0.024,3.508
2022-03-13 13:00,0.017,3.254
2022-03-13 14:00,0.010,2.902
2022-03-13 15:00,0.007,2.650
2022-03-13 16:00,0.006,2.586
2022-03-13 17:00,0.007,2.668
2022-03-13 18:00,0.009,2.828
2022-03-13 19:00,0.011,2.932
2022-03-13 20:00,0.012,3.021
2022-03-13 21:00,0.012,3.022
2022-03-13 22:00,0.009,2.791
2022-03-13 23:00,0.005,2.482
2022-03-14 00:00,0.001,1.914
2022-03-14 01:00,0.002,2.068
2022-03-14 02:00,0.001,1.965
2022-03-14 03:00,0.001,1.901
2022-03-14 04:00,0.001,1.905
2022-03-14 05:00,0.001,1.749
2022-03-14 06:00,0.001,1.851
2022-03-14 07:00,0.003,2.219
2022-03-14 08:00,0.006,2.639
2022-03-14 09:00,0.008,2.736
2022-03-14 10:00,0.015,3.161
2022-03-14 11:00,0.017,3.253
2022-03-14 12:00,0.010,2.887
2022-03-14 13:00,0.005,2.508
2022-03-14 14:00,0.003,2.227
2022-03-14 15:00,0.001,2.012
2022-03-14 16:00,0.001,1.991
2022-03-14 17:00,0.003,2.324
2022-03-14 18:00,0.005,2.506
2022-03-14 19:00,0.006,2.640
2022-03-14 20:00,0.008,2.781
2022-03-14 21:00,0.008,2.773
2022-03-14 22:00,0.004,2.419
2022-03-14 23:00,0.001,1.868
2022-03-15 00:00,0,1.402
2022-03-15 01:00,0,0.841
2022-03-15 02:00,0,0.232
2022-03-15 03:00,0,0.720
2022-03-15 04:00,0,1.634
2022-03-15 05:00,0.003,2.310
2022-03-15 06:00,0.009,2.843
2022-03-15 07:00,0.020,3.343
2022-03-15 08:00,0.030,3.695
2022-03-15 09:00,0.037,3.881
2022-03-15 10:00,0.033,3.791
2022-03-15 11:00,0.017,3.217
2022-03-15 12:00,0.005,2.537
2022-03-15 13:00,0.002,2.098
2022-03-15 14:00,0.003,2.237
2022-03-15 15:00,0.007,2.679
2022-03-15 16:00,0.013,3.051
2022-03-15 17:00,0.016,3.204
2022-03-15 18:00,0.019,3.325
2022-03-15 19:00,0.024,3.508
2022-03-15 20:00,0.035,3.841
2022-03-15 21:00,0.055,4.285
2022-03-15 22:00,0.085,4.853
2022-03-15 23:00,0.064,4.485
2022-03-16 00:00,0.070,4.593
2022-03-16 01:00,0.110,5.232
2022-03-16 02:00,0.123,5.403
2022-03-16 03:00,0.148,5.712
2022-03-16 04:00,0.191,6.186
2022-03-16 05:00,0.249,6.737
2022-03-16 06:00,0.280,7.021
2022-03-16 07:00,0.270,6.921
2022-03-16 08:00,0.223,6.506
2022-03-16 09:00,0.192,6.193
2022-03-16 10:00,0.196,6.236
2022-03-16 11:00,0.297,7.155
2022-03-16 12:00,0.468,8.468
2022-03-16 13:00,0.548,9.060
2022-03-16 14:00,0.470,8.482
2022-03-16 15:00,0.285,7.057
2022-03-16 16:00,0.121,5.375
2022-03-16 17:00,0.042,4.009
2022-03-16 18:00,0.024,3.495
2022-03-16 19:00,0.023,3.468
2022-03-16 20:00,0.025,3.532
2022-03-16 21:00,0.021,3.389
2022-03-16 22:00,0.013,3.024
2022-03-16 23:00,0.005,2.542
2022-03-17 00:00,0.003,2.283
2022-03-17 01:00,0.001,1.926
2022-03-17 02:00,0.001,1.744
2022-03-17 03:00,0.003,2.308
2022-03-17 04:00,0.017,3.206
2022-03-17 05:00,0.043,4.038
2022-03-17 06:00,0.069,4.583
2022-03-17 07:00,0.075,4.684
2022-03-17 08:00,0.060,4.393
2022-03-17 09:00,0.036,3.864
2022-03-17 10:00,0.020,3.364
2022-03-17 11:00,0.009,2.839
2022-03-17 12:00,0.004,2.346
2022-03-17 13:00,0.002,2.099
2022-03-17 14:00,0.001,2.002
2022-03-17 15:00,0.001,1.979
2022-03-17 16:00,0.002,2.126
2022-03-17 17:00,0.003,2.310
2022-03-17 18:00,0.003,2.342
2022-03-17 19:00,0.004,2.377
2022-03-17 20:00,0.006,2.628
2022-03-17 21:00,0.009,2.792
2022-03-17 22:00,0.004,2.378
2022-03-17 23:00,0.001,1.879
2022-03-18 00:00,0.003,2.210
2022-03-18 01:00,0.021,3.378
2022-03-18 02:00,0.057,4.350
2022-03-18 03:00,0.068,4.557
2022-03-18 04:00,0.044,4.052
2022-03-18 05:00,0.017,3.244
2022-03-18 06:00,0.003,2.296
2022-03-18 07:00,0,1.256
2022-03-18 08:00,0,0.860
2022-03-18 09:00,0,1.610
2022-03-18 10:00,0.002,2.110
2022-03-18 11:00,0.003,2.274
2022-03-18 12:00,0.003,2.226
2022-03-18 13:00,0.003,2.240
2022-03-18 14:00,0.004,2.450
2022-03-18 15:00,0.006,2.608
2022-03-18 16:00,0.004,2.362
2022-03-18 17:00,0,1.584
2022-03-18 18:00,0,0.853
2022-03-18 19:00,0,0.990
2022-03-18 20:00,0,1.535
2022-03-18 21:00,0.002,2.154
2022-03-18 22:00,0.008,2.779
2022-03-18 23:00,0.015,3.120
2022-03-19 00:00,0.023,3.471
2022-03-19 01:00,0.037,3.887
2022-03-19 02:00,0.058,4.364
2022-03-19 03:00,0.091,4.949
2022-03-19 04:00,0.125,5.430
2022-03-19 05:00,0.165,5.909
2022-03-19 06:00,0.212,6.399
2022-03-19 07:00,0.246,6.714
2022-03-19 08:00,0.261,6.848
2022-03-19 09:00,0.253,6.783
2022-03-19 10:00,0.219,6.468
2022-03-19 11:00,0.206,6.343
2022-03-19 12:00,0.197,6.248
2022-03-19 13:00,0.173,5.998
2022-03-19 14:00,0.161,5.871
2022-03-19 15:00,0.175,6.013
2022-03-19 16:00,0.183,6.110
2022-03-19 17:00,0.166,5.917
2022-03-19 18:00,0.159,5.841
2022-03-19 19:00,0.168,5.941
2022-03-19 20:00,0.185,6.128
2022-03-19 21:00,0.217,6.451
2022-03-19 22:00,0.266,6.898
2022-03-19 23:00,0.284,7.052
2022-03-20 00:00,0.339,7.490
2022-03-20 01:00,0.410,8.035
2022-03-20 02:00,0.478,8.537
2022-03-20 03:00,0.547,9.047
2022-03-20 04:00,0.599,9.447
2022-03-20 05:00,0.630,9.688
2022-03-20 06:00,0.630,9.699
2022-03-20 07:00,0.621,9.630
2022-03-20 08:00,0.610,9.542
2022-03-20 09:00,0.555,9.118
2022-03-20 10:00,0.444,8.288
2022-03-20 11:00,0.409,8.027
2022-03-20 12:00,0.463,8.423
2022-03-20 13:00,0.463,8.426
2022-03-20 14:00,0.450,8.336
2022-03-20 15:00,0.441,8.269
2022-03-20 16:00,0.409,8.029
2022-03-20 17:00,0.357,7.634
2022-03-20 18:00,0.286,7.067
2022-03-20 19:00,0.236,6.631
2022-03-20 20:00,0.215,6.430
2022-03-20 21:00,0.208,6.358
2022-03-20 22:00,0.220,6.474
2022-03-20 23:00,0.214,6.413
2022-03-21 00:00,0.255,6.796
2022-03-21 01:00,0.259,6.827
2022-03-21 02:00,0.234,6.598
2022-03-21 03:00,0.211,6.388
2022-03-21 04:00,0.222,6.499
2022-03-21 05:00,0.273,6.955
2022-03-21 06:00,0.342,7.510
2022-03-21 07:00,0.400,7.968
2022-03-21 08:00,0.422,8.128
2022-03-21 09:00,0.371,7.744
2022-03-21 10:00,0.284,7.048
2022-03-21 11:00,0.267,6.904
2022-03-21 12:00,0.313,7.292
2022-03-21 13:00,0.369,7.730
2022-03-21 14:00,0.417,8.082
2022-03-21 15:00,0.434,8.221
2022-03-21 16:00,0.444,8.287
2022-03-21 17:00,0.417,8.093
2022-03-21 18:00,0.394,7.916
2022-03-21 19:00,0.372,7.751
2022-03-21 20:00,0.356,7.624
2022-03-21 21:00,0.356,7.630
2022-03-21 22:00,0.362,7.678
2022-03-21 23:00,0.319,7.329
2022-03-22 00:00,0.316,7.319
2022-03-22 01:00,0.345,7.548
2022-03-22 02:00,0.376,7.779
2022-03-22 03:00,0.394,7.915
2022-03-22 04:00,0.392,7.897
2022-03-22 05:00,0.385,7.848
2022-03-22 06:00,0.374,7.765
2022-03-22 07:00,0.363,7.684
2022-03-22 08:00,0.343,7.523
2022-03-22 09:00,0.295,7.135
2022-03-22 10:00,0.222,6.486
2022-03-22 11:00,0.152,5.762
2022-03-22 12:00,0.068,4.547
2022-03-22 13:00,0.005,2.482
2022-03-22 14:00,0.005,2.547
2022-03-22 15:00,0.093,4.972
2022-03-22 16:00,0.231,6.575
2022-03-22 17:00,0.377,7.789
2022-03-22 18:00,0.566,9.194
2022-03-22 19:00,0.709,10.382
2022-03-22 20:00,0.751,10.792
2022-03-22 21:00,0.798,11.309
2022-03-22 22:00,0.841,11.870
2022-03-22 23:00,0.837,11.823
2022-03-23 00:00,0.814,11.503
2022-03-23 01:00,0.858,12.124
2022-03-23 02:00,0.893,12.743
2022-03-23 03:00,0.865,12.241
2022-03-23 04:00,0.781,11.106
2022-03-23 05:00,0.663,9.961
2022-03-23 06:00,0.517,8.827
2022-03-23 07:00,0.356,7.623
2022-03-23 08:00,0.249,6.737
2022-03-23 09:00,0.206,6.337
2022-03-23 10:00,0.239,6.653
2022-03-23 11:00,0.344,7.529
2022-03-23 12:00,0.454,8.364
2022-03-23 13:00,0.497,8.681
2022-03-23 14:00,0.479,8.544
2022-03-23 15:00,0.429,8.174
2022-03-23 16:00,0.378,7.803
2022-03-23 17:00,0.346,7.552
2022-03-23 18:00,0.309,7.255
2022-03-23 19:00,0.249,6.737
2022-03-23 20:00,0.179,6.056
2022-03-23 21:00,0.172,5.977
2022-03-23 22:00,0.196,6.233
2022-03-23 23:00,0.217,6.450
2022-03-24 00:00,0.242,6.679
2022-03-24 01:00,0.251,6.758
2022-03-24 02:00,0.260,6.837
2022-03-24 03:00,0.246,6.718
2022-03-24 04:00,0.236,6.627
2022-03-24 05:00,0.264,6.870
2022-03-24 06:00,0.313,7.283
2022-03-24 07:00,0.380,7.813
2022-03-24 08:00,0.427,8.165
2022-03-24 09:00,0.420,8.114
2022-03-24 10:00,0.405,8.001
2022-03-24 11:00,0.429,8.179
2022-03-24 12:00,0.459,8.397
2022-03-24 13:00,0.484,8.591
2022-03-24 14:00,0.513,8.795
2022-03-24 15:00,0.581,9.312
2022-03-24 16:00,0.683,10.143
2022-03-24 17:00,0.691,10.206
2022-03-24 18:00,0.644,9.814
2022-03-24 19:00,0.627,9.668
2022-03-24 20:00,0.679,10.101
2022-03-24 21:00,0.699,10.288
2022-03-24 22:00,0.696,10.259
2022-03-24 23:00,0.634,9.728
2022-03-25 00:00,0.700,10.300
2022-03-25 01:00,0.824,11.638
2022-03-25 02:00,0.878,12.470
2022-03-25 03:00,0.905,13.000
2022-03-25 04:00,0.914,13.187
2022-03-25 05:00,0.907,13.024
2022-03-25 06:00,0.914,13.192
2022-03-25 07:00,0.888,12.643
2022-03-25 08:00,0.819,11.571
2022-03-25 09:00,0.727,10.550
2022-03-25 10:00,0.667,10.009
2022-03-25 11:00,0.658,9.930
2022-03-25 12:00,0.627,9.666
2022-03-25 13:00,0.578,9.287
2022-03-25 14:00,0.540,9.001
2022-03-25 15:00,0.658,9.919
2022-03-25 16:00,0.704,10.325
2022-03-25 17:00,0.656,9.912
2022-03-25 18:00,0.526,8.896
2022-03-25 19:00,0.450,8.335
2022-03-25 20:00,0.422,8.128
2022-03-25 21:00,0.404,7.992
2022-03-25 22:00,0.379,7.807
2022-03-25 23:00,0.322,7.363
2022-03-26 00:00,0.373,7.756
2022-03-26 01:00,0.438,8.243
2022-03-26 02:00,0.457,8.389
2022-03-26 03:00,0.502,8.722
2022-03-26 04:00,0.553,9.102
2022-03-26 05:00,0.578,9.292
2022-03-26 06:00,0.560,9.147
2022-03-26 07:00,0.502,8.718
2022-03-26 08:00,0.428,8.167
2022-03-26 09:00,0.342,7.523
2022-03-26 10:00,0.302,7.205
2022-03-26 11:00,0.252,6.762
2022-03-26 12:00,0.159,5.844
2022-03-26 13:00,0.065,4.509
2022-03-26 14:00,0.005,2.486
2022-03-26 15:00,0,1.022
2022-03-26 16:00,0.065,4.510
2022-03-26 17:00,0.327,7.396
2022-03-26 18:00,0.548,9.050
2022-03-26 19:00,0.623,9.643
2022-03-26 20:00,0.611,9.549
2022-03-26 21:00,0.608,9.512
2022-03-26 22:00,0.597,9.434
2022-03-26 23:00,0.568,9.212
2022-03-27 00:00,0.573,9.244
2022-03-27 01:00,0.575,9.258
2022-03-27 02:00,0.515,8.815
2022-03-27 03:00,0.420,8.111
2022-03-27 04:00,0.319,7.335
2022-03-27 05:00,0.245,6.704
2022-03-27 06:00,0.196,6.232
2022-03-27 07:00,0.163,5.885
2022-03-27 08:00,0.163,5.889
2022-03-27 09:00,0.192,6.189
2022-03-27 10:00,0.264,6.870
2022-03-27 11:00,0.404,7.987
2022-03-27 12:00,0.574,9.253
2022-03-27 13:00,0.710,10.391
2022-03-27 14:00,0.769,10.975
2022-03-27 15:00,0.762,10.891
2022-03-27 16:00,0.724,10.522
2022-03-27 17:00,0.707,10.361
2022-03-27 18:00,0.709,10.376
2022-03-27 19:00,0.749,10.768
2022-03-27 20:00,0.744,10.720
2022-03-27 21:00,0.675,10.073
2022-03-27 22:00,0.651,9.869
2022-03-27 23:00,0.626,9.662
2022-03-28 00:00,0.622,9.637
2022-03-28 01:00,0.580,9.306
2022-03-28 02:00,0.516,8.823
2022-03-28 03:00,0.362,7.671
2022-03-28 04:00,0.150,5.739
2022-03-28 05:00,0.234,6.603
2022-03-28 06:00,0.313,7.292
2022-03-28 07:00,0.205,6.324
2022-03-28 08:00,0.156,5.795
2022-03-28 09:00,0.167,5.929
2022-03-28 10:00,0.219,6.471
2022-03-28 11:00,0.282,7.031
2022-03-28 12:00,0.354,7.613
2022-03-28 13:00,0.392,7.902
2022-03-28 14:00,0.374,7.764
2022-03-28 15:00,0.329,7.415
2022-03-28 16:00,0.304,7.219
2022-03-28 17:00,0.270,6.920
2022-03-28 18:00,0.249,6.733
2022-03-28 19:00,0.242,6.673
2022-03-28 20:00,0.249,6.740
2022-03-28 21:00,0.289,7.086
2022-03-28 22:00,0.343,7.527
2022-03-28 23:00,0.319,7.329
2022-03-29 00:00,0.342,7.510
2022-03-29 01:00,0.376,7.776
2022-03-29 02:00,0.398,7.955
2022-03-29 03:00,0.374,7.765
2022-03-29 04:00,0.300,7.182
2022-03-29 05:00,0.233,6.594
2022-03-29 06:00,0.188,6.160
2022-03-29 07:00,0.187,6.153
2022-03-29 08:00,0.219,6.466
2022-03-29 09:00,0.252,6.773
2022-03-29 10:00,0.274,6.959
2022-03-29 11:00,0.309,7.254
2022-03-29 12:00,0.334,7.458
2022-03-29 13:00,0.341,7.506
2022-03-29 14:00,0.319,7.341
2022-03-29 15:00,0.297,7.157
2022-03-29 16:00,0.297,7.150
2022-03-29 17:00,0.304,7.217
2022-03-29 18:00,0.316,7.315
2022-03-29 19:00,0.324,7.372
2022-03-29 20:00,0.333,7.447
2022-03-29 21:00,0.344,7.532
2022-03-29 22:00,0.339,7.499
2022-03-29 23:00,0.317,7.320
2022-03-30 00:00,0.339,7.494
2022-03-30 01:00,0.351,7.582
2022-03-30 02:00,0.356,7.620
2022-03-30 03:00,0.370,7.735
2022-03-30 04:00,0.396,7.936
2022-03-30 05:00,0.428,8.166
2022-03-30 06:00,0.465,8.438
2022-03-30 07:00,0.504,8.731
2022-03-30 08:00,0.530,8.927
2022-03-30 09:00,0.537,8.982
2022-03-30 10:00,0.515,8.818
2022-03-30 11:00,0.514,8.809
2022-03-30 12:00,0.427,8.163
2022-03-30 13:00,0.297,7.155
2022-03-30 14:00,0.237,6.638
2022-03-30 15:00,0.214,6.417
2022-03-30 16:00,0.194,6.221
2022-03-30 17:00,0.185,6.126
2022-03-30 18:00,0.194,6.220
2022-03-30 19:00,0.208,6.349
2022-03-30 20:00,0.218,6.456
2022-03-30 21:00,0.232,6.579
2022-03-30 22:00,0.232,6.591
2022-03-30 23:00,0.180,6.070
2022-03-31 00:00,0.203,6.310
2022-03-31 01:00,0.255,6.798
2022-03-31 02:00,0.254,6.789
2022-03-31 03:00,0.232,6.589
2022-03-31 04:00,0.206,6.332
2022-03-31 05:00,0.181,6.084
2022-03-31 06:00,0.164,5.900
2022-03-31 07:00,0.150,5.740
2022-03-31 08:00,0.143,5.654
2022-03-31 09:00,0.142,5.641
2022-03-31 10:00,0.129,5.485
2022-03-31 11:00,0.103,5.131
2022-03-31 12:00,0.086,4.864
2022-03-31 13:00,0.084,4.839
2022-03-31 14:00,0.083,4.816
2022-03-31 15:00,0.076,4.706
2022-03-31 16:00,0.084,4.827
2022-03-31 17:00,0.121,5.378
2022-03-31 18:00,0.190,6.177
2022-03-31 19:00,0.313,7.283
2022-03-31 20:00,0.536,8.969
2022-03-31 21:00,0.773,11.023
2022-03-31 22:00,0.876,12.421
2022-03-31 23:00,0.911,13.127
2022-04-01 00:00,0.916,13.227
2022-04-01 01:00,0.893,12.744
2022-04-01 02:00,0.848,11.973
2022-04-01 03:00,0.811,11.467
2022-04-01 04:00,0.796,11.287
2022-04-01 05:00,0.790,11.219
2022-04-01 06:00,0.789,11.198
2022-04-01 07:00,0.791,11.226
2022-04-01 08:00,0.808,11.428
2022-04-01 09:00,0.841,11.868
2022-04-01 10:00,0.890,12.673
2022-04-01 11:00,0.933,13.664
2022-04-01 12:00,0.958,14.519
2022-04-01 13:00,0.968,15.013
2022-04-01 14:00,0.969,15.055
2022-04-01 15:00,0.958,14.513
2022-04-01 16:00,0.945,14.054
2022-04-01 17:00,0.944,14.007
2022-04-01 18:00,0.952,14.280
2022-04-01 19:00,0.959,14.583
2022-04-01 20:00,0.965,14.832
2022-04-01 21:00,0.966,14.868
2022-04-01 22:00,0.965,14.831
2022-04-01 23:00,0.966,14.882
2022-04-02 00:00,0.965,14.860
2022-04-02 01:00,0.956,14.441
2022-04-02 02:00,0.925,13.450
2022-04-02 03:00,0.874,12.387
2022-04-02 04:00,0.826,11.656
2022-04-02 05:00,0.790,11.216
2022-04-02 06:00,0.786,11.174
2022-04-02 07:00,0.795,11.266
2022-04-02 08:00,0.805,11.391
2022-04-02 09:00,0.788,11.194
2022-04-02 10:00,0.739,10.663
2022-04-02 11:00,0.679,10.099
2022-04-02 12:00,0.631,9.705
2022-04-02 13:00,0.614,9.569
2022-04-02 14:00,0.609,9.529
2022-04-02 15:00,0.581,9.310
2022-04-02 16:00,0.588,9.367
2022-04-02 17:00,0.641,9.788
2022-04-02 18:00,0.699,10.287
2022-04-02 19:00,0.750,10.778
2022-04-02 20:00,0.789,11.207
2022-04-02 21:00,0.817,11.531
2022-04-02 22:00,0.834,11.763
2022-04-02 23:00,0.826,11.664
2022-04-03 00:00,0.860,12.150
2022-04-03 01:00,0.853,12.048
2022-04-03 02:00,0.827,11.671
2022-04-03 03:00,0.768,10.969
2022-04-03 04:00,0.674,10.065
2022-04-03 05:00,0.561,9.160
2022-04-03 06:00,0.466,8.458
2022-04-03 07:00,0.393,7.910
2022-04-03 08:00,0.330,7.430
2022-04-03 09:00,0.285,7.060
2022-04-03 10:00,0.255,6.798
2022-04-03 11:00,0.225,6.524
2022-04-03 12:00,0.189,6.166
2022-04-03 13:00,0.157,5.816
2022-04-03 14:00,0.135,5.549
2022-04-03 15:00,0.123,5.400
2022-04-03 16:00,0.116,5.302
2022-04-03 17:00,0.108,5.191
2022-04-03 18:00,0.108,5.197
2022-04-03 19:00,0.130,5.491
2022-04-03 20:00,0.172,5.984
2022-04-03 21:00,0.224,6.518
2022-04-03 22:00,0.290,7.096
2022-04-03 23:00,0.319,7.339
2022-04-04 00:00,0.354,7.613
2022-04-04 01:00,0.410,8.029
2022-04-04 02:00,0.423,8.139
2022-04-04 03:00,0.396,7.938
2022-04-04 04:00,0.340,7.503
2022-04-04 05:00,0.282,7.035
2022-04-04 06:00,0.238,6.643
2022-04-04 07:00,0.210,6.379
2022-04-04 08:00,0.193,6.203
2022-04-04 09:00,0.176,6.024
2022-04-04 10:00,0.167,5.928
2022-04-04 11:00,0.148,5.707
2022-04-04 12:00,0.124,5.416
2022-04-04 13:00,0.102,5.111
2022-04-04 14:00,0.076,4.706
2022-04-04 15:00,0.055,4.291
2022-04-04 16:00,0.041,3.987
2022-04-04 17:00,0.032,3.756
2022-04-04 18:00,0.033,3.767
2022-04-04 19:00,0.041,3.973
2022-04-04 20:00,0.056,4.325
2022-04-04 21:00,0.074,4.664
2022-04-04 22:00,0.100,5.081
2022-04-04 23:00,0.117,5.310
2022-04-05 00:00,0.122,5.387
2022-04-05 01:00,0.130,5.498
2022-04-05 02:00,0.118,5.336
2022-04-05 03:00,0.099,5.064
2022-04-05 04:00,0.074,4.659
2022-04-05 05:00,0.054,4.272
2022-04-05 06:00,0.045,4.076
2022-04-05 07:00,0.044,4.049
2022-04-05 08:00,0.048,4.160
2022-04-05 09:00,0.064,4.479
2022-04-05 10:00,0.094,4.995
2022-04-05 11:00,0.105,5.155
2022-04-05 12:00,0.080,4.767
2022-04-05 13:00,0.044,4.066
2022-04-05 14:00,0.017,3.219
2022-04-05 15:00,0.004,2.428
2022-04-05 16:00,0.001,1.795
2022-04-05 17:00,0,1.232
2022-04-05 18:00,0,0.952
2022-04-05 19:00,0,1.501
2022-04-05 20:00,0.003,2.304
2022-04-05 21:00,0.014,3.106
2022-04-05 22:00,0.036,3.849
2022-04-05 23:00,0.050,4.187
2022-04-06 00:00,0.053,4.259
2022-04-06 01:00,0.064,4.478
2022-04-06 02:00,0.050,4.207
2022-04-06 03:00,0.024,3.508
2022-04-06 04:00,0.005,2.540
2022-04-06 05:00,0.001,1.867
2022-04-06 06:00,0.002,2.189
2022-04-06 07:00,0.016,3.189
2022-04-06 08:00,0.055,4.306
2022-04-06 09:00,0.129,5.487
2022-04-06 10:00,0.160,5.858
2022-04-06 11:00,0.112,5.257
2022-04-06 12:00,0.060,4.405
2022-04-06 13:00,0.024,3.503
2022-04-06 14:00,0.006,2.553
2022-04-06 15:00,0,1.671
2022-04-06 16:00,0,1.096
2022-04-06 17:00,0,1.005
2022-04-06 18:00,0,1.290
2022-04-06 19:00,0.002,2.167
2022-04-06 20:00,0.017,3.244
2022-04-06 21:00,0.045,4.075
2022-04-06 22:00,0.067,4.535
2022-04-06 23:00,0.059,4.369
2022-04-07 00:00,0.043,4.041
2022-04-07 01:00,0.070,4.597
2022-04-07 02:00,0.094,4.989
2022-04-07 03:00,0.099,5.065
2022-04-07 04:00,0.084,4.831
2022-04-07 05:00,0.066,4.515
2022-04-07 06:00,0.046,4.105
2022-04-07 07:00,0.038,3.908
2022-04-07 08:00,0.047,4.118
2022-04-07 09:00,0.068,4.556
2022-04-07 10:00,0.088,4.906
2022-04-07 11:00,0.097,5.035
2022-04-07 12:00,0.096,5.023
2022-04-07 13:00,0.080,4.769
2022-04-07 14:00,0.053,4.261
2022-04-07 15:00,0.024,3.505
2022-04-07 16:00,0.005,2.545
2022-04-07 17:00,0,1.472
2022-04-07 18:00,0,0.468
2022-04-07 19:00,0,1.066
2022-04-07 20:00,0.002,2.077
2022-04-07 21:00,0.008,2.728
2022-04-07 22:00,0.015,3.147
2022-04-07 23:00,0.022,3.415
2022-04-08 00:00,0.020,3.339
2022-04-08 01:00,0.022,3.418
2022-04-08 02:00,0.023,3.448
2022-04-08 03:00,0.018,3.283
2022-04-08 04:00,0.010,2.863
2022-04-08 05:00,0.003,2.314
2022-04-08 06:00,0.001,1.873
2022-04-08 07:00,0.001,1.794
2022-04-08 08:00,0.003,2.253
2022-04-08 09:00,0.020,3.341
2022-04-08 10:00,0.090,4.926
2022-04-08 11:00,0.129,5.486
2022-04-08 12:00,0.106,5.165
2022-04-08 13:00,0.061,4.411
2022-04-08 14:00,0.024,3.497
2022-04-08 15:00,0.006,2.639
2022-04-08 16:00,0.001,1.822
2022-04-08 17:00,0,1.057
2022-04-08 18:00,0,0.267
2022-04-08 19:00,0,0.413
2022-04-08 20:00,0,0.978
2022-04-08 21:00,0,1.467
2022-04-08 22:00,0.001,1.941
2022-04-08 23:00,0.003,2.290
2022-04-09 00:00,0.006,2.642
2022-04-09 01:00,0.015,3.136
2022-04-09 02:00,0.024,3.509
2022-04-09 03:00,0.031,3.725
2022-04-09 04:00,0.033,3.783
2022-04-09 05:00,0.033,3.771
2022-04-09 06:00,0.037,3.871
2022-04-09 07:00,0.049,4.173
2022-04-09 08:00,0.073,4.637
2022-04-09 09:00,0.099,5.060
2022-04-09 10:00,0.113,5.269
2022-04-09 11:00,0.096,5.019
2022-04-09 12:00,0.073,4.635
2022-04-09 13:00,0.063,4.458
2022-04-09 14:00,0.062,4.438
2022-04-09 15:00,0.090,4.931
2022-04-09 16:00,0.085,4.848
2022-04-09 17:00,0.060,4.387
2022-04-09 18:00,0.035,3.828
2022-04-09 19:00,0.021,3.372
2022-04-09 20:00,0.012,3.010
2022-04-09 21:00,0.013,3.034
2022-04-09 22:00,0.020,3.339
2022-04-09 23:00,0.021,3.407
2022-04-10 00:00,0.017,3.247
2022-04-10 01:00,0.014,3.089
2022-04-10 02:00,0.011,2.956
2022-04-10 03:00,0.009,2.853
2022-04-10 04:00,0.009,2.843
2022-04-10 05:00,0.015,3.143
2022-04-10 06:00,0.029,3.656
2022-04-10 07:00,0.044,4.068
2022-04-10 08:00,0.052,4.242
2022-04-10 09:00,0.057,4.349
2022-04-10 10:00,0.064,4.489
2022-04-10 11:00,0.058,4.359
2022-04-10 12:00,0.049,4.176
2022-04-10 13:00,0.045,4.083
2022-04-10 14:00,0.038,3.903
2022-04-10 15:00,0.027,3.604
2022-04-10 16:00,0.014,3.092
2022-04-10 17:00,0.004,2.437
2022-04-10 18:00,0.001,1.986
2022-04-10 19:00,0.001,1.766
2022-04-10 20:00,0,1.517
2022-04-10 21:00,0,1.225
2022-04-10 22:00,0,1.129
2022-04-10 23:00,0,1.162
2022-04-11 00:00,0,1.178
2022-04-11 01:00,0,0.940
2022-04-11 02:00,0,0.780
2022-04-11 03:00,0,0.967
2022-04-11 04:00,0,1.319
2022-04-11 05:00,0,1.608
2022-04-11 06:00,0.001,1.891
2022-04-11 07:00,0.003,2.318
2022-04-11 08:00,0.009,2.845
2022-04-11 09:00,0.028,3.618
2022-04-11 10:00,0.076,4.707
2022-04-11 11:00,0.105,5.161
2022-04-11 12:00,0.085,4.843
2022-04-11 13:00,0.062,4.440
2022-04-11 14:00,0.049,4.177
2022-04-11 15:00,0.034,3.814
2022-04-11 16:00,0.018,3.295
2022-04-11 17:00,0.008,2.767
2022-04-11 18:00,0.003,2.312
2022-04-11 19:00,0.001,2.014
2022-04-11 20:00,0.001,1.827
2022-04-11 21:00,0,1.630
2022-04-11 22:00,0,1.398
2022-04-11 23:00,0,1.057
2022-04-12 00:00,0,1.290
2022-04-12 01:00,0.002,2.036
2022-04-12 02:00,0.009,2.784
2022-04-12 03:00,0.021,3.381
2022-04-12 04:00,0.033,3.771
2022-04-12 05:00,0.043,4.033
2022-04-12 06:00,0.051,4.227
2022-04-12 07:00,0.059,4.380
2022-04-12 08:00,0.062,4.450
2022-04-12 09:00,0.060,4.396
2022-04-12 10:00,0.050,4.189
2022-04-12 11:00,0.034,3.810
2022-04-12 12:00,0.018,3.280
2022-04-12 13:00,0.009,2.847
2022-04-12 14:00,0.009,2.809
2022-04-12 15:00,0.020,3.347
2022-04-12 16:00,0.038,3.913
2022-04-12 17:00,0.043,4.048
2022-04-12 18:00,0.034,3.814
2022-04-12 19:00,0.024,3.514
2022-04-12 20:00,0.019,3.301
2022-04-12 21:00,0.016,3.177
2022-04-12 22:00,0.017,3.211
2022-04-12 23:00,0.020,3.365
2022-04-13 00:00,0.030,3.693
2022-04-13 01:00,0.055,4.311
2022-04-13 02:00,0.088,4.903
2022-04-13 03:00,0.113,5.272
2022-04-13 04:00,0.130,5.495
2022-04-13 05:00,0.123,5.397
2022-04-13 06:00,0.094,4.987
2022-04-13 07:00,0.061,4.413
2022-04-13 08:00,0.034,3.803
2022-04-13 09:00,0.036,3.854
2022-04-13 10:00,0.056,4.328
2022-04-13 11:00,0.048,4.160
2022-04-13 12:00,0.023,3.453
2022-04-13 13:00,0.008,2.773
2022-04-13 14:00,0.001,1.791
2022-04-13 15:00,0,1.410
2022-04-13 16:00,0.019,3.329
2022-04-13 17:00,0.130,5.490
2022-04-13 18:00,0.345,7.548
2022-04-13 19:00,0.475,8.516
2022-04-13 20:00,0.542,9.013
2022-04-13 21:00,0.534,8.954
2022-04-13 22:00,0.487,8.611
2022-04-13 23:00,0.392,7.908
2022-04-14 00:00,0.371,7.741
2022-04-14 01:00,0.308,7.239
2022-04-14 02:00,0.216,6.434
2022-04-14 03:00,0.131,5.508
2022-04-14 04:00,0.060,4.406
2022-04-14 05:00,0.020,3.353
2022-04-14 06:00,0.007,2.652
2022-04-14 07:00,0.004,2.380
2022-04-14 08:00,0.007,2.702
2022-04-14 09:00,0.034,3.793
2022-04-14 10:00,0.137,5.577
2022-04-14 11:00,0.217,6.440
2022-04-14 12:00,0.229,6.563
2022-04-14 13:00,0.212,6.403
2022-04-14 14:00,0.182,6.090
2022-04-14 15:00,0.140,5.614
2022-04-14 16:00,0.100,5.083
2022-04-14 17:00,0.065,4.493
2022-04-14 18:00,0.036,3.855
2022-04-14 19:00,0.037,3.870
2022-04-14 20:00,0.066,4.520
2022-04-14 21:00,0.100,5.089
2022-04-14 22:00,0.122,5.389
2022-04-14 23:00,0.117,5.315
2022-04-15 00:00,0.156,5.801
2022-04-15 01:00,0.236,6.619
2022-04-15 02:00,0.302,7.190
2022-04-15 03:00,0.314,7.298
2022-04-15 04:00,0.299,7.179
2022-04-15 05:00,0.283,7.046
2022-04-15 06:00,0.272,6.942
2022-04-15 07:00,0.274,6.962
2022-04-15 08:00,0.278,6.997
2022-04-15 09:00,0.304,7.217
2022-04-15 10:00,0.319,7.334
2022-04-15 11:00,0.299,7.178
2022-04-15 12:00,0.300,7.182
2022-04-15 13:00,0.319,7.329
2022-04-15 14:00,0.344,7.528
2022-04-15 15:00,0.356,7.627
2022-04-15 16:00,0.353,7.603
2022-04-15 17:00,0.335,7.466
2022-04-15 18:00,0.339,7.493
2022-04-15 19:00,0.386,7.856
2022-04-15 20:00,0.378,7.803
2022-04-15 21:00,0.430,8.187
2022-04-15 22:00,0.480,8.557
2022-04-15 23:00,0.542,9.016
2022-04-16 00:00,0.618,9.606
2022-04-16 01:00,0.620,9.621
2022-04-16 02:00,0.608,9.513
2022-04-16 03:00,0.573,9.240
2022-04-16 04:00,0.531,8.937
2022-04-16 05:00,0.475,8.521
2022-04-16 06:00,0.386,7.849
2022-04-16 07:00,0.305,7.228
2022-04-16 08:00,0.257,6.816
2022-04-16 09:00,0.235,6.614
2022-04-16 10:00,0.229,6.565
2022-04-16 11:00,0.243,6.684
2022-04-16 12:00,0.269,6.918
2022-04-16 13:00,0.311,7.272
2022-04-16 14:00,0.356,7.622
2022-04-16 15:00,0.357,7.634
2022-04-16 16:00,0.333,7.444
2022-04-16 17:00,0.333,7.442
2022-04-16 18:00,0.400,7.966
2022-04-16 19:00,0.505,8.737
2022-04-16 20:00,0.542,9.009
2022-04-16 21:00,0.488,8.616
2022-04-16 22:00,0.390,7.890
2022-04-16 23:00,0.372,7.751
2022-04-17 00:00,0.393,7.910
2022-04-17 01:00,0.393,7.913
2022-04-17 02:00,0.356,7.621
2022-04-17 03:00,0.310,7.264
2022-04-17 04:00,0.293,7.117
2022-04-17 05:00,0.286,7.070
2022-04-17 06:00,0.275,6.979
2022-04-17 07:00,0.268,6.910
2022-04-17 08:00,0.270,6.926
2022-04-17 09:00,0.274,6.969
2022-04-17 10:00,0.270,6.927
2022-04-17 11:00,0.248,6.727
2022-04-17 12:00,0.225,6.522
2022-04-17 13:00,0.232,6.585
2022-04-17 14:00,0.260,6.841
2022-04-17 15:00,0.281,7.023
2022-04-17 16:00,0.286,7.071
2022-04-17 17:00,0.283,7.047
2022-04-17 18:00,0.313,7.289
2022-04-17 19:00,0.380,7.818
2022-04-17 20:00,0.372,7.754
2022-04-17 21:00,0.339,7.496
2022-04-17 22:00,0.346,7.557
2022-04-17 23:00,0.356,7.624
2022-04-18 00:00,0.389,7.881
2022-04-18 01:00,0.393,7.913
2022-04-18 02:00,0.327,7.395
2022-04-18 03:00,0.253,6.786
2022-04-18 04:00,0.185,6.130
2022-04-18 05:00,0.127,5.451
2022-04-18 06:00,0.096,5.023
2022-04-18 07:00,0.094,4.989
2022-04-18 08:00,0.110,5.229
2022-04-18 09:00,0.130,5.495
2022-04-18 10:00,0.165,5.914
2022-04-18 11:00,0.284,7.053
2022-04-18 12:00,0.484,8.578
2022-04-18 13:00,0.615,9.574
2022-04-18 14:00,0.634,9.729
2022-04-18 15:00,0.586,9.354
2022-04-18 16:00,0.540,9.001
2022-04-18 17:00,0.503,8.727
2022-04-18 18:00,0.472,8.492
2022-04-18 19:00,0.438,8.244
2022-04-18 20:00,0.426,8.154
2022-04-18 21:00,0.425,8.145
2022-04-18 22:00,0.403,7.983
2022-04-18 23:00,0.392,7.901
2022-04-19 00:00,0.386,7.859
2022-04-19 01:00,0.352,7.594
2022-04-19 02:00,0.304,7.214
2022-04-19 03:00,0.242,6.674
2022-04-19 04:00,0.178,6.048
2022-04-19 05:00,0.136,5.557
2022-04-19 06:00,0.116,5.300
2022-04-19 07:00,0.107,5.181
2022-04-19 08:00,0.103,5.122
2022-04-19 09:00,0.106,5.165
2022-04-19 10:00,0.124,5.413
2022-04-19 11:00,0.160,5.856
2022-04-19 12:00,0.197,6.237
2022-04-19 13:00,0.219,6.458
2022-04-19 14:00,0.226,6.538
2022-04-19 15:00,0.208,6.355
2022-04-19 16:00,0.172,5.977
2022-04-19 17:00,0.146,5.686
2022-04-19 18:00,0.133,5.526
2022-04-19 19:00,0.119,5.346
2022-04-19 20:00,0.109,5.204
2022-04-19 21:00,0.104,5.145
2022-04-19 22:00,0.102,5.112
2022-04-19 23:00,0.092,4.957
2022-04-20 00:00,0.074,4.660
2022-04-20 01:00,0.052,4.246
2022-04-20 02:00,0.033,3.775
2022-04-20 03:00,0.022,3.441
2022-04-20 04:00,0.005,2.490
2022-04-20 05:00,0,1.628
2022-04-20 06:00,0,0.997
2022-04-20 07:00,0,0.468
2022-04-20 08:00,0,0.623
2022-04-20 09:00,0,1.303
2022-04-20 10:00,0.006,2.622
2022-04-20 11:00,0.017,3.231
2022-04-20 12:00,0.029,3.642
2022-04-20 13:00,0.035,3.844
2022-04-20 14:00,0.041,3.981
2022-04-20 15:00,0.036,3.860
2022-04-20 16:00,0.024,3.476
2022-04-20 17:00,0.013,3.038
2022-04-20 18:00,0.007,2.651
2022-04-20 19:00,0.004,2.384
2022-04-20 20:00,0.002,2.195
2022-04-20 21:00,0.002,2.170
2022-04-20 22:00,0.003,2.273
2022-04-20 23:00,0.002,2.135
2022-04-21 00:00,0.001,1.851
2022-04-21 01:00,0,1.612
2022-04-21 02:00,0.002,2.148
2022-04-21 03:00,0.004,2.377
2022-04-21 04:00,0.009,2.840
2022-04-21 05:00,0.023,3.469
2022-04-21 06:00,0.041,3.988
2022-04-21 07:00,0.055,4.295
2022-04-21 08:00,0.063,4.460
2022-04-21 09:00,0.068,4.541
2022-04-21 10:00,0.069,4.581
2022-04-21 11:00,0.060,4.397
2022-04-21 12:00,0.046,4.103
2022-04-21 13:00,0.039,3.927
2022-04-21 14:00,0.033,3.771
2022-04-21 15:00,0.029,3.645
2022-04-21 16:00,0.024,3.505
2022-04-21 17:00,0.020,3.342
2022-04-21 18:00,0.017,3.235
2022-04-21 19:00,0.017,3.214
2022-04-21 20:00,0.020,3.345
2022-04-21 21:00,0.029,3.643
2022-04-21 22:00,0.041,3.986
2022-04-21 23:00,0.070,4.602
2022-04-22 00:00,0.126,5.437
2022-04-22 01:00,0.167,5.937
2022-04-22 02:00,0.193,6.206
2022-04-22 03:00,0.212,6.396
2022-04-22 04:00,0.229,6.565
2022-04-22 05:00,0.251,6.757
2022-04-22 06:00,0.272,6.942
2022-04-22 07:00,0.264,6.873
2022-04-22 08:00,0.251,6.758
2022-04-22 09:00,0.208,6.359
2022-04-22 10:00,0.157,5.816
2022-04-22 11:00,0.124,5.412
2022-04-22 12:00,0.114,5.274
2022-04-22 13:00,0.112,5.259
2022-04-22 14:00,0.109,5.211
2022-04-22 15:00,0.109,5.213
2022-04-22 16:00,0.110,5.228
2022-04-22 17:00,0.116,5.301
2022-04-22 18:00,0.136,5.565
2022-04-22 19:00,0.162,5.872
2022-04-22 20:00,0.182,6.090
2022-04-22 21:00,0.206,6.335
2022-04-22 22:00,0.189,6.163
2022-04-22 23:00,0.155,5.793
2022-04-23 00:00,0.182,6.087
2022-04-23 01:00,0.191,6.182
2022-04-23 02:00,0.183,6.108
2022-04-23 03:00,0.186,6.132
2022-04-23 04:00,0.190,6.179
2022-04-23 05:00,0.192,6.189
2022-04-23 06:00,0.193,6.205
2022-04-23 07:00,0.190,6.176
2022-04-23 08:00,0.180,6.072
2022-04-23 09:00,0.161,5.870
2022-04-23 10:00,0.138,5.590
2022-04-23 11:00,0.128,5.458
2022-04-23 12:00,0.125,5.429
2022-04-23 13:00,0.127,5.445
2022-04-23 14:00,0.128,5.454
2022-04-23 15:00,0.135,5.548
2022-04-23 16:00,0.145,5.678
2022-04-23 17:00,0.156,5.808
2022-04-23 18:00,0.173,5.998
2022-04-23 19:00,0.197,6.241
2022-04-23 20:00,0.229,6.562
2022-04-23 21:00,0.249,6.739
2022-04-23 22:00,0.250,6.750
2022-04-23 23:00,0.256,6.811
2022-04-24 00:00,0.320,7.344
2022-04-24 01:00,0.362,7.667
2022-04-24 02:00,0.389,7.877
2022-04-24 03:00,0.426,8.152
2022-04-24 04:00,0.463,8.431
2022-04-24 05:00,0.495,8.666
2022-04-24 06:00,0.520,8.855
2022-04-24 07:00,0.520,8.851
2022-04-24 08:00,0.491,8.639
2022-04-24 09:00,0.438,8.238
2022-04-24 10:00,0.372,7.751
2022-04-24 11:00,0.362,7.682
2022-04-24 12:00,0.407,8.017
2022-04-24 13:00,0.453,8.362
2022-04-24 14:00,0.484,8.576
2022-04-24 15:00,0.497,8.679
2022-04-24 16:00,0.494,8.654
2022-04-24 17:00,0.472,8.494
2022-04-24 18:00,0.451,8.341
2022-04-24 19:00,0.433,8.211
2022-04-24 20:00,0.422,8.124
2022-04-24 21:00,0.422,8.132
2022-04-24 22:00,0.431,8.199
2022-04-24 23:00,0.465,8.440
2022-04-25 00:00,0.593,9.400
2022-04-25 01:00,0.673,10.056
2022-04-25 02:00,0.717,10.452
2022-04-25 03:00,0.735,10.623
2022-04-25 04:00,0.733,10.608
2022-04-25 05:00,0.725,10.528
2022-04-25 06:00,0.706,10.344
2022-04-25 07:00,0.670,10.030
2022-04-25 08:00,0.616,9.584
2022-04-25 09:00,0.554,9.108
2022-04-25 10:00,0.503,8.725
2022-04-25 11:00,0.503,8.724
2022-04-25 12:00,0.548,9.059
2022-04-25 13:00,0.577,9.281
2022-04-25 14:00,0.596,9.431
2022-04-25 15:00,0.558,9.141
2022-04-25 16:00,0.502,8.716
2022-04-25 17:00,0.523,8.876
2022-04-25 18:00,0.489,8.626
2022-04-25 19:00,0.473,8.505
2022-04-25 20:00,0.460,8.401
2022-04-25 21:00,0.478,8.537
2022-04-25 22:00,0.446,8.308
2022-04-25 23:00,0.423,8.135
2022-04-26 00:00,0.460,8.406
2022-04-26 01:00,0.497,8.676
2022-04-26 02:00,0.528,8.904
2022-04-26 03:00,0.568,9.217
2022-04-26 04:00,0.610,9.541
2022-04-26 05:00,0.632,9.708
2022-04-26 06:00,0.637,9.753
2022-04-26 07:00,0.622,9.631
2022-04-26 08:00,0.575,9.260
2022-04-26 09:00,0.481,8.562
2022-04-26 10:00,0.373,7.757
2022-04-26 11:00,0.339,7.491
2022-04-26 12:00,0.316,7.313
2022-04-26 13:00,0.279,7.006
2022-04-26 14:00,0.228,6.553
2022-04-26 15:00,0.208,6.360
2022-04-26 16:00,0.214,6.413
2022-04-26 17:00,0.194,6.218
2022-04-26 18:00,0.169,5.949
2022-04-26 19:00,0.146,5.688
2022-04-26 20:00,0.132,5.515
2022-04-26 21:00,0.118,5.324
2022-04-26 22:00,0.111,5.236
2022-04-26 23:00,0.110,5.222
2022-04-27 00:00,0.129,5.479
2022-04-27 01:00,0.148,5.700
2022-04-27 02:00,0.168,5.944
2022-04-27 03:00,0.197,6.245
2022-04-27 04:00,0.225,6.527
2022-04-27 05:00,0.252,6.774
2022-04-27 06:00,0.272,6.939
2022-04-27 07:00,0.266,6.899
2022-04-27 08:00,0.240,6.660
2022-04-27 09:00,0.215,6.419
2022-04-27 10:00,0.210,6.375
2022-04-27 11:00,0.225,6.528
2022-04-27 12:00,0.280,7.007
2022-04-27 13:00,0.344,7.536
2022-04-27 14:00,0.383,7.829
2022-04-27 15:00,0.383,7.840
2022-04-27 16:00,0.353,7.606
2022-04-27 17:00,0.319,7.337
2022-04-27 18:00,0.260,6.840
2022-04-27 19:00,0.203,6.315
2022-04-27 20:00,0.152,5.761
2022-04-27 21:00,0.107,5.189
2022-04-27 22:00,0.094,4.999
2022-04-27 23:00,0.085,4.852
2022-04-28 00:00,0.108,5.191
2022-04-28 01:00,0.131,5.501
2022-04-28 02:00,0.158,5.834
2022-04-28 03:00,0.186,6.137
2022-04-28 04:00,0.229,6.562
2022-04-28 05:00,0.275,6.976
2022-04-28 06:00,0.319,7.341
2022-04-28 07:00,0.347,7.562
2022-04-28 08:00,0.359,7.648
2022-04-28 09:00,0.319,7.338
2022-04-28 10:00,0.217,6.438
2022-04-28 11:00,0.134,5.540
2022-04-28 12:00,0.099,5.054
2022-04-28 13:00,0.073,4.632
2022-04-28 14:00,0.048,4.143
2022-04-28 15:00,0.033,3.774
2022-04-28 16:00,0.029,3.657
2022-04-28 17:00,0.030,3.688
2022-04-28 18:00,0.035,3.837
2022-04-28 19:00,0.043,4.041
2022-04-28 20:00,0.051,4.225
2022-04-28 21:00,0.055,4.309
2022-04-28 22:00,0.057,4.338
2022-04-28 23:00,0.044,4.052
2022-04-29 00:00,0.037,3.881
2022-04-29 01:00,0.038,3.899
2022-04-29 02:00,0.032,3.750
2022-04-29 03:00,0.024,3.509
2022-04-29 04:00,0.023,3.456
2022-04-29 05:00,0.024,3.479
2022-04-29 06:00,0.027,3.612
2022-04-29 07:00,0.047,4.116
2022-04-29 08:00,0.076,4.700
2022-04-29 09:00,0.115,5.289
2022-04-29 10:00,0.121,5.379
2022-04-29 11:00,0.077,4.716
2022-04-29 12:00,0.030,3.685
2022-04-29 13:00,0.010,2.877
2022-04-29 14:00,0.005,2.498
2022-04-29 15:00,0.003,2.287
2022-04-29 16:00,0.001,2.010
2022-04-29 17:00,0.001,1.737
2022-04-29 18:00,0,1.578
2022-04-29 19:00,0,1.592
2022-04-29 20:00,0,1.637
2022-04-29 21:00,0.003,2.254
2022-04-29 22:00,0.027,3.598
2022-04-29 23:00,0.065,4.508
2022-04-30 00:00,0.076,4.702
2022-04-30 01:00,0.061,4.408
2022-04-30 02:00,0.038,3.894
2022-04-30 03:00,0.019,3.319
2022-04-30 04:00,0.009,2.798
2022-04-30 05:00,0.006,2.580
2022-04-30 06:00,0.007,2.671
2022-04-30 07:00,0.013,3.029
2022-04-30 08:00,0.029,3.659
2022-04-30 09:00,0.062,4.437
2022-04-30 10:00,0.112,5.248
2022-04-30 11:00,0.155,5.788
2022-04-30 12:00,0.171,5.971
2022-04-30 13:00,0.185,6.126
2022-04-30 14:00,0.206,6.336
2022-04-30 15:00,0.210,6.382
2022-04-30 16:00,0.206,6.342
2022-04-30 17:00,0.182,6.088
2022-04-30 18:00,0.163,5.887
2022-04-30 19:00,0.157,5.817
2022-04-30 20:00,0.154,5.777
2022-04-30 21:00,0.161,5.865
2022-04-30 22:00,0.189,6.167
2022-04-30 23:00,0.250,6.744
2022-05-01 00:00,0.335,7.466
2022-05-01 01:00,0.407,8.014
2022-05-01 02:00,0.464,8.436
2022-05-01 03:00,0.533,8.946
2022-05-01 04:00,0.634,9.732
2022-05-01 05:00,0.749,10.762
2022-05-01 06:00,0.858,12.128
2022-05-01 07:00,0.929,13.579
2022-05-01 08:00,0.966,14.875
2022-05-01 09:00,0.976,15.469
2022-05-01 10:00,0.976,15.484
2022-05-01 11:00,0.974,15.349
2022-05-01 12:00,0.973,15.279
2022-05-01 13:00,0.974,15.352
2022-05-01 14:00,0.972,15.206
2022-05-01 15:00,0.961,14.666
2022-05-01 16:00,0.942,13.937
2022-05-01 17:00,0.916,13.247
2022-05-01 18:00,0.898,12.839
2022-05-01 19:00,0.894,12.765
2022-05-01 20:00,0.903,12.938
2022-05-01 21:00,0.906,13.015
2022-05-01 22:00,0.902,12.913
2022-05-01 23:00,0.893,12.737
2022-05-02 00:00,0.866,12.254
2022-05-02 01:00,0.823,11.630
2022-05-02 02:00,0.761,10.889
2022-05-02 03:00,0.689,10.191
2022-05-02 04:00,0.610,9.538
2022-05-02 05:00,0.548,9.055
2022-05-02 06:00,0.515,8.819
2022-05-02 07:00,0.520,8.850
2022-05-02 08:00,0.565,9.184
2022-05-02 09:00,0.629,9.684
2022-05-02 10:00,0.680,10.121
2022-05-02 11:00,0.692,10.226
2022-05-02 12:00,0.678,10.094
2022-05-02 13:00,0.648,9.850
2022-05-02 14:00,0.636,9.745
2022-05-02 15:00,0.636,9.740
2022-05-02 16:00,0.620,9.622
2022-05-02 17:00,0.622,9.638
2022-05-02 18:00,0.649,9.852
2022-05-02 19:00,0.681,10.130
2022-05-02 20:00,0.696,10.264
2022-05-02 21:00,0.698,10.279
2022-05-02 22:00,0.691,10.213
2022-05-02 23:00,0.656,9.911
2022-05-03 00:00,0.679,10.104
2022-05-03 01:00,0.620,9.619
2022-05-03 02:00,0.491,8.636
2022-05-03 03:00,0.334,7.461
2022-05-03 04:00,0.203,6.308
2022-05-03 05:00,0.120,5.363
2022-05-03 06:00,0.077,4.724
2022-05-03 07:00,0.066,4.515
2022-05-03 08:00,0.068,4.566
2022-05-03 09:00,0.085,4.850
2022-05-03 10:00,0.113,5.262
2022-05-03 11:00,0.136,5.562
2022-05-03 12:00,0.144,5.662
2022-05-03 13:00,0.131,5.501
2022-05-03 14:00,0.106,5.163
2022-05-03 15:00,0.090,4.930
2022-05-03 16:00,0.083,4.808
2022-05-03 17:00,0.073,4.647
2022-05-03 18:00,0.067,4.534
2022-05-03 19:00,0.080,4.762
2022-05-03 20:00,0.134,5.540
2022-05-03 21:00,0.208,6.361
2022-05-03 22:00,0.243,6.688
2022-05-03 23:00,0.198,6.255
2022-05-04 00:00,0.168,5.939
2022-05-04 01:00,0.158,5.834
2022-05-04 02:00,0.141,5.631
2022-05-04 03:00,0.095,5.007
2022-05-04 04:00,0.047,4.125
2022-05-04 05:00,0.018,3.274
2022-05-04 06:00,0.006,2.602
2022-05-04 07:00,0.002,2.094
2022-05-04 08:00,0.001,1.703
2022-05-04 09:00,0.001,1.805
2022-05-04 10:00,0.004,2.433
2022-05-04 11:00,0.016,3.202
2022-05-04 12:00,0.029,3.664
2022-05-04 13:00,0.033,3.764
2022-05-04 14:00,0.028,3.624
2022-05-04 15:00,0.016,3.202
2022-05-04 16:00,0.006,2.556
2022-05-04 17:00,0.001,1.821
2022-05-04 18:00,0,1.202
2022-05-04 19:00,0,0.995
2022-05-04 20:00,0,1.320
2022-05-04 21:00,0.001,1.824
2022-05-04 22:00,0.003,2.311
2022-05-04 23:00,0.006,2.607
2022-05-05 00:00,0.012,2.989
2022-05-05 01:00,0.028,3.621
2022-05-05 02:00,0.047,4.125
2022-05-05 03:00,0.048,4.133
2022-05-05 04:00,0.038,3.898
2022-05-05 05:00,0.031,3.711
2022-05-05 06:00,0.027,3.593
2022-05-05 07:00,0.029,3.645
2022-05-05 08:00,0.032,3.757
2022-05-05 09:00,0.031,3.720
2022-05-05 10:00,0.027,3.590
2022-05-05 11:00,0.028,3.630
2022-05-05 12:00,0.032,3.746
2022-05-05 13:00,0.031,3.718
2022-05-05 14:00,0.025,3.545
2022-05-05 15:00,0.024,3.507
2022-05-05 16:00,0.028,3.619
2022-05-05 17:00,0.031,3.699
2022-05-05 18:00,0.029,3.653
2022-05-05 19:00,0.023,3.458
2022-05-05 20:00,0.015,3.120
2022-05-05 21:00,0.007,2.659
2022-05-05 22:00,0.005,2.463
2022-05-05 23:00,0.005,2.541
2022-05-06 00:00,0.008,2.782
2022-05-06 01:00,0.011,2.960
2022-05-06 02:00,0.016,3.187
2022-05-06 03:00,0.024,3.516
2022-05-06 04:00,0.036,3.866
2022-05-06 05:00,0.045,4.075
2022-05-06 06:00,0.049,4.184
2022-05-06 07:00,0.062,4.446
2022-05-06 08:00,0.077,4.725
2022-05-06 09:00,0.107,5.180
2022-05-06 10:00,0.140,5.615
2022-05-06 11:00,0.151,5.754
2022-05-06 12:00,0.148,5.707
2022-05-06 13:00,0.138,5.586
2022-05-06 14:00,0.118,5.331
2022-05-06 15:00,0.072,4.625
2022-05-06 16:00,0.025,3.519
2022-05-06 17:00,0.010,2.860
2022-05-06 18:00,0.012,2.977
2022-05-06 19:00,0.003,2.284
2022-05-06 20:00,0.006,2.622
2022-05-06 21:00,0.029,3.644
2022-05-06 22:00,0.063,4.467
2022-05-06 23:00,0.089,4.910
2022-05-07 00:00,0.083,4.814
2022-05-07 01:00,0.079,4.743
2022-05-07 02:00,0.094,4.986
2022-05-07 03:00,0.096,5.016
2022-05-07 04:00,0.087,4.869
2022-05-07 05:00,0.104,5.135
2022-05-07 06:00,0.122,5.393
2022-05-07 07:00,0.119,5.351
2022-05-07 08:00,0.114,5.279
2022-05-07 09:00,0.110,5.232
2022-05-07 10:00,0.102,5.105
2022-05-07 11:00,0.100,5.077
2022-05-07 12:00,0.111,5.245
2022-05-07 13:00,0.138,5.594
2022-05-07 14:00,0.184,6.119
2022-05-07 15:00,0.215,6.420
2022-05-07 16:00,0.217,6.437
2022-05-07 17:00,0.203,6.307
2022-05-07 18:00,0.199,6.262
2022-05-07 19:00,0.210,6.373
2022-05-07 20:00,0.230,6.570
2022-05-07 21:00,0.234,6.608
2022-05-07 22:00,0.209,6.363
2022-05-07 23:00,0.179,6.057
2022-05-08 00:00,0.189,6.165
2022-05-08 01:00,0.183,6.100
2022-05-08 02:00,0.163,5.891
2022-05-08 03:00,0.150,5.737
2022-05-08 04:00,0.137,5.566
2022-05-08 05:00,0.120,5.366
2022-05-08 06:00,0.115,5.284
2022-05-08 07:00,0.118,5.336
2022-05-08 08:00,0.128,5.454
2022-05-08 09:00,0.145,5.674
2022-05-08 10:00,0.176,6.023
2022-05-08 11:00,0.214,6.416
2022-05-08 12:00,0.233,6.595
2022-05-08 13:00,0.250,6.741
2022-05-08 14:00,0.262,6.852
2022-05-08 15:00,0.231,6.578
2022-05-08 16:00,0.186,6.137
2022-05-08 17:00,0.153,5.770
2022-05-08 18:00,0.131,5.509
2022-05-08 19:00,0.116,5.294
2022-05-08 20:00,0.105,5.161
2022-05-08 21:00,0.094,4.996
2022-05-08 22:00,0.082,4.789
2022-05-08 23:00,0.067,4.533
2022-05-09 00:00,0.062,4.446
2022-05-09 01:00,0.043,4.026
2022-05-09 02:00,0.031,3.733
2022-05-09 03:00,0.032,3.759
2022-05-09 04:00,0.036,3.850
2022-05-09 05:00,0.041,3.968
2022-05-09 06:00,0.050,4.197
2022-05-09 07:00,0.075,4.685
2022-05-09 08:00,0.112,5.259
2022-05-09 09:00,0.139,5.609
2022-05-09 10:00,0.151,5.747
2022-05-09 11:00,0.145,5.674
2022-05-09 12:00,0.148,5.708
2022-05-09 13:00,0.159,5.839
2022-05-09 14:00,0.160,5.856
2022-05-09 15:00,0.163,5.884
2022-05-09 16:00,0.185,6.122
2022-05-09 17:00,0.199,6.274
2022-05-09 18:00,0.155,5.787
2022-05-09 19:00,0.126,5.439
2022-05-09 20:00,0.148,5.708
2022-05-09 21:00,0.200,6.280
2022-05-09 22:00,0.251,6.754
2022-05-09 23:00,0.259,6.829
2022-05-10 00:00,0.308,7.244
2022-05-10 01:00,0.331,7.432
2022-05-10 02:00,0.299,7.174
2022-05-10 03:00,0.265,6.884
2022-05-10 04:00,0.251,6.751
2022-05-10 05:00,0.251,6.754
2022-05-10 06:00,0.299,7.167
2022-05-10 07:00,0.401,7.970
2022-05-10 08:00,0.513,8.798
2022-05-10 09:00,0.522,8.870
2022-05-10 10:00,0.417,8.093
2022-05-10 11:00,0.333,7.445
2022-05-10 12:00,0.321,7.350
2022-05-10 13:00,0.305,7.224
2022-05-10 14:00,0.295,7.138
2022-05-10 15:00,0.281,7.024
2022-05-10 16:00,0.297,7.156
2022-05-10 17:00,0.280,7.012
2022-05-10 18:00,0.284,7.052
2022-05-10 19:00,0.274,6.969
2022-05-10 20:00,0.248,6.730
2022-05-10 21:00,0.229,6.560
2022-05-10 22:00,0.220,6.476
2022-05-10 23:00,0.206,6.339
2022-05-11 00:00,0.250,6.750
2022-05-11 01:00,0.305,7.227
2022-05-11 02:00,0.348,7.566
2022-05-11 03:00,0.383,7.828
2022-05-11 04:00,0.444,8.288
2022-05-11 05:00,0.506,8.746
2022-05-11 06:00,0.546,9.045
2022-05-11 07:00,0.574,9.254
2022-05-11 08:00,0.596,9.430
2022-05-11 09:00,0.535,8.968
2022-05-11 10:00,0.426,8.155
2022-05-11 11:00,0.362,7.680
2022-05-11 12:00,0.284,7.051
2022-05-11 13:00,0.171,5.969
2022-05-11 14:00,0.074,4.658
2022-05-11 15:00,0.047,4.125
2022-05-11 16:00,0.039,3.927
2022-05-11 17:00,0.014,3.101
2022-05-11 18:00,0.001,1.947
2022-05-11 19:00,0,1.400
2022-05-11 20:00,0.003,2.309
2022-05-11 21:00,0.017,3.220
2022-05-11 22:00,0.026,3.568
2022-05-11 23:00,0.032,3.753
2022-05-12 00:00,0.040,3.957
2022-05-12 01:00,0.050,4.188
2022-05-12 02:00,0.088,4.900
2022-05-12 03:00,0.191,6.185
2022-05-12 04:00,0.329,7.416
2022-05-12 05:00,0.454,8.370
2022-05-12 06:00,0.536,8.975
2022-05-12 07:00,0.560,9.146
2022-05-12 08:00,0.519,8.844
2022-05-12 09:00,0.378,7.803
2022-05-12 10:00,0.272,6.947
2022-05-12 11:00,0.250,6.750
2022-05-12 12:00,0.212,6.402
2022-05-12 13:00,0.160,5.857
2022-05-12 14:00,0.120,5.359
2022-05-12 15:00,0.116,5.296
2022-05-12 16:00,0.136,5.564
2022-05-12 17:00,0.153,5.769
2022-05-12 18:00,0.158,5.830
2022-05-12 19:00,0.145,5.684
2022-05-12 20:00,0.140,5.624
2022-05-12 21:00,0.148,5.711
2022-05-12 22:00,0.166,5.916
2022-05-12 23:00,0.165,5.911
2022-05-13 00:00,0.202,6.299
2022-05-13 01:00,0.199,6.269
2022-05-13 02:00,0.230,6.571
2022-05-13 03:00,0.214,6.417
2022-05-13 04:00,0.165,5.913
2022-05-13 05:00,0.127,5.450
2022-05-13 06:00,0.106,5.163
2022-05-13 07:00,0.092,4.965
2022-05-13 08:00,0.088,4.895
2022-05-13 09:00,0.106,5.176
2022-05-13 10:00,0.116,5.299
2022-05-13 11:00,0.119,5.352
2022-05-13 12:00,0.124,5.417
2022-05-13 13:00,0.146,5.693
2022-05-13 14:00,0.215,6.431
2022-05-13 15:00,0.346,7.550
2022-05-13 16:00,0.411,8.043
2022-05-13 17:00,0.414,8.070
2022-05-13 18:00,0.363,7.688
2022-05-13 19:00,0.231,6.574
2022-05-13 20:00,0.084,4.828
2022-05-13 21:00,0.034,3.793
2022-05-13 22:00,0.074,4.666
2022-05-13 23:00,0.165,5.916
2022-05-14 00:00,0.149,5.727
2022-05-14 01:00,0.136,5.565
2022-05-14 02:00,0.122,5.386
2022-05-14 03:00,0.064,4.484
2022-05-14 04:00,0.027,3.587
2022-05-14 05:00,0.012,2.984
2022-05-14 06:00,0.013,3.042
2022-05-14 07:00,0.030,3.683
2022-05-14 08:00,0.056,4.318
2022-05-14 09:00,0.087,4.887
2022-05-14 10:00,0.118,5.336
2022-05-14 11:00,0.136,5.564
2022-05-14 12:00,0.141,5.625
2022-05-14 13:00,0.151,5.750
2022-05-14 14:00,0.161,5.870
2022-05-14 15:00,0.143,5.660
2022-05-14 16:00,0.137,5.572
2022-05-14 17:00,0.172,5.989
2022-05-14 18:00,0.194,6.222
2022-05-14 19:00,0.190,6.181
2022-05-14 20:00,0.174,6.004
2022-05-14 21:00,0.138,5.588
2022-05-14 22:00,0.112,5.252
2022-05-14 23:00,0.095,5.001
2022-05-15 00:00,0.100,5.078
2022-05-15 01:00,0.100,5.070
2022-05-15 02:00,0.094,4.993
2022-05-15 03:00,0.102,5.112
2022-05-15 04:00,0.118,5.331
2022-05-15 05:00,0.134,5.534
2022-05-15 06:00,0.125,5.428
2022-05-15 07:00,0.066,4.522
2022-05-15 08:00,0.009,2.845
2022-05-15 09:00,0,0.380
2022-05-15 10:00,0.068,4.554
2022-05-15 11:00,0.557,9.129
2022-05-15 12:00,0.864,12.222
2022-05-15 13:00,0.918,13.294
2022-05-15 14:00,0.909,13.070
2022-05-15 15:00,0.900,12.889
2022-05-15 16:00,0.889,12.665
2022-05-15 17:00,0.872,12.359
2022-05-15 18:00,0.879,12.477
2022-05-15 19:00,0.889,12.660
2022-05-15 20:00,0.896,12.797
2022-05-15 21:00,0.909,13.070
2022-05-15 22:00,0.917,13.253
2022-05-15 23:00,0.908,13.063
2022-05-16 00:00,0.878,12.456
2022-05-16 01:00,0.840,11.866
2022-05-16 02:00,0.797,11.302
2022-05-16 03:00,0.761,10.884
2022-05-16 04:00,0.729,10.565
2022-05-16 05:00,0.697,10.271
2022-05-16 06:00,0.652,9.882
2022-05-16 07:00,0.602,9.473
2022-05-16 08:00,0.576,9.272
2022-05-16 09:00,0.583,9.332
2022-05-16 10:00,0.596,9.427
2022-05-16 11:00,0.595,9.416
2022-05-16 12:00,0.582,9.318
2022-05-16 13:00,0.578,9.289
2022-05-16 14:00,0.578,9.293
2022-05-16 15:00,0.573,9.240
2022-05-16 16:00,0.561,9.153
2022-05-16 17:00,0.548,9.057
2022-05-16 18:00,0.539,8.988
2022-05-16 19:00,0.540,8.993
2022-05-16 20:00,0.545,9.033
2022-05-16 21:00,0.529,8.913
2022-05-16 22:00,0.480,8.557
2022-05-16 23:00,0.422,8.122
2022-05-17 00:00,0.380,7.814
2022-05-17 01:00,0.319,7.336
2022-05-17 02:00,0.256,6.808
2022-05-17 03:00,0.179,6.053
2022-05-17 04:00,0.103,5.127
2022-05-17 05:00,0.058,4.365
2022-05-17 06:00,0.038,3.899
2022-05-17 07:00,0.032,3.739
2022-05-17 08:00,0.036,3.863
2022-05-17 09:00,0.059,4.379
2022-05-17 10:00,0.097,5.035
2022-05-17 11:00,0.142,5.644
2022-05-17 12:00,0.171,5.966
2022-05-17 13:00,0.177,6.030
2022-05-17 14:00,0.165,5.914
2022-05-17 15:00,0.155,5.785
2022-05-17 16:00,0.152,5.757
2022-05-17 17:00,0.156,5.802
2022-05-17 18:00,0.169,5.951
2022-05-17 19:00,0.199,6.273
2022-05-17 20:00,0.246,6.721
2022-05-17 21:00,0.297,7.156
2022-05-17 22:00,0.334,7.462
2022-05-17 23:00,0.347,7.564
2022-05-18 00:00,0.374,7.761
2022-05-18 01:00,0.377,7.784
2022-05-18 02:00,0.356,7.622
2022-05-18 03:00,0.303,7.209
2022-05-18 04:00,0.234,6.603
2022-05-18 05:00,0.174,6.005
2022-05-18 06:00,0.137,5.573
2022-05-18 07:00,0.124,5.415
2022-05-18 08:00,0.128,5.461
2022-05-18 09:00,0.149,5.721
2022-05-18 10:00,0.189,6.164
2022-05-18 11:00,0.230,6.570
2022-05-18 12:00,0.249,6.739
2022-05-18 13:00,0.242,6.673
2022-05-18 14:00,0.209,6.367
2022-05-18 15:00,0.160,5.857
2022-05-18 16:00,0.119,5.345
2022-05-18 17:00,0.086,4.860
2022-05-18 18:00,0.073,4.635
2022-05-18 19:00,0.073,4.637
2022-05-18 20:00,0.089,4.911
2022-05-18 21:00,0.108,5.193
2022-05-18 22:00,0.127,5.445
2022-05-18 23:00,0.142,5.646
2022-05-19 00:00,0.154,5.780
2022-05-19 01:00,0.137,5.572
2022-05-19 02:00,0.094,4.992
2022-05-19 03:00,0.052,4.246
2022-05-19 04:00,0.025,3.541
2022-05-19 05:00,0.015,3.129
2022-05-19 06:00,0.011,2.955
2022-05-19 07:00,0.013,3.070
2022-05-19 08:00,0.018,3.279
2022-05-19 09:00,0.021,3.392
2022-05-19 10:00,0.021,3.405
2022-05-19 11:00,0.020,3.361
2022-05-19 12:00,0.016,3.191
2022-05-19 13:00,0.013,3.062
2022-05-19 14:00,0.010,2.905
2022-05-19 15:00,0.007,2.706
2022-05-19 16:00,0.003,2.333
2022-05-19 17:00,0.001,1.909
2022-05-19 18:00,0,1.497
2022-05-19 19:00,0,1.112
2022-05-19 20:00,0,0.884
2022-05-19 21:00,0,0.865
2022-05-19 22:00,0,0.844
2022-05-19 23:00,0,0.947
2022-05-20 00:00,0,1.015
2022-05-20 01:00,0,0.986
2022-05-20 02:00,0,1.145
2022-05-20 03:00,0,1.242
2022-05-20 04:00,0,1.267
2022-05-20 05:00,0,1.381
2022-05-20 06:00,0.001,1.752
2022-05-20 07:00,0.002,2.135
2022-05-20 08:00,0.004,2.454
2022-05-20 09:00,0.010,2.877
2022-05-20 10:00,0.027,3.584
2022-05-20 11:00,0.047,4.129
2022-05-20 12:00,0.048,4.138
2022-05-20 13:00,0.038,3.908
2022-05-20 14:00,0.022,3.436
2022-05-20 15:00,0.011,2.963
2022-05-20 16:00,0.008,2.781
2022-05-20 17:00,0.010,2.890
2022-05-20 18:00,0.017,3.226
2022-05-20 19:00,0.027,3.590
2022-05-20 20:00,0.031,3.720
2022-05-20 21:00,0.025,3.525
2022-05-20 22:00,0.013,3.063
2022-05-20 23:00,0.006,2.594
2022-05-21 00:00,0.004,2.418
2022-05-21 01:00,0.003,2.324
2022-05-21 02:00,0.002,2.096
2022-05-21 03:00,0,1.686
2022-05-21 04:00,0.001,1.691
2022-05-21 05:00,0.001,1.941
2022-05-21 06:00,0.002,2.185
2022-05-21 07:00,0.006,2.570
2022-05-21 08:00,0.015,3.144
2022-05-21 09:00,0.035,3.836
2022-05-21 10:00,0.068,4.542
2022-05-21 11:00,0.104,5.140
2022-05-21 12:00,0.126,5.438
2022-05-21 13:00,0.135,5.543
2022-05-21 14:00,0.144,5.663
2022-05-21 15:00,0.173,6.001
2022-05-21 16:00,0.197,6.252
2022-05-21 17:00,0.208,6.349
2022-05-21 18:00,0.199,6.272
2022-05-21 19:00,0.162,5.878
2022-05-21 20:00,0.162,5.879
2022-05-21 21:00,0.213,6.408
2022-05-21 22:00,0.316,7.319
2022-05-21 23:00,0.417,8.086
2022-05-22 00:00,0.468,8.470
2022-05-22 01:00,0.502,8.717
2022-05-22 02:00,0.502,8.723
2022-05-22 03:00,0.485,8.594
2022-05-22 04:00,0.478,8.540
2022-05-22 05:00,0.485,8.592
2022-05-22 06:00,0.494,8.657
2022-05-22 07:00,0.502,8.717
2022-05-22 08:00,0.518,8.831
2022-05-22 09:00,0.532,8.943
2022-05-22 10:00,0.547,9.047
2022-05-22 11:00,0.594,9.403
2022-05-22 12:00,0.640,9.784
2022-05-22 13:00,0.660,9.937
2022-05-22 14:00,0.663,9.964
2022-05-22 15:00,0.639,9.775
2022-05-22 16:00,0.599,9.453
2022-05-22 17:00,0.539,8.988
2022-05-22 18:00,0.532,8.943
2022-05-22 19:00,0.531,8.933
2022-05-22 20:00,0.511,8.790
2022-05-22 21:00,0.484,8.585
2022-05-22 22:00,0.441,8.268
2022-05-22 23:00,0.407,8.013
2022-05-23 00:00,0.429,8.183
2022-05-23 01:00,0.454,8.370
2022-05-23 02:00,0.460,8.399
2022-05-23 03:00,0.465,8.444
2022-05-23 04:00,0.454,8.366
2022-05-23 05:00,0.430,8.193
2022-05-23 06:00,0.397,7.944
2022-05-23 07:00,0.399,7.956
2022-05-23 08:00,0.423,8.137
2022-05-23 09:00,0.426,8.150
2022-05-23 10:00,0.392,7.909
2022-05-23 11:00,0.373,7.756
2022-05-23 12:00,0.395,7.931
2022-05-23 13:00,0.432,8.203
2022-05-23 14:00,0.450,8.328
2022-05-23 15:00,0.438,8.251
2022-05-23 16:00,0.410,8.039
2022-05-23 17:00,0.379,7.805
2022-05-23 18:00,0.338,7.487
2022-05-23 19:00,0.280,7.015
2022-05-23 20:00,0.222,6.494
2022-05-23 21:00,0.192,6.199
2022-05-23 22:00,0.184,6.114
2022-05-23 23:00,0.164,5.896
2022-05-24 00:00,0.154,5.776
2022-05-24 01:00,0.140,5.615
2022-05-24 02:00,0.119,5.350
2022-05-24 03:00,0.092,4.964
2022-05-24 04:00,0.061,4.412
2022-05-24 05:00,0.033,3.778
2022-05-24 06:00,0.016,3.188
2022-05-24 07:00,0.010,2.865
2022-05-24 08:00,0.008,2.728
2022-05-24 09:00,0.006,2.613
2022-05-24 10:00,0.005,2.501
2022-05-24 11:00,0.009,2.803
2022-05-24 12:00,0.020,3.356
2022-05-24 13:00,0.043,4.045
2022-05-24 14:00,0.080,4.771
2022-05-24 15:00,0.118,5.332
2022-05-24 16:00,0.153,5.770
2022-05-24 17:00,0.177,6.037
2022-05-24 18:00,0.172,5.977
2022-05-24 19:00,0.142,5.642
2022-05-24 20:00,0.089,4.919
2022-05-24 21:00,0.048,4.160
2022-05-24 22:00,0.023,3.464
2022-05-24 23:00,0.011,2.949
2022-05-25 00:00,0.007,2.653
2022-05-25 01:00,0.004,2.425
2022-05-25 02:00,0.006,2.564
2022-05-25 03:00,0.011,2.949
2022-05-25 04:00,0.021,3.400
2022-05-25 05:00,0.038,3.897
2022-05-25 06:00,0.053,4.265
2022-05-25 07:00,0.061,4.417
2022-05-25 08:00,0.064,4.474
2022-05-25 09:00,0.069,4.580
2022-05-25 10:00,0.076,4.697
2022-05-25 11:00,0.080,4.765
2022-05-25 12:00,0.080,4.767
2022-05-25 13:00,0.084,4.839
2022-05-25 14:00,0.084,4.836
2022-05-25 15:00,0.073,4.631
2022-05-25 16:00,0.055,4.306
2022-05-25 17:00,0.035,3.836
2022-05-25 18:00,0.023,3.456
2022-05-25 19:00,0.017,3.229
2022-05-25 20:00,0.016,3.189
2022-05-25 21:00,0.014,3.114
2022-05-25 22:00,0.009,2.839
2022-05-25 23:00,0.007,2.702
2022-05-26 00:00,0.006,2.592
2022-05-26 01:00,0.007,2.665
2022-05-26 02:00,0.012,2.988
2022-05-26 03:00,0.024,3.478
2022-05-26 04:00,0.045,4.087
2022-05-26 05:00,0.082,4.785
2022-05-26 06:00,0.128,5.454
2022-05-26 07:00,0.162,5.876
2022-05-26 08:00,0.186,6.140
2022-05-26 09:00,0.205,6.325
2022-05-26 10:00,0.211,6.386
2022-05-26 11:00,0.212,6.399
2022-05-26 12:00,0.244,6.691
2022-05-26 13:00,0.291,7.104
2022-05-26 14:00,0.317,7.323
2022-05-26 15:00,0.342,7.520
2022-05-26 16:00,0.310,7.268
2022-05-26 17:00,0.247,6.723
2022-05-26 18:00,0.192,6.195
2022-05-26 19:00,0.188,6.159
2022-05-26 20:00,0.234,6.606
2022-05-26 21:00,0.261,6.845
2022-05-26 22:00,0.197,6.240
2022-05-26 23:00,0.129,5.479
2022-05-27 00:00,0.113,5.264
2022-05-27 01:00,0.130,5.492
2022-05-27 02:00,0.157,5.824
2022-05-27 03:00,0.151,5.753
2022-05-27 04:00,0.138,5.581
2022-05-27 05:00,0.125,5.432
2022-05-27 06:00,0.123,5.403
2022-05-27 07:00,0.141,5.625
2022-05-27 08:00,0.167,5.938
2022-05-27 09:00,0.183,6.108
2022-05-27 10:00,0.159,5.840
2022-05-27 11:00,0.125,5.429
2022-05-27 12:00,0.100,5.075
2022-05-27 13:00,0.086,4.865
2022-05-27 14:00,0.084,4.829
2022-05-27 15:00,0.093,4.972
2022-05-27 16:00,0.105,5.159
2022-05-27 17:00,0.120,5.358
2022-05-27 18:00,0.144,5.661
2022-05-27 19:00,0.148,5.703
2022-05-27 20:00,0.158,5.826
2022-05-27 21:00,0.144,5.663
2022-05-27 22:00,0.123,5.398
2022-05-27 23:00,0.116,5.296
2022-05-28 00:00,0.136,5.561
2022-05-28 01:00,0.157,5.824
2022-05-28 02:00,0.183,6.100
2022-05-28 03:00,0.215,6.424
2022-05-28 04:00,0.232,6.589
2022-05-28 05:00,0.225,6.526
2022-05-28 06:00,0.211,6.391
2022-05-28 07:00,0.188,6.153
2022-05-28 08:00,0.160,5.851
2022-05-28 09:00,0.148,5.706
2022-05-28 10:00,0.143,5.649
2022-05-28 11:00,0.161,5.865
2022-05-28 12:00,0.173,5.999
2022-05-28 13:00,0.166,5.917
2022-05-28 14:00,0.152,5.766
2022-05-28 15:00,0.145,5.675
2022-05-28 16:00,0.144,5.666
2022-05-28 17:00,0.148,5.706
2022-05-28 18:00,0.158,5.834
2022-05-28 19:00,0.184,6.120
2022-05-28 20:00,0.204,6.321
2022-05-28 21:00,0.179,6.064
2022-05-28 22:00,0.137,5.578
2022-05-28 23:00,0.095,5.007
2022-05-29 00:00,0.097,5.029
2022-05-29 01:00,0.082,4.795
2022-05-29 02:00,0.064,4.483
2022-05-29 03:00,0.055,4.311
2022-05-29 04:00,0.049,4.186
2022-05-29 05:00,0.048,4.146
2022-05-29 06:00,0.056,4.321
2022-05-29 07:00,0.068,4.557
2022-05-29 08:00,0.083,4.812
2022-05-29 09:00,0.098,5.046
2022-05-29 10:00,0.105,5.156
2022-05-29 11:00,0.110,5.229
2022-05-29 12:00,0.118,5.340
2022-05-29 13:00,0.120,5.358
2022-05-29 14:00,0.118,5.324
2022-05-29 15:00,0.115,5.280
2022-05-29 16:00,0.109,5.214
2022-05-29 17:00,0.098,5.044
2022-05-29 18:00,0.085,4.851
2022-05-29 19:00,0.072,4.619
2022-05-29 20:00,0.057,4.353
2022-05-29 21:00,0.049,4.180
2022-05-29 22:00,0.040,3.956
2022-05-29 23:00,0.033,3.790
2022-05-30 00:00,0.035,3.830
2022-05-30 01:00,0.036,3.849
2022-05-30 02:00,0.036,3.847
2022-05-30 03:00,0.032,3.757
2022-05-30 04:00,0.029,3.659
2022-05-30 05:00,0.025,3.539
2022-05-30 06:00,0.020,3.350
2022-05-30 07:00,0.017,3.211
2022-05-30 08:00,0.016,3.173
2022-05-30 09:00,0.017,3.229
2022-05-30 10:00,0.021,3.411
2022-05-30 11:00,0.031,3.727
2022-05-30 12:00,0.037,3.886
2022-05-30 13:00,0.038,3.909
2022-05-30 14:00,0.032,3.754
2022-05-30 15:00,0.029,3.666
2022-05-30 16:00,0.028,3.618
2022-05-30 17:00,0.026,3.553
2022-05-30 18:00,0.028,3.625
2022-05-30 19:00,0.030,3.684
2022-05-30 20:00,0.037,3.871
2022-05-30 21:00,0.038,3.911
2022-05-30 22:00,0.028,3.631
2022-05-30 23:00,0.015,3.146
2022-05-31 00:00,0.010,2.914
2022-05-31 01:00,0.010,2.858
2022-05-31 02:00,0.008,2.763
2022-05-31 03:00,0.008,2.780
2022-05-31 04:00,0.013,3.065
2022-05-31 05:00,0.031,3.701
2022-05-31 06:00,0.060,4.399
2022-05-31 07:00,0.093,4.979
2022-05-31 08:00,0.119,5.351
2022-05-31 09:00,0.128,5.464
2022-05-31 10:00,0.119,5.355
2022-05-31 11:00,0.118,5.322
2022-05-31 12:00,0.118,5.326
2022-05-31 13:00,0.121,5.378
2022-05-31 14:00,0.118,5.324
2022-05-31 15:00,0.121,5.382
2022-05-31 16:00,0.128,5.461
2022-05-31 17:00,0.137,5.567
2022-05-31 18:00,0.156,5.804
2022-05-31 19:00,0.144,5.668
2022-05-31 20:00,0.101,5.091
2022-05-31 21:00,0.054,4.276
2022-05-31 22:00,0.024,3.490
2022-05-31 23:00,0.015,3.121
2022-06-01 00:00,0.020,3.345
2022-06-01 01:00,0.029,3.673
2022-06-01 02:00,0.040,3.958
2022-06-01 03:00,0.056,4.331
2022-06-01 04:00,0.083,4.818
2022-06-01 05:00,0.119,5.345
2022-06-01 06:00,0.156,5.809
2022-06-01 07:00,0.190,6.171
2022-06-01 08:00,0.208,6.354
2022-06-01 09:00,0.211,6.391
2022-06-01 10:00,0.222,6.494
2022-06-01 11:00,0.246,6.718
2022-06-01 12:00,0.258,6.821
2022-06-01 13:00,0.289,7.088
2022-06-01 14:00,0.315,7.305
2022-06-01 15:00,0.359,7.647
2022-06-01 16:00,0.417,8.088
2022-06-01 17:00,0.443,8.279
2022-06-01 18:00,0.450,8.335
2022-06-01 19:00,0.450,8.328
2022-06-01 20:00,0.438,8.248
2022-06-01 21:00,0.389,7.878
2022-06-01 22:00,0.328,7.403
2022-06-01 23:00,0.291,7.110
2022-06-02 00:00,0.284,7.047
2022-06-02 01:00,0.284,7.052
2022-06-02 02:00,0.291,7.109
2022-06-02 03:00,0.309,7.253
2022-06-02 04:00,0.342,7.514
2022-06-02 05:00,0.358,7.638
2022-06-02 06:00,0.371,7.750
2022-06-02 07:00,0.381,7.823
2022-06-02 08:00,0.368,7.727
2022-06-02 09:00,0.356,7.633
2022-06-02 10:00,0.347,7.559
2022-06-02 11:00,0.362,7.668
2022-06-02 12:00,0.386,7.856
2022-06-02 13:00,0.426,8.156
2022-06-02 14:00,0.450,8.324
2022-06-02 15:00,0.472,8.496
2022-06-02 16:00,0.518,8.838
2022-06-02 17:00,0.542,9.015
2022-06-02 18:00,0.556,9.123
2022-06-02 19:00,0.531,8.931
2022-06-02 20:00,0.494,8.662
2022-06-02 21:00,0.471,8.485
2022-06-02 22:00,0.463,8.420
2022-06-02 23:00,0.389,7.884
2022-06-03 00:00,0.326,7.387
2022-06-03 01:00,0.320,7.344
2022-06-03 02:00,0.298,7.164
2022-06-03 03:00,0.291,7.103
2022-06-03 04:00,0.298,7.166
2022-06-03 05:00,0.292,7.115
2022-06-03 06:00,0.274,6.957
2022-06-03 07:00,0.248,6.731
2022-06-03 08:00,0.236,6.625
2022-06-03 09:00,0.238,6.647
2022-06-03 10:00,0.262,6.858
2022-06-03 11:00,0.315,7.310
2022-06-03 12:00,0.406,8.007
2022-06-03 13:00,0.446,8.308
2022-06-03 14:00,0.481,8.563
2022-06-03 15:00,0.518,8.829
2022-06-03 16:00,0.528,8.910
2022-06-03 17:00,0.535,8.961
2022-06-03 18:00,0.539,8.986
2022-06-03 19:00,0.521,8.862
2022-06-03 20:00,0.486,8.600
2022-06-03 21:00,0.395,7.931
2022-06-03 22:00,0.310,7.269
2022-06-03 23:00,0.240,6.662
2022-06-04 00:00,0.220,6.476
2022-06-04 01:00,0.301,7.185
2022-06-04 02:00,0.304,7.222
2022-06-04 03:00,0.344,7.534
2022-06-04 04:00,0.369,7.732
2022-06-04 05:00,0.375,7.774
2022-06-04 06:00,0.392,7.897
2022-06-04 07:00,0.416,8.078
2022-06-04 08:00,0.429,8.186
2022-06-04 09:00,0.393,7.914
2022-06-04 10:00,0.319,7.331
2022-06-04 11:00,0.297,7.147
2022-06-04 12:00,0.321,7.353
2022-06-04 13:00,0.356,7.630
2022-06-04 14:00,0.360,7.654
2022-06-04 15:00,0.356,7.622
2022-06-04 16:00,0.372,7.751
2022-06-04 17:00,0.404,7.999
2022-06-04 18:00,0.410,8.032
2022-06-04 19:00,0.425,8.145
2022-06-04 20:00,0.432,8.204
2022-06-04 21:00,0.422,8.119
2022-06-04 22:00,0.387,7.864
2022-06-04 23:00,0.367,7.718
2022-06-05 00:00,0.398,7.954
2022-06-05 01:00,0.407,8.010
2022-06-05 02:00,0.373,7.756
2022-06-05 03:00,0.353,7.606
2022-06-05 04:00,0.313,7.282
2022-06-05 05:00,0.271,6.937
2022-06-05 06:00,0.243,6.686
2022-06-05 07:00,0.222,6.484
2022-06-05 08:00,0.197,6.238
2022-06-05 09:00,0.145,5.683
2022-06-05 10:00,0.091,4.939
2022-06-05 11:00,0.065,4.499
2022-06-05 12:00,0.050,4.197
2022-06-05 13:00,0.043,4.037
2022-06-05 14:00,0.039,3.927
2022-06-05 15:00,0.042,4.002
2022-06-05 16:00,0.052,4.232
2022-06-05 17:00,0.065,4.496
2022-06-05 18:00,0.085,4.857
2022-06-05 19:00,0.116,5.294
2022-06-05 20:00,0.148,5.710
2022-06-05 21:00,0.142,5.645
2022-06-05 22:00,0.126,5.438
2022-06-05 23:00,0.100,5.085
2022-06-06 00:00,0.088,4.896
2022-06-06 01:00,0.090,4.935
2022-06-06 02:00,0.093,4.974
2022-06-06 03:00,0.123,5.397
2022-06-06 04:00,0.171,5.971
2022-06-06 05:00,0.221,6.482
2022-06-06 06:00,0.246,6.719
2022-06-06 07:00,0.253,6.778
2022-06-06 08:00,0.257,6.820
2022-06-06 09:00,0.222,6.500
2022-06-06 10:00,0.200,6.279
2022-06-06 11:00,0.185,6.125
2022-06-06 12:00,0.157,5.816
2022-06-06 13:00,0.118,5.336
2022-06-06 14:00,0.080,4.766
2022-06-06 15:00,0.066,4.517
2022-06-06 16:00,0.075,4.676
2022-06-06 17:00,0.099,5.063
2022-06-06 18:00,0.138,5.589
2022-06-06 19:00,0.180,6.072
2022-06-06 20:00,0.210,6.384
2022-06-06 21:00,0.217,6.440
2022-06-06 22:00,0.179,6.049
2022-06-06 23:00,0.120,5.362
2022-06-07 00:00,0.083,4.823
2022-06-07 01:00,0.060,4.400
2022-06-07 02:00,0.044,4.071
2022-06-07 03:00,0.034,3.802
2022-06-07 04:00,0.027,3.606
2022-06-07 05:00,0.027,3.584
2022-06-07 06:00,0.029,3.641
2022-06-07 07:00,0.033,3.769
2022-06-07 08:00,0.038,3.900
2022-06-07 09:00,0.039,3.935
2022-06-07 10:00,0.038,3.924
2022-06-07 11:00,0.037,3.870
2022-06-07 12:00,0.038,3.893
2022-06-07 13:00,0.042,4.003
2022-06-07 14:00,0.059,4.383
2022-06-07 15:00,0.075,4.687
2022-06-07 16:00,0.089,4.915
2022-06-07 17:00,0.092,4.965
2022-06-07 18:00,0.079,4.748
2022-06-07 19:00,0.061,4.426
2022-06-07 20:00,0.044,4.049
2022-06-07 21:00,0.031,3.707
2022-06-07 22:00,0.019,3.318
2022-06-07 23:00,0.012,2.984
2022-06-08 00:00,0.009,2.822
2022-06-08 01:00,0.009,2.798
2022-06-08 02:00,0.011,2.937
2022-06-08 03:00,0.019,3.322
2022-06-08 04:00,0.034,3.813
2022-06-08 05:00,0.057,4.354
2022-06-08 06:00,0.082,4.793
2022-06-08 07:00,0.108,5.192
2022-06-08 08:00,0.127,5.450
2022-06-08 09:00,0.125,5.422
2022-06-08 10:00,0.118,5.339
2022-06-08 11:00,0.132,5.515
2022-06-08 12:00,0.138,5.591
2022-06-08 13:00,0.140,5.615
2022-06-08 14:00,0.160,5.855
2022-06-08 15:00,0.199,6.259
2022-06-08 16:00,0.245,6.705
2022-06-08 17:00,0.266,6.892
2022-06-08 18:00,0.267,6.908
2022-06-08 19:00,0.262,6.859
2022-06-08 20:00,0.252,6.768
2022-06-08 21:00,0.192,6.195
2022-06-08 22:00,0.120,5.360
2022-06-08 23:00,0.092,4.964
2022-06-09 00:00,0.098,5.048
2022-06-09 01:00,0.101,5.091
2022-06-09 02:00,0.117,5.308
2022-06-09 03:00,0.146,5.685
2022-06-09 04:00,0.184,6.113
2022-06-09 05:00,0.219,6.461
2022-06-09 06:00,0.249,6.741
2022-06-09 07:00,0.277,6.988
2022-06-09 08:00,0.297,7.147
2022-06-09 09:00,0.320,7.343
2022-06-09 10:00,0.350,7.578
2022-06-09 11:00,0.362,7.674
2022-06-09 12:00,0.351,7.593
2022-06-09 13:00,0.331,7.435
2022-06-09 14:00,0.314,7.299
2022-06-09 15:00,0.311,7.273
2022-06-09 16:00,0.316,7.315
2022-06-09 17:00,0.330,7.429
2022-06-09 18:00,0.345,7.546
2022-06-09 19:00,0.374,7.769
2022-06-09 20:00,0.385,7.848
2022-06-09 21:00,0.383,7.835
2022-06-09 22:00,0.368,7.726
2022-06-09 23:00,0.335,7.467
2022-06-10 00:00,0.302,7.205
2022-06-10 01:00,0.280,7.011
2022-06-10 02:00,0.308,7.252
2022-06-10 03:00,0.383,7.830
2022-06-10 04:00,0.454,8.368
2022-06-10 05:00,0.482,8.567
2022-06-10 06:00,0.466,8.457
2022-06-10 07:00,0.413,8.055
2022-06-10 08:00,0.344,7.529
2022-06-10 09:00,0.271,6.936
2022-06-10 10:00,0.208,6.351
2022-06-10 11:00,0.182,6.094
2022-06-10 12:00,0.207,6.344
2022-06-10 13:00,0.226,6.533
2022-06-10 14:00,0.215,6.419
2022-06-10 15:00,0.220,6.474
2022-06-10 16:00,0.278,6.995
2022-06-10 17:00,0.339,7.500
2022-06-10 18:00,0.363,7.684
2022-06-10 19:00,0.377,7.783
2022-06-10 20:00,0.376,7.780
2022-06-10 21:00,0.339,7.497
2022-06-10 22:00,0.284,7.053
2022-06-10 23:00,0.239,6.656
2022-06-11 00:00,0.247,6.724
2022-06-11 01:00,0.285,7.060
2022-06-11 02:00,0.342,7.519
2022-06-11 03:00,0.426,8.158
2022-06-11 04:00,0.514,8.806
2022-06-11 05:00,0.568,9.211
2022-06-11 06:00,0.596,9.429
2022-06-11 07:00,0.583,9.331
2022-06-11 08:00,0.521,8.863
2022-06-11 09:00,0.426,8.160
2022-06-11 10:00,0.359,7.648
2022-06-11 11:00,0.345,7.544
2022-06-11 12:00,0.347,7.558
2022-06-11 13:00,0.374,7.770
2022-06-11 14:00,0.398,7.949
2022-06-11 15:00,0.380,7.817
2022-06-11 16:00,0.333,7.455
2022-06-11 17:00,0.293,7.121
2022-06-11 18:00,0.252,6.770
2022-06-11 19:00,0.222,6.496
2022-06-11 20:00,0.224,6.513
2022-06-11 21:00,0.242,6.670
2022-06-11 22:00,0.253,6.781
2022-06-11 23:00,0.246,6.716
2022-06-12 00:00,0.313,7.283
2022-06-12 01:00,0.374,7.762
2022-06-12 02:00,0.372,7.751
2022-06-12 03:00,0.371,7.739
2022-06-12 04:00,0.336,7.476
2022-06-12 05:00,0.290,7.095
2022-06-12 06:00,0.241,6.669
2022-06-12 07:00,0.194,6.209
2022-06-12 08:00,0.157,5.814
2022-06-12 09:00,0.129,5.478
2022-06-12 10:00,0.122,5.395
2022-06-12 11:00,0.153,5.769
2022-06-12 12:00,0.185,6.122
2022-06-12 13:00,0.219,6.465
2022-06-12 14:00,0.262,6.863
2022-06-12 15:00,0.320,7.344
2022-06-12 16:00,0.380,7.813
2022-06-12 17:00,0.400,7.968
2022-06-12 18:00,0.438,8.245
2022-06-12 19:00,0.495,8.666
2022-06-12 20:00,0.514,8.805
2022-06-12 21:00,0.494,8.655
2022-06-12 22:00,0.467,8.459
2022-06-12 23:00,0.419,8.103
2022-06-13 00:00,0.432,8.207
2022-06-13 01:00,0.397,7.941
2022-06-13 02:00,0.366,7.711
2022-06-13 03:00,0.357,7.635
2022-06-13 04:00,0.347,7.558
2022-06-13 05:00,0.303,7.211
2022-06-13 06:00,0.253,6.786
2022-06-13 07:00,0.219,6.458
2022-06-13 08:00,0.194,6.213
2022-06-13 09:00,0.148,5.703
2022-06-13 10:00,0.124,5.416
2022-06-13 11:00,0.138,5.584
2022-06-13 12:00,0.162,5.880
2022-06-13 13:00,0.188,6.157
2022-06-13 14:00,0.200,6.277
2022-06-13 15:00,0.230,6.572
2022-06-13 16:00,0.259,6.836
2022-06-13 17:00,0.267,6.908
2022-06-13 18:00,0.251,6.759
2022-06-13 19:00,0.217,6.437
2022-06-13 20:00,0.182,6.088
2022-06-13 21:00,0.129,5.486
2022-06-13 22:00,0.074,4.652
2022-06-13 23:00,0.032,3.746
2022-06-14 00:00,0.019,3.325
2022-06-14 01:00,0.010,2.901
2022-06-14 02:00,0.003,2.339
2022-06-14 03:00,0.002,2.092
2022-06-14 04:00,0.003,2.311
2022-06-14 05:00,0.005,2.525
2022-06-14 06:00,0.007,2.684
2022-06-14 07:00,0.007,2.711
2022-06-14 08:00,0.006,2.621
2022-06-14 09:00,0.007,2.700
2022-06-14 10:00,0.012,2.971
2022-06-14 11:00,0.025,3.531
2022-06-14 12:00,0.044,4.057
2022-06-14 13:00,0.060,4.388
2022-06-14 14:00,0.072,4.616
2022-06-14 15:00,0.093,4.972
2022-06-14 16:00,0.121,5.370
2022-06-14 17:00,0.135,5.542
2022-06-14 18:00,0.127,5.451
2022-06-14 19:00,0.111,5.242
2022-06-14 20:00,0.104,5.145
2022-06-14 21:00,0.092,4.964
2022-06-14 22:00,0.068,4.542
2022-06-14 23:00,0.048,4.144
2022-06-15 00:00,0.044,4.068
2022-06-15 01:00,0.065,4.507
2022-06-15 02:00,0.113,5.263
2022-06-15 03:00,0.168,5.941
2022-06-15 04:00,0.210,6.382
2022-06-15 05:00,0.223,6.506
2022-06-15 06:00,0.192,6.202
2022-06-15 07:00,0.177,6.036
2022-06-15 08:00,0.150,5.741
2022-06-15 09:00,0.110,5.225
2022-06-15 10:00,0.077,4.716
2022-06-15 11:00,0.052,4.242
2022-06-15 12:00,0.035,3.822
2022-06-15 13:00,0.022,3.431
2022-06-15 14:00,0.013,3.072
2022-06-15 15:00,0.016,3.170
2022-06-15 16:00,0.027,3.605
2022-06-15 17:00,0.042,4.004
2022-06-15 18:00,0.052,4.234
2022-06-15 19:00,0.056,4.323
2022-06-15 20:00,0.062,4.445
2022-06-15 21:00,0.052,4.236
2022-06-15 22:00,0.029,3.667
2022-06-15 23:00,0.018,3.257
2022-06-16 00:00,0.021,3.390
2022-06-16 01:00,0.026,3.557
2022-06-16 02:00,0.027,3.601
2022-06-16 03:00,0.034,3.798
2022-06-16 04:00,0.044,4.049
2022-06-16 05:00,0.050,4.194
2022-06-16 06:00,0.058,4.358
2022-06-16 07:00,0.071,4.614
2022-06-16 08:00,0.095,5.002
2022-06-16 09:00,0.100,5.082
2022-06-16 10:00,0.083,4.824
2022-06-16 11:00,0.070,4.592
2022-06-16 12:00,0.064,4.492
2022-06-16 13:00,0.068,4.551
2022-06-16 14:00,0.088,4.899
2022-06-16 15:00,0.145,5.677
2022-06-16 16:00,0.232,6.584
2022-06-16 17:00,0.334,7.459
2022-06-16 18:00,0.419,8.102
2022-06-16 19:00,0.445,8.296
2022-06-16 20:00,0.431,8.201
2022-06-16 21:00,0.425,8.146
2022-06-16 22:00,0.460,8.400
2022-06-16 23:00,0.463,8.433
2022-06-17 00:00,0.605,9.490
2022-06-17 01:00,0.678,10.097
2022-06-17 02:00,0.691,10.216
2022-06-17 03:00,0.686,10.167
2022-06-17 04:00,0.656,9.913
2022-06-17 05:00,0.624,9.646
2022-06-17 06:00,0.583,9.330
2022-06-17 07:00,0.540,8.998
2022-06-17 08:00,0.494,8.662
2022-06-17 09:00,0.457,8.387
2022-06-17 10:00,0.413,8.062
2022-06-17 11:00,0.411,8.043
2022-06-17 12:00,0.418,8.094
2022-06-17 13:00,0.421,8.116
2022-06-17 14:00,0.442,8.273
2022-06-17 15:00,0.497,8.676
2022-06-17 16:00,0.581,9.314
2022-06-17 17:00,0.633,9.719
2022-06-17 18:00,0.665,9.988
2022-06-17 19:00,0.685,10.159
2022-06-17 20:00,0.682,10.138
2022-06-17 21:00,0.677,10.090
2022-06-17 22:00,0.649,9.858
2022-06-17 23:00,0.640,9.777
2022-06-18 00:00,0.687,10.171
2022-06-18 01:00,0.685,10.157
2022-06-18 02:00,0.670,10.030
2022-06-18 03:00,0.641,9.789
2022-06-18 04:00,0.607,9.507
2022-06-18 05:00,0.582,9.319
2022-06-18 06:00,0.581,9.311
2022-06-18 07:00,0.591,9.388
2022-06-18 08:00,0.610,9.537
2022-06-18 09:00,0.608,9.516
2022-06-18 10:00,0.596,9.430
2022-06-18 11:00,0.580,9.305
2022-06-18 12:00,0.573,9.241
2022-06-18 13:00,0.548,9.063
2022-06-18 14:00,0.509,8.759
2022-06-18 15:00,0.472,8.488
2022-06-18 16:00,0.464,8.436
2022-06-18 17:00,0.504,8.733
2022-06-18 18:00,0.536,8.974
2022-06-18 19:00,0.576,9.275
2022-06-18 20:00,0.611,9.550
2022-06-18 21:00,0.603,9.481
2022-06-18 22:00,0.571,9.234
2022-06-18 23:00,0.525,8.890
2022-06-19 00:00,0.518,8.832
2022-06-19 01:00,0.561,9.162
2022-06-19 02:00,0.585,9.342
2022-06-19 03:00,0.581,9.314
2022-06-19 04:00,0.556,9.121
2022-06-19 05:00,0.542,9.010
2022-06-19 06:00,0.526,8.894
2022-06-19 07:00,0.518,8.838
2022-06-19 08:00,0.481,8.563
2022-06-19 09:00,0.418,8.097
2022-06-19 10:00,0.362,7.679
2022-06-19 11:00,0.377,7.787
2022-06-19 12:00,0.429,8.171
2022-06-19 13:00,0.471,8.484
2022-06-19 14:00,0.492,8.643
2022-06-19 15:00,0.506,8.739
2022-06-19 16:00,0.516,8.823
2022-06-19 17:00,0.540,8.997
2022-06-19 18:00,0.584,9.339
2022-06-19 19:00,0.628,9.674
2022-06-19 20:00,0.642,9.796
2022-06-19 21:00,0.648,9.849
2022-06-19 22:00,0.645,9.818
2022-06-19 23:00,0.608,9.526
2022-06-20 00:00,0.594,9.413
2022-06-20 01:00,0.589,9.376
2022-06-20 02:00,0.612,9.557
2022-06-20 03:00,0.599,9.446
2022-06-20 04:00,0.584,9.335
2022-06-20 05:00,0.570,9.226
2022-06-20 06:00,0.579,9.295
2022-06-20 07:00,0.594,9.408
2022-06-20 08:00,0.598,9.437
2022-06-20 09:00,0.571,9.231
2022-06-20 10:00,0.555,9.111
2022-06-20 11:00,0.523,8.879
2022-06-20 12:00,0.484,8.584
2022-06-20 13:00,0.410,8.029
2022-06-20 14:00,0.337,7.482
2022-06-20 15:00,0.313,7.288
2022-06-20 16:00,0.327,7.398
2022-06-20 17:00,0.349,7.572
2022-06-20 18:00,0.363,7.687
2022-06-20 19:00,0.377,7.796
2022-06-20 20:00,0.386,7.853
2022-06-20 21:00,0.380,7.817
2022-06-20 22:00,0.344,7.530
2022-06-20 23:00,0.280,7.016
2022-06-21 00:00,0.270,6.929
2022-06-21 01:00,0.310,7.267
2022-06-21 02:00,0.339,7.496
2022-06-21 03:00,0.353,7.605
2022-06-21 04:00,0.368,7.721
2022-06-21 05:00,0.361,7.657
2022-06-21 06:00,0.333,7.454
2022-06-21 07:00,0.310,7.269
2022-06-21 08:00,0.280,7.015
2022-06-21 09:00,0.244,6.695
2022-06-21 10:00,0.190,6.169
2022-06-21 11:00,0.194,6.222
2022-06-21 12:00,0.331,7.433
2022-06-21 13:00,0.458,8.392
2022-06-21 14:00,0.450,8.325
2022-06-21 15:00,0.396,7.935
2022-06-21 16:00,0.406,8.007
2022-06-21 17:00,0.489,8.621
2022-06-21 18:00,0.585,9.345
2022-06-21 19:00,0.634,9.731
2022-06-21 20:00,0.637,9.756
2022-06-21 21:00,0.582,9.318
2022-06-21 22:00,0.468,8.467
2022-06-21 23:00,0.305,7.225
2022-06-22 00:00,0.219,6.457
2022-06-22 01:00,0.153,5.771
2022-06-22 02:00,0.098,5.041
2022-06-22 03:00,0.064,4.473
2022-06-22 04:00,0.059,4.382
2022-06-22 05:00,0.088,4.904
2022-06-22 06:00,0.163,5.889
2022-06-22 07:00,0.242,6.673
2022-06-22 08:00,0.293,7.121
2022-06-22 09:00,0.296,7.142
2022-06-22 10:00,0.264,6.878
2022-06-22 11:00,0.262,6.850
2022-06-22 12:00,0.263,6.867
2022-06-22 13:00,0.275,6.977
2022-06-22 14:00,0.282,7.032
2022-06-22 15:00,0.263,6.868
2022-06-22 16:00,0.237,6.636
2022-06-22 17:00,0.238,6.650
2022-06-22 18:00,0.256,6.807
2022-06-22 19:00,0.260,6.840
2022-06-22 20:00,0.241,6.666
2022-06-22 21:00,0.218,6.454
2022-06-22 22:00,0.171,5.967
2022-06-22 23:00,0.116,5.304
2022-06-23 00:00,0.098,5.047
2022-06-23 01:00,0.069,4.584
2022-06-23 02:00,0.049,4.184
2022-06-23 03:00,0.040,3.952
2022-06-23 04:00,0.031,3.706
2022-06-23 05:00,0.024,3.510
2022-06-23 06:00,0.021,3.411
2022-06-23 07:00,0.019,3.307
2022-06-23 08:00,0.015,3.159
2022-06-23 09:00,0.019,3.307
2022-06-23 10:00,0.029,3.656
2022-06-23 11:00,0.043,4.030
2022-06-23 12:00,0.052,4.244
2022-06-23 13:00,0.055,4.314
2022-06-23 14:00,0.052,4.248
2022-06-23 15:00,0.053,4.261
2022-06-23 16:00,0.057,4.339
2022-06-23 17:00,0.056,4.323
2022-06-23 18:00,0.051,4.218
2022-06-23 19:00,0.042,4.017
2022-06-23 20:00,0.034,3.815
2022-06-23 21:00,0.020,3.361
2022-06-23 22:00,0.011,2.915
2022-06-23 23:00,0.007,2.681
2022-06-24 00:00,0.009,2.812
2022-06-24 01:00,0.012,2.987
2022-06-24 02:00,0.015,3.164
2022-06-24 03:00,0.017,3.218
2022-06-24 04:00,0.016,3.191
2022-06-24 05:00,0.015,3.166
2022-06-24 06:00,0.016,3.191
2022-06-24 07:00,0.018,3.292
2022-06-24 08:00,0.021,3.405
2022-06-24 09:00,0.023,3.455
2022-06-24 10:00,0.029,3.643
2022-06-24 11:00,0.046,4.103
2022-06-24 12:00,0.074,4.653
2022-06-24 13:00,0.104,5.143
2022-06-24 14:00,0.134,5.532
2022-06-24 15:00,0.162,5.878
2022-06-24 16:00,0.181,6.083
2022-06-24 17:00,0.172,5.975
2022-06-24 18:00,0.139,5.606
2022-06-24 19:00,0.109,5.201
2022-06-24 20:00,0.111,5.234
2022-06-24 21:00,0.123,5.401
2022-06-24 22:00,0.113,5.263
2022-06-24 23:00,0.091,4.941
2022-06-25 00:00,0.077,4.714
2022-06-25 01:00,0.065,4.494
2022-06-25 02:00,0.058,4.368
2022-06-25 03:00,0.055,4.301
2022-06-25 04:00,0.048,4.142
2022-06-25 05:00,0.040,3.951
2022-06-25 06:00,0.037,3.874
2022-06-25 07:00,0.045,4.089
2022-06-25 08:00,0.066,4.512
2022-06-25 09:00,0.081,4.782
2022-06-25 10:00,0.094,4.993
2022-06-25 11:00,0.109,5.213
2022-06-25 12:00,0.115,5.280
2022-06-25 13:00,0.107,5.189
2022-06-25 14:00,0.096,5.019
2022-06-25 15:00,0.094,4.995
2022-06-25 16:00,0.105,5.156
2022-06-25 17:00,0.110,5.228
2022-06-25 18:00,0.106,5.166
2022-06-25 19:00,0.102,5.114
2022-06-25 20:00,0.096,5.020
2022-06-25 21:00,0.089,4.911
2022-06-25 22:00,0.073,4.634
2022-06-25 23:00,0.072,4.623
2022-06-26 00:00,0.095,5.006
2022-06-26 01:00,0.116,5.294
2022-06-26 02:00,0.125,5.430
2022-06-26 03:00,0.110,5.232
2022-06-26 04:00,0.080,4.762
2022-06-26 05:00,0.076,4.703
2022-06-26 06:00,0.087,4.881
2022-06-26 07:00,0.096,5.019
2022-06-26 08:00,0.108,5.194
2022-06-26 09:00,0.137,5.569
2022-06-26 10:00,0.185,6.132
2022-06-26 11:00,0.253,6.780
2022-06-26 12:00,0.308,7.251
2022-06-26 13:00,0.344,7.529
2022-06-26 14:00,0.351,7.581
2022-06-26 15:00,0.339,7.493
2022-06-26 16:00,0.319,7.332
2022-06-26 17:00,0.299,7.180
2022-06-26 18:00,0.263,6.865
2022-06-26 19:00,0.223,6.504
2022-06-26 20:00,0.208,6.360
2022-06-26 21:00,0.204,6.320
2022-06-26 22:00,0.197,6.237
2022-06-26 23:00,0.185,6.125
2022-06-27 00:00,0.183,6.106
2022-06-27 01:00,0.191,6.185
2022-06-27 02:00,0.186,6.142
2022-06-27 03:00,0.172,5.983
2022-06-27 04:00,0.160,5.849
2022-06-27 05:00,0.151,5.756
2022-06-27 06:00,0.156,5.807
2022-06-27 07:00,0.173,5.995
2022-06-27 08:00,0.186,6.135
2022-06-27 09:00,0.172,5.979
2022-06-27 10:00,0.146,5.693
2022-06-27 11:00,0.130,5.492
2022-06-27 12:00,0.123,5.403
2022-06-27 13:00,0.134,5.530
2022-06-27 14:00,0.163,5.890
2022-06-27 15:00,0.210,6.375
2022-06-27 16:00,0.252,6.776
2022-06-27 17:00,0.290,7.096
2022-06-27 18:00,0.314,7.302
2022-06-27 19:00,0.299,7.180
2022-06-27 20:00,0.264,6.879
2022-06-27 21:00,0.238,6.645
2022-06-27 22:00,0.211,6.388
2022-06-27 23:00,0.156,5.802
2022-06-28 00:00,0.112,5.250
2022-06-28 01:00,0.075,4.691
2022-06-28 02:00,0.055,4.288
2022-06-28 03:00,0.052,4.244
2022-06-28 04:00,0.092,4.960
2022-06-28 05:00,0.271,6.937
2022-06-28 06:00,0.371,7.742
2022-06-28 07:00,0.225,6.527
2022-06-28 08:00,0.060,4.397
2022-06-28 09:00,0.009,2.839
2022-06-28 10:00,0.008,2.738
2022-06-28 11:00,0.016,3.187
2022-06-28 12:00,0.038,3.902
2022-06-28 13:00,0.074,4.674
2022-06-28 14:00,0.117,5.307
2022-06-28 15:00,0.121,5.374
2022-06-28 16:00,0.083,4.811
2022-06-28 17:00,0.041,3.978
2022-06-28 18:00,0.012,2.988
2022-06-28 19:00,0,1.674
2022-06-28 20:00,0,0.417
2022-06-28 21:00,0,1.034
2022-06-28 22:00,0.001,1.792
2022-06-28 23:00,0.004,2.348
2022-06-29 00:00,0.017,3.218
2022-06-29 01:00,0.044,4.067
2022-06-29 02:00,0.065,4.499
2022-06-29 03:00,0.061,4.424
2022-06-29 04:00,0.045,4.077
2022-06-29 05:00,0.039,3.929
2022-06-29 06:00,0.043,4.034
2022-06-29 07:00,0.050,4.198
2022-06-29 08:00,0.055,4.300
2022-06-29 09:00,0.064,4.483
2022-06-29 10:00,0.091,4.941
2022-06-29 11:00,0.115,5.282
2022-06-29 12:00,0.138,5.586
2022-06-29 13:00,0.158,5.834
2022-06-29 14:00,0.157,5.823
2022-06-29 15:00,0.143,5.655
2022-06-29 16:00,0.131,5.500
2022-06-29 17:00,0.123,5.403
2022-06-29 18:00,0.125,5.433
2022-06-29 19:00,0.177,6.040
2022-06-29 20:00,0.245,6.705
2022-06-29 21:00,0.273,6.952
2022-06-29 22:00,0.262,6.855
2022-06-29 23:00,0.223,6.504
2022-06-30 00:00,0.183,6.098
2022-06-30 01:00,0.178,6.046
2022-06-30 02:00,0.236,6.630
2022-06-30 03:00,0.330,7.422
2022-06-30 04:00,0.386,7.853
2022-06-30 05:00,0.367,7.714
2022-06-30 06:00,0.314,7.299
2022-06-30 07:00,0.340,7.504
2022-06-30 08:00,0.429,8.172
2022-06-30 09:00,0.509,8.769
2022-06-30 10:00,0.572,9.235
2022-06-30 11:00,0.608,9.522
2022-06-30 12:00,0.687,10.180
2022-06-30 13:00,0.768,10.963
2022-06-30 14:00,0.822,11.614
2022-06-30 15:00,0.796,11.287
2022-06-30 16:00,0.722,10.500
2022-06-30 17:00,0.665,9.990
2022-06-30 18:00,0.634,9.729
2022-06-30 19:00,0.686,10.165
2022-06-30 20:00,0.773,11.016
2022-06-30 21:00,0.819,11.573
2022-06-30 22:00,0.847,11.968
2022-06-30 23:00,0.864,12.226
2022-07-01 00:00,0.921,13.354
2022-07-01 01:00,0.953,14.340
2022-07-01 02:00,0.968,15.011
2022-07-01 03:00,0.973,15.246
2022-07-01 04:00,0.975,15.411
2022-07-01 05:00,0.986,16.444
2022-07-01 06:00,0.989,17.657
2022-07-01 07:00,0.985,18.335
2022-07-01 08:00,0.986,18.175
2022-07-01 09:00,0.988,17.773
2022-07-01 10:00,0.989,17.654
2022-07-01 11:00,0.987,18.029
2022-07-01 12:00,0.969,19.391
2022-07-01 13:00,0.859,21.792
2022-07-01 14:00,0.703,23.408
2022-07-01 15:00,0.375,25.967
2022-07-01 16:00,0.091,29.015
2022-07-01 17:00,0.027,30.815
2022-07-01 18:00,0.026,30.840
2022-07-01 19:00,0.072,29.381
2022-07-01 20:00,0.157,28.021
2022-07-01 21:00,0.281,26.751
2022-07-01 22:00,0.246,27.078
2022-07-01 23:00,0.099,28.872
2022-07-02 00:00,0.007,32.377
2022-07-02 01:00,0.001,34.102
2022-07-02 02:00,0.048,30.009
2022-07-02 03:00,0.190,27.647
2022-07-02 04:00,0.127,28.440
2022-07-02 05:00,0.091,29.017
2022-07-02 06:00,0.030,30.678
2022-07-02 07:00,0.021,31.123
2022-07-02 08:00,0.028,30.743
2022-07-02 09:00,0.035,30.449
2022-07-02 10:00,0.029,30.692
2022-07-02 11:00,0.015,31.525
2022-07-02 12:00,0.011,31.856
2022-07-02 13:00,0.012,31.751
2022-07-02 14:00,0.054,29.822
2022-07-02 15:00,0.251,27.033
2022-07-02 16:00,0.525,24.830
2022-07-02 17:00,0.723,23.232
2022-07-02 18:00,0.840,22.024
2022-07-02 19:00,0.900,21.169
2022-07-02 20:00,0.922,20.751
2022-07-02 21:00,0.945,20.209
2022-07-02 22:00,0.965,19.564
2022-07-02 23:00,0.980,18.794
2022-07-03 00:00,0.988,17.767
2022-07-03 01:00,0.988,16.836
2022-07-03 02:00,0.982,15.930
2022-07-03 03:00,0.972,15.190
2022-07-03 04:00,0.960,14.627
2022-07-03 05:00,0.942,13.947
2022-07-03 06:00,0.918,13.286
2022-07-03 07:00,0.890,12.685
2022-07-03 08:00,0.846,11.944
2022-07-03 09:00,0.754,10.817
2022-07-03 10:00,0.630,9.699
2022-07-03 11:00,0.537,8.980
2022-07-03 12:00,0.472,8.488
2022-07-03 13:00,0.412,8.046
2022-07-03 14:00,0.384,7.844
2022-07-03 15:00,0.395,7.923
2022-07-03 16:00,0.426,8.154
2022-07-03 17:00,0.450,8.330
2022-07-03 18:00,0.475,8.512
2022-07-03 19:00,0.543,9.024
2022-07-03 20:00,0.598,9.436
2022-07-03 21:00,0.636,9.747
2022-07-03 22:00,0.648,9.845
2022-07-03 23:00,0.649,9.852
2022-07-04 00:00,0.663,9.977
2022-07-04 01:00,0.656,9.907
2022-07-04 02:00,0.640,9.783
2022-07-04 03:00,0.601,9.461
2022-07-04 04:00,0.540,8.990
2022-07-04 05:00,0.472,8.492
2022-07-04 06:00,0.413,8.062
2022-07-04 07:00,0.356,7.621
2022-07-04 08:00,0.293,7.117
2022-07-04 09:00,0.204,6.318
2022-07-04 10:00,0.143,5.649
2022-07-04 11:00,0.133,5.526
2022-07-04 12:00,0.149,5.728
2022-07-04 13:00,0.184,6.115
2022-07-04 14:00,0.232,6.582
2022-07-04 15:00,0.278,6.996
2022-07-04 16:00,0.312,7.278
2022-07-04 17:00,0.333,7.447
2022-07-04 18:00,0.330,7.424
2022-07-04 19:00,0.328,7.410
2022-07-04 20:00,0.329,7.413
2022-07-04 21:00,0.336,7.478
2022-07-04 22:00,0.362,7.678
2022-07-04 23:00,0.363,7.683
2022-07-05 00:00,0.347,7.559
2022-07-05 01:00,0.314,7.299
2022-07-05 02:00,0.252,6.771
2022-07-05 03:00,0.206,6.341
2022-07-05 04:00,0.172,5.988
2022-07-05 05:00,0.165,5.916
2022-07-05 06:00,0.169,5.947
2022-07-05 07:00,0.154,5.777
2022-07-05 08:00,0.129,5.484
2022-07-05 09:00,0.099,5.058
2022-07-05 10:00,0.069,4.568
2022-07-05 11:00,0.071,4.609
2022-07-05 12:00,0.072,4.624
2022-07-05 13:00,0.075,4.690
2022-07-05 14:00,0.098,5.050
2022-07-05 15:00,0.121,5.377
2022-07-05 16:00,0.116,5.301
2022-07-05 17:00,0.089,4.921
2022-07-05 18:00,0.094,4.987
2022-07-05 19:00,0.141,5.628
2022-07-05 20:00,0.195,6.226
2022-07-05 21:00,0.184,6.120
2022-07-05 22:00,0.159,5.846
2022-07-05 23:00,0.138,5.589
2022-07-06 00:00,0.113,5.261
2022-07-06 01:00,0.070,4.602
2022-07-06 02:00,0.039,3.930
2022-07-06 03:00,0.031,3.727
2022-07-06 04:00,0.043,4.048
2022-07-06 05:00,0.065,4.498
2022-07-06 06:00,0.085,4.847
2022-07-06 07:00,0.101,5.094
2022-07-06 08:00,0.118,5.336
2022-07-06 09:00,0.158,5.830
2022-07-06 10:00,0.203,6.312
2022-07-06 11:00,0.237,6.633
2022-07-06 12:00,0.252,6.770
2022-07-06 13:00,0.252,6.774
2022-07-06 14:00,0.242,6.681
2022-07-06 15:00,0.238,6.649
2022-07-06 16:00,0.222,6.496
2022-07-06 17:00,0.190,6.172
2022-07-06 18:00,0.143,5.649
2022-07-06 19:00,0.102,5.118
2022-07-06 20:00,0.080,4.771
2022-07-06 21:00,0.062,4.436
2022-07-06 22:00,0.047,4.130
2022-07-06 23:00,0.041,3.978
2022-07-07 00:00,0.050,4.202
2022-07-07 01:00,0.075,4.687
2022-07-07 02:00,0.112,5.252
2022-07-07 03:00,0.160,5.848
2022-07-07 04:00,0.197,6.248
2022-07-07 05:00,0.204,6.321
2022-07-07 06:00,0.184,6.118
2022-07-07 07:00,0.149,5.724
2022-07-07 08:00,0.117,5.308
2022-07-07 09:00,0.085,4.856
2022-07-07 10:00,0.072,4.627
2022-07-07 11:00,0.069,4.584
2022-07-07 12:00,0.061,4.430
2022-07-07 13:00,0.056,4.334
2022-07-07 14:00,0.060,4.396
2022-07-07 15:00,0.071,4.610
2022-07-07 16:00,0.089,4.908
2022-07-07 17:00,0.111,5.240
2022-07-07 18:00,0.134,5.531
2022-07-07 19:00,0.148,5.705
2022-07-07 20:00,0.165,5.912
2022-07-07 21:00,0.188,6.155
2022-07-07 22:00,0.202,6.299
2022-07-07 23:00,0.199,6.262
2022-07-08 00:00,0.210,6.372
2022-07-08 01:00,0.227,6.540
2022-07-08 02:00,0.244,6.692
2022-07-08 03:00,0.236,6.628
2022-07-08 04:00,0.205,6.324
2022-07-08 05:00,0.162,5.877
2022-07-08 06:00,0.119,5.352
2022-07-08 07:00,0.081,4.782
2022-07-08 08:00,0.054,4.282
2022-07-08 09:00,0.037,3.888
2022-07-08 10:00,0.026,3.558
2022-07-08 11:00,0.020,3.351
2022-07-08 12:00,0.015,3.125
2022-07-08 13:00,0.009,2.836
2022-07-08 14:00,0.005,2.520
2022-07-08 15:00,0.003,2.214
2022-07-08 16:00,0.001,1.921
2022-07-08 17:00,0,1.624
2022-07-08 18:00,0,1.435
2022-07-08 19:00,0,1.365
2022-07-08 20:00,0,1.435
2022-07-08 21:00,0.001,1.746
2022-07-08 22:00,0.002,2.162
2022-07-08 23:00,0.001,1.946
2022-07-09 00:00,0.001,1.946
2022-07-09 01:00,0.004,2.422
2022-07-09 02:00,0.012,3.003
2022-07-09 03:00,0.018,3.266
2022-07-09 04:00,0.020,3.348
2022-07-09 05:00,0.037,3.867
2022-07-09 06:00,0.100,5.085
2022-07-09 07:00,0.172,5.978
2022-07-09 08:00,0.195,6.227
2022-07-09 09:00,0.165,5.906
2022-07-09 10:00,0.128,5.471
2022-07-09 11:00,0.108,5.191
2022-07-09 12:00,0.124,5.416
2022-07-09 13:00,0.179,6.050
2022-07-09 14:00,0.262,6.856
2022-07-09 15:00,0.333,7.448
2022-07-09 16:00,0.344,7.538
2022-07-09 17:00,0.310,7.259
2022-07-09 18:00,0.257,6.815
2022-07-09 19:00,0.202,6.305
2022-07-09 20:00,0.156,5.796
2022-07-09 21:00,0.117,5.315
2022-07-09 22:00,0.080,4.771
2022-07-09 23:00,0.046,4.101
2022-07-10 00:00,0.032,3.742
2022-07-10 01:00,0.026,3.567
2022-07-10 02:00,0.025,3.541
2022-07-10 03:00,0.027,3.601
2022-07-10 04:00,0.032,3.758
2022-07-10 05:00,0.040,3.946
2022-07-10 06:00,0.049,4.177
2022-07-10 07:00,0.065,4.493
2022-07-10 08:00,0.079,4.743
2022-07-10 09:00,0.098,5.039
2022-07-10 10:00,0.125,5.431
2022-07-10 11:00,0.166,5.921
2022-07-10 12:00,0.222,6.490
2022-07-10 13:00,0.276,6.983
2022-07-10 14:00,0.311,7.271
2022-07-10 15:00,0.322,7.364
2022-07-10 16:00,0.328,7.411
2022-07-10 17:00,0.328,7.409
2022-07-10 18:00,0.319,7.338
2022-07-10 19:00,0.307,7.235
2022-07-10 20:00,0.289,7.088
2022-07-10 21:00,0.281,7.023
2022-07-10 22:00,0.283,7.040
2022-07-10 23:00,0.274,6.956
2022-07-11 00:00,0.293,7.124
2022-07-11 01:00,0.319,7.329
2022-07-11 02:00,0.330,7.429
2022-07-11 03:00,0.333,7.451
2022-07-11 04:00,0.321,7.348
2022-07-11 05:00,0.299,7.166
2022-07-11 06:00,0.268,6.911
2022-07-11 07:00,0.242,6.680
2022-07-11 08:00,0.235,6.612
2022-07-11 09:00,0.239,6.652
2022-07-11 10:00,0.249,6.738
2022-07-11 11:00,0.266,6.896
2022-07-11 12:00,0.265,6.885
2022-07-11 13:00,0.248,6.727
2022-07-11 14:00,0.222,6.488
2022-07-11 15:00,0.211,6.391
2022-07-11 16:00,0.210,6.385
2022-07-11 17:00,0.209,6.364
2022-07-11 18:00,0.209,6.367
2022-07-11 19:00,0.203,6.311
2022-07-11 20:00,0.202,6.303
2022-07-11 21:00,0.194,6.211
2022-07-11 22:00,0.186,6.142
2022-07-11 23:00,0.184,6.116
2022-07-12 00:00,0.199,6.275
2022-07-12 01:00,0.202,6.305
2022-07-12 02:00,0.199,6.258
2022-07-12 03:00,0.187,6.146
2022-07-12 04:00,0.175,6.019
2022-07-12 05:00,0.170,5.951
2022-07-12 06:00,0.169,5.948
2022-07-12 07:00,0.172,5.979
2022-07-12 08:00,0.175,6.012
2022-07-12 09:00,0.163,5.886
2022-07-12 10:00,0.151,5.750
2022-07-12 11:00,0.150,5.736
2022-07-12 12:00,0.146,5.691
2022-07-12 13:00,0.140,5.617
2022-07-12 14:00,0.122,5.394
2022-07-12 15:00,0.116,5.297
2022-07-12 16:00,0.135,5.546
2022-07-12 17:00,0.162,5.879
2022-07-12 18:00,0.178,6.044
2022-07-12 19:00,0.166,5.917
2022-07-12 20:00,0.145,5.677
2022-07-12 21:00,0.128,5.452
2022-07-12 22:00,0.113,5.266
2022-07-12 23:00,0.113,5.263
2022-07-13 00:00,0.135,5.546
2022-07-13 01:00,0.151,5.752
2022-07-13 02:00,0.162,5.873
2022-07-13 03:00,0.168,5.938
2022-07-13 04:00,0.171,5.968
2022-07-13 05:00,0.183,6.105
2022-07-13 06:00,0.206,6.339
2022-07-13 07:00,0.230,6.572
2022-07-13 08:00,0.247,6.724
2022-07-13 09:00,0.246,6.710
2022-07-13 10:00,0.242,6.678
2022-07-13 11:00,0.238,6.642
2022-07-13 12:00,0.223,6.502
2022-07-13 13:00,0.205,6.327
2022-07-13 14:00,0.184,6.118
2022-07-13 15:00,0.168,5.941
2022-07-13 16:00,0.157,5.820
2022-07-13 17:00,0.152,5.757
2022-07-13 18:00,0.155,5.781
2022-07-13 19:00,0.155,5.792
2022-07-13 20:00,0.145,5.677
2022-07-13 21:00,0.118,5.321
2022-07-13 22:00,0.084,4.828
2022-07-13 23:00,0.058,4.362
2022-07-14 00:00,0.044,4.066
2022-07-14 01:00,0.040,3.962
2022-07-14 02:00,0.043,4.032
2022-07-14 03:00,0.059,4.372
2022-07-14 04:00,0.083,4.823
2022-07-14 05:00,0.112,5.254
2022-07-14 06:00,0.137,5.569
2022-07-14 07:00,0.156,5.805
2022-07-14 08:00,0.175,6.015
2022-07-14 09:00,0.193,6.207
2022-07-14 10:00,0.211,6.392
2022-07-14 11:00,0.248,6.732
2022-07-14 12:00,0.283,7.042
2022-07-14 13:00,0.303,7.213
2022-07-14 14:00,0.333,7.452
2022-07-14 15:00,0.392,7.898
2022-07-14 16:00,0.430,8.189
2022-07-14 17:00,0.409,8.027
2022-07-14 18:00,0.368,7.728
2022-07-14 19:00,0.327,7.391
2022-07-14 20:00,0.287,7.074
2022-07-14 21:00,0.187,6.150
2022-07-14 22:00,0.069,4.577
2022-07-14 23:00,0.022,3.425
2022-07-15 00:00,0.011,2.929
2022-07-15 01:00,0.011,2.961
2022-07-15 02:00,0.018,3.261
2022-07-15 03:00,0.035,3.839
2022-07-15 04:00,0.052,4.250
2022-07-15 05:00,0.043,4.048
2022-07-15 06:00,0.043,4.036
2022-07-15 07:00,0.062,4.449
2022-07-15 08:00,0.098,5.040
2022-07-15 09:00,0.134,5.536
2022-07-15 10:00,0.158,5.828
2022-07-15 11:00,0.181,6.075
2022-07-15 12:00,0.198,6.258
2022-07-15 13:00,0.202,6.299
2022-07-15 14:00,0.197,6.245
2022-07-15 15:00,0.200,6.283
2022-07-15 16:00,0.210,6.372
2022-07-15 17:00,0.187,6.146
2022-07-15 18:00,0.157,5.825
2022-07-15 19:00,0.142,5.646
2022-07-15 20:00,0.196,6.229
2022-07-15 21:00,0.302,7.191
2022-07-15 22:00,0.345,7.544
2022-07-15 23:00,0.363,7.683
2022-07-16 00:00,0.314,7.300
2022-07-16 01:00,0.255,6.800
2022-07-16 02:00,0.222,6.497
2022-07-16 03:00,0.187,6.147
2022-07-16 04:00,0.156,5.814
2022-07-16 05:00,0.129,5.478
2022-07-16 06:00,0.109,5.202
2022-07-16 07:00,0.111,5.246
2022-07-16 08:00,0.136,5.557
2022-07-16 09:00,0.119,5.348
2022-07-16 10:00,0.089,4.919
2022-07-16 11:00,0.068,4.543
2022-07-16 12:00,0.062,4.449
2022-07-16 13:00,0.067,4.533
2022-07-16 14:00,0.107,5.188
2022-07-16 15:00,0.216,6.436
2022-07-16 16:00,0.340,7.504
2022-07-16 17:00,0.425,8.146
2022-07-16 18:00,0.478,8.539
2022-07-16 19:00,0.475,8.519
2022-07-16 20:00,0.462,8.420
2022-07-16 21:00,0.471,8.485
2022-07-16 22:00,0.481,8.561
2022-07-16 23:00,0.466,8.456
2022-07-17 00:00,0.460,8.407
2022-07-17 01:00,0.407,8.017
2022-07-17 02:00,0.325,7.386
2022-07-17 03:00,0.246,6.713
2022-07-17 04:00,0.201,6.292
2022-07-17 05:00,0.187,6.152
2022-07-17 06:00,0.188,6.161
2022-07-17 07:00,0.190,6.172
2022-07-17 08:00,0.187,6.152
2022-07-17 09:00,0.156,5.809
2022-07-17 10:00,0.134,5.540
2022-07-17 11:00,0.129,5.482
2022-07-17 12:00,0.131,5.506
2022-07-17 13:00,0.136,5.557
2022-07-17 14:00,0.141,5.632
2022-07-17 15:00,0.179,6.049
2022-07-17 16:00,0.252,6.767
2022-07-17 17:00,0.314,7.299
2022-07-17 18:00,0.351,7.592
2022-07-17 19:00,0.369,7.731
2022-07-17 20:00,0.331,7.434
2022-07-17 21:00,0.266,6.891
2022-07-17 22:00,0.183,6.104
2022-07-17 23:00,0.108,5.191
2022-07-18 00:00,0.074,4.674
2022-07-18 01:00,0.062,4.439
2022-07-18 02:00,0.063,4.464
2022-07-18 03:00,0.065,4.507
2022-07-18 04:00,0.073,4.640
2022-07-18 05:00,0.084,4.839
2022-07-18 06:00,0.088,4.893
2022-07-18 07:00,0.092,4.967
2022-07-18 08:00,0.118,5.320
2022-07-18 09:00,0.153,5.768
2022-07-18 10:00,0.183,6.110
2022-07-18 11:00,0.215,6.431
2022-07-18 12:00,0.231,6.575
2022-07-18 13:00,0.236,6.626
2022-07-18 14:00,0.238,6.645
2022-07-18 15:00,0.264,6.881
2022-07-18 16:00,0.310,7.258
2022-07-18 17:00,0.374,7.771
2022-07-18 18:00,0.431,8.196
2022-07-18 19:00,0.457,8.390
2022-07-18 20:00,0.453,8.359
2022-07-18 21:00,0.417,8.091
2022-07-18 22:00,0.346,7.552
2022-07-18 23:00,0.260,6.844
2022-07-19 00:00,0.219,6.469
2022-07-19 01:00,0.181,6.076
2022-07-19 02:00,0.150,5.736
2022-07-19 03:00,0.131,5.500
2022-07-19 04:00,0.117,5.313
2022-07-19 05:00,0.114,5.276
2022-07-19 06:00,0.120,5.364
2022-07-19 07:00,0.145,5.681
2022-07-19 08:00,0.179,6.058
2022-07-19 09:00,0.192,6.188
2022-07-19 10:00,0.200,6.284
2022-07-19 11:00,0.233,6.597
2022-07-19 12:00,0.264,6.872
2022-07-19 13:00,0.270,6.930
2022-07-19 14:00,0.268,6.910
2022-07-19 15:00,0.282,7.038
2022-07-19 16:00,0.358,7.637
2022-07-19 17:00,0.438,8.244
2022-07-19 18:00,0.514,8.806
2022-07-19 19:00,0.531,8.932
2022-07-19 20:00,0.477,8.526
2022-07-19 21:00,0.446,8.301
2022-07-19 22:00,0.437,8.235
2022-07-19 23:00,0.429,8.182
2022-07-20 00:00,0.463,8.421
2022-07-20 01:00,0.447,8.314
2022-07-20 02:00,0.423,8.138
2022-07-20 03:00,0.453,8.351
2022-07-20 04:00,0.488,8.616
2022-07-20 05:00,0.502,8.723
2022-07-20 06:00,0.509,8.766
2022-07-20 07:00,0.499,8.693
2022-07-20 08:00,0.478,8.542
2022-07-20 09:00,0.437,8.236
2022-07-20 10:00,0.404,7.996
2022-07-20 11:00,0.404,7.989
2022-07-20 12:00,0.400,7.967
2022-07-20 13:00,0.393,7.911
2022-07-20 14:00,0.383,7.839
2022-07-20 15:00,0.388,7.872
2022-07-20 16:00,0.422,8.122
2022-07-20 17:00,0.450,8.326
2022-07-20 18:00,0.465,8.448
2022-07-20 19:00,0.485,8.594
2022-07-20 20:00,0.506,8.751
2022-07-20 21:00,0.516,8.822
2022-07-20 22:00,0.497,8.673
2022-07-20 23:00,0.434,8.220
2022-07-21 00:00,0.393,7.911
2022-07-21 01:00,0.346,7.552
2022-07-21 02:00,0.285,7.061
2022-07-21 03:00,0.248,6.732
2022-07-21 04:00,0.236,6.628
2022-07-21 05:00,0.249,6.739
2022-07-21 06:00,0.261,6.848
2022-07-21 07:00,0.246,6.722
2022-07-21 08:00,0.204,6.322
2022-07-21 09:00,0.156,5.797
2022-07-21 10:00,0.109,5.200
2022-07-21 11:00,0.077,4.723
2022-07-21 12:00,0.055,4.296
2022-07-21 13:00,0.038,3.909
2022-07-21 14:00,0.026,3.562
2022-07-21 15:00,0.020,3.362
2022-07-21 16:00,0.017,3.247
2022-07-21 17:00,0.014,3.081
2022-07-21 18:00,0.009,2.834
2022-07-21 19:00,0.005,2.525
2022-07-21 20:00,0.003,2.212
2022-07-21 21:00,0.001,1.841
2022-07-21 22:00,0,1.380
2022-07-21 23:00,0,0.824
2022-07-22 00:00,0,0.383
2022-07-22 01:00,0,0.133
2022-07-22 02:00,0,0.129
2022-07-22 03:00,0,0.124
2022-07-22 04:00,0,0.132
2022-07-22 05:00,0,0.377
2022-07-22 06:00,0,0.735
2022-07-22 07:00,0,1.323
2022-07-22 08:00,0.001,1.990
2022-07-22 09:00,0.009,2.808
2022-07-22 10:00,0.023,3.470
2022-07-22 11:00,0.029,3.659
2022-07-22 12:00,0.032,3.755
2022-07-22 13:00,0.036,3.865
2022-07-22 14:00,0.041,3.977
2022-07-22 15:00,0.048,4.138
2022-07-22 16:00,0.051,4.212
2022-07-22 17:00,0.046,4.096
2022-07-22 18:00,0.037,3.882
2022-07-22 19:00,0.028,3.619
2022-07-22 20:00,0.019,3.334
2022-07-22 21:00,0.018,3.284
2022-07-22 22:00,0.021,3.377
2022-07-22 23:00,0.018,3.261
2022-07-23 00:00,0.020,3.358
2022-07-23 01:00,0.019,3.299
2022-07-23 02:00,0.014,3.090
2022-07-23 03:00,0.008,2.746
2022-07-23 04:00,0.005,2.531
2022-07-23 05:00,0.006,2.585
2022-07-23 06:00,0.010,2.869
2022-07-23 07:00,0.018,3.278
2022-07-23 08:00,0.031,3.712
2022-07-23 09:00,0.040,3.955
2022-07-23 10:00,0.054,4.283
2022-07-23 11:00,0.082,4.796
2022-07-23 12:00,0.113,5.262
2022-07-23 13:00,0.135,5.547
2022-07-23 14:00,0.140,5.617
2022-07-23 15:00,0.144,5.665
2022-07-23 16:00,0.151,5.751
2022-07-23 17:00,0.156,5.808
2022-07-23 18:00,0.155,5.782
2022-07-23 19:00,0.137,5.567
2022-07-23 20:00,0.107,5.187
2022-07-23 21:00,0.085,4.854
2022-07-23 22:00,0.067,4.539
2022-07-23 23:00,0.050,4.189
2022-07-24 00:00,0.045,4.087
2022-07-24 01:00,0.038,3.911
2022-07-24 02:00,0.029,3.645
2022-07-24 03:00,0.020,3.349
2022-07-24 04:00,0.014,3.081
2022-07-24 05:00,0.009,2.804
2022-07-24 06:00,0.008,2.731
2022-07-24 07:00,0.012,2.963
2022-07-24 08:00,0.018,3.293
2022-07-24 09:00,0.023,3.453
2022-07-24 10:00,0.026,3.579
2022-07-24 11:00,0.039,3.929
2022-07-24 12:00,0.056,4.317
2022-07-24 13:00,0.074,4.651
2022-07-24 14:00,0.094,4.991
2022-07-24 15:00,0.113,5.262
2022-07-24 16:00,0.126,5.443
2022-07-24 17:00,0.138,5.598
2022-07-24 18:00,0.142,5.638
2022-07-24 19:00,0.138,5.582
2022-07-24 20:00,0.128,5.472
2022-07-24 21:00,0.116,5.300
2022-07-24 22:00,0.100,5.072
2022-07-24 23:00,0.076,4.695
2022-07-25 00:00,0.070,4.594
2022-07-25 01:00,0.057,4.342
2022-07-25 02:00,0.042,4.013
2022-07-25 03:00,0.027,3.590
2022-07-25 04:00,0.015,3.124
2022-07-25 05:00,0.008,2.774
2022-07-25 06:00,0.006,2.612
2022-07-25 07:00,0.005,2.464
2022-07-25 08:00,0.003,2.324
2022-07-25 09:00,0.004,2.377
2022-07-25 10:00,0.007,2.698
2022-07-25 11:00,0.017,3.254
2022-07-25 12:00,0.032,3.750
2022-07-25 13:00,0.049,4.176
2022-07-25 14:00,0.068,4.566
2022-07-25 15:00,0.075,4.679
2022-07-25 16:00,0.073,4.637
2022-07-25 17:00,0.067,4.532
2022-07-25 18:00,0.059,4.385
2022-07-25 19:00,0.047,4.128
2022-07-25 20:00,0.035,3.834
2022-07-25 21:00,0.027,3.597
2022-07-25 22:00,0.021,3.407
2022-07-25 23:00,0.015,3.143
2022-07-26 00:00,0.008,2.743
2022-07-26 01:00,0.002,2.129
2022-07-26 02:00,0.001,1.759
2022-07-26 03:00,0,1.529
2022-07-26 04:00,0,1.342
2022-07-26 05:00,0,1.026
2022-07-26 06:00,0,0.671
2022-07-26 07:00,0,0.300
2022-07-26 08:00,0,0.315
2022-07-26 09:00,0,1.239
2022-07-26 10:00,0.010,2.906
2022-07-26 11:00,0.029,3.647
2022-07-26 12:00,0.045,4.089
2022-07-26 13:00,0.055,4.288
2022-07-26 14:00,0.056,4.318
2022-07-26 15:00,0.060,4.397
2022-07-26 16:00,0.068,4.551
2022-07-26 17:00,0.075,4.679
2022-07-26 18:00,0.077,4.722
2022-07-26 19:00,0.075,4.688
2022-07-26 20:00,0.069,4.568
2022-07-26 21:00,0.054,4.283
2022-07-26 22:00,0.033,3.786
2022-07-26 23:00,0.014,3.102
2022-07-27 00:00,0.002,2.102
2022-07-27 01:00,0,1.611
2022-07-27 02:00,0,1.643
2022-07-27 03:00,0.001,1.740
2022-07-27 04:00,0,1.624
2022-07-27 05:00,0,1.211
2022-07-27 06:00,0,0.600
2022-07-27 07:00,0,0.224
2022-07-27 08:00,0,0.792
2022-07-27 09:00,0.006,2.638
2022-07-27 10:00,0.060,4.387
2022-07-27 11:00,0.098,5.043
2022-07-27 12:00,0.090,4.932
2022-07-27 13:00,0.064,4.481
2022-07-27 14:00,0.045,4.095
2022-07-27 15:00,0.043,4.041
2022-07-27 16:00,0.048,4.161
2022-07-27 17:00,0.050,4.190
2022-07-27 18:00,0.043,4.026
2022-07-27 19:00,0.030,3.693
2022-07-27 20:00,0.018,3.295
2022-07-27 21:00,0.014,3.101
2022-07-27 22:00,0.013,3.052
2022-07-27 23:00,0.010,2.860
2022-07-28 00:00,0.008,2.726
2022-07-28 01:00,0.009,2.819
2022-07-28 02:00,0.012,2.972
2022-07-28 03:00,0.009,2.811
2022-07-28 04:00,0.007,2.689
2022-07-28 05:00,0.010,2.891
2022-07-28 06:00,0.012,2.963
2022-07-28 07:00,0.011,2.944
2022-07-28 08:00,0.009,2.805
2022-07-28 09:00,0.006,2.619
2022-07-28 10:00,0.009,2.783
2022-07-28 11:00,0.019,3.308
2022-07-28 12:00,0.037,3.890
2022-07-28 13:00,0.056,4.325
2022-07-28 14:00,0.074,4.659
2022-07-28 15:00,0.095,5.012
2022-07-28 16:00,0.122,5.391
2022-07-28 17:00,0.148,5.706
2022-07-28 18:00,0.164,5.897
2022-07-28 19:00,0.161,5.864
2022-07-28 20:00,0.147,5.696
2022-07-28 21:00,0.158,5.826
2022-07-28 22:00,0.180,6.071
2022-07-28 23:00,0.171,5.972
2022-07-29 00:00,0.148,5.720
2022-07-29 01:00,0.111,5.244
2022-07-29 02:00,0.078,4.730
2022-07-29 03:00,0.062,4.450
2022-07-29 04:00,0.062,4.447
2022-07-29 05:00,0.067,4.527
2022-07-29 06:00,0.073,4.644
2022-07-29 07:00,0.085,4.853
2022-07-29 08:00,0.109,5.201
2022-07-29 09:00,0.113,5.261
2022-07-29 10:00,0.141,5.629
2022-07-29 11:00,0.216,6.436
2022-07-29 12:00,0.288,7.078
2022-07-29 13:00,0.226,6.530
2022-07-29 14:00,0.079,4.745
2022-07-29 15:00,0.011,2.941
2022-07-29 16:00,0.003,2.243
2022-07-29 17:00,0.005,2.493
2022-07-29 18:00,0.018,3.280
2022-07-29 19:00,0.041,3.988
2022-07-29 20:00,0.063,4.465
2022-07-29 21:00,0.074,4.668
2022-07-29 22:00,0.072,4.623
2022-07-29 23:00,0.046,4.100
2022-07-30 00:00,0.028,3.614
2022-07-30 01:00,0.015,3.147
2022-07-30 02:00,0.004,2.450
2022-07-30 03:00,0.001,1.807
2022-07-30 04:00,0.001,1.705
2022-07-30 05:00,0.003,2.255
2022-07-30 06:00,0.008,2.763
2022-07-30 07:00,0.009,2.832
2022-07-30 08:00,0.005,2.520
2022-07-30 09:00,0.001,1.852
2022-07-30 10:00,0,1.051
2022-07-30 11:00,0,0.888
2022-07-30 12:00,0,1.442
2022-07-30 13:00,0.002,2.187
2022-07-30 14:00,0.011,2.960
2022-07-30 15:00,0.022,3.442
2022-07-30 16:00,0.024,3.514
2022-07-30 17:00,0.015,3.166
2022-07-30 18:00,0.005,2.507
2022-07-30 19:00,0.001,1.898
2022-07-30 20:00,0,1.607
2022-07-30 21:00,0,1.437
2022-07-30 22:00,0,1.221
2022-07-30 23:00,0,1.010
2022-07-31 00:00,0,0.605
2022-07-31 01:00,0,0.500
2022-07-31 02:00,0,0.594
2022-07-31 03:00,0,0.640
2022-07-31 04:00,0,0.620
2022-07-31 05:00,0,0.440
2022-07-31 06:00,0,0.223
2022-07-31 07:00,0,0.583
2022-07-31 08:00,0.001,1.693
2022-07-31 09:00,0.023,3.452
2022-07-31 10:00,0.063,4.458
2022-07-31 11:00,0.104,5.142
2022-07-31 12:00,0.126,5.444
2022-07-31 13:00,0.139,5.606
2022-07-31 14:00,0.157,5.816
2022-07-31 15:00,0.177,6.037
2022-07-31 16:00,0.187,6.151
2022-07-31 17:00,0.192,6.196
2022-07-31 18:00,0.183,6.107
2022-07-31 19:00,0.151,5.751
2022-07-31 20:00,0.109,5.204
2022-07-31 21:00,0.077,4.712
2022-07-31 22:00,0.050,4.195
2022-07-31 23:00,0.030,3.697
2022-08-01 00:00,0.017,3.212
2022-08-01 01:00,0.010,2.877
2022-08-01 02:00,0.006,2.592
2022-08-01 03:00,0.004,2.345
2022-08-01 04:00,0.002,2.135
2022-08-01 05:00,0.001,1.994
2022-08-01 06:00,0.001,2.000
2022-08-01 07:00,0.003,2.281
2022-08-01 08:00,0.011,2.941
2022-08-01 09:00,0.032,3.756
2022-08-01 10:00,0.052,4.238
2022-08-01 11:00,0.077,4.715
2022-08-01 12:00,0.104,5.138
2022-08-01 13:00,0.130,5.490
2022-08-01 14:00,0.161,5.864
2022-08-01 15:00,0.215,6.432
2022-08-01 16:00,0.286,7.066
2022-08-01 17:00,0.342,7.519
2022-08-01 18:00,0.344,7.528
2022-08-01 19:00,0.303,7.211
2022-08-01 20:00,0.263,6.865
2022-08-01 21:00,0.222,6.495
2022-08-01 22:00,0.157,5.817
2022-08-01 23:00,0.092,4.967
2022-08-02 00:00,0.050,4.187
2022-08-02 01:00,0.025,3.526
2022-08-02 02:00,0.009,2.835
2022-08-02 03:00,0.001,1.850
2022-08-02 04:00,0,1.138
2022-08-02 05:00,0,0.488
2022-08-02 06:00,0,0
2022-08-02 07:00,0,0
2022-08-02 08:00,0,0.575
2022-08-02 09:00,0.006,2.628
2022-08-02 10:00,0.044,4.070
2022-08-02 11:00,0.094,4.987
2022-08-02 12:00,0.130,5.488
2022-08-02 13:00,0.151,5.748
2022-08-02 14:00,0.164,5.895
2022-08-02 15:00,0.147,5.694
2022-08-02 16:00,0.106,5.174
2022-08-02 17:00,0.083,4.824
2022-08-02 18:00,0.079,4.748
2022-08-02 19:00,0.073,4.631
2022-08-02 20:00,0.051,4.213
2022-08-02 21:00,0.031,3.730
2022-08-02 22:00,0.022,3.425
2022-08-02 23:00,0.015,3.161
2022-08-03 00:00,0.012,2.979
2022-08-03 01:00,0.006,2.570
2022-08-03 02:00,0.002,2.167
2022-08-03 03:00,0.001,2.000
2022-08-03 04:00,0.004,2.412
2022-08-03 05:00,0.015,3.131
2022-08-03 06:00,0.021,3.390
2022-08-03 07:00,0.024,3.477
2022-08-03 08:00,0.024,3.482
2022-08-03 09:00,0.011,2.919
2022-08-03 10:00,0.001,1.943
2022-08-03 11:00,0.001,1.710
2022-08-03 12:00,0.003,2.244
2022-08-03 13:00,0.006,2.640
2022-08-03 14:00,0.008,2.746
2022-08-03 15:00,0.007,2.710
2022-08-03 16:00,0.009,2.812
2022-08-03 17:00,0.012,2.983
2022-08-03 18:00,0.015,3.127
2022-08-03 19:00,0.013,3.065
2022-08-03 20:00,0.009,2.809
2022-08-03 21:00,0.005,2.470
2022-08-03 22:00,0.005,2.501
2022-08-03 23:00,0.005,2.552
2022-08-04 00:00,0.002,2.168
2022-08-04 01:00,0,1.553
2022-08-04 02:00,0,1.451
2022-08-04 03:00,0,1.626
2022-08-04 04:00,0.004,2.371
2022-08-04 05:00,0.026,3.551
2022-08-04 06:00,0.060,4.392
2022-08-04 07:00,0.096,5.023
2022-08-04 08:00,0.117,5.319
2022-08-04 09:00,0.116,5.300
2022-08-04 10:00,0.102,5.108
2022-08-04 11:00,0.090,4.925
2022-08-04 12:00,0.105,5.151
2022-08-04 13:00,0.155,5.784
2022-08-04 14:00,0.232,6.593
2022-08-04 15:00,0.293,7.117
2022-08-04 16:00,0.316,7.319
2022-08-04 17:00,0.303,7.206
2022-08-04 18:00,0.266,6.900
2022-08-04 19:00,0.238,6.647
2022-08-04 20:00,0.252,6.767
2022-08-04 21:00,0.276,6.980
2022-08-04 22:00,0.273,6.956
2022-08-04 23:00,0.260,6.842
2022-08-05 00:00,0.274,6.960
2022-08-05 01:00,0.301,7.188
2022-08-05 02:00,0.322,7.359
2022-08-05 03:00,0.352,7.594
2022-08-05 04:00,0.385,7.846
2022-08-05 05:00,0.374,7.762
2022-08-05 06:00,0.334,7.456
2022-08-05 07:00,0.274,6.968
2022-08-05 08:00,0.234,6.607
2022-08-05 09:00,0.210,6.380
2022-08-05 10:00,0.210,6.384
2022-08-05 11:00,0.238,6.644
2022-08-05 12:00,0.248,6.727
2022-08-05 13:00,0.244,6.702
2022-08-05 14:00,0.236,6.623
2022-08-05 15:00,0.246,6.718
2022-08-05 16:00,0.259,6.833
2022-08-05 17:00,0.257,6.815
2022-08-05 18:00,0.258,6.821
2022-08-05 19:00,0.278,6.994
2022-08-05 20:00,0.296,7.140
2022-08-05 21:00,0.334,7.462
2022-08-05 22:00,0.389,7.877
2022-08-05 23:00,0.422,8.122
2022-08-06 00:00,0.427,8.163
2022-08-06 01:00,0.427,8.164
2022-08-06 02:00,0.407,8.011
2022-08-06 03:00,0.382,7.826
2022-08-06 04:00,0.356,7.632
2022-08-06 05:00,0.330,7.429
2022-08-06 06:00,0.297,7.159
2022-08-06 07:00,0.262,6.860
2022-08-06 08:00,0.234,6.599
2022-08-06 09:00,0.179,6.056
2022-08-06 10:00,0.148,5.719
2022-08-06 11:00,0.149,5.731
2022-08-06 12:00,0.156,5.807
2022-08-06 13:00,0.161,5.861
2022-08-06 14:00,0.160,5.859
2022-08-06 15:00,0.170,5.952
2022-08-06 16:00,0.185,6.126
2022-08-06 17:00,0.208,6.352
2022-08-06 18:00,0.225,6.520
2022-08-06 19:00,0.270,6.928
2022-08-06 20:00,0.363,7.688
2022-08-06 21:00,0.419,8.100
2022-08-06 22:00,0.405,8.001
2022-08-06 23:00,0.348,7.566
2022-08-07 00:00,0.309,7.255
2022-08-07 01:00,0.296,7.140
2022-08-07 02:00,0.298,7.165
2022-08-07 03:00,0.290,7.096
2022-08-07 04:00,0.270,6.922
2022-08-07 05:00,0.254,6.793
2022-08-07 06:00,0.244,6.690
2022-08-07 07:00,0.246,6.716
2022-08-07 08:00,0.246,6.721
2022-08-07 09:00,0.265,6.882
2022-08-07 10:00,0.304,7.218
2022-08-07 11:00,0.367,7.719
2022-08-07 12:00,0.480,8.551
2022-08-07 13:00,0.582,9.317
2022-08-07 14:00,0.649,9.857
2022-08-07 15:00,0.685,10.160
2022-08-07 16:00,0.735,10.620
2022-08-07 17:00,0.760,10.879
2022-08-07 18:00,0.781,11.105
2022-08-07 19:00,0.760,10.881
2022-08-07 20:00,0.685,10.150
2022-08-07 21:00,0.593,9.398
2022-08-07 22:00,0.518,8.839
2022-08-07 23:00,0.446,8.302
2022-08-08 00:00,0.377,7.784
2022-08-08 01:00,0.362,7.681
2022-08-08 02:00,0.374,7.768
2022-08-08 03:00,0.388,7.869
2022-08-08 04:00,0.401,7.975
2022-08-08 05:00,0.407,8.020
2022-08-08 06:00,0.413,8.058
2022-08-08 07:00,0.418,8.095
2022-08-08 08:00,0.419,8.103
2022-08-08 09:00,0.377,7.783
2022-08-08 10:00,0.315,7.310
2022-08-08 11:00,0.301,7.188
2022-08-08 12:00,0.310,7.261
2022-08-08 13:00,0.334,7.459
2022-08-08 14:00,0.376,7.776
2022-08-08 15:00,0.444,8.282
2022-08-08 16:00,0.521,8.864
2022-08-08 17:00,0.578,9.292
2022-08-08 18:00,0.608,9.527
2022-08-08 19:00,0.636,9.741
2022-08-08 20:00,0.655,9.897
2022-08-08 21:00,0.652,9.877
2022-08-08 22:00,0.656,9.902
2022-08-08 23:00,0.670,10.030
2022-08-09 00:00,0.770,10.985
2022-08-09 01:00,0.883,12.552
2022-08-09 02:00,0.942,13.942
2022-08-09 03:00,0.949,14.168
2022-08-09 04:00,0.928,13.548
2022-08-09 05:00,0.907,13.033
2022-08-09 06:00,0.892,12.725
2022-08-09 07:00,0.836,11.801
2022-08-09 08:00,0.764,10.925
2022-08-09 09:00,0.793,11.239
2022-08-09 10:00,0.847,11.966
2022-08-09 11:00,0.795,11.260
2022-08-09 12:00,0.723,10.516
2022-08-09 13:00,0.783,11.135
2022-08-09 14:00,0.749,10.772
2022-08-09 15:00,0.756,10.831
2022-08-09 16:00,0.862,12.186
2022-08-09 17:00,0.911,13.116
2022-08-09 18:00,0.943,13.977
2022-08-09 19:00,0.960,14.605
2022-08-09 20:00,0.974,15.362
2022-08-09 21:00,0.980,15.752
2022-08-09 22:00,0.984,16.217
2022-08-09 23:00,0.986,16.454
2022-08-10 00:00,0.984,16.165
2022-08-10 01:00,0.982,15.973
2022-08-10 02:00,0.981,15.876
2022-08-10 03:00,0.984,16.177
2022-08-10 04:00,0.985,16.279
2022-08-10 05:00,0.982,15.960
2022-08-10 06:00,0.979,15.728
2022-08-10 07:00,0.970,15.090
2022-08-10 08:00,0.950,14.208
2022-08-10 09:00,0.926,13.479
2022-08-10 10:00,0.906,13.011
2022-08-10 11:00,0.891,12.697
2022-08-10 12:00,0.881,12.518
2022-08-10 13:00,0.885,12.580
2022-08-10 14:00,0.880,12.487
2022-08-10 15:00,0.852,12.035
2022-08-10 16:00,0.817,11.535
2022-08-10 17:00,0.754,10.819
2022-08-10 18:00,0.683,10.143
2022-08-10 19:00,0.631,9.704
2022-08-10 20:00,0.572,9.238
2022-08-10 21:00,0.524,8.881
2022-08-10 22:00,0.521,8.860
2022-08-10 23:00,0.524,8.881
2022-08-11 00:00,0.500,8.703
2022-08-11 01:00,0.462,8.418
2022-08-11 02:00,0.426,8.153
2022-08-11 03:00,0.369,7.731
2022-08-11 04:00,0.302,7.189
2022-08-11 05:00,0.236,6.622
2022-08-11 06:00,0.165,5.905
2022-08-11 07:00,0.118,5.330
2022-08-11 08:00,0.102,5.117
2022-08-11 09:00,0.110,5.232
2022-08-11 10:00,0.155,5.792
2022-08-11 11:00,0.215,6.419
2022-08-11 12:00,0.266,6.897
2022-08-11 13:00,0.308,7.248
2022-08-11 14:00,0.325,7.385
2022-08-11 15:00,0.320,7.345
2022-08-11 16:00,0.335,7.469
2022-08-11 17:00,0.356,7.632
2022-08-11 18:00,0.362,7.674
2022-08-11 19:00,0.340,7.503
2022-08-11 20:00,0.324,7.382
2022-08-11 21:00,0.301,7.187
2022-08-11 22:00,0.254,6.792
2022-08-11 23:00,0.192,6.193
2022-08-12 00:00,0.158,5.832
2022-08-12 01:00,0.138,5.584
2022-08-12 02:00,0.112,5.261
2022-08-12 03:00,0.089,4.910
2022-08-12 04:00,0.061,4.426
2022-08-12 05:00,0.029,3.648
2022-08-12 06:00,0.003,2.314
2022-08-12 07:00,0,1.600
2022-08-12 08:00,0.001,1.762
2022-08-12 09:00,0.004,2.439
2022-08-12 10:00,0.015,3.165
2022-08-12 11:00,0.023,3.469
2022-08-12 12:00,0.023,3.455
2022-08-12 13:00,0.021,3.381
2022-08-12 14:00,0.019,3.329
2022-08-12 15:00,0.022,3.438
2022-08-12 16:00,0.029,3.638
2022-08-12 17:00,0.025,3.532
2022-08-12 18:00,0.015,3.132
2022-08-12 19:00,0.008,2.713
2022-08-12 20:00,0.005,2.456
2022-08-12 21:00,0.004,2.395
2022-08-12 22:00,0.003,2.337
2022-08-12 23:00,0.003,2.294
2022-08-13 00:00,0.004,2.353
2022-08-13 01:00,0.004,2.383
2022-08-13 02:00,0.007,2.666
2022-08-13 03:00,0.010,2.879
2022-08-13 04:00,0.011,2.928
2022-08-13 05:00,0.009,2.798
2022-08-13 06:00,0.006,2.612
2022-08-13 07:00,0.004,2.396
2022-08-13 08:00,0.003,2.242
2022-08-13 09:00,0.004,2.420
2022-08-13 10:00,0.008,2.761
2022-08-13 11:00,0.010,2.866
2022-08-13 12:00,0.009,2.806
2022-08-13 13:00,0.006,2.582
2022-08-13 14:00,0.003,2.274
2022-08-13 15:00,0.003,2.246
2022-08-13 16:00,0.004,2.407
2022-08-13 17:00,0.007,2.687
2022-08-13 18:00,0.009,2.817
2022-08-13 19:00,0.006,2.636
2022-08-13 20:00,0.003,2.257
2022-08-13 21:00,0.001,1.831
2022-08-13 22:00,0,1.506
2022-08-13 23:00,0,1.364
2022-08-14 00:00,0,1.198
2022-08-14 01:00,0,1.269
2022-08-14 02:00,0,1.406
2022-08-14 03:00,0,1.557
2022-08-14 04:00,0,1.587
2022-08-14 05:00,0.001,1.848
2022-08-14 06:00,0.002,2.094
2022-08-14 07:00,0.003,2.264
2022-08-14 08:00,0.005,2.465
2022-08-14 09:00,0.009,2.806
2022-08-14 10:00,0.017,3.214
2022-08-14 11:00,0.020,3.360
2022-08-14 12:00,0.016,3.183
2022-08-14 13:00,0.012,2.996
2022-08-14 14:00,0.012,3.006
2022-08-14 15:00,0.018,3.260
2022-08-14 16:00,0.025,3.547
2022-08-14 17:00,0.029,3.652
2022-08-14 18:00,0.026,3.561
2022-08-14 19:00,0.019,3.299
2022-08-14 20:00,0.015,3.117
2022-08-14 21:00,0.010,2.859
2022-08-14 22:00,0.005,2.515
2022-08-14 23:00,0.002,2.062
2022-08-15 00:00,0,1.495
2022-08-15 01:00,0,1.125
2022-08-15 02:00,0,0.776
2022-08-15 03:00,0,0.188
2022-08-15 04:00,0,0.036
2022-08-15 05:00,0,0.466
2022-08-15 06:00,0,1.633
2022-08-15 07:00,0.009,2.822
2022-08-15 08:00,0.041,3.993
2022-08-15 09:00,0.091,4.947
2022-08-15 10:00,0.172,5.983
2022-08-15 11:00,0.217,6.445
2022-08-15 12:00,0.199,6.267
2022-08-15 13:00,0.161,5.860
2022-08-15 14:00,0.123,5.403
2022-08-15 15:00,0.094,4.986
2022-08-15 16:00,0.067,4.537
2022-08-15 17:00,0.035,3.828
2022-08-15 18:00,0.011,2.953
2022-08-15 19:00,0.003,2.243
2022-08-15 20:00,0.001,1.757
2022-08-15 21:00,0,1.419
2022-08-15 22:00,0,1.281
2022-08-15 23:00,0,1.242
2022-08-16 00:00,0,1.362
2022-08-16 01:00,0,1.360
2022-08-16 02:00,0,1.263
2022-08-16 03:00,0,0.893
2022-08-16 04:00,0,0.159
2022-08-16 05:00,0,0.031
2022-08-16 06:00,0,0
2022-08-16 07:00,0,0
2022-08-16 08:00,0,1.214
2022-08-16 09:00,0.038,3.923
2022-08-16 10:00,0.111,5.247
2022-08-16 11:00,0.154,5.777
2022-08-16 12:00,0.172,5.973
2022-08-16 13:00,0.184,6.119
2022-08-16 14:00,0.180,6.069
2022-08-16 15:00,0.130,5.497
2022-08-16 16:00,0.085,4.848
2022-08-16 17:00,0.049,4.178
2022-08-16 18:00,0.021,3.372
2022-08-16 19:00,0.005,2.460
2022-08-16 20:00,0,1.625
2022-08-16 21:00,0,1.293
2022-08-16 22:00,0,1.133
2022-08-16 23:00,0,0.789
2022-08-17 00:00,0,0.465
2022-08-17 01:00,0,1.331
2022-08-17 02:00,0.004,2.385
2022-08-17 03:00,0.019,3.305
2022-08-17 04:00,0.045,4.096
2022-08-17 05:00,0.071,4.615
2022-08-17 06:00,0.088,4.893
2022-08-17 07:00,0.085,4.843
2022-08-17 08:00,0.070,4.598
2022-08-17 09:00,0.055,4.312
2022-08-17 10:00,0.041,3.976
2022-08-17 11:00,0.035,3.828
2022-08-17 12:00,0.030,3.681
2022-08-17 13:00,0.024,3.480
2022-08-17 14:00,0.019,3.310
2022-08-17 15:00,0.015,3.143
2022-08-17 16:00,0.013,3.026
2022-08-17 17:00,0.011,2.950
2022-08-17 18:00,0.010,2.895
2022-08-17 19:00,0.008,2.731
2022-08-17 20:00,0.005,2.508
2022-08-17 21:00,0.001,1.990
2022-08-17 22:00,0,1.201
2022-08-17 23:00,0,0.473
2022-08-18 00:00,0,0.673
2022-08-18 01:00,0,0.720
2022-08-18 02:00,0,0.701
2022-08-18 03:00,0,0.337
2022-08-18 04:00,0,0
2022-08-18 05:00,0,0
2022-08-18 06:00,0,0.347
2022-08-18 07:00,0,1.474
2022-08-18 08:00,0.006,2.621
2022-08-18 09:00,0.022,3.442
2022-08-18 10:00,0.024,3.474
2022-08-18 11:00,0.021,3.395
2022-08-18 12:00,0.017,3.218
2022-08-18 13:00,0.013,3.030
2022-08-18 14:00,0.010,2.905
2022-08-18 15:00,0.010,2.886
2022-08-18 16:00,0.009,2.834
2022-08-18 17:00,0.006,2.554
2022-08-18 18:00,0.002,2.104
2022-08-18 19:00,0,1.640
2022-08-18 20:00,0,1.588
2022-08-18 21:00,0.001,1.880
2022-08-18 22:00,0.001,1.817
2022-08-18 23:00,0,1.438
2022-08-19 00:00,0,1.566
2022-08-19 01:00,0,1.625
2022-08-19 02:00,0.001,1.810
2022-08-19 03:00,0.001,1.798
2022-08-19 04:00,0.002,2.130
2022-08-19 05:00,0.010,2.898
2022-08-19 06:00,0.023,3.461
2022-08-19 07:00,0.022,3.423
2022-08-19 08:00,0.015,3.164
2022-08-19 09:00,0.022,3.422
2022-08-19 10:00,0.030,3.682
2022-08-19 11:00,0.042,4.019
2022-08-19 12:00,0.061,4.435
2022-08-19 13:00,0.095,5.005
2022-08-19 14:00,0.135,5.552
2022-08-19 15:00,0.142,5.641
2022-08-19 16:00,0.151,5.748
2022-08-19 17:00,0.199,6.262
2022-08-19 18:00,0.264,6.876
2022-08-19 19:00,0.310,7.262
2022-08-19 20:00,0.335,7.466
2022-08-19 21:00,0.377,7.796
2022-08-19 22:00,0.426,8.152
2022-08-19 23:00,0.437,8.235
2022-08-20 00:00,0.433,8.210
2022-08-20 01:00,0.564,9.179
2022-08-20 02:00,0.869,12.308
2022-08-20 03:00,0.952,14.285
2022-08-20 04:00,0.910,13.111
2022-08-20 05:00,0.845,11.927
2022-08-20 06:00,0.823,11.622
2022-08-20 07:00,0.820,11.589
2022-08-20 08:00,0.789,11.203
2022-08-20 09:00,0.725,10.531
2022-08-20 10:00,0.667,10.009
2022-08-20 11:00,0.630,9.698
2022-08-20 12:00,0.589,9.378
2022-08-20 13:00,0.499,8.689
2022-08-20 14:00,0.400,7.967
2022-08-20 15:00,0.325,7.384
2022-08-20 16:00,0.259,6.834
2022-08-20 17:00,0.203,6.308
2022-08-20 18:00,0.194,6.210
2022-08-20 19:00,0.219,6.460
2022-08-20 20:00,0.272,6.945
2022-08-20 21:00,0.332,7.438
2022-08-20 22:00,0.361,7.661
2022-08-20 23:00,0.356,7.620
2022-08-21 00:00,0.358,7.637
2022-08-21 01:00,0.451,8.343
2022-08-21 02:00,0.586,9.351
2022-08-21 03:00,0.634,9.728
2022-08-21 04:00,0.589,9.372
2022-08-21 05:00,0.484,8.583
2022-08-21 06:00,0.374,7.759
2022-08-21 07:00,0.286,7.068
2022-08-21 08:00,0.235,6.614
2022-08-21 09:00,0.211,6.393
2022-08-21 10:00,0.230,6.573
2022-08-21 11:00,0.283,7.047
2022-08-21 12:00,0.307,7.235
2022-08-21 13:00,0.310,7.264
2022-08-21 14:00,0.310,7.260
2022-08-21 15:00,0.324,7.369
2022-08-21 16:00,0.328,7.413
2022-08-21 17:00,0.312,7.279
2022-08-21 18:00,0.271,6.935
2022-08-21 19:00,0.232,6.591
2022-08-21 20:00,0.201,6.294
2022-08-21 21:00,0.171,5.969
2022-08-21 22:00,0.148,5.714
2022-08-21 23:00,0.126,5.442
2022-08-22 00:00,0.128,5.470
2022-08-22 01:00,0.106,5.164
2022-08-22 02:00,0.077,4.723
2022-08-22 03:00,0.051,4.221
2022-08-22 04:00,0.031,3.718
2022-08-22 05:00,0.020,3.359
2022-08-22 06:00,0.013,3.066
2022-08-22 07:00,0.009,2.847
2022-08-22 08:00,0.008,2.739
2022-08-22 09:00,0.009,2.818
2022-08-22 10:00,0.016,3.174
2022-08-22 11:00,0.025,3.523
2022-08-22 12:00,0.031,3.728
2022-08-22 13:00,0.031,3.724
2022-08-22 14:00,0.035,3.824
2022-08-22 15:00,0.038,3.900
2022-08-22 16:00,0.039,3.942
2022-08-22 17:00,0.046,4.104
2022-08-22 18:00,0.052,4.231
2022-08-22 19:00,0.055,4.300
2022-08-22 20:00,0.058,4.362
2022-08-22 21:00,0.052,4.240
2022-08-22 22:00,0.048,4.164
2022-08-22 23:00,0.043,4.027
2022-08-23 00:00,0.039,3.934
2022-08-23 01:00,0.039,3.931
2022-08-23 02:00,0.036,3.848
2022-08-23 03:00,0.032,3.759
2022-08-23 04:00,0.032,3.754
2022-08-23 05:00,0.030,3.687
2022-08-23 06:00,0.024,3.506
2022-08-23 07:00,0.017,3.228
2022-08-23 08:00,0.009,2.853
2022-08-23 09:00,0.005,2.481
2022-08-23 10:00,0.001,2.003
2022-08-23 11:00,0,1.317
2022-08-23 12:00,0,0.740
2022-08-23 13:00,0,0.865
2022-08-23 14:00,0.001,1.782
2022-08-23 15:00,0.005,2.531
2022-08-23 16:00,0.012,2.969
2022-08-23 17:00,0.017,3.219
2022-08-23 18:00,0.024,3.483
2022-08-23 19:00,0.031,3.719
2022-08-23 20:00,0.033,3.790
2022-08-23 21:00,0.041,3.977
2022-08-23 22:00,0.067,4.525
2022-08-23 23:00,0.109,5.207
2022-08-24 00:00,0.129,5.476
2022-08-24 01:00,0.120,5.363
2022-08-24 02:00,0.129,5.480
2022-08-24 03:00,0.135,5.547
2022-08-24 04:00,0.117,5.307
2022-08-24 05:00,0.093,4.972
2022-08-24 06:00,0.076,4.694
2022-08-24 07:00,0.056,4.333
2022-08-24 08:00,0.034,3.797
2022-08-24 09:00,0.024,3.491
2022-08-24 10:00,0.031,3.699
2022-08-24 11:00,0.062,4.444
2022-08-24 12:00,0.126,5.436
2022-08-24 13:00,0.278,6.991
2022-08-24 14:00,0.556,9.122
2022-08-24 15:00,0.707,10.357
2022-08-24 16:00,0.860,12.147
2022-08-24 17:00,0.957,14.478
2022-08-24 18:00,0.989,17.187
2022-08-24 19:00,0.965,19.571
2022-08-24 20:00,0.938,20.390
2022-08-24 21:00,0.918,20.839
2022-08-24 22:00,0.938,20.393
2022-08-24 23:00,0.965,19.536
2022-08-25 00:00,0.941,20.320
2022-08-25 01:00,0.427,25.564
2022-08-25 02:00,0.034,30.486
2022-08-25 03:00,0.046,30.051
2022-08-25 04:00,0.373,25.980
2022-08-25 05:00,0.704,23.405
2022-08-25 06:00,0.862,21.753
2022-08-25 07:00,0.946,20.170
2022-08-25 08:00,0.982,18.637
2022-08-25 09:00,0.989,16.944
2022-08-25 10:00,0.969,15.049
2022-08-25 11:00,0.921,13.362
2022-08-25 12:00,0.850,11.997
2022-08-25 13:00,0.827,11.678
2022-08-25 14:00,0.847,11.961
2022-08-25 15:00,0.864,12.230
2022-08-25 16:00,0.866,12.261
2022-08-25 17:00,0.847,11.967
2022-08-25 18:00,0.822,11.600
2022-08-25 19:00,0.775,11.048
2022-08-25 20:00,0.727,10.554
2022-08-25 21:00,0.695,10.255
2022-08-25 22:00,0.658,9.927
2022-08-25 23:00,0.613,9.567
2022-08-26 00:00,0.584,9.333
2022-08-26 01:00,0.573,9.247
2022-08-26 02:00,0.547,9.048
2022-08-26 03:00,0.520,8.853
2022-08-26 04:00,0.518,8.834
2022-08-26 05:00,0.510,8.774
2022-08-26 06:00,0.488,8.618
2022-08-26 07:00,0.461,8.414
2022-08-26 08:00,0.423,8.137
2022-08-26 09:00,0.377,7.796
2022-08-26 10:00,0.346,7.553
2022-08-26 11:00,0.320,7.344
2022-08-26 12:00,0.283,7.040
2022-08-26 13:00,0.246,6.708
2022-08-26 14:00,0.237,6.637
2022-08-26 15:00,0.228,6.550
2022-08-26 16:00,0.206,6.343
2022-08-26 17:00,0.175,6.022
2022-08-26 18:00,0.136,5.556
2022-08-26 19:00,0.097,5.035
2022-08-26 20:00,0.063,4.467
2022-08-26 21:00,0.054,4.277
2022-08-26 22:00,0.045,4.096
2022-08-26 23:00,0.030,3.691
2022-08-27 00:00,0.021,3.386
2022-08-27 01:00,0.013,3.034
2022-08-27 02:00,0.007,2.704
2022-08-27 03:00,0.005,2.543
2022-08-27 04:00,0.004,2.410
2022-08-27 05:00,0.004,2.390
2022-08-27 06:00,0.003,2.334
2022-08-27 07:00,0.003,2.278
2022-08-27 08:00,0.003,2.228
2022-08-27 09:00,0.003,2.278
2022-08-27 10:00,0.005,2.514
2022-08-27 11:00,0.011,2.940
2022-08-27 12:00,0.018,3.263
2022-08-27 13:00,0.021,3.398
2022-08-27 14:00,0.023,3.473
2022-08-27 15:00,0.022,3.441
2022-08-27 16:00,0.020,3.364
2022-08-27 17:00,0.021,3.385
2022-08-27 18:00,0.023,3.469
2022-08-27 19:00,0.024,3.506
2022-08-27 20:00,0.024,3.484
2022-08-27 21:00,0.026,3.556
2022-08-27 22:00,0.029,3.640
2022-08-27 23:00,0.023,3.444
2022-08-28 00:00,0.016,3.198
2022-08-28 01:00,0.010,2.898
2022-08-28 02:00,0.004,2.388
2022-08-28 03:00,0.001,1.869
2022-08-28 04:00,0,1.169
2022-08-28 05:00,0,0.438
2022-08-28 06:00,0,0.407
2022-08-28 07:00,0,1.106
2022-08-28 08:00,0.001,1.805
2022-08-28 09:00,0.002,2.044
2022-08-28 10:00,0.002,2.072
2022-08-28 11:00,0.003,2.235
2022-08-28 12:00,0.004,2.430
2022-08-28 13:00,0.006,2.624
2022-08-28 14:00,0.008,2.770
2022-08-28 15:00,0.008,2.778
2022-08-28 16:00,0.006,2.619
2022-08-28 17:00,0.004,2.367
2022-08-28 18:00,0.002,2.150
2022-08-28 19:00,0.003,2.235
2022-08-28 20:00,0.006,2.632
2022-08-28 21:00,0.010,2.899
2022-08-28 22:00,0.008,2.775
2022-08-28 23:00,0.003,2.228
2022-08-29 00:00,0,1.561
2022-08-29 01:00,0,0.869
2022-08-29 02:00,0,0.315
2022-08-29 03:00,0,0.243
2022-08-29 04:00,0,0.636
2022-08-29 05:00,0,0.987
2022-08-29 06:00,0,1.190
2022-08-29 07:00,0,1.629
2022-08-29 08:00,0.002,2.195
2022-08-29 09:00,0.006,2.638
2022-08-29 10:00,0.008,2.765
2022-08-29 11:00,0.010,2.877
2022-08-29 12:00,0.008,2.750
2022-08-29 13:00,0.005,2.525
2022-08-29 14:00,0.004,2.367
2022-08-29 15:00,0.003,2.224
2022-08-29 16:00,0.002,2.093
2022-08-29 17:00,0.002,2.036
2022-08-29 18:00,0.001,1.991
2022-08-29 19:00,0.001,1.969
2022-08-29 20:00,0.002,2.049
2022-08-29 21:00,0.002,2.172
2022-08-29 22:00,0.003,2.256
2022-08-29 23:00,0.002,2.143
2022-08-30 00:00,0,1.297
2022-08-30 01:00,0,1.036
2022-08-30 02:00,0,1.247
2022-08-30 03:00,0,1.555
2022-08-30 04:00,0.001,1.784
2022-08-30 05:00,0.001,1.842
2022-08-30 06:00,0,1.543
2022-08-30 07:00,0,1.022
2022-08-30 08:00,0,0.480
2022-08-30 09:00,0,0.045
2022-08-30 10:00,0,0.536
2022-08-30 11:00,0,1.200
2022-08-30 12:00,0.001,1.740
2022-08-30 13:00,0.001,1.932
2022-08-30 14:00,0.001,1.944
2022-08-30 15:00,0.002,2.023
2022-08-30 16:00,0.003,2.280
2022-08-30 17:00,0.006,2.606
2022-08-30 18:00,0.009,2.795
2022-08-30 19:00,0.011,2.926
2022-08-30 20:00,0.011,2.952
2022-08-30 21:00,0.009,2.836
2022-08-30 22:00,0.012,2.987
2022-08-30 23:00,0.014,3.089
2022-08-31 00:00,0.012,2.999
2022-08-31 01:00,0.008,2.775
2022-08-31 02:00,0.007,2.681
2022-08-31 03:00,0.006,2.569
2022-08-31 04:00,0.004,2.390
2022-08-31 05:00,0.003,2.238
2022-08-31 06:00,0.003,2.305
2022-08-31 07:00,0.004,2.344
2022-08-31 08:00,0.003,2.343
2022-08-31 09:00,0.004,2.399
2022-08-31 10:00,0.006,2.568
2022-08-31 11:00,0.009,2.802
2022-08-31 12:00,0.011,2.918
2022-08-31 13:00,0.009,2.788
2022-08-31 14:00,0.005,2.542
2022-08-31 15:00,0.001,1.902
2022-08-31 16:00,0,1.139
2022-08-31 17:00,0,0.794
2022-08-31 18:00,0,1.377
2022-08-31 19:00,0.001,1.954
2022-08-31 20:00,0.030,3.689
2022-08-31 21:00,0.049,4.176
2022-08-31 22:00,0.059,4.383
2022-08-31 23:00,0.082,4.798
2022-09-01 00:00,0.087,4.885
2022-09-01 01:00,0.089,4.916
2022-09-01 02:00,0.091,4.945
2022-09-01 03:00,0.098,5.045
2022-09-01 04:00,0.096,5.017
2022-09-01 05:00,0.092,4.967
2022-09-01 06:00,0.084,4.832
2022-09-01 07:00,0.068,4.548
2022-09-01 08:00,0.055,4.296
2022-09-01 09:00,0.048,4.138
2022-09-01 10:00,0.043,4.028
2022-09-01 11:00,0.039,3.932
2022-09-01 12:00,0.040,3.963
2022-09-01 13:00,0.043,4.026
2022-09-01 14:00,0.043,4.032
2022-09-01 15:00,0.031,3.718
2022-09-01 16:00,0.019,3.305
2022-09-01 17:00,0.017,3.240
2022-09-01 18:00,0.027,3.607
2022-09-01 19:00,0.057,4.338
2022-09-01 20:00,0.137,5.567
2022-09-01 21:00,0.280,7.009
2022-09-01 22:00,0.445,8.297
2022-09-01 23:00,0.550,9.074
2022-09-02 00:00,0.632,9.709
2022-09-02 01:00,0.605,9.492
2022-09-02 02:00,0.480,8.554
2022-09-02 03:00,0.281,7.026
2022-09-02 04:00,0.149,5.730
2022-09-02 05:00,0.088,4.902
2022-09-02 06:00,0.061,4.427
2022-09-02 07:00,0.044,4.063
2022-09-02 08:00,0.031,3.716
2022-09-02 09:00,0.020,3.360
2022-09-02 10:00,0.016,3.177
2022-09-02 11:00,0.012,2.997
2022-09-02 12:00,0.012,2.968
2022-09-02 13:00,0.015,3.142
2022-09-02 14:00,0.026,3.571
2022-09-02 15:00,0.054,4.283
2022-09-02 16:00,0.103,5.133
2022-09-02 17:00,0.172,5.977
2022-09-02 18:00,0.251,6.751
2022-09-02 19:00,0.313,7.280
2022-09-02 20:00,0.371,7.745
2022-09-02 21:00,0.349,7.574
2022-09-02 22:00,0.313,7.281
2022-09-02 23:00,0.249,6.736
2022-09-03 00:00,0.210,6.380
2022-09-03 01:00,0.164,5.899
2022-09-03 02:00,0.126,5.439
2022-09-03 03:00,0.113,5.262
2022-09-03 04:00,0.110,5.220
2022-09-03 05:00,0.101,5.101
2022-09-03 06:00,0.087,4.876
2022-09-03 07:00,0.069,4.577
2022-09-03 08:00,0.062,4.449
2022-09-03 09:00,0.048,4.152
2022-09-03 10:00,0.031,3.708
2022-09-03 11:00,0.020,3.336
2022-09-03 12:00,0.026,3.552
2022-09-03 13:00,0.048,4.138
2022-09-03 14:00,0.093,4.976
2022-09-03 15:00,0.157,5.821
2022-09-03 16:00,0.222,6.496
2022-09-03 17:00,0.237,6.637
2022-09-03 18:00,0.229,6.559
2022-09-03 19:00,0.232,6.580
2022-09-03 20:00,0.256,6.812
2022-09-03 21:00,0.266,6.896
2022-09-03 22:00,0.255,6.804
2022-09-03 23:00,0.207,6.343
2022-09-04 00:00,0.175,6.011
2022-09-04 01:00,0.201,6.296
2022-09-04 02:00,0.171,5.962
2022-09-04 03:00,0.144,5.669
2022-09-04 04:00,0.136,5.559
2022-09-04 05:00,0.136,5.565
2022-09-04 06:00,0.148,5.717
2022-09-04 07:00,0.163,5.885
2022-09-04 08:00,0.165,5.907
2022-09-04 09:00,0.129,5.485
2022-09-04 10:00,0.068,4.544
2022-09-04 11:00,0.033,3.768
2022-09-04 12:00,0.029,3.662
2022-09-04 13:00,0.049,4.184
2022-09-04 14:00,0.083,4.814
2022-09-04 15:00,0.106,5.165
2022-09-04 16:00,0.105,5.153
2022-09-04 17:00,0.101,5.091
2022-09-04 18:00,0.111,5.237
2022-09-04 19:00,0.127,5.445
2022-09-04 20:00,0.139,5.610
2022-09-04 21:00,0.157,5.820
2022-09-04 22:00,0.172,5.980
2022-09-04 23:00,0.153,5.770
2022-09-05 00:00,0.102,5.107
2022-09-05 01:00,0.098,5.043
2022-09-05 02:00,0.112,5.255
2022-09-05 03:00,0.092,4.958
2022-09-05 04:00,0.069,4.578
2022-09-05 05:00,0.055,4.306
2022-09-05 06:00,0.048,4.144
2022-09-05 07:00,0.041,3.980
2022-09-05 08:00,0.031,3.723
2022-09-05 09:00,0.018,3.275
2022-09-05 10:00,0.008,2.749
2022-09-05 11:00,0.002,2.132
2022-09-05 12:00,0,1.561
2022-09-05 13:00,0,1.053
2022-09-05 14:00,0,0.651
2022-09-05 15:00,0,0.810
2022-09-05 16:00,0,1.435
2022-09-05 17:00,0.001,1.947
2022-09-05 18:00,0.004,2.346
2022-09-05 19:00,0.009,2.806
2022-09-05 20:00,0.020,3.367
2022-09-05 21:00,0.031,3.720
2022-09-05 22:00,0.044,4.072
2022-09-05 23:00,0.060,4.402
2022-09-06 00:00,0.061,4.434
2022-09-06 01:00,0.078,4.729
2022-09-06 02:00,0.104,5.146
2022-09-06 03:00,0.125,5.431
2022-09-06 04:00,0.143,5.652
2022-09-06 05:00,0.154,5.779
2022-09-06 06:00,0.156,5.798
2022-09-06 07:00,0.169,5.949
2022-09-06 08:00,0.197,6.247
2022-09-06 09:00,0.283,7.041
2022-09-06 10:00,0.407,8.020
2022-09-06 11:00,0.423,8.136
2022-09-06 12:00,0.254,6.795
2022-09-06 13:00,0.088,4.900
2022-09-06 14:00,0.045,4.089
2022-09-06 15:00,0.048,4.145
2022-09-06 16:00,0.058,4.361
2022-09-06 17:00,0.071,4.603
2022-09-06 18:00,0.076,4.700
2022-09-06 19:00,0.093,4.973
2022-09-06 20:00,0.124,5.417
2022-09-06 21:00,0.172,5.976
2022-09-06 22:00,0.231,6.574
2022-09-06 23:00,0.266,6.900
2022-09-07 00:00,0.287,7.075
2022-09-07 01:00,0.335,7.465
2022-09-07 02:00,0.381,7.822
2022-09-07 03:00,0.413,8.057
2022-09-07 04:00,0.401,7.976
2022-09-07 05:00,0.374,7.760
2022-09-07 06:00,0.339,7.490
2022-09-07 07:00,0.319,7.338
2022-09-07 08:00,0.344,7.533
2022-09-07 09:00,0.363,7.684
2022-09-07 10:00,0.367,7.718
2022-09-07 11:00,0.374,7.760
2022-09-07 12:00,0.375,7.775
2022-09-07 13:00,0.369,7.730
2022-09-07 14:00,0.365,7.703
2022-09-07 15:00,0.367,7.718
2022-09-07 16:00,0.386,7.852
2022-09-07 17:00,0.392,7.909
2022-09-07 18:00,0.390,7.888
2022-09-07 19:00,0.374,7.767
2022-09-07 20:00,0.350,7.578
2022-09-07 21:00,0.321,7.347
2022-09-07 22:00,0.302,7.199
2022-09-07 23:00,0.267,6.909
2022-09-08 00:00,0.234,6.602
2022-09-08 01:00,0.234,6.601
2022-09-08 02:00,0.232,6.589
2022-09-08 03:00,0.208,6.363
2022-09-08 04:00,0.171,5.972
2022-09-08 05:00,0.134,5.538
2022-09-08 06:00,0.105,5.149
2022-09-08 07:00,0.079,4.758
2022-09-08 08:00,0.056,4.332
2022-09-08 09:00,0.045,4.083
2022-09-08 10:00,0.043,4.045
2022-09-08 11:00,0.038,3.905
2022-09-08 12:00,0.026,3.554
2022-09-08 13:00,0.010,2.890
2022-09-08 14:00,0.005,2.520
2022-09-08 15:00,0.045,4.083
2022-09-08 16:00,0.163,5.882
2022-09-08 17:00,0.143,5.656
2022-09-08 18:00,0.087,4.874
2022-09-08 19:00,0.064,4.486
2022-09-08 20:00,0.055,4.297
2022-09-08 21:00,0.050,4.201
2022-09-08 22:00,0.049,4.185
2022-09-08 23:00,0.039,3.938
2022-09-09 00:00,0.026,3.574
2022-09-09 01:00,0.021,3.411
2022-09-09 02:00,0.020,3.367
2022-09-09 03:00,0.017,3.229
2022-09-09 04:00,0.012,2.981
2022-09-09 05:00,0.006,2.596
2022-09-09 06:00,0.003,2.248
2022-09-09 07:00,0.001,1.955
2022-09-09 08:00,0.001,1.799
2022-09-09 09:00,0.001,1.977
2022-09-09 10:00,0.004,2.374
2022-09-09 11:00,0.003,2.285
2022-09-09 12:00,0.002,2.167
2022-09-09 13:00,0.002,2.073
2022-09-09 14:00,0.001,1.996
2022-09-09 15:00,0.001,1.947
2022-09-09 16:00,0.001,1.910
2022-09-09 17:00,0.001,1.850
2022-09-09 18:00,0.001,1.776
2022-09-09 19:00,0.001,1.731
2022-09-09 20:00,0.001,1.791
2022-09-09 21:00,0.002,2.046
2022-09-09 22:00,0.004,2.414
2022-09-09 23:00,0.006,2.578
2022-09-10 00:00,0.005,2.530
2022-09-10 01:00,0.010,2.861
2022-09-10 02:00,0.004,2.431
2022-09-10 03:00,0,1.607
2022-09-10 04:00,0,0.844
2022-09-10 05:00,0,0.164
2022-09-10 06:00,0,0.152
2022-09-10 07:00,0,0.150
2022-09-10 08:00,0,0.447
2022-09-10 09:00,0,0.749
2022-09-10 10:00,0,1.603
2022-09-10 11:00,0.002,2.091
2022-09-10 12:00,0.004,2.442
2022-09-10 13:00,0.008,2.770
2022-09-10 14:00,0.014,3.109
2022-09-10 15:00,0.019,3.301
2022-09-10 16:00,0.020,3.366
2022-09-10 17:00,0.022,3.427
2022-09-10 18:00,0.024,3.503
2022-09-10 19:00,0.026,3.570
2022-09-10 20:00,0.022,3.439
2022-09-10 21:00,0.018,3.272
2022-09-10 22:00,0.015,3.162
2022-09-10 23:00,0.010,2.860
2022-09-11 00:00,0.008,2.752
2022-09-11 01:00,0.007,2.674
2022-09-11 02:00,0.005,2.466
2022-09-11 03:00,0.003,2.218
2022-09-11 04:00,0.002,2.150
2022-09-11 05:00,0.002,2.188
2022-09-11 06:00,0.002,2.060
2022-09-11 07:00,0,1.681
2022-09-11 08:00,0,1.273
2022-09-11 09:00,0,1.051
2022-09-11 10:00,0,1.107
2022-09-11 11:00,0,1.336
2022-09-11 12:00,0,1.598
2022-09-11 13:00,0.001,1.839
2022-09-11 14:00,0.002,2.094
2022-09-11 15:00,0.003,2.339
2022-09-11 16:00,0.005,2.518
2022-09-11 17:00,0.006,2.552
2022-09-11 18:00,0.004,2.455
2022-09-11 19:00,0.003,2.329
2022-09-11 20:00,0.003,2.299
2022-09-11 21:00,0.004,2.419
2022-09-11 22:00,0.007,2.674
2022-09-11 23:00,0.008,2.745
2022-09-12 00:00,0.002,2.054
2022-09-12 01:00,0.001,2.016
2022-09-12 02:00,0.001,1.818
2022-09-12 03:00,0,1.472
2022-09-12 04:00,0,1.129
2022-09-12 05:00,0,0.884
2022-09-12 06:00,0,0.815
2022-09-12 07:00,0,0.892
2022-09-12 08:00,0,1.122
2022-09-12 09:00,0,1.240
2022-09-12 10:00,0,1.304
2022-09-12 11:00,0,1.610
2022-09-12 12:00,0.002,2.098
2022-09-12 13:00,0.007,2.664
2022-09-12 14:00,0.018,3.288
2022-09-12 15:00,0.042,4.020
2022-09-12 16:00,0.074,4.655
2022-09-12 17:00,0.095,5.008
2022-09-12 18:00,0.100,5.083
2022-09-12 19:00,0.093,4.972
2022-09-12 20:00,0.079,4.757
2022-09-12 21:00,0.071,4.605
2022-09-12 22:00,0.068,4.565
2022-09-12 23:00,0.055,4.288
2022-09-13 00:00,0.032,3.750
2022-09-13 01:00,0.023,3.470
2022-09-13 02:00,0.019,3.322
2022-09-13 03:00,0.014,3.089
2022-09-13 04:00,0.010,2.912
2022-09-13 05:00,0.009,2.787
2022-09-13 06:00,0.009,2.800
2022-09-13 07:00,0.008,2.766
2022-09-13 08:00,0.006,2.596
2022-09-13 09:00,0.004,2.380
2022-09-13 10:00,0.003,2.230
2022-09-13 11:00,0.001,1.960
2022-09-13 12:00,0.001,2.009
2022-09-13 13:00,0.003,2.214
2022-09-13 14:00,0.005,2.472
2022-09-13 15:00,0.006,2.603
2022-09-13 16:00,0.010,2.879
2022-09-13 17:00,0.022,3.438
2022-09-13 18:00,0.041,3.988
2022-09-13 19:00,0.054,4.282
2022-09-13 20:00,0.056,4.327
2022-09-13 21:00,0.061,4.412
2022-09-13 22:00,0.064,4.490
2022-09-13 23:00,0.053,4.254
2022-09-14 00:00,0.031,3.713
2022-09-14 01:00,0.018,3.280
2022-09-14 02:00,0.022,3.441
2022-09-14 03:00,0.019,3.306
2022-09-14 04:00,0.012,3.018
2022-09-14 05:00,0.007,2.702
2022-09-14 06:00,0.004,2.414
2022-09-14 07:00,0.002,2.080
2022-09-14 08:00,0,1.606
2022-09-14 09:00,0,0.954
2022-09-14 10:00,0,0.305
2022-09-14 11:00,0,0.587
2022-09-14 12:00,0,1.241
2022-09-14 13:00,0.001,1.803
2022-09-14 14:00,0.004,2.370
2022-09-14 15:00,0.011,2.919
2022-09-14 16:00,0.019,3.331
2022-09-14 17:00,0.025,3.530
2022-09-14 18:00,0.024,3.503
2022-09-14 19:00,0.023,3.451
2022-09-14 20:00,0.024,3.489
2022-09-14 21:00,0.026,3.569
2022-09-14 22:00,0.029,3.656
2022-09-14 23:00,0.025,3.524
2022-09-15 00:00,0.012,3.016
2022-09-15 01:00,0.013,3.032
2022-09-15 02:00,0.007,2.678
2022-09-15 03:00,0.003,2.279
2022-09-15 04:00,0.001,1.841
2022-09-15 05:00,0,1.334
2022-09-15 06:00,0,0.868
2022-09-15 07:00,0,0.479
2022-09-15 08:00,0,0.304
2022-09-15 09:00,0,0.947
2022-09-15 10:00,0.001,1.712
2022-09-15 11:00,0.005,2.483
2022-09-15 12:00,0.012,3.004
2022-09-15 13:00,0.020,3.350
2022-09-15 14:00,0.028,3.636
2022-09-15 15:00,0.041,3.972
2022-09-15 16:00,0.057,4.340
2022-09-15 17:00,0.076,4.697
2022-09-15 18:00,0.093,4.978
2022-09-15 19:00,0.109,5.219
2022-09-15 20:00,0.142,5.638
2022-09-15 21:00,0.185,6.126
2022-09-15 22:00,0.215,6.418
2022-09-15 23:00,0.197,6.242
2022-09-16 00:00,0.156,5.805
2022-09-16 01:00,0.135,5.541
2022-09-16 02:00,0.096,5.016
2022-09-16 03:00,0.059,4.371
2022-09-16 04:00,0.029,3.650
2022-09-16 05:00,0.011,2.945
2022-09-16 06:00,0.004,2.389
2022-09-16 07:00,0.001,1.938
2022-09-16 08:00,0,1.457
2022-09-16 09:00,0,0.825
2022-09-16 10:00,0,0.022
2022-09-16 11:00,0,0.812
2022-09-16 12:00,0,1.544
2022-09-16 13:00,0.002,2.125
2022-09-16 14:00,0.006,2.588
2022-09-16 15:00,0.012,2.973
2022-09-16 16:00,0.015,3.123
2022-09-16 17:00,0.012,3.013
2022-09-16 18:00,0.010,2.882
2022-09-16 19:00,0.009,2.800
2022-09-16 20:00,0.007,2.684
2022-09-16 21:00,0.007,2.682
2022-09-16 22:00,0.008,2.774
2022-09-16 23:00,0.009,2.839
2022-09-17 00:00,0.006,2.621
2022-09-17 01:00,0.002,2.126
2022-09-17 02:00,0.001,1.881
2022-09-17 03:00,0.001,1.697
2022-09-17 04:00,0,1.644
2022-09-17 05:00,0,1.670
2022-09-17 06:00,0.001,1.721
2022-09-17 07:00,0,1.680
2022-09-17 08:00,0,1.684
2022-09-17 09:00,0.001,1.741
2022-09-17 10:00,0.001,1.903
2022-09-17 11:00,0.002,2.111
2022-09-17 12:00,0.004,2.402
2022-09-17 13:00,0.006,2.640
2022-09-17 14:00,0.008,2.757
2022-09-17 15:00,0.012,3.005
2022-09-17 16:00,0.020,3.355
2022-09-17 17:00,0.029,3.648
2022-09-17 18:00,0.041,3.972
2022-09-17 19:00,0.057,4.348
2022-09-17 20:00,0.078,4.740
2022-09-17 21:00,0.076,4.709
2022-09-17 22:00,0.061,4.412
2022-09-17 23:00,0.048,4.148
2022-09-18 00:00,0.043,4.025
2022-09-18 01:00,0.038,3.892
2022-09-18 02:00,0.029,3.656
2022-09-18 03:00,0.026,3.566
2022-09-18 04:00,0.025,3.539
2022-09-18 05:00,0.025,3.532
2022-09-18 06:00,0.028,3.618
2022-09-18 07:00,0.035,3.831
2022-09-18 08:00,0.045,4.085
2022-09-18 09:00,0.048,4.133
2022-09-18 10:00,0.047,4.128
2022-09-18 11:00,0.050,4.199
2022-09-18 12:00,0.055,4.292
2022-09-18 13:00,0.061,4.408
2022-09-18 14:00,0.070,4.596
2022-09-18 15:00,0.090,4.929
2022-09-18 16:00,0.108,5.191
2022-09-18 17:00,0.126,5.435
2022-09-18 18:00,0.139,5.611
2022-09-18 19:00,0.151,5.753
2022-09-18 20:00,0.156,5.803
2022-09-18 21:00,0.167,5.928
2022-09-18 22:00,0.178,6.047
2022-09-18 23:00,0.152,5.766
2022-09-19 00:00,0.117,5.317
2022-09-19 01:00,0.116,5.296
2022-09-19 02:00,0.111,5.235
2022-09-19 03:00,0.094,4.998
2022-09-19 04:00,0.079,4.749
2022-09-19 05:00,0.066,4.517
2022-09-19 06:00,0.053,4.266
2022-09-19 07:00,0.037,3.879
2022-09-19 08:00,0.014,3.112
2022-09-19 09:00,0.002,2.073
2022-09-19 10:00,0,0.701
2022-09-19 11:00,0,1.242
2022-09-19 12:00,0,1.668
2022-09-19 13:00,0,1.584
2022-09-19 14:00,0,1.395
2022-09-19 15:00,0,1.359
2022-09-19 16:00,0,1.396
2022-09-19 17:00,0,1.274
2022-09-19 18:00,0,1.001
2022-09-19 19:00,0,0.797
2022-09-19 20:00,0,1.243
2022-09-19 21:00,0.001,1.959
2022-09-19 22:00,0.008,2.746
2022-09-19 23:00,0.020,3.364
2022-09-20 00:00,0.038,3.903
2022-09-20 01:00,0.065,4.504
2022-09-20 02:00,0.094,4.999
2022-09-20 03:00,0.111,5.236
2022-09-20 04:00,0.116,5.301
2022-09-20 05:00,0.128,5.459
2022-09-20 06:00,0.152,5.756
2022-09-20 07:00,0.196,6.228
2022-09-20 08:00,0.250,6.748
2022-09-20 09:00,0.314,7.302
2022-09-20 10:00,0.379,7.811
2022-09-20 11:00,0.451,8.343
2022-09-20 12:00,0.494,8.658
2022-09-20 13:00,0.483,8.569
2022-09-20 14:00,0.422,8.133
2022-09-20 15:00,0.333,7.450
2022-09-20 16:00,0.261,6.848
2022-09-20 17:00,0.220,6.475
2022-09-20 18:00,0.203,6.311
2022-09-20 19:00,0.209,6.367
2022-09-20 20:00,0.252,6.774
2022-09-20 21:00,0.330,7.418
2022-09-20 22:00,0.411,8.046
2022-09-20 23:00,0.468,8.472
2022-09-21 00:00,0.494,8.653
2022-09-21 01:00,0.540,8.996
2022-09-21 02:00,0.548,9.055
2022-09-21 03:00,0.502,8.713
2022-09-21 04:00,0.445,8.296
2022-09-21 05:00,0.397,7.943
2022-09-21 06:00,0.353,7.609
2022-09-21 07:00,0.329,7.416
2022-09-21 08:00,0.325,7.384
2022-09-21 09:00,0.342,7.514
2022-09-21 10:00,0.383,7.831
2022-09-21 11:00,0.429,8.173
2022-09-21 12:00,0.450,8.340
2022-09-21 13:00,0.449,8.323
2022-09-21 14:00,0.417,8.082
2022-09-21 15:00,0.368,7.724
2022-09-21 16:00,0.330,7.422
2022-09-21 17:00,0.298,7.163
2022-09-21 18:00,0.274,6.961
2022-09-21 19:00,0.260,6.844
2022-09-21 20:00,0.259,6.830
2022-09-21 21:00,0.272,6.943
2022-09-21 22:00,0.297,7.147
2022-09-21 23:00,0.307,7.238
2022-09-22 00:00,0.339,7.500
2022-09-22 01:00,0.397,7.945
2022-09-22 02:00,0.426,8.155
2022-09-22 03:00,0.421,8.115
2022-09-22 04:00,0.404,7.990
2022-09-22 05:00,0.391,7.893
2022-09-22 06:00,0.383,7.833
2022-09-22 07:00,0.377,7.795
2022-09-22 08:00,0.377,7.782
2022-09-22 09:00,0.346,7.554
2022-09-22 10:00,0.308,7.239
2022-09-22 11:00,0.270,6.931
2022-09-22 12:00,0.235,6.613
2022-09-22 13:00,0.198,6.255
2022-09-22 14:00,0.165,5.907
2022-09-22 15:00,0.144,5.663
2022-09-22 16:00,0.128,5.461
2022-09-22 17:00,0.109,5.211
2022-09-22 18:00,0.096,5.019
2022-09-22 19:00,0.094,4.987
2022-09-22 20:00,0.102,5.108
2022-09-22 21:00,0.105,5.150
2022-09-22 22:00,0.101,5.095
2022-09-22 23:00,0.086,4.863
2022-09-23 00:00,0.074,4.653
2022-09-23 01:00,0.065,4.508
2022-09-23 02:00,0.060,4.396
2022-09-23 03:00,0.056,4.324
2022-09-23 04:00,0.053,4.260
2022-09-23 05:00,0.051,4.213
2022-09-23 06:00,0.052,4.232
2022-09-23 07:00,0.056,4.325
2022-09-23 08:00,0.063,4.460
2022-09-23 09:00,0.071,4.612
2022-09-23 10:00,0.079,4.750
2022-09-23 11:00,0.089,4.915
2022-09-23 12:00,0.092,4.954
2022-09-23 13:00,0.079,4.748
2022-09-23 14:00,0.066,4.514
2022-09-23 15:00,0.064,4.483
2022-09-23 16:00,0.075,4.691
2022-09-23 17:00,0.100,5.077
2022-09-23 18:00,0.134,5.535
2022-09-23 19:00,0.163,5.889
2022-09-23 20:00,0.210,6.369
2022-09-23 21:00,0.246,6.720
2022-09-23 22:00,0.264,6.881
2022-09-23 23:00,0.257,6.815
2022-09-24 00:00,0.264,6.872
2022-09-24 01:00,0.303,7.206
2022-09-24 02:00,0.319,7.337
2022-09-24 03:00,0.302,7.206
2022-09-24 04:00,0.280,7.015
2022-09-24 05:00,0.278,6.992
2022-09-24 06:00,0.305,7.225
2022-09-24 07:00,0.342,7.520
2022-09-24 08:00,0.375,7.774
2022-09-24 09:00,0.379,7.811
2022-09-24 10:00,0.370,7.734
2022-09-24 11:00,0.365,7.697
2022-09-24 12:00,0.361,7.661
2022-09-24 13:00,0.335,7.465
2022-09-24 14:00,0.287,7.074
2022-09-24 15:00,0.242,6.680
2022-09-24 16:00,0.210,6.384
2022-09-24 17:00,0.185,6.131
2022-09-24 18:00,0.167,5.934
2022-09-24 19:00,0.160,5.852
2022-09-24 20:00,0.152,5.756
2022-09-24 21:00,0.135,5.545
2022-09-24 22:00,0.111,5.242
2022-09-24 23:00,0.092,4.962
2022-09-25 00:00,0.096,5.021
2022-09-25 01:00,0.122,5.391
2022-09-25 02:00,0.143,5.660
2022-09-25 03:00,0.130,5.497
2022-09-25 04:00,0.107,5.182
2022-09-25 05:00,0.091,4.948
2022-09-25 06:00,0.075,4.690
2022-09-25 07:00,0.064,4.488
2022-09-25 08:00,0.052,4.236
2022-09-25 09:00,0.042,4.012
2022-09-25 10:00,0.038,3.891
2022-09-25 11:00,0.030,3.692
2022-09-25 12:00,0.019,3.317
2022-09-25 13:00,0.009,2.784
2022-09-25 14:00,0.002,2.151
2022-09-25 15:00,0.001,1.729
2022-09-25 16:00,0,1.662
2022-09-25 17:00,0.001,1.946
2022-09-25 18:00,0.006,2.578
2022-09-25 19:00,0.022,3.418
2022-09-25 20:00,0.055,4.306
2022-09-25 21:00,0.099,5.062
2022-09-25 22:00,0.146,5.689
2022-09-25 23:00,0.177,6.032
2022-09-26 00:00,0.215,6.423
2022-09-26 01:00,0.275,6.976
2022-09-26 02:00,0.304,7.216
2022-09-26 03:00,0.293,7.118
2022-09-26 04:00,0.253,6.784
2022-09-26 05:00,0.212,6.399
2022-09-26 06:00,0.175,6.011
2022-09-26 07:00,0.138,5.591
2022-09-26 08:00,0.105,5.151
2022-09-26 09:00,0.095,5.000
2022-09-26 10:00,0.099,5.055
2022-09-26 11:00,0.097,5.035
2022-09-26 12:00,0.088,4.892
2022-09-26 13:00,0.076,4.696
2022-09-26 14:00,0.066,4.514
2022-09-26 15:00,0.064,4.474
2022-09-26 16:00,0.085,4.845
2022-09-26 17:00,0.135,5.545
2022-09-26 18:00,0.198,6.255
2022-09-26 19:00,0.280,7.009
2022-09-26 20:00,0.358,7.637
2022-09-26 21:00,0.446,8.307
2022-09-26 22:00,0.534,8.957
2022-09-26 23:00,0.568,9.212
2022-09-27 00:00,0.668,10.012
2022-09-27 01:00,0.815,11.515
2022-09-27 02:00,0.891,12.712
2022-09-27 03:00,0.914,13.194
2022-09-27 04:00,0.908,13.052
2022-09-27 05:00,0.899,12.856
2022-09-27 06:00,0.891,12.697
2022-09-27 07:00,0.887,12.624
2022-09-27 08:00,0.867,12.278
2022-09-27 09:00,0.817,11.549
2022-09-27 10:00,0.787,11.176
2022-09-27 11:00,0.812,11.478
2022-09-27 12:00,0.835,11.780
2022-09-27 13:00,0.837,11.812
2022-09-27 14:00,0.816,11.528
2022-09-27 15:00,0.861,12.169
2022-09-27 16:00,0.872,12.347
2022-09-27 17:00,0.868,12.288
2022-09-27 18:00,0.863,12.208
2022-09-27 19:00,0.856,12.102
2022-09-27 20:00,0.848,11.981
2022-09-27 21:00,0.830,11.716
2022-09-27 22:00,0.815,11.507
2022-09-27 23:00,0.806,11.408
2022-09-28 00:00,0.807,11.424
2022-09-28 01:00,0.856,12.099
2022-09-28 02:00,0.873,12.375
2022-09-28 03:00,0.850,11.995
2022-09-28 04:00,0.845,11.925
2022-09-28 05:00,0.855,12.087
2022-09-28 06:00,0.866,12.259
2022-09-28 07:00,0.860,12.160
2022-09-28 08:00,0.828,11.696
2022-09-28 09:00,0.815,11.507
2022-09-28 10:00,0.851,12.010
2022-09-28 11:00,0.871,12.343
2022-09-28 12:00,0.869,12.317
2022-09-28 13:00,0.866,12.260
2022-09-28 14:00,0.868,12.287
2022-09-28 15:00,0.871,12.336
2022-09-28 16:00,0.875,12.396
2022-09-28 17:00,0.857,12.109
2022-09-28 18:00,0.826,11.654
2022-09-28 19:00,0.787,11.183
2022-09-28 20:00,0.744,10.713
2022-09-28 21:00,0.701,10.310
2022-09-28 22:00,0.682,10.140
2022-09-28 23:00,0.660,9.950
2022-09-29 00:00,0.650,9.861
2022-09-29 01:00,0.669,10.027
2022-09-29 02:00,0.695,10.250
2022-09-29 03:00,0.740,10.679
2022-09-29 04:00,0.770,10.987
2022-09-29 05:00,0.780,11.093
2022-09-29 06:00,0.786,11.167
2022-09-29 07:00,0.802,11.348
2022-09-29 08:00,0.819,11.571
2022-09-29 09:00,0.822,11.617
2022-09-29 10:00,0.807,11.416
2022-09-29 11:00,0.783,11.136
2022-09-29 12:00,0.763,10.907
2022-09-29 13:00,0.712,10.400
2022-09-29 14:00,0.669,10.026
2022-09-29 15:00,0.660,9.942
2022-09-29 16:00,0.633,9.720
2022-09-29 17:00,0.616,9.585
2022-09-29 18:00,0.618,9.603
2022-09-29 19:00,0.624,9.646
2022-09-29 20:00,0.673,10.058
2022-09-29 21:00,0.707,10.351
2022-09-29 22:00,0.709,10.382
2022-09-29 23:00,0.682,10.139
2022-09-30 00:00,0.633,9.727
2022-09-30 01:00,0.566,9.190
2022-09-30 02:00,0.516,8.823
2022-09-30 03:00,0.484,8.575
2022-09-30 04:00,0.477,8.527
2022-09-30 05:00,0.497,8.677
2022-09-30 06:00,0.488,8.620
2022-09-30 07:00,0.478,8.542
2022-09-30 08:00,0.465,8.441
2022-09-30 09:00,0.433,8.209
2022-09-30 10:00,0.395,7.932
2022-09-30 11:00,0.361,7.663
2022-09-30 12:00,0.349,7.573
2022-09-30 13:00,0.362,7.665
2022-09-30 14:00,0.351,7.587
2022-09-30 15:00,0.321,7.347
2022-09-30 16:00,0.285,7.056
2022-09-30 17:00,0.251,6.757
2022-09-30 18:00,0.226,6.536
2022-09-30 19:00,0.213,6.408
2022-09-30 20:00,0.197,6.244
2022-09-30 21:00,0.202,6.304
2022-09-30 22:00,0.214,6.413
2022-09-30 23:00,0.222,6.499
2022-10-01 00:00,0.205,6.327
2022-10-01 01:00,0.203,6.310
2022-10-01 02:00,0.194,6.221
2022-10-01 03:00,0.164,5.900
2022-10-01 04:00,0.138,5.579
2022-10-01 05:00,0.112,5.257
2022-10-01 06:00,0.098,5.040
2022-10-01 07:00,0.091,4.943
2022-10-01 08:00,0.088,4.893
2022-10-01 09:00,0.089,4.918
2022-10-01 10:00,0.099,5.058
2022-10-01 11:00,0.117,5.307
2022-10-01 12:00,0.140,5.617
2022-10-01 13:00,0.155,5.792
2022-10-01 14:00,0.148,5.719
2022-10-01 15:00,0.141,5.627
2022-10-01 16:00,0.139,5.609
2022-10-01 17:00,0.142,5.646
2022-10-01 18:00,0.154,5.779
2022-10-01 19:00,0.175,6.013
2022-10-01 20:00,0.185,6.127
2022-10-01 21:00,0.199,6.274
2022-10-01 22:00,0.213,6.410
2022-10-01 23:00,0.205,6.326
2022-10-02 00:00,0.180,6.072
2022-10-02 01:00,0.182,6.093
2022-10-02 02:00,0.186,6.135
2022-10-02 03:00,0.191,6.183
2022-10-02 04:00,0.198,6.257
2022-10-02 05:00,0.201,6.288
2022-10-02 06:00,0.213,6.409
2022-10-02 07:00,0.226,6.531
2022-10-02 08:00,0.222,6.487
2022-10-02 09:00,0.200,6.276
2022-10-02 10:00,0.188,6.153
2022-10-02 11:00,0.194,6.209
2022-10-02 12:00,0.206,6.342
2022-10-02 13:00,0.213,6.406
2022-10-02 14:00,0.216,6.433
2022-10-02 15:00,0.212,6.403
2022-10-02 16:00,0.210,6.385
2022-10-02 17:00,0.211,6.394
2022-10-02 18:00,0.223,6.509
2022-10-02 19:00,0.248,6.732
2022-10-02 20:00,0.268,6.914
2022-10-02 21:00,0.268,6.912
2022-10-02 22:00,0.259,6.828
2022-10-02 23:00,0.233,6.594
2022-10-03 00:00,0.210,6.378
2022-10-03 01:00,0.208,6.354
2022-10-03 02:00,0.200,6.286
2022-10-03 03:00,0.199,6.269
2022-10-03 04:00,0.199,6.262
2022-10-03 05:00,0.198,6.254
2022-10-03 06:00,0.192,6.200
2022-10-03 07:00,0.188,6.159
2022-10-03 08:00,0.190,6.167
2022-10-03 09:00,0.188,6.161
2022-10-03 10:00,0.174,6.006
2022-10-03 11:00,0.161,5.864
2022-10-03 12:00,0.150,5.742
2022-10-03 13:00,0.138,5.590
2022-10-03 14:00,0.118,5.327
2022-10-03 15:00,0.100,5.089
2022-10-03 16:00,0.088,4.902
2022-10-03 17:00,0.079,4.750
2022-10-03 18:00,0.075,4.679
2022-10-03 19:00,0.072,4.625
2022-10-03 20:00,0.076,4.706
2022-10-03 21:00,0.085,4.845
2022-10-03 22:00,0.093,4.976
2022-10-03 23:00,0.095,5.006
2022-10-04 00:00,0.083,4.821
2022-10-04 01:00,0.084,4.827
2022-10-04 02:00,0.077,4.718
2022-10-04 03:00,0.064,4.487
2022-10-04 04:00,0.050,4.193
2022-10-04 05:00,0.037,3.869
2022-10-04 06:00,0.027,3.587
2022-10-04 07:00,0.021,3.382
2022-10-04 08:00,0.017,3.205
2022-10-04 09:00,0.015,3.148
2022-10-04 10:00,0.016,3.203
2022-10-04 11:00,0.014,3.077
2022-10-04 12:00,0.009,2.818
2022-10-04 13:00,0.005,2.501
2022-10-04 14:00,0.002,2.137
2022-10-04 15:00,0.001,1.714
2022-10-04 16:00,0,1.337
2022-10-04 17:00,0,1.011
2022-10-04 18:00,0,0.958
2022-10-04 19:00,0,1.340
2022-10-04 20:00,0.001,1.840
2022-10-04 21:00,0.002,2.168
2022-10-04 22:00,0.004,2.444
2022-10-04 23:00,0.007,2.694
2022-10-05 00:00,0.010,2.874
2022-10-05 01:00,0.019,3.334
2022-10-05 02:00,0.035,3.830
2022-10-05 03:00,0.066,4.514
2022-10-05 04:00,0.107,5.177
2022-10-05 05:00,0.148,5.703
2022-10-05 06:00,0.190,6.172
2022-10-05 07:00,0.232,6.588
2022-10-05 08:00,0.268,6.914
2022-10-05 09:00,0.302,7.194
2022-10-05 10:00,0.333,7.448
2022-10-05 11:00,0.336,7.474
2022-10-05 12:00,0.324,7.369
2022-10-05 13:00,0.299,7.172
2022-10-05 14:00,0.269,6.915
2022-10-05 15:00,0.233,6.596
2022-10-05 16:00,0.196,6.234
2022-10-05 17:00,0.162,5.878
2022-10-05 18:00,0.133,5.523
2022-10-05 19:00,0.118,5.324
2022-10-05 20:00,0.122,5.385
2022-10-05 21:00,0.140,5.620
2022-10-05 22:00,0.164,5.904
2022-10-05 23:00,0.186,6.135
2022-10-06 00:00,0.211,6.393
2022-10-06 01:00,0.237,6.641
2022-10-06 02:00,0.252,6.773
2022-10-06 03:00,0.252,6.769
2022-10-06 04:00,0.242,6.680
2022-10-06 05:00,0.228,6.549
2022-10-06 06:00,0.221,6.477
2022-10-06 07:00,0.217,6.438
2022-10-06 08:00,0.211,6.387
2022-10-06 09:00,0.207,6.344
2022-10-06 10:00,0.222,6.497
2022-10-06 11:00,0.241,6.666
2022-10-06 12:00,0.267,6.906
2022-10-06 13:00,0.291,7.099
2022-10-06 14:00,0.303,7.209
2022-10-06 15:00,0.319,7.341
2022-10-06 16:00,0.334,7.458
2022-10-06 17:00,0.330,7.424
2022-10-06 18:00,0.330,7.426
2022-10-06 19:00,0.355,7.616
2022-10-06 20:00,0.422,8.125
2022-10-06 21:00,0.515,8.814
2022-10-06 22:00,0.608,9.523
2022-10-06 23:00,0.663,9.964
2022-10-07 00:00,0.686,10.165
2022-10-07 01:00,0.680,10.116
2022-10-07 02:00,0.670,10.036
2022-10-07 03:00,0.588,9.367
2022-10-07 04:00,0.458,8.394
2022-10-07 05:00,0.329,7.415
2022-10-07 06:00,0.230,6.569
2022-10-07 07:00,0.170,5.959
2022-10-07 08:00,0.128,5.460
2022-10-07 09:00,0.119,5.351
2022-10-07 10:00,0.135,5.553
2022-10-07 11:00,0.146,5.690
2022-10-07 12:00,0.162,5.878
2022-10-07 13:00,0.189,6.165
2022-10-07 14:00,0.264,6.876
2022-10-07 15:00,0.419,8.104
2022-10-07 16:00,0.608,9.520
2022-10-07 17:00,0.717,10.443
2022-10-07 18:00,0.741,10.691
2022-10-07 19:00,0.728,10.556
2022-10-07 20:00,0.699,10.291
2022-10-07 21:00,0.686,10.167
2022-10-07 22:00,0.691,10.217
2022-10-07 23:00,0.694,10.246
2022-10-08 00:00,0.702,10.312
2022-10-08 01:00,0.669,10.023
2022-10-08 02:00,0.619,9.611
2022-10-08 03:00,0.576,9.274
2022-10-08 04:00,0.520,8.857
2022-10-08 05:00,0.465,8.446
2022-10-08 06:00,0.412,8.048
2022-10-08 07:00,0.350,7.576
2022-10-08 08:00,0.293,7.130
2022-10-08 09:00,0.274,6.967
2022-10-08 10:00,0.282,7.038
2022-10-08 11:00,0.282,7.031
2022-10-08 12:00,0.293,7.122
2022-10-08 13:00,0.317,7.320
2022-10-08 14:00,0.328,7.405
2022-10-08 15:00,0.313,7.292
2022-10-08 16:00,0.293,7.129
2022-10-08 17:00,0.300,7.181
2022-10-08 18:00,0.339,7.488
2022-10-08 19:00,0.400,7.964
2022-10-08 20:00,0.494,8.650
2022-10-08 21:00,0.578,9.290
2022-10-08 22:00,0.636,9.746
2022-10-08 23:00,0.643,9.803
2022-10-09 00:00,0.643,9.806
2022-10-09 01:00,0.664,9.981
2022-10-09 02:00,0.661,9.952
2022-10-09 03:00,0.648,9.849
2022-10-09 04:00,0.619,9.609
2022-10-09 05:00,0.571,9.234
2022-10-09 06:00,0.514,8.802
2022-10-09 07:00,0.465,8.446
2022-10-09 08:00,0.438,8.238
2022-10-09 09:00,0.386,7.855
2022-10-09 10:00,0.353,7.604
2022-10-09 11:00,0.438,8.241
2022-10-09 12:00,0.687,10.175
2022-10-09 13:00,0.928,13.533
2022-10-09 14:00,0.972,15.209
2022-10-09 15:00,0.971,15.158
2022-10-09 16:00,0.975,15.379
2022-10-09 17:00,0.977,15.538
2022-10-09 18:00,0.973,15.240
2022-10-09 19:00,0.970,15.088
2022-10-09 20:00,0.970,15.098
2022-10-09 21:00,0.967,14.935
2022-10-09 22:00,0.963,14.746
2022-10-09 23:00,0.963,14.741
2022-10-10 00:00,0.968,15.018
2022-10-10 01:00,0.959,14.556
2022-10-10 02:00,0.930,13.593
2022-10-10 03:00,0.894,12.772
2022-10-10 04:00,0.851,12.018
2022-10-10 05:00,0.788,11.188
2022-10-10 06:00,0.717,10.456
2022-10-10 07:00,0.656,9.906
2022-10-10 08:00,0.610,9.543
2022-10-10 09:00,0.556,9.124
2022-10-10 10:00,0.491,8.638
2022-10-10 11:00,0.455,8.372
2022-10-10 12:00,0.471,8.486
2022-10-10 13:00,0.533,8.947
2022-10-10 14:00,0.619,9.611
2022-10-10 15:00,0.682,10.135
2022-10-10 16:00,0.712,10.411
2022-10-10 17:00,0.726,10.540
2022-10-10 18:00,0.754,10.821
2022-10-10 19:00,0.793,11.251
2022-10-10 20:00,0.834,11.768
2022-10-10 21:00,0.864,12.235
2022-10-10 22:00,0.876,12.429
2022-10-10 23:00,0.862,12.198
2022-10-11 00:00,0.835,11.788
2022-10-11 01:00,0.803,11.369
2022-10-11 02:00,0.707,10.355
2022-10-11 03:00,0.605,9.496
2022-10-11 04:00,0.497,8.673
2022-10-11 05:00,0.393,7.913
2022-10-11 06:00,0.305,7.224
2022-10-11 07:00,0.240,6.664
2022-10-11 08:00,0.194,6.213
2022-10-11 09:00,0.174,6.005
2022-10-11 10:00,0.161,5.863
2022-10-11 11:00,0.144,5.668
2022-10-11 12:00,0.136,5.562
2022-10-11 13:00,0.136,5.566
2022-10-11 14:00,0.165,5.907
2022-10-11 15:00,0.237,6.638
2022-10-11 16:00,0.363,7.685
2022-10-11 17:00,0.486,8.600
2022-10-11 18:00,0.569,9.221
2022-10-11 19:00,0.608,9.514
2022-10-11 20:00,0.644,9.812
2022-10-11 21:00,0.689,10.195
2022-10-11 22:00,0.707,10.359
2022-10-11 23:00,0.678,10.096
2022-10-12 00:00,0.601,9.461
2022-10-12 01:00,0.531,8.936
2022-10-12 02:00,0.446,8.299
2022-10-12 03:00,0.402,7.978
2022-10-12 04:00,0.378,7.799
2022-10-12 05:00,0.351,7.590
2022-10-12 06:00,0.321,7.357
2022-10-12 07:00,0.293,7.127
2022-10-12 08:00,0.262,6.853
2022-10-12 09:00,0.226,6.531
2022-10-12 10:00,0.179,6.065
2022-10-12 11:00,0.149,5.723
2022-10-12 12:00,0.155,5.788
2022-10-12 13:00,0.201,6.288
2022-10-12 14:00,0.310,7.257
2022-10-12 15:00,0.460,8.401
2022-10-12 16:00,0.552,9.094
2022-10-12 17:00,0.578,9.286
2022-10-12 18:00,0.576,9.276
2022-10-12 19:00,0.568,9.213
2022-10-12 20:00,0.566,9.195
2022-10-12 21:00,0.608,9.519
2022-10-12 22:00,0.657,9.918
2022-10-12 23:00,0.658,9.931
2022-10-13 00:00,0.587,9.362
2022-10-13 01:00,0.558,9.138
2022-10-13 02:00,0.480,8.556
2022-10-13 03:00,0.404,7.990
2022-10-13 04:00,0.343,7.525
2022-10-13 05:00,0.285,7.057
2022-10-13 06:00,0.238,6.643
2022-10-13 07:00,0.203,6.312
2022-10-13 08:00,0.179,6.050
2022-10-13 09:00,0.167,5.937
2022-10-13 10:00,0.159,5.841
2022-10-13 11:00,0.144,5.670
2022-10-13 12:00,0.136,5.557
2022-10-13 13:00,0.156,5.798
2022-10-13 14:00,0.242,6.683
2022-10-13 15:00,0.371,7.747
2022-10-13 16:00,0.494,8.649
2022-10-13 17:00,0.568,9.216
2022-10-13 18:00,0.601,9.465
2022-10-13 19:00,0.612,9.557
2022-10-13 20:00,0.613,9.561
2022-10-13 21:00,0.638,9.761
2022-10-13 22:00,0.685,10.152
2022-10-13 23:00,0.710,10.390
2022-10-14 00:00,0.711,10.393
2022-10-14 01:00,0.734,10.614
2022-10-14 02:00,0.682,10.140
2022-10-14 03:00,0.633,9.728
2022-10-14 04:00,0.568,9.217
2022-10-14 05:00,0.500,8.701
2022-10-14 06:00,0.438,8.247
2022-10-14 07:00,0.369,7.730
2022-10-14 08:00,0.303,7.212
2022-10-14 09:00,0.246,6.722
2022-10-14 10:00,0.178,6.048
2022-10-14 11:00,0.128,5.456
2022-10-14 12:00,0.123,5.406
2022-10-14 13:00,0.166,5.927
2022-10-14 14:00,0.268,6.913
2022-10-14 15:00,0.348,7.566
2022-10-14 16:00,0.362,7.674
2022-10-14 17:00,0.352,7.594
2022-10-14 18:00,0.391,7.893
2022-10-14 19:00,0.458,8.395
2022-10-14 20:00,0.542,9.016
2022-10-14 21:00,0.647,9.834
2022-10-14 22:00,0.728,10.557
2022-10-14 23:00,0.739,10.672
2022-10-15 00:00,0.767,10.959
2022-10-15 01:00,0.867,12.268
2022-10-15 02:00,0.819,11.566
2022-10-15 03:00,0.741,10.688
2022-10-15 04:00,0.654,9.893
2022-10-15 05:00,0.558,9.135
2022-10-15 06:00,0.463,8.423
2022-10-15 07:00,0.374,7.770
2022-10-15 08:00,0.298,7.165
2022-10-15 09:00,0.212,6.398
2022-10-15 10:00,0.133,5.528
2022-10-15 11:00,0.112,5.256
2022-10-15 12:00,0.159,5.838
2022-10-15 13:00,0.276,6.979
2022-10-15 14:00,0.430,8.189
2022-10-15 15:00,0.504,8.731
2022-10-15 16:00,0.463,8.422
2022-10-15 17:00,0.442,8.274
2022-10-15 18:00,0.523,8.876
2022-10-15 19:00,0.610,9.542
2022-10-15 20:00,0.647,9.841
2022-10-15 21:00,0.605,9.490
2022-10-15 22:00,0.599,9.450
2022-10-15 23:00,0.599,9.440
2022-10-16 00:00,0.561,9.159
2022-10-16 01:00,0.649,9.858
2022-10-16 02:00,0.754,10.819
2022-10-16 03:00,0.722,10.498
2022-10-16 04:00,0.668,10.016
2022-10-16 05:00,0.586,9.349
2022-10-16 06:00,0.490,8.629
2022-10-16 07:00,0.410,8.034
2022-10-16 08:00,0.339,7.491
2022-10-16 09:00,0.264,6.877
2022-10-16 10:00,0.317,7.323
2022-10-16 11:00,0.407,8.012
2022-10-16 12:00,0.537,8.977
2022-10-16 13:00,0.667,10.006
2022-10-16 14:00,0.735,10.624
2022-10-16 15:00,0.778,11.071
2022-10-16 16:00,0.832,11.743
2022-10-16 17:00,0.849,11.986
2022-10-16 18:00,0.843,11.908
2022-10-16 19:00,0.853,12.059
2022-10-16 20:00,0.836,11.801
2022-10-16 21:00,0.806,11.399
2022-10-16 22:00,0.828,11.687
2022-10-16 23:00,0.824,11.641
2022-10-17 00:00,0.841,11.879
2022-10-17 01:00,0.880,12.491
2022-10-17 02:00,0.876,12.428
2022-10-17 03:00,0.891,12.709
2022-10-17 04:00,0.897,12.815
2022-10-17 05:00,0.892,12.730
2022-10-17 06:00,0.894,12.768
2022-10-17 07:00,0.903,12.944
2022-10-17 08:00,0.892,12.715
2022-10-17 09:00,0.878,12.460
2022-10-17 10:00,0.910,13.079
2022-10-17 11:00,0.941,13.914
2022-10-17 12:00,0.961,14.645
2022-10-17 13:00,0.973,15.266
2022-10-17 14:00,0.974,15.315
2022-10-17 15:00,0.961,14.659
2022-10-17 16:00,0.958,14.524
2022-10-17 17:00,0.972,15.184
2022-10-17 18:00,0.979,15.656
2022-10-17 19:00,0.984,16.138
2022-10-17 20:00,0.986,16.427
2022-10-17 21:00,0.987,16.644
2022-10-17 22:00,0.988,16.907
2022-10-17 23:00,0.989,17.139
2022-10-18 00:00,0.989,17.185
2022-10-18 01:00,0.989,17.388
2022-10-18 02:00,0.988,16.875
2022-10-18 03:00,0.986,16.374
2022-10-18 04:00,0.982,15.980
2022-10-18 05:00,0.975,15.412
2022-10-18 06:00,0.962,14.716
2022-10-18 07:00,0.949,14.185
2022-10-18 08:00,0.937,13.794
2022-10-18 09:00,0.933,13.675
2022-10-18 10:00,0.950,14.228
2022-10-18 11:00,0.969,15.037
2022-10-18 12:00,0.981,15.826
2022-10-18 13:00,0.986,16.378
2022-10-18 14:00,0.986,16.491
2022-10-18 15:00,0.984,16.185
2022-10-18 16:00,0.979,15.662
2022-10-18 17:00,0.972,15.234
2022-10-18 18:00,0.969,15.054
2022-10-18 19:00,0.966,14.876
2022-10-18 20:00,0.965,14.843
2022-10-18 21:00,0.965,14.816
2022-10-18 22:00,0.963,14.768
2022-10-18 23:00,0.960,14.635
2022-10-19 00:00,0.947,14.122
2022-10-19 01:00,0.941,13.920
2022-10-19 02:00,0.938,13.818
2022-10-19 03:00,0.926,13.500
2022-10-19 04:00,0.904,12.962
2022-10-19 05:00,0.885,12.589
2022-10-19 06:00,0.869,12.317
2022-10-19 07:00,0.840,11.863
2022-10-19 08:00,0.806,11.405
2022-10-19 09:00,0.795,11.268
2022-10-19 10:00,0.801,11.344
2022-10-19 11:00,0.827,11.684
2022-10-19 12:00,0.861,12.171
2022-10-19 13:00,0.880,12.493
2022-10-19 14:00,0.883,12.551
2022-10-19 15:00,0.876,12.431
2022-10-19 16:00,0.872,12.353
2022-10-19 17:00,0.882,12.529
2022-10-19 18:00,0.878,12.465
2022-10-19 19:00,0.880,12.497
2022-10-19 20:00,0.880,12.490
2022-10-19 21:00,0.872,12.349
2022-10-19 22:00,0.861,12.173
2022-10-19 23:00,0.831,11.734
2022-10-20 00:00,0.801,11.344
2022-10-20 01:00,0.835,11.785
2022-10-20 02:00,0.841,11.872
2022-10-20 03:00,0.805,11.390
2022-10-20 04:00,0.739,10.672
2022-10-20 05:00,0.675,10.071
2022-10-20 06:00,0.615,9.573
2022-10-20 07:00,0.561,9.161
2022-10-20 08:00,0.510,8.773
2022-10-20 09:00,0.480,8.553
2022-10-20 10:00,0.478,8.531
2022-10-20 11:00,0.459,8.399
2022-10-20 12:00,0.410,8.035
2022-10-20 13:00,0.333,7.441
2022-10-20 14:00,0.262,6.850
2022-10-20 15:00,0.218,6.457
2022-10-20 16:00,0.202,6.302
2022-10-20 17:00,0.205,6.327
2022-10-20 18:00,0.224,6.515
2022-10-20 19:00,0.257,6.820
2022-10-20 20:00,0.296,7.140
2022-10-20 21:00,0.338,7.488
2022-10-20 22:00,0.371,7.747
2022-10-20 23:00,0.377,7.781
2022-10-21 00:00,0.358,7.639
2022-10-21 01:00,0.383,7.840
2022-10-21 02:00,0.380,7.817
2022-10-21 03:00,0.309,7.256
2022-10-21 04:00,0.222,6.485
2022-10-21 05:00,0.159,5.844
2022-10-21 06:00,0.114,5.278
2022-10-21 07:00,0.078,4.734
2022-10-21 08:00,0.049,4.169
2022-10-21 09:00,0.033,3.764
2022-10-21 10:00,0.026,3.562
2022-10-21 11:00,0.018,3.292
2022-10-21 12:00,0.010,2.889
2022-10-21 13:00,0.003,2.276
2022-10-21 14:00,0,1.393
2022-10-21 15:00,0,0.530
2022-10-21 16:00,0,0.770
2022-10-21 17:00,0,1.441
2022-10-21 18:00,0.001,1.980
2022-10-21 19:00,0.004,2.392
2022-10-21 20:00,0.007,2.684
2022-10-21 21:00,0.011,2.953
2022-10-21 22:00,0.022,3.415
2022-10-21 23:00,0.043,4.044
2022-10-22 00:00,0.057,4.346
2022-10-22 01:00,0.088,4.906
2022-10-22 02:00,0.117,5.309
2022-10-22 03:00,0.123,5.404
2022-10-22 04:00,0.118,5.323
2022-10-22 05:00,0.109,5.208
2022-10-22 06:00,0.096,5.018
2022-10-22 07:00,0.081,4.781
2022-10-22 08:00,0.054,4.276
2022-10-22 09:00,0.021,3.370
2022-10-22 10:00,0.006,2.600
2022-10-22 11:00,0.006,2.622
2022-10-22 12:00,0.009,2.822
2022-10-22 13:00,0.006,2.633
2022-10-22 14:00,0.001,1.853
2022-10-22 15:00,0,0.841
2022-10-22 16:00,0,0.965
2022-10-22 17:00,0.002,2.063
2022-10-22 18:00,0.016,3.180
2022-10-22 19:00,0.047,4.126
2022-10-22 20:00,0.083,4.803
2022-10-22 21:00,0.116,5.294
2022-10-22 22:00,0.151,5.752
2022-10-22 23:00,0.183,6.104
2022-10-23 00:00,0.143,5.654
2022-10-23 01:00,0.103,5.120
2022-10-23 02:00,0.149,5.722
2022-10-23 03:00,0.217,6.449
2022-10-23 04:00,0.259,6.831
2022-10-23 05:00,0.255,6.799
2022-10-23 06:00,0.229,6.561
2022-10-23 07:00,0.185,6.132
2022-10-23 08:00,0.132,5.517
2022-10-23 09:00,0.098,5.040
2022-10-23 10:00,0.086,4.861
2022-10-23 11:00,0.087,4.876
2022-10-23 12:00,0.090,4.930
2022-10-23 13:00,0.090,4.930
2022-10-23 14:00,0.093,4.983
2022-10-23 15:00,0.098,5.046
2022-10-23 16:00,0.087,4.872
2022-10-23 17:00,0.089,4.922
2022-10-23 18:00,0.112,5.259
2022-10-23 19:00,0.151,5.747
2022-10-23 20:00,0.194,6.219
2022-10-23 21:00,0.252,6.763
2022-10-23 22:00,0.319,7.341
2022-10-23 23:00,0.364,7.692
2022-10-24 00:00,0.410,8.030
2022-10-24 01:00,0.534,8.959
2022-10-24 02:00,0.586,9.355
2022-10-24 03:00,0.564,9.180
2022-10-24 04:00,0.502,8.719
2022-10-24 05:00,0.438,8.246
2022-10-24 06:00,0.378,7.802
2022-10-24 07:00,0.333,7.449
2022-10-24 08:00,0.299,7.171
2022-10-24 09:00,0.289,7.091
2022-10-24 10:00,0.311,7.275
2022-10-24 11:00,0.342,7.521
2022-10-24 12:00,0.367,7.714
2022-10-24 13:00,0.383,7.830
2022-10-24 14:00,0.399,7.958
2022-10-24 15:00,0.398,7.952
2022-10-24 16:00,0.389,7.880
2022-10-24 17:00,0.397,7.943
2022-10-24 18:00,0.426,8.153
2022-10-24 19:00,0.444,8.288
2022-10-24 20:00,0.442,8.273
2022-10-24 21:00,0.472,8.490
2022-10-24 22:00,0.519,8.847
2022-10-24 23:00,0.542,9.019
2022-10-25 00:00,0.582,9.319
2022-10-25 01:00,0.638,9.764
2022-10-25 02:00,0.663,9.977
2022-10-25 03:00,0.642,9.801
2022-10-25 04:00,0.597,9.433
2022-10-25 05:00,0.563,9.167
2022-10-25 06:00,0.546,9.044
2022-10-25 07:00,0.542,9.020
2022-10-25 08:00,0.545,9.031
2022-10-25 09:00,0.542,9.014
2022-10-25 10:00,0.556,9.119
2022-10-25 11:00,0.554,9.105
2022-10-25 12:00,0.537,8.980
2022-10-25 13:00,0.511,8.788
2022-10-25 14:00,0.474,8.506
2022-10-25 15:00,0.423,8.139
2022-10-25 16:00,0.389,7.883
2022-10-25 17:00,0.367,7.718
2022-10-25 18:00,0.353,7.606
2022-10-25 19:00,0.347,7.558
2022-10-25 20:00,0.356,7.619
2022-10-25 21:00,0.378,7.801
2022-10-25 22:00,0.401,7.971
2022-10-25 23:00,0.388,7.869
2022-10-26 00:00,0.369,7.730
2022-10-26 01:00,0.377,7.785
2022-10-26 02:00,0.363,7.684
2022-10-26 03:00,0.323,7.368
2022-10-26 04:00,0.278,6.999
2022-10-26 05:00,0.245,6.703
2022-10-26 06:00,0.215,6.419
2022-10-26 07:00,0.192,6.189
2022-10-26 08:00,0.174,6.004
2022-10-26 09:00,0.171,5.972
2022-10-26 10:00,0.181,6.085
2022-10-26 11:00,0.172,5.974
2022-10-26 12:00,0.157,5.817
2022-10-26 13:00,0.144,5.661
2022-10-26 14:00,0.126,5.441
2022-10-26 15:00,0.115,5.286
2022-10-26 16:00,0.112,5.255
2022-10-26 17:00,0.116,5.306
2022-10-26 18:00,0.120,5.364
2022-10-26 19:00,0.123,5.398
2022-10-26 20:00,0.131,5.507
2022-10-26 21:00,0.162,5.874
2022-10-26 22:00,0.217,6.448
2022-10-26 23:00,0.266,6.887
2022-10-27 00:00,0.264,6.882
2022-10-27 01:00,0.280,7.012
2022-10-27 02:00,0.270,6.933
2022-10-27 03:00,0.217,6.448
2022-10-27 04:00,0.150,5.741
2022-10-27 05:00,0.106,5.172
2022-10-27 06:00,0.082,4.799
2022-10-27 07:00,0.068,4.549
2022-10-27 08:00,0.060,4.399
2022-10-27 09:00,0.061,4.412
2022-10-27 10:00,0.070,4.594
2022-10-27 11:00,0.061,4.432
2022-10-27 12:00,0.043,4.048
2022-10-27 13:00,0.024,3.475
2022-10-27 14:00,0.007,2.681
2022-10-27 15:00,0.002,2.105
2022-10-27 16:00,0.007,2.682
2022-10-27 17:00,0.046,4.102
2022-10-27 18:00,0.122,5.391
2022-10-27 19:00,0.209,6.368
2022-10-27 20:00,0.312,7.276
2022-10-27 21:00,0.445,8.294
2022-10-27 22:00,0.578,9.293
2022-10-27 23:00,0.651,9.875
2022-10-28 00:00,0.697,10.275
2022-10-28 01:00,0.666,10.002
2022-10-28 02:00,0.587,9.357
2022-10-28 03:00,0.499,8.693
2022-10-28 04:00,0.419,8.104
2022-10-28 05:00,0.339,7.498
2022-10-28 06:00,0.256,6.807
2022-10-28 07:00,0.187,6.151
2022-10-28 08:00,0.132,5.518
2022-10-28 09:00,0.085,4.845
2022-10-28 10:00,0.052,4.230
2022-10-28 11:00,0.026,3.554
2022-10-28 12:00,0.012,3.014
2022-10-28 13:00,0.008,2.780
2022-10-28 14:00,0.023,3.445
2022-10-28 15:00,0.117,5.314
2022-10-28 16:00,0.328,7.403
2022-10-28 17:00,0.494,8.652
2022-10-28 18:00,0.522,8.871
2022-10-28 19:00,0.579,9.296
2022-10-28 20:00,0.704,10.327
2022-10-28 21:00,0.747,10.740
2022-10-28 22:00,0.767,10.954
2022-10-28 23:00,0.763,10.907
2022-10-29 00:00,0.758,10.862
2022-10-29 01:00,0.717,10.452
2022-10-29 02:00,0.650,9.868
2022-10-29 03:00,0.590,9.385
2022-10-29 04:00,0.532,8.943
2022-10-29 05:00,0.465,8.437
2022-10-29 06:00,0.417,8.086
2022-10-29 07:00,0.379,7.808
2022-10-29 08:00,0.324,7.373
2022-10-29 09:00,0.275,6.971
2022-10-29 10:00,0.293,7.123
2022-10-29 11:00,0.358,7.637
2022-10-29 12:00,0.475,8.513
2022-10-29 13:00,0.626,9.665
2022-10-29 14:00,0.774,11.032
2022-10-29 15:00,0.821,11.597
2022-10-29 16:00,0.793,11.244
2022-10-29 17:00,0.834,11.761
2022-10-29 18:00,0.878,12.472
2022-10-29 19:00,0.898,12.841
2022-10-29 20:00,0.903,12.950
2022-10-29 21:00,0.894,12.772
2022-10-29 22:00,0.877,12.452
2022-10-29 23:00,0.861,12.176
2022-10-30 00:00,0.882,12.541
2022-10-30 01:00,0.893,12.745
2022-10-30 02:00,0.879,12.483
2022-10-30 03:00,0.841,11.868
2022-10-30 04:00,0.779,11.087
2022-10-30 05:00,0.732,10.595
2022-10-30 06:00,0.707,10.356
2022-10-30 07:00,0.660,9.942
2022-10-30 08:00,0.573,9.245
2022-10-30 09:00,0.481,8.563
2022-10-30 10:00,0.440,8.256
2022-10-30 11:00,0.494,8.658
2022-10-30 12:00,0.631,9.703
2022-10-30 13:00,0.745,10.728
2022-10-30 14:00,0.797,11.292
2022-10-30 15:00,0.836,11.806
2022-10-30 16:00,0.865,12.247
2022-10-30 17:00,0.917,13.265
2022-10-30 18:00,0.955,14.407
2022-10-30 19:00,0.974,15.361
2022-10-30 20:00,0.977,15.552
2022-10-30 21:00,0.974,15.367
2022-10-30 22:00,0.968,14.979
2022-10-30 23:00,0.960,14.597
2022-10-31 00:00,0.968,15.009
2022-10-31 01:00,0.977,15.532
2022-10-31 02:00,0.977,15.565
2022-10-31 03:00,0.975,15.375
2022-10-31 04:00,0.969,15.021
2022-10-31 05:00,0.960,14.624
2022-10-31 06:00,0.949,14.166
2022-10-31 07:00,0.932,13.642
2022-10-31 08:00,0.912,13.145
2022-10-31 09:00,0.899,12.871
2022-10-31 10:00,0.918,13.283
2022-10-31 11:00,0.944,14.011
2022-10-31 12:00,0.961,14.637
2022-10-31 13:00,0.965,14.812
2022-10-31 14:00,0.968,14.983
2022-10-31 15:00,0.971,15.170
2022-10-31 16:00,0.978,15.634
2022-10-31 17:00,0.983,16.060
2022-10-31 18:00,0.981,15.841
2022-10-31 19:00,0.970,15.098
2022-10-31 20:00,0.954,14.364
2022-10-31 21:00,0.962,14.686
2022-10-31 22:00,0.969,15.049
2022-10-31 23:00,0.970,15.112
2022-11-01 00:00,0.975,15.419
2022-11-01 01:00,0.980,15.779
2022-11-01 02:00,0.977,15.516
2022-11-01 03:00,0.969,15.028
2022-11-01 04:00,0.956,14.462
2022-11-01 05:00,0.937,13.806
2022-11-01 06:00,0.905,12.987
2022-11-01 07:00,0.853,12.052
2022-11-01 08:00,0.781,11.109
2022-11-01 09:00,0.693,10.230
2022-11-01 10:00,0.619,9.607
2022-11-01 11:00,0.625,9.653
2022-11-01 12:00,0.692,10.226
2022-11-01 13:00,0.751,10.787
2022-11-01 14:00,0.805,11.395
2022-11-01 15:00,0.864,12.233
2022-11-01 16:00,0.901,12.907
2022-11-01 17:00,0.902,12.925
2022-11-01 18:00,0.896,12.795
2022-11-01 19:00,0.890,12.674
2022-11-01 20:00,0.890,12.692
2022-11-01 21:00,0.871,12.334
2022-11-01 22:00,0.823,11.620
2022-11-01 23:00,0.771,10.996
2022-11-02 00:00,0.735,10.618
2022-11-02 01:00,0.707,10.349
2022-11-02 02:00,0.647,9.841
2022-11-02 03:00,0.624,9.644
2022-11-02 04:00,0.608,9.511
2022-11-02 05:00,0.558,9.138
2022-11-02 06:00,0.497,8.682
2022-11-02 07:00,0.452,8.346
2022-11-02 08:00,0.417,8.092
2022-11-02 09:00,0.412,8.048
2022-11-02 10:00,0.466,8.455
2022-11-02 11:00,0.556,9.120
2022-11-02 12:00,0.630,9.689
2022-11-02 13:00,0.669,10.027
2022-11-02 14:00,0.665,9.989
2022-11-02 15:00,0.637,9.760
2022-11-02 16:00,0.625,9.653
2022-11-02 17:00,0.616,9.578
2022-11-02 18:00,0.606,9.505
2022-11-02 19:00,0.600,9.454
2022-11-02 20:00,0.568,9.212
2022-11-02 21:00,0.554,9.110
2022-11-02 22:00,0.533,8.951
2022-11-02 23:00,0.486,8.601
2022-11-03 00:00,0.464,8.435
2022-11-03 01:00,0.446,8.304
2022-11-03 02:00,0.357,7.636
2022-11-03 03:00,0.234,6.610
2022-11-03 04:00,0.144,5.665
2022-11-03 05:00,0.092,4.967
2022-11-03 06:00,0.060,4.396
2022-11-03 07:00,0.038,3.896
2022-11-03 08:00,0.024,3.475
2022-11-03 09:00,0.016,3.194
2022-11-03 10:00,0.018,3.266
2022-11-03 11:00,0.033,3.775
2022-11-03 12:00,0.055,4.295
2022-11-03 13:00,0.071,4.614
2022-11-03 14:00,0.079,4.755
2022-11-03 15:00,0.091,4.941
2022-11-03 16:00,0.107,5.180
2022-11-03 17:00,0.118,5.332
2022-11-03 18:00,0.128,5.454
2022-11-03 19:00,0.146,5.685
2022-11-03 20:00,0.172,5.989
2022-11-03 21:00,0.179,6.066
2022-11-03 22:00,0.184,6.113
2022-11-03 23:00,0.222,6.500
2022-11-04 00:00,0.331,7.433
2022-11-04 01:00,0.430,8.188
2022-11-04 02:00,0.478,8.542
2022-11-04 03:00,0.489,8.626
2022-11-04 04:00,0.464,8.435
2022-11-04 05:00,0.431,8.195
2022-11-04 06:00,0.416,8.076
2022-11-04 07:00,0.413,8.061
2022-11-04 08:00,0.429,8.181
2022-11-04 09:00,0.460,8.409
2022-11-04 10:00,0.506,8.751
2022-11-04 11:00,0.564,9.172
2022-11-04 12:00,0.613,9.562
2022-11-04 13:00,0.653,9.890
2022-11-04 14:00,0.693,10.235
2022-11-04 15:00,0.714,10.421
2022-11-04 16:00,0.685,10.155
2022-11-04 17:00,0.688,10.185
2022-11-04 18:00,0.741,10.685
2022-11-04 19:00,0.735,10.633
2022-11-04 20:00,0.739,10.665
2022-11-04 21:00,0.776,11.051
2022-11-04 22:00,0.823,11.623
2022-11-04 23:00,0.846,11.949
2022-11-05 00:00,0.836,11.802
2022-11-05 01:00,0.810,11.461
2022-11-05 02:00,0.773,11.008
2022-11-05 03:00,0.707,10.356
2022-11-05 04:00,0.630,9.688
2022-11-05 05:00,0.542,9.009
2022-11-05 06:00,0.453,8.353
2022-11-05 07:00,0.383,7.832
2022-11-05 08:00,0.342,7.521
2022-11-05 09:00,0.347,7.558
2022-11-05 10:00,0.389,7.884
2022-11-05 11:00,0.453,8.357
2022-11-05 12:00,0.526,8.896
2022-11-05 13:00,0.570,9.227
2022-11-05 14:00,0.587,9.362
2022-11-05 15:00,0.602,9.476
2022-11-05 16:00,0.610,9.536
2022-11-05 17:00,0.592,9.393
2022-11-05 18:00,0.568,9.215
2022-11-05 19:00,0.554,9.108
2022-11-05 20:00,0.548,9.056
2022-11-05 21:00,0.530,8.930
2022-11-05 22:00,0.506,8.745
2022-11-05 23:00,0.460,8.405
2022-11-06 00:00,0.397,7.945
2022-11-06 01:00,0.360,7.655
2022-11-06 02:00,0.328,7.404
2022-11-06 03:00,0.304,7.220
2022-11-06 04:00,0.287,7.071
2022-11-06 05:00,0.273,6.952
2022-11-06 06:00,0.272,6.938
2022-11-06 07:00,0.289,7.081
2022-11-06 08:00,0.313,7.295
2022-11-06 09:00,0.305,7.230
2022-11-06 10:00,0.289,7.091
2022-11-06 11:00,0.271,6.937
2022-11-06 12:00,0.246,6.715
2022-11-06 13:00,0.204,6.323
2022-11-06 14:00,0.164,5.895
2022-11-06 15:00,0.151,5.752
2022-11-06 16:00,0.158,5.832
2022-11-06 17:00,0.181,6.078
2022-11-06 18:00,0.214,6.415
2022-11-06 19:00,0.260,6.838
2022-11-06 20:00,0.313,7.281
2022-11-06 21:00,0.365,7.698
2022-11-06 22:00,0.419,8.110
2022-11-06 23:00,0.441,8.266
2022-11-07 00:00,0.413,8.057
2022-11-07 01:00,0.380,7.816
2022-11-07 02:00,0.346,7.551
2022-11-07 03:00,0.314,7.298
2022-11-07 04:00,0.278,6.999
2022-11-07 05:00,0.246,6.709
2022-11-07 06:00,0.216,6.434
2022-11-07 07:00,0.200,6.281
2022-11-07 08:00,0.203,6.313
2022-11-07 09:00,0.214,6.414
2022-11-07 10:00,0.245,6.704
2022-11-07 11:00,0.271,6.936
2022-11-07 12:00,0.310,7.259
2022-11-07 13:00,0.334,7.457
2022-11-07 14:00,0.330,7.424
2022-11-07 15:00,0.321,7.355
2022-11-07 16:00,0.314,7.302
2022-11-07 17:00,0.307,7.235
2022-11-07 18:00,0.312,7.276
2022-11-07 19:00,0.319,7.337
2022-11-07 20:00,0.331,7.435
2022-11-07 21:00,0.351,7.589
2022-11-07 22:00,0.379,7.807
2022-11-07 23:00,0.386,7.850
2022-11-08 00:00,0.365,7.703
2022-11-08 01:00,0.379,7.811
2022-11-08 02:00,0.395,7.918
2022-11-08 03:00,0.362,7.681
2022-11-08 04:00,0.304,7.220
2022-11-08 05:00,0.257,6.816
2022-11-08 06:00,0.229,6.564
2022-11-08 07:00,0.215,6.425
2022-11-08 08:00,0.215,6.419
2022-11-08 09:00,0.225,6.526
2022-11-08 10:00,0.252,6.762
2022-11-08 11:00,0.278,7.001
2022-11-08 12:00,0.298,7.163
2022-11-08 13:00,0.303,7.210
2022-11-08 14:00,0.302,7.193
2022-11-08 15:00,0.272,6.941
2022-11-08 16:00,0.236,6.623
2022-11-08 17:00,0.215,6.432
2022-11-08 18:00,0.208,6.357
2022-11-08 19:00,0.218,6.456
2022-11-08 20:00,0.246,6.719
2022-11-08 21:00,0.281,7.026
2022-11-08 22:00,0.313,7.291
2022-11-08 23:00,0.304,7.217
2022-11-09 00:00,0.266,6.900
2022-11-09 01:00,0.252,6.761
2022-11-09 02:00,0.222,6.491
2022-11-09 03:00,0.175,6.012
2022-11-09 04:00,0.125,5.435
2022-11-09 05:00,0.091,4.947
2022-11-09 06:00,0.071,4.610
2022-11-09 07:00,0.061,4.407
2022-11-09 08:00,0.050,4.195
2022-11-09 09:00,0.041,3.968
2022-11-09 10:00,0.030,3.692
2022-11-09 11:00,0.020,3.367
2022-11-09 12:00,0.013,3.073
2022-11-09 13:00,0.009,2.848
2022-11-09 14:00,0.007,2.677
2022-11-09 15:00,0.007,2.688
2022-11-09 16:00,0.009,2.807
2022-11-09 17:00,0.013,3.039
2022-11-09 18:00,0.024,3.480
2022-11-09 19:00,0.042,4.012
2022-11-09 20:00,0.064,4.492
2022-11-09 21:00,0.083,4.811
2022-11-09 22:00,0.097,5.026
2022-11-09 23:00,0.105,5.152
2022-11-10 00:00,0.098,5.044
2022-11-10 01:00,0.130,5.487
2022-11-10 02:00,0.144,5.665
2022-11-10 03:00,0.125,5.433
2022-11-10 04:00,0.092,4.960
2022-11-10 05:00,0.064,4.487
2022-11-10 06:00,0.046,4.097
2022-11-10 07:00,0.036,3.851
2022-11-10 08:00,0.032,3.761
2022-11-10 09:00,0.035,3.838
2022-11-10 10:00,0.040,3.952
2022-11-10 11:00,0.040,3.947
2022-11-10 12:00,0.037,3.889
2022-11-10 13:00,0.031,3.704
2022-11-10 14:00,0.021,3.381
2022-11-10 15:00,0.012,2.973
2022-11-10 16:00,0.005,2.461
2022-11-10 17:00,0.001,1.813
2022-11-10 18:00,0,1.258
2022-11-10 19:00,0,1.320
2022-11-10 20:00,0.001,1.983
2022-11-10 21:00,0.010,2.871
2022-11-10 22:00,0.032,3.741
2022-11-10 23:00,0.059,4.370
2022-11-11 00:00,0.078,4.728
2022-11-11 01:00,0.129,5.481
2022-11-11 02:00,0.177,6.041
2022-11-11 03:00,0.177,6.034
2022-11-11 04:00,0.145,5.675
2022-11-11 05:00,0.111,5.241
2022-11-11 06:00,0.087,4.878
2022-11-11 07:00,0.074,4.664
2022-11-11 08:00,0.064,4.486
2022-11-11 09:00,0.056,4.331
2022-11-11 10:00,0.052,4.233
2022-11-11 11:00,0.040,3.946
2022-11-11 12:00,0.026,3.552
2022-11-11 13:00,0.012,3.017
2022-11-11 14:00,0.003,2.342
2022-11-11 15:00,0.001,1.824
2022-11-11 16:00,0,1.487
2022-11-11 17:00,0,1.181
2022-11-11 18:00,0,1.096
2022-11-11 19:00,0,1.317
2022-11-11 20:00,0.001,1.753
2022-11-11 21:00,0.003,2.251
2022-11-11 22:00,0.010,2.863
2022-11-11 23:00,0.027,3.598
2022-11-12 00:00,0.043,4.036
2022-11-12 01:00,0.067,4.534
2022-11-12 02:00,0.090,4.937
2022-11-12 03:00,0.099,5.058
2022-11-12 04:00,0.092,4.963
2022-11-12 05:00,0.079,4.745
2022-11-12 06:00,0.065,4.506
2022-11-12 07:00,0.060,4.403
2022-11-12 08:00,0.063,4.472
2022-11-12 09:00,0.079,4.749
2022-11-12 10:00,0.100,5.074
2022-11-12 11:00,0.098,5.045
2022-11-12 12:00,0.074,4.652
2022-11-12 13:00,0.046,4.112
2022-11-12 14:00,0.025,3.550
2022-11-12 15:00,0.014,3.076
2022-11-12 16:00,0.008,2.743
2022-11-12 17:00,0.007,2.645
2022-11-12 18:00,0.010,2.875
2022-11-12 19:00,0.019,3.297
2022-11-12 20:00,0.034,3.806
2022-11-12 21:00,0.055,4.312
2022-11-12 22:00,0.082,4.799
2022-11-12 23:00,0.102,5.115
2022-11-13 00:00,0.101,5.094
2022-11-13 01:00,0.128,5.461
2022-11-13 02:00,0.160,5.852
2022-11-13 03:00,0.180,6.073
2022-11-13 04:00,0.186,6.135
2022-11-13 05:00,0.186,6.137
2022-11-13 06:00,0.183,6.109
2022-11-13 07:00,0.180,6.071
2022-11-13 08:00,0.170,5.960
2022-11-13 09:00,0.141,5.626
2022-11-13 10:00,0.123,5.403
2022-11-13 11:00,0.100,5.084
2022-11-13 12:00,0.078,4.738
2022-11-13 13:00,0.057,4.340
2022-11-13 14:00,0.041,3.998
2022-11-13 15:00,0.037,3.889
2022-11-13 16:00,0.044,4.066
2022-11-13 17:00,0.062,4.437
2022-11-13 18:00,0.089,4.916
2022-11-13 19:00,0.131,5.501
2022-11-13 20:00,0.172,5.993
2022-11-13 21:00,0.201,6.291
2022-11-13 22:00,0.229,6.559
2022-11-13 23:00,0.252,6.766
2022-11-14 00:00,0.280,7.011
2022-11-14 01:00,0.398,7.953
2022-11-14 02:00,0.478,8.531
2022-11-14 03:00,0.505,8.735
2022-11-14 04:00,0.499,8.688
2022-11-14 05:00,0.457,8.390
2022-11-14 06:00,0.402,7.980
2022-11-14 07:00,0.355,7.616
2022-11-14 08:00,0.313,7.280
2022-11-14 09:00,0.262,6.853
2022-11-14 10:00,0.225,6.520
2022-11-14 11:00,0.199,6.265
2022-11-14 12:00,0.172,5.976
2022-11-14 13:00,0.144,5.661
2022-11-14 14:00,0.118,5.340
2022-11-14 15:00,0.107,5.177
2022-11-14 16:00,0.098,5.044
2022-11-14 17:00,0.088,4.906
2022-11-14 18:00,0.082,4.789
2022-11-14 19:00,0.088,4.906
2022-11-14 20:00,0.104,5.141
2022-11-14 21:00,0.154,5.776
2022-11-14 22:00,0.238,6.649
2022-11-14 23:00,0.300,7.182
2022-11-15 00:00,0.304,7.215
2022-11-15 01:00,0.293,7.127
2022-11-15 02:00,0.268,6.913
2022-11-15 03:00,0.225,6.523
2022-11-15 04:00,0.179,6.063
2022-11-15 05:00,0.149,5.725
2022-11-15 06:00,0.134,5.538
2022-11-15 07:00,0.129,5.481
2022-11-15 08:00,0.128,5.460
2022-11-15 09:00,0.123,5.405
2022-11-15 10:00,0.116,5.305
2022-11-15 11:00,0.102,5.107
2022-11-15 12:00,0.088,4.898
2022-11-15 13:00,0.073,4.648
2022-11-15 14:00,0.062,4.450
2022-11-15 15:00,0.048,4.148
2022-11-15 16:00,0.038,3.903
2022-11-15 17:00,0.037,3.890
2022-11-15 18:00,0.049,4.179
2022-11-15 19:00,0.082,4.791
2022-11-15 20:00,0.132,5.515
2022-11-15 21:00,0.200,6.278
2022-11-15 22:00,0.273,6.956
2022-11-15 23:00,0.316,7.313
2022-11-16 00:00,0.306,7.234
2022-11-16 01:00,0.284,7.049
2022-11-16 02:00,0.264,6.872
2022-11-16 03:00,0.224,6.520
2022-11-16 04:00,0.196,6.231
2022-11-16 05:00,0.176,6.027
2022-11-16 06:00,0.169,5.947
2022-11-16 07:00,0.177,6.036
2022-11-16 08:00,0.192,6.188
2022-11-16 09:00,0.211,6.391
2022-11-16 10:00,0.239,6.653
2022-11-16 11:00,0.262,6.856
2022-11-16 12:00,0.274,6.967
2022-11-16 13:00,0.272,6.947
2022-11-16 14:00,0.244,6.690
2022-11-16 15:00,0.222,6.496
2022-11-16 16:00,0.200,6.284
2022-11-16 17:00,0.181,6.081
2022-11-16 18:00,0.165,5.907
2022-11-16 19:00,0.163,5.888
2022-11-16 20:00,0.179,6.053
2022-11-16 21:00,0.197,6.244
2022-11-16 22:00,0.218,6.452
2022-11-16 23:00,0.225,6.524
2022-11-17 00:00,0.215,6.418
2022-11-17 01:00,0.234,6.606
2022-11-17 02:00,0.226,6.536
2022-11-17 03:00,0.201,6.292
2022-11-17 04:00,0.176,6.025
2022-11-17 05:00,0.155,5.784
2022-11-17 06:00,0.141,5.631
2022-11-17 07:00,0.133,5.528
2022-11-17 08:00,0.133,5.528
2022-11-17 09:00,0.144,5.664
2022-11-17 10:00,0.166,5.921
2022-11-17 11:00,0.184,6.117
2022-11-17 12:00,0.198,6.254
2022-11-17 13:00,0.197,6.240
2022-11-17 14:00,0.176,6.027
2022-11-17 15:00,0.151,5.748
2022-11-17 16:00,0.119,5.349
2022-11-17 17:00,0.096,5.017
2022-11-17 18:00,0.084,4.831
2022-11-17 19:00,0.086,4.864
2022-11-17 20:00,0.113,5.262
2022-11-17 21:00,0.145,5.674
2022-11-17 22:00,0.177,6.031
2022-11-17 23:00,0.196,6.229
2022-11-18 00:00,0.182,6.088
2022-11-18 01:00,0.203,6.314
2022-11-18 02:00,0.170,5.953
2022-11-18 03:00,0.131,5.503
2022-11-18 04:00,0.103,5.123
2022-11-18 05:00,0.083,4.813
2022-11-18 06:00,0.076,4.697
2022-11-18 07:00,0.085,4.858
2022-11-18 08:00,0.111,5.239
2022-11-18 09:00,0.159,5.839
2022-11-18 10:00,0.219,6.457
2022-11-18 11:00,0.236,6.619
2022-11-18 12:00,0.220,6.473
2022-11-18 13:00,0.187,6.145
2022-11-18 14:00,0.155,5.783
2022-11-18 15:00,0.124,5.417
2022-11-18 16:00,0.099,5.057
2022-11-18 17:00,0.083,4.813
2022-11-18 18:00,0.078,4.735
2022-11-18 19:00,0.095,5.000
2022-11-18 20:00,0.148,5.718
2022-11-18 21:00,0.198,6.257
2022-11-18 22:00,0.240,6.661
2022-11-18 23:00,0.267,6.907
2022-11-19 00:00,0.251,6.752
2022-11-19 01:00,0.272,6.942
2022-11-19 02:00,0.280,7.011
2022-11-19 03:00,0.264,6.876
2022-11-19 04:00,0.230,6.569
2022-11-19 05:00,0.192,6.198
2022-11-19 06:00,0.166,5.920
2022-11-19 07:00,0.148,5.709
2022-11-19 08:00,0.130,5.497
2022-11-19 09:00,0.118,5.327
2022-11-19 10:00,0.118,5.331
2022-11-19 11:00,0.105,5.153
2022-11-19 12:00,0.078,4.743
2022-11-19 13:00,0.052,4.251
2022-11-19 14:00,0.042,4.002
2022-11-19 15:00,0.038,3.917
2022-11-19 16:00,0.048,4.145
2022-11-19 17:00,0.079,4.758
2022-11-19 18:00,0.139,5.602
2022-11-19 19:00,0.225,6.522
2022-11-19 20:00,0.336,7.477
2022-11-19 21:00,0.454,8.367
2022-11-19 22:00,0.581,9.310
2022-11-19 23:00,0.663,9.972
2022-11-20 00:00,0.663,9.962
2022-11-20 01:00,0.644,9.812
2022-11-20 02:00,0.580,9.303
2022-11-20 03:00,0.501,8.705
2022-11-20 04:00,0.422,8.129
2022-11-20 05:00,0.351,7.590
2022-11-20 06:00,0.297,7.160
2022-11-20 07:00,0.262,6.856
2022-11-20 08:00,0.232,6.590
2022-11-20 09:00,0.199,6.275
2022-11-20 10:00,0.179,6.060
2022-11-20 11:00,0.165,5.911
2022-11-20 12:00,0.185,6.130
2022-11-20 13:00,0.210,6.374
2022-11-20 14:00,0.222,6.486
2022-11-20 15:00,0.219,6.460
2022-11-20 16:00,0.211,6.393
2022-11-20 17:00,0.232,6.582
2022-11-20 18:00,0.293,7.123
2022-11-20 19:00,0.371,7.744
2022-11-20 20:00,0.446,8.302
2022-11-20 21:00,0.514,8.802
2022-11-20 22:00,0.559,9.142
2022-11-20 23:00,0.566,9.201
2022-11-21 00:00,0.580,9.305
2022-11-21 01:00,0.669,10.021
2022-11-21 02:00,0.696,10.258
2022-11-21 03:00,0.671,10.045
2022-11-21 04:00,0.636,9.746
2022-11-21 05:00,0.611,9.551
2022-11-21 06:00,0.610,9.536
2022-11-21 07:00,0.632,9.709
2022-11-21 08:00,0.648,9.845
2022-11-21 09:00,0.648,9.847
2022-11-21 10:00,0.660,9.941
2022-11-21 11:00,0.633,9.717
2022-11-21 12:00,0.566,9.202
2022-11-21 13:00,0.653,9.887
2022-11-21 14:00,0.561,9.150
2022-11-21 15:00,0.429,8.186
2022-11-21 16:00,0.444,8.283
2022-11-21 17:00,0.435,8.224
2022-11-21 18:00,0.411,8.045
2022-11-21 19:00,0.389,7.885
2022-11-21 20:00,0.388,7.870
2022-11-21 21:00,0.484,8.581
2022-11-21 22:00,0.538,8.985
2022-11-21 23:00,0.547,9.048
2022-11-22 00:00,0.538,8.984
2022-11-22 01:00,0.581,9.311
2022-11-22 02:00,0.617,9.594
2022-11-22 03:00,0.548,9.051
2022-11-22 04:00,0.442,8.273
2022-11-22 05:00,0.340,7.502
2022-11-22 06:00,0.259,6.828
2022-11-22 07:00,0.204,6.318
2022-11-22 08:00,0.164,5.900
2022-11-22 09:00,0.134,5.535
2022-11-22 10:00,0.142,5.643
2022-11-22 11:00,0.169,5.946
2022-11-22 12:00,0.189,6.162
2022-11-22 13:00,0.192,6.195
2022-11-22 14:00,0.181,6.083
2022-11-22 15:00,0.167,5.933
2022-11-22 16:00,0.157,5.817
2022-11-22 17:00,0.155,5.789
2022-11-22 18:00,0.161,5.869
2022-11-22 19:00,0.195,6.223
2022-11-22 20:00,0.246,6.708
2022-11-22 21:00,0.299,7.174
2022-11-22 22:00,0.339,7.493
2022-11-22 23:00,0.377,7.788
2022-11-23 00:00,0.372,7.750
2022-11-23 01:00,0.327,7.395
2022-11-23 02:00,0.314,7.296
2022-11-23 03:00,0.342,7.523
2022-11-23 04:00,0.375,7.775
2022-11-23 05:00,0.374,7.760
2022-11-23 06:00,0.343,7.526
2022-11-23 07:00,0.331,7.435
2022-11-23 08:00,0.309,7.255
2022-11-23 09:00,0.319,7.333
2022-11-23 10:00,0.383,7.828
2022-11-23 11:00,0.429,8.174
2022-11-23 12:00,0.448,8.317
2022-11-23 13:00,0.460,8.406
2022-11-23 14:00,0.446,8.301
2022-11-23 15:00,0.376,7.780
2022-11-23 16:00,0.308,7.247
2022-11-23 17:00,0.268,6.914
2022-11-23 18:00,0.252,6.772
2022-11-23 19:00,0.239,6.655
2022-11-23 20:00,0.252,6.769
2022-11-23 21:00,0.267,6.904
2022-11-23 22:00,0.297,7.148
2022-11-23 23:00,0.319,7.336
2022-11-24 00:00,0.319,7.338
2022-11-24 01:00,0.324,7.377
2022-11-24 02:00,0.330,7.429
2022-11-24 03:00,0.300,7.182
2022-11-24 04:00,0.252,6.773
2022-11-24 05:00,0.219,6.466
2022-11-24 06:00,0.197,6.252
2022-11-24 07:00,0.185,6.124
2022-11-24 08:00,0.185,6.129
2022-11-24 09:00,0.202,6.304
2022-11-24 10:00,0.244,6.698
2022-11-24 11:00,0.293,7.122
2022-11-24 12:00,0.338,7.485
2022-11-24 13:00,0.366,7.705
2022-11-24 14:00,0.363,7.686
2022-11-24 15:00,0.347,7.562
2022-11-24 16:00,0.314,7.299
2022-11-24 17:00,0.296,7.139
2022-11-24 18:00,0.283,7.041
2022-11-24 19:00,0.275,6.974
2022-11-24 20:00,0.244,6.700
2022-11-24 21:00,0.226,6.539
2022-11-24 22:00,0.222,6.484
2022-11-24 23:00,0.224,6.518
2022-11-25 00:00,0.223,6.503
2022-11-25 01:00,0.212,6.397
2022-11-25 02:00,0.200,6.286
2022-11-25 03:00,0.152,5.758
2022-11-25 04:00,0.111,5.245
2022-11-25 05:00,0.082,4.799
2022-11-25 06:00,0.060,4.396
2022-11-25 07:00,0.049,4.179
2022-11-25 08:00,0.046,4.101
2022-11-25 09:00,0.047,4.122
2022-11-25 10:00,0.053,4.264
2022-11-25 11:00,0.064,4.488
2022-11-25 12:00,0.077,4.713
2022-11-25 13:00,0.090,4.926
2022-11-25 14:00,0.111,5.235
2022-11-25 15:00,0.141,5.632
2022-11-25 16:00,0.165,5.906
2022-11-25 17:00,0.172,5.979
2022-11-25 18:00,0.175,6.012
2022-11-25 19:00,0.184,6.113
2022-11-25 20:00,0.199,6.263
2022-11-25 21:00,0.180,6.071
2022-11-25 22:00,0.145,5.674
2022-11-25 23:00,0.112,5.252
2022-11-26 00:00,0.076,4.697
2022-11-26 01:00,0.065,4.503
2022-11-26 02:00,0.046,4.096
2022-11-26 03:00,0.028,3.620
2022-11-26 04:00,0.017,3.242
2022-11-26 05:00,0.016,3.181
2022-11-26 06:00,0.025,3.534
2022-11-26 07:00,0.048,4.148
2022-11-26 08:00,0.078,4.735
2022-11-26 09:00,0.104,5.144
2022-11-26 10:00,0.128,5.466
2022-11-26 11:00,0.148,5.700
2022-11-26 12:00,0.157,5.820
2022-11-26 13:00,0.161,5.863
2022-11-26 14:00,0.163,5.885
2022-11-26 15:00,0.197,6.241
2022-11-26 16:00,0.263,6.865
2022-11-26 17:00,0.298,7.166
2022-11-26 18:00,0.315,7.310
2022-11-26 19:00,0.305,7.228
2022-11-26 20:00,0.291,7.105
2022-11-26 21:00,0.257,6.817
2022-11-26 22:00,0.250,6.746
2022-11-26 23:00,0.222,6.498
2022-11-27 00:00,0.176,6.026
2022-11-27 01:00,0.211,6.386
2022-11-27 02:00,0.225,6.526
2022-11-27 03:00,0.236,6.623
2022-11-27 04:00,0.250,6.743
2022-11-27 05:00,0.256,6.805
2022-11-27 06:00,0.261,6.849
2022-11-27 07:00,0.256,6.807
2022-11-27 08:00,0.244,6.702
2022-11-27 09:00,0.219,6.470
2022-11-27 10:00,0.243,6.685
2022-11-27 11:00,0.276,6.982
2022-11-27 12:00,0.280,7.019
2022-11-27 13:00,0.253,6.778
2022-11-27 14:00,0.224,6.518
2022-11-27 15:00,0.225,6.521
2022-11-27 16:00,0.232,6.582
2022-11-27 17:00,0.232,6.584
2022-11-27 18:00,0.226,6.536
2022-11-27 19:00,0.219,6.469
2022-11-27 20:00,0.215,6.430
2022-11-27 21:00,0.225,6.527
2022-11-27 22:00,0.232,6.582
2022-11-27 23:00,0.219,6.466
2022-11-28 00:00,0.212,6.401
2022-11-28 01:00,0.271,6.936
2022-11-28 02:00,0.310,7.257
2022-11-28 03:00,0.332,7.435
2022-11-28 04:00,0.351,7.592
2022-11-28 05:00,0.364,7.696
2022-11-28 06:00,0.361,7.661
2022-11-28 07:00,0.332,7.436
2022-11-28 08:00,0.280,7.012
2022-11-28 09:00,0.193,6.203
2022-11-28 10:00,0.134,5.533
2022-11-28 11:00,0.111,5.245
2022-11-28 12:00,0.111,5.241
2022-11-28 13:00,0.120,5.358
2022-11-28 14:00,0.126,5.437
2022-11-28 15:00,0.128,5.470
2022-11-28 16:00,0.123,5.397
2022-11-28 17:00,0.099,5.064
2022-11-28 18:00,0.065,4.500
2022-11-28 19:00,0.039,3.942
2022-11-28 20:00,0.024,3.488
2022-11-28 21:00,0.019,3.314
2022-11-28 22:00,0.018,3.292
2022-11-28 23:00,0.024,3.474
2022-11-29 00:00,0.029,3.651
2022-11-29 01:00,0.040,3.957
2022-11-29 02:00,0.048,4.161
2022-11-29 03:00,0.053,4.252
2022-11-29 04:00,0.060,4.387
2022-11-29 05:00,0.068,4.555
2022-11-29 06:00,0.072,4.625
2022-11-29 07:00,0.067,4.537
2022-11-29 08:00,0.057,4.341
2022-11-29 09:00,0.045,4.074
2022-11-29 10:00,0.030,3.686
2022-11-29 11:00,0.014,3.106
2022-11-29 12:00,0.007,2.706
2022-11-29 13:00,0.008,2.720
2022-11-29 14:00,0.009,2.800
2022-11-29 15:00,0.008,2.777
2022-11-29 16:00,0.005,2.516
2022-11-29 17:00,0.002,2.065
2022-11-29 18:00,0.009,2.790
2022-11-29 19:00,0.093,4.982
2022-11-29 20:00,0.397,7.947
2022-11-29 21:00,0.744,10.721
2022-11-29 22:00,0.847,11.955
2022-11-29 23:00,0.867,12.284
2022-11-30 00:00,0.869,12.313
2022-11-30 01:00,0.881,12.522
2022-11-30 02:00,0.877,12.448
2022-11-30 03:00,0.850,11.998
2022-11-30 04:00,0.817,11.542
2022-11-30 05:00,0.790,11.216
2022-11-30 06:00,0.778,11.073
2022-11-30 07:00,0.774,11.029
2022-11-30 08:00,0.776,11.054
2022-11-30 09:00,0.798,11.306
2022-11-30 10:00,0.839,11.845
2022-11-30 11:00,0.878,12.457
2022-11-30 12:00,0.898,12.844
2022-11-30 13:00,0.909,13.075
2022-11-30 14:00,0.919,13.321
2022-11-30 15:00,0.928,13.535
2022-11-30 16:00,0.932,13.649
2022-11-30 17:00,0.935,13.730
2022-11-30 18:00,0.937,13.782
2022-11-30 19:00,0.939,13.835
2022-11-30 20:00,0.943,13.969
2022-11-30 21:00,0.947,14.104
2022-11-30 22:00,0.947,14.120
2022-11-30 23:00,0.945,14.034
2022-12-01 00:00,0.937,13.801
2022-12-01 01:00,0.914,13.190
2022-12-01 02:00,0.870,12.324
2022-12-01 03:00,0.813,11.485
2022-12-01 04:00,0.747,10.740
2022-12-01 05:00,0.697,10.266
2022-12-01 06:00,0.677,10.086
2022-12-01 07:00,0.670,10.031
2022-12-01 08:00,0.685,10.152
2022-12-01 09:00,0.729,10.565
2022-12-01 10:00,0.790,11.211
2022-12-01 11:00,0.841,11.871
2022-12-01 12:00,0.872,12.357
2022-12-01 13:00,0.888,12.647
2022-12-01 14:00,0.900,12.888
2022-12-01 15:00,0.911,13.120
2022-12-01 16:00,0.919,13.308
2022-12-01 17:00,0.923,13.417
2022-12-01 18:00,0.919,13.301
2022-12-01 19:00,0.910,13.106
2022-12-01 20:00,0.904,12.970
2022-12-01 21:00,0.894,12.763
2022-12-01 22:00,0.881,12.526
2022-12-01 23:00,0.865,12.243
2022-12-02 00:00,0.845,11.926
2022-12-02 01:00,0.806,11.411
2022-12-02 02:00,0.748,10.754
2022-12-02 03:00,0.662,9.957
2022-12-02 04:00,0.556,9.125
2022-12-02 05:00,0.448,8.317
2022-12-02 06:00,0.374,7.770
2022-12-02 07:00,0.336,7.479
2022-12-02 08:00,0.329,7.415
2022-12-02 09:00,0.355,7.618
2022-12-02 10:00,0.419,8.098
2022-12-02 11:00,0.482,8.568
2022-12-02 12:00,0.524,8.879
2022-12-02 13:00,0.518,8.838
2022-12-02 14:00,0.491,8.640
2022-12-02 15:00,0.486,8.604
2022-12-02 16:00,0.499,8.689
2022-12-02 17:00,0.510,8.775
2022-12-02 18:00,0.531,8.938
2022-12-02 19:00,0.564,9.174
2022-12-02 20:00,0.589,9.378
2022-12-02 21:00,0.580,9.303
2022-12-02 22:00,0.553,9.099
2022-12-02 23:00,0.514,8.807
2022-12-03 00:00,0.465,8.446
2022-12-03 01:00,0.422,8.132
2022-12-03 02:00,0.354,7.613
2022-12-03 03:00,0.284,7.050
2022-12-03 04:00,0.232,6.579
2022-12-03 05:00,0.195,6.224
2022-12-03 06:00,0.170,5.951
2022-12-03 07:00,0.157,5.824
2022-12-03 08:00,0.160,5.855
2022-12-03 09:00,0.183,6.100
2022-12-03 10:00,0.224,6.512
2022-12-03 11:00,0.274,6.958
2022-12-03 12:00,0.314,7.300
2022-12-03 13:00,0.348,7.570
2022-12-03 14:00,0.380,7.815
2022-12-03 15:00,0.402,7.979
2022-12-03 16:00,0.429,8.175
2022-12-03 17:00,0.463,8.423
2022-12-03 18:00,0.506,8.744
2022-12-03 19:00,0.561,9.150
2022-12-03 20:00,0.617,9.594
2022-12-03 21:00,0.652,9.884
2022-12-03 22:00,0.671,10.038
2022-12-03 23:00,0.691,10.210
2022-12-04 00:00,0.696,10.258
2022-12-04 01:00,0.699,10.288
2022-12-04 02:00,0.671,10.043
2022-12-04 03:00,0.633,9.726
2022-12-04 04:00,0.578,9.290
2022-12-04 05:00,0.518,8.836
2022-12-04 06:00,0.478,8.542
2022-12-04 07:00,0.485,8.595
2022-12-04 08:00,0.533,8.953
2022-12-04 09:00,0.587,9.362
2022-12-04 10:00,0.669,10.020
2022-12-04 11:00,0.735,10.628
2022-12-04 12:00,0.773,11.011
2022-12-04 13:00,0.807,11.417
2022-12-04 14:00,0.829,11.710
2022-12-04 15:00,0.862,12.200
2022-12-04 16:00,0.891,12.699
2022-12-04 17:00,0.916,13.231
2022-12-04 18:00,0.939,13.869
2022-12-04 19:00,0.945,14.047
2022-12-04 20:00,0.953,14.334
2022-12-04 21:00,0.957,14.476
2022-12-04 22:00,0.959,14.565
2022-12-04 23:00,0.958,14.530
2022-12-05 00:00,0.956,14.424
2022-12-05 01:00,0.948,14.145
2022-12-05 02:00,0.928,13.541
2022-12-05 03:00,0.899,12.856
2022-12-05 04:00,0.866,12.256
2022-12-05 05:00,0.838,11.825
2022-12-05 06:00,0.817,11.530
2022-12-05 07:00,0.798,11.308
2022-12-05 08:00,0.788,11.189
2022-12-05 09:00,0.763,10.905
2022-12-05 10:00,0.740,10.674
2022-12-05 11:00,0.742,10.694
2022-12-05 12:00,0.760,10.876
2022-12-05 13:00,0.800,11.327
2022-12-05 14:00,0.854,12.069
2022-12-05 15:00,0.891,12.699
2022-12-05 16:00,0.893,12.736
2022-12-05 17:00,0.883,12.548
2022-12-05 18:00,0.872,12.349
2022-12-05 19:00,0.854,12.073
2022-12-05 20:00,0.828,11.689
2022-12-05 21:00,0.791,11.225
2022-12-05 22:00,0.771,10.989
2022-12-05 23:00,0.753,10.814
2022-12-06 00:00,0.750,10.777
2022-12-06 01:00,0.692,10.224
2022-12-06 02:00,0.613,9.563
2022-12-06 03:00,0.526,8.895
2022-12-06 04:00,0.435,8.229
2022-12-06 05:00,0.362,7.668
2022-12-06 06:00,0.319,7.330
2022-12-06 07:00,0.299,7.174
2022-12-06 08:00,0.310,7.261
2022-12-06 09:00,0.351,7.581
2022-12-06 10:00,0.399,7.958
2022-12-06 11:00,0.423,8.135
2022-12-06 12:00,0.430,8.186
2022-12-06 13:00,0.435,8.227
2022-12-06 14:00,0.450,8.325
2022-12-06 15:00,0.487,8.607
2022-12-06 16:00,0.553,9.103
2022-12-06 17:00,0.613,9.566
2022-12-06 18:00,0.663,9.962
2022-12-06 19:00,0.701,10.311
2022-12-06 20:00,0.727,10.549
2022-12-06 21:00,0.737,10.646
2022-12-06 22:00,0.726,10.541
2022-12-06 23:00,0.700,10.302
2022-12-07 00:00,0.658,9.929
2022-12-07 01:00,0.632,9.706
2022-12-07 02:00,0.560,9.146
2022-12-07 03:00,0.462,8.417
2022-12-07 04:00,0.362,7.672
2022-12-07 05:00,0.274,6.957
2022-12-07 06:00,0.222,6.493
2022-12-07 07:00,0.205,6.327
2022-12-07 08:00,0.214,6.417
2022-12-07 09:00,0.236,6.619
2022-12-07 10:00,0.259,6.832
2022-12-07 11:00,0.283,7.039
2022-12-07 12:00,0.308,7.250
2022-12-07 13:00,0.342,7.512
2022-12-07 14:00,0.369,7.731
2022-12-07 15:00,0.371,7.745
2022-12-07 16:00,0.365,7.701
2022-12-07 17:00,0.370,7.736
2022-12-07 18:00,0.384,7.841
2022-12-07 19:00,0.398,7.948
2022-12-07 20:00,0.407,8.012
2022-12-07 21:00,0.417,8.088
2022-12-07 22:00,0.429,8.172
2022-12-07 23:00,0.434,8.218
2022-12-08 00:00,0.383,7.835
2022-12-08 01:00,0.353,7.608
2022-12-08 02:00,0.314,7.299
2022-12-08 03:00,0.246,6.716
2022-12-08 04:00,0.172,5.983
2022-12-08 05:00,0.123,5.402
2022-12-08 06:00,0.101,5.093
2022-12-08 07:00,0.094,4.988
2022-12-08 08:00,0.097,5.033
2022-12-08 09:00,0.116,5.300
2022-12-08 10:00,0.149,5.728
2022-12-08 11:00,0.202,6.305
2022-12-08 12:00,0.277,6.985
2022-12-08 13:00,0.362,7.673
2022-12-08 14:00,0.425,8.146
2022-12-08 15:00,0.447,8.311
2022-12-08 16:00,0.432,8.206
2022-12-08 17:00,0.420,8.115
2022-12-08 18:00,0.425,8.145
2022-12-08 19:00,0.438,8.249
2022-12-08 20:00,0.454,8.365
2022-12-08 21:00,0.486,8.605
2022-12-08 22:00,0.525,8.892
2022-12-08 23:00,0.551,9.088
2022-12-09 00:00,0.529,8.913
2022-12-09 01:00,0.495,8.664
2022-12-09 02:00,0.438,8.244
2022-12-09 03:00,0.340,7.503
2022-12-09 04:00,0.243,6.684
2022-12-09 05:00,0.164,5.893
2022-12-09 06:00,0.114,5.275
2022-12-09 07:00,0.085,4.856
2022-12-09 08:00,0.073,4.643
2022-12-09 09:00,0.074,4.664
2022-12-09 10:00,0.080,4.772
2022-12-09 11:00,0.099,5.056
2022-12-09 12:00,0.128,5.465
2022-12-09 13:00,0.177,6.039
2022-12-09 14:00,0.241,6.665
2022-12-09 15:00,0.313,7.290
2022-12-09 16:00,0.396,7.934
2022-12-09 17:00,0.478,8.537
2022-12-09 18:00,0.545,9.041
2022-12-09 19:00,0.594,9.412
2022-12-09 20:00,0.630,9.690
2022-12-09 21:00,0.656,9.909
2022-12-09 22:00,0.681,10.132
2022-12-09 23:00,0.702,10.313
2022-12-10 00:00,0.687,10.182
2022-12-10 01:00,0.700,10.295
2022-12-10 02:00,0.663,9.973
2022-12-10 03:00,0.587,9.362
2022-12-10 04:00,0.496,8.666
2022-12-10 05:00,0.419,8.105
2022-12-10 06:00,0.377,7.791
2022-12-10 07:00,0.380,7.815
2022-12-10 08:00,0.408,8.024
2022-12-10 09:00,0.414,8.072
2022-12-10 10:00,0.416,8.077
2022-12-10 11:00,0.422,8.133
2022-12-10 12:00,0.455,8.377
2022-12-10 13:00,0.525,8.889
2022-12-10 14:00,0.600,9.454
2022-12-10 15:00,0.702,10.313
2022-12-10 16:00,0.754,10.817
2022-12-10 17:00,0.783,11.125
2022-12-10 18:00,0.793,11.250
2022-12-10 19:00,0.796,11.289
2022-12-10 20:00,0.793,11.251
2022-12-10 21:00,0.787,11.175
2022-12-10 22:00,0.788,11.197
2022-12-10 23:00,0.795,11.260
2022-12-11 00:00,0.771,10.997
2022-12-11 01:00,0.828,11.688
2022-12-11 02:00,0.785,11.149
2022-12-11 03:00,0.726,10.541
2022-12-11 04:00,0.657,9.915
2022-12-11 05:00,0.587,9.358
2022-12-11 06:00,0.545,9.032
2022-12-11 07:00,0.531,8.939
2022-12-11 08:00,0.537,8.981
2022-12-11 09:00,0.530,8.928
2022-12-11 10:00,0.525,8.890
2022-12-11 11:00,0.552,9.091
2022-12-11 12:00,0.587,9.356
2022-12-11 13:00,0.618,9.603
2022-12-11 14:00,0.645,9.823
2022-12-11 15:00,0.685,10.149
2022-12-11 16:00,0.722,10.493
2022-12-11 17:00,0.746,10.734
2022-12-11 18:00,0.773,11.025
2022-12-11 19:00,0.812,11.477
2022-12-11 20:00,0.853,12.056
2022-12-11 21:00,0.872,12.364
2022-12-11 22:00,0.883,12.559
2022-12-11 23:00,0.897,12.818
2022-12-12 00:00,0.909,13.071
2022-12-12 01:00,0.920,13.341
2022-12-12 02:00,0.899,12.861
2022-12-12 03:00,0.857,12.109
2022-12-12 04:00,0.791,11.227
2022-12-12 05:00,0.708,10.365
2022-12-12 06:00,0.640,9.780
2022-12-12 07:00,0.608,9.513
2022-12-12 08:00,0.602,9.477
2022-12-12 09:00,0.622,9.632
2022-12-12 10:00,0.676,10.077
2022-12-12 11:00,0.743,10.706
2022-12-12 12:00,0.791,11.229
2022-12-12 13:00,0.823,11.619
2022-12-12 14:00,0.840,11.860
2022-12-12 15:00,0.855,12.080
2022-12-12 16:00,0.868,12.288
2022-12-12 17:00,0.866,12.261
2022-12-12 18:00,0.853,12.048
2022-12-12 19:00,0.845,11.932
2022-12-12 20:00,0.831,11.728
2022-12-12 21:00,0.819,11.570
2022-12-12 22:00,0.802,11.358
2022-12-12 23:00,0.773,11.012
2022-12-13 00:00,0.710,10.387
2022-12-13 01:00,0.661,9.954
2022-12-13 02:00,0.555,9.116
2022-12-13 03:00,0.446,8.309
2022-12-13 04:00,0.352,7.595
2022-12-13 05:00,0.284,7.049
2022-12-13 06:00,0.246,6.708
2022-12-13 07:00,0.232,6.588
2022-12-13 08:00,0.253,6.780
2022-12-13 09:00,0.329,7.413
2022-12-13 10:00,0.445,8.296
2022-12-13 11:00,0.535,8.965
2022-12-13 12:00,0.579,9.299
2022-12-13 13:00,0.593,9.400
2022-12-13 14:00,0.604,9.487
2022-12-13 15:00,0.640,9.783
2022-12-13 16:00,0.698,10.277
2022-12-13 17:00,0.760,10.882
2022-12-13 18:00,0.805,11.390
2022-12-13 19:00,0.834,11.768
2022-12-13 20:00,0.865,12.242
2022-12-13 21:00,0.888,12.638
2022-12-13 22:00,0.900,12.890
2022-12-13 23:00,0.914,13.201
2022-12-14 00:00,0.916,13.238
2022-12-14 01:00,0.911,13.119
2022-12-14 02:00,0.902,12.917
2022-12-14 03:00,0.872,12.362
2022-12-14 04:00,0.802,11.361
2022-12-14 05:00,0.687,10.180
2022-12-14 06:00,0.567,9.202
2022-12-14 07:00,0.486,8.603
2022-12-14 08:00,0.448,8.316
2022-12-14 09:00,0.452,8.345
2022-12-14 10:00,0.498,8.684
2022-12-14 11:00,0.531,8.932
2022-12-14 12:00,0.553,9.097
2022-12-14 13:00,0.573,9.252
2022-12-14 14:00,0.570,9.228
2022-12-14 15:00,0.552,9.094
2022-12-14 16:00,0.540,8.996
2022-12-14 17:00,0.542,9.007
2022-12-14 18:00,0.554,9.106
2022-12-14 19:00,0.548,9.062
2022-12-14 20:00,0.502,8.724
2022-12-14 21:00,0.449,8.323
2022-12-14 22:00,0.410,8.036
2022-12-14 23:00,0.375,7.773
2022-12-15 00:00,0.315,7.311
2022-12-15 01:00,0.274,6.967
2022-12-15 02:00,0.224,6.518
2022-12-15 03:00,0.179,6.058
2022-12-15 04:00,0.133,5.527
2022-12-15 05:00,0.092,4.969
2022-12-15 06:00,0.067,4.529
2022-12-15 07:00,0.054,4.277
2022-12-15 08:00,0.059,4.383
2022-12-15 09:00,0.091,4.949
2022-12-15 10:00,0.156,5.796
2022-12-15 11:00,0.209,6.365
2022-12-15 12:00,0.230,6.573
2022-12-15 13:00,0.230,6.567
2022-12-15 14:00,0.219,6.462
2022-12-15 15:00,0.215,6.424
2022-12-15 16:00,0.224,6.515
2022-12-15 17:00,0.254,6.794
2022-12-15 18:00,0.313,7.291
2022-12-15 19:00,0.377,7.781
2022-12-15 20:00,0.422,8.120
2022-12-15 21:00,0.460,8.400
2022-12-15 22:00,0.503,8.724
2022-12-15 23:00,0.542,9.007
2022-12-16 00:00,0.573,9.243
2022-12-16 01:00,0.628,9.677
2022-12-16 02:00,0.677,10.090
2022-12-16 03:00,0.692,10.222
2022-12-16 04:00,0.692,10.229
2022-12-16 05:00,0.709,10.381
2022-12-16 06:00,0.743,10.712
2022-12-16 07:00,0.784,11.145
2022-12-16 08:00,0.813,11.498
2022-12-16 09:00,0.806,11.410
2022-12-16 10:00,0.808,11.429
2022-12-16 11:00,0.841,11.874
2022-12-16 12:00,0.840,11.863
2022-12-16 13:00,0.853,12.048
2022-12-16 14:00,0.887,12.629
2022-12-16 15:00,0.937,13.781
2022-12-16 16:00,0.965,14.834
2022-12-16 17:00,0.980,15.766
2022-12-16 18:00,0.988,16.729
2022-12-16 19:00,0.989,17.352
2022-12-16 20:00,0.989,17.356
2022-12-16 21:00,0.989,17.243
2022-12-16 22:00,0.989,17.297
2022-12-16 23:00,0.988,17.725
2022-12-17 00:00,0.986,18.120
2022-12-17 01:00,0.987,18.069
2022-12-17 02:00,0.989,17.573
2022-12-17 03:00,0.989,17.169
2022-12-17 04:00,0.988,16.702
2022-12-17 05:00,0.985,16.270
2022-12-17 06:00,0.981,15.849
2022-12-17 07:00,0.975,15.427
2022-12-17 08:00,0.968,15.002
2022-12-17 09:00,0.959,14.590
2022-12-17 10:00,0.958,14.529
2022-12-17 11:00,0.969,15.052
2022-12-17 12:00,0.977,15.512
2022-12-17 13:00,0.980,15.781
2022-12-17 14:00,0.980,15.820
2022-12-17 15:00,0.983,16.107
2022-12-17 16:00,0.985,16.296
2022-12-17 17:00,0.985,16.315
2022-12-17 18:00,0.983,16.062
2022-12-17 19:00,0.979,15.717
2022-12-17 20:00,0.973,15.272
2022-12-17 21:00,0.969,15.024
2022-12-17 22:00,0.966,14.903
2022-12-17 23:00,0.964,14.788
2022-12-18 00:00,0.968,14.982
2022-12-18 01:00,0.970,15.121
2022-12-18 02:00,0.965,14.814
2022-12-18 03:00,0.943,13.961
2022-12-18 04:00,0.898,12.846
2022-12-18 05:00,0.833,11.756
2022-12-18 06:00,0.765,10.932
2022-12-18 07:00,0.710,10.386
2022-12-18 08:00,0.667,10.003
2022-12-18 09:00,0.625,9.652
2022-12-18 10:00,0.588,9.364
2022-12-18 11:00,0.581,9.312
2022-12-18 12:00,0.577,9.280
2022-12-18 13:00,0.568,9.210
2022-12-18 14:00,0.561,9.161
2022-12-18 15:00,0.594,9.401
2022-12-18 16:00,0.647,9.833
2022-12-18 17:00,0.693,10.237
2022-12-18 18:00,0.724,10.525
2022-12-18 19:00,0.741,10.688
2022-12-18 20:00,0.736,10.635
2022-12-18 21:00,0.707,10.360
2022-12-18 22:00,0.671,10.042
2022-12-18 23:00,0.629,9.684
2022-12-19 00:00,0.533,8.948
2022-12-19 01:00,0.430,8.192
2022-12-19 02:00,0.326,7.388
2022-12-19 03:00,0.248,6.732
2022-12-19 04:00,0.186,6.134
2022-12-19 05:00,0.136,5.561
2022-12-19 06:00,0.102,5.115
2022-12-19 07:00,0.088,4.906
2022-12-19 08:00,0.090,4.935
2022-12-19 09:00,0.118,5.325
2022-12-19 10:00,0.159,5.845
2022-12-19 11:00,0.208,6.359
2022-12-19 12:00,0.243,6.689
2022-12-19 13:00,0.252,6.766
2022-12-19 14:00,0.232,6.590
2022-12-19 15:00,0.210,6.369
2022-12-19 16:00,0.201,6.289
2022-12-19 17:00,0.206,6.336
2022-12-19 18:00,0.231,6.576
2022-12-19 19:00,0.284,7.048
2022-12-19 20:00,0.351,7.589
2022-12-19 21:00,0.410,8.034
2022-12-19 22:00,0.453,8.362
2022-12-19 23:00,0.481,8.564
2022-12-20 00:00,0.429,8.176
2022-12-20 01:00,0.416,8.078
2022-12-20 02:00,0.413,8.058
2022-12-20 03:00,0.354,7.612
2022-12-20 04:00,0.266,6.893
2022-12-20 05:00,0.185,6.128
2022-12-20 06:00,0.143,5.655
2022-12-20 07:00,0.130,5.496
2022-12-20 08:00,0.136,5.555
2022-12-20 09:00,0.140,5.622
2022-12-20 10:00,0.150,5.733
2022-12-20 11:00,0.166,5.920
2022-12-20 12:00,0.209,6.366
2022-12-20 13:00,0.302,7.189
2022-12-20 14:00,0.426,8.156
2022-12-20 15:00,0.526,8.894
2022-12-20 16:00,0.582,9.321
2022-12-20 17:00,0.616,9.582
2022-12-20 18:00,0.634,9.731
2022-12-20 19:00,0.668,10.016
2022-12-20 20:00,0.743,10.709
2022-12-20 21:00,0.787,11.183
2022-12-20 22:00,0.818,11.562
2022-12-20 23:00,0.845,11.928
2022-12-21 00:00,0.828,11.699
2022-12-21 01:00,0.853,12.048
2022-12-21 02:00,0.807,11.417
2022-12-21 03:00,0.678,10.094
2022-12-21 04:00,0.518,8.835
2022-12-21 05:00,0.396,7.935
2022-12-21 06:00,0.328,7.409
2022-12-21 07:00,0.302,7.191
2022-12-21 08:00,0.291,7.098
2022-12-21 09:00,0.249,6.736
2022-12-21 10:00,0.236,6.629
2022-12-21 11:00,0.235,6.614
2022-12-21 12:00,0.246,6.709
2022-12-21 13:00,0.266,6.890
2022-12-21 14:00,0.265,6.883
2022-12-21 15:00,0.259,6.831
2022-12-21 16:00,0.272,6.939
2022-12-21 17:00,0.312,7.277
2022-12-21 18:00,0.327,7.397
2022-12-21 19:00,0.339,7.500
2022-12-21 20:00,0.356,7.624
2022-12-21 21:00,0.362,7.676
2022-12-21 22:00,0.378,7.797
2022-12-21 23:00,0.397,7.946
2022-12-22 00:00,0.355,7.616
2022-12-22 01:00,0.318,7.324
2022-12-22 02:00,0.472,8.495
2022-12-22 03:00,0.497,8.676
2022-12-22 04:00,0.500,8.703
2022-12-22 05:00,0.494,8.659
2022-12-22 06:00,0.499,8.698
2022-12-22 07:00,0.494,8.660
2022-12-22 08:00,0.450,8.340
2022-12-22 09:00,0.365,7.704
2022-12-22 10:00,0.294,7.131
2022-12-22 11:00,0.223,6.509
2022-12-22 12:00,0.166,5.922
2022-12-22 13:00,0.149,5.723
2022-12-22 14:00,0.186,6.141
2022-12-22 15:00,0.272,6.942
2022-12-22 16:00,0.374,7.767
2022-12-22 17:00,0.477,8.527
2022-12-22 18:00,0.564,9.170
2022-12-22 19:00,0.609,9.532
2022-12-22 20:00,0.628,9.672
2022-12-22 21:00,0.640,9.782
2022-12-22 22:00,0.653,9.890
2022-12-22 23:00,0.660,9.949
2022-12-23 00:00,0.603,9.480
2022-12-23 01:00,0.642,9.795
2022-12-23 02:00,0.633,9.714
2022-12-23 03:00,0.540,8.998
2022-12-23 04:00,0.399,7.956
2022-12-23 05:00,0.278,6.990
2022-12-23 06:00,0.195,6.226
2022-12-23 07:00,0.148,5.714
2022-12-23 08:00,0.124,5.422
2022-12-23 09:00,0.137,5.573
2022-12-23 10:00,0.151,5.752
2022-12-23 11:00,0.159,5.848
2022-12-23 12:00,0.155,5.790
2022-12-23 13:00,0.142,5.642
2022-12-23 14:00,0.133,5.528
2022-12-23 15:00,0.148,5.715
2022-12-23 16:00,0.192,6.202
2022-12-23 17:00,0.251,6.753
2022-12-23 18:00,0.305,7.228
2022-12-23 19:00,0.362,7.667
2022-12-23 20:00,0.421,8.117
2022-12-23 21:00,0.484,8.585
2022-12-23 22:00,0.546,9.043
2022-12-23 23:00,0.584,9.339
2022-12-24 00:00,0.522,8.870
2022-12-24 01:00,0.505,8.737
2022-12-24 02:00,0.587,9.361
2022-12-24 03:00,0.540,8.990
2022-12-24 04:00,0.431,8.196
2022-12-24 05:00,0.317,7.322
2022-12-24 06:00,0.240,6.660
2022-12-24 07:00,0.203,6.308
2022-12-24 08:00,0.190,6.175
2022-12-24 09:00,0.191,6.183
2022-12-24 10:00,0.190,6.178
2022-12-24 11:00,0.179,6.049
2022-12-24 12:00,0.156,5.811
2022-12-24 13:00,0.141,5.628
2022-12-24 14:00,0.135,5.550
2022-12-24 15:00,0.146,5.692
2022-12-24 16:00,0.172,5.985
2022-12-24 17:00,0.201,6.286
2022-12-24 18:00,0.242,6.678
2022-12-24 19:00,0.304,7.214
2022-12-24 20:00,0.377,7.780
2022-12-24 21:00,0.428,8.167
2022-12-24 22:00,0.454,8.366
2022-12-24 23:00,0.463,8.425
2022-12-25 00:00,0.383,7.836
2022-12-25 01:00,0.371,7.749
2022-12-25 02:00,0.383,7.834
2022-12-25 03:00,0.337,7.481
2022-12-25 04:00,0.266,6.901
2022-12-25 05:00,0.204,6.317
2022-12-25 06:00,0.163,5.892
2022-12-25 07:00,0.139,5.607
2022-12-25 08:00,0.123,5.407
2022-12-25 09:00,0.140,5.619
2022-12-25 10:00,0.175,6.011
2022-12-25 11:00,0.204,6.322
2022-12-25 12:00,0.223,6.503
2022-12-25 13:00,0.238,6.643
2022-12-25 14:00,0.242,6.671
2022-12-25 15:00,0.242,6.677
2022-12-25 16:00,0.241,6.668
2022-12-25 17:00,0.232,6.586
2022-12-25 18:00,0.234,6.599
2022-12-25 19:00,0.262,6.856
2022-12-25 20:00,0.305,7.223
2022-12-25 21:00,0.349,7.573
2022-12-25 22:00,0.388,7.868
2022-12-25 23:00,0.404,7.998
2022-12-26 00:00,0.342,7.514
2022-12-26 01:00,0.328,7.412
2022-12-26 02:00,0.302,7.190
2022-12-26 03:00,0.235,6.612
2022-12-26 04:00,0.177,6.030
2022-12-26 05:00,0.135,5.545
2022-12-26 06:00,0.111,5.234
2022-12-26 07:00,0.102,5.114
2022-12-26 08:00,0.104,5.145
2022-12-26 09:00,0.138,5.581
2022-12-26 10:00,0.177,6.029
2022-12-26 11:00,0.199,6.269
2022-12-26 12:00,0.197,6.248
2022-12-26 13:00,0.177,6.043
2022-12-26 14:00,0.159,5.837
2022-12-26 15:00,0.155,5.790
2022-12-26 16:00,0.166,5.923
2022-12-26 17:00,0.194,6.209
2022-12-26 18:00,0.232,6.580
2022-12-26 19:00,0.272,6.946
2022-12-26 20:00,0.308,7.252
2022-12-26 21:00,0.342,7.513
2022-12-26 22:00,0.363,7.686
2022-12-26 23:00,0.371,7.740
2022-12-27 00:00,0.305,7.228
2022-12-27 01:00,0.289,7.091
2022-12-27 02:00,0.313,7.292
2022-12-27 03:00,0.313,7.289
2022-12-27 04:00,0.262,6.854
2022-12-27 05:00,0.206,6.330
2022-12-27 06:00,0.164,5.901
2022-12-27 07:00,0.144,5.663
2022-12-27 08:00,0.142,5.646
2022-12-27 09:00,0.193,6.207
2022-12-27 10:00,0.282,7.032
2022-12-27 11:00,0.362,7.677
2022-12-27 12:00,0.390,7.889
2022-12-27 13:00,0.365,7.704
2022-12-27 14:00,0.321,7.351
2022-12-27 15:00,0.275,6.970
2022-12-27 16:00,0.249,6.739
2022-12-27 17:00,0.243,6.685
2022-12-27 18:00,0.266,6.894
2022-12-27 19:00,0.344,7.540
2022-12-27 20:00,0.453,8.361
2022-12-27 21:00,0.536,8.971
2022-12-27 22:00,0.586,9.355
2022-12-27 23:00,0.625,9.648
2022-12-28 00:00,0.633,9.717
2022-12-28 01:00,0.639,9.769
2022-12-28 02:00,0.638,9.763
2022-12-28 03:00,0.602,9.478
2022-12-28 04:00,0.511,8.788
2022-12-28 05:00,0.410,8.033
2022-12-28 06:00,0.335,7.470
2022-12-28 07:00,0.299,7.178
2022-12-28 08:00,0.294,7.132
2022-12-28 09:00,0.297,7.150
2022-12-28 10:00,0.335,7.466
2022-12-28 11:00,0.413,8.055
2022-12-28 12:00,0.512,8.791
2022-12-28 13:00,0.592,9.394
2022-12-28 14:00,0.679,10.111
2022-12-28 15:00,0.781,11.100
2022-12-28 16:00,0.872,12.360
2022-12-28 17:00,0.877,12.451
2022-12-28 18:00,0.873,12.366
2022-12-28 19:00,0.869,12.318
2022-12-28 20:00,0.875,12.404
2022-12-28 21:00,0.861,12.173
2022-12-28 22:00,0.834,11.763
2022-12-28 23:00,0.811,11.463
2022-12-29 00:00,0.787,11.178
2022-12-29 01:00,0.758,10.849
2022-12-29 02:00,0.714,10.421
2022-12-29 03:00,0.660,9.951
2022-12-29 04:00,0.582,9.318
2022-12-29 05:00,0.482,8.566
2022-12-29 06:00,0.386,7.857
2022-12-29 07:00,0.332,7.435
2022-12-29 08:00,0.324,7.371
2022-12-29 09:00,0.338,7.487
2022-12-29 10:00,0.362,7.673
2022-12-29 11:00,0.400,7.966
2022-12-29 12:00,0.469,8.476
2022-12-29 13:00,0.578,9.290
2022-12-29 14:00,0.745,10.723
2022-12-29 15:00,0.854,12.061
2022-12-29 16:00,0.872,12.346
2022-12-29 17:00,0.872,12.349
2022-12-29 18:00,0.876,12.425
2022-12-29 19:00,0.885,12.592
2022-12-29 20:00,0.901,12.907
2022-12-29 21:00,0.910,13.099
2022-12-29 22:00,0.908,13.059
2022-12-29 23:00,0.893,12.746
2022-12-30 00:00,0.891,12.705
2022-12-30 01:00,0.862,12.190
2022-12-30 02:00,0.783,11.128
2022-12-30 03:00,0.666,10.001
2022-12-30 04:00,0.561,9.156
2022-12-30 05:00,0.467,8.461
2022-12-30 06:00,0.389,7.887
2022-12-30 07:00,0.336,7.474
2022-12-30 08:00,0.316,7.315
2022-12-30 09:00,0.310,7.259
2022-12-30 10:00,0.322,7.358
2022-12-30 11:00,0.359,7.645
2022-12-30 12:00,0.425,8.148
2022-12-30 13:00,0.539,8.986
2022-12-30 14:00,0.658,9.931
2022-12-30 15:00,0.738,10.658
2022-12-30 16:00,0.781,11.109
2022-12-30 17:00,0.796,11.280
2022-12-30 18:00,0.802,11.348
2022-12-30 19:00,0.804,11.381
2022-12-30 20:00,0.804,11.380
2022-12-30 21:00,0.797,11.294
2022-12-30 22:00,0.784,11.143
2022-12-30 23:00,0.752,10.800
2022-12-31 00:00,0.701,10.308
2022-12-31 01:00,0.605,9.495
2022-12-31 02:00,0.475,8.510
2022-12-31 03:00,0.371,7.746
2022-12-31 04:00,0.293,7.117
2022-12-31 05:00,0.235,6.613
2022-12-31 06:00,0.197,6.241
2022-12-31 07:00,0.177,6.034
2022-12-31 08:00,0.177,6.037
2022-12-31 09:00,0.210,6.384
2022-12-31 10:00,0.278,6.998
2022-12-31 11:00,0.354,7.614
2022-12-31 12:00,0.433,8.215
2022-12-31 13:00,0.522,8.869
2022-12-31 14:00,0.636,9.744
2022-12-31 15:00,0.707,10.358
2022-12-31 16:00,0.739,10.666
2022-12-31 17:00,0.764,10.922
2022-12-31 18:00,0.747,10.743
2022-12-31 19:00,0.725,10.529
2022-12-31 20:00,0.699,10.286
2022-12-31 21:00,0.674,10.063
2022-12-31 22:00,0.648,9.850
2022-12-31 23:00,0.615,9.576
