# Renewables.ninja Wind power (Point API) - 41.000, 113.100 - Version: 1.4 - License: https://creativecommons.org/licenses/by-nc/4.0/ - Reference: https://doi.org/10.1016/j.energy.2016.08.068
# Units: time in UTC, electricity in kW, wind_speed in m/s
# {"units": {"time": "UTC", "electricity": "kW", "wind_speed": "m/s"}, "params": {"lat": "41.0", "lon": "113.1", "date_from": "2021-01-01", "date_to": "2021-12-31", "dataset": "merra2", "capacity": "1", "height": "100", "turbine": "Vestas V112 3000", "header": "true", "raw": "true"}}
time,electricity,wind_speed
2021-01-01 00:00,0.505,8.050
2021-01-01 01:00,0.400,7.332
2021-01-01 02:00,0.508,8.075
2021-01-01 03:00,0.636,8.987
2021-01-01 04:00,0.719,9.650
2021-01-01 05:00,0.786,10.315
2021-01-01 06:00,0.804,10.514
2021-01-01 07:00,0.718,9.648
2021-01-01 08:00,0.607,8.772
2021-01-01 09:00,0.569,8.492
2021-01-01 10:00,0.476,7.852
2021-01-01 11:00,0.380,7.199
2021-01-01 12:00,0.345,6.938
2021-01-01 13:00,0.338,6.893
2021-01-01 14:00,0.342,6.930
2021-01-01 15:00,0.383,7.223
2021-01-01 16:00,0.444,7.635
2021-01-01 17:00,0.490,7.957
2021-01-01 18:00,0.533,8.239
2021-01-01 19:00,0.542,8.305
2021-01-01 20:00,0.517,8.137
2021-01-01 21:00,0.487,7.935
2021-01-01 22:00,0.491,7.964
2021-01-01 23:00,0.483,7.909
2021-01-02 00:00,0.426,7.513
2021-01-02 01:00,0.302,6.628
2021-01-02 02:00,0.524,8.187
2021-01-02 03:00,0.729,9.744
2021-01-02 04:00,0.753,9.982
2021-01-02 05:00,0.741,9.865
2021-01-02 06:00,0.693,9.436
2021-01-02 07:00,0.625,8.900
2021-01-02 08:00,0.484,7.912
2021-01-02 09:00,0.418,7.462
2021-01-02 10:00,0.400,7.335
2021-01-02 11:00,0.395,7.302
2021-01-02 12:00,0.413,7.419
2021-01-02 13:00,0.430,7.545
2021-01-02 14:00,0.426,7.514
2021-01-02 15:00,0.401,7.341
2021-01-02 16:00,0.373,7.142
2021-01-02 17:00,0.348,6.962
2021-01-02 18:00,0.317,6.735
2021-01-02 19:00,0.285,6.488
2021-01-02 20:00,0.242,6.151
2021-01-02 21:00,0.178,5.548
2021-01-02 22:00,0.173,5.506
2021-01-02 23:00,0.231,6.047
2021-01-03 00:00,0.183,5.610
2021-01-03 01:00,0.066,4.110
2021-01-03 02:00,0.055,3.890
2021-01-03 03:00,0.190,5.678
2021-01-03 04:00,0.311,6.689
2021-01-03 05:00,0.308,6.667
2021-01-03 06:00,0.292,6.554
2021-01-03 07:00,0.265,6.334
2021-01-03 08:00,0.179,5.558
2021-01-03 09:00,0.149,5.255
2021-01-03 10:00,0.156,5.327
2021-01-03 11:00,0.184,5.614
2021-01-03 12:00,0.235,6.087
2021-01-03 13:00,0.345,6.944
2021-01-03 14:00,0.468,7.806
2021-01-03 15:00,0.524,8.185
2021-01-03 16:00,0.512,8.097
2021-01-03 17:00,0.426,7.510
2021-01-03 18:00,0.350,6.983
2021-01-03 19:00,0.349,6.980
2021-01-03 20:00,0.348,6.964
2021-01-03 21:00,0.304,6.642
2021-01-03 22:00,0.311,6.692
2021-01-03 23:00,0.365,7.085
2021-01-04 00:00,0.376,7.165
2021-01-04 01:00,0.581,8.587
2021-01-04 02:00,0.792,10.367
2021-01-04 03:00,0.853,11.122
2021-01-04 04:00,0.869,11.379
2021-01-04 05:00,0.880,11.558
2021-01-04 06:00,0.884,11.636
2021-01-04 07:00,0.879,11.540
2021-01-04 08:00,0.840,10.958
2021-01-04 09:00,0.768,10.123
2021-01-04 10:00,0.719,9.652
2021-01-04 11:00,0.725,9.719
2021-01-04 12:00,0.692,9.432
2021-01-04 13:00,0.620,8.869
2021-01-04 14:00,0.630,8.948
2021-01-04 15:00,0.633,8.969
2021-01-04 16:00,0.622,8.887
2021-01-04 17:00,0.613,8.816
2021-01-04 18:00,0.591,8.654
2021-01-04 19:00,0.569,8.501
2021-01-04 20:00,0.566,8.478
2021-01-04 21:00,0.562,8.442
2021-01-04 22:00,0.562,8.447
2021-01-04 23:00,0.565,8.470
2021-01-05 00:00,0.490,7.953
2021-01-05 01:00,0.340,6.913
2021-01-05 02:00,0.752,9.970
2021-01-05 03:00,0.850,11.083
2021-01-05 04:00,0.873,11.452
2021-01-05 05:00,0.883,11.598
2021-01-05 06:00,0.886,11.655
2021-01-05 07:00,0.884,11.632
2021-01-05 08:00,0.846,11.036
2021-01-05 09:00,0.826,10.760
2021-01-05 10:00,0.779,10.237
2021-01-05 11:00,0.755,10.001
2021-01-05 12:00,0.760,10.042
2021-01-05 13:00,0.731,9.776
2021-01-05 14:00,0.681,9.345
2021-01-05 15:00,0.658,9.159
2021-01-05 16:00,0.822,10.724
2021-01-05 17:00,0.912,12.170
2021-01-05 18:00,0.960,13.617
2021-01-05 19:00,0.955,13.423
2021-01-05 20:00,0.957,13.506
2021-01-05 21:00,0.966,13.922
2021-01-05 22:00,0.969,14.056
2021-01-05 23:00,0.971,14.147
2021-01-06 00:00,0.973,14.277
2021-01-06 01:00,0.977,14.519
2021-01-06 02:00,0.980,14.714
2021-01-06 03:00,0.986,15.256
2021-01-06 04:00,0.991,16.030
2021-01-06 05:00,0.993,16.678
2021-01-06 06:00,0.993,17.130
2021-01-06 07:00,0.993,17.118
2021-01-06 08:00,0.993,16.458
2021-01-06 09:00,0.988,15.494
2021-01-06 10:00,0.982,14.890
2021-01-06 11:00,0.971,14.171
2021-01-06 12:00,0.964,13.805
2021-01-06 13:00,0.965,13.835
2021-01-06 14:00,0.970,14.099
2021-01-06 15:00,0.974,14.333
2021-01-06 16:00,0.975,14.379
2021-01-06 17:00,0.973,14.261
2021-01-06 18:00,0.969,14.043
2021-01-06 19:00,0.963,13.769
2021-01-06 20:00,0.943,13.012
2021-01-06 21:00,0.848,11.066
2021-01-06 22:00,0.813,10.613
2021-01-06 23:00,0.811,10.579
2021-01-07 00:00,0.789,10.335
2021-01-07 01:00,0.932,12.666
2021-01-07 02:00,0.993,16.695
2021-01-07 03:00,0.993,17.077
2021-01-07 04:00,0.993,16.490
2021-01-07 05:00,0.991,16.013
2021-01-07 06:00,0.988,15.576
2021-01-07 07:00,0.984,15.092
2021-01-07 08:00,0.974,14.326
2021-01-07 09:00,0.969,14.074
2021-01-07 10:00,0.975,14.425
2021-01-07 11:00,0.980,14.737
2021-01-07 12:00,0.983,15.050
2021-01-07 13:00,0.984,15.092
2021-01-07 14:00,0.981,14.835
2021-01-07 15:00,0.980,14.720
2021-01-07 16:00,0.981,14.860
2021-01-07 17:00,0.987,15.479
2021-01-07 18:00,0.991,15.979
2021-01-07 19:00,0.991,16.049
2021-01-07 20:00,0.990,15.785
2021-01-07 21:00,0.986,15.316
2021-01-07 22:00,0.979,14.697
2021-01-07 23:00,0.974,14.313
2021-01-08 00:00,0.966,13.893
2021-01-08 01:00,0.975,14.379
2021-01-08 02:00,0.989,15.653
2021-01-08 03:00,0.990,15.841
2021-01-08 04:00,0.990,15.792
2021-01-08 05:00,0.989,15.743
2021-01-08 06:00,0.988,15.551
2021-01-08 07:00,0.983,15.044
2021-01-08 08:00,0.972,14.234
2021-01-08 09:00,0.957,13.493
2021-01-08 10:00,0.955,13.401
2021-01-08 11:00,0.954,13.382
2021-01-08 12:00,0.955,13.412
2021-01-08 13:00,0.951,13.293
2021-01-08 14:00,0.946,13.110
2021-01-08 15:00,0.943,13.020
2021-01-08 16:00,0.915,12.250
2021-01-08 17:00,0.880,11.565
2021-01-08 18:00,0.887,11.675
2021-01-08 19:00,0.901,11.946
2021-01-08 20:00,0.905,12.035
2021-01-08 21:00,0.887,11.678
2021-01-08 22:00,0.850,11.092
2021-01-08 23:00,0.814,10.621
2021-01-09 00:00,0.813,10.603
2021-01-09 01:00,0.756,10.005
2021-01-09 02:00,0.841,10.963
2021-01-09 03:00,0.878,11.510
2021-01-09 04:00,0.861,11.250
2021-01-09 05:00,0.848,11.065
2021-01-09 06:00,0.852,11.118
2021-01-09 07:00,0.868,11.364
2021-01-09 08:00,0.864,11.294
2021-01-09 09:00,0.893,11.802
2021-01-09 10:00,0.922,12.407
2021-01-09 11:00,0.950,13.231
2021-01-09 12:00,0.970,14.090
2021-01-09 13:00,0.975,14.391
2021-01-09 14:00,0.972,14.194
2021-01-09 15:00,0.961,13.681
2021-01-09 16:00,0.939,12.884
2021-01-09 17:00,0.899,11.903
2021-01-09 18:00,0.834,10.873
2021-01-09 19:00,0.804,10.511
2021-01-09 20:00,0.774,10.175
2021-01-09 21:00,0.734,9.796
2021-01-09 22:00,0.685,9.373
2021-01-09 23:00,0.638,9.003
2021-01-10 00:00,0.547,8.343
2021-01-10 01:00,0.323,6.785
2021-01-10 02:00,0.311,6.691
2021-01-10 03:00,0.416,7.445
2021-01-10 04:00,0.334,6.866
2021-01-10 05:00,0.349,6.977
2021-01-10 06:00,0.436,7.579
2021-01-10 07:00,0.552,8.383
2021-01-10 08:00,0.612,8.802
2021-01-10 09:00,0.564,8.469
2021-01-10 10:00,0.531,8.232
2021-01-10 11:00,0.587,8.627
2021-01-10 12:00,0.600,8.714
2021-01-10 13:00,0.574,8.532
2021-01-10 14:00,0.561,8.437
2021-01-10 15:00,0.549,8.357
2021-01-10 16:00,0.550,8.367
2021-01-10 17:00,0.513,8.107
2021-01-10 18:00,0.442,7.628
2021-01-10 19:00,0.431,7.553
2021-01-10 20:00,0.466,7.782
2021-01-10 21:00,0.502,8.040
2021-01-10 22:00,0.548,8.347
2021-01-10 23:00,0.576,8.545
2021-01-11 00:00,0.621,8.878
2021-01-11 01:00,0.697,9.476
2021-01-11 02:00,0.861,11.241
2021-01-11 03:00,0.902,11.977
2021-01-11 04:00,0.927,12.547
2021-01-11 05:00,0.944,13.031
2021-01-11 06:00,0.943,12.990
2021-01-11 07:00,0.919,12.342
2021-01-11 08:00,0.847,11.045
2021-01-11 09:00,0.767,10.103
2021-01-11 10:00,0.730,9.762
2021-01-11 11:00,0.762,10.069
2021-01-11 12:00,0.808,10.557
2021-01-11 13:00,0.832,10.846
2021-01-11 14:00,0.843,10.998
2021-01-11 15:00,0.861,11.250
2021-01-11 16:00,0.872,11.420
2021-01-11 17:00,0.880,11.565
2021-01-11 18:00,0.881,11.576
2021-01-11 19:00,0.868,11.350
2021-01-11 20:00,0.840,10.953
2021-01-11 21:00,0.814,10.629
2021-01-11 22:00,0.818,10.680
2021-01-11 23:00,0.837,10.910
2021-01-12 00:00,0.835,10.884
2021-01-12 01:00,0.784,10.288
2021-01-12 02:00,0.871,11.400
2021-01-12 03:00,0.882,11.586
2021-01-12 04:00,0.913,12.195
2021-01-12 05:00,0.944,13.048
2021-01-12 06:00,0.958,13.533
2021-01-12 07:00,0.951,13.266
2021-01-12 08:00,0.927,12.552
2021-01-12 09:00,0.895,11.842
2021-01-12 10:00,0.897,11.872
2021-01-12 11:00,0.898,11.892
2021-01-12 12:00,0.920,12.366
2021-01-12 13:00,0.946,13.091
2021-01-12 14:00,0.945,13.062
2021-01-12 15:00,0.954,13.396
2021-01-12 16:00,0.949,13.193
2021-01-12 17:00,0.941,12.946
2021-01-12 18:00,0.921,12.394
2021-01-12 19:00,0.872,11.431
2021-01-12 20:00,0.826,10.769
2021-01-12 21:00,0.801,10.480
2021-01-12 22:00,0.760,10.048
2021-01-12 23:00,0.712,9.604
2021-01-13 00:00,0.594,8.681
2021-01-13 01:00,0.348,6.972
2021-01-13 02:00,0.451,7.689
2021-01-13 03:00,0.652,9.114
2021-01-13 04:00,0.675,9.294
2021-01-13 05:00,0.689,9.409
2021-01-13 06:00,0.678,9.323
2021-01-13 07:00,0.641,9.024
2021-01-13 08:00,0.579,8.566
2021-01-13 09:00,0.622,8.882
2021-01-13 10:00,0.661,9.171
2021-01-13 11:00,0.703,9.530
2021-01-13 12:00,0.773,10.166
2021-01-13 13:00,0.829,10.812
2021-01-13 14:00,0.861,11.248
2021-01-13 15:00,0.875,11.480
2021-01-13 16:00,0.874,11.461
2021-01-13 17:00,0.876,11.496
2021-01-13 18:00,0.881,11.577
2021-01-13 19:00,0.883,11.621
2021-01-13 20:00,0.873,11.442
2021-01-13 21:00,0.848,11.063
2021-01-13 22:00,0.817,10.660
2021-01-13 23:00,0.806,10.530
2021-01-14 00:00,0.771,10.147
2021-01-14 01:00,0.586,8.625
2021-01-14 02:00,0.393,7.286
2021-01-14 03:00,0.527,8.210
2021-01-14 04:00,0.672,9.266
2021-01-14 05:00,0.711,9.595
2021-01-14 06:00,0.719,9.661
2021-01-14 07:00,0.822,10.726
2021-01-14 08:00,0.762,10.066
2021-01-14 09:00,0.762,10.065
2021-01-14 10:00,0.799,10.448
2021-01-14 11:00,0.818,10.675
2021-01-14 12:00,0.825,10.753
2021-01-14 13:00,0.775,10.186
2021-01-14 14:00,0.692,9.426
2021-01-14 15:00,0.663,9.195
2021-01-14 16:00,0.675,9.299
2021-01-14 17:00,0.666,9.220
2021-01-14 18:00,0.643,9.035
2021-01-14 19:00,0.758,10.024
2021-01-14 20:00,0.724,9.705
2021-01-14 21:00,0.621,8.881
2021-01-14 22:00,0.561,8.436
2021-01-14 23:00,0.636,8.986
2021-01-15 00:00,0.695,9.452
2021-01-15 01:00,0.687,9.389
2021-01-15 02:00,0.683,9.358
2021-01-15 03:00,0.677,9.312
2021-01-15 04:00,0.633,8.969
2021-01-15 05:00,0.593,8.665
2021-01-15 06:00,0.556,8.404
2021-01-15 07:00,0.523,8.181
2021-01-15 08:00,0.491,7.960
2021-01-15 09:00,0.384,7.229
2021-01-15 10:00,0.302,6.629
2021-01-15 11:00,0.251,6.220
2021-01-15 12:00,0.236,6.094
2021-01-15 13:00,0.235,6.078
2021-01-15 14:00,0.257,6.264
2021-01-15 15:00,0.321,6.763
2021-01-15 16:00,0.393,7.284
2021-01-15 17:00,0.436,7.586
2021-01-15 18:00,0.455,7.713
2021-01-15 19:00,0.473,7.831
2021-01-15 20:00,0.489,7.948
2021-01-15 21:00,0.507,8.072
2021-01-15 22:00,0.486,7.927
2021-01-15 23:00,0.460,7.742
2021-01-16 00:00,0.393,7.287
2021-01-16 01:00,0.638,9.003
2021-01-16 02:00,0.888,11.701
2021-01-16 03:00,0.920,12.381
2021-01-16 04:00,0.946,13.101
2021-01-16 05:00,0.965,13.881
2021-01-16 06:00,0.976,14.505
2021-01-16 07:00,0.980,14.745
2021-01-16 08:00,0.971,14.159
2021-01-16 09:00,0.946,13.114
2021-01-16 10:00,0.935,12.779
2021-01-16 11:00,0.934,12.731
2021-01-16 12:00,0.934,12.745
2021-01-16 13:00,0.935,12.753
2021-01-16 14:00,0.940,12.929
2021-01-16 15:00,0.950,13.238
2021-01-16 16:00,0.935,12.775
2021-01-16 17:00,0.925,12.492
2021-01-16 18:00,0.920,12.382
2021-01-16 19:00,0.893,11.796
2021-01-16 20:00,0.836,10.891
2021-01-16 21:00,0.819,10.688
2021-01-16 22:00,0.813,10.603
2021-01-16 23:00,0.799,10.453
2021-01-17 00:00,0.746,9.904
2021-01-17 01:00,0.752,9.958
2021-01-17 02:00,0.907,12.088
2021-01-17 03:00,0.927,12.550
2021-01-17 04:00,0.942,12.983
2021-01-17 05:00,0.946,13.081
2021-01-17 06:00,0.941,12.942
2021-01-17 07:00,0.919,12.351
2021-01-17 08:00,0.858,11.210
2021-01-17 09:00,0.855,11.166
2021-01-17 10:00,0.874,11.460
2021-01-17 11:00,0.892,11.761
2021-01-17 12:00,0.891,11.756
2021-01-17 13:00,0.840,10.955
2021-01-17 14:00,0.830,10.824
2021-01-17 15:00,0.860,11.235
2021-01-17 16:00,0.867,11.333
2021-01-17 17:00,0.857,11.198
2021-01-17 18:00,0.872,11.435
2021-01-17 19:00,0.894,11.814
2021-01-17 20:00,0.896,11.861
2021-01-17 21:00,0.911,12.148
2021-01-17 22:00,0.879,11.551
2021-01-17 23:00,0.830,10.822
2021-01-18 00:00,0.721,9.669
2021-01-18 01:00,0.360,7.055
2021-01-18 02:00,0.374,7.146
2021-01-18 03:00,0.532,8.237
2021-01-18 04:00,0.380,7.194
2021-01-18 05:00,0.209,5.854
2021-01-18 06:00,0.155,5.307
2021-01-18 07:00,0.236,6.093
2021-01-18 08:00,0.403,7.359
2021-01-18 09:00,0.611,8.797
2021-01-18 10:00,0.704,9.532
2021-01-18 11:00,0.747,9.916
2021-01-18 12:00,0.779,10.241
2021-01-18 13:00,0.794,10.393
2021-01-18 14:00,0.781,10.253
2021-01-18 15:00,0.765,10.088
2021-01-18 16:00,0.750,9.943
2021-01-18 17:00,0.754,9.986
2021-01-18 18:00,0.775,10.197
2021-01-18 19:00,0.782,10.273
2021-01-18 20:00,0.761,10.055
2021-01-18 21:00,0.700,9.501
2021-01-18 22:00,0.640,9.010
2021-01-18 23:00,0.611,8.795
2021-01-19 00:00,0.542,8.304
2021-01-19 01:00,0.309,6.676
2021-01-19 02:00,0.208,5.847
2021-01-19 03:00,0.417,7.456
2021-01-19 04:00,0.708,9.569
2021-01-19 05:00,0.779,10.234
2021-01-19 06:00,0.798,10.436
2021-01-19 07:00,0.692,9.425
2021-01-19 08:00,0.587,8.627
2021-01-19 09:00,0.499,8.012
2021-01-19 10:00,0.377,7.181
2021-01-19 11:00,0.297,6.590
2021-01-19 12:00,0.262,6.310
2021-01-19 13:00,0.270,6.375
2021-01-19 14:00,0.305,6.649
2021-01-19 15:00,0.410,7.410
2021-01-19 16:00,0.527,8.207
2021-01-19 17:00,0.594,8.671
2021-01-19 18:00,0.633,8.971
2021-01-19 19:00,0.655,9.137
2021-01-19 20:00,0.636,8.986
2021-01-19 21:00,0.553,8.389
2021-01-19 22:00,0.463,7.769
2021-01-19 23:00,0.397,7.319
2021-01-20 00:00,0.305,6.653
2021-01-20 01:00,0.157,5.343
2021-01-20 02:00,0.064,4.083
2021-01-20 03:00,0.104,4.694
2021-01-20 04:00,0.135,5.086
2021-01-20 05:00,0.114,4.831
2021-01-20 06:00,0.097,4.599
2021-01-20 07:00,0.069,4.153
2021-01-20 08:00,0.048,3.765
2021-01-20 09:00,0.033,3.417
2021-01-20 10:00,0.019,2.978
2021-01-20 11:00,0.013,2.748
2021-01-20 12:00,0.016,2.875
2021-01-20 13:00,0.021,3.054
2021-01-20 14:00,0.032,3.383
2021-01-20 15:00,0.074,4.249
2021-01-20 16:00,0.161,5.381
2021-01-20 17:00,0.283,6.474
2021-01-20 18:00,0.414,7.433
2021-01-20 19:00,0.513,8.106
2021-01-20 20:00,0.577,8.553
2021-01-20 21:00,0.612,8.814
2021-01-20 22:00,0.639,9.006
2021-01-20 23:00,0.672,9.271
2021-01-21 00:00,0.661,9.173
2021-01-21 01:00,0.393,7.279
2021-01-21 02:00,0.189,5.667
2021-01-21 03:00,0.314,6.714
2021-01-21 04:00,0.356,7.030
2021-01-21 05:00,0.439,7.599
2021-01-21 06:00,0.537,8.274
2021-01-21 07:00,0.542,8.307
2021-01-21 08:00,0.428,7.527
2021-01-21 09:00,0.483,7.898
2021-01-21 10:00,0.556,8.400
2021-01-21 11:00,0.564,8.468
2021-01-21 12:00,0.538,8.278
2021-01-21 13:00,0.546,8.336
2021-01-21 14:00,0.574,8.532
2021-01-21 15:00,0.600,8.714
2021-01-21 16:00,0.588,8.634
2021-01-21 17:00,0.521,8.164
2021-01-21 18:00,0.406,7.375
2021-01-21 19:00,0.279,6.449
2021-01-21 20:00,0.177,5.544
2021-01-21 21:00,0.094,4.554
2021-01-21 22:00,0.044,3.688
2021-01-21 23:00,0.043,3.650
2021-01-22 00:00,0.093,4.536
2021-01-22 01:00,0.125,4.972
2021-01-22 02:00,0.107,4.741
2021-01-22 03:00,0.292,6.555
2021-01-22 04:00,0.347,6.958
2021-01-22 05:00,0.319,6.745
2021-01-22 06:00,0.285,6.488
2021-01-22 07:00,0.229,6.033
2021-01-22 08:00,0.183,5.603
2021-01-22 09:00,0.156,5.316
2021-01-22 10:00,0.124,4.957
2021-01-22 11:00,0.118,4.873
2021-01-22 12:00,0.133,5.057
2021-01-22 13:00,0.171,5.488
2021-01-22 14:00,0.223,5.977
2021-01-22 15:00,0.281,6.462
2021-01-22 16:00,0.362,7.070
2021-01-22 17:00,0.419,7.468
2021-01-22 18:00,0.426,7.509
2021-01-22 19:00,0.410,7.397
2021-01-22 20:00,0.383,7.218
2021-01-22 21:00,0.352,6.999
2021-01-22 22:00,0.344,6.938
2021-01-22 23:00,0.358,7.046
2021-01-23 00:00,0.339,6.908
2021-01-23 01:00,0.180,5.569
2021-01-23 02:00,0.088,4.464
2021-01-23 03:00,0.131,5.041
2021-01-23 04:00,0.161,5.384
2021-01-23 05:00,0.160,5.369
2021-01-23 06:00,0.163,5.400
2021-01-23 07:00,0.151,5.270
2021-01-23 08:00,0.129,5.023
2021-01-23 09:00,0.074,4.249
2021-01-23 10:00,0.032,3.368
2021-01-23 11:00,0.019,2.969
2021-01-23 12:00,0.015,2.840
2021-01-23 13:00,0.013,2.722
2021-01-23 14:00,0.008,2.449
2021-01-23 15:00,0.005,2.269
2021-01-23 16:00,0.004,2.099
2021-01-23 17:00,0.002,1.864
2021-01-23 18:00,0.001,1.760
2021-01-23 19:00,0.002,1.905
2021-01-23 20:00,0.004,2.157
2021-01-23 21:00,0.006,2.307
2021-01-23 22:00,0.009,2.499
2021-01-23 23:00,0.015,2.800
2021-01-24 00:00,0.022,3.094
2021-01-24 01:00,0.017,2.914
2021-01-24 02:00,0.006,2.320
2021-01-24 03:00,0.008,2.450
2021-01-24 04:00,0.029,3.312
2021-01-24 05:00,0.029,3.306
2021-01-24 06:00,0.013,2.718
2021-01-24 07:00,0.004,2.158
2021-01-24 08:00,0.027,3.255
2021-01-24 09:00,0.122,4.937
2021-01-24 10:00,0.189,5.663
2021-01-24 11:00,0.115,4.846
2021-01-24 12:00,0.021,3.066
2021-01-24 13:00,0.025,3.184
2021-01-24 14:00,0.095,4.576
2021-01-24 15:00,0.170,5.475
2021-01-24 16:00,0.239,6.121
2021-01-24 17:00,0.281,6.467
2021-01-24 18:00,0.307,6.663
2021-01-24 19:00,0.342,6.918
2021-01-24 20:00,0.423,7.495
2021-01-24 21:00,0.473,7.841
2021-01-24 22:00,0.436,7.582
2021-01-24 23:00,0.367,7.105
2021-01-25 00:00,0.290,6.539
2021-01-25 01:00,0.233,6.069
2021-01-25 02:00,0.417,7.454
2021-01-25 03:00,0.558,8.416
2021-01-25 04:00,0.617,8.848
2021-01-25 05:00,0.628,8.931
2021-01-25 06:00,0.594,8.673
2021-01-25 07:00,0.510,8.090
2021-01-25 08:00,0.362,7.069
2021-01-25 09:00,0.253,6.230
2021-01-25 10:00,0.282,6.473
2021-01-25 11:00,0.456,7.723
2021-01-25 12:00,0.629,8.941
2021-01-25 13:00,0.735,9.804
2021-01-25 14:00,0.766,10.097
2021-01-25 15:00,0.738,9.838
2021-01-25 16:00,0.711,9.593
2021-01-25 17:00,0.725,9.718
2021-01-25 18:00,0.738,9.840
2021-01-25 19:00,0.747,9.916
2021-01-25 20:00,0.750,9.941
2021-01-25 21:00,0.725,9.714
2021-01-25 22:00,0.685,9.379
2021-01-25 23:00,0.664,9.210
2021-01-26 00:00,0.563,8.459
2021-01-26 01:00,0.542,8.308
2021-01-26 02:00,0.918,12.326
2021-01-26 03:00,0.957,13.497
2021-01-26 04:00,0.963,13.763
2021-01-26 05:00,0.957,13.497
2021-01-26 06:00,0.944,13.031
2021-01-26 07:00,0.922,12.401
2021-01-26 08:00,0.847,11.047
2021-01-26 09:00,0.729,9.755
2021-01-26 10:00,0.668,9.234
2021-01-26 11:00,0.627,8.915
2021-01-26 12:00,0.612,8.810
2021-01-26 13:00,0.582,8.594
2021-01-26 14:00,0.516,8.132
2021-01-26 15:00,0.502,8.031
2021-01-26 16:00,0.511,8.096
2021-01-26 17:00,0.534,8.252
2021-01-26 18:00,0.605,8.756
2021-01-26 19:00,0.674,9.290
2021-01-26 20:00,0.700,9.498
2021-01-26 21:00,0.688,9.393
2021-01-26 22:00,0.680,9.336
2021-01-26 23:00,0.677,9.314
2021-01-27 00:00,0.533,8.243
2021-01-27 01:00,0.401,7.345
2021-01-27 02:00,0.748,9.928
2021-01-27 03:00,0.863,11.279
2021-01-27 04:00,0.900,11.925
2021-01-27 05:00,0.919,12.347
2021-01-27 06:00,0.923,12.449
2021-01-27 07:00,0.928,12.576
2021-01-27 08:00,0.923,12.453
2021-01-27 09:00,0.904,12.011
2021-01-27 10:00,0.926,12.505
2021-01-27 11:00,0.951,13.281
2021-01-27 12:00,0.976,14.459
2021-01-27 13:00,0.993,16.572
2021-01-27 14:00,0.993,17.002
2021-01-27 15:00,0.990,15.848
2021-01-27 16:00,0.985,15.209
2021-01-27 17:00,0.989,15.718
2021-01-27 18:00,0.989,15.748
2021-01-27 19:00,0.986,15.309
2021-01-27 20:00,0.981,14.857
2021-01-27 21:00,0.985,15.230
2021-01-27 22:00,0.987,15.403
2021-01-27 23:00,0.983,15.016
2021-01-28 00:00,0.979,14.645
2021-01-28 01:00,0.984,15.141
2021-01-28 02:00,0.983,15.051
2021-01-28 03:00,0.977,14.565
2021-01-28 04:00,0.974,14.367
2021-01-28 05:00,0.973,14.298
2021-01-28 06:00,0.972,14.244
2021-01-28 07:00,0.966,13.912
2021-01-28 08:00,0.933,12.702
2021-01-28 09:00,0.901,11.947
2021-01-28 10:00,0.893,11.804
2021-01-28 11:00,0.888,11.698
2021-01-28 12:00,0.916,12.290
2021-01-28 13:00,0.923,12.447
2021-01-28 14:00,0.883,11.616
2021-01-28 15:00,0.884,11.636
2021-01-28 16:00,0.884,11.633
2021-01-28 17:00,0.880,11.565
2021-01-28 18:00,0.878,11.517
2021-01-28 19:00,0.883,11.614
2021-01-28 20:00,0.872,11.428
2021-01-28 21:00,0.828,10.795
2021-01-28 22:00,0.817,10.650
2021-01-28 23:00,0.824,10.739
2021-01-29 00:00,0.752,9.971
2021-01-29 01:00,0.673,9.282
2021-01-29 02:00,0.880,11.554
2021-01-29 03:00,0.955,13.414
2021-01-29 04:00,0.975,14.408
2021-01-29 05:00,0.982,14.919
2021-01-29 06:00,0.986,15.267
2021-01-29 07:00,0.983,15.051
2021-01-29 08:00,0.966,13.904
2021-01-29 09:00,0.934,12.749
2021-01-29 10:00,0.919,12.337
2021-01-29 11:00,0.863,11.285
2021-01-29 12:00,0.840,10.961
2021-01-29 13:00,0.853,11.128
2021-01-29 14:00,0.891,11.751
2021-01-29 15:00,0.966,13.893
2021-01-29 16:00,0.948,13.172
2021-01-29 17:00,0.920,12.365
2021-01-29 18:00,0.884,11.629
2021-01-29 19:00,0.837,10.916
2021-01-29 20:00,0.787,10.317
2021-01-29 21:00,0.769,10.129
2021-01-29 22:00,0.765,10.090
2021-01-29 23:00,0.777,10.220
2021-01-30 00:00,0.700,9.498
2021-01-30 01:00,0.569,8.498
2021-01-30 02:00,0.804,10.514
2021-01-30 03:00,0.936,12.798
2021-01-30 04:00,0.975,14.394
2021-01-30 05:00,0.975,14.431
2021-01-30 06:00,0.965,13.880
2021-01-30 07:00,0.941,12.940
2021-01-30 08:00,0.863,11.274
2021-01-30 09:00,0.795,10.402
2021-01-30 10:00,0.803,10.488
2021-01-30 11:00,0.789,10.341
2021-01-30 12:00,0.767,10.100
2021-01-30 13:00,0.760,10.043
2021-01-30 14:00,0.796,10.413
2021-01-30 15:00,0.833,10.854
2021-01-30 16:00,0.834,10.865
2021-01-30 17:00,0.836,10.891
2021-01-30 18:00,0.826,10.770
2021-01-30 19:00,0.822,10.727
2021-01-30 20:00,0.826,10.772
2021-01-30 21:00,0.814,10.624
2021-01-30 22:00,0.815,10.634
2021-01-30 23:00,0.826,10.768
2021-01-31 00:00,0.766,10.097
2021-01-31 01:00,0.743,9.883
2021-01-31 02:00,0.960,13.628
2021-01-31 03:00,0.993,16.491
2021-01-31 04:00,0.991,17.825
2021-01-31 05:00,0.987,18.231
2021-01-31 06:00,0.990,17.875
2021-01-31 07:00,0.993,16.905
2021-01-31 08:00,0.986,15.287
2021-01-31 09:00,0.970,14.102
2021-01-31 10:00,0.961,13.652
2021-01-31 11:00,0.951,13.282
2021-01-31 12:00,0.934,12.747
2021-01-31 13:00,0.909,12.124
2021-01-31 14:00,0.924,12.477
2021-01-31 15:00,0.926,12.516
2021-01-31 16:00,0.859,11.219
2021-01-31 17:00,0.823,10.733
2021-01-31 18:00,0.794,10.392
2021-01-31 19:00,0.739,9.846
2021-01-31 20:00,0.658,9.150
2021-01-31 21:00,0.628,8.931
2021-01-31 22:00,0.598,8.703
2021-01-31 23:00,0.549,8.358
2021-02-01 00:00,0.563,8.463
2021-02-01 01:00,0.681,9.342
2021-02-01 02:00,0.814,10.629
2021-02-01 03:00,0.871,11.404
2021-02-01 04:00,0.914,12.229
2021-02-01 05:00,0.948,13.180
2021-02-01 06:00,0.958,13.543
2021-02-01 07:00,0.952,13.315
2021-02-01 08:00,0.931,12.654
2021-02-01 09:00,0.842,10.977
2021-02-01 10:00,0.677,9.313
2021-02-01 11:00,0.641,9.025
2021-02-01 12:00,0.636,8.986
2021-02-01 13:00,0.612,8.801
2021-02-01 14:00,0.591,8.659
2021-02-01 15:00,0.594,8.677
2021-02-01 16:00,0.591,8.653
2021-02-01 17:00,0.602,8.734
2021-02-01 18:00,0.637,8.992
2021-02-01 19:00,0.696,9.462
2021-02-01 20:00,0.747,9.914
2021-02-01 21:00,0.772,10.159
2021-02-01 22:00,0.780,10.245
2021-02-01 23:00,0.777,10.212
2021-02-02 00:00,0.663,9.190
2021-02-02 01:00,0.696,9.467
2021-02-02 02:00,0.921,12.409
2021-02-02 03:00,0.948,13.176
2021-02-02 04:00,0.954,13.391
2021-02-02 05:00,0.951,13.280
2021-02-02 06:00,0.941,12.936
2021-02-02 07:00,0.908,12.097
2021-02-02 08:00,0.780,10.244
2021-02-02 09:00,0.583,8.600
2021-02-02 10:00,0.541,8.297
2021-02-02 11:00,0.572,8.514
2021-02-02 12:00,0.606,8.770
2021-02-02 13:00,0.643,9.032
2021-02-02 14:00,0.682,9.348
2021-02-02 15:00,0.714,9.617
2021-02-02 16:00,0.739,9.848
2021-02-02 17:00,0.747,9.916
2021-02-02 18:00,0.727,9.733
2021-02-02 19:00,0.723,9.695
2021-02-02 20:00,0.784,10.294
2021-02-02 21:00,0.848,11.063
2021-02-02 22:00,0.885,11.642
2021-02-02 23:00,0.886,11.654
2021-02-03 00:00,0.779,10.240
2021-02-03 01:00,0.887,11.688
2021-02-03 02:00,0.977,14.539
2021-02-03 03:00,0.986,15.310
2021-02-03 04:00,0.989,15.633
2021-02-03 05:00,0.990,15.822
2021-02-03 06:00,0.989,15.695
2021-02-03 07:00,0.984,15.136
2021-02-03 08:00,0.965,13.833
2021-02-03 09:00,0.906,12.062
2021-02-03 10:00,0.863,11.284
2021-02-03 11:00,0.798,10.435
2021-02-03 12:00,0.799,10.451
2021-02-03 13:00,0.834,10.875
2021-02-03 14:00,0.853,11.135
2021-02-03 15:00,0.867,11.344
2021-02-03 16:00,0.874,11.468
2021-02-03 17:00,0.876,11.494
2021-02-03 18:00,0.877,11.505
2021-02-03 19:00,0.874,11.461
2021-02-03 20:00,0.872,11.436
2021-02-03 21:00,0.876,11.483
2021-02-03 22:00,0.881,11.573
2021-02-03 23:00,0.884,11.636
2021-02-04 00:00,0.797,10.425
2021-02-04 01:00,0.657,9.148
2021-02-04 02:00,0.841,10.966
2021-02-04 03:00,0.920,12.375
2021-02-04 04:00,0.939,12.875
2021-02-04 05:00,0.941,12.948
2021-02-04 06:00,0.944,13.041
2021-02-04 07:00,0.937,12.819
2021-02-04 08:00,0.888,11.707
2021-02-04 09:00,0.851,11.104
2021-02-04 10:00,0.859,11.230
2021-02-04 11:00,0.879,11.547
2021-02-04 12:00,0.897,11.866
2021-02-04 13:00,0.906,12.068
2021-02-04 14:00,0.911,12.167
2021-02-04 15:00,0.924,12.469
2021-02-04 16:00,0.930,12.627
2021-02-04 17:00,0.930,12.635
2021-02-04 18:00,0.929,12.605
2021-02-04 19:00,0.924,12.462
2021-02-04 20:00,0.915,12.258
2021-02-04 21:00,0.900,11.921
2021-02-04 22:00,0.938,12.858
2021-02-04 23:00,0.955,13.416
2021-02-05 00:00,0.873,11.448
2021-02-05 01:00,0.715,9.631
2021-02-05 02:00,0.909,12.113
2021-02-05 03:00,0.969,14.046
2021-02-05 04:00,0.979,14.683
2021-02-05 05:00,0.987,15.414
2021-02-05 06:00,0.991,16.095
2021-02-05 07:00,0.992,16.294
2021-02-05 08:00,0.987,15.479
2021-02-05 09:00,0.963,13.757
2021-02-05 10:00,0.922,12.419
2021-02-05 11:00,0.881,11.578
2021-02-05 12:00,0.838,10.931
2021-02-05 13:00,0.777,10.210
2021-02-05 14:00,0.673,9.282
2021-02-05 15:00,0.645,9.056
2021-02-05 16:00,0.689,9.408
2021-02-05 17:00,0.711,9.597
2021-02-05 18:00,0.706,9.549
2021-02-05 19:00,0.677,9.309
2021-02-05 20:00,0.619,8.860
2021-02-05 21:00,0.546,8.334
2021-02-05 22:00,0.523,8.175
2021-02-05 23:00,0.586,8.625
2021-02-06 00:00,0.550,8.371
2021-02-06 01:00,0.300,6.613
2021-02-06 02:00,0.474,7.844
2021-02-06 03:00,0.661,9.179
2021-02-06 04:00,0.809,10.563
2021-02-06 05:00,0.903,11.988
2021-02-06 06:00,0.933,12.719
2021-02-06 07:00,0.930,12.634
2021-02-06 08:00,0.919,12.346
2021-02-06 09:00,0.874,11.460
2021-02-06 10:00,0.694,9.449
2021-02-06 11:00,0.679,9.323
2021-02-06 12:00,0.735,9.809
2021-02-06 13:00,0.597,8.696
2021-02-06 14:00,0.523,8.181
2021-02-06 15:00,0.505,8.053
2021-02-06 16:00,0.442,7.621
2021-02-06 17:00,0.391,7.273
2021-02-06 18:00,0.392,7.277
2021-02-06 19:00,0.326,6.807
2021-02-06 20:00,0.276,6.423
2021-02-06 21:00,0.213,5.894
2021-02-06 22:00,0.157,5.338
2021-02-06 23:00,0.122,4.931
2021-02-07 00:00,0.087,4.451
2021-02-07 01:00,0.145,5.197
2021-02-07 02:00,0.215,5.913
2021-02-07 03:00,0.331,6.845
2021-02-07 04:00,0.479,7.871
2021-02-07 05:00,0.604,8.741
2021-02-07 06:00,0.684,9.370
2021-02-07 07:00,0.699,9.484
2021-02-07 08:00,0.646,9.068
2021-02-07 09:00,0.499,8.016
2021-02-07 10:00,0.421,7.481
2021-02-07 11:00,0.362,7.071
2021-02-07 12:00,0.316,6.728
2021-02-07 13:00,0.292,6.553
2021-02-07 14:00,0.303,6.635
2021-02-07 15:00,0.324,6.796
2021-02-07 16:00,0.348,6.962
2021-02-07 17:00,0.367,7.099
2021-02-07 18:00,0.387,7.249
2021-02-07 19:00,0.419,7.471
2021-02-07 20:00,0.450,7.673
2021-02-07 21:00,0.460,7.741
2021-02-07 22:00,0.447,7.653
2021-02-07 23:00,0.406,7.376
2021-02-08 00:00,0.301,6.614
2021-02-08 01:00,0.093,4.537
2021-02-08 02:00,0.105,4.716
2021-02-08 03:00,0.122,4.928
2021-02-08 04:00,0.119,4.899
2021-02-08 05:00,0.148,5.239
2021-02-08 06:00,0.196,5.734
2021-02-08 07:00,0.260,6.301
2021-02-08 08:00,0.309,6.682
2021-02-08 09:00,0.335,6.879
2021-02-08 10:00,0.352,6.991
2021-02-08 11:00,0.335,6.867
2021-02-08 12:00,0.299,6.607
2021-02-08 13:00,0.256,6.259
2021-02-08 14:00,0.206,5.825
2021-02-08 15:00,0.182,5.596
2021-02-08 16:00,0.189,5.667
2021-02-08 17:00,0.220,5.947
2021-02-08 18:00,0.267,6.349
2021-02-08 19:00,0.318,6.744
2021-02-08 20:00,0.352,6.993
2021-02-08 21:00,0.357,7.035
2021-02-08 22:00,0.341,6.915
2021-02-08 23:00,0.324,6.797
2021-02-09 00:00,0.295,6.572
2021-02-09 01:00,0.134,5.073
2021-02-09 02:00,0.105,4.707
2021-02-09 03:00,0.205,5.821
2021-02-09 04:00,0.289,6.528
2021-02-09 05:00,0.350,6.982
2021-02-09 06:00,0.377,7.172
2021-02-09 07:00,0.381,7.203
2021-02-09 08:00,0.299,6.606
2021-02-09 09:00,0.227,6.011
2021-02-09 10:00,0.205,5.815
2021-02-09 11:00,0.253,6.235
2021-02-09 12:00,0.327,6.817
2021-02-09 13:00,0.385,7.234
2021-02-09 14:00,0.426,7.516
2021-02-09 15:00,0.441,7.617
2021-02-09 16:00,0.423,7.497
2021-02-09 17:00,0.425,7.507
2021-02-09 18:00,0.475,7.846
2021-02-09 19:00,0.522,8.166
2021-02-09 20:00,0.528,8.215
2021-02-09 21:00,0.479,7.869
2021-02-09 22:00,0.414,7.433
2021-02-09 23:00,0.385,7.230
2021-02-10 00:00,0.370,7.121
2021-02-10 01:00,0.216,5.920
2021-02-10 02:00,0.156,5.328
2021-02-10 03:00,0.345,6.940
2021-02-10 04:00,0.513,8.100
2021-02-10 05:00,0.643,9.031
2021-02-10 06:00,0.700,9.501
2021-02-10 07:00,0.661,9.172
2021-02-10 08:00,0.547,8.343
2021-02-10 09:00,0.590,8.645
2021-02-10 10:00,0.674,9.287
2021-02-10 11:00,0.776,10.190
2021-02-10 12:00,0.840,10.951
2021-02-10 13:00,0.886,11.652
2021-02-10 14:00,0.924,12.476
2021-02-10 15:00,0.950,13.243
2021-02-10 16:00,0.957,13.512
2021-02-10 17:00,0.956,13.456
2021-02-10 18:00,0.955,13.441
2021-02-10 19:00,0.956,13.460
2021-02-10 20:00,0.960,13.613
2021-02-10 21:00,0.965,13.855
2021-02-10 22:00,0.966,13.919
2021-02-10 23:00,0.957,13.509
2021-02-11 00:00,0.910,12.137
2021-02-11 01:00,0.859,11.230
2021-02-11 02:00,0.902,11.974
2021-02-11 03:00,0.826,10.760
2021-02-11 04:00,0.778,10.229
2021-02-11 05:00,0.795,10.397
2021-02-11 06:00,0.827,10.782
2021-02-11 07:00,0.817,10.657
2021-02-11 08:00,0.739,9.843
2021-02-11 09:00,0.718,9.647
2021-02-11 10:00,0.689,9.403
2021-02-11 11:00,0.684,9.366
2021-02-11 12:00,0.612,8.814
2021-02-11 13:00,0.476,7.856
2021-02-11 14:00,0.364,7.078
2021-02-11 15:00,0.309,6.678
2021-02-11 16:00,0.249,6.204
2021-02-11 17:00,0.177,5.540
2021-02-11 18:00,0.118,4.875
2021-02-11 19:00,0.069,4.151
2021-02-11 20:00,0.044,3.677
2021-02-11 21:00,0.040,3.590
2021-02-11 22:00,0.039,3.556
2021-02-11 23:00,0.027,3.229
2021-02-12 00:00,0.018,2.950
2021-02-12 01:00,0.013,2.727
2021-02-12 02:00,0.072,4.221
2021-02-12 03:00,0.172,5.499
2021-02-12 04:00,0.275,6.416
2021-02-12 05:00,0.373,7.139
2021-02-12 06:00,0.400,7.340
2021-02-12 07:00,0.429,7.535
2021-02-12 08:00,0.416,7.450
2021-02-12 09:00,0.370,7.125
2021-02-12 10:00,0.379,7.185
2021-02-12 11:00,0.405,7.368
2021-02-12 12:00,0.395,7.305
2021-02-12 13:00,0.367,7.103
2021-02-12 14:00,0.392,7.278
2021-02-12 15:00,0.452,7.697
2021-02-12 16:00,0.516,8.132
2021-02-12 17:00,0.553,8.387
2021-02-12 18:00,0.572,8.511
2021-02-12 19:00,0.566,8.481
2021-02-12 20:00,0.567,8.485
2021-02-12 21:00,0.577,8.551
2021-02-12 22:00,0.533,8.250
2021-02-12 23:00,0.436,7.585
2021-02-13 00:00,0.224,5.994
2021-02-13 01:00,0.076,4.278
2021-02-13 02:00,0.037,3.493
2021-02-13 03:00,0.091,4.519
2021-02-13 04:00,0.155,5.305
2021-02-13 05:00,0.222,5.968
2021-02-13 06:00,0.281,6.458
2021-02-13 07:00,0.299,6.599
2021-02-13 08:00,0.279,6.448
2021-02-13 09:00,0.321,6.772
2021-02-13 10:00,0.413,7.430
2021-02-13 11:00,0.516,8.123
2021-02-13 12:00,0.522,8.167
2021-02-13 13:00,0.455,7.714
2021-02-13 14:00,0.431,7.555
2021-02-13 15:00,0.419,7.467
2021-02-13 16:00,0.355,7.021
2021-02-13 17:00,0.257,6.275
2021-02-13 18:00,0.242,6.150
2021-02-13 19:00,0.312,6.705
2021-02-13 20:00,0.432,7.561
2021-02-13 21:00,0.472,7.826
2021-02-13 22:00,0.472,7.827
2021-02-13 23:00,0.436,7.588
2021-02-14 00:00,0.524,8.190
2021-02-14 01:00,0.658,9.152
2021-02-14 02:00,0.706,9.554
2021-02-14 03:00,0.710,9.583
2021-02-14 04:00,0.723,9.701
2021-02-14 05:00,0.765,10.092
2021-02-14 06:00,0.795,10.409
2021-02-14 07:00,0.821,10.705
2021-02-14 08:00,0.845,11.027
2021-02-14 09:00,0.845,11.020
2021-02-14 10:00,0.804,10.515
2021-02-14 11:00,0.703,9.528
2021-02-14 12:00,0.598,8.704
2021-02-14 13:00,0.483,7.900
2021-02-14 14:00,0.323,6.787
2021-02-14 15:00,0.320,6.754
2021-02-14 16:00,0.383,7.217
2021-02-14 17:00,0.463,7.768
2021-02-14 18:00,0.551,8.378
2021-02-14 19:00,0.631,8.953
2021-02-14 20:00,0.691,9.416
2021-02-14 21:00,0.698,9.483
2021-02-14 22:00,0.694,9.447
2021-02-14 23:00,0.670,9.251
2021-02-15 00:00,0.574,8.537
2021-02-15 01:00,0.869,11.381
2021-02-15 02:00,0.977,14.567
2021-02-15 03:00,0.992,16.342
2021-02-15 04:00,0.993,17.077
2021-02-15 05:00,0.992,17.510
2021-02-15 06:00,0.992,17.574
2021-02-15 07:00,0.993,16.974
2021-02-15 08:00,0.991,16.013
2021-02-15 09:00,0.986,15.255
2021-02-15 10:00,0.981,14.799
2021-02-15 11:00,0.977,14.562
2021-02-15 12:00,0.965,13.838
2021-02-15 13:00,0.963,13.754
2021-02-15 14:00,0.935,12.771
2021-02-15 15:00,0.841,10.963
2021-02-15 16:00,0.729,9.750
2021-02-15 17:00,0.683,9.358
2021-02-15 18:00,0.723,9.701
2021-02-15 19:00,0.768,10.129
2021-02-15 20:00,0.781,10.262
2021-02-15 21:00,0.799,10.448
2021-02-15 22:00,0.784,10.290
2021-02-15 23:00,0.786,10.313
2021-02-16 00:00,0.965,13.858
2021-02-16 01:00,0.984,15.056
2021-02-16 02:00,0.989,15.701
2021-02-16 03:00,0.991,16.112
2021-02-16 04:00,0.993,16.589
2021-02-16 05:00,0.993,17.043
2021-02-16 06:00,0.992,17.449
2021-02-16 07:00,0.992,17.603
2021-02-16 08:00,0.993,17.271
2021-02-16 09:00,0.990,15.874
2021-02-16 10:00,0.967,13.963
2021-02-16 11:00,0.924,12.466
2021-02-16 12:00,0.841,10.971
2021-02-16 13:00,0.588,8.639
2021-02-16 14:00,0.463,7.772
2021-02-16 15:00,0.480,7.889
2021-02-16 16:00,0.542,8.308
2021-02-16 17:00,0.603,8.736
2021-02-16 18:00,0.652,9.110
2021-02-16 19:00,0.685,9.374
2021-02-16 20:00,0.704,9.532
2021-02-16 21:00,0.688,9.396
2021-02-16 22:00,0.665,9.215
2021-02-16 23:00,0.627,8.917
2021-02-17 00:00,0.606,8.767
2021-02-17 01:00,0.794,10.394
2021-02-17 02:00,0.826,10.761
2021-02-17 03:00,0.864,11.299
2021-02-17 04:00,0.879,11.528
2021-02-17 05:00,0.871,11.416
2021-02-17 06:00,0.843,11.000
2021-02-17 07:00,0.808,10.560
2021-02-17 08:00,0.725,9.721
2021-02-17 09:00,0.520,8.151
2021-02-17 10:00,0.423,7.494
2021-02-17 11:00,0.281,6.459
2021-02-17 12:00,0.162,5.395
2021-02-17 13:00,0.137,5.115
2021-02-17 14:00,0.239,6.121
2021-02-17 15:00,0.460,7.743
2021-02-17 16:00,0.653,9.118
2021-02-17 17:00,0.749,9.934
2021-02-17 18:00,0.787,10.323
2021-02-17 19:00,0.797,10.420
2021-02-17 20:00,0.795,10.399
2021-02-17 21:00,0.793,10.388
2021-02-17 22:00,0.801,10.474
2021-02-17 23:00,0.811,10.589
2021-02-18 00:00,0.700,9.492
2021-02-18 01:00,0.400,7.334
2021-02-18 02:00,0.541,8.300
2021-02-18 03:00,0.822,10.719
2021-02-18 04:00,0.863,11.277
2021-02-18 05:00,0.885,11.649
2021-02-18 06:00,0.896,11.854
2021-02-18 07:00,0.892,11.774
2021-02-18 08:00,0.833,10.848
2021-02-18 09:00,0.869,11.376
2021-02-18 10:00,0.905,12.047
2021-02-18 11:00,0.918,12.318
2021-02-18 12:00,0.923,12.440
2021-02-18 13:00,0.938,12.848
2021-02-18 14:00,0.948,13.185
2021-02-18 15:00,0.953,13.330
2021-02-18 16:00,0.947,13.125
2021-02-18 17:00,0.956,13.450
2021-02-18 18:00,0.960,13.615
2021-02-18 19:00,0.959,13.603
2021-02-18 20:00,0.958,13.547
2021-02-18 21:00,0.954,13.398
2021-02-18 22:00,0.953,13.361
2021-02-18 23:00,0.946,13.123
2021-02-19 00:00,0.903,11.994
2021-02-19 01:00,0.926,12.508
2021-02-19 02:00,0.974,14.336
2021-02-19 03:00,0.979,14.669
2021-02-19 04:00,0.972,14.226
2021-02-19 05:00,0.966,13.919
2021-02-19 06:00,0.953,13.352
2021-02-19 07:00,0.913,12.195
2021-02-19 08:00,0.762,10.067
2021-02-19 09:00,0.677,9.315
2021-02-19 10:00,0.776,10.190
2021-02-19 11:00,0.868,11.360
2021-02-19 12:00,0.897,11.871
2021-02-19 13:00,0.894,11.824
2021-02-19 14:00,0.941,12.958
2021-02-19 15:00,0.952,13.307
2021-02-19 16:00,0.932,12.686
2021-02-19 17:00,0.916,12.271
2021-02-19 18:00,0.899,11.904
2021-02-19 19:00,0.891,11.752
2021-02-19 20:00,0.882,11.593
2021-02-19 21:00,0.876,11.497
2021-02-19 22:00,0.871,11.402
2021-02-19 23:00,0.855,11.165
2021-02-20 00:00,0.760,10.041
2021-02-20 01:00,0.750,9.941
2021-02-20 02:00,0.939,12.887
2021-02-20 03:00,0.984,15.143
2021-02-20 04:00,0.990,15.871
2021-02-20 05:00,0.991,16.030
2021-02-20 06:00,0.988,15.578
2021-02-20 07:00,0.978,14.598
2021-02-20 08:00,0.964,13.817
2021-02-20 09:00,0.960,13.645
2021-02-20 10:00,0.943,13.001
2021-02-20 11:00,0.936,12.810
2021-02-20 12:00,0.923,12.456
2021-02-20 13:00,0.907,12.070
2021-02-20 14:00,0.895,11.835
2021-02-20 15:00,0.889,11.722
2021-02-20 16:00,0.876,11.499
2021-02-20 17:00,0.896,11.856
2021-02-20 18:00,0.864,11.304
2021-02-20 19:00,0.846,11.036
2021-02-20 20:00,0.843,10.999
2021-02-20 21:00,0.873,11.449
2021-02-20 22:00,0.935,12.771
2021-02-20 23:00,0.933,12.708
2021-02-21 00:00,0.824,10.751
2021-02-21 01:00,0.886,11.650
2021-02-21 02:00,0.904,12.007
2021-02-21 03:00,0.882,11.579
2021-02-21 04:00,0.842,10.981
2021-02-21 05:00,0.803,10.496
2021-02-21 06:00,0.752,9.963
2021-02-21 07:00,0.696,9.464
2021-02-21 08:00,0.600,8.722
2021-02-21 09:00,0.697,9.475
2021-02-21 10:00,0.838,10.925
2021-02-21 11:00,0.838,10.930
2021-02-21 12:00,0.883,11.612
2021-02-21 13:00,0.893,11.781
2021-02-21 14:00,0.838,10.929
2021-02-21 15:00,0.839,10.944
2021-02-21 16:00,0.768,10.125
2021-02-21 17:00,0.647,9.078
2021-02-21 18:00,0.550,8.370
2021-02-21 19:00,0.455,7.713
2021-02-21 20:00,0.383,7.217
2021-02-21 21:00,0.324,6.793
2021-02-21 22:00,0.257,6.264
2021-02-21 23:00,0.191,5.684
2021-02-22 00:00,0.161,5.380
2021-02-22 01:00,0.137,5.118
2021-02-22 02:00,0.109,4.762
2021-02-22 03:00,0.113,4.812
2021-02-22 04:00,0.149,5.256
2021-02-22 05:00,0.226,6.005
2021-02-22 06:00,0.232,6.056
2021-02-22 07:00,0.141,5.163
2021-02-22 08:00,0.055,3.892
2021-02-22 09:00,0.075,4.260
2021-02-22 10:00,0.188,5.661
2021-02-22 11:00,0.138,5.127
2021-02-22 12:00,0.035,3.466
2021-02-22 13:00,0.006,2.309
2021-02-22 14:00,0.006,2.337
2021-02-22 15:00,0.005,2.216
2021-02-22 16:00,0.002,1.934
2021-02-22 17:00,0.001,1.769
2021-02-22 18:00,0.005,2.222
2021-02-22 19:00,0.024,3.153
2021-02-22 20:00,0.037,3.523
2021-02-22 21:00,0.024,3.147
2021-02-22 22:00,0.047,3.735
2021-02-22 23:00,0.062,4.042
2021-02-23 00:00,0.033,3.424
2021-02-23 01:00,0.014,2.775
2021-02-23 02:00,0,0.660
2021-02-23 03:00,0,0.047
2021-02-23 04:00,0,0.318
2021-02-23 05:00,0,1.080
2021-02-23 06:00,0,1.262
2021-02-23 07:00,0,0.830
2021-02-23 08:00,0,1.442
2021-02-23 09:00,0.072,4.223
2021-02-23 10:00,0.296,6.576
2021-02-23 11:00,0.436,7.580
2021-02-23 12:00,0.409,7.389
2021-02-23 13:00,0.320,6.756
2021-02-23 14:00,0.239,6.122
2021-02-23 15:00,0.236,6.095
2021-02-23 16:00,0.305,6.649
2021-02-23 17:00,0.350,6.983
2021-02-23 18:00,0.371,7.133
2021-02-23 19:00,0.365,7.090
2021-02-23 20:00,0.325,6.802
2021-02-23 21:00,0.254,6.239
2021-02-23 22:00,0.224,5.992
2021-02-23 23:00,0.185,5.631
2021-02-24 00:00,0.117,4.869
2021-02-24 01:00,0.093,4.533
2021-02-24 02:00,0.049,3.779
2021-02-24 03:00,0.034,3.429
2021-02-24 04:00,0.021,3.057
2021-02-24 05:00,0.016,2.857
2021-02-24 06:00,0.016,2.849
2021-02-24 07:00,0.016,2.874
2021-02-24 08:00,0.001,1.749
2021-02-24 09:00,0,0.812
2021-02-24 10:00,0,1.448
2021-02-24 11:00,0.003,1.986
2021-02-24 12:00,0.007,2.355
2021-02-24 13:00,0.016,2.857
2021-02-24 14:00,0.029,3.305
2021-02-24 15:00,0.042,3.630
2021-02-24 16:00,0.040,3.588
2021-02-24 17:00,0.062,4.027
2021-02-24 18:00,0.131,5.038
2021-02-24 19:00,0.226,6.005
2021-02-24 20:00,0.369,7.115
2021-02-24 21:00,0.462,7.756
2021-02-24 22:00,0.497,7.996
2021-02-24 23:00,0.460,7.747
2021-02-25 00:00,0.265,6.331
2021-02-25 01:00,0.321,6.776
2021-02-25 02:00,0.257,6.264
2021-02-25 03:00,0.223,5.977
2021-02-25 04:00,0.226,6.003
2021-02-25 05:00,0.214,5.903
2021-02-25 06:00,0.186,5.638
2021-02-25 07:00,0.148,5.238
2021-02-25 08:00,0.123,4.943
2021-02-25 09:00,0.140,5.149
2021-02-25 10:00,0.115,4.841
2021-02-25 11:00,0.068,4.133
2021-02-25 12:00,0.025,3.178
2021-02-25 13:00,0.016,2.861
2021-02-25 14:00,0.059,3.987
2021-02-25 15:00,0.171,5.483
2021-02-25 16:00,0.273,6.404
2021-02-25 17:00,0.337,6.887
2021-02-25 18:00,0.358,7.044
2021-02-25 19:00,0.322,6.779
2021-02-25 20:00,0.257,6.262
2021-02-25 21:00,0.210,5.865
2021-02-25 22:00,0.224,5.979
2021-02-25 23:00,0.259,6.291
2021-02-26 00:00,0.190,5.677
2021-02-26 01:00,0.493,7.976
2021-02-26 02:00,0.731,9.771
2021-02-26 03:00,0.848,11.071
2021-02-26 04:00,0.917,12.296
2021-02-26 05:00,0.948,13.159
2021-02-26 06:00,0.961,13.695
2021-02-26 07:00,0.965,13.841
2021-02-26 08:00,0.936,12.794
2021-02-26 09:00,0.896,11.851
2021-02-26 10:00,0.903,11.993
2021-02-26 11:00,0.899,11.916
2021-02-26 12:00,0.896,11.848
2021-02-26 13:00,0.887,11.688
2021-02-26 14:00,0.883,11.603
2021-02-26 15:00,0.882,11.596
2021-02-26 16:00,0.890,11.736
2021-02-26 17:00,0.876,11.498
2021-02-26 18:00,0.850,11.085
2021-02-26 19:00,0.842,10.976
2021-02-26 20:00,0.789,10.337
2021-02-26 21:00,0.689,9.401
2021-02-26 22:00,0.633,8.971
2021-02-26 23:00,0.586,8.622
2021-02-27 00:00,0.775,10.196
2021-02-27 01:00,0.953,13.351
2021-02-27 02:00,0.974,14.334
2021-02-27 03:00,0.970,14.098
2021-02-27 04:00,0.959,13.585
2021-02-27 05:00,0.946,13.111
2021-02-27 06:00,0.938,12.853
2021-02-27 07:00,0.919,12.344
2021-02-27 08:00,0.834,10.873
2021-02-27 09:00,0.674,9.288
2021-02-27 10:00,0.625,8.904
2021-02-27 11:00,0.565,8.472
2021-02-27 12:00,0.514,8.114
2021-02-27 13:00,0.515,8.116
2021-02-27 14:00,0.460,7.742
2021-02-27 15:00,0.238,6.108
2021-02-27 16:00,0.135,5.088
2021-02-27 17:00,0.069,4.162
2021-02-27 18:00,0.016,2.857
2021-02-27 19:00,0.005,2.231
2021-02-27 20:00,0.065,4.090
2021-02-27 21:00,0.243,6.160
2021-02-27 22:00,0.442,7.621
2021-02-27 23:00,0.615,8.828
2021-02-28 00:00,0.637,8.988
2021-02-28 01:00,0.556,8.402
2021-02-28 02:00,0.490,7.954
2021-02-28 03:00,0.433,7.567
2021-02-28 04:00,0.449,7.665
2021-02-28 05:00,0.516,8.133
2021-02-28 06:00,0.587,8.630
2021-02-28 07:00,0.621,8.877
2021-02-28 08:00,0.478,7.868
2021-02-28 09:00,0.495,7.985
2021-02-28 10:00,0.498,8.007
2021-02-28 11:00,0.467,7.800
2021-02-28 12:00,0.374,7.157
2021-02-28 13:00,0.260,6.295
2021-02-28 14:00,0.160,5.373
2021-02-28 15:00,0.113,4.816
2021-02-28 16:00,0.099,4.617
2021-02-28 17:00,0.088,4.465
2021-02-28 18:00,0.098,4.612
2021-02-28 19:00,0.128,5.011
2021-02-28 20:00,0.156,5.328
2021-02-28 21:00,0.127,5.000
2021-02-28 22:00,0.077,4.291
2021-02-28 23:00,0.039,3.554
2021-03-01 00:00,0.065,4.091
2021-03-01 01:00,0.185,5.625
2021-03-01 02:00,0.494,7.982
2021-03-01 03:00,0.742,9.869
2021-03-01 04:00,0.861,11.251
2021-03-01 05:00,0.916,12.281
2021-03-01 06:00,0.940,12.903
2021-03-01 07:00,0.950,13.227
2021-03-01 08:00,0.946,13.081
2021-03-01 09:00,0.918,12.326
2021-03-01 10:00,0.881,11.578
2021-03-01 11:00,0.831,10.828
2021-03-01 12:00,0.750,9.949
2021-03-01 13:00,0.663,9.192
2021-03-01 14:00,0.581,8.575
2021-03-01 15:00,0.526,8.203
2021-03-01 16:00,0.456,7.722
2021-03-01 17:00,0.419,7.469
2021-03-01 18:00,0.395,7.302
2021-03-01 19:00,0.455,7.719
2021-03-01 20:00,0.519,8.146
2021-03-01 21:00,0.549,8.358
2021-03-01 22:00,0.581,8.574
2021-03-01 23:00,0.577,8.548
2021-03-02 00:00,0.382,7.216
2021-03-02 01:00,0.675,9.297
2021-03-02 02:00,0.855,11.170
2021-03-02 03:00,0.901,11.949
2021-03-02 04:00,0.927,12.560
2021-03-02 05:00,0.938,12.867
2021-03-02 06:00,0.941,12.961
2021-03-02 07:00,0.939,12.892
2021-03-02 08:00,0.915,12.251
2021-03-02 09:00,0.901,11.943
2021-03-02 10:00,0.914,12.224
2021-03-02 11:00,0.906,12.063
2021-03-02 12:00,0.904,12.012
2021-03-02 13:00,0.897,11.875
2021-03-02 14:00,0.885,11.648
2021-03-02 15:00,0.847,11.045
2021-03-02 16:00,0.845,11.025
2021-03-02 17:00,0.843,11.000
2021-03-02 18:00,0.850,11.089
2021-03-02 19:00,0.845,11.029
2021-03-02 20:00,0.833,10.852
2021-03-02 21:00,0.806,10.528
2021-03-02 22:00,0.793,10.384
2021-03-02 23:00,0.743,9.884
2021-03-03 00:00,0.539,8.288
2021-03-03 01:00,0.655,9.133
2021-03-03 02:00,0.860,11.236
2021-03-03 03:00,0.893,11.780
2021-03-03 04:00,0.906,12.064
2021-03-03 05:00,0.921,12.390
2021-03-03 06:00,0.923,12.442
2021-03-03 07:00,0.908,12.105
2021-03-03 08:00,0.829,10.811
2021-03-03 09:00,0.785,10.304
2021-03-03 10:00,0.835,10.885
2021-03-03 11:00,0.845,11.022
2021-03-03 12:00,0.856,11.174
2021-03-03 13:00,0.866,11.326
2021-03-03 14:00,0.865,11.319
2021-03-03 15:00,0.851,11.099
2021-03-03 16:00,0.799,10.451
2021-03-03 17:00,0.784,10.292
2021-03-03 18:00,0.772,10.163
2021-03-03 19:00,0.752,9.970
2021-03-03 20:00,0.730,9.764
2021-03-03 21:00,0.689,9.406
2021-03-03 22:00,0.672,9.271
2021-03-03 23:00,0.591,8.656
2021-03-04 00:00,0.354,7.008
2021-03-04 01:00,0.229,6.032
2021-03-04 02:00,0.468,7.803
2021-03-04 03:00,0.501,8.025
2021-03-04 04:00,0.524,8.190
2021-03-04 05:00,0.591,8.652
2021-03-04 06:00,0.694,9.446
2021-03-04 07:00,0.765,10.085
2021-03-04 08:00,0.724,9.705
2021-03-04 09:00,0.636,8.986
2021-03-04 10:00,0.565,8.474
2021-03-04 11:00,0.458,7.733
2021-03-04 12:00,0.413,7.430
2021-03-04 13:00,0.474,7.843
2021-03-04 14:00,0.562,8.441
2021-03-04 15:00,0.655,9.136
2021-03-04 16:00,0.710,9.577
2021-03-04 17:00,0.682,9.352
2021-03-04 18:00,0.587,8.633
2021-03-04 19:00,0.502,8.038
2021-03-04 20:00,0.628,8.931
2021-03-04 21:00,0.830,10.823
2021-03-04 22:00,0.833,10.856
2021-03-04 23:00,0.837,10.898
2021-03-05 00:00,0.847,11.048
2021-03-05 01:00,0.829,10.811
2021-03-05 02:00,0.762,10.063
2021-03-05 03:00,0.661,9.174
2021-03-05 04:00,0.531,8.235
2021-03-05 05:00,0.404,7.363
2021-03-05 06:00,0.334,6.865
2021-03-05 07:00,0.296,6.579
2021-03-05 08:00,0.275,6.417
2021-03-05 09:00,0.281,6.469
2021-03-05 10:00,0.327,6.817
2021-03-05 11:00,0.379,7.185
2021-03-05 12:00,0.416,7.453
2021-03-05 13:00,0.414,7.432
2021-03-05 14:00,0.306,6.662
2021-03-05 15:00,0.215,5.912
2021-03-05 16:00,0.165,5.425
2021-03-05 17:00,0.134,5.084
2021-03-05 18:00,0.108,4.747
2021-03-05 19:00,0.093,4.546
2021-03-05 20:00,0.084,4.397
2021-03-05 21:00,0.062,4.030
2021-03-05 22:00,0.036,3.491
2021-03-05 23:00,0.008,2.485
2021-03-06 00:00,0,1.175
2021-03-06 01:00,0,0.036
2021-03-06 02:00,0.012,2.666
2021-03-06 03:00,0.030,3.337
2021-03-06 04:00,0.024,3.150
2021-03-06 05:00,0.017,2.907
2021-03-06 06:00,0.011,2.656
2021-03-06 07:00,0.007,2.428
2021-03-06 08:00,0.005,2.206
2021-03-06 09:00,0.002,1.944
2021-03-06 10:00,0.001,1.578
2021-03-06 11:00,0.001,1.529
2021-03-06 12:00,0.002,1.888
2021-03-06 13:00,0.007,2.378
2021-03-06 14:00,0.013,2.735
2021-03-06 15:00,0.014,2.769
2021-03-06 16:00,0.010,2.556
2021-03-06 17:00,0.006,2.316
2021-03-06 18:00,0.007,2.362
2021-03-06 19:00,0.013,2.703
2021-03-06 20:00,0.023,3.121
2021-03-06 21:00,0.037,3.498
2021-03-06 22:00,0.051,3.823
2021-03-06 23:00,0.063,4.054
2021-03-07 00:00,0.044,3.682
2021-03-07 01:00,0.084,4.397
2021-03-07 02:00,0.128,5.008
2021-03-07 03:00,0.167,5.445
2021-03-07 04:00,0.184,5.615
2021-03-07 05:00,0.205,5.823
2021-03-07 06:00,0.240,6.134
2021-03-07 07:00,0.262,6.311
2021-03-07 08:00,0.232,6.056
2021-03-07 09:00,0.197,5.746
2021-03-07 10:00,0.181,5.589
2021-03-07 11:00,0.173,5.507
2021-03-07 12:00,0.194,5.716
2021-03-07 13:00,0.223,5.970
2021-03-07 14:00,0.246,6.173
2021-03-07 15:00,0.262,6.315
2021-03-07 16:00,0.279,6.444
2021-03-07 17:00,0.327,6.816
2021-03-07 18:00,0.435,7.576
2021-03-07 19:00,0.501,8.026
2021-03-07 20:00,0.513,8.100
2021-03-07 21:00,0.430,7.547
2021-03-07 22:00,0.334,6.863
2021-03-07 23:00,0.269,6.367
2021-03-08 00:00,0.179,5.558
2021-03-08 01:00,0.223,5.974
2021-03-08 02:00,0.248,6.192
2021-03-08 03:00,0.204,5.814
2021-03-08 04:00,0.191,5.684
2021-03-08 05:00,0.195,5.726
2021-03-08 06:00,0.194,5.712
2021-03-08 07:00,0.165,5.429
2021-03-08 08:00,0.118,4.885
2021-03-08 09:00,0.093,4.534
2021-03-08 10:00,0.072,4.221
2021-03-08 11:00,0.063,4.056
2021-03-08 12:00,0.065,4.097
2021-03-08 13:00,0.077,4.301
2021-03-08 14:00,0.097,4.607
2021-03-08 15:00,0.113,4.813
2021-03-08 16:00,0.123,4.942
2021-03-08 17:00,0.131,5.037
2021-03-08 18:00,0.133,5.062
2021-03-08 19:00,0.126,4.978
2021-03-08 20:00,0.106,4.720
2021-03-08 21:00,0.087,4.458
2021-03-08 22:00,0.068,4.136
2021-03-08 23:00,0.044,3.675
2021-03-09 00:00,0.010,2.555
2021-03-09 01:00,0,0.154
2021-03-09 02:00,0,0.822
2021-03-09 03:00,0.002,1.780
2021-03-09 04:00,0.011,2.639
2021-03-09 05:00,0.030,3.318
2021-03-09 06:00,0.045,3.700
2021-03-09 07:00,0.049,3.795
2021-03-09 08:00,0.048,3.769
2021-03-09 09:00,0.050,3.807
2021-03-09 10:00,0.055,3.904
2021-03-09 11:00,0.064,4.075
2021-03-09 12:00,0.075,4.257
2021-03-09 13:00,0.112,4.794
2021-03-09 14:00,0.232,6.062
2021-03-09 15:00,0.493,7.976
2021-03-09 16:00,0.689,9.405
2021-03-09 17:00,0.700,9.493
2021-03-09 18:00,0.662,9.187
2021-03-09 19:00,0.668,9.234
2021-03-09 20:00,0.666,9.225
2021-03-09 21:00,0.661,9.173
2021-03-09 22:00,0.669,9.240
2021-03-09 23:00,0.581,8.586
2021-03-10 00:00,0.423,7.500
2021-03-10 01:00,0.660,9.167
2021-03-10 02:00,0.680,9.336
2021-03-10 03:00,0.624,8.893
2021-03-10 04:00,0.550,8.370
2021-03-10 05:00,0.510,8.090
2021-03-10 06:00,0.485,7.915
2021-03-10 07:00,0.429,7.533
2021-03-10 08:00,0.324,6.796
2021-03-10 09:00,0.178,5.546
2021-03-10 10:00,0.108,4.749
2021-03-10 11:00,0.111,4.786
2021-03-10 12:00,0.136,5.102
2021-03-10 13:00,0.167,5.443
2021-03-10 14:00,0.223,5.973
2021-03-10 15:00,0.359,7.049
2021-03-10 16:00,0.527,8.210
2021-03-10 17:00,0.616,8.836
2021-03-10 18:00,0.594,8.671
2021-03-10 19:00,0.517,8.141
2021-03-10 20:00,0.461,7.754
2021-03-10 21:00,0.403,7.354
2021-03-10 22:00,0.374,7.152
2021-03-10 23:00,0.282,6.472
2021-03-11 00:00,0.216,5.918
2021-03-11 01:00,0.178,5.551
2021-03-11 02:00,0.089,4.491
2021-03-11 03:00,0.085,4.430
2021-03-11 04:00,0.113,4.823
2021-03-11 05:00,0.143,5.187
2021-03-11 06:00,0.177,5.543
2021-03-11 07:00,0.227,6.017
2021-03-11 08:00,0.273,6.403
2021-03-11 09:00,0.284,6.482
2021-03-11 10:00,0.233,6.072
2021-03-11 11:00,0.121,4.920
2021-03-11 12:00,0.040,3.595
2021-03-11 13:00,0.013,2.709
2021-03-11 14:00,0.013,2.718
2021-03-11 15:00,0.038,3.538
2021-03-11 16:00,0.105,4.710
2021-03-11 17:00,0.142,5.172
2021-03-11 18:00,0.115,4.848
2021-03-11 19:00,0.137,5.116
2021-03-11 20:00,0.204,5.801
2021-03-11 21:00,0.208,5.846
2021-03-11 22:00,0.188,5.657
2021-03-11 23:00,0.201,5.775
2021-03-12 00:00,0.218,5.935
2021-03-12 01:00,0.278,6.435
2021-03-12 02:00,0.296,6.575
2021-03-12 03:00,0.311,6.699
2021-03-12 04:00,0.318,6.739
2021-03-12 05:00,0.311,6.692
2021-03-12 06:00,0.336,6.881
2021-03-12 07:00,0.382,7.215
2021-03-12 08:00,0.410,7.396
2021-03-12 09:00,0.387,7.238
2021-03-12 10:00,0.380,7.198
2021-03-12 11:00,0.281,6.470
2021-03-12 12:00,0.142,5.175
2021-03-12 13:00,0.036,3.473
2021-03-12 14:00,0.001,1.645
2021-03-12 15:00,0,0.474
2021-03-12 16:00,0.001,1.625
2021-03-12 17:00,0.021,3.054
2021-03-12 18:00,0.070,4.185
2021-03-12 19:00,0.104,4.705
2021-03-12 20:00,0.110,4.773
2021-03-12 21:00,0.091,4.515
2021-03-12 22:00,0.066,4.115
2021-03-12 23:00,0.035,3.452
2021-03-13 00:00,0.009,2.497
2021-03-13 01:00,0.025,3.170
2021-03-13 02:00,0.062,4.031
2021-03-13 03:00,0.080,4.343
2021-03-13 04:00,0.094,4.558
2021-03-13 05:00,0.125,4.966
2021-03-13 06:00,0.153,5.288
2021-03-13 07:00,0.140,5.153
2021-03-13 08:00,0.110,4.774
2021-03-13 09:00,0.072,4.217
2021-03-13 10:00,0.056,3.920
2021-03-13 11:00,0.103,4.679
2021-03-13 12:00,0.201,5.778
2021-03-13 13:00,0.396,7.312
2021-03-13 14:00,0.601,8.729
2021-03-13 15:00,0.733,9.787
2021-03-13 16:00,0.754,9.987
2021-03-13 17:00,0.720,9.666
2021-03-13 18:00,0.643,9.043
2021-03-13 19:00,0.550,8.365
2021-03-13 20:00,0.527,8.210
2021-03-13 21:00,0.429,7.536
2021-03-13 22:00,0.387,7.247
2021-03-13 23:00,0.367,7.108
2021-03-14 00:00,0.484,7.913
2021-03-14 01:00,0.609,8.785
2021-03-14 02:00,0.713,9.615
2021-03-14 03:00,0.826,10.778
2021-03-14 04:00,0.876,11.497
2021-03-14 05:00,0.889,11.720
2021-03-14 06:00,0.906,12.056
2021-03-14 07:00,0.891,11.757
2021-03-14 08:00,0.847,11.057
2021-03-14 09:00,0.762,10.063
2021-03-14 10:00,0.813,10.601
2021-03-14 11:00,0.884,11.632
2021-03-14 12:00,0.909,12.115
2021-03-14 13:00,0.901,11.961
2021-03-14 14:00,0.858,11.205
2021-03-14 15:00,0.695,9.455
2021-03-14 16:00,0.796,10.415
2021-03-14 17:00,0.956,13.475
2021-03-14 18:00,0.961,13.658
2021-03-14 19:00,0.975,14.395
2021-03-14 20:00,0.987,15.384
2021-03-14 21:00,0.993,16.492
2021-03-14 22:00,0.992,16.239
2021-03-14 23:00,0.992,16.233
2021-03-15 00:00,0.992,16.278
2021-03-15 01:00,0.988,15.523
2021-03-15 02:00,0.978,14.640
2021-03-15 03:00,0.961,13.659
2021-03-15 04:00,0.938,12.831
2021-03-15 05:00,0.949,13.200
2021-03-15 06:00,0.958,13.568
2021-03-15 07:00,0.951,13.272
2021-03-15 08:00,0.933,12.717
2021-03-15 09:00,0.846,11.033
2021-03-15 10:00,0.750,9.946
2021-03-15 11:00,0.683,9.359
2021-03-15 12:00,0.581,8.590
2021-03-15 13:00,0.505,8.048
2021-03-15 14:00,0.459,7.737
2021-03-15 15:00,0.429,7.542
2021-03-15 16:00,0.393,7.287
2021-03-15 17:00,0.367,7.103
2021-03-15 18:00,0.342,6.925
2021-03-15 19:00,0.311,6.696
2021-03-15 20:00,0.273,6.399
2021-03-15 21:00,0.202,5.785
2021-03-15 22:00,0.122,4.932
2021-03-15 23:00,0.082,4.370
2021-03-16 00:00,0.038,3.550
2021-03-16 01:00,0.017,2.918
2021-03-16 02:00,0.017,2.907
2021-03-16 03:00,0.046,3.729
2021-03-16 04:00,0.145,5.209
2021-03-16 05:00,0.319,6.745
2021-03-16 06:00,0.473,7.833
2021-03-16 07:00,0.530,8.226
2021-03-16 08:00,0.455,7.719
2021-03-16 09:00,0.309,6.671
2021-03-16 10:00,0.207,5.838
2021-03-16 11:00,0.173,5.508
2021-03-16 12:00,0.171,5.486
2021-03-16 13:00,0.167,5.445
2021-03-16 14:00,0.155,5.309
2021-03-16 15:00,0.136,5.103
2021-03-16 16:00,0.114,4.826
2021-03-16 17:00,0.095,4.575
2021-03-16 18:00,0.098,4.613
2021-03-16 19:00,0.112,4.803
2021-03-16 20:00,0.132,5.053
2021-03-16 21:00,0.183,5.609
2021-03-16 22:00,0.271,6.388
2021-03-16 23:00,0.224,5.988
2021-03-17 00:00,0.161,5.384
2021-03-17 01:00,0.107,4.738
2021-03-17 02:00,0.080,4.343
2021-03-17 03:00,0.066,4.114
2021-03-17 04:00,0.048,3.763
2021-03-17 05:00,0.041,3.612
2021-03-17 06:00,0.036,3.468
2021-03-17 07:00,0.040,3.598
2021-03-17 08:00,0.051,3.823
2021-03-17 09:00,0.101,4.645
2021-03-17 10:00,0.172,5.495
2021-03-17 11:00,0.245,6.165
2021-03-17 12:00,0.328,6.824
2021-03-17 13:00,0.376,7.164
2021-03-17 14:00,0.322,6.782
2021-03-17 15:00,0.382,7.211
2021-03-17 16:00,0.397,7.316
2021-03-17 17:00,0.348,6.960
2021-03-17 18:00,0.321,6.775
2021-03-17 19:00,0.369,7.114
2021-03-17 20:00,0.426,7.512
2021-03-17 21:00,0.395,7.303
2021-03-17 22:00,0.343,6.934
2021-03-17 23:00,0.279,6.444
2021-03-18 00:00,0.224,5.988
2021-03-18 01:00,0.170,5.472
2021-03-18 02:00,0.114,4.837
2021-03-18 03:00,0.088,4.469
2021-03-18 04:00,0.072,4.210
2021-03-18 05:00,0.058,3.963
2021-03-18 06:00,0.059,3.988
2021-03-18 07:00,0.077,4.305
2021-03-18 08:00,0.142,5.178
2021-03-18 09:00,0.107,4.735
2021-03-18 10:00,0.142,5.168
2021-03-18 11:00,0.160,5.376
2021-03-18 12:00,0.115,4.841
2021-03-18 13:00,0.115,4.845
2021-03-18 14:00,0.151,5.273
2021-03-18 15:00,0.184,5.619
2021-03-18 16:00,0.234,6.076
2021-03-18 17:00,0.238,6.111
2021-03-18 18:00,0.175,5.525
2021-03-18 19:00,0.124,4.959
2021-03-18 20:00,0.077,4.298
2021-03-18 21:00,0.037,3.526
2021-03-18 22:00,0.023,3.136
2021-03-18 23:00,0.013,2.747
2021-03-19 00:00,0.031,3.346
2021-03-19 01:00,0.075,4.271
2021-03-19 02:00,0.057,3.948
2021-03-19 03:00,0.001,1.601
2021-03-19 04:00,0,1.038
2021-03-19 05:00,0.013,2.703
2021-03-19 06:00,0.120,4.905
2021-03-19 07:00,0.355,7.011
2021-03-19 08:00,0.574,8.534
2021-03-19 09:00,0.643,9.039
2021-03-19 10:00,0.552,8.383
2021-03-19 11:00,0.506,8.062
2021-03-19 12:00,0.528,8.213
2021-03-19 13:00,0.572,8.513
2021-03-19 14:00,0.586,8.621
2021-03-19 15:00,0.661,9.184
2021-03-19 16:00,0.672,9.264
2021-03-19 17:00,0.689,9.409
2021-03-19 18:00,0.734,9.797
2021-03-19 19:00,0.782,10.268
2021-03-19 20:00,0.792,10.369
2021-03-19 21:00,0.764,10.078
2021-03-19 22:00,0.803,10.493
2021-03-19 23:00,0.918,12.327
2021-03-20 00:00,0.963,13.756
2021-03-20 01:00,0.986,15.364
2021-03-20 02:00,0.993,16.715
2021-03-20 03:00,0.991,17.682
2021-03-20 04:00,0.991,17.784
2021-03-20 05:00,0.993,17.331
2021-03-20 06:00,0.993,16.660
2021-03-20 07:00,0.990,15.861
2021-03-20 08:00,0.983,15.005
2021-03-20 09:00,0.972,14.204
2021-03-20 10:00,0.951,13.283
2021-03-20 11:00,0.936,12.808
2021-03-20 12:00,0.938,12.832
2021-03-20 13:00,0.943,13.022
2021-03-20 14:00,0.961,13.683
2021-03-20 15:00,0.975,14.406
2021-03-20 16:00,0.979,14.648
2021-03-20 17:00,0.974,14.308
2021-03-20 18:00,0.964,13.811
2021-03-20 19:00,0.932,12.696
2021-03-20 20:00,0.899,11.907
2021-03-20 21:00,0.907,12.084
2021-03-20 22:00,0.935,12.769
2021-03-20 23:00,0.962,13.732
2021-03-21 00:00,0.974,14.344
2021-03-21 01:00,0.974,14.366
2021-03-21 02:00,0.972,14.225
2021-03-21 03:00,0.974,14.308
2021-03-21 04:00,0.979,14.698
2021-03-21 05:00,0.984,15.068
2021-03-21 06:00,0.985,15.204
2021-03-21 07:00,0.984,15.074
2021-03-21 08:00,0.980,14.750
2021-03-21 09:00,0.961,13.675
2021-03-21 10:00,0.920,12.365
2021-03-21 11:00,0.878,11.512
2021-03-21 12:00,0.837,10.902
2021-03-21 13:00,0.807,10.539
2021-03-21 14:00,0.796,10.412
2021-03-21 15:00,0.829,10.810
2021-03-21 16:00,0.864,11.300
2021-03-21 17:00,0.843,11.000
2021-03-21 18:00,0.826,10.758
2021-03-21 19:00,0.841,10.971
2021-03-21 20:00,0.859,11.218
2021-03-21 21:00,0.857,11.198
2021-03-21 22:00,0.848,11.069
2021-03-21 23:00,0.731,9.774
2021-03-22 00:00,0.553,8.391
2021-03-22 01:00,0.820,10.705
2021-03-22 02:00,0.848,11.069
2021-03-22 03:00,0.841,10.974
2021-03-22 04:00,0.843,10.990
2021-03-22 05:00,0.853,11.133
2021-03-22 06:00,0.862,11.270
2021-03-22 07:00,0.863,11.276
2021-03-22 08:00,0.849,11.073
2021-03-22 09:00,0.821,10.717
2021-03-22 10:00,0.901,11.960
2021-03-22 11:00,0.938,12.832
2021-03-22 12:00,0.941,12.925
2021-03-22 13:00,0.936,12.798
2021-03-22 14:00,0.932,12.688
2021-03-22 15:00,0.931,12.648
2021-03-22 16:00,0.928,12.568
2021-03-22 17:00,0.924,12.474
2021-03-22 18:00,0.920,12.361
2021-03-22 19:00,0.912,12.174
2021-03-22 20:00,0.903,11.991
2021-03-22 21:00,0.882,11.592
2021-03-22 22:00,0.853,11.120
2021-03-22 23:00,0.714,9.623
2021-03-23 00:00,0.505,8.058
2021-03-23 01:00,0.567,8.482
2021-03-23 02:00,0.699,9.486
2021-03-23 03:00,0.745,9.896
2021-03-23 04:00,0.740,9.854
2021-03-23 05:00,0.705,9.542
2021-03-23 06:00,0.710,9.590
2021-03-23 07:00,0.725,9.713
2021-03-23 08:00,0.616,8.835
2021-03-23 09:00,0.493,7.976
2021-03-23 10:00,0.475,7.846
2021-03-23 11:00,0.679,9.326
2021-03-23 12:00,0.917,12.312
2021-03-23 13:00,0.904,12.017
2021-03-23 14:00,0.844,11.005
2021-03-23 15:00,0.818,10.671
2021-03-23 16:00,0.799,10.451
2021-03-23 17:00,0.779,10.236
2021-03-23 18:00,0.755,9.999
2021-03-23 19:00,0.700,9.492
2021-03-23 20:00,0.590,8.646
2021-03-23 21:00,0.425,7.506
2021-03-23 22:00,0.253,6.232
2021-03-23 23:00,0.125,4.968
2021-03-24 00:00,0.104,4.703
2021-03-24 01:00,0.233,6.066
2021-03-24 02:00,0.195,5.726
2021-03-24 03:00,0.136,5.101
2021-03-24 04:00,0.090,4.502
2021-03-24 05:00,0.058,3.962
2021-03-24 06:00,0.047,3.754
2021-03-24 07:00,0.071,4.200
2021-03-24 08:00,0.117,4.868
2021-03-24 09:00,0.102,4.661
2021-03-24 10:00,0.043,3.652
2021-03-24 11:00,0.033,3.419
2021-03-24 12:00,0.083,4.385
2021-03-24 13:00,0.209,5.853
2021-03-24 14:00,0.361,7.067
2021-03-24 15:00,0.457,7.729
2021-03-24 16:00,0.503,8.042
2021-03-24 17:00,0.539,8.280
2021-03-24 18:00,0.569,8.500
2021-03-24 19:00,0.570,8.504
2021-03-24 20:00,0.546,8.330
2021-03-24 21:00,0.469,7.810
2021-03-24 22:00,0.410,7.403
2021-03-24 23:00,0.324,6.793
2021-03-25 00:00,0.155,5.306
2021-03-25 01:00,0.248,6.192
2021-03-25 02:00,0.423,7.495
2021-03-25 03:00,0.422,7.484
2021-03-25 04:00,0.418,7.463
2021-03-25 05:00,0.413,7.422
2021-03-25 06:00,0.410,7.399
2021-03-25 07:00,0.390,7.271
2021-03-25 08:00,0.400,7.329
2021-03-25 09:00,0.450,7.670
2021-03-25 10:00,0.554,8.394
2021-03-25 11:00,0.677,9.309
2021-03-25 12:00,0.757,10.017
2021-03-25 13:00,0.845,11.015
2021-03-25 14:00,0.901,11.962
2021-03-25 15:00,0.816,10.645
2021-03-25 16:00,0.700,9.493
2021-03-25 17:00,0.563,8.458
2021-03-25 18:00,0.516,8.133
2021-03-25 19:00,0.419,7.469
2021-03-25 20:00,0.377,7.178
2021-03-25 21:00,0.387,7.241
2021-03-25 22:00,0.414,7.432
2021-03-25 23:00,0.303,6.637
2021-03-26 00:00,0.238,6.101
2021-03-26 01:00,0.146,5.221
2021-03-26 02:00,0.068,4.138
2021-03-26 03:00,0.077,4.286
2021-03-26 04:00,0.143,5.183
2021-03-26 05:00,0.226,6.006
2021-03-26 06:00,0.309,6.670
2021-03-26 07:00,0.406,7.376
2021-03-26 08:00,0.428,7.526
2021-03-26 09:00,0.348,6.968
2021-03-26 10:00,0.270,6.374
2021-03-26 11:00,0.143,5.187
2021-03-26 12:00,0.047,3.742
2021-03-26 13:00,0.013,2.737
2021-03-26 14:00,0.007,2.404
2021-03-26 15:00,0.024,3.166
2021-03-26 16:00,0.070,4.179
2021-03-26 17:00,0.165,5.423
2021-03-26 18:00,0.328,6.823
2021-03-26 19:00,0.521,8.162
2021-03-26 20:00,0.667,9.230
2021-03-26 21:00,0.715,9.630
2021-03-26 22:00,0.722,9.686
2021-03-26 23:00,0.572,8.516
2021-03-27 00:00,0.335,6.879
2021-03-27 01:00,0.616,8.835
2021-03-27 02:00,0.720,9.668
2021-03-27 03:00,0.782,10.264
2021-03-27 04:00,0.868,11.348
2021-03-27 05:00,0.923,12.438
2021-03-27 06:00,0.958,13.535
2021-03-27 07:00,0.973,14.263
2021-03-27 08:00,0.974,14.364
2021-03-27 09:00,0.955,13.429
2021-03-27 10:00,0.968,14.023
2021-03-27 11:00,0.965,13.855
2021-03-27 12:00,0.970,14.102
2021-03-27 13:00,0.983,14.986
2021-03-27 14:00,0.972,14.192
2021-03-27 15:00,0.965,13.844
2021-03-27 16:00,0.948,13.183
2021-03-27 17:00,0.915,12.245
2021-03-27 18:00,0.901,11.945
2021-03-27 19:00,0.904,12.011
2021-03-27 20:00,0.903,11.988
2021-03-27 21:00,0.897,11.867
2021-03-27 22:00,0.877,11.503
2021-03-27 23:00,0.961,13.651
2021-03-28 00:00,0.983,15.008
2021-03-28 01:00,0.986,15.297
2021-03-28 02:00,0.985,15.206
2021-03-28 03:00,0.984,15.097
2021-03-28 04:00,0.985,15.216
2021-03-28 05:00,0.986,15.333
2021-03-28 06:00,0.986,15.314
2021-03-28 07:00,0.981,14.876
2021-03-28 08:00,0.970,14.091
2021-03-28 09:00,0.944,13.034
2021-03-28 10:00,0.903,11.990
2021-03-28 11:00,0.886,11.655
2021-03-28 12:00,0.861,11.239
2021-03-28 13:00,0.823,10.733
2021-03-28 14:00,0.787,10.323
2021-03-28 15:00,0.721,9.676
2021-03-28 16:00,0.672,9.258
2021-03-28 17:00,0.574,8.528
2021-03-28 18:00,0.470,7.819
2021-03-28 19:00,0.376,7.164
2021-03-28 20:00,0.284,6.482
2021-03-28 21:00,0.207,5.839
2021-03-28 22:00,0.152,5.280
2021-03-28 23:00,0.069,4.170
2021-03-29 00:00,0.054,3.879
2021-03-29 01:00,0.049,3.788
2021-03-29 02:00,0.048,3.762
2021-03-29 03:00,0.062,4.041
2021-03-29 04:00,0.069,4.164
2021-03-29 05:00,0.070,4.176
2021-03-29 06:00,0.072,4.214
2021-03-29 07:00,0.068,4.142
2021-03-29 08:00,0.062,4.045
2021-03-29 09:00,0.036,3.487
2021-03-29 10:00,0.007,2.420
2021-03-29 11:00,0.004,2.186
2021-03-29 12:00,0.015,2.839
2021-03-29 13:00,0.036,3.489
2021-03-29 14:00,0.067,4.124
2021-03-29 15:00,0.135,5.088
2021-03-29 16:00,0.236,6.093
2021-03-29 17:00,0.248,6.196
2021-03-29 18:00,0.271,6.383
2021-03-29 19:00,0.306,6.659
2021-03-29 20:00,0.374,7.158
2021-03-29 21:00,0.452,7.698
2021-03-29 22:00,0.471,7.821
2021-03-29 23:00,0.274,6.412
2021-03-30 00:00,0.116,4.854
2021-03-30 01:00,0.377,7.174
2021-03-30 02:00,0.663,9.188
2021-03-30 03:00,0.771,10.146
2021-03-30 04:00,0.828,10.797
2021-03-30 05:00,0.848,11.066
2021-03-30 06:00,0.848,11.060
2021-03-30 07:00,0.778,10.228
2021-03-30 08:00,0.658,9.152
2021-03-30 09:00,0.527,8.208
2021-03-30 10:00,0.541,8.298
2021-03-30 11:00,0.638,9.004
2021-03-30 12:00,0.719,9.655
2021-03-30 13:00,0.723,9.691
2021-03-30 14:00,0.676,9.303
2021-03-30 15:00,0.683,9.356
2021-03-30 16:00,0.686,9.388
2021-03-30 17:00,0.713,9.613
2021-03-30 18:00,0.783,10.284
2021-03-30 19:00,0.768,10.129
2021-03-30 20:00,0.713,9.611
2021-03-30 21:00,0.685,9.375
2021-03-30 22:00,0.643,9.033
2021-03-30 23:00,0.374,7.153
2021-03-31 00:00,0.226,6.002
2021-03-31 01:00,0.393,7.282
2021-03-31 02:00,0.415,7.435
2021-03-31 03:00,0.398,7.323
2021-03-31 04:00,0.418,7.464
2021-03-31 05:00,0.400,7.331
2021-03-31 06:00,0.361,7.067
2021-03-31 07:00,0.384,7.227
2021-03-31 08:00,0.453,7.705
2021-03-31 09:00,0.483,7.904
2021-03-31 10:00,0.691,9.417
2021-03-31 11:00,0.789,10.337
2021-03-31 12:00,0.760,10.046
2021-03-31 13:00,0.679,9.327
2021-03-31 14:00,0.581,8.576
2021-03-31 15:00,0.565,8.471
2021-03-31 16:00,0.564,8.463
2021-03-31 17:00,0.582,8.597
2021-03-31 18:00,0.611,8.798
2021-03-31 19:00,0.625,8.906
2021-03-31 20:00,0.612,8.806
2021-03-31 21:00,0.665,9.214
2021-03-31 22:00,0.633,8.967
2021-03-31 23:00,0.443,7.634
2021-04-01 00:00,0.450,7.686
2021-04-01 01:00,0.628,8.921
2021-04-01 02:00,0.767,10.110
2021-04-01 03:00,0.798,10.435
2021-04-01 04:00,0.799,10.456
2021-04-01 05:00,0.785,10.300
2021-04-01 06:00,0.760,10.049
2021-04-01 07:00,0.727,9.733
2021-04-01 08:00,0.652,9.113
2021-04-01 09:00,0.461,7.752
2021-04-01 10:00,0.287,6.515
2021-04-01 11:00,0.300,6.610
2021-04-01 12:00,0.330,6.832
2021-04-01 13:00,0.301,6.618
2021-04-01 14:00,0.092,4.523
2021-04-01 15:00,0.110,4.773
2021-04-01 16:00,0.144,5.191
2021-04-01 17:00,0.161,5.386
2021-04-01 18:00,0.174,5.517
2021-04-01 19:00,0.174,5.519
2021-04-01 20:00,0.179,5.562
2021-04-01 21:00,0.213,5.889
2021-04-01 22:00,0.312,6.702
2021-04-01 23:00,0.319,6.745
2021-04-02 00:00,0.550,8.371
2021-04-02 01:00,0.710,9.576
2021-04-02 02:00,0.737,9.824
2021-04-02 03:00,0.775,10.200
2021-04-02 04:00,0.806,10.533
2021-04-02 05:00,0.836,10.897
2021-04-02 06:00,0.859,11.218
2021-04-02 07:00,0.863,11.292
2021-04-02 08:00,0.846,11.033
2021-04-02 09:00,0.785,10.303
2021-04-02 10:00,0.666,9.223
2021-04-02 11:00,0.662,9.186
2021-04-02 12:00,0.704,9.534
2021-04-02 13:00,0.742,9.871
2021-04-02 14:00,0.754,9.988
2021-04-02 15:00,0.755,9.999
2021-04-02 16:00,0.738,9.840
2021-04-02 17:00,0.705,9.545
2021-04-02 18:00,0.679,9.324
2021-04-02 19:00,0.669,9.246
2021-04-02 20:00,0.661,9.178
2021-04-02 21:00,0.622,8.883
2021-04-02 22:00,0.542,8.304
2021-04-02 23:00,0.640,9.016
2021-04-03 00:00,0.742,9.872
2021-04-03 01:00,0.700,9.502
2021-04-03 02:00,0.673,9.279
2021-04-03 03:00,0.650,9.100
2021-04-03 04:00,0.637,8.998
2021-04-03 05:00,0.607,8.773
2021-04-03 06:00,0.549,8.353
2021-04-03 07:00,0.479,7.869
2021-04-03 08:00,0.420,7.478
2021-04-03 09:00,0.365,7.086
2021-04-03 10:00,0.418,7.464
2021-04-03 11:00,0.523,8.174
2021-04-03 12:00,0.550,8.365
2021-04-03 13:00,0.454,7.711
2021-04-03 14:00,0.335,6.867
2021-04-03 15:00,0.241,6.141
2021-04-03 16:00,0.163,5.401
2021-04-03 17:00,0.102,4.669
2021-04-03 18:00,0.055,3.916
2021-04-03 19:00,0.024,3.139
2021-04-03 20:00,0.008,2.455
2021-04-03 21:00,0.002,1.897
2021-04-03 22:00,0.001,1.468
2021-04-03 23:00,0,1.348
2021-04-04 00:00,0.001,1.588
2021-04-04 01:00,0.002,1.838
2021-04-04 02:00,0.002,1.860
2021-04-04 03:00,0.010,2.589
2021-04-04 04:00,0.043,3.647
2021-04-04 05:00,0.080,4.351
2021-04-04 06:00,0.104,4.696
2021-04-04 07:00,0.114,4.838
2021-04-04 08:00,0.120,4.910
2021-04-04 09:00,0.134,5.074
2021-04-04 10:00,0.238,6.113
2021-04-04 11:00,0.374,7.145
2021-04-04 12:00,0.460,7.745
2021-04-04 13:00,0.497,7.997
2021-04-04 14:00,0.513,8.107
2021-04-04 15:00,0.500,8.021
2021-04-04 16:00,0.479,7.873
2021-04-04 17:00,0.452,7.695
2021-04-04 18:00,0.374,7.153
2021-04-04 19:00,0.241,6.142
2021-04-04 20:00,0.129,5.019
2021-04-04 21:00,0.053,3.863
2021-04-04 22:00,0.010,2.563
2021-04-04 23:00,0.002,1.797
2021-04-05 00:00,0.001,1.667
2021-04-05 01:00,0.004,2.133
2021-04-05 02:00,0.017,2.905
2021-04-05 03:00,0.055,3.902
2021-04-05 04:00,0.096,4.586
2021-04-05 05:00,0.113,4.824
2021-04-05 06:00,0.102,4.675
2021-04-05 07:00,0.072,4.214
2021-04-05 08:00,0.044,3.679
2021-04-05 09:00,0.023,3.115
2021-04-05 10:00,0.011,2.658
2021-04-05 11:00,0.004,2.189
2021-04-05 12:00,0.001,1.630
2021-04-05 13:00,0,1.085
2021-04-05 14:00,0,0.668
2021-04-05 15:00,0,0.864
2021-04-05 16:00,0.001,1.726
2021-04-05 17:00,0.007,2.367
2021-04-05 18:00,0.039,3.551
2021-04-05 19:00,0.099,4.623
2021-04-05 20:00,0.134,5.073
2021-04-05 21:00,0.183,5.608
2021-04-05 22:00,0.249,6.203
2021-04-05 23:00,0.145,5.208
2021-04-06 00:00,0.049,3.793
2021-04-06 01:00,0.013,2.755
2021-04-06 02:00,0.006,2.289
2021-04-06 03:00,0.001,1.593
2021-04-06 04:00,0.001,1.608
2021-04-06 05:00,0.004,2.182
2021-04-06 06:00,0.016,2.869
2021-04-06 07:00,0.040,3.579
2021-04-06 08:00,0.062,4.029
2021-04-06 09:00,0.044,3.670
2021-04-06 10:00,0.008,2.489
2021-04-06 11:00,0.008,2.468
2021-04-06 12:00,0.031,3.354
2021-04-06 13:00,0.098,4.609
2021-04-06 14:00,0.197,5.748
2021-04-06 15:00,0.281,6.466
2021-04-06 16:00,0.330,6.839
2021-04-06 17:00,0.388,7.253
2021-04-06 18:00,0.460,7.743
2021-04-06 19:00,0.520,8.161
2021-04-06 20:00,0.520,8.149
2021-04-06 21:00,0.452,7.698
2021-04-06 22:00,0.330,6.831
2021-04-06 23:00,0.114,4.833
2021-04-07 00:00,0.046,3.707
2021-04-07 01:00,0.031,3.356
2021-04-07 02:00,0.017,2.908
2021-04-07 03:00,0.014,2.765
2021-04-07 04:00,0.013,2.754
2021-04-07 05:00,0.011,2.621
2021-04-07 06:00,0.010,2.562
2021-04-07 07:00,0.011,2.657
2021-04-07 08:00,0.015,2.835
2021-04-07 09:00,0.020,3.017
2021-04-07 10:00,0.030,3.322
2021-04-07 11:00,0.023,3.126
2021-04-07 12:00,0.009,2.532
2021-04-07 13:00,0.001,1.661
2021-04-07 14:00,0.001,1.564
2021-04-07 15:00,0.023,3.122
2021-04-07 16:00,0.116,4.854
2021-04-07 17:00,0.261,6.305
2021-04-07 18:00,0.410,7.403
2021-04-07 19:00,0.517,8.140
2021-04-07 20:00,0.583,8.600
2021-04-07 21:00,0.566,8.482
2021-04-07 22:00,0.497,7.995
2021-04-07 23:00,0.279,6.442
2021-04-08 00:00,0.179,5.554
2021-04-08 01:00,0.338,6.896
2021-04-08 02:00,0.323,6.786
2021-04-08 03:00,0.312,6.703
2021-04-08 04:00,0.301,6.615
2021-04-08 05:00,0.309,6.680
2021-04-08 06:00,0.318,6.742
2021-04-08 07:00,0.302,6.627
2021-04-08 08:00,0.261,6.309
2021-04-08 09:00,0.240,6.132
2021-04-08 10:00,0.324,6.799
2021-04-08 11:00,0.469,7.813
2021-04-08 12:00,0.488,7.942
2021-04-08 13:00,0.359,7.052
2021-04-08 14:00,0.221,5.959
2021-04-08 15:00,0.140,5.155
2021-04-08 16:00,0.125,4.974
2021-04-08 17:00,0.139,5.135
2021-04-08 18:00,0.138,5.125
2021-04-08 19:00,0.122,4.938
2021-04-08 20:00,0.107,4.743
2021-04-08 21:00,0.081,4.361
2021-04-08 22:00,0.054,3.877
2021-04-08 23:00,0.016,2.879
2021-04-09 00:00,0.002,1.857
2021-04-09 01:00,0.003,1.951
2021-04-09 02:00,0.003,1.981
2021-04-09 03:00,0.007,2.390
2021-04-09 04:00,0.012,2.668
2021-04-09 05:00,0.011,2.639
2021-04-09 06:00,0.008,2.457
2021-04-09 07:00,0.004,2.166
2021-04-09 08:00,0.001,1.699
2021-04-09 09:00,0,1.197
2021-04-09 10:00,0.001,1.630
2021-04-09 11:00,0.031,3.364
2021-04-09 12:00,0.211,5.877
2021-04-09 13:00,0.496,7.988
2021-04-09 14:00,0.643,9.038
2021-04-09 15:00,0.666,9.223
2021-04-09 16:00,0.658,9.153
2021-04-09 17:00,0.583,8.601
2021-04-09 18:00,0.458,7.733
2021-04-09 19:00,0.398,7.323
2021-04-09 20:00,0.334,6.863
2021-04-09 21:00,0.276,6.429
2021-04-09 22:00,0.203,5.792
2021-04-09 23:00,0.232,6.063
2021-04-10 00:00,0.349,6.975
2021-04-10 01:00,0.382,7.215
2021-04-10 02:00,0.434,7.572
2021-04-10 03:00,0.524,8.190
2021-04-10 04:00,0.541,8.296
2021-04-10 05:00,0.499,8.018
2021-04-10 06:00,0.487,7.937
2021-04-10 07:00,0.487,7.935
2021-04-10 08:00,0.505,8.053
2021-04-10 09:00,0.439,7.609
2021-04-10 10:00,0.391,7.274
2021-04-10 11:00,0.450,7.676
2021-04-10 12:00,0.506,8.063
2021-04-10 13:00,0.526,8.205
2021-04-10 14:00,0.527,8.210
2021-04-10 15:00,0.565,8.472
2021-04-10 16:00,0.602,8.736
2021-04-10 17:00,0.596,8.689
2021-04-10 18:00,0.609,8.790
2021-04-10 19:00,0.583,8.604
2021-04-10 20:00,0.522,8.169
2021-04-10 21:00,0.492,7.968
2021-04-10 22:00,0.486,7.926
2021-04-10 23:00,0.460,7.750
2021-04-11 00:00,0.491,7.962
2021-04-11 01:00,0.516,8.121
2021-04-11 02:00,0.439,7.610
2021-04-11 03:00,0.370,7.129
2021-04-11 04:00,0.369,7.114
2021-04-11 05:00,0.375,7.160
2021-04-11 06:00,0.371,7.134
2021-04-11 07:00,0.367,7.098
2021-04-11 08:00,0.348,6.963
2021-04-11 09:00,0.312,6.701
2021-04-11 10:00,0.320,6.757
2021-04-11 11:00,0.406,7.375
2021-04-11 12:00,0.479,7.879
2021-04-11 13:00,0.546,8.339
2021-04-11 14:00,0.623,8.890
2021-04-11 15:00,0.674,9.284
2021-04-11 16:00,0.702,9.518
2021-04-11 17:00,0.665,9.219
2021-04-11 18:00,0.588,8.635
2021-04-11 19:00,0.463,7.765
2021-04-11 20:00,0.436,7.583
2021-04-11 21:00,0.689,9.411
2021-04-11 22:00,0.824,10.747
2021-04-11 23:00,0.908,12.110
2021-04-12 00:00,0.958,13.542
2021-04-12 01:00,0.970,14.081
2021-04-12 02:00,0.965,13.828
2021-04-12 03:00,0.943,13.023
2021-04-12 04:00,0.925,12.493
2021-04-12 05:00,0.913,12.221
2021-04-12 06:00,0.903,11.986
2021-04-12 07:00,0.907,12.073
2021-04-12 08:00,0.929,12.610
2021-04-12 09:00,0.939,12.879
2021-04-12 10:00,0.937,12.822
2021-04-12 11:00,0.920,12.365
2021-04-12 12:00,0.894,11.826
2021-04-12 13:00,0.833,10.857
2021-04-12 14:00,0.712,9.601
2021-04-12 15:00,0.585,8.614
2021-04-12 16:00,0.550,8.368
2021-04-12 17:00,0.541,8.297
2021-04-12 18:00,0.523,8.169
2021-04-12 19:00,0.488,7.942
2021-04-12 20:00,0.416,7.452
2021-04-12 21:00,0.290,6.534
2021-04-12 22:00,0.188,5.657
2021-04-12 23:00,0.421,7.484
2021-04-13 00:00,0.495,7.983
2021-04-13 01:00,0.545,8.325
2021-04-13 02:00,0.612,8.808
2021-04-13 03:00,0.710,9.589
2021-04-13 04:00,0.800,10.465
2021-04-13 05:00,0.863,11.282
2021-04-13 06:00,0.904,12.016
2021-04-13 07:00,0.929,12.588
2021-04-13 08:00,0.940,12.930
2021-04-13 09:00,0.934,12.749
2021-04-13 10:00,0.863,11.292
2021-04-13 11:00,0.774,10.171
2021-04-13 12:00,0.731,9.769
2021-04-13 13:00,0.752,9.972
2021-04-13 14:00,0.779,10.236
2021-04-13 15:00,0.834,10.875
2021-04-13 16:00,0.837,10.898
2021-04-13 17:00,0.811,10.587
2021-04-13 18:00,0.784,10.290
2021-04-13 19:00,0.768,10.120
2021-04-13 20:00,0.763,10.070
2021-04-13 21:00,0.739,9.849
2021-04-13 22:00,0.645,9.051
2021-04-13 23:00,0.425,7.504
2021-04-14 00:00,0.546,8.334
2021-04-14 01:00,0.704,9.535
2021-04-14 02:00,0.716,9.636
2021-04-14 03:00,0.755,9.997
2021-04-14 04:00,0.785,10.295
2021-04-14 05:00,0.786,10.308
2021-04-14 06:00,0.785,10.303
2021-04-14 07:00,0.788,10.325
2021-04-14 08:00,0.798,10.438
2021-04-14 09:00,0.793,10.382
2021-04-14 10:00,0.777,10.220
2021-04-14 11:00,0.836,10.892
2021-04-14 12:00,0.890,11.736
2021-04-14 13:00,0.914,12.229
2021-04-14 14:00,0.893,11.788
2021-04-14 15:00,0.846,11.031
2021-04-14 16:00,0.843,10.986
2021-04-14 17:00,0.859,11.218
2021-04-14 18:00,0.886,11.667
2021-04-14 19:00,0.896,11.865
2021-04-14 20:00,0.920,12.364
2021-04-14 21:00,0.919,12.346
2021-04-14 22:00,0.901,11.955
2021-04-14 23:00,0.834,10.880
2021-04-15 00:00,0.916,12.282
2021-04-15 01:00,0.991,16.076
2021-04-15 02:00,0.975,19.117
2021-04-15 03:00,0.943,20.276
2021-04-15 04:00,0.934,20.486
2021-04-15 05:00,0.914,20.913
2021-04-15 06:00,0.895,21.260
2021-04-15 07:00,0.890,21.332
2021-04-15 08:00,0.916,20.884
2021-04-15 09:00,0.955,19.920
2021-04-15 10:00,0.986,18.365
2021-04-15 11:00,0.992,16.433
2021-04-15 12:00,0.985,15.224
2021-04-15 13:00,0.971,14.173
2021-04-15 14:00,0.946,13.123
2021-04-15 15:00,0.856,11.185
2021-04-15 16:00,0.722,9.684
2021-04-15 17:00,0.569,8.499
2021-04-15 18:00,0.457,7.728
2021-04-15 19:00,0.466,7.780
2021-04-15 20:00,0.410,7.398
2021-04-15 21:00,0.322,6.784
2021-04-15 22:00,0.320,6.755
2021-04-15 23:00,0.609,8.788
2021-04-16 00:00,0.891,11.751
2021-04-16 01:00,0.955,13.443
2021-04-16 02:00,0.971,14.168
2021-04-16 03:00,0.974,14.308
2021-04-16 04:00,0.976,14.440
2021-04-16 05:00,0.974,14.314
2021-04-16 06:00,0.967,13.979
2021-04-16 07:00,0.961,13.683
2021-04-16 08:00,0.950,13.228
2021-04-16 09:00,0.950,13.249
2021-04-16 10:00,0.938,12.849
2021-04-16 11:00,0.865,11.315
2021-04-16 12:00,0.791,10.356
2021-04-16 13:00,0.727,9.735
2021-04-16 14:00,0.612,8.807
2021-04-16 15:00,0.550,8.365
2021-04-16 16:00,0.585,8.612
2021-04-16 17:00,0.621,8.880
2021-04-16 18:00,0.585,8.616
2021-04-16 19:00,0.569,8.500
2021-04-16 20:00,0.539,8.280
2021-04-16 21:00,0.483,7.910
2021-04-16 22:00,0.335,6.875
2021-04-16 23:00,0.585,8.615
2021-04-17 00:00,0.791,10.363
2021-04-17 01:00,0.829,10.817
2021-04-17 02:00,0.849,11.076
2021-04-17 03:00,0.859,11.228
2021-04-17 04:00,0.860,11.232
2021-04-17 05:00,0.847,11.047
2021-04-17 06:00,0.830,10.821
2021-04-17 07:00,0.806,10.531
2021-04-17 08:00,0.748,9.921
2021-04-17 09:00,0.595,8.683
2021-04-17 10:00,0.286,6.506
2021-04-17 11:00,0.089,4.479
2021-04-17 12:00,0.026,3.213
2021-04-17 13:00,0.060,4.008
2021-04-17 14:00,0.189,5.664
2021-04-17 15:00,0.342,6.928
2021-04-17 16:00,0.476,7.861
2021-04-17 17:00,0.573,8.524
2021-04-17 18:00,0.616,8.834
2021-04-17 19:00,0.631,8.951
2021-04-17 20:00,0.642,9.027
2021-04-17 21:00,0.646,9.067
2021-04-17 22:00,0.600,8.721
2021-04-17 23:00,0.321,6.764
2021-04-18 00:00,0.387,7.238
2021-04-18 01:00,0.468,7.807
2021-04-18 02:00,0.406,7.376
2021-04-18 03:00,0.413,7.418
2021-04-18 04:00,0.450,7.680
2021-04-18 05:00,0.487,7.933
2021-04-18 06:00,0.529,8.219
2021-04-18 07:00,0.536,8.260
2021-04-18 08:00,0.479,7.869
2021-04-18 09:00,0.414,7.435
2021-04-18 10:00,0.456,7.722
2021-04-18 11:00,0.567,8.485
2021-04-18 12:00,0.607,8.774
2021-04-18 13:00,0.612,8.807
2021-04-18 14:00,0.591,8.658
2021-04-18 15:00,0.527,8.209
2021-04-18 16:00,0.436,7.581
2021-04-18 17:00,0.368,7.114
2021-04-18 18:00,0.342,6.921
2021-04-18 19:00,0.314,6.709
2021-04-18 20:00,0.285,6.499
2021-04-18 21:00,0.253,6.229
2021-04-18 22:00,0.192,5.693
2021-04-18 23:00,0.094,4.563
2021-04-19 00:00,0.027,3.258
2021-04-19 01:00,0.030,3.329
2021-04-19 02:00,0.015,2.829
2021-04-19 03:00,0.006,2.294
2021-04-19 04:00,0.004,2.173
2021-04-19 05:00,0.007,2.381
2021-04-19 06:00,0.017,2.890
2021-04-19 07:00,0.039,3.564
2021-04-19 08:00,0.082,4.368
2021-04-19 09:00,0.155,5.313
2021-04-19 10:00,0.292,6.554
2021-04-19 11:00,0.367,7.102
2021-04-19 12:00,0.329,6.828
2021-04-19 13:00,0.290,6.539
2021-04-19 14:00,0.227,6.013
2021-04-19 15:00,0.185,5.627
2021-04-19 16:00,0.229,6.027
2021-04-19 17:00,0.387,7.251
2021-04-19 18:00,0.559,8.424
2021-04-19 19:00,0.676,9.306
2021-04-19 20:00,0.703,9.530
2021-04-19 21:00,0.638,9.002
2021-04-19 22:00,0.523,8.178
2021-04-19 23:00,0.288,6.518
2021-04-20 00:00,0.294,6.568
2021-04-20 01:00,0.142,5.169
2021-04-20 02:00,0.048,3.757
2021-04-20 03:00,0.029,3.300
2021-04-20 04:00,0.029,3.305
2021-04-20 05:00,0.063,4.059
2021-04-20 06:00,0.105,4.715
2021-04-20 07:00,0.204,5.798
2021-04-20 08:00,0.359,7.050
2021-04-20 09:00,0.525,8.193
2021-04-20 10:00,0.673,9.278
2021-04-20 11:00,0.823,10.731
2021-04-20 12:00,0.879,11.547
2021-04-20 13:00,0.893,11.788
2021-04-20 14:00,0.833,10.851
2021-04-20 15:00,0.759,10.038
2021-04-20 16:00,0.704,9.535
2021-04-20 17:00,0.633,8.971
2021-04-20 18:00,0.554,8.395
2021-04-20 19:00,0.476,7.859
2021-04-20 20:00,0.378,7.182
2021-04-20 21:00,0.257,6.272
2021-04-20 22:00,0.161,5.387
2021-04-20 23:00,0.086,4.438
2021-04-21 00:00,0.204,5.799
2021-04-21 01:00,0.265,6.335
2021-04-21 02:00,0.257,6.274
2021-04-21 03:00,0.251,6.222
2021-04-21 04:00,0.295,6.572
2021-04-21 05:00,0.353,7.003
2021-04-21 06:00,0.400,7.339
2021-04-21 07:00,0.431,7.552
2021-04-21 08:00,0.446,7.648
2021-04-21 09:00,0.462,7.757
2021-04-21 10:00,0.510,8.088
2021-04-21 11:00,0.633,8.966
2021-04-21 12:00,0.725,9.720
2021-04-21 13:00,0.710,9.587
2021-04-21 14:00,0.631,8.954
2021-04-21 15:00,0.572,8.512
2021-04-21 16:00,0.398,7.323
2021-04-21 17:00,0.339,6.905
2021-04-21 18:00,0.318,6.745
2021-04-21 19:00,0.273,6.406
2021-04-21 20:00,0.235,6.085
2021-04-21 21:00,0.183,5.605
2021-04-21 22:00,0.126,4.986
2021-04-21 23:00,0.102,4.662
2021-04-22 00:00,0.077,4.296
2021-04-22 01:00,0.042,3.619
2021-04-22 02:00,0.025,3.194
2021-04-22 03:00,0.031,3.353
2021-04-22 04:00,0.034,3.432
2021-04-22 05:00,0.028,3.267
2021-04-22 06:00,0.017,2.923
2021-04-22 07:00,0.007,2.355
2021-04-22 08:00,0.001,1.590
2021-04-22 09:00,0,0.507
2021-04-22 10:00,0.006,2.341
2021-04-22 11:00,0.083,4.378
2021-04-22 12:00,0.154,5.298
2021-04-22 13:00,0.086,4.434
2021-04-22 14:00,0.013,2.749
2021-04-22 15:00,0.014,2.780
2021-04-22 16:00,0.056,3.920
2021-04-22 17:00,0.097,4.597
2021-04-22 18:00,0.135,5.097
2021-04-22 19:00,0.186,5.640
2021-04-22 20:00,0.313,6.706
2021-04-22 21:00,0.502,8.038
2021-04-22 22:00,0.520,8.153
2021-04-22 23:00,0.284,6.482
2021-04-23 00:00,0.390,7.271
2021-04-23 01:00,0.529,8.224
2021-04-23 02:00,0.563,8.458
2021-04-23 03:00,0.572,8.512
2021-04-23 04:00,0.574,8.532
2021-04-23 05:00,0.542,8.304
2021-04-23 06:00,0.479,7.881
2021-04-23 07:00,0.432,7.558
2021-04-23 08:00,0.436,7.581
2021-04-23 09:00,0.484,7.914
2021-04-23 10:00,0.536,8.261
2021-04-23 11:00,0.609,8.784
2021-04-23 12:00,0.595,8.682
2021-04-23 13:00,0.514,8.114
2021-04-23 14:00,0.420,7.478
2021-04-23 15:00,0.335,6.879
2021-04-23 16:00,0.254,6.245
2021-04-23 17:00,0.164,5.414
2021-04-23 18:00,0.074,4.257
2021-04-23 19:00,0.022,3.079
2021-04-23 20:00,0.013,2.710
2021-04-23 21:00,0.025,3.174
2021-04-23 22:00,0.052,3.854
2021-04-23 23:00,0.085,4.422
2021-04-24 00:00,0.360,7.059
2021-04-24 01:00,0.483,7.897
2021-04-24 02:00,0.530,8.230
2021-04-24 03:00,0.620,8.872
2021-04-24 04:00,0.723,9.688
2021-04-24 05:00,0.760,10.046
2021-04-24 06:00,0.754,9.987
2021-04-24 07:00,0.729,9.752
2021-04-24 08:00,0.708,9.570
2021-04-24 09:00,0.719,9.653
2021-04-24 10:00,0.693,9.438
2021-04-24 11:00,0.705,9.540
2021-04-24 12:00,0.725,9.715
2021-04-24 13:00,0.686,9.382
2021-04-24 14:00,0.625,8.910
2021-04-24 15:00,0.546,8.339
2021-04-24 16:00,0.460,7.750
2021-04-24 17:00,0.372,7.138
2021-04-24 18:00,0.294,6.571
2021-04-24 19:00,0.239,6.121
2021-04-24 20:00,0.209,5.858
2021-04-24 21:00,0.196,5.736
2021-04-24 22:00,0.173,5.507
2021-04-24 23:00,0.274,6.407
2021-04-25 00:00,0.460,7.748
2021-04-25 01:00,0.536,8.266
2021-04-25 02:00,0.577,8.552
2021-04-25 03:00,0.607,8.771
2021-04-25 04:00,0.702,9.515
2021-04-25 05:00,0.794,10.395
2021-04-25 06:00,0.847,11.058
2021-04-25 07:00,0.871,11.406
2021-04-25 08:00,0.861,11.244
2021-04-25 09:00,0.827,10.784
2021-04-25 10:00,0.746,9.906
2021-04-25 11:00,0.650,9.094
2021-04-25 12:00,0.599,8.709
2021-04-25 13:00,0.628,8.919
2021-04-25 14:00,0.634,8.977
2021-04-25 15:00,0.625,8.901
2021-04-25 16:00,0.528,8.214
2021-04-25 17:00,0.466,7.793
2021-04-25 18:00,0.464,7.775
2021-04-25 19:00,0.494,7.981
2021-04-25 20:00,0.506,8.066
2021-04-25 21:00,0.572,8.513
2021-04-25 22:00,0.381,7.209
2021-04-25 23:00,0.374,7.157
2021-04-26 00:00,0.574,8.532
2021-04-26 01:00,0.659,9.163
2021-04-26 02:00,0.777,10.211
2021-04-26 03:00,0.919,12.330
2021-04-26 04:00,0.980,14.797
2021-04-26 05:00,0.993,16.675
2021-04-26 06:00,0.991,17.637
2021-04-26 07:00,0.991,17.813
2021-04-26 08:00,0.991,17.667
2021-04-26 09:00,0.993,16.833
2021-04-26 10:00,0.985,15.157
2021-04-26 11:00,0.955,13.415
2021-04-26 12:00,0.923,12.458
2021-04-26 13:00,0.886,11.667
2021-04-26 14:00,0.889,11.716
2021-04-26 15:00,0.885,11.644
2021-04-26 16:00,0.874,11.463
2021-04-26 17:00,0.844,11.003
2021-04-26 18:00,0.774,10.181
2021-04-26 19:00,0.729,9.753
2021-04-26 20:00,0.660,9.169
2021-04-26 21:00,0.617,8.848
2021-04-26 22:00,0.463,7.769
2021-04-26 23:00,0.739,9.830
2021-04-27 00:00,0.907,12.072
2021-04-27 01:00,0.931,12.645
2021-04-27 02:00,0.942,12.972
2021-04-27 03:00,0.949,13.195
2021-04-27 04:00,0.945,13.073
2021-04-27 05:00,0.928,12.573
2021-04-27 06:00,0.910,12.147
2021-04-27 07:00,0.916,12.290
2021-04-27 08:00,0.936,12.798
2021-04-27 09:00,0.961,13.679
2021-04-27 10:00,0.971,14.153
2021-04-27 11:00,0.950,13.242
2021-04-27 12:00,0.925,12.503
2021-04-27 13:00,0.916,12.275
2021-04-27 14:00,0.915,12.258
2021-04-27 15:00,0.923,12.447
2021-04-27 16:00,0.915,12.263
2021-04-27 17:00,0.905,12.030
2021-04-27 18:00,0.882,11.585
2021-04-27 19:00,0.845,11.028
2021-04-27 20:00,0.813,10.611
2021-04-27 21:00,0.778,10.225
2021-04-27 22:00,0.653,9.119
2021-04-27 23:00,0.665,9.215
2021-04-28 00:00,0.888,11.709
2021-04-28 01:00,0.888,11.698
2021-04-28 02:00,0.907,12.073
2021-04-28 03:00,0.934,12.729
2021-04-28 04:00,0.947,13.127
2021-04-28 05:00,0.938,12.864
2021-04-28 06:00,0.929,12.605
2021-04-28 07:00,0.926,12.525
2021-04-28 08:00,0.903,11.993
2021-04-28 09:00,0.874,11.455
2021-04-28 10:00,0.862,11.260
2021-04-28 11:00,0.845,11.011
2021-04-28 12:00,0.820,10.697
2021-04-28 13:00,0.777,10.210
2021-04-28 14:00,0.650,9.094
2021-04-28 15:00,0.487,7.937
2021-04-28 16:00,0.545,8.321
2021-04-28 17:00,0.729,9.752
2021-04-28 18:00,0.702,9.507
2021-04-28 19:00,0.672,9.272
2021-04-28 20:00,0.755,9.999
2021-04-28 21:00,0.795,10.406
2021-04-28 22:00,0.758,10.025
2021-04-28 23:00,0.946,13.118
2021-04-29 00:00,0.983,15.028
2021-04-29 01:00,0.991,16.000
2021-04-29 02:00,0.993,16.685
2021-04-29 03:00,0.992,16.418
2021-04-29 04:00,0.988,15.507
2021-04-29 05:00,0.978,14.630
2021-04-29 06:00,0.971,14.174
2021-04-29 07:00,0.966,13.926
2021-04-29 08:00,0.964,13.810
2021-04-29 09:00,0.956,13.451
2021-04-29 10:00,0.910,12.144
2021-04-29 11:00,0.791,10.356
2021-04-29 12:00,0.564,8.463
2021-04-29 13:00,0.241,6.141
2021-04-29 14:00,0.071,4.202
2021-04-29 15:00,0.078,4.307
2021-04-29 16:00,0.268,6.352
2021-04-29 17:00,0.556,8.408
2021-04-29 18:00,0.645,9.062
2021-04-29 19:00,0.580,8.570
2021-04-29 20:00,0.468,7.805
2021-04-29 21:00,0.414,7.433
2021-04-29 22:00,0.445,7.640
2021-04-29 23:00,0.876,11.499
2021-04-30 00:00,0.966,13.890
2021-04-30 01:00,0.973,14.299
2021-04-30 02:00,0.976,14.477
2021-04-30 03:00,0.973,14.268
2021-04-30 04:00,0.965,13.857
2021-04-30 05:00,0.948,13.189
2021-04-30 06:00,0.918,12.325
2021-04-30 07:00,0.920,12.365
2021-04-30 08:00,0.946,13.090
2021-04-30 09:00,0.961,13.697
2021-04-30 10:00,0.964,13.816
2021-04-30 11:00,0.952,13.325
2021-04-30 12:00,0.929,12.593
2021-04-30 13:00,0.890,11.735
2021-04-30 14:00,0.834,10.872
2021-04-30 15:00,0.794,10.394
2021-04-30 16:00,0.739,9.849
2021-04-30 17:00,0.721,9.671
2021-04-30 18:00,0.746,9.905
2021-04-30 19:00,0.769,10.131
2021-04-30 20:00,0.790,10.348
2021-04-30 21:00,0.796,10.417
2021-04-30 22:00,0.660,9.166
2021-04-30 23:00,0.746,9.906
2021-05-01 00:00,0.890,11.749
2021-05-01 01:00,0.941,12.957
2021-05-01 02:00,0.949,13.222
2021-05-01 03:00,0.953,13.340
2021-05-01 04:00,0.957,13.504
2021-05-01 05:00,0.951,13.278
2021-05-01 06:00,0.938,12.843
2021-05-01 07:00,0.931,12.641
2021-05-01 08:00,0.920,12.365
2021-05-01 09:00,0.893,11.804
2021-05-01 10:00,0.781,10.263
2021-05-01 11:00,0.638,9.002
2021-05-01 12:00,0.524,8.187
2021-05-01 13:00,0.386,7.235
2021-05-01 14:00,0.304,6.642
2021-05-01 15:00,0.298,6.594
2021-05-01 16:00,0.349,6.975
2021-05-01 17:00,0.410,7.410
2021-05-01 18:00,0.436,7.586
2021-05-01 19:00,0.448,7.660
2021-05-01 20:00,0.466,7.783
2021-05-01 21:00,0.470,7.818
2021-05-01 22:00,0.373,7.140
2021-05-01 23:00,0.309,6.671
2021-05-02 00:00,0.569,8.489
2021-05-02 01:00,0.702,9.517
2021-05-02 02:00,0.841,10.963
2021-05-02 03:00,0.919,12.346
2021-05-02 04:00,0.960,13.622
2021-05-02 05:00,0.973,14.286
2021-05-02 06:00,0.980,14.709
2021-05-02 07:00,0.985,15.169
2021-05-02 08:00,0.990,15.789
2021-05-02 09:00,0.990,15.901
2021-05-02 10:00,0.986,15.319
2021-05-02 11:00,0.973,14.270
2021-05-02 12:00,0.955,13.444
2021-05-02 13:00,0.955,13.413
2021-05-02 14:00,0.955,13.400
2021-05-02 15:00,0.936,12.805
2021-05-02 16:00,0.949,13.197
2021-05-02 17:00,0.951,13.293
2021-05-02 18:00,0.931,12.660
2021-05-02 19:00,0.919,12.346
2021-05-02 20:00,0.913,12.215
2021-05-02 21:00,0.903,11.986
2021-05-02 22:00,0.869,11.374
2021-05-02 23:00,0.919,12.359
2021-05-03 00:00,0.924,12.475
2021-05-03 01:00,0.929,12.585
2021-05-03 02:00,0.954,13.377
2021-05-03 03:00,0.970,14.109
2021-05-03 04:00,0.971,14.168
2021-05-03 05:00,0.970,14.093
2021-05-03 06:00,0.972,14.218
2021-05-03 07:00,0.950,13.257
2021-05-03 08:00,0.912,12.186
2021-05-03 09:00,0.880,11.561
2021-05-03 10:00,0.846,11.039
2021-05-03 11:00,0.775,10.197
2021-05-03 12:00,0.623,8.893
2021-05-03 13:00,0.714,9.621
2021-05-03 14:00,0.881,11.573
2021-05-03 15:00,0.913,12.203
2021-05-03 16:00,0.913,12.213
2021-05-03 17:00,0.898,11.892
2021-05-03 18:00,0.883,11.599
2021-05-03 19:00,0.867,11.339
2021-05-03 20:00,0.861,11.250
2021-05-03 21:00,0.837,10.908
2021-05-03 22:00,0.673,9.276
2021-05-03 23:00,0.783,10.281
2021-05-04 00:00,0.907,12.079
2021-05-04 01:00,0.922,12.435
2021-05-04 02:00,0.937,12.816
2021-05-04 03:00,0.965,13.835
2021-05-04 04:00,0.981,14.862
2021-05-04 05:00,0.988,15.490
2021-05-04 06:00,0.991,16.082
2021-05-04 07:00,0.993,16.611
2021-05-04 08:00,0.993,16.957
2021-05-04 09:00,0.992,17.406
2021-05-04 10:00,0.993,17.342
2021-05-04 11:00,0.991,16.085
2021-05-04 12:00,0.983,14.975
2021-05-04 13:00,0.968,13.992
2021-05-04 14:00,0.939,12.888
2021-05-04 15:00,0.930,12.626
2021-05-04 16:00,0.924,12.475
2021-05-04 17:00,0.920,12.374
2021-05-04 18:00,0.909,12.118
2021-05-04 19:00,0.873,11.444
2021-05-04 20:00,0.868,11.354
2021-05-04 21:00,0.861,11.241
2021-05-04 22:00,0.719,9.656
2021-05-04 23:00,0.476,7.857
2021-05-05 00:00,0.843,10.999
2021-05-05 01:00,0.966,13.889
2021-05-05 02:00,0.976,14.456
2021-05-05 03:00,0.976,14.440
2021-05-05 04:00,0.978,14.592
2021-05-05 05:00,0.984,15.083
2021-05-05 06:00,0.988,15.562
2021-05-05 07:00,0.990,15.933
2021-05-05 08:00,0.992,16.156
2021-05-05 09:00,0.988,15.604
2021-05-05 10:00,0.955,13.421
2021-05-05 11:00,0.929,12.600
2021-05-05 12:00,0.922,12.402
2021-05-05 13:00,0.921,12.398
2021-05-05 14:00,0.933,12.724
2021-05-05 15:00,0.950,13.239
2021-05-05 16:00,0.955,13.429
2021-05-05 17:00,0.956,13.479
2021-05-05 18:00,0.957,13.504
2021-05-05 19:00,0.956,13.452
2021-05-05 20:00,0.942,12.964
2021-05-05 21:00,0.924,12.473
2021-05-05 22:00,0.905,12.038
2021-05-05 23:00,0.970,14.129
2021-05-06 00:00,0.991,15.960
2021-05-06 01:00,0.993,17.276
2021-05-06 02:00,0.993,17.245
2021-05-06 03:00,0.992,17.600
2021-05-06 04:00,0.960,19.758
2021-05-06 05:00,0.825,22.201
2021-05-06 06:00,0.662,23.759
2021-05-06 07:00,0.557,24.582
2021-05-06 08:00,0.569,24.488
2021-05-06 09:00,0.722,23.245
2021-05-06 10:00,0.905,21.079
2021-05-06 11:00,0.967,19.496
2021-05-06 12:00,0.954,19.954
2021-05-06 13:00,0.891,21.324
2021-05-06 14:00,0.865,21.702
2021-05-06 15:00,0.947,20.156
2021-05-06 16:00,0.990,17.944
2021-05-06 17:00,0.988,15.601
2021-05-06 18:00,0.938,12.849
2021-05-06 19:00,0.795,10.401
2021-05-06 20:00,0.725,9.715
2021-05-06 21:00,0.719,9.653
2021-05-06 22:00,0.546,8.329
2021-05-06 23:00,0.801,10.470
2021-05-07 00:00,0.947,13.133
2021-05-07 01:00,0.956,13.482
2021-05-07 02:00,0.956,13.473
2021-05-07 03:00,0.949,13.199
2021-05-07 04:00,0.938,12.864
2021-05-07 05:00,0.938,12.835
2021-05-07 06:00,0.955,13.406
2021-05-07 07:00,0.980,14.785
2021-05-07 08:00,0.992,16.239
2021-05-07 09:00,0.993,17.079
2021-05-07 10:00,0.993,16.497
2021-05-07 11:00,0.991,16.103
2021-05-07 12:00,0.991,15.944
2021-05-07 13:00,0.986,15.363
2021-05-07 14:00,0.967,13.967
2021-05-07 15:00,0.920,12.375
2021-05-07 16:00,0.867,11.344
2021-05-07 17:00,0.748,9.917
2021-05-07 18:00,0.623,8.891
2021-05-07 19:00,0.634,8.977
2021-05-07 20:00,0.684,9.371
2021-05-07 21:00,0.729,9.749
2021-05-07 22:00,0.760,10.041
2021-05-07 23:00,0.904,12.022
2021-05-08 00:00,0.892,11.769
2021-05-08 01:00,0.868,11.371
2021-05-08 02:00,0.822,10.723
2021-05-08 03:00,0.765,10.088
2021-05-08 04:00,0.750,9.939
2021-05-08 05:00,0.733,9.791
2021-05-08 06:00,0.678,9.319
2021-05-08 07:00,0.606,8.759
2021-05-08 08:00,0.556,8.403
2021-05-08 09:00,0.489,7.947
2021-05-08 10:00,0.364,7.079
2021-05-08 11:00,0.305,6.651
2021-05-08 12:00,0.248,6.195
2021-05-08 13:00,0.201,5.774
2021-05-08 14:00,0.176,5.530
2021-05-08 15:00,0.180,5.565
2021-05-08 16:00,0.212,5.887
2021-05-08 17:00,0.270,6.370
2021-05-08 18:00,0.309,6.682
2021-05-08 19:00,0.157,5.337
2021-05-08 20:00,0.204,5.800
2021-05-08 21:00,0.227,6.014
2021-05-08 22:00,0.175,5.525
2021-05-08 23:00,0.198,5.758
2021-05-09 00:00,0.180,5.573
2021-05-09 01:00,0.133,5.061
2021-05-09 02:00,0.103,4.684
2021-05-09 03:00,0.083,4.380
2021-05-09 04:00,0.069,4.166
2021-05-09 05:00,0.019,2.968
2021-05-09 06:00,0.008,2.465
2021-05-09 07:00,0.108,4.759
2021-05-09 08:00,0.165,5.421
2021-05-09 09:00,0.150,5.267
2021-05-09 10:00,0.156,5.326
2021-05-09 11:00,0.216,5.918
2021-05-09 12:00,0.120,4.907
2021-05-09 13:00,0.020,3.025
2021-05-09 14:00,0.002,1.904
2021-05-09 15:00,0.001,1.694
2021-05-09 16:00,0.008,2.465
2021-05-09 17:00,0.017,2.905
2021-05-09 18:00,0.020,3.020
2021-05-09 19:00,0.018,2.937
2021-05-09 20:00,0.046,3.720
2021-05-09 21:00,0.147,5.225
2021-05-09 22:00,0.257,6.263
2021-05-09 23:00,0.276,6.426
2021-05-10 00:00,0.469,7.811
2021-05-10 01:00,0.432,7.559
2021-05-10 02:00,0.424,7.502
2021-05-10 03:00,0.321,6.766
2021-05-10 04:00,0.200,5.773
2021-05-10 05:00,0.134,5.075
2021-05-10 06:00,0.090,4.503
2021-05-10 07:00,0.070,4.189
2021-05-10 08:00,0.055,3.894
2021-05-10 09:00,0.032,3.388
2021-05-10 10:00,0.013,2.745
2021-05-10 11:00,0.011,2.615
2021-05-10 12:00,0.018,2.947
2021-05-10 13:00,0.064,4.069
2021-05-10 14:00,0.174,5.516
2021-05-10 15:00,0.374,7.160
2021-05-10 16:00,0.651,9.109
2021-05-10 17:00,0.856,11.186
2021-05-10 18:00,0.879,11.547
2021-05-10 19:00,0.857,11.198
2021-05-10 20:00,0.839,10.938
2021-05-10 21:00,0.820,10.700
2021-05-10 22:00,0.658,9.151
2021-05-10 23:00,0.655,9.134
2021-05-11 00:00,0.931,12.663
2021-05-11 01:00,0.975,14.388
2021-05-11 02:00,0.983,15.050
2021-05-11 03:00,0.985,15.194
2021-05-11 04:00,0.984,15.110
2021-05-11 05:00,0.980,14.728
2021-05-11 06:00,0.972,14.233
2021-05-11 07:00,0.955,13.431
2021-05-11 08:00,0.887,11.674
2021-05-11 09:00,0.612,8.800
2021-05-11 10:00,0.327,6.819
2021-05-11 11:00,0.613,8.818
2021-05-11 12:00,0.763,10.072
2021-05-11 13:00,0.661,9.180
2021-05-11 14:00,0.625,8.904
2021-05-11 15:00,0.468,7.806
2021-05-11 16:00,0.290,6.538
2021-05-11 17:00,0.285,6.498
2021-05-11 18:00,0.403,7.353
2021-05-11 19:00,0.510,8.087
2021-05-11 20:00,0.553,8.389
2021-05-11 21:00,0.464,7.773
2021-05-11 22:00,0.204,5.808
2021-05-11 23:00,0.105,4.716
2021-05-12 00:00,0.055,3.901
2021-05-12 01:00,0.026,3.220
2021-05-12 02:00,0.019,2.967
2021-05-12 03:00,0.028,3.287
2021-05-12 04:00,0.091,4.510
2021-05-12 05:00,0.125,4.969
2021-05-12 06:00,0.156,5.326
2021-05-12 07:00,0.238,6.116
2021-05-12 08:00,0.270,6.375
2021-05-12 09:00,0.222,5.964
2021-05-12 10:00,0.338,6.888
2021-05-12 11:00,0.516,8.129
2021-05-12 12:00,0.349,6.980
2021-05-12 13:00,0.150,5.266
2021-05-12 14:00,0.133,5.063
2021-05-12 15:00,0.159,5.361
2021-05-12 16:00,0.185,5.628
2021-05-12 17:00,0.306,6.659
2021-05-12 18:00,0.416,7.445
2021-05-12 19:00,0.183,5.608
2021-05-12 20:00,0.077,4.294
2021-05-12 21:00,0.127,4.996
2021-05-12 22:00,0.330,6.829
2021-05-12 23:00,0.253,6.231
2021-05-13 00:00,0.338,6.892
2021-05-13 01:00,0.591,8.650
2021-05-13 02:00,0.726,9.728
2021-05-13 03:00,0.754,9.991
2021-05-13 04:00,0.781,10.256
2021-05-13 05:00,0.809,10.568
2021-05-13 06:00,0.864,11.294
2021-05-13 07:00,0.903,11.986
2021-05-13 08:00,0.909,12.120
2021-05-13 09:00,0.840,10.960
2021-05-13 10:00,0.728,9.735
2021-05-13 11:00,0.791,10.351
2021-05-13 12:00,0.895,11.840
2021-05-13 13:00,0.919,12.353
2021-05-13 14:00,0.817,10.653
2021-05-13 15:00,0.772,10.156
2021-05-13 16:00,0.806,10.528
2021-05-13 17:00,0.825,10.757
2021-05-13 18:00,0.818,10.677
2021-05-13 19:00,0.772,10.158
2021-05-13 20:00,0.713,9.613
2021-05-13 21:00,0.738,9.840
2021-05-13 22:00,0.672,9.263
2021-05-13 23:00,0.680,9.338
2021-05-14 00:00,0.792,10.366
2021-05-14 01:00,0.765,10.094
2021-05-14 02:00,0.735,9.810
2021-05-14 03:00,0.721,9.670
2021-05-14 04:00,0.689,9.402
2021-05-14 05:00,0.640,9.014
2021-05-14 06:00,0.560,8.436
2021-05-14 07:00,0.463,7.762
2021-05-14 08:00,0.358,7.041
2021-05-14 09:00,0.231,6.046
2021-05-14 10:00,0.074,4.244
2021-05-14 11:00,0.060,4.005
2021-05-14 12:00,0.549,8.353
2021-05-14 13:00,0.928,12.562
2021-05-14 14:00,0.986,15.272
2021-05-14 15:00,0.984,15.079
2021-05-14 16:00,0.970,14.127
2021-05-14 17:00,0.963,13.765
2021-05-14 18:00,0.970,14.092
2021-05-14 19:00,0.974,14.360
2021-05-14 20:00,0.978,14.603
2021-05-14 21:00,0.974,14.368
2021-05-14 22:00,0.977,14.543
2021-05-14 23:00,0.983,14.968
2021-05-15 00:00,0.980,14.726
2021-05-15 01:00,0.972,14.222
2021-05-15 02:00,0.964,13.789
2021-05-15 03:00,0.960,13.630
2021-05-15 04:00,0.958,13.535
2021-05-15 05:00,0.925,12.491
2021-05-15 06:00,0.892,11.776
2021-05-15 07:00,0.855,11.163
2021-05-15 08:00,0.809,10.565
2021-05-15 09:00,0.769,10.132
2021-05-15 10:00,0.704,9.535
2021-05-15 11:00,0.663,9.198
2021-05-15 12:00,0.609,8.787
2021-05-15 13:00,0.572,8.513
2021-05-15 14:00,0.606,8.759
2021-05-15 15:00,0.617,8.845
2021-05-15 16:00,0.597,8.700
2021-05-15 17:00,0.616,8.836
2021-05-15 18:00,0.653,9.119
2021-05-15 19:00,0.673,9.282
2021-05-15 20:00,0.713,9.610
2021-05-15 21:00,0.717,9.644
2021-05-15 22:00,0.606,8.762
2021-05-15 23:00,0.546,8.335
2021-05-16 00:00,0.758,10.029
2021-05-16 01:00,0.715,9.626
2021-05-16 02:00,0.723,9.693
2021-05-16 03:00,0.748,9.922
2021-05-16 04:00,0.737,9.822
2021-05-16 05:00,0.711,9.597
2021-05-16 06:00,0.645,9.058
2021-05-16 07:00,0.553,8.388
2021-05-16 08:00,0.498,8.004
2021-05-16 09:00,0.460,7.749
2021-05-16 10:00,0.365,7.089
2021-05-16 11:00,0.218,5.936
2021-05-16 12:00,0.087,4.461
2021-05-16 13:00,0.057,3.946
2021-05-16 14:00,0.123,4.949
2021-05-16 15:00,0.275,6.415
2021-05-16 16:00,0.452,7.697
2021-05-16 17:00,0.609,8.790
2021-05-16 18:00,0.727,9.732
2021-05-16 19:00,0.800,10.461
2021-05-16 20:00,0.837,10.899
2021-05-16 21:00,0.817,10.657
2021-05-16 22:00,0.635,8.983
2021-05-16 23:00,0.290,6.537
2021-05-17 00:00,0.505,8.059
2021-05-17 01:00,0.450,7.680
2021-05-17 02:00,0.393,7.290
2021-05-17 03:00,0.436,7.585
2021-05-17 04:00,0.502,8.034
2021-05-17 05:00,0.539,8.286
2021-05-17 06:00,0.546,8.339
2021-05-17 07:00,0.561,8.438
2021-05-17 08:00,0.574,8.533
2021-05-17 09:00,0.581,8.584
2021-05-17 10:00,0.552,8.380
2021-05-17 11:00,0.573,8.526
2021-05-17 12:00,0.582,8.596
2021-05-17 13:00,0.591,8.657
2021-05-17 14:00,0.692,9.433
2021-05-17 15:00,0.769,10.131
2021-05-17 16:00,0.803,10.487
2021-05-17 17:00,0.819,10.687
2021-05-17 18:00,0.837,10.904
2021-05-17 19:00,0.846,11.040
2021-05-17 20:00,0.829,10.809
2021-05-17 21:00,0.748,9.923
2021-05-17 22:00,0.536,8.263
2021-05-17 23:00,0.270,6.374
2021-05-18 00:00,0.395,7.302
2021-05-18 01:00,0.469,7.810
2021-05-18 02:00,0.449,7.663
2021-05-18 03:00,0.531,8.234
2021-05-18 04:00,0.651,9.106
2021-05-18 05:00,0.744,9.892
2021-05-18 06:00,0.807,10.540
2021-05-18 07:00,0.841,10.965
2021-05-18 08:00,0.843,10.987
2021-05-18 09:00,0.785,10.305
2021-05-18 10:00,0.574,8.534
2021-05-18 11:00,0.373,7.141
2021-05-18 12:00,0.325,6.804
2021-05-18 13:00,0.354,7.009
2021-05-18 14:00,0.329,6.825
2021-05-18 15:00,0.348,6.968
2021-05-18 16:00,0.513,8.100
2021-05-18 17:00,0.620,8.868
2021-05-18 18:00,0.632,8.964
2021-05-18 19:00,0.623,8.892
2021-05-18 20:00,0.569,8.493
2021-05-18 21:00,0.539,8.283
2021-05-18 22:00,0.439,7.604
2021-05-18 23:00,0.300,6.613
2021-05-19 00:00,0.323,6.788
2021-05-19 01:00,0.403,7.361
2021-05-19 02:00,0.498,8.005
2021-05-19 03:00,0.584,8.609
2021-05-19 04:00,0.628,8.922
2021-05-19 05:00,0.634,8.975
2021-05-19 06:00,0.621,8.876
2021-05-19 07:00,0.663,9.190
2021-05-19 08:00,0.740,9.859
2021-05-19 09:00,0.767,10.110
2021-05-19 10:00,0.704,9.533
2021-05-19 11:00,0.625,8.900
2021-05-19 12:00,0.499,8.007
2021-05-19 13:00,0.384,7.227
2021-05-19 14:00,0.302,6.629
2021-05-19 15:00,0.235,6.084
2021-05-19 16:00,0.187,5.646
2021-05-19 17:00,0.165,5.420
2021-05-19 18:00,0.150,5.268
2021-05-19 19:00,0.124,4.954
2021-05-19 20:00,0.093,4.542
2021-05-19 21:00,0.068,4.145
2021-05-19 22:00,0.029,3.295
2021-05-19 23:00,0.014,2.764
2021-05-20 00:00,0.052,3.845
2021-05-20 01:00,0.106,4.729
2021-05-20 02:00,0.113,4.812
2021-05-20 03:00,0.093,4.534
2021-05-20 04:00,0.077,4.301
2021-05-20 05:00,0.068,4.132
2021-05-20 06:00,0.061,4.020
2021-05-20 07:00,0.068,4.132
2021-05-20 08:00,0.084,4.402
2021-05-20 09:00,0.113,4.817
2021-05-20 10:00,0.213,5.893
2021-05-20 11:00,0.450,7.676
2021-05-20 12:00,0.581,8.581
2021-05-20 13:00,0.594,8.678
2021-05-20 14:00,0.576,8.546
2021-05-20 15:00,0.568,8.488
2021-05-20 16:00,0.551,8.378
2021-05-20 17:00,0.539,8.285
2021-05-20 18:00,0.542,8.309
2021-05-20 19:00,0.568,8.486
2021-05-20 20:00,0.616,8.837
2021-05-20 21:00,0.640,9.016
2021-05-20 22:00,0.447,7.651
2021-05-20 23:00,0.217,5.926
2021-05-21 00:00,0.394,7.297
2021-05-21 01:00,0.403,7.358
2021-05-21 02:00,0.357,7.036
2021-05-21 03:00,0.355,7.012
2021-05-21 04:00,0.408,7.388
2021-05-21 05:00,0.476,7.858
2021-05-21 06:00,0.538,8.278
2021-05-21 07:00,0.542,8.306
2021-05-21 08:00,0.472,7.825
2021-05-21 09:00,0.431,7.556
2021-05-21 10:00,0.451,7.686
2021-05-21 11:00,0.680,9.338
2021-05-21 12:00,0.827,10.790
2021-05-21 13:00,0.888,11.698
2021-05-21 14:00,0.920,12.370
2021-05-21 15:00,0.926,12.529
2021-05-21 16:00,0.924,12.463
2021-05-21 17:00,0.922,12.425
2021-05-21 18:00,0.915,12.257
2021-05-21 19:00,0.887,11.685
2021-05-21 20:00,0.889,11.724
2021-05-21 21:00,0.875,11.470
2021-05-21 22:00,0.768,10.129
2021-05-21 23:00,0.765,10.089
2021-05-22 00:00,0.958,13.549
2021-05-22 01:00,0.919,12.341
2021-05-22 02:00,0.804,10.507
2021-05-22 03:00,0.685,9.375
2021-05-22 04:00,0.622,8.886
2021-05-22 05:00,0.621,8.878
2021-05-22 06:00,0.600,8.714
2021-05-22 07:00,0.567,8.483
2021-05-22 08:00,0.629,8.938
2021-05-22 09:00,0.917,12.303
2021-05-22 10:00,0.975,14.379
2021-05-22 11:00,0.975,14.427
2021-05-22 12:00,0.956,13.455
2021-05-22 13:00,0.851,11.100
2021-05-22 14:00,0.607,8.774
2021-05-22 15:00,0.683,9.362
2021-05-22 16:00,0.769,10.131
2021-05-22 17:00,0.721,9.669
2021-05-22 18:00,0.722,9.686
2021-05-22 19:00,0.673,9.278
2021-05-22 20:00,0.643,9.041
2021-05-22 21:00,0.606,8.761
2021-05-22 22:00,0.715,9.629
2021-05-22 23:00,0.819,10.687
2021-05-23 00:00,0.875,11.473
2021-05-23 01:00,0.936,12.786
2021-05-23 02:00,0.954,13.379
2021-05-23 03:00,0.963,13.746
2021-05-23 04:00,0.951,13.292
2021-05-23 05:00,0.921,12.386
2021-05-23 06:00,0.887,11.671
2021-05-23 07:00,0.856,11.176
2021-05-23 08:00,0.831,10.825
2021-05-23 09:00,0.829,10.806
2021-05-23 10:00,0.846,11.040
2021-05-23 11:00,0.831,10.833
2021-05-23 12:00,0.715,9.627
2021-05-23 13:00,0.597,8.698
2021-05-23 14:00,0.527,8.206
2021-05-23 15:00,0.442,7.628
2021-05-23 16:00,0.403,7.358
2021-05-23 17:00,0.423,7.493
2021-05-23 18:00,0.377,7.178
2021-05-23 19:00,0.321,6.761
2021-05-23 20:00,0.308,6.669
2021-05-23 21:00,0.342,6.925
2021-05-23 22:00,0.261,6.306
2021-05-23 23:00,0.311,6.690
2021-05-24 00:00,0.727,9.733
2021-05-24 01:00,0.849,11.073
2021-05-24 02:00,0.915,12.265
2021-05-24 03:00,0.953,13.332
2021-05-24 04:00,0.968,14.022
2021-05-24 05:00,0.980,14.754
2021-05-24 06:00,0.991,16.045
2021-05-24 07:00,0.993,17.294
2021-05-24 08:00,0.993,17.141
2021-05-24 09:00,0.990,15.796
2021-05-24 10:00,0.979,14.666
2021-05-24 11:00,0.945,13.064
2021-05-24 12:00,0.901,11.956
2021-05-24 13:00,0.861,11.248
2021-05-24 14:00,0.767,10.111
2021-05-24 15:00,0.720,9.666
2021-05-24 16:00,0.746,9.900
2021-05-24 17:00,0.754,9.984
2021-05-24 18:00,0.676,9.303
2021-05-24 19:00,0.655,9.136
2021-05-24 20:00,0.832,10.847
2021-05-24 21:00,0.911,12.157
2021-05-24 22:00,0.846,11.040
2021-05-24 23:00,0.932,12.688
2021-05-25 00:00,0.977,14.556
2021-05-25 01:00,0.991,16.122
2021-05-25 02:00,0.993,16.804
2021-05-25 03:00,0.992,17.445
2021-05-25 04:00,0.989,18.083
2021-05-25 05:00,0.988,18.140
2021-05-25 06:00,0.991,17.808
2021-05-25 07:00,0.993,17.105
2021-05-25 08:00,0.993,16.495
2021-05-25 09:00,0.986,15.326
2021-05-25 10:00,0.936,12.801
2021-05-25 11:00,0.738,9.827
2021-05-25 12:00,0.447,7.654
2021-05-25 13:00,0.312,6.703
2021-05-25 14:00,0.199,5.765
2021-05-25 15:00,0.059,3.973
2021-05-25 16:00,0.001,1.591
2021-05-25 17:00,0,0.521
2021-05-25 18:00,0.003,2.044
2021-05-25 19:00,0.204,5.797
2021-05-25 20:00,0.669,9.249
2021-05-25 21:00,0.702,9.513
2021-05-25 22:00,0.584,8.607
2021-05-25 23:00,0.676,9.307
2021-05-26 00:00,0.718,9.648
2021-05-26 01:00,0.703,9.529
2021-05-26 02:00,0.767,10.118
2021-05-26 03:00,0.822,10.723
2021-05-26 04:00,0.821,10.714
2021-05-26 05:00,0.825,10.755
2021-05-26 06:00,0.846,11.031
2021-05-26 07:00,0.886,11.668
2021-05-26 08:00,0.931,12.647
2021-05-26 09:00,0.959,13.602
2021-05-26 10:00,0.961,13.663
2021-05-26 11:00,0.932,12.684
2021-05-26 12:00,0.895,11.838
2021-05-26 13:00,0.803,10.497
2021-05-26 14:00,0.574,8.530
2021-05-26 15:00,0.252,6.226
2021-05-26 16:00,0.200,5.773
2021-05-26 17:00,0.367,7.102
2021-05-26 18:00,0.549,8.360
2021-05-26 19:00,0.651,9.102
2021-05-26 20:00,0.739,9.849
2021-05-26 21:00,0.763,10.074
2021-05-26 22:00,0.721,9.678
2021-05-26 23:00,0.769,10.136
2021-05-27 00:00,0.939,12.891
2021-05-27 01:00,0.990,15.930
2021-05-27 02:00,0.986,18.407
2021-05-27 03:00,0.955,19.913
2021-05-27 04:00,0.935,20.462
2021-05-27 05:00,0.898,21.198
2021-05-27 06:00,0.872,21.606
2021-05-27 07:00,0.868,21.666
2021-05-27 08:00,0.908,21.025
2021-05-27 09:00,0.952,20.019
2021-05-27 10:00,0.982,18.688
2021-05-27 11:00,0.992,16.410
2021-05-27 12:00,0.972,14.250
2021-05-27 13:00,0.939,12.883
2021-05-27 14:00,0.904,12.003
2021-05-27 15:00,0.884,11.635
2021-05-27 16:00,0.892,11.765
2021-05-27 17:00,0.882,11.583
2021-05-27 18:00,0.836,10.893
2021-05-27 19:00,0.781,10.257
2021-05-27 20:00,0.771,10.149
2021-05-27 21:00,0.725,9.714
2021-05-27 22:00,0.468,7.802
2021-05-27 23:00,0.834,10.869
2021-05-28 00:00,0.837,10.909
2021-05-28 01:00,0.772,10.157
2021-05-28 02:00,0.710,9.586
2021-05-28 03:00,0.719,9.654
2021-05-28 04:00,0.802,10.482
2021-05-28 05:00,0.906,12.057
2021-05-28 06:00,0.965,13.853
2021-05-28 07:00,0.985,15.212
2021-05-28 08:00,0.988,15.611
2021-05-28 09:00,0.984,15.073
2021-05-28 10:00,0.959,13.575
2021-05-28 11:00,0.911,12.160
2021-05-28 12:00,0.851,11.105
2021-05-28 13:00,0.891,11.740
2021-05-28 14:00,0.916,12.283
2021-05-28 15:00,0.895,11.838
2021-05-28 16:00,0.865,11.318
2021-05-28 17:00,0.880,11.569
2021-05-28 18:00,0.878,11.518
2021-05-28 19:00,0.840,10.957
2021-05-28 20:00,0.769,10.135
2021-05-28 21:00,0.640,9.017
2021-05-28 22:00,0.456,7.725
2021-05-28 23:00,0.413,7.418
2021-05-29 00:00,0.335,6.877
2021-05-29 01:00,0.166,5.439
2021-05-29 02:00,0.043,3.655
2021-05-29 03:00,0.009,2.539
2021-05-29 04:00,0.005,2.252
2021-05-29 05:00,0.007,2.377
2021-05-29 06:00,0.009,2.519
2021-05-29 07:00,0.011,2.628
2021-05-29 08:00,0.014,2.772
2021-05-29 09:00,0.014,2.785
2021-05-29 10:00,0.025,3.184
2021-05-29 11:00,0.131,5.034
2021-05-29 12:00,0.492,7.971
2021-05-29 13:00,0.828,10.796
2021-05-29 14:00,0.793,10.390
2021-05-29 15:00,0.166,5.432
2021-05-29 16:00,0.302,6.629
2021-05-29 17:00,0.586,8.623
2021-05-29 18:00,0.616,8.830
2021-05-29 19:00,0.319,6.750
2021-05-29 20:00,0.211,5.871
2021-05-29 21:00,0.182,5.603
2021-05-29 22:00,0.107,4.734
2021-05-29 23:00,0.251,6.215
2021-05-30 00:00,0.240,6.126
2021-05-30 01:00,0.142,5.171
2021-05-30 02:00,0.073,4.230
2021-05-30 03:00,0.031,3.364
2021-05-30 04:00,0.012,2.699
2021-05-30 05:00,0.005,2.253
2021-05-30 06:00,0.001,1.761
2021-05-30 07:00,0,0.874
2021-05-30 08:00,0,0.065
2021-05-30 09:00,0.002,1.813
2021-05-30 10:00,0.037,3.516
2021-05-30 11:00,0.205,5.819
2021-05-30 12:00,0.442,7.625
2021-05-30 13:00,0.617,8.847
2021-05-30 14:00,0.736,9.819
2021-05-30 15:00,0.802,10.482
2021-05-30 16:00,0.834,10.867
2021-05-30 17:00,0.735,9.811
2021-05-30 18:00,0.626,8.913
2021-05-30 19:00,0.365,7.093
2021-05-30 20:00,0.218,5.933
2021-05-30 21:00,0.135,5.092
2021-05-30 22:00,0.113,4.823
2021-05-30 23:00,0.087,4.453
2021-05-31 00:00,0.083,4.383
2021-05-31 01:00,0.037,3.507
2021-05-31 02:00,0.289,6.529
2021-05-31 03:00,0.612,8.809
2021-05-31 04:00,0.792,10.372
2021-05-31 05:00,0.762,10.065
2021-05-31 06:00,0.675,9.293
2021-05-31 07:00,0.667,9.229
2021-05-31 08:00,0.713,9.610
2021-05-31 09:00,0.678,9.317
2021-05-31 10:00,0.785,10.299
2021-05-31 11:00,0.894,11.809
2021-05-31 12:00,0.887,11.694
2021-05-31 13:00,0.834,10.865
2021-05-31 14:00,0.801,10.480
2021-05-31 15:00,0.641,9.026
2021-05-31 16:00,0.506,8.064
2021-05-31 17:00,0.386,7.236
2021-05-31 18:00,0.274,6.410
2021-05-31 19:00,0.142,5.177
2021-05-31 20:00,0.042,3.618
2021-05-31 21:00,0.011,2.639
2021-05-31 22:00,0.010,2.557
2021-05-31 23:00,0.055,3.904
2021-06-01 00:00,0.124,4.956
2021-06-01 01:00,0.301,6.616
2021-06-01 02:00,0.615,8.828
2021-06-01 03:00,0.803,10.499
2021-06-01 04:00,0.889,11.722
2021-06-01 05:00,0.941,12.955
2021-06-01 06:00,0.972,14.190
2021-06-01 07:00,0.986,15.260
2021-06-01 08:00,0.993,16.670
2021-06-01 09:00,0.990,15.878
2021-06-01 10:00,0.941,12.941
2021-06-01 11:00,0.859,11.222
2021-06-01 12:00,0.689,9.409
2021-06-01 13:00,0.612,8.804
2021-06-01 14:00,0.684,9.367
2021-06-01 15:00,0.518,8.142
2021-06-01 16:00,0.391,7.275
2021-06-01 17:00,0.448,7.660
2021-06-01 18:00,0.531,8.234
2021-06-01 19:00,0.593,8.667
2021-06-01 20:00,0.654,9.127
2021-06-01 21:00,0.661,9.182
2021-06-01 22:00,0.611,8.798
2021-06-01 23:00,0.625,8.906
2021-06-02 00:00,0.528,8.217
2021-06-02 01:00,0.505,8.051
2021-06-02 02:00,0.612,8.807
2021-06-02 03:00,0.748,9.923
2021-06-02 04:00,0.806,10.531
2021-06-02 05:00,0.783,10.281
2021-06-02 06:00,0.731,9.771
2021-06-02 07:00,0.738,9.828
2021-06-02 08:00,0.733,9.790
2021-06-02 09:00,0.699,9.485
2021-06-02 10:00,0.626,8.914
2021-06-02 11:00,0.510,8.089
2021-06-02 12:00,0.466,7.784
2021-06-02 13:00,0.503,8.041
2021-06-02 14:00,0.694,9.439
2021-06-02 15:00,0.736,9.819
2021-06-02 16:00,0.646,9.070
2021-06-02 17:00,0.629,8.941
2021-06-02 18:00,0.573,8.525
2021-06-02 19:00,0.531,8.232
2021-06-02 20:00,0.513,8.111
2021-06-02 21:00,0.527,8.206
2021-06-02 22:00,0.752,9.969
2021-06-02 23:00,0.739,9.844
2021-06-03 00:00,0.671,9.257
2021-06-03 01:00,0.676,9.303
2021-06-03 02:00,0.745,9.895
2021-06-03 03:00,0.809,10.566
2021-06-03 04:00,0.830,10.819
2021-06-03 05:00,0.834,10.879
2021-06-03 06:00,0.850,11.090
2021-06-03 07:00,0.872,11.427
2021-06-03 08:00,0.884,11.627
2021-06-03 09:00,0.898,11.888
2021-06-03 10:00,0.906,12.048
2021-06-03 11:00,0.878,11.527
2021-06-03 12:00,0.864,11.300
2021-06-03 13:00,0.851,11.104
2021-06-03 14:00,0.865,11.312
2021-06-03 15:00,0.892,11.772
2021-06-03 16:00,0.917,12.309
2021-06-03 17:00,0.946,13.094
2021-06-03 18:00,0.962,13.699
2021-06-03 19:00,0.966,13.914
2021-06-03 20:00,0.955,13.443
2021-06-03 21:00,0.910,12.134
2021-06-03 22:00,0.804,10.506
2021-06-03 23:00,0.909,12.116
2021-06-04 00:00,0.923,12.441
2021-06-04 01:00,0.929,12.611
2021-06-04 02:00,0.916,12.287
2021-06-04 03:00,0.896,11.855
2021-06-04 04:00,0.876,11.494
2021-06-04 05:00,0.861,11.255
2021-06-04 06:00,0.867,11.341
2021-06-04 07:00,0.871,11.397
2021-06-04 08:00,0.869,11.383
2021-06-04 09:00,0.850,11.094
2021-06-04 10:00,0.786,10.313
2021-06-04 11:00,0.661,9.175
2021-06-04 12:00,0.583,8.602
2021-06-04 13:00,0.458,7.732
2021-06-04 14:00,0.330,6.831
2021-06-04 15:00,0.240,6.133
2021-06-04 16:00,0.206,5.828
2021-06-04 17:00,0.224,5.982
2021-06-04 18:00,0.275,6.413
2021-06-04 19:00,0.340,6.913
2021-06-04 20:00,0.399,7.328
2021-06-04 21:00,0.435,7.575
2021-06-04 22:00,0.285,6.485
2021-06-04 23:00,0.165,5.430
2021-06-05 00:00,0.257,6.266
2021-06-05 01:00,0.365,7.089
2021-06-05 02:00,0.502,8.037
2021-06-05 03:00,0.655,9.135
2021-06-05 04:00,0.765,10.084
2021-06-05 05:00,0.814,10.630
2021-06-05 06:00,0.837,10.909
2021-06-05 07:00,0.833,10.851
2021-06-05 08:00,0.832,10.843
2021-06-05 09:00,0.841,10.969
2021-06-05 10:00,0.753,9.974
2021-06-05 11:00,0.649,9.089
2021-06-05 12:00,0.559,8.429
2021-06-05 13:00,0.374,7.152
2021-06-05 14:00,0.157,5.334
2021-06-05 15:00,0.046,3.714
2021-06-05 16:00,0.015,2.834
2021-06-05 17:00,0.015,2.842
2021-06-05 18:00,0.041,3.606
2021-06-05 19:00,0.082,4.376
2021-06-05 20:00,0.067,4.123
2021-06-05 21:00,0.213,5.895
2021-06-05 22:00,0.725,9.720
2021-06-05 23:00,0.625,8.910
2021-06-06 00:00,0.236,6.094
2021-06-06 01:00,0.391,7.275
2021-06-06 02:00,0.513,8.105
2021-06-06 03:00,0.663,9.203
2021-06-06 04:00,0.739,9.831
2021-06-06 05:00,0.810,10.576
2021-06-06 06:00,0.802,10.485
2021-06-06 07:00,0.684,9.365
2021-06-06 08:00,0.625,8.899
2021-06-06 09:00,0.365,7.086
2021-06-06 10:00,0.119,4.898
2021-06-06 11:00,0.040,3.579
2021-06-06 12:00,0.117,4.869
2021-06-06 13:00,0.243,6.157
2021-06-06 14:00,0.461,7.755
2021-06-06 15:00,0.448,7.656
2021-06-06 16:00,0.544,8.318
2021-06-06 17:00,0.542,8.310
2021-06-06 18:00,0.433,7.567
2021-06-06 19:00,0.384,7.228
2021-06-06 20:00,0.453,7.700
2021-06-06 21:00,0.456,7.724
2021-06-06 22:00,0.395,7.302
2021-06-06 23:00,0.375,7.160
2021-06-07 00:00,0.523,8.180
2021-06-07 01:00,0.586,8.623
2021-06-07 02:00,0.746,9.907
2021-06-07 03:00,0.834,10.881
2021-06-07 04:00,0.736,9.813
2021-06-07 05:00,0.565,8.472
2021-06-07 06:00,0.450,7.684
2021-06-07 07:00,0.380,7.199
2021-06-07 08:00,0.377,7.175
2021-06-07 09:00,0.424,7.502
2021-06-07 10:00,0.473,7.838
2021-06-07 11:00,0.643,9.030
2021-06-07 12:00,0.689,9.404
2021-06-07 13:00,0.664,9.209
2021-06-07 14:00,0.669,9.242
2021-06-07 15:00,0.652,9.111
2021-06-07 16:00,0.561,8.437
2021-06-07 17:00,0.494,7.981
2021-06-07 18:00,0.381,7.209
2021-06-07 19:00,0.214,5.904
2021-06-07 20:00,0.120,4.910
2021-06-07 21:00,0.101,4.643
2021-06-07 22:00,0.058,3.957
2021-06-07 23:00,0.135,5.096
2021-06-08 00:00,0.848,11.063
2021-06-08 01:00,0.757,10.018
2021-06-08 02:00,0.309,6.682
2021-06-08 03:00,0.074,4.253
2021-06-08 04:00,0.026,3.219
2021-06-08 05:00,0.055,3.911
2021-06-08 06:00,0.101,4.650
2021-06-08 07:00,0.154,5.298
2021-06-08 08:00,0.206,5.828
2021-06-08 09:00,0.234,6.074
2021-06-08 10:00,0.194,5.707
2021-06-08 11:00,0.128,5.007
2021-06-08 12:00,0.074,4.246
2021-06-08 13:00,0.064,4.082
2021-06-08 14:00,0.109,4.763
2021-06-08 15:00,0.122,4.933
2021-06-08 16:00,0.072,4.213
2021-06-08 17:00,0.020,3.016
2021-06-08 18:00,0.004,2.112
2021-06-08 19:00,0,1.398
2021-06-08 20:00,0,1.206
2021-06-08 21:00,0,0.957
2021-06-08 22:00,0,0.968
2021-06-08 23:00,0.021,3.066
2021-06-09 00:00,0.015,2.827
2021-06-09 01:00,0.008,2.438
2021-06-09 02:00,0.030,3.319
2021-06-09 03:00,0.025,3.178
2021-06-09 04:00,0.004,2.141
2021-06-09 05:00,0.001,1.685
2021-06-09 06:00,0.005,2.225
2021-06-09 07:00,0.014,2.784
2021-06-09 08:00,0.022,3.084
2021-06-09 09:00,0.020,3.028
2021-06-09 10:00,0.095,4.580
2021-06-09 11:00,0.120,4.906
2021-06-09 12:00,0.149,5.251
2021-06-09 13:00,0.155,5.303
2021-06-09 14:00,0.164,5.413
2021-06-09 15:00,0.145,5.211
2021-06-09 16:00,0.109,4.769
2021-06-09 17:00,0.105,4.710
2021-06-09 18:00,0.108,4.760
2021-06-09 19:00,0.111,4.782
2021-06-09 20:00,0.112,4.798
2021-06-09 21:00,0.087,4.459
2021-06-09 22:00,0.047,3.739
2021-06-09 23:00,0.017,2.893
2021-06-10 00:00,0.051,3.831
2021-06-10 01:00,0.118,4.870
2021-06-10 02:00,0.171,5.484
2021-06-10 03:00,0.182,5.594
2021-06-10 04:00,0.150,5.257
2021-06-10 05:00,0.108,4.756
2021-06-10 06:00,0.072,4.221
2021-06-10 07:00,0.047,3.742
2021-06-10 08:00,0.030,3.341
2021-06-10 09:00,0.017,2.924
2021-06-10 10:00,0.009,2.545
2021-06-10 11:00,0.003,2.065
2021-06-10 12:00,0.007,2.389
2021-06-10 13:00,0.059,3.971
2021-06-10 14:00,0.194,5.720
2021-06-10 15:00,0.341,6.914
2021-06-10 16:00,0.492,7.968
2021-06-10 17:00,0.640,9.014
2021-06-10 18:00,0.683,9.363
2021-06-10 19:00,0.604,8.750
2021-06-10 20:00,0.463,7.769
2021-06-10 21:00,0.356,7.030
2021-06-10 22:00,0.253,6.234
2021-06-10 23:00,0.131,5.032
2021-06-11 00:00,0.253,6.233
2021-06-11 01:00,0.374,7.156
2021-06-11 02:00,0.416,7.448
2021-06-11 03:00,0.514,8.114
2021-06-11 04:00,0.643,9.034
2021-06-11 05:00,0.711,9.580
2021-06-11 06:00,0.746,9.900
2021-06-11 07:00,0.767,10.102
2021-06-11 08:00,0.781,10.262
2021-06-11 09:00,0.755,10
2021-06-11 10:00,0.680,9.332
2021-06-11 11:00,0.595,8.684
2021-06-11 12:00,0.579,8.566
2021-06-11 13:00,0.564,8.465
2021-06-11 14:00,0.565,8.473
2021-06-11 15:00,0.572,8.517
2021-06-11 16:00,0.580,8.568
2021-06-11 17:00,0.593,8.667
2021-06-11 18:00,0.596,8.689
2021-06-11 19:00,0.579,8.566
2021-06-11 20:00,0.536,8.260
2021-06-11 21:00,0.450,7.678
2021-06-11 22:00,0.240,6.129
2021-06-11 23:00,0.147,5.234
2021-06-12 00:00,0.242,6.143
2021-06-12 01:00,0.123,4.950
2021-06-12 02:00,0.110,4.776
2021-06-12 03:00,0.095,4.569
2021-06-12 04:00,0.102,4.676
2021-06-12 05:00,0.134,5.074
2021-06-12 06:00,0.146,5.221
2021-06-12 07:00,0.127,4.999
2021-06-12 08:00,0.102,4.662
2021-06-12 09:00,0.096,4.584
2021-06-12 10:00,0.113,4.817
2021-06-12 11:00,0.257,6.275
2021-06-12 12:00,0.465,7.778
2021-06-12 13:00,0.549,8.352
2021-06-12 14:00,0.533,8.246
2021-06-12 15:00,0.489,7.947
2021-06-12 16:00,0.469,7.814
2021-06-12 17:00,0.432,7.561
2021-06-12 18:00,0.429,7.532
2021-06-12 19:00,0.444,7.637
2021-06-12 20:00,0.474,7.843
2021-06-12 21:00,0.413,7.424
2021-06-12 22:00,0.216,5.924
2021-06-12 23:00,0.229,6.036
2021-06-13 00:00,0.320,6.756
2021-06-13 01:00,0.316,6.727
2021-06-13 02:00,0.426,7.510
2021-06-13 03:00,0.534,8.255
2021-06-13 04:00,0.562,8.442
2021-06-13 05:00,0.600,8.726
2021-06-13 06:00,0.627,8.918
2021-06-13 07:00,0.591,8.651
2021-06-13 08:00,0.492,7.969
2021-06-13 09:00,0.416,7.447
2021-06-13 10:00,0.340,6.911
2021-06-13 11:00,0.345,6.948
2021-06-13 12:00,0.356,7.027
2021-06-13 13:00,0.306,6.658
2021-06-13 14:00,0.241,6.141
2021-06-13 15:00,0.204,5.807
2021-06-13 16:00,0.189,5.668
2021-06-13 17:00,0.194,5.705
2021-06-13 18:00,0.179,5.558
2021-06-13 19:00,0.216,5.920
2021-06-13 20:00,0.380,7.193
2021-06-13 21:00,0.393,7.281
2021-06-13 22:00,0.203,5.787
2021-06-13 23:00,0.128,5.013
2021-06-14 00:00,0.163,5.399
2021-06-14 01:00,0.257,6.265
2021-06-14 02:00,0.303,6.634
2021-06-14 03:00,0.288,6.525
2021-06-14 04:00,0.293,6.558
2021-06-14 05:00,0.321,6.762
2021-06-14 06:00,0.362,7.072
2021-06-14 07:00,0.442,7.622
2021-06-14 08:00,0.527,8.211
2021-06-14 09:00,0.536,8.271
2021-06-14 10:00,0.476,7.852
2021-06-14 11:00,0.515,8.117
2021-06-14 12:00,0.600,8.711
2021-06-14 13:00,0.588,8.636
2021-06-14 14:00,0.533,8.246
2021-06-14 15:00,0.436,7.588
2021-06-14 16:00,0.370,7.128
2021-06-14 17:00,0.330,6.835
2021-06-14 18:00,0.273,6.400
2021-06-14 19:00,0.204,5.814
2021-06-14 20:00,0.153,5.288
2021-06-14 21:00,0.127,4.992
2021-06-14 22:00,0.083,4.383
2021-06-14 23:00,0.026,3.195
2021-06-15 00:00,0.006,2.314
2021-06-15 01:00,0,0.582
2021-06-15 02:00,0,0.053
2021-06-15 03:00,0,0.068
2021-06-15 04:00,0,1.202
2021-06-15 05:00,0.007,2.399
2021-06-15 06:00,0.019,2.982
2021-06-15 07:00,0.041,3.612
2021-06-15 08:00,0.101,4.646
2021-06-15 09:00,0.194,5.703
2021-06-15 10:00,0.338,6.898
2021-06-15 11:00,0.563,8.460
2021-06-15 12:00,0.723,9.689
2021-06-15 13:00,0.785,10.295
2021-06-15 14:00,0.745,9.894
2021-06-15 15:00,0.658,9.162
2021-06-15 16:00,0.586,8.620
2021-06-15 17:00,0.486,7.922
2021-06-15 18:00,0.381,7.203
2021-06-15 19:00,0.292,6.551
2021-06-15 20:00,0.281,6.460
2021-06-15 21:00,0.138,5.128
2021-06-15 22:00,0.148,5.240
2021-06-15 23:00,0.148,5.244
2021-06-16 00:00,0.100,4.634
2021-06-16 01:00,0.064,4.078
2021-06-16 02:00,0.203,5.792
2021-06-16 03:00,0.721,9.669
2021-06-16 04:00,0.741,9.859
2021-06-16 05:00,0.738,9.838
2021-06-16 06:00,0.753,9.979
2021-06-16 07:00,0.778,10.228
2021-06-16 08:00,0.781,10.255
2021-06-16 09:00,0.752,9.962
2021-06-16 10:00,0.546,8.333
2021-06-16 11:00,0.460,7.752
2021-06-16 12:00,0.592,8.664
2021-06-16 13:00,0.765,10.094
2021-06-16 14:00,0.675,9.295
2021-06-16 15:00,0.612,8.806
2021-06-16 16:00,0.542,8.302
2021-06-16 17:00,0.478,7.867
2021-06-16 18:00,0.449,7.667
2021-06-16 19:00,0.410,7.401
2021-06-16 20:00,0.389,7.258
2021-06-16 21:00,0.367,7.101
2021-06-16 22:00,0.194,5.717
2021-06-16 23:00,0.413,7.427
2021-06-17 00:00,0.394,7.296
2021-06-17 01:00,0.420,7.479
2021-06-17 02:00,0.509,8.078
2021-06-17 03:00,0.682,9.355
2021-06-17 04:00,0.858,11.209
2021-06-17 05:00,0.947,13.129
2021-06-17 06:00,0.977,14.572
2021-06-17 07:00,0.983,14.965
2021-06-17 08:00,0.974,14.323
2021-06-17 09:00,0.957,13.517
2021-06-17 10:00,0.930,12.638
2021-06-17 11:00,0.850,11.082
2021-06-17 12:00,0.752,9.970
2021-06-17 13:00,0.617,8.846
2021-06-17 14:00,0.542,8.309
2021-06-17 15:00,0.550,8.371
2021-06-17 16:00,0.626,8.914
2021-06-17 17:00,0.781,10.260
2021-06-17 18:00,0.862,11.258
2021-06-17 19:00,0.887,11.672
2021-06-17 20:00,0.896,11.851
2021-06-17 21:00,0.879,11.543
2021-06-17 22:00,0.750,9.945
2021-06-17 23:00,0.906,12.061
2021-06-18 00:00,0.944,13.052
2021-06-18 01:00,0.947,13.127
2021-06-18 02:00,0.946,13.083
2021-06-18 03:00,0.949,13.193
2021-06-18 04:00,0.959,13.594
2021-06-18 05:00,0.969,14.047
2021-06-18 06:00,0.972,14.248
2021-06-18 07:00,0.970,14.121
2021-06-18 08:00,0.965,13.871
2021-06-18 09:00,0.954,13.383
2021-06-18 10:00,0.915,12.255
2021-06-18 11:00,0.831,10.825
2021-06-18 12:00,0.801,10.471
2021-06-18 13:00,0.785,10.298
2021-06-18 14:00,0.774,10.174
2021-06-18 15:00,0.781,10.262
2021-06-18 16:00,0.824,10.740
2021-06-18 17:00,0.862,11.269
2021-06-18 18:00,0.887,11.685
2021-06-18 19:00,0.906,12.065
2021-06-18 20:00,0.915,12.246
2021-06-18 21:00,0.885,11.648
2021-06-18 22:00,0.738,9.828
2021-06-18 23:00,0.620,8.871
2021-06-19 00:00,0.694,9.451
2021-06-19 01:00,0.766,10.095
2021-06-19 02:00,0.858,11.213
2021-06-19 03:00,0.928,12.569
2021-06-19 04:00,0.965,13.832
2021-06-19 05:00,0.976,14.487
2021-06-19 06:00,0.978,14.633
2021-06-19 07:00,0.974,14.369
2021-06-19 08:00,0.966,13.895
2021-06-19 09:00,0.950,13.248
2021-06-19 10:00,0.906,12.066
2021-06-19 11:00,0.841,10.974
2021-06-19 12:00,0.835,10.884
2021-06-19 13:00,0.820,10.703
2021-06-19 14:00,0.819,10.682
2021-06-19 15:00,0.790,10.349
2021-06-19 16:00,0.748,9.928
2021-06-19 17:00,0.682,9.353
2021-06-19 18:00,0.600,8.713
2021-06-19 19:00,0.523,8.183
2021-06-19 20:00,0.480,7.884
2021-06-19 21:00,0.470,7.819
2021-06-19 22:00,0.353,7.004
2021-06-19 23:00,0.197,5.744
2021-06-20 00:00,0.403,7.354
2021-06-20 01:00,0.452,7.699
2021-06-20 02:00,0.515,8.118
2021-06-20 03:00,0.563,8.457
2021-06-20 04:00,0.614,8.822
2021-06-20 05:00,0.661,9.178
2021-06-20 06:00,0.686,9.386
2021-06-20 07:00,0.672,9.261
2021-06-20 08:00,0.616,8.834
2021-06-20 09:00,0.584,8.609
2021-06-20 10:00,0.529,8.223
2021-06-20 11:00,0.486,7.923
2021-06-20 12:00,0.410,7.408
2021-06-20 13:00,0.288,6.521
2021-06-20 14:00,0.204,5.805
2021-06-20 15:00,0.321,6.776
2021-06-20 16:00,0.424,7.504
2021-06-20 17:00,0.299,6.605
2021-06-20 18:00,0.299,6.609
2021-06-20 19:00,0.380,7.199
2021-06-20 20:00,0.427,7.523
2021-06-20 21:00,0.465,7.777
2021-06-20 22:00,0.286,6.508
2021-06-20 23:00,0.182,5.594
2021-06-21 00:00,0.140,5.153
2021-06-21 01:00,0.145,5.208
2021-06-21 02:00,0.185,5.625
2021-06-21 03:00,0.206,5.826
2021-06-21 04:00,0.206,5.825
2021-06-21 05:00,0.209,5.855
2021-06-21 06:00,0.209,5.858
2021-06-21 07:00,0.227,6.015
2021-06-21 08:00,0.261,6.302
2021-06-21 09:00,0.313,6.706
2021-06-21 10:00,0.408,7.386
2021-06-21 11:00,0.559,8.430
2021-06-21 12:00,0.652,9.115
2021-06-21 13:00,0.595,8.685
2021-06-21 14:00,0.506,8.062
2021-06-21 15:00,0.443,7.633
2021-06-21 16:00,0.367,7.106
2021-06-21 17:00,0.259,6.287
2021-06-21 18:00,0.151,5.273
2021-06-21 19:00,0.079,4.336
2021-06-21 20:00,0.052,3.838
2021-06-21 21:00,0.050,3.802
2021-06-21 22:00,0.026,3.209
2021-06-21 23:00,0.020,3.026
2021-06-22 00:00,0.044,3.682
2021-06-22 01:00,0.032,3.384
2021-06-22 02:00,0.027,3.247
2021-06-22 03:00,0.031,3.356
2021-06-22 04:00,0.037,3.524
2021-06-22 05:00,0.046,3.710
2021-06-22 06:00,0.056,3.920
2021-06-22 07:00,0.065,4.087
2021-06-22 08:00,0.086,4.442
2021-06-22 09:00,0.077,4.302
2021-06-22 10:00,0.031,3.363
2021-06-22 11:00,0.006,2.316
2021-06-22 12:00,0.018,2.943
2021-06-22 13:00,0.136,5.105
2021-06-22 14:00,0.372,7.136
2021-06-22 15:00,0.527,8.208
2021-06-22 16:00,0.617,8.848
2021-06-22 17:00,0.664,9.207
2021-06-22 18:00,0.674,9.287
2021-06-22 19:00,0.650,9.099
2021-06-22 20:00,0.612,8.802
2021-06-22 21:00,0.493,7.974
2021-06-22 22:00,0.259,6.293
2021-06-22 23:00,0.398,7.322
2021-06-23 00:00,0.533,8.250
2021-06-23 01:00,0.427,7.524
2021-06-23 02:00,0.292,6.553
2021-06-23 03:00,0.164,5.413
2021-06-23 04:00,0.051,3.818
2021-06-23 05:00,0.006,2.287
2021-06-23 06:00,0.001,1.629
2021-06-23 07:00,0.011,2.654
2021-06-23 08:00,0.031,3.351
2021-06-23 09:00,0.039,3.563
2021-06-23 10:00,0.038,3.544
2021-06-23 11:00,0.016,2.870
2021-06-23 12:00,0.045,3.695
2021-06-23 13:00,0.239,6.122
2021-06-23 14:00,0.347,6.956
2021-06-23 15:00,0.426,7.514
2021-06-23 16:00,0.393,7.284
2021-06-23 17:00,0.369,7.116
2021-06-23 18:00,0.339,6.902
2021-06-23 19:00,0.253,6.228
2021-06-23 20:00,0.171,5.490
2021-06-23 21:00,0.136,5.101
2021-06-23 22:00,0.126,4.985
2021-06-23 23:00,0.149,5.250
2021-06-24 00:00,0.204,5.804
2021-06-24 01:00,0.207,5.836
2021-06-24 02:00,0.215,5.907
2021-06-24 03:00,0.233,6.070
2021-06-24 04:00,0.235,6.082
2021-06-24 05:00,0.228,6.025
2021-06-24 06:00,0.204,5.802
2021-06-24 07:00,0.195,5.725
2021-06-24 08:00,0.171,5.490
2021-06-24 09:00,0.164,5.414
2021-06-24 10:00,0.183,5.606
2021-06-24 11:00,0.255,6.253
2021-06-24 12:00,0.409,7.389
2021-06-24 13:00,0.461,7.754
2021-06-24 14:00,0.449,7.663
2021-06-24 15:00,0.406,7.373
2021-06-24 16:00,0.400,7.334
2021-06-24 17:00,0.432,7.562
2021-06-24 18:00,0.469,7.814
2021-06-24 19:00,0.499,8.010
2021-06-24 20:00,0.525,8.196
2021-06-24 21:00,0.502,8.033
2021-06-24 22:00,0.407,7.383
2021-06-24 23:00,0.400,7.332
2021-06-25 00:00,0.393,7.283
2021-06-25 01:00,0.401,7.342
2021-06-25 02:00,0.460,7.746
2021-06-25 03:00,0.536,8.259
2021-06-25 04:00,0.585,8.617
2021-06-25 05:00,0.591,8.652
2021-06-25 06:00,0.559,8.421
2021-06-25 07:00,0.559,8.424
2021-06-25 08:00,0.600,8.712
2021-06-25 09:00,0.620,8.873
2021-06-25 10:00,0.450,7.683
2021-06-25 11:00,0.357,7.033
2021-06-25 12:00,0.350,6.983
2021-06-25 13:00,0.396,7.309
2021-06-25 14:00,0.559,8.422
2021-06-25 15:00,0.672,9.272
2021-06-25 16:00,0.661,9.176
2021-06-25 17:00,0.549,8.353
2021-06-25 18:00,0.437,7.593
2021-06-25 19:00,0.377,7.179
2021-06-25 20:00,0.403,7.356
2021-06-25 21:00,0.417,7.459
2021-06-25 22:00,0.233,6.066
2021-06-25 23:00,0.142,5.172
2021-06-26 00:00,0.236,6.094
2021-06-26 01:00,0.249,6.201
2021-06-26 02:00,0.246,6.176
2021-06-26 03:00,0.258,6.285
2021-06-26 04:00,0.309,6.679
2021-06-26 05:00,0.377,7.176
2021-06-26 06:00,0.446,7.643
2021-06-26 07:00,0.471,7.822
2021-06-26 08:00,0.439,7.606
2021-06-26 09:00,0.361,7.063
2021-06-26 10:00,0.287,6.515
2021-06-26 11:00,0.273,6.404
2021-06-26 12:00,0.257,6.271
2021-06-26 13:00,0.156,5.326
2021-06-26 14:00,0.064,4.073
2021-06-26 15:00,0.025,3.185
2021-06-26 16:00,0.010,2.571
2021-06-26 17:00,0.003,2.001
2021-06-26 18:00,0.002,1.886
2021-06-26 19:00,0.005,2.263
2021-06-26 20:00,0.011,2.632
2021-06-26 21:00,0.022,3.081
2021-06-26 22:00,0.020,3.009
2021-06-26 23:00,0.013,2.707
2021-06-27 00:00,0.034,3.432
2021-06-27 01:00,0.037,3.510
2021-06-27 02:00,0.023,3.120
2021-06-27 03:00,0.011,2.661
2021-06-27 04:00,0.009,2.532
2021-06-27 05:00,0.014,2.761
2021-06-27 06:00,0.024,3.138
2021-06-27 07:00,0.042,3.635
2021-06-27 08:00,0.062,4.034
2021-06-27 09:00,0.066,4.110
2021-06-27 10:00,0.065,4.102
2021-06-27 11:00,0.056,3.932
2021-06-27 12:00,0.043,3.651
2021-06-27 13:00,0.027,3.233
2021-06-27 14:00,0.006,2.312
2021-06-27 15:00,0.004,2.082
2021-06-27 16:00,0.012,2.663
2021-06-27 17:00,0.043,3.655
2021-06-27 18:00,0.088,4.473
2021-06-27 19:00,0.116,4.856
2021-06-27 20:00,0.139,5.133
2021-06-27 21:00,0.148,5.238
2021-06-27 22:00,0.080,4.354
2021-06-27 23:00,0.020,3.031
2021-06-28 00:00,0.017,2.920
2021-06-28 01:00,0.006,2.347
2021-06-28 02:00,0.001,1.646
2021-06-28 03:00,0,1.068
2021-06-28 04:00,0,0.806
2021-06-28 05:00,0,0.809
2021-06-28 06:00,0,1.101
2021-06-28 07:00,0.001,1.756
2021-06-28 08:00,0.001,1.524
2021-06-28 09:00,0.002,1.904
2021-06-28 10:00,0.011,2.625
2021-06-28 11:00,0.026,3.207
2021-06-28 12:00,0.029,3.291
2021-06-28 13:00,0.131,5.036
2021-06-28 14:00,0.462,7.756
2021-06-28 15:00,0.759,10.038
2021-06-28 16:00,0.874,11.453
2021-06-28 17:00,0.759,10.036
2021-06-28 18:00,0.246,6.172
2021-06-28 19:00,0.029,3.315
2021-06-28 20:00,0.023,3.120
2021-06-28 21:00,0.073,4.239
2021-06-28 22:00,0.077,4.294
2021-06-28 23:00,0.257,6.270
2021-06-29 00:00,0.370,7.125
2021-06-29 01:00,0.291,6.547
2021-06-29 02:00,0.270,6.382
2021-06-29 03:00,0.335,6.878
2021-06-29 04:00,0.452,7.700
2021-06-29 05:00,0.577,8.558
2021-06-29 06:00,0.687,9.392
2021-06-29 07:00,0.770,10.142
2021-06-29 08:00,0.805,10.522
2021-06-29 09:00,0.736,9.820
2021-06-29 10:00,0.488,7.942
2021-06-29 11:00,0.298,6.596
2021-06-29 12:00,0.222,5.962
2021-06-29 13:00,0.218,5.937
2021-06-29 14:00,0.294,6.567
2021-06-29 15:00,0.518,8.142
2021-06-29 16:00,0.743,9.879
2021-06-29 17:00,0.814,10.617
2021-06-29 18:00,0.787,10.321
2021-06-29 19:00,0.692,9.428
2021-06-29 20:00,0.516,8.122
2021-06-29 21:00,0.288,6.522
2021-06-29 22:00,0.067,4.128
2021-06-29 23:00,0.022,3.093
2021-06-30 00:00,0.098,4.612
2021-06-30 01:00,0.155,5.307
2021-06-30 02:00,0.180,5.570
2021-06-30 03:00,0.183,5.608
2021-06-30 04:00,0.224,5.981
2021-06-30 05:00,0.311,6.700
2021-06-30 06:00,0.395,7.303
2021-06-30 07:00,0.439,7.601
2021-06-30 08:00,0.454,7.711
2021-06-30 09:00,0.436,7.584
2021-06-30 10:00,0.297,6.591
2021-06-30 11:00,0.143,5.186
2021-06-30 12:00,0.053,3.869
2021-06-30 13:00,0.034,3.427
2021-06-30 14:00,0.099,4.627
2021-06-30 15:00,0.157,5.343
2021-06-30 16:00,0.142,5.178
2021-06-30 17:00,0.102,4.678
2021-06-30 18:00,0.033,3.423
2021-06-30 19:00,0.003,2.020
2021-06-30 20:00,0.007,2.426
2021-06-30 21:00,0.030,3.339
2021-06-30 22:00,0.025,3.183
2021-06-30 23:00,0.032,3.368
2021-07-01 00:00,0.136,5.100
2021-07-01 01:00,0.264,6.324
2021-07-01 02:00,0.345,6.943
2021-07-01 03:00,0.387,7.246
2021-07-01 04:00,0.432,7.561
2021-07-01 05:00,0.416,7.452
2021-07-01 06:00,0.360,7.058
2021-07-01 07:00,0.290,6.539
2021-07-01 08:00,0.200,5.772
2021-07-01 09:00,0.123,4.945
2021-07-01 10:00,0.052,3.847
2021-07-01 11:00,0.009,2.524
2021-07-01 12:00,0.036,3.492
2021-07-01 13:00,0.327,6.814
2021-07-01 14:00,0.697,9.477
2021-07-01 15:00,0.767,10.099
2021-07-01 16:00,0.707,9.561
2021-07-01 17:00,0.625,8.903
2021-07-01 18:00,0.563,8.462
2021-07-01 19:00,0.445,7.640
2021-07-01 20:00,0.386,7.237
2021-07-01 21:00,0.293,6.559
2021-07-01 22:00,0.227,6.008
2021-07-01 23:00,0.299,6.598
2021-07-02 00:00,0.436,7.588
2021-07-02 01:00,0.556,8.404
2021-07-02 02:00,0.685,9.380
2021-07-02 03:00,0.689,9.400
2021-07-02 04:00,0.594,8.670
2021-07-02 05:00,0.528,8.215
2021-07-02 06:00,0.552,8.382
2021-07-02 07:00,0.557,8.415
2021-07-02 08:00,0.537,8.275
2021-07-02 09:00,0.452,7.696
2021-07-02 10:00,0.319,6.752
2021-07-02 11:00,0.254,6.244
2021-07-02 12:00,0.299,6.605
2021-07-02 13:00,0.350,6.984
2021-07-02 14:00,0.340,6.909
2021-07-02 15:00,0.265,6.337
2021-07-02 16:00,0.232,6.061
2021-07-02 17:00,0.258,6.280
2021-07-02 18:00,0.232,6.051
2021-07-02 19:00,0.271,6.387
2021-07-02 20:00,0.377,7.175
2021-07-02 21:00,0.335,6.878
2021-07-02 22:00,0.209,5.861
2021-07-02 23:00,0.195,5.727
2021-07-03 00:00,0.194,5.713
2021-07-03 01:00,0.190,5.674
2021-07-03 02:00,0.211,5.878
2021-07-03 03:00,0.249,6.203
2021-07-03 04:00,0.306,6.658
2021-07-03 05:00,0.345,6.948
2021-07-03 06:00,0.383,7.221
2021-07-03 07:00,0.437,7.594
2021-07-03 08:00,0.486,7.921
2021-07-03 09:00,0.498,8.006
2021-07-03 10:00,0.479,7.869
2021-07-03 11:00,0.466,7.781
2021-07-03 12:00,0.523,8.174
2021-07-03 13:00,0.523,8.169
2021-07-03 14:00,0.493,7.978
2021-07-03 15:00,0.490,7.955
2021-07-03 16:00,0.495,7.985
2021-07-03 17:00,0.483,7.910
2021-07-03 18:00,0.467,7.799
2021-07-03 19:00,0.446,7.645
2021-07-03 20:00,0.382,7.212
2021-07-03 21:00,0.285,6.500
2021-07-03 22:00,0.210,5.861
2021-07-03 23:00,0.289,6.529
2021-07-04 00:00,0.396,7.311
2021-07-04 01:00,0.453,7.706
2021-07-04 02:00,0.442,7.619
2021-07-04 03:00,0.378,7.182
2021-07-04 04:00,0.300,6.611
2021-07-04 05:00,0.224,5.992
2021-07-04 06:00,0.151,5.269
2021-07-04 07:00,0.085,4.410
2021-07-04 08:00,0.034,3.431
2021-07-04 09:00,0.014,2.775
2021-07-04 10:00,0.017,2.917
2021-07-04 11:00,0.096,4.593
2021-07-04 12:00,0.284,6.484
2021-07-04 13:00,0.367,7.098
2021-07-04 14:00,0.355,7.019
2021-07-04 15:00,0.352,6.991
2021-07-04 16:00,0.392,7.275
2021-07-04 17:00,0.426,7.518
2021-07-04 18:00,0.439,7.607
2021-07-04 19:00,0.452,7.696
2021-07-04 20:00,0.524,8.191
2021-07-04 21:00,0.499,8.018
2021-07-04 22:00,0.429,7.537
2021-07-04 23:00,0.775,10.188
2021-07-05 00:00,0.929,12.597
2021-07-05 01:00,0.963,13.774
2021-07-05 02:00,0.946,13.119
2021-07-05 03:00,0.946,13.110
2021-07-05 04:00,0.963,13.760
2021-07-05 05:00,0.970,14.078
2021-07-05 06:00,0.960,13.637
2021-07-05 07:00,0.939,12.886
2021-07-05 08:00,0.872,11.426
2021-07-05 09:00,0.673,9.281
2021-07-05 10:00,0.299,6.604
2021-07-05 11:00,0.135,5.097
2021-07-05 12:00,0.186,5.637
2021-07-05 13:00,0.185,5.624
2021-07-05 14:00,0.112,4.795
2021-07-05 15:00,0.059,3.973
2021-07-05 16:00,0.047,3.747
2021-07-05 17:00,0.077,4.288
2021-07-05 18:00,0.134,5.067
2021-07-05 19:00,0.173,5.512
2021-07-05 20:00,0.185,5.623
2021-07-05 21:00,0.181,5.583
2021-07-05 22:00,0.185,5.632
2021-07-05 23:00,0.199,5.761
2021-07-06 00:00,0.235,6.086
2021-07-06 01:00,0.310,6.686
2021-07-06 02:00,0.374,7.147
2021-07-06 03:00,0.372,7.137
2021-07-06 04:00,0.321,6.763
2021-07-06 05:00,0.278,6.435
2021-07-06 06:00,0.232,6.065
2021-07-06 07:00,0.192,5.695
2021-07-06 08:00,0.185,5.627
2021-07-06 09:00,0.188,5.655
2021-07-06 10:00,0.183,5.608
2021-07-06 11:00,0.168,5.449
2021-07-06 12:00,0.134,5.078
2021-07-06 13:00,0.085,4.426
2021-07-06 14:00,0.046,3.725
2021-07-06 15:00,0.024,3.145
2021-07-06 16:00,0.012,2.677
2021-07-06 17:00,0.006,2.326
2021-07-06 18:00,0.006,2.348
2021-07-06 19:00,0.015,2.824
2021-07-06 20:00,0.045,3.691
2021-07-06 21:00,0.094,4.560
2021-07-06 22:00,0.060,4.003
2021-07-06 23:00,0.010,2.550
2021-07-07 00:00,0.004,2.147
2021-07-07 01:00,0.003,1.996
2021-07-07 02:00,0.002,1.905
2021-07-07 03:00,0.002,1.817
2021-07-07 04:00,0.002,1.867
2021-07-07 05:00,0.004,2.129
2021-07-07 06:00,0.009,2.505
2021-07-07 07:00,0.019,2.989
2021-07-07 08:00,0.035,3.457
2021-07-07 09:00,0.052,3.844
2021-07-07 10:00,0.069,4.160
2021-07-07 11:00,0.090,4.494
2021-07-07 12:00,0.080,4.345
2021-07-07 13:00,0.038,3.545
2021-07-07 14:00,0.006,2.318
2021-07-07 15:00,0,1.127
2021-07-07 16:00,0,1.069
2021-07-07 17:00,0.005,2.200
2021-07-07 18:00,0.034,3.426
2021-07-07 19:00,0.092,4.523
2021-07-07 20:00,0.155,5.307
2021-07-07 21:00,0.239,6.123
2021-07-07 22:00,0.202,5.784
2021-07-07 23:00,0.165,5.429
2021-07-08 00:00,0.332,6.848
2021-07-08 01:00,0.352,6.993
2021-07-08 02:00,0.382,7.210
2021-07-08 03:00,0.424,7.503
2021-07-08 04:00,0.435,7.576
2021-07-08 05:00,0.421,7.482
2021-07-08 06:00,0.370,7.120
2021-07-08 07:00,0.302,6.621
2021-07-08 08:00,0.232,6.055
2021-07-08 09:00,0.178,5.554
2021-07-08 10:00,0.127,5.000
2021-07-08 11:00,0.090,4.504
2021-07-08 12:00,0.069,4.151
2021-07-08 13:00,0.045,3.696
2021-07-08 14:00,0.019,2.967
2021-07-08 15:00,0.004,2.123
2021-07-08 16:00,0,1.437
2021-07-08 17:00,0,1.360
2021-07-08 18:00,0.001,1.646
2021-07-08 19:00,0.003,1.981
2021-07-08 20:00,0.003,2.005
2021-07-08 21:00,0.004,2.169
2021-07-08 22:00,0.005,2.211
2021-07-08 23:00,0.001,1.653
2021-07-09 00:00,0.005,2.195
2021-07-09 01:00,0.011,2.661
2021-07-09 02:00,0.019,2.957
2021-07-09 03:00,0.020,3.017
2021-07-09 04:00,0.019,2.972
2021-07-09 05:00,0.020,3.022
2021-07-09 06:00,0.024,3.158
2021-07-09 07:00,0.025,3.188
2021-07-09 08:00,0.017,2.916
2021-07-09 09:00,0.005,2.230
2021-07-09 10:00,0.001,1.720
2021-07-09 11:00,0.015,2.795
2021-07-09 12:00,0.087,4.461
2021-07-09 13:00,0.165,5.424
2021-07-09 14:00,0.157,5.339
2021-07-09 15:00,0.169,5.452
2021-07-09 16:00,0.380,7.195
2021-07-09 17:00,0.542,8.300
2021-07-09 18:00,0.419,7.468
2021-07-09 19:00,0.262,6.318
2021-07-09 20:00,0.102,4.671
2021-07-09 21:00,0.181,5.592
2021-07-09 22:00,0.451,7.691
2021-07-09 23:00,0.346,6.952
2021-07-10 00:00,0.239,6.120
2021-07-10 01:00,0.276,6.423
2021-07-10 02:00,0.254,6.248
2021-07-10 03:00,0.214,5.904
2021-07-10 04:00,0.169,5.468
2021-07-10 05:00,0.149,5.248
2021-07-10 06:00,0.103,4.683
2021-07-10 07:00,0.085,4.413
2021-07-10 08:00,0.156,5.324
2021-07-10 09:00,0.224,5.996
2021-07-10 10:00,0.439,7.605
2021-07-10 11:00,0.648,9.081
2021-07-10 12:00,0.635,8.982
2021-07-10 13:00,0.565,8.473
2021-07-10 14:00,0.597,8.699
2021-07-10 15:00,0.637,8.992
2021-07-10 16:00,0.645,9.055
2021-07-10 17:00,0.597,8.691
2021-07-10 18:00,0.473,7.838
2021-07-10 19:00,0.342,6.921
2021-07-10 20:00,0.235,6.084
2021-07-10 21:00,0.121,4.926
2021-07-10 22:00,0.038,3.531
2021-07-10 23:00,0.029,3.314
2021-07-11 00:00,0.022,3.076
2021-07-11 01:00,0.045,3.700
2021-07-11 02:00,0.086,4.438
2021-07-11 03:00,0.118,4.878
2021-07-11 04:00,0.116,4.852
2021-07-11 05:00,0.091,4.512
2021-07-11 06:00,0.065,4.101
2021-07-11 07:00,0.052,3.841
2021-07-11 08:00,0.055,3.917
2021-07-11 09:00,0.096,4.586
2021-07-11 10:00,0.154,5.303
2021-07-11 11:00,0.240,6.134
2021-07-11 12:00,0.418,7.462
2021-07-11 13:00,0.462,7.757
2021-07-11 14:00,0.224,5.989
2021-07-11 15:00,0.134,5.072
2021-07-11 16:00,0.149,5.248
2021-07-11 17:00,0.145,5.200
2021-07-11 18:00,0.142,5.168
2021-07-11 19:00,0.110,4.777
2021-07-11 20:00,0.109,4.764
2021-07-11 21:00,0.178,5.550
2021-07-11 22:00,0.281,6.460
2021-07-11 23:00,0.311,6.694
2021-07-12 00:00,0.365,7.084
2021-07-12 01:00,0.528,8.214
2021-07-12 02:00,0.666,9.221
2021-07-12 03:00,0.698,9.480
2021-07-12 04:00,0.669,9.248
2021-07-12 05:00,0.587,8.630
2021-07-12 06:00,0.397,7.317
2021-07-12 07:00,0.212,5.884
2021-07-12 08:00,0.134,5.071
2021-07-12 09:00,0.098,4.612
2021-07-12 10:00,0.125,4.965
2021-07-12 11:00,0.269,6.367
2021-07-12 12:00,0.351,6.987
2021-07-12 13:00,0.276,6.420
2021-07-12 14:00,0.390,7.269
2021-07-12 15:00,0.527,8.205
2021-07-12 16:00,0.552,8.384
2021-07-12 17:00,0.579,8.566
2021-07-12 18:00,0.550,8.371
2021-07-12 19:00,0.575,8.544
2021-07-12 20:00,0.609,8.779
2021-07-12 21:00,0.552,8.382
2021-07-12 22:00,0.433,7.566
2021-07-12 23:00,0.355,7.016
2021-07-13 00:00,0.552,8.381
2021-07-13 01:00,0.581,8.575
2021-07-13 02:00,0.574,8.534
2021-07-13 03:00,0.633,8.964
2021-07-13 04:00,0.672,9.265
2021-07-13 05:00,0.620,8.869
2021-07-13 06:00,0.483,7.899
2021-07-13 07:00,0.339,6.909
2021-07-13 08:00,0.235,6.085
2021-07-13 09:00,0.137,5.117
2021-07-13 10:00,0.052,3.842
2021-07-13 11:00,0.007,2.388
2021-07-13 12:00,0,0.800
2021-07-13 13:00,0,1.339
2021-07-13 14:00,0.037,3.517
2021-07-13 15:00,0.153,5.285
2021-07-13 16:00,0.225,5.997
2021-07-13 17:00,0.238,6.101
2021-07-13 18:00,0.251,6.214
2021-07-13 19:00,0.281,6.468
2021-07-13 20:00,0.291,6.546
2021-07-13 21:00,0.273,6.407
2021-07-13 22:00,0.152,5.280
2021-07-13 23:00,0.039,3.572
2021-07-14 00:00,0.032,3.378
2021-07-14 01:00,0.001,1.740
2021-07-14 02:00,0,0.943
2021-07-14 03:00,0,0.725
2021-07-14 04:00,0,0.152
2021-07-14 05:00,0,0.043
2021-07-14 06:00,0,0.556
2021-07-14 07:00,0.002,1.812
2021-07-14 08:00,0.006,2.291
2021-07-14 09:00,0.006,2.346
2021-07-14 10:00,0.002,1.869
2021-07-14 11:00,0.001,1.715
2021-07-14 12:00,0.026,3.200
2021-07-14 13:00,0.127,4.994
2021-07-14 14:00,0.267,6.349
2021-07-14 15:00,0.394,7.297
2021-07-14 16:00,0.488,7.943
2021-07-14 17:00,0.539,8.283
2021-07-14 18:00,0.539,8.286
2021-07-14 19:00,0.424,7.501
2021-07-14 20:00,0.323,6.787
2021-07-14 21:00,0.211,5.870
2021-07-14 22:00,0.104,4.695
2021-07-14 23:00,0.116,4.858
2021-07-15 00:00,0.159,5.359
2021-07-15 01:00,0.121,4.920
2021-07-15 02:00,0.078,4.317
2021-07-15 03:00,0.069,4.153
2021-07-15 04:00,0.074,4.257
2021-07-15 05:00,0.094,4.560
2021-07-15 06:00,0.121,4.921
2021-07-15 07:00,0.141,5.165
2021-07-15 08:00,0.175,5.524
2021-07-15 09:00,0.175,5.525
2021-07-15 10:00,0.141,5.156
2021-07-15 11:00,0.076,4.274
2021-07-15 12:00,0.018,2.953
2021-07-15 13:00,0.002,1.801
2021-07-15 14:00,0,1.180
2021-07-15 15:00,0,1.112
2021-07-15 16:00,0,1.286
2021-07-15 17:00,0.001,1.767
2021-07-15 18:00,0.004,2.153
2021-07-15 19:00,0.002,1.920
2021-07-15 20:00,0,1.219
2021-07-15 21:00,0,0.540
2021-07-15 22:00,0,0.673
2021-07-15 23:00,0,1.383
2021-07-16 00:00,0.012,2.677
2021-07-16 01:00,0.010,2.591
2021-07-16 02:00,0.005,2.220
2021-07-16 03:00,0.001,1.762
2021-07-16 04:00,0,1.149
2021-07-16 05:00,0,0.205
2021-07-16 06:00,0,0.064
2021-07-16 07:00,0,0.360
2021-07-16 08:00,0.001,1.648
2021-07-16 09:00,0.011,2.647
2021-07-16 10:00,0.063,4.063
2021-07-16 11:00,0.199,5.763
2021-07-16 12:00,0.319,6.750
2021-07-16 13:00,0.303,6.635
2021-07-16 14:00,0.229,6.031
2021-07-16 15:00,0.169,5.460
2021-07-16 16:00,0.135,5.097
2021-07-16 17:00,0.104,4.705
2021-07-16 18:00,0.073,4.227
2021-07-16 19:00,0.048,3.763
2021-07-16 20:00,0.033,3.421
2021-07-16 21:00,0.037,3.500
2021-07-16 22:00,0.030,3.332
2021-07-16 23:00,0.035,3.462
2021-07-17 00:00,0.053,3.863
2021-07-17 01:00,0.069,4.172
2021-07-17 02:00,0.052,3.855
2021-07-17 03:00,0.037,3.523
2021-07-17 04:00,0.030,3.333
2021-07-17 05:00,0.026,3.214
2021-07-17 06:00,0.010,2.597
2021-07-17 07:00,0.002,1.911
2021-07-17 08:00,0,1.387
2021-07-17 09:00,0.001,1.492
2021-07-17 10:00,0.008,2.453
2021-07-17 11:00,0.062,4.035
2021-07-17 12:00,0.142,5.175
2021-07-17 13:00,0.186,5.637
2021-07-17 14:00,0.189,5.666
2021-07-17 15:00,0.209,5.852
2021-07-17 16:00,0.237,6.098
2021-07-17 17:00,0.259,6.292
2021-07-17 18:00,0.268,6.356
2021-07-17 19:00,0.275,6.413
2021-07-17 20:00,0.272,6.395
2021-07-17 21:00,0.224,5.988
2021-07-17 22:00,0.108,4.752
2021-07-17 23:00,0.074,4.255
2021-07-18 00:00,0.038,3.535
2021-07-18 01:00,0.032,3.370
2021-07-18 02:00,0.018,2.952
2021-07-18 03:00,0.004,2.160
2021-07-18 04:00,0.001,1.461
2021-07-18 05:00,0,1.089
2021-07-18 06:00,0,1.088
2021-07-18 07:00,0,1.322
2021-07-18 08:00,0.001,1.530
2021-07-18 09:00,0.001,1.647
2021-07-18 10:00,0.015,2.808
2021-07-18 11:00,0.132,5.042
2021-07-18 12:00,0.253,6.234
2021-07-18 13:00,0.284,6.480
2021-07-18 14:00,0.238,6.107
2021-07-18 15:00,0.222,5.964
2021-07-18 16:00,0.180,5.568
2021-07-18 17:00,0.119,4.898
2021-07-18 18:00,0.072,4.208
2021-07-18 19:00,0.042,3.627
2021-07-18 20:00,0.027,3.256
2021-07-18 21:00,0.024,3.138
2021-07-18 22:00,0.015,2.804
2021-07-18 23:00,0.022,3.100
2021-07-19 00:00,0.017,2.889
2021-07-19 01:00,0.010,2.575
2021-07-19 02:00,0.007,2.425
2021-07-19 03:00,0.009,2.537
2021-07-19 04:00,0.015,2.812
2021-07-19 05:00,0.022,3.084
2021-07-19 06:00,0.030,3.343
2021-07-19 07:00,0.041,3.609
2021-07-19 08:00,0.059,3.968
2021-07-19 09:00,0.080,4.354
2021-07-19 10:00,0.147,5.233
2021-07-19 11:00,0.354,7.009
2021-07-19 12:00,0.575,8.542
2021-07-19 13:00,0.612,8.810
2021-07-19 14:00,0.517,8.138
2021-07-19 15:00,0.393,7.286
2021-07-19 16:00,0.362,7.069
2021-07-19 17:00,0.290,6.537
2021-07-19 18:00,0.276,6.426
2021-07-19 19:00,0.281,6.459
2021-07-19 20:00,0.367,7.108
2021-07-19 21:00,0.413,7.428
2021-07-19 22:00,0.302,6.632
2021-07-19 23:00,0.232,6.060
2021-07-20 00:00,0.199,5.759
2021-07-20 01:00,0.210,5.865
2021-07-20 02:00,0.209,5.854
2021-07-20 03:00,0.174,5.520
2021-07-20 04:00,0.155,5.312
2021-07-20 05:00,0.139,5.138
2021-07-20 06:00,0.159,5.362
2021-07-20 07:00,0.238,6.117
2021-07-20 08:00,0.342,6.928
2021-07-20 09:00,0.405,7.365
2021-07-20 10:00,0.453,7.705
2021-07-20 11:00,0.527,8.208
2021-07-20 12:00,0.615,8.826
2021-07-20 13:00,0.607,8.771
2021-07-20 14:00,0.526,8.202
2021-07-20 15:00,0.453,7.701
2021-07-20 16:00,0.372,7.136
2021-07-20 17:00,0.314,6.711
2021-07-20 18:00,0.248,6.201
2021-07-20 19:00,0.268,6.355
2021-07-20 20:00,0.342,6.924
2021-07-20 21:00,0.339,6.909
2021-07-20 22:00,0.318,6.742
2021-07-20 23:00,0.360,7.060
2021-07-21 00:00,0.418,7.467
2021-07-21 01:00,0.433,7.568
2021-07-21 02:00,0.526,8.203
2021-07-21 03:00,0.616,8.830
2021-07-21 04:00,0.629,8.938
2021-07-21 05:00,0.632,8.962
2021-07-21 06:00,0.638,9.001
2021-07-21 07:00,0.630,8.947
2021-07-21 08:00,0.631,8.953
2021-07-21 09:00,0.609,8.784
2021-07-21 10:00,0.600,8.724
2021-07-21 11:00,0.567,8.483
2021-07-21 12:00,0.486,7.922
2021-07-21 13:00,0.393,7.288
2021-07-21 14:00,0.338,6.892
2021-07-21 15:00,0.302,6.626
2021-07-21 16:00,0.293,6.557
2021-07-21 17:00,0.311,6.700
2021-07-21 18:00,0.385,7.231
2021-07-21 19:00,0.436,7.582
2021-07-21 20:00,0.406,7.379
2021-07-21 21:00,0.311,6.700
2021-07-21 22:00,0.227,6.008
2021-07-21 23:00,0.214,5.903
2021-07-22 00:00,0.240,6.132
2021-07-22 01:00,0.428,7.526
2021-07-22 02:00,0.687,9.392
2021-07-22 03:00,0.821,10.717
2021-07-22 04:00,0.861,11.255
2021-07-22 05:00,0.853,11.123
2021-07-22 06:00,0.893,11.792
2021-07-22 07:00,0.926,12.534
2021-07-22 08:00,0.924,12.462
2021-07-22 09:00,0.858,11.210
2021-07-22 10:00,0.706,9.549
2021-07-22 11:00,0.502,8.037
2021-07-22 12:00,0.345,6.947
2021-07-22 13:00,0.254,6.236
2021-07-22 14:00,0.191,5.682
2021-07-22 15:00,0.242,6.146
2021-07-22 16:00,0.217,5.931
2021-07-22 17:00,0.284,6.481
2021-07-22 18:00,0.227,6.017
2021-07-22 19:00,0.235,6.086
2021-07-22 20:00,0.213,5.889
2021-07-22 21:00,0.182,5.596
2021-07-22 22:00,0.227,6.018
2021-07-22 23:00,0.265,6.336
2021-07-23 00:00,0.242,6.148
2021-07-23 01:00,0.188,5.662
2021-07-23 02:00,0.103,4.684
2021-07-23 03:00,0.046,3.723
2021-07-23 04:00,0.027,3.248
2021-07-23 05:00,0.028,3.275
2021-07-23 06:00,0.039,3.571
2021-07-23 07:00,0.054,3.881
2021-07-23 08:00,0.073,4.237
2021-07-23 09:00,0.097,4.598
2021-07-23 10:00,0.107,4.738
2021-07-23 11:00,0.167,5.445
2021-07-23 12:00,0.259,6.290
2021-07-23 13:00,0.302,6.624
2021-07-23 14:00,0.206,5.825
2021-07-23 15:00,0.201,5.778
2021-07-23 16:00,0.211,5.878
2021-07-23 17:00,0.276,6.422
2021-07-23 18:00,0.317,6.737
2021-07-23 19:00,0.336,6.882
2021-07-23 20:00,0.308,6.668
2021-07-23 21:00,0.232,6.065
2021-07-23 22:00,0.240,6.132
2021-07-23 23:00,0.273,6.404
2021-07-24 00:00,0.218,5.940
2021-07-24 01:00,0.151,5.273
2021-07-24 02:00,0.114,4.837
2021-07-24 03:00,0.129,5.016
2021-07-24 04:00,0.166,5.436
2021-07-24 05:00,0.140,5.144
2021-07-24 06:00,0.088,4.476
2021-07-24 07:00,0.087,4.455
2021-07-24 08:00,0.065,4.102
2021-07-24 09:00,0.026,3.208
2021-07-24 10:00,0.005,2.271
2021-07-24 11:00,0,1.399
2021-07-24 12:00,0,0.802
2021-07-24 13:00,0,1.300
2021-07-24 14:00,0.046,3.715
2021-07-24 15:00,0.366,7.095
2021-07-24 16:00,0.587,8.630
2021-07-24 17:00,0.527,8.212
2021-07-24 18:00,0.461,7.753
2021-07-24 19:00,0.426,7.508
2021-07-24 20:00,0.431,7.552
2021-07-24 21:00,0.514,8.114
2021-07-24 22:00,0.341,6.917
2021-07-24 23:00,0.573,8.524
2021-07-25 00:00,0.706,9.549
2021-07-25 01:00,0.723,9.697
2021-07-25 02:00,0.746,9.898
2021-07-25 03:00,0.797,10.429
2021-07-25 04:00,0.827,10.786
2021-07-25 05:00,0.828,10.799
2021-07-25 06:00,0.829,10.808
2021-07-25 07:00,0.855,11.155
2021-07-25 08:00,0.878,11.519
2021-07-25 09:00,0.809,10.562
2021-07-25 10:00,0.559,8.427
2021-07-25 11:00,0.350,6.982
2021-07-25 12:00,0.329,6.825
2021-07-25 13:00,0.380,7.189
2021-07-25 14:00,0.423,7.489
2021-07-25 15:00,0.597,8.694
2021-07-25 16:00,0.725,9.714
2021-07-25 17:00,0.697,9.472
2021-07-25 18:00,0.561,8.439
2021-07-25 19:00,0.510,8.088
2021-07-25 20:00,0.665,9.218
2021-07-25 21:00,0.663,9.198
2021-07-25 22:00,0.445,7.641
2021-07-25 23:00,0.453,7.704
2021-07-26 00:00,0.520,8.151
2021-07-26 01:00,0.518,8.143
2021-07-26 02:00,0.544,8.317
2021-07-26 03:00,0.589,8.643
2021-07-26 04:00,0.628,8.923
2021-07-26 05:00,0.645,9.062
2021-07-26 06:00,0.639,9.005
2021-07-26 07:00,0.597,8.699
2021-07-26 08:00,0.506,8.064
2021-07-26 09:00,0.342,6.929
2021-07-26 10:00,0.239,6.124
2021-07-26 11:00,0.284,6.484
2021-07-26 12:00,0.398,7.324
2021-07-26 13:00,0.400,7.335
2021-07-26 14:00,0.351,6.985
2021-07-26 15:00,0.271,6.388
2021-07-26 16:00,0.196,5.734
2021-07-26 17:00,0.142,5.175
2021-07-26 18:00,0.104,4.704
2021-07-26 19:00,0.084,4.400
2021-07-26 20:00,0.069,4.161
2021-07-26 21:00,0.107,4.743
2021-07-26 22:00,0.094,4.560
2021-07-26 23:00,0.085,4.411
2021-07-27 00:00,0.071,4.196
2021-07-27 01:00,0.055,3.898
2021-07-27 02:00,0.056,3.931
2021-07-27 03:00,0.043,3.647
2021-07-27 04:00,0.017,2.924
2021-07-27 05:00,0.006,2.278
2021-07-27 06:00,0.001,1.760
2021-07-27 07:00,0.001,1.473
2021-07-27 08:00,0.001,1.464
2021-07-27 09:00,0.002,1.874
2021-07-27 10:00,0.020,3.015
2021-07-27 11:00,0.122,4.929
2021-07-27 12:00,0.282,6.472
2021-07-27 13:00,0.360,7.060
2021-07-27 14:00,0.363,7.075
2021-07-27 15:00,0.314,6.711
2021-07-27 16:00,0.242,6.145
2021-07-27 17:00,0.177,5.541
2021-07-27 18:00,0.131,5.032
2021-07-27 19:00,0.097,4.598
2021-07-27 20:00,0.071,4.195
2021-07-27 21:00,0.043,3.653
2021-07-27 22:00,0.009,2.543
2021-07-27 23:00,0.002,1.817
2021-07-28 00:00,0,1.150
2021-07-28 01:00,0,0.685
2021-07-28 02:00,0.001,1.684
2021-07-28 03:00,0.013,2.702
2021-07-28 04:00,0.034,3.444
2021-07-28 05:00,0.059,3.980
2021-07-28 06:00,0.074,4.243
2021-07-28 07:00,0.065,4.103
2021-07-28 08:00,0.046,3.703
2021-07-28 09:00,0.030,3.342
2021-07-28 10:00,0.021,3.039
2021-07-28 11:00,0.013,2.704
2021-07-28 12:00,0.007,2.370
2021-07-28 13:00,0.008,2.450
2021-07-28 14:00,0.021,3.055
2021-07-28 15:00,0.034,3.432
2021-07-28 16:00,0.042,3.619
2021-07-28 17:00,0.048,3.756
2021-07-28 18:00,0.075,4.258
2021-07-28 19:00,0.133,5.057
2021-07-28 20:00,0.183,5.604
2021-07-28 21:00,0.169,5.459
2021-07-28 22:00,0.107,4.743
2021-07-28 23:00,0.055,3.901
2021-07-29 00:00,0.005,2.233
2021-07-29 01:00,0,1.008
2021-07-29 02:00,0,0.545
2021-07-29 03:00,0,1.107
2021-07-29 04:00,0.001,1.565
2021-07-29 05:00,0.002,1.908
2021-07-29 06:00,0.005,2.261
2021-07-29 07:00,0.011,2.615
2021-07-29 08:00,0.017,2.890
2021-07-29 09:00,0.034,3.429
2021-07-29 10:00,0.100,4.635
2021-07-29 11:00,0.247,6.186
2021-07-29 12:00,0.319,6.749
2021-07-29 13:00,0.229,6.029
2021-07-29 14:00,0.122,4.933
2021-07-29 15:00,0.047,3.734
2021-07-29 16:00,0.016,2.849
2021-07-29 17:00,0.010,2.587
2021-07-29 18:00,0.020,3.020
2021-07-29 19:00,0.063,4.050
2021-07-29 20:00,0.160,5.377
2021-07-29 21:00,0.307,6.662
2021-07-29 22:00,0.323,6.785
2021-07-29 23:00,0.172,5.499
2021-07-30 00:00,0.462,7.757
2021-07-30 01:00,0.574,8.532
2021-07-30 02:00,0.569,8.500
2021-07-30 03:00,0.563,8.457
2021-07-30 04:00,0.556,8.409
2021-07-30 05:00,0.548,8.347
2021-07-30 06:00,0.533,8.239
2021-07-30 07:00,0.510,8.086
2021-07-30 08:00,0.465,7.776
2021-07-30 09:00,0.374,7.145
2021-07-30 10:00,0.207,5.836
2021-07-30 11:00,0.105,4.706
2021-07-30 12:00,0.039,3.562
2021-07-30 13:00,0.012,2.685
2021-07-30 14:00,0.013,2.737
2021-07-30 15:00,0.044,3.676
2021-07-30 16:00,0.093,4.544
2021-07-30 17:00,0.121,4.923
2021-07-30 18:00,0.133,5.058
2021-07-30 19:00,0.214,5.906
2021-07-30 20:00,0.422,7.484
2021-07-30 21:00,0.603,8.737
2021-07-30 22:00,0.499,8.019
2021-07-30 23:00,0.456,7.726
2021-07-31 00:00,0.577,8.552
2021-07-31 01:00,0.556,8.409
2021-07-31 02:00,0.523,8.181
2021-07-31 03:00,0.496,7.987
2021-07-31 04:00,0.486,7.921
2021-07-31 05:00,0.506,8.062
2021-07-31 06:00,0.529,8.222
2021-07-31 07:00,0.562,8.440
2021-07-31 08:00,0.612,8.806
2021-07-31 09:00,0.667,9.229
2021-07-31 10:00,0.684,9.368
2021-07-31 11:00,0.629,8.940
2021-07-31 12:00,0.609,8.788
2021-07-31 13:00,0.591,8.649
2021-07-31 14:00,0.583,8.598
2021-07-31 15:00,0.542,8.311
2021-07-31 16:00,0.526,8.203
2021-07-31 17:00,0.520,8.156
2021-07-31 18:00,0.474,7.843
2021-07-31 19:00,0.434,7.573
2021-07-31 20:00,0.401,7.344
2021-07-31 21:00,0.423,7.492
2021-07-31 22:00,0.630,8.947
2021-07-31 23:00,0.838,10.930
2021-08-01 00:00,0.877,11.503
2021-08-01 01:00,0.882,11.589
2021-08-01 02:00,0.864,11.295
2021-08-01 03:00,0.848,11.067
2021-08-01 04:00,0.831,10.838
2021-08-01 05:00,0.809,10.566
2021-08-01 06:00,0.781,10.262
2021-08-01 07:00,0.742,9.872
2021-08-01 08:00,0.694,9.452
2021-08-01 09:00,0.687,9.392
2021-08-01 10:00,0.689,9.406
2021-08-01 11:00,0.689,9.411
2021-08-01 12:00,0.692,9.424
2021-08-01 13:00,0.626,8.912
2021-08-01 14:00,0.542,8.308
2021-08-01 15:00,0.436,7.586
2021-08-01 16:00,0.324,6.795
2021-08-01 17:00,0.242,6.151
2021-08-01 18:00,0.192,5.692
2021-08-01 19:00,0.169,5.466
2021-08-01 20:00,0.177,5.537
2021-08-01 21:00,0.194,5.713
2021-08-01 22:00,0.096,4.586
2021-08-01 23:00,0.056,3.926
2021-08-02 00:00,0.058,3.955
2021-08-02 01:00,0.039,3.567
2021-08-02 02:00,0.030,3.319
2021-08-02 03:00,0.025,3.178
2021-08-02 04:00,0.021,3.036
2021-08-02 05:00,0.017,2.922
2021-08-02 06:00,0.016,2.864
2021-08-02 07:00,0.016,2.880
2021-08-02 08:00,0.015,2.843
2021-08-02 09:00,0.012,2.689
2021-08-02 10:00,0.020,3.022
2021-08-02 11:00,0.064,4.081
2021-08-02 12:00,0.123,4.951
2021-08-02 13:00,0.153,5.288
2021-08-02 14:00,0.148,5.237
2021-08-02 15:00,0.140,5.153
2021-08-02 16:00,0.163,5.406
2021-08-02 17:00,0.184,5.614
2021-08-02 18:00,0.128,5.012
2021-08-02 19:00,0.116,4.861
2021-08-02 20:00,0.181,5.576
2021-08-02 21:00,0.221,5.955
2021-08-02 22:00,0.158,5.348
2021-08-02 23:00,0.115,4.846
2021-08-03 00:00,0.068,4.130
2021-08-03 01:00,0.015,2.814
2021-08-03 02:00,0.004,2.175
2021-08-03 03:00,0.016,2.871
2021-08-03 04:00,0.021,3.056
2021-08-03 05:00,0.063,4.064
2021-08-03 06:00,0.204,5.807
2021-08-03 07:00,0.311,6.693
2021-08-03 08:00,0.334,6.866
2021-08-03 09:00,0.251,6.215
2021-08-03 10:00,0.169,5.461
2021-08-03 11:00,0.208,5.850
2021-08-03 12:00,0.299,6.603
2021-08-03 13:00,0.355,7.025
2021-08-03 14:00,0.359,7.050
2021-08-03 15:00,0.377,7.172
2021-08-03 16:00,0.419,7.468
2021-08-03 17:00,0.437,7.590
2021-08-03 18:00,0.442,7.626
2021-08-03 19:00,0.458,7.735
2021-08-03 20:00,0.468,7.804
2021-08-03 21:00,0.458,7.734
2021-08-03 22:00,0.476,7.857
2021-08-03 23:00,0.515,8.119
2021-08-04 00:00,0.578,8.564
2021-08-04 01:00,0.591,8.660
2021-08-04 02:00,0.615,8.826
2021-08-04 03:00,0.653,9.124
2021-08-04 04:00,0.700,9.489
2021-08-04 05:00,0.703,9.529
2021-08-04 06:00,0.680,9.335
2021-08-04 07:00,0.658,9.149
2021-08-04 08:00,0.578,8.563
2021-08-04 09:00,0.476,7.855
2021-08-04 10:00,0.336,6.884
2021-08-04 11:00,0.309,6.678
2021-08-04 12:00,0.360,7.060
2021-08-04 13:00,0.442,7.629
2021-08-04 14:00,0.450,7.680
2021-08-04 15:00,0.371,7.132
2021-08-04 16:00,0.311,6.697
2021-08-04 17:00,0.284,6.485
2021-08-04 18:00,0.281,6.457
2021-08-04 19:00,0.281,6.464
2021-08-04 20:00,0.270,6.370
2021-08-04 21:00,0.238,6.101
2021-08-04 22:00,0.125,4.968
2021-08-04 23:00,0.090,4.504
2021-08-05 00:00,0.137,5.120
2021-08-05 01:00,0.105,4.712
2021-08-05 02:00,0.091,4.508
2021-08-05 03:00,0.110,4.776
2021-08-05 04:00,0.154,5.303
2021-08-05 05:00,0.200,5.773
2021-08-05 06:00,0.241,6.141
2021-08-05 07:00,0.266,6.344
2021-08-05 08:00,0.265,6.328
2021-08-05 09:00,0.256,6.256
2021-08-05 10:00,0.238,6.104
2021-08-05 11:00,0.311,6.700
2021-08-05 12:00,0.371,7.135
2021-08-05 13:00,0.332,6.846
2021-08-05 14:00,0.238,6.117
2021-08-05 15:00,0.145,5.209
2021-08-05 16:00,0.112,4.800
2021-08-05 17:00,0.130,5.024
2021-08-05 18:00,0.180,5.574
2021-08-05 19:00,0.258,6.281
2021-08-05 20:00,0.325,6.804
2021-08-05 21:00,0.346,6.952
2021-08-05 22:00,0.248,6.189
2021-08-05 23:00,0.107,4.742
2021-08-06 00:00,0.137,5.113
2021-08-06 01:00,0.100,4.631
2021-08-06 02:00,0.077,4.296
2021-08-06 03:00,0.061,4.018
2021-08-06 04:00,0.054,3.876
2021-08-06 05:00,0.063,4.054
2021-08-06 06:00,0.085,4.418
2021-08-06 07:00,0.111,4.782
2021-08-06 08:00,0.125,4.976
2021-08-06 09:00,0.129,5.018
2021-08-06 10:00,0.136,5.105
2021-08-06 11:00,0.136,5.103
2021-08-06 12:00,0.118,4.876
2021-08-06 13:00,0.084,4.403
2021-08-06 14:00,0.053,3.865
2021-08-06 15:00,0.037,3.499
2021-08-06 16:00,0.032,3.377
2021-08-06 17:00,0.033,3.404
2021-08-06 18:00,0.038,3.529
2021-08-06 19:00,0.043,3.663
2021-08-06 20:00,0.046,3.703
2021-08-06 21:00,0.035,3.458
2021-08-06 22:00,0.026,3.215
2021-08-06 23:00,0.013,2.722
2021-08-07 00:00,0.055,3.916
2021-08-07 01:00,0.083,4.378
2021-08-07 02:00,0.075,4.263
2021-08-07 03:00,0.062,4.030
2021-08-07 04:00,0.047,3.752
2021-08-07 05:00,0.039,3.571
2021-08-07 06:00,0.033,3.404
2021-08-07 07:00,0.030,3.336
2021-08-07 08:00,0.037,3.517
2021-08-07 09:00,0.052,3.841
2021-08-07 10:00,0.077,4.297
2021-08-07 11:00,0.090,4.506
2021-08-07 12:00,0.100,4.631
2021-08-07 13:00,0.164,5.414
2021-08-07 14:00,0.347,6.958
2021-08-07 15:00,0.607,8.771
2021-08-07 16:00,0.720,9.667
2021-08-07 17:00,0.672,9.274
2021-08-07 18:00,0.519,8.146
2021-08-07 19:00,0.426,7.512
2021-08-07 20:00,0.373,7.143
2021-08-07 21:00,0.257,6.276
2021-08-07 22:00,0.115,4.840
2021-08-07 23:00,0.060,4.004
2021-08-08 00:00,0.221,5.957
2021-08-08 01:00,0.210,5.869
2021-08-08 02:00,0.051,3.824
2021-08-08 03:00,0.029,3.298
2021-08-08 04:00,0.043,3.645
2021-08-08 05:00,0.067,4.117
2021-08-08 06:00,0.110,4.776
2021-08-08 07:00,0.172,5.499
2021-08-08 08:00,0.229,6.030
2021-08-08 09:00,0.214,5.901
2021-08-08 10:00,0.152,5.275
2021-08-08 11:00,0.137,5.117
2021-08-08 12:00,0.118,4.882
2021-08-08 13:00,0.115,4.851
2021-08-08 14:00,0.118,4.881
2021-08-08 15:00,0.134,5.076
2021-08-08 16:00,0.189,5.670
2021-08-08 17:00,0.275,6.416
2021-08-08 18:00,0.373,7.142
2021-08-08 19:00,0.447,7.655
2021-08-08 20:00,0.520,8.158
2021-08-08 21:00,0.676,9.300
2021-08-08 22:00,0.689,9.411
2021-08-08 23:00,0.482,7.896
2021-08-09 00:00,0.429,7.539
2021-08-09 01:00,0.469,7.809
2021-08-09 02:00,0.460,7.743
2021-08-09 03:00,0.442,7.625
2021-08-09 04:00,0.432,7.558
2021-08-09 05:00,0.447,7.649
2021-08-09 06:00,0.456,7.725
2021-08-09 07:00,0.432,7.562
2021-08-09 08:00,0.427,7.522
2021-08-09 09:00,0.516,8.135
2021-08-09 10:00,0.594,8.669
2021-08-09 11:00,0.665,9.218
2021-08-09 12:00,0.675,9.291
2021-08-09 13:00,0.628,8.932
2021-08-09 14:00,0.525,8.194
2021-08-09 15:00,0.335,6.880
2021-08-09 16:00,0.176,5.527
2021-08-09 17:00,0.113,4.814
2021-08-09 18:00,0.143,5.180
2021-08-09 19:00,0.225,6.001
2021-08-09 20:00,0.317,6.730
2021-08-09 21:00,0.351,6.987
2021-08-09 22:00,0.279,6.448
2021-08-09 23:00,0.096,4.593
2021-08-10 00:00,0.125,4.966
2021-08-10 01:00,0.119,4.892
2021-08-10 02:00,0.102,4.667
2021-08-10 03:00,0.097,4.599
2021-08-10 04:00,0.118,4.884
2021-08-10 05:00,0.151,5.274
2021-08-10 06:00,0.188,5.661
2021-08-10 07:00,0.235,6.084
2021-08-10 08:00,0.289,6.529
2021-08-10 09:00,0.314,6.717
2021-08-10 10:00,0.351,6.988
2021-08-10 11:00,0.460,7.746
2021-08-10 12:00,0.497,8.000
2021-08-10 13:00,0.469,7.810
2021-08-10 14:00,0.414,7.431
2021-08-10 15:00,0.343,6.934
2021-08-10 16:00,0.270,6.371
2021-08-10 17:00,0.210,5.866
2021-08-10 18:00,0.189,5.668
2021-08-10 19:00,0.156,5.320
2021-08-10 20:00,0.127,5.000
2021-08-10 21:00,0.105,4.710
2021-08-10 22:00,0.072,4.221
2021-08-10 23:00,0.015,2.826
2021-08-11 00:00,0.001,1.606
2021-08-11 01:00,0.002,1.878
2021-08-11 02:00,0.005,2.206
2021-08-11 03:00,0.007,2.372
2021-08-11 04:00,0.006,2.332
2021-08-11 05:00,0.004,2.127
2021-08-11 06:00,0.003,1.981
2021-08-11 07:00,0.003,2.010
2021-08-11 08:00,0.004,2.094
2021-08-11 09:00,0.003,2.043
2021-08-11 10:00,0.012,2.690
2021-08-11 11:00,0.078,4.318
2021-08-11 12:00,0.223,5.971
2021-08-11 13:00,0.355,7.017
2021-08-11 14:00,0.418,7.461
2021-08-11 15:00,0.403,7.354
2021-08-11 16:00,0.338,6.891
2021-08-11 17:00,0.246,6.173
2021-08-11 18:00,0.157,5.342
2021-08-11 19:00,0.097,4.596
2021-08-11 20:00,0.070,4.177
2021-08-11 21:00,0.060,4.006
2021-08-11 22:00,0.043,3.635
2021-08-11 23:00,0.012,2.691
2021-08-12 00:00,0.018,2.941
2021-08-12 01:00,0.014,2.769
2021-08-12 02:00,0.016,2.850
2021-08-12 03:00,0.017,2.904
2021-08-12 04:00,0.016,2.880
2021-08-12 05:00,0.017,2.901
2021-08-12 06:00,0.019,2.978
2021-08-12 07:00,0.022,3.073
2021-08-12 08:00,0.022,3.089
2021-08-12 09:00,0.022,3.092
2021-08-12 10:00,0.027,3.259
2021-08-12 11:00,0.038,3.548
2021-08-12 12:00,0.046,3.725
2021-08-12 13:00,0.028,3.286
2021-08-12 14:00,0.005,2.255
2021-08-12 15:00,0.001,1.502
2021-08-12 16:00,0.014,2.792
2021-08-12 17:00,0.087,4.448
2021-08-12 18:00,0.176,5.527
2021-08-12 19:00,0.207,5.837
2021-08-12 20:00,0.193,5.699
2021-08-12 21:00,0.165,5.429
2021-08-12 22:00,0.110,4.778
2021-08-12 23:00,0.032,3.390
2021-08-13 00:00,0.024,3.137
2021-08-13 01:00,0.001,1.694
2021-08-13 02:00,0,0.078
2021-08-13 03:00,0,0.086
2021-08-13 04:00,0,0.091
2021-08-13 05:00,0,0.262
2021-08-13 06:00,0,0.838
2021-08-13 07:00,0,0.886
2021-08-13 08:00,0,0.973
2021-08-13 09:00,0.001,1.722
2021-08-13 10:00,0.018,2.941
2021-08-13 11:00,0.077,4.293
2021-08-13 12:00,0.204,5.801
2021-08-13 13:00,0.433,7.565
2021-08-13 14:00,0.650,9.100
2021-08-13 15:00,0.644,9.046
2021-08-13 16:00,0.556,8.407
2021-08-13 17:00,0.460,7.743
2021-08-13 18:00,0.434,7.571
2021-08-13 19:00,0.443,7.633
2021-08-13 20:00,0.451,7.687
2021-08-13 21:00,0.416,7.452
2021-08-13 22:00,0.257,6.265
2021-08-13 23:00,0.332,6.847
2021-08-14 00:00,0.342,6.919
2021-08-14 01:00,0.211,5.874
2021-08-14 02:00,0.137,5.120
2021-08-14 03:00,0.134,5.073
2021-08-14 04:00,0.165,5.427
2021-08-14 05:00,0.181,5.591
2021-08-14 06:00,0.172,5.502
2021-08-14 07:00,0.122,4.929
2021-08-14 08:00,0.065,4.093
2021-08-14 09:00,0.069,4.151
2021-08-14 10:00,0.089,4.487
2021-08-14 11:00,0.125,4.972
2021-08-14 12:00,0.183,5.613
2021-08-14 13:00,0.338,6.896
2021-08-14 14:00,0.442,7.624
2021-08-14 15:00,0.497,7.994
2021-08-14 16:00,0.594,8.671
2021-08-14 17:00,0.573,8.524
2021-08-14 18:00,0.362,7.072
2021-08-14 19:00,0.298,6.594
2021-08-14 20:00,0.284,6.479
2021-08-14 21:00,0.270,6.376
2021-08-14 22:00,0.216,5.919
2021-08-14 23:00,0.309,6.677
2021-08-15 00:00,0.330,6.840
2021-08-15 01:00,0.239,6.119
2021-08-15 02:00,0.137,5.121
2021-08-15 03:00,0.091,4.514
2021-08-15 04:00,0.082,4.373
2021-08-15 05:00,0.081,4.361
2021-08-15 06:00,0.085,4.429
2021-08-15 07:00,0.077,4.293
2021-08-15 08:00,0.057,3.947
2021-08-15 09:00,0.035,3.456
2021-08-15 10:00,0.025,3.184
2021-08-15 11:00,0.055,3.907
2021-08-15 12:00,0.137,5.111
2021-08-15 13:00,0.241,6.139
2021-08-15 14:00,0.321,6.772
2021-08-15 15:00,0.348,6.962
2021-08-15 16:00,0.343,6.931
2021-08-15 17:00,0.320,6.759
2021-08-15 18:00,0.284,6.484
2021-08-15 19:00,0.243,6.159
2021-08-15 20:00,0.217,5.931
2021-08-15 21:00,0.199,5.763
2021-08-15 22:00,0.148,5.245
2021-08-15 23:00,0.118,4.871
2021-08-16 00:00,0.097,4.599
2021-08-16 01:00,0.058,3.958
2021-08-16 02:00,0.020,3.022
2021-08-16 03:00,0.010,2.548
2021-08-16 04:00,0.011,2.648
2021-08-16 05:00,0.019,2.964
2021-08-16 06:00,0.022,3.081
2021-08-16 07:00,0.021,3.054
2021-08-16 08:00,0.024,3.143
2021-08-16 09:00,0.033,3.411
2021-08-16 10:00,0.093,4.546
2021-08-16 11:00,0.264,6.326
2021-08-16 12:00,0.401,7.344
2021-08-16 13:00,0.394,7.294
2021-08-16 14:00,0.345,6.940
2021-08-16 15:00,0.261,6.302
2021-08-16 16:00,0.196,5.735
2021-08-16 17:00,0.163,5.407
2021-08-16 18:00,0.142,5.173
2021-08-16 19:00,0.116,4.852
2021-08-16 20:00,0.096,4.589
2021-08-16 21:00,0.093,4.536
2021-08-16 22:00,0.073,4.225
2021-08-16 23:00,0.063,4.055
2021-08-17 00:00,0.050,3.815
2021-08-17 01:00,0.016,2.883
2021-08-17 02:00,0.004,2.087
2021-08-17 03:00,0.003,2.029
2021-08-17 04:00,0.006,2.294
2021-08-17 05:00,0.004,2.186
2021-08-17 06:00,0.002,1.788
2021-08-17 07:00,0,1.295
2021-08-17 08:00,0,1.291
2021-08-17 09:00,0.005,2.243
2021-08-17 10:00,0.068,4.135
2021-08-17 11:00,0.273,6.401
2021-08-17 12:00,0.442,7.624
2021-08-17 13:00,0.439,7.602
2021-08-17 14:00,0.390,7.259
2021-08-17 15:00,0.410,7.397
2021-08-17 16:00,0.427,7.524
2021-08-17 17:00,0.445,7.638
2021-08-17 18:00,0.384,7.225
2021-08-17 19:00,0.299,6.603
2021-08-17 20:00,0.314,6.719
2021-08-17 21:00,0.262,6.311
2021-08-17 22:00,0.169,5.458
2021-08-17 23:00,0.262,6.314
2021-08-18 00:00,0.317,6.733
2021-08-18 01:00,0.323,6.785
2021-08-18 02:00,0.348,6.964
2021-08-18 03:00,0.423,7.500
2021-08-18 04:00,0.516,8.130
2021-08-18 05:00,0.606,8.769
2021-08-18 06:00,0.669,9.249
2021-08-18 07:00,0.687,9.390
2021-08-18 08:00,0.651,9.104
2021-08-18 09:00,0.610,8.794
2021-08-18 10:00,0.480,7.890
2021-08-18 11:00,0.479,7.882
2021-08-18 12:00,0.572,8.517
2021-08-18 13:00,0.804,10.506
2021-08-18 14:00,0.863,11.279
2021-08-18 15:00,0.717,9.642
2021-08-18 16:00,0.513,8.105
2021-08-18 17:00,0.309,6.678
2021-08-18 18:00,0.186,5.642
2021-08-18 19:00,0.194,5.711
2021-08-18 20:00,0.297,6.590
2021-08-18 21:00,0.410,7.402
2021-08-18 22:00,0.281,6.458
2021-08-18 23:00,0.179,5.562
2021-08-19 00:00,0.156,5.328
2021-08-19 01:00,0.106,4.728
2021-08-19 02:00,0.036,3.481
2021-08-19 03:00,0.011,2.650
2021-08-19 04:00,0.013,2.716
2021-08-19 05:00,0.019,2.972
2021-08-19 06:00,0.032,3.396
2021-08-19 07:00,0.053,3.867
2021-08-19 08:00,0.087,4.448
2021-08-19 09:00,0.112,4.796
2021-08-19 10:00,0.094,4.555
2021-08-19 11:00,0.051,3.834
2021-08-19 12:00,0.016,2.883
2021-08-19 13:00,0.010,2.546
2021-08-19 14:00,0.012,2.678
2021-08-19 15:00,0.010,2.588
2021-08-19 16:00,0.007,2.404
2021-08-19 17:00,0.029,3.289
2021-08-19 18:00,0.115,4.851
2021-08-19 19:00,0.248,6.195
2021-08-19 20:00,0.285,6.490
2021-08-19 21:00,0.290,6.534
2021-08-19 22:00,0.215,5.908
2021-08-19 23:00,0.087,4.455
2021-08-20 00:00,0.067,4.122
2021-08-20 01:00,0.049,3.782
2021-08-20 02:00,0.039,3.564
2021-08-20 03:00,0.035,3.463
2021-08-20 04:00,0.039,3.562
2021-08-20 05:00,0.051,3.831
2021-08-20 06:00,0.068,4.140
2021-08-20 07:00,0.091,4.514
2021-08-20 08:00,0.118,4.888
2021-08-20 09:00,0.131,5.034
2021-08-20 10:00,0.135,5.095
2021-08-20 11:00,0.194,5.711
2021-08-20 12:00,0.262,6.313
2021-08-20 13:00,0.270,6.377
2021-08-20 14:00,0.221,5.957
2021-08-20 15:00,0.134,5.065
2021-08-20 16:00,0.053,3.866
2021-08-20 17:00,0.016,2.845
2021-08-20 18:00,0.003,2.047
2021-08-20 19:00,0.001,1.527
2021-08-20 20:00,0,1.238
2021-08-20 21:00,0,1.102
2021-08-20 22:00,0,1.198
2021-08-20 23:00,0,1.190
2021-08-21 00:00,0.011,2.625
2021-08-21 01:00,0.026,3.203
2021-08-21 02:00,0.029,3.315
2021-08-21 03:00,0.034,3.444
2021-08-21 04:00,0.052,3.850
2021-08-21 05:00,0.087,4.450
2021-08-21 06:00,0.141,5.157
2021-08-21 07:00,0.199,5.761
2021-08-21 08:00,0.230,6.039
2021-08-21 09:00,0.241,6.136
2021-08-21 10:00,0.206,5.825
2021-08-21 11:00,0.153,5.282
2021-08-21 12:00,0.115,4.848
2021-08-21 13:00,0.246,6.175
2021-08-21 14:00,0.625,8.904
2021-08-21 15:00,0.832,10.845
2021-08-21 16:00,0.850,11.094
2021-08-21 17:00,0.832,10.842
2021-08-21 18:00,0.779,10.236
2021-08-21 19:00,0.711,9.591
2021-08-21 20:00,0.694,9.439
2021-08-21 21:00,0.708,9.566
2021-08-21 22:00,0.574,8.529
2021-08-21 23:00,0.241,6.135
2021-08-22 00:00,0.314,6.714
2021-08-22 01:00,0.559,8.424
2021-08-22 02:00,0.679,9.324
2021-08-22 03:00,0.734,9.803
2021-08-22 04:00,0.741,9.862
2021-08-22 05:00,0.708,9.568
2021-08-22 06:00,0.647,9.073
2021-08-22 07:00,0.557,8.414
2021-08-22 08:00,0.444,7.636
2021-08-22 09:00,0.314,6.709
2021-08-22 10:00,0.185,5.632
2021-08-22 11:00,0.100,4.636
2021-08-22 12:00,0.041,3.611
2021-08-22 13:00,0.013,2.728
2021-08-22 14:00,0.004,2.086
2021-08-22 15:00,0.002,1.837
2021-08-22 16:00,0.002,1.887
2021-08-22 17:00,0.005,2.266
2021-08-22 18:00,0.013,2.752
2021-08-22 19:00,0.024,3.164
2021-08-22 20:00,0.039,3.554
2021-08-22 21:00,0.043,3.664
2021-08-22 22:00,0.051,3.828
2021-08-22 23:00,0.024,3.141
2021-08-23 00:00,0.008,2.488
2021-08-23 01:00,0.028,3.264
2021-08-23 02:00,0.017,2.887
2021-08-23 03:00,0.017,2.916
2021-08-23 04:00,0.026,3.202
2021-08-23 05:00,0.069,4.153
2021-08-23 06:00,0.195,5.725
2021-08-23 07:00,0.338,6.894
2021-08-23 08:00,0.469,7.812
2021-08-23 09:00,0.355,7.019
2021-08-23 10:00,0.055,3.916
2021-08-23 11:00,0,0.158
2021-08-23 12:00,0,1.086
2021-08-23 13:00,0.003,1.957
2021-08-23 14:00,0.032,3.373
2021-08-23 15:00,0.109,4.763
2021-08-23 16:00,0.227,6.012
2021-08-23 17:00,0.279,6.452
2021-08-23 18:00,0.287,6.516
2021-08-23 19:00,0.307,6.665
2021-08-23 20:00,0.297,6.592
2021-08-23 21:00,0.261,6.304
2021-08-23 22:00,0.159,5.365
2021-08-23 23:00,0.169,5.471
2021-08-24 00:00,0.396,7.310
2021-08-24 01:00,0.572,8.516
2021-08-24 02:00,0.674,9.283
2021-08-24 03:00,0.767,10.101
2021-08-24 04:00,0.842,10.976
2021-08-24 05:00,0.896,11.862
2021-08-24 06:00,0.891,11.743
2021-08-24 07:00,0.803,10.503
2021-08-24 08:00,0.725,9.717
2021-08-24 09:00,0.612,8.815
2021-08-24 10:00,0.428,7.526
2021-08-24 11:00,0.286,6.506
2021-08-24 12:00,0.164,5.410
2021-08-24 13:00,0.135,5.091
2021-08-24 14:00,0.164,5.411
2021-08-24 15:00,0.227,6.013
2021-08-24 16:00,0.229,6.028
2021-08-24 17:00,0.335,6.877
2021-08-24 18:00,0.402,7.347
2021-08-24 19:00,0.447,7.652
2021-08-24 20:00,0.450,7.670
2021-08-24 21:00,0.446,7.643
2021-08-24 22:00,0.513,8.113
2021-08-24 23:00,0.715,9.631
2021-08-25 00:00,0.894,11.814
2021-08-25 01:00,0.945,13.075
2021-08-25 02:00,0.961,13.649
2021-08-25 03:00,0.964,13.802
2021-08-25 04:00,0.971,14.156
2021-08-25 05:00,0.976,14.484
2021-08-25 06:00,0.972,14.239
2021-08-25 07:00,0.967,13.956
2021-08-25 08:00,0.956,13.481
2021-08-25 09:00,0.920,12.375
2021-08-25 10:00,0.817,10.663
2021-08-25 11:00,0.665,9.218
2021-08-25 12:00,0.572,8.514
2021-08-25 13:00,0.510,8.087
2021-08-25 14:00,0.510,8.086
2021-08-25 15:00,0.538,8.278
2021-08-25 16:00,0.555,8.397
2021-08-25 17:00,0.469,7.809
2021-08-25 18:00,0.359,7.048
2021-08-25 19:00,0.316,6.727
2021-08-25 20:00,0.257,6.270
2021-08-25 21:00,0.205,5.819
2021-08-25 22:00,0.145,5.197
2021-08-25 23:00,0.140,5.149
2021-08-26 00:00,0.187,5.648
2021-08-26 01:00,0.270,6.379
2021-08-26 02:00,0.393,7.289
2021-08-26 03:00,0.492,7.969
2021-08-26 04:00,0.574,8.535
2021-08-26 05:00,0.639,9.008
2021-08-26 06:00,0.656,9.140
2021-08-26 07:00,0.602,8.734
2021-08-26 08:00,0.489,7.945
2021-08-26 09:00,0.364,7.076
2021-08-26 10:00,0.236,6.095
2021-08-26 11:00,0.276,6.430
2021-08-26 12:00,0.355,7.014
2021-08-26 13:00,0.373,7.141
2021-08-26 14:00,0.355,7.024
2021-08-26 15:00,0.324,6.797
2021-08-26 16:00,0.321,6.762
2021-08-26 17:00,0.338,6.894
2021-08-26 18:00,0.325,6.804
2021-08-26 19:00,0.266,6.343
2021-08-26 20:00,0.226,6.006
2021-08-26 21:00,0.208,5.845
2021-08-26 22:00,0.143,5.189
2021-08-26 23:00,0.108,4.755
2021-08-27 00:00,0.121,4.923
2021-08-27 01:00,0.059,3.988
2021-08-27 02:00,0.036,3.491
2021-08-27 03:00,0.043,3.649
2021-08-27 04:00,0.076,4.277
2021-08-27 05:00,0.113,4.809
2021-08-27 06:00,0.156,5.321
2021-08-27 07:00,0.210,5.865
2021-08-27 08:00,0.281,6.463
2021-08-27 09:00,0.369,7.116
2021-08-27 10:00,0.419,7.471
2021-08-27 11:00,0.503,8.044
2021-08-27 12:00,0.455,7.717
2021-08-27 13:00,0.357,7.038
2021-08-27 14:00,0.248,6.196
2021-08-27 15:00,0.124,4.954
2021-08-27 16:00,0.049,3.776
2021-08-27 17:00,0.017,2.919
2021-08-27 18:00,0.001,1.574
2021-08-27 19:00,0,0.848
2021-08-27 20:00,0.003,1.989
2021-08-27 21:00,0.008,2.483
2021-08-27 22:00,0.018,2.926
2021-08-27 23:00,0.016,2.866
2021-08-28 00:00,0.009,2.498
2021-08-28 01:00,0.001,1.708
2021-08-28 02:00,0,0.009
2021-08-28 03:00,0,0.011
2021-08-28 04:00,0.004,2.094
2021-08-28 05:00,0.028,3.273
2021-08-28 06:00,0.029,3.306
2021-08-28 07:00,0.016,2.875
2021-08-28 08:00,0.009,2.499
2021-08-28 09:00,0.006,2.348
2021-08-28 10:00,0.014,2.760
2021-08-28 11:00,0.028,3.265
2021-08-28 12:00,0.029,3.292
2021-08-28 13:00,0.022,3.092
2021-08-28 14:00,0.013,2.719
2021-08-28 15:00,0.006,2.316
2021-08-28 16:00,0.003,2.055
2021-08-28 17:00,0.001,1.722
2021-08-28 18:00,0,1.449
2021-08-28 19:00,0,1.382
2021-08-28 20:00,0,1.341
2021-08-28 21:00,0,1.270
2021-08-28 22:00,0,1.219
2021-08-28 23:00,0,0.783
2021-08-29 00:00,0,0.680
2021-08-29 01:00,0,1.422
2021-08-29 02:00,0.005,2.224
2021-08-29 03:00,0.018,2.937
2021-08-29 04:00,0.038,3.527
2021-08-29 05:00,0.060,3.995
2021-08-29 06:00,0.085,4.418
2021-08-29 07:00,0.090,4.504
2021-08-29 08:00,0.072,4.212
2021-08-29 09:00,0.046,3.706
2021-08-29 10:00,0.049,3.777
2021-08-29 11:00,0.068,4.134
2021-08-29 12:00,0.078,4.322
2021-08-29 13:00,0.094,4.557
2021-08-29 14:00,0.127,4.994
2021-08-29 15:00,0.161,5.383
2021-08-29 16:00,0.193,5.696
2021-08-29 17:00,0.204,5.796
2021-08-29 18:00,0.182,5.596
2021-08-29 19:00,0.134,5.071
2021-08-29 20:00,0.096,4.590
2021-08-29 21:00,0.072,4.215
2021-08-29 22:00,0.056,3.931
2021-08-29 23:00,0.027,3.245
2021-08-30 00:00,0.023,3.109
2021-08-30 01:00,0.028,3.270
2021-08-30 02:00,0.022,3.100
2021-08-30 03:00,0.023,3.105
2021-08-30 04:00,0.029,3.311
2021-08-30 05:00,0.033,3.421
2021-08-30 06:00,0.044,3.674
2021-08-30 07:00,0.051,3.837
2021-08-30 08:00,0.049,3.783
2021-08-30 09:00,0.066,4.113
2021-08-30 10:00,0.085,4.429
2021-08-30 11:00,0.064,4.069
2021-08-30 12:00,0.098,4.611
2021-08-30 13:00,0.147,5.232
2021-08-30 14:00,0.186,5.635
2021-08-30 15:00,0.204,5.813
2021-08-30 16:00,0.182,5.597
2021-08-30 17:00,0.181,5.580
2021-08-30 18:00,0.190,5.681
2021-08-30 19:00,0.161,5.387
2021-08-30 20:00,0.145,5.207
2021-08-30 21:00,0.156,5.332
2021-08-30 22:00,0.172,5.494
2021-08-30 23:00,0.100,4.636
2021-08-31 00:00,0.065,4.088
2021-08-31 01:00,0.032,3.384
2021-08-31 02:00,0.008,2.481
2021-08-31 03:00,0.004,2.096
2021-08-31 04:00,0.002,1.874
2021-08-31 05:00,0.001,1.710
2021-08-31 06:00,0.001,1.634
2021-08-31 07:00,0.002,1.815
2021-08-31 08:00,0.004,2.144
2021-08-31 09:00,0.005,2.253
2021-08-31 10:00,0.008,2.434
2021-08-31 11:00,0.011,2.640
2021-08-31 12:00,0.023,3.126
2021-08-31 13:00,0.053,3.864
2021-08-31 14:00,0.101,4.654
2021-08-31 15:00,0.157,5.338
2021-08-31 16:00,0.199,5.767
2021-08-31 17:00,0.224,5.994
2021-08-31 18:00,0.235,6.085
2021-08-31 19:00,0.241,6.142
2021-08-31 20:00,0.259,6.286
2021-08-31 21:00,0.285,6.492
2021-08-31 22:00,0.272,6.396
2021-08-31 23:00,0.117,4.866
2021-09-01 00:00,0.077,4.287
2021-09-01 01:00,0.026,3.197
2021-09-01 02:00,0.023,3.122
2021-09-01 03:00,0.033,3.413
2021-09-01 04:00,0.042,3.620
2021-09-01 05:00,0.043,3.648
2021-09-01 06:00,0.047,3.733
2021-09-01 07:00,0.051,3.817
2021-09-01 08:00,0.048,3.771
2021-09-01 09:00,0.043,3.660
2021-09-01 10:00,0.043,3.653
2021-09-01 11:00,0.037,3.506
2021-09-01 12:00,0.038,3.530
2021-09-01 13:00,0.053,3.865
2021-09-01 14:00,0.096,4.587
2021-09-01 15:00,0.194,5.705
2021-09-01 16:00,0.311,6.700
2021-09-01 17:00,0.390,7.266
2021-09-01 18:00,0.419,7.472
2021-09-01 19:00,0.466,7.789
2021-09-01 20:00,0.534,8.254
2021-09-01 21:00,0.565,8.470
2021-09-01 22:00,0.497,7.992
2021-09-01 23:00,0.302,6.630
2021-09-02 00:00,0.392,7.275
2021-09-02 01:00,0.317,6.734
2021-09-02 02:00,0.256,6.257
2021-09-02 03:00,0.286,6.505
2021-09-02 04:00,0.380,7.190
2021-09-02 05:00,0.474,7.843
2021-09-02 06:00,0.533,8.241
2021-09-02 07:00,0.569,8.501
2021-09-02 08:00,0.556,8.403
2021-09-02 09:00,0.417,7.459
2021-09-02 10:00,0.265,6.331
2021-09-02 11:00,0.204,5.802
2021-09-02 12:00,0.154,5.298
2021-09-02 13:00,0.168,5.449
2021-09-02 14:00,0.299,6.604
2021-09-02 15:00,0.367,7.108
2021-09-02 16:00,0.298,6.596
2021-09-02 17:00,0.223,5.972
2021-09-02 18:00,0.175,5.526
2021-09-02 19:00,0.102,4.671
2021-09-02 20:00,0.075,4.263
2021-09-02 21:00,0.085,4.408
2021-09-02 22:00,0.068,4.131
2021-09-02 23:00,0.043,3.663
2021-09-03 00:00,0.017,2.905
2021-09-03 01:00,0.013,2.708
2021-09-03 02:00,0.002,1.915
2021-09-03 03:00,0.002,1.847
2021-09-03 04:00,0.007,2.407
2021-09-03 05:00,0.007,2.390
2021-09-03 06:00,0.003,1.981
2021-09-03 07:00,0,1.401
2021-09-03 08:00,0,1.150
2021-09-03 09:00,0.006,2.304
2021-09-03 10:00,0.074,4.252
2021-09-03 11:00,0.258,6.281
2021-09-03 12:00,0.491,7.960
2021-09-03 13:00,0.595,8.683
2021-09-03 14:00,0.549,8.364
2021-09-03 15:00,0.403,7.352
2021-09-03 16:00,0.366,7.095
2021-09-03 17:00,0.373,7.141
2021-09-03 18:00,0.305,6.656
2021-09-03 19:00,0.333,6.861
2021-09-03 20:00,0.314,6.709
2021-09-03 21:00,0.178,5.549
2021-09-03 22:00,0.062,4.029
2021-09-03 23:00,0.023,3.121
2021-09-04 00:00,0.041,3.602
2021-09-04 01:00,0.151,5.270
2021-09-04 02:00,0.279,6.444
2021-09-04 03:00,0.349,6.977
2021-09-04 04:00,0.329,6.826
2021-09-04 05:00,0.271,6.388
2021-09-04 06:00,0.239,6.118
2021-09-04 07:00,0.183,5.607
2021-09-04 08:00,0.122,4.937
2021-09-04 09:00,0.071,4.201
2021-09-04 10:00,0.041,3.607
2021-09-04 11:00,0.038,3.532
2021-09-04 12:00,0.046,3.729
2021-09-04 13:00,0.056,3.930
2021-09-04 14:00,0.045,3.701
2021-09-04 15:00,0.037,3.500
2021-09-04 16:00,0.042,3.631
2021-09-04 17:00,0.070,4.188
2021-09-04 18:00,0.132,5.047
2021-09-04 19:00,0.229,6.031
2021-09-04 20:00,0.282,6.472
2021-09-04 21:00,0.273,6.399
2021-09-04 22:00,0.243,6.156
2021-09-04 23:00,0.274,6.412
2021-09-05 00:00,0.284,6.481
2021-09-05 01:00,0.144,5.195
2021-09-05 02:00,0.059,3.989
2021-09-05 03:00,0.037,3.510
2021-09-05 04:00,0.023,3.125
2021-09-05 05:00,0.022,3.095
2021-09-05 06:00,0.020,3.028
2021-09-05 07:00,0.037,3.513
2021-09-05 08:00,0.063,4.050
2021-09-05 09:00,0.120,4.915
2021-09-05 10:00,0.228,6.025
2021-09-05 11:00,0.331,6.842
2021-09-05 12:00,0.314,6.717
2021-09-05 13:00,0.285,6.501
2021-09-05 14:00,0.325,6.806
2021-09-05 15:00,0.330,6.830
2021-09-05 16:00,0.303,6.639
2021-09-05 17:00,0.262,6.313
2021-09-05 18:00,0.246,6.182
2021-09-05 19:00,0.264,6.326
2021-09-05 20:00,0.325,6.804
2021-09-05 21:00,0.306,6.661
2021-09-05 22:00,0.299,6.603
2021-09-05 23:00,0.239,6.123
2021-09-06 00:00,0.343,6.932
2021-09-06 01:00,0.273,6.403
2021-09-06 02:00,0.224,5.979
2021-09-06 03:00,0.221,5.960
2021-09-06 04:00,0.263,6.319
2021-09-06 05:00,0.302,6.623
2021-09-06 06:00,0.321,6.761
2021-09-06 07:00,0.307,6.663
2021-09-06 08:00,0.270,6.381
2021-09-06 09:00,0.185,5.628
2021-09-06 10:00,0.067,4.124
2021-09-06 11:00,0.005,2.230
2021-09-06 12:00,0,0.499
2021-09-06 13:00,0.002,1.844
2021-09-06 14:00,0.059,3.988
2021-09-06 15:00,0.224,5.992
2021-09-06 16:00,0.425,7.505
2021-09-06 17:00,0.556,8.408
2021-09-06 18:00,0.612,8.809
2021-09-06 19:00,0.640,9.017
2021-09-06 20:00,0.779,10.236
2021-09-06 21:00,0.833,10.859
2021-09-06 22:00,0.760,10.044
2021-09-06 23:00,0.573,8.524
2021-09-07 00:00,0.803,10.501
2021-09-07 01:00,0.863,11.280
2021-09-07 02:00,0.846,11.042
2021-09-07 03:00,0.850,11.082
2021-09-07 04:00,0.862,11.271
2021-09-07 05:00,0.882,11.596
2021-09-07 06:00,0.904,12.015
2021-09-07 07:00,0.915,12.258
2021-09-07 08:00,0.909,12.130
2021-09-07 09:00,0.865,11.322
2021-09-07 10:00,0.879,11.553
2021-09-07 11:00,0.928,12.566
2021-09-07 12:00,0.934,12.751
2021-09-07 13:00,0.935,12.773
2021-09-07 14:00,0.946,13.094
2021-09-07 15:00,0.961,13.663
2021-09-07 16:00,0.946,13.103
2021-09-07 17:00,0.833,10.848
2021-09-07 18:00,0.708,9.566
2021-09-07 19:00,0.612,8.811
2021-09-07 20:00,0.494,7.981
2021-09-07 21:00,0.370,7.128
2021-09-07 22:00,0.273,6.403
2021-09-07 23:00,0.079,4.323
2021-09-08 00:00,0.032,3.374
2021-09-08 01:00,0.010,2.570
2021-09-08 02:00,0.009,2.544
2021-09-08 03:00,0.026,3.213
2021-09-08 04:00,0.070,4.184
2021-09-08 05:00,0.156,5.329
2021-09-08 06:00,0.279,6.440
2021-09-08 07:00,0.377,7.172
2021-09-08 08:00,0.383,7.220
2021-09-08 09:00,0.387,7.240
2021-09-08 10:00,0.513,8.105
2021-09-08 11:00,0.438,7.596
2021-09-08 12:00,0.224,5.982
2021-09-08 13:00,0.276,6.425
2021-09-08 14:00,0.547,8.344
2021-09-08 15:00,0.712,9.602
2021-09-08 16:00,0.756,10.010
2021-09-08 17:00,0.837,10.901
2021-09-08 18:00,0.824,10.742
2021-09-08 19:00,0.733,9.793
2021-09-08 20:00,0.587,8.628
2021-09-08 21:00,0.597,8.689
2021-09-08 22:00,0.645,9.053
2021-09-08 23:00,0.473,7.830
2021-09-09 00:00,0.533,8.240
2021-09-09 01:00,0.476,7.851
2021-09-09 02:00,0.468,7.804
2021-09-09 03:00,0.430,7.549
2021-09-09 04:00,0.430,7.542
2021-09-09 05:00,0.487,7.937
2021-09-09 06:00,0.557,8.414
2021-09-09 07:00,0.586,8.625
2021-09-09 08:00,0.548,8.346
2021-09-09 09:00,0.471,7.822
2021-09-09 10:00,0.439,7.603
2021-09-09 11:00,0.429,7.542
2021-09-09 12:00,0.321,6.775
2021-09-09 13:00,0.191,5.685
2021-09-09 14:00,0.088,4.468
2021-09-09 15:00,0.023,3.105
2021-09-09 16:00,0.001,1.652
2021-09-09 17:00,0,0.917
2021-09-09 18:00,0.001,1.733
2021-09-09 19:00,0.011,2.627
2021-09-09 20:00,0.029,3.297
2021-09-09 21:00,0.054,3.872
2021-09-09 22:00,0.084,4.395
2021-09-09 23:00,0.062,4.045
2021-09-10 00:00,0.064,4.071
2021-09-10 01:00,0.221,5.957
2021-09-10 02:00,0.417,7.455
2021-09-10 03:00,0.523,8.182
2021-09-10 04:00,0.629,8.940
2021-09-10 05:00,0.717,9.645
2021-09-10 06:00,0.776,10.201
2021-09-10 07:00,0.795,10.405
2021-09-10 08:00,0.745,9.895
2021-09-10 09:00,0.542,8.311
2021-09-10 10:00,0.387,7.249
2021-09-10 11:00,0.354,7.009
2021-09-10 12:00,0.361,7.068
2021-09-10 13:00,0.241,6.142
2021-09-10 14:00,0.105,4.714
2021-09-10 15:00,0.035,3.462
2021-09-10 16:00,0.008,2.452
2021-09-10 17:00,0.001,1.570
2021-09-10 18:00,0,0.815
2021-09-10 19:00,0,0.251
2021-09-10 20:00,0,0.240
2021-09-10 21:00,0,0.227
2021-09-10 22:00,0,0.445
2021-09-10 23:00,0,1.069
2021-09-11 00:00,0.001,1.547
2021-09-11 01:00,0,0.526
2021-09-11 02:00,0,0
2021-09-11 03:00,0,0.035
2021-09-11 04:00,0,0.066
2021-09-11 05:00,0,1.054
2021-09-11 06:00,0.001,1.673
2021-09-11 07:00,0.004,2.078
2021-09-11 08:00,0.008,2.462
2021-09-11 09:00,0.025,3.183
2021-09-11 10:00,0.146,5.223
2021-09-11 11:00,0.447,7.651
2021-09-11 12:00,0.685,9.374
2021-09-11 13:00,0.758,10.024
2021-09-11 14:00,0.746,9.912
2021-09-11 15:00,0.742,9.870
2021-09-11 16:00,0.738,9.835
2021-09-11 17:00,0.723,9.701
2021-09-11 18:00,0.719,9.653
2021-09-11 19:00,0.693,9.437
2021-09-11 20:00,0.663,9.195
2021-09-11 21:00,0.612,8.807
2021-09-11 22:00,0.585,8.617
2021-09-11 23:00,0.553,8.391
2021-09-12 00:00,0.736,9.816
2021-09-12 01:00,0.920,12.381
2021-09-12 02:00,0.953,13.344
2021-09-12 03:00,0.948,13.191
2021-09-12 04:00,0.927,12.561
2021-09-12 05:00,0.868,11.353
2021-09-12 06:00,0.702,9.518
2021-09-12 07:00,0.374,7.157
2021-09-12 08:00,0.173,5.505
2021-09-12 09:00,0.204,5.812
2021-09-12 10:00,0.329,6.826
2021-09-12 11:00,0.384,7.224
2021-09-12 12:00,0.318,6.743
2021-09-12 13:00,0.272,6.395
2021-09-12 14:00,0.268,6.352
2021-09-12 15:00,0.229,6.034
2021-09-12 16:00,0.165,5.429
2021-09-12 17:00,0.113,4.820
2021-09-12 18:00,0.073,4.227
2021-09-12 19:00,0.049,3.790
2021-09-12 20:00,0.031,3.360
2021-09-12 21:00,0.043,3.642
2021-09-12 22:00,0.043,3.662
2021-09-12 23:00,0.043,3.647
2021-09-13 00:00,0.035,3.465
2021-09-13 01:00,0.043,3.643
2021-09-13 02:00,0.052,3.841
2021-09-13 03:00,0.046,3.705
2021-09-13 04:00,0.028,3.283
2021-09-13 05:00,0.011,2.625
2021-09-13 06:00,0.007,2.366
2021-09-13 07:00,0.007,2.359
2021-09-13 08:00,0.005,2.224
2021-09-13 09:00,0.010,2.558
2021-09-13 10:00,0.033,3.425
2021-09-13 11:00,0.176,5.533
2021-09-13 12:00,0.333,6.855
2021-09-13 13:00,0.502,8.029
2021-09-13 14:00,0.597,8.692
2021-09-13 15:00,0.562,8.453
2021-09-13 16:00,0.505,8.054
2021-09-13 17:00,0.386,7.235
2021-09-13 18:00,0.262,6.315
2021-09-13 19:00,0.241,6.141
2021-09-13 20:00,0.272,6.398
2021-09-13 21:00,0.333,6.863
2021-09-13 22:00,0.376,7.165
2021-09-13 23:00,0.309,6.671
2021-09-14 00:00,0.392,7.276
2021-09-14 01:00,0.442,7.624
2021-09-14 02:00,0.426,7.520
2021-09-14 03:00,0.486,7.921
2021-09-14 04:00,0.565,8.474
2021-09-14 05:00,0.583,8.603
2021-09-14 06:00,0.598,8.705
2021-09-14 07:00,0.605,8.755
2021-09-14 08:00,0.612,8.812
2021-09-14 09:00,0.433,7.569
2021-09-14 10:00,0.327,6.819
2021-09-14 11:00,0.345,6.938
2021-09-14 12:00,0.396,7.309
2021-09-14 13:00,0.436,7.583
2021-09-14 14:00,0.506,8.064
2021-09-14 15:00,0.506,8.063
2021-09-14 16:00,0.497,7.991
2021-09-14 17:00,0.483,7.907
2021-09-14 18:00,0.461,7.753
2021-09-14 19:00,0.463,7.769
2021-09-14 20:00,0.479,7.877
2021-09-14 21:00,0.470,7.816
2021-09-14 22:00,0.467,7.797
2021-09-14 23:00,0.432,7.561
2021-09-15 00:00,0.713,9.612
2021-09-15 01:00,0.843,10.987
2021-09-15 02:00,0.881,11.572
2021-09-15 03:00,0.879,11.536
2021-09-15 04:00,0.855,11.166
2021-09-15 05:00,0.782,10.266
2021-09-15 06:00,0.603,8.739
2021-09-15 07:00,0.366,7.095
2021-09-15 08:00,0.348,6.959
2021-09-15 09:00,0.454,7.711
2021-09-15 10:00,0.367,7.106
2021-09-15 11:00,0.257,6.268
2021-09-15 12:00,0.189,5.669
2021-09-15 13:00,0.197,5.740
2021-09-15 14:00,0.247,6.186
2021-09-15 15:00,0.284,6.483
2021-09-15 16:00,0.314,6.720
2021-09-15 17:00,0.335,6.874
2021-09-15 18:00,0.449,7.664
2021-09-15 19:00,0.506,8.067
2021-09-15 20:00,0.518,8.143
2021-09-15 21:00,0.533,8.242
2021-09-15 22:00,0.560,8.434
2021-09-15 23:00,0.518,8.145
2021-09-16 00:00,0.561,8.438
2021-09-16 01:00,0.627,8.917
2021-09-16 02:00,0.639,9.007
2021-09-16 03:00,0.554,8.393
2021-09-16 04:00,0.473,7.833
2021-09-16 05:00,0.383,7.221
2021-09-16 06:00,0.297,6.583
2021-09-16 07:00,0.261,6.307
2021-09-16 08:00,0.232,6.053
2021-09-16 09:00,0.218,5.934
2021-09-16 10:00,0.270,6.371
2021-09-16 11:00,0.316,6.728
2021-09-16 12:00,0.297,6.588
2021-09-16 13:00,0.225,5.999
2021-09-16 14:00,0.134,5.073
2021-09-16 15:00,0.059,3.971
2021-09-16 16:00,0.022,3.075
2021-09-16 17:00,0.007,2.364
2021-09-16 18:00,0.001,1.711
2021-09-16 19:00,0,1.279
2021-09-16 20:00,0,1.060
2021-09-16 21:00,0,1.193
2021-09-16 22:00,0,1.411
2021-09-16 23:00,0.001,1.510
2021-09-17 00:00,0.001,1.744
2021-09-17 01:00,0,1.308
2021-09-17 02:00,0,1.246
2021-09-17 03:00,0.001,1.730
2021-09-17 04:00,0.006,2.281
2021-09-17 05:00,0.011,2.643
2021-09-17 06:00,0.017,2.912
2021-09-17 07:00,0.024,3.149
2021-09-17 08:00,0.025,3.185
2021-09-17 09:00,0.027,3.254
2021-09-17 10:00,0.046,3.723
2021-09-17 11:00,0.096,4.593
2021-09-17 12:00,0.148,5.240
2021-09-17 13:00,0.204,5.806
2021-09-17 14:00,0.265,6.332
2021-09-17 15:00,0.290,6.536
2021-09-17 16:00,0.286,6.502
2021-09-17 17:00,0.241,6.140
2021-09-17 18:00,0.198,5.755
2021-09-17 19:00,0.162,5.397
2021-09-17 20:00,0.089,4.487
2021-09-17 21:00,0.051,3.837
2021-09-17 22:00,0.027,3.226
2021-09-17 23:00,0.008,2.485
2021-09-18 00:00,0,1.429
2021-09-18 01:00,0,0.177
2021-09-18 02:00,0,1.190
2021-09-18 03:00,0.004,2.152
2021-09-18 04:00,0.014,2.779
2021-09-18 05:00,0.028,3.277
2021-09-18 06:00,0.037,3.514
2021-09-18 07:00,0.048,3.762
2021-09-18 08:00,0.068,4.137
2021-09-18 09:00,0.107,4.746
2021-09-18 10:00,0.175,5.525
2021-09-18 11:00,0.209,5.858
2021-09-18 12:00,0.194,5.704
2021-09-18 13:00,0.194,5.714
2021-09-18 14:00,0.211,5.874
2021-09-18 15:00,0.197,5.743
2021-09-18 16:00,0.154,5.293
2021-09-18 17:00,0.121,4.922
2021-09-18 18:00,0.103,4.687
2021-09-18 19:00,0.087,4.457
2021-09-18 20:00,0.091,4.518
2021-09-18 21:00,0.037,3.526
2021-09-18 22:00,0.019,2.964
2021-09-18 23:00,0.023,3.111
2021-09-19 00:00,0.026,3.209
2021-09-19 01:00,0.033,3.413
2021-09-19 02:00,0.119,4.896
2021-09-19 03:00,0.161,5.377
2021-09-19 04:00,0.105,4.717
2021-09-19 05:00,0.098,4.616
2021-09-19 06:00,0.098,4.610
2021-09-19 07:00,0.100,4.628
2021-09-19 08:00,0.109,4.765
2021-09-19 09:00,0.118,4.889
2021-09-19 10:00,0.106,4.726
2021-09-19 11:00,0.114,4.835
2021-09-19 12:00,0.120,4.915
2021-09-19 13:00,0.102,4.671
2021-09-19 14:00,0.071,4.194
2021-09-19 15:00,0.050,3.805
2021-09-19 16:00,0.038,3.541
2021-09-19 17:00,0.023,3.129
2021-09-19 18:00,0.014,2.767
2021-09-19 19:00,0.008,2.472
2021-09-19 20:00,0.004,2.090
2021-09-19 21:00,0.001,1.721
2021-09-19 22:00,0.003,1.987
2021-09-19 23:00,0.010,2.561
2021-09-20 00:00,0.042,3.629
2021-09-20 01:00,0.125,4.975
2021-09-20 02:00,0.215,5.915
2021-09-20 03:00,0.281,6.457
2021-09-20 04:00,0.348,6.962
2021-09-20 05:00,0.414,7.432
2021-09-20 06:00,0.524,8.190
2021-09-20 07:00,0.609,8.781
2021-09-20 08:00,0.632,8.962
2021-09-20 09:00,0.573,8.524
2021-09-20 10:00,0.533,8.241
2021-09-20 11:00,0.520,8.151
2021-09-20 12:00,0.390,7.258
2021-09-20 13:00,0.260,6.294
2021-09-20 14:00,0.177,5.539
2021-09-20 15:00,0.106,4.730
2021-09-20 16:00,0.086,4.434
2021-09-20 17:00,0.134,5.076
2021-09-20 18:00,0.250,6.208
2021-09-20 19:00,0.377,7.176
2021-09-20 20:00,0.466,7.789
2021-09-20 21:00,0.555,8.398
2021-09-20 22:00,0.641,9.023
2021-09-20 23:00,0.468,7.805
2021-09-21 00:00,0.346,6.954
2021-09-21 01:00,0.700,9.496
2021-09-21 02:00,0.743,9.880
2021-09-21 03:00,0.754,9.983
2021-09-21 04:00,0.743,9.878
2021-09-21 05:00,0.732,9.782
2021-09-21 06:00,0.726,9.724
2021-09-21 07:00,0.713,9.608
2021-09-21 08:00,0.676,9.306
2021-09-21 09:00,0.545,8.324
2021-09-21 10:00,0.389,7.257
2021-09-21 11:00,0.226,6.003
2021-09-21 12:00,0.096,4.583
2021-09-21 13:00,0.028,3.276
2021-09-21 14:00,0.004,2.135
2021-09-21 15:00,0,1.310
2021-09-21 16:00,0,0.797
2021-09-21 17:00,0,0.723
2021-09-21 18:00,0,1.239
2021-09-21 19:00,0.002,1.835
2021-09-21 20:00,0.007,2.380
2021-09-21 21:00,0.015,2.832
2021-09-21 22:00,0.023,3.119
2021-09-21 23:00,0.028,3.287
2021-09-22 00:00,0.014,2.778
2021-09-22 01:00,0.035,3.464
2021-09-22 02:00,0.085,4.416
2021-09-22 03:00,0.133,5.061
2021-09-22 04:00,0.218,5.940
2021-09-22 05:00,0.329,6.826
2021-09-22 06:00,0.417,7.458
2021-09-22 07:00,0.474,7.844
2021-09-22 08:00,0.448,7.659
2021-09-22 09:00,0.314,6.720
2021-09-22 10:00,0.302,6.630
2021-09-22 11:00,0.345,6.941
2021-09-22 12:00,0.335,6.877
2021-09-22 13:00,0.297,6.584
2021-09-22 14:00,0.287,6.516
2021-09-22 15:00,0.335,6.872
2021-09-22 16:00,0.409,7.390
2021-09-22 17:00,0.486,7.929
2021-09-22 18:00,0.533,8.245
2021-09-22 19:00,0.520,8.160
2021-09-22 20:00,0.466,7.795
2021-09-22 21:00,0.406,7.371
2021-09-22 22:00,0.374,7.149
2021-09-22 23:00,0.308,6.668
2021-09-23 00:00,0.115,4.842
2021-09-23 01:00,0.094,4.555
2021-09-23 02:00,0.043,3.650
2021-09-23 03:00,0.051,3.819
2021-09-23 04:00,0.093,4.550
2021-09-23 05:00,0.156,5.319
2021-09-23 06:00,0.240,6.134
2021-09-23 07:00,0.370,7.128
2021-09-23 08:00,0.629,8.939
2021-09-23 09:00,0.742,9.869
2021-09-23 10:00,0.714,9.623
2021-09-23 11:00,0.643,9.038
2021-09-23 12:00,0.612,8.801
2021-09-23 13:00,0.517,8.140
2021-09-23 14:00,0.360,7.055
2021-09-23 15:00,0.287,6.512
2021-09-23 16:00,0.320,6.758
2021-09-23 17:00,0.314,6.713
2021-09-23 18:00,0.235,6.084
2021-09-23 19:00,0.182,5.600
2021-09-23 20:00,0.179,5.562
2021-09-23 21:00,0.158,5.350
2021-09-23 22:00,0.133,5.055
2021-09-23 23:00,0.092,4.524
2021-09-24 00:00,0.079,4.325
2021-09-24 01:00,0.074,4.247
2021-09-24 02:00,0.066,4.116
2021-09-24 03:00,0.064,4.085
2021-09-24 04:00,0.067,4.121
2021-09-24 05:00,0.086,4.438
2021-09-24 06:00,0.109,4.772
2021-09-24 07:00,0.137,5.113
2021-09-24 08:00,0.170,5.475
2021-09-24 09:00,0.120,4.903
2021-09-24 10:00,0.114,4.835
2021-09-24 11:00,0.159,5.361
2021-09-24 12:00,0.239,6.124
2021-09-24 13:00,0.311,6.693
2021-09-24 14:00,0.339,6.902
2021-09-24 15:00,0.317,6.734
2021-09-24 16:00,0.290,6.539
2021-09-24 17:00,0.309,6.671
2021-09-24 18:00,0.324,6.798
2021-09-24 19:00,0.330,6.831
2021-09-24 20:00,0.330,6.839
2021-09-24 21:00,0.315,6.725
2021-09-24 22:00,0.281,6.468
2021-09-24 23:00,0.137,5.117
2021-09-25 00:00,0.194,5.715
2021-09-25 01:00,0.273,6.401
2021-09-25 02:00,0.265,6.335
2021-09-25 03:00,0.249,6.201
2021-09-25 04:00,0.214,5.902
2021-09-25 05:00,0.188,5.656
2021-09-25 06:00,0.161,5.380
2021-09-25 07:00,0.181,5.582
2021-09-25 08:00,0.223,5.970
2021-09-25 09:00,0.289,6.527
2021-09-25 10:00,0.485,7.915
2021-09-25 11:00,0.604,8.741
2021-09-25 12:00,0.629,8.940
2021-09-25 13:00,0.645,9.050
2021-09-25 14:00,0.608,8.775
2021-09-25 15:00,0.551,8.373
2021-09-25 16:00,0.431,7.550
2021-09-25 17:00,0.288,6.519
2021-09-25 18:00,0.216,5.922
2021-09-25 19:00,0.179,5.563
2021-09-25 20:00,0.142,5.177
2021-09-25 21:00,0.126,4.982
2021-09-25 22:00,0.091,4.520
2021-09-25 23:00,0.118,4.877
2021-09-26 00:00,0.223,5.972
2021-09-26 01:00,0.315,6.725
2021-09-26 02:00,0.261,6.310
2021-09-26 03:00,0.230,6.042
2021-09-26 04:00,0.215,5.908
2021-09-26 05:00,0.217,5.933
2021-09-26 06:00,0.233,6.071
2021-09-26 07:00,0.230,6.041
2021-09-26 08:00,0.182,5.599
2021-09-26 09:00,0.186,5.634
2021-09-26 10:00,0.213,5.895
2021-09-26 11:00,0.135,5.094
2021-09-26 12:00,0.094,4.556
2021-09-26 13:00,0.092,4.524
2021-09-26 14:00,0.104,4.704
2021-09-26 15:00,0.100,4.631
2021-09-26 16:00,0.085,4.421
2021-09-26 17:00,0.075,4.271
2021-09-26 18:00,0.074,4.241
2021-09-26 19:00,0.075,4.258
2021-09-26 20:00,0.081,4.355
2021-09-26 21:00,0.095,4.576
2021-09-26 22:00,0.111,4.780
2021-09-26 23:00,0.118,4.869
2021-09-27 00:00,0.062,4.042
2021-09-27 01:00,0.118,4.872
2021-09-27 02:00,0.267,6.348
2021-09-27 03:00,0.299,6.603
2021-09-27 04:00,0.289,6.526
2021-09-27 05:00,0.274,6.411
2021-09-27 06:00,0.281,6.464
2021-09-27 07:00,0.258,6.280
2021-09-27 08:00,0.241,6.140
2021-09-27 09:00,0.297,6.582
2021-09-27 10:00,0.318,6.744
2021-09-27 11:00,0.233,6.072
2021-09-27 12:00,0.171,5.484
2021-09-27 13:00,0.207,5.837
2021-09-27 14:00,0.304,6.647
2021-09-27 15:00,0.410,7.403
2021-09-27 16:00,0.479,7.872
2021-09-27 17:00,0.539,8.284
2021-09-27 18:00,0.624,8.894
2021-09-27 19:00,0.688,9.396
2021-09-27 20:00,0.692,9.420
2021-09-27 21:00,0.711,9.596
2021-09-27 22:00,0.751,9.952
2021-09-27 23:00,0.650,9.100
2021-09-28 00:00,0.674,9.285
2021-09-28 01:00,0.837,10.902
2021-09-28 02:00,0.792,10.372
2021-09-28 03:00,0.769,10.132
2021-09-28 04:00,0.789,10.342
2021-09-28 05:00,0.806,10.534
2021-09-28 06:00,0.815,10.634
2021-09-28 07:00,0.799,10.448
2021-09-28 08:00,0.734,9.795
2021-09-28 09:00,0.553,8.387
2021-09-28 10:00,0.447,7.655
2021-09-28 11:00,0.314,6.709
2021-09-28 12:00,0.350,6.982
2021-09-28 13:00,0.597,8.695
2021-09-28 14:00,0.684,9.372
2021-09-28 15:00,0.663,9.188
2021-09-28 16:00,0.616,8.839
2021-09-28 17:00,0.559,8.431
2021-09-28 18:00,0.513,8.111
2021-09-28 19:00,0.467,7.800
2021-09-28 20:00,0.410,7.409
2021-09-28 21:00,0.338,6.895
2021-09-28 22:00,0.227,6.016
2021-09-28 23:00,0.082,4.375
2021-09-29 00:00,0.005,2.198
2021-09-29 01:00,0,0.380
2021-09-29 02:00,0.052,3.851
2021-09-29 03:00,0.222,5.960
2021-09-29 04:00,0.486,7.919
2021-09-29 05:00,0.699,9.486
2021-09-29 06:00,0.809,10.563
2021-09-29 07:00,0.850,11.083
2021-09-29 08:00,0.833,10.862
2021-09-29 09:00,0.729,9.748
2021-09-29 10:00,0.664,9.206
2021-09-29 11:00,0.553,8.388
2021-09-29 12:00,0.528,8.215
2021-09-29 13:00,0.588,8.639
2021-09-29 14:00,0.584,8.606
2021-09-29 15:00,0.527,8.211
2021-09-29 16:00,0.482,7.895
2021-09-29 17:00,0.416,7.440
2021-09-29 18:00,0.352,6.993
2021-09-29 19:00,0.380,7.198
2021-09-29 20:00,0.423,7.494
2021-09-29 21:00,0.421,7.483
2021-09-29 22:00,0.447,7.650
2021-09-29 23:00,0.332,6.847
2021-09-30 00:00,0.194,5.720
2021-09-30 01:00,0.169,5.459
2021-09-30 02:00,0.095,4.566
2021-09-30 03:00,0.077,4.293
2021-09-30 04:00,0.113,4.811
2021-09-30 05:00,0.170,5.473
2021-09-30 06:00,0.241,6.136
2021-09-30 07:00,0.297,6.592
2021-09-30 08:00,0.313,6.708
2021-09-30 09:00,0.324,6.797
2021-09-30 10:00,0.560,8.435
2021-09-30 11:00,0.733,9.789
2021-09-30 12:00,0.721,9.670
2021-09-30 13:00,0.666,9.225
2021-09-30 14:00,0.628,8.926
2021-09-30 15:00,0.581,8.584
2021-09-30 16:00,0.530,8.228
2021-09-30 17:00,0.484,7.911
2021-09-30 18:00,0.387,7.241
2021-09-30 19:00,0.276,6.421
2021-09-30 20:00,0.177,5.536
2021-09-30 21:00,0.094,4.553
2021-09-30 22:00,0.039,3.555
2021-09-30 23:00,0.007,2.415
2021-10-01 00:00,0,1.201
2021-10-01 01:00,0,1.055
2021-10-01 02:00,0.067,4.127
2021-10-01 03:00,0.244,6.162
2021-10-01 04:00,0.508,8.073
2021-10-01 05:00,0.716,9.641
2021-10-01 06:00,0.851,11.102
2021-10-01 07:00,0.919,12.339
2021-10-01 08:00,0.929,12.602
2021-10-01 09:00,0.875,11.475
2021-10-01 10:00,0.879,11.529
2021-10-01 11:00,0.870,11.396
2021-10-01 12:00,0.846,11.039
2021-10-01 13:00,0.765,10.085
2021-10-01 14:00,0.594,8.677
2021-10-01 15:00,0.426,7.520
2021-10-01 16:00,0.324,6.797
2021-10-01 17:00,0.257,6.270
2021-10-01 18:00,0.254,6.248
2021-10-01 19:00,0.322,6.779
2021-10-01 20:00,0.406,7.374
2021-10-01 21:00,0.473,7.830
2021-10-01 22:00,0.538,8.277
2021-10-01 23:00,0.505,8.060
2021-10-02 00:00,0.261,6.306
2021-10-02 01:00,0.200,5.768
2021-10-02 02:00,0.678,9.321
2021-10-02 03:00,0.853,11.137
2021-10-02 04:00,0.909,12.116
2021-10-02 05:00,0.946,13.106
2021-10-02 06:00,0.953,13.354
2021-10-02 07:00,0.944,13.048
2021-10-02 08:00,0.884,11.635
2021-10-02 09:00,0.800,10.462
2021-10-02 10:00,0.734,9.798
2021-10-02 11:00,0.528,8.216
2021-10-02 12:00,0.479,7.881
2021-10-02 13:00,0.628,8.931
2021-10-02 14:00,0.574,8.540
2021-10-02 15:00,0.442,7.621
2021-10-02 16:00,0.442,7.621
2021-10-02 17:00,0.476,7.860
2021-10-02 18:00,0.504,8.044
2021-10-02 19:00,0.505,8.058
2021-10-02 20:00,0.507,8.069
2021-10-02 21:00,0.591,8.659
2021-10-02 22:00,0.606,8.769
2021-10-02 23:00,0.442,7.620
2021-10-03 00:00,0.387,7.246
2021-10-03 01:00,0.502,8.027
2021-10-03 02:00,0.539,8.280
2021-10-03 03:00,0.510,8.080
2021-10-03 04:00,0.465,7.777
2021-10-03 05:00,0.488,7.940
2021-10-03 06:00,0.539,8.286
2021-10-03 07:00,0.597,8.698
2021-10-03 08:00,0.594,8.675
2021-10-03 09:00,0.634,8.974
2021-10-03 10:00,0.725,9.707
2021-10-03 11:00,0.678,9.321
2021-10-03 12:00,0.605,8.754
2021-10-03 13:00,0.577,8.559
2021-10-03 14:00,0.565,8.474
2021-10-03 15:00,0.581,8.575
2021-10-03 16:00,0.554,8.394
2021-10-03 17:00,0.526,8.202
2021-10-03 18:00,0.516,8.126
2021-10-03 19:00,0.447,7.649
2021-10-03 20:00,0.403,7.357
2021-10-03 21:00,0.264,6.324
2021-10-03 22:00,0.238,6.107
2021-10-03 23:00,0.262,6.315
2021-10-04 00:00,0.431,7.556
2021-10-04 01:00,0.403,7.356
2021-10-04 02:00,0.313,6.706
2021-10-04 03:00,0.275,6.416
2021-10-04 04:00,0.264,6.324
2021-10-04 05:00,0.118,4.872
2021-10-04 06:00,0.038,3.543
2021-10-04 07:00,0.069,4.162
2021-10-04 08:00,0.125,4.973
2021-10-04 09:00,0.172,5.499
2021-10-04 10:00,0.186,5.638
2021-10-04 11:00,0.188,5.658
2021-10-04 12:00,0.160,5.376
2021-10-04 13:00,0.127,4.999
2021-10-04 14:00,0.122,4.938
2021-10-04 15:00,0.117,4.867
2021-10-04 16:00,0.125,4.968
2021-10-04 17:00,0.122,4.938
2021-10-04 18:00,0.122,4.934
2021-10-04 19:00,0.156,5.323
2021-10-04 20:00,0.219,5.943
2021-10-04 21:00,0.277,6.434
2021-10-04 22:00,0.317,6.735
2021-10-04 23:00,0.171,5.486
2021-10-05 00:00,0.116,4.860
2021-10-05 01:00,0.157,5.345
2021-10-05 02:00,0.119,4.900
2021-10-05 03:00,0.108,4.749
2021-10-05 04:00,0.153,5.285
2021-10-05 05:00,0.222,5.963
2021-10-05 06:00,0.287,6.510
2021-10-05 07:00,0.276,6.424
2021-10-05 08:00,0.291,6.546
2021-10-05 09:00,0.257,6.274
2021-10-05 10:00,0.194,5.718
2021-10-05 11:00,0.157,5.340
2021-10-05 12:00,0.129,5.020
2021-10-05 13:00,0.142,5.170
2021-10-05 14:00,0.163,5.398
2021-10-05 15:00,0.169,5.458
2021-10-05 16:00,0.154,5.299
2021-10-05 17:00,0.153,5.285
2021-10-05 18:00,0.129,5.022
2021-10-05 19:00,0.107,4.736
2021-10-05 20:00,0.086,4.432
2021-10-05 21:00,0.077,4.295
2021-10-05 22:00,0.082,4.376
2021-10-05 23:00,0.077,4.285
2021-10-06 00:00,0.085,4.430
2021-10-06 01:00,0.107,4.739
2021-10-06 02:00,0.075,4.266
2021-10-06 03:00,0.056,3.920
2021-10-06 04:00,0.038,3.527
2021-10-06 05:00,0.027,3.256
2021-10-06 06:00,0.041,3.604
2021-10-06 07:00,0.053,3.865
2021-10-06 08:00,0.064,4.070
2021-10-06 09:00,0.038,3.538
2021-10-06 10:00,0.026,3.213
2021-10-06 11:00,0.040,3.587
2021-10-06 12:00,0.079,4.324
2021-10-06 13:00,0.087,4.448
2021-10-06 14:00,0.082,4.374
2021-10-06 15:00,0.102,4.659
2021-10-06 16:00,0.132,5.047
2021-10-06 17:00,0.158,5.349
2021-10-06 18:00,0.176,5.531
2021-10-06 19:00,0.172,5.500
2021-10-06 20:00,0.157,5.343
2021-10-06 21:00,0.141,5.156
2021-10-06 22:00,0.108,4.749
2021-10-06 23:00,0.054,3.882
2021-10-07 00:00,0.010,2.575
2021-10-07 01:00,0.002,1.879
2021-10-07 02:00,0,1.205
2021-10-07 03:00,0,0.495
2021-10-07 04:00,0,0.484
2021-10-07 05:00,0,1.276
2021-10-07 06:00,0.003,1.986
2021-10-07 07:00,0.010,2.584
2021-10-07 08:00,0.023,3.111
2021-10-07 09:00,0.051,3.817
2021-10-07 10:00,0.103,4.690
2021-10-07 11:00,0.163,5.399
2021-10-07 12:00,0.206,5.828
2021-10-07 13:00,0.232,6.059
2021-10-07 14:00,0.257,6.268
2021-10-07 15:00,0.297,6.591
2021-10-07 16:00,0.345,6.942
2021-10-07 17:00,0.348,6.970
2021-10-07 18:00,0.309,6.672
2021-10-07 19:00,0.224,5.995
2021-10-07 20:00,0.127,4.996
2021-10-07 21:00,0.064,4.085
2021-10-07 22:00,0.069,4.148
2021-10-07 23:00,0.037,3.493
2021-10-08 00:00,0.013,2.727
2021-10-08 01:00,0.051,3.825
2021-10-08 02:00,0.121,4.925
2021-10-08 03:00,0.195,5.720
2021-10-08 04:00,0.242,6.145
2021-10-08 05:00,0.272,6.395
2021-10-08 06:00,0.318,6.744
2021-10-08 07:00,0.361,7.064
2021-10-08 08:00,0.364,7.079
2021-10-08 09:00,0.267,6.346
2021-10-08 10:00,0.291,6.545
2021-10-08 11:00,0.453,7.703
2021-10-08 12:00,0.616,8.837
2021-10-08 13:00,0.705,9.539
2021-10-08 14:00,0.783,10.281
2021-10-08 15:00,0.679,9.331
2021-10-08 16:00,0.462,7.756
2021-10-08 17:00,0.433,7.563
2021-10-08 18:00,0.442,7.629
2021-10-08 19:00,0.429,7.537
2021-10-08 20:00,0.418,7.467
2021-10-08 21:00,0.465,7.777
2021-10-08 22:00,0.409,7.391
2021-10-08 23:00,0.213,5.896
2021-10-09 00:00,0.105,4.712
2021-10-09 01:00,0.143,5.181
2021-10-09 02:00,0.209,5.854
2021-10-09 03:00,0.301,6.616
2021-10-09 04:00,0.479,7.873
2021-10-09 05:00,0.716,9.636
2021-10-09 06:00,0.853,11.125
2021-10-09 07:00,0.903,11.986
2021-10-09 08:00,0.922,12.414
2021-10-09 09:00,0.916,12.274
2021-10-09 10:00,0.861,11.248
2021-10-09 11:00,0.755,9.996
2021-10-09 12:00,0.745,9.896
2021-10-09 13:00,0.727,9.733
2021-10-09 14:00,0.729,9.755
2021-10-09 15:00,0.683,9.361
2021-10-09 16:00,0.633,8.967
2021-10-09 17:00,0.645,9.055
2021-10-09 18:00,0.662,9.185
2021-10-09 19:00,0.666,9.226
2021-10-09 20:00,0.658,9.158
2021-10-09 21:00,0.651,9.102
2021-10-09 22:00,0.612,8.809
2021-10-09 23:00,0.418,7.461
2021-10-10 00:00,0.689,9.410
2021-10-10 01:00,0.806,10.535
2021-10-10 02:00,0.820,10.695
2021-10-10 03:00,0.824,10.742
2021-10-10 04:00,0.830,10.820
2021-10-10 05:00,0.834,10.872
2021-10-10 06:00,0.823,10.731
2021-10-10 07:00,0.802,10.482
2021-10-10 08:00,0.767,10.115
2021-10-10 09:00,0.652,9.110
2021-10-10 10:00,0.594,8.669
2021-10-10 11:00,0.475,7.845
2021-10-10 12:00,0.291,6.541
2021-10-10 13:00,0.136,5.104
2021-10-10 14:00,0.047,3.735
2021-10-10 15:00,0.017,2.918
2021-10-10 16:00,0.013,2.731
2021-10-10 17:00,0.016,2.858
2021-10-10 18:00,0.021,3.037
2021-10-10 19:00,0.023,3.128
2021-10-10 20:00,0.022,3.085
2021-10-10 21:00,0.017,2.896
2021-10-10 22:00,0.012,2.674
2021-10-10 23:00,0.009,2.514
2021-10-11 00:00,0.003,1.993
2021-10-11 01:00,0.001,1.764
2021-10-11 02:00,0.002,1.846
2021-10-11 03:00,0.008,2.438
2021-10-11 04:00,0.018,2.954
2021-10-11 05:00,0.025,3.181
2021-10-11 06:00,0.022,3.073
2021-10-11 07:00,0.013,2.731
2021-10-11 08:00,0.007,2.403
2021-10-11 09:00,0.017,2.892
2021-10-11 10:00,0.050,3.816
2021-10-11 11:00,0.107,4.742
2021-10-11 12:00,0.186,5.641
2021-10-11 13:00,0.279,6.450
2021-10-11 14:00,0.334,6.865
2021-10-11 15:00,0.325,6.802
2021-10-11 16:00,0.253,6.233
2021-10-11 17:00,0.185,5.628
2021-10-11 18:00,0.136,5.102
2021-10-11 19:00,0.097,4.598
2021-10-11 20:00,0.062,4.040
2021-10-11 21:00,0.034,3.440
2021-10-11 22:00,0.019,2.985
2021-10-11 23:00,0.020,3.001
2021-10-12 00:00,0.020,3.011
2021-10-12 01:00,0.135,5.089
2021-10-12 02:00,0.286,6.507
2021-10-12 03:00,0.347,6.956
2021-10-12 04:00,0.402,7.347
2021-10-12 05:00,0.450,7.679
2021-10-12 06:00,0.497,7.995
2021-10-12 07:00,0.539,8.286
2021-10-12 08:00,0.549,8.349
2021-10-12 09:00,0.558,8.416
2021-10-12 10:00,0.669,9.243
2021-10-12 11:00,0.696,9.465
2021-10-12 12:00,0.680,9.337
2021-10-12 13:00,0.659,9.164
2021-10-12 14:00,0.675,9.298
2021-10-12 15:00,0.641,9.024
2021-10-12 16:00,0.628,8.919
2021-10-12 17:00,0.585,8.612
2021-10-12 18:00,0.604,8.745
2021-10-12 19:00,0.638,9.003
2021-10-12 20:00,0.615,8.828
2021-10-12 21:00,0.492,7.970
2021-10-12 22:00,0.437,7.592
2021-10-12 23:00,0.393,7.289
2021-10-13 00:00,0.318,6.742
2021-10-13 01:00,0.337,6.887
2021-10-13 02:00,0.327,6.815
2021-10-13 03:00,0.318,6.744
2021-10-13 04:00,0.386,7.234
2021-10-13 05:00,0.462,7.757
2021-10-13 06:00,0.390,7.261
2021-10-13 07:00,0.309,6.679
2021-10-13 08:00,0.225,6.001
2021-10-13 09:00,0.194,5.715
2021-10-13 10:00,0.241,6.143
2021-10-13 11:00,0.263,6.319
2021-10-13 12:00,0.392,7.275
2021-10-13 13:00,0.333,6.855
2021-10-13 14:00,0.216,5.923
2021-10-13 15:00,0.189,5.666
2021-10-13 16:00,0.180,5.565
2021-10-13 17:00,0.191,5.685
2021-10-13 18:00,0.214,5.901
2021-10-13 19:00,0.226,6.007
2021-10-13 20:00,0.154,5.294
2021-10-13 21:00,0.165,5.430
2021-10-13 22:00,0.285,6.487
2021-10-13 23:00,0.289,6.527
2021-10-14 00:00,0.189,5.663
2021-10-14 01:00,0.200,5.768
2021-10-14 02:00,0.255,6.251
2021-10-14 03:00,0.306,6.662
2021-10-14 04:00,0.392,7.277
2021-10-14 05:00,0.500,8.020
2021-10-14 06:00,0.600,8.715
2021-10-14 07:00,0.620,8.873
2021-10-14 08:00,0.529,8.222
2021-10-14 09:00,0.556,8.411
2021-10-14 10:00,0.700,9.497
2021-10-14 11:00,0.755,9.996
2021-10-14 12:00,0.767,10.110
2021-10-14 13:00,0.773,10.170
2021-10-14 14:00,0.777,10.208
2021-10-14 15:00,0.757,10.020
2021-10-14 16:00,0.712,9.605
2021-10-14 17:00,0.675,9.291
2021-10-14 18:00,0.714,9.617
2021-10-14 19:00,0.740,9.858
2021-10-14 20:00,0.694,9.440
2021-10-14 21:00,0.609,8.781
2021-10-14 22:00,0.491,7.963
2021-10-14 23:00,0.426,7.514
2021-10-15 00:00,0.658,9.161
2021-10-15 01:00,0.831,10.828
2021-10-15 02:00,0.867,11.333
2021-10-15 03:00,0.864,11.294
2021-10-15 04:00,0.851,11.107
2021-10-15 05:00,0.837,10.921
2021-10-15 06:00,0.828,10.792
2021-10-15 07:00,0.815,10.638
2021-10-15 08:00,0.814,10.631
2021-10-15 09:00,0.778,10.229
2021-10-15 10:00,0.651,9.105
2021-10-15 11:00,0.594,8.669
2021-10-15 12:00,0.570,8.506
2021-10-15 13:00,0.566,8.479
2021-10-15 14:00,0.569,8.495
2021-10-15 15:00,0.549,8.364
2021-10-15 16:00,0.516,8.126
2021-10-15 17:00,0.464,7.775
2021-10-15 18:00,0.410,7.396
2021-10-15 19:00,0.373,7.142
2021-10-15 20:00,0.334,6.866
2021-10-15 21:00,0.325,6.803
2021-10-15 22:00,0.394,7.297
2021-10-15 23:00,0.604,8.741
2021-10-16 00:00,0.792,10.373
2021-10-16 01:00,0.759,10.037
2021-10-16 02:00,0.672,9.261
2021-10-16 03:00,0.582,8.596
2021-10-16 04:00,0.529,8.220
2021-10-16 05:00,0.497,7.993
2021-10-16 06:00,0.475,7.846
2021-10-16 07:00,0.468,7.805
2021-10-16 08:00,0.456,7.726
2021-10-16 09:00,0.430,7.545
2021-10-16 10:00,0.426,7.520
2021-10-16 11:00,0.341,6.916
2021-10-16 12:00,0.234,6.076
2021-10-16 13:00,0.155,5.309
2021-10-16 14:00,0.113,4.804
2021-10-16 15:00,0.115,4.846
2021-10-16 16:00,0.147,5.225
2021-10-16 17:00,0.194,5.712
2021-10-16 18:00,0.248,6.194
2021-10-16 19:00,0.302,6.619
2021-10-16 20:00,0.348,6.961
2021-10-16 21:00,0.360,7.055
2021-10-16 22:00,0.358,7.046
2021-10-16 23:00,0.300,6.614
2021-10-17 00:00,0.155,5.306
2021-10-17 01:00,0.258,6.283
2021-10-17 02:00,0.279,6.449
2021-10-17 03:00,0.357,7.033
2021-10-17 04:00,0.429,7.538
2021-10-17 05:00,0.479,7.873
2021-10-17 06:00,0.523,8.183
2021-10-17 07:00,0.561,8.438
2021-10-17 08:00,0.533,8.242
2021-10-17 09:00,0.545,8.325
2021-10-17 10:00,0.549,8.355
2021-10-17 11:00,0.504,8.044
2021-10-17 12:00,0.475,7.848
2021-10-17 13:00,0.491,7.964
2021-10-17 14:00,0.552,8.385
2021-10-17 15:00,0.605,8.755
2021-10-17 16:00,0.619,8.864
2021-10-17 17:00,0.602,8.734
2021-10-17 18:00,0.563,8.462
2021-10-17 19:00,0.539,8.284
2021-10-17 20:00,0.540,8.295
2021-10-17 21:00,0.539,8.285
2021-10-17 22:00,0.553,8.387
2021-10-17 23:00,0.546,8.337
2021-10-18 00:00,0.305,6.653
2021-10-18 01:00,0.483,7.898
2021-10-18 02:00,0.597,8.691
2021-10-18 03:00,0.672,9.267
2021-10-18 04:00,0.715,9.630
2021-10-18 05:00,0.724,9.705
2021-10-18 06:00,0.727,9.735
2021-10-18 07:00,0.739,9.844
2021-10-18 08:00,0.747,9.913
2021-10-18 09:00,0.721,9.681
2021-10-18 10:00,0.712,9.605
2021-10-18 11:00,0.661,9.175
2021-10-18 12:00,0.613,8.816
2021-10-18 13:00,0.573,8.527
2021-10-18 14:00,0.516,8.122
2021-10-18 15:00,0.447,7.653
2021-10-18 16:00,0.374,7.148
2021-10-18 17:00,0.300,6.611
2021-10-18 18:00,0.232,6.052
2021-10-18 19:00,0.178,5.554
2021-10-18 20:00,0.135,5.091
2021-10-18 21:00,0.072,4.215
2021-10-18 22:00,0.050,3.798
2021-10-18 23:00,0.029,3.299
2021-10-19 00:00,0.027,3.246
2021-10-19 01:00,0.019,2.982
2021-10-19 02:00,0.016,2.864
2021-10-19 03:00,0.006,2.331
2021-10-19 04:00,0,1.390
2021-10-19 05:00,0,1.042
2021-10-19 06:00,0,1.448
2021-10-19 07:00,0.003,2.063
2021-10-19 08:00,0.011,2.627
2021-10-19 09:00,0.021,3.053
2021-10-19 10:00,0.023,3.125
2021-10-19 11:00,0.025,3.180
2021-10-19 12:00,0.027,3.259
2021-10-19 13:00,0.050,3.808
2021-10-19 14:00,0.091,4.508
2021-10-19 15:00,0.101,4.648
2021-10-19 16:00,0.084,4.394
2021-10-19 17:00,0.062,4.042
2021-10-19 18:00,0.053,3.858
2021-10-19 19:00,0.051,3.820
2021-10-19 20:00,0.049,3.781
2021-10-19 21:00,0.050,3.814
2021-10-19 22:00,0.064,4.073
2021-10-19 23:00,0.093,4.546
2021-10-20 00:00,0.064,4.071
2021-10-20 01:00,0.065,4.088
2021-10-20 02:00,0.060,4.002
2021-10-20 03:00,0.074,4.243
2021-10-20 04:00,0.118,4.872
2021-10-20 05:00,0.201,5.778
2021-10-20 06:00,0.342,6.919
2021-10-20 07:00,0.516,8.121
2021-10-20 08:00,0.649,9.090
2021-10-20 09:00,0.707,9.563
2021-10-20 10:00,0.806,10.532
2021-10-20 11:00,0.786,10.306
2021-10-20 12:00,0.738,9.829
2021-10-20 13:00,0.691,9.419
2021-10-20 14:00,0.636,8.986
2021-10-20 15:00,0.594,8.675
2021-10-20 16:00,0.588,8.637
2021-10-20 17:00,0.604,8.742
2021-10-20 18:00,0.616,8.841
2021-10-20 19:00,0.617,8.846
2021-10-20 20:00,0.606,8.761
2021-10-20 21:00,0.611,8.798
2021-10-20 22:00,0.637,8.995
2021-10-20 23:00,0.620,8.871
2021-10-21 00:00,0.372,7.136
2021-10-21 01:00,0.677,9.308
2021-10-21 02:00,0.715,9.628
2021-10-21 03:00,0.739,9.831
2021-10-21 04:00,0.756,10.006
2021-10-21 05:00,0.769,10.133
2021-10-21 06:00,0.789,10.330
2021-10-21 07:00,0.799,10.455
2021-10-21 08:00,0.786,10.306
2021-10-21 09:00,0.689,9.398
2021-10-21 10:00,0.666,9.224
2021-10-21 11:00,0.629,8.936
2021-10-21 12:00,0.577,8.560
2021-10-21 13:00,0.513,8.113
2021-10-21 14:00,0.450,7.669
2021-10-21 15:00,0.383,7.220
2021-10-21 16:00,0.311,6.687
2021-10-21 17:00,0.227,6.013
2021-10-21 18:00,0.150,5.261
2021-10-21 19:00,0.093,4.532
2021-10-21 20:00,0.054,3.885
2021-10-21 21:00,0.032,3.393
2021-10-21 22:00,0.020,3.025
2021-10-21 23:00,0.013,2.743
2021-10-22 00:00,0.003,2.050
2021-10-22 01:00,0.004,2.132
2021-10-22 02:00,0.007,2.415
2021-10-22 03:00,0.011,2.616
2021-10-22 04:00,0.012,2.697
2021-10-22 05:00,0.011,2.651
2021-10-22 06:00,0.008,2.488
2021-10-22 07:00,0.006,2.329
2021-10-22 08:00,0.005,2.269
2021-10-22 09:00,0.006,2.348
2021-10-22 10:00,0.010,2.560
2021-10-22 11:00,0.016,2.882
2021-10-22 12:00,0.028,3.284
2021-10-22 13:00,0.043,3.664
2021-10-22 14:00,0.060,4.001
2021-10-22 15:00,0.069,4.171
2021-10-22 16:00,0.076,4.276
2021-10-22 17:00,0.080,4.344
2021-10-22 18:00,0.084,4.401
2021-10-22 19:00,0.090,4.496
2021-10-22 20:00,0.098,4.610
2021-10-22 21:00,0.104,4.700
2021-10-22 22:00,0.106,4.726
2021-10-22 23:00,0.104,4.703
2021-10-23 00:00,0.059,3.993
2021-10-23 01:00,0.061,4.015
2021-10-23 02:00,0.139,5.141
2021-10-23 03:00,0.170,5.476
2021-10-23 04:00,0.205,5.818
2021-10-23 05:00,0.210,5.863
2021-10-23 06:00,0.180,5.569
2021-10-23 07:00,0.135,5.092
2021-10-23 08:00,0.090,4.498
2021-10-23 09:00,0.057,3.942
2021-10-23 10:00,0.043,3.647
2021-10-23 11:00,0.041,3.609
2021-10-23 12:00,0.048,3.755
2021-10-23 13:00,0.059,3.981
2021-10-23 14:00,0.077,4.293
2021-10-23 15:00,0.095,4.568
2021-10-23 16:00,0.122,4.940
2021-10-23 17:00,0.170,5.480
2021-10-23 18:00,0.232,6.059
2021-10-23 19:00,0.296,6.579
2021-10-23 20:00,0.350,6.983
2021-10-23 21:00,0.400,7.332
2021-10-23 22:00,0.444,7.636
2021-10-23 23:00,0.440,7.611
2021-10-24 00:00,0.242,6.148
2021-10-24 01:00,0.165,5.421
2021-10-24 02:00,0.183,5.610
2021-10-24 03:00,0.178,5.547
2021-10-24 04:00,0.189,5.665
2021-10-24 05:00,0.220,5.949
2021-10-24 06:00,0.263,6.320
2021-10-24 07:00,0.306,6.657
2021-10-24 08:00,0.286,6.507
2021-10-24 09:00,0.254,6.249
2021-10-24 10:00,0.186,5.635
2021-10-24 11:00,0.091,4.508
2021-10-24 12:00,0.037,3.518
2021-10-24 13:00,0.054,3.876
2021-10-24 14:00,0.142,5.175
2021-10-24 15:00,0.287,6.510
2021-10-24 16:00,0.424,7.501
2021-10-24 17:00,0.479,7.876
2021-10-24 18:00,0.498,8.006
2021-10-24 19:00,0.520,8.161
2021-10-24 20:00,0.546,8.331
2021-10-24 21:00,0.572,8.520
2021-10-24 22:00,0.606,8.759
2021-10-24 23:00,0.625,8.903
2021-10-25 00:00,0.474,7.842
2021-10-25 01:00,0.257,6.267
2021-10-25 02:00,0.472,7.828
2021-10-25 03:00,0.594,8.680
2021-10-25 04:00,0.642,9.030
2021-10-25 05:00,0.666,9.224
2021-10-25 06:00,0.672,9.260
2021-10-25 07:00,0.621,8.876
2021-10-25 08:00,0.492,7.972
2021-10-25 09:00,0.493,7.979
2021-10-25 10:00,0.502,8.032
2021-10-25 11:00,0.524,8.187
2021-10-25 12:00,0.574,8.540
2021-10-25 13:00,0.642,9.028
2021-10-25 14:00,0.719,9.661
2021-10-25 15:00,0.779,10.239
2021-10-25 16:00,0.800,10.461
2021-10-25 17:00,0.799,10.457
2021-10-25 18:00,0.797,10.430
2021-10-25 19:00,0.793,10.389
2021-10-25 20:00,0.800,10.468
2021-10-25 21:00,0.811,10.582
2021-10-25 22:00,0.814,10.620
2021-10-25 23:00,0.780,10.249
2021-10-26 00:00,0.526,8.205
2021-10-26 01:00,0.689,9.407
2021-10-26 02:00,0.650,9.100
2021-10-26 03:00,0.577,8.558
2021-10-26 04:00,0.516,8.135
2021-10-26 05:00,0.476,7.858
2021-10-26 06:00,0.447,7.649
2021-10-26 07:00,0.410,7.405
2021-10-26 08:00,0.359,7.048
2021-10-26 09:00,0.377,7.168
2021-10-26 10:00,0.423,7.495
2021-10-26 11:00,0.406,7.372
2021-10-26 12:00,0.339,6.908
2021-10-26 13:00,0.247,6.187
2021-10-26 14:00,0.162,5.395
2021-10-26 15:00,0.097,4.602
2021-10-26 16:00,0.051,3.837
2021-10-26 17:00,0.028,3.268
2021-10-26 18:00,0.020,3.003
2021-10-26 19:00,0.020,3.028
2021-10-26 20:00,0.023,3.129
2021-10-26 21:00,0.033,3.415
2021-10-26 22:00,0.059,3.967
2021-10-26 23:00,0.108,4.753
2021-10-27 00:00,0.118,4.884
2021-10-27 01:00,0.125,4.965
2021-10-27 02:00,0.197,5.743
2021-10-27 03:00,0.141,5.165
2021-10-27 04:00,0.087,4.457
2021-10-27 05:00,0.055,3.906
2021-10-27 06:00,0.037,3.512
2021-10-27 07:00,0.027,3.258
2021-10-27 08:00,0.024,3.163
2021-10-27 09:00,0.030,3.337
2021-10-27 10:00,0.033,3.418
2021-10-27 11:00,0.042,3.633
2021-10-27 12:00,0.055,3.911
2021-10-27 13:00,0.065,4.100
2021-10-27 14:00,0.062,4.046
2021-10-27 15:00,0.055,3.899
2021-10-27 16:00,0.048,3.762
2021-10-27 17:00,0.042,3.624
2021-10-27 18:00,0.043,3.651
2021-10-27 19:00,0.053,3.862
2021-10-27 20:00,0.061,4.023
2021-10-27 21:00,0.074,4.252
2021-10-27 22:00,0.093,4.538
2021-10-27 23:00,0.093,4.541
2021-10-28 00:00,0.066,4.115
2021-10-28 01:00,0.024,3.156
2021-10-28 02:00,0.013,2.725
2021-10-28 03:00,0.013,2.714
2021-10-28 04:00,0.022,3.100
2021-10-28 05:00,0.039,3.566
2021-10-28 06:00,0.054,3.876
2021-10-28 07:00,0.063,4.051
2021-10-28 08:00,0.069,4.159
2021-10-28 09:00,0.115,4.850
2021-10-28 10:00,0.199,5.764
2021-10-28 11:00,0.286,6.508
2021-10-28 12:00,0.356,7.029
2021-10-28 13:00,0.415,7.435
2021-10-28 14:00,0.476,7.856
2021-10-28 15:00,0.506,8.068
2021-10-28 16:00,0.510,8.085
2021-10-28 17:00,0.505,8.050
2021-10-28 18:00,0.493,7.978
2021-10-28 19:00,0.479,7.869
2021-10-28 20:00,0.429,7.531
2021-10-28 21:00,0.340,6.911
2021-10-28 22:00,0.279,6.449
2021-10-28 23:00,0.221,5.955
2021-10-29 00:00,0.133,5.062
2021-10-29 01:00,0.125,4.976
2021-10-29 02:00,0.248,6.199
2021-10-29 03:00,0.319,6.752
2021-10-29 04:00,0.343,6.932
2021-10-29 05:00,0.380,7.189
2021-10-29 06:00,0.414,7.434
2021-10-29 07:00,0.424,7.502
2021-10-29 08:00,0.358,7.045
2021-10-29 09:00,0.310,6.686
2021-10-29 10:00,0.251,6.213
2021-10-29 11:00,0.222,5.962
2021-10-29 12:00,0.254,6.242
2021-10-29 13:00,0.355,7.017
2021-10-29 14:00,0.491,7.962
2021-10-29 15:00,0.600,8.726
2021-10-29 16:00,0.643,9.031
2021-10-29 17:00,0.612,8.815
2021-10-29 18:00,0.559,8.422
2021-10-29 19:00,0.523,8.171
2021-10-29 20:00,0.506,8.062
2021-10-29 21:00,0.499,8.008
2021-10-29 22:00,0.497,7.998
2021-10-29 23:00,0.486,7.930
2021-10-30 00:00,0.268,6.355
2021-10-30 01:00,0.460,7.746
2021-10-30 02:00,0.527,8.210
2021-10-30 03:00,0.578,8.563
2021-10-30 04:00,0.661,9.174
2021-10-30 05:00,0.731,9.774
2021-10-30 06:00,0.763,10.074
2021-10-30 07:00,0.759,10.040
2021-10-30 08:00,0.727,9.733
2021-10-30 09:00,0.642,9.027
2021-10-30 10:00,0.616,8.835
2021-10-30 11:00,0.618,8.853
2021-10-30 12:00,0.612,8.811
2021-10-30 13:00,0.608,8.776
2021-10-30 14:00,0.595,8.684
2021-10-30 15:00,0.546,8.330
2021-10-30 16:00,0.475,7.847
2021-10-30 17:00,0.398,7.324
2021-10-30 18:00,0.302,6.633
2021-10-30 19:00,0.225,6.001
2021-10-30 20:00,0.199,5.760
2021-10-30 21:00,0.204,5.805
2021-10-30 22:00,0.246,6.170
2021-10-30 23:00,0.265,6.333
2021-10-31 00:00,0.319,6.747
2021-10-31 01:00,0.356,7.032
2021-10-31 02:00,0.286,6.505
2021-10-31 03:00,0.195,5.722
2021-10-31 04:00,0.120,4.905
2021-10-31 05:00,0.069,4.163
2021-10-31 06:00,0.042,3.626
2021-10-31 07:00,0.029,3.305
2021-10-31 08:00,0.027,3.249
2021-10-31 09:00,0.079,4.330
2021-10-31 10:00,0.179,5.562
2021-10-31 11:00,0.243,6.154
2021-10-31 12:00,0.231,6.045
2021-10-31 13:00,0.156,5.324
2021-10-31 14:00,0.079,4.335
2021-10-31 15:00,0.035,3.447
2021-10-31 16:00,0.015,2.811
2021-10-31 17:00,0.007,2.405
2021-10-31 18:00,0.004,2.155
2021-10-31 19:00,0.003,2.038
2021-10-31 20:00,0.004,2.080
2021-10-31 21:00,0.004,2.134
2021-10-31 22:00,0.004,2.178
2021-10-31 23:00,0.010,2.583
2021-11-01 00:00,0.014,2.792
2021-11-01 01:00,0.081,4.360
2021-11-01 02:00,0.138,5.128
2021-11-01 03:00,0.177,5.541
2021-11-01 04:00,0.211,5.877
2021-11-01 05:00,0.250,6.206
2021-11-01 06:00,0.285,6.494
2021-11-01 07:00,0.302,6.631
2021-11-01 08:00,0.257,6.271
2021-11-01 09:00,0.193,5.700
2021-11-01 10:00,0.135,5.090
2021-11-01 11:00,0.118,4.872
2021-11-01 12:00,0.114,4.835
2021-11-01 13:00,0.181,5.582
2021-11-01 14:00,0.403,7.361
2021-11-01 15:00,0.601,8.730
2021-11-01 16:00,0.647,9.078
2021-11-01 17:00,0.721,9.675
2021-11-01 18:00,0.645,9.051
2021-11-01 19:00,0.531,8.233
2021-11-01 20:00,0.458,7.732
2021-11-01 21:00,0.390,7.263
2021-11-01 22:00,0.355,7.023
2021-11-01 23:00,0.353,7.002
2021-11-02 00:00,0.336,6.884
2021-11-02 01:00,0.448,7.663
2021-11-02 02:00,0.710,9.576
2021-11-02 03:00,0.808,10.550
2021-11-02 04:00,0.869,11.381
2021-11-02 05:00,0.920,12.362
2021-11-02 06:00,0.946,13.122
2021-11-02 07:00,0.951,13.266
2021-11-02 08:00,0.920,12.377
2021-11-02 09:00,0.874,11.456
2021-11-02 10:00,0.855,11.152
2021-11-02 11:00,0.828,10.796
2021-11-02 12:00,0.813,10.609
2021-11-02 13:00,0.813,10.614
2021-11-02 14:00,0.823,10.734
2021-11-02 15:00,0.834,10.874
2021-11-02 16:00,0.847,11.051
2021-11-02 17:00,0.808,10.561
2021-11-02 18:00,0.752,9.971
2021-11-02 19:00,0.751,9.956
2021-11-02 20:00,0.743,9.887
2021-11-02 21:00,0.716,9.639
2021-11-02 22:00,0.686,9.382
2021-11-02 23:00,0.642,9.029
2021-11-03 00:00,0.381,7.207
2021-11-03 01:00,0.470,7.819
2021-11-03 02:00,0.850,11.083
2021-11-03 03:00,0.920,12.371
2021-11-03 04:00,0.936,12.791
2021-11-03 05:00,0.939,12.885
2021-11-03 06:00,0.932,12.686
2021-11-03 07:00,0.903,11.993
2021-11-03 08:00,0.798,10.436
2021-11-03 09:00,0.748,9.920
2021-11-03 10:00,0.748,9.922
2021-11-03 11:00,0.725,9.716
2021-11-03 12:00,0.701,9.506
2021-11-03 13:00,0.658,9.154
2021-11-03 14:00,0.613,8.819
2021-11-03 15:00,0.600,8.712
2021-11-03 16:00,0.601,8.732
2021-11-03 17:00,0.609,8.780
2021-11-03 18:00,0.600,8.719
2021-11-03 19:00,0.588,8.634
2021-11-03 20:00,0.568,8.487
2021-11-03 21:00,0.539,8.286
2021-11-03 22:00,0.518,8.143
2021-11-03 23:00,0.510,8.081
2021-11-04 00:00,0.374,7.160
2021-11-04 01:00,0.184,5.618
2021-11-04 02:00,0.370,7.119
2021-11-04 03:00,0.513,8.109
2021-11-04 04:00,0.549,8.352
2021-11-04 05:00,0.546,8.337
2021-11-04 06:00,0.506,8.068
2021-11-04 07:00,0.435,7.576
2021-11-04 08:00,0.286,6.505
2021-11-04 09:00,0.170,5.474
2021-11-04 10:00,0.094,4.563
2021-11-04 11:00,0.069,4.156
2021-11-04 12:00,0.103,4.686
2021-11-04 13:00,0.184,5.619
2021-11-04 14:00,0.272,6.392
2021-11-04 15:00,0.346,6.954
2021-11-04 16:00,0.377,7.168
2021-11-04 17:00,0.370,7.120
2021-11-04 18:00,0.339,6.903
2021-11-04 19:00,0.301,6.616
2021-11-04 20:00,0.242,6.149
2021-11-04 21:00,0.204,5.796
2021-11-04 22:00,0.208,5.848
2021-11-04 23:00,0.255,6.253
2021-11-05 00:00,0.217,5.925
2021-11-05 01:00,0.124,4.954
2021-11-05 02:00,0.271,6.389
2021-11-05 03:00,0.377,7.176
2021-11-05 04:00,0.377,7.173
2021-11-05 05:00,0.352,6.995
2021-11-05 06:00,0.309,6.678
2021-11-05 07:00,0.257,6.271
2021-11-05 08:00,0.185,5.627
2021-11-05 09:00,0.170,5.474
2021-11-05 10:00,0.166,5.440
2021-11-05 11:00,0.201,5.778
2021-11-05 12:00,0.240,6.130
2021-11-05 13:00,0.270,6.371
2021-11-05 14:00,0.287,6.512
2021-11-05 15:00,0.282,6.472
2021-11-05 16:00,0.308,6.667
2021-11-05 17:00,0.268,6.352
2021-11-05 18:00,0.083,4.391
2021-11-05 19:00,0.023,3.113
2021-11-05 20:00,0.226,6.004
2021-11-05 21:00,0.828,10.796
2021-11-05 22:00,0.942,12.977
2021-11-05 23:00,0.937,12.811
2021-11-06 00:00,0.948,13.151
2021-11-06 01:00,0.957,13.520
2021-11-06 02:00,0.967,13.920
2021-11-06 03:00,0.965,13.874
2021-11-06 04:00,0.962,13.729
2021-11-06 05:00,0.957,13.521
2021-11-06 06:00,0.957,13.495
2021-11-06 07:00,0.956,13.456
2021-11-06 08:00,0.954,13.394
2021-11-06 09:00,0.961,13.650
2021-11-06 10:00,0.966,13.917
2021-11-06 11:00,0.970,14.113
2021-11-06 12:00,0.974,14.339
2021-11-06 13:00,0.976,14.444
2021-11-06 14:00,0.978,14.590
2021-11-06 15:00,0.972,14.223
2021-11-06 16:00,0.955,13.430
2021-11-06 17:00,0.932,12.681
2021-11-06 18:00,0.902,11.968
2021-11-06 19:00,0.869,11.383
2021-11-06 20:00,0.852,11.118
2021-11-06 21:00,0.845,11.014
2021-11-06 22:00,0.837,10.922
2021-11-06 23:00,0.855,11.152
2021-11-07 00:00,0.886,11.655
2021-11-07 01:00,0.908,12.096
2021-11-07 02:00,0.925,12.488
2021-11-07 03:00,0.922,12.421
2021-11-07 04:00,0.917,12.306
2021-11-07 05:00,0.911,12.161
2021-11-07 06:00,0.913,12.200
2021-11-07 07:00,0.924,12.466
2021-11-07 08:00,0.938,12.837
2021-11-07 09:00,0.938,12.867
2021-11-07 10:00,0.928,12.573
2021-11-07 11:00,0.899,11.904
2021-11-07 12:00,0.864,11.302
2021-11-07 13:00,0.841,10.975
2021-11-07 14:00,0.823,10.735
2021-11-07 15:00,0.818,10.680
2021-11-07 16:00,0.817,10.661
2021-11-07 17:00,0.851,11.109
2021-11-07 18:00,0.884,11.632
2021-11-07 19:00,0.905,12.028
2021-11-07 20:00,0.919,12.335
2021-11-07 21:00,0.925,12.491
2021-11-07 22:00,0.926,12.516
2021-11-07 23:00,0.926,12.507
2021-11-08 00:00,0.922,12.411
2021-11-08 01:00,0.978,14.572
2021-11-08 02:00,0.989,15.619
2021-11-08 03:00,0.988,15.485
2021-11-08 04:00,0.985,15.215
2021-11-08 05:00,0.984,15.081
2021-11-08 06:00,0.984,15.112
2021-11-08 07:00,0.984,15.123
2021-11-08 08:00,0.980,14.724
2021-11-08 09:00,0.955,13.437
2021-11-08 10:00,0.940,12.917
2021-11-08 11:00,0.944,13.039
2021-11-08 12:00,0.946,13.093
2021-11-08 13:00,0.943,13.008
2021-11-08 14:00,0.932,12.675
2021-11-08 15:00,0.915,12.267
2021-11-08 16:00,0.902,11.980
2021-11-08 17:00,0.902,11.972
2021-11-08 18:00,0.894,11.814
2021-11-08 19:00,0.879,11.532
2021-11-08 20:00,0.854,11.143
2021-11-08 21:00,0.861,11.254
2021-11-08 22:00,0.874,11.453
2021-11-08 23:00,0.868,11.368
2021-11-09 00:00,0.826,10.772
2021-11-09 01:00,0.940,12.897
2021-11-09 02:00,0.985,15.160
2021-11-09 03:00,0.991,16.000
2021-11-09 04:00,0.993,16.520
2021-11-09 05:00,0.993,16.833
2021-11-09 06:00,0.993,16.815
2021-11-09 07:00,0.993,16.629
2021-11-09 08:00,0.992,16.338
2021-11-09 09:00,0.991,16.098
2021-11-09 10:00,0.993,16.773
2021-11-09 11:00,0.992,17.620
2021-11-09 12:00,0.992,17.614
2021-11-09 13:00,0.993,17.199
2021-11-09 14:00,0.993,16.890
2021-11-09 15:00,0.992,16.185
2021-11-09 16:00,0.982,14.929
2021-11-09 17:00,0.959,13.587
2021-11-09 18:00,0.948,13.177
2021-11-09 19:00,0.936,12.799
2021-11-09 20:00,0.912,12.176
2021-11-09 21:00,0.902,11.982
2021-11-09 22:00,0.897,11.874
2021-11-09 23:00,0.868,11.370
2021-11-10 00:00,0.792,10.371
2021-11-10 01:00,0.888,11.699
2021-11-10 02:00,0.964,13.804
2021-11-10 03:00,0.969,14.061
2021-11-10 04:00,0.967,13.942
2021-11-10 05:00,0.964,13.801
2021-11-10 06:00,0.964,13.826
2021-11-10 07:00,0.963,13.762
2021-11-10 08:00,0.943,12.987
2021-11-10 09:00,0.917,12.308
2021-11-10 10:00,0.893,11.806
2021-11-10 11:00,0.896,11.864
2021-11-10 12:00,0.901,11.943
2021-11-10 13:00,0.900,11.933
2021-11-10 14:00,0.904,12.004
2021-11-10 15:00,0.892,11.771
2021-11-10 16:00,0.855,11.171
2021-11-10 17:00,0.833,10.855
2021-11-10 18:00,0.805,10.522
2021-11-10 19:00,0.774,10.171
2021-11-10 20:00,0.727,9.732
2021-11-10 21:00,0.684,9.368
2021-11-10 22:00,0.673,9.277
2021-11-10 23:00,0.665,9.216
2021-11-11 00:00,0.542,8.304
2021-11-11 01:00,0.596,8.686
2021-11-11 02:00,0.891,11.757
2021-11-11 03:00,0.953,13.348
2021-11-11 04:00,0.967,13.970
2021-11-11 05:00,0.967,13.964
2021-11-11 06:00,0.962,13.720
2021-11-11 07:00,0.953,13.349
2021-11-11 08:00,0.924,12.474
2021-11-11 09:00,0.873,11.447
2021-11-11 10:00,0.841,10.974
2021-11-11 11:00,0.820,10.705
2021-11-11 12:00,0.774,10.174
2021-11-11 13:00,0.710,9.580
2021-11-11 14:00,0.719,9.656
2021-11-11 15:00,0.747,9.914
2021-11-11 16:00,0.762,10.069
2021-11-11 17:00,0.768,10.127
2021-11-11 18:00,0.758,10.021
2021-11-11 19:00,0.733,9.793
2021-11-11 20:00,0.710,9.587
2021-11-11 21:00,0.697,9.478
2021-11-11 22:00,0.699,9.486
2021-11-11 23:00,0.695,9.452
2021-11-12 00:00,0.545,8.323
2021-11-12 01:00,0.311,6.696
2021-11-12 02:00,0.559,8.424
2021-11-12 03:00,0.783,10.274
2021-11-12 04:00,0.772,10.161
2021-11-12 05:00,0.750,9.951
2021-11-12 06:00,0.729,9.744
2021-11-12 07:00,0.669,9.243
2021-11-12 08:00,0.599,8.709
2021-11-12 09:00,0.646,9.065
2021-11-12 10:00,0.687,9.391
2021-11-12 11:00,0.696,9.460
2021-11-12 12:00,0.687,9.393
2021-11-12 13:00,0.674,9.287
2021-11-12 14:00,0.672,9.272
2021-11-12 15:00,0.692,9.431
2021-11-12 16:00,0.725,9.710
2021-11-12 17:00,0.755,9.995
2021-11-12 18:00,0.777,10.208
2021-11-12 19:00,0.785,10.304
2021-11-12 20:00,0.792,10.369
2021-11-12 21:00,0.805,10.521
2021-11-12 22:00,0.820,10.702
2021-11-12 23:00,0.836,10.887
2021-11-13 00:00,0.764,10.078
2021-11-13 01:00,0.588,8.638
2021-11-13 02:00,0.792,10.377
2021-11-13 03:00,0.878,11.517
2021-11-13 04:00,0.850,11.084
2021-11-13 05:00,0.817,10.656
2021-11-13 06:00,0.785,10.296
2021-11-13 07:00,0.717,9.644
2021-11-13 08:00,0.577,8.551
2021-11-13 09:00,0.480,7.885
2021-11-13 10:00,0.400,7.338
2021-11-13 11:00,0.355,7.023
2021-11-13 12:00,0.381,7.203
2021-11-13 13:00,0.465,7.778
2021-11-13 14:00,0.563,8.463
2021-11-13 15:00,0.623,8.892
2021-11-13 16:00,0.653,9.119
2021-11-13 17:00,0.672,9.270
2021-11-13 18:00,0.695,9.455
2021-11-13 19:00,0.706,9.555
2021-11-13 20:00,0.711,9.596
2021-11-13 21:00,0.719,9.654
2021-11-13 22:00,0.739,9.834
2021-11-13 23:00,0.752,9.961
2021-11-14 00:00,0.628,8.932
2021-11-14 01:00,0.416,7.447
2021-11-14 02:00,0.460,7.748
2021-11-14 03:00,0.549,8.364
2021-11-14 04:00,0.516,8.134
2021-11-14 05:00,0.426,7.519
2021-11-14 06:00,0.323,6.787
2021-11-14 07:00,0.224,5.983
2021-11-14 08:00,0.166,5.438
2021-11-14 09:00,0.171,5.484
2021-11-14 10:00,0.199,5.758
2021-11-14 11:00,0.200,5.773
2021-11-14 12:00,0.148,5.242
2021-11-14 13:00,0.068,4.132
2021-11-14 14:00,0.015,2.827
2021-11-14 15:00,0.002,1.846
2021-11-14 16:00,0,1.381
2021-11-14 17:00,0,1.398
2021-11-14 18:00,0.001,1.562
2021-11-14 19:00,0.001,1.551
2021-11-14 20:00,0,1.442
2021-11-14 21:00,0,1.372
2021-11-14 22:00,0.001,1.458
2021-11-14 23:00,0.001,1.660
2021-11-15 00:00,0.002,1.917
2021-11-15 01:00,0.001,1.701
2021-11-15 02:00,0.009,2.523
2021-11-15 03:00,0.035,3.462
2021-11-15 04:00,0.056,3.921
2021-11-15 05:00,0.071,4.193
2021-11-15 06:00,0.070,4.176
2021-11-15 07:00,0.054,3.885
2021-11-15 08:00,0.037,3.519
2021-11-15 09:00,0.023,3.109
2021-11-15 10:00,0.015,2.820
2021-11-15 11:00,0.013,2.726
2021-11-15 12:00,0.013,2.734
2021-11-15 13:00,0.014,2.789
2021-11-15 14:00,0.016,2.856
2021-11-15 15:00,0.022,3.072
2021-11-15 16:00,0.032,3.394
2021-11-15 17:00,0.047,3.736
2021-11-15 18:00,0.066,4.104
2021-11-15 19:00,0.094,4.563
2021-11-15 20:00,0.133,5.056
2021-11-15 21:00,0.175,5.525
2021-11-15 22:00,0.221,5.952
2021-11-15 23:00,0.268,6.360
2021-11-16 00:00,0.291,6.545
2021-11-16 01:00,0.165,5.427
2021-11-16 02:00,0.159,5.363
2021-11-16 03:00,0.297,6.581
2021-11-16 04:00,0.365,7.092
2021-11-16 05:00,0.433,7.568
2021-11-16 06:00,0.455,7.719
2021-11-16 07:00,0.436,7.584
2021-11-16 08:00,0.473,7.832
2021-11-16 09:00,0.574,8.539
2021-11-16 10:00,0.615,8.826
2021-11-16 11:00,0.619,8.867
2021-11-16 12:00,0.651,9.105
2021-11-16 13:00,0.715,9.633
2021-11-16 14:00,0.781,10.254
2021-11-16 15:00,0.808,10.553
2021-11-16 16:00,0.791,10.364
2021-11-16 17:00,0.764,10.075
2021-11-16 18:00,0.746,9.911
2021-11-16 19:00,0.747,9.914
2021-11-16 20:00,0.757,10.012
2021-11-16 21:00,0.769,10.139
2021-11-16 22:00,0.783,10.275
2021-11-16 23:00,0.791,10.365
2021-11-17 00:00,0.698,9.481
2021-11-17 01:00,0.451,7.692
2021-11-17 02:00,0.693,9.434
2021-11-17 03:00,0.902,11.971
2021-11-17 04:00,0.913,12.192
2021-11-17 05:00,0.926,12.531
2021-11-17 06:00,0.932,12.678
2021-11-17 07:00,0.892,11.768
2021-11-17 08:00,0.801,10.479
2021-11-17 09:00,0.700,9.490
2021-11-17 10:00,0.663,9.190
2021-11-17 11:00,0.678,9.321
2021-11-17 12:00,0.696,9.464
2021-11-17 13:00,0.704,9.536
2021-11-17 14:00,0.718,9.648
2021-11-17 15:00,0.752,9.963
2021-11-17 16:00,0.790,10.344
2021-11-17 17:00,0.817,10.648
2021-11-17 18:00,0.826,10.776
2021-11-17 19:00,0.832,10.844
2021-11-17 20:00,0.832,10.844
2021-11-17 21:00,0.830,10.824
2021-11-17 22:00,0.814,10.616
2021-11-17 23:00,0.767,10.119
2021-11-18 00:00,0.612,8.811
2021-11-18 01:00,0.362,7.072
2021-11-18 02:00,0.337,6.885
2021-11-18 03:00,0.553,8.387
2021-11-18 04:00,0.633,8.968
2021-11-18 05:00,0.650,9.101
2021-11-18 06:00,0.605,8.755
2021-11-18 07:00,0.485,7.915
2021-11-18 08:00,0.370,7.131
2021-11-18 09:00,0.453,7.702
2021-11-18 10:00,0.578,8.563
2021-11-18 11:00,0.573,8.526
2021-11-18 12:00,0.557,8.413
2021-11-18 13:00,0.520,8.157
2021-11-18 14:00,0.384,7.229
2021-11-18 15:00,0.215,5.907
2021-11-18 16:00,0.122,4.938
2021-11-18 17:00,0.080,4.352
2021-11-18 18:00,0.055,3.896
2021-11-18 19:00,0.043,3.649
2021-11-18 20:00,0.047,3.750
2021-11-18 21:00,0.066,4.105
2021-11-18 22:00,0.096,4.585
2021-11-18 23:00,0.118,4.870
2021-11-19 00:00,0.110,4.778
2021-11-19 01:00,0.081,4.362
2021-11-19 02:00,0.322,6.783
2021-11-19 03:00,0.658,9.162
2021-11-19 04:00,0.741,9.862
2021-11-19 05:00,0.722,9.687
2021-11-19 06:00,0.659,9.165
2021-11-19 07:00,0.479,7.875
2021-11-19 08:00,0.331,6.845
2021-11-19 09:00,0.235,6.086
2021-11-19 10:00,0.161,5.377
2021-11-19 11:00,0.140,5.156
2021-11-19 12:00,0.208,5.851
2021-11-19 13:00,0.309,6.673
2021-11-19 14:00,0.370,7.127
2021-11-19 15:00,0.374,7.155
2021-11-19 16:00,0.336,6.883
2021-11-19 17:00,0.325,6.802
2021-11-19 18:00,0.326,6.810
2021-11-19 19:00,0.271,6.384
2021-11-19 20:00,0.204,5.814
2021-11-19 21:00,0.215,5.912
2021-11-19 22:00,0.230,6.043
2021-11-19 23:00,0.203,5.795
2021-11-20 00:00,0.156,5.333
2021-11-20 01:00,0.040,3.592
2021-11-20 02:00,0,1.394
2021-11-20 03:00,0,0.654
2021-11-20 04:00,0.007,2.387
2021-11-20 05:00,0.019,2.988
2021-11-20 06:00,0.040,3.590
2021-11-20 07:00,0.093,4.543
2021-11-20 08:00,0.113,4.818
2021-11-20 09:00,0.122,4.940
2021-11-20 10:00,0.145,5.204
2021-11-20 11:00,0.224,5.991
2021-11-20 12:00,0.346,6.952
2021-11-20 13:00,0.494,7.981
2021-11-20 14:00,0.610,8.794
2021-11-20 15:00,0.710,9.582
2021-11-20 16:00,0.752,9.970
2021-11-20 17:00,0.749,9.934
2021-11-20 18:00,0.772,10.155
2021-11-20 19:00,0.767,10.111
2021-11-20 20:00,0.770,10.145
2021-11-20 21:00,0.778,10.227
2021-11-20 22:00,0.815,10.633
2021-11-20 23:00,0.817,10.666
2021-11-21 00:00,0.868,11.371
2021-11-21 01:00,0.990,15.816
2021-11-21 02:00,0.985,18.483
2021-11-21 03:00,0.964,19.621
2021-11-21 04:00,0.925,20.706
2021-11-21 05:00,0.886,21.394
2021-11-21 06:00,0.885,21.410
2021-11-21 07:00,0.905,21.088
2021-11-21 08:00,0.941,20.324
2021-11-21 09:00,0.966,19.539
2021-11-21 10:00,0.978,18.987
2021-11-21 11:00,0.982,18.707
2021-11-21 12:00,0.987,18.313
2021-11-21 13:00,0.991,17.732
2021-11-21 14:00,0.993,16.846
2021-11-21 15:00,0.989,15.739
2021-11-21 16:00,0.980,14.765
2021-11-21 17:00,0.967,13.934
2021-11-21 18:00,0.947,13.125
2021-11-21 19:00,0.926,12.510
2021-11-21 20:00,0.904,12.013
2021-11-21 21:00,0.894,11.808
2021-11-21 22:00,0.891,11.747
2021-11-21 23:00,0.877,11.507
2021-11-22 00:00,0.853,11.138
2021-11-22 01:00,0.949,13.221
2021-11-22 02:00,0.970,14.105
2021-11-22 03:00,0.970,14.136
2021-11-22 04:00,0.968,13.990
2021-11-22 05:00,0.962,13.703
2021-11-22 06:00,0.951,13.297
2021-11-22 07:00,0.933,12.721
2021-11-22 08:00,0.864,11.300
2021-11-22 09:00,0.760,10.045
2021-11-22 10:00,0.722,9.684
2021-11-22 11:00,0.720,9.667
2021-11-22 12:00,0.734,9.798
2021-11-22 13:00,0.700,9.497
2021-11-22 14:00,0.655,9.137
2021-11-22 15:00,0.669,9.238
2021-11-22 16:00,0.682,9.350
2021-11-22 17:00,0.689,9.408
2021-11-22 18:00,0.702,9.512
2021-11-22 19:00,0.720,9.666
2021-11-22 20:00,0.739,9.842
2021-11-22 21:00,0.757,10.015
2021-11-22 22:00,0.767,10.119
2021-11-22 23:00,0.769,10.132
2021-11-23 00:00,0.666,9.222
2021-11-23 01:00,0.390,7.271
2021-11-23 02:00,0.573,8.524
2021-11-23 03:00,0.848,11.070
2021-11-23 04:00,0.904,12.016
2021-11-23 05:00,0.935,12.775
2021-11-23 06:00,0.946,13.089
2021-11-23 07:00,0.922,12.408
2021-11-23 08:00,0.845,11.023
2021-11-23 09:00,0.776,10.205
2021-11-23 10:00,0.719,9.653
2021-11-23 11:00,0.710,9.589
2021-11-23 12:00,0.732,9.781
2021-11-23 13:00,0.763,10.072
2021-11-23 14:00,0.789,10.332
2021-11-23 15:00,0.814,10.632
2021-11-23 16:00,0.833,10.855
2021-11-23 17:00,0.841,10.967
2021-11-23 18:00,0.855,11.168
2021-11-23 19:00,0.864,11.299
2021-11-23 20:00,0.868,11.353
2021-11-23 21:00,0.872,11.420
2021-11-23 22:00,0.884,11.629
2021-11-23 23:00,0.897,11.868
2021-11-24 00:00,0.859,11.230
2021-11-24 01:00,0.696,9.467
2021-11-24 02:00,0.755,9.996
2021-11-24 03:00,0.915,12.245
2021-11-24 04:00,0.936,12.810
2021-11-24 05:00,0.937,12.825
2021-11-24 06:00,0.932,12.691
2021-11-24 07:00,0.897,11.868
2021-11-24 08:00,0.841,10.963
2021-11-24 09:00,0.792,10.379
2021-11-24 10:00,0.738,9.829
2021-11-24 11:00,0.692,9.426
2021-11-24 12:00,0.671,9.255
2021-11-24 13:00,0.673,9.280
2021-11-24 14:00,0.676,9.303
2021-11-24 15:00,0.685,9.375
2021-11-24 16:00,0.703,9.526
2021-11-24 17:00,0.723,9.692
2021-11-24 18:00,0.733,9.789
2021-11-24 19:00,0.732,9.778
2021-11-24 20:00,0.715,9.628
2021-11-24 21:00,0.698,9.480
2021-11-24 22:00,0.685,9.373
2021-11-24 23:00,0.677,9.307
2021-11-25 00:00,0.634,8.972
2021-11-25 01:00,0.352,6.998
2021-11-25 02:00,0.180,5.571
2021-11-25 03:00,0.369,7.116
2021-11-25 04:00,0.476,7.857
2021-11-25 05:00,0.546,8.341
2021-11-25 06:00,0.583,8.601
2021-11-25 07:00,0.563,8.461
2021-11-25 08:00,0.550,8.365
2021-11-25 09:00,0.565,8.475
2021-11-25 10:00,0.520,8.161
2021-11-25 11:00,0.581,8.587
2021-11-25 12:00,0.675,9.299
2021-11-25 13:00,0.777,10.212
2021-11-25 14:00,0.780,10.243
2021-11-25 15:00,0.770,10.140
2021-11-25 16:00,0.733,9.786
2021-11-25 17:00,0.678,9.318
2021-11-25 18:00,0.593,8.666
2021-11-25 19:00,0.479,7.879
2021-11-25 20:00,0.364,7.078
2021-11-25 21:00,0.297,6.587
2021-11-25 22:00,0.260,6.301
2021-11-25 23:00,0.230,6.044
2021-11-26 00:00,0.209,5.852
2021-11-26 01:00,0.149,5.255
2021-11-26 02:00,0.064,4.070
2021-11-26 03:00,0.185,5.628
2021-11-26 04:00,0.242,6.151
2021-11-26 05:00,0.266,6.345
2021-11-26 06:00,0.273,6.406
2021-11-26 07:00,0.255,6.253
2021-11-26 08:00,0.267,6.347
2021-11-26 09:00,0.293,6.559
2021-11-26 10:00,0.285,6.492
2021-11-26 11:00,0.247,6.184
2021-11-26 12:00,0.238,6.103
2021-11-26 13:00,0.287,6.517
2021-11-26 14:00,0.402,7.345
2021-11-26 15:00,0.549,8.350
2021-11-26 16:00,0.663,9.195
2021-11-26 17:00,0.731,9.770
2021-11-26 18:00,0.767,10.116
2021-11-26 19:00,0.789,10.333
2021-11-26 20:00,0.799,10.452
2021-11-26 21:00,0.786,10.315
2021-11-26 22:00,0.770,10.144
2021-11-26 23:00,0.765,10.087
2021-11-27 00:00,0.735,9.804
2021-11-27 01:00,0.516,8.130
2021-11-27 02:00,0.396,7.308
2021-11-27 03:00,0.669,9.248
2021-11-27 04:00,0.805,10.521
2021-11-27 05:00,0.813,10.607
2021-11-27 06:00,0.793,10.382
2021-11-27 07:00,0.704,9.539
2021-11-27 08:00,0.646,9.066
2021-11-27 09:00,0.656,9.143
2021-11-27 10:00,0.652,9.116
2021-11-27 11:00,0.650,9.099
2021-11-27 12:00,0.647,9.077
2021-11-27 13:00,0.713,9.615
2021-11-27 14:00,0.647,9.075
2021-11-27 15:00,0.609,8.781
2021-11-27 16:00,0.594,8.674
2021-11-27 17:00,0.588,8.634
2021-11-27 18:00,0.583,8.602
2021-11-27 19:00,0.533,8.248
2021-11-27 20:00,0.525,8.194
2021-11-27 21:00,0.486,7.929
2021-11-27 22:00,0.453,7.706
2021-11-27 23:00,0.429,7.537
2021-11-28 00:00,0.390,7.264
2021-11-28 01:00,0.288,6.518
2021-11-28 02:00,0.322,6.783
2021-11-28 03:00,0.287,6.513
2021-11-28 04:00,0.299,6.603
2021-11-28 05:00,0.304,6.641
2021-11-28 06:00,0.302,6.623
2021-11-28 07:00,0.276,6.419
2021-11-28 08:00,0.323,6.785
2021-11-28 09:00,0.520,8.159
2021-11-28 10:00,0.607,8.773
2021-11-28 11:00,0.550,8.365
2021-11-28 12:00,0.490,7.956
2021-11-28 13:00,0.450,7.671
2021-11-28 14:00,0.442,7.624
2021-11-28 15:00,0.505,8.048
2021-11-28 16:00,0.582,8.592
2021-11-28 17:00,0.586,8.620
2021-11-28 18:00,0.547,8.345
2021-11-28 19:00,0.499,8.012
2021-11-28 20:00,0.429,7.531
2021-11-28 21:00,0.352,6.989
2021-11-28 22:00,0.280,6.454
2021-11-28 23:00,0.246,6.170
2021-11-29 00:00,0.261,6.309
2021-11-29 01:00,0.373,7.139
2021-11-29 02:00,0.505,8.056
2021-11-29 03:00,0.562,8.441
2021-11-29 04:00,0.606,8.768
2021-11-29 05:00,0.682,9.349
2021-11-29 06:00,0.753,9.975
2021-11-29 07:00,0.813,10.604
2021-11-29 08:00,0.811,10.581
2021-11-29 09:00,0.772,10.161
2021-11-29 10:00,0.795,10.405
2021-11-29 11:00,0.901,11.954
2021-11-29 12:00,0.967,13.966
2021-11-29 13:00,0.969,14.039
2021-11-29 14:00,0.975,14.400
2021-11-29 15:00,0.986,15.319
2021-11-29 16:00,0.992,16.180
2021-11-29 17:00,0.993,16.694
2021-11-29 18:00,0.993,16.989
2021-11-29 19:00,0.993,16.922
2021-11-29 20:00,0.992,16.445
2021-11-29 21:00,0.989,15.618
2021-11-29 22:00,0.975,14.406
2021-11-29 23:00,0.943,12.988
2021-11-30 00:00,0.880,11.559
2021-11-30 01:00,0.951,13.294
2021-11-30 02:00,0.976,14.461
2021-11-30 03:00,0.972,14.242
2021-11-30 04:00,0.968,14.011
2021-11-30 05:00,0.963,13.785
2021-11-30 06:00,0.958,13.568
2021-11-30 07:00,0.943,13.013
2021-11-30 08:00,0.891,11.757
2021-11-30 09:00,0.816,10.647
2021-11-30 10:00,0.790,10.346
2021-11-30 11:00,0.702,9.509
2021-11-30 12:00,0.671,9.254
2021-11-30 13:00,0.684,9.368
2021-11-30 14:00,0.723,9.702
2021-11-30 15:00,0.740,9.855
2021-11-30 16:00,0.740,9.854
2021-11-30 17:00,0.732,9.780
2021-11-30 18:00,0.716,9.640
2021-11-30 19:00,0.700,9.490
2021-11-30 20:00,0.679,9.325
2021-11-30 21:00,0.656,9.142
2021-11-30 22:00,0.643,9.039
2021-11-30 23:00,0.637,9.000
2021-12-01 00:00,0.559,8.431
2021-12-01 01:00,0.267,6.348
2021-12-01 02:00,0.311,6.699
2021-12-01 03:00,0.513,8.104
2021-12-01 04:00,0.516,8.134
2021-12-01 05:00,0.513,8.111
2021-12-01 06:00,0.520,8.155
2021-12-01 07:00,0.536,8.262
2021-12-01 08:00,0.511,8.095
2021-12-01 09:00,0.591,8.658
2021-12-01 10:00,0.674,9.289
2021-12-01 11:00,0.739,9.841
2021-12-01 12:00,0.779,10.238
2021-12-01 13:00,0.787,10.321
2021-12-01 14:00,0.774,10.171
2021-12-01 15:00,0.789,10.340
2021-12-01 16:00,0.817,10.656
2021-12-01 17:00,0.837,10.921
2021-12-01 18:00,0.855,11.168
2021-12-01 19:00,0.876,11.489
2021-12-01 20:00,0.893,11.806
2021-12-01 21:00,0.906,12.053
2021-12-01 22:00,0.917,12.302
2021-12-01 23:00,0.928,12.571
2021-12-02 00:00,0.921,12.394
2021-12-02 01:00,0.887,11.685
2021-12-02 02:00,0.984,15.084
2021-12-02 03:00,0.991,17.691
2021-12-02 04:00,0.990,17.843
2021-12-02 05:00,0.993,16.936
2021-12-02 06:00,0.989,15.738
2021-12-02 07:00,0.981,14.809
2021-12-02 08:00,0.961,13.669
2021-12-02 09:00,0.943,13.007
2021-12-02 10:00,0.945,13.058
2021-12-02 11:00,0.945,13.064
2021-12-02 12:00,0.920,12.364
2021-12-02 13:00,0.891,11.740
2021-12-02 14:00,0.886,11.653
2021-12-02 15:00,0.869,11.381
2021-12-02 16:00,0.867,11.339
2021-12-02 17:00,0.871,11.400
2021-12-02 18:00,0.862,11.272
2021-12-02 19:00,0.847,11.052
2021-12-02 20:00,0.836,10.890
2021-12-02 21:00,0.834,10.868
2021-12-02 22:00,0.837,10.909
2021-12-02 23:00,0.841,10.964
2021-12-03 00:00,0.806,10.528
2021-12-03 01:00,0.630,8.943
2021-12-03 02:00,0.756,10.005
2021-12-03 03:00,0.884,11.631
2021-12-03 04:00,0.882,11.592
2021-12-03 05:00,0.859,11.229
2021-12-03 06:00,0.816,10.646
2021-12-03 07:00,0.726,9.723
2021-12-03 08:00,0.583,8.601
2021-12-03 09:00,0.521,8.165
2021-12-03 10:00,0.505,8.060
2021-12-03 11:00,0.520,8.160
2021-12-03 12:00,0.546,8.338
2021-12-03 13:00,0.560,8.433
2021-12-03 14:00,0.559,8.430
2021-12-03 15:00,0.563,8.463
2021-12-03 16:00,0.579,8.565
2021-12-03 17:00,0.591,8.653
2021-12-03 18:00,0.594,8.671
2021-12-03 19:00,0.582,8.592
2021-12-03 20:00,0.551,8.373
2021-12-03 21:00,0.499,8.013
2021-12-03 22:00,0.446,7.644
2021-12-03 23:00,0.397,7.316
2021-12-04 00:00,0.355,7.011
2021-12-04 01:00,0.216,5.917
2021-12-04 02:00,0.073,4.241
2021-12-04 03:00,0.124,4.960
2021-12-04 04:00,0.184,5.617
2021-12-04 05:00,0.257,6.276
2021-12-04 06:00,0.323,6.791
2021-12-04 07:00,0.340,6.912
2021-12-04 08:00,0.375,7.162
2021-12-04 09:00,0.419,7.470
2021-12-04 10:00,0.452,7.694
2021-12-04 11:00,0.507,8.068
2021-12-04 12:00,0.577,8.549
2021-12-04 13:00,0.648,9.080
2021-12-04 14:00,0.715,9.629
2021-12-04 15:00,0.778,10.223
2021-12-04 16:00,0.820,10.698
2021-12-04 17:00,0.846,11.042
2021-12-04 18:00,0.864,11.296
2021-12-04 19:00,0.880,11.565
2021-12-04 20:00,0.891,11.752
2021-12-04 21:00,0.881,11.575
2021-12-04 22:00,0.867,11.336
2021-12-04 23:00,0.858,11.203
2021-12-05 00:00,0.811,10.591
2021-12-05 01:00,0.600,8.725
2021-12-05 02:00,0.619,8.865
2021-12-05 03:00,0.718,9.658
2021-12-05 04:00,0.783,10.277
2021-12-05 05:00,0.828,10.797
2021-12-05 06:00,0.831,10.831
2021-12-05 07:00,0.746,9.905
2021-12-05 08:00,0.606,8.767
2021-12-05 09:00,0.719,9.656
2021-12-05 10:00,0.839,10.946
2021-12-05 11:00,0.882,11.587
2021-12-05 12:00,0.891,11.755
2021-12-05 13:00,0.894,11.822
2021-12-05 14:00,0.912,12.173
2021-12-05 15:00,0.913,12.216
2021-12-05 16:00,0.902,11.976
2021-12-05 17:00,0.882,11.584
2021-12-05 18:00,0.853,11.137
2021-12-05 19:00,0.823,10.730
2021-12-05 20:00,0.786,10.306
2021-12-05 21:00,0.757,10.015
2021-12-05 22:00,0.728,9.736
2021-12-05 23:00,0.691,9.419
2021-12-06 00:00,0.574,8.537
2021-12-06 01:00,0.285,6.499
2021-12-06 02:00,0.326,6.807
2021-12-06 03:00,0.216,5.918
2021-12-06 04:00,0.085,4.417
2021-12-06 05:00,0.020,3.006
2021-12-06 06:00,0.003,2.059
2021-12-06 07:00,0.001,1.611
2021-12-06 08:00,0,1.350
2021-12-06 09:00,0,1.148
2021-12-06 10:00,0,0.933
2021-12-06 11:00,0.001,1.610
2021-12-06 12:00,0.018,2.933
2021-12-06 13:00,0.077,4.296
2021-12-06 14:00,0.161,5.378
2021-12-06 15:00,0.235,6.090
2021-12-06 16:00,0.289,6.526
2021-12-06 17:00,0.338,6.900
2021-12-06 18:00,0.383,7.217
2021-12-06 19:00,0.426,7.509
2021-12-06 20:00,0.457,7.731
2021-12-06 21:00,0.467,7.798
2021-12-06 22:00,0.473,7.840
2021-12-06 23:00,0.488,7.945
2021-12-07 00:00,0.502,8.040
2021-12-07 01:00,0.410,7.410
2021-12-07 02:00,0.178,5.546
2021-12-07 03:00,0.112,4.797
2021-12-07 04:00,0.179,5.555
2021-12-07 05:00,0.190,5.675
2021-12-07 06:00,0.157,5.340
2021-12-07 07:00,0.127,5.000
2021-12-07 08:00,0.145,5.200
2021-12-07 09:00,0.158,5.354
2021-12-07 10:00,0.164,5.416
2021-12-07 11:00,0.165,5.427
2021-12-07 12:00,0.190,5.672
2021-12-07 13:00,0.217,5.927
2021-12-07 14:00,0.261,6.307
2021-12-07 15:00,0.309,6.683
2021-12-07 16:00,0.346,6.953
2021-12-07 17:00,0.352,6.997
2021-12-07 18:00,0.254,6.250
2021-12-07 19:00,0.200,5.770
2021-12-07 20:00,0.206,5.829
2021-12-07 21:00,0.268,6.360
2021-12-07 22:00,0.339,6.903
2021-12-07 23:00,0.375,7.163
2021-12-08 00:00,0.365,7.092
2021-12-08 01:00,0.293,6.564
2021-12-08 02:00,0.555,8.395
2021-12-08 03:00,0.786,10.307
2021-12-08 04:00,0.842,10.982
2021-12-08 05:00,0.815,10.642
2021-12-08 06:00,0.750,9.942
2021-12-08 07:00,0.668,9.233
2021-12-08 08:00,0.531,8.232
2021-12-08 09:00,0.367,7.097
2021-12-08 10:00,0.311,6.699
2021-12-08 11:00,0.281,6.468
2021-12-08 12:00,0.265,6.331
2021-12-08 13:00,0.317,6.731
2021-12-08 14:00,0.294,6.570
2021-12-08 15:00,0.282,6.472
2021-12-08 16:00,0.273,6.402
2021-12-08 17:00,0.268,6.354
2021-12-08 18:00,0.303,6.635
2021-12-08 19:00,0.378,7.181
2021-12-08 20:00,0.389,7.257
2021-12-08 21:00,0.361,7.068
2021-12-08 22:00,0.319,6.751
2021-12-08 23:00,0.316,6.729
2021-12-09 00:00,0.285,6.487
2021-12-09 01:00,0.260,6.297
2021-12-09 02:00,0.352,6.993
2021-12-09 03:00,0.458,7.734
2021-12-09 04:00,0.552,8.386
2021-12-09 05:00,0.647,9.071
2021-12-09 06:00,0.745,9.897
2021-12-09 07:00,0.776,10.204
2021-12-09 08:00,0.676,9.300
2021-12-09 09:00,0.622,8.886
2021-12-09 10:00,0.579,8.565
2021-12-09 11:00,0.538,8.277
2021-12-09 12:00,0.506,8.063
2021-12-09 13:00,0.503,8.042
2021-12-09 14:00,0.515,8.116
2021-12-09 15:00,0.528,8.219
2021-12-09 16:00,0.550,8.365
2021-12-09 17:00,0.560,8.434
2021-12-09 18:00,0.550,8.371
2021-12-09 19:00,0.523,8.184
2021-12-09 20:00,0.505,8.051
2021-12-09 21:00,0.456,7.721
2021-12-09 22:00,0.371,7.134
2021-12-09 23:00,0.319,6.750
2021-12-10 00:00,0.257,6.265
2021-12-10 01:00,0.089,4.490
2021-12-10 02:00,0.034,3.442
2021-12-10 03:00,0.059,3.968
2021-12-10 04:00,0.064,4.077
2021-12-10 05:00,0.104,4.698
2021-12-10 06:00,0.181,5.577
2021-12-10 07:00,0.251,6.218
2021-12-10 08:00,0.316,6.727
2021-12-10 09:00,0.372,7.136
2021-12-10 10:00,0.374,7.158
2021-12-10 11:00,0.377,7.180
2021-12-10 12:00,0.395,7.303
2021-12-10 13:00,0.430,7.546
2021-12-10 14:00,0.490,7.955
2021-12-10 15:00,0.588,8.636
2021-12-10 16:00,0.681,9.345
2021-12-10 17:00,0.704,9.536
2021-12-10 18:00,0.660,9.168
2021-12-10 19:00,0.597,8.697
2021-12-10 20:00,0.604,8.745
2021-12-10 21:00,0.713,9.611
2021-12-10 22:00,0.765,10.081
2021-12-10 23:00,0.732,9.783
2021-12-11 00:00,0.668,9.233
2021-12-11 01:00,0.723,9.692
2021-12-11 02:00,0.814,10.627
2021-12-11 03:00,0.865,11.310
2021-12-11 04:00,0.900,11.921
2021-12-11 05:00,0.922,12.403
2021-12-11 06:00,0.937,12.825
2021-12-11 07:00,0.940,12.912
2021-12-11 08:00,0.917,12.295
2021-12-11 09:00,0.855,11.149
2021-12-11 10:00,0.813,10.604
2021-12-11 11:00,0.820,10.693
2021-12-11 12:00,0.857,11.190
2021-12-11 13:00,0.883,11.616
2021-12-11 14:00,0.843,10.996
2021-12-11 15:00,0.797,10.417
2021-12-11 16:00,0.675,9.298
2021-12-11 17:00,0.583,8.603
2021-12-11 18:00,0.523,8.184
2021-12-11 19:00,0.455,7.714
2021-12-11 20:00,0.429,7.537
2021-12-11 21:00,0.433,7.566
2021-12-11 22:00,0.461,7.754
2021-12-11 23:00,0.499,8.013
2021-12-12 00:00,0.436,7.580
2021-12-12 01:00,0.505,8.055
2021-12-12 02:00,0.634,8.977
2021-12-12 03:00,0.552,8.382
2021-12-12 04:00,0.479,7.869
2021-12-12 05:00,0.433,7.565
2021-12-12 06:00,0.428,7.527
2021-12-12 07:00,0.436,7.582
2021-12-12 08:00,0.377,7.169
2021-12-12 09:00,0.297,6.581
2021-12-12 10:00,0.226,6.003
2021-12-12 11:00,0.194,5.716
2021-12-12 12:00,0.224,5.983
2021-12-12 13:00,0.307,6.662
2021-12-12 14:00,0.405,7.367
2021-12-12 15:00,0.505,8.055
2021-12-12 16:00,0.594,8.669
2021-12-12 17:00,0.654,9.132
2021-12-12 18:00,0.691,9.418
2021-12-12 19:00,0.717,9.644
2021-12-12 20:00,0.737,9.824
2021-12-12 21:00,0.742,9.872
2021-12-12 22:00,0.744,9.892
2021-12-12 23:00,0.751,9.956
2021-12-13 00:00,0.694,9.447
2021-12-13 01:00,0.495,7.985
2021-12-13 02:00,0.622,8.886
2021-12-13 03:00,0.644,9.044
2021-12-13 04:00,0.692,9.430
2021-12-13 05:00,0.755,9.993
2021-12-13 06:00,0.810,10.576
2021-12-13 07:00,0.827,10.780
2021-12-13 08:00,0.744,9.889
2021-12-13 09:00,0.729,9.746
2021-12-13 10:00,0.755,9.999
2021-12-13 11:00,0.803,10.498
2021-12-13 12:00,0.853,11.140
2021-12-13 13:00,0.879,11.552
2021-12-13 14:00,0.888,11.707
2021-12-13 15:00,0.885,11.646
2021-12-13 16:00,0.865,11.309
2021-12-13 17:00,0.828,10.804
2021-12-13 18:00,0.780,10.243
2021-12-13 19:00,0.729,9.742
2021-12-13 20:00,0.679,9.324
2021-12-13 21:00,0.616,8.839
2021-12-13 22:00,0.609,8.789
2021-12-13 23:00,0.635,8.980
2021-12-14 00:00,0.596,8.688
2021-12-14 01:00,0.414,7.433
2021-12-14 02:00,0.387,7.238
2021-12-14 03:00,0.706,9.549
2021-12-14 04:00,0.779,10.238
2021-12-14 05:00,0.776,10.190
2021-12-14 06:00,0.735,9.812
2021-12-14 07:00,0.653,9.121
2021-12-14 08:00,0.502,8.033
2021-12-14 09:00,0.510,8.083
2021-12-14 10:00,0.539,8.289
2021-12-14 11:00,0.549,8.357
2021-12-14 12:00,0.591,8.651
2021-12-14 13:00,0.635,8.980
2021-12-14 14:00,0.661,9.170
2021-12-14 15:00,0.677,9.307
2021-12-14 16:00,0.699,9.484
2021-12-14 17:00,0.723,9.690
2021-12-14 18:00,0.734,9.801
2021-12-14 19:00,0.747,9.915
2021-12-14 20:00,0.750,9.942
2021-12-14 21:00,0.734,9.795
2021-12-14 22:00,0.735,9.804
2021-12-14 23:00,0.736,9.816
2021-12-15 00:00,0.723,9.696
2021-12-15 01:00,0.674,9.290
2021-12-15 02:00,0.824,10.744
2021-12-15 03:00,0.894,11.826
2021-12-15 04:00,0.946,13.115
2021-12-15 05:00,0.967,13.967
2021-12-15 06:00,0.968,13.993
2021-12-15 07:00,0.949,13.219
2021-12-15 08:00,0.898,11.889
2021-12-15 09:00,0.876,11.489
2021-12-15 10:00,0.857,11.199
2021-12-15 11:00,0.836,10.888
2021-12-15 12:00,0.828,10.802
2021-12-15 13:00,0.837,10.919
2021-12-15 14:00,0.819,10.692
2021-12-15 15:00,0.801,10.475
2021-12-15 16:00,0.769,10.130
2021-12-15 17:00,0.746,9.906
2021-12-15 18:00,0.740,9.858
2021-12-15 19:00,0.777,10.206
2021-12-15 20:00,0.845,11.017
2021-12-15 21:00,0.906,12.052
2021-12-15 22:00,0.929,12.594
2021-12-15 23:00,0.908,12.104
2021-12-16 00:00,0.867,11.344
2021-12-16 01:00,0.868,11.356
2021-12-16 02:00,0.833,10.860
2021-12-16 03:00,0.808,10.557
2021-12-16 04:00,0.814,10.617
2021-12-16 05:00,0.809,10.563
2021-12-16 06:00,0.793,10.385
2021-12-16 07:00,0.783,10.278
2021-12-16 08:00,0.761,10.054
2021-12-16 09:00,0.709,9.572
2021-12-16 10:00,0.696,9.465
2021-12-16 11:00,0.710,9.577
2021-12-16 12:00,0.743,9.886
2021-12-16 13:00,0.828,10.795
2021-12-16 14:00,0.915,12.257
2021-12-16 15:00,0.958,13.567
2021-12-16 16:00,0.966,13.895
2021-12-16 17:00,0.971,14.161
2021-12-16 18:00,0.958,13.546
2021-12-16 19:00,0.922,12.413
2021-12-16 20:00,0.892,11.764
2021-12-16 21:00,0.822,10.717
2021-12-16 22:00,0.654,9.131
2021-12-16 23:00,0.476,7.853
2021-12-17 00:00,0.374,7.146
2021-12-17 01:00,0.603,8.737
2021-12-17 02:00,0.721,9.680
2021-12-17 03:00,0.821,10.714
2021-12-17 04:00,0.867,11.339
2021-12-17 05:00,0.887,11.676
2021-12-17 06:00,0.901,11.947
2021-12-17 07:00,0.910,12.144
2021-12-17 08:00,0.868,11.356
2021-12-17 09:00,0.778,10.224
2021-12-17 10:00,0.711,9.592
2021-12-17 11:00,0.711,9.594
2021-12-17 12:00,0.774,10.170
2021-12-17 13:00,0.834,10.874
2021-12-17 14:00,0.875,11.480
2021-12-17 15:00,0.891,11.740
2021-12-17 16:00,0.919,12.343
2021-12-17 17:00,0.934,12.747
2021-12-17 18:00,0.919,12.337
2021-12-17 19:00,0.914,12.226
2021-12-17 20:00,0.906,12.066
2021-12-17 21:00,0.893,11.785
2021-12-17 22:00,0.893,11.793
2021-12-17 23:00,0.875,11.479
2021-12-18 00:00,0.821,10.712
2021-12-18 01:00,0.797,10.422
2021-12-18 02:00,0.922,12.403
2021-12-18 03:00,0.952,13.320
2021-12-18 04:00,0.968,13.990
2021-12-18 05:00,0.976,14.498
2021-12-18 06:00,0.980,14.744
2021-12-18 07:00,0.977,14.545
2021-12-18 08:00,0.963,13.767
2021-12-18 09:00,0.945,13.067
2021-12-18 10:00,0.934,12.733
2021-12-18 11:00,0.895,11.837
2021-12-18 12:00,0.837,10.908
2021-12-18 13:00,0.822,10.722
2021-12-18 14:00,0.834,10.869
2021-12-18 15:00,0.850,11.078
2021-12-18 16:00,0.863,11.274
2021-12-18 17:00,0.864,11.306
2021-12-18 18:00,0.866,11.328
2021-12-18 19:00,0.864,11.301
2021-12-18 20:00,0.863,11.286
2021-12-18 21:00,0.858,11.203
2021-12-18 22:00,0.855,11.157
2021-12-18 23:00,0.843,10.992
2021-12-19 00:00,0.800,10.460
2021-12-19 01:00,0.693,9.436
2021-12-19 02:00,0.748,9.920
2021-12-19 03:00,0.850,11.086
2021-12-19 04:00,0.905,12.044
2021-12-19 05:00,0.926,12.523
2021-12-19 06:00,0.926,12.528
2021-12-19 07:00,0.864,11.296
2021-12-19 08:00,0.778,10.227
2021-12-19 09:00,0.779,10.241
2021-12-19 10:00,0.789,10.339
2021-12-19 11:00,0.819,10.687
2021-12-19 12:00,0.855,11.169
2021-12-19 13:00,0.879,11.546
2021-12-19 14:00,0.889,11.720
2021-12-19 15:00,0.894,11.826
2021-12-19 16:00,0.894,11.812
2021-12-19 17:00,0.887,11.686
2021-12-19 18:00,0.874,11.465
2021-12-19 19:00,0.859,11.223
2021-12-19 20:00,0.850,11.092
2021-12-19 21:00,0.845,11.024
2021-12-19 22:00,0.843,10.999
2021-12-19 23:00,0.844,11.002
2021-12-20 00:00,0.817,10.660
2021-12-20 01:00,0.652,9.112
2021-12-20 02:00,0.502,8.035
2021-12-20 03:00,0.671,9.256
2021-12-20 04:00,0.795,10.407
2021-12-20 05:00,0.831,10.839
2021-12-20 06:00,0.840,10.951
2021-12-20 07:00,0.791,10.356
2021-12-20 08:00,0.734,9.797
2021-12-20 09:00,0.676,9.301
2021-12-20 10:00,0.622,8.886
2021-12-20 11:00,0.587,8.629
2021-12-20 12:00,0.581,8.580
2021-12-20 13:00,0.582,8.592
2021-12-20 14:00,0.563,8.459
2021-12-20 15:00,0.516,8.136
2021-12-20 16:00,0.460,7.746
2021-12-20 17:00,0.413,7.429
2021-12-20 18:00,0.383,7.218
2021-12-20 19:00,0.367,7.102
2021-12-20 20:00,0.370,7.123
2021-12-20 21:00,0.410,7.397
2021-12-20 22:00,0.466,7.780
2021-12-20 23:00,0.526,8.204
2021-12-21 00:00,0.581,8.576
2021-12-21 01:00,0.481,7.894
2021-12-21 02:00,0.260,6.294
2021-12-21 03:00,0.377,7.177
2021-12-21 04:00,0.581,8.589
2021-12-21 05:00,0.583,8.604
2021-12-21 06:00,0.533,8.245
2021-12-21 07:00,0.416,7.451
2021-12-21 08:00,0.380,7.189
2021-12-21 09:00,0.456,7.722
2021-12-21 10:00,0.510,8.080
2021-12-21 11:00,0.549,8.351
2021-12-21 12:00,0.573,8.524
2021-12-21 13:00,0.582,8.591
2021-12-21 14:00,0.581,8.584
2021-12-21 15:00,0.594,8.677
2021-12-21 16:00,0.648,9.085
2021-12-21 17:00,0.702,9.511
2021-12-21 18:00,0.731,9.774
2021-12-21 19:00,0.731,9.768
2021-12-21 20:00,0.743,9.884
2021-12-21 21:00,0.753,9.976
2021-12-21 22:00,0.755,9.997
2021-12-21 23:00,0.741,9.860
2021-12-22 00:00,0.691,9.419
2021-12-22 01:00,0.413,7.425
2021-12-22 02:00,0.137,5.115
2021-12-22 03:00,0.218,5.934
2021-12-22 04:00,0.185,5.626
2021-12-22 05:00,0.165,5.430
2021-12-22 06:00,0.168,5.452
2021-12-22 07:00,0.165,5.420
2021-12-22 08:00,0.142,5.175
2021-12-22 09:00,0.115,4.844
2021-12-22 10:00,0.083,4.386
2021-12-22 11:00,0.063,4.050
2021-12-22 12:00,0.063,4.051
2021-12-22 13:00,0.096,4.594
2021-12-22 14:00,0.184,5.614
2021-12-22 15:00,0.322,6.781
2021-12-22 16:00,0.471,7.823
2021-12-22 17:00,0.600,8.721
2021-12-22 18:00,0.659,9.162
2021-12-22 19:00,0.669,9.244
2021-12-22 20:00,0.674,9.289
2021-12-22 21:00,0.675,9.295
2021-12-22 22:00,0.653,9.123
2021-12-22 23:00,0.600,8.717
2021-12-23 00:00,0.541,8.296
2021-12-23 01:00,0.577,8.553
2021-12-23 02:00,0.675,9.293
2021-12-23 03:00,0.651,9.104
2021-12-23 04:00,0.609,8.780
2021-12-23 05:00,0.618,8.855
2021-12-23 06:00,0.674,9.285
2021-12-23 07:00,0.739,9.834
2021-12-23 08:00,0.769,10.132
2021-12-23 09:00,0.746,9.901
2021-12-23 10:00,0.762,10.065
2021-12-23 11:00,0.734,9.803
2021-12-23 12:00,0.700,9.492
2021-12-23 13:00,0.658,9.161
2021-12-23 14:00,0.581,8.579
2021-12-23 15:00,0.454,7.711
2021-12-23 16:00,0.339,6.907
2021-12-23 17:00,0.261,6.307
2021-12-23 18:00,0.194,5.720
2021-12-23 19:00,0.169,5.467
2021-12-23 20:00,0.176,5.528
2021-12-23 21:00,0.195,5.725
2021-12-23 22:00,0.226,6.005
2021-12-23 23:00,0.251,6.214
2021-12-24 00:00,0.272,6.391
2021-12-24 01:00,0.311,6.698
2021-12-24 02:00,0.266,6.343
2021-12-24 03:00,0.238,6.106
2021-12-24 04:00,0.251,6.219
2021-12-24 05:00,0.295,6.572
2021-12-24 06:00,0.355,7.013
2021-12-24 07:00,0.418,7.460
2021-12-24 08:00,0.473,7.835
2021-12-24 09:00,0.429,7.532
2021-12-24 10:00,0.398,7.323
2021-12-24 11:00,0.390,7.265
2021-12-24 12:00,0.362,7.069
2021-12-24 13:00,0.316,6.729
2021-12-24 14:00,0.276,6.421
2021-12-24 15:00,0.274,6.409
2021-12-24 16:00,0.290,6.535
2021-12-24 17:00,0.321,6.774
2021-12-24 18:00,0.360,7.061
2021-12-24 19:00,0.403,7.354
2021-12-24 20:00,0.439,7.599
2021-12-24 21:00,0.463,7.770
2021-12-24 22:00,0.479,7.880
2021-12-24 23:00,0.485,7.916
2021-12-25 00:00,0.435,7.574
2021-12-25 01:00,0.689,9.408
2021-12-25 02:00,0.735,9.811
2021-12-25 03:00,0.637,8.998
2021-12-25 04:00,0.533,8.248
2021-12-25 05:00,0.463,7.766
2021-12-25 06:00,0.436,7.578
2021-12-25 07:00,0.451,7.691
2021-12-25 08:00,0.472,7.828
2021-12-25 09:00,0.479,7.875
2021-12-25 10:00,0.525,8.198
2021-12-25 11:00,0.559,8.429
2021-12-25 12:00,0.590,8.644
2021-12-25 13:00,0.632,8.958
2021-12-25 14:00,0.689,9.402
2021-12-25 15:00,0.723,9.701
2021-12-25 16:00,0.753,9.979
2021-12-25 17:00,0.787,10.319
2021-12-25 18:00,0.815,10.639
2021-12-25 19:00,0.840,10.958
2021-12-25 20:00,0.864,11.296
2021-12-25 21:00,0.874,11.462
2021-12-25 22:00,0.878,11.519
2021-12-25 23:00,0.880,11.554
2021-12-26 00:00,0.855,11.159
2021-12-26 01:00,0.781,10.261
2021-12-26 02:00,0.912,12.180
2021-12-26 03:00,0.922,12.401
2021-12-26 04:00,0.914,12.231
2021-12-26 05:00,0.899,11.899
2021-12-26 06:00,0.883,11.618
2021-12-26 07:00,0.855,11.152
2021-12-26 08:00,0.767,10.099
2021-12-26 09:00,0.716,9.641
2021-12-26 10:00,0.731,9.767
2021-12-26 11:00,0.767,10.110
2021-12-26 12:00,0.786,10.315
2021-12-26 13:00,0.799,10.453
2021-12-26 14:00,0.811,10.588
2021-12-26 15:00,0.837,10.910
2021-12-26 16:00,0.863,11.288
2021-12-26 17:00,0.882,11.585
2021-12-26 18:00,0.892,11.773
2021-12-26 19:00,0.897,11.866
2021-12-26 20:00,0.896,11.858
2021-12-26 21:00,0.889,11.724
2021-12-26 22:00,0.884,11.637
2021-12-26 23:00,0.879,11.529
2021-12-27 00:00,0.834,10.878
2021-12-27 01:00,0.571,8.509
2021-12-27 02:00,0.238,6.116
2021-12-27 03:00,0.221,5.953
2021-12-27 04:00,0.209,5.856
2021-12-27 05:00,0.155,5.311
2021-12-27 06:00,0.125,4.972
2021-12-27 07:00,0.115,4.844
2021-12-27 08:00,0.148,5.237
2021-12-27 09:00,0.197,5.740
2021-12-27 10:00,0.240,6.129
2021-12-27 11:00,0.293,6.557
2021-12-27 12:00,0.351,6.985
2021-12-27 13:00,0.397,7.315
2021-12-27 14:00,0.417,7.456
2021-12-27 15:00,0.451,7.688
2021-12-27 16:00,0.492,7.967
2021-12-27 17:00,0.522,8.166
2021-12-27 18:00,0.549,8.360
2021-12-27 19:00,0.588,8.639
2021-12-27 20:00,0.632,8.958
2021-12-27 21:00,0.651,9.104
2021-12-27 22:00,0.665,9.212
2021-12-27 23:00,0.696,9.471
2021-12-28 00:00,0.727,9.734
2021-12-28 01:00,0.572,8.511
2021-12-28 02:00,0.356,7.029
2021-12-28 03:00,0.497,8.000
2021-12-28 04:00,0.482,7.896
2021-12-28 05:00,0.524,8.189
2021-12-28 06:00,0.620,8.868
2021-12-28 07:00,0.689,9.406
2021-12-28 08:00,0.708,9.568
2021-12-28 09:00,0.791,10.360
2021-12-28 10:00,0.820,10.694
2021-12-28 11:00,0.811,10.591
2021-12-28 12:00,0.827,10.786
2021-12-28 13:00,0.848,11.071
2021-12-28 14:00,0.856,11.178
2021-12-28 15:00,0.850,11.087
2021-12-28 16:00,0.848,11.070
2021-12-28 17:00,0.846,11.034
2021-12-28 18:00,0.850,11.092
2021-12-28 19:00,0.862,11.271
2021-12-28 20:00,0.876,11.484
2021-12-28 21:00,0.872,11.421
2021-12-28 22:00,0.850,11.081
2021-12-28 23:00,0.815,10.638
2021-12-29 00:00,0.780,10.245
2021-12-29 01:00,0.637,8.991
2021-12-29 02:00,0.886,11.660
2021-12-29 03:00,0.958,13.534
2021-12-29 04:00,0.976,14.447
2021-12-29 05:00,0.985,15.213
2021-12-29 06:00,0.988,15.574
2021-12-29 07:00,0.986,15.291
2021-12-29 08:00,0.972,14.199
2021-12-29 09:00,0.932,12.691
2021-12-29 10:00,0.878,11.516
2021-12-29 11:00,0.786,10.315
2021-12-29 12:00,0.747,9.914
2021-12-29 13:00,0.758,10.024
2021-12-29 14:00,0.762,10.062
2021-12-29 15:00,0.811,10.581
2021-12-29 16:00,0.843,10.992
2021-12-29 17:00,0.851,11.102
2021-12-29 18:00,0.850,11.092
2021-12-29 19:00,0.857,11.191
2021-12-29 20:00,0.865,11.321
2021-12-29 21:00,0.860,11.234
2021-12-29 22:00,0.855,11.150
2021-12-29 23:00,0.846,11.032
2021-12-30 00:00,0.792,10.365
2021-12-30 01:00,0.600,8.711
2021-12-30 02:00,0.832,10.843
2021-12-30 03:00,0.956,13.463
2021-12-30 04:00,0.961,13.675
2021-12-30 05:00,0.950,13.240
2021-12-30 06:00,0.919,12.349
2021-12-30 07:00,0.846,11.034
2021-12-30 08:00,0.638,9.003
2021-12-30 09:00,0.453,7.702
2021-12-30 10:00,0.357,7.033
2021-12-30 11:00,0.347,6.957
2021-12-30 12:00,0.413,7.424
2021-12-30 13:00,0.486,7.920
2021-12-30 14:00,0.536,8.271
2021-12-30 15:00,0.606,8.761
2021-12-30 16:00,0.674,9.287
2021-12-30 17:00,0.702,9.516
2021-12-30 18:00,0.703,9.523
2021-12-30 19:00,0.703,9.529
2021-12-30 20:00,0.709,9.572
2021-12-30 21:00,0.707,9.556
2021-12-30 22:00,0.712,9.601
2021-12-30 23:00,0.731,9.770
2021-12-31 00:00,0.730,9.760
2021-12-31 01:00,0.502,8.030
2021-12-31 02:00,0.281,6.466
2021-12-31 03:00,0.427,7.524
2021-12-31 04:00,0.508,8.073
2021-12-31 05:00,0.566,8.479
2021-12-31 06:00,0.606,8.765
2021-12-31 07:00,0.604,8.742
2021-12-31 08:00,0.577,8.555
2021-12-31 09:00,0.677,9.311
2021-12-31 10:00,0.734,9.796
2021-12-31 11:00,0.777,10.211
2021-12-31 12:00,0.817,10.663
2021-12-31 13:00,0.853,11.131
2021-12-31 14:00,0.881,11.575
2021-12-31 15:00,0.896,11.849
2021-12-31 16:00,0.901,11.940
2021-12-31 17:00,0.893,11.789
2021-12-31 18:00,0.869,11.373
2021-12-31 19:00,0.835,10.886
2021-12-31 20:00,0.802,10.485
2021-12-31 21:00,0.804,10.512
2021-12-31 22:00,0.834,10.871
2021-12-31 23:00,0.861,11.245
