# Renewables.ninja Wind power (Point API) - 43.900, 116.000 - Version: 1.4 - License: https://creativecommons.org/licenses/by-nc/4.0/ - Reference: https://doi.org/10.1016/j.energy.2016.08.068
# Units: time in UTC, electricity in kW, wind_speed in m/s
# {"units": {"time": "UTC", "electricity": "kW", "wind_speed": "m/s"}, "params": {"lat": "43.9", "lon": "116.0", "date_from": "2021-01-01", "date_to": "2021-12-31", "dataset": "merra2", "capacity": "1", "height": "100", "turbine": "Vestas V112 3000", "header": "true", "raw": "true"}}
time,electricity,wind_speed
2021-01-01 00:00,0.010,2.594
2021-01-01 01:00,0.008,2.477
2021-01-01 02:00,0.006,2.293
2021-01-01 03:00,0.005,2.263
2021-01-01 04:00,0.010,2.555
2021-01-01 05:00,0.015,2.829
2021-01-01 06:00,0.020,3.017
2021-01-01 07:00,0.032,3.372
2021-01-01 08:00,0.043,3.664
2021-01-01 09:00,0.039,3.559
2021-01-01 10:00,0.027,3.244
2021-01-01 11:00,0.018,2.944
2021-01-01 12:00,0.015,2.795
2021-01-01 13:00,0.016,2.867
2021-01-01 14:00,0.024,3.143
2021-01-01 15:00,0.030,3.334
2021-01-01 16:00,0.033,3.409
2021-01-01 17:00,0.039,3.558
2021-01-01 18:00,0.054,3.883
2021-01-01 19:00,0.077,4.297
2021-01-01 20:00,0.097,4.600
2021-01-01 21:00,0.121,4.919
2021-01-01 22:00,0.149,5.254
2021-01-01 23:00,0.181,5.584
2021-01-02 00:00,0.225,5.998
2021-01-02 01:00,0.258,6.282
2021-01-02 02:00,0.232,6.059
2021-01-02 03:00,0.309,6.674
2021-01-02 04:00,0.423,7.488
2021-01-02 05:00,0.526,8.202
2021-01-02 06:00,0.593,8.667
2021-01-02 07:00,0.630,8.942
2021-01-02 08:00,0.645,9.058
2021-01-02 09:00,0.666,9.226
2021-01-02 10:00,0.710,9.579
2021-01-02 11:00,0.736,9.820
2021-01-02 12:00,0.714,9.619
2021-01-02 13:00,0.706,9.548
2021-01-02 14:00,0.702,9.515
2021-01-02 15:00,0.712,9.603
2021-01-02 16:00,0.672,9.269
2021-01-02 17:00,0.628,8.933
2021-01-02 18:00,0.616,8.836
2021-01-02 19:00,0.586,8.620
2021-01-02 20:00,0.567,8.485
2021-01-02 21:00,0.544,8.317
2021-01-02 22:00,0.518,8.144
2021-01-02 23:00,0.493,7.976
2021-01-03 00:00,0.487,7.934
2021-01-03 01:00,0.479,7.874
2021-01-03 02:00,0.425,7.505
2021-01-03 03:00,0.445,7.638
2021-01-03 04:00,0.513,8.107
2021-01-03 05:00,0.536,8.267
2021-01-03 06:00,0.533,8.245
2021-01-03 07:00,0.510,8.082
2021-01-03 08:00,0.423,7.491
2021-01-03 09:00,0.416,7.447
2021-01-03 10:00,0.439,7.599
2021-01-03 11:00,0.448,7.660
2021-01-03 12:00,0.428,7.525
2021-01-03 13:00,0.400,7.329
2021-01-03 14:00,0.366,7.094
2021-01-03 15:00,0.345,6.944
2021-01-03 16:00,0.343,6.934
2021-01-03 17:00,0.345,6.951
2021-01-03 18:00,0.348,6.968
2021-01-03 19:00,0.370,7.119
2021-01-03 20:00,0.406,7.376
2021-01-03 21:00,0.454,7.713
2021-01-03 22:00,0.496,7.989
2021-01-03 23:00,0.520,8.155
2021-01-04 00:00,0.554,8.394
2021-01-04 01:00,0.572,8.520
2021-01-04 02:00,0.569,8.498
2021-01-04 03:00,0.666,9.222
2021-01-04 04:00,0.753,9.973
2021-01-04 05:00,0.791,10.361
2021-01-04 06:00,0.811,10.585
2021-01-04 07:00,0.827,10.783
2021-01-04 08:00,0.832,10.844
2021-01-04 09:00,0.802,10.481
2021-01-04 10:00,0.788,10.328
2021-01-04 11:00,0.771,10.149
2021-01-04 12:00,0.730,9.761
2021-01-04 13:00,0.677,9.310
2021-01-04 14:00,0.645,9.060
2021-01-04 15:00,0.616,8.830
2021-01-04 16:00,0.595,8.683
2021-01-04 17:00,0.565,8.471
2021-01-04 18:00,0.523,8.173
2021-01-04 19:00,0.486,7.922
2021-01-04 20:00,0.455,7.718
2021-01-04 21:00,0.463,7.771
2021-01-04 22:00,0.497,7.994
2021-01-04 23:00,0.526,8.201
2021-01-05 00:00,0.539,8.290
2021-01-05 01:00,0.489,7.951
2021-01-05 02:00,0.480,7.888
2021-01-05 03:00,0.599,8.720
2021-01-05 04:00,0.742,9.872
2021-01-05 05:00,0.824,10.749
2021-01-05 06:00,0.815,10.638
2021-01-05 07:00,0.752,9.965
2021-01-05 08:00,0.623,8.893
2021-01-05 09:00,0.522,8.167
2021-01-05 10:00,0.490,7.953
2021-01-05 11:00,0.559,8.421
2021-01-05 12:00,0.670,9.254
2021-01-05 13:00,0.732,9.782
2021-01-05 14:00,0.692,9.432
2021-01-05 15:00,0.668,9.235
2021-01-05 16:00,0.591,8.651
2021-01-05 17:00,0.513,8.107
2021-01-05 18:00,0.743,9.879
2021-01-05 19:00,0.836,10.888
2021-01-05 20:00,0.850,11.078
2021-01-05 21:00,0.844,11.005
2021-01-05 22:00,0.829,10.816
2021-01-05 23:00,0.813,10.611
2021-01-06 00:00,0.800,10.467
2021-01-06 01:00,0.791,10.361
2021-01-06 02:00,0.795,10.403
2021-01-06 03:00,0.826,10.772
2021-01-06 04:00,0.856,11.183
2021-01-06 05:00,0.867,11.340
2021-01-06 06:00,0.869,11.376
2021-01-06 07:00,0.879,11.531
2021-01-06 08:00,0.869,11.375
2021-01-06 09:00,0.807,10.542
2021-01-06 10:00,0.779,10.239
2021-01-06 11:00,0.799,10.442
2021-01-06 12:00,0.800,10.469
2021-01-06 13:00,0.789,10.342
2021-01-06 14:00,0.760,10.046
2021-01-06 15:00,0.765,10.085
2021-01-06 16:00,0.782,10.266
2021-01-06 17:00,0.791,10.361
2021-01-06 18:00,0.795,10.401
2021-01-06 19:00,0.797,10.426
2021-01-06 20:00,0.791,10.364
2021-01-06 21:00,0.748,9.926
2021-01-06 22:00,0.699,9.487
2021-01-06 23:00,0.663,9.199
2021-01-07 00:00,0.621,8.879
2021-01-07 01:00,0.663,9.191
2021-01-07 02:00,0.799,10.441
2021-01-07 03:00,0.879,11.541
2021-01-07 04:00,0.921,12.391
2021-01-07 05:00,0.941,12.920
2021-01-07 06:00,0.951,13.277
2021-01-07 07:00,0.954,13.396
2021-01-07 08:00,0.946,13.091
2021-01-07 09:00,0.909,12.120
2021-01-07 10:00,0.858,11.207
2021-01-07 11:00,0.808,10.557
2021-01-07 12:00,0.787,10.318
2021-01-07 13:00,0.786,10.310
2021-01-07 14:00,0.783,10.277
2021-01-07 15:00,0.779,10.242
2021-01-07 16:00,0.753,9.976
2021-01-07 17:00,0.710,9.586
2021-01-07 18:00,0.669,9.248
2021-01-07 19:00,0.645,9.057
2021-01-07 20:00,0.628,8.933
2021-01-07 21:00,0.582,8.595
2021-01-07 22:00,0.556,8.402
2021-01-07 23:00,0.574,8.531
2021-01-08 00:00,0.601,8.731
2021-01-08 01:00,0.565,8.475
2021-01-08 02:00,0.612,8.808
2021-01-08 03:00,0.708,9.570
2021-01-08 04:00,0.839,10.936
2021-01-08 05:00,0.903,11.991
2021-01-08 06:00,0.926,12.532
2021-01-08 07:00,0.920,12.369
2021-01-08 08:00,0.892,11.772
2021-01-08 09:00,0.855,11.152
2021-01-08 10:00,0.805,10.518
2021-01-08 11:00,0.754,9.991
2021-01-08 12:00,0.746,9.900
2021-01-08 13:00,0.717,9.642
2021-01-08 14:00,0.685,9.376
2021-01-08 15:00,0.658,9.151
2021-01-08 16:00,0.672,9.261
2021-01-08 17:00,0.638,9.003
2021-01-08 18:00,0.580,8.573
2021-01-08 19:00,0.516,8.120
2021-01-08 20:00,0.497,7.998
2021-01-08 21:00,0.502,8.029
2021-01-08 22:00,0.519,8.147
2021-01-08 23:00,0.551,8.374
2021-01-09 00:00,0.574,8.533
2021-01-09 01:00,0.540,8.296
2021-01-09 02:00,0.591,8.659
2021-01-09 03:00,0.621,8.877
2021-01-09 04:00,0.707,9.562
2021-01-09 05:00,0.788,10.328
2021-01-09 06:00,0.828,10.794
2021-01-09 07:00,0.787,10.321
2021-01-09 08:00,0.742,9.875
2021-01-09 09:00,0.704,9.532
2021-01-09 10:00,0.658,9.158
2021-01-09 11:00,0.636,8.987
2021-01-09 12:00,0.748,9.927
2021-01-09 13:00,0.777,10.212
2021-01-09 14:00,0.720,9.668
2021-01-09 15:00,0.679,9.324
2021-01-09 16:00,0.655,9.135
2021-01-09 17:00,0.619,8.864
2021-01-09 18:00,0.546,8.338
2021-01-09 19:00,0.520,8.159
2021-01-09 20:00,0.483,7.905
2021-01-09 21:00,0.476,7.856
2021-01-09 22:00,0.460,7.751
2021-01-09 23:00,0.442,7.627
2021-01-10 00:00,0.383,7.221
2021-01-10 01:00,0.258,6.280
2021-01-10 02:00,0.190,5.675
2021-01-10 03:00,0.227,6.009
2021-01-10 04:00,0.336,6.883
2021-01-10 05:00,0.513,8.101
2021-01-10 06:00,0.606,8.765
2021-01-10 07:00,0.564,8.467
2021-01-10 08:00,0.506,8.067
2021-01-10 09:00,0.583,8.603
2021-01-10 10:00,0.625,8.900
2021-01-10 11:00,0.613,8.819
2021-01-10 12:00,0.609,8.785
2021-01-10 13:00,0.625,8.904
2021-01-10 14:00,0.661,9.175
2021-01-10 15:00,0.705,9.547
2021-01-10 16:00,0.694,9.449
2021-01-10 17:00,0.646,9.066
2021-01-10 18:00,0.635,8.979
2021-01-10 19:00,0.597,8.698
2021-01-10 20:00,0.577,8.560
2021-01-10 21:00,0.595,8.685
2021-01-10 22:00,0.614,8.824
2021-01-10 23:00,0.637,8.990
2021-01-11 00:00,0.675,9.293
2021-01-11 01:00,0.637,8.995
2021-01-11 02:00,0.582,8.592
2021-01-11 03:00,0.637,8.997
2021-01-11 04:00,0.702,9.517
2021-01-11 05:00,0.753,9.974
2021-01-11 06:00,0.772,10.157
2021-01-11 07:00,0.760,10.042
2021-01-11 08:00,0.680,9.336
2021-01-11 09:00,0.677,9.311
2021-01-11 10:00,0.685,9.376
2021-01-11 11:00,0.669,9.246
2021-01-11 12:00,0.661,9.171
2021-01-11 13:00,0.692,9.431
2021-01-11 14:00,0.712,9.606
2021-01-11 15:00,0.721,9.674
2021-01-11 16:00,0.773,10.169
2021-01-11 17:00,0.777,10.219
2021-01-11 18:00,0.880,11.566
2021-01-11 19:00,0.897,11.885
2021-01-11 20:00,0.874,11.461
2021-01-11 21:00,0.838,10.932
2021-01-11 22:00,0.788,10.324
2021-01-11 23:00,0.738,9.836
2021-01-12 00:00,0.654,9.129
2021-01-12 01:00,0.617,8.847
2021-01-12 02:00,0.702,9.516
2021-01-12 03:00,0.780,10.244
2021-01-12 04:00,0.829,10.808
2021-01-12 05:00,0.826,10.775
2021-01-12 06:00,0.817,10.660
2021-01-12 07:00,0.710,9.586
2021-01-12 08:00,0.542,8.300
2021-01-12 09:00,0.456,7.722
2021-01-12 10:00,0.407,7.382
2021-01-12 11:00,0.373,7.138
2021-01-12 12:00,0.339,6.907
2021-01-12 13:00,0.309,6.675
2021-01-12 14:00,0.256,6.256
2021-01-12 15:00,0.212,5.881
2021-01-12 16:00,0.174,5.519
2021-01-12 17:00,0.148,5.239
2021-01-12 18:00,0.144,5.192
2021-01-12 19:00,0.192,5.692
2021-01-12 20:00,0.265,6.340
2021-01-12 21:00,0.343,6.931
2021-01-12 22:00,0.426,7.508
2021-01-12 23:00,0.460,7.742
2021-01-13 00:00,0.366,7.094
2021-01-13 01:00,0.215,5.912
2021-01-13 02:00,0.226,6.006
2021-01-13 03:00,0.417,7.459
2021-01-13 04:00,0.595,8.684
2021-01-13 05:00,0.668,9.234
2021-01-13 06:00,0.650,9.095
2021-01-13 07:00,0.507,8.068
2021-01-13 08:00,0.313,6.705
2021-01-13 09:00,0.157,5.337
2021-01-13 10:00,0.074,4.242
2021-01-13 11:00,0.044,3.684
2021-01-13 12:00,0.044,3.671
2021-01-13 13:00,0.066,4.112
2021-01-13 14:00,0.087,4.455
2021-01-13 15:00,0.094,4.560
2021-01-13 16:00,0.093,4.551
2021-01-13 17:00,0.106,4.721
2021-01-13 18:00,0.104,4.693
2021-01-13 19:00,0.123,4.945
2021-01-13 20:00,0.208,5.850
2021-01-13 21:00,0.287,6.516
2021-01-13 22:00,0.321,6.767
2021-01-13 23:00,0.321,6.760
2021-01-14 00:00,0.299,6.609
2021-01-14 01:00,0.227,6.012
2021-01-14 02:00,0.163,5.401
2021-01-14 03:00,0.093,4.542
2021-01-14 04:00,0.062,4.037
2021-01-14 05:00,0.090,4.501
2021-01-14 06:00,0.171,5.488
2021-01-14 07:00,0.234,6.076
2021-01-14 08:00,0.280,6.455
2021-01-14 09:00,0.348,6.969
2021-01-14 10:00,0.413,7.420
2021-01-14 11:00,0.470,7.816
2021-01-14 12:00,0.505,8.048
2021-01-14 13:00,0.523,8.173
2021-01-14 14:00,0.553,8.390
2021-01-14 15:00,0.548,8.347
2021-01-14 16:00,0.515,8.116
2021-01-14 17:00,0.457,7.730
2021-01-14 18:00,0.407,7.385
2021-01-14 19:00,0.352,6.993
2021-01-14 20:00,0.298,6.595
2021-01-14 21:00,0.232,6.058
2021-01-14 22:00,0.169,5.463
2021-01-14 23:00,0.126,4.983
2021-01-15 00:00,0.091,4.517
2021-01-15 01:00,0.055,3.902
2021-01-15 02:00,0.036,3.490
2021-01-15 03:00,0.061,4.018
2021-01-15 04:00,0.151,5.272
2021-01-15 05:00,0.265,6.335
2021-01-15 06:00,0.382,7.210
2021-01-15 07:00,0.484,7.911
2021-01-15 08:00,0.559,8.423
2021-01-15 09:00,0.545,8.323
2021-01-15 10:00,0.542,8.308
2021-01-15 11:00,0.563,8.460
2021-01-15 12:00,0.533,8.251
2021-01-15 13:00,0.489,7.947
2021-01-15 14:00,0.486,7.926
2021-01-15 15:00,0.525,8.192
2021-01-15 16:00,0.572,8.510
2021-01-15 17:00,0.612,8.811
2021-01-15 18:00,0.654,9.125
2021-01-15 19:00,0.685,9.374
2021-01-15 20:00,0.690,9.413
2021-01-15 21:00,0.669,9.242
2021-01-15 22:00,0.640,9.017
2021-01-15 23:00,0.633,8.970
2021-01-16 00:00,0.616,8.838
2021-01-16 01:00,0.554,8.393
2021-01-16 02:00,0.553,8.390
2021-01-16 03:00,0.610,8.793
2021-01-16 04:00,0.705,9.540
2021-01-16 05:00,0.772,10.153
2021-01-16 06:00,0.811,10.582
2021-01-16 07:00,0.805,10.519
2021-01-16 08:00,0.723,9.692
2021-01-16 09:00,0.768,10.128
2021-01-16 10:00,0.812,10.596
2021-01-16 11:00,0.869,11.381
2021-01-16 12:00,0.883,11.615
2021-01-16 13:00,0.863,11.289
2021-01-16 14:00,0.858,11.203
2021-01-16 15:00,0.872,11.423
2021-01-16 16:00,0.882,11.579
2021-01-16 17:00,0.888,11.705
2021-01-16 18:00,0.895,11.835
2021-01-16 19:00,0.903,11.989
2021-01-16 20:00,0.909,12.115
2021-01-16 21:00,0.906,12.057
2021-01-16 22:00,0.898,11.893
2021-01-16 23:00,0.886,11.662
2021-01-17 00:00,0.857,11.188
2021-01-17 01:00,0.760,10.046
2021-01-17 02:00,0.823,10.731
2021-01-17 03:00,0.861,11.240
2021-01-17 04:00,0.907,12.070
2021-01-17 05:00,0.922,12.400
2021-01-17 06:00,0.918,12.328
2021-01-17 07:00,0.874,11.464
2021-01-17 08:00,0.823,10.732
2021-01-17 09:00,0.809,10.566
2021-01-17 10:00,0.755,9.993
2021-01-17 11:00,0.654,9.132
2021-01-17 12:00,0.539,8.293
2021-01-17 13:00,0.439,7.602
2021-01-17 14:00,0.413,7.426
2021-01-17 15:00,0.410,7.403
2021-01-17 16:00,0.367,7.106
2021-01-17 17:00,0.332,6.847
2021-01-17 18:00,0.338,6.899
2021-01-17 19:00,0.408,7.387
2021-01-17 20:00,0.461,7.754
2021-01-17 21:00,0.374,7.156
2021-01-17 22:00,0.209,5.860
2021-01-17 23:00,0.108,4.754
2021-01-18 00:00,0.081,4.357
2021-01-18 01:00,0.065,4.101
2021-01-18 02:00,0.030,3.323
2021-01-18 03:00,0.005,2.275
2021-01-18 04:00,0.002,1.911
2021-01-18 05:00,0.003,1.968
2021-01-18 06:00,0.001,1.692
2021-01-18 07:00,0.001,1.490
2021-01-18 08:00,0.007,2.373
2021-01-18 09:00,0.063,4.050
2021-01-18 10:00,0.164,5.418
2021-01-18 11:00,0.267,6.346
2021-01-18 12:00,0.358,7.040
2021-01-18 13:00,0.443,7.632
2021-01-18 14:00,0.517,8.141
2021-01-18 15:00,0.597,8.693
2021-01-18 16:00,0.672,9.262
2021-01-18 17:00,0.774,10.178
2021-01-18 18:00,0.775,10.197
2021-01-18 19:00,0.706,9.550
2021-01-18 20:00,0.663,9.191
2021-01-18 21:00,0.613,8.821
2021-01-18 22:00,0.577,8.557
2021-01-18 23:00,0.575,8.541
2021-01-19 00:00,0.533,8.248
2021-01-19 01:00,0.374,7.151
2021-01-19 02:00,0.203,5.791
2021-01-19 03:00,0.213,5.891
2021-01-19 04:00,0.243,6.156
2021-01-19 05:00,0.207,5.841
2021-01-19 06:00,0.169,5.467
2021-01-19 07:00,0.159,5.359
2021-01-19 08:00,0.227,6.007
2021-01-19 09:00,0.334,6.865
2021-01-19 10:00,0.508,8.073
2021-01-19 11:00,0.700,9.501
2021-01-19 12:00,0.808,10.553
2021-01-19 13:00,0.853,11.127
2021-01-19 14:00,0.867,11.333
2021-01-19 15:00,0.872,11.435
2021-01-19 16:00,0.858,11.212
2021-01-19 17:00,0.820,10.702
2021-01-19 18:00,0.779,10.235
2021-01-19 19:00,0.748,9.930
2021-01-19 20:00,0.723,9.698
2021-01-19 21:00,0.719,9.651
2021-01-19 22:00,0.731,9.774
2021-01-19 23:00,0.746,9.907
2021-01-20 00:00,0.822,10.719
2021-01-20 01:00,0.799,10.444
2021-01-20 02:00,0.876,11.500
2021-01-20 03:00,0.874,11.466
2021-01-20 04:00,0.875,11.476
2021-01-20 05:00,0.853,11.134
2021-01-20 06:00,0.791,10.355
2021-01-20 07:00,0.624,8.893
2021-01-20 08:00,0.609,8.778
2021-01-20 09:00,0.708,9.571
2021-01-20 10:00,0.756,10.002
2021-01-20 11:00,0.767,10.106
2021-01-20 12:00,0.738,9.829
2021-01-20 13:00,0.675,9.291
2021-01-20 14:00,0.648,9.083
2021-01-20 15:00,0.674,9.284
2021-01-20 16:00,0.688,9.397
2021-01-20 17:00,0.684,9.371
2021-01-20 18:00,0.661,9.183
2021-01-20 19:00,0.648,9.079
2021-01-20 20:00,0.650,9.098
2021-01-20 21:00,0.637,8.988
2021-01-20 22:00,0.607,8.771
2021-01-20 23:00,0.577,8.559
2021-01-21 00:00,0.493,7.975
2021-01-21 01:00,0.315,6.725
2021-01-21 02:00,0.154,5.297
2021-01-21 03:00,0.139,5.143
2021-01-21 04:00,0.198,5.756
2021-01-21 05:00,0.224,5.995
2021-01-21 06:00,0.227,6.013
2021-01-21 07:00,0.203,5.787
2021-01-21 08:00,0.185,5.624
2021-01-21 09:00,0.149,5.247
2021-01-21 10:00,0.108,4.754
2021-01-21 11:00,0.076,4.274
2021-01-21 12:00,0.045,3.697
2021-01-21 13:00,0.020,3.016
2021-01-21 14:00,0.006,2.335
2021-01-21 15:00,0.007,2.358
2021-01-21 16:00,0.012,2.689
2021-01-21 17:00,0.024,3.159
2021-01-21 18:00,0.043,3.639
2021-01-21 19:00,0.062,4.040
2021-01-21 20:00,0.079,4.330
2021-01-21 21:00,0.107,4.739
2021-01-21 22:00,0.156,5.320
2021-01-21 23:00,0.220,5.948
2021-01-22 00:00,0.285,6.497
2021-01-22 01:00,0.266,6.343
2021-01-22 02:00,0.245,6.167
2021-01-22 03:00,0.206,5.827
2021-01-22 04:00,0.163,5.399
2021-01-22 05:00,0.138,5.125
2021-01-22 06:00,0.102,4.660
2021-01-22 07:00,0.079,4.328
2021-01-22 08:00,0.096,4.593
2021-01-22 09:00,0.170,5.478
2021-01-22 10:00,0.323,6.787
2021-01-22 11:00,0.531,8.232
2021-01-22 12:00,0.712,9.604
2021-01-22 13:00,0.819,10.680
2021-01-22 14:00,0.856,11.184
2021-01-22 15:00,0.862,11.263
2021-01-22 16:00,0.853,11.140
2021-01-22 17:00,0.842,10.981
2021-01-22 18:00,0.834,10.871
2021-01-22 19:00,0.826,10.765
2021-01-22 20:00,0.813,10.602
2021-01-22 21:00,0.784,10.288
2021-01-22 22:00,0.755,9.995
2021-01-22 23:00,0.741,9.860
2021-01-23 00:00,0.676,9.300
2021-01-23 01:00,0.440,7.612
2021-01-23 02:00,0.190,5.681
2021-01-23 03:00,0.109,4.764
2021-01-23 04:00,0.108,4.757
2021-01-23 05:00,0.099,4.622
2021-01-23 06:00,0.087,4.453
2021-01-23 07:00,0.104,4.703
2021-01-23 08:00,0.142,5.176
2021-01-23 09:00,0.139,5.137
2021-01-23 10:00,0.120,4.904
2021-01-23 11:00,0.111,4.783
2021-01-23 12:00,0.112,4.802
2021-01-23 13:00,0.122,4.936
2021-01-23 14:00,0.141,5.156
2021-01-23 15:00,0.191,5.688
2021-01-23 16:00,0.279,6.442
2021-01-23 17:00,0.360,7.054
2021-01-23 18:00,0.405,7.368
2021-01-23 19:00,0.406,7.374
2021-01-23 20:00,0.374,7.155
2021-01-23 21:00,0.293,6.563
2021-01-23 22:00,0.241,6.137
2021-01-23 23:00,0.249,6.204
2021-01-24 00:00,0.255,6.252
2021-01-24 01:00,0.191,5.684
2021-01-24 02:00,0.093,4.535
2021-01-24 03:00,0.060,4.003
2021-01-24 04:00,0.055,3.916
2021-01-24 05:00,0.059,3.969
2021-01-24 06:00,0.054,3.876
2021-01-24 07:00,0.041,3.614
2021-01-24 08:00,0.029,3.292
2021-01-24 09:00,0.026,3.201
2021-01-24 10:00,0.063,4.050
2021-01-24 11:00,0.168,5.446
2021-01-24 12:00,0.342,6.929
2021-01-24 13:00,0.616,8.837
2021-01-24 14:00,0.837,10.898
2021-01-24 15:00,0.894,11.822
2021-01-24 16:00,0.893,11.807
2021-01-24 17:00,0.887,11.677
2021-01-24 18:00,0.907,12.084
2021-01-24 19:00,0.895,11.837
2021-01-24 20:00,0.850,11.091
2021-01-24 21:00,0.818,10.679
2021-01-24 22:00,0.791,10.356
2021-01-24 23:00,0.793,10.387
2021-01-25 00:00,0.824,10.741
2021-01-25 01:00,0.797,10.431
2021-01-25 02:00,0.880,11.569
2021-01-25 03:00,0.930,12.620
2021-01-25 04:00,0.953,13.333
2021-01-25 05:00,0.971,14.164
2021-01-25 06:00,0.977,14.537
2021-01-25 07:00,0.967,13.958
2021-01-25 08:00,0.953,13.343
2021-01-25 09:00,0.930,12.637
2021-01-25 10:00,0.893,11.778
2021-01-25 11:00,0.832,10.846
2021-01-25 12:00,0.785,10.296
2021-01-25 13:00,0.713,9.613
2021-01-25 14:00,0.678,9.320
2021-01-25 15:00,0.784,10.294
2021-01-25 16:00,0.855,11.156
2021-01-25 17:00,0.862,11.269
2021-01-25 18:00,0.872,11.427
2021-01-25 19:00,0.857,11.201
2021-01-25 20:00,0.862,11.261
2021-01-25 21:00,0.876,11.495
2021-01-25 22:00,0.870,11.389
2021-01-25 23:00,0.851,11.097
2021-01-26 00:00,0.824,10.741
2021-01-26 01:00,0.821,10.708
2021-01-26 02:00,0.904,12.007
2021-01-26 03:00,0.946,13.110
2021-01-26 04:00,0.962,13.723
2021-01-26 05:00,0.965,13.855
2021-01-26 06:00,0.957,13.523
2021-01-26 07:00,0.932,12.671
2021-01-26 08:00,0.875,11.480
2021-01-26 09:00,0.799,10.451
2021-01-26 10:00,0.686,9.383
2021-01-26 11:00,0.619,8.862
2021-01-26 12:00,0.574,8.537
2021-01-26 13:00,0.524,8.191
2021-01-26 14:00,0.466,7.794
2021-01-26 15:00,0.387,7.241
2021-01-26 16:00,0.302,6.628
2021-01-26 17:00,0.224,5.979
2021-01-26 18:00,0.160,5.370
2021-01-26 19:00,0.132,5.052
2021-01-26 20:00,0.134,5.086
2021-01-26 21:00,0.164,5.418
2021-01-26 22:00,0.181,5.591
2021-01-26 23:00,0.163,5.400
2021-01-27 00:00,0.109,4.762
2021-01-27 01:00,0.048,3.763
2021-01-27 02:00,0.055,3.906
2021-01-27 03:00,0.115,4.850
2021-01-27 04:00,0.231,6.045
2021-01-27 05:00,0.333,6.852
2021-01-27 06:00,0.387,7.251
2021-01-27 07:00,0.426,7.520
2021-01-27 08:00,0.430,7.546
2021-01-27 09:00,0.499,8.009
2021-01-27 10:00,0.562,8.441
2021-01-27 11:00,0.536,8.262
2021-01-27 12:00,0.545,8.325
2021-01-27 13:00,0.636,8.984
2021-01-27 14:00,0.750,9.942
2021-01-27 15:00,0.759,10.035
2021-01-27 16:00,0.739,9.844
2021-01-27 17:00,0.763,10.074
2021-01-27 18:00,0.803,10.497
2021-01-27 19:00,0.795,10.406
2021-01-27 20:00,0.822,10.725
2021-01-27 21:00,0.809,10.566
2021-01-27 22:00,0.756,10.008
2021-01-27 23:00,0.682,9.349
2021-01-28 00:00,0.760,10.047
2021-01-28 01:00,0.838,10.923
2021-01-28 02:00,0.893,11.797
2021-01-28 03:00,0.930,12.633
2021-01-28 04:00,0.944,13.051
2021-01-28 05:00,0.947,13.132
2021-01-28 06:00,0.948,13.165
2021-01-28 07:00,0.940,12.899
2021-01-28 08:00,0.883,11.607
2021-01-28 09:00,0.767,10.109
2021-01-28 10:00,0.600,8.715
2021-01-28 11:00,0.520,8.154
2021-01-28 12:00,0.507,8.072
2021-01-28 13:00,0.502,8.029
2021-01-28 14:00,0.508,8.076
2021-01-28 15:00,0.562,8.452
2021-01-28 16:00,0.652,9.117
2021-01-28 17:00,0.536,8.268
2021-01-28 18:00,0.423,7.493
2021-01-28 19:00,0.313,6.706
2021-01-28 20:00,0.246,6.175
2021-01-28 21:00,0.312,6.704
2021-01-28 22:00,0.565,8.472
2021-01-28 23:00,0.786,10.308
2021-01-29 00:00,0.824,10.744
2021-01-29 01:00,0.836,10.893
2021-01-29 02:00,0.876,11.497
2021-01-29 03:00,0.927,12.541
2021-01-29 04:00,0.951,13.292
2021-01-29 05:00,0.954,13.383
2021-01-29 06:00,0.932,12.692
2021-01-29 07:00,0.877,11.503
2021-01-29 08:00,0.860,11.233
2021-01-29 09:00,0.894,11.819
2021-01-29 10:00,0.894,11.816
2021-01-29 11:00,0.858,11.205
2021-01-29 12:00,0.792,10.371
2021-01-29 13:00,0.799,10.439
2021-01-29 14:00,0.819,10.684
2021-01-29 15:00,0.700,9.499
2021-01-29 16:00,0.434,7.573
2021-01-29 17:00,0.204,5.802
2021-01-29 18:00,0.084,4.393
2021-01-29 19:00,0.032,3.370
2021-01-29 20:00,0.007,2.421
2021-01-29 21:00,0.002,1.911
2021-01-29 22:00,0.013,2.717
2021-01-29 23:00,0.059,3.988
2021-01-30 00:00,0.141,5.160
2021-01-30 01:00,0.176,5.528
2021-01-30 02:00,0.219,5.943
2021-01-30 03:00,0.352,6.990
2021-01-30 04:00,0.507,8.072
2021-01-30 05:00,0.643,9.036
2021-01-30 06:00,0.713,9.611
2021-01-30 07:00,0.702,9.508
2021-01-30 08:00,0.675,9.296
2021-01-30 09:00,0.679,9.324
2021-01-30 10:00,0.661,9.182
2021-01-30 11:00,0.669,9.239
2021-01-30 12:00,0.669,9.247
2021-01-30 13:00,0.664,9.204
2021-01-30 14:00,0.664,9.205
2021-01-30 15:00,0.690,9.413
2021-01-30 16:00,0.734,9.802
2021-01-30 17:00,0.779,10.234
2021-01-30 18:00,0.808,10.560
2021-01-30 19:00,0.821,10.715
2021-01-30 20:00,0.824,10.745
2021-01-30 21:00,0.835,10.885
2021-01-30 22:00,0.842,10.976
2021-01-30 23:00,0.842,10.977
2021-01-31 00:00,0.831,10.837
2021-01-31 01:00,0.858,11.209
2021-01-31 02:00,0.940,12.897
2021-01-31 03:00,0.970,14.080
2021-01-31 04:00,0.976,14.485
2021-01-31 05:00,0.981,14.848
2021-01-31 06:00,0.983,15.050
2021-01-31 07:00,0.983,14.975
2021-01-31 08:00,0.977,14.521
2021-01-31 09:00,0.969,14.063
2021-01-31 10:00,0.960,13.614
2021-01-31 11:00,0.908,12.108
2021-01-31 12:00,0.831,10.827
2021-01-31 13:00,0.817,10.654
2021-01-31 14:00,0.796,10.416
2021-01-31 15:00,0.771,10.146
2021-01-31 16:00,0.759,10.033
2021-01-31 17:00,0.729,9.751
2021-01-31 18:00,0.677,9.311
2021-01-31 19:00,0.614,8.822
2021-01-31 20:00,0.546,8.337
2021-01-31 21:00,0.463,7.767
2021-01-31 22:00,0.387,7.244
2021-01-31 23:00,0.311,6.697
2021-02-01 00:00,0.251,6.213
2021-02-01 01:00,0.181,5.575
2021-02-01 02:00,0.201,5.777
2021-02-01 03:00,0.371,7.133
2021-02-01 04:00,0.612,8.808
2021-02-01 05:00,0.740,9.850
2021-02-01 06:00,0.780,10.252
2021-02-01 07:00,0.789,10.341
2021-02-01 08:00,0.777,10.218
2021-02-01 09:00,0.715,9.630
2021-02-01 10:00,0.725,9.714
2021-02-01 11:00,0.740,9.850
2021-02-01 12:00,0.725,9.709
2021-02-01 13:00,0.674,9.284
2021-02-01 14:00,0.640,9.021
2021-02-01 15:00,0.666,9.223
2021-02-01 16:00,0.706,9.552
2021-02-01 17:00,0.748,9.917
2021-02-01 18:00,0.774,10.183
2021-02-01 19:00,0.799,10.446
2021-02-01 20:00,0.846,11.031
2021-02-01 21:00,0.845,11.024
2021-02-01 22:00,0.777,10.219
2021-02-01 23:00,0.687,9.391
2021-02-02 00:00,0.559,8.423
2021-02-02 01:00,0.482,7.896
2021-02-02 02:00,0.436,7.583
2021-02-02 03:00,0.506,8.066
2021-02-02 04:00,0.597,8.701
2021-02-02 05:00,0.670,9.251
2021-02-02 06:00,0.723,9.694
2021-02-02 07:00,0.758,10.027
2021-02-02 08:00,0.725,9.712
2021-02-02 09:00,0.610,8.794
2021-02-02 10:00,0.519,8.146
2021-02-02 11:00,0.479,7.877
2021-02-02 12:00,0.461,7.755
2021-02-02 13:00,0.423,7.498
2021-02-02 14:00,0.393,7.282
2021-02-02 15:00,0.419,7.473
2021-02-02 16:00,0.452,7.694
2021-02-02 17:00,0.473,7.837
2021-02-02 18:00,0.481,7.890
2021-02-02 19:00,0.486,7.922
2021-02-02 20:00,0.567,8.485
2021-02-02 21:00,0.613,8.819
2021-02-02 22:00,0.652,9.113
2021-02-02 23:00,0.621,8.878
2021-02-03 00:00,0.510,8.086
2021-02-03 01:00,0.476,7.849
2021-02-03 02:00,0.657,9.146
2021-02-03 03:00,0.810,10.574
2021-02-03 04:00,0.918,12.318
2021-02-03 05:00,0.963,13.769
2021-02-03 06:00,0.977,14.513
2021-02-03 07:00,0.974,14.336
2021-02-03 08:00,0.940,12.913
2021-02-03 09:00,0.890,11.735
2021-02-03 10:00,0.871,11.415
2021-02-03 11:00,0.865,11.318
2021-02-03 12:00,0.855,11.171
2021-02-03 13:00,0.851,11.103
2021-02-03 14:00,0.886,11.663
2021-02-03 15:00,0.911,12.148
2021-02-03 16:00,0.882,11.590
2021-02-03 17:00,0.894,11.818
2021-02-03 18:00,0.909,12.125
2021-02-03 19:00,0.912,12.182
2021-02-03 20:00,0.908,12.094
2021-02-03 21:00,0.903,11.991
2021-02-03 22:00,0.903,11.986
2021-02-03 23:00,0.908,12.106
2021-02-04 00:00,0.887,11.674
2021-02-04 01:00,0.837,10.903
2021-02-04 02:00,0.885,11.642
2021-02-04 03:00,0.944,13.031
2021-02-04 04:00,0.956,13.466
2021-02-04 05:00,0.960,13.612
2021-02-04 06:00,0.950,13.256
2021-02-04 07:00,0.933,12.716
2021-02-04 08:00,0.943,12.996
2021-02-04 09:00,0.956,13.476
2021-02-04 10:00,0.969,14.041
2021-02-04 11:00,0.973,14.292
2021-02-04 12:00,0.971,14.146
2021-02-04 13:00,0.969,14.036
2021-02-04 14:00,0.963,13.787
2021-02-04 15:00,0.951,13.281
2021-02-04 16:00,0.941,12.934
2021-02-04 17:00,0.926,12.521
2021-02-04 18:00,0.913,12.203
2021-02-04 19:00,0.890,11.731
2021-02-04 20:00,0.834,10.877
2021-02-04 21:00,0.767,10.102
2021-02-04 22:00,0.725,9.709
2021-02-04 23:00,0.684,9.371
2021-02-05 00:00,0.626,8.914
2021-02-05 01:00,0.559,8.419
2021-02-05 02:00,0.653,9.118
2021-02-05 03:00,0.677,9.314
2021-02-05 04:00,0.743,9.882
2021-02-05 05:00,0.783,10.274
2021-02-05 06:00,0.792,10.373
2021-02-05 07:00,0.734,9.798
2021-02-05 08:00,0.783,10.276
2021-02-05 09:00,0.861,11.240
2021-02-05 10:00,0.879,11.540
2021-02-05 11:00,0.869,11.386
2021-02-05 12:00,0.826,10.777
2021-02-05 13:00,0.706,9.555
2021-02-05 14:00,0.516,8.122
2021-02-05 15:00,0.396,7.314
2021-02-05 16:00,0.360,7.058
2021-02-05 17:00,0.277,6.434
2021-02-05 18:00,0.177,5.538
2021-02-05 19:00,0.116,4.860
2021-02-05 20:00,0.082,4.368
2021-02-05 21:00,0.064,4.083
2021-02-05 22:00,0.064,4.067
2021-02-05 23:00,0.069,4.149
2021-02-06 00:00,0.072,4.222
2021-02-06 01:00,0.119,4.901
2021-02-06 02:00,0.147,5.229
2021-02-06 03:00,0.160,5.371
2021-02-06 04:00,0.205,5.815
2021-02-06 05:00,0.246,6.176
2021-02-06 06:00,0.235,6.083
2021-02-06 07:00,0.219,5.944
2021-02-06 08:00,0.220,5.950
2021-02-06 09:00,0.197,5.747
2021-02-06 10:00,0.201,5.774
2021-02-06 11:00,0.251,6.214
2021-02-06 12:00,0.315,6.724
2021-02-06 13:00,0.335,6.876
2021-02-06 14:00,0.289,6.530
2021-02-06 15:00,0.230,6.042
2021-02-06 16:00,0.196,5.739
2021-02-06 17:00,0.181,5.575
2021-02-06 18:00,0.174,5.516
2021-02-06 19:00,0.177,5.541
2021-02-06 20:00,0.177,5.541
2021-02-06 21:00,0.157,5.335
2021-02-06 22:00,0.151,5.274
2021-02-06 23:00,0.185,5.633
2021-02-07 00:00,0.207,5.836
2021-02-07 01:00,0.184,5.621
2021-02-07 02:00,0.398,7.321
2021-02-07 03:00,0.591,8.657
2021-02-07 04:00,0.735,9.812
2021-02-07 05:00,0.819,10.685
2021-02-07 06:00,0.855,11.159
2021-02-07 07:00,0.861,11.250
2021-02-07 08:00,0.797,10.425
2021-02-07 09:00,0.753,9.974
2021-02-07 10:00,0.767,10.106
2021-02-07 11:00,0.752,9.958
2021-02-07 12:00,0.713,9.609
2021-02-07 13:00,0.679,9.328
2021-02-07 14:00,0.659,9.165
2021-02-07 15:00,0.625,8.907
2021-02-07 16:00,0.573,8.526
2021-02-07 17:00,0.505,8.056
2021-02-07 18:00,0.446,7.647
2021-02-07 19:00,0.406,7.374
2021-02-07 20:00,0.381,7.207
2021-02-07 21:00,0.382,7.212
2021-02-07 22:00,0.413,7.424
2021-02-07 23:00,0.469,7.810
2021-02-08 00:00,0.464,7.774
2021-02-08 01:00,0.355,7.015
2021-02-08 02:00,0.495,7.985
2021-02-08 03:00,0.629,8.941
2021-02-08 04:00,0.753,9.973
2021-02-08 05:00,0.787,10.319
2021-02-08 06:00,0.768,10.128
2021-02-08 07:00,0.701,9.505
2021-02-08 08:00,0.625,8.910
2021-02-08 09:00,0.761,10.058
2021-02-08 10:00,0.840,10.955
2021-02-08 11:00,0.863,11.287
2021-02-08 12:00,0.867,11.335
2021-02-08 13:00,0.866,11.323
2021-02-08 14:00,0.865,11.314
2021-02-08 15:00,0.861,11.241
2021-02-08 16:00,0.853,11.135
2021-02-08 17:00,0.850,11.083
2021-02-08 18:00,0.853,11.130
2021-02-08 19:00,0.857,11.195
2021-02-08 20:00,0.856,11.176
2021-02-08 21:00,0.846,11.041
2021-02-08 22:00,0.837,10.899
2021-02-08 23:00,0.821,10.713
2021-02-09 00:00,0.696,9.458
2021-02-09 01:00,0.426,7.509
2021-02-09 02:00,0.309,6.671
2021-02-09 03:00,0.429,7.540
2021-02-09 04:00,0.554,8.394
2021-02-09 05:00,0.645,9.063
2021-02-09 06:00,0.689,9.406
2021-02-09 07:00,0.634,8.978
2021-02-09 08:00,0.628,8.926
2021-02-09 09:00,0.732,9.781
2021-02-09 10:00,0.767,10.110
2021-02-09 11:00,0.769,10.132
2021-02-09 12:00,0.750,9.938
2021-02-09 13:00,0.712,9.603
2021-02-09 14:00,0.628,8.934
2021-02-09 15:00,0.502,8.037
2021-02-09 16:00,0.387,7.240
2021-02-09 17:00,0.294,6.569
2021-02-09 18:00,0.232,6.057
2021-02-09 19:00,0.180,5.569
2021-02-09 20:00,0.154,5.297
2021-02-09 21:00,0.191,5.690
2021-02-09 22:00,0.247,6.184
2021-02-09 23:00,0.283,6.474
2021-02-10 00:00,0.279,6.451
2021-02-10 01:00,0.235,6.089
2021-02-10 02:00,0.258,6.280
2021-02-10 03:00,0.342,6.924
2021-02-10 04:00,0.432,7.560
2021-02-10 05:00,0.538,8.277
2021-02-10 06:00,0.628,8.932
2021-02-10 07:00,0.617,8.850
2021-02-10 08:00,0.778,10.230
2021-02-10 09:00,0.897,11.876
2021-02-10 10:00,0.942,12.966
2021-02-10 11:00,0.966,13.891
2021-02-10 12:00,0.976,14.438
2021-02-10 13:00,0.976,14.435
2021-02-10 14:00,0.971,14.174
2021-02-10 15:00,0.968,14.008
2021-02-10 16:00,0.966,13.916
2021-02-10 17:00,0.967,13.932
2021-02-10 18:00,0.966,13.900
2021-02-10 19:00,0.963,13.773
2021-02-10 20:00,0.962,13.721
2021-02-10 21:00,0.963,13.774
2021-02-10 22:00,0.969,14.076
2021-02-10 23:00,0.975,14.431
2021-02-11 00:00,0.975,14.408
2021-02-11 01:00,0.968,14.004
2021-02-11 02:00,0.965,13.880
2021-02-11 03:00,0.989,15.748
2021-02-11 04:00,0.993,17.105
2021-02-11 05:00,0.992,17.629
2021-02-11 06:00,0.988,18.163
2021-02-11 07:00,0.992,17.612
2021-02-11 08:00,0.993,16.503
2021-02-11 09:00,0.989,15.677
2021-02-11 10:00,0.977,14.534
2021-02-11 11:00,0.955,13.402
2021-02-11 12:00,0.940,12.919
2021-02-11 13:00,0.912,12.183
2021-02-11 14:00,0.891,11.741
2021-02-11 15:00,0.876,11.494
2021-02-11 16:00,0.854,11.147
2021-02-11 17:00,0.824,10.751
2021-02-11 18:00,0.778,10.230
2021-02-11 19:00,0.716,9.636
2021-02-11 20:00,0.666,9.221
2021-02-11 21:00,0.622,8.885
2021-02-11 22:00,0.581,8.579
2021-02-11 23:00,0.526,8.205
2021-02-12 00:00,0.340,6.910
2021-02-12 01:00,0.167,5.445
2021-02-12 02:00,0.156,5.332
2021-02-12 03:00,0.160,5.376
2021-02-12 04:00,0.134,5.071
2021-02-12 05:00,0.092,4.525
2021-02-12 06:00,0.044,3.674
2021-02-12 07:00,0.011,2.652
2021-02-12 08:00,0,1.053
2021-02-12 09:00,0.005,2.248
2021-02-12 10:00,0.102,4.677
2021-02-12 11:00,0.254,6.246
2021-02-12 12:00,0.313,6.705
2021-02-12 13:00,0.213,5.893
2021-02-12 14:00,0.118,4.882
2021-02-12 15:00,0.202,5.785
2021-02-12 16:00,0.284,6.484
2021-02-12 17:00,0.321,6.762
2021-02-12 18:00,0.289,6.531
2021-02-12 19:00,0.257,6.262
2021-02-12 20:00,0.262,6.311
2021-02-12 21:00,0.240,6.128
2021-02-12 22:00,0.179,5.563
2021-02-12 23:00,0.124,4.963
2021-02-13 00:00,0.062,4.032
2021-02-13 01:00,0.071,4.197
2021-02-13 02:00,0.074,4.243
2021-02-13 03:00,0.046,3.726
2021-02-13 04:00,0.032,3.390
2021-02-13 05:00,0.037,3.495
2021-02-13 06:00,0.051,3.820
2021-02-13 07:00,0.076,4.278
2021-02-13 08:00,0.144,5.191
2021-02-13 09:00,0.320,6.759
2021-02-13 10:00,0.406,7.382
2021-02-13 11:00,0.446,7.649
2021-02-13 12:00,0.481,7.892
2021-02-13 13:00,0.449,7.663
2021-02-13 14:00,0.417,7.457
2021-02-13 15:00,0.405,7.368
2021-02-13 16:00,0.435,7.577
2021-02-13 17:00,0.491,7.963
2021-02-13 18:00,0.549,8.365
2021-02-13 19:00,0.588,8.637
2021-02-13 20:00,0.625,8.903
2021-02-13 21:00,0.645,9.048
2021-02-13 22:00,0.640,9.011
2021-02-13 23:00,0.636,8.985
2021-02-14 00:00,0.589,8.641
2021-02-14 01:00,0.489,7.947
2021-02-14 02:00,0.380,7.197
2021-02-14 03:00,0.309,6.682
2021-02-14 04:00,0.285,6.497
2021-02-14 05:00,0.288,6.519
2021-02-14 06:00,0.287,6.511
2021-02-14 07:00,0.279,6.450
2021-02-14 08:00,0.290,6.540
2021-02-14 09:00,0.270,6.370
2021-02-14 10:00,0.170,5.473
2021-02-14 11:00,0.145,5.207
2021-02-14 12:00,0.175,5.522
2021-02-14 13:00,0.219,5.944
2021-02-14 14:00,0.240,6.128
2021-02-14 15:00,0.235,6.081
2021-02-14 16:00,0.254,6.237
2021-02-14 17:00,0.294,6.568
2021-02-14 18:00,0.377,7.179
2021-02-14 19:00,0.453,7.703
2021-02-14 20:00,0.490,7.957
2021-02-14 21:00,0.517,8.141
2021-02-14 22:00,0.523,8.170
2021-02-14 23:00,0.453,7.705
2021-02-15 00:00,0.451,7.687
2021-02-15 01:00,0.514,8.114
2021-02-15 02:00,0.594,8.677
2021-02-15 03:00,0.612,8.814
2021-02-15 04:00,0.587,8.630
2021-02-15 05:00,0.536,8.263
2021-02-15 06:00,0.492,7.970
2021-02-15 07:00,0.488,7.940
2021-02-15 08:00,0.516,8.131
2021-02-15 09:00,0.466,7.782
2021-02-15 10:00,0.339,6.906
2021-02-15 11:00,0.264,6.325
2021-02-15 12:00,0.284,6.479
2021-02-15 13:00,0.304,6.643
2021-02-15 14:00,0.319,6.750
2021-02-15 15:00,0.339,6.902
2021-02-15 16:00,0.360,7.059
2021-02-15 17:00,0.364,7.079
2021-02-15 18:00,0.367,7.106
2021-02-15 19:00,0.390,7.270
2021-02-15 20:00,0.461,7.755
2021-02-15 21:00,0.660,9.167
2021-02-15 22:00,0.777,10.206
2021-02-15 23:00,0.745,9.895
2021-02-16 00:00,0.781,10.260
2021-02-16 01:00,0.827,10.783
2021-02-16 02:00,0.868,11.368
2021-02-16 03:00,0.884,11.639
2021-02-16 04:00,0.900,11.925
2021-02-16 05:00,0.921,12.395
2021-02-16 06:00,0.938,12.850
2021-02-16 07:00,0.944,13.040
2021-02-16 08:00,0.939,12.881
2021-02-16 09:00,0.902,11.974
2021-02-16 10:00,0.850,11.093
2021-02-16 11:00,0.794,10.394
2021-02-16 12:00,0.741,9.862
2021-02-16 13:00,0.682,9.348
2021-02-16 14:00,0.631,8.952
2021-02-16 15:00,0.596,8.686
2021-02-16 16:00,0.549,8.353
2021-02-16 17:00,0.523,8.185
2021-02-16 18:00,0.539,8.283
2021-02-16 19:00,0.574,8.531
2021-02-16 20:00,0.588,8.639
2021-02-16 21:00,0.559,8.430
2021-02-16 22:00,0.520,8.150
2021-02-16 23:00,0.489,7.951
2021-02-17 00:00,0.479,7.872
2021-02-17 01:00,0.656,9.140
2021-02-17 02:00,0.605,8.755
2021-02-17 03:00,0.535,8.256
2021-02-17 04:00,0.514,8.113
2021-02-17 05:00,0.550,8.371
2021-02-17 06:00,0.575,8.544
2021-02-17 07:00,0.559,8.420
2021-02-17 08:00,0.486,7.924
2021-02-17 09:00,0.481,7.893
2021-02-17 10:00,0.588,8.637
2021-02-17 11:00,0.663,9.199
2021-02-17 12:00,0.674,9.291
2021-02-17 13:00,0.661,9.173
2021-02-17 14:00,0.645,9.049
2021-02-17 15:00,0.636,8.987
2021-02-17 16:00,0.650,9.096
2021-02-17 17:00,0.665,9.217
2021-02-17 18:00,0.687,9.391
2021-02-17 19:00,0.719,9.664
2021-02-17 20:00,0.758,10.027
2021-02-17 21:00,0.789,10.336
2021-02-17 22:00,0.814,10.619
2021-02-17 23:00,0.821,10.716
2021-02-18 00:00,0.684,9.370
2021-02-18 01:00,0.510,8.087
2021-02-18 02:00,0.581,8.585
2021-02-18 03:00,0.732,9.779
2021-02-18 04:00,0.765,10.083
2021-02-18 05:00,0.804,10.508
2021-02-18 06:00,0.821,10.714
2021-02-18 07:00,0.784,10.289
2021-02-18 08:00,0.789,10.331
2021-02-18 09:00,0.899,11.911
2021-02-18 10:00,0.938,12.837
2021-02-18 11:00,0.948,13.160
2021-02-18 12:00,0.954,13.399
2021-02-18 13:00,0.955,13.437
2021-02-18 14:00,0.948,13.181
2021-02-18 15:00,0.942,12.965
2021-02-18 16:00,0.946,13.117
2021-02-18 17:00,0.950,13.259
2021-02-18 18:00,0.952,13.319
2021-02-18 19:00,0.957,13.522
2021-02-18 20:00,0.965,13.861
2021-02-18 21:00,0.969,14.075
2021-02-18 22:00,0.965,13.850
2021-02-18 23:00,0.927,12.548
2021-02-19 00:00,0.805,10.519
2021-02-19 01:00,0.654,9.130
2021-02-19 02:00,0.654,9.128
2021-02-19 03:00,0.743,9.880
2021-02-19 04:00,0.883,11.619
2021-02-19 05:00,0.961,13.667
2021-02-19 06:00,0.980,14.781
2021-02-19 07:00,0.976,14.489
2021-02-19 08:00,0.953,13.356
2021-02-19 09:00,0.924,12.460
2021-02-19 10:00,0.857,11.199
2021-02-19 11:00,0.804,10.505
2021-02-19 12:00,0.755,9.993
2021-02-19 13:00,0.676,9.300
2021-02-19 14:00,0.563,8.463
2021-02-19 15:00,0.383,7.224
2021-02-19 16:00,0.387,7.246
2021-02-19 17:00,0.702,9.509
2021-02-19 18:00,0.875,11.477
2021-02-19 19:00,0.909,12.114
2021-02-19 20:00,0.908,12.094
2021-02-19 21:00,0.919,12.336
2021-02-19 22:00,0.946,13.092
2021-02-19 23:00,0.953,13.337
2021-02-20 00:00,0.937,12.817
2021-02-20 01:00,0.924,12.461
2021-02-20 02:00,0.931,12.664
2021-02-20 03:00,0.962,13.713
2021-02-20 04:00,0.943,12.998
2021-02-20 05:00,0.896,11.859
2021-02-20 06:00,0.777,10.206
2021-02-20 07:00,0.645,9.048
2021-02-20 08:00,0.606,8.765
2021-02-20 09:00,0.638,9.002
2021-02-20 10:00,0.731,9.774
2021-02-20 11:00,0.822,10.723
2021-02-20 12:00,0.887,11.668
2021-02-20 13:00,0.914,12.225
2021-02-20 14:00,0.929,12.590
2021-02-20 15:00,0.948,13.164
2021-02-20 16:00,0.951,13.283
2021-02-20 17:00,0.942,12.975
2021-02-20 18:00,0.937,12.821
2021-02-20 19:00,0.933,12.717
2021-02-20 20:00,0.915,12.252
2021-02-20 21:00,0.886,11.666
2021-02-20 22:00,0.824,10.739
2021-02-20 23:00,0.688,9.395
2021-02-21 00:00,0.577,8.552
2021-02-21 01:00,0.653,9.118
2021-02-21 02:00,0.615,8.827
2021-02-21 03:00,0.628,8.918
2021-02-21 04:00,0.643,9.031
2021-02-21 05:00,0.651,9.107
2021-02-21 06:00,0.683,9.362
2021-02-21 07:00,0.714,9.620
2021-02-21 08:00,0.725,9.722
2021-02-21 09:00,0.672,9.271
2021-02-21 10:00,0.625,8.899
2021-02-21 11:00,0.551,8.372
2021-02-21 12:00,0.540,8.295
2021-02-21 13:00,0.616,8.833
2021-02-21 14:00,0.595,8.684
2021-02-21 15:00,0.553,8.387
2021-02-21 16:00,0.518,8.144
2021-02-21 17:00,0.439,7.599
2021-02-21 18:00,0.358,7.045
2021-02-21 19:00,0.330,6.839
2021-02-21 20:00,0.325,6.804
2021-02-21 21:00,0.330,6.835
2021-02-21 22:00,0.330,6.830
2021-02-21 23:00,0.280,6.455
2021-02-22 00:00,0.480,7.886
2021-02-22 01:00,0.604,8.751
2021-02-22 02:00,0.687,9.393
2021-02-22 03:00,0.777,10.210
2021-02-22 04:00,0.839,10.943
2021-02-22 05:00,0.853,11.121
2021-02-22 06:00,0.841,10.975
2021-02-22 07:00,0.812,10.597
2021-02-22 08:00,0.747,9.913
2021-02-22 09:00,0.591,8.651
2021-02-22 10:00,0.494,7.981
2021-02-22 11:00,0.369,7.115
2021-02-22 12:00,0.242,6.146
2021-02-22 13:00,0.148,5.238
2021-02-22 14:00,0.098,4.615
2021-02-22 15:00,0.062,4.037
2021-02-22 16:00,0.031,3.357
2021-02-22 17:00,0.013,2.742
2021-02-22 18:00,0.006,2.337
2021-02-22 19:00,0.005,2.196
2021-02-22 20:00,0.011,2.630
2021-02-22 21:00,0.047,3.740
2021-02-22 22:00,0.119,4.902
2021-02-22 23:00,0.169,5.468
2021-02-23 00:00,0.113,4.821
2021-02-23 01:00,0.048,3.764
2021-02-23 02:00,0.030,3.341
2021-02-23 03:00,0.035,3.446
2021-02-23 04:00,0.049,3.779
2021-02-23 05:00,0.063,4.049
2021-02-23 06:00,0.063,4.064
2021-02-23 07:00,0.052,3.856
2021-02-23 08:00,0.021,3.042
2021-02-23 09:00,0,1.374
2021-02-23 10:00,0.001,1.477
2021-02-23 11:00,0.023,3.108
2021-02-23 12:00,0.107,4.743
2021-02-23 13:00,0.271,6.383
2021-02-23 14:00,0.515,8.117
2021-02-23 15:00,0.674,9.289
2021-02-23 16:00,0.689,9.406
2021-02-23 17:00,0.658,9.154
2021-02-23 18:00,0.619,8.864
2021-02-23 19:00,0.608,8.776
2021-02-23 20:00,0.567,8.485
2021-02-23 21:00,0.466,7.789
2021-02-23 22:00,0.357,7.037
2021-02-23 23:00,0.231,6.048
2021-02-24 00:00,0.079,4.331
2021-02-24 01:00,0.036,3.475
2021-02-24 02:00,0.097,4.597
2021-02-24 03:00,0.114,4.838
2021-02-24 04:00,0.113,4.823
2021-02-24 05:00,0.116,4.853
2021-02-24 06:00,0.134,5.072
2021-02-24 07:00,0.156,5.323
2021-02-24 08:00,0.202,5.779
2021-02-24 09:00,0.291,6.548
2021-02-24 10:00,0.390,7.261
2021-02-24 11:00,0.406,7.374
2021-02-24 12:00,0.370,7.121
2021-02-24 13:00,0.314,6.722
2021-02-24 14:00,0.251,6.219
2021-02-24 15:00,0.218,5.940
2021-02-24 16:00,0.180,5.571
2021-02-24 17:00,0.154,5.297
2021-02-24 18:00,0.147,5.227
2021-02-24 19:00,0.134,5.077
2021-02-24 20:00,0.107,4.734
2021-02-24 21:00,0.085,4.430
2021-02-24 22:00,0.069,4.148
2021-02-24 23:00,0.058,3.960
2021-02-25 00:00,0.027,3.244
2021-02-25 01:00,0.004,2.103
2021-02-25 02:00,0.003,2.065
2021-02-25 03:00,0.051,3.828
2021-02-25 04:00,0.208,5.849
2021-02-25 05:00,0.348,6.960
2021-02-25 06:00,0.423,7.494
2021-02-25 07:00,0.474,7.843
2021-02-25 08:00,0.424,7.502
2021-02-25 09:00,0.414,7.431
2021-02-25 10:00,0.433,7.563
2021-02-25 11:00,0.451,7.692
2021-02-25 12:00,0.460,7.751
2021-02-25 13:00,0.387,7.238
2021-02-25 14:00,0.319,6.752
2021-02-25 15:00,0.406,7.374
2021-02-25 16:00,0.572,8.522
2021-02-25 17:00,0.648,9.085
2021-02-25 18:00,0.706,9.548
2021-02-25 19:00,0.732,9.783
2021-02-25 20:00,0.721,9.673
2021-02-25 21:00,0.694,9.450
2021-02-25 22:00,0.722,9.685
2021-02-25 23:00,0.804,10.505
2021-02-26 00:00,0.756,10.010
2021-02-26 01:00,0.566,8.478
2021-02-26 02:00,0.521,8.163
2021-02-26 03:00,0.907,12.089
2021-02-26 04:00,0.968,14.024
2021-02-26 05:00,0.975,14.433
2021-02-26 06:00,0.973,14.267
2021-02-26 07:00,0.955,13.448
2021-02-26 08:00,0.962,13.713
2021-02-26 09:00,0.980,14.749
2021-02-26 10:00,0.984,15.136
2021-02-26 11:00,0.978,14.625
2021-02-26 12:00,0.981,14.801
2021-02-26 13:00,0.985,15.245
2021-02-26 14:00,0.987,15.384
2021-02-26 15:00,0.988,15.510
2021-02-26 16:00,0.987,15.473
2021-02-26 17:00,0.987,15.423
2021-02-26 18:00,0.985,15.196
2021-02-26 19:00,0.987,15.441
2021-02-26 20:00,0.986,15.333
2021-02-26 21:00,0.987,15.420
2021-02-26 22:00,0.983,14.989
2021-02-26 23:00,0.976,14.449
2021-02-27 00:00,0.973,14.261
2021-02-27 01:00,0.983,15.045
2021-02-27 02:00,0.992,16.203
2021-02-27 03:00,0.993,16.817
2021-02-27 04:00,0.993,16.945
2021-02-27 05:00,0.992,16.288
2021-02-27 06:00,0.984,15.141
2021-02-27 07:00,0.938,12.858
2021-02-27 08:00,0.786,10.309
2021-02-27 09:00,0.486,7.920
2021-02-27 10:00,0.213,5.895
2021-02-27 11:00,0.314,6.712
2021-02-27 12:00,0.513,8.105
2021-02-27 13:00,0.562,8.448
2021-02-27 14:00,0.562,8.451
2021-02-27 15:00,0.552,8.385
2021-02-27 16:00,0.560,8.433
2021-02-27 17:00,0.606,8.757
2021-02-27 18:00,0.649,9.087
2021-02-27 19:00,0.684,9.366
2021-02-27 20:00,0.718,9.646
2021-02-27 21:00,0.736,9.818
2021-02-27 22:00,0.722,9.684
2021-02-27 23:00,0.676,9.305
2021-02-28 00:00,0.577,8.551
2021-02-28 01:00,0.462,7.757
2021-02-28 02:00,0.368,7.111
2021-02-28 03:00,0.298,6.593
2021-02-28 04:00,0.265,6.337
2021-02-28 05:00,0.246,6.176
2021-02-28 06:00,0.221,5.958
2021-02-28 07:00,0.199,5.765
2021-02-28 08:00,0.242,6.147
2021-02-28 09:00,0.273,6.405
2021-02-28 10:00,0.163,5.405
2021-02-28 11:00,0.119,4.891
2021-02-28 12:00,0.134,5.075
2021-02-28 13:00,0.120,4.910
2021-02-28 14:00,0.097,4.597
2021-02-28 15:00,0.068,4.144
2021-02-28 16:00,0.043,3.652
2021-02-28 17:00,0.030,3.329
2021-02-28 18:00,0.024,3.166
2021-02-28 19:00,0.023,3.132
2021-02-28 20:00,0.029,3.304
2021-02-28 21:00,0.038,3.533
2021-02-28 22:00,0.062,4.042
2021-02-28 23:00,0.072,4.220
2021-03-01 00:00,0.052,3.842
2021-03-01 01:00,0.054,3.883
2021-03-01 02:00,0.085,4.423
2021-03-01 03:00,0.115,4.849
2021-03-01 04:00,0.151,5.270
2021-03-01 05:00,0.196,5.738
2021-03-01 06:00,0.217,5.933
2021-03-01 07:00,0.204,5.802
2021-03-01 08:00,0.174,5.514
2021-03-01 09:00,0.127,5.000
2021-03-01 10:00,0.076,4.275
2021-03-01 11:00,0.046,3.703
2021-03-01 12:00,0.032,3.397
2021-03-01 13:00,0.050,3.797
2021-03-01 14:00,0.104,4.704
2021-03-01 15:00,0.163,5.406
2021-03-01 16:00,0.241,6.136
2021-03-01 17:00,0.361,7.066
2021-03-01 18:00,0.476,7.852
2021-03-01 19:00,0.525,8.195
2021-03-01 20:00,0.536,8.262
2021-03-01 21:00,0.552,8.385
2021-03-01 22:00,0.556,8.399
2021-03-01 23:00,0.471,7.824
2021-03-02 00:00,0.304,6.647
2021-03-02 01:00,0.355,7.015
2021-03-02 02:00,0.511,8.096
2021-03-02 03:00,0.584,8.608
2021-03-02 04:00,0.675,9.295
2021-03-02 05:00,0.760,10.043
2021-03-02 06:00,0.809,10.566
2021-03-02 07:00,0.813,10.615
2021-03-02 08:00,0.731,9.768
2021-03-02 09:00,0.721,9.670
2021-03-02 10:00,0.684,9.370
2021-03-02 11:00,0.702,9.517
2021-03-02 12:00,0.719,9.663
2021-03-02 13:00,0.692,9.428
2021-03-02 14:00,0.634,8.975
2021-03-02 15:00,0.594,8.678
2021-03-02 16:00,0.572,8.522
2021-03-02 17:00,0.569,8.493
2021-03-02 18:00,0.621,8.876
2021-03-02 19:00,0.741,9.865
2021-03-02 20:00,0.837,10.912
2021-03-02 21:00,0.874,11.455
2021-03-02 22:00,0.902,11.968
2021-03-02 23:00,0.905,12.029
2021-03-03 00:00,0.850,11.080
2021-03-03 01:00,0.908,12.106
2021-03-03 02:00,0.946,13.082
2021-03-03 03:00,0.939,12.882
2021-03-03 04:00,0.909,12.122
2021-03-03 05:00,0.864,11.302
2021-03-03 06:00,0.799,10.443
2021-03-03 07:00,0.704,9.538
2021-03-03 08:00,0.542,8.300
2021-03-03 09:00,0.556,8.403
2021-03-03 10:00,0.653,9.119
2021-03-03 11:00,0.736,9.821
2021-03-03 12:00,0.846,11.035
2021-03-03 13:00,0.913,12.208
2021-03-03 14:00,0.923,12.445
2021-03-03 15:00,0.911,12.160
2021-03-03 16:00,0.884,11.625
2021-03-03 17:00,0.877,11.504
2021-03-03 18:00,0.878,11.525
2021-03-03 19:00,0.871,11.401
2021-03-03 20:00,0.876,11.496
2021-03-03 21:00,0.875,11.469
2021-03-03 22:00,0.891,11.747
2021-03-03 23:00,0.864,11.295
2021-03-04 00:00,0.739,9.846
2021-03-04 01:00,0.809,10.566
2021-03-04 02:00,0.723,9.690
2021-03-04 03:00,0.749,9.933
2021-03-04 04:00,0.819,10.685
2021-03-04 05:00,0.841,10.972
2021-03-04 06:00,0.797,10.429
2021-03-04 07:00,0.600,8.711
2021-03-04 08:00,0.275,6.413
2021-03-04 09:00,0.256,6.256
2021-03-04 10:00,0.473,7.841
2021-03-04 11:00,0.690,9.415
2021-03-04 12:00,0.820,10.697
2021-03-04 13:00,0.873,11.451
2021-03-04 14:00,0.872,11.422
2021-03-04 15:00,0.847,11.048
2021-03-04 16:00,0.826,10.767
2021-03-04 17:00,0.813,10.602
2021-03-04 18:00,0.800,10.464
2021-03-04 19:00,0.803,10.500
2021-03-04 20:00,0.809,10.564
2021-03-04 21:00,0.786,10.316
2021-03-04 22:00,0.723,9.693
2021-03-04 23:00,0.663,9.194
2021-03-05 00:00,0.593,8.665
2021-03-05 01:00,0.510,8.082
2021-03-05 02:00,0.452,7.699
2021-03-05 03:00,0.412,7.415
2021-03-05 04:00,0.377,7.174
2021-03-05 05:00,0.339,6.904
2021-03-05 06:00,0.294,6.566
2021-03-05 07:00,0.238,6.108
2021-03-05 08:00,0.182,5.601
2021-03-05 09:00,0.139,5.133
2021-03-05 10:00,0.118,4.875
2021-03-05 11:00,0.102,4.666
2021-03-05 12:00,0.078,4.310
2021-03-05 13:00,0.050,3.800
2021-03-05 14:00,0.024,3.143
2021-03-05 15:00,0.007,2.356
2021-03-05 16:00,0.002,1.776
2021-03-05 17:00,0.002,1.807
2021-03-05 18:00,0.005,2.230
2021-03-05 19:00,0.015,2.841
2021-03-05 20:00,0.039,3.565
2021-03-05 21:00,0.069,4.169
2021-03-05 22:00,0.100,4.629
2021-03-05 23:00,0.089,4.480
2021-03-06 00:00,0.045,3.696
2021-03-06 01:00,0.037,3.508
2021-03-06 02:00,0.046,3.732
2021-03-06 03:00,0.075,4.271
2021-03-06 04:00,0.116,4.857
2021-03-06 05:00,0.159,5.364
2021-03-06 06:00,0.194,5.707
2021-03-06 07:00,0.211,5.870
2021-03-06 08:00,0.222,5.965
2021-03-06 09:00,0.236,6.091
2021-03-06 10:00,0.281,6.459
2021-03-06 11:00,0.314,6.715
2021-03-06 12:00,0.311,6.696
2021-03-06 13:00,0.268,6.358
2021-03-06 14:00,0.212,5.888
2021-03-06 15:00,0.185,5.629
2021-03-06 16:00,0.234,6.075
2021-03-06 17:00,0.356,7.032
2021-03-06 18:00,0.483,7.904
2021-03-06 19:00,0.549,8.363
2021-03-06 20:00,0.562,8.453
2021-03-06 21:00,0.539,8.280
2021-03-06 22:00,0.505,8.049
2021-03-06 23:00,0.449,7.669
2021-03-07 00:00,0.220,5.946
2021-03-07 01:00,0.079,4.324
2021-03-07 02:00,0.074,4.256
2021-03-07 03:00,0.086,4.433
2021-03-07 04:00,0.102,4.677
2021-03-07 05:00,0.112,4.797
2021-03-07 06:00,0.118,4.878
2021-03-07 07:00,0.121,4.919
2021-03-07 08:00,0.105,4.718
2021-03-07 09:00,0.078,4.307
2021-03-07 10:00,0.056,3.935
2021-03-07 11:00,0.055,3.895
2021-03-07 12:00,0.073,4.229
2021-03-07 13:00,0.123,4.946
2021-03-07 14:00,0.224,5.978
2021-03-07 15:00,0.355,7.011
2021-03-07 16:00,0.482,7.896
2021-03-07 17:00,0.584,8.609
2021-03-07 18:00,0.658,9.154
2021-03-07 19:00,0.706,9.549
2021-03-07 20:00,0.745,9.894
2021-03-07 21:00,0.778,10.225
2021-03-07 22:00,0.804,10.508
2021-03-07 23:00,0.758,10.028
2021-03-08 00:00,0.479,7.878
2021-03-08 01:00,0.284,6.482
2021-03-08 02:00,0.318,6.738
2021-03-08 03:00,0.542,8.301
2021-03-08 04:00,0.677,9.307
2021-03-08 05:00,0.708,9.567
2021-03-08 06:00,0.719,9.653
2021-03-08 07:00,0.682,9.355
2021-03-08 08:00,0.600,8.711
2021-03-08 09:00,0.600,8.724
2021-03-08 10:00,0.617,8.850
2021-03-08 11:00,0.660,9.169
2021-03-08 12:00,0.682,9.352
2021-03-08 13:00,0.669,9.248
2021-03-08 14:00,0.634,8.975
2021-03-08 15:00,0.569,8.500
2021-03-08 16:00,0.506,8.063
2021-03-08 17:00,0.453,7.706
2021-03-08 18:00,0.358,7.046
2021-03-08 19:00,0.191,5.689
2021-03-08 20:00,0.055,3.913
2021-03-08 21:00,0.013,2.734
2021-03-08 22:00,0.004,2.175
2021-03-08 23:00,0.002,1.922
2021-03-09 00:00,0.001,1.672
2021-03-09 01:00,0.002,1.845
2021-03-09 02:00,0.003,2.076
2021-03-09 03:00,0,0.422
2021-03-09 04:00,0,0.836
2021-03-09 05:00,0.004,2.084
2021-03-09 06:00,0.009,2.542
2021-03-09 07:00,0.008,2.493
2021-03-09 08:00,0.001,1.749
2021-03-09 09:00,0,0.837
2021-03-09 10:00,0.003,1.956
2021-03-09 11:00,0.073,4.238
2021-03-09 12:00,0.319,6.748
2021-03-09 13:00,0.628,8.929
2021-03-09 14:00,0.810,10.576
2021-03-09 15:00,0.879,11.541
2021-03-09 16:00,0.895,11.833
2021-03-09 17:00,0.896,11.848
2021-03-09 18:00,0.899,11.905
2021-03-09 19:00,0.901,11.947
2021-03-09 20:00,0.858,11.217
2021-03-09 21:00,0.829,10.808
2021-03-09 22:00,0.811,10.591
2021-03-09 23:00,0.746,9.898
2021-03-10 00:00,0.594,8.671
2021-03-10 01:00,0.627,8.915
2021-03-10 02:00,0.534,8.254
2021-03-10 03:00,0.439,7.609
2021-03-10 04:00,0.377,7.168
2021-03-10 05:00,0.342,6.929
2021-03-10 06:00,0.299,6.606
2021-03-10 07:00,0.222,5.967
2021-03-10 08:00,0.132,5.043
2021-03-10 09:00,0.093,4.546
2021-03-10 10:00,0.273,6.404
2021-03-10 11:00,0.634,8.973
2021-03-10 12:00,0.702,9.519
2021-03-10 13:00,0.625,8.908
2021-03-10 14:00,0.513,8.101
2021-03-10 15:00,0.401,7.343
2021-03-10 16:00,0.307,6.665
2021-03-10 17:00,0.224,5.992
2021-03-10 18:00,0.178,5.552
2021-03-10 19:00,0.177,5.539
2021-03-10 20:00,0.171,5.487
2021-03-10 21:00,0.169,5.463
2021-03-10 22:00,0.232,6.066
2021-03-10 23:00,0.273,6.405
2021-03-11 00:00,0.442,7.627
2021-03-11 01:00,0.505,8.050
2021-03-11 02:00,0.426,7.511
2021-03-11 03:00,0.235,6.090
2021-03-11 04:00,0.083,4.381
2021-03-11 05:00,0.024,3.141
2021-03-11 06:00,0.015,2.813
2021-03-11 07:00,0.049,3.790
2021-03-11 08:00,0.218,5.937
2021-03-11 09:00,0.579,8.566
2021-03-11 10:00,0.754,9.982
2021-03-11 11:00,0.741,9.868
2021-03-11 12:00,0.654,9.132
2021-03-11 13:00,0.551,8.373
2021-03-11 14:00,0.453,7.702
2021-03-11 15:00,0.357,7.036
2021-03-11 16:00,0.288,6.522
2021-03-11 17:00,0.243,6.156
2021-03-11 18:00,0.219,5.943
2021-03-11 19:00,0.215,5.908
2021-03-11 20:00,0.229,6.026
2021-03-11 21:00,0.235,6.087
2021-03-11 22:00,0.225,6.001
2021-03-11 23:00,0.143,5.182
2021-03-12 00:00,0.146,5.215
2021-03-12 01:00,0.123,4.948
2021-03-12 02:00,0.063,4.054
2021-03-12 03:00,0.024,3.168
2021-03-12 04:00,0.007,2.427
2021-03-12 05:00,0.001,1.705
2021-03-12 06:00,0.005,2.198
2021-03-12 07:00,0.037,3.497
2021-03-12 08:00,0.099,4.618
2021-03-12 09:00,0.174,5.514
2021-03-12 10:00,0.155,5.312
2021-03-12 11:00,0.066,4.108
2021-03-12 12:00,0.007,2.416
2021-03-12 13:00,0,1.085
2021-03-12 14:00,0.004,2.118
2021-03-12 15:00,0.050,3.808
2021-03-12 16:00,0.114,4.837
2021-03-12 17:00,0.154,5.299
2021-03-12 18:00,0.194,5.718
2021-03-12 19:00,0.241,6.138
2021-03-12 20:00,0.270,6.372
2021-03-12 21:00,0.257,6.272
2021-03-12 22:00,0.227,6.014
2021-03-12 23:00,0.121,4.920
2021-03-13 00:00,0.059,3.971
2021-03-13 01:00,0.084,4.400
2021-03-13 02:00,0.101,4.655
2021-03-13 03:00,0.111,4.788
2021-03-13 04:00,0.106,4.725
2021-03-13 05:00,0.107,4.741
2021-03-13 06:00,0.121,4.923
2021-03-13 07:00,0.140,5.151
2021-03-13 08:00,0.149,5.248
2021-03-13 09:00,0.150,5.267
2021-03-13 10:00,0.190,5.674
2021-03-13 11:00,0.317,6.734
2021-03-13 12:00,0.520,8.157
2021-03-13 13:00,0.718,9.659
2021-03-13 14:00,0.839,10.938
2021-03-13 15:00,0.888,11.696
2021-03-13 16:00,0.900,11.922
2021-03-13 17:00,0.894,11.808
2021-03-13 18:00,0.882,11.583
2021-03-13 19:00,0.868,11.354
2021-03-13 20:00,0.857,11.201
2021-03-13 21:00,0.844,11.002
2021-03-13 22:00,0.815,10.637
2021-03-13 23:00,0.768,10.129
2021-03-14 00:00,0.744,9.890
2021-03-14 01:00,0.857,11.195
2021-03-14 02:00,0.954,13.372
2021-03-14 03:00,0.981,14.820
2021-03-14 04:00,0.987,15.379
2021-03-14 05:00,0.991,16.071
2021-03-14 06:00,0.992,16.289
2021-03-14 07:00,0.987,15.440
2021-03-14 08:00,0.985,15.147
2021-03-14 09:00,0.993,16.511
2021-03-14 10:00,0.992,17.612
2021-03-14 11:00,0.986,18.404
2021-03-14 12:00,0.965,19.596
2021-03-14 13:00,0.981,18.759
2021-03-14 14:00,0.983,14.978
2021-03-14 15:00,0.968,14.021
2021-03-14 16:00,0.984,15.109
2021-03-14 17:00,0.991,16.107
2021-03-14 18:00,0.993,16.983
2021-03-14 19:00,0.993,16.528
2021-03-14 20:00,0.990,15.832
2021-03-14 21:00,0.988,15.583
2021-03-14 22:00,0.988,15.553
2021-03-14 23:00,0.990,15.880
2021-03-15 00:00,0.991,16.030
2021-03-15 01:00,0.990,15.872
2021-03-15 02:00,0.987,15.469
2021-03-15 03:00,0.986,15.273
2021-03-15 04:00,0.986,15.263
2021-03-15 05:00,0.988,15.501
2021-03-15 06:00,0.990,15.830
2021-03-15 07:00,0.990,15.888
2021-03-15 08:00,0.982,14.912
2021-03-15 09:00,0.941,12.956
2021-03-15 10:00,0.906,12.066
2021-03-15 11:00,0.884,11.629
2021-03-15 12:00,0.860,11.235
2021-03-15 13:00,0.805,10.525
2021-03-15 14:00,0.752,9.956
2021-03-15 15:00,0.654,9.127
2021-03-15 16:00,0.515,8.118
2021-03-15 17:00,0.412,7.417
2021-03-15 18:00,0.382,7.211
2021-03-15 19:00,0.345,6.948
2021-03-15 20:00,0.268,6.358
2021-03-15 21:00,0.207,5.833
2021-03-15 22:00,0.145,5.206
2021-03-15 23:00,0.103,4.685
2021-03-16 00:00,0.073,4.232
2021-03-16 01:00,0.046,3.722
2021-03-16 02:00,0.029,3.307
2021-03-16 03:00,0.020,3.010
2021-03-16 04:00,0.011,2.652
2021-03-16 05:00,0.004,2.138
2021-03-16 06:00,0.001,1.646
2021-03-16 07:00,0,1.332
2021-03-16 08:00,0,1.380
2021-03-16 09:00,0.001,1.669
2021-03-16 10:00,0.007,2.387
2021-03-16 11:00,0.033,3.406
2021-03-16 12:00,0.055,3.897
2021-03-16 13:00,0.067,4.116
2021-03-16 14:00,0.075,4.267
2021-03-16 15:00,0.070,4.183
2021-03-16 16:00,0.056,3.924
2021-03-16 17:00,0.037,3.525
2021-03-16 18:00,0.017,2.908
2021-03-16 19:00,0.008,2.486
2021-03-16 20:00,0.013,2.708
2021-03-16 21:00,0.026,3.216
2021-03-16 22:00,0.032,3.393
2021-03-16 23:00,0.035,3.467
2021-03-17 00:00,0.027,3.238
2021-03-17 01:00,0.083,4.382
2021-03-17 02:00,0.098,4.614
2021-03-17 03:00,0.121,4.917
2021-03-17 04:00,0.134,5.065
2021-03-17 05:00,0.134,5.076
2021-03-17 06:00,0.137,5.113
2021-03-17 07:00,0.154,5.294
2021-03-17 08:00,0.179,5.563
2021-03-17 09:00,0.323,6.791
2021-03-17 10:00,0.566,8.477
2021-03-17 11:00,0.702,9.507
2021-03-17 12:00,0.725,9.715
2021-03-17 13:00,0.682,9.350
2021-03-17 14:00,0.606,8.757
2021-03-17 15:00,0.577,8.548
2021-03-17 16:00,0.587,8.633
2021-03-17 17:00,0.599,8.710
2021-03-17 18:00,0.603,8.738
2021-03-17 19:00,0.583,8.598
2021-03-17 20:00,0.561,8.438
2021-03-17 21:00,0.546,8.339
2021-03-17 22:00,0.516,8.132
2021-03-17 23:00,0.396,7.311
2021-03-18 00:00,0.450,7.681
2021-03-18 01:00,0.568,8.486
2021-03-18 02:00,0.584,8.610
2021-03-18 03:00,0.596,8.687
2021-03-18 04:00,0.609,8.787
2021-03-18 05:00,0.613,8.819
2021-03-18 06:00,0.586,8.620
2021-03-18 07:00,0.497,7.992
2021-03-18 08:00,0.321,6.761
2021-03-18 09:00,0.245,6.167
2021-03-18 10:00,0.355,7.011
2021-03-18 11:00,0.617,8.851
2021-03-18 12:00,0.729,9.754
2021-03-18 13:00,0.741,9.863
2021-03-18 14:00,0.721,9.672
2021-03-18 15:00,0.694,9.451
2021-03-18 16:00,0.661,9.184
2021-03-18 17:00,0.565,8.475
2021-03-18 18:00,0.502,8.028
2021-03-18 19:00,0.406,7.370
2021-03-18 20:00,0.303,6.640
2021-03-18 21:00,0.220,5.949
2021-03-18 22:00,0.133,5.055
2021-03-18 23:00,0.026,3.218
2021-03-19 00:00,0,1.389
2021-03-19 01:00,0,1.146
2021-03-19 02:00,0.007,2.400
2021-03-19 03:00,0.006,2.335
2021-03-19 04:00,0.004,2.127
2021-03-19 05:00,0.010,2.607
2021-03-19 06:00,0.027,3.243
2021-03-19 07:00,0.075,4.271
2021-03-19 08:00,0.128,5.009
2021-03-19 09:00,0.166,5.440
2021-03-19 10:00,0.212,5.886
2021-03-19 11:00,0.217,5.928
2021-03-19 12:00,0.204,5.806
2021-03-19 13:00,0.189,5.669
2021-03-19 14:00,0.157,5.343
2021-03-19 15:00,0.107,4.743
2021-03-19 16:00,0.064,4.078
2021-03-19 17:00,0.032,3.371
2021-03-19 18:00,0.011,2.640
2021-03-19 19:00,0.018,2.949
2021-03-19 20:00,0.118,4.885
2021-03-19 21:00,0.365,7.087
2021-03-19 22:00,0.591,8.658
2021-03-19 23:00,0.812,10.597
2021-03-20 00:00,0.845,11.024
2021-03-20 01:00,0.803,10.504
2021-03-20 02:00,0.739,9.831
2021-03-20 03:00,0.777,10.208
2021-03-20 04:00,0.894,11.824
2021-03-20 05:00,0.949,13.217
2021-03-20 06:00,0.967,13.964
2021-03-20 07:00,0.973,14.295
2021-03-20 08:00,0.976,14.473
2021-03-20 09:00,0.977,14.528
2021-03-20 10:00,0.974,14.343
2021-03-20 11:00,0.970,14.097
2021-03-20 12:00,0.956,13.463
2021-03-20 13:00,0.920,12.363
2021-03-20 14:00,0.877,11.507
2021-03-20 15:00,0.829,10.810
2021-03-20 16:00,0.783,10.279
2021-03-20 17:00,0.735,9.808
2021-03-20 18:00,0.702,9.518
2021-03-20 19:00,0.675,9.296
2021-03-20 20:00,0.666,9.225
2021-03-20 21:00,0.675,9.298
2021-03-20 22:00,0.685,9.374
2021-03-20 23:00,0.625,8.908
2021-03-21 00:00,0.855,11.150
2021-03-21 01:00,0.905,12.038
2021-03-21 02:00,0.921,12.392
2021-03-21 03:00,0.929,12.604
2021-03-21 04:00,0.929,12.611
2021-03-21 05:00,0.929,12.613
2021-03-21 06:00,0.936,12.790
2021-03-21 07:00,0.946,13.109
2021-03-21 08:00,0.951,13.285
2021-03-21 09:00,0.909,12.118
2021-03-21 10:00,0.811,10.579
2021-03-21 11:00,0.779,10.239
2021-03-21 12:00,0.807,10.542
2021-03-21 13:00,0.839,10.938
2021-03-21 14:00,0.855,11.157
2021-03-21 15:00,0.853,11.120
2021-03-21 16:00,0.836,10.890
2021-03-21 17:00,0.818,10.672
2021-03-21 18:00,0.801,10.474
2021-03-21 19:00,0.791,10.362
2021-03-21 20:00,0.795,10.403
2021-03-21 21:00,0.809,10.567
2021-03-21 22:00,0.814,10.619
2021-03-21 23:00,0.696,9.466
2021-03-22 00:00,0.645,9.051
2021-03-22 01:00,0.829,10.805
2021-03-22 02:00,0.919,12.339
2021-03-22 03:00,0.982,14.949
2021-03-22 04:00,0.991,16.029
2021-03-22 05:00,0.993,16.575
2021-03-22 06:00,0.993,16.659
2021-03-22 07:00,0.990,15.842
2021-03-22 08:00,0.977,14.557
2021-03-22 09:00,0.971,14.175
2021-03-22 10:00,0.971,14.165
2021-03-22 11:00,0.967,13.935
2021-03-22 12:00,0.958,13.570
2021-03-22 13:00,0.948,13.167
2021-03-22 14:00,0.934,12.741
2021-03-22 15:00,0.920,12.386
2021-03-22 16:00,0.918,12.326
2021-03-22 17:00,0.914,12.223
2021-03-22 18:00,0.908,12.097
2021-03-22 19:00,0.856,11.180
2021-03-22 20:00,0.746,9.912
2021-03-22 21:00,0.674,9.288
2021-03-22 22:00,0.574,8.529
2021-03-22 23:00,0.304,6.645
2021-03-23 00:00,0.194,5.715
2021-03-23 01:00,0.108,4.747
2021-03-23 02:00,0.049,3.782
2021-03-23 03:00,0.073,4.229
2021-03-23 04:00,0.103,4.679
2021-03-23 05:00,0.138,5.127
2021-03-23 06:00,0.204,5.808
2021-03-23 07:00,0.332,6.846
2021-03-23 08:00,0.493,7.978
2021-03-23 09:00,0.663,9.194
2021-03-23 10:00,0.721,9.669
2021-03-23 11:00,0.672,9.267
2021-03-23 12:00,0.637,8.997
2021-03-23 13:00,0.569,8.496
2021-03-23 14:00,0.417,7.455
2021-03-23 15:00,0.199,5.766
2021-03-23 16:00,0.046,3.705
2021-03-23 17:00,0.001,1.675
2021-03-23 18:00,0.001,1.689
2021-03-23 19:00,0.033,3.411
2021-03-23 20:00,0.160,5.375
2021-03-23 21:00,0.317,6.730
2021-03-23 22:00,0.382,7.215
2021-03-23 23:00,0.194,5.715
2021-03-24 00:00,0.137,5.114
2021-03-24 01:00,0.389,7.255
2021-03-24 02:00,0.678,9.318
2021-03-24 03:00,0.784,10.285
2021-03-24 04:00,0.828,10.793
2021-03-24 05:00,0.871,11.409
2021-03-24 06:00,0.906,12.058
2021-03-24 07:00,0.927,12.537
2021-03-24 08:00,0.913,12.192
2021-03-24 09:00,0.906,12.063
2021-03-24 10:00,0.946,13.096
2021-03-24 11:00,0.962,13.722
2021-03-24 12:00,0.969,14.063
2021-03-24 13:00,0.973,14.296
2021-03-24 14:00,0.967,13.977
2021-03-24 15:00,0.922,12.433
2021-03-24 16:00,0.746,9.910
2021-03-24 17:00,0.413,7.427
2021-03-24 18:00,0.185,5.628
2021-03-24 19:00,0.082,4.368
2021-03-24 20:00,0.027,3.257
2021-03-24 21:00,0.003,1.990
2021-03-24 22:00,0.003,2.014
2021-03-24 23:00,0.024,3.160
2021-03-25 00:00,0.028,3.274
2021-03-25 01:00,0.022,3.103
2021-03-25 02:00,0.025,3.171
2021-03-25 03:00,0.037,3.503
2021-03-25 04:00,0.047,3.740
2021-03-25 05:00,0.050,3.806
2021-03-25 06:00,0.034,3.426
2021-03-25 07:00,0.024,3.168
2021-03-25 08:00,0.014,2.784
2021-03-25 09:00,0.027,3.248
2021-03-25 10:00,0.294,6.565
2021-03-25 11:00,0.776,10.202
2021-03-25 12:00,0.950,13.239
2021-03-25 13:00,0.975,14.377
2021-03-25 14:00,0.965,13.880
2021-03-25 15:00,0.955,13.437
2021-03-25 16:00,0.938,12.831
2021-03-25 17:00,0.921,12.397
2021-03-25 18:00,0.926,12.525
2021-03-25 19:00,0.904,12.011
2021-03-25 20:00,0.879,11.545
2021-03-25 21:00,0.889,11.720
2021-03-25 22:00,0.896,11.847
2021-03-25 23:00,0.901,11.949
2021-03-26 00:00,0.853,11.120
2021-03-26 01:00,0.863,11.282
2021-03-26 02:00,0.885,11.642
2021-03-26 03:00,0.898,11.896
2021-03-26 04:00,0.913,12.198
2021-03-26 05:00,0.926,12.513
2021-03-26 06:00,0.932,12.667
2021-03-26 07:00,0.920,12.384
2021-03-26 08:00,0.884,11.637
2021-03-26 09:00,0.781,10.262
2021-03-26 10:00,0.705,9.543
2021-03-26 11:00,0.600,8.721
2021-03-26 12:00,0.424,7.502
2021-03-26 13:00,0.283,6.476
2021-03-26 14:00,0.204,5.808
2021-03-26 15:00,0.187,5.644
2021-03-26 16:00,0.260,6.302
2021-03-26 17:00,0.433,7.565
2021-03-26 18:00,0.652,9.116
2021-03-26 19:00,0.806,10.528
2021-03-26 20:00,0.876,11.485
2021-03-26 21:00,0.898,11.894
2021-03-26 22:00,0.902,11.972
2021-03-26 23:00,0.817,10.667
2021-03-27 00:00,0.707,9.563
2021-03-27 01:00,0.807,10.544
2021-03-27 02:00,0.955,13.447
2021-03-27 03:00,0.984,15.116
2021-03-27 04:00,0.991,16.037
2021-03-27 05:00,0.993,16.946
2021-03-27 06:00,0.991,17.700
2021-03-27 07:00,0.987,18.263
2021-03-27 08:00,0.992,17.490
2021-03-27 09:00,0.992,16.330
2021-03-27 10:00,0.993,16.644
2021-03-27 11:00,0.992,16.156
2021-03-27 12:00,0.977,14.571
2021-03-27 13:00,0.990,15.864
2021-03-27 14:00,0.992,17.350
2021-03-27 15:00,0.990,17.851
2021-03-27 16:00,0.991,17.752
2021-03-27 17:00,0.992,17.550
2021-03-27 18:00,0.993,17.258
2021-03-27 19:00,0.993,16.893
2021-03-27 20:00,0.992,16.303
2021-03-27 21:00,0.986,15.321
2021-03-27 22:00,0.980,14.719
2021-03-27 23:00,0.988,15.490
2021-03-28 00:00,0.989,15.734
2021-03-28 01:00,0.990,15.843
2021-03-28 02:00,0.991,16.039
2021-03-28 03:00,0.993,16.590
2021-03-28 04:00,0.993,17.199
2021-03-28 05:00,0.992,17.554
2021-03-28 06:00,0.992,17.496
2021-03-28 07:00,0.993,17.169
2021-03-28 08:00,0.993,16.573
2021-03-28 09:00,0.983,15.044
2021-03-28 10:00,0.958,13.557
2021-03-28 11:00,0.930,12.624
2021-03-28 12:00,0.895,11.830
2021-03-28 13:00,0.854,11.145
2021-03-28 14:00,0.815,10.634
2021-03-28 15:00,0.780,10.242
2021-03-28 16:00,0.723,9.692
2021-03-28 17:00,0.673,9.275
2021-03-28 18:00,0.628,8.923
2021-03-28 19:00,0.582,8.594
2021-03-28 20:00,0.533,8.252
2021-03-28 21:00,0.473,7.840
2021-03-28 22:00,0.377,7.168
2021-03-28 23:00,0.367,7.099
2021-03-29 00:00,0.640,9.011
2021-03-29 01:00,0.675,9.294
2021-03-29 02:00,0.669,9.237
2021-03-29 03:00,0.667,9.228
2021-03-29 04:00,0.655,9.134
2021-03-29 05:00,0.619,8.861
2021-03-29 06:00,0.581,8.581
2021-03-29 07:00,0.560,8.434
2021-03-29 08:00,0.528,8.215
2021-03-29 09:00,0.428,7.526
2021-03-29 10:00,0.380,7.192
2021-03-29 11:00,0.346,6.955
2021-03-29 12:00,0.333,6.853
2021-03-29 13:00,0.341,6.916
2021-03-29 14:00,0.348,6.962
2021-03-29 15:00,0.390,7.267
2021-03-29 16:00,0.493,7.973
2021-03-29 17:00,0.658,9.153
2021-03-29 18:00,0.781,10.258
2021-03-29 19:00,0.799,10.446
2021-03-29 20:00,0.744,9.892
2021-03-29 21:00,0.681,9.342
2021-03-29 22:00,0.637,8.996
2021-03-29 23:00,0.510,8.081
2021-03-30 00:00,0.418,7.460
2021-03-30 01:00,0.511,8.094
2021-03-30 02:00,0.845,11.027
2021-03-30 03:00,0.887,11.683
2021-03-30 04:00,0.913,12.190
2021-03-30 05:00,0.925,12.492
2021-03-30 06:00,0.936,12.789
2021-03-30 07:00,0.943,13.004
2021-03-30 08:00,0.926,12.536
2021-03-30 09:00,0.864,11.299
2021-03-30 10:00,0.879,11.542
2021-03-30 11:00,0.896,11.855
2021-03-30 12:00,0.871,11.398
2021-03-30 13:00,0.870,11.391
2021-03-30 14:00,0.890,11.735
2021-03-30 15:00,0.882,11.593
2021-03-30 16:00,0.816,10.644
2021-03-30 17:00,0.692,9.429
2021-03-30 18:00,0.564,8.466
2021-03-30 19:00,0.499,8.009
2021-03-30 20:00,0.431,7.554
2021-03-30 21:00,0.395,7.302
2021-03-30 22:00,0.404,7.364
2021-03-30 23:00,0.523,8.177
2021-03-31 00:00,0.606,8.758
2021-03-31 01:00,0.697,9.477
2021-03-31 02:00,0.748,9.927
2021-03-31 03:00,0.715,9.628
2021-03-31 04:00,0.634,8.979
2021-03-31 05:00,0.562,8.454
2021-03-31 06:00,0.490,7.958
2021-03-31 07:00,0.400,7.334
2021-03-31 08:00,0.285,6.486
2021-03-31 09:00,0.206,5.826
2021-03-31 10:00,0.211,5.870
2021-03-31 11:00,0.222,5.960
2021-03-31 12:00,0.258,6.279
2021-03-31 13:00,0.374,7.145
2021-03-31 14:00,0.439,7.605
2021-03-31 15:00,0.502,8.037
2021-03-31 16:00,0.569,8.494
2021-03-31 17:00,0.647,9.072
2021-03-31 18:00,0.686,9.387
2021-03-31 19:00,0.702,9.521
2021-03-31 20:00,0.719,9.662
2021-03-31 21:00,0.721,9.674
2021-03-31 22:00,0.705,9.546
2021-03-31 23:00,0.621,8.879
2021-04-01 00:00,0.483,7.908
2021-04-01 01:00,0.687,9.389
2021-04-01 02:00,0.807,10.547
2021-04-01 03:00,0.811,10.582
2021-04-01 04:00,0.835,10.884
2021-04-01 05:00,0.861,11.239
2021-04-01 06:00,0.887,11.692
2021-04-01 07:00,0.922,12.430
2021-04-01 08:00,0.933,12.701
2021-04-01 09:00,0.887,11.682
2021-04-01 10:00,0.880,11.557
2021-04-01 11:00,0.912,12.178
2021-04-01 12:00,0.931,12.642
2021-04-01 13:00,0.934,12.734
2021-04-01 14:00,0.930,12.641
2021-04-01 15:00,0.926,12.536
2021-04-01 16:00,0.894,11.818
2021-04-01 17:00,0.775,10.198
2021-04-01 18:00,0.619,8.864
2021-04-01 19:00,0.526,8.203
2021-04-01 20:00,0.419,7.472
2021-04-01 21:00,0.351,6.987
2021-04-01 22:00,0.335,6.868
2021-04-01 23:00,0.302,6.629
2021-04-02 00:00,0.312,6.704
2021-04-02 01:00,0.317,6.733
2021-04-02 02:00,0.429,7.540
2021-04-02 03:00,0.610,8.792
2021-04-02 04:00,0.686,9.384
2021-04-02 05:00,0.697,9.471
2021-04-02 06:00,0.688,9.394
2021-04-02 07:00,0.688,9.394
2021-04-02 08:00,0.714,9.621
2021-04-02 09:00,0.712,9.600
2021-04-02 10:00,0.627,8.918
2021-04-02 11:00,0.630,8.947
2021-04-02 12:00,0.612,8.810
2021-04-02 13:00,0.562,8.452
2021-04-02 14:00,0.510,8.088
2021-04-02 15:00,0.442,7.631
2021-04-02 16:00,0.365,7.088
2021-04-02 17:00,0.295,6.573
2021-04-02 18:00,0.270,6.369
2021-04-02 19:00,0.240,6.131
2021-04-02 20:00,0.212,5.883
2021-04-02 21:00,0.185,5.624
2021-04-02 22:00,0.113,4.810
2021-04-02 23:00,0.108,4.749
2021-04-03 00:00,0.284,6.483
2021-04-03 01:00,0.278,6.438
2021-04-03 02:00,0.250,6.207
2021-04-03 03:00,0.239,6.125
2021-04-03 04:00,0.235,6.091
2021-04-03 05:00,0.224,5.986
2021-04-03 06:00,0.216,5.922
2021-04-03 07:00,0.205,5.815
2021-04-03 08:00,0.183,5.603
2021-04-03 09:00,0.151,5.272
2021-04-03 10:00,0.109,4.765
2021-04-03 11:00,0.089,4.490
2021-04-03 12:00,0.140,5.152
2021-04-03 13:00,0.299,6.599
2021-04-03 14:00,0.510,8.089
2021-04-03 15:00,0.640,9.014
2021-04-03 16:00,0.672,9.268
2021-04-03 17:00,0.663,9.201
2021-04-03 18:00,0.635,8.983
2021-04-03 19:00,0.636,8.986
2021-04-03 20:00,0.644,9.046
2021-04-03 21:00,0.643,9.035
2021-04-03 22:00,0.564,8.469
2021-04-03 23:00,0.314,6.713
2021-04-04 00:00,0.393,7.284
2021-04-04 01:00,0.418,7.462
2021-04-04 02:00,0.271,6.388
2021-04-04 03:00,0.262,6.311
2021-04-04 04:00,0.333,6.855
2021-04-04 05:00,0.426,7.508
2021-04-04 06:00,0.499,8.019
2021-04-04 07:00,0.545,8.321
2021-04-04 08:00,0.551,8.373
2021-04-04 09:00,0.489,7.950
2021-04-04 10:00,0.491,7.964
2021-04-04 11:00,0.523,8.185
2021-04-04 12:00,0.583,8.603
2021-04-04 13:00,0.634,8.977
2021-04-04 14:00,0.639,9.006
2021-04-04 15:00,0.622,8.885
2021-04-04 16:00,0.615,8.826
2021-04-04 17:00,0.618,8.859
2021-04-04 18:00,0.635,8.982
2021-04-04 19:00,0.657,9.148
2021-04-04 20:00,0.704,9.535
2021-04-04 21:00,0.729,9.747
2021-04-04 22:00,0.657,9.144
2021-04-04 23:00,0.345,6.942
2021-04-05 00:00,0.161,5.385
2021-04-05 01:00,0.362,7.070
2021-04-05 02:00,0.339,6.906
2021-04-05 03:00,0.261,6.305
2021-04-05 04:00,0.204,5.805
2021-04-05 05:00,0.159,5.362
2021-04-05 06:00,0.125,4.971
2021-04-05 07:00,0.099,4.617
2021-04-05 08:00,0.075,4.269
2021-04-05 09:00,0.075,4.265
2021-04-05 10:00,0.120,4.906
2021-04-05 11:00,0.223,5.977
2021-04-05 12:00,0.359,7.048
2021-04-05 13:00,0.442,7.628
2021-04-05 14:00,0.436,7.590
2021-04-05 15:00,0.352,6.993
2021-04-05 16:00,0.224,5.982
2021-04-05 17:00,0.111,4.779
2021-04-05 18:00,0.037,3.512
2021-04-05 19:00,0.006,2.295
2021-04-05 20:00,0,1.445
2021-04-05 21:00,0.001,1.752
2021-04-05 22:00,0.010,2.563
2021-04-05 23:00,0.013,2.739
2021-04-06 00:00,0.042,3.619
2021-04-06 01:00,0.064,4.085
2021-04-06 02:00,0.130,5.024
2021-04-06 03:00,0.233,6.070
2021-04-06 04:00,0.324,6.799
2021-04-06 05:00,0.367,7.110
2021-04-06 06:00,0.366,7.095
2021-04-06 07:00,0.335,6.878
2021-04-06 08:00,0.311,6.700
2021-04-06 09:00,0.338,6.894
2021-04-06 10:00,0.581,8.579
2021-04-06 11:00,0.792,10.368
2021-04-06 12:00,0.814,10.624
2021-04-06 13:00,0.767,10.112
2021-04-06 14:00,0.677,9.313
2021-04-06 15:00,0.535,8.259
2021-04-06 16:00,0.383,7.223
2021-04-06 17:00,0.274,6.411
2021-04-06 18:00,0.193,5.697
2021-04-06 19:00,0.128,5.013
2021-04-06 20:00,0.076,4.280
2021-04-06 21:00,0.036,3.479
2021-04-06 22:00,0.011,2.616
2021-04-06 23:00,0,0.792
2021-04-07 00:00,0.003,2.014
2021-04-07 01:00,0.022,3.073
2021-04-07 02:00,0.049,3.794
2021-04-07 03:00,0.096,4.586
2021-04-07 04:00,0.131,5.031
2021-04-07 05:00,0.138,5.121
2021-04-07 06:00,0.159,5.357
2021-04-07 07:00,0.207,5.841
2021-04-07 08:00,0.279,6.439
2021-04-07 09:00,0.302,6.631
2021-04-07 10:00,0.320,6.758
2021-04-07 11:00,0.285,6.501
2021-04-07 12:00,0.185,5.628
2021-04-07 13:00,0.089,4.488
2021-04-07 14:00,0.036,3.471
2021-04-07 15:00,0.015,2.836
2021-04-07 16:00,0.013,2.730
2021-04-07 17:00,0.020,3.029
2021-04-07 18:00,0.036,3.487
2021-04-07 19:00,0.063,4.056
2021-04-07 20:00,0.097,4.608
2021-04-07 21:00,0.136,5.103
2021-04-07 22:00,0.157,5.343
2021-04-07 23:00,0.073,4.236
2021-04-08 00:00,0.075,4.268
2021-04-08 01:00,0.046,3.720
2021-04-08 02:00,0.039,3.566
2021-04-08 03:00,0.037,3.498
2021-04-08 04:00,0.031,3.361
2021-04-08 05:00,0.025,3.182
2021-04-08 06:00,0.023,3.121
2021-04-08 07:00,0.023,3.134
2021-04-08 08:00,0.026,3.200
2021-04-08 09:00,0.050,3.805
2021-04-08 10:00,0.181,5.593
2021-04-08 11:00,0.311,6.688
2021-04-08 12:00,0.366,7.094
2021-04-08 13:00,0.390,7.270
2021-04-08 14:00,0.432,7.557
2021-04-08 15:00,0.504,8.045
2021-04-08 16:00,0.564,8.467
2021-04-08 17:00,0.577,8.560
2021-04-08 18:00,0.549,8.353
2021-04-08 19:00,0.511,8.096
2021-04-08 20:00,0.475,7.845
2021-04-08 21:00,0.428,7.525
2021-04-08 22:00,0.335,6.871
2021-04-08 23:00,0.116,4.856
2021-04-09 00:00,0.012,2.664
2021-04-09 01:00,0,1.391
2021-04-09 02:00,0.005,2.197
2021-04-09 03:00,0.010,2.562
2021-04-09 04:00,0.013,2.734
2021-04-09 05:00,0.016,2.856
2021-04-09 06:00,0.019,2.969
2021-04-09 07:00,0.022,3.095
2021-04-09 08:00,0.027,3.225
2021-04-09 09:00,0.030,3.339
2021-04-09 10:00,0.052,3.854
2021-04-09 11:00,0.121,4.918
2021-04-09 12:00,0.246,6.174
2021-04-09 13:00,0.403,7.351
2021-04-09 14:00,0.562,8.442
2021-04-09 15:00,0.722,9.686
2021-04-09 16:00,0.862,11.269
2021-04-09 17:00,0.927,12.555
2021-04-09 18:00,0.929,12.602
2021-04-09 19:00,0.914,12.233
2021-04-09 20:00,0.895,11.842
2021-04-09 21:00,0.855,11.153
2021-04-09 22:00,0.799,10.444
2021-04-09 23:00,0.734,9.801
2021-04-10 00:00,0.710,9.580
2021-04-10 01:00,0.672,9.260
2021-04-10 02:00,0.697,9.473
2021-04-10 03:00,0.743,9.885
2021-04-10 04:00,0.742,9.875
2021-04-10 05:00,0.713,9.611
2021-04-10 06:00,0.673,9.275
2021-04-10 07:00,0.606,8.758
2021-04-10 08:00,0.502,8.028
2021-04-10 09:00,0.441,7.615
2021-04-10 10:00,0.566,8.479
2021-04-10 11:00,0.789,10.342
2021-04-10 12:00,0.855,11.162
2021-04-10 13:00,0.826,10.774
2021-04-10 14:00,0.767,10.100
2021-04-10 15:00,0.825,10.757
2021-04-10 16:00,0.807,10.547
2021-04-10 17:00,0.729,9.751
2021-04-10 18:00,0.631,8.954
2021-04-10 19:00,0.557,8.413
2021-04-10 20:00,0.480,7.886
2021-04-10 21:00,0.331,6.844
2021-04-10 22:00,0.181,5.581
2021-04-10 23:00,0.245,6.165
2021-04-11 00:00,0.333,6.854
2021-04-11 01:00,0.372,7.137
2021-04-11 02:00,0.419,7.467
2021-04-11 03:00,0.520,8.161
2021-04-11 04:00,0.586,8.621
2021-04-11 05:00,0.680,9.338
2021-04-11 06:00,0.803,10.496
2021-04-11 07:00,0.899,11.909
2021-04-11 08:00,0.956,13.463
2021-04-11 09:00,0.971,14.153
2021-04-11 10:00,0.979,14.650
2021-04-11 11:00,0.985,15.246
2021-04-11 12:00,0.981,14.842
2021-04-11 13:00,0.962,13.728
2021-04-11 14:00,0.942,12.985
2021-04-11 15:00,0.949,13.194
2021-04-11 16:00,0.918,12.315
2021-04-11 17:00,0.702,9.516
2021-04-11 18:00,0.359,7.048
2021-04-11 19:00,0.365,7.087
2021-04-11 20:00,0.659,9.164
2021-04-11 21:00,0.850,11.080
2021-04-11 22:00,0.882,11.596
2021-04-11 23:00,0.902,11.975
2021-04-12 00:00,0.919,12.352
2021-04-12 01:00,0.917,12.294
2021-04-12 02:00,0.887,11.681
2021-04-12 03:00,0.830,10.822
2021-04-12 04:00,0.758,10.025
2021-04-12 05:00,0.719,9.653
2021-04-12 06:00,0.731,9.775
2021-04-12 07:00,0.776,10.205
2021-04-12 08:00,0.810,10.576
2021-04-12 09:00,0.817,10.649
2021-04-12 10:00,0.753,9.980
2021-04-12 11:00,0.633,8.965
2021-04-12 12:00,0.539,8.286
2021-04-12 13:00,0.435,7.574
2021-04-12 14:00,0.322,6.778
2021-04-12 15:00,0.196,5.736
2021-04-12 16:00,0.104,4.705
2021-04-12 17:00,0.055,3.915
2021-04-12 18:00,0.047,3.740
2021-04-12 19:00,0.085,4.417
2021-04-12 20:00,0.154,5.303
2021-04-12 21:00,0.206,5.832
2021-04-12 22:00,0.190,5.676
2021-04-12 23:00,0.442,7.629
2021-04-13 00:00,0.610,8.792
2021-04-13 01:00,0.651,9.103
2021-04-13 02:00,0.717,9.644
2021-04-13 03:00,0.807,10.539
2021-04-13 04:00,0.882,11.590
2021-04-13 05:00,0.925,12.499
2021-04-13 06:00,0.954,13.382
2021-04-13 07:00,0.965,13.857
2021-04-13 08:00,0.959,13.604
2021-04-13 09:00,0.916,12.272
2021-04-13 10:00,0.865,11.312
2021-04-13 11:00,0.838,10.929
2021-04-13 12:00,0.784,10.286
2021-04-13 13:00,0.706,9.551
2021-04-13 14:00,0.539,8.285
2021-04-13 15:00,0.302,6.631
2021-04-13 16:00,0.112,4.802
2021-04-13 17:00,0.040,3.581
2021-04-13 18:00,0.042,3.624
2021-04-13 19:00,0.111,4.781
2021-04-13 20:00,0.276,6.422
2021-04-13 21:00,0.504,8.047
2021-04-13 22:00,0.524,8.187
2021-04-13 23:00,0.460,7.747
2021-04-14 00:00,0.548,8.348
2021-04-14 01:00,0.853,11.132
2021-04-14 02:00,0.903,11.985
2021-04-14 03:00,0.900,11.936
2021-04-14 04:00,0.897,11.879
2021-04-14 05:00,0.885,11.644
2021-04-14 06:00,0.857,11.200
2021-04-14 07:00,0.795,10.399
2021-04-14 08:00,0.653,9.123
2021-04-14 09:00,0.343,6.934
2021-04-14 10:00,0.078,4.309
2021-04-14 11:00,0.012,2.701
2021-04-14 12:00,0.100,4.634
2021-04-14 13:00,0.491,7.961
2021-04-14 14:00,0.831,10.834
2021-04-14 15:00,0.916,12.276
2021-04-14 16:00,0.929,12.613
2021-04-14 17:00,0.934,12.735
2021-04-14 18:00,0.945,13.062
2021-04-14 19:00,0.953,13.354
2021-04-14 20:00,0.956,13.460
2021-04-14 21:00,0.955,13.418
2021-04-14 22:00,0.957,13.512
2021-04-14 23:00,0.968,13.988
2021-04-15 00:00,0.983,15.017
2021-04-15 01:00,0.993,16.747
2021-04-15 02:00,0.991,17.784
2021-04-15 03:00,0.975,19.150
2021-04-15 04:00,0.935,20.464
2021-04-15 05:00,0.890,21.327
2021-04-15 06:00,0.881,21.469
2021-04-15 07:00,0.926,20.676
2021-04-15 08:00,0.973,19.246
2021-04-15 09:00,0.993,17.032
2021-04-15 10:00,0.985,15.183
2021-04-15 11:00,0.993,17.314
2021-04-15 12:00,0.948,20.136
2021-04-15 13:00,0.983,18.634
2021-04-15 14:00,0.993,16.756
2021-04-15 15:00,0.987,15.371
2021-04-15 16:00,0.973,14.256
2021-04-15 17:00,0.963,13.748
2021-04-15 18:00,0.958,13.536
2021-04-15 19:00,0.948,13.155
2021-04-15 20:00,0.924,12.469
2021-04-15 21:00,0.917,12.299
2021-04-15 22:00,0.933,12.713
2021-04-15 23:00,0.989,15.620
2021-04-16 00:00,0.993,16.470
2021-04-16 01:00,0.992,16.396
2021-04-16 02:00,0.992,16.152
2021-04-16 03:00,0.990,15.924
2021-04-16 04:00,0.990,15.896
2021-04-16 05:00,0.991,15.956
2021-04-16 06:00,0.991,15.980
2021-04-16 07:00,0.991,15.977
2021-04-16 08:00,0.990,15.794
2021-04-16 09:00,0.987,15.432
2021-04-16 10:00,0.977,14.513
2021-04-16 11:00,0.954,13.398
2021-04-16 12:00,0.943,13.000
2021-04-16 13:00,0.938,12.833
2021-04-16 14:00,0.930,12.623
2021-04-16 15:00,0.915,12.266
2021-04-16 16:00,0.898,11.885
2021-04-16 17:00,0.881,11.574
2021-04-16 18:00,0.860,11.235
2021-04-16 19:00,0.818,10.671
2021-04-16 20:00,0.755,9.992
2021-04-16 21:00,0.709,9.572
2021-04-16 22:00,0.577,8.551
2021-04-16 23:00,0.628,8.931
2021-04-17 00:00,0.727,9.732
2021-04-17 01:00,0.643,9.043
2021-04-17 02:00,0.599,8.709
2021-04-17 03:00,0.581,8.590
2021-04-17 04:00,0.574,8.536
2021-04-17 05:00,0.564,8.465
2021-04-17 06:00,0.562,8.442
2021-04-17 07:00,0.565,8.473
2021-04-17 08:00,0.559,8.419
2021-04-17 09:00,0.481,7.893
2021-04-17 10:00,0.438,7.597
2021-04-17 11:00,0.491,7.964
2021-04-17 12:00,0.615,8.826
2021-04-17 13:00,0.740,9.853
2021-04-17 14:00,0.829,10.810
2021-04-17 15:00,0.886,11.653
2021-04-17 16:00,0.916,12.272
2021-04-17 17:00,0.920,12.366
2021-04-17 18:00,0.910,12.136
2021-04-17 19:00,0.897,11.868
2021-04-17 20:00,0.893,11.801
2021-04-17 21:00,0.887,11.689
2021-04-17 22:00,0.854,11.145
2021-04-17 23:00,0.838,10.929
2021-04-18 00:00,0.861,11.243
2021-04-18 01:00,0.903,12.000
2021-04-18 02:00,0.971,14.183
2021-04-18 03:00,0.985,15.200
2021-04-18 04:00,0.984,15.102
2021-04-18 05:00,0.981,14.850
2021-04-18 06:00,0.975,14.382
2021-04-18 07:00,0.965,13.836
2021-04-18 08:00,0.952,13.320
2021-04-18 09:00,0.908,12.103
2021-04-18 10:00,0.913,12.221
2021-04-18 11:00,0.947,13.134
2021-04-18 12:00,0.953,13.340
2021-04-18 13:00,0.955,13.428
2021-04-18 14:00,0.953,13.340
2021-04-18 15:00,0.941,12.950
2021-04-18 16:00,0.899,11.899
2021-04-18 17:00,0.800,10.462
2021-04-18 18:00,0.758,10.021
2021-04-18 19:00,0.752,9.962
2021-04-18 20:00,0.721,9.678
2021-04-18 21:00,0.665,9.211
2021-04-18 22:00,0.426,7.508
2021-04-18 23:00,0.407,7.384
2021-04-19 00:00,0.320,6.755
2021-04-19 01:00,0.258,6.278
2021-04-19 02:00,0.226,6.003
2021-04-19 03:00,0.194,5.719
2021-04-19 04:00,0.155,5.304
2021-04-19 05:00,0.099,4.624
2021-04-19 06:00,0.088,4.473
2021-04-19 07:00,0.129,5.018
2021-04-19 08:00,0.214,5.903
2021-04-19 09:00,0.397,7.320
2021-04-19 10:00,0.687,9.389
2021-04-19 11:00,0.843,10.998
2021-04-19 12:00,0.855,11.168
2021-04-19 13:00,0.833,10.863
2021-04-19 14:00,0.784,10.287
2021-04-19 15:00,0.706,9.550
2021-04-19 16:00,0.661,9.170
2021-04-19 17:00,0.683,9.362
2021-04-19 18:00,0.768,10.127
2021-04-19 19:00,0.863,11.292
2021-04-19 20:00,0.923,12.447
2021-04-19 21:00,0.935,12.772
2021-04-19 22:00,0.905,12.028
2021-04-19 23:00,0.804,10.515
2021-04-20 00:00,0.804,10.511
2021-04-20 01:00,0.652,9.113
2021-04-20 02:00,0.368,7.113
2021-04-20 03:00,0.329,6.825
2021-04-20 04:00,0.357,7.035
2021-04-20 05:00,0.397,7.319
2021-04-20 06:00,0.407,7.384
2021-04-20 07:00,0.372,7.137
2021-04-20 08:00,0.276,6.420
2021-04-20 09:00,0.181,5.580
2021-04-20 10:00,0.118,4.882
2021-04-20 11:00,0.049,3.777
2021-04-20 12:00,0.012,2.674
2021-04-20 13:00,0.019,2.968
2021-04-20 14:00,0.201,5.774
2021-04-20 15:00,0.767,10.118
2021-04-20 16:00,0.938,12.856
2021-04-20 17:00,0.951,13.264
2021-04-20 18:00,0.937,12.823
2021-04-20 19:00,0.925,12.501
2021-04-20 20:00,0.915,12.251
2021-04-20 21:00,0.901,11.944
2021-04-20 22:00,0.829,10.807
2021-04-20 23:00,0.706,9.556
2021-04-21 00:00,0.868,11.350
2021-04-21 01:00,0.871,11.410
2021-04-21 02:00,0.815,10.636
2021-04-21 03:00,0.782,10.269
2021-04-21 04:00,0.774,10.173
2021-04-21 05:00,0.776,10.202
2021-04-21 06:00,0.830,10.824
2021-04-21 07:00,0.866,11.324
2021-04-21 08:00,0.836,10.889
2021-04-21 09:00,0.763,10.071
2021-04-21 10:00,0.840,10.960
2021-04-21 11:00,0.929,12.612
2021-04-21 12:00,0.953,13.329
2021-04-21 13:00,0.951,13.284
2021-04-21 14:00,0.938,12.837
2021-04-21 15:00,0.912,12.186
2021-04-21 16:00,0.879,11.540
2021-04-21 17:00,0.871,11.397
2021-04-21 18:00,0.831,10.827
2021-04-21 19:00,0.775,10.193
2021-04-21 20:00,0.730,9.766
2021-04-21 21:00,0.694,9.452
2021-04-21 22:00,0.523,8.170
2021-04-21 23:00,0.426,7.513
2021-04-22 00:00,0.317,6.736
2021-04-22 01:00,0.156,5.316
2021-04-22 02:00,0.073,4.225
2021-04-22 03:00,0.038,3.542
2021-04-22 04:00,0.010,2.558
2021-04-22 05:00,0.001,1.607
2021-04-22 06:00,0.001,1.606
2021-04-22 07:00,0.001,1.677
2021-04-22 08:00,0.001,1.552
2021-04-22 09:00,0.001,1.499
2021-04-22 10:00,0,1.188
2021-04-22 11:00,0,0.967
2021-04-22 12:00,0,0.748
2021-04-22 13:00,0,0.452
2021-04-22 14:00,0,1.224
2021-04-22 15:00,0.013,2.749
2021-04-22 16:00,0.064,4.079
2021-04-22 17:00,0.154,5.298
2021-04-22 18:00,0.275,6.413
2021-04-22 19:00,0.373,7.143
2021-04-22 20:00,0.403,7.360
2021-04-22 21:00,0.390,7.266
2021-04-22 22:00,0.274,6.410
2021-04-22 23:00,0.292,6.550
2021-04-23 00:00,0.505,8.051
2021-04-23 01:00,0.771,10.146
2021-04-23 02:00,0.901,11.961
2021-04-23 03:00,0.912,12.181
2021-04-23 04:00,0.897,11.872
2021-04-23 05:00,0.887,11.677
2021-04-23 06:00,0.884,11.630
2021-04-23 07:00,0.888,11.711
2021-04-23 08:00,0.901,11.943
2021-04-23 09:00,0.915,12.247
2021-04-23 10:00,0.907,12.083
2021-04-23 11:00,0.912,12.180
2021-04-23 12:00,0.902,11.974
2021-04-23 13:00,0.892,11.770
2021-04-23 14:00,0.864,11.302
2021-04-23 15:00,0.815,10.640
2021-04-23 16:00,0.736,9.819
2021-04-23 17:00,0.684,9.366
2021-04-23 18:00,0.628,8.923
2021-04-23 19:00,0.587,8.630
2021-04-23 20:00,0.542,8.308
2021-04-23 21:00,0.466,7.785
2021-04-23 22:00,0.341,6.916
2021-04-23 23:00,0.373,7.142
2021-04-24 00:00,0.374,7.145
2021-04-24 01:00,0.321,6.771
2021-04-24 02:00,0.283,6.474
2021-04-24 03:00,0.270,6.371
2021-04-24 04:00,0.276,6.428
2021-04-24 05:00,0.299,6.608
2021-04-24 06:00,0.352,6.989
2021-04-24 07:00,0.403,7.355
2021-04-24 08:00,0.391,7.273
2021-04-24 09:00,0.360,7.059
2021-04-24 10:00,0.479,7.872
2021-04-24 11:00,0.702,9.516
2021-04-24 12:00,0.717,9.642
2021-04-24 13:00,0.598,8.706
2021-04-24 14:00,0.451,7.692
2021-04-24 15:00,0.387,7.243
2021-04-24 16:00,0.360,7.056
2021-04-24 17:00,0.380,7.201
2021-04-24 18:00,0.422,7.484
2021-04-24 19:00,0.476,7.850
2021-04-24 20:00,0.487,7.938
2021-04-24 21:00,0.499,8.008
2021-04-24 22:00,0.330,6.838
2021-04-24 23:00,0.145,5.208
2021-04-25 00:00,0.121,4.927
2021-04-25 01:00,0.132,5.051
2021-04-25 02:00,0.197,5.744
2021-04-25 03:00,0.281,6.465
2021-04-25 04:00,0.365,7.086
2021-04-25 05:00,0.447,7.650
2021-04-25 06:00,0.559,8.432
2021-04-25 07:00,0.692,9.433
2021-04-25 08:00,0.776,10.191
2021-04-25 09:00,0.748,9.928
2021-04-25 10:00,0.748,9.927
2021-04-25 11:00,0.841,10.970
2021-04-25 12:00,0.912,12.168
2021-04-25 13:00,0.934,12.749
2021-04-25 14:00,0.926,12.534
2021-04-25 15:00,0.913,12.219
2021-04-25 16:00,0.912,12.178
2021-04-25 17:00,0.897,11.868
2021-04-25 18:00,0.862,11.271
2021-04-25 19:00,0.833,10.858
2021-04-25 20:00,0.817,10.660
2021-04-25 21:00,0.804,10.512
2021-04-25 22:00,0.789,10.343
2021-04-25 23:00,0.908,12.094
2021-04-26 00:00,0.985,15.182
2021-04-26 01:00,0.991,16.028
2021-04-26 02:00,0.993,17.059
2021-04-26 03:00,0.988,18.182
2021-04-26 04:00,0.968,19.471
2021-04-26 05:00,0.931,20.555
2021-04-26 06:00,0.892,21.302
2021-04-26 07:00,0.868,21.658
2021-04-26 08:00,0.893,21.287
2021-04-26 09:00,0.943,20.267
2021-04-26 10:00,0.987,18.227
2021-04-26 11:00,0.993,16.761
2021-04-26 12:00,0.993,16.497
2021-04-26 13:00,0.990,15.935
2021-04-26 14:00,0.980,14.776
2021-04-26 15:00,0.962,13.700
2021-04-26 16:00,0.914,12.244
2021-04-26 17:00,0.834,10.872
2021-04-26 18:00,0.758,10.022
2021-04-26 19:00,0.712,9.606
2021-04-26 20:00,0.691,9.417
2021-04-26 21:00,0.655,9.137
2021-04-26 22:00,0.536,8.261
2021-04-26 23:00,0.789,10.332
2021-04-27 00:00,0.846,11.040
2021-04-27 01:00,0.901,11.963
2021-04-27 02:00,0.946,13.117
2021-04-27 03:00,0.971,14.162
2021-04-27 04:00,0.980,14.789
2021-04-27 05:00,0.983,15.016
2021-04-27 06:00,0.984,15.145
2021-04-27 07:00,0.988,15.496
2021-04-27 08:00,0.990,15.856
2021-04-27 09:00,0.988,15.519
2021-04-27 10:00,0.974,14.316
2021-04-27 11:00,0.944,13.047
2021-04-27 12:00,0.923,12.441
2021-04-27 13:00,0.912,12.182
2021-04-27 14:00,0.899,11.900
2021-04-27 15:00,0.862,11.270
2021-04-27 16:00,0.882,11.586
2021-04-27 17:00,0.860,11.233
2021-04-27 18:00,0.814,10.631
2021-04-27 19:00,0.812,10.597
2021-04-27 20:00,0.792,10.367
2021-04-27 21:00,0.726,9.726
2021-04-27 22:00,0.510,8.082
2021-04-27 23:00,0.721,9.673
2021-04-28 00:00,0.890,11.735
2021-04-28 01:00,0.920,12.363
2021-04-28 02:00,0.938,12.863
2021-04-28 03:00,0.959,13.600
2021-04-28 04:00,0.972,14.220
2021-04-28 05:00,0.972,14.254
2021-04-28 06:00,0.961,13.665
2021-04-28 07:00,0.929,12.601
2021-04-28 08:00,0.883,11.608
2021-04-28 09:00,0.802,10.485
2021-04-28 10:00,0.587,8.629
2021-04-28 11:00,0.418,7.463
2021-04-28 12:00,0.365,7.088
2021-04-28 13:00,0.374,7.153
2021-04-28 14:00,0.405,7.368
2021-04-28 15:00,0.394,7.297
2021-04-28 16:00,0.340,6.910
2021-04-28 17:00,0.280,6.455
2021-04-28 18:00,0.276,6.425
2021-04-28 19:00,0.338,6.901
2021-04-28 20:00,0.468,7.802
2021-04-28 21:00,0.649,9.093
2021-04-28 22:00,0.845,11.024
2021-04-28 23:00,0.826,10.768
2021-04-29 00:00,0.743,9.885
2021-04-29 01:00,0.702,9.517
2021-04-29 02:00,0.731,9.772
2021-04-29 03:00,0.741,9.862
2021-04-29 04:00,0.743,9.883
2021-04-29 05:00,0.757,10.019
2021-04-29 06:00,0.781,10.262
2021-04-29 07:00,0.812,10.597
2021-04-29 08:00,0.823,10.732
2021-04-29 09:00,0.808,10.561
2021-04-29 10:00,0.667,9.230
2021-04-29 11:00,0.490,7.958
2021-04-29 12:00,0.358,7.046
2021-04-29 13:00,0.330,6.838
2021-04-29 14:00,0.380,7.190
2021-04-29 15:00,0.411,7.413
2021-04-29 16:00,0.393,7.287
2021-04-29 17:00,0.336,6.883
2021-04-29 18:00,0.248,6.199
2021-04-29 19:00,0.148,5.236
2021-04-29 20:00,0.089,4.488
2021-04-29 21:00,0.102,4.656
2021-04-29 22:00,0.112,4.792
2021-04-29 23:00,0.209,5.856
2021-04-30 00:00,0.199,5.767
2021-04-30 01:00,0.195,5.723
2021-04-30 02:00,0.257,6.271
2021-04-30 03:00,0.343,6.934
2021-04-30 04:00,0.417,7.460
2021-04-30 05:00,0.469,7.815
2021-04-30 06:00,0.507,8.071
2021-04-30 07:00,0.553,8.389
2021-04-30 08:00,0.572,8.522
2021-04-30 09:00,0.501,8.027
2021-04-30 10:00,0.364,7.080
2021-04-30 11:00,0.385,7.233
2021-04-30 12:00,0.418,7.461
2021-04-30 13:00,0.323,6.790
2021-04-30 14:00,0.188,5.659
2021-04-30 15:00,0.111,4.779
2021-04-30 16:00,0.073,4.240
2021-04-30 17:00,0.081,4.360
2021-04-30 18:00,0.138,5.124
2021-04-30 19:00,0.246,6.171
2021-04-30 20:00,0.333,6.862
2021-04-30 21:00,0.349,6.979
2021-04-30 22:00,0.414,7.435
2021-04-30 23:00,0.640,9.012
2021-05-01 00:00,0.648,9.080
2021-05-01 01:00,0.621,8.879
2021-05-01 02:00,0.597,8.690
2021-05-01 03:00,0.583,8.601
2021-05-01 04:00,0.581,8.587
2021-05-01 05:00,0.590,8.646
2021-05-01 06:00,0.600,8.711
2021-05-01 07:00,0.591,8.655
2021-05-01 08:00,0.547,8.343
2021-05-01 09:00,0.419,7.470
2021-05-01 10:00,0.227,6.021
2021-05-01 11:00,0.073,4.235
2021-05-01 12:00,0.008,2.475
2021-05-01 13:00,0.001,1.531
2021-05-01 14:00,0.005,2.243
2021-05-01 15:00,0.039,3.552
2021-05-01 16:00,0.148,5.243
2021-05-01 17:00,0.311,6.688
2021-05-01 18:00,0.502,8.028
2021-05-01 19:00,0.644,9.046
2021-05-01 20:00,0.722,9.685
2021-05-01 21:00,0.749,9.932
2021-05-01 22:00,0.606,8.762
2021-05-01 23:00,0.549,8.361
2021-05-02 00:00,0.782,10.264
2021-05-02 01:00,0.805,10.520
2021-05-02 02:00,0.781,10.258
2021-05-02 03:00,0.834,10.873
2021-05-02 04:00,0.889,11.722
2021-05-02 05:00,0.938,12.833
2021-05-02 06:00,0.959,13.603
2021-05-02 07:00,0.980,14.745
2021-05-02 08:00,0.988,15.489
2021-05-02 09:00,0.987,15.407
2021-05-02 10:00,0.990,15.932
2021-05-02 11:00,0.992,16.381
2021-05-02 12:00,0.993,17.296
2021-05-02 13:00,0.990,17.901
2021-05-02 14:00,0.987,18.309
2021-05-02 15:00,0.987,18.312
2021-05-02 16:00,0.992,17.516
2021-05-02 17:00,0.990,15.931
2021-05-02 18:00,0.981,14.873
2021-05-02 19:00,0.944,13.026
2021-05-02 20:00,0.902,11.982
2021-05-02 21:00,0.831,10.834
2021-05-02 22:00,0.645,9.059
2021-05-02 23:00,0.597,8.689
2021-05-03 00:00,0.631,8.950
2021-05-03 01:00,0.775,10.186
2021-05-03 02:00,0.926,12.518
2021-05-03 03:00,0.977,14.568
2021-05-03 04:00,0.992,16.289
2021-05-03 05:00,0.992,16.369
2021-05-03 06:00,0.987,15.400
2021-05-03 07:00,0.979,14.702
2021-05-03 08:00,0.964,13.821
2021-05-03 09:00,0.938,12.843
2021-05-03 10:00,0.876,11.491
2021-05-03 11:00,0.837,10.917
2021-05-03 12:00,0.860,11.238
2021-05-03 13:00,0.879,11.552
2021-05-03 14:00,0.842,10.984
2021-05-03 15:00,0.731,9.773
2021-05-03 16:00,0.714,9.620
2021-05-03 17:00,0.760,10.049
2021-05-03 18:00,0.774,10.177
2021-05-03 19:00,0.721,9.676
2021-05-03 20:00,0.668,9.236
2021-05-03 21:00,0.597,8.695
2021-05-03 22:00,0.342,6.928
2021-05-03 23:00,0.569,8.497
2021-05-04 00:00,0.795,10.410
2021-05-04 01:00,0.895,11.844
2021-05-04 02:00,0.925,12.484
2021-05-04 03:00,0.949,13.211
2021-05-04 04:00,0.974,14.320
2021-05-04 05:00,0.981,14.803
2021-05-04 06:00,0.976,14.499
2021-05-04 07:00,0.968,14.011
2021-05-04 08:00,0.959,13.608
2021-05-04 09:00,0.951,13.280
2021-05-04 10:00,0.929,12.600
2021-05-04 11:00,0.902,11.972
2021-05-04 12:00,0.899,11.915
2021-05-04 13:00,0.904,12.022
2021-05-04 14:00,0.900,11.923
2021-05-04 15:00,0.886,11.658
2021-05-04 16:00,0.878,11.511
2021-05-04 17:00,0.861,11.256
2021-05-04 18:00,0.824,10.746
2021-05-04 19:00,0.789,10.329
2021-05-04 20:00,0.755,9.994
2021-05-04 21:00,0.711,9.598
2021-05-04 22:00,0.541,8.299
2021-05-04 23:00,0.536,8.271
2021-05-05 00:00,0.893,11.795
2021-05-05 01:00,0.924,12.463
2021-05-05 02:00,0.934,12.741
2021-05-05 03:00,0.937,12.822
2021-05-05 04:00,0.933,12.709
2021-05-05 05:00,0.925,12.488
2021-05-05 06:00,0.910,12.147
2021-05-05 07:00,0.878,11.522
2021-05-05 08:00,0.773,10.166
2021-05-05 09:00,0.370,7.122
2021-05-05 10:00,0.037,3.524
2021-05-05 11:00,0.002,1.889
2021-05-05 12:00,0.025,3.182
2021-05-05 13:00,0.108,4.757
2021-05-05 14:00,0.296,6.578
2021-05-05 15:00,0.645,9.049
2021-05-05 16:00,0.874,11.468
2021-05-05 17:00,0.937,12.813
2021-05-05 18:00,0.958,13.530
2021-05-05 19:00,0.950,13.239
2021-05-05 20:00,0.936,12.797
2021-05-05 21:00,0.933,12.708
2021-05-05 22:00,0.926,12.525
2021-05-05 23:00,0.982,14.908
2021-05-06 00:00,0.984,15.098
2021-05-06 01:00,0.976,14.445
2021-05-06 02:00,0.968,14.029
2021-05-06 03:00,0.958,13.569
2021-05-06 04:00,0.936,12.810
2021-05-06 05:00,0.901,11.940
2021-05-06 06:00,0.841,10.975
2021-05-06 07:00,0.694,9.450
2021-05-06 08:00,0.444,7.634
2021-05-06 09:00,0.311,6.692
2021-05-06 10:00,0.258,6.279
2021-05-06 11:00,0.166,5.435
2021-05-06 12:00,0.126,4.988
2021-05-06 13:00,0.216,5.918
2021-05-06 14:00,0.442,7.622
2021-05-06 15:00,0.674,9.283
2021-05-06 16:00,0.874,11.453
2021-05-06 17:00,0.954,13.408
2021-05-06 18:00,0.942,12.979
2021-05-06 19:00,0.920,12.375
2021-05-06 20:00,0.893,11.785
2021-05-06 21:00,0.804,10.507
2021-05-06 22:00,0.673,9.282
2021-05-06 23:00,0.721,9.679
2021-05-07 00:00,0.932,12.677
2021-05-07 01:00,0.964,13.808
2021-05-07 02:00,0.976,14.454
2021-05-07 03:00,0.986,15.274
2021-05-07 04:00,0.993,17.227
2021-05-07 05:00,0.965,19.574
2021-05-07 06:00,0.852,21.877
2021-05-07 07:00,0.694,23.496
2021-05-07 08:00,0.723,23.229
2021-05-07 09:00,0.958,19.838
2021-05-07 10:00,0.993,16.794
2021-05-07 11:00,0.986,15.306
2021-05-07 12:00,0.977,14.544
2021-05-07 13:00,0.951,13.267
2021-05-07 14:00,0.865,11.321
2021-05-07 15:00,0.714,9.623
2021-05-07 16:00,0.633,8.970
2021-05-07 17:00,0.682,9.354
2021-05-07 18:00,0.758,10.024
2021-05-07 19:00,0.798,10.433
2021-05-07 20:00,0.821,10.712
2021-05-07 21:00,0.843,10.999
2021-05-07 22:00,0.839,10.943
2021-05-07 23:00,0.897,11.878
2021-05-08 00:00,0.908,12.098
2021-05-08 01:00,0.837,10.898
2021-05-08 02:00,0.758,10.030
2021-05-08 03:00,0.748,9.928
2021-05-08 04:00,0.787,10.322
2021-05-08 05:00,0.822,10.726
2021-05-08 06:00,0.850,11.092
2021-05-08 07:00,0.872,11.421
2021-05-08 08:00,0.866,11.325
2021-05-08 09:00,0.806,10.532
2021-05-08 10:00,0.651,9.108
2021-05-08 11:00,0.529,8.220
2021-05-08 12:00,0.379,7.186
2021-05-08 13:00,0.197,5.740
2021-05-08 14:00,0.062,4.028
2021-05-08 15:00,0.006,2.299
2021-05-08 16:00,0,0.996
2021-05-08 17:00,0.002,1.818
2021-05-08 18:00,0.014,2.785
2021-05-08 19:00,0.030,3.339
2021-05-08 20:00,0.042,3.627
2021-05-08 21:00,0.028,3.279
2021-05-08 22:00,0.015,2.809
2021-05-08 23:00,0.007,2.405
2021-05-09 00:00,0.011,2.623
2021-05-09 01:00,0.015,2.802
2021-05-09 02:00,0.027,3.221
2021-05-09 03:00,0.048,3.756
2021-05-09 04:00,0.066,4.115
2021-05-09 05:00,0.086,4.442
2021-05-09 06:00,0.112,4.799
2021-05-09 07:00,0.134,5.074
2021-05-09 08:00,0.143,5.183
2021-05-09 09:00,0.121,4.919
2021-05-09 10:00,0.093,4.531
2021-05-09 11:00,0.046,3.728
2021-05-09 12:00,0.079,4.331
2021-05-09 13:00,0.192,5.694
2021-05-09 14:00,0.284,6.484
2021-05-09 15:00,0.299,6.606
2021-05-09 16:00,0.265,6.336
2021-05-09 17:00,0.214,5.897
2021-05-09 18:00,0.161,5.382
2021-05-09 19:00,0.094,4.563
2021-05-09 20:00,0.055,3.895
2021-05-09 21:00,0.047,3.737
2021-05-09 22:00,0.036,3.469
2021-05-09 23:00,0.005,2.192
2021-05-10 00:00,0,0.294
2021-05-10 01:00,0,0.746
2021-05-10 02:00,0,0.082
2021-05-10 03:00,0,0
2021-05-10 04:00,0,0.472
2021-05-10 05:00,0,1.263
2021-05-10 06:00,0.006,2.333
2021-05-10 07:00,0.029,3.301
2021-05-10 08:00,0.061,4.021
2021-05-10 09:00,0.093,4.532
2021-05-10 10:00,0.125,4.970
2021-05-10 11:00,0.161,5.381
2021-05-10 12:00,0.218,5.935
2021-05-10 13:00,0.377,7.174
2021-05-10 14:00,0.606,8.766
2021-05-10 15:00,0.787,10.321
2021-05-10 16:00,0.892,11.777
2021-05-10 17:00,0.924,12.462
2021-05-10 18:00,0.923,12.450
2021-05-10 19:00,0.955,13.403
2021-05-10 20:00,0.977,14.555
2021-05-10 21:00,0.982,14.919
2021-05-10 22:00,0.960,13.626
2021-05-10 23:00,0.992,16.358
2021-05-11 00:00,0.976,19.092
2021-05-11 01:00,0.956,19.881
2021-05-11 02:00,0.976,19.063
2021-05-11 03:00,0.991,17.748
2021-05-11 04:00,0.993,17.243
2021-05-11 05:00,0.992,17.602
2021-05-11 06:00,0.990,17.876
2021-05-11 07:00,0.992,17.415
2021-05-11 08:00,0.992,16.298
2021-05-11 09:00,0.984,15.108
2021-05-11 10:00,0.962,13.701
2021-05-11 11:00,0.917,12.308
2021-05-11 12:00,0.887,11.675
2021-05-11 13:00,0.872,11.433
2021-05-11 14:00,0.837,10.911
2021-05-11 15:00,0.721,9.682
2021-05-11 16:00,0.542,8.312
2021-05-11 17:00,0.387,7.238
2021-05-11 18:00,0.370,7.126
2021-05-11 19:00,0.383,7.220
2021-05-11 20:00,0.416,7.443
2021-05-11 21:00,0.455,7.718
2021-05-11 22:00,0.273,6.404
2021-05-11 23:00,0.337,6.884
2021-05-12 00:00,0.525,8.198
2021-05-12 01:00,0.531,8.233
2021-05-12 02:00,0.529,8.223
2021-05-12 03:00,0.486,7.918
2021-05-12 04:00,0.446,7.643
2021-05-12 05:00,0.467,7.795
2021-05-12 06:00,0.506,8.067
2021-05-12 07:00,0.559,8.428
2021-05-12 08:00,0.623,8.892
2021-05-12 09:00,0.603,8.736
2021-05-12 10:00,0.581,8.578
2021-05-12 11:00,0.591,8.650
2021-05-12 12:00,0.535,8.257
2021-05-12 13:00,0.471,7.822
2021-05-12 14:00,0.432,7.560
2021-05-12 15:00,0.492,7.966
2021-05-12 16:00,0.529,8.222
2021-05-12 17:00,0.483,7.909
2021-05-12 18:00,0.418,7.461
2021-05-12 19:00,0.338,6.895
2021-05-12 20:00,0.276,6.425
2021-05-12 21:00,0.209,5.856
2021-05-12 22:00,0.078,4.316
2021-05-12 23:00,0.026,3.200
2021-05-13 00:00,0,0.460
2021-05-13 01:00,0,0.680
2021-05-13 02:00,0,0.835
2021-05-13 03:00,0,1.442
2021-05-13 04:00,0.003,2.051
2021-05-13 05:00,0.007,2.383
2021-05-13 06:00,0.019,2.964
2021-05-13 07:00,0.038,3.541
2021-05-13 08:00,0.099,4.620
2021-05-13 09:00,0.177,5.542
2021-05-13 10:00,0.319,6.746
2021-05-13 11:00,0.398,7.322
2021-05-13 12:00,0.314,6.711
2021-05-13 13:00,0.276,6.421
2021-05-13 14:00,0.334,6.863
2021-05-13 15:00,0.474,7.844
2021-05-13 16:00,0.588,8.638
2021-05-13 17:00,0.661,9.171
2021-05-13 18:00,0.668,9.233
2021-05-13 19:00,0.740,9.854
2021-05-13 20:00,0.869,11.384
2021-05-13 21:00,0.784,10.295
2021-05-13 22:00,0.564,8.468
2021-05-13 23:00,0.460,7.743
2021-05-14 00:00,0.401,7.344
2021-05-14 01:00,0.221,5.954
2021-05-14 02:00,0.108,4.749
2021-05-14 03:00,0.093,4.539
2021-05-14 04:00,0.248,6.195
2021-05-14 05:00,0.377,7.169
2021-05-14 06:00,0.370,7.121
2021-05-14 07:00,0.516,8.122
2021-05-14 08:00,0.838,10.933
2021-05-14 09:00,0.947,13.146
2021-05-14 10:00,0.947,13.128
2021-05-14 11:00,0.906,12.059
2021-05-14 12:00,0.813,10.610
2021-05-14 13:00,0.535,8.258
2021-05-14 14:00,0.294,6.569
2021-05-14 15:00,0.263,6.322
2021-05-14 16:00,0.304,6.644
2021-05-14 17:00,0.299,6.605
2021-05-14 18:00,0.286,6.507
2021-05-14 19:00,0.231,6.049
2021-05-14 20:00,0.179,5.558
2021-05-14 21:00,0.136,5.103
2021-05-14 22:00,0.130,5.027
2021-05-14 23:00,0.447,7.653
2021-05-15 00:00,0.631,8.955
2021-05-15 01:00,0.631,8.954
2021-05-15 02:00,0.594,8.681
2021-05-15 03:00,0.549,8.357
2021-05-15 04:00,0.543,8.315
2021-05-15 05:00,0.558,8.417
2021-05-15 06:00,0.539,8.282
2021-05-15 07:00,0.468,7.804
2021-05-15 08:00,0.380,7.188
2021-05-15 09:00,0.321,6.770
2021-05-15 10:00,0.266,6.345
2021-05-15 11:00,0.271,6.385
2021-05-15 12:00,0.230,6.043
2021-05-15 13:00,0.146,5.219
2021-05-15 14:00,0.097,4.608
2021-05-15 15:00,0.073,4.237
2021-05-15 16:00,0.063,4.050
2021-05-15 17:00,0.073,4.237
2021-05-15 18:00,0.090,4.505
2021-05-15 19:00,0.125,4.977
2021-05-15 20:00,0.186,5.633
2021-05-15 21:00,0.221,5.958
2021-05-15 22:00,0.148,5.235
2021-05-15 23:00,0.062,4.027
2021-05-16 00:00,0.269,6.368
2021-05-16 01:00,0.386,7.236
2021-05-16 02:00,0.410,7.411
2021-05-16 03:00,0.416,7.439
2021-05-16 04:00,0.439,7.602
2021-05-16 05:00,0.485,7.914
2021-05-16 06:00,0.542,8.309
2021-05-16 07:00,0.575,8.542
2021-05-16 08:00,0.565,8.472
2021-05-16 09:00,0.516,8.122
2021-05-16 10:00,0.385,7.232
2021-05-16 11:00,0.281,6.467
2021-05-16 12:00,0.206,5.831
2021-05-16 13:00,0.165,5.430
2021-05-16 14:00,0.142,5.169
2021-05-16 15:00,0.130,5.024
2021-05-16 16:00,0.123,4.945
2021-05-16 17:00,0.109,4.762
2021-05-16 18:00,0.085,4.420
2021-05-16 19:00,0.059,3.979
2021-05-16 20:00,0.041,3.605
2021-05-16 21:00,0.034,3.444
2021-05-16 22:00,0.039,3.571
2021-05-16 23:00,0.036,3.488
2021-05-17 00:00,0.093,4.535
2021-05-17 01:00,0.202,5.782
2021-05-17 02:00,0.302,6.630
2021-05-17 03:00,0.455,7.715
2021-05-17 04:00,0.622,8.888
2021-05-17 05:00,0.734,9.795
2021-05-17 06:00,0.796,10.414
2021-05-17 07:00,0.828,10.801
2021-05-17 08:00,0.848,11.071
2021-05-17 09:00,0.837,10.907
2021-05-17 10:00,0.762,10.066
2021-05-17 11:00,0.779,10.233
2021-05-17 12:00,0.789,10.329
2021-05-17 13:00,0.782,10.264
2021-05-17 14:00,0.783,10.275
2021-05-17 15:00,0.801,10.480
2021-05-17 16:00,0.825,10.753
2021-05-17 17:00,0.838,10.931
2021-05-17 18:00,0.849,11.076
2021-05-17 19:00,0.857,11.194
2021-05-17 20:00,0.856,11.182
2021-05-17 21:00,0.828,10.800
2021-05-17 22:00,0.683,9.364
2021-05-17 23:00,0.600,8.717
2021-05-18 00:00,0.683,9.360
2021-05-18 01:00,0.883,11.610
2021-05-18 02:00,0.924,12.481
2021-05-18 03:00,0.938,12.850
2021-05-18 04:00,0.935,12.754
2021-05-18 05:00,0.922,12.406
2021-05-18 06:00,0.899,11.907
2021-05-18 07:00,0.861,11.239
2021-05-18 08:00,0.797,10.429
2021-05-18 09:00,0.595,8.685
2021-05-18 10:00,0.257,6.262
2021-05-18 11:00,0.113,4.822
2021-05-18 12:00,0.175,5.522
2021-05-18 13:00,0.410,7.408
2021-05-18 14:00,0.543,8.314
2021-05-18 15:00,0.634,8.973
2021-05-18 16:00,0.702,9.512
2021-05-18 17:00,0.732,9.779
2021-05-18 18:00,0.736,9.819
2021-05-18 19:00,0.684,9.369
2021-05-18 20:00,0.675,9.296
2021-05-18 21:00,0.610,8.792
2021-05-18 22:00,0.326,6.814
2021-05-18 23:00,0.201,5.774
2021-05-19 00:00,0.194,5.718
2021-05-19 01:00,0.276,6.419
2021-05-19 02:00,0.406,7.378
2021-05-19 03:00,0.474,7.843
2021-05-19 04:00,0.542,8.305
2021-05-19 05:00,0.630,8.943
2021-05-19 06:00,0.718,9.659
2021-05-19 07:00,0.776,10.202
2021-05-19 08:00,0.815,10.641
2021-05-19 09:00,0.826,10.769
2021-05-19 10:00,0.782,10.269
2021-05-19 11:00,0.827,10.790
2021-05-19 12:00,0.895,11.838
2021-05-19 13:00,0.941,12.950
2021-05-19 14:00,0.951,13.298
2021-05-19 15:00,0.959,13.611
2021-05-19 16:00,0.970,14.102
2021-05-19 17:00,0.921,12.396
2021-05-19 18:00,0.817,10.668
2021-05-19 19:00,0.683,9.362
2021-05-19 20:00,0.621,8.876
2021-05-19 21:00,0.593,8.667
2021-05-19 22:00,0.466,7.786
2021-05-19 23:00,0.695,9.454
2021-05-20 00:00,0.730,9.765
2021-05-20 01:00,0.652,9.114
2021-05-20 02:00,0.505,8.052
2021-05-20 03:00,0.403,7.358
2021-05-20 04:00,0.394,7.300
2021-05-20 05:00,0.439,7.606
2021-05-20 06:00,0.493,7.973
2021-05-20 07:00,0.557,8.412
2021-05-20 08:00,0.640,9.017
2021-05-20 09:00,0.643,9.035
2021-05-20 10:00,0.570,8.503
2021-05-20 11:00,0.652,9.112
2021-05-20 12:00,0.769,10.132
2021-05-20 13:00,0.813,10.603
2021-05-20 14:00,0.807,10.542
2021-05-20 15:00,0.791,10.358
2021-05-20 16:00,0.746,9.910
2021-05-20 17:00,0.691,9.419
2021-05-20 18:00,0.673,9.281
2021-05-20 19:00,0.684,9.368
2021-05-20 20:00,0.704,9.535
2021-05-20 21:00,0.665,9.213
2021-05-20 22:00,0.440,7.613
2021-05-20 23:00,0.400,7.331
2021-05-21 00:00,0.581,8.582
2021-05-21 01:00,0.575,8.544
2021-05-21 02:00,0.584,8.610
2021-05-21 03:00,0.622,8.887
2021-05-21 04:00,0.650,9.097
2021-05-21 05:00,0.652,9.115
2021-05-21 06:00,0.628,8.928
2021-05-21 07:00,0.587,8.632
2021-05-21 08:00,0.548,8.346
2021-05-21 09:00,0.540,8.294
2021-05-21 10:00,0.563,8.460
2021-05-21 11:00,0.746,9.902
2021-05-21 12:00,0.848,11.067
2021-05-21 13:00,0.894,11.823
2021-05-21 14:00,0.921,12.395
2021-05-21 15:00,0.927,12.561
2021-05-21 16:00,0.919,12.354
2021-05-21 17:00,0.906,12.053
2021-05-21 18:00,0.901,11.944
2021-05-21 19:00,0.896,11.863
2021-05-21 20:00,0.901,11.957
2021-05-21 21:00,0.873,11.438
2021-05-21 22:00,0.754,9.989
2021-05-21 23:00,0.740,9.851
2021-05-22 00:00,0.892,11.760
2021-05-22 01:00,0.933,12.700
2021-05-22 02:00,0.912,12.184
2021-05-22 03:00,0.873,11.448
2021-05-22 04:00,0.884,11.626
2021-05-22 05:00,0.931,12.663
2021-05-22 06:00,0.959,13.585
2021-05-22 07:00,0.969,14.065
2021-05-22 08:00,0.968,14.005
2021-05-22 09:00,0.976,14.460
2021-05-22 10:00,0.983,15.011
2021-05-22 11:00,0.979,14.691
2021-05-22 12:00,0.922,12.430
2021-05-22 13:00,0.776,10.205
2021-05-22 14:00,0.759,10.032
2021-05-22 15:00,0.909,12.119
2021-05-22 16:00,0.973,14.289
2021-05-22 17:00,0.992,16.388
2021-05-22 18:00,0.993,16.731
2021-05-22 19:00,0.993,16.728
2021-05-22 20:00,0.991,16.124
2021-05-22 21:00,0.978,14.603
2021-05-22 22:00,0.978,14.581
2021-05-22 23:00,0.978,14.583
2021-05-23 00:00,0.977,14.508
2021-05-23 01:00,0.982,14.903
2021-05-23 02:00,0.989,15.637
2021-05-23 03:00,0.993,16.689
2021-05-23 04:00,0.991,17.693
2021-05-23 05:00,0.987,18.262
2021-05-23 06:00,0.985,18.422
2021-05-23 07:00,0.988,18.217
2021-05-23 08:00,0.991,17.679
2021-05-23 09:00,0.993,16.900
2021-05-23 10:00,0.990,15.774
2021-05-23 11:00,0.964,13.795
2021-05-23 12:00,0.912,12.179
2021-05-23 13:00,0.839,10.941
2021-05-23 14:00,0.771,10.147
2021-05-23 15:00,0.733,9.788
2021-05-23 16:00,0.682,9.351
2021-05-23 17:00,0.658,9.160
2021-05-23 18:00,0.655,9.133
2021-05-23 19:00,0.655,9.133
2021-05-23 20:00,0.665,9.215
2021-05-23 21:00,0.588,8.635
2021-05-23 22:00,0.501,8.025
2021-05-23 23:00,0.817,10.665
2021-05-24 00:00,0.886,11.654
2021-05-24 01:00,0.902,11.967
2021-05-24 02:00,0.914,12.234
2021-05-24 03:00,0.931,12.662
2021-05-24 04:00,0.940,12.905
2021-05-24 05:00,0.939,12.877
2021-05-24 06:00,0.933,12.718
2021-05-24 07:00,0.934,12.732
2021-05-24 08:00,0.947,13.143
2021-05-24 09:00,0.958,13.566
2021-05-24 10:00,0.950,13.243
2021-05-24 11:00,0.864,11.300
2021-05-24 12:00,0.643,9.043
2021-05-24 13:00,0.632,8.963
2021-05-24 14:00,0.640,9.016
2021-05-24 15:00,0.620,8.868
2021-05-24 16:00,0.595,8.685
2021-05-24 17:00,0.636,8.984
2021-05-24 18:00,0.672,9.268
2021-05-24 19:00,0.705,9.546
2021-05-24 20:00,0.708,9.567
2021-05-24 21:00,0.576,8.545
2021-05-24 22:00,0.325,6.802
2021-05-24 23:00,0.503,8.041
2021-05-25 00:00,0.666,9.227
2021-05-25 01:00,0.629,8.937
2021-05-25 02:00,0.531,8.235
2021-05-25 03:00,0.463,7.771
2021-05-25 04:00,0.406,7.380
2021-05-25 05:00,0.380,7.202
2021-05-25 06:00,0.367,7.103
2021-05-25 07:00,0.326,6.813
2021-05-25 08:00,0.259,6.288
2021-05-25 09:00,0.199,5.766
2021-05-25 10:00,0.153,5.284
2021-05-25 11:00,0.141,5.166
2021-05-25 12:00,0.114,4.836
2021-05-25 13:00,0.089,4.484
2021-05-25 14:00,0.065,4.100
2021-05-25 15:00,0.042,3.630
2021-05-25 16:00,0.037,3.520
2021-05-25 17:00,0.043,3.658
2021-05-25 18:00,0.052,3.845
2021-05-25 19:00,0.044,3.672
2021-05-25 20:00,0.021,3.044
2021-05-25 21:00,0.015,2.825
2021-05-25 22:00,0.007,2.378
2021-05-25 23:00,0.018,2.945
2021-05-26 00:00,0.053,3.862
2021-05-26 01:00,0.064,4.072
2021-05-26 02:00,0.073,4.240
2021-05-26 03:00,0.084,4.399
2021-05-26 04:00,0.135,5.092
2021-05-26 05:00,0.295,6.572
2021-05-26 06:00,0.542,8.309
2021-05-26 07:00,0.723,9.699
2021-05-26 08:00,0.776,10.191
2021-05-26 09:00,0.737,9.821
2021-05-26 10:00,0.652,9.116
2021-05-26 11:00,0.558,8.417
2021-05-26 12:00,0.505,8.055
2021-05-26 13:00,0.382,7.210
2021-05-26 14:00,0.206,5.825
2021-05-26 15:00,0.033,3.404
2021-05-26 16:00,0,0.950
2021-05-26 17:00,0.012,2.700
2021-05-26 18:00,0.157,5.342
2021-05-26 19:00,0.410,7.408
2021-05-26 20:00,0.533,8.247
2021-05-26 21:00,0.430,7.547
2021-05-26 22:00,0.323,6.787
2021-05-26 23:00,0.395,7.301
2021-05-27 00:00,0.584,8.608
2021-05-27 01:00,0.646,9.063
2021-05-27 02:00,0.499,8.010
2021-05-27 03:00,0.381,7.206
2021-05-27 04:00,0.731,9.775
2021-05-27 05:00,0.943,12.989
2021-05-27 06:00,0.980,14.728
2021-05-27 07:00,0.977,14.506
2021-05-27 08:00,0.922,12.434
2021-05-27 09:00,0.766,10.096
2021-05-27 10:00,0.542,8.306
2021-05-27 11:00,0.604,8.748
2021-05-27 12:00,0.780,10.243
2021-05-27 13:00,0.795,10.404
2021-05-27 14:00,0.756,10.009
2021-05-27 15:00,0.694,9.443
2021-05-27 16:00,0.623,8.890
2021-05-27 17:00,0.522,8.167
2021-05-27 18:00,0.467,7.801
2021-05-27 19:00,0.424,7.501
2021-05-27 20:00,0.419,7.471
2021-05-27 21:00,0.342,6.922
2021-05-27 22:00,0.243,6.154
2021-05-27 23:00,0.376,7.167
2021-05-28 00:00,0.510,8.081
2021-05-28 01:00,0.562,8.449
2021-05-28 02:00,0.599,8.709
2021-05-28 03:00,0.664,9.207
2021-05-28 04:00,0.784,10.287
2021-05-28 05:00,0.828,10.801
2021-05-28 06:00,0.795,10.409
2021-05-28 07:00,0.664,9.208
2021-05-28 08:00,0.454,7.707
2021-05-28 09:00,0.200,5.768
2021-05-28 10:00,0.034,3.426
2021-05-28 11:00,0.006,2.310
2021-05-28 12:00,0.003,1.990
2021-05-28 13:00,0.004,2.110
2021-05-28 14:00,0.009,2.521
2021-05-28 15:00,0.011,2.626
2021-05-28 16:00,0.006,2.311
2021-05-28 17:00,0.003,2.032
2021-05-28 18:00,0.007,2.369
2021-05-28 19:00,0.016,2.864
2021-05-28 20:00,0.021,3.062
2021-05-28 21:00,0.007,2.382
2021-05-28 22:00,0.001,1.487
2021-05-28 23:00,0.021,3.069
2021-05-29 00:00,0.028,3.282
2021-05-29 01:00,0.016,2.877
2021-05-29 02:00,0.010,2.552
2021-05-29 03:00,0.005,2.235
2021-05-29 04:00,0.002,1.871
2021-05-29 05:00,0,1.098
2021-05-29 06:00,0,0.911
2021-05-29 07:00,0,1.222
2021-05-29 08:00,0.001,1.705
2021-05-29 09:00,0.004,2.087
2021-05-29 10:00,0.005,2.230
2021-05-29 11:00,0.026,3.220
2021-05-29 12:00,0.135,5.095
2021-05-29 13:00,0.271,6.385
2021-05-29 14:00,0.190,5.674
2021-05-29 15:00,0.037,3.521
2021-05-29 16:00,0.048,3.762
2021-05-29 17:00,0.126,4.987
2021-05-29 18:00,0.076,4.278
2021-05-29 19:00,0.052,3.853
2021-05-29 20:00,0.033,3.416
2021-05-29 21:00,0.065,4.094
2021-05-29 22:00,0.062,4.035
2021-05-29 23:00,0.074,4.245
2021-05-30 00:00,0.079,4.325
2021-05-30 01:00,0.085,4.423
2021-05-30 02:00,0.080,4.350
2021-05-30 03:00,0.097,4.603
2021-05-30 04:00,0.122,4.934
2021-05-30 05:00,0.123,4.948
2021-05-30 06:00,0.105,4.712
2021-05-30 07:00,0.068,4.146
2021-05-30 08:00,0.029,3.306
2021-05-30 09:00,0.008,2.486
2021-05-30 10:00,0.002,1.783
2021-05-30 11:00,0.006,2.339
2021-05-30 12:00,0.094,4.553
2021-05-30 13:00,0.268,6.360
2021-05-30 14:00,0.461,7.754
2021-05-30 15:00,0.684,9.369
2021-05-30 16:00,0.841,10.963
2021-05-30 17:00,0.890,11.737
2021-05-30 18:00,0.897,11.867
2021-05-30 19:00,0.921,12.391
2021-05-30 20:00,0.955,13.407
2021-05-30 21:00,0.979,14.678
2021-05-30 22:00,0.961,13.692
2021-05-30 23:00,0.957,13.490
2021-05-31 00:00,0.965,13.858
2021-05-31 01:00,0.948,13.151
2021-05-31 02:00,0.893,11.778
2021-05-31 03:00,0.814,10.628
2021-05-31 04:00,0.769,10.130
2021-05-31 05:00,0.754,9.986
2021-05-31 06:00,0.749,9.934
2021-05-31 07:00,0.783,10.278
2021-05-31 08:00,0.864,11.303
2021-05-31 09:00,0.848,11.068
2021-05-31 10:00,0.750,9.947
2021-05-31 11:00,0.723,9.699
2021-05-31 12:00,0.723,9.691
2021-05-31 13:00,0.673,9.280
2021-05-31 14:00,0.581,8.579
2021-05-31 15:00,0.463,7.760
2021-05-31 16:00,0.355,7.013
2021-05-31 17:00,0.265,6.329
2021-05-31 18:00,0.181,5.586
2021-05-31 19:00,0.126,4.978
2021-05-31 20:00,0.129,5.020
2021-05-31 21:00,0.154,5.296
2021-05-31 22:00,0.113,4.812
2021-05-31 23:00,0.178,5.547
2021-06-01 00:00,0.216,5.915
2021-06-01 01:00,0.291,6.546
2021-06-01 02:00,0.390,7.259
2021-06-01 03:00,0.525,8.198
2021-06-01 04:00,0.616,8.832
2021-06-01 05:00,0.591,8.660
2021-06-01 06:00,0.556,8.411
2021-06-01 07:00,0.516,8.128
2021-06-01 08:00,0.419,7.470
2021-06-01 09:00,0.257,6.265
2021-06-01 10:00,0.185,5.628
2021-06-01 11:00,0.314,6.713
2021-06-01 12:00,0.480,7.884
2021-06-01 13:00,0.537,8.272
2021-06-01 14:00,0.527,8.209
2021-06-01 15:00,0.497,7.998
2021-06-01 16:00,0.377,7.178
2021-06-01 17:00,0.395,7.301
2021-06-01 18:00,0.327,6.817
2021-06-01 19:00,0.251,6.211
2021-06-01 20:00,0.361,7.064
2021-06-01 21:00,0.427,7.522
2021-06-01 22:00,0.479,7.877
2021-06-01 23:00,0.573,8.526
2021-06-02 00:00,0.725,9.718
2021-06-02 01:00,0.819,10.683
2021-06-02 02:00,0.831,10.836
2021-06-02 03:00,0.825,10.756
2021-06-02 04:00,0.833,10.849
2021-06-02 05:00,0.852,11.117
2021-06-02 06:00,0.864,11.306
2021-06-02 07:00,0.865,11.320
2021-06-02 08:00,0.861,11.253
2021-06-02 09:00,0.837,10.911
2021-06-02 10:00,0.784,10.285
2021-06-02 11:00,0.684,9.368
2021-06-02 12:00,0.652,9.116
2021-06-02 13:00,0.652,9.116
2021-06-02 14:00,0.663,9.191
2021-06-02 15:00,0.669,9.237
2021-06-02 16:00,0.724,9.706
2021-06-02 17:00,0.783,10.275
2021-06-02 18:00,0.850,11.078
2021-06-02 19:00,0.857,11.192
2021-06-02 20:00,0.866,11.327
2021-06-02 21:00,0.821,10.708
2021-06-02 22:00,0.742,9.869
2021-06-02 23:00,0.941,12.937
2021-06-03 00:00,0.972,14.205
2021-06-03 01:00,0.976,14.471
2021-06-03 02:00,0.968,14.006
2021-06-03 03:00,0.962,13.708
2021-06-03 04:00,0.963,13.755
2021-06-03 05:00,0.959,13.597
2021-06-03 06:00,0.943,13.006
2021-06-03 07:00,0.907,12.076
2021-06-03 08:00,0.864,11.299
2021-06-03 09:00,0.772,10.158
2021-06-03 10:00,0.569,8.499
2021-06-03 11:00,0.467,7.802
2021-06-03 12:00,0.418,7.463
2021-06-03 13:00,0.321,6.775
2021-06-03 14:00,0.210,5.866
2021-06-03 15:00,0.179,5.562
2021-06-03 16:00,0.276,6.419
2021-06-03 17:00,0.297,6.589
2021-06-03 18:00,0.332,6.847
2021-06-03 19:00,0.457,7.731
2021-06-03 20:00,0.556,8.406
2021-06-03 21:00,0.483,7.905
2021-06-03 22:00,0.448,7.656
2021-06-03 23:00,0.744,9.889
2021-06-04 00:00,0.848,11.065
2021-06-04 01:00,0.888,11.705
2021-06-04 02:00,0.897,11.872
2021-06-04 03:00,0.921,12.410
2021-06-04 04:00,0.941,12.941
2021-06-04 05:00,0.953,13.333
2021-06-04 06:00,0.953,13.334
2021-06-04 07:00,0.941,12.940
2021-06-04 08:00,0.931,12.653
2021-06-04 09:00,0.916,12.269
2021-06-04 10:00,0.866,11.326
2021-06-04 11:00,0.843,11.000
2021-06-04 12:00,0.839,10.939
2021-06-04 13:00,0.837,10.905
2021-06-04 14:00,0.838,10.934
2021-06-04 15:00,0.827,10.788
2021-06-04 16:00,0.820,10.695
2021-06-04 17:00,0.823,10.730
2021-06-04 18:00,0.821,10.709
2021-06-04 19:00,0.814,10.623
2021-06-04 20:00,0.806,10.529
2021-06-04 21:00,0.726,9.726
2021-06-04 22:00,0.503,8.042
2021-06-04 23:00,0.475,7.848
2021-06-05 00:00,0.799,10.452
2021-06-05 01:00,0.814,10.619
2021-06-05 02:00,0.822,10.720
2021-06-05 03:00,0.800,10.460
2021-06-05 04:00,0.748,9.925
2021-06-05 05:00,0.674,9.284
2021-06-05 06:00,0.583,8.600
2021-06-05 07:00,0.490,7.957
2021-06-05 08:00,0.396,7.310
2021-06-05 09:00,0.325,6.803
2021-06-05 10:00,0.271,6.384
2021-06-05 11:00,0.328,6.822
2021-06-05 12:00,0.393,7.281
2021-06-05 13:00,0.403,7.354
2021-06-05 14:00,0.360,7.059
2021-06-05 15:00,0.293,6.563
2021-06-05 16:00,0.227,6.008
2021-06-05 17:00,0.193,5.698
2021-06-05 18:00,0.206,5.827
2021-06-05 19:00,0.239,6.118
2021-06-05 20:00,0.285,6.489
2021-06-05 21:00,0.321,6.767
2021-06-05 22:00,0.197,5.744
2021-06-05 23:00,0.095,4.576
2021-06-06 00:00,0.044,3.686
2021-06-06 01:00,0.019,2.978
2021-06-06 02:00,0.018,2.943
2021-06-06 03:00,0.030,3.342
2021-06-06 04:00,0.056,3.930
2021-06-06 05:00,0.093,4.537
2021-06-06 06:00,0.118,4.871
2021-06-06 07:00,0.146,5.221
2021-06-06 08:00,0.180,5.567
2021-06-06 09:00,0.207,5.841
2021-06-06 10:00,0.268,6.350
2021-06-06 11:00,0.410,7.410
2021-06-06 12:00,0.533,8.242
2021-06-06 13:00,0.640,9.020
2021-06-06 14:00,0.723,9.695
2021-06-06 15:00,0.726,9.730
2021-06-06 16:00,0.711,9.591
2021-06-06 17:00,0.777,10.207
2021-06-06 18:00,0.791,10.362
2021-06-06 19:00,0.837,10.909
2021-06-06 20:00,0.868,11.368
2021-06-06 21:00,0.678,9.315
2021-06-06 22:00,0.591,8.650
2021-06-06 23:00,0.839,10.946
2021-06-07 00:00,0.894,11.813
2021-06-07 01:00,0.840,10.951
2021-06-07 02:00,0.782,10.265
2021-06-07 03:00,0.813,10.605
2021-06-07 04:00,0.822,10.728
2021-06-07 05:00,0.796,10.414
2021-06-07 06:00,0.714,9.625
2021-06-07 07:00,0.489,7.949
2021-06-07 08:00,0.364,7.076
2021-06-07 09:00,0.521,8.163
2021-06-07 10:00,0.698,9.483
2021-06-07 11:00,0.846,11.036
2021-06-07 12:00,0.906,12.065
2021-06-07 13:00,0.932,12.686
2021-06-07 14:00,0.911,12.151
2021-06-07 15:00,0.846,11.043
2021-06-07 16:00,0.808,10.554
2021-06-07 17:00,0.772,10.157
2021-06-07 18:00,0.758,10.030
2021-06-07 19:00,0.765,10.081
2021-06-07 20:00,0.726,9.730
2021-06-07 21:00,0.590,8.645
2021-06-07 22:00,0.444,7.635
2021-06-07 23:00,0.452,7.697
2021-06-08 00:00,0.268,6.356
2021-06-08 01:00,0.597,8.696
2021-06-08 02:00,0.955,13.435
2021-06-08 03:00,0.962,13.721
2021-06-08 04:00,0.848,11.069
2021-06-08 05:00,0.778,10.229
2021-06-08 06:00,0.821,10.708
2021-06-08 07:00,0.869,11.374
2021-06-08 08:00,0.896,11.849
2021-06-08 09:00,0.905,12.024
2021-06-08 10:00,0.846,11.036
2021-06-08 11:00,0.817,10.656
2021-06-08 12:00,0.867,11.330
2021-06-08 13:00,0.882,11.587
2021-06-08 14:00,0.884,11.628
2021-06-08 15:00,0.874,11.459
2021-06-08 16:00,0.868,11.358
2021-06-08 17:00,0.871,11.412
2021-06-08 18:00,0.862,11.272
2021-06-08 19:00,0.814,10.629
2021-06-08 20:00,0.816,10.643
2021-06-08 21:00,0.715,9.626
2021-06-08 22:00,0.391,7.274
2021-06-08 23:00,0.467,7.798
2021-06-09 00:00,0.848,11.067
2021-06-09 01:00,0.905,12.026
2021-06-09 02:00,0.929,12.580
2021-06-09 03:00,0.938,12.832
2021-06-09 04:00,0.924,12.478
2021-06-09 05:00,0.902,11.967
2021-06-09 06:00,0.868,11.362
2021-06-09 07:00,0.830,10.820
2021-06-09 08:00,0.772,10.153
2021-06-09 09:00,0.674,9.283
2021-06-09 10:00,0.505,8.058
2021-06-09 11:00,0.459,7.738
2021-06-09 12:00,0.457,7.731
2021-06-09 13:00,0.466,7.782
2021-06-09 14:00,0.497,8.000
2021-06-09 15:00,0.542,8.311
2021-06-09 16:00,0.591,8.649
2021-06-09 17:00,0.645,9.049
2021-06-09 18:00,0.694,9.448
2021-06-09 19:00,0.725,9.708
2021-06-09 20:00,0.725,9.713
2021-06-09 21:00,0.639,9.005
2021-06-09 22:00,0.367,7.104
2021-06-09 23:00,0.249,6.205
2021-06-10 00:00,0.429,7.532
2021-06-10 01:00,0.523,8.173
2021-06-10 02:00,0.602,8.733
2021-06-10 03:00,0.640,9.020
2021-06-10 04:00,0.645,9.057
2021-06-10 05:00,0.634,8.976
2021-06-10 06:00,0.604,8.744
2021-06-10 07:00,0.560,8.435
2021-06-10 08:00,0.506,8.062
2021-06-10 09:00,0.442,7.618
2021-06-10 10:00,0.330,6.830
2021-06-10 11:00,0.273,6.403
2021-06-10 12:00,0.281,6.467
2021-06-10 13:00,0.319,6.749
2021-06-10 14:00,0.304,6.645
2021-06-10 15:00,0.274,6.410
2021-06-10 16:00,0.260,6.297
2021-06-10 17:00,0.243,6.152
2021-06-10 18:00,0.258,6.279
2021-06-10 19:00,0.348,6.961
2021-06-10 20:00,0.489,7.948
2021-06-10 21:00,0.566,8.480
2021-06-10 22:00,0.348,6.960
2021-06-10 23:00,0.174,5.513
2021-06-11 00:00,0.245,6.166
2021-06-11 01:00,0.374,7.148
2021-06-11 02:00,0.540,8.295
2021-06-11 03:00,0.646,9.065
2021-06-11 04:00,0.695,9.456
2021-06-11 05:00,0.703,9.527
2021-06-11 06:00,0.713,9.615
2021-06-11 07:00,0.709,9.573
2021-06-11 08:00,0.647,9.075
2021-06-11 09:00,0.450,7.672
2021-06-11 10:00,0.232,6.050
2021-06-11 11:00,0.107,4.735
2021-06-11 12:00,0.176,5.528
2021-06-11 13:00,0.559,8.424
2021-06-11 14:00,0.864,11.301
2021-06-11 15:00,0.929,12.605
2021-06-11 16:00,0.939,12.881
2021-06-11 17:00,0.927,12.554
2021-06-11 18:00,0.878,11.513
2021-06-11 19:00,0.789,10.341
2021-06-11 20:00,0.722,9.685
2021-06-11 21:00,0.574,8.540
2021-06-11 22:00,0.388,7.253
2021-06-11 23:00,0.637,8.992
2021-06-12 00:00,0.761,10.055
2021-06-12 01:00,0.767,10.109
2021-06-12 02:00,0.750,9.943
2021-06-12 03:00,0.739,9.847
2021-06-12 04:00,0.724,9.706
2021-06-12 05:00,0.703,9.529
2021-06-12 06:00,0.679,9.328
2021-06-12 07:00,0.654,9.132
2021-06-12 08:00,0.623,8.892
2021-06-12 09:00,0.606,8.757
2021-06-12 10:00,0.589,8.644
2021-06-12 11:00,0.649,9.092
2021-06-12 12:00,0.624,8.895
2021-06-12 13:00,0.525,8.198
2021-06-12 14:00,0.431,7.556
2021-06-12 15:00,0.323,6.785
2021-06-12 16:00,0.194,5.711
2021-06-12 17:00,0.083,4.390
2021-06-12 18:00,0.024,3.144
2021-06-12 19:00,0.006,2.321
2021-06-12 20:00,0.005,2.262
2021-06-12 21:00,0.021,3.038
2021-06-12 22:00,0.039,3.565
2021-06-12 23:00,0.024,3.161
2021-06-13 00:00,0.031,3.359
2021-06-13 01:00,0.029,3.313
2021-06-13 02:00,0.042,3.622
2021-06-13 03:00,0.174,5.519
2021-06-13 04:00,0.486,7.926
2021-06-13 05:00,0.696,9.469
2021-06-13 06:00,0.650,9.096
2021-06-13 07:00,0.365,7.092
2021-06-13 08:00,0.174,5.515
2021-06-13 09:00,0.109,4.766
2021-06-13 10:00,0.096,4.582
2021-06-13 11:00,0.176,5.529
2021-06-13 12:00,0.246,6.175
2021-06-13 13:00,0.216,5.923
2021-06-13 14:00,0.118,4.877
2021-06-13 15:00,0.124,4.962
2021-06-13 16:00,0.189,5.670
2021-06-13 17:00,0.235,6.077
2021-06-13 18:00,0.230,6.038
2021-06-13 19:00,0.187,5.652
2021-06-13 20:00,0.172,5.501
2021-06-13 21:00,0.103,4.683
2021-06-13 22:00,0.062,4.036
2021-06-13 23:00,0.073,4.233
2021-06-14 00:00,0.101,4.643
2021-06-14 01:00,0.140,5.150
2021-06-14 02:00,0.184,5.620
2021-06-14 03:00,0.219,5.942
2021-06-14 04:00,0.287,6.516
2021-06-14 05:00,0.394,7.294
2021-06-14 06:00,0.445,7.642
2021-06-14 07:00,0.426,7.520
2021-06-14 08:00,0.390,7.271
2021-06-14 09:00,0.370,7.120
2021-06-14 10:00,0.352,7.000
2021-06-14 11:00,0.394,7.297
2021-06-14 12:00,0.479,7.880
2021-06-14 13:00,0.491,7.964
2021-06-14 14:00,0.489,7.948
2021-06-14 15:00,0.507,8.071
2021-06-14 16:00,0.476,7.858
2021-06-14 17:00,0.390,7.261
2021-06-14 18:00,0.320,6.760
2021-06-14 19:00,0.254,6.244
2021-06-14 20:00,0.222,5.964
2021-06-14 21:00,0.139,5.144
2021-06-14 22:00,0.106,4.732
2021-06-14 23:00,0.084,4.400
2021-06-15 00:00,0.049,3.781
2021-06-15 01:00,0.030,3.335
2021-06-15 02:00,0.018,2.948
2021-06-15 03:00,0.008,2.451
2021-06-15 04:00,0.004,2.154
2021-06-15 05:00,0.006,2.327
2021-06-15 06:00,0.010,2.548
2021-06-15 07:00,0.008,2.464
2021-06-15 08:00,0.021,3.036
2021-06-15 09:00,0.058,3.963
2021-06-15 10:00,0.122,4.936
2021-06-15 11:00,0.248,6.190
2021-06-15 12:00,0.426,7.508
2021-06-15 13:00,0.585,8.619
2021-06-15 14:00,0.715,9.630
2021-06-15 15:00,0.774,10.185
2021-06-15 16:00,0.797,10.419
2021-06-15 17:00,0.814,10.632
2021-06-15 18:00,0.837,10.898
2021-06-15 19:00,0.851,11.096
2021-06-15 20:00,0.870,11.390
2021-06-15 21:00,0.858,11.210
2021-06-15 22:00,0.856,11.180
2021-06-15 23:00,0.907,12.071
2021-06-16 00:00,0.856,11.185
2021-06-16 01:00,0.762,10.060
2021-06-16 02:00,0.739,9.841
2021-06-16 03:00,0.828,10.802
2021-06-16 04:00,0.913,12.208
2021-06-16 05:00,0.945,13.067
2021-06-16 06:00,0.961,13.687
2021-06-16 07:00,0.976,14.471
2021-06-16 08:00,0.982,14.917
2021-06-16 09:00,0.975,14.421
2021-06-16 10:00,0.949,13.205
2021-06-16 11:00,0.901,11.941
2021-06-16 12:00,0.796,10.414
2021-06-16 13:00,0.658,9.153
2021-06-16 14:00,0.530,8.230
2021-06-16 15:00,0.493,7.977
2021-06-16 16:00,0.497,7.995
2021-06-16 17:00,0.542,8.308
2021-06-16 18:00,0.625,8.901
2021-06-16 19:00,0.650,9.097
2021-06-16 20:00,0.633,8.969
2021-06-16 21:00,0.451,7.689
2021-06-16 22:00,0.321,6.761
2021-06-16 23:00,0.639,9.007
2021-06-17 00:00,0.883,11.611
2021-06-17 01:00,0.959,13.579
2021-06-17 02:00,0.988,15.559
2021-06-17 03:00,0.990,17.955
2021-06-17 04:00,0.941,20.314
2021-06-17 05:00,0.874,21.575
2021-06-17 06:00,0.905,21.086
2021-06-17 07:00,0.964,19.604
2021-06-17 08:00,0.992,17.388
2021-06-17 09:00,0.985,15.206
2021-06-17 10:00,0.959,13.572
2021-06-17 11:00,0.926,12.531
2021-06-17 12:00,0.904,12.016
2021-06-17 13:00,0.878,11.515
2021-06-17 14:00,0.876,11.490
2021-06-17 15:00,0.895,11.838
2021-06-17 16:00,0.906,12.050
2021-06-17 17:00,0.880,11.570
2021-06-17 18:00,0.850,11.080
2021-06-17 19:00,0.848,11.066
2021-06-17 20:00,0.847,11.049
2021-06-17 21:00,0.779,10.238
2021-06-17 22:00,0.838,10.927
2021-06-17 23:00,0.923,12.436
2021-06-18 00:00,0.938,12.856
2021-06-18 01:00,0.968,13.990
2021-06-18 02:00,0.985,15.179
2021-06-18 03:00,0.991,16.071
2021-06-18 04:00,0.993,16.605
2021-06-18 05:00,0.993,16.899
2021-06-18 06:00,0.993,17.095
2021-06-18 07:00,0.993,17.189
2021-06-18 08:00,0.993,16.999
2021-06-18 09:00,0.993,16.483
2021-06-18 10:00,0.983,14.972
2021-06-18 11:00,0.954,13.370
2021-06-18 12:00,0.922,12.435
2021-06-18 13:00,0.880,11.560
2021-06-18 14:00,0.828,10.798
2021-06-18 15:00,0.777,10.220
2021-06-18 16:00,0.746,9.901
2021-06-18 17:00,0.725,9.713
2021-06-18 18:00,0.724,9.704
2021-06-18 19:00,0.731,9.770
2021-06-18 20:00,0.746,9.900
2021-06-18 21:00,0.631,8.953
2021-06-18 22:00,0.562,8.442
2021-06-18 23:00,0.869,11.379
2021-06-19 00:00,0.915,12.254
2021-06-19 01:00,0.942,12.981
2021-06-19 02:00,0.961,13.694
2021-06-19 03:00,0.975,14.376
2021-06-19 04:00,0.981,14.821
2021-06-19 05:00,0.981,14.833
2021-06-19 06:00,0.976,14.476
2021-06-19 07:00,0.966,13.924
2021-06-19 08:00,0.947,13.142
2021-06-19 09:00,0.920,12.365
2021-06-19 10:00,0.851,11.095
2021-06-19 11:00,0.677,9.314
2021-06-19 12:00,0.508,8.073
2021-06-19 13:00,0.288,6.521
2021-06-19 14:00,0.102,4.658
2021-06-19 15:00,0.046,3.720
2021-06-19 16:00,0.089,4.480
2021-06-19 17:00,0.211,5.875
2021-06-19 18:00,0.348,6.971
2021-06-19 19:00,0.442,7.626
2021-06-19 20:00,0.476,7.860
2021-06-19 21:00,0.415,7.436
2021-06-19 22:00,0.160,5.368
2021-06-19 23:00,0.314,6.709
2021-06-20 00:00,0.628,8.932
2021-06-20 01:00,0.756,10.007
2021-06-20 02:00,0.817,10.651
2021-06-20 03:00,0.839,10.940
2021-06-20 04:00,0.844,11.006
2021-06-20 05:00,0.844,11.001
2021-06-20 06:00,0.830,10.822
2021-06-20 07:00,0.791,10.359
2021-06-20 08:00,0.729,9.747
2021-06-20 09:00,0.630,8.944
2021-06-20 10:00,0.524,8.191
2021-06-20 11:00,0.491,7.962
2021-06-20 12:00,0.555,8.395
2021-06-20 13:00,0.527,8.208
2021-06-20 14:00,0.460,7.741
2021-06-20 15:00,0.346,6.952
2021-06-20 16:00,0.217,5.928
2021-06-20 17:00,0.114,4.829
2021-06-20 18:00,0.053,3.866
2021-06-20 19:00,0.032,3.387
2021-06-20 20:00,0.043,3.648
2021-06-20 21:00,0.061,4.020
2021-06-20 22:00,0.063,4.064
2021-06-20 23:00,0.154,5.302
2021-06-21 00:00,0.170,5.473
2021-06-21 01:00,0.161,5.387
2021-06-21 02:00,0.144,5.191
2021-06-21 03:00,0.123,4.941
2021-06-21 04:00,0.106,4.731
2021-06-21 05:00,0.104,4.696
2021-06-21 06:00,0.104,4.705
2021-06-21 07:00,0.100,4.637
2021-06-21 08:00,0.094,4.552
2021-06-21 09:00,0.098,4.611
2021-06-21 10:00,0.110,4.773
2021-06-21 11:00,0.165,5.429
2021-06-21 12:00,0.259,6.293
2021-06-21 13:00,0.333,6.854
2021-06-21 14:00,0.365,7.082
2021-06-21 15:00,0.348,6.974
2021-06-21 16:00,0.333,6.862
2021-06-21 17:00,0.330,6.839
2021-06-21 18:00,0.317,6.730
2021-06-21 19:00,0.283,6.477
2021-06-21 20:00,0.223,5.978
2021-06-21 21:00,0.140,5.148
2021-06-21 22:00,0.025,3.176
2021-06-21 23:00,0,1.436
2021-06-22 00:00,0.016,2.863
2021-06-22 01:00,0.022,3.085
2021-06-22 02:00,0.012,2.700
2021-06-22 03:00,0.004,2.149
2021-06-22 04:00,0.001,1.756
2021-06-22 05:00,0.001,1.512
2021-06-22 06:00,0.001,1.527
2021-06-22 07:00,0,1.382
2021-06-22 08:00,0,1.220
2021-06-22 09:00,0.001,1.577
2021-06-22 10:00,0.012,2.694
2021-06-22 11:00,0.093,4.549
2021-06-22 12:00,0.211,5.874
2021-06-22 13:00,0.296,6.578
2021-06-22 14:00,0.378,7.182
2021-06-22 15:00,0.542,8.301
2021-06-22 16:00,0.625,8.903
2021-06-22 17:00,0.582,8.592
2021-06-22 18:00,0.562,8.449
2021-06-22 19:00,0.616,8.831
2021-06-22 20:00,0.648,9.081
2021-06-22 21:00,0.528,8.214
2021-06-22 22:00,0.329,6.826
2021-06-22 23:00,0.327,6.815
2021-06-23 00:00,0.093,4.541
2021-06-23 01:00,0.001,1.689
2021-06-23 02:00,0.005,2.238
2021-06-23 03:00,0.033,3.403
2021-06-23 04:00,0.072,4.221
2021-06-23 05:00,0.090,4.499
2021-06-23 06:00,0.103,4.680
2021-06-23 07:00,0.128,5.010
2021-06-23 08:00,0.142,5.171
2021-06-23 09:00,0.172,5.494
2021-06-23 10:00,0.196,5.732
2021-06-23 11:00,0.243,6.155
2021-06-23 12:00,0.275,6.416
2021-06-23 13:00,0.187,5.647
2021-06-23 14:00,0.103,4.692
2021-06-23 15:00,0.096,4.589
2021-06-23 16:00,0.181,5.588
2021-06-23 17:00,0.238,6.107
2021-06-23 18:00,0.238,6.108
2021-06-23 19:00,0.232,6.064
2021-06-23 20:00,0.200,5.771
2021-06-23 21:00,0.147,5.235
2021-06-23 22:00,0.090,4.504
2021-06-23 23:00,0.074,4.250
2021-06-24 00:00,0.030,3.326
2021-06-24 01:00,0.009,2.522
2021-06-24 02:00,0.001,1.723
2021-06-24 03:00,0,0.841
2021-06-24 04:00,0,1.150
2021-06-24 05:00,0.001,1.655
2021-06-24 06:00,0.009,2.517
2021-06-24 07:00,0.031,3.349
2021-06-24 08:00,0.051,3.817
2021-06-24 09:00,0.074,4.246
2021-06-24 10:00,0.131,5.039
2021-06-24 11:00,0.287,6.513
2021-06-24 12:00,0.581,8.583
2021-06-24 13:00,0.762,10.062
2021-06-24 14:00,0.773,10.169
2021-06-24 15:00,0.716,9.636
2021-06-24 16:00,0.638,9.002
2021-06-24 17:00,0.565,8.472
2021-06-24 18:00,0.471,7.821
2021-06-24 19:00,0.383,7.221
2021-06-24 20:00,0.292,6.551
2021-06-24 21:00,0.183,5.613
2021-06-24 22:00,0.086,4.441
2021-06-24 23:00,0.036,3.490
2021-06-25 00:00,0.009,2.512
2021-06-25 01:00,0.003,2.043
2021-06-25 02:00,0.005,2.260
2021-06-25 03:00,0.013,2.741
2021-06-25 04:00,0.040,3.578
2021-06-25 05:00,0.071,4.198
2021-06-25 06:00,0.099,4.620
2021-06-25 07:00,0.091,4.517
2021-06-25 08:00,0.068,4.133
2021-06-25 09:00,0.040,3.579
2021-06-25 10:00,0.026,3.207
2021-06-25 11:00,0.026,3.216
2021-06-25 12:00,0.026,3.213
2021-06-25 13:00,0.023,3.126
2021-06-25 14:00,0.040,3.585
2021-06-25 15:00,0.073,4.239
2021-06-25 16:00,0.063,4.059
2021-06-25 17:00,0.026,3.210
2021-06-25 18:00,0.002,1.913
2021-06-25 19:00,0.001,1.534
2021-06-25 20:00,0.004,2.144
2021-06-25 21:00,0.014,2.778
2021-06-25 22:00,0.015,2.809
2021-06-25 23:00,0.021,3.048
2021-06-26 00:00,0.028,3.287
2021-06-26 01:00,0.050,3.797
2021-06-26 02:00,0.084,4.392
2021-06-26 03:00,0.105,4.707
2021-06-26 04:00,0.114,4.830
2021-06-26 05:00,0.141,5.156
2021-06-26 06:00,0.181,5.590
2021-06-26 07:00,0.222,5.964
2021-06-26 08:00,0.244,6.161
2021-06-26 09:00,0.238,6.113
2021-06-26 10:00,0.197,5.740
2021-06-26 11:00,0.161,5.380
2021-06-26 12:00,0.142,5.175
2021-06-26 13:00,0.157,5.344
2021-06-26 14:00,0.216,5.924
2021-06-26 15:00,0.286,6.503
2021-06-26 16:00,0.311,6.695
2021-06-26 17:00,0.302,6.626
2021-06-26 18:00,0.280,6.456
2021-06-26 19:00,0.239,6.119
2021-06-26 20:00,0.179,5.561
2021-06-26 21:00,0.111,4.787
2021-06-26 22:00,0.028,3.269
2021-06-26 23:00,0.031,3.356
2021-06-27 00:00,0.086,4.435
2021-06-27 01:00,0.096,4.587
2021-06-27 02:00,0.100,4.639
2021-06-27 03:00,0.122,4.936
2021-06-27 04:00,0.165,5.429
2021-06-27 05:00,0.197,5.748
2021-06-27 06:00,0.205,5.823
2021-06-27 07:00,0.206,5.831
2021-06-27 08:00,0.211,5.877
2021-06-27 09:00,0.165,5.429
2021-06-27 10:00,0.091,4.517
2021-06-27 11:00,0.049,3.779
2021-06-27 12:00,0.015,2.809
2021-06-27 13:00,0.002,1.835
2021-06-27 14:00,0.003,1.981
2021-06-27 15:00,0.008,2.492
2021-06-27 16:00,0.007,2.399
2021-06-27 17:00,0.005,2.211
2021-06-27 18:00,0.004,2.125
2021-06-27 19:00,0.006,2.310
2021-06-27 20:00,0.013,2.721
2021-06-27 21:00,0.022,3.080
2021-06-27 22:00,0.008,2.468
2021-06-27 23:00,0.035,3.454
2021-06-28 00:00,0.105,4.719
2021-06-28 01:00,0.153,5.284
2021-06-28 02:00,0.143,5.189
2021-06-28 03:00,0.121,4.924
2021-06-28 04:00,0.096,4.588
2021-06-28 05:00,0.077,4.290
2021-06-28 06:00,0.063,4.056
2021-06-28 07:00,0.052,3.853
2021-06-28 08:00,0.043,3.648
2021-06-28 09:00,0.030,3.336
2021-06-28 10:00,0.028,3.264
2021-06-28 11:00,0.080,4.346
2021-06-28 12:00,0.206,5.831
2021-06-28 13:00,0.342,6.926
2021-06-28 14:00,0.516,8.121
2021-06-28 15:00,0.692,9.434
2021-06-28 16:00,0.718,9.659
2021-06-28 17:00,0.685,9.373
2021-06-28 18:00,0.645,9.057
2021-06-28 19:00,0.584,8.609
2021-06-28 20:00,0.469,7.815
2021-06-28 21:00,0.317,6.733
2021-06-28 22:00,0.194,5.714
2021-06-28 23:00,0.173,5.506
2021-06-29 00:00,0.134,5.079
2021-06-29 01:00,0.086,4.446
2021-06-29 02:00,0.044,3.686
2021-06-29 03:00,0.036,3.477
2021-06-29 04:00,0.031,3.355
2021-06-29 05:00,0.017,2.895
2021-06-29 06:00,0.006,2.330
2021-06-29 07:00,0.001,1.716
2021-06-29 08:00,0,1.097
2021-06-29 09:00,0,1.045
2021-06-29 10:00,0,1.010
2021-06-29 11:00,0,0.702
2021-06-29 12:00,0.003,2.003
2021-06-29 13:00,0.070,4.173
2021-06-29 14:00,0.281,6.457
2021-06-29 15:00,0.594,8.673
2021-06-29 16:00,0.748,9.928
2021-06-29 17:00,0.729,9.744
2021-06-29 18:00,0.672,9.261
2021-06-29 19:00,0.637,8.995
2021-06-29 20:00,0.586,8.623
2021-06-29 21:00,0.460,7.741
2021-06-29 22:00,0.297,6.584
2021-06-29 23:00,0.352,7.000
2021-06-30 00:00,0.609,8.782
2021-06-30 01:00,0.662,9.185
2021-06-30 02:00,0.694,9.449
2021-06-30 03:00,0.737,9.824
2021-06-30 04:00,0.780,10.251
2021-06-30 05:00,0.809,10.564
2021-06-30 06:00,0.814,10.629
2021-06-30 07:00,0.794,10.391
2021-06-30 08:00,0.739,9.834
2021-06-30 09:00,0.635,8.980
2021-06-30 10:00,0.430,7.546
2021-06-30 11:00,0.310,6.684
2021-06-30 12:00,0.289,6.528
2021-06-30 13:00,0.391,7.271
2021-06-30 14:00,0.570,8.505
2021-06-30 15:00,0.672,9.258
2021-06-30 16:00,0.699,9.486
2021-06-30 17:00,0.689,9.399
2021-06-30 18:00,0.677,9.309
2021-06-30 19:00,0.650,9.094
2021-06-30 20:00,0.623,8.890
2021-06-30 21:00,0.520,8.152
2021-06-30 22:00,0.282,6.471
2021-06-30 23:00,0.530,8.226
2021-07-01 00:00,0.828,10.799
2021-07-01 01:00,0.919,12.347
2021-07-01 02:00,0.956,13.453
2021-07-01 03:00,0.971,14.163
2021-07-01 04:00,0.977,14.553
2021-07-01 05:00,0.978,14.593
2021-07-01 06:00,0.973,14.268
2021-07-01 07:00,0.964,13.798
2021-07-01 08:00,0.953,13.328
2021-07-01 09:00,0.924,12.474
2021-07-01 10:00,0.837,10.915
2021-07-01 11:00,0.726,9.727
2021-07-01 12:00,0.650,9.095
2021-07-01 13:00,0.594,8.669
2021-07-01 14:00,0.593,8.668
2021-07-01 15:00,0.649,9.091
2021-07-01 16:00,0.699,9.486
2021-07-01 17:00,0.708,9.570
2021-07-01 18:00,0.721,9.671
2021-07-01 19:00,0.733,9.793
2021-07-01 20:00,0.710,9.579
2021-07-01 21:00,0.556,8.399
2021-07-01 22:00,0.302,6.632
2021-07-01 23:00,0.306,6.659
2021-07-02 00:00,0.505,8.060
2021-07-02 01:00,0.559,8.427
2021-07-02 02:00,0.542,8.311
2021-07-02 03:00,0.464,7.774
2021-07-02 04:00,0.360,7.057
2021-07-02 05:00,0.322,6.780
2021-07-02 06:00,0.384,7.225
2021-07-02 07:00,0.444,7.635
2021-07-02 08:00,0.533,8.239
2021-07-02 09:00,0.634,8.978
2021-07-02 10:00,0.499,8.011
2021-07-02 11:00,0.491,7.959
2021-07-02 12:00,0.513,8.110
2021-07-02 13:00,0.558,8.416
2021-07-02 14:00,0.556,8.405
2021-07-02 15:00,0.442,7.618
2021-07-02 16:00,0.351,6.986
2021-07-02 17:00,0.293,6.558
2021-07-02 18:00,0.251,6.219
2021-07-02 19:00,0.172,5.497
2021-07-02 20:00,0.116,4.856
2021-07-02 21:00,0.070,4.183
2021-07-02 22:00,0.034,3.436
2021-07-02 23:00,0.048,3.761
2021-07-03 00:00,0.108,4.754
2021-07-03 01:00,0.215,5.915
2021-07-03 02:00,0.330,6.841
2021-07-03 03:00,0.259,6.291
2021-07-03 04:00,0.183,5.612
2021-07-03 05:00,0.136,5.106
2021-07-03 06:00,0.107,4.735
2021-07-03 07:00,0.093,4.538
2021-07-03 08:00,0.080,4.348
2021-07-03 09:00,0.067,4.120
2021-07-03 10:00,0.053,3.869
2021-07-03 11:00,0.049,3.779
2021-07-03 12:00,0.051,3.834
2021-07-03 13:00,0.071,4.190
2021-07-03 14:00,0.102,4.667
2021-07-03 15:00,0.125,4.974
2021-07-03 16:00,0.126,4.979
2021-07-03 17:00,0.106,4.727
2021-07-03 18:00,0.085,4.420
2021-07-03 19:00,0.068,4.130
2021-07-03 20:00,0.055,3.917
2021-07-03 21:00,0.040,3.593
2021-07-03 22:00,0.024,3.142
2021-07-03 23:00,0.045,3.701
2021-07-04 00:00,0.079,4.336
2021-07-04 01:00,0.123,4.945
2021-07-04 02:00,0.186,5.638
2021-07-04 03:00,0.273,6.400
2021-07-04 04:00,0.326,6.811
2021-07-04 05:00,0.366,7.094
2021-07-04 06:00,0.406,7.369
2021-07-04 07:00,0.426,7.512
2021-07-04 08:00,0.422,7.484
2021-07-04 09:00,0.391,7.275
2021-07-04 10:00,0.286,6.509
2021-07-04 11:00,0.202,5.781
2021-07-04 12:00,0.149,5.257
2021-07-04 13:00,0.097,4.606
2021-07-04 14:00,0.043,3.649
2021-07-04 15:00,0.009,2.508
2021-07-04 16:00,0.001,1.620
2021-07-04 17:00,0,1.299
2021-07-04 18:00,0,0.952
2021-07-04 19:00,0.002,1.859
2021-07-04 20:00,0.016,2.856
2021-07-04 21:00,0.013,2.710
2021-07-04 22:00,0.001,1.739
2021-07-04 23:00,0,0.936
2021-07-05 00:00,0,1.172
2021-07-05 01:00,0.005,2.237
2021-07-05 02:00,0.003,1.970
2021-07-05 03:00,0.004,2.077
2021-07-05 04:00,0,1.084
2021-07-05 05:00,0,1.237
2021-07-05 06:00,0.013,2.739
2021-07-05 07:00,0.019,2.955
2021-07-05 08:00,0.036,3.478
2021-07-05 09:00,0.055,3.898
2021-07-05 10:00,0.057,3.946
2021-07-05 11:00,0.003,2.006
2021-07-05 12:00,0.030,3.340
2021-07-05 13:00,0.074,4.248
2021-07-05 14:00,0.043,3.647
2021-07-05 15:00,0.111,4.786
2021-07-05 16:00,0.283,6.475
2021-07-05 17:00,0.253,6.234
2021-07-05 18:00,0.206,5.830
2021-07-05 19:00,0.202,5.784
2021-07-05 20:00,0.222,5.965
2021-07-05 21:00,0.151,5.271
2021-07-05 22:00,0.076,4.275
2021-07-05 23:00,0.061,4.018
2021-07-06 00:00,0.051,3.819
2021-07-06 01:00,0.041,3.613
2021-07-06 02:00,0.036,3.487
2021-07-06 03:00,0.026,3.218
2021-07-06 04:00,0.016,2.874
2021-07-06 05:00,0.011,2.657
2021-07-06 06:00,0.011,2.644
2021-07-06 07:00,0.018,2.938
2021-07-06 08:00,0.027,3.241
2021-07-06 09:00,0.035,3.460
2021-07-06 10:00,0.043,3.644
2021-07-06 11:00,0.049,3.778
2021-07-06 12:00,0.049,3.794
2021-07-06 13:00,0.052,3.838
2021-07-06 14:00,0.082,4.375
2021-07-06 15:00,0.135,5.091
2021-07-06 16:00,0.182,5.598
2021-07-06 17:00,0.206,5.828
2021-07-06 18:00,0.197,5.741
2021-07-06 19:00,0.171,5.492
2021-07-06 20:00,0.154,5.301
2021-07-06 21:00,0.097,4.606
2021-07-06 22:00,0.051,3.827
2021-07-06 23:00,0.103,4.688
2021-07-07 00:00,0.150,5.263
2021-07-07 01:00,0.145,5.209
2021-07-07 02:00,0.119,4.895
2021-07-07 03:00,0.106,4.724
2021-07-07 04:00,0.113,4.811
2021-07-07 05:00,0.135,5.097
2021-07-07 06:00,0.166,5.436
2021-07-07 07:00,0.196,5.731
2021-07-07 08:00,0.206,5.829
2021-07-07 09:00,0.189,5.672
2021-07-07 10:00,0.160,5.377
2021-07-07 11:00,0.209,5.855
2021-07-07 12:00,0.284,6.484
2021-07-07 13:00,0.281,6.468
2021-07-07 14:00,0.209,5.852
2021-07-07 15:00,0.123,4.952
2021-07-07 16:00,0.063,4.053
2021-07-07 17:00,0.027,3.233
2021-07-07 18:00,0.010,2.566
2021-07-07 19:00,0.006,2.283
2021-07-07 20:00,0.007,2.407
2021-07-07 21:00,0.009,2.536
2021-07-07 22:00,0.003,2.035
2021-07-07 23:00,0.001,1.462
2021-07-08 00:00,0.004,2.171
2021-07-08 01:00,0.007,2.401
2021-07-08 02:00,0.005,2.231
2021-07-08 03:00,0.010,2.549
2021-07-08 04:00,0.026,3.201
2021-07-08 05:00,0.059,3.992
2021-07-08 06:00,0.113,4.821
2021-07-08 07:00,0.140,5.145
2021-07-08 08:00,0.119,4.895
2021-07-08 09:00,0.085,4.426
2021-07-08 10:00,0.049,3.778
2021-07-08 11:00,0.026,3.197
2021-07-08 12:00,0.009,2.511
2021-07-08 13:00,0.001,1.729
2021-07-08 14:00,0,1.078
2021-07-08 15:00,0,1.087
2021-07-08 16:00,0.005,2.269
2021-07-08 17:00,0.051,3.818
2021-07-08 18:00,0.148,5.236
2021-07-08 19:00,0.238,6.116
2021-07-08 20:00,0.268,6.361
2021-07-08 21:00,0.204,5.808
2021-07-08 22:00,0.054,3.873
2021-07-08 23:00,0.023,3.118
2021-07-09 00:00,0.070,4.189
2021-07-09 01:00,0.113,4.813
2021-07-09 02:00,0.125,4.970
2021-07-09 03:00,0.110,4.779
2021-07-09 04:00,0.088,4.472
2021-07-09 05:00,0.072,4.211
2021-07-09 06:00,0.065,4.091
2021-07-09 07:00,0.054,3.887
2021-07-09 08:00,0.041,3.613
2021-07-09 09:00,0.027,3.222
2021-07-09 10:00,0.015,2.839
2021-07-09 11:00,0.057,3.941
2021-07-09 12:00,0.172,5.492
2021-07-09 13:00,0.264,6.325
2021-07-09 14:00,0.317,6.737
2021-07-09 15:00,0.345,6.944
2021-07-09 16:00,0.352,6.994
2021-07-09 17:00,0.333,6.860
2021-07-09 18:00,0.323,6.791
2021-07-09 19:00,0.287,6.512
2021-07-09 20:00,0.208,5.845
2021-07-09 21:00,0.107,4.746
2021-07-09 22:00,0.023,3.122
2021-07-09 23:00,0.007,2.372
2021-07-10 00:00,0.001,1.516
2021-07-10 01:00,0.001,1.487
2021-07-10 02:00,0.002,1.892
2021-07-10 03:00,0.005,2.214
2021-07-10 04:00,0.005,2.219
2021-07-10 05:00,0.002,1.943
2021-07-10 06:00,0.001,1.705
2021-07-10 07:00,0.001,1.679
2021-07-10 08:00,0.004,2.149
2021-07-10 09:00,0.032,3.374
2021-07-10 10:00,0.196,5.730
2021-07-10 11:00,0.555,8.396
2021-07-10 12:00,0.744,9.888
2021-07-10 13:00,0.746,9.905
2021-07-10 14:00,0.683,9.361
2021-07-10 15:00,0.561,8.439
2021-07-10 16:00,0.399,7.326
2021-07-10 17:00,0.270,6.377
2021-07-10 18:00,0.202,5.785
2021-07-10 19:00,0.187,5.651
2021-07-10 20:00,0.185,5.625
2021-07-10 21:00,0.156,5.328
2021-07-10 22:00,0.116,4.859
2021-07-10 23:00,0.159,5.362
2021-07-11 00:00,0.249,6.205
2021-07-11 01:00,0.272,6.398
2021-07-11 02:00,0.245,6.165
2021-07-11 03:00,0.187,5.649
2021-07-11 04:00,0.134,5.075
2021-07-11 05:00,0.115,4.850
2021-07-11 06:00,0.134,5.083
2021-07-11 07:00,0.208,5.843
2021-07-11 08:00,0.277,6.434
2021-07-11 09:00,0.262,6.318
2021-07-11 10:00,0.342,6.917
2021-07-11 11:00,0.637,8.997
2021-07-11 12:00,0.661,9.180
2021-07-11 13:00,0.536,8.271
2021-07-11 14:00,0.430,7.549
2021-07-11 15:00,0.425,7.504
2021-07-11 16:00,0.393,7.285
2021-07-11 17:00,0.268,6.353
2021-07-11 18:00,0.224,5.989
2021-07-11 19:00,0.276,6.418
2021-07-11 20:00,0.332,6.846
2021-07-11 21:00,0.260,6.299
2021-07-11 22:00,0.187,5.652
2021-07-11 23:00,0.319,6.747
2021-07-12 00:00,0.492,7.968
2021-07-12 01:00,0.531,8.233
2021-07-12 02:00,0.687,9.393
2021-07-12 03:00,0.767,10.117
2021-07-12 04:00,0.850,11.081
2021-07-12 05:00,0.865,11.320
2021-07-12 06:00,0.799,10.444
2021-07-12 07:00,0.730,9.764
2021-07-12 08:00,0.743,9.879
2021-07-12 09:00,0.616,8.829
2021-07-12 10:00,0.456,7.720
2021-07-12 11:00,0.451,7.690
2021-07-12 12:00,0.532,8.237
2021-07-12 13:00,0.516,8.131
2021-07-12 14:00,0.396,7.313
2021-07-12 15:00,0.355,7.017
2021-07-12 16:00,0.436,7.579
2021-07-12 17:00,0.454,7.708
2021-07-12 18:00,0.325,6.803
2021-07-12 19:00,0.252,6.228
2021-07-12 20:00,0.221,5.956
2021-07-12 21:00,0.135,5.090
2021-07-12 22:00,0.066,4.104
2021-07-12 23:00,0.045,3.695
2021-07-13 00:00,0.002,1.933
2021-07-13 01:00,0,1.358
2021-07-13 02:00,0.006,2.333
2021-07-13 03:00,0.010,2.605
2021-07-13 04:00,0.007,2.355
2021-07-13 05:00,0.012,2.687
2021-07-13 06:00,0.031,3.362
2021-07-13 07:00,0.041,3.614
2021-07-13 08:00,0.034,3.441
2021-07-13 09:00,0.021,3.036
2021-07-13 10:00,0.010,2.608
2021-07-13 11:00,0.005,2.210
2021-07-13 12:00,0.001,1.645
2021-07-13 13:00,0,1.109
2021-07-13 14:00,0,0.963
2021-07-13 15:00,0,0.906
2021-07-13 16:00,0.001,1.598
2021-07-13 17:00,0.024,3.142
2021-07-13 18:00,0.112,4.795
2021-07-13 19:00,0.099,4.619
2021-07-13 20:00,0.023,3.129
2021-07-13 21:00,0.002,1.787
2021-07-13 22:00,0.001,1.685
2021-07-13 23:00,0,1.443
2021-07-14 00:00,0,1.313
2021-07-14 01:00,0,0.538
2021-07-14 02:00,0,0.304
2021-07-14 03:00,0,0.602
2021-07-14 04:00,0,0.746
2021-07-14 05:00,0,0.757
2021-07-14 06:00,0,0.537
2021-07-14 07:00,0,0.299
2021-07-14 08:00,0,1.211
2021-07-14 09:00,0.003,1.994
2021-07-14 10:00,0.025,3.178
2021-07-14 11:00,0.127,4.997
2021-07-14 12:00,0.270,6.368
2021-07-14 13:00,0.367,7.104
2021-07-14 14:00,0.449,7.669
2021-07-14 15:00,0.490,7.958
2021-07-14 16:00,0.468,7.808
2021-07-14 17:00,0.413,7.430
2021-07-14 18:00,0.314,6.712
2021-07-14 19:00,0.202,5.786
2021-07-14 20:00,0.136,5.104
2021-07-14 21:00,0.066,4.114
2021-07-14 22:00,0.015,2.829
2021-07-14 23:00,0.067,4.120
2021-07-15 00:00,0.145,5.208
2021-07-15 01:00,0.120,4.910
2021-07-15 02:00,0.096,4.589
2021-07-15 03:00,0.100,4.639
2021-07-15 04:00,0.108,4.754
2021-07-15 05:00,0.109,4.769
2021-07-15 06:00,0.096,4.593
2021-07-15 07:00,0.077,4.290
2021-07-15 08:00,0.057,3.940
2021-07-15 09:00,0.031,3.347
2021-07-15 10:00,0.011,2.660
2021-07-15 11:00,0.011,2.657
2021-07-15 12:00,0.025,3.180
2021-07-15 13:00,0.051,3.830
2021-07-15 14:00,0.088,4.476
2021-07-15 15:00,0.118,4.888
2021-07-15 16:00,0.131,5.035
2021-07-15 17:00,0.127,4.990
2021-07-15 18:00,0.116,4.856
2021-07-15 19:00,0.096,4.584
2021-07-15 20:00,0.068,4.134
2021-07-15 21:00,0.033,3.422
2021-07-15 22:00,0.004,2.153
2021-07-15 23:00,0,1.157
2021-07-16 00:00,0.002,1.943
2021-07-16 01:00,0.017,2.892
2021-07-16 02:00,0.038,3.535
2021-07-16 03:00,0.045,3.697
2021-07-16 04:00,0.049,3.794
2021-07-16 05:00,0.050,3.813
2021-07-16 06:00,0.042,3.624
2021-07-16 07:00,0.044,3.672
2021-07-16 08:00,0.061,4.013
2021-07-16 09:00,0.089,4.487
2021-07-16 10:00,0.156,5.331
2021-07-16 11:00,0.313,6.706
2021-07-16 12:00,0.499,8.007
2021-07-16 13:00,0.632,8.963
2021-07-16 14:00,0.677,9.308
2021-07-16 15:00,0.649,9.092
2021-07-16 16:00,0.595,8.682
2021-07-16 17:00,0.502,8.031
2021-07-16 18:00,0.418,7.465
2021-07-16 19:00,0.370,7.129
2021-07-16 20:00,0.340,6.913
2021-07-16 21:00,0.320,6.759
2021-07-16 22:00,0.306,6.660
2021-07-16 23:00,0.363,7.074
2021-07-17 00:00,0.367,7.108
2021-07-17 01:00,0.325,6.801
2021-07-17 02:00,0.266,6.345
2021-07-17 03:00,0.238,6.112
2021-07-17 04:00,0.260,6.297
2021-07-17 05:00,0.270,6.379
2021-07-17 06:00,0.254,6.238
2021-07-17 07:00,0.273,6.403
2021-07-17 08:00,0.364,7.078
2021-07-17 09:00,0.365,7.085
2021-07-17 10:00,0.287,6.517
2021-07-17 11:00,0.308,6.667
2021-07-17 12:00,0.422,7.486
2021-07-17 13:00,0.531,8.233
2021-07-17 14:00,0.600,8.712
2021-07-17 15:00,0.630,8.942
2021-07-17 16:00,0.652,9.114
2021-07-17 17:00,0.662,9.186
2021-07-17 18:00,0.661,9.176
2021-07-17 19:00,0.648,9.083
2021-07-17 20:00,0.552,8.384
2021-07-17 21:00,0.464,7.773
2021-07-17 22:00,0.447,7.655
2021-07-17 23:00,0.423,7.499
2021-07-18 00:00,0.436,7.587
2021-07-18 01:00,0.441,7.614
2021-07-18 02:00,0.460,7.740
2021-07-18 03:00,0.493,7.977
2021-07-18 04:00,0.516,8.124
2021-07-18 05:00,0.512,8.099
2021-07-18 06:00,0.483,7.910
2021-07-18 07:00,0.431,7.551
2021-07-18 08:00,0.349,6.976
2021-07-18 09:00,0.256,6.257
2021-07-18 10:00,0.174,5.519
2021-07-18 11:00,0.169,5.464
2021-07-18 12:00,0.204,5.801
2021-07-18 13:00,0.231,6.048
2021-07-18 14:00,0.240,6.134
2021-07-18 15:00,0.213,5.897
2021-07-18 16:00,0.167,5.441
2021-07-18 17:00,0.108,4.751
2021-07-18 18:00,0.052,3.855
2021-07-18 19:00,0.019,2.994
2021-07-18 20:00,0.006,2.310
2021-07-18 21:00,0.002,1.823
2021-07-18 22:00,0,1.409
2021-07-18 23:00,0.001,1.486
2021-07-19 00:00,0.004,2.108
2021-07-19 01:00,0.002,1.912
2021-07-19 02:00,0.001,1.582
2021-07-19 03:00,0,1.323
2021-07-19 04:00,0,1.077
2021-07-19 05:00,0,0.838
2021-07-19 06:00,0,0.746
2021-07-19 07:00,0,0.780
2021-07-19 08:00,0,1.014
2021-07-19 09:00,0.001,1.684
2021-07-19 10:00,0.018,2.953
2021-07-19 11:00,0.120,4.913
2021-07-19 12:00,0.281,6.470
2021-07-19 13:00,0.360,7.058
2021-07-19 14:00,0.356,7.026
2021-07-19 15:00,0.297,6.591
2021-07-19 16:00,0.255,6.252
2021-07-19 17:00,0.268,6.351
2021-07-19 18:00,0.303,6.636
2021-07-19 19:00,0.333,6.857
2021-07-19 20:00,0.338,6.902
2021-07-19 21:00,0.238,6.110
2021-07-19 22:00,0.104,4.696
2021-07-19 23:00,0.050,3.803
2021-07-20 00:00,0.017,2.886
2021-07-20 01:00,0.008,2.458
2021-07-20 02:00,0.003,1.983
2021-07-20 03:00,0.001,1.661
2021-07-20 04:00,0.001,1.597
2021-07-20 05:00,0.002,1.900
2021-07-20 06:00,0.007,2.370
2021-07-20 07:00,0.014,2.785
2021-07-20 08:00,0.025,3.181
2021-07-20 09:00,0.049,3.796
2021-07-20 10:00,0.104,4.694
2021-07-20 11:00,0.218,5.935
2021-07-20 12:00,0.374,7.159
2021-07-20 13:00,0.476,7.855
2021-07-20 14:00,0.516,8.121
2021-07-20 15:00,0.521,8.164
2021-07-20 16:00,0.511,8.096
2021-07-20 17:00,0.489,7.950
2021-07-20 18:00,0.470,7.816
2021-07-20 19:00,0.450,7.675
2021-07-20 20:00,0.425,7.506
2021-07-20 21:00,0.330,6.839
2021-07-20 22:00,0.314,6.712
2021-07-20 23:00,0.328,6.822
2021-07-21 00:00,0.202,5.783
2021-07-21 01:00,0.103,4.685
2021-07-21 02:00,0.051,3.822
2021-07-21 03:00,0.030,3.336
2021-07-21 04:00,0.033,3.425
2021-07-21 05:00,0.054,3.876
2021-07-21 06:00,0.060,3.997
2021-07-21 07:00,0.048,3.758
2021-07-21 08:00,0.037,3.520
2021-07-21 09:00,0.043,3.664
2021-07-21 10:00,0.106,4.729
2021-07-21 11:00,0.353,7.004
2021-07-21 12:00,0.653,9.120
2021-07-21 13:00,0.745,9.896
2021-07-21 14:00,0.712,9.604
2021-07-21 15:00,0.664,9.204
2021-07-21 16:00,0.606,8.764
2021-07-21 17:00,0.545,8.321
2021-07-21 18:00,0.492,7.968
2021-07-21 19:00,0.455,7.717
2021-07-21 20:00,0.449,7.666
2021-07-21 21:00,0.416,7.441
2021-07-21 22:00,0.563,8.461
2021-07-21 23:00,0.664,9.204
2021-07-22 00:00,0.563,8.461
2021-07-22 01:00,0.483,7.899
2021-07-22 02:00,0.476,7.851
2021-07-22 03:00,0.489,7.952
2021-07-22 04:00,0.494,7.980
2021-07-22 05:00,0.522,8.166
2021-07-22 06:00,0.650,9.097
2021-07-22 07:00,0.809,10.563
2021-07-22 08:00,0.881,11.576
2021-07-22 09:00,0.859,11.230
2021-07-22 10:00,0.749,9.934
2021-07-22 11:00,0.657,9.146
2021-07-22 12:00,0.797,10.423
2021-07-22 13:00,0.822,10.726
2021-07-22 14:00,0.774,10.178
2021-07-22 15:00,0.696,9.465
2021-07-22 16:00,0.654,9.129
2021-07-22 17:00,0.620,8.869
2021-07-22 18:00,0.578,8.563
2021-07-22 19:00,0.559,8.429
2021-07-22 20:00,0.519,8.146
2021-07-22 21:00,0.518,8.142
2021-07-22 22:00,0.640,9.011
2021-07-22 23:00,0.609,8.783
2021-07-23 00:00,0.494,7.981
2021-07-23 01:00,0.377,7.176
2021-07-23 02:00,0.318,6.740
2021-07-23 03:00,0.301,6.617
2021-07-23 04:00,0.287,6.516
2021-07-23 05:00,0.268,6.362
2021-07-23 06:00,0.240,6.127
2021-07-23 07:00,0.209,5.859
2021-07-23 08:00,0.177,5.540
2021-07-23 09:00,0.150,5.268
2021-07-23 10:00,0.116,4.859
2021-07-23 11:00,0.099,4.623
2021-07-23 12:00,0.146,5.214
2021-07-23 13:00,0.196,5.738
2021-07-23 14:00,0.224,5.989
2021-07-23 15:00,0.257,6.271
2021-07-23 16:00,0.458,7.733
2021-07-23 17:00,0.515,8.119
2021-07-23 18:00,0.436,7.585
2021-07-23 19:00,0.307,6.665
2021-07-23 20:00,0.272,6.394
2021-07-23 21:00,0.229,6.034
2021-07-23 22:00,0.139,5.139
2021-07-23 23:00,0.153,5.288
2021-07-24 00:00,0.158,5.352
2021-07-24 01:00,0.147,5.225
2021-07-24 02:00,0.120,4.908
2021-07-24 03:00,0.069,4.149
2021-07-24 04:00,0.044,3.677
2021-07-24 05:00,0.042,3.627
2021-07-24 06:00,0.042,3.617
2021-07-24 07:00,0.097,4.596
2021-07-24 08:00,0.314,6.710
2021-07-24 09:00,0.478,7.865
2021-07-24 10:00,0.384,7.225
2021-07-24 11:00,0.210,5.867
2021-07-24 12:00,0.189,5.667
2021-07-24 13:00,0.228,6.022
2021-07-24 14:00,0.320,6.755
2021-07-24 15:00,0.315,6.724
2021-07-24 16:00,0.294,6.570
2021-07-24 17:00,0.255,6.255
2021-07-24 18:00,0.173,5.506
2021-07-24 19:00,0.128,5.011
2021-07-24 20:00,0.069,4.159
2021-07-24 21:00,0.004,2.090
2021-07-24 22:00,0.018,2.932
2021-07-24 23:00,0.074,4.248
2021-07-25 00:00,0.117,4.865
2021-07-25 01:00,0.194,5.702
2021-07-25 02:00,0.275,6.416
2021-07-25 03:00,0.370,7.120
2021-07-25 04:00,0.431,7.554
2021-07-25 05:00,0.441,7.616
2021-07-25 06:00,0.374,7.150
2021-07-25 07:00,0.275,6.415
2021-07-25 08:00,0.320,6.756
2021-07-25 09:00,0.377,7.180
2021-07-25 10:00,0.530,8.226
2021-07-25 11:00,0.658,9.154
2021-07-25 12:00,0.672,9.269
2021-07-25 13:00,0.650,9.095
2021-07-25 14:00,0.628,8.933
2021-07-25 15:00,0.735,9.811
2021-07-25 16:00,0.840,10.955
2021-07-25 17:00,0.819,10.688
2021-07-25 18:00,0.733,9.792
2021-07-25 19:00,0.588,8.636
2021-07-25 20:00,0.510,8.085
2021-07-25 21:00,0.309,6.674
2021-07-25 22:00,0.129,5.017
2021-07-25 23:00,0.114,4.837
2021-07-26 00:00,0.121,4.927
2021-07-26 01:00,0.158,5.354
2021-07-26 02:00,0.170,5.480
2021-07-26 03:00,0.164,5.418
2021-07-26 04:00,0.158,5.353
2021-07-26 05:00,0.145,5.210
2021-07-26 06:00,0.151,5.273
2021-07-26 07:00,0.195,5.721
2021-07-26 08:00,0.288,6.524
2021-07-26 09:00,0.393,7.284
2021-07-26 10:00,0.429,7.539
2021-07-26 11:00,0.410,7.398
2021-07-26 12:00,0.320,6.755
2021-07-26 13:00,0.193,5.700
2021-07-26 14:00,0.102,4.658
2021-07-26 15:00,0.050,3.809
2021-07-26 16:00,0.032,3.396
2021-07-26 17:00,0.027,3.230
2021-07-26 18:00,0.027,3.231
2021-07-26 19:00,0.029,3.295
2021-07-26 20:00,0.030,3.322
2021-07-26 21:00,0.023,3.117
2021-07-26 22:00,0.011,2.651
2021-07-26 23:00,0.012,2.699
2021-07-27 00:00,0.019,2.973
2021-07-27 01:00,0.020,3.021
2021-07-27 02:00,0.016,2.866
2021-07-27 03:00,0.011,2.630
2021-07-27 04:00,0.008,2.469
2021-07-27 05:00,0.010,2.547
2021-07-27 06:00,0.013,2.712
2021-07-27 07:00,0.015,2.825
2021-07-27 08:00,0.015,2.795
2021-07-27 09:00,0.011,2.619
2021-07-27 10:00,0.006,2.278
2021-07-27 11:00,0.001,1.750
2021-07-27 12:00,0.001,1.548
2021-07-27 13:00,0.007,2.366
2021-07-27 14:00,0.038,3.537
2021-07-27 15:00,0.096,4.581
2021-07-27 16:00,0.152,5.279
2021-07-27 17:00,0.171,5.483
2021-07-27 18:00,0.159,5.361
2021-07-27 19:00,0.140,5.155
2021-07-27 20:00,0.128,5.007
2021-07-27 21:00,0.120,4.915
2021-07-27 22:00,0.044,3.673
2021-07-27 23:00,0.002,1.812
2021-07-28 00:00,0.001,1.605
2021-07-28 01:00,0.024,3.158
2021-07-28 02:00,0.059,3.979
2021-07-28 03:00,0.075,4.259
2021-07-28 04:00,0.074,4.247
2021-07-28 05:00,0.078,4.307
2021-07-28 06:00,0.088,4.463
2021-07-28 07:00,0.091,4.509
2021-07-28 08:00,0.085,4.421
2021-07-28 09:00,0.081,4.365
2021-07-28 10:00,0.096,4.593
2021-07-28 11:00,0.145,5.198
2021-07-28 12:00,0.214,5.906
2021-07-28 13:00,0.281,6.464
2021-07-28 14:00,0.322,6.783
2021-07-28 15:00,0.335,6.874
2021-07-28 16:00,0.311,6.693
2021-07-28 17:00,0.284,6.480
2021-07-28 18:00,0.261,6.310
2021-07-28 19:00,0.266,6.345
2021-07-28 20:00,0.375,7.161
2021-07-28 21:00,0.427,7.523
2021-07-28 22:00,0.281,6.470
2021-07-28 23:00,0.227,6.013
2021-07-29 00:00,0.299,6.609
2021-07-29 01:00,0.309,6.680
2021-07-29 02:00,0.268,6.355
2021-07-29 03:00,0.257,6.269
2021-07-29 04:00,0.240,6.130
2021-07-29 05:00,0.188,5.652
2021-07-29 06:00,0.139,5.139
2021-07-29 07:00,0.121,4.925
2021-07-29 08:00,0.134,5.069
2021-07-29 09:00,0.146,5.217
2021-07-29 10:00,0.165,5.422
2021-07-29 11:00,0.273,6.406
2021-07-29 12:00,0.413,7.419
2021-07-29 13:00,0.499,8.013
2021-07-29 14:00,0.528,8.216
2021-07-29 15:00,0.510,8.093
2021-07-29 16:00,0.480,7.888
2021-07-29 17:00,0.450,7.682
2021-07-29 18:00,0.426,7.510
2021-07-29 19:00,0.372,7.138
2021-07-29 20:00,0.316,6.727
2021-07-29 21:00,0.231,6.045
2021-07-29 22:00,0.090,4.493
2021-07-29 23:00,0.039,3.553
2021-07-30 00:00,0.002,1.824
2021-07-30 01:00,0,0.913
2021-07-30 02:00,0,1.329
2021-07-30 03:00,0.002,1.801
2021-07-30 04:00,0.005,2.223
2021-07-30 05:00,0.012,2.668
2021-07-30 06:00,0.023,3.133
2021-07-30 07:00,0.038,3.549
2021-07-30 08:00,0.050,3.813
2021-07-30 09:00,0.050,3.800
2021-07-30 10:00,0.027,3.235
2021-07-30 11:00,0.001,1.726
2021-07-30 12:00,0,1.184
2021-07-30 13:00,0.016,2.850
2021-07-30 14:00,0.125,4.970
2021-07-30 15:00,0.284,6.483
2021-07-30 16:00,0.377,7.177
2021-07-30 17:00,0.391,7.271
2021-07-30 18:00,0.403,7.358
2021-07-30 19:00,0.455,7.718
2021-07-30 20:00,0.477,7.862
2021-07-30 21:00,0.395,7.304
2021-07-30 22:00,0.173,5.503
2021-07-30 23:00,0.109,4.766
2021-07-31 00:00,0.174,5.514
2021-07-31 01:00,0.204,5.802
2021-07-31 02:00,0.223,5.971
2021-07-31 03:00,0.229,6.026
2021-07-31 04:00,0.209,5.853
2021-07-31 05:00,0.189,5.667
2021-07-31 06:00,0.194,5.714
2021-07-31 07:00,0.229,6.036
2021-07-31 08:00,0.299,6.598
2021-07-31 09:00,0.390,7.264
2021-07-31 10:00,0.356,7.032
2021-07-31 11:00,0.286,6.505
2021-07-31 12:00,0.290,6.541
2021-07-31 13:00,0.323,6.790
2021-07-31 14:00,0.349,6.979
2021-07-31 15:00,0.490,7.958
2021-07-31 16:00,0.678,9.321
2021-07-31 17:00,0.704,9.531
2021-07-31 18:00,0.679,9.329
2021-07-31 19:00,0.645,9.052
2021-07-31 20:00,0.604,8.753
2021-07-31 21:00,0.572,8.513
2021-07-31 22:00,0.625,8.904
2021-07-31 23:00,0.661,9.171
2021-08-01 00:00,0.673,9.281
2021-08-01 01:00,0.696,9.457
2021-08-01 02:00,0.729,9.748
2021-08-01 03:00,0.734,9.800
2021-08-01 04:00,0.712,9.603
2021-08-01 05:00,0.692,9.426
2021-08-01 06:00,0.689,9.408
2021-08-01 07:00,0.694,9.444
2021-08-01 08:00,0.682,9.353
2021-08-01 09:00,0.665,9.216
2021-08-01 10:00,0.587,8.630
2021-08-01 11:00,0.610,8.792
2021-08-01 12:00,0.594,8.679
2021-08-01 13:00,0.516,8.128
2021-08-01 14:00,0.429,7.535
2021-08-01 15:00,0.322,6.782
2021-08-01 16:00,0.210,5.862
2021-08-01 17:00,0.114,4.828
2021-08-01 18:00,0.051,3.818
2021-08-01 19:00,0.017,2.920
2021-08-01 20:00,0.005,2.244
2021-08-01 21:00,0.003,2.019
2021-08-01 22:00,0.001,1.694
2021-08-01 23:00,0.020,3.022
2021-08-02 00:00,0.121,4.921
2021-08-02 01:00,0.169,5.463
2021-08-02 02:00,0.190,5.679
2021-08-02 03:00,0.173,5.506
2021-08-02 04:00,0.124,4.958
2021-08-02 05:00,0.075,4.269
2021-08-02 06:00,0.048,3.767
2021-08-02 07:00,0.031,3.346
2021-08-02 08:00,0.013,2.754
2021-08-02 09:00,0.005,2.234
2021-08-02 10:00,0.013,2.733
2021-08-02 11:00,0.104,4.696
2021-08-02 12:00,0.335,6.874
2021-08-02 13:00,0.494,7.980
2021-08-02 14:00,0.547,8.344
2021-08-02 15:00,0.530,8.231
2021-08-02 16:00,0.490,7.953
2021-08-02 17:00,0.463,7.759
2021-08-02 18:00,0.491,7.960
2021-08-02 19:00,0.530,8.227
2021-08-02 20:00,0.505,8.056
2021-08-02 21:00,0.419,7.469
2021-08-02 22:00,0.351,6.986
2021-08-02 23:00,0.331,6.844
2021-08-03 00:00,0.251,6.219
2021-08-03 01:00,0.206,5.829
2021-08-03 02:00,0.257,6.262
2021-08-03 03:00,0.322,6.782
2021-08-03 04:00,0.441,7.615
2021-08-03 05:00,0.472,7.828
2021-08-03 06:00,0.403,7.356
2021-08-03 07:00,0.340,6.910
2021-08-03 08:00,0.330,6.831
2021-08-03 09:00,0.294,6.564
2021-08-03 10:00,0.195,5.723
2021-08-03 11:00,0.189,5.670
2021-08-03 12:00,0.274,6.409
2021-08-03 13:00,0.496,7.987
2021-08-03 14:00,0.692,9.429
2021-08-03 15:00,0.777,10.219
2021-08-03 16:00,0.742,9.875
2021-08-03 17:00,0.665,9.211
2021-08-03 18:00,0.641,9.026
2021-08-03 19:00,0.625,8.909
2021-08-03 20:00,0.622,8.888
2021-08-03 21:00,0.622,8.888
2021-08-03 22:00,0.684,9.365
2021-08-03 23:00,0.734,9.803
2021-08-04 00:00,0.769,10.134
2021-08-04 01:00,0.811,10.587
2021-08-04 02:00,0.878,11.520
2021-08-04 03:00,0.929,12.592
2021-08-04 04:00,0.960,13.614
2021-08-04 05:00,0.966,13.928
2021-08-04 06:00,0.957,13.500
2021-08-04 07:00,0.940,12.918
2021-08-04 08:00,0.918,12.326
2021-08-04 09:00,0.883,11.610
2021-08-04 10:00,0.796,10.417
2021-08-04 11:00,0.775,10.190
2021-08-04 12:00,0.779,10.240
2021-08-04 13:00,0.745,9.896
2021-08-04 14:00,0.686,9.387
2021-08-04 15:00,0.581,8.577
2021-08-04 16:00,0.479,7.882
2021-08-04 17:00,0.407,7.384
2021-08-04 18:00,0.347,6.958
2021-08-04 19:00,0.303,6.634
2021-08-04 20:00,0.241,6.139
2021-08-04 21:00,0.150,5.260
2021-08-04 22:00,0.119,4.898
2021-08-04 23:00,0.169,5.466
2021-08-05 00:00,0.206,5.826
2021-08-05 01:00,0.204,5.800
2021-08-05 02:00,0.191,5.687
2021-08-05 03:00,0.223,5.970
2021-08-05 04:00,0.281,6.464
2021-08-05 05:00,0.330,6.841
2021-08-05 06:00,0.355,7.018
2021-08-05 07:00,0.358,7.040
2021-08-05 08:00,0.336,6.883
2021-08-05 09:00,0.281,6.468
2021-08-05 10:00,0.204,5.813
2021-08-05 11:00,0.160,5.375
2021-08-05 12:00,0.122,4.928
2021-08-05 13:00,0.111,4.779
2021-08-05 14:00,0.126,4.980
2021-08-05 15:00,0.173,5.509
2021-08-05 16:00,0.248,6.196
2021-08-05 17:00,0.309,6.671
2021-08-05 18:00,0.324,6.795
2021-08-05 19:00,0.291,6.547
2021-08-05 20:00,0.233,6.067
2021-08-05 21:00,0.160,5.369
2021-08-05 22:00,0.046,3.714
2021-08-05 23:00,0.018,2.934
2021-08-06 00:00,0.049,3.781
2021-08-06 01:00,0.055,3.894
2021-08-06 02:00,0.062,4.028
2021-08-06 03:00,0.083,4.380
2021-08-06 04:00,0.112,4.798
2021-08-06 05:00,0.146,5.221
2021-08-06 06:00,0.184,5.622
2021-08-06 07:00,0.209,5.861
2021-08-06 08:00,0.208,5.846
2021-08-06 09:00,0.153,5.290
2021-08-06 10:00,0.056,3.927
2021-08-06 11:00,0.008,2.441
2021-08-06 12:00,0.014,2.776
2021-08-06 13:00,0.106,4.721
2021-08-06 14:00,0.330,6.839
2021-08-06 15:00,0.577,8.548
2021-08-06 16:00,0.711,9.593
2021-08-06 17:00,0.757,10.012
2021-08-06 18:00,0.772,10.153
2021-08-06 19:00,0.777,10.207
2021-08-06 20:00,0.757,10.013
2021-08-06 21:00,0.724,9.706
2021-08-06 22:00,0.525,8.193
2021-08-06 23:00,0.307,6.665
2021-08-07 00:00,0.380,7.195
2021-08-07 01:00,0.330,6.840
2021-08-07 02:00,0.224,5.988
2021-08-07 03:00,0.152,5.278
2021-08-07 04:00,0.104,4.703
2021-08-07 05:00,0.083,4.380
2021-08-07 06:00,0.075,4.263
2021-08-07 07:00,0.070,4.190
2021-08-07 08:00,0.068,4.145
2021-08-07 09:00,0.096,4.588
2021-08-07 10:00,0.171,5.484
2021-08-07 11:00,0.302,6.619
2021-08-07 12:00,0.477,7.863
2021-08-07 13:00,0.721,9.675
2021-08-07 14:00,0.857,11.197
2021-08-07 15:00,0.868,11.366
2021-08-07 16:00,0.853,11.140
2021-08-07 17:00,0.827,10.790
2021-08-07 18:00,0.783,10.276
2021-08-07 19:00,0.700,9.494
2021-08-07 20:00,0.606,8.770
2021-08-07 21:00,0.489,7.950
2021-08-07 22:00,0.299,6.604
2021-08-07 23:00,0.194,5.712
2021-08-08 00:00,0.213,5.890
2021-08-08 01:00,0.229,6.032
2021-08-08 02:00,0.194,5.713
2021-08-08 03:00,0.169,5.463
2021-08-08 04:00,0.169,5.460
2021-08-08 05:00,0.150,5.262
2021-08-08 06:00,0.112,4.797
2021-08-08 07:00,0.082,4.372
2021-08-08 08:00,0.053,3.862
2021-08-08 09:00,0.027,3.255
2021-08-08 10:00,0.023,3.110
2021-08-08 11:00,0.044,3.672
2021-08-08 12:00,0.037,3.512
2021-08-08 13:00,0.019,2.983
2021-08-08 14:00,0.035,3.456
2021-08-08 15:00,0.078,4.320
2021-08-08 16:00,0.147,5.227
2021-08-08 17:00,0.248,6.193
2021-08-08 18:00,0.289,6.532
2021-08-08 19:00,0.282,6.473
2021-08-08 20:00,0.248,6.192
2021-08-08 21:00,0.189,5.664
2021-08-08 22:00,0.083,4.383
2021-08-08 23:00,0.051,3.819
2021-08-09 00:00,0.048,3.762
2021-08-09 01:00,0.058,3.957
2021-08-09 02:00,0.075,4.268
2021-08-09 03:00,0.075,4.259
2021-08-09 04:00,0.062,4.047
2021-08-09 05:00,0.050,3.811
2021-08-09 06:00,0.045,3.699
2021-08-09 07:00,0.046,3.717
2021-08-09 08:00,0.059,3.987
2021-08-09 09:00,0.078,4.310
2021-08-09 10:00,0.113,4.822
2021-08-09 11:00,0.180,5.574
2021-08-09 12:00,0.216,5.919
2021-08-09 13:00,0.223,5.970
2021-08-09 14:00,0.213,5.892
2021-08-09 15:00,0.224,5.984
2021-08-09 16:00,0.257,6.273
2021-08-09 17:00,0.288,6.521
2021-08-09 18:00,0.290,6.535
2021-08-09 19:00,0.277,6.433
2021-08-09 20:00,0.261,6.306
2021-08-09 21:00,0.188,5.656
2021-08-09 22:00,0.118,4.883
2021-08-09 23:00,0.125,4.976
2021-08-10 00:00,0.084,4.405
2021-08-10 01:00,0.047,3.743
2021-08-10 02:00,0.034,3.441
2021-08-10 03:00,0.058,3.956
2021-08-10 04:00,0.108,4.757
2021-08-10 05:00,0.162,5.396
2021-08-10 06:00,0.198,5.749
2021-08-10 07:00,0.217,5.928
2021-08-10 08:00,0.223,5.973
2021-08-10 09:00,0.212,5.880
2021-08-10 10:00,0.179,5.557
2021-08-10 11:00,0.185,5.624
2021-08-10 12:00,0.148,5.237
2021-08-10 13:00,0.085,4.417
2021-08-10 14:00,0.037,3.503
2021-08-10 15:00,0.013,2.736
2021-08-10 16:00,0.004,2.149
2021-08-10 17:00,0.002,1.885
2021-08-10 18:00,0.003,2.063
2021-08-10 19:00,0.011,2.659
2021-08-10 20:00,0.033,3.423
2021-08-10 21:00,0.053,3.869
2021-08-10 22:00,0.039,3.571
2021-08-10 23:00,0.114,4.833
2021-08-11 00:00,0.236,6.092
2021-08-11 01:00,0.285,6.498
2021-08-11 02:00,0.285,6.485
2021-08-11 03:00,0.263,6.322
2021-08-11 04:00,0.242,6.149
2021-08-11 05:00,0.232,6.059
2021-08-11 06:00,0.230,6.038
2021-08-11 07:00,0.219,5.943
2021-08-11 08:00,0.198,5.750
2021-08-11 09:00,0.160,5.372
2021-08-11 10:00,0.166,5.438
2021-08-11 11:00,0.239,6.120
2021-08-11 12:00,0.285,6.488
2021-08-11 13:00,0.265,6.334
2021-08-11 14:00,0.218,5.935
2021-08-11 15:00,0.159,5.360
2021-08-11 16:00,0.114,4.837
2021-08-11 17:00,0.084,4.403
2021-08-11 18:00,0.057,3.942
2021-08-11 19:00,0.039,3.552
2021-08-11 20:00,0.030,3.335
2021-08-11 21:00,0.022,3.096
2021-08-11 22:00,0.011,2.649
2021-08-11 23:00,0.001,1.714
2021-08-12 00:00,0.003,1.969
2021-08-12 01:00,0.012,2.686
2021-08-12 02:00,0.021,3.044
2021-08-12 03:00,0.030,3.324
2021-08-12 04:00,0.043,3.652
2021-08-12 05:00,0.058,3.964
2021-08-12 06:00,0.070,4.190
2021-08-12 07:00,0.073,4.229
2021-08-12 08:00,0.065,4.103
2021-08-12 09:00,0.081,4.359
2021-08-12 10:00,0.210,5.861
2021-08-12 11:00,0.439,7.608
2021-08-12 12:00,0.545,8.322
2021-08-12 13:00,0.510,8.088
2021-08-12 14:00,0.419,7.470
2021-08-12 15:00,0.321,6.765
2021-08-12 16:00,0.250,6.208
2021-08-12 17:00,0.191,5.687
2021-08-12 18:00,0.126,4.982
2021-08-12 19:00,0.070,4.190
2021-08-12 20:00,0.042,3.623
2021-08-12 21:00,0.026,3.216
2021-08-12 22:00,0.010,2.590
2021-08-12 23:00,0.001,1.563
2021-08-13 00:00,0.007,2.402
2021-08-13 01:00,0.013,2.750
2021-08-13 02:00,0.024,3.141
2021-08-13 03:00,0.039,3.569
2021-08-13 04:00,0.057,3.946
2021-08-13 05:00,0.071,4.196
2021-08-13 06:00,0.073,4.225
2021-08-13 07:00,0.072,4.221
2021-08-13 08:00,0.100,4.637
2021-08-13 09:00,0.171,5.485
2021-08-13 10:00,0.292,6.553
2021-08-13 11:00,0.374,7.159
2021-08-13 12:00,0.356,7.029
2021-08-13 13:00,0.416,7.445
2021-08-13 14:00,0.554,8.394
2021-08-13 15:00,0.570,8.505
2021-08-13 16:00,0.510,8.082
2021-08-13 17:00,0.499,8.011
2021-08-13 18:00,0.483,7.905
2021-08-13 19:00,0.423,7.496
2021-08-13 20:00,0.311,6.688
2021-08-13 21:00,0.219,5.942
2021-08-13 22:00,0.099,4.627
2021-08-13 23:00,0.035,3.458
2021-08-14 00:00,0.001,1.643
2021-08-14 01:00,0,1.234
2021-08-14 02:00,0,1.314
2021-08-14 03:00,0.001,1.555
2021-08-14 04:00,0.005,2.268
2021-08-14 05:00,0.015,2.797
2021-08-14 06:00,0.021,3.050
2021-08-14 07:00,0.026,3.214
2021-08-14 08:00,0.030,3.344
2021-08-14 09:00,0.031,3.348
2021-08-14 10:00,0.046,3.710
2021-08-14 11:00,0.124,4.961
2021-08-14 12:00,0.243,6.154
2021-08-14 13:00,0.360,7.061
2021-08-14 14:00,0.399,7.324
2021-08-14 15:00,0.377,7.179
2021-08-14 16:00,0.321,6.764
2021-08-14 17:00,0.246,6.181
2021-08-14 18:00,0.175,5.521
2021-08-14 19:00,0.134,5.077
2021-08-14 20:00,0.115,4.848
2021-08-14 21:00,0.093,4.546
2021-08-14 22:00,0.055,3.916
2021-08-14 23:00,0.020,3.022
2021-08-15 00:00,0.005,2.197
2021-08-15 01:00,0.002,1.906
2021-08-15 02:00,0.002,1.890
2021-08-15 03:00,0.005,2.218
2021-08-15 04:00,0.013,2.723
2021-08-15 05:00,0.017,2.894
2021-08-15 06:00,0.015,2.828
2021-08-15 07:00,0.012,2.692
2021-08-15 08:00,0.008,2.478
2021-08-15 09:00,0.004,2.123
2021-08-15 10:00,0.007,2.362
2021-08-15 11:00,0.033,3.407
2021-08-15 12:00,0.048,3.772
2021-08-15 13:00,0.039,3.572
2021-08-15 14:00,0.027,3.222
2021-08-15 15:00,0.015,2.801
2021-08-15 16:00,0.020,3.021
2021-08-15 17:00,0.038,3.547
2021-08-15 18:00,0.060,3.996
2021-08-15 19:00,0.088,4.469
2021-08-15 20:00,0.108,4.747
2021-08-15 21:00,0.104,4.702
2021-08-15 22:00,0.067,4.127
2021-08-15 23:00,0.088,4.464
2021-08-16 00:00,0.107,4.743
2021-08-16 01:00,0.123,4.944
2021-08-16 02:00,0.127,4.992
2021-08-16 03:00,0.135,5.087
2021-08-16 04:00,0.156,5.318
2021-08-16 05:00,0.183,5.609
2021-08-16 06:00,0.212,5.885
2021-08-16 07:00,0.246,6.180
2021-08-16 08:00,0.303,6.634
2021-08-16 09:00,0.359,7.050
2021-08-16 10:00,0.384,7.228
2021-08-16 11:00,0.464,7.773
2021-08-16 12:00,0.496,7.990
2021-08-16 13:00,0.476,7.857
2021-08-16 14:00,0.454,7.713
2021-08-16 15:00,0.446,7.647
2021-08-16 16:00,0.390,7.260
2021-08-16 17:00,0.315,6.723
2021-08-16 18:00,0.251,6.212
2021-08-16 19:00,0.211,5.875
2021-08-16 20:00,0.181,5.592
2021-08-16 21:00,0.181,5.580
2021-08-16 22:00,0.138,5.122
2021-08-16 23:00,0.111,4.787
2021-08-17 00:00,0.124,4.958
2021-08-17 01:00,0.136,5.100
2021-08-17 02:00,0.128,5.014
2021-08-17 03:00,0.118,4.888
2021-08-17 04:00,0.116,4.855
2021-08-17 05:00,0.122,4.928
2021-08-17 06:00,0.118,4.877
2021-08-17 07:00,0.130,5.029
2021-08-17 08:00,0.169,5.458
2021-08-17 09:00,0.253,6.233
2021-08-17 10:00,0.436,7.579
2021-08-17 11:00,0.640,9.018
2021-08-17 12:00,0.680,9.332
2021-08-17 13:00,0.652,9.113
2021-08-17 14:00,0.609,8.789
2021-08-17 15:00,0.564,8.470
2021-08-17 16:00,0.563,8.461
2021-08-17 17:00,0.552,8.384
2021-08-17 18:00,0.524,8.185
2021-08-17 19:00,0.506,8.063
2021-08-17 20:00,0.516,8.123
2021-08-17 21:00,0.524,8.189
2021-08-17 22:00,0.367,7.099
2021-08-17 23:00,0.409,7.392
2021-08-18 00:00,0.529,8.220
2021-08-18 01:00,0.562,8.445
2021-08-18 02:00,0.589,8.641
2021-08-18 03:00,0.586,8.620
2021-08-18 04:00,0.559,8.423
2021-08-18 05:00,0.549,8.355
2021-08-18 06:00,0.574,8.540
2021-08-18 07:00,0.640,9.015
2021-08-18 08:00,0.715,9.632
2021-08-18 09:00,0.767,10.111
2021-08-18 10:00,0.796,10.413
2021-08-18 11:00,0.851,11.098
2021-08-18 12:00,0.865,11.315
2021-08-18 13:00,0.828,10.796
2021-08-18 14:00,0.809,10.570
2021-08-18 15:00,0.809,10.571
2021-08-18 16:00,0.834,10.880
2021-08-18 17:00,0.859,11.223
2021-08-18 18:00,0.861,11.248
2021-08-18 19:00,0.843,11.000
2021-08-18 20:00,0.801,10.478
2021-08-18 21:00,0.708,9.571
2021-08-18 22:00,0.603,8.737
2021-08-18 23:00,0.687,9.391
2021-08-19 00:00,0.774,10.180
2021-08-19 01:00,0.800,10.469
2021-08-19 02:00,0.796,10.414
2021-08-19 03:00,0.792,10.368
2021-08-19 04:00,0.802,10.482
2021-08-19 05:00,0.834,10.876
2021-08-19 06:00,0.874,11.458
2021-08-19 07:00,0.903,11.990
2021-08-19 08:00,0.923,12.446
2021-08-19 09:00,0.908,12.095
2021-08-19 10:00,0.841,10.971
2021-08-19 11:00,0.755,9.992
2021-08-19 12:00,0.700,9.498
2021-08-19 13:00,0.674,9.287
2021-08-19 14:00,0.624,8.894
2021-08-19 15:00,0.508,8.075
2021-08-19 16:00,0.390,7.270
2021-08-19 17:00,0.355,7.020
2021-08-19 18:00,0.377,7.179
2021-08-19 19:00,0.388,7.252
2021-08-19 20:00,0.368,7.110
2021-08-19 21:00,0.302,6.627
2021-08-19 22:00,0.149,5.253
2021-08-19 23:00,0.115,4.843
2021-08-20 00:00,0.124,4.958
2021-08-20 01:00,0.145,5.196
2021-08-20 02:00,0.156,5.331
2021-08-20 03:00,0.158,5.352
2021-08-20 04:00,0.155,5.308
2021-08-20 05:00,0.155,5.303
2021-08-20 06:00,0.164,5.412
2021-08-20 07:00,0.171,5.488
2021-08-20 08:00,0.172,5.492
2021-08-20 09:00,0.156,5.316
2021-08-20 10:00,0.136,5.100
2021-08-20 11:00,0.124,4.960
2021-08-20 12:00,0.127,4.999
2021-08-20 13:00,0.147,5.230
2021-08-20 14:00,0.169,5.463
2021-08-20 15:00,0.186,5.638
2021-08-20 16:00,0.191,5.683
2021-08-20 17:00,0.174,5.513
2021-08-20 18:00,0.134,5.084
2021-08-20 19:00,0.085,4.426
2021-08-20 20:00,0.045,3.700
2021-08-20 21:00,0.030,3.337
2021-08-20 22:00,0.024,3.160
2021-08-20 23:00,0.007,2.415
2021-08-21 00:00,0.023,3.113
2021-08-21 01:00,0.037,3.526
2021-08-21 02:00,0.030,3.336
2021-08-21 03:00,0.019,2.976
2021-08-21 04:00,0.014,2.790
2021-08-21 05:00,0.017,2.915
2021-08-21 06:00,0.024,3.158
2021-08-21 07:00,0.026,3.220
2021-08-21 08:00,0.022,3.084
2021-08-21 09:00,0.016,2.882
2021-08-21 10:00,0.009,2.533
2021-08-21 11:00,0.040,3.587
2021-08-21 12:00,0.316,6.727
2021-08-21 13:00,0.732,9.785
2021-08-21 14:00,0.883,11.616
2021-08-21 15:00,0.894,11.812
2021-08-21 16:00,0.879,11.550
2021-08-21 17:00,0.904,12.013
2021-08-21 18:00,0.857,11.202
2021-08-21 19:00,0.886,11.659
2021-08-21 20:00,0.868,11.358
2021-08-21 21:00,0.813,10.613
2021-08-21 22:00,0.710,9.589
2021-08-21 23:00,0.621,8.879
2021-08-22 00:00,0.867,11.342
2021-08-22 01:00,0.949,13.226
2021-08-22 02:00,0.969,14.037
2021-08-22 03:00,0.978,14.590
2021-08-22 04:00,0.984,15.094
2021-08-22 05:00,0.986,15.285
2021-08-22 06:00,0.985,15.192
2021-08-22 07:00,0.979,14.663
2021-08-22 08:00,0.962,13.728
2021-08-22 09:00,0.924,12.472
2021-08-22 10:00,0.829,10.809
2021-08-22 11:00,0.822,10.727
2021-08-22 12:00,0.830,10.819
2021-08-22 13:00,0.827,10.787
2021-08-22 14:00,0.819,10.684
2021-08-22 15:00,0.795,10.407
2021-08-22 16:00,0.748,9.923
2021-08-22 17:00,0.705,9.543
2021-08-22 18:00,0.681,9.343
2021-08-22 19:00,0.643,9.036
2021-08-22 20:00,0.597,8.703
2021-08-22 21:00,0.542,8.308
2021-08-22 22:00,0.356,7.032
2021-08-22 23:00,0.112,4.801
2021-08-23 00:00,0.054,3.873
2021-08-23 01:00,0.148,5.235
2021-08-23 02:00,0.219,5.943
2021-08-23 03:00,0.233,6.070
2021-08-23 04:00,0.167,5.441
2021-08-23 05:00,0.181,5.587
2021-08-23 06:00,0.243,6.154
2021-08-23 07:00,0.239,6.118
2021-08-23 08:00,0.387,7.248
2021-08-23 09:00,0.684,9.372
2021-08-23 10:00,0.759,10.038
2021-08-23 11:00,0.675,9.295
2021-08-23 12:00,0.520,8.156
2021-08-23 13:00,0.383,7.219
2021-08-23 14:00,0.267,6.347
2021-08-23 15:00,0.181,5.580
2021-08-23 16:00,0.149,5.257
2021-08-23 17:00,0.124,4.959
2021-08-23 18:00,0.079,4.325
2021-08-23 19:00,0.033,3.406
2021-08-23 20:00,0.019,2.974
2021-08-23 21:00,0.011,2.653
2021-08-23 22:00,0.004,2.109
2021-08-23 23:00,0.001,1.517
2021-08-24 00:00,0,1.450
2021-08-24 01:00,0.001,1.709
2021-08-24 02:00,0.003,1.951
2021-08-24 03:00,0.005,2.269
2021-08-24 04:00,0.013,2.706
2021-08-24 05:00,0.027,3.242
2021-08-24 06:00,0.039,3.556
2021-08-24 07:00,0.030,3.319
2021-08-24 08:00,0.019,2.981
2021-08-24 09:00,0.016,2.852
2021-08-24 10:00,0.016,2.874
2021-08-24 11:00,0.023,3.124
2021-08-24 12:00,0.030,3.317
2021-08-24 13:00,0.046,3.723
2021-08-24 14:00,0.084,4.399
2021-08-24 15:00,0.153,5.283
2021-08-24 16:00,0.227,6.014
2021-08-24 17:00,0.239,6.119
2021-08-24 18:00,0.217,5.927
2021-08-24 19:00,0.183,5.611
2021-08-24 20:00,0.146,5.219
2021-08-24 21:00,0.125,4.969
2021-08-24 22:00,0.138,5.128
2021-08-24 23:00,0.143,5.181
2021-08-25 00:00,0.124,4.956
2021-08-25 01:00,0.066,4.105
2021-08-25 02:00,0.036,3.479
2021-08-25 03:00,0.031,3.347
2021-08-25 04:00,0.038,3.540
2021-08-25 05:00,0.055,3.912
2021-08-25 06:00,0.101,4.645
2021-08-25 07:00,0.212,5.879
2021-08-25 08:00,0.438,7.595
2021-08-25 09:00,0.669,9.243
2021-08-25 10:00,0.768,10.123
2021-08-25 11:00,0.754,9.989
2021-08-25 12:00,0.743,9.886
2021-08-25 13:00,0.725,9.716
2021-08-25 14:00,0.683,9.362
2021-08-25 15:00,0.636,8.987
2021-08-25 16:00,0.640,9.019
2021-08-25 17:00,0.637,8.990
2021-08-25 18:00,0.633,8.966
2021-08-25 19:00,0.631,8.952
2021-08-25 20:00,0.574,8.537
2021-08-25 21:00,0.526,8.203
2021-08-25 22:00,0.442,7.629
2021-08-25 23:00,0.625,8.901
2021-08-26 00:00,0.723,9.700
2021-08-26 01:00,0.773,10.168
2021-08-26 02:00,0.813,10.606
2021-08-26 03:00,0.855,11.160
2021-08-26 04:00,0.883,11.605
2021-08-26 05:00,0.893,11.801
2021-08-26 06:00,0.893,11.783
2021-08-26 07:00,0.882,11.579
2021-08-26 08:00,0.855,11.150
2021-08-26 09:00,0.787,10.320
2021-08-26 10:00,0.720,9.668
2021-08-26 11:00,0.705,9.544
2021-08-26 12:00,0.694,9.441
2021-08-26 13:00,0.663,9.189
2021-08-26 14:00,0.611,8.796
2021-08-26 15:00,0.534,8.255
2021-08-26 16:00,0.448,7.661
2021-08-26 17:00,0.367,7.108
2021-08-26 18:00,0.309,6.681
2021-08-26 19:00,0.254,6.249
2021-08-26 20:00,0.242,6.149
2021-08-26 21:00,0.285,6.498
2021-08-26 22:00,0.342,6.925
2021-08-26 23:00,0.444,7.634
2021-08-27 00:00,0.518,8.145
2021-08-27 01:00,0.552,8.384
2021-08-27 02:00,0.578,8.561
2021-08-27 03:00,0.635,8.983
2021-08-27 04:00,0.712,9.607
2021-08-27 05:00,0.773,10.168
2021-08-27 06:00,0.809,10.566
2021-08-27 07:00,0.829,10.817
2021-08-27 08:00,0.833,10.848
2021-08-27 09:00,0.799,10.456
2021-08-27 10:00,0.724,9.705
2021-08-27 11:00,0.717,9.643
2021-08-27 12:00,0.725,9.707
2021-08-27 13:00,0.723,9.701
2021-08-27 14:00,0.722,9.684
2021-08-27 15:00,0.694,9.446
2021-08-27 16:00,0.625,8.909
2021-08-27 17:00,0.553,8.387
2021-08-27 18:00,0.502,8.032
2021-08-27 19:00,0.476,7.860
2021-08-27 20:00,0.439,7.600
2021-08-27 21:00,0.383,7.224
2021-08-27 22:00,0.248,6.200
2021-08-27 23:00,0.246,6.180
2021-08-28 00:00,0.265,6.339
2021-08-28 01:00,0.258,6.281
2021-08-28 02:00,0.257,6.266
2021-08-28 03:00,0.279,6.447
2021-08-28 04:00,0.246,6.173
2021-08-28 05:00,0.204,5.813
2021-08-28 06:00,0.203,5.793
2021-08-28 07:00,0.204,5.812
2021-08-28 08:00,0.193,5.699
2021-08-28 09:00,0.171,5.487
2021-08-28 10:00,0.161,5.386
2021-08-28 11:00,0.164,5.416
2021-08-28 12:00,0.121,4.927
2021-08-28 13:00,0.088,4.474
2021-08-28 14:00,0.069,4.156
2021-08-28 15:00,0.056,3.926
2021-08-28 16:00,0.041,3.616
2021-08-28 17:00,0.026,3.210
2021-08-28 18:00,0.015,2.808
2021-08-28 19:00,0.008,2.441
2021-08-28 20:00,0.004,2.112
2021-08-28 21:00,0.002,1.851
2021-08-28 22:00,0.001,1.583
2021-08-28 23:00,0,1.422
2021-08-29 00:00,0.001,1.655
2021-08-29 01:00,0.003,2.058
2021-08-29 02:00,0.007,2.426
2021-08-29 03:00,0.014,2.767
2021-08-29 04:00,0.024,3.146
2021-08-29 05:00,0.033,3.417
2021-08-29 06:00,0.041,3.602
2021-08-29 07:00,0.043,3.658
2021-08-29 08:00,0.042,3.627
2021-08-29 09:00,0.027,3.224
2021-08-29 10:00,0.007,2.406
2021-08-29 11:00,0,1.448
2021-08-29 12:00,0,0.899
2021-08-29 13:00,0,1.353
2021-08-29 14:00,0.006,2.346
2021-08-29 15:00,0.025,3.187
2021-08-29 16:00,0.053,3.861
2021-08-29 17:00,0.091,4.510
2021-08-29 18:00,0.119,4.899
2021-08-29 19:00,0.124,4.965
2021-08-29 20:00,0.116,4.860
2021-08-29 21:00,0.104,4.701
2021-08-29 22:00,0.092,4.525
2021-08-29 23:00,0.026,3.201
2021-08-30 00:00,0.002,1.913
2021-08-30 01:00,0.004,2.167
2021-08-30 02:00,0.015,2.797
2021-08-30 03:00,0.027,3.235
2021-08-30 04:00,0.037,3.522
2021-08-30 05:00,0.044,3.688
2021-08-30 06:00,0.046,3.718
2021-08-30 07:00,0.042,3.627
2021-08-30 08:00,0.031,3.354
2021-08-30 09:00,0.017,2.915
2021-08-30 10:00,0.015,2.799
2021-08-30 11:00,0.018,2.926
2021-08-30 12:00,0.029,3.295
2021-08-30 13:00,0.047,3.734
2021-08-30 14:00,0.054,3.877
2021-08-30 15:00,0.043,3.663
2021-08-30 16:00,0.030,3.329
2021-08-30 17:00,0.032,3.373
2021-08-30 18:00,0.030,3.341
2021-08-30 19:00,0.019,2.964
2021-08-30 20:00,0.003,2.038
2021-08-30 21:00,0.001,1.636
2021-08-30 22:00,0.001,1.538
2021-08-30 23:00,0,1.298
2021-08-31 00:00,0.001,1.677
2021-08-31 01:00,0.003,1.963
2021-08-31 02:00,0,1.380
2021-08-31 03:00,0,0.550
2021-08-31 04:00,0,1.141
2021-08-31 05:00,0.001,1.687
2021-08-31 06:00,0.007,2.355
2021-08-31 07:00,0.020,3.006
2021-08-31 08:00,0.033,3.419
2021-08-31 09:00,0.051,3.828
2021-08-31 10:00,0.073,4.236
2021-08-31 11:00,0.058,3.950
2021-08-31 12:00,0.043,3.635
2021-08-31 13:00,0.038,3.535
2021-08-31 14:00,0.041,3.603
2021-08-31 15:00,0.050,3.802
2021-08-31 16:00,0.069,4.150
2021-08-31 17:00,0.084,4.400
2021-08-31 18:00,0.093,4.539
2021-08-31 19:00,0.104,4.693
2021-08-31 20:00,0.114,4.836
2021-08-31 21:00,0.114,4.837
2021-08-31 22:00,0.103,4.683
2021-08-31 23:00,0.037,3.511
2021-09-01 00:00,0.002,1.840
2021-09-01 01:00,0,1.320
2021-09-01 02:00,0,0.861
2021-09-01 03:00,0,0.768
2021-09-01 04:00,0,1.109
2021-09-01 05:00,0,1.357
2021-09-01 06:00,0,1.303
2021-09-01 07:00,0,0.937
2021-09-01 08:00,0,0.861
2021-09-01 09:00,0.001,1.749
2021-09-01 10:00,0.015,2.797
2021-09-01 11:00,0.033,3.402
2021-09-01 12:00,0.113,4.813
2021-09-01 13:00,0.310,6.684
2021-09-01 14:00,0.523,8.179
2021-09-01 15:00,0.612,8.815
2021-09-01 16:00,0.607,8.771
2021-09-01 17:00,0.572,8.514
2021-09-01 18:00,0.553,8.386
2021-09-01 19:00,0.523,8.173
2021-09-01 20:00,0.443,7.631
2021-09-01 21:00,0.282,6.473
2021-09-01 22:00,0.134,5.065
2021-09-01 23:00,0.043,3.640
2021-09-02 00:00,0.047,3.754
2021-09-02 01:00,0.119,4.897
2021-09-02 02:00,0.178,5.547
2021-09-02 03:00,0.185,5.623
2021-09-02 04:00,0.141,5.163
2021-09-02 05:00,0.099,4.622
2021-09-02 06:00,0.068,4.131
2021-09-02 07:00,0.043,3.656
2021-09-02 08:00,0.020,3.024
2021-09-02 09:00,0.006,2.342
2021-09-02 10:00,0.003,2.068
2021-09-02 11:00,0.014,2.789
2021-09-02 12:00,0.026,3.199
2021-09-02 13:00,0.028,3.269
2021-09-02 14:00,0.033,3.421
2021-09-02 15:00,0.027,3.225
2021-09-02 16:00,0.016,2.871
2021-09-02 17:00,0.022,3.075
2021-09-02 18:00,0.055,3.916
2021-09-02 19:00,0.108,4.757
2021-09-02 20:00,0.139,5.135
2021-09-02 21:00,0.144,5.190
2021-09-02 22:00,0.088,4.475
2021-09-02 23:00,0.027,3.225
2021-09-03 00:00,0.039,3.550
2021-09-03 01:00,0.038,3.529
2021-09-03 02:00,0.024,3.156
2021-09-03 03:00,0.013,2.748
2021-09-03 04:00,0.005,2.251
2021-09-03 05:00,0.001,1.683
2021-09-03 06:00,0,1.247
2021-09-03 07:00,0,1.113
2021-09-03 08:00,0,1.236
2021-09-03 09:00,0.004,2.077
2021-09-03 10:00,0.047,3.737
2021-09-03 11:00,0.185,5.631
2021-09-03 12:00,0.420,7.474
2021-09-03 13:00,0.628,8.922
2021-09-03 14:00,0.688,9.396
2021-09-03 15:00,0.658,9.159
2021-09-03 16:00,0.623,8.890
2021-09-03 17:00,0.580,8.571
2021-09-03 18:00,0.527,8.210
2021-09-03 19:00,0.486,7.930
2021-09-03 20:00,0.466,7.789
2021-09-03 21:00,0.487,7.936
2021-09-03 22:00,0.536,8.259
2021-09-03 23:00,0.591,8.658
2021-09-04 00:00,0.645,9.062
2021-09-04 01:00,0.737,9.822
2021-09-04 02:00,0.788,10.328
2021-09-04 03:00,0.816,10.648
2021-09-04 04:00,0.834,10.874
2021-09-04 05:00,0.818,10.669
2021-09-04 06:00,0.738,9.828
2021-09-04 07:00,0.586,8.623
2021-09-04 08:00,0.436,7.582
2021-09-04 09:00,0.330,6.841
2021-09-04 10:00,0.246,6.170
2021-09-04 11:00,0.253,6.233
2021-09-04 12:00,0.302,6.627
2021-09-04 13:00,0.311,6.690
2021-09-04 14:00,0.303,6.635
2021-09-04 15:00,0.285,6.493
2021-09-04 16:00,0.278,6.436
2021-09-04 17:00,0.330,6.837
2021-09-04 18:00,0.400,7.338
2021-09-04 19:00,0.435,7.574
2021-09-04 20:00,0.377,7.172
2021-09-04 21:00,0.321,6.774
2021-09-04 22:00,0.249,6.204
2021-09-04 23:00,0.224,5.983
2021-09-05 00:00,0.326,6.810
2021-09-05 01:00,0.507,8.069
2021-09-05 02:00,0.572,8.513
2021-09-05 03:00,0.590,8.644
2021-09-05 04:00,0.606,8.770
2021-09-05 05:00,0.604,8.746
2021-09-05 06:00,0.578,8.561
2021-09-05 07:00,0.552,8.386
2021-09-05 08:00,0.503,8.042
2021-09-05 09:00,0.378,7.184
2021-09-05 10:00,0.287,6.513
2021-09-05 11:00,0.293,6.562
2021-09-05 12:00,0.265,6.329
2021-09-05 13:00,0.246,6.170
2021-09-05 14:00,0.251,6.221
2021-09-05 15:00,0.242,6.145
2021-09-05 16:00,0.223,5.973
2021-09-05 17:00,0.189,5.671
2021-09-05 18:00,0.149,5.246
2021-09-05 19:00,0.105,4.717
2021-09-05 20:00,0.078,4.308
2021-09-05 21:00,0.070,4.182
2021-09-05 22:00,0.041,3.610
2021-09-05 23:00,0.017,2.899
2021-09-06 00:00,0.008,2.489
2021-09-06 01:00,0.007,2.390
2021-09-06 02:00,0.012,2.688
2021-09-06 03:00,0.031,3.348
2021-09-06 04:00,0.056,3.936
2021-09-06 05:00,0.081,4.356
2021-09-06 06:00,0.095,4.574
2021-09-06 07:00,0.098,4.616
2021-09-06 08:00,0.089,4.480
2021-09-06 09:00,0.049,3.779
2021-09-06 10:00,0.009,2.534
2021-09-06 11:00,0.001,1.731
2021-09-06 12:00,0.013,2.718
2021-09-06 13:00,0.096,4.583
2021-09-06 14:00,0.276,6.424
2021-09-06 15:00,0.482,7.897
2021-09-06 16:00,0.617,8.845
2021-09-06 17:00,0.672,9.273
2021-09-06 18:00,0.671,9.255
2021-09-06 19:00,0.635,8.980
2021-09-06 20:00,0.618,8.856
2021-09-06 21:00,0.638,9.003
2021-09-06 22:00,0.584,8.610
2021-09-06 23:00,0.393,7.286
2021-09-07 00:00,0.374,7.147
2021-09-07 01:00,0.479,7.871
2021-09-07 02:00,0.487,7.936
2021-09-07 03:00,0.516,8.129
2021-09-07 04:00,0.591,8.658
2021-09-07 05:00,0.663,9.188
2021-09-07 06:00,0.650,9.097
2021-09-07 07:00,0.552,8.382
2021-09-07 08:00,0.384,7.229
2021-09-07 09:00,0.148,5.243
2021-09-07 10:00,0.018,2.940
2021-09-07 11:00,0.003,2.060
2021-09-07 12:00,0.046,3.722
2021-09-07 13:00,0.153,5.289
2021-09-07 14:00,0.280,6.453
2021-09-07 15:00,0.403,7.359
2021-09-07 16:00,0.387,7.241
2021-09-07 17:00,0.227,6.016
2021-09-07 18:00,0.095,4.567
2021-09-07 19:00,0.114,4.835
2021-09-07 20:00,0.232,6.065
2021-09-07 21:00,0.239,6.121
2021-09-07 22:00,0.120,4.911
2021-09-07 23:00,0.035,3.448
2021-09-08 00:00,0.118,4.870
2021-09-08 01:00,0.253,6.231
2021-09-08 02:00,0.365,7.088
2021-09-08 03:00,0.371,7.134
2021-09-08 04:00,0.352,7.001
2021-09-08 05:00,0.355,7.015
2021-09-08 06:00,0.390,7.271
2021-09-08 07:00,0.392,7.276
2021-09-08 08:00,0.320,6.753
2021-09-08 09:00,0.199,5.761
2021-09-08 10:00,0.113,4.811
2021-09-08 11:00,0.053,3.858
2021-09-08 12:00,0.015,2.798
2021-09-08 13:00,0.004,2.082
2021-09-08 14:00,0.002,1.839
2021-09-08 15:00,0.002,1.796
2021-09-08 16:00,0.002,1.841
2021-09-08 17:00,0.004,2.112
2021-09-08 18:00,0.012,2.669
2021-09-08 19:00,0.016,2.854
2021-09-08 20:00,0.042,3.619
2021-09-08 21:00,0.089,4.484
2021-09-08 22:00,0.061,4.021
2021-09-08 23:00,0.015,2.794
2021-09-09 00:00,0.030,3.330
2021-09-09 01:00,0.203,5.795
2021-09-09 02:00,0.393,7.293
2021-09-09 03:00,0.544,8.317
2021-09-09 04:00,0.656,9.143
2021-09-09 05:00,0.733,9.790
2021-09-09 06:00,0.777,10.218
2021-09-09 07:00,0.791,10.359
2021-09-09 08:00,0.777,10.206
2021-09-09 09:00,0.684,9.368
2021-09-09 10:00,0.601,8.730
2021-09-09 11:00,0.622,8.889
2021-09-09 12:00,0.624,8.893
2021-09-09 13:00,0.609,8.789
2021-09-09 14:00,0.604,8.748
2021-09-09 15:00,0.574,8.539
2021-09-09 16:00,0.517,8.140
2021-09-09 17:00,0.442,7.623
2021-09-09 18:00,0.348,6.960
2021-09-09 19:00,0.240,6.127
2021-09-09 20:00,0.145,5.208
2021-09-09 21:00,0.108,4.754
2021-09-09 22:00,0.093,4.538
2021-09-09 23:00,0.029,3.317
2021-09-10 00:00,0.014,2.790
2021-09-10 01:00,0.105,4.708
2021-09-10 02:00,0.176,5.534
2021-09-10 03:00,0.178,5.551
2021-09-10 04:00,0.196,5.737
2021-09-10 05:00,0.247,6.186
2021-09-10 06:00,0.320,6.759
2021-09-10 07:00,0.389,7.255
2021-09-10 08:00,0.400,7.338
2021-09-10 09:00,0.275,6.413
2021-09-10 10:00,0.174,5.513
2021-09-10 11:00,0.080,4.340
2021-09-10 12:00,0.030,3.342
2021-09-10 13:00,0.012,2.679
2021-09-10 14:00,0.010,2.560
2021-09-10 15:00,0.014,2.768
2021-09-10 16:00,0.023,3.119
2021-09-10 17:00,0.048,3.766
2021-09-10 18:00,0.085,4.418
2021-09-10 19:00,0.100,4.635
2021-09-10 20:00,0.099,4.627
2021-09-10 21:00,0.083,4.382
2021-09-10 22:00,0.057,3.943
2021-09-10 23:00,0.012,2.697
2021-09-11 00:00,0.011,2.610
2021-09-11 01:00,0.037,3.505
2021-09-11 02:00,0.061,4.020
2021-09-11 03:00,0.083,4.379
2021-09-11 04:00,0.102,4.656
2021-09-11 05:00,0.095,4.579
2021-09-11 06:00,0.067,4.128
2021-09-11 07:00,0.033,3.421
2021-09-11 08:00,0.016,2.874
2021-09-11 09:00,0.009,2.519
2021-09-11 10:00,0.024,3.144
2021-09-11 11:00,0.119,4.895
2021-09-11 12:00,0.318,6.742
2021-09-11 13:00,0.505,8.059
2021-09-11 14:00,0.635,8.983
2021-09-11 15:00,0.712,9.601
2021-09-11 16:00,0.751,9.954
2021-09-11 17:00,0.760,10.041
2021-09-11 18:00,0.755,10.001
2021-09-11 19:00,0.752,9.970
2021-09-11 20:00,0.788,10.324
2021-09-11 21:00,0.836,10.896
2021-09-11 22:00,0.833,10.853
2021-09-11 23:00,0.730,9.763
2021-09-12 00:00,0.797,10.421
2021-09-12 01:00,0.954,13.390
2021-09-12 02:00,0.923,12.440
2021-09-12 03:00,0.891,11.741
2021-09-12 04:00,0.893,11.779
2021-09-12 05:00,0.893,11.780
2021-09-12 06:00,0.874,11.467
2021-09-12 07:00,0.900,11.921
2021-09-12 08:00,0.906,12.055
2021-09-12 09:00,0.884,11.631
2021-09-12 10:00,0.882,11.585
2021-09-12 11:00,0.831,10.829
2021-09-12 12:00,0.799,10.449
2021-09-12 13:00,0.800,10.464
2021-09-12 14:00,0.751,9.953
2021-09-12 15:00,0.618,8.852
2021-09-12 16:00,0.442,7.620
2021-09-12 17:00,0.285,6.486
2021-09-12 18:00,0.209,5.859
2021-09-12 19:00,0.138,5.124
2021-09-12 20:00,0.088,4.469
2021-09-12 21:00,0.068,4.142
2021-09-12 22:00,0.049,3.793
2021-09-12 23:00,0.033,3.425
2021-09-13 00:00,0.027,3.236
2021-09-13 01:00,0.026,3.220
2021-09-13 02:00,0.027,3.257
2021-09-13 03:00,0.038,3.528
2021-09-13 04:00,0.050,3.802
2021-09-13 05:00,0.049,3.796
2021-09-13 06:00,0.037,3.507
2021-09-13 07:00,0.025,3.195
2021-09-13 08:00,0.025,3.195
2021-09-13 09:00,0.041,3.605
2021-09-13 10:00,0.051,3.826
2021-09-13 11:00,0.063,4.066
2021-09-13 12:00,0.118,4.870
2021-09-13 13:00,0.188,5.655
2021-09-13 14:00,0.257,6.276
2021-09-13 15:00,0.348,6.959
2021-09-13 16:00,0.406,7.375
2021-09-13 17:00,0.439,7.602
2021-09-13 18:00,0.507,8.069
2021-09-13 19:00,0.533,8.248
2021-09-13 20:00,0.505,8.055
2021-09-13 21:00,0.513,8.108
2021-09-13 22:00,0.519,8.148
2021-09-13 23:00,0.338,6.898
2021-09-14 00:00,0.181,5.584
2021-09-14 01:00,0.215,5.913
2021-09-14 02:00,0.229,6.028
2021-09-14 03:00,0.224,5.993
2021-09-14 04:00,0.238,6.112
2021-09-14 05:00,0.252,6.227
2021-09-14 06:00,0.232,6.053
2021-09-14 07:00,0.246,6.178
2021-09-14 08:00,0.346,6.955
2021-09-14 09:00,0.387,7.250
2021-09-14 10:00,0.542,8.301
2021-09-14 11:00,0.651,9.103
2021-09-14 12:00,0.660,9.169
2021-09-14 13:00,0.671,9.255
2021-09-14 14:00,0.663,9.202
2021-09-14 15:00,0.672,9.268
2021-09-14 16:00,0.645,9.051
2021-09-14 17:00,0.583,8.600
2021-09-14 18:00,0.581,8.581
2021-09-14 19:00,0.578,8.562
2021-09-14 20:00,0.604,8.746
2021-09-14 21:00,0.647,9.075
2021-09-14 22:00,0.690,9.414
2021-09-14 23:00,0.673,9.275
2021-09-15 00:00,0.627,8.915
2021-09-15 01:00,0.692,9.425
2021-09-15 02:00,0.664,9.205
2021-09-15 03:00,0.587,8.628
2021-09-15 04:00,0.496,7.988
2021-09-15 05:00,0.348,6.967
2021-09-15 06:00,0.285,6.486
2021-09-15 07:00,0.280,6.455
2021-09-15 08:00,0.261,6.307
2021-09-15 09:00,0.264,6.326
2021-09-15 10:00,0.355,7.022
2021-09-15 11:00,0.370,7.128
2021-09-15 12:00,0.367,7.110
2021-09-15 13:00,0.428,7.526
2021-09-15 14:00,0.416,7.440
2021-09-15 15:00,0.292,6.554
2021-09-15 16:00,0.187,5.649
2021-09-15 17:00,0.141,5.157
2021-09-15 18:00,0.110,4.778
2021-09-15 19:00,0.084,4.396
2021-09-15 20:00,0.066,4.107
2021-09-15 21:00,0.060,4.006
2021-09-15 22:00,0.041,3.616
2021-09-15 23:00,0.032,3.396
2021-09-16 00:00,0.066,4.105
2021-09-16 01:00,0.122,4.929
2021-09-16 02:00,0.138,5.131
2021-09-16 03:00,0.130,5.029
2021-09-16 04:00,0.113,4.824
2021-09-16 05:00,0.089,4.491
2021-09-16 06:00,0.065,4.096
2021-09-16 07:00,0.044,3.689
2021-09-16 08:00,0.026,3.216
2021-09-16 09:00,0.013,2.710
2021-09-16 10:00,0.005,2.233
2021-09-16 11:00,0.010,2.577
2021-09-16 12:00,0.042,3.626
2021-09-16 13:00,0.124,4.962
2021-09-16 14:00,0.254,6.244
2021-09-16 15:00,0.367,7.101
2021-09-16 16:00,0.433,7.566
2021-09-16 17:00,0.467,7.797
2021-09-16 18:00,0.473,7.841
2021-09-16 19:00,0.463,7.760
2021-09-16 20:00,0.455,7.714
2021-09-16 21:00,0.448,7.662
2021-09-16 22:00,0.411,7.413
2021-09-16 23:00,0.197,5.747
2021-09-17 00:00,0.067,4.129
2021-09-17 01:00,0.044,3.683
2021-09-17 02:00,0.015,2.824
2021-09-17 03:00,0.016,2.856
2021-09-17 04:00,0.023,3.110
2021-09-17 05:00,0.030,3.319
2021-09-17 06:00,0.034,3.435
2021-09-17 07:00,0.037,3.497
2021-09-17 08:00,0.038,3.534
2021-09-17 09:00,0.039,3.551
2021-09-17 10:00,0.037,3.514
2021-09-17 11:00,0.027,3.249
2021-09-17 12:00,0.012,2.685
2021-09-17 13:00,0.006,2.334
2021-09-17 14:00,0.010,2.566
2021-09-17 15:00,0.037,3.522
2021-09-17 16:00,0.102,4.676
2021-09-17 17:00,0.184,5.619
2021-09-17 18:00,0.259,6.288
2021-09-17 19:00,0.309,6.679
2021-09-17 20:00,0.358,7.040
2021-09-17 21:00,0.439,7.600
2021-09-17 22:00,0.496,7.989
2021-09-17 23:00,0.356,7.027
2021-09-18 00:00,0.114,4.829
2021-09-18 01:00,0.096,4.587
2021-09-18 02:00,0.088,4.474
2021-09-18 03:00,0.077,4.294
2021-09-18 04:00,0.112,4.799
2021-09-18 05:00,0.136,5.101
2021-09-18 06:00,0.149,5.254
2021-09-18 07:00,0.158,5.346
2021-09-18 08:00,0.181,5.587
2021-09-18 09:00,0.313,6.708
2021-09-18 10:00,0.539,8.290
2021-09-18 11:00,0.712,9.604
2021-09-18 12:00,0.811,10.589
2021-09-18 13:00,0.856,11.176
2021-09-18 14:00,0.861,11.252
2021-09-18 15:00,0.834,10.870
2021-09-18 16:00,0.797,10.431
2021-09-18 17:00,0.752,9.962
2021-09-18 18:00,0.692,9.422
2021-09-18 19:00,0.580,8.573
2021-09-18 20:00,0.456,7.725
2021-09-18 21:00,0.282,6.472
2021-09-18 22:00,0.104,4.694
2021-09-18 23:00,0.003,2.068
2021-09-19 00:00,0,1.206
2021-09-19 01:00,0.002,1.837
2021-09-19 02:00,0.025,3.174
2021-09-19 03:00,0.058,3.966
2021-09-19 04:00,0.062,4.033
2021-09-19 05:00,0.065,4.099
2021-09-19 06:00,0.055,3.909
2021-09-19 07:00,0.067,4.120
2021-09-19 08:00,0.091,4.521
2021-09-19 09:00,0.123,4.945
2021-09-19 10:00,0.189,5.668
2021-09-19 11:00,0.285,6.495
2021-09-19 12:00,0.398,7.323
2021-09-19 13:00,0.488,7.943
2021-09-19 14:00,0.539,8.284
2021-09-19 15:00,0.555,8.397
2021-09-19 16:00,0.537,8.274
2021-09-19 17:00,0.497,8.002
2021-09-19 18:00,0.442,7.625
2021-09-19 19:00,0.345,6.946
2021-09-19 20:00,0.252,6.225
2021-09-19 21:00,0.203,5.790
2021-09-19 22:00,0.190,5.680
2021-09-19 23:00,0.160,5.370
2021-09-20 00:00,0.185,5.626
2021-09-20 01:00,0.227,6.015
2021-09-20 02:00,0.260,6.294
2021-09-20 03:00,0.243,6.155
2021-09-20 04:00,0.264,6.323
2021-09-20 05:00,0.289,6.528
2021-09-20 06:00,0.268,6.350
2021-09-20 07:00,0.205,5.819
2021-09-20 08:00,0.157,5.334
2021-09-20 09:00,0.149,5.248
2021-09-20 10:00,0.140,5.152
2021-09-20 11:00,0.129,5.019
2021-09-20 12:00,0.147,5.226
2021-09-20 13:00,0.156,5.333
2021-09-20 14:00,0.158,5.352
2021-09-20 15:00,0.135,5.096
2021-09-20 16:00,0.106,4.729
2021-09-20 17:00,0.091,4.509
2021-09-20 18:00,0.085,4.420
2021-09-20 19:00,0.093,4.531
2021-09-20 20:00,0.106,4.727
2021-09-20 21:00,0.128,5.009
2021-09-20 22:00,0.152,5.275
2021-09-20 23:00,0.162,5.391
2021-09-21 00:00,0.228,6.025
2021-09-21 01:00,0.304,6.649
2021-09-21 02:00,0.370,7.126
2021-09-21 03:00,0.298,6.595
2021-09-21 04:00,0.217,5.933
2021-09-21 05:00,0.215,5.907
2021-09-21 06:00,0.251,6.223
2021-09-21 07:00,0.272,6.396
2021-09-21 08:00,0.238,6.111
2021-09-21 09:00,0.154,5.300
2021-09-21 10:00,0.107,4.739
2021-09-21 11:00,0.074,4.256
2021-09-21 12:00,0.051,3.830
2021-09-21 13:00,0.043,3.656
2021-09-21 14:00,0.059,3.970
2021-09-21 15:00,0.094,4.553
2021-09-21 16:00,0.139,5.138
2021-09-21 17:00,0.184,5.617
2021-09-21 18:00,0.213,5.892
2021-09-21 19:00,0.207,5.839
2021-09-21 20:00,0.173,5.509
2021-09-21 21:00,0.134,5.079
2021-09-21 22:00,0.098,4.613
2021-09-21 23:00,0.039,3.559
2021-09-22 00:00,0.016,2.866
2021-09-22 01:00,0.082,4.373
2021-09-22 02:00,0.111,4.785
2021-09-22 03:00,0.070,4.174
2021-09-22 04:00,0.037,3.505
2021-09-22 05:00,0.020,3.016
2021-09-22 06:00,0.010,2.595
2021-09-22 07:00,0.004,2.152
2021-09-22 08:00,0.001,1.517
2021-09-22 09:00,0.001,1.488
2021-09-22 10:00,0.026,3.203
2021-09-22 11:00,0.160,5.375
2021-09-22 12:00,0.412,7.418
2021-09-22 13:00,0.644,9.044
2021-09-22 14:00,0.777,10.217
2021-09-22 15:00,0.837,10.900
2021-09-22 16:00,0.839,10.940
2021-09-22 17:00,0.811,10.592
2021-09-22 18:00,0.784,10.290
2021-09-22 19:00,0.758,10.027
2021-09-22 20:00,0.726,9.726
2021-09-22 21:00,0.715,9.633
2021-09-22 22:00,0.688,9.397
2021-09-22 23:00,0.416,7.442
2021-09-23 00:00,0.240,6.130
2021-09-23 01:00,0.218,5.935
2021-09-23 02:00,0.166,5.439
2021-09-23 03:00,0.095,4.574
2021-09-23 04:00,0.070,4.186
2021-09-23 05:00,0.079,4.327
2021-09-23 06:00,0.089,4.492
2021-09-23 07:00,0.103,4.686
2021-09-23 08:00,0.091,4.508
2021-09-23 09:00,0.071,4.191
2021-09-23 10:00,0.062,4.045
2021-09-23 11:00,0.090,4.500
2021-09-23 12:00,0.156,5.320
2021-09-23 13:00,0.276,6.418
2021-09-23 14:00,0.483,7.898
2021-09-23 15:00,0.637,8.988
2021-09-23 16:00,0.604,8.740
2021-09-23 17:00,0.471,7.822
2021-09-23 18:00,0.330,6.840
2021-09-23 19:00,0.356,7.027
2021-09-23 20:00,0.481,7.893
2021-09-23 21:00,0.486,7.922
2021-09-23 22:00,0.449,7.668
2021-09-23 23:00,0.374,7.153
2021-09-24 00:00,0.397,7.319
2021-09-24 01:00,0.403,7.361
2021-09-24 02:00,0.372,7.137
2021-09-24 03:00,0.333,6.856
2021-09-24 04:00,0.314,6.712
2021-09-24 05:00,0.269,6.366
2021-09-24 06:00,0.194,5.710
2021-09-24 07:00,0.143,5.183
2021-09-24 08:00,0.125,4.968
2021-09-24 09:00,0.142,5.172
2021-09-24 10:00,0.227,6.018
2021-09-24 11:00,0.338,6.902
2021-09-24 12:00,0.450,7.681
2021-09-24 13:00,0.511,8.093
2021-09-24 14:00,0.513,8.103
2021-09-24 15:00,0.520,8.157
2021-09-24 16:00,0.529,8.224
2021-09-24 17:00,0.486,7.929
2021-09-24 18:00,0.398,7.322
2021-09-24 19:00,0.314,6.711
2021-09-24 20:00,0.253,6.232
2021-09-24 21:00,0.217,5.929
2021-09-24 22:00,0.199,5.764
2021-09-24 23:00,0.134,5.085
2021-09-25 00:00,0.096,4.593
2021-09-25 01:00,0.084,4.402
2021-09-25 02:00,0.071,4.200
2021-09-25 03:00,0.060,4.002
2021-09-25 04:00,0.059,3.993
2021-09-25 05:00,0.073,4.224
2021-09-25 06:00,0.100,4.630
2021-09-25 07:00,0.141,5.166
2021-09-25 08:00,0.191,5.685
2021-09-25 09:00,0.229,6.030
2021-09-25 10:00,0.380,7.201
2021-09-25 11:00,0.631,8.956
2021-09-25 12:00,0.789,10.329
2021-09-25 13:00,0.856,11.175
2021-09-25 14:00,0.861,11.254
2021-09-25 15:00,0.807,10.546
2021-09-25 16:00,0.800,10.467
2021-09-25 17:00,0.768,10.122
2021-09-25 18:00,0.735,9.812
2021-09-25 19:00,0.677,9.308
2021-09-25 20:00,0.616,8.839
2021-09-25 21:00,0.594,8.680
2021-09-25 22:00,0.621,8.877
2021-09-25 23:00,0.757,10.018
2021-09-26 00:00,0.854,11.147
2021-09-26 01:00,0.885,11.645
2021-09-26 02:00,0.887,11.694
2021-09-26 03:00,0.906,12.056
2021-09-26 04:00,0.927,12.551
2021-09-26 05:00,0.930,12.641
2021-09-26 06:00,0.918,12.320
2021-09-26 07:00,0.846,11.041
2021-09-26 08:00,0.703,9.526
2021-09-26 09:00,0.581,8.577
2021-09-26 10:00,0.562,8.453
2021-09-26 11:00,0.594,8.672
2021-09-26 12:00,0.665,9.214
2021-09-26 13:00,0.661,9.175
2021-09-26 14:00,0.602,8.735
2021-09-26 15:00,0.582,8.593
2021-09-26 16:00,0.547,8.343
2021-09-26 17:00,0.493,7.975
2021-09-26 18:00,0.405,7.369
2021-09-26 19:00,0.311,6.690
2021-09-26 20:00,0.232,6.051
2021-09-26 21:00,0.191,5.688
2021-09-26 22:00,0.223,5.976
2021-09-26 23:00,0.214,5.901
2021-09-27 00:00,0.099,4.618
2021-09-27 01:00,0.153,5.287
2021-09-27 02:00,0.290,6.539
2021-09-27 03:00,0.460,7.740
2021-09-27 04:00,0.630,8.943
2021-09-27 05:00,0.734,9.802
2021-09-27 06:00,0.774,10.178
2021-09-27 07:00,0.760,10.040
2021-09-27 08:00,0.565,8.470
2021-09-27 09:00,0.342,6.922
2021-09-27 10:00,0.320,6.757
2021-09-27 11:00,0.448,7.660
2021-09-27 12:00,0.672,9.271
2021-09-27 13:00,0.831,10.840
2021-09-27 14:00,0.918,12.321
2021-09-27 15:00,0.947,13.142
2021-09-27 16:00,0.943,12.986
2021-09-27 17:00,0.934,12.725
2021-09-27 18:00,0.930,12.630
2021-09-27 19:00,0.930,12.623
2021-09-27 20:00,0.935,12.782
2021-09-27 21:00,0.942,12.967
2021-09-27 22:00,0.943,12.993
2021-09-27 23:00,0.908,12.099
2021-09-28 00:00,0.855,11.149
2021-09-28 01:00,0.966,13.906
2021-09-28 02:00,0.977,14.511
2021-09-28 03:00,0.979,14.684
2021-09-28 04:00,0.984,15.121
2021-09-28 05:00,0.985,15.241
2021-09-28 06:00,0.980,14.780
2021-09-28 07:00,0.967,13.946
2021-09-28 08:00,0.930,12.631
2021-09-28 09:00,0.856,11.183
2021-09-28 10:00,0.779,10.239
2021-09-28 11:00,0.725,9.716
2021-09-28 12:00,0.650,9.097
2021-09-28 13:00,0.602,8.735
2021-09-28 14:00,0.616,8.840
2021-09-28 15:00,0.549,8.350
2021-09-28 16:00,0.322,6.780
2021-09-28 17:00,0.187,5.651
2021-09-28 18:00,0.172,5.499
2021-09-28 19:00,0.190,5.679
2021-09-28 20:00,0.187,5.644
2021-09-28 21:00,0.148,5.240
2021-09-28 22:00,0.107,4.734
2021-09-28 23:00,0.059,3.968
2021-09-29 00:00,0.022,3.077
2021-09-29 01:00,0,0.884
2021-09-29 02:00,0,1.405
2021-09-29 03:00,0.014,2.790
2021-09-29 04:00,0.038,3.531
2021-09-29 05:00,0.064,4.080
2021-09-29 06:00,0.084,4.406
2021-09-29 07:00,0.104,4.693
2021-09-29 08:00,0.108,4.749
2021-09-29 09:00,0.069,4.151
2021-09-29 10:00,0.022,3.084
2021-09-29 11:00,0.007,2.387
2021-09-29 12:00,0.005,2.191
2021-09-29 13:00,0.007,2.394
2021-09-29 14:00,0.015,2.829
2021-09-29 15:00,0.044,3.685
2021-09-29 16:00,0.106,4.724
2021-09-29 17:00,0.166,5.438
2021-09-29 18:00,0.159,5.361
2021-09-29 19:00,0.112,4.794
2021-09-29 20:00,0.068,4.136
2021-09-29 21:00,0.043,3.641
2021-09-29 22:00,0.032,3.374
2021-09-29 23:00,0.013,2.748
2021-09-30 00:00,0.056,3.929
2021-09-30 01:00,0.145,5.209
2021-09-30 02:00,0.235,6.080
2021-09-30 03:00,0.367,7.098
2021-09-30 04:00,0.502,8.033
2021-09-30 05:00,0.612,8.802
2021-09-30 06:00,0.680,9.339
2021-09-30 07:00,0.714,9.623
2021-09-30 08:00,0.704,9.539
2021-09-30 09:00,0.617,8.848
2021-09-30 10:00,0.624,8.897
2021-09-30 11:00,0.650,9.099
2021-09-30 12:00,0.633,8.971
2021-09-30 13:00,0.560,8.434
2021-09-30 14:00,0.441,7.616
2021-09-30 15:00,0.286,6.506
2021-09-30 16:00,0.123,4.951
2021-09-30 17:00,0.021,3.052
2021-09-30 18:00,0,1.326
2021-09-30 19:00,0.001,1.606
2021-09-30 20:00,0.024,3.137
2021-09-30 21:00,0.089,4.487
2021-09-30 22:00,0.175,5.524
2021-09-30 23:00,0.185,5.625
2021-10-01 00:00,0.132,5.044
2021-10-01 01:00,0.251,6.220
2021-10-01 02:00,0.285,6.493
2021-10-01 03:00,0.299,6.604
2021-10-01 04:00,0.309,6.671
2021-10-01 05:00,0.305,6.650
2021-10-01 06:00,0.297,6.581
2021-10-01 07:00,0.276,6.424
2021-10-01 08:00,0.227,6.008
2021-10-01 09:00,0.169,5.467
2021-10-01 10:00,0.080,4.339
2021-10-01 11:00,0.010,2.556
2021-10-01 12:00,0.001,1.548
2021-10-01 13:00,0.024,3.148
2021-10-01 14:00,0.122,4.930
2021-10-01 15:00,0.148,5.246
2021-10-01 16:00,0.091,4.518
2021-10-01 17:00,0.071,4.192
2021-10-01 18:00,0.097,4.598
2021-10-01 19:00,0.107,4.734
2021-10-01 20:00,0.096,4.587
2021-10-01 21:00,0.134,5.065
2021-10-01 22:00,0.355,7.013
2021-10-01 23:00,0.499,8.019
2021-10-02 00:00,0.214,5.899
2021-10-02 01:00,0.180,5.566
2021-10-02 02:00,0.341,6.915
2021-10-02 03:00,0.520,8.152
2021-10-02 04:00,0.683,9.356
2021-10-02 05:00,0.777,10.208
2021-10-02 06:00,0.725,9.712
2021-10-02 07:00,0.504,8.044
2021-10-02 08:00,0.742,9.872
2021-10-02 09:00,0.940,12.895
2021-10-02 10:00,0.951,13.274
2021-10-02 11:00,0.935,12.771
2021-10-02 12:00,0.934,12.743
2021-10-02 13:00,0.967,13.951
2021-10-02 14:00,0.928,12.570
2021-10-02 15:00,0.871,11.419
2021-10-02 16:00,0.853,11.140
2021-10-02 17:00,0.820,10.693
2021-10-02 18:00,0.811,10.583
2021-10-02 19:00,0.803,10.491
2021-10-02 20:00,0.773,10.178
2021-10-02 21:00,0.756,10.006
2021-10-02 22:00,0.675,9.299
2021-10-02 23:00,0.396,7.311
2021-10-03 00:00,0.333,6.856
2021-10-03 01:00,0.310,6.685
2021-10-03 02:00,0.281,6.463
2021-10-03 03:00,0.355,7.023
2021-10-03 04:00,0.460,7.749
2021-10-03 05:00,0.629,8.934
2021-10-03 06:00,0.723,9.696
2021-10-03 07:00,0.724,9.705
2021-10-03 08:00,0.702,9.520
2021-10-03 09:00,0.570,8.504
2021-10-03 10:00,0.480,7.885
2021-10-03 11:00,0.426,7.508
2021-10-03 12:00,0.416,7.442
2021-10-03 13:00,0.370,7.120
2021-10-03 14:00,0.303,6.637
2021-10-03 15:00,0.260,6.295
2021-10-03 16:00,0.222,5.964
2021-10-03 17:00,0.193,5.699
2021-10-03 18:00,0.220,5.946
2021-10-03 19:00,0.243,6.158
2021-10-03 20:00,0.153,5.284
2021-10-03 21:00,0.074,4.250
2021-10-03 22:00,0.011,2.640
2021-10-03 23:00,0,1.133
2021-10-04 00:00,0,1.283
2021-10-04 01:00,0.001,1.607
2021-10-04 02:00,0.002,1.814
2021-10-04 03:00,0.004,2.101
2021-10-04 04:00,0.008,2.437
2021-10-04 05:00,0.012,2.681
2021-10-04 06:00,0.018,2.925
2021-10-04 07:00,0.028,3.261
2021-10-04 08:00,0.008,2.471
2021-10-04 09:00,0.008,2.491
2021-10-04 10:00,0.027,3.236
2021-10-04 11:00,0.036,3.472
2021-10-04 12:00,0.042,3.635
2021-10-04 13:00,0.039,3.567
2021-10-04 14:00,0.032,3.399
2021-10-04 15:00,0.022,3.093
2021-10-04 16:00,0.017,2.917
2021-10-04 17:00,0.018,2.948
2021-10-04 18:00,0.017,2.893
2021-10-04 19:00,0.021,3.039
2021-10-04 20:00,0.027,3.230
2021-10-04 21:00,0.048,3.772
2021-10-04 22:00,0.087,4.452
2021-10-04 23:00,0.122,4.933
2021-10-05 00:00,0.083,4.379
2021-10-05 01:00,0.054,3.888
2021-10-05 02:00,0.041,3.606
2021-10-05 03:00,0.057,3.944
2021-10-05 04:00,0.062,4.034
2021-10-05 05:00,0.051,3.836
2021-10-05 06:00,0.069,4.157
2021-10-05 07:00,0.187,5.650
2021-10-05 08:00,0.294,6.568
2021-10-05 09:00,0.287,6.515
2021-10-05 10:00,0.325,6.802
2021-10-05 11:00,0.348,6.974
2021-10-05 12:00,0.390,7.261
2021-10-05 13:00,0.416,7.445
2021-10-05 14:00,0.463,7.762
2021-10-05 15:00,0.516,8.122
2021-10-05 16:00,0.479,7.878
2021-10-05 17:00,0.486,7.926
2021-10-05 18:00,0.516,8.126
2021-10-05 19:00,0.460,7.740
2021-10-05 20:00,0.410,7.399
2021-10-05 21:00,0.406,7.373
2021-10-05 22:00,0.433,7.564
2021-10-05 23:00,0.359,7.047
2021-10-06 00:00,0.204,5.808
2021-10-06 01:00,0.302,6.623
2021-10-06 02:00,0.330,6.829
2021-10-06 03:00,0.253,6.230
2021-10-06 04:00,0.167,5.440
2021-10-06 05:00,0.076,4.276
2021-10-06 06:00,0.027,3.236
2021-10-06 07:00,0.010,2.576
2021-10-06 08:00,0.006,2.350
2021-10-06 09:00,0.015,2.842
2021-10-06 10:00,0.023,3.117
2021-10-06 11:00,0.022,3.082
2021-10-06 12:00,0.024,3.155
2021-10-06 13:00,0.036,3.491
2021-10-06 14:00,0.054,3.876
2021-10-06 15:00,0.077,4.286
2021-10-06 16:00,0.102,4.656
2021-10-06 17:00,0.122,4.931
2021-10-06 18:00,0.155,5.304
2021-10-06 19:00,0.205,5.815
2021-10-06 20:00,0.260,6.300
2021-10-06 21:00,0.298,6.595
2021-10-06 22:00,0.283,6.476
2021-10-06 23:00,0.147,5.233
2021-10-07 00:00,0.065,4.098
2021-10-07 01:00,0.072,4.210
2021-10-07 02:00,0.061,4.023
2021-10-07 03:00,0.052,3.854
2021-10-07 04:00,0.041,3.600
2021-10-07 05:00,0.023,3.125
2021-10-07 06:00,0.013,2.705
2021-10-07 07:00,0.011,2.647
2021-10-07 08:00,0.016,2.857
2021-10-07 09:00,0.034,3.438
2021-10-07 10:00,0.042,3.628
2021-10-07 11:00,0.044,3.678
2021-10-07 12:00,0.056,3.935
2021-10-07 13:00,0.080,4.352
2021-10-07 14:00,0.126,4.982
2021-10-07 15:00,0.210,5.867
2021-10-07 16:00,0.347,6.957
2021-10-07 17:00,0.493,7.977
2021-10-07 18:00,0.604,8.745
2021-10-07 19:00,0.655,9.136
2021-10-07 20:00,0.617,8.852
2021-10-07 21:00,0.579,8.567
2021-10-07 22:00,0.583,8.598
2021-10-07 23:00,0.476,7.860
2021-10-08 00:00,0.234,6.076
2021-10-08 01:00,0.195,5.729
2021-10-08 02:00,0.290,6.535
2021-10-08 03:00,0.281,6.458
2021-10-08 04:00,0.272,6.397
2021-10-08 05:00,0.253,6.231
2021-10-08 06:00,0.254,6.245
2021-10-08 07:00,0.270,6.374
2021-10-08 08:00,0.292,6.554
2021-10-08 09:00,0.409,7.391
2021-10-08 10:00,0.533,8.242
2021-10-08 11:00,0.681,9.345
2021-10-08 12:00,0.759,10.038
2021-10-08 13:00,0.741,9.864
2021-10-08 14:00,0.736,9.819
2021-10-08 15:00,0.740,9.854
2021-10-08 16:00,0.750,9.938
2021-10-08 17:00,0.782,10.266
2021-10-08 18:00,0.813,10.611
2021-10-08 19:00,0.873,11.449
2021-10-08 20:00,0.878,11.514
2021-10-08 21:00,0.853,11.121
2021-10-08 22:00,0.822,10.720
2021-10-08 23:00,0.839,10.937
2021-10-09 00:00,0.903,11.984
2021-10-09 01:00,0.933,12.711
2021-10-09 02:00,0.955,13.429
2021-10-09 03:00,0.966,13.907
2021-10-09 04:00,0.980,14.713
2021-10-09 05:00,0.993,16.802
2021-10-09 06:00,0.984,18.568
2021-10-09 07:00,0.970,19.357
2021-10-09 08:00,0.970,19.354
2021-10-09 09:00,0.973,19.207
2021-10-09 10:00,0.976,19.090
2021-10-09 11:00,0.978,18.958
2021-10-09 12:00,0.990,17.885
2021-10-09 13:00,0.992,16.332
2021-10-09 14:00,0.974,14.333
2021-10-09 15:00,0.926,12.535
2021-10-09 16:00,0.871,11.405
2021-10-09 17:00,0.824,10.745
2021-10-09 18:00,0.745,9.894
2021-10-09 19:00,0.677,9.309
2021-10-09 20:00,0.675,9.294
2021-10-09 21:00,0.654,9.127
2021-10-09 22:00,0.618,8.856
2021-10-09 23:00,0.576,8.547
2021-10-10 00:00,0.756,10.005
2021-10-10 01:00,0.916,12.269
2021-10-10 02:00,0.946,13.117
2021-10-10 03:00,0.952,13.313
2021-10-10 04:00,0.958,13.556
2021-10-10 05:00,0.958,13.526
2021-10-10 06:00,0.943,12.997
2021-10-10 07:00,0.908,12.092
2021-10-10 08:00,0.833,10.851
2021-10-10 09:00,0.713,9.611
2021-10-10 10:00,0.717,9.642
2021-10-10 11:00,0.716,9.637
2021-10-10 12:00,0.696,9.467
2021-10-10 13:00,0.654,9.126
2021-10-10 14:00,0.597,8.690
2021-10-10 15:00,0.536,8.260
2021-10-10 16:00,0.456,7.721
2021-10-10 17:00,0.407,7.383
2021-10-10 18:00,0.406,7.381
2021-10-10 19:00,0.429,7.534
2021-10-10 20:00,0.452,7.694
2021-10-10 21:00,0.484,7.913
2021-10-10 22:00,0.533,8.240
2021-10-10 23:00,0.429,7.533
2021-10-11 00:00,0.161,5.386
2021-10-11 01:00,0.166,5.433
2021-10-11 02:00,0.257,6.260
2021-10-11 03:00,0.227,6.009
2021-10-11 04:00,0.227,6.018
2021-10-11 05:00,0.238,6.113
2021-10-11 06:00,0.234,6.073
2021-10-11 07:00,0.204,5.813
2021-10-11 08:00,0.157,5.338
2021-10-11 09:00,0.146,5.220
2021-10-11 10:00,0.134,5.071
2021-10-11 11:00,0.126,4.989
2021-10-11 12:00,0.130,5.026
2021-10-11 13:00,0.142,5.170
2021-10-11 14:00,0.172,5.498
2021-10-11 15:00,0.217,5.929
2021-10-11 16:00,0.292,6.555
2021-10-11 17:00,0.407,7.382
2021-10-11 18:00,0.523,8.179
2021-10-11 19:00,0.604,8.742
2021-10-11 20:00,0.645,9.062
2021-10-11 21:00,0.666,9.222
2021-10-11 22:00,0.679,9.329
2021-10-11 23:00,0.625,8.899
2021-10-12 00:00,0.294,6.571
2021-10-12 01:00,0.124,4.961
2021-10-12 02:00,0.273,6.400
2021-10-12 03:00,0.333,6.859
2021-10-12 04:00,0.352,6.990
2021-10-12 05:00,0.365,7.091
2021-10-12 06:00,0.380,7.197
2021-10-12 07:00,0.384,7.229
2021-10-12 08:00,0.329,6.827
2021-10-12 09:00,0.356,7.031
2021-10-12 10:00,0.565,8.477
2021-10-12 11:00,0.820,10.693
2021-10-12 12:00,0.914,12.244
2021-10-12 13:00,0.904,12.021
2021-10-12 14:00,0.887,11.676
2021-10-12 15:00,0.896,11.847
2021-10-12 16:00,0.938,12.853
2021-10-12 17:00,0.904,12.018
2021-10-12 18:00,0.856,11.178
2021-10-12 19:00,0.852,11.115
2021-10-12 20:00,0.772,10.161
2021-10-12 21:00,0.771,10.149
2021-10-12 22:00,0.722,9.686
2021-10-12 23:00,0.586,8.620
2021-10-13 00:00,0.550,8.368
2021-10-13 01:00,0.595,8.683
2021-10-13 02:00,0.542,8.304
2021-10-13 03:00,0.549,8.350
2021-10-13 04:00,0.597,8.697
2021-10-13 05:00,0.606,8.763
2021-10-13 06:00,0.574,8.540
2021-10-13 07:00,0.523,8.179
2021-10-13 08:00,0.374,7.158
2021-10-13 09:00,0.338,6.897
2021-10-13 10:00,0.418,7.463
2021-10-13 11:00,0.556,8.411
2021-10-13 12:00,0.667,9.231
2021-10-13 13:00,0.661,9.176
2021-10-13 14:00,0.572,8.512
2021-10-13 15:00,0.486,7.926
2021-10-13 16:00,0.473,7.829
2021-10-13 17:00,0.446,7.646
2021-10-13 18:00,0.409,7.395
2021-10-13 19:00,0.387,7.245
2021-10-13 20:00,0.373,7.140
2021-10-13 21:00,0.314,6.710
2021-10-13 22:00,0.208,5.849
2021-10-13 23:00,0.097,4.606
2021-10-14 00:00,0.011,2.644
2021-10-14 01:00,0.001,1.723
2021-10-14 02:00,0.091,4.512
2021-10-14 03:00,0.274,6.408
2021-10-14 04:00,0.389,7.257
2021-10-14 05:00,0.463,7.768
2021-10-14 06:00,0.527,8.207
2021-10-14 07:00,0.587,8.629
2021-10-14 08:00,0.539,8.289
2021-10-14 09:00,0.449,7.664
2021-10-14 10:00,0.430,7.547
2021-10-14 11:00,0.432,7.561
2021-10-14 12:00,0.392,7.276
2021-10-14 13:00,0.291,6.546
2021-10-14 14:00,0.215,5.907
2021-10-14 15:00,0.264,6.327
2021-10-14 16:00,0.423,7.490
2021-10-14 17:00,0.594,8.670
2021-10-14 18:00,0.591,8.661
2021-10-14 19:00,0.628,8.927
2021-10-14 20:00,0.686,9.381
2021-10-14 21:00,0.645,9.052
2021-10-14 22:00,0.594,8.681
2021-10-14 23:00,0.591,8.661
2021-10-15 00:00,0.700,9.493
2021-10-15 01:00,0.803,10.503
2021-10-15 02:00,0.906,12.049
2021-10-15 03:00,0.956,13.453
2021-10-15 04:00,0.975,14.422
2021-10-15 05:00,0.984,15.058
2021-10-15 06:00,0.985,15.208
2021-10-15 07:00,0.982,14.926
2021-10-15 08:00,0.970,14.130
2021-10-15 09:00,0.925,12.489
2021-10-15 10:00,0.795,10.400
2021-10-15 11:00,0.706,9.553
2021-10-15 12:00,0.650,9.098
2021-10-15 13:00,0.577,8.557
2021-10-15 14:00,0.526,8.202
2021-10-15 15:00,0.466,7.784
2021-10-15 16:00,0.479,7.869
2021-10-15 17:00,0.505,8.061
2021-10-15 18:00,0.529,8.225
2021-10-15 19:00,0.588,8.640
2021-10-15 20:00,0.659,9.165
2021-10-15 21:00,0.682,9.348
2021-10-15 22:00,0.640,9.016
2021-10-15 23:00,0.761,10.057
2021-10-16 00:00,0.820,10.700
2021-10-16 01:00,0.828,10.804
2021-10-16 02:00,0.847,11.057
2021-10-16 03:00,0.883,11.622
2021-10-16 04:00,0.913,12.197
2021-10-16 05:00,0.931,12.659
2021-10-16 06:00,0.940,12.907
2021-10-16 07:00,0.935,12.779
2021-10-16 08:00,0.907,12.090
2021-10-16 09:00,0.822,10.724
2021-10-16 10:00,0.765,10.091
2021-10-16 11:00,0.709,9.575
2021-10-16 12:00,0.676,9.304
2021-10-16 13:00,0.633,8.970
2021-10-16 14:00,0.636,8.986
2021-10-16 15:00,0.676,9.304
2021-10-16 16:00,0.710,9.590
2021-10-16 17:00,0.746,9.907
2021-10-16 18:00,0.775,10.193
2021-10-16 19:00,0.792,10.372
2021-10-16 20:00,0.795,10.400
2021-10-16 21:00,0.788,10.328
2021-10-16 22:00,0.775,10.186
2021-10-16 23:00,0.733,9.793
2021-10-17 00:00,0.822,10.726
2021-10-17 01:00,0.843,10.984
2021-10-17 02:00,0.875,11.477
2021-10-17 03:00,0.914,12.232
2021-10-17 04:00,0.929,12.615
2021-10-17 05:00,0.930,12.639
2021-10-17 06:00,0.923,12.440
2021-10-17 07:00,0.900,11.923
2021-10-17 08:00,0.820,10.695
2021-10-17 09:00,0.814,10.628
2021-10-17 10:00,0.848,11.067
2021-10-17 11:00,0.859,11.226
2021-10-17 12:00,0.849,11.075
2021-10-17 13:00,0.777,10.218
2021-10-17 14:00,0.712,9.601
2021-10-17 15:00,0.626,8.914
2021-10-17 16:00,0.488,7.942
2021-10-17 17:00,0.379,7.187
2021-10-17 18:00,0.357,7.039
2021-10-17 19:00,0.293,6.557
2021-10-17 20:00,0.223,5.974
2021-10-17 21:00,0.229,6.033
2021-10-17 22:00,0.319,6.750
2021-10-17 23:00,0.467,7.800
2021-10-18 00:00,0.556,8.403
2021-10-18 01:00,0.502,8.039
2021-10-18 02:00,0.449,7.665
2021-10-18 03:00,0.424,7.503
2021-10-18 04:00,0.418,7.462
2021-10-18 05:00,0.416,7.450
2021-10-18 06:00,0.432,7.558
2021-10-18 07:00,0.455,7.719
2021-10-18 08:00,0.440,7.611
2021-10-18 09:00,0.397,7.315
2021-10-18 10:00,0.414,7.433
2021-10-18 11:00,0.381,7.205
2021-10-18 12:00,0.318,6.740
2021-10-18 13:00,0.239,6.119
2021-10-18 14:00,0.151,5.275
2021-10-18 15:00,0.065,4.100
2021-10-18 16:00,0.013,2.746
2021-10-18 17:00,0.001,1.751
2021-10-18 18:00,0.003,1.999
2021-10-18 19:00,0.016,2.876
2021-10-18 20:00,0.043,3.653
2021-10-18 21:00,0.087,4.452
2021-10-18 22:00,0.145,5.206
2021-10-18 23:00,0.166,5.434
2021-10-19 00:00,0.192,5.693
2021-10-19 01:00,0.338,6.897
2021-10-19 02:00,0.374,7.151
2021-10-19 03:00,0.365,7.083
2021-10-19 04:00,0.352,6.995
2021-10-19 05:00,0.348,6.962
2021-10-19 06:00,0.332,6.847
2021-10-19 07:00,0.302,6.632
2021-10-19 08:00,0.250,6.209
2021-10-19 09:00,0.281,6.467
2021-10-19 10:00,0.379,7.186
2021-10-19 11:00,0.510,8.080
2021-10-19 12:00,0.600,8.715
2021-10-19 13:00,0.595,8.685
2021-10-19 14:00,0.546,8.333
2021-10-19 15:00,0.502,8.034
2021-10-19 16:00,0.460,7.744
2021-10-19 17:00,0.411,7.411
2021-10-19 18:00,0.361,7.064
2021-10-19 19:00,0.324,6.796
2021-10-19 20:00,0.307,6.663
2021-10-19 21:00,0.302,6.622
2021-10-19 22:00,0.297,6.585
2021-10-19 23:00,0.251,6.215
2021-10-20 00:00,0.115,4.840
2021-10-20 01:00,0.093,4.537
2021-10-20 02:00,0.111,4.783
2021-10-20 03:00,0.105,4.707
2021-10-20 04:00,0.122,4.935
2021-10-20 05:00,0.152,5.279
2021-10-20 06:00,0.180,5.567
2021-10-20 07:00,0.177,5.539
2021-10-20 08:00,0.208,5.843
2021-10-20 09:00,0.356,7.030
2021-10-20 10:00,0.516,8.134
2021-10-20 11:00,0.597,8.690
2021-10-20 12:00,0.559,8.429
2021-10-20 13:00,0.450,7.670
2021-10-20 14:00,0.358,7.046
2021-10-20 15:00,0.285,6.501
2021-10-20 16:00,0.243,6.153
2021-10-20 17:00,0.230,6.044
2021-10-20 18:00,0.263,6.320
2021-10-20 19:00,0.320,6.757
2021-10-20 20:00,0.333,6.859
2021-10-20 21:00,0.300,6.613
2021-10-20 22:00,0.270,6.375
2021-10-20 23:00,0.194,5.717
2021-10-21 00:00,0.203,5.789
2021-10-21 01:00,0.436,7.589
2021-10-21 02:00,0.497,7.990
2021-10-21 03:00,0.533,8.239
2021-10-21 04:00,0.588,8.635
2021-10-21 05:00,0.640,9.018
2021-10-21 06:00,0.661,9.183
2021-10-21 07:00,0.661,9.180
2021-10-21 08:00,0.559,8.423
2021-10-21 09:00,0.503,8.042
2021-10-21 10:00,0.516,8.129
2021-10-21 11:00,0.491,7.961
2021-10-21 12:00,0.445,7.641
2021-10-21 13:00,0.374,7.153
2021-10-21 14:00,0.299,6.599
2021-10-21 15:00,0.227,6.010
2021-10-21 16:00,0.165,5.424
2021-10-21 17:00,0.128,5.012
2021-10-21 18:00,0.114,4.835
2021-10-21 19:00,0.105,4.706
2021-10-21 20:00,0.090,4.502
2021-10-21 21:00,0.077,4.306
2021-10-21 22:00,0.075,4.264
2021-10-21 23:00,0.071,4.203
2021-10-22 00:00,0.032,3.381
2021-10-22 01:00,0.085,4.414
2021-10-22 02:00,0.106,4.729
2021-10-22 03:00,0.097,4.598
2021-10-22 04:00,0.092,4.524
2021-10-22 05:00,0.093,4.530
2021-10-22 06:00,0.090,4.498
2021-10-22 07:00,0.081,4.357
2021-10-22 08:00,0.079,4.333
2021-10-22 09:00,0.077,4.286
2021-10-22 10:00,0.102,4.668
2021-10-22 11:00,0.168,5.452
2021-10-22 12:00,0.256,6.256
2021-10-22 13:00,0.322,6.782
2021-10-22 14:00,0.347,6.957
2021-10-22 15:00,0.326,6.811
2021-10-22 16:00,0.279,6.449
2021-10-22 17:00,0.230,6.036
2021-10-22 18:00,0.194,5.705
2021-10-22 19:00,0.169,5.461
2021-10-22 20:00,0.151,5.274
2021-10-22 21:00,0.143,5.185
2021-10-22 22:00,0.156,5.328
2021-10-22 23:00,0.185,5.626
2021-10-23 00:00,0.106,4.720
2021-10-23 01:00,0.042,3.628
2021-10-23 02:00,0.041,3.609
2021-10-23 03:00,0.043,3.649
2021-10-23 04:00,0.058,3.962
2021-10-23 05:00,0.085,4.419
2021-10-23 06:00,0.111,4.786
2021-10-23 07:00,0.113,4.813
2021-10-23 08:00,0.098,4.610
2021-10-23 09:00,0.055,3.908
2021-10-23 10:00,0.022,3.100
2021-10-23 11:00,0.009,2.525
2021-10-23 12:00,0.008,2.493
2021-10-23 13:00,0.020,3.021
2021-10-23 14:00,0.056,3.926
2021-10-23 15:00,0.126,4.989
2021-10-23 16:00,0.221,5.952
2021-10-23 17:00,0.299,6.601
2021-10-23 18:00,0.342,6.918
2021-10-23 19:00,0.353,7.002
2021-10-23 20:00,0.356,7.031
2021-10-23 21:00,0.372,7.135
2021-10-23 22:00,0.406,7.374
2021-10-23 23:00,0.410,7.401
2021-10-24 00:00,0.187,5.650
2021-10-24 01:00,0.058,3.960
2021-10-24 02:00,0.038,3.529
2021-10-24 03:00,0.058,3.954
2021-10-24 04:00,0.101,4.642
2021-10-24 05:00,0.169,5.452
2021-10-24 06:00,0.246,6.171
2021-10-24 07:00,0.283,6.476
2021-10-24 08:00,0.377,7.173
2021-10-24 09:00,0.464,7.773
2021-10-24 10:00,0.516,8.124
2021-10-24 11:00,0.559,8.426
2021-10-24 12:00,0.580,8.573
2021-10-24 13:00,0.592,8.664
2021-10-24 14:00,0.628,8.930
2021-10-24 15:00,0.692,9.427
2021-10-24 16:00,0.746,9.904
2021-10-24 17:00,0.781,10.257
2021-10-24 18:00,0.775,10.198
2021-10-24 19:00,0.750,9.950
2021-10-24 20:00,0.723,9.693
2021-10-24 21:00,0.720,9.668
2021-10-24 22:00,0.716,9.635
2021-10-24 23:00,0.643,9.035
2021-10-25 00:00,0.380,7.198
2021-10-25 01:00,0.220,5.948
2021-10-25 02:00,0.248,6.191
2021-10-25 03:00,0.436,7.578
2021-10-25 04:00,0.530,8.230
2021-10-25 05:00,0.606,8.768
2021-10-25 06:00,0.629,8.938
2021-10-25 07:00,0.646,9.065
2021-10-25 08:00,0.665,9.213
2021-10-25 09:00,0.766,10.098
2021-10-25 10:00,0.779,10.236
2021-10-25 11:00,0.772,10.154
2021-10-25 12:00,0.746,9.909
2021-10-25 13:00,0.692,9.420
2021-10-25 14:00,0.583,8.604
2021-10-25 15:00,0.487,7.936
2021-10-25 16:00,0.431,7.553
2021-10-25 17:00,0.389,7.255
2021-10-25 18:00,0.381,7.207
2021-10-25 19:00,0.359,7.052
2021-10-25 20:00,0.301,6.616
2021-10-25 21:00,0.253,6.231
2021-10-25 22:00,0.227,6.015
2021-10-25 23:00,0.213,5.897
2021-10-26 00:00,0.129,5.017
2021-10-26 01:00,0.257,6.277
2021-10-26 02:00,0.302,6.620
2021-10-26 03:00,0.442,7.620
2021-10-26 04:00,0.600,8.724
2021-10-26 05:00,0.666,9.220
2021-10-26 06:00,0.672,9.263
2021-10-26 07:00,0.628,8.919
2021-10-26 08:00,0.536,8.261
2021-10-26 09:00,0.571,8.506
2021-10-26 10:00,0.628,8.921
2021-10-26 11:00,0.655,9.136
2021-10-26 12:00,0.629,8.937
2021-10-26 13:00,0.556,8.401
2021-10-26 14:00,0.475,7.847
2021-10-26 15:00,0.455,7.719
2021-10-26 16:00,0.514,8.116
2021-10-26 17:00,0.612,8.810
2021-10-26 18:00,0.696,9.467
2021-10-26 19:00,0.745,9.896
2021-10-26 20:00,0.761,10.054
2021-10-26 21:00,0.746,9.907
2021-10-26 22:00,0.728,9.735
2021-10-26 23:00,0.677,9.313
2021-10-27 00:00,0.462,7.758
2021-10-27 01:00,0.359,7.052
2021-10-27 02:00,0.609,8.786
2021-10-27 03:00,0.717,9.645
2021-10-27 04:00,0.702,9.514
2021-10-27 05:00,0.661,9.178
2021-10-27 06:00,0.592,8.661
2021-10-27 07:00,0.486,7.931
2021-10-27 08:00,0.410,7.399
2021-10-27 09:00,0.464,7.773
2021-10-27 10:00,0.502,8.039
2021-10-27 11:00,0.516,8.136
2021-10-27 12:00,0.505,8.054
2021-10-27 13:00,0.488,7.940
2021-10-27 14:00,0.473,7.834
2021-10-27 15:00,0.460,7.742
2021-10-27 16:00,0.468,7.806
2021-10-27 17:00,0.497,7.996
2021-10-27 18:00,0.532,8.238
2021-10-27 19:00,0.566,8.480
2021-10-27 20:00,0.588,8.639
2021-10-27 21:00,0.591,8.649
2021-10-27 22:00,0.572,8.522
2021-10-27 23:00,0.523,8.174
2021-10-28 00:00,0.270,6.370
2021-10-28 01:00,0.100,4.638
2021-10-28 02:00,0.114,4.833
2021-10-28 03:00,0.187,5.652
2021-10-28 04:00,0.224,5.978
2021-10-28 05:00,0.256,6.256
2021-10-28 06:00,0.276,6.420
2021-10-28 07:00,0.286,6.506
2021-10-28 08:00,0.322,6.784
2021-10-28 09:00,0.403,7.350
2021-10-28 10:00,0.463,7.763
2021-10-28 11:00,0.516,8.135
2021-10-28 12:00,0.545,8.322
2021-10-28 13:00,0.562,8.439
2021-10-28 14:00,0.618,8.854
2021-10-28 15:00,0.703,9.525
2021-10-28 16:00,0.757,10.014
2021-10-28 17:00,0.765,10.087
2021-10-28 18:00,0.739,9.842
2021-10-28 19:00,0.700,9.497
2021-10-28 20:00,0.634,8.973
2021-10-28 21:00,0.562,8.441
2021-10-28 22:00,0.497,7.995
2021-10-28 23:00,0.463,7.766
2021-10-29 00:00,0.348,6.974
2021-10-29 01:00,0.268,6.353
2021-10-29 02:00,0.314,6.720
2021-10-29 03:00,0.359,7.048
2021-10-29 04:00,0.432,7.560
2021-10-29 05:00,0.516,8.127
2021-10-29 06:00,0.550,8.371
2021-10-29 07:00,0.499,8.007
2021-10-29 08:00,0.425,7.507
2021-10-29 09:00,0.394,7.297
2021-10-29 10:00,0.334,6.864
2021-10-29 11:00,0.284,6.482
2021-10-29 12:00,0.243,6.154
2021-10-29 13:00,0.210,5.864
2021-10-29 14:00,0.186,5.635
2021-10-29 15:00,0.164,5.419
2021-10-29 16:00,0.136,5.106
2021-10-29 17:00,0.103,4.679
2021-10-29 18:00,0.085,4.424
2021-10-29 19:00,0.093,4.543
2021-10-29 20:00,0.110,4.774
2021-10-29 21:00,0.133,5.064
2021-10-29 22:00,0.170,5.478
2021-10-29 23:00,0.208,5.846
2021-10-30 00:00,0.278,6.435
2021-10-30 01:00,0.305,6.656
2021-10-30 02:00,0.316,6.729
2021-10-30 03:00,0.320,6.755
2021-10-30 04:00,0.295,6.574
2021-10-30 05:00,0.294,6.569
2021-10-30 06:00,0.343,6.934
2021-10-30 07:00,0.429,7.535
2021-10-30 08:00,0.520,8.152
2021-10-30 09:00,0.536,8.272
2021-10-30 10:00,0.500,8.023
2021-10-30 11:00,0.410,7.399
2021-10-30 12:00,0.338,6.890
2021-10-30 13:00,0.262,6.311
2021-10-30 14:00,0.198,5.757
2021-10-30 15:00,0.160,5.375
2021-10-30 16:00,0.122,4.938
2021-10-30 17:00,0.094,4.552
2021-10-30 18:00,0.077,4.290
2021-10-30 19:00,0.074,4.246
2021-10-30 20:00,0.083,4.388
2021-10-30 21:00,0.096,4.587
2021-10-30 22:00,0.108,4.753
2021-10-30 23:00,0.115,4.847
2021-10-31 00:00,0.127,4.999
2021-10-31 01:00,0.122,4.938
2021-10-31 02:00,0.106,4.722
2021-10-31 03:00,0.077,4.293
2021-10-31 04:00,0.046,3.723
2021-10-31 05:00,0.029,3.292
2021-10-31 06:00,0.021,3.056
2021-10-31 07:00,0.018,2.942
2021-10-31 08:00,0.016,2.852
2021-10-31 09:00,0.017,2.903
2021-10-31 10:00,0.009,2.517
2021-10-31 11:00,0.002,1.788
2021-10-31 12:00,0,1.164
2021-10-31 13:00,0,0.858
2021-10-31 14:00,0,1.324
2021-10-31 15:00,0.005,2.202
2021-10-31 16:00,0.024,3.164
2021-10-31 17:00,0.060,3.999
2021-10-31 18:00,0.091,4.517
2021-10-31 19:00,0.107,4.741
2021-10-31 20:00,0.109,4.767
2021-10-31 21:00,0.104,4.703
2021-10-31 22:00,0.106,4.720
2021-10-31 23:00,0.106,4.728
2021-11-01 00:00,0.044,3.675
2021-11-01 01:00,0.025,3.169
2021-11-01 02:00,0.032,3.388
2021-11-01 03:00,0.055,3.912
2021-11-01 04:00,0.083,4.380
2021-11-01 05:00,0.098,4.615
2021-11-01 06:00,0.103,4.691
2021-11-01 07:00,0.116,4.855
2021-11-01 08:00,0.143,5.188
2021-11-01 09:00,0.138,5.128
2021-11-01 10:00,0.114,4.827
2021-11-01 11:00,0.126,4.983
2021-11-01 12:00,0.213,5.891
2021-11-01 13:00,0.380,7.200
2021-11-01 14:00,0.577,8.550
2021-11-01 15:00,0.703,9.529
2021-11-01 16:00,0.748,9.929
2021-11-01 17:00,0.759,10.036
2021-11-01 18:00,0.777,10.209
2021-11-01 19:00,0.774,10.175
2021-11-01 20:00,0.768,10.121
2021-11-01 21:00,0.792,10.368
2021-11-01 22:00,0.853,11.135
2021-11-01 23:00,0.844,11.003
2021-11-02 00:00,0.702,9.519
2021-11-02 01:00,0.753,9.980
2021-11-02 02:00,0.886,11.650
2021-11-02 03:00,0.930,12.621
2021-11-02 04:00,0.963,13.758
2021-11-02 05:00,0.977,14.553
2021-11-02 06:00,0.981,14.854
2021-11-02 07:00,0.972,14.231
2021-11-02 08:00,0.935,12.780
2021-11-02 09:00,0.917,12.293
2021-11-02 10:00,0.904,12.011
2021-11-02 11:00,0.873,11.442
2021-11-02 12:00,0.837,10.907
2021-11-02 13:00,0.792,10.377
2021-11-02 14:00,0.736,9.813
2021-11-02 15:00,0.680,9.337
2021-11-02 16:00,0.634,8.978
2021-11-02 17:00,0.613,8.817
2021-11-02 18:00,0.616,8.831
2021-11-02 19:00,0.618,8.858
2021-11-02 20:00,0.606,8.763
2021-11-02 21:00,0.589,8.641
2021-11-02 22:00,0.620,8.869
2021-11-02 23:00,0.616,8.843
2021-11-03 00:00,0.503,8.043
2021-11-03 01:00,0.649,9.091
2021-11-03 02:00,0.686,9.387
2021-11-03 03:00,0.750,9.944
2021-11-03 04:00,0.795,10.408
2021-11-03 05:00,0.814,10.620
2021-11-03 06:00,0.813,10.604
2021-11-03 07:00,0.772,10.151
2021-11-03 08:00,0.649,9.087
2021-11-03 09:00,0.631,8.955
2021-11-03 10:00,0.590,8.647
2021-11-03 11:00,0.535,8.258
2021-11-03 12:00,0.510,8.092
2021-11-03 13:00,0.561,8.437
2021-11-03 14:00,0.663,9.192
2021-11-03 15:00,0.754,9.988
2021-11-03 16:00,0.796,10.416
2021-11-03 17:00,0.800,10.459
2021-11-03 18:00,0.785,10.303
2021-11-03 19:00,0.761,10.056
2021-11-03 20:00,0.743,9.879
2021-11-03 21:00,0.742,9.872
2021-11-03 22:00,0.742,9.869
2021-11-03 23:00,0.714,9.617
2021-11-04 00:00,0.516,8.132
2021-11-04 01:00,0.481,7.891
2021-11-04 02:00,0.465,7.777
2021-11-04 03:00,0.489,7.951
2021-11-04 04:00,0.567,8.483
2021-11-04 05:00,0.595,8.684
2021-11-04 06:00,0.583,8.604
2021-11-04 07:00,0.450,7.678
2021-11-04 08:00,0.364,7.078
2021-11-04 09:00,0.335,6.877
2021-11-04 10:00,0.294,6.566
2021-11-04 11:00,0.318,6.739
2021-11-04 12:00,0.426,7.514
2021-11-04 13:00,0.577,8.551
2021-11-04 14:00,0.686,9.385
2021-11-04 15:00,0.746,9.908
2021-11-04 16:00,0.772,10.150
2021-11-04 17:00,0.752,9.959
2021-11-04 18:00,0.674,9.285
2021-11-04 19:00,0.497,7.999
2021-11-04 20:00,0.199,5.764
2021-11-04 21:00,0.159,5.360
2021-11-04 22:00,0.231,6.046
2021-11-04 23:00,0.235,6.086
2021-11-05 00:00,0.217,5.925
2021-11-05 01:00,0.197,5.745
2021-11-05 02:00,0.166,5.431
2021-11-05 03:00,0.123,4.948
2021-11-05 04:00,0.106,4.733
2021-11-05 05:00,0.105,4.719
2021-11-05 06:00,0.145,5.210
2021-11-05 07:00,0.348,6.968
2021-11-05 08:00,0.637,8.996
2021-11-05 09:00,0.781,10.260
2021-11-05 10:00,0.879,11.552
2021-11-05 11:00,0.913,12.207
2021-11-05 12:00,0.903,11.989
2021-11-05 13:00,0.891,11.755
2021-11-05 14:00,0.886,11.656
2021-11-05 15:00,0.864,11.298
2021-11-05 16:00,0.837,10.909
2021-11-05 17:00,0.861,11.247
2021-11-05 18:00,0.894,11.807
2021-11-05 19:00,0.900,11.934
2021-11-05 20:00,0.921,12.409
2021-11-05 21:00,0.928,12.574
2021-11-05 22:00,0.916,12.279
2021-11-05 23:00,0.906,12.060
2021-11-06 00:00,0.912,12.175
2021-11-06 01:00,0.905,12.031
2021-11-06 02:00,0.890,11.731
2021-11-06 03:00,0.857,11.193
2021-11-06 04:00,0.793,10.384
2021-11-06 05:00,0.725,9.716
2021-11-06 06:00,0.666,9.224
2021-11-06 07:00,0.588,8.638
2021-11-06 08:00,0.496,7.987
2021-11-06 09:00,0.400,7.337
2021-11-06 10:00,0.292,6.552
2021-11-06 11:00,0.201,5.778
2021-11-06 12:00,0.185,5.631
2021-11-06 13:00,0.177,5.543
2021-11-06 14:00,0.200,5.773
2021-11-06 15:00,0.221,5.958
2021-11-06 16:00,0.252,6.226
2021-11-06 17:00,0.288,6.520
2021-11-06 18:00,0.265,6.331
2021-11-06 19:00,0.276,6.424
2021-11-06 20:00,0.291,6.548
2021-11-06 21:00,0.314,6.719
2021-11-06 22:00,0.307,6.662
2021-11-06 23:00,0.290,6.539
2021-11-07 00:00,0.287,6.516
2021-11-07 01:00,0.241,6.139
2021-11-07 02:00,0.222,5.961
2021-11-07 03:00,0.199,5.761
2021-11-07 04:00,0.195,5.724
2021-11-07 05:00,0.225,6.000
2021-11-07 06:00,0.259,6.292
2021-11-07 07:00,0.311,6.692
2021-11-07 08:00,0.374,7.144
2021-11-07 09:00,0.406,7.381
2021-11-07 10:00,0.410,7.397
2021-11-07 11:00,0.408,7.386
2021-11-07 12:00,0.437,7.592
2021-11-07 13:00,0.468,7.805
2021-11-07 14:00,0.483,7.902
2021-11-07 15:00,0.473,7.828
2021-11-07 16:00,0.466,7.793
2021-11-07 17:00,0.476,7.854
2021-11-07 18:00,0.486,7.930
2021-11-07 19:00,0.506,8.067
2021-11-07 20:00,0.520,8.150
2021-11-07 21:00,0.496,7.988
2021-11-07 22:00,0.487,7.938
2021-11-07 23:00,0.559,8.426
2021-11-08 00:00,0.650,9.095
2021-11-08 01:00,0.756,10.003
2021-11-08 02:00,0.859,11.219
2021-11-08 03:00,0.914,12.241
2021-11-08 04:00,0.941,12.949
2021-11-08 05:00,0.960,13.631
2021-11-08 06:00,0.971,14.160
2021-11-08 07:00,0.972,14.214
2021-11-08 08:00,0.954,13.374
2021-11-08 09:00,0.920,12.379
2021-11-08 10:00,0.894,11.814
2021-11-08 11:00,0.887,11.673
2021-11-08 12:00,0.873,11.437
2021-11-08 13:00,0.829,10.810
2021-11-08 14:00,0.804,10.507
2021-11-08 15:00,0.800,10.465
2021-11-08 16:00,0.805,10.519
2021-11-08 17:00,0.826,10.768
2021-11-08 18:00,0.851,11.104
2021-11-08 19:00,0.855,11.163
2021-11-08 20:00,0.855,11.152
2021-11-08 21:00,0.837,10.899
2021-11-08 22:00,0.811,10.593
2021-11-08 23:00,0.800,10.464
2021-11-09 00:00,0.770,10.141
2021-11-09 01:00,0.876,11.483
2021-11-09 02:00,0.917,12.295
2021-11-09 03:00,0.933,12.717
2021-11-09 04:00,0.944,13.031
2021-11-09 05:00,0.950,13.243
2021-11-09 06:00,0.952,13.323
2021-11-09 07:00,0.945,13.064
2021-11-09 08:00,0.884,11.624
2021-11-09 09:00,0.855,11.150
2021-11-09 10:00,0.891,11.750
2021-11-09 11:00,0.885,11.642
2021-11-09 12:00,0.869,11.376
2021-11-09 13:00,0.870,11.394
2021-11-09 14:00,0.813,10.601
2021-11-09 15:00,0.813,10.600
2021-11-09 16:00,0.847,11.051
2021-11-09 17:00,0.819,10.686
2021-11-09 18:00,0.775,10.198
2021-11-09 19:00,0.754,9.985
2021-11-09 20:00,0.755,9.997
2021-11-09 21:00,0.735,9.811
2021-11-09 22:00,0.742,9.873
2021-11-09 23:00,0.753,9.980
2021-11-10 00:00,0.723,9.696
2021-11-10 01:00,0.814,10.626
2021-11-10 02:00,0.966,13.923
2021-11-10 03:00,0.978,14.640
2021-11-10 04:00,0.982,14.910
2021-11-10 05:00,0.984,15.113
2021-11-10 06:00,0.983,14.960
2021-11-10 07:00,0.971,14.157
2021-11-10 08:00,0.930,12.617
2021-11-10 09:00,0.919,12.334
2021-11-10 10:00,0.922,12.411
2021-11-10 11:00,0.871,11.403
2021-11-10 12:00,0.826,10.769
2021-11-10 13:00,0.782,10.271
2021-11-10 14:00,0.791,10.352
2021-11-10 15:00,0.777,10.213
2021-11-10 16:00,0.734,9.797
2021-11-10 17:00,0.672,9.269
2021-11-10 18:00,0.628,8.933
2021-11-10 19:00,0.629,8.939
2021-11-10 20:00,0.650,9.099
2021-11-10 21:00,0.662,9.187
2021-11-10 22:00,0.669,9.250
2021-11-10 23:00,0.646,9.070
2021-11-11 00:00,0.559,8.420
2021-11-11 01:00,0.655,9.139
2021-11-11 02:00,0.840,10.957
2021-11-11 03:00,0.860,11.237
2021-11-11 04:00,0.861,11.251
2021-11-11 05:00,0.861,11.252
2021-11-11 06:00,0.859,11.219
2021-11-11 07:00,0.848,11.059
2021-11-11 08:00,0.759,10.034
2021-11-11 09:00,0.679,9.324
2021-11-11 10:00,0.685,9.375
2021-11-11 11:00,0.702,9.519
2021-11-11 12:00,0.702,9.507
2021-11-11 13:00,0.685,9.372
2021-11-11 14:00,0.663,9.190
2021-11-11 15:00,0.659,9.166
2021-11-11 16:00,0.673,9.278
2021-11-11 17:00,0.672,9.271
2021-11-11 18:00,0.664,9.207
2021-11-11 19:00,0.667,9.228
2021-11-11 20:00,0.661,9.182
2021-11-11 21:00,0.643,9.035
2021-11-11 22:00,0.630,8.948
2021-11-11 23:00,0.643,9.036
2021-11-12 00:00,0.616,8.830
2021-11-12 01:00,0.659,9.164
2021-11-12 02:00,0.664,9.207
2021-11-12 03:00,0.739,9.841
2021-11-12 04:00,0.810,10.573
2021-11-12 05:00,0.853,11.140
2021-11-12 06:00,0.875,11.481
2021-11-12 07:00,0.855,11.156
2021-11-12 08:00,0.843,10.985
2021-11-12 09:00,0.843,10.994
2021-11-12 10:00,0.850,11.083
2021-11-12 11:00,0.851,11.100
2021-11-12 12:00,0.853,11.130
2021-11-12 13:00,0.847,11.048
2021-11-12 14:00,0.838,10.927
2021-11-12 15:00,0.836,10.891
2021-11-12 16:00,0.834,10.874
2021-11-12 17:00,0.826,10.758
2021-11-12 18:00,0.804,10.511
2021-11-12 19:00,0.767,10.118
2021-11-12 20:00,0.702,9.510
2021-11-12 21:00,0.617,8.850
2021-11-12 22:00,0.529,8.223
2021-11-12 23:00,0.435,7.576
2021-11-13 00:00,0.309,6.678
2021-11-13 01:00,0.190,5.680
2021-11-13 02:00,0.121,4.921
2021-11-13 03:00,0.093,4.537
2021-11-13 04:00,0.089,4.480
2021-11-13 05:00,0.153,5.285
2021-11-13 06:00,0.254,6.237
2021-11-13 07:00,0.326,6.809
2021-11-13 08:00,0.387,7.250
2021-11-13 09:00,0.566,8.480
2021-11-13 10:00,0.674,9.289
2021-11-13 11:00,0.685,9.377
2021-11-13 12:00,0.658,9.149
2021-11-13 13:00,0.640,9.021
2021-11-13 14:00,0.653,9.119
2021-11-13 15:00,0.656,9.144
2021-11-13 16:00,0.647,9.075
2021-11-13 17:00,0.616,8.836
2021-11-13 18:00,0.559,8.432
2021-11-13 19:00,0.503,8.043
2021-11-13 20:00,0.424,7.503
2021-11-13 21:00,0.318,6.743
2021-11-13 22:00,0.225,6.000
2021-11-13 23:00,0.152,5.276
2021-11-14 00:00,0.087,4.454
2021-11-14 01:00,0.039,3.562
2021-11-14 02:00,0.043,3.644
2021-11-14 03:00,0.075,4.271
2021-11-14 04:00,0.133,5.054
2021-11-14 05:00,0.186,5.634
2021-11-14 06:00,0.204,5.797
2021-11-14 07:00,0.179,5.562
2021-11-14 08:00,0.128,5.004
2021-11-14 09:00,0.069,4.154
2021-11-14 10:00,0.020,3.015
2021-11-14 11:00,0.002,1.800
2021-11-14 12:00,0,0.865
2021-11-14 13:00,0,1.122
2021-11-14 14:00,0.003,1.949
2021-11-14 15:00,0.020,3.025
2021-11-14 16:00,0.073,4.228
2021-11-14 17:00,0.172,5.501
2021-11-14 18:00,0.298,6.594
2021-11-14 19:00,0.406,7.374
2021-11-14 20:00,0.450,7.672
2021-11-14 21:00,0.384,7.230
2021-11-14 22:00,0.279,6.449
2021-11-14 23:00,0.203,5.793
2021-11-15 00:00,0.141,5.164
2021-11-15 01:00,0.103,4.691
2021-11-15 02:00,0.102,4.668
2021-11-15 03:00,0.136,5.098
2021-11-15 04:00,0.157,5.336
2021-11-15 05:00,0.171,5.485
2021-11-15 06:00,0.187,5.649
2021-11-15 07:00,0.190,5.680
2021-11-15 08:00,0.196,5.734
2021-11-15 09:00,0.240,6.134
2021-11-15 10:00,0.282,6.473
2021-11-15 11:00,0.319,6.746
2021-11-15 12:00,0.354,7.007
2021-11-15 13:00,0.406,7.375
2021-11-15 14:00,0.490,7.957
2021-11-15 15:00,0.594,8.682
2021-11-15 16:00,0.681,9.342
2021-11-15 17:00,0.729,9.751
2021-11-15 18:00,0.740,9.851
2021-11-15 19:00,0.729,9.755
2021-11-15 20:00,0.706,9.554
2021-11-15 21:00,0.684,9.370
2021-11-15 22:00,0.677,9.313
2021-11-15 23:00,0.692,9.433
2021-11-16 00:00,0.628,8.924
2021-11-16 01:00,0.394,7.294
2021-11-16 02:00,0.256,6.259
2021-11-16 03:00,0.373,7.139
2021-11-16 04:00,0.490,7.954
2021-11-16 05:00,0.583,8.603
2021-11-16 06:00,0.627,8.916
2021-11-16 07:00,0.569,8.501
2021-11-16 08:00,0.648,9.079
2021-11-16 09:00,0.772,10.155
2021-11-16 10:00,0.833,10.858
2021-11-16 11:00,0.882,11.580
2021-11-16 12:00,0.911,12.155
2021-11-16 13:00,0.924,12.470
2021-11-16 14:00,0.931,12.655
2021-11-16 15:00,0.933,12.705
2021-11-16 16:00,0.930,12.632
2021-11-16 17:00,0.931,12.651
2021-11-16 18:00,0.933,12.702
2021-11-16 19:00,0.933,12.701
2021-11-16 20:00,0.929,12.613
2021-11-16 21:00,0.932,12.668
2021-11-16 22:00,0.929,12.582
2021-11-16 23:00,0.914,12.233
2021-11-17 00:00,0.868,11.360
2021-11-17 01:00,0.871,11.401
2021-11-17 02:00,0.922,12.414
2021-11-17 03:00,0.957,13.517
2021-11-17 04:00,0.979,14.680
2021-11-17 05:00,0.989,15.666
2021-11-17 06:00,0.989,15.629
2021-11-17 07:00,0.977,14.524
2021-11-17 08:00,0.948,13.166
2021-11-17 09:00,0.917,12.291
2021-11-17 10:00,0.856,11.175
2021-11-17 11:00,0.791,10.352
2021-11-17 12:00,0.777,10.206
2021-11-17 13:00,0.788,10.328
2021-11-17 14:00,0.791,10.352
2021-11-17 15:00,0.750,9.948
2021-11-17 16:00,0.705,9.544
2021-11-17 17:00,0.682,9.350
2021-11-17 18:00,0.631,8.951
2021-11-17 19:00,0.535,8.255
2021-11-17 20:00,0.443,7.632
2021-11-17 21:00,0.403,7.358
2021-11-17 22:00,0.403,7.357
2021-11-17 23:00,0.410,7.396
2021-11-18 00:00,0.305,6.656
2021-11-18 01:00,0.150,5.260
2021-11-18 02:00,0.163,5.408
2021-11-18 03:00,0.319,6.746
2021-11-18 04:00,0.497,7.999
2021-11-18 05:00,0.677,9.311
2021-11-18 06:00,0.792,10.372
2021-11-18 07:00,0.819,10.691
2021-11-18 08:00,0.740,9.856
2021-11-18 09:00,0.690,9.412
2021-11-18 10:00,0.710,9.587
2021-11-18 11:00,0.681,9.343
2021-11-18 12:00,0.633,8.967
2021-11-18 13:00,0.562,8.449
2021-11-18 14:00,0.446,7.643
2021-11-18 15:00,0.302,6.620
2021-11-18 16:00,0.207,5.835
2021-11-18 17:00,0.172,5.497
2021-11-18 18:00,0.121,4.927
2021-11-18 19:00,0.054,3.879
2021-11-18 20:00,0.007,2.362
2021-11-18 21:00,0,1.069
2021-11-18 22:00,0.007,2.415
2021-11-18 23:00,0.077,4.289
2021-11-19 00:00,0.113,4.813
2021-11-19 01:00,0.084,4.393
2021-11-19 02:00,0.095,4.569
2021-11-19 03:00,0.227,6.014
2021-11-19 04:00,0.324,6.798
2021-11-19 05:00,0.376,7.166
2021-11-19 06:00,0.412,7.418
2021-11-19 07:00,0.335,6.867
2021-11-19 08:00,0.348,6.965
2021-11-19 09:00,0.449,7.669
2021-11-19 10:00,0.554,8.393
2021-11-19 11:00,0.568,8.487
2021-11-19 12:00,0.487,7.937
2021-11-19 13:00,0.377,7.179
2021-11-19 14:00,0.281,6.463
2021-11-19 15:00,0.209,5.859
2021-11-19 16:00,0.162,5.397
2021-11-19 17:00,0.135,5.097
2021-11-19 18:00,0.132,5.043
2021-11-19 19:00,0.145,5.196
2021-11-19 20:00,0.158,5.352
2021-11-19 21:00,0.151,5.269
2021-11-19 22:00,0.131,5.037
2021-11-19 23:00,0.176,5.527
2021-11-20 00:00,0.181,5.584
2021-11-20 01:00,0.037,3.518
2021-11-20 02:00,0.003,2.040
2021-11-20 03:00,0.002,1.912
2021-11-20 04:00,0.010,2.571
2021-11-20 05:00,0.014,2.793
2021-11-20 06:00,0.026,3.209
2021-11-20 07:00,0.007,2.358
2021-11-20 08:00,0,1.345
2021-11-20 09:00,0,0.950
2021-11-20 10:00,0.004,2.153
2021-11-20 11:00,0.069,4.164
2021-11-20 12:00,0.231,6.046
2021-11-20 13:00,0.439,7.608
2021-11-20 14:00,0.602,8.736
2021-11-20 15:00,0.669,9.248
2021-11-20 16:00,0.681,9.343
2021-11-20 17:00,0.696,9.471
2021-11-20 18:00,0.745,9.896
2021-11-20 19:00,0.814,10.626
2021-11-20 20:00,0.804,10.511
2021-11-20 21:00,0.772,10.152
2021-11-20 22:00,0.758,10.025
2021-11-20 23:00,0.819,10.688
2021-11-21 00:00,0.841,10.973
2021-11-21 01:00,0.956,13.450
2021-11-21 02:00,0.966,13.896
2021-11-21 03:00,0.950,13.249
2021-11-21 04:00,0.916,12.285
2021-11-21 05:00,0.884,11.637
2021-11-21 06:00,0.893,11.799
2021-11-21 07:00,0.934,12.726
2021-11-21 08:00,0.974,14.332
2021-11-21 09:00,0.990,15.929
2021-11-21 10:00,0.992,16.311
2021-11-21 11:00,0.990,15.810
2021-11-21 12:00,0.986,15.304
2021-11-21 13:00,0.981,14.818
2021-11-21 14:00,0.970,14.128
2021-11-21 15:00,0.955,13.449
2021-11-21 16:00,0.940,12.895
2021-11-21 17:00,0.918,12.324
2021-11-21 18:00,0.893,11.786
2021-11-21 19:00,0.882,11.587
2021-11-21 20:00,0.868,11.367
2021-11-21 21:00,0.830,10.823
2021-11-21 22:00,0.761,10.059
2021-11-21 23:00,0.704,9.534
2021-11-22 00:00,0.748,9.922
2021-11-22 01:00,0.843,10.994
2021-11-22 02:00,0.856,11.181
2021-11-22 03:00,0.857,11.201
2021-11-22 04:00,0.855,11.158
2021-11-22 05:00,0.848,11.067
2021-11-22 06:00,0.846,11.032
2021-11-22 07:00,0.845,11.008
2021-11-22 08:00,0.800,10.466
2021-11-22 09:00,0.663,9.200
2021-11-22 10:00,0.600,8.721
2021-11-22 11:00,0.563,8.456
2021-11-22 12:00,0.560,8.435
2021-11-22 13:00,0.542,8.309
2021-11-22 14:00,0.527,8.205
2021-11-22 15:00,0.539,8.280
2021-11-22 16:00,0.562,8.452
2021-11-22 17:00,0.542,8.301
2021-11-22 18:00,0.513,8.100
2021-11-22 19:00,0.564,8.465
2021-11-22 20:00,0.585,8.614
2021-11-22 21:00,0.568,8.488
2021-11-22 22:00,0.566,8.479
2021-11-22 23:00,0.567,8.483
2021-11-23 00:00,0.423,7.491
2021-11-23 01:00,0.309,6.677
2021-11-23 02:00,0.376,7.164
2021-11-23 03:00,0.505,8.057
2021-11-23 04:00,0.640,9.010
2021-11-23 05:00,0.706,9.548
2021-11-23 06:00,0.705,9.547
2021-11-23 07:00,0.629,8.937
2021-11-23 08:00,0.476,7.857
2021-11-23 09:00,0.504,8.046
2021-11-23 10:00,0.525,8.193
2021-11-23 11:00,0.505,8.048
2021-11-23 12:00,0.473,7.834
2021-11-23 13:00,0.423,7.491
2021-11-23 14:00,0.335,6.868
2021-11-23 15:00,0.276,6.422
2021-11-23 16:00,0.279,6.447
2021-11-23 17:00,0.323,6.790
2021-11-23 18:00,0.400,7.332
2021-11-23 19:00,0.436,7.587
2021-11-23 20:00,0.438,7.596
2021-11-23 21:00,0.405,7.367
2021-11-23 22:00,0.365,7.089
2021-11-23 23:00,0.339,6.909
2021-11-24 00:00,0.247,6.185
2021-11-24 01:00,0.142,5.170
2021-11-24 02:00,0.143,5.187
2021-11-24 03:00,0.158,5.350
2021-11-24 04:00,0.204,5.797
2021-11-24 05:00,0.261,6.302
2021-11-24 06:00,0.291,6.548
2021-11-24 07:00,0.298,6.596
2021-11-24 08:00,0.261,6.302
2021-11-24 09:00,0.291,6.542
2021-11-24 10:00,0.380,7.201
2021-11-24 11:00,0.497,7.993
2021-11-24 12:00,0.590,8.646
2021-11-24 13:00,0.629,8.937
2021-11-24 14:00,0.619,8.861
2021-11-24 15:00,0.586,8.623
2021-11-24 16:00,0.559,8.430
2021-11-24 17:00,0.550,8.366
2021-11-24 18:00,0.556,8.400
2021-11-24 19:00,0.559,8.428
2021-11-24 20:00,0.528,8.213
2021-11-24 21:00,0.468,7.803
2021-11-24 22:00,0.405,7.365
2021-11-24 23:00,0.347,6.956
2021-11-25 00:00,0.240,6.133
2021-11-25 01:00,0.113,4.813
2021-11-25 02:00,0.070,4.174
2021-11-25 03:00,0.106,4.732
2021-11-25 04:00,0.174,5.516
2021-11-25 05:00,0.254,6.247
2021-11-25 06:00,0.330,6.830
2021-11-25 07:00,0.360,7.058
2021-11-25 08:00,0.486,7.923
2021-11-25 09:00,0.673,9.281
2021-11-25 10:00,0.744,9.889
2021-11-25 11:00,0.717,9.645
2021-11-25 12:00,0.662,9.184
2021-11-25 13:00,0.580,8.568
2021-11-25 14:00,0.470,7.817
2021-11-25 15:00,0.380,7.196
2021-11-25 16:00,0.303,6.640
2021-11-25 17:00,0.265,6.328
2021-11-25 18:00,0.261,6.308
2021-11-25 19:00,0.285,6.497
2021-11-25 20:00,0.282,6.471
2021-11-25 21:00,0.251,6.214
2021-11-25 22:00,0.240,6.127
2021-11-25 23:00,0.250,6.206
2021-11-26 00:00,0.260,6.301
2021-11-26 01:00,0.270,6.375
2021-11-26 02:00,0.330,6.839
2021-11-26 03:00,0.348,6.968
2021-11-26 04:00,0.413,7.419
2021-11-26 05:00,0.416,7.451
2021-11-26 06:00,0.383,7.221
2021-11-26 07:00,0.335,6.871
2021-11-26 08:00,0.384,7.226
2021-11-26 09:00,0.556,8.406
2021-11-26 10:00,0.697,9.478
2021-11-26 11:00,0.797,10.423
2021-11-26 12:00,0.865,11.316
2021-11-26 13:00,0.905,12.028
2021-11-26 14:00,0.919,12.347
2021-11-26 15:00,0.920,12.374
2021-11-26 16:00,0.912,12.172
2021-11-26 17:00,0.899,11.910
2021-11-26 18:00,0.887,11.687
2021-11-26 19:00,0.876,11.493
2021-11-26 20:00,0.869,11.374
2021-11-26 21:00,0.868,11.359
2021-11-26 22:00,0.872,11.425
2021-11-26 23:00,0.878,11.511
2021-11-27 00:00,0.843,10.993
2021-11-27 01:00,0.712,9.607
2021-11-27 02:00,0.583,8.602
2021-11-27 03:00,0.621,8.876
2021-11-27 04:00,0.732,9.777
2021-11-27 05:00,0.738,9.837
2021-11-27 06:00,0.661,9.183
2021-11-27 07:00,0.613,8.819
2021-11-27 08:00,0.776,10.201
2021-11-27 09:00,0.866,11.324
2021-11-27 10:00,0.899,11.916
2021-11-27 11:00,0.920,12.366
2021-11-27 12:00,0.929,12.615
2021-11-27 13:00,0.930,12.630
2021-11-27 14:00,0.920,12.372
2021-11-27 15:00,0.917,12.292
2021-11-27 16:00,0.912,12.169
2021-11-27 17:00,0.905,12.027
2021-11-27 18:00,0.891,11.746
2021-11-27 19:00,0.868,11.354
2021-11-27 20:00,0.843,10.993
2021-11-27 21:00,0.846,11.033
2021-11-27 22:00,0.841,10.965
2021-11-27 23:00,0.828,10.793
2021-11-28 00:00,0.807,10.544
2021-11-28 01:00,0.679,9.329
2021-11-28 02:00,0.697,9.474
2021-11-28 03:00,0.773,10.165
2021-11-28 04:00,0.756,10.004
2021-11-28 05:00,0.736,9.820
2021-11-28 06:00,0.700,9.499
2021-11-28 07:00,0.566,8.480
2021-11-28 08:00,0.396,7.308
2021-11-28 09:00,0.373,7.140
2021-11-28 10:00,0.502,8.036
2021-11-28 11:00,0.510,8.086
2021-11-28 12:00,0.395,7.307
2021-11-28 13:00,0.240,6.135
2021-11-28 14:00,0.126,4.979
2021-11-28 15:00,0.058,3.959
2021-11-28 16:00,0.026,3.201
2021-11-28 17:00,0.012,2.666
2021-11-28 18:00,0.005,2.219
2021-11-28 19:00,0.002,1.859
2021-11-28 20:00,0.001,1.768
2021-11-28 21:00,0.004,2.097
2021-11-28 22:00,0.014,2.763
2021-11-28 23:00,0.041,3.600
2021-11-29 00:00,0.085,4.430
2021-11-29 01:00,0.229,6.032
2021-11-29 02:00,0.356,7.025
2021-11-29 03:00,0.476,7.861
2021-11-29 04:00,0.572,8.511
2021-11-29 05:00,0.609,8.791
2021-11-29 06:00,0.620,8.872
2021-11-29 07:00,0.605,8.754
2021-11-29 08:00,0.511,8.096
2021-11-29 09:00,0.426,7.520
2021-11-29 10:00,0.337,6.886
2021-11-29 11:00,0.240,6.130
2021-11-29 12:00,0.177,5.541
2021-11-29 13:00,0.145,5.210
2021-11-29 14:00,0.340,6.913
2021-11-29 15:00,0.830,10.823
2021-11-29 16:00,0.927,12.545
2021-11-29 17:00,0.913,12.196
2021-11-29 18:00,0.906,12.049
2021-11-29 19:00,0.903,11.986
2021-11-29 20:00,0.891,11.757
2021-11-29 21:00,0.856,11.180
2021-11-29 22:00,0.747,9.914
2021-11-29 23:00,0.666,9.226
2021-11-30 00:00,0.652,9.116
2021-11-30 01:00,0.797,10.424
2021-11-30 02:00,0.828,10.798
2021-11-30 03:00,0.857,11.189
2021-11-30 04:00,0.908,12.109
2021-11-30 05:00,0.953,13.329
2021-11-30 06:00,0.973,14.255
2021-11-30 07:00,0.969,14.038
2021-11-30 08:00,0.938,12.868
2021-11-30 09:00,0.899,11.915
2021-11-30 10:00,0.789,10.338
2021-11-30 11:00,0.728,9.737
2021-11-30 12:00,0.742,9.874
2021-11-30 13:00,0.758,10.027
2021-11-30 14:00,0.771,10.146
2021-11-30 15:00,0.708,9.569
2021-11-30 16:00,0.590,8.646
2021-11-30 17:00,0.547,8.343
2021-11-30 18:00,0.510,8.083
2021-11-30 19:00,0.467,7.799
2021-11-30 20:00,0.426,7.520
2021-11-30 21:00,0.362,7.068
2021-11-30 22:00,0.302,6.630
2021-11-30 23:00,0.254,6.239
2021-12-01 00:00,0.195,5.723
2021-12-01 01:00,0.145,5.204
2021-12-01 02:00,0.154,5.300
2021-12-01 03:00,0.335,6.879
2021-12-01 04:00,0.520,8.158
2021-12-01 05:00,0.637,8.994
2021-12-01 06:00,0.711,9.581
2021-12-01 07:00,0.713,9.610
2021-12-01 08:00,0.673,9.276
2021-12-01 09:00,0.746,9.912
2021-12-01 10:00,0.787,10.321
2021-12-01 11:00,0.805,10.524
2021-12-01 12:00,0.820,10.700
2021-12-01 13:00,0.836,10.893
2021-12-01 14:00,0.846,11.042
2021-12-01 15:00,0.863,11.281
2021-12-01 16:00,0.877,11.507
2021-12-01 17:00,0.889,11.730
2021-12-01 18:00,0.901,11.959
2021-12-01 19:00,0.912,12.172
2021-12-01 20:00,0.915,12.267
2021-12-01 21:00,0.909,12.116
2021-12-01 22:00,0.893,11.796
2021-12-01 23:00,0.871,11.410
2021-12-02 00:00,0.786,10.310
2021-12-02 01:00,0.781,10.258
2021-12-02 02:00,0.841,10.965
2021-12-02 03:00,0.872,11.427
2021-12-02 04:00,0.897,11.881
2021-12-02 05:00,0.919,12.353
2021-12-02 06:00,0.932,12.694
2021-12-02 07:00,0.920,12.386
2021-12-02 08:00,0.866,11.324
2021-12-02 09:00,0.763,10.072
2021-12-02 10:00,0.685,9.380
2021-12-02 11:00,0.628,8.929
2021-12-02 12:00,0.625,8.902
2021-12-02 13:00,0.641,9.025
2021-12-02 14:00,0.654,9.129
2021-12-02 15:00,0.661,9.172
2021-12-02 16:00,0.655,9.136
2021-12-02 17:00,0.659,9.164
2021-12-02 18:00,0.659,9.165
2021-12-02 19:00,0.661,9.170
2021-12-02 20:00,0.645,9.054
2021-12-02 21:00,0.589,8.642
2021-12-02 22:00,0.572,8.519
2021-12-02 23:00,0.612,8.812
2021-12-03 00:00,0.645,9.059
2021-12-03 01:00,0.777,10.212
2021-12-03 02:00,0.841,10.967
2021-12-03 03:00,0.880,11.563
2021-12-03 04:00,0.891,11.741
2021-12-03 05:00,0.861,11.252
2021-12-03 06:00,0.801,10.480
2021-12-03 07:00,0.676,9.301
2021-12-03 08:00,0.596,8.687
2021-12-03 09:00,0.620,8.869
2021-12-03 10:00,0.637,8.990
2021-12-03 11:00,0.648,9.083
2021-12-03 12:00,0.643,9.041
2021-12-03 13:00,0.619,8.864
2021-12-03 14:00,0.612,8.809
2021-12-03 15:00,0.622,8.883
2021-12-03 16:00,0.611,8.798
2021-12-03 17:00,0.585,8.613
2021-12-03 18:00,0.572,8.522
2021-12-03 19:00,0.574,8.538
2021-12-03 20:00,0.572,8.521
2021-12-03 21:00,0.569,8.496
2021-12-03 22:00,0.577,8.559
2021-12-03 23:00,0.597,8.693
2021-12-04 00:00,0.550,8.367
2021-12-04 01:00,0.412,7.416
2021-12-04 02:00,0.345,6.948
2021-12-04 03:00,0.518,8.144
2021-12-04 04:00,0.565,8.472
2021-12-04 05:00,0.639,9.008
2021-12-04 06:00,0.660,9.168
2021-12-04 07:00,0.617,8.849
2021-12-04 08:00,0.681,9.346
2021-12-04 09:00,0.799,10.441
2021-12-04 10:00,0.833,10.855
2021-12-04 11:00,0.849,11.072
2021-12-04 12:00,0.864,11.308
2021-12-04 13:00,0.879,11.542
2021-12-04 14:00,0.889,11.724
2021-12-04 15:00,0.893,11.798
2021-12-04 16:00,0.894,11.820
2021-12-04 17:00,0.896,11.861
2021-12-04 18:00,0.900,11.925
2021-12-04 19:00,0.901,11.961
2021-12-04 20:00,0.902,11.974
2021-12-04 21:00,0.907,12.073
2021-12-04 22:00,0.915,12.265
2021-12-04 23:00,0.919,12.336
2021-12-05 00:00,0.897,11.869
2021-12-05 01:00,0.812,10.593
2021-12-05 02:00,0.864,11.295
2021-12-05 03:00,0.903,11.995
2021-12-05 04:00,0.871,11.413
2021-12-05 05:00,0.820,10.701
2021-12-05 06:00,0.743,9.880
2021-12-05 07:00,0.574,8.533
2021-12-05 08:00,0.462,7.756
2021-12-05 09:00,0.445,7.641
2021-12-05 10:00,0.420,7.474
2021-12-05 11:00,0.416,7.448
2021-12-05 12:00,0.496,7.987
2021-12-05 13:00,0.536,8.263
2021-12-05 14:00,0.486,7.926
2021-12-05 15:00,0.443,7.631
2021-12-05 16:00,0.477,7.863
2021-12-05 17:00,0.400,7.339
2021-12-05 18:00,0.288,6.520
2021-12-05 19:00,0.236,6.095
2021-12-05 20:00,0.319,6.746
2021-12-05 21:00,0.444,7.637
2021-12-05 22:00,0.460,7.752
2021-12-05 23:00,0.324,6.796
2021-12-06 00:00,0.132,5.050
2021-12-06 01:00,0.037,3.522
2021-12-06 02:00,0.024,3.138
2021-12-06 03:00,0.055,3.889
2021-12-06 04:00,0.137,5.121
2021-12-06 05:00,0.230,6.040
2021-12-06 06:00,0.319,6.751
2021-12-06 07:00,0.371,7.134
2021-12-06 08:00,0.439,7.602
2021-12-06 09:00,0.569,8.499
2021-12-06 10:00,0.637,8.988
2021-12-06 11:00,0.663,9.202
2021-12-06 12:00,0.679,9.330
2021-12-06 13:00,0.702,9.513
2021-12-06 14:00,0.738,9.829
2021-12-06 15:00,0.778,10.231
2021-12-06 16:00,0.801,10.477
2021-12-06 17:00,0.800,10.460
2021-12-06 18:00,0.777,10.208
2021-12-06 19:00,0.740,9.853
2021-12-06 20:00,0.704,9.536
2021-12-06 21:00,0.689,9.400
2021-12-06 22:00,0.708,9.570
2021-12-06 23:00,0.743,9.878
2021-12-07 00:00,0.726,9.730
2021-12-07 01:00,0.547,8.342
2021-12-07 02:00,0.356,7.030
2021-12-07 03:00,0.279,6.447
2021-12-07 04:00,0.365,7.087
2021-12-07 05:00,0.382,7.210
2021-12-07 06:00,0.328,6.823
2021-12-07 07:00,0.295,6.574
2021-12-07 08:00,0.378,7.184
2021-12-07 09:00,0.476,7.852
2021-12-07 10:00,0.556,8.401
2021-12-07 11:00,0.616,8.834
2021-12-07 12:00,0.676,9.305
2021-12-07 13:00,0.735,9.810
2021-12-07 14:00,0.775,10.190
2021-12-07 15:00,0.783,10.275
2021-12-07 16:00,0.765,10.089
2021-12-07 17:00,0.724,9.702
2021-12-07 18:00,0.684,9.366
2021-12-07 19:00,0.685,9.379
2021-12-07 20:00,0.723,9.694
2021-12-07 21:00,0.730,9.766
2021-12-07 22:00,0.741,9.866
2021-12-07 23:00,0.781,10.260
2021-12-08 00:00,0.767,10.113
2021-12-08 01:00,0.585,8.615
2021-12-08 02:00,0.348,6.966
2021-12-08 03:00,0.258,6.279
2021-12-08 04:00,0.455,7.716
2021-12-08 05:00,0.618,8.853
2021-12-08 06:00,0.649,9.089
2021-12-08 07:00,0.618,8.856
2021-12-08 08:00,0.650,9.098
2021-12-08 09:00,0.716,9.638
2021-12-08 10:00,0.769,10.130
2021-12-08 11:00,0.833,10.852
2021-12-08 12:00,0.861,11.254
2021-12-08 13:00,0.868,11.357
2021-12-08 14:00,0.861,11.253
2021-12-08 15:00,0.858,11.210
2021-12-08 16:00,0.851,11.106
2021-12-08 17:00,0.811,10.581
2021-12-08 18:00,0.711,9.592
2021-12-08 19:00,0.640,9.016
2021-12-08 20:00,0.585,8.616
2021-12-08 21:00,0.536,8.271
2021-12-08 22:00,0.516,8.134
2021-12-08 23:00,0.509,8.079
2021-12-09 00:00,0.505,8.051
2021-12-09 01:00,0.556,8.399
2021-12-09 02:00,0.682,9.355
2021-12-09 03:00,0.775,10.200
2021-12-09 04:00,0.809,10.570
2021-12-09 05:00,0.803,10.498
2021-12-09 06:00,0.769,10.137
2021-12-09 07:00,0.674,9.288
2021-12-09 08:00,0.549,8.354
2021-12-09 09:00,0.516,8.135
2021-12-09 10:00,0.509,8.076
2021-12-09 11:00,0.502,8.027
2021-12-09 12:00,0.484,7.913
2021-12-09 13:00,0.454,7.706
2021-12-09 14:00,0.346,6.952
2021-12-09 15:00,0.242,6.145
2021-12-09 16:00,0.212,5.881
2021-12-09 17:00,0.214,5.906
2021-12-09 18:00,0.204,5.805
2021-12-09 19:00,0.171,5.483
2021-12-09 20:00,0.102,4.663
2021-12-09 21:00,0.037,3.513
2021-12-09 22:00,0.008,2.437
2021-12-09 23:00,0.001,1.752
2021-12-10 00:00,0.001,1.627
2021-12-10 01:00,0.004,2.159
2021-12-10 02:00,0.009,2.495
2021-12-10 03:00,0.015,2.820
2021-12-10 04:00,0.017,2.919
2021-12-10 05:00,0.032,3.378
2021-12-10 06:00,0.074,4.255
2021-12-10 07:00,0.140,5.150
2021-12-10 08:00,0.206,5.828
2021-12-10 09:00,0.291,6.547
2021-12-10 10:00,0.396,7.311
2021-12-10 11:00,0.476,7.858
2021-12-10 12:00,0.555,8.398
2021-12-10 13:00,0.628,8.922
2021-12-10 14:00,0.689,9.400
2021-12-10 15:00,0.787,10.322
2021-12-10 16:00,0.833,10.848
2021-12-10 17:00,0.831,10.838
2021-12-10 18:00,0.765,10.083
2021-12-10 19:00,0.692,9.427
2021-12-10 20:00,0.750,9.943
2021-12-10 21:00,0.793,10.390
2021-12-10 22:00,0.762,10.065
2021-12-10 23:00,0.696,9.461
2021-12-11 00:00,0.608,8.774
2021-12-11 01:00,0.628,8.921
2021-12-11 02:00,0.654,9.133
2021-12-11 03:00,0.689,9.408
2021-12-11 04:00,0.739,9.833
2021-12-11 05:00,0.781,10.259
2021-12-11 06:00,0.808,10.551
2021-12-11 07:00,0.812,10.596
2021-12-11 08:00,0.768,10.123
2021-12-11 09:00,0.702,9.521
2021-12-11 10:00,0.748,9.922
2021-12-11 11:00,0.818,10.674
2021-12-11 12:00,0.856,11.174
2021-12-11 13:00,0.831,10.839
2021-12-11 14:00,0.797,10.428
2021-12-11 15:00,0.695,9.456
2021-12-11 16:00,0.650,9.098
2021-12-11 17:00,0.691,9.419
2021-12-11 18:00,0.650,9.099
2021-12-11 19:00,0.609,8.789
2021-12-11 20:00,0.599,8.710
2021-12-11 21:00,0.558,8.415
2021-12-11 22:00,0.523,8.183
2021-12-11 23:00,0.513,8.109
2021-12-12 00:00,0.473,7.841
2021-12-12 01:00,0.426,7.509
2021-12-12 02:00,0.719,9.663
2021-12-12 03:00,0.882,11.593
2021-12-12 04:00,0.906,12.056
2021-12-12 05:00,0.911,12.148
2021-12-12 06:00,0.903,11.990
2021-12-12 07:00,0.871,11.415
2021-12-12 08:00,0.765,10.094
2021-12-12 09:00,0.739,9.842
2021-12-12 10:00,0.783,10.282
2021-12-12 11:00,0.813,10.601
2021-12-12 12:00,0.830,10.819
2021-12-12 13:00,0.838,10.924
2021-12-12 14:00,0.840,10.952
2021-12-12 15:00,0.833,10.860
2021-12-12 16:00,0.831,10.832
2021-12-12 17:00,0.840,10.949
2021-12-12 18:00,0.856,11.184
2021-12-12 19:00,0.876,11.495
2021-12-12 20:00,0.893,11.782
2021-12-12 21:00,0.896,11.857
2021-12-12 22:00,0.895,11.841
2021-12-12 23:00,0.894,11.814
2021-12-13 00:00,0.876,11.493
2021-12-13 01:00,0.806,10.536
2021-12-13 02:00,0.845,11.008
2021-12-13 03:00,0.933,12.716
2021-12-13 04:00,0.957,13.519
2021-12-13 05:00,0.963,13.768
2021-12-13 06:00,0.954,13.378
2021-12-13 07:00,0.922,12.432
2021-12-13 08:00,0.901,11.942
2021-12-13 09:00,0.888,11.703
2021-12-13 10:00,0.894,11.811
2021-12-13 11:00,0.901,11.941
2021-12-13 12:00,0.908,12.097
2021-12-13 13:00,0.914,12.231
2021-12-13 14:00,0.923,12.448
2021-12-13 15:00,0.907,12.088
2021-12-13 16:00,0.892,11.771
2021-12-13 17:00,0.870,11.395
2021-12-13 18:00,0.841,10.973
2021-12-13 19:00,0.814,10.622
2021-12-13 20:00,0.779,10.241
2021-12-13 21:00,0.765,10.086
2021-12-13 22:00,0.744,9.887
2021-12-13 23:00,0.715,9.633
2021-12-14 00:00,0.658,9.159
2021-12-14 01:00,0.533,8.242
2021-12-14 02:00,0.551,8.378
2021-12-14 03:00,0.448,7.661
2021-12-14 04:00,0.370,7.118
2021-12-14 05:00,0.312,6.704
2021-12-14 06:00,0.251,6.211
2021-12-14 07:00,0.181,5.577
2021-12-14 08:00,0.119,4.901
2021-12-14 09:00,0.079,4.326
2021-12-14 10:00,0.077,4.290
2021-12-14 11:00,0.111,4.783
2021-12-14 12:00,0.145,5.209
2021-12-14 13:00,0.177,5.540
2021-12-14 14:00,0.218,5.937
2021-12-14 15:00,0.266,6.344
2021-12-14 16:00,0.287,6.513
2021-12-14 17:00,0.294,6.571
2021-12-14 18:00,0.303,6.637
2021-12-14 19:00,0.299,6.605
2021-12-14 20:00,0.299,6.599
2021-12-14 21:00,0.361,7.067
2021-12-14 22:00,0.479,7.872
2021-12-14 23:00,0.590,8.645
2021-12-15 00:00,0.612,8.814
2021-12-15 01:00,0.426,7.517
2021-12-15 02:00,0.365,7.086
2021-12-15 03:00,0.562,8.449
2021-12-15 04:00,0.728,9.736
2021-12-15 05:00,0.817,10.652
2021-12-15 06:00,0.834,10.874
2021-12-15 07:00,0.777,10.219
2021-12-15 08:00,0.627,8.918
2021-12-15 09:00,0.539,8.291
2021-12-15 10:00,0.563,8.458
2021-12-15 11:00,0.527,8.211
2021-12-15 12:00,0.424,7.503
2021-12-15 13:00,0.352,6.994
2021-12-15 14:00,0.353,7.005
2021-12-15 15:00,0.426,7.513
2021-12-15 16:00,0.516,8.129
2021-12-15 17:00,0.597,8.697
2021-12-15 18:00,0.661,9.181
2021-12-15 19:00,0.697,9.479
2021-12-15 20:00,0.723,9.696
2021-12-15 21:00,0.703,9.530
2021-12-15 22:00,0.653,9.122
2021-12-15 23:00,0.577,8.551
2021-12-16 00:00,0.460,7.739
2021-12-16 01:00,0.370,7.118
2021-12-16 02:00,0.367,7.106
2021-12-16 03:00,0.516,8.128
2021-12-16 04:00,0.731,9.774
2021-12-16 05:00,0.861,11.241
2021-12-16 06:00,0.912,12.184
2021-12-16 07:00,0.927,12.540
2021-12-16 08:00,0.896,11.851
2021-12-16 09:00,0.801,10.471
2021-12-16 10:00,0.714,9.623
2021-12-16 11:00,0.696,9.457
2021-12-16 12:00,0.703,9.530
2021-12-16 13:00,0.745,9.894
2021-12-16 14:00,0.784,10.285
2021-12-16 15:00,0.811,10.586
2021-12-16 16:00,0.831,10.833
2021-12-16 17:00,0.833,10.862
2021-12-16 18:00,0.820,10.701
2021-12-16 19:00,0.797,10.419
2021-12-16 20:00,0.761,10.051
2021-12-16 21:00,0.723,9.697
2021-12-16 22:00,0.694,9.447
2021-12-16 23:00,0.674,9.287
2021-12-17 00:00,0.659,9.165
2021-12-17 01:00,0.721,9.672
2021-12-17 02:00,0.871,11.413
2021-12-17 03:00,0.938,12.856
2021-12-17 04:00,0.963,13.753
2021-12-17 05:00,0.967,13.976
2021-12-17 06:00,0.958,13.540
2021-12-17 07:00,0.924,12.480
2021-12-17 08:00,0.870,11.393
2021-12-17 09:00,0.826,10.768
2021-12-17 10:00,0.806,10.533
2021-12-17 11:00,0.832,10.843
2021-12-17 12:00,0.876,11.488
2021-12-17 13:00,0.912,12.177
2021-12-17 14:00,0.934,12.736
2021-12-17 15:00,0.838,10.931
2021-12-17 16:00,0.729,9.752
2021-12-17 17:00,0.676,9.302
2021-12-17 18:00,0.704,9.534
2021-12-17 19:00,0.786,10.312
2021-12-17 20:00,0.840,10.953
2021-12-17 21:00,0.854,11.148
2021-12-17 22:00,0.812,10.596
2021-12-17 23:00,0.767,10.101
2021-12-18 00:00,0.748,9.923
2021-12-18 01:00,0.749,9.934
2021-12-18 02:00,0.750,9.944
2021-12-18 03:00,0.779,10.236
2021-12-18 04:00,0.824,10.736
2021-12-18 05:00,0.861,11.248
2021-12-18 06:00,0.873,11.444
2021-12-18 07:00,0.833,10.850
2021-12-18 08:00,0.777,10.218
2021-12-18 09:00,0.775,10.196
2021-12-18 10:00,0.830,10.819
2021-12-18 11:00,0.870,11.388
2021-12-18 12:00,0.902,11.973
2021-12-18 13:00,0.928,12.569
2021-12-18 14:00,0.943,13.013
2021-12-18 15:00,0.946,13.099
2021-12-18 16:00,0.948,13.150
2021-12-18 17:00,0.939,12.893
2021-12-18 18:00,0.933,12.716
2021-12-18 19:00,0.966,13.893
2021-12-18 20:00,0.950,13.235
2021-12-18 21:00,0.878,11.518
2021-12-18 22:00,0.834,10.881
2021-12-18 23:00,0.791,10.351
2021-12-19 00:00,0.767,10.118
2021-12-19 01:00,0.719,9.651
2021-12-19 02:00,0.767,10.110
2021-12-19 03:00,0.780,10.247
2021-12-19 04:00,0.839,10.939
2021-12-19 05:00,0.876,11.490
2021-12-19 06:00,0.880,11.561
2021-12-19 07:00,0.840,10.951
2021-12-19 08:00,0.869,11.381
2021-12-19 09:00,0.911,12.162
2021-12-19 10:00,0.926,12.508
2021-12-19 11:00,0.932,12.669
2021-12-19 12:00,0.940,12.904
2021-12-19 13:00,0.948,13.179
2021-12-19 14:00,0.967,13.951
2021-12-19 15:00,0.963,13.757
2021-12-19 16:00,0.930,12.637
2021-12-19 17:00,0.899,11.903
2021-12-19 18:00,0.871,11.400
2021-12-19 19:00,0.825,10.755
2021-12-19 20:00,0.742,9.873
2021-12-19 21:00,0.692,9.430
2021-12-19 22:00,0.706,9.549
2021-12-19 23:00,0.759,10.034
2021-12-20 00:00,0.808,10.554
2021-12-20 01:00,0.863,11.281
2021-12-20 02:00,0.897,11.866
2021-12-20 03:00,0.904,12.004
2021-12-20 04:00,0.919,12.346
2021-12-20 05:00,0.906,12.056
2021-12-20 06:00,0.856,11.175
2021-12-20 07:00,0.728,9.736
2021-12-20 08:00,0.661,9.177
2021-12-20 09:00,0.619,8.865
2021-12-20 10:00,0.589,8.643
2021-12-20 11:00,0.549,8.361
2021-12-20 12:00,0.505,8.058
2021-12-20 13:00,0.436,7.577
2021-12-20 14:00,0.339,6.908
2021-12-20 15:00,0.247,6.187
2021-12-20 16:00,0.160,5.371
2021-12-20 17:00,0.083,4.391
2021-12-20 18:00,0.029,3.302
2021-12-20 19:00,0.005,2.263
2021-12-20 20:00,0,1.345
2021-12-20 21:00,0,1.369
2021-12-20 22:00,0.011,2.655
2021-12-20 23:00,0.075,4.271
2021-12-21 00:00,0.185,5.631
2021-12-21 01:00,0.227,6.012
2021-12-21 02:00,0.119,4.895
2021-12-21 03:00,0.052,3.847
2021-12-21 04:00,0.054,3.888
2021-12-21 05:00,0.022,3.102
2021-12-21 06:00,0.002,1.923
2021-12-21 07:00,0,0.686
2021-12-21 08:00,0,1.182
2021-12-21 09:00,0.003,2.060
2021-12-21 10:00,0.015,2.832
2021-12-21 11:00,0.025,3.182
2021-12-21 12:00,0.018,2.925
2021-12-21 13:00,0.006,2.321
2021-12-21 14:00,0.001,1.655
2021-12-21 15:00,0.001,1.590
2021-12-21 16:00,0.002,1.874
2021-12-21 17:00,0.005,2.205
2021-12-21 18:00,0.008,2.467
2021-12-21 19:00,0.018,2.929
2021-12-21 20:00,0.044,3.668
2021-12-21 21:00,0.070,4.179
2021-12-21 22:00,0.063,4.060
2021-12-21 23:00,0.035,3.450
2021-12-22 00:00,0.008,2.465
2021-12-22 01:00,0.002,1.834
2021-12-22 02:00,0.003,2.048
2021-12-22 03:00,0.012,2.683
2021-12-22 04:00,0.036,3.482
2021-12-22 05:00,0.069,4.172
2021-12-22 06:00,0.078,4.307
2021-12-22 07:00,0.071,4.207
2021-12-22 08:00,0.052,3.838
2021-12-22 09:00,0.026,3.214
2021-12-22 10:00,0.006,2.336
2021-12-22 11:00,0.001,1.740
2021-12-22 12:00,0.001,1.740
2021-12-22 13:00,0.003,2.069
2021-12-22 14:00,0.007,2.375
2021-12-22 15:00,0.010,2.607
2021-12-22 16:00,0.019,2.994
2021-12-22 17:00,0.037,3.513
2021-12-22 18:00,0.077,4.287
2021-12-22 19:00,0.155,5.312
2021-12-22 20:00,0.251,6.215
2021-12-22 21:00,0.327,6.817
2021-12-22 22:00,0.372,7.135
2021-12-22 23:00,0.358,7.042
2021-12-23 00:00,0.311,6.699
2021-12-23 01:00,0.257,6.262
2021-12-23 02:00,0.227,6.017
2021-12-23 03:00,0.228,6.022
2021-12-23 04:00,0.254,6.250
2021-12-23 05:00,0.307,6.665
2021-12-23 06:00,0.360,7.056
2021-12-23 07:00,0.418,7.463
2021-12-23 08:00,0.464,7.774
2021-12-23 09:00,0.480,7.890
2021-12-23 10:00,0.550,8.371
2021-12-23 11:00,0.582,8.595
2021-12-23 12:00,0.532,8.236
2021-12-23 13:00,0.431,7.554
2021-12-23 14:00,0.293,6.557
2021-12-23 15:00,0.184,5.617
2021-12-23 16:00,0.125,4.966
2021-12-23 17:00,0.098,4.611
2021-12-23 18:00,0.078,4.316
2021-12-23 19:00,0.062,4.030
2021-12-23 20:00,0.062,4.039
2021-12-23 21:00,0.072,4.209
2021-12-23 22:00,0.087,4.450
2021-12-23 23:00,0.110,4.773
2021-12-24 00:00,0.129,5.022
2021-12-24 01:00,0.214,5.901
2021-12-24 02:00,0.278,6.437
2021-12-24 03:00,0.366,7.095
2021-12-24 04:00,0.495,7.986
2021-12-24 05:00,0.619,8.862
2021-12-24 06:00,0.710,9.580
2021-12-24 07:00,0.765,10.090
2021-12-24 08:00,0.750,9.947
2021-12-24 09:00,0.696,9.466
2021-12-24 10:00,0.694,9.444
2021-12-24 11:00,0.678,9.318
2021-12-24 12:00,0.640,9.009
2021-12-24 13:00,0.623,8.891
2021-12-24 14:00,0.578,8.562
2021-12-24 15:00,0.495,7.983
2021-12-24 16:00,0.403,7.351
2021-12-24 17:00,0.314,6.712
2021-12-24 18:00,0.266,6.344
2021-12-24 19:00,0.238,6.117
2021-12-24 20:00,0.229,6.034
2021-12-24 21:00,0.209,5.860
2021-12-24 22:00,0.209,5.853
2021-12-24 23:00,0.239,6.120
2021-12-25 00:00,0.246,6.170
2021-12-25 01:00,0.280,6.453
2021-12-25 02:00,0.307,6.663
2021-12-25 03:00,0.396,7.311
2021-12-25 04:00,0.540,8.296
2021-12-25 05:00,0.692,9.430
2021-12-25 06:00,0.793,10.391
2021-12-25 07:00,0.807,10.547
2021-12-25 08:00,0.764,10.076
2021-12-25 09:00,0.792,10.372
2021-12-25 10:00,0.789,10.336
2021-12-25 11:00,0.778,10.228
2021-12-25 12:00,0.766,10.095
2021-12-25 13:00,0.746,9.905
2021-12-25 14:00,0.735,9.811
2021-12-25 15:00,0.808,10.559
2021-12-25 16:00,0.899,11.903
2021-12-25 17:00,0.851,11.099
2021-12-25 18:00,0.772,10.153
2021-12-25 19:00,0.685,9.380
2021-12-25 20:00,0.588,8.640
2021-12-25 21:00,0.575,8.542
2021-12-25 22:00,0.609,8.789
2021-12-25 23:00,0.639,9.006
2021-12-26 00:00,0.662,9.184
2021-12-26 01:00,0.609,8.787
2021-12-26 02:00,0.729,9.746
2021-12-26 03:00,0.772,10.154
2021-12-26 04:00,0.811,10.579
2021-12-26 05:00,0.840,10.956
2021-12-26 06:00,0.859,11.219
2021-12-26 07:00,0.818,10.680
2021-12-26 08:00,0.846,11.038
2021-12-26 09:00,0.883,11.602
2021-12-26 10:00,0.887,11.688
2021-12-26 11:00,0.891,11.743
2021-12-26 12:00,0.892,11.764
2021-12-26 13:00,0.885,11.641
2021-12-26 14:00,0.878,11.526
2021-12-26 15:00,0.873,11.442
2021-12-26 16:00,0.851,11.105
2021-12-26 17:00,0.822,10.721
2021-12-26 18:00,0.803,10.486
2021-12-26 19:00,0.795,10.409
2021-12-26 20:00,0.781,10.260
2021-12-26 21:00,0.767,10.118
2021-12-26 22:00,0.772,10.150
2021-12-26 23:00,0.785,10.305
2021-12-27 00:00,0.774,10.175
2021-12-27 01:00,0.672,9.265
2021-12-27 02:00,0.719,9.663
2021-12-27 03:00,0.791,10.354
2021-12-27 04:00,0.798,10.434
2021-12-27 05:00,0.851,11.107
2021-12-27 06:00,0.858,11.203
2021-12-27 07:00,0.797,10.423
2021-12-27 08:00,0.878,11.516
2021-12-27 09:00,0.926,12.535
2021-12-27 10:00,0.936,12.797
2021-12-27 11:00,0.940,12.909
2021-12-27 12:00,0.942,12.966
2021-12-27 13:00,0.942,12.981
2021-12-27 14:00,0.942,12.973
2021-12-27 15:00,0.941,12.936
2021-12-27 16:00,0.938,12.834
2021-12-27 17:00,0.933,12.715
2021-12-27 18:00,0.928,12.577
2021-12-27 19:00,0.921,12.398
2021-12-27 20:00,0.909,12.129
2021-12-27 21:00,0.891,11.752
2021-12-27 22:00,0.869,11.383
2021-12-27 23:00,0.849,11.075
2021-12-28 00:00,0.803,10.503
2021-12-28 01:00,0.665,9.214
2021-12-28 02:00,0.708,9.571
2021-12-28 03:00,0.723,9.699
2021-12-28 04:00,0.740,9.857
2021-12-28 05:00,0.734,9.799
2021-12-28 06:00,0.721,9.672
2021-12-28 07:00,0.636,8.984
2021-12-28 08:00,0.633,8.970
2021-12-28 09:00,0.696,9.471
2021-12-28 10:00,0.689,9.404
2021-12-28 11:00,0.645,9.055
2021-12-28 12:00,0.572,8.521
2021-12-28 13:00,0.479,7.881
2021-12-28 14:00,0.345,6.943
2021-12-28 15:00,0.240,6.133
2021-12-28 16:00,0.198,5.757
2021-12-28 17:00,0.191,5.688
2021-12-28 18:00,0.186,5.640
2021-12-28 19:00,0.177,5.537
2021-12-28 20:00,0.191,5.684
2021-12-28 21:00,0.227,6.016
2021-12-28 22:00,0.277,6.431
2021-12-28 23:00,0.329,6.828
2021-12-29 00:00,0.344,6.935
2021-12-29 01:00,0.377,7.176
2021-12-29 02:00,0.505,8.055
2021-12-29 03:00,0.683,9.362
2021-12-29 04:00,0.848,11.059
2021-12-29 05:00,0.911,12.159
2021-12-29 06:00,0.925,12.489
2021-12-29 07:00,0.896,11.858
2021-12-29 08:00,0.841,10.970
2021-12-29 09:00,0.814,10.620
2021-12-29 10:00,0.838,10.934
2021-12-29 11:00,0.878,11.522
2021-12-29 12:00,0.856,11.175
2021-12-29 13:00,0.859,11.224
2021-12-29 14:00,0.855,11.171
2021-12-29 15:00,0.844,11.005
2021-12-29 16:00,0.827,10.781
2021-12-29 17:00,0.806,10.531
2021-12-29 18:00,0.779,10.241
2021-12-29 19:00,0.735,9.808
2021-12-29 20:00,0.666,9.221
2021-12-29 21:00,0.574,8.527
2021-12-29 22:00,0.452,7.696
2021-12-29 23:00,0.355,7.015
2021-12-30 00:00,0.266,6.344
2021-12-30 01:00,0.296,6.576
2021-12-30 02:00,0.342,6.930
2021-12-30 03:00,0.402,7.347
2021-12-30 04:00,0.546,8.335
2021-12-30 05:00,0.705,9.539
2021-12-30 06:00,0.795,10.397
2021-12-30 07:00,0.768,10.124
2021-12-30 08:00,0.694,9.445
2021-12-30 09:00,0.729,9.745
2021-12-30 10:00,0.740,9.853
2021-12-30 11:00,0.731,9.774
2021-12-30 12:00,0.715,9.634
2021-12-30 13:00,0.702,9.518
2021-12-30 14:00,0.669,9.242
2021-12-30 15:00,0.632,8.960
2021-12-30 16:00,0.599,8.709
2021-12-30 17:00,0.541,8.298
2021-12-30 18:00,0.463,7.766
2021-12-30 19:00,0.430,7.548
2021-12-30 20:00,0.426,7.518
2021-12-30 21:00,0.429,7.533
2021-12-30 22:00,0.449,7.663
2021-12-30 23:00,0.480,7.884
2021-12-31 00:00,0.513,8.108
2021-12-31 01:00,0.434,7.570
2021-12-31 02:00,0.412,7.417
2021-12-31 03:00,0.594,8.673
2021-12-31 04:00,0.663,9.192
2021-12-31 05:00,0.706,9.548
2021-12-31 06:00,0.726,9.722
2021-12-31 07:00,0.689,9.398
2021-12-31 08:00,0.840,10.949
2021-12-31 09:00,0.916,12.288
2021-12-31 10:00,0.938,12.830
2021-12-31 11:00,0.950,13.237
2021-12-31 12:00,0.965,13.842
2021-12-31 13:00,0.977,14.569
2021-12-31 14:00,0.976,14.452
2021-12-31 15:00,0.961,13.667
2021-12-31 16:00,0.934,12.738
2021-12-31 17:00,0.903,11.991
2021-12-31 18:00,0.860,11.234
2021-12-31 19:00,0.826,10.779
2021-12-31 20:00,0.797,10.421
2021-12-31 21:00,0.778,10.229
2021-12-31 22:00,0.729,9.750
2021-12-31 23:00,0.702,9.518
