# Renewables.ninja Wind power (Point API) - 37.800, 107.400 - Version: 1.4 - License: https://creativecommons.org/licenses/by-nc/4.0/ - Reference: https://doi.org/10.1016/j.energy.2016.08.068
# Units: time in UTC, electricity in kW, wind_speed in m/s
# {"units": {"time": "UTC", "electricity": "kW", "wind_speed": "m/s"}, "params": {"lat": "37.8", "lon": "107.4", "date_from": "2019-01-01", "date_to": "2019-12-31", "dataset": "merra2", "capacity": "1", "height": "100", "turbine": "Vestas V112 3000", "header": "true", "raw": "true"}}
time,electricity,wind_speed
2019-01-01 00:00,0.236,6.094
2019-01-01 01:00,0.172,5.498
2019-01-01 02:00,0.069,4.165
2019-01-01 03:00,0.076,4.277
2019-01-01 04:00,0.079,4.336
2019-01-01 05:00,0.086,4.435
2019-01-01 06:00,0.085,4.415
2019-01-01 07:00,0.079,4.328
2019-01-01 08:00,0.077,4.295
2019-01-01 09:00,0.096,4.584
2019-01-01 10:00,0.162,5.394
2019-01-01 11:00,0.286,6.506
2019-01-01 12:00,0.442,7.630
2019-01-01 13:00,0.583,8.603
2019-01-01 14:00,0.699,9.487
2019-01-01 15:00,0.778,10.222
2019-01-01 16:00,0.817,10.663
2019-01-01 17:00,0.828,10.793
2019-01-01 18:00,0.822,10.723
2019-01-01 19:00,0.806,10.532
2019-01-01 20:00,0.778,10.232
2019-01-01 21:00,0.729,9.749
2019-01-01 22:00,0.657,9.147
2019-01-01 23:00,0.595,8.685
2019-01-02 00:00,0.554,8.391
2019-01-02 01:00,0.451,7.692
2019-01-02 02:00,0.466,7.784
2019-01-02 03:00,0.549,8.364
2019-01-02 04:00,0.567,8.485
2019-01-02 05:00,0.532,8.238
2019-01-02 06:00,0.459,7.737
2019-01-02 07:00,0.367,7.110
2019-01-02 08:00,0.281,6.462
2019-01-02 09:00,0.352,6.999
2019-01-02 10:00,0.504,8.045
2019-01-02 11:00,0.564,8.469
2019-01-02 12:00,0.559,8.426
2019-01-02 13:00,0.542,8.311
2019-01-02 14:00,0.542,8.305
2019-01-02 15:00,0.518,8.144
2019-01-02 16:00,0.413,7.424
2019-01-02 17:00,0.318,6.738
2019-01-02 18:00,0.299,6.607
2019-01-02 19:00,0.290,6.539
2019-01-02 20:00,0.235,6.079
2019-01-02 21:00,0.127,4.994
2019-01-02 22:00,0.062,4.039
2019-01-02 23:00,0.053,3.869
2019-01-03 00:00,0.044,3.682
2019-01-03 01:00,0.011,2.659
2019-01-03 02:00,0.003,2.072
2019-01-03 03:00,0.008,2.446
2019-01-03 04:00,0.036,3.469
2019-01-03 05:00,0.069,4.164
2019-01-03 06:00,0.079,4.327
2019-01-03 07:00,0.093,4.550
2019-01-03 08:00,0.113,4.815
2019-01-03 09:00,0.134,5.083
2019-01-03 10:00,0.158,5.350
2019-01-03 11:00,0.166,5.434
2019-01-03 12:00,0.189,5.665
2019-01-03 13:00,0.234,6.073
2019-01-03 14:00,0.252,6.226
2019-01-03 15:00,0.233,6.071
2019-01-03 16:00,0.209,5.859
2019-01-03 17:00,0.196,5.739
2019-01-03 18:00,0.158,5.356
2019-01-03 19:00,0.118,4.874
2019-01-03 20:00,0.103,4.686
2019-01-03 21:00,0.088,4.475
2019-01-03 22:00,0.059,3.987
2019-01-03 23:00,0.043,3.650
2019-01-04 00:00,0.024,3.161
2019-01-04 01:00,0.010,2.585
2019-01-04 02:00,0.005,2.210
2019-01-04 03:00,0.001,1.686
2019-01-04 04:00,0,1.051
2019-01-04 05:00,0,0.665
2019-01-04 06:00,0,0.519
2019-01-04 07:00,0,0.849
2019-01-04 08:00,0,1.427
2019-01-04 09:00,0.003,2.020
2019-01-04 10:00,0.017,2.905
2019-01-04 11:00,0.042,3.622
2019-01-04 12:00,0.070,4.178
2019-01-04 13:00,0.085,4.419
2019-01-04 14:00,0.080,4.352
2019-01-04 15:00,0.096,4.591
2019-01-04 16:00,0.126,4.988
2019-01-04 17:00,0.169,5.454
2019-01-04 18:00,0.211,5.878
2019-01-04 19:00,0.262,6.311
2019-01-04 20:00,0.324,6.794
2019-01-04 21:00,0.368,7.112
2019-01-04 22:00,0.397,7.317
2019-01-04 23:00,0.468,7.805
2019-01-05 00:00,0.539,8.282
2019-01-05 01:00,0.363,7.073
2019-01-05 02:00,0.338,6.898
2019-01-05 03:00,0.569,8.497
2019-01-05 04:00,0.604,8.741
2019-01-05 05:00,0.556,8.400
2019-01-05 06:00,0.445,7.639
2019-01-05 07:00,0.285,6.502
2019-01-05 08:00,0.120,4.912
2019-01-05 09:00,0.043,3.646
2019-01-05 10:00,0.037,3.497
2019-01-05 11:00,0.119,4.899
2019-01-05 12:00,0.288,6.518
2019-01-05 13:00,0.489,7.951
2019-01-05 14:00,0.657,9.147
2019-01-05 15:00,0.729,9.749
2019-01-05 16:00,0.730,9.767
2019-01-05 17:00,0.705,9.540
2019-01-05 18:00,0.642,9.029
2019-01-05 19:00,0.519,8.147
2019-01-05 20:00,0.376,7.167
2019-01-05 21:00,0.269,6.365
2019-01-05 22:00,0.179,5.563
2019-01-05 23:00,0.112,4.794
2019-01-06 00:00,0.080,4.352
2019-01-06 01:00,0.067,4.129
2019-01-06 02:00,0.085,4.430
2019-01-06 03:00,0.093,4.547
2019-01-06 04:00,0.134,5.079
2019-01-06 05:00,0.170,5.478
2019-01-06 06:00,0.179,5.555
2019-01-06 07:00,0.198,5.749
2019-01-06 08:00,0.228,6.022
2019-01-06 09:00,0.242,6.148
2019-01-06 10:00,0.319,6.748
2019-01-06 11:00,0.429,7.530
2019-01-06 12:00,0.524,8.187
2019-01-06 13:00,0.528,8.213
2019-01-06 14:00,0.458,7.733
2019-01-06 15:00,0.394,7.294
2019-01-06 16:00,0.317,6.732
2019-01-06 17:00,0.222,5.963
2019-01-06 18:00,0.156,5.323
2019-01-06 19:00,0.123,4.941
2019-01-06 20:00,0.096,4.583
2019-01-06 21:00,0.064,4.068
2019-01-06 22:00,0.075,4.258
2019-01-06 23:00,0.102,4.673
2019-01-07 00:00,0.112,4.802
2019-01-07 01:00,0.060,3.999
2019-01-07 02:00,0.059,3.968
2019-01-07 03:00,0.085,4.427
2019-01-07 04:00,0.117,4.869
2019-01-07 05:00,0.134,5.083
2019-01-07 06:00,0.136,5.099
2019-01-07 07:00,0.132,5.046
2019-01-07 08:00,0.121,4.919
2019-01-07 09:00,0.136,5.101
2019-01-07 10:00,0.138,5.129
2019-01-07 11:00,0.121,4.915
2019-01-07 12:00,0.100,4.628
2019-01-07 13:00,0.091,4.512
2019-01-07 14:00,0.089,4.486
2019-01-07 15:00,0.089,4.479
2019-01-07 16:00,0.077,4.284
2019-01-07 17:00,0.070,4.179
2019-01-07 18:00,0.081,4.361
2019-01-07 19:00,0.095,4.573
2019-01-07 20:00,0.127,4.994
2019-01-07 21:00,0.176,5.532
2019-01-07 22:00,0.225,5.997
2019-01-07 23:00,0.254,6.236
2019-01-08 00:00,0.243,6.154
2019-01-08 01:00,0.119,4.897
2019-01-08 02:00,0.160,5.372
2019-01-08 03:00,0.140,5.151
2019-01-08 04:00,0.137,5.115
2019-01-08 05:00,0.166,5.435
2019-01-08 06:00,0.212,5.880
2019-01-08 07:00,0.258,6.279
2019-01-08 08:00,0.299,6.599
2019-01-08 09:00,0.315,6.723
2019-01-08 10:00,0.362,7.072
2019-01-08 11:00,0.383,7.217
2019-01-08 12:00,0.385,7.232
2019-01-08 13:00,0.409,7.395
2019-01-08 14:00,0.469,7.810
2019-01-08 15:00,0.561,8.438
2019-01-08 16:00,0.640,9.018
2019-01-08 17:00,0.700,9.494
2019-01-08 18:00,0.721,9.674
2019-01-08 19:00,0.705,9.543
2019-01-08 20:00,0.733,9.791
2019-01-08 21:00,0.767,10.104
2019-01-08 22:00,0.779,10.232
2019-01-08 23:00,0.771,10.145
2019-01-09 00:00,0.723,9.701
2019-01-09 01:00,0.536,8.265
2019-01-09 02:00,0.653,9.118
2019-01-09 03:00,0.652,9.113
2019-01-09 04:00,0.435,7.575
2019-01-09 05:00,0.227,6.011
2019-01-09 06:00,0.089,4.486
2019-01-09 07:00,0.022,3.088
2019-01-09 08:00,0.002,1.894
2019-01-09 09:00,0,1.206
2019-01-09 10:00,0,1.264
2019-01-09 11:00,0.001,1.581
2019-01-09 12:00,0.001,1.750
2019-01-09 13:00,0.003,1.977
2019-01-09 14:00,0.019,2.999
2019-01-09 15:00,0.059,3.993
2019-01-09 16:00,0.093,4.547
2019-01-09 17:00,0.128,5.006
2019-01-09 18:00,0.189,5.667
2019-01-09 19:00,0.238,6.110
2019-01-09 20:00,0.248,6.188
2019-01-09 21:00,0.211,5.874
2019-01-09 22:00,0.183,5.609
2019-01-09 23:00,0.193,5.697
2019-01-10 00:00,0.210,5.867
2019-01-10 01:00,0.132,5.043
2019-01-10 02:00,0.084,4.401
2019-01-10 03:00,0.077,4.301
2019-01-10 04:00,0.106,4.722
2019-01-10 05:00,0.127,4.996
2019-01-10 06:00,0.124,4.955
2019-01-10 07:00,0.104,4.703
2019-01-10 08:00,0.083,4.380
2019-01-10 09:00,0.084,4.405
2019-01-10 10:00,0.091,4.511
2019-01-10 11:00,0.115,4.850
2019-01-10 12:00,0.155,5.303
2019-01-10 13:00,0.184,5.617
2019-01-10 14:00,0.191,5.685
2019-01-10 15:00,0.182,5.598
2019-01-10 16:00,0.164,5.412
2019-01-10 17:00,0.117,4.867
2019-01-10 18:00,0.074,4.244
2019-01-10 19:00,0.051,3.824
2019-01-10 20:00,0.044,3.686
2019-01-10 21:00,0.050,3.814
2019-01-10 22:00,0.080,4.344
2019-01-10 23:00,0.141,5.158
2019-01-11 00:00,0.248,6.190
2019-01-11 01:00,0.272,6.399
2019-01-11 02:00,0.169,5.462
2019-01-11 03:00,0.246,6.171
2019-01-11 04:00,0.229,6.032
2019-01-11 05:00,0.174,5.516
2019-01-11 06:00,0.102,4.665
2019-01-11 07:00,0.038,3.528
2019-01-11 08:00,0.003,2.018
2019-01-11 09:00,0.001,1.655
2019-01-11 10:00,0.009,2.538
2019-01-11 11:00,0.021,3.044
2019-01-11 12:00,0.025,3.173
2019-01-11 13:00,0.030,3.320
2019-01-11 14:00,0.061,4.016
2019-01-11 15:00,0.184,5.618
2019-01-11 16:00,0.387,7.239
2019-01-11 17:00,0.559,8.419
2019-01-11 18:00,0.663,9.203
2019-01-11 19:00,0.712,9.603
2019-01-11 20:00,0.704,9.536
2019-01-11 21:00,0.643,9.035
2019-01-11 22:00,0.559,8.432
2019-01-11 23:00,0.488,7.941
2019-01-12 00:00,0.431,7.553
2019-01-12 01:00,0.248,6.190
2019-01-12 02:00,0.088,4.469
2019-01-12 03:00,0.064,4.069
2019-01-12 04:00,0.070,4.181
2019-01-12 05:00,0.073,4.228
2019-01-12 06:00,0.060,3.994
2019-01-12 07:00,0.034,3.436
2019-01-12 08:00,0.016,2.846
2019-01-12 09:00,0.008,2.460
2019-01-12 10:00,0.007,2.352
2019-01-12 11:00,0.008,2.434
2019-01-12 12:00,0.010,2.562
2019-01-12 13:00,0.011,2.653
2019-01-12 14:00,0.011,2.632
2019-01-12 15:00,0.010,2.556
2019-01-12 16:00,0.010,2.605
2019-01-12 17:00,0.017,2.923
2019-01-12 18:00,0.034,3.428
2019-01-12 19:00,0.059,3.972
2019-01-12 20:00,0.090,4.494
2019-01-12 21:00,0.122,4.935
2019-01-12 22:00,0.158,5.346
2019-01-12 23:00,0.200,5.769
2019-01-13 00:00,0.259,6.286
2019-01-13 01:00,0.276,6.422
2019-01-13 02:00,0.121,4.925
2019-01-13 03:00,0.074,4.256
2019-01-13 04:00,0.142,5.179
2019-01-13 05:00,0.104,4.706
2019-01-13 06:00,0.046,3.716
2019-01-13 07:00,0.008,2.489
2019-01-13 08:00,0.001,1.583
2019-01-13 09:00,0.001,1.524
2019-01-13 10:00,0.001,1.766
2019-01-13 11:00,0.002,1.881
2019-01-13 12:00,0.002,1.866
2019-01-13 13:00,0.002,1.803
2019-01-13 14:00,0.001,1.631
2019-01-13 15:00,0.001,1.722
2019-01-13 16:00,0.009,2.520
2019-01-13 17:00,0.026,3.205
2019-01-13 18:00,0.069,4.153
2019-01-13 19:00,0.149,5.247
2019-01-13 20:00,0.271,6.389
2019-01-13 21:00,0.422,7.486
2019-01-13 22:00,0.505,8.049
2019-01-13 23:00,0.497,7.996
2019-01-14 00:00,0.419,7.468
2019-01-14 01:00,0.202,5.780
2019-01-14 02:00,0.127,4.994
2019-01-14 03:00,0.374,7.159
2019-01-14 04:00,0.625,8.899
2019-01-14 05:00,0.775,10.189
2019-01-14 06:00,0.836,10.889
2019-01-14 07:00,0.849,11.078
2019-01-14 08:00,0.841,10.964
2019-01-14 09:00,0.738,9.828
2019-01-14 10:00,0.663,9.198
2019-01-14 11:00,0.640,9.009
2019-01-14 12:00,0.612,8.802
2019-01-14 13:00,0.587,8.633
2019-01-14 14:00,0.561,8.438
2019-01-14 15:00,0.532,8.237
2019-01-14 16:00,0.462,7.757
2019-01-14 17:00,0.384,7.225
2019-01-14 18:00,0.395,7.307
2019-01-14 19:00,0.222,5.965
2019-01-14 20:00,0.119,4.900
2019-01-14 21:00,0.129,5.014
2019-01-14 22:00,0.072,4.213
2019-01-14 23:00,0.043,3.642
2019-01-15 00:00,0.033,3.419
2019-01-15 01:00,0.028,3.273
2019-01-15 02:00,0.014,2.771
2019-01-15 03:00,0.005,2.269
2019-01-15 04:00,0.002,1.787
2019-01-15 05:00,0,1.254
2019-01-15 06:00,0,1.125
2019-01-15 07:00,0,1.039
2019-01-15 08:00,0,0.853
2019-01-15 09:00,0,1.065
2019-01-15 10:00,0.001,1.697
2019-01-15 11:00,0.016,2.863
2019-01-15 12:00,0.052,3.845
2019-01-15 13:00,0.089,4.481
2019-01-15 14:00,0.127,4.998
2019-01-15 15:00,0.191,5.689
2019-01-15 16:00,0.276,6.428
2019-01-15 17:00,0.359,7.052
2019-01-15 18:00,0.423,7.498
2019-01-15 19:00,0.439,7.598
2019-01-15 20:00,0.436,7.581
2019-01-15 21:00,0.419,7.474
2019-01-15 22:00,0.413,7.419
2019-01-15 23:00,0.407,7.382
2019-01-16 00:00,0.355,7.019
2019-01-16 01:00,0.132,5.041
2019-01-16 02:00,0.064,4.074
2019-01-16 03:00,0.081,4.359
2019-01-16 04:00,0.069,4.152
2019-01-16 05:00,0.094,4.558
2019-01-16 06:00,0.131,5.035
2019-01-16 07:00,0.151,5.270
2019-01-16 08:00,0.141,5.159
2019-01-16 09:00,0.123,4.942
2019-01-16 10:00,0.096,4.586
2019-01-16 11:00,0.042,3.618
2019-01-16 12:00,0.007,2.352
2019-01-16 13:00,0.002,1.819
2019-01-16 14:00,0.008,2.465
2019-01-16 15:00,0.032,3.395
2019-01-16 16:00,0.120,4.905
2019-01-16 17:00,0.273,6.407
2019-01-16 18:00,0.393,7.288
2019-01-16 19:00,0.463,7.767
2019-01-16 20:00,0.527,8.212
2019-01-16 21:00,0.581,8.583
2019-01-16 22:00,0.647,9.076
2019-01-16 23:00,0.741,9.864
2019-01-17 00:00,0.800,10.466
2019-01-17 01:00,0.605,8.756
2019-01-17 02:00,0.304,6.647
2019-01-17 03:00,0.393,7.289
2019-01-17 04:00,0.525,8.192
2019-01-17 05:00,0.503,8.040
2019-01-17 06:00,0.412,7.414
2019-01-17 07:00,0.285,6.491
2019-01-17 08:00,0.172,5.499
2019-01-17 09:00,0.165,5.424
2019-01-17 10:00,0.204,5.810
2019-01-17 11:00,0.224,5.987
2019-01-17 12:00,0.265,6.339
2019-01-17 13:00,0.327,6.815
2019-01-17 14:00,0.405,7.366
2019-01-17 15:00,0.420,7.479
2019-01-17 16:00,0.478,7.868
2019-01-17 17:00,0.533,8.243
2019-01-17 18:00,0.519,8.148
2019-01-17 19:00,0.479,7.870
2019-01-17 20:00,0.432,7.556
2019-01-17 21:00,0.396,7.309
2019-01-17 22:00,0.337,6.887
2019-01-17 23:00,0.251,6.217
2019-01-18 00:00,0.183,5.610
2019-01-18 01:00,0.142,5.171
2019-01-18 02:00,0.145,5.205
2019-01-18 03:00,0.152,5.279
2019-01-18 04:00,0.174,5.516
2019-01-18 05:00,0.181,5.580
2019-01-18 06:00,0.177,5.543
2019-01-18 07:00,0.174,5.520
2019-01-18 08:00,0.178,5.545
2019-01-18 09:00,0.192,5.695
2019-01-18 10:00,0.229,6.032
2019-01-18 11:00,0.238,6.104
2019-01-18 12:00,0.215,5.912
2019-01-18 13:00,0.172,5.494
2019-01-18 14:00,0.155,5.307
2019-01-18 15:00,0.170,5.474
2019-01-18 16:00,0.181,5.585
2019-01-18 17:00,0.190,5.680
2019-01-18 18:00,0.157,5.339
2019-01-18 19:00,0.086,4.436
2019-01-18 20:00,0.059,3.988
2019-01-18 21:00,0.044,3.685
2019-01-18 22:00,0.023,3.131
2019-01-18 23:00,0.012,2.691
2019-01-19 00:00,0.014,2.765
2019-01-19 01:00,0.013,2.721
2019-01-19 02:00,0.029,3.289
2019-01-19 03:00,0.069,4.150
2019-01-19 04:00,0.126,4.985
2019-01-19 05:00,0.204,5.797
2019-01-19 06:00,0.276,6.417
2019-01-19 07:00,0.333,6.855
2019-01-19 08:00,0.366,7.096
2019-01-19 09:00,0.355,7.013
2019-01-19 10:00,0.384,7.230
2019-01-19 11:00,0.432,7.556
2019-01-19 12:00,0.471,7.824
2019-01-19 13:00,0.465,7.778
2019-01-19 14:00,0.429,7.532
2019-01-19 15:00,0.406,7.376
2019-01-19 16:00,0.411,7.413
2019-01-19 17:00,0.426,7.517
2019-01-19 18:00,0.432,7.557
2019-01-19 19:00,0.436,7.579
2019-01-19 20:00,0.374,7.158
2019-01-19 21:00,0.219,5.943
2019-01-19 22:00,0.100,4.636
2019-01-19 23:00,0.048,3.775
2019-01-20 00:00,0.026,3.199
2019-01-20 01:00,0.008,2.450
2019-01-20 02:00,0.017,2.907
2019-01-20 03:00,0.066,4.107
2019-01-20 04:00,0.098,4.615
2019-01-20 05:00,0.118,4.889
2019-01-20 06:00,0.139,5.137
2019-01-20 07:00,0.152,5.280
2019-01-20 08:00,0.160,5.376
2019-01-20 09:00,0.173,5.511
2019-01-20 10:00,0.164,5.417
2019-01-20 11:00,0.155,5.305
2019-01-20 12:00,0.177,5.542
2019-01-20 13:00,0.238,6.114
2019-01-20 14:00,0.316,6.728
2019-01-20 15:00,0.385,7.232
2019-01-20 16:00,0.439,7.605
2019-01-20 17:00,0.476,7.850
2019-01-20 18:00,0.502,8.034
2019-01-20 19:00,0.539,8.284
2019-01-20 20:00,0.577,8.557
2019-01-20 21:00,0.578,8.561
2019-01-20 22:00,0.567,8.482
2019-01-20 23:00,0.581,8.578
2019-01-21 00:00,0.595,8.685
2019-01-21 01:00,0.377,7.172
2019-01-21 02:00,0.299,6.607
2019-01-21 03:00,0.365,7.083
2019-01-21 04:00,0.439,7.603
2019-01-21 05:00,0.506,8.062
2019-01-21 06:00,0.533,8.245
2019-01-21 07:00,0.505,8.048
2019-01-21 08:00,0.414,7.434
2019-01-21 09:00,0.292,6.551
2019-01-21 10:00,0.204,5.800
2019-01-21 11:00,0.156,5.331
2019-01-21 12:00,0.149,5.250
2019-01-21 13:00,0.163,5.405
2019-01-21 14:00,0.190,5.672
2019-01-21 15:00,0.240,6.127
2019-01-21 16:00,0.296,6.578
2019-01-21 17:00,0.339,6.908
2019-01-21 18:00,0.373,7.141
2019-01-21 19:00,0.406,7.369
2019-01-21 20:00,0.439,7.605
2019-01-21 21:00,0.445,7.640
2019-01-21 22:00,0.430,7.543
2019-01-21 23:00,0.410,7.403
2019-01-22 00:00,0.365,7.092
2019-01-22 01:00,0.261,6.306
2019-01-22 02:00,0.094,4.559
2019-01-22 03:00,0.036,3.470
2019-01-22 04:00,0.052,3.841
2019-01-22 05:00,0.062,4.048
2019-01-22 06:00,0.055,3.912
2019-01-22 07:00,0.037,3.502
2019-01-22 08:00,0.033,3.406
2019-01-22 09:00,0.035,3.455
2019-01-22 10:00,0.022,3.072
2019-01-22 11:00,0.009,2.533
2019-01-22 12:00,0.002,1.942
2019-01-22 13:00,0,1.358
2019-01-22 14:00,0,1.044
2019-01-22 15:00,0.001,1.555
2019-01-22 16:00,0.006,2.332
2019-01-22 17:00,0.019,2.988
2019-01-22 18:00,0.030,3.330
2019-01-22 19:00,0.034,3.434
2019-01-22 20:00,0.039,3.562
2019-01-22 21:00,0.057,3.942
2019-01-22 22:00,0.099,4.623
2019-01-22 23:00,0.182,5.599
2019-01-23 00:00,0.327,6.819
2019-01-23 01:00,0.419,7.470
2019-01-23 02:00,0.234,6.077
2019-01-23 03:00,0.265,6.337
2019-01-23 04:00,0.627,8.917
2019-01-23 05:00,0.679,9.328
2019-01-23 06:00,0.652,9.110
2019-01-23 07:00,0.615,8.825
2019-01-23 08:00,0.546,8.337
2019-01-23 09:00,0.559,8.420
2019-01-23 10:00,0.594,8.676
2019-01-23 11:00,0.606,8.769
2019-01-23 12:00,0.600,8.710
2019-01-23 13:00,0.590,8.646
2019-01-23 14:00,0.582,8.593
2019-01-23 15:00,0.608,8.777
2019-01-23 16:00,0.634,8.979
2019-01-23 17:00,0.653,9.117
2019-01-23 18:00,0.661,9.170
2019-01-23 19:00,0.632,8.962
2019-01-23 20:00,0.594,8.675
2019-01-23 21:00,0.577,8.556
2019-01-23 22:00,0.572,8.518
2019-01-23 23:00,0.542,8.311
2019-01-24 00:00,0.450,7.684
2019-01-24 01:00,0.248,6.194
2019-01-24 02:00,0.179,5.562
2019-01-24 03:00,0.156,5.321
2019-01-24 04:00,0.107,4.738
2019-01-24 05:00,0.062,4.038
2019-01-24 06:00,0.052,3.844
2019-01-24 07:00,0.069,4.149
2019-01-24 08:00,0.111,4.787
2019-01-24 09:00,0.203,5.788
2019-01-24 10:00,0.327,6.820
2019-01-24 11:00,0.416,7.445
2019-01-24 12:00,0.463,7.763
2019-01-24 13:00,0.437,7.591
2019-01-24 14:00,0.413,7.428
2019-01-24 15:00,0.432,7.557
2019-01-24 16:00,0.396,7.312
2019-01-24 17:00,0.348,6.968
2019-01-24 18:00,0.272,6.398
2019-01-24 19:00,0.205,5.816
2019-01-24 20:00,0.169,5.462
2019-01-24 21:00,0.145,5.199
2019-01-24 22:00,0.107,4.734
2019-01-24 23:00,0.064,4.083
2019-01-25 00:00,0.024,3.138
2019-01-25 01:00,0.004,2.108
2019-01-25 02:00,0.001,1.699
2019-01-25 03:00,0,1.359
2019-01-25 04:00,0,1.100
2019-01-25 05:00,0,0.825
2019-01-25 06:00,0,1.088
2019-01-25 07:00,0.002,1.933
2019-01-25 08:00,0.006,2.326
2019-01-25 09:00,0.017,2.886
2019-01-25 10:00,0.027,3.246
2019-01-25 11:00,0.032,3.389
2019-01-25 12:00,0.035,3.452
2019-01-25 13:00,0.031,3.351
2019-01-25 14:00,0.021,3.044
2019-01-25 15:00,0.014,2.786
2019-01-25 16:00,0.013,2.730
2019-01-25 17:00,0.014,2.784
2019-01-25 18:00,0.014,2.774
2019-01-25 19:00,0.012,2.699
2019-01-25 20:00,0.015,2.825
2019-01-25 21:00,0.026,3.201
2019-01-25 22:00,0.052,3.838
2019-01-25 23:00,0.073,4.240
2019-01-26 00:00,0.079,4.329
2019-01-26 01:00,0.051,3.827
2019-01-26 02:00,0.019,2.989
2019-01-26 03:00,0.021,3.039
2019-01-26 04:00,0.031,3.348
2019-01-26 05:00,0.031,3.355
2019-01-26 06:00,0.015,2.828
2019-01-26 07:00,0.003,2.068
2019-01-26 08:00,0.001,1.699
2019-01-26 09:00,0.009,2.521
2019-01-26 10:00,0.046,3.707
2019-01-26 11:00,0.088,4.469
2019-01-26 12:00,0.091,4.520
2019-01-26 13:00,0.110,4.774
2019-01-26 14:00,0.143,5.187
2019-01-26 15:00,0.143,5.185
2019-01-26 16:00,0.150,5.261
2019-01-26 17:00,0.211,5.871
2019-01-26 18:00,0.246,6.169
2019-01-26 19:00,0.270,6.379
2019-01-26 20:00,0.321,6.777
2019-01-26 21:00,0.321,6.760
2019-01-26 22:00,0.283,6.478
2019-01-26 23:00,0.213,5.889
2019-01-27 00:00,0.117,4.865
2019-01-27 01:00,0.057,3.945
2019-01-27 02:00,0.074,4.254
2019-01-27 03:00,0.077,4.306
2019-01-27 04:00,0.093,4.529
2019-01-27 05:00,0.111,4.779
2019-01-27 06:00,0.117,4.868
2019-01-27 07:00,0.125,4.967
2019-01-27 08:00,0.134,5.084
2019-01-27 09:00,0.157,5.339
2019-01-27 10:00,0.169,5.460
2019-01-27 11:00,0.151,5.271
2019-01-27 12:00,0.126,4.979
2019-01-27 13:00,0.105,4.716
2019-01-27 14:00,0.080,4.348
2019-01-27 15:00,0.063,4.067
2019-01-27 16:00,0.050,3.799
2019-01-27 17:00,0.038,3.538
2019-01-27 18:00,0.032,3.389
2019-01-27 19:00,0.054,3.874
2019-01-27 20:00,0.076,4.276
2019-01-27 21:00,0.083,4.381
2019-01-27 22:00,0.085,4.419
2019-01-27 23:00,0.093,4.551
2019-01-28 00:00,0.106,4.732
2019-01-28 01:00,0.068,4.133
2019-01-28 02:00,0.037,3.523
2019-01-28 03:00,0.038,3.539
2019-01-28 04:00,0.039,3.563
2019-01-28 05:00,0.040,3.590
2019-01-28 06:00,0.038,3.530
2019-01-28 07:00,0.039,3.551
2019-01-28 08:00,0.040,3.596
2019-01-28 09:00,0.041,3.613
2019-01-28 10:00,0.039,3.554
2019-01-28 11:00,0.037,3.501
2019-01-28 12:00,0.036,3.479
2019-01-28 13:00,0.034,3.429
2019-01-28 14:00,0.038,3.534
2019-01-28 15:00,0.086,4.447
2019-01-28 16:00,0.207,5.835
2019-01-28 17:00,0.384,7.224
2019-01-28 18:00,0.503,8.041
2019-01-28 19:00,0.538,8.277
2019-01-28 20:00,0.571,8.509
2019-01-28 21:00,0.548,8.346
2019-01-28 22:00,0.483,7.908
2019-01-28 23:00,0.413,7.429
2019-01-29 00:00,0.335,6.876
2019-01-29 01:00,0.190,5.673
2019-01-29 02:00,0.062,4.044
2019-01-29 03:00,0.021,3.043
2019-01-29 04:00,0.012,2.687
2019-01-29 05:00,0.005,2.209
2019-01-29 06:00,0.001,1.610
2019-01-29 07:00,0,1.218
2019-01-29 08:00,0.001,1.625
2019-01-29 09:00,0.011,2.651
2019-01-29 10:00,0.037,3.515
2019-01-29 11:00,0.058,3.958
2019-01-29 12:00,0.072,4.213
2019-01-29 13:00,0.109,4.770
2019-01-29 14:00,0.164,5.418
2019-01-29 15:00,0.236,6.091
2019-01-29 16:00,0.254,6.243
2019-01-29 17:00,0.262,6.313
2019-01-29 18:00,0.287,6.517
2019-01-29 19:00,0.307,6.662
2019-01-29 20:00,0.360,7.059
2019-01-29 21:00,0.422,7.486
2019-01-29 22:00,0.488,7.939
2019-01-29 23:00,0.506,8.066
2019-01-30 00:00,0.539,8.284
2019-01-30 01:00,0.520,8.158
2019-01-30 02:00,0.450,7.677
2019-01-30 03:00,0.417,7.454
2019-01-30 04:00,0.443,7.631
2019-01-30 05:00,0.469,7.810
2019-01-30 06:00,0.496,7.988
2019-01-30 07:00,0.494,7.982
2019-01-30 08:00,0.436,7.584
2019-01-30 09:00,0.367,7.097
2019-01-30 10:00,0.284,6.480
2019-01-30 11:00,0.245,6.165
2019-01-30 12:00,0.251,6.222
2019-01-30 13:00,0.257,6.267
2019-01-30 14:00,0.232,6.059
2019-01-30 15:00,0.246,6.178
2019-01-30 16:00,0.267,6.349
2019-01-30 17:00,0.299,6.605
2019-01-30 18:00,0.302,6.623
2019-01-30 19:00,0.279,6.443
2019-01-30 20:00,0.234,6.076
2019-01-30 21:00,0.160,5.371
2019-01-30 22:00,0.100,4.635
2019-01-30 23:00,0.090,4.493
2019-01-31 00:00,0.114,4.834
2019-01-31 01:00,0.245,6.168
2019-01-31 02:00,0.413,7.428
2019-01-31 03:00,0.526,8.203
2019-01-31 04:00,0.589,8.643
2019-01-31 05:00,0.645,9.058
2019-01-31 06:00,0.628,8.930
2019-01-31 07:00,0.527,8.208
2019-01-31 08:00,0.403,7.354
2019-01-31 09:00,0.258,6.279
2019-01-31 10:00,0.159,5.363
2019-01-31 11:00,0.095,4.577
2019-01-31 12:00,0.083,4.387
2019-01-31 13:00,0.131,5.034
2019-01-31 14:00,0.253,6.230
2019-01-31 15:00,0.423,7.496
2019-01-31 16:00,0.574,8.529
2019-01-31 17:00,0.634,8.978
2019-01-31 18:00,0.628,8.934
2019-01-31 19:00,0.612,8.813
2019-01-31 20:00,0.609,8.785
2019-01-31 21:00,0.612,8.803
2019-01-31 22:00,0.655,9.138
2019-01-31 23:00,0.748,9.927
2019-02-01 00:00,0.763,10.072
2019-02-01 01:00,0.507,8.069
2019-02-01 02:00,0.390,7.262
2019-02-01 03:00,0.655,9.138
2019-02-01 04:00,0.817,10.664
2019-02-01 05:00,0.842,10.984
2019-02-01 06:00,0.841,10.973
2019-02-01 07:00,0.842,10.980
2019-02-01 08:00,0.786,10.316
2019-02-01 09:00,0.828,10.793
2019-02-01 10:00,0.879,11.550
2019-02-01 11:00,0.858,11.207
2019-02-01 12:00,0.831,10.830
2019-02-01 13:00,0.841,10.975
2019-02-01 14:00,0.814,10.617
2019-02-01 15:00,0.807,10.547
2019-02-01 16:00,0.817,10.664
2019-02-01 17:00,0.824,10.750
2019-02-01 18:00,0.825,10.757
2019-02-01 19:00,0.804,10.506
2019-02-01 20:00,0.780,10.252
2019-02-01 21:00,0.726,9.730
2019-02-01 22:00,0.684,9.370
2019-02-01 23:00,0.680,9.334
2019-02-02 00:00,0.634,8.976
2019-02-02 01:00,0.459,7.737
2019-02-02 02:00,0.662,9.185
2019-02-02 03:00,0.715,9.632
2019-02-02 04:00,0.772,10.151
2019-02-02 05:00,0.829,10.805
2019-02-02 06:00,0.892,11.762
2019-02-02 07:00,0.925,12.500
2019-02-02 08:00,0.929,12.610
2019-02-02 09:00,0.884,11.635
2019-02-02 10:00,0.815,10.634
2019-02-02 11:00,0.678,9.321
2019-02-02 12:00,0.647,9.072
2019-02-02 13:00,0.710,9.579
2019-02-02 14:00,0.721,9.682
2019-02-02 15:00,0.710,9.584
2019-02-02 16:00,0.718,9.659
2019-02-02 17:00,0.669,9.236
2019-02-02 18:00,0.621,8.879
2019-02-02 19:00,0.581,8.583
2019-02-02 20:00,0.560,8.435
2019-02-02 21:00,0.513,8.105
2019-02-02 22:00,0.472,7.827
2019-02-02 23:00,0.515,8.117
2019-02-03 00:00,0.542,8.312
2019-02-03 01:00,0.429,7.530
2019-02-03 02:00,0.569,8.490
2019-02-03 03:00,0.725,9.717
2019-02-03 04:00,0.813,10.612
2019-02-03 05:00,0.831,10.827
2019-02-03 06:00,0.814,10.631
2019-02-03 07:00,0.767,10.104
2019-02-03 08:00,0.664,9.206
2019-02-03 09:00,0.523,8.173
2019-02-03 10:00,0.426,7.510
2019-02-03 11:00,0.300,6.610
2019-02-03 12:00,0.224,5.978
2019-02-03 13:00,0.268,6.362
2019-02-03 14:00,0.476,7.849
2019-02-03 15:00,0.715,9.633
2019-02-03 16:00,0.851,11.104
2019-02-03 17:00,0.907,12.076
2019-02-03 18:00,0.924,12.468
2019-02-03 19:00,0.927,12.544
2019-02-03 20:00,0.927,12.553
2019-02-03 21:00,0.921,12.395
2019-02-03 22:00,0.923,12.448
2019-02-03 23:00,0.929,12.606
2019-02-04 00:00,0.879,11.535
2019-02-04 01:00,0.663,9.198
2019-02-04 02:00,0.392,7.278
2019-02-04 03:00,0.396,7.314
2019-02-04 04:00,0.356,7.026
2019-02-04 05:00,0.354,7.007
2019-02-04 06:00,0.432,7.558
2019-02-04 07:00,0.556,8.400
2019-02-04 08:00,0.594,8.672
2019-02-04 09:00,0.639,9.006
2019-02-04 10:00,0.641,9.026
2019-02-04 11:00,0.628,8.920
2019-02-04 12:00,0.594,8.669
2019-02-04 13:00,0.565,8.477
2019-02-04 14:00,0.572,8.515
2019-02-04 15:00,0.555,8.398
2019-02-04 16:00,0.513,8.107
2019-02-04 17:00,0.442,7.628
2019-02-04 18:00,0.359,7.053
2019-02-04 19:00,0.282,6.473
2019-02-04 20:00,0.229,6.033
2019-02-04 21:00,0.222,5.965
2019-02-04 22:00,0.216,5.922
2019-02-04 23:00,0.223,5.975
2019-02-05 00:00,0.286,6.506
2019-02-05 01:00,0.246,6.183
2019-02-05 02:00,0.191,5.689
2019-02-05 03:00,0.280,6.454
2019-02-05 04:00,0.364,7.078
2019-02-05 05:00,0.416,7.453
2019-02-05 06:00,0.410,7.400
2019-02-05 07:00,0.369,7.117
2019-02-05 08:00,0.289,6.529
2019-02-05 09:00,0.278,6.438
2019-02-05 10:00,0.297,6.580
2019-02-05 11:00,0.311,6.690
2019-02-05 12:00,0.281,6.460
2019-02-05 13:00,0.238,6.107
2019-02-05 14:00,0.268,6.355
2019-02-05 15:00,0.360,7.059
2019-02-05 16:00,0.450,7.681
2019-02-05 17:00,0.532,8.235
2019-02-05 18:00,0.606,8.761
2019-02-05 19:00,0.621,8.882
2019-02-05 20:00,0.533,8.245
2019-02-05 21:00,0.278,6.438
2019-02-05 22:00,0.107,4.736
2019-02-05 23:00,0.130,5.024
2019-02-06 00:00,0.338,6.897
2019-02-06 01:00,0.400,7.332
2019-02-06 02:00,0.479,7.871
2019-02-06 03:00,0.643,9.039
2019-02-06 04:00,0.742,9.868
2019-02-06 05:00,0.816,10.643
2019-02-06 06:00,0.843,10.987
2019-02-06 07:00,0.821,10.707
2019-02-06 08:00,0.735,9.804
2019-02-06 09:00,0.752,9.972
2019-02-06 10:00,0.827,10.784
2019-02-06 11:00,0.811,10.578
2019-02-06 12:00,0.766,10.098
2019-02-06 13:00,0.785,10.305
2019-02-06 14:00,0.755,10.001
2019-02-06 15:00,0.637,8.990
2019-02-06 16:00,0.524,8.191
2019-02-06 17:00,0.400,7.333
2019-02-06 18:00,0.311,6.700
2019-02-06 19:00,0.273,6.405
2019-02-06 20:00,0.309,6.677
2019-02-06 21:00,0.403,7.353
2019-02-06 22:00,0.469,7.814
2019-02-06 23:00,0.441,7.616
2019-02-07 00:00,0.439,7.599
2019-02-07 01:00,0.515,8.117
2019-02-07 02:00,0.513,8.109
2019-02-07 03:00,0.454,7.712
2019-02-07 04:00,0.451,7.691
2019-02-07 05:00,0.406,7.376
2019-02-07 06:00,0.326,6.810
2019-02-07 07:00,0.257,6.266
2019-02-07 08:00,0.144,5.193
2019-02-07 09:00,0.105,4.718
2019-02-07 10:00,0.184,5.616
2019-02-07 11:00,0.246,6.178
2019-02-07 12:00,0.283,6.476
2019-02-07 13:00,0.239,6.125
2019-02-07 14:00,0.246,6.172
2019-02-07 15:00,0.380,7.189
2019-02-07 16:00,0.467,7.801
2019-02-07 17:00,0.436,7.586
2019-02-07 18:00,0.434,7.570
2019-02-07 19:00,0.356,7.030
2019-02-07 20:00,0.206,5.829
2019-02-07 21:00,0.174,5.520
2019-02-07 22:00,0.138,5.129
2019-02-07 23:00,0.106,4.723
2019-02-08 00:00,0.119,4.892
2019-02-08 01:00,0.154,5.296
2019-02-08 02:00,0.146,5.223
2019-02-08 03:00,0.179,5.560
2019-02-08 04:00,0.276,6.419
2019-02-08 05:00,0.377,7.170
2019-02-08 06:00,0.426,7.513
2019-02-08 07:00,0.441,7.614
2019-02-08 08:00,0.459,7.736
2019-02-08 09:00,0.420,7.474
2019-02-08 10:00,0.352,6.998
2019-02-08 11:00,0.322,6.779
2019-02-08 12:00,0.289,6.533
2019-02-08 13:00,0.245,6.167
2019-02-08 14:00,0.202,5.783
2019-02-08 15:00,0.179,5.559
2019-02-08 16:00,0.229,6.033
2019-02-08 17:00,0.258,6.280
2019-02-08 18:00,0.216,5.919
2019-02-08 19:00,0.098,4.609
2019-02-08 20:00,0.069,4.159
2019-02-08 21:00,0.083,4.390
2019-02-08 22:00,0.081,4.364
2019-02-08 23:00,0.100,4.641
2019-02-09 00:00,0.085,4.430
2019-02-09 01:00,0.118,4.880
2019-02-09 02:00,0.041,3.606
2019-02-09 03:00,0.013,2.729
2019-02-09 04:00,0.016,2.884
2019-02-09 05:00,0.021,3.057
2019-02-09 06:00,0.024,3.147
2019-02-09 07:00,0.026,3.204
2019-02-09 08:00,0.024,3.137
2019-02-09 09:00,0.034,3.435
2019-02-09 10:00,0.070,4.179
2019-02-09 11:00,0.133,5.064
2019-02-09 12:00,0.153,5.285
2019-02-09 13:00,0.166,5.440
2019-02-09 14:00,0.141,5.156
2019-02-09 15:00,0.090,4.495
2019-02-09 16:00,0.062,4.036
2019-02-09 17:00,0.044,3.679
2019-02-09 18:00,0.027,3.226
2019-02-09 19:00,0.012,2.676
2019-02-09 20:00,0.011,2.649
2019-02-09 21:00,0.015,2.845
2019-02-09 22:00,0.028,3.284
2019-02-09 23:00,0.052,3.843
2019-02-10 00:00,0.080,4.342
2019-02-10 01:00,0.128,5.010
2019-02-10 02:00,0.203,5.795
2019-02-10 03:00,0.261,6.309
2019-02-10 04:00,0.348,6.965
2019-02-10 05:00,0.463,7.763
2019-02-10 06:00,0.549,8.356
2019-02-10 07:00,0.565,8.473
2019-02-10 08:00,0.506,8.067
2019-02-10 09:00,0.335,6.868
2019-02-10 10:00,0.191,5.689
2019-02-10 11:00,0.096,4.580
2019-02-10 12:00,0.055,3.889
2019-02-10 13:00,0.033,3.413
2019-02-10 14:00,0.017,2.911
2019-02-10 15:00,0.015,2.825
2019-02-10 16:00,0.028,3.266
2019-02-10 17:00,0.073,4.233
2019-02-10 18:00,0.159,5.359
2019-02-10 19:00,0.198,5.757
2019-02-10 20:00,0.185,5.632
2019-02-10 21:00,0.135,5.091
2019-02-10 22:00,0.111,4.787
2019-02-10 23:00,0.197,5.747
2019-02-11 00:00,0.319,6.746
2019-02-11 01:00,0.197,5.743
2019-02-11 02:00,0.234,6.072
2019-02-11 03:00,0.450,7.685
2019-02-11 04:00,0.516,8.124
2019-02-11 05:00,0.393,7.293
2019-02-11 06:00,0.203,5.788
2019-02-11 07:00,0.075,4.267
2019-02-11 08:00,0.021,3.046
2019-02-11 09:00,0.003,1.981
2019-02-11 10:00,0.003,1.980
2019-02-11 11:00,0.009,2.506
2019-02-11 12:00,0.013,2.744
2019-02-11 13:00,0.034,3.426
2019-02-11 14:00,0.118,4.884
2019-02-11 15:00,0.218,5.938
2019-02-11 16:00,0.269,6.367
2019-02-11 17:00,0.349,6.980
2019-02-11 18:00,0.438,7.594
2019-02-11 19:00,0.492,7.971
2019-02-11 20:00,0.483,7.907
2019-02-11 21:00,0.399,7.326
2019-02-11 22:00,0.290,6.534
2019-02-11 23:00,0.205,5.819
2019-02-12 00:00,0.132,5.048
2019-02-12 01:00,0.038,3.529
2019-02-12 02:00,0.011,2.660
2019-02-12 03:00,0.007,2.419
2019-02-12 04:00,0.009,2.530
2019-02-12 05:00,0.009,2.507
2019-02-12 06:00,0.004,2.157
2019-02-12 07:00,0.001,1.609
2019-02-12 08:00,0,0.971
2019-02-12 09:00,0.001,1.555
2019-02-12 10:00,0.055,3.897
2019-02-12 11:00,0.204,5.811
2019-02-12 12:00,0.310,6.685
2019-02-12 13:00,0.355,7.024
2019-02-12 14:00,0.396,7.313
2019-02-12 15:00,0.465,7.776
2019-02-12 16:00,0.513,8.108
2019-02-12 17:00,0.514,8.114
2019-02-12 18:00,0.487,7.934
2019-02-12 19:00,0.490,7.958
2019-02-12 20:00,0.526,8.203
2019-02-12 21:00,0.507,8.070
2019-02-12 22:00,0.516,8.131
2019-02-12 23:00,0.521,8.164
2019-02-13 00:00,0.446,7.644
2019-02-13 01:00,0.360,7.060
2019-02-13 02:00,0.459,7.736
2019-02-13 03:00,0.637,8.988
2019-02-13 04:00,0.738,9.839
2019-02-13 05:00,0.816,10.643
2019-02-13 06:00,0.872,11.430
2019-02-13 07:00,0.920,12.370
2019-02-13 08:00,0.946,13.111
2019-02-13 09:00,0.936,12.806
2019-02-13 10:00,0.939,12.872
2019-02-13 11:00,0.939,12.876
2019-02-13 12:00,0.909,12.113
2019-02-13 13:00,0.879,11.547
2019-02-13 14:00,0.876,11.497
2019-02-13 15:00,0.897,11.876
2019-02-13 16:00,0.876,11.490
2019-02-13 17:00,0.765,10.086
2019-02-13 18:00,0.814,10.616
2019-02-13 19:00,0.919,12.331
2019-02-13 20:00,0.962,13.718
2019-02-13 21:00,0.925,12.503
2019-02-13 22:00,0.863,11.282
2019-02-13 23:00,0.839,10.946
2019-02-14 00:00,0.852,11.113
2019-02-14 01:00,0.897,11.871
2019-02-14 02:00,0.908,12.105
2019-02-14 03:00,0.917,12.311
2019-02-14 04:00,0.927,12.560
2019-02-14 05:00,0.938,12.834
2019-02-14 06:00,0.948,13.170
2019-02-14 07:00,0.947,13.145
2019-02-14 08:00,0.932,12.671
2019-02-14 09:00,0.863,11.277
2019-02-14 10:00,0.703,9.526
2019-02-14 11:00,0.581,8.581
2019-02-14 12:00,0.466,7.789
2019-02-14 13:00,0.345,6.948
2019-02-14 14:00,0.232,6.057
2019-02-14 15:00,0.169,5.454
2019-02-14 16:00,0.136,5.107
2019-02-14 17:00,0.105,4.706
2019-02-14 18:00,0.069,4.156
2019-02-14 19:00,0.037,3.494
2019-02-14 20:00,0.017,2.903
2019-02-14 21:00,0.013,2.732
2019-02-14 22:00,0.015,2.842
2019-02-14 23:00,0.018,2.952
2019-02-15 00:00,0.015,2.816
2019-02-15 01:00,0.017,2.902
2019-02-15 02:00,0.039,3.557
2019-02-15 03:00,0.069,4.159
2019-02-15 04:00,0.090,4.502
2019-02-15 05:00,0.097,4.604
2019-02-15 06:00,0.083,4.377
2019-02-15 07:00,0.061,4.021
2019-02-15 08:00,0.048,3.767
2019-02-15 09:00,0.046,3.726
2019-02-15 10:00,0.105,4.713
2019-02-15 11:00,0.181,5.590
2019-02-15 12:00,0.248,6.188
2019-02-15 13:00,0.302,6.626
2019-02-15 14:00,0.322,6.781
2019-02-15 15:00,0.338,6.895
2019-02-15 16:00,0.375,7.163
2019-02-15 17:00,0.425,7.504
2019-02-15 18:00,0.460,7.740
2019-02-15 19:00,0.456,7.726
2019-02-15 20:00,0.448,7.659
2019-02-15 21:00,0.393,7.286
2019-02-15 22:00,0.345,6.950
2019-02-15 23:00,0.309,6.675
2019-02-16 00:00,0.163,5.400
2019-02-16 01:00,0.148,5.244
2019-02-16 02:00,0.161,5.382
2019-02-16 03:00,0.112,4.797
2019-02-16 04:00,0.079,4.336
2019-02-16 05:00,0.064,4.084
2019-02-16 06:00,0.062,4.030
2019-02-16 07:00,0.055,3.911
2019-02-16 08:00,0.047,3.753
2019-02-16 09:00,0.058,3.961
2019-02-16 10:00,0.131,5.033
2019-02-16 11:00,0.188,5.653
2019-02-16 12:00,0.207,5.836
2019-02-16 13:00,0.206,5.832
2019-02-16 14:00,0.185,5.631
2019-02-16 15:00,0.146,5.215
2019-02-16 16:00,0.118,4.877
2019-02-16 17:00,0.106,4.723
2019-02-16 18:00,0.105,4.718
2019-02-16 19:00,0.134,5.081
2019-02-16 20:00,0.169,5.454
2019-02-16 21:00,0.169,5.454
2019-02-16 22:00,0.164,5.417
2019-02-16 23:00,0.157,5.336
2019-02-17 00:00,0.088,4.475
2019-02-17 01:00,0.083,4.380
2019-02-17 02:00,0.091,4.519
2019-02-17 03:00,0.072,4.222
2019-02-17 04:00,0.040,3.575
2019-02-17 05:00,0.024,3.163
2019-02-17 06:00,0.020,3.010
2019-02-17 07:00,0.008,2.478
2019-02-17 08:00,0.001,1.640
2019-02-17 09:00,0,0.916
2019-02-17 10:00,0,1.411
2019-02-17 11:00,0.004,2.126
2019-02-17 12:00,0.006,2.333
2019-02-17 13:00,0.006,2.311
2019-02-17 14:00,0.006,2.317
2019-02-17 15:00,0.007,2.351
2019-02-17 16:00,0.007,2.379
2019-02-17 17:00,0.006,2.336
2019-02-17 18:00,0.005,2.206
2019-02-17 19:00,0.003,2.010
2019-02-17 20:00,0.002,1.829
2019-02-17 21:00,0.003,2.017
2019-02-17 22:00,0.005,2.252
2019-02-17 23:00,0.003,1.956
2019-02-18 00:00,0,1.395
2019-02-18 01:00,0.002,1.790
2019-02-18 02:00,0.008,2.462
2019-02-18 03:00,0.030,3.343
2019-02-18 04:00,0.071,4.195
2019-02-18 05:00,0.116,4.856
2019-02-18 06:00,0.148,5.242
2019-02-18 07:00,0.137,5.113
2019-02-18 08:00,0.107,4.736
2019-02-18 09:00,0.070,4.181
2019-02-18 10:00,0.033,3.421
2019-02-18 11:00,0.010,2.563
2019-02-18 12:00,0.003,1.950
2019-02-18 13:00,0.001,1.595
2019-02-18 14:00,0.005,2.255
2019-02-18 15:00,0.024,3.158
2019-02-18 16:00,0.037,3.511
2019-02-18 17:00,0.037,3.497
2019-02-18 18:00,0.038,3.527
2019-02-18 19:00,0.046,3.725
2019-02-18 20:00,0.054,3.883
2019-02-18 21:00,0.040,3.596
2019-02-18 22:00,0.022,3.079
2019-02-18 23:00,0.017,2.912
2019-02-19 00:00,0.028,3.281
2019-02-19 01:00,0.017,2.925
2019-02-19 02:00,0.008,2.445
2019-02-19 03:00,0.008,2.443
2019-02-19 04:00,0.009,2.532
2019-02-19 05:00,0.009,2.505
2019-02-19 06:00,0.008,2.477
2019-02-19 07:00,0.012,2.702
2019-02-19 08:00,0.032,3.385
2019-02-19 09:00,0.125,4.965
2019-02-19 10:00,0.323,6.791
2019-02-19 11:00,0.466,7.782
2019-02-19 12:00,0.506,8.064
2019-02-19 13:00,0.510,8.086
2019-02-19 14:00,0.510,8.090
2019-02-19 15:00,0.526,8.204
2019-02-19 16:00,0.525,8.198
2019-02-19 17:00,0.483,7.907
2019-02-19 18:00,0.436,7.582
2019-02-19 19:00,0.410,7.409
2019-02-19 20:00,0.410,7.410
2019-02-19 21:00,0.415,7.435
2019-02-19 22:00,0.436,7.587
2019-02-19 23:00,0.473,7.835
2019-02-20 00:00,0.412,7.416
2019-02-20 01:00,0.223,5.977
2019-02-20 02:00,0.297,6.589
2019-02-20 03:00,0.323,6.788
2019-02-20 04:00,0.330,6.831
2019-02-20 05:00,0.342,6.919
2019-02-20 06:00,0.347,6.956
2019-02-20 07:00,0.340,6.912
2019-02-20 08:00,0.330,6.833
2019-02-20 09:00,0.368,7.114
2019-02-20 10:00,0.472,7.828
2019-02-20 11:00,0.554,8.393
2019-02-20 12:00,0.569,8.496
2019-02-20 13:00,0.524,8.191
2019-02-20 14:00,0.465,7.779
2019-02-20 15:00,0.448,7.659
2019-02-20 16:00,0.460,7.750
2019-02-20 17:00,0.465,7.779
2019-02-20 18:00,0.480,7.889
2019-02-20 19:00,0.499,8.008
2019-02-20 20:00,0.486,7.925
2019-02-20 21:00,0.433,7.568
2019-02-20 22:00,0.350,6.981
2019-02-20 23:00,0.291,6.544
2019-02-21 00:00,0.211,5.874
2019-02-21 01:00,0.072,4.218
2019-02-21 02:00,0.079,4.323
2019-02-21 03:00,0.205,5.816
2019-02-21 04:00,0.292,6.556
2019-02-21 05:00,0.299,6.601
2019-02-21 06:00,0.268,6.350
2019-02-21 07:00,0.240,6.130
2019-02-21 08:00,0.254,6.251
2019-02-21 09:00,0.285,6.491
2019-02-21 10:00,0.304,6.645
2019-02-21 11:00,0.316,6.729
2019-02-21 12:00,0.348,6.964
2019-02-21 13:00,0.410,7.402
2019-02-21 14:00,0.470,7.817
2019-02-21 15:00,0.544,8.320
2019-02-21 16:00,0.582,8.594
2019-02-21 17:00,0.572,8.516
2019-02-21 18:00,0.533,8.245
2019-02-21 19:00,0.465,7.777
2019-02-21 20:00,0.354,7.008
2019-02-21 21:00,0.216,5.916
2019-02-21 22:00,0.120,4.910
2019-02-21 23:00,0.072,4.208
2019-02-22 00:00,0.033,3.424
2019-02-22 01:00,0.010,2.561
2019-02-22 02:00,0.023,3.116
2019-02-22 03:00,0.070,4.174
2019-02-22 04:00,0.074,4.244
2019-02-22 05:00,0.054,3.878
2019-02-22 06:00,0.036,3.491
2019-02-22 07:00,0.029,3.305
2019-02-22 08:00,0.027,3.222
2019-02-22 09:00,0.035,3.447
2019-02-22 10:00,0.052,3.840
2019-02-22 11:00,0.077,4.294
2019-02-22 12:00,0.098,4.615
2019-02-22 13:00,0.106,4.727
2019-02-22 14:00,0.109,4.767
2019-02-22 15:00,0.114,4.833
2019-02-22 16:00,0.105,4.708
2019-02-22 17:00,0.097,4.604
2019-02-22 18:00,0.119,4.892
2019-02-22 19:00,0.165,5.421
2019-02-22 20:00,0.203,5.790
2019-02-22 21:00,0.201,5.778
2019-02-22 22:00,0.180,5.567
2019-02-22 23:00,0.169,5.462
2019-02-23 00:00,0.168,5.450
2019-02-23 01:00,0.082,4.371
2019-02-23 02:00,0.093,4.545
2019-02-23 03:00,0.108,4.757
2019-02-23 04:00,0.106,4.720
2019-02-23 05:00,0.117,4.864
2019-02-23 06:00,0.141,5.157
2019-02-23 07:00,0.169,5.462
2019-02-23 08:00,0.211,5.873
2019-02-23 09:00,0.223,5.978
2019-02-23 10:00,0.235,6.084
2019-02-23 11:00,0.281,6.457
2019-02-23 12:00,0.307,6.664
2019-02-23 13:00,0.310,6.686
2019-02-23 14:00,0.311,6.692
2019-02-23 15:00,0.367,7.103
2019-02-23 16:00,0.450,7.685
2019-02-23 17:00,0.522,8.167
2019-02-23 18:00,0.536,8.265
2019-02-23 19:00,0.513,8.106
2019-02-23 20:00,0.489,7.948
2019-02-23 21:00,0.418,7.463
2019-02-23 22:00,0.324,6.795
2019-02-23 23:00,0.244,6.162
2019-02-24 00:00,0.142,5.170
2019-02-24 01:00,0.114,4.830
2019-02-24 02:00,0.101,4.646
2019-02-24 03:00,0.080,4.344
2019-02-24 04:00,0.080,4.340
2019-02-24 05:00,0.066,4.109
2019-02-24 06:00,0.048,3.768
2019-02-24 07:00,0.037,3.523
2019-02-24 08:00,0.029,3.296
2019-02-24 09:00,0.029,3.310
2019-02-24 10:00,0.027,3.225
2019-02-24 11:00,0.027,3.222
2019-02-24 12:00,0.040,3.595
2019-02-24 13:00,0.065,4.088
2019-02-24 14:00,0.089,4.485
2019-02-24 15:00,0.104,4.698
2019-02-24 16:00,0.110,4.775
2019-02-24 17:00,0.116,4.852
2019-02-24 18:00,0.131,5.034
2019-02-24 19:00,0.116,4.856
2019-02-24 20:00,0.079,4.324
2019-02-24 21:00,0.047,3.753
2019-02-24 22:00,0.023,3.111
2019-02-24 23:00,0.008,2.493
2019-02-25 00:00,0.002,1.917
2019-02-25 01:00,0.001,1.497
2019-02-25 02:00,0.002,1.830
2019-02-25 03:00,0.013,2.730
2019-02-25 04:00,0.017,2.895
2019-02-25 05:00,0.015,2.826
2019-02-25 06:00,0.009,2.508
2019-02-25 07:00,0.004,2.156
2019-02-25 08:00,0.002,1.925
2019-02-25 09:00,0.001,1.756
2019-02-25 10:00,0,1.364
2019-02-25 11:00,0,1.116
2019-02-25 12:00,0,0.944
2019-02-25 13:00,0,1.346
2019-02-25 14:00,0.004,2.173
2019-02-25 15:00,0.002,1.818
2019-02-25 16:00,0.001,1.527
2019-02-25 17:00,0,1.107
2019-02-25 18:00,0,0.722
2019-02-25 19:00,0,0.828
2019-02-25 20:00,0,0.774
2019-02-25 21:00,0,1.141
2019-02-25 22:00,0.003,1.991
2019-02-25 23:00,0.015,2.838
2019-02-26 00:00,0.016,2.870
2019-02-26 01:00,0.027,3.236
2019-02-26 02:00,0.022,3.081
2019-02-26 03:00,0.015,2.805
2019-02-26 04:00,0.015,2.804
2019-02-26 05:00,0.018,2.932
2019-02-26 06:00,0.026,3.206
2019-02-26 07:00,0.041,3.601
2019-02-26 08:00,0.050,3.800
2019-02-26 09:00,0.039,3.551
2019-02-26 10:00,0.019,2.963
2019-02-26 11:00,0.008,2.472
2019-02-26 12:00,0.005,2.236
2019-02-26 13:00,0.002,1.873
2019-02-26 14:00,0.002,1.864
2019-02-26 15:00,0.001,1.745
2019-02-26 16:00,0.001,1.499
2019-02-26 17:00,0.001,1.676
2019-02-26 18:00,0.003,2.013
2019-02-26 19:00,0.004,2.177
2019-02-26 20:00,0.007,2.352
2019-02-26 21:00,0.010,2.575
2019-02-26 22:00,0.015,2.834
2019-02-26 23:00,0.027,3.232
2019-02-27 00:00,0.021,3.039
2019-02-27 01:00,0.019,2.990
2019-02-27 02:00,0.011,2.617
2019-02-27 03:00,0.007,2.393
2019-02-27 04:00,0.007,2.367
2019-02-27 05:00,0.007,2.369
2019-02-27 06:00,0.005,2.273
2019-02-27 07:00,0.004,2.106
2019-02-27 08:00,0.003,1.997
2019-02-27 09:00,0.004,2.161
2019-02-27 10:00,0.010,2.565
2019-02-27 11:00,0.019,2.960
2019-02-27 12:00,0.034,3.442
2019-02-27 13:00,0.072,4.223
2019-02-27 14:00,0.156,5.315
2019-02-27 15:00,0.253,6.232
2019-02-27 16:00,0.306,6.660
2019-02-27 17:00,0.327,6.816
2019-02-27 18:00,0.334,6.863
2019-02-27 19:00,0.323,6.790
2019-02-27 20:00,0.290,6.538
2019-02-27 21:00,0.257,6.265
2019-02-27 22:00,0.256,6.256
2019-02-27 23:00,0.279,6.446
2019-02-28 00:00,0.159,5.360
2019-02-28 01:00,0.141,5.160
2019-02-28 02:00,0.125,4.970
2019-02-28 03:00,0.070,4.179
2019-02-28 04:00,0.042,3.630
2019-02-28 05:00,0.032,3.371
2019-02-28 06:00,0.035,3.461
2019-02-28 07:00,0.055,3.899
2019-02-28 08:00,0.075,4.258
2019-02-28 09:00,0.102,4.667
2019-02-28 10:00,0.127,4.999
2019-02-28 11:00,0.159,5.364
2019-02-28 12:00,0.193,5.696
2019-02-28 13:00,0.212,5.882
2019-02-28 14:00,0.204,5.807
2019-02-28 15:00,0.181,5.591
2019-02-28 16:00,0.148,5.237
2019-02-28 17:00,0.113,4.813
2019-02-28 18:00,0.103,4.683
2019-02-28 19:00,0.114,4.828
2019-02-28 20:00,0.134,5.084
2019-02-28 21:00,0.120,4.915
2019-02-28 22:00,0.136,5.100
2019-02-28 23:00,0.162,5.395
2019-03-01 00:00,0.121,4.917
2019-03-01 01:00,0.214,5.905
2019-03-01 02:00,0.302,6.625
2019-03-01 03:00,0.318,6.737
2019-03-01 04:00,0.321,6.772
2019-03-01 05:00,0.295,6.573
2019-03-01 06:00,0.276,6.422
2019-03-01 07:00,0.279,6.440
2019-03-01 08:00,0.285,6.489
2019-03-01 09:00,0.278,6.436
2019-03-01 10:00,0.309,6.679
2019-03-01 11:00,0.324,6.795
2019-03-01 12:00,0.314,6.714
2019-03-01 13:00,0.331,6.843
2019-03-01 14:00,0.376,7.166
2019-03-01 15:00,0.431,7.551
2019-03-01 16:00,0.471,7.822
2019-03-01 17:00,0.480,7.887
2019-03-01 18:00,0.466,7.787
2019-03-01 19:00,0.433,7.566
2019-03-01 20:00,0.407,7.382
2019-03-01 21:00,0.390,7.261
2019-03-01 22:00,0.361,7.066
2019-03-01 23:00,0.310,6.684
2019-03-02 00:00,0.215,5.912
2019-03-02 01:00,0.240,6.133
2019-03-02 02:00,0.197,5.740
2019-03-02 03:00,0.181,5.588
2019-03-02 04:00,0.170,5.480
2019-03-02 05:00,0.135,5.090
2019-03-02 06:00,0.082,4.366
2019-03-02 07:00,0.039,3.573
2019-03-02 08:00,0.018,2.952
2019-03-02 09:00,0.017,2.910
2019-03-02 10:00,0.048,3.758
2019-03-02 11:00,0.120,4.906
2019-03-02 12:00,0.238,6.115
2019-03-02 13:00,0.388,7.253
2019-03-02 14:00,0.522,8.167
2019-03-02 15:00,0.606,8.761
2019-03-02 16:00,0.631,8.954
2019-03-02 17:00,0.618,8.856
2019-03-02 18:00,0.577,8.557
2019-03-02 19:00,0.519,8.148
2019-03-02 20:00,0.443,7.632
2019-03-02 21:00,0.348,6.971
2019-03-02 22:00,0.257,6.264
2019-03-02 23:00,0.180,5.569
2019-03-03 00:00,0.076,4.280
2019-03-03 01:00,0.024,3.143
2019-03-03 02:00,0.007,2.357
2019-03-03 03:00,0.012,2.670
2019-03-03 04:00,0.022,3.088
2019-03-03 05:00,0.033,3.410
2019-03-03 06:00,0.038,3.541
2019-03-03 07:00,0.035,3.455
2019-03-03 08:00,0.028,3.287
2019-03-03 09:00,0.037,3.511
2019-03-03 10:00,0.112,4.796
2019-03-03 11:00,0.311,6.694
2019-03-03 12:00,0.552,8.379
2019-03-03 13:00,0.709,9.574
2019-03-03 14:00,0.769,10.134
2019-03-03 15:00,0.789,10.336
2019-03-03 16:00,0.787,10.319
2019-03-03 17:00,0.767,10.099
2019-03-03 18:00,0.721,9.670
2019-03-03 19:00,0.606,8.760
2019-03-03 20:00,0.435,7.574
2019-03-03 21:00,0.270,6.373
2019-03-03 22:00,0.179,5.554
2019-03-03 23:00,0.127,4.990
2019-03-04 00:00,0.055,3.916
2019-03-04 01:00,0.030,3.318
2019-03-04 02:00,0.106,4.731
2019-03-04 03:00,0.246,6.169
2019-03-04 04:00,0.263,6.318
2019-03-04 05:00,0.246,6.179
2019-03-04 06:00,0.256,6.259
2019-03-04 07:00,0.286,6.509
2019-03-04 08:00,0.330,6.830
2019-03-04 09:00,0.365,7.084
2019-03-04 10:00,0.467,7.796
2019-03-04 11:00,0.569,8.497
2019-03-04 12:00,0.616,8.844
2019-03-04 13:00,0.618,8.859
2019-03-04 14:00,0.589,8.643
2019-03-04 15:00,0.562,8.455
2019-03-04 16:00,0.562,8.453
2019-03-04 17:00,0.586,8.623
2019-03-04 18:00,0.622,8.883
2019-03-04 19:00,0.645,9.053
2019-03-04 20:00,0.645,9.057
2019-03-04 21:00,0.583,8.602
2019-03-04 22:00,0.436,7.585
2019-03-04 23:00,0.314,6.712
2019-03-05 00:00,0.103,4.680
2019-03-05 01:00,0.049,3.781
2019-03-05 02:00,0.139,5.134
2019-03-05 03:00,0.125,4.968
2019-03-05 04:00,0.140,5.145
2019-03-05 05:00,0.170,5.476
2019-03-05 06:00,0.210,5.865
2019-03-05 07:00,0.251,6.221
2019-03-05 08:00,0.281,6.469
2019-03-05 09:00,0.297,6.581
2019-03-05 10:00,0.348,6.959
2019-03-05 11:00,0.377,7.177
2019-03-05 12:00,0.403,7.350
2019-03-05 13:00,0.413,7.420
2019-03-05 14:00,0.403,7.356
2019-03-05 15:00,0.392,7.275
2019-03-05 16:00,0.384,7.229
2019-03-05 17:00,0.410,7.397
2019-03-05 18:00,0.455,7.715
2019-03-05 19:00,0.486,7.927
2019-03-05 20:00,0.486,7.918
2019-03-05 21:00,0.437,7.591
2019-03-05 22:00,0.396,7.310
2019-03-05 23:00,0.346,6.955
2019-03-06 00:00,0.187,5.648
2019-03-06 01:00,0.321,6.768
2019-03-06 02:00,0.311,6.688
2019-03-06 03:00,0.230,6.041
2019-03-06 04:00,0.206,5.825
2019-03-06 05:00,0.206,5.830
2019-03-06 06:00,0.239,6.122
2019-03-06 07:00,0.305,6.651
2019-03-06 08:00,0.396,7.311
2019-03-06 09:00,0.517,8.138
2019-03-06 10:00,0.757,10.018
2019-03-06 11:00,0.838,10.931
2019-03-06 12:00,0.823,10.731
2019-03-06 13:00,0.799,10.458
2019-03-06 14:00,0.778,10.223
2019-03-06 15:00,0.750,9.946
2019-03-06 16:00,0.716,9.639
2019-03-06 17:00,0.672,9.269
2019-03-06 18:00,0.612,8.814
2019-03-06 19:00,0.572,8.516
2019-03-06 20:00,0.564,8.463
2019-03-06 21:00,0.579,8.566
2019-03-06 22:00,0.596,8.689
2019-03-06 23:00,0.552,8.383
2019-03-07 00:00,0.409,7.392
2019-03-07 01:00,0.505,8.052
2019-03-07 02:00,0.586,8.619
2019-03-07 03:00,0.706,9.555
2019-03-07 04:00,0.782,10.270
2019-03-07 05:00,0.821,10.715
2019-03-07 06:00,0.850,11.085
2019-03-07 07:00,0.864,11.296
2019-03-07 08:00,0.863,11.282
2019-03-07 09:00,0.765,10.092
2019-03-07 10:00,0.664,9.206
2019-03-07 11:00,0.649,9.091
2019-03-07 12:00,0.645,9.059
2019-03-07 13:00,0.658,9.151
2019-03-07 14:00,0.661,9.171
2019-03-07 15:00,0.715,9.626
2019-03-07 16:00,0.775,10.200
2019-03-07 17:00,0.789,10.342
2019-03-07 18:00,0.807,10.546
2019-03-07 19:00,0.784,10.291
2019-03-07 20:00,0.710,9.577
2019-03-07 21:00,0.645,9.048
2019-03-07 22:00,0.604,8.741
2019-03-07 23:00,0.552,8.385
2019-03-08 00:00,0.429,7.536
2019-03-08 01:00,0.447,7.655
2019-03-08 02:00,0.320,6.757
2019-03-08 03:00,0.168,5.448
2019-03-08 04:00,0.125,4.973
2019-03-08 05:00,0.124,4.956
2019-03-08 06:00,0.142,5.170
2019-03-08 07:00,0.167,5.442
2019-03-08 08:00,0.196,5.737
2019-03-08 09:00,0.203,5.789
2019-03-08 10:00,0.201,5.775
2019-03-08 11:00,0.138,5.122
2019-03-08 12:00,0.093,4.537
2019-03-08 13:00,0.088,4.467
2019-03-08 14:00,0.107,4.739
2019-03-08 15:00,0.140,5.153
2019-03-08 16:00,0.154,5.299
2019-03-08 17:00,0.113,4.814
2019-03-08 18:00,0.065,4.094
2019-03-08 19:00,0.036,3.476
2019-03-08 20:00,0.021,3.042
2019-03-08 21:00,0.015,2.796
2019-03-08 22:00,0.011,2.616
2019-03-08 23:00,0.007,2.424
2019-03-09 00:00,0.002,1.843
2019-03-09 01:00,0,1.328
2019-03-09 02:00,0.016,2.871
2019-03-09 03:00,0.031,3.363
2019-03-09 04:00,0.033,3.403
2019-03-09 05:00,0.028,3.273
2019-03-09 06:00,0.022,3.075
2019-03-09 07:00,0.017,2.902
2019-03-09 08:00,0.014,2.758
2019-03-09 09:00,0.006,2.309
2019-03-09 10:00,0.001,1.456
2019-03-09 11:00,0,1.441
2019-03-09 12:00,0.005,2.198
2019-03-09 13:00,0.030,3.331
2019-03-09 14:00,0.100,4.638
2019-03-09 15:00,0.223,5.974
2019-03-09 16:00,0.403,7.356
2019-03-09 17:00,0.569,8.493
2019-03-09 18:00,0.663,9.202
2019-03-09 19:00,0.660,9.167
2019-03-09 20:00,0.651,9.107
2019-03-09 21:00,0.665,9.215
2019-03-09 22:00,0.663,9.195
2019-03-09 23:00,0.676,9.305
2019-03-10 00:00,0.685,9.380
2019-03-10 01:00,0.934,12.743
2019-03-10 02:00,0.970,14.134
2019-03-10 03:00,0.977,14.564
2019-03-10 04:00,0.973,14.274
2019-03-10 05:00,0.962,13.709
2019-03-10 06:00,0.942,12.985
2019-03-10 07:00,0.915,12.246
2019-03-10 08:00,0.884,11.638
2019-03-10 09:00,0.797,10.425
2019-03-10 10:00,0.684,9.368
2019-03-10 11:00,0.600,8.717
2019-03-10 12:00,0.465,7.778
2019-03-10 13:00,0.299,6.604
2019-03-10 14:00,0.149,5.257
2019-03-10 15:00,0.061,4.024
2019-03-10 16:00,0.029,3.306
2019-03-10 17:00,0.046,3.710
2019-03-10 18:00,0.113,4.805
2019-03-10 19:00,0.190,5.677
2019-03-10 20:00,0.275,6.416
2019-03-10 21:00,0.356,7.031
2019-03-10 22:00,0.424,7.502
2019-03-10 23:00,0.442,7.621
2019-03-11 00:00,0.355,7.019
2019-03-11 01:00,0.377,7.173
2019-03-11 02:00,0.643,9.039
2019-03-11 03:00,0.771,10.148
2019-03-11 04:00,0.830,10.824
2019-03-11 05:00,0.865,11.310
2019-03-11 06:00,0.874,11.453
2019-03-11 07:00,0.875,11.474
2019-03-11 08:00,0.869,11.374
2019-03-11 09:00,0.799,10.447
2019-03-11 10:00,0.721,9.680
2019-03-11 11:00,0.676,9.300
2019-03-11 12:00,0.603,8.738
2019-03-11 13:00,0.505,8.055
2019-03-11 14:00,0.355,7.022
2019-03-11 15:00,0.222,5.962
2019-03-11 16:00,0.126,4.984
2019-03-11 17:00,0.066,4.115
2019-03-11 18:00,0.039,3.552
2019-03-11 19:00,0.030,3.339
2019-03-11 20:00,0.033,3.413
2019-03-11 21:00,0.035,3.448
2019-03-11 22:00,0.040,3.590
2019-03-11 23:00,0.033,3.399
2019-03-12 00:00,0.012,2.692
2019-03-12 01:00,0,0.873
2019-03-12 02:00,0.004,2.158
2019-03-12 03:00,0.069,4.159
2019-03-12 04:00,0.126,4.981
2019-03-12 05:00,0.161,5.380
2019-03-12 06:00,0.172,5.502
2019-03-12 07:00,0.164,5.419
2019-03-12 08:00,0.149,5.251
2019-03-12 09:00,0.132,5.049
2019-03-12 10:00,0.186,5.641
2019-03-12 11:00,0.273,6.407
2019-03-12 12:00,0.338,6.891
2019-03-12 13:00,0.325,6.805
2019-03-12 14:00,0.252,6.227
2019-03-12 15:00,0.180,5.567
2019-03-12 16:00,0.125,4.967
2019-03-12 17:00,0.095,4.569
2019-03-12 18:00,0.064,4.076
2019-03-12 19:00,0.034,3.439
2019-03-12 20:00,0.013,2.718
2019-03-12 21:00,0.004,2.176
2019-03-12 22:00,0.004,2.106
2019-03-12 23:00,0.005,2.215
2019-03-13 00:00,0.001,1.757
2019-03-13 01:00,0.001,1.712
2019-03-13 02:00,0.063,4.064
2019-03-13 03:00,0.134,5.069
2019-03-13 04:00,0.204,5.812
2019-03-13 05:00,0.284,6.481
2019-03-13 06:00,0.354,7.007
2019-03-13 07:00,0.416,7.439
2019-03-13 08:00,0.462,7.758
2019-03-13 09:00,0.425,7.507
2019-03-13 10:00,0.431,7.550
2019-03-13 11:00,0.458,7.732
2019-03-13 12:00,0.465,7.776
2019-03-13 13:00,0.461,7.753
2019-03-13 14:00,0.492,7.970
2019-03-13 15:00,0.549,8.363
2019-03-13 16:00,0.597,8.695
2019-03-13 17:00,0.584,8.607
2019-03-13 18:00,0.526,8.200
2019-03-13 19:00,0.463,7.763
2019-03-13 20:00,0.416,7.450
2019-03-13 21:00,0.394,7.299
2019-03-13 22:00,0.382,7.214
2019-03-13 23:00,0.335,6.870
2019-03-14 00:00,0.149,5.248
2019-03-14 01:00,0.127,5.000
2019-03-14 02:00,0.327,6.814
2019-03-14 03:00,0.387,7.240
2019-03-14 04:00,0.403,7.352
2019-03-14 05:00,0.410,7.395
2019-03-14 06:00,0.387,7.243
2019-03-14 07:00,0.358,7.044
2019-03-14 08:00,0.321,6.770
2019-03-14 09:00,0.262,6.317
2019-03-14 10:00,0.239,6.121
2019-03-14 11:00,0.218,5.941
2019-03-14 12:00,0.204,5.807
2019-03-14 13:00,0.179,5.560
2019-03-14 14:00,0.119,4.902
2019-03-14 15:00,0.059,3.991
2019-03-14 16:00,0.021,3.058
2019-03-14 17:00,0.004,2.114
2019-03-14 18:00,0,1.242
2019-03-14 19:00,0,1.112
2019-03-14 20:00,0.002,1.936
2019-03-14 21:00,0.026,3.208
2019-03-14 22:00,0.086,4.447
2019-03-14 23:00,0.148,5.240
2019-03-15 00:00,0.107,4.736
2019-03-15 01:00,0.062,4.028
2019-03-15 02:00,0.048,3.763
2019-03-15 03:00,0.036,3.488
2019-03-15 04:00,0.030,3.339
2019-03-15 05:00,0.026,3.216
2019-03-15 06:00,0.022,3.093
2019-03-15 07:00,0.027,3.225
2019-03-15 08:00,0.031,3.366
2019-03-15 09:00,0.037,3.509
2019-03-15 10:00,0.066,4.112
2019-03-15 11:00,0.124,4.953
2019-03-15 12:00,0.177,5.543
2019-03-15 13:00,0.193,5.700
2019-03-15 14:00,0.180,5.564
2019-03-15 15:00,0.165,5.424
2019-03-15 16:00,0.142,5.175
2019-03-15 17:00,0.097,4.596
2019-03-15 18:00,0.050,3.812
2019-03-15 19:00,0.030,3.329
2019-03-15 20:00,0.029,3.307
2019-03-15 21:00,0.036,3.486
2019-03-15 22:00,0.046,3.711
2019-03-15 23:00,0.066,4.110
2019-03-16 00:00,0.048,3.760
2019-03-16 01:00,0.020,3.014
2019-03-16 02:00,0.032,3.391
2019-03-16 03:00,0.084,4.406
2019-03-16 04:00,0.128,5.004
2019-03-16 05:00,0.159,5.357
2019-03-16 06:00,0.178,5.551
2019-03-16 07:00,0.178,5.552
2019-03-16 08:00,0.161,5.386
2019-03-16 09:00,0.141,5.163
2019-03-16 10:00,0.141,5.157
2019-03-16 11:00,0.125,4.972
2019-03-16 12:00,0.106,4.723
2019-03-16 13:00,0.097,4.601
2019-03-16 14:00,0.086,4.441
2019-03-16 15:00,0.075,4.262
2019-03-16 16:00,0.082,4.370
2019-03-16 17:00,0.102,4.669
2019-03-16 18:00,0.129,5.018
2019-03-16 19:00,0.169,5.455
2019-03-16 20:00,0.221,5.953
2019-03-16 21:00,0.227,6.009
2019-03-16 22:00,0.209,5.860
2019-03-16 23:00,0.186,5.639
2019-03-17 00:00,0.145,5.211
2019-03-17 01:00,0.048,3.768
2019-03-17 02:00,0.015,2.800
2019-03-17 03:00,0.038,3.545
2019-03-17 04:00,0.032,3.376
2019-03-17 05:00,0.028,3.282
2019-03-17 06:00,0.029,3.291
2019-03-17 07:00,0.045,3.700
2019-03-17 08:00,0.072,4.218
2019-03-17 09:00,0.094,4.557
2019-03-17 10:00,0.119,4.902
2019-03-17 11:00,0.156,5.321
2019-03-17 12:00,0.189,5.671
2019-03-17 13:00,0.229,6.029
2019-03-17 14:00,0.219,5.943
2019-03-17 15:00,0.165,5.420
2019-03-17 16:00,0.138,5.123
2019-03-17 17:00,0.213,5.891
2019-03-17 18:00,0.401,7.343
2019-03-17 19:00,0.616,8.833
2019-03-17 20:00,0.746,9.901
2019-03-17 21:00,0.791,10.361
2019-03-17 22:00,0.801,10.474
2019-03-17 23:00,0.772,10.151
2019-03-18 00:00,0.519,8.145
2019-03-18 01:00,0.343,6.934
2019-03-18 02:00,0.430,7.545
2019-03-18 03:00,0.403,7.354
2019-03-18 04:00,0.324,6.798
2019-03-18 05:00,0.265,6.332
2019-03-18 06:00,0.224,5.992
2019-03-18 07:00,0.176,5.530
2019-03-18 08:00,0.112,4.791
2019-03-18 09:00,0.047,3.752
2019-03-18 10:00,0.006,2.281
2019-03-18 11:00,0.004,2.141
2019-03-18 12:00,0.036,3.472
2019-03-18 13:00,0.179,5.555
2019-03-18 14:00,0.466,7.782
2019-03-18 15:00,0.702,9.516
2019-03-18 16:00,0.831,10.835
2019-03-18 17:00,0.903,11.999
2019-03-18 18:00,0.942,12.976
2019-03-18 19:00,0.955,13.431
2019-03-18 20:00,0.939,12.870
2019-03-18 21:00,0.855,11.155
2019-03-18 22:00,0.765,10.084
2019-03-18 23:00,0.705,9.547
2019-03-19 00:00,0.472,7.825
2019-03-19 01:00,0.429,7.536
2019-03-19 02:00,0.813,10.602
2019-03-19 03:00,0.792,10.379
2019-03-19 04:00,0.672,9.270
2019-03-19 05:00,0.450,7.678
2019-03-19 06:00,0.218,5.936
2019-03-19 07:00,0.049,3.788
2019-03-19 08:00,0,1.218
2019-03-19 09:00,0.006,2.286
2019-03-19 10:00,0.140,5.154
2019-03-19 11:00,0.280,6.454
2019-03-19 12:00,0.314,6.720
2019-03-19 13:00,0.265,6.329
2019-03-19 14:00,0.135,5.091
2019-03-19 15:00,0.019,2.976
2019-03-19 16:00,0,0.826
2019-03-19 17:00,0.257,6.272
2019-03-19 18:00,0.856,11.183
2019-03-19 19:00,0.913,12.215
2019-03-19 20:00,0.923,12.456
2019-03-19 21:00,0.935,12.778
2019-03-19 22:00,0.953,13.351
2019-03-19 23:00,0.947,13.137
2019-03-20 00:00,0.979,14.667
2019-03-20 01:00,0.976,14.439
2019-03-20 02:00,0.969,14.065
2019-03-20 03:00,0.963,13.785
2019-03-20 04:00,0.961,13.647
2019-03-20 05:00,0.959,13.589
2019-03-20 06:00,0.958,13.563
2019-03-20 07:00,0.955,13.447
2019-03-20 08:00,0.948,13.189
2019-03-20 09:00,0.929,12.607
2019-03-20 10:00,0.860,11.235
2019-03-20 11:00,0.781,10.254
2019-03-20 12:00,0.715,9.634
2019-03-20 13:00,0.640,9.009
2019-03-20 14:00,0.553,8.390
2019-03-20 15:00,0.430,7.545
2019-03-20 16:00,0.303,6.636
2019-03-20 17:00,0.233,6.072
2019-03-20 18:00,0.204,5.811
2019-03-20 19:00,0.181,5.586
2019-03-20 20:00,0.150,5.262
2019-03-20 21:00,0.112,4.798
2019-03-20 22:00,0.086,4.437
2019-03-20 23:00,0.070,4.183
2019-03-21 00:00,0.084,4.395
2019-03-21 01:00,0.062,4.038
2019-03-21 02:00,0.046,3.720
2019-03-21 03:00,0.028,3.260
2019-03-21 04:00,0.011,2.621
2019-03-21 05:00,0.001,1.749
2019-03-21 06:00,0.001,1.516
2019-03-21 07:00,0.003,1.988
2019-03-21 08:00,0.013,2.735
2019-03-21 09:00,0.021,3.037
2019-03-21 10:00,0.053,3.864
2019-03-21 11:00,0.124,4.954
2019-03-21 12:00,0.172,5.498
2019-03-21 13:00,0.167,5.444
2019-03-21 14:00,0.135,5.087
2019-03-21 15:00,0.107,4.737
2019-03-21 16:00,0.088,4.475
2019-03-21 17:00,0.077,4.282
2019-03-21 18:00,0.058,3.962
2019-03-21 19:00,0.035,3.460
2019-03-21 20:00,0.020,3.014
2019-03-21 21:00,0.012,2.684
2019-03-21 22:00,0.008,2.485
2019-03-21 23:00,0.006,2.301
2019-03-22 00:00,0.002,1.833
2019-03-22 01:00,0.009,2.529
2019-03-22 02:00,0.033,3.403
2019-03-22 03:00,0.075,4.271
2019-03-22 04:00,0.153,5.287
2019-03-22 05:00,0.240,6.132
2019-03-22 06:00,0.309,6.676
2019-03-22 07:00,0.356,7.029
2019-03-22 08:00,0.404,7.364
2019-03-22 09:00,0.412,7.417
2019-03-22 10:00,0.433,7.567
2019-03-22 11:00,0.492,7.971
2019-03-22 12:00,0.467,7.798
2019-03-22 13:00,0.371,7.133
2019-03-22 14:00,0.235,6.079
2019-03-22 15:00,0.127,4.996
2019-03-22 16:00,0.080,4.348
2019-03-22 17:00,0.080,4.348
2019-03-22 18:00,0.107,4.734
2019-03-22 19:00,0.104,4.702
2019-03-22 20:00,0.077,4.304
2019-03-22 21:00,0.058,3.961
2019-03-22 22:00,0.049,3.786
2019-03-22 23:00,0.039,3.565
2019-03-23 00:00,0.017,2.920
2019-03-23 01:00,0.003,2.074
2019-03-23 02:00,0,1.237
2019-03-23 03:00,0,0.912
2019-03-23 04:00,0,1.049
2019-03-23 05:00,0,1.302
2019-03-23 06:00,0,1.441
2019-03-23 07:00,0.001,1.541
2019-03-23 08:00,0.002,1.778
2019-03-23 09:00,0.001,1.711
2019-03-23 10:00,0.007,2.406
2019-03-23 11:00,0.057,3.937
2019-03-23 12:00,0.139,5.137
2019-03-23 13:00,0.202,5.779
2019-03-23 14:00,0.194,5.707
2019-03-23 15:00,0.146,5.216
2019-03-23 16:00,0.121,4.926
2019-03-23 17:00,0.169,5.460
2019-03-23 18:00,0.240,6.134
2019-03-23 19:00,0.281,6.468
2019-03-23 20:00,0.276,6.428
2019-03-23 21:00,0.185,5.625
2019-03-23 22:00,0.080,4.347
2019-03-23 23:00,0.050,3.799
2019-03-24 00:00,0.054,3.879
2019-03-24 01:00,0.042,3.627
2019-03-24 02:00,0.026,3.208
2019-03-24 03:00,0.044,3.687
2019-03-24 04:00,0.079,4.328
2019-03-24 05:00,0.120,4.905
2019-03-24 06:00,0.194,5.704
2019-03-24 07:00,0.376,7.166
2019-03-24 08:00,0.604,8.743
2019-03-24 09:00,0.665,9.216
2019-03-24 10:00,0.621,8.876
2019-03-24 11:00,0.486,7.929
2019-03-24 12:00,0.246,6.176
2019-03-24 13:00,0.070,4.178
2019-03-24 14:00,0.006,2.316
2019-03-24 15:00,0,1.200
2019-03-24 16:00,0.001,1.748
2019-03-24 17:00,0.024,3.147
2019-03-24 18:00,0.105,4.707
2019-03-24 19:00,0.239,6.121
2019-03-24 20:00,0.372,7.136
2019-03-24 21:00,0.466,7.794
2019-03-24 22:00,0.506,8.068
2019-03-24 23:00,0.485,7.916
2019-03-25 00:00,0.267,6.348
2019-03-25 01:00,0.205,5.823
2019-03-25 02:00,0.299,6.605
2019-03-25 03:00,0.387,7.248
2019-03-25 04:00,0.466,7.786
2019-03-25 05:00,0.523,8.177
2019-03-25 06:00,0.549,8.357
2019-03-25 07:00,0.560,8.433
2019-03-25 08:00,0.536,8.268
2019-03-25 09:00,0.436,7.586
2019-03-25 10:00,0.341,6.914
2019-03-25 11:00,0.222,5.969
2019-03-25 12:00,0.103,4.680
2019-03-25 13:00,0.019,2.962
2019-03-25 14:00,0,1.208
2019-03-25 15:00,0,1.182
2019-03-25 16:00,0.009,2.537
2019-03-25 17:00,0.054,3.887
2019-03-25 18:00,0.181,5.593
2019-03-25 19:00,0.448,7.658
2019-03-25 20:00,0.622,8.887
2019-03-25 21:00,0.637,8.995
2019-03-25 22:00,0.612,8.813
2019-03-25 23:00,0.502,8.032
2019-03-26 00:00,0.232,6.061
2019-03-26 01:00,0.066,4.105
2019-03-26 02:00,0.055,3.889
2019-03-26 03:00,0.107,4.733
2019-03-26 04:00,0.131,5.031
2019-03-26 05:00,0.157,5.339
2019-03-26 06:00,0.156,5.323
2019-03-26 07:00,0.141,5.158
2019-03-26 08:00,0.146,5.220
2019-03-26 09:00,0.168,5.449
2019-03-26 10:00,0.193,5.699
2019-03-26 11:00,0.177,5.540
2019-03-26 12:00,0.204,5.798
2019-03-26 13:00,0.292,6.550
2019-03-26 14:00,0.401,7.342
2019-03-26 15:00,0.462,7.756
2019-03-26 16:00,0.516,8.133
2019-03-26 17:00,0.552,8.384
2019-03-26 18:00,0.489,7.946
2019-03-26 19:00,0.370,7.121
2019-03-26 20:00,0.241,6.142
2019-03-26 21:00,0.083,4.379
2019-03-26 22:00,0.022,3.073
2019-03-26 23:00,0.011,2.609
2019-03-27 00:00,0.015,2.842
2019-03-27 01:00,0.019,2.985
2019-03-27 02:00,0.081,4.357
2019-03-27 03:00,0.192,5.692
2019-03-27 04:00,0.248,6.190
2019-03-27 05:00,0.241,6.140
2019-03-27 06:00,0.218,5.934
2019-03-27 07:00,0.194,5.714
2019-03-27 08:00,0.187,5.647
2019-03-27 09:00,0.169,5.462
2019-03-27 10:00,0.124,4.956
2019-03-27 11:00,0.067,4.120
2019-03-27 12:00,0.042,3.625
2019-03-27 13:00,0.049,3.776
2019-03-27 14:00,0.078,4.310
2019-03-27 15:00,0.170,5.480
2019-03-27 16:00,0.384,7.229
2019-03-27 17:00,0.535,8.256
2019-03-27 18:00,0.622,8.886
2019-03-27 19:00,0.689,9.408
2019-03-27 20:00,0.631,8.953
2019-03-27 21:00,0.393,7.280
2019-03-27 22:00,0.214,5.902
2019-03-27 23:00,0.176,5.528
2019-03-28 00:00,0.380,7.200
2019-03-28 01:00,0.723,9.702
2019-03-28 02:00,0.785,10.303
2019-03-28 03:00,0.837,10.913
2019-03-28 04:00,0.855,11.171
2019-03-28 05:00,0.838,10.923
2019-03-28 06:00,0.820,10.695
2019-03-28 07:00,0.821,10.709
2019-03-28 08:00,0.824,10.751
2019-03-28 09:00,0.809,10.566
2019-03-28 10:00,0.723,9.689
2019-03-28 11:00,0.661,9.182
2019-03-28 12:00,0.664,9.205
2019-03-28 13:00,0.748,9.921
2019-03-28 14:00,0.831,10.828
2019-03-28 15:00,0.875,11.472
2019-03-28 16:00,0.875,11.483
2019-03-28 17:00,0.813,10.610
2019-03-28 18:00,0.713,9.609
2019-03-28 19:00,0.684,9.370
2019-03-28 20:00,0.735,9.806
2019-03-28 21:00,0.746,9.909
2019-03-28 22:00,0.792,10.369
2019-03-28 23:00,0.779,10.240
2019-03-29 00:00,0.718,9.660
2019-03-29 01:00,0.919,12.360
2019-03-29 02:00,0.949,13.202
2019-03-29 03:00,0.955,13.406
2019-03-29 04:00,0.957,13.504
2019-03-29 05:00,0.953,13.354
2019-03-29 06:00,0.947,13.147
2019-03-29 07:00,0.938,12.829
2019-03-29 08:00,0.917,12.296
2019-03-29 09:00,0.865,11.315
2019-03-29 10:00,0.746,9.900
2019-03-29 11:00,0.682,9.350
2019-03-29 12:00,0.633,8.965
2019-03-29 13:00,0.558,8.418
2019-03-29 14:00,0.450,7.673
2019-03-29 15:00,0.303,6.637
2019-03-29 16:00,0.154,5.299
2019-03-29 17:00,0.051,3.822
2019-03-29 18:00,0.009,2.507
2019-03-29 19:00,0.001,1.706
2019-03-29 20:00,0,1.427
2019-03-29 21:00,0,1.293
2019-03-29 22:00,0,1.004
2019-03-29 23:00,0,0.584
2019-03-30 00:00,0,1.184
2019-03-30 01:00,0.027,3.225
2019-03-30 02:00,0.065,4.094
2019-03-30 03:00,0.106,4.720
2019-03-30 04:00,0.143,5.187
2019-03-30 05:00,0.180,5.574
2019-03-30 06:00,0.213,5.888
2019-03-30 07:00,0.232,6.056
2019-03-30 08:00,0.223,5.974
2019-03-30 09:00,0.181,5.580
2019-03-30 10:00,0.182,5.599
2019-03-30 11:00,0.227,6.008
2019-03-30 12:00,0.225,6.000
2019-03-30 13:00,0.169,5.468
2019-03-30 14:00,0.121,4.920
2019-03-30 15:00,0.121,4.917
2019-03-30 16:00,0.139,5.134
2019-03-30 17:00,0.155,5.314
2019-03-30 18:00,0.176,5.532
2019-03-30 19:00,0.208,5.844
2019-03-30 20:00,0.248,6.197
2019-03-30 21:00,0.287,6.510
2019-03-30 22:00,0.326,6.810
2019-03-30 23:00,0.267,6.347
2019-03-31 00:00,0.117,4.864
2019-03-31 01:00,0.036,3.478
2019-03-31 02:00,0.010,2.590
2019-03-31 03:00,0.018,2.929
2019-03-31 04:00,0.039,3.561
2019-03-31 05:00,0.067,4.128
2019-03-31 06:00,0.089,4.488
2019-03-31 07:00,0.103,4.689
2019-03-31 08:00,0.077,4.302
2019-03-31 09:00,0.027,3.249
2019-03-31 10:00,0.041,3.613
2019-03-31 11:00,0.173,5.505
2019-03-31 12:00,0.385,7.231
2019-03-31 13:00,0.536,8.264
2019-03-31 14:00,0.661,9.181
2019-03-31 15:00,0.713,9.610
2019-03-31 16:00,0.732,9.785
2019-03-31 17:00,0.765,10.088
2019-03-31 18:00,0.792,10.366
2019-03-31 19:00,0.798,10.437
2019-03-31 20:00,0.797,10.428
2019-03-31 21:00,0.765,10.081
2019-03-31 22:00,0.704,9.531
2019-03-31 23:00,0.563,8.462
2019-04-01 00:00,0.254,6.236
2019-04-01 01:00,0.202,5.785
2019-04-01 02:00,0.238,6.114
2019-04-01 03:00,0.231,6.046
2019-04-01 04:00,0.230,6.042
2019-04-01 05:00,0.194,5.706
2019-04-01 06:00,0.149,5.256
2019-04-01 07:00,0.109,4.762
2019-04-01 08:00,0.064,4.071
2019-04-01 09:00,0.047,3.745
2019-04-01 10:00,0.069,4.164
2019-04-01 11:00,0.103,4.688
2019-04-01 12:00,0.132,5.050
2019-04-01 13:00,0.141,5.158
2019-04-01 14:00,0.134,5.075
2019-04-01 15:00,0.127,4.996
2019-04-01 16:00,0.119,4.895
2019-04-01 17:00,0.081,4.358
2019-04-01 18:00,0.028,3.268
2019-04-01 19:00,0.013,2.718
2019-04-01 20:00,0.034,3.442
2019-04-01 21:00,0.072,4.209
2019-04-01 22:00,0.116,4.858
2019-04-01 23:00,0.123,4.948
2019-04-02 00:00,0.087,4.450
2019-04-02 01:00,0.222,5.963
2019-04-02 02:00,0.631,8.955
2019-04-02 03:00,0.723,9.698
2019-04-02 04:00,0.650,9.100
2019-04-02 05:00,0.528,8.218
2019-04-02 06:00,0.417,7.459
2019-04-02 07:00,0.341,6.915
2019-04-02 08:00,0.299,6.598
2019-04-02 09:00,0.325,6.804
2019-04-02 10:00,0.483,7.905
2019-04-02 11:00,0.656,9.143
2019-04-02 12:00,0.723,9.696
2019-04-02 13:00,0.737,9.821
2019-04-02 14:00,0.718,9.649
2019-04-02 15:00,0.668,9.233
2019-04-02 16:00,0.600,8.712
2019-04-02 17:00,0.524,8.190
2019-04-02 18:00,0.524,8.185
2019-04-02 19:00,0.581,8.586
2019-04-02 20:00,0.575,8.543
2019-04-02 21:00,0.506,8.062
2019-04-02 22:00,0.445,7.641
2019-04-02 23:00,0.377,7.179
2019-04-03 00:00,0.155,5.311
2019-04-03 01:00,0.096,4.594
2019-04-03 02:00,0.094,4.563
2019-04-03 03:00,0.099,4.623
2019-04-03 04:00,0.109,4.769
2019-04-03 05:00,0.110,4.777
2019-04-03 06:00,0.108,4.748
2019-04-03 07:00,0.117,4.864
2019-04-03 08:00,0.131,5.038
2019-04-03 09:00,0.156,5.333
2019-04-03 10:00,0.240,6.134
2019-04-03 11:00,0.362,7.072
2019-04-03 12:00,0.450,7.684
2019-04-03 13:00,0.523,8.184
2019-04-03 14:00,0.594,8.671
2019-04-03 15:00,0.653,9.119
2019-04-03 16:00,0.696,9.461
2019-04-03 17:00,0.742,9.868
2019-04-03 18:00,0.776,10.202
2019-04-03 19:00,0.767,10.112
2019-04-03 20:00,0.738,9.827
2019-04-03 21:00,0.700,9.500
2019-04-03 22:00,0.658,9.159
2019-04-03 23:00,0.516,8.131
2019-04-04 00:00,0.299,6.602
2019-04-04 01:00,0.279,6.446
2019-04-04 02:00,0.304,6.646
2019-04-04 03:00,0.329,6.825
2019-04-04 04:00,0.328,6.822
2019-04-04 05:00,0.332,6.846
2019-04-04 06:00,0.365,7.091
2019-04-04 07:00,0.403,7.358
2019-04-04 08:00,0.420,7.480
2019-04-04 09:00,0.382,7.214
2019-04-04 10:00,0.309,6.682
2019-04-04 11:00,0.209,5.858
2019-04-04 12:00,0.117,4.866
2019-04-04 13:00,0.048,3.755
2019-04-04 14:00,0.012,2.669
2019-04-04 15:00,0.007,2.404
2019-04-04 16:00,0.025,3.176
2019-04-04 17:00,0.093,4.534
2019-04-04 18:00,0.255,6.252
2019-04-04 19:00,0.477,7.865
2019-04-04 20:00,0.636,8.984
2019-04-04 21:00,0.743,9.883
2019-04-04 22:00,0.815,10.641
2019-04-04 23:00,0.813,10.609
2019-04-05 00:00,0.619,8.861
2019-04-05 01:00,0.548,8.347
2019-04-05 02:00,0.701,9.505
2019-04-05 03:00,0.791,10.359
2019-04-05 04:00,0.805,10.525
2019-04-05 05:00,0.830,10.821
2019-04-05 06:00,0.859,11.221
2019-04-05 07:00,0.880,11.561
2019-04-05 08:00,0.889,11.722
2019-04-05 09:00,0.860,11.232
2019-04-05 10:00,0.822,10.721
2019-04-05 11:00,0.814,10.626
2019-04-05 12:00,0.785,10.300
2019-04-05 13:00,0.762,10.064
2019-04-05 14:00,0.755,9.998
2019-04-05 15:00,0.767,10.110
2019-04-05 16:00,0.767,10.102
2019-04-05 17:00,0.756,10.003
2019-04-05 18:00,0.721,9.671
2019-04-05 19:00,0.659,9.162
2019-04-05 20:00,0.607,8.773
2019-04-05 21:00,0.542,8.311
2019-04-05 22:00,0.479,7.869
2019-04-05 23:00,0.406,7.378
2019-04-06 00:00,0.241,6.139
2019-04-06 01:00,0.136,5.106
2019-04-06 02:00,0.096,4.588
2019-04-06 03:00,0.110,4.778
2019-04-06 04:00,0.186,5.640
2019-04-06 05:00,0.321,6.768
2019-04-06 06:00,0.559,8.423
2019-04-06 07:00,0.789,10.330
2019-04-06 08:00,0.880,11.567
2019-04-06 09:00,0.867,11.330
2019-04-06 10:00,0.763,10.072
2019-04-06 11:00,0.658,9.158
2019-04-06 12:00,0.513,8.104
2019-04-06 13:00,0.346,6.953
2019-04-06 14:00,0.186,5.640
2019-04-06 15:00,0.103,4.691
2019-04-06 16:00,0.088,4.471
2019-04-06 17:00,0.110,4.776
2019-04-06 18:00,0.174,5.520
2019-04-06 19:00,0.274,6.412
2019-04-06 20:00,0.410,7.399
2019-04-06 21:00,0.502,8.031
2019-04-06 22:00,0.500,8.023
2019-04-06 23:00,0.445,7.639
2019-04-07 00:00,0.204,5.812
2019-04-07 01:00,0.094,4.554
2019-04-07 02:00,0.171,5.489
2019-04-07 03:00,0.189,5.668
2019-04-07 04:00,0.154,5.296
2019-04-07 05:00,0.123,4.944
2019-04-07 06:00,0.093,4.530
2019-04-07 07:00,0.055,3.910
2019-04-07 08:00,0.030,3.342
2019-04-07 09:00,0.016,2.863
2019-04-07 10:00,0.015,2.844
2019-04-07 11:00,0.023,3.134
2019-04-07 12:00,0.039,3.560
2019-04-07 13:00,0.049,3.795
2019-04-07 14:00,0.044,3.675
2019-04-07 15:00,0.045,3.692
2019-04-07 16:00,0.085,4.431
2019-04-07 17:00,0.269,6.365
2019-04-07 18:00,0.574,8.534
2019-04-07 19:00,0.733,9.792
2019-04-07 20:00,0.762,10.063
2019-04-07 21:00,0.719,9.650
2019-04-07 22:00,0.658,9.161
2019-04-07 23:00,0.424,7.501
2019-04-08 00:00,0.160,5.376
2019-04-08 01:00,0.083,4.391
2019-04-08 02:00,0.037,3.497
2019-04-08 03:00,0.055,3.912
2019-04-08 04:00,0.071,4.193
2019-04-08 05:00,0.044,3.667
2019-04-08 06:00,0.014,2.787
2019-04-08 07:00,0.002,1.929
2019-04-08 08:00,0.003,2.012
2019-04-08 09:00,0.102,4.677
2019-04-08 10:00,0.671,9.257
2019-04-08 11:00,0.951,13.270
2019-04-08 12:00,0.985,15.171
2019-04-08 13:00,0.942,12.978
2019-04-08 14:00,0.826,10.764
2019-04-08 15:00,0.765,10.090
2019-04-08 16:00,0.752,9.959
2019-04-08 17:00,0.730,9.759
2019-04-08 18:00,0.699,9.486
2019-04-08 19:00,0.634,8.972
2019-04-08 20:00,0.555,8.396
2019-04-08 21:00,0.394,7.294
2019-04-08 22:00,0.257,6.273
2019-04-08 23:00,0.276,6.430
2019-04-09 00:00,0.317,6.734
2019-04-09 01:00,0.330,6.832
2019-04-09 02:00,0.287,6.514
2019-04-09 03:00,0.212,5.885
2019-04-09 04:00,0.160,5.372
2019-04-09 05:00,0.129,5.020
2019-04-09 06:00,0.114,4.838
2019-04-09 07:00,0.105,4.715
2019-04-09 08:00,0.085,4.411
2019-04-09 09:00,0.078,4.320
2019-04-09 10:00,0.103,4.681
2019-04-09 11:00,0.134,5.070
2019-04-09 12:00,0.099,4.625
2019-04-09 13:00,0.031,3.362
2019-04-09 14:00,0.004,2.160
2019-04-09 15:00,0,1.397
2019-04-09 16:00,0,0.961
2019-04-09 17:00,0,0.926
2019-04-09 18:00,0.001,1.756
2019-04-09 19:00,0.015,2.840
2019-04-09 20:00,0.049,3.795
2019-04-09 21:00,0.088,4.475
2019-04-09 22:00,0.140,5.153
2019-04-09 23:00,0.153,5.290
2019-04-10 00:00,0.140,5.146
2019-04-10 01:00,0.148,5.244
2019-04-10 02:00,0.130,5.027
2019-04-10 03:00,0.146,5.217
2019-04-10 04:00,0.200,5.771
2019-04-10 05:00,0.262,6.315
2019-04-10 06:00,0.279,6.445
2019-04-10 07:00,0.277,6.434
2019-04-10 08:00,0.272,6.396
2019-04-10 09:00,0.330,6.834
2019-04-10 10:00,0.440,7.612
2019-04-10 11:00,0.692,9.428
2019-04-10 12:00,0.799,10.447
2019-04-10 13:00,0.760,10.047
2019-04-10 14:00,0.609,8.787
2019-04-10 15:00,0.417,7.459
2019-04-10 16:00,0.240,6.127
2019-04-10 17:00,0.120,4.906
2019-04-10 18:00,0.060,4.006
2019-04-10 19:00,0.033,3.419
2019-04-10 20:00,0.021,3.047
2019-04-10 21:00,0.012,2.690
2019-04-10 22:00,0.005,2.229
2019-04-10 23:00,0.001,1.500
2019-04-11 00:00,0.001,1.573
2019-04-11 01:00,0.027,3.242
2019-04-11 02:00,0.018,2.929
2019-04-11 03:00,0.005,2.261
2019-04-11 04:00,0,1.231
2019-04-11 05:00,0,0.874
2019-04-11 06:00,0,0.842
2019-04-11 07:00,0,0.409
2019-04-11 08:00,0,0
2019-04-11 09:00,0,0.341
2019-04-11 10:00,0.005,2.230
2019-04-11 11:00,0.088,4.477
2019-04-11 12:00,0.282,6.472
2019-04-11 13:00,0.469,7.810
2019-04-11 14:00,0.560,8.435
2019-04-11 15:00,0.574,8.533
2019-04-11 16:00,0.458,7.732
2019-04-11 17:00,0.397,7.315
2019-04-11 18:00,0.352,6.994
2019-04-11 19:00,0.357,7.034
2019-04-11 20:00,0.370,7.124
2019-04-11 21:00,0.463,7.771
2019-04-11 22:00,0.563,8.462
2019-04-11 23:00,0.441,7.615
2019-04-12 00:00,0.279,6.439
2019-04-12 01:00,0.254,6.244
2019-04-12 02:00,0.270,6.375
2019-04-12 03:00,0.270,6.372
2019-04-12 04:00,0.273,6.405
2019-04-12 05:00,0.265,6.328
2019-04-12 06:00,0.248,6.191
2019-04-12 07:00,0.217,5.926
2019-04-12 08:00,0.189,5.670
2019-04-12 09:00,0.171,5.486
2019-04-12 10:00,0.159,5.365
2019-04-12 11:00,0.202,5.779
2019-04-12 12:00,0.279,6.443
2019-04-12 13:00,0.382,7.215
2019-04-12 14:00,0.452,7.697
2019-04-12 15:00,0.466,7.794
2019-04-12 16:00,0.499,8.016
2019-04-12 17:00,0.603,8.736
2019-04-12 18:00,0.687,9.391
2019-04-12 19:00,0.720,9.668
2019-04-12 20:00,0.740,9.855
2019-04-12 21:00,0.719,9.663
2019-04-12 22:00,0.658,9.150
2019-04-12 23:00,0.606,8.768
2019-04-13 00:00,0.454,7.711
2019-04-13 01:00,0.454,7.709
2019-04-13 02:00,0.628,8.922
2019-04-13 03:00,0.765,10.093
2019-04-13 04:00,0.811,10.586
2019-04-13 05:00,0.833,10.848
2019-04-13 06:00,0.845,11.021
2019-04-13 07:00,0.833,10.853
2019-04-13 08:00,0.775,10.189
2019-04-13 09:00,0.753,9.973
2019-04-13 10:00,0.751,9.951
2019-04-13 11:00,0.855,11.168
2019-04-13 12:00,0.899,11.902
2019-04-13 13:00,0.880,11.567
2019-04-13 14:00,0.801,10.471
2019-04-13 15:00,0.625,8.904
2019-04-13 16:00,0.452,7.699
2019-04-13 17:00,0.374,7.151
2019-04-13 18:00,0.338,6.889
2019-04-13 19:00,0.274,6.408
2019-04-13 20:00,0.292,6.550
2019-04-13 21:00,0.351,6.986
2019-04-13 22:00,0.395,7.304
2019-04-13 23:00,0.337,6.887
2019-04-14 00:00,0.163,5.405
2019-04-14 01:00,0.228,6.023
2019-04-14 02:00,0.302,6.626
2019-04-14 03:00,0.406,7.381
2019-04-14 04:00,0.499,8.016
2019-04-14 05:00,0.545,8.326
2019-04-14 06:00,0.549,8.364
2019-04-14 07:00,0.528,8.216
2019-04-14 08:00,0.503,8.043
2019-04-14 09:00,0.526,8.200
2019-04-14 10:00,0.643,9.040
2019-04-14 11:00,0.856,11.178
2019-04-14 12:00,0.928,12.571
2019-04-14 13:00,0.946,13.089
2019-04-14 14:00,0.949,13.193
2019-04-14 15:00,0.943,13.018
2019-04-14 16:00,0.951,13.284
2019-04-14 17:00,0.937,12.812
2019-04-14 18:00,0.925,12.489
2019-04-14 19:00,0.929,12.582
2019-04-14 20:00,0.929,12.610
2019-04-14 21:00,0.900,11.927
2019-04-14 22:00,0.856,11.184
2019-04-14 23:00,0.799,10.443
2019-04-15 00:00,0.672,9.272
2019-04-15 01:00,0.726,9.727
2019-04-15 02:00,0.914,12.228
2019-04-15 03:00,0.959,13.578
2019-04-15 04:00,0.925,12.505
2019-04-15 05:00,0.851,11.098
2019-04-15 06:00,0.855,11.158
2019-04-15 07:00,0.901,11.949
2019-04-15 08:00,0.938,12.830
2019-04-15 09:00,0.957,13.495
2019-04-15 10:00,0.943,13.003
2019-04-15 11:00,0.901,11.945
2019-04-15 12:00,0.813,10.615
2019-04-15 13:00,0.658,9.155
2019-04-15 14:00,0.522,8.167
2019-04-15 15:00,0.487,7.935
2019-04-15 16:00,0.505,8.054
2019-04-15 17:00,0.455,7.714
2019-04-15 18:00,0.338,6.893
2019-04-15 19:00,0.310,6.684
2019-04-15 20:00,0.390,7.267
2019-04-15 21:00,0.525,8.192
2019-04-15 22:00,0.674,9.289
2019-04-15 23:00,0.685,9.377
2019-04-16 00:00,0.374,7.154
2019-04-16 01:00,0.288,6.525
2019-04-16 02:00,0.314,6.721
2019-04-16 03:00,0.239,6.118
2019-04-16 04:00,0.175,5.526
2019-04-16 05:00,0.158,5.353
2019-04-16 06:00,0.195,5.727
2019-04-16 07:00,0.284,6.484
2019-04-16 08:00,0.367,7.109
2019-04-16 09:00,0.379,7.187
2019-04-16 10:00,0.320,6.759
2019-04-16 11:00,0.277,6.432
2019-04-16 12:00,0.365,7.083
2019-04-16 13:00,0.581,8.587
2019-04-16 14:00,0.710,9.585
2019-04-16 15:00,0.779,10.237
2019-04-16 16:00,0.857,11.191
2019-04-16 17:00,0.933,12.708
2019-04-16 18:00,0.953,13.340
2019-04-16 19:00,0.941,12.939
2019-04-16 20:00,0.916,12.274
2019-04-16 21:00,0.880,11.558
2019-04-16 22:00,0.814,10.620
2019-04-16 23:00,0.573,8.526
2019-04-17 00:00,0.229,6.027
2019-04-17 01:00,0.145,5.200
2019-04-17 02:00,0.118,4.873
2019-04-17 03:00,0.064,4.083
2019-04-17 04:00,0.037,3.498
2019-04-17 05:00,0.043,3.657
2019-04-17 06:00,0.044,3.673
2019-04-17 07:00,0.037,3.523
2019-04-17 08:00,0.028,3.279
2019-04-17 09:00,0.014,2.786
2019-04-17 10:00,0.004,2.180
2019-04-17 11:00,0.004,2.183
2019-04-17 12:00,0.059,3.973
2019-04-17 13:00,0.255,6.252
2019-04-17 14:00,0.581,8.589
2019-04-17 15:00,0.748,9.931
2019-04-17 16:00,0.751,9.954
2019-04-17 17:00,0.739,9.846
2019-04-17 18:00,0.732,9.785
2019-04-17 19:00,0.696,9.466
2019-04-17 20:00,0.574,8.527
2019-04-17 21:00,0.298,6.594
2019-04-17 22:00,0.072,4.218
2019-04-17 23:00,0.071,4.207
2019-04-18 00:00,0.099,4.622
2019-04-18 01:00,0.221,5.957
2019-04-18 02:00,0.436,7.587
2019-04-18 03:00,0.609,8.789
2019-04-18 04:00,0.703,9.524
2019-04-18 05:00,0.743,9.881
2019-04-18 06:00,0.740,9.850
2019-04-18 07:00,0.708,9.565
2019-04-18 08:00,0.643,9.041
2019-04-18 09:00,0.584,8.605
2019-04-18 10:00,0.565,8.474
2019-04-18 11:00,0.682,9.349
2019-04-18 12:00,0.814,10.627
2019-04-18 13:00,0.901,11.958
2019-04-18 14:00,0.946,13.086
2019-04-18 15:00,0.970,14.123
2019-04-18 16:00,0.976,14.482
2019-04-18 17:00,0.969,14.041
2019-04-18 18:00,0.967,13.955
2019-04-18 19:00,0.970,14.133
2019-04-18 20:00,0.959,13.587
2019-04-18 21:00,0.970,14.121
2019-04-18 22:00,0.950,13.244
2019-04-18 23:00,0.913,12.221
2019-04-19 00:00,0.884,11.631
2019-04-19 01:00,0.887,11.689
2019-04-19 02:00,0.851,11.112
2019-04-19 03:00,0.778,10.223
2019-04-19 04:00,0.731,9.771
2019-04-19 05:00,0.696,9.458
2019-04-19 06:00,0.648,9.082
2019-04-19 07:00,0.587,8.630
2019-04-19 08:00,0.506,8.064
2019-04-19 09:00,0.395,7.302
2019-04-19 10:00,0.384,7.229
2019-04-19 11:00,0.390,7.259
2019-04-19 12:00,0.274,6.407
2019-04-19 13:00,0.525,8.194
2019-04-19 14:00,0.912,12.183
2019-04-19 15:00,0.958,13.567
2019-04-19 16:00,0.946,13.091
2019-04-19 17:00,0.919,12.359
2019-04-19 18:00,0.874,11.463
2019-04-19 19:00,0.804,10.512
2019-04-19 20:00,0.664,9.208
2019-04-19 21:00,0.365,7.090
2019-04-19 22:00,0.232,6.054
2019-04-19 23:00,0.163,5.407
2019-04-20 00:00,0.108,4.750
2019-04-20 01:00,0.099,4.624
2019-04-20 02:00,0.057,3.948
2019-04-20 03:00,0.043,3.645
2019-04-20 04:00,0.047,3.746
2019-04-20 05:00,0.045,3.694
2019-04-20 06:00,0.043,3.637
2019-04-20 07:00,0.028,3.281
2019-04-20 08:00,0.016,2.871
2019-04-20 09:00,0.020,3.014
2019-04-20 10:00,0.113,4.826
2019-04-20 11:00,0.374,7.145
2019-04-20 12:00,0.589,8.644
2019-04-20 13:00,0.669,9.250
2019-04-20 14:00,0.696,9.467
2019-04-20 15:00,0.672,9.262
2019-04-20 16:00,0.625,8.910
2019-04-20 17:00,0.586,8.622
2019-04-20 18:00,0.550,8.368
2019-04-20 19:00,0.512,8.097
2019-04-20 20:00,0.461,7.752
2019-04-20 21:00,0.414,7.432
2019-04-20 22:00,0.388,7.252
2019-04-20 23:00,0.268,6.350
2019-04-21 00:00,0.082,4.374
2019-04-21 01:00,0.075,4.271
2019-04-21 02:00,0.092,4.524
2019-04-21 03:00,0.094,4.556
2019-04-21 04:00,0.106,4.724
2019-04-21 05:00,0.134,5.085
2019-04-21 06:00,0.179,5.559
2019-04-21 07:00,0.235,6.090
2019-04-21 08:00,0.308,6.669
2019-04-21 09:00,0.408,7.387
2019-04-21 10:00,0.538,8.277
2019-04-21 11:00,0.759,10.039
2019-04-21 12:00,0.867,11.345
2019-04-21 13:00,0.893,11.785
2019-04-21 14:00,0.888,11.705
2019-04-21 15:00,0.871,11.419
2019-04-21 16:00,0.814,10.630
2019-04-21 17:00,0.779,10.242
2019-04-21 18:00,0.743,9.884
2019-04-21 19:00,0.695,9.455
2019-04-21 20:00,0.649,9.087
2019-04-21 21:00,0.600,8.720
2019-04-21 22:00,0.539,8.286
2019-04-21 23:00,0.502,8.037
2019-04-22 00:00,0.456,7.725
2019-04-22 01:00,0.277,6.431
2019-04-22 02:00,0.132,5.046
2019-04-22 03:00,0.102,4.677
2019-04-22 04:00,0.099,4.622
2019-04-22 05:00,0.082,4.369
2019-04-22 06:00,0.062,4.026
2019-04-22 07:00,0.053,3.859
2019-04-22 08:00,0.062,4.041
2019-04-22 09:00,0.078,4.320
2019-04-22 10:00,0.135,5.094
2019-04-22 11:00,0.350,6.982
2019-04-22 12:00,0.546,8.328
2019-04-22 13:00,0.620,8.867
2019-04-22 14:00,0.637,8.996
2019-04-22 15:00,0.650,9.099
2019-04-22 16:00,0.655,9.135
2019-04-22 17:00,0.644,9.044
2019-04-22 18:00,0.616,8.836
2019-04-22 19:00,0.579,8.566
2019-04-22 20:00,0.544,8.320
2019-04-22 21:00,0.510,8.082
2019-04-22 22:00,0.473,7.834
2019-04-22 23:00,0.269,6.366
2019-04-23 00:00,0.174,5.520
2019-04-23 01:00,0.115,4.842
2019-04-23 02:00,0.065,4.088
2019-04-23 03:00,0.059,3.968
2019-04-23 04:00,0.057,3.947
2019-04-23 05:00,0.053,3.864
2019-04-23 06:00,0.048,3.771
2019-04-23 07:00,0.043,3.651
2019-04-23 08:00,0.041,3.610
2019-04-23 09:00,0.039,3.551
2019-04-23 10:00,0.069,4.163
2019-04-23 11:00,0.235,6.090
2019-04-23 12:00,0.567,8.484
2019-04-23 13:00,0.804,10.514
2019-04-23 14:00,0.895,11.836
2019-04-23 15:00,0.917,12.306
2019-04-23 16:00,0.915,12.258
2019-04-23 17:00,0.906,12.065
2019-04-23 18:00,0.880,11.560
2019-04-23 19:00,0.837,10.912
2019-04-23 20:00,0.750,9.947
2019-04-23 21:00,0.692,9.431
2019-04-23 22:00,0.757,10.014
2019-04-23 23:00,0.817,10.667
2019-04-24 00:00,0.817,10.658
2019-04-24 01:00,0.817,10.649
2019-04-24 02:00,0.887,11.677
2019-04-24 03:00,0.954,13.367
2019-04-24 04:00,0.917,12.302
2019-04-24 05:00,0.750,9.938
2019-04-24 06:00,0.630,8.942
2019-04-24 07:00,0.647,9.078
2019-04-24 08:00,0.644,9.047
2019-04-24 09:00,0.637,8.995
2019-04-24 10:00,0.514,8.115
2019-04-24 11:00,0.378,7.183
2019-04-24 12:00,0.270,6.378
2019-04-24 13:00,0.210,5.867
2019-04-24 14:00,0.087,4.451
2019-04-24 15:00,0.021,3.061
2019-04-24 16:00,0.011,2.633
2019-04-24 17:00,0.011,2.651
2019-04-24 18:00,0.016,2.866
2019-04-24 19:00,0.030,3.321
2019-04-24 20:00,0.032,3.393
2019-04-24 21:00,0.026,3.203
2019-04-24 22:00,0.024,3.145
2019-04-24 23:00,0.030,3.325
2019-04-25 00:00,0.022,3.087
2019-04-25 01:00,0.008,2.488
2019-04-25 02:00,0.014,2.761
2019-04-25 03:00,0.027,3.241
2019-04-25 04:00,0.043,3.662
2019-04-25 05:00,0.065,4.091
2019-04-25 06:00,0.107,4.741
2019-04-25 07:00,0.180,5.565
2019-04-25 08:00,0.260,6.294
2019-04-25 09:00,0.278,6.435
2019-04-25 10:00,0.321,6.775
2019-04-25 11:00,0.492,7.969
2019-04-25 12:00,0.689,9.403
2019-04-25 13:00,0.791,10.362
2019-04-25 14:00,0.810,10.577
2019-04-25 15:00,0.821,10.713
2019-04-25 16:00,0.825,10.755
2019-04-25 17:00,0.813,10.601
2019-04-25 18:00,0.768,10.122
2019-04-25 19:00,0.713,9.611
2019-04-25 20:00,0.645,9.061
2019-04-25 21:00,0.559,8.430
2019-04-25 22:00,0.489,7.946
2019-04-25 23:00,0.529,8.221
2019-04-26 00:00,0.714,9.619
2019-04-26 01:00,0.681,9.345
2019-04-26 02:00,0.609,8.783
2019-04-26 03:00,0.627,8.917
2019-04-26 04:00,0.625,8.898
2019-04-26 05:00,0.577,8.550
2019-04-26 06:00,0.626,8.914
2019-04-26 07:00,0.770,10.142
2019-04-26 08:00,0.876,11.485
2019-04-26 09:00,0.864,11.295
2019-04-26 10:00,0.799,10.445
2019-04-26 11:00,0.813,10.606
2019-04-26 12:00,0.857,11.191
2019-04-26 13:00,0.822,10.724
2019-04-26 14:00,0.730,9.759
2019-04-26 15:00,0.545,8.326
2019-04-26 16:00,0.345,6.948
2019-04-26 17:00,0.036,3.485
2019-04-26 18:00,0.133,5.064
2019-04-26 19:00,0.226,6.003
2019-04-26 20:00,0.270,6.370
2019-04-26 21:00,0.179,5.557
2019-04-26 22:00,0.119,4.896
2019-04-26 23:00,0.110,4.775
2019-04-27 00:00,0.081,4.361
2019-04-27 01:00,0.029,3.303
2019-04-27 02:00,0.014,2.774
2019-04-27 03:00,0.126,4.978
2019-04-27 04:00,0.208,5.849
2019-04-27 05:00,0.203,5.791
2019-04-27 06:00,0.177,5.537
2019-04-27 07:00,0.146,5.220
2019-04-27 08:00,0.123,4.948
2019-04-27 09:00,0.113,4.813
2019-04-27 10:00,0.118,4.881
2019-04-27 11:00,0.179,5.556
2019-04-27 12:00,0.372,7.135
2019-04-27 13:00,0.549,8.359
2019-04-27 14:00,0.516,8.135
2019-04-27 15:00,0.509,8.078
2019-04-27 16:00,0.523,8.172
2019-04-27 17:00,0.431,7.551
2019-04-27 18:00,0.342,6.919
2019-04-27 19:00,0.288,6.524
2019-04-27 20:00,0.273,6.404
2019-04-27 21:00,0.304,6.645
2019-04-27 22:00,0.243,6.158
2019-04-27 23:00,0.171,5.483
2019-04-28 00:00,0.099,4.627
2019-04-28 01:00,0.044,3.678
2019-04-28 02:00,0.017,2.917
2019-04-28 03:00,0.012,2.694
2019-04-28 04:00,0.006,2.296
2019-04-28 05:00,0.001,1.708
2019-04-28 06:00,0.001,1.596
2019-04-28 07:00,0.008,2.484
2019-04-28 08:00,0.037,3.500
2019-04-28 09:00,0.054,3.885
2019-04-28 10:00,0.039,3.572
2019-04-28 11:00,0.023,3.118
2019-04-28 12:00,0.019,2.968
2019-04-28 13:00,0.027,3.245
2019-04-28 14:00,0.025,3.191
2019-04-28 15:00,0.024,3.161
2019-04-28 16:00,0.019,2.972
2019-04-28 17:00,0.009,2.541
2019-04-28 18:00,0.010,2.549
2019-04-28 19:00,0.022,3.083
2019-04-28 20:00,0.043,3.646
2019-04-28 21:00,0.069,4.161
2019-04-28 22:00,0.068,4.135
2019-04-28 23:00,0.046,3.707
2019-04-29 00:00,0.044,3.674
2019-04-29 01:00,0.104,4.694
2019-04-29 02:00,0.121,4.917
2019-04-29 03:00,0.185,5.629
2019-04-29 04:00,0.377,7.172
2019-04-29 05:00,0.608,8.775
2019-04-29 06:00,0.765,10.080
2019-04-29 07:00,0.869,11.386
2019-04-29 08:00,0.913,12.195
2019-04-29 09:00,0.878,11.517
2019-04-29 10:00,0.754,9.989
2019-04-29 11:00,0.628,8.926
2019-04-29 12:00,0.563,8.461
2019-04-29 13:00,0.506,8.061
2019-04-29 14:00,0.481,7.892
2019-04-29 15:00,0.545,8.321
2019-04-29 16:00,0.628,8.918
2019-04-29 17:00,0.633,8.965
2019-04-29 18:00,0.533,8.243
2019-04-29 19:00,0.420,7.478
2019-04-29 20:00,0.298,6.594
2019-04-29 21:00,0.181,5.592
2019-04-29 22:00,0.086,4.433
2019-04-29 23:00,0.016,2.876
2019-04-30 00:00,0.051,3.833
2019-04-30 01:00,0.098,4.610
2019-04-30 02:00,0.112,4.792
2019-04-30 03:00,0.124,4.957
2019-04-30 04:00,0.105,4.718
2019-04-30 05:00,0.084,4.397
2019-04-30 06:00,0.072,4.215
2019-04-30 07:00,0.071,4.193
2019-04-30 08:00,0.078,4.311
2019-04-30 09:00,0.113,4.809
2019-04-30 10:00,0.227,6.014
2019-04-30 11:00,0.497,8.001
2019-04-30 12:00,0.713,9.615
2019-04-30 13:00,0.803,10.495
2019-04-30 14:00,0.834,10.873
2019-04-30 15:00,0.843,10.992
2019-04-30 16:00,0.843,10.998
2019-04-30 17:00,0.833,10.859
2019-04-30 18:00,0.811,10.582
2019-04-30 19:00,0.798,10.436
2019-04-30 20:00,0.816,10.642
2019-04-30 21:00,0.823,10.730
2019-04-30 22:00,0.765,10.087
2019-04-30 23:00,0.597,8.702
2019-05-01 00:00,0.595,8.684
2019-05-01 01:00,0.526,8.204
2019-05-01 02:00,0.370,7.128
2019-05-01 03:00,0.288,6.522
2019-05-01 04:00,0.250,6.207
2019-05-01 05:00,0.222,5.962
2019-05-01 06:00,0.205,5.816
2019-05-01 07:00,0.195,5.721
2019-05-01 08:00,0.175,5.522
2019-05-01 09:00,0.181,5.589
2019-05-01 10:00,0.252,6.227
2019-05-01 11:00,0.453,7.701
2019-05-01 12:00,0.645,9.055
2019-05-01 13:00,0.708,9.565
2019-05-01 14:00,0.729,9.751
2019-05-01 15:00,0.713,9.614
2019-05-01 16:00,0.679,9.331
2019-05-01 17:00,0.649,9.089
2019-05-01 18:00,0.628,8.930
2019-05-01 19:00,0.618,8.855
2019-05-01 20:00,0.632,8.959
2019-05-01 21:00,0.643,9.031
2019-05-01 22:00,0.582,8.593
2019-05-01 23:00,0.333,6.851
2019-05-02 00:00,0.390,7.259
2019-05-02 01:00,0.299,6.605
2019-05-02 02:00,0.255,6.254
2019-05-02 03:00,0.267,6.349
2019-05-02 04:00,0.281,6.468
2019-05-02 05:00,0.279,6.442
2019-05-02 06:00,0.287,6.510
2019-05-02 07:00,0.333,6.862
2019-05-02 08:00,0.384,7.229
2019-05-02 09:00,0.430,7.545
2019-05-02 10:00,0.489,7.952
2019-05-02 11:00,0.623,8.891
2019-05-02 12:00,0.738,9.836
2019-05-02 13:00,0.768,10.127
2019-05-02 14:00,0.778,10.229
2019-05-02 15:00,0.813,10.602
2019-05-02 16:00,0.847,11.047
2019-05-02 17:00,0.922,12.407
2019-05-02 18:00,0.912,12.181
2019-05-02 19:00,0.865,11.314
2019-05-02 20:00,0.804,10.509
2019-05-02 21:00,0.730,9.762
2019-05-02 22:00,0.591,8.654
2019-05-02 23:00,0.459,7.735
2019-05-03 00:00,0.721,9.682
2019-05-03 01:00,0.772,10.150
2019-05-03 02:00,0.658,9.153
2019-05-03 03:00,0.506,8.063
2019-05-03 04:00,0.414,7.433
2019-05-03 05:00,0.356,7.028
2019-05-03 06:00,0.303,6.639
2019-05-03 07:00,0.240,6.126
2019-05-03 08:00,0.186,5.633
2019-05-03 09:00,0.160,5.374
2019-05-03 10:00,0.176,5.528
2019-05-03 11:00,0.341,6.914
2019-05-03 12:00,0.582,8.592
2019-05-03 13:00,0.673,9.280
2019-05-03 14:00,0.689,9.408
2019-05-03 15:00,0.680,9.337
2019-05-03 16:00,0.665,9.217
2019-05-03 17:00,0.629,8.939
2019-05-03 18:00,0.524,8.185
2019-05-03 19:00,0.456,7.726
2019-05-03 20:00,0.352,6.992
2019-05-03 21:00,0.238,6.107
2019-05-03 22:00,0.152,5.277
2019-05-03 23:00,0.059,3.968
2019-05-04 00:00,0,0.765
2019-05-04 01:00,0.001,1.612
2019-05-04 02:00,0.007,2.360
2019-05-04 03:00,0.010,2.594
2019-05-04 04:00,0.023,3.127
2019-05-04 05:00,0.065,4.093
2019-05-04 06:00,0.132,5.050
2019-05-04 07:00,0.224,5.995
2019-05-04 08:00,0.347,6.956
2019-05-04 09:00,0.515,8.119
2019-05-04 10:00,0.574,8.533
2019-05-04 11:00,0.631,8.950
2019-05-04 12:00,0.725,9.715
2019-05-04 13:00,0.727,9.732
2019-05-04 14:00,0.654,9.130
2019-05-04 15:00,0.542,8.306
2019-05-04 16:00,0.443,7.631
2019-05-04 17:00,0.431,7.551
2019-05-04 18:00,0.556,8.406
2019-05-04 19:00,0.645,9.059
2019-05-04 20:00,0.749,9.933
2019-05-04 21:00,0.793,10.381
2019-05-04 22:00,0.775,10.189
2019-05-04 23:00,0.903,11.984
2019-05-05 00:00,0.922,12.432
2019-05-05 01:00,0.914,12.244
2019-05-05 02:00,0.903,11.997
2019-05-05 03:00,0.901,11.938
2019-05-05 04:00,0.891,11.757
2019-05-05 05:00,0.852,11.117
2019-05-05 06:00,0.817,10.649
2019-05-05 07:00,0.770,10.140
2019-05-05 08:00,0.741,9.868
2019-05-05 09:00,0.707,9.558
2019-05-05 10:00,0.679,9.326
2019-05-05 11:00,0.620,8.869
2019-05-05 12:00,0.608,8.775
2019-05-05 13:00,0.575,8.541
2019-05-05 14:00,0.520,8.155
2019-05-05 15:00,0.474,7.843
2019-05-05 16:00,0.440,7.611
2019-05-05 17:00,0.367,7.110
2019-05-05 18:00,0.374,7.158
2019-05-05 19:00,0.540,8.296
2019-05-05 20:00,0.643,9.035
2019-05-05 21:00,0.599,8.707
2019-05-05 22:00,0.416,7.448
2019-05-05 23:00,0.352,6.999
2019-05-06 00:00,0.418,7.461
2019-05-06 01:00,0.450,7.671
2019-05-06 02:00,0.441,7.616
2019-05-06 03:00,0.453,7.705
2019-05-06 04:00,0.466,7.794
2019-05-06 05:00,0.486,7.930
2019-05-06 06:00,0.522,8.168
2019-05-06 07:00,0.565,8.473
2019-05-06 08:00,0.594,8.675
2019-05-06 09:00,0.570,8.503
2019-05-06 10:00,0.487,7.936
2019-05-06 11:00,0.345,6.943
2019-05-06 12:00,0.245,6.168
2019-05-06 13:00,0.174,5.519
2019-05-06 14:00,0.118,4.883
2019-05-06 15:00,0.111,4.790
2019-05-06 16:00,0.136,5.102
2019-05-06 17:00,0.102,4.672
2019-05-06 18:00,0.085,4.409
2019-05-06 19:00,0.068,4.143
2019-05-06 20:00,0.064,4.068
2019-05-06 21:00,0.068,4.132
2019-05-06 22:00,0.064,4.085
2019-05-06 23:00,0.060,4.002
2019-05-07 00:00,0.085,4.409
2019-05-07 01:00,0.200,5.773
2019-05-07 02:00,0.377,7.169
2019-05-07 03:00,0.533,8.240
2019-05-07 04:00,0.645,9.056
2019-05-07 05:00,0.716,9.640
2019-05-07 06:00,0.729,9.745
2019-05-07 07:00,0.669,9.250
2019-05-07 08:00,0.562,8.449
2019-05-07 09:00,0.430,7.548
2019-05-07 10:00,0.305,6.650
2019-05-07 11:00,0.199,5.766
2019-05-07 12:00,0.121,4.925
2019-05-07 13:00,0.087,4.458
2019-05-07 14:00,0.072,4.208
2019-05-07 15:00,0.070,4.175
2019-05-07 16:00,0.071,4.191
2019-05-07 17:00,0.070,4.183
2019-05-07 18:00,0.067,4.128
2019-05-07 19:00,0.070,4.181
2019-05-07 20:00,0.085,4.430
2019-05-07 21:00,0.115,4.840
2019-05-07 22:00,0.140,5.148
2019-05-07 23:00,0.211,5.872
2019-05-08 00:00,0.331,6.845
2019-05-08 01:00,0.374,7.156
2019-05-08 02:00,0.436,7.586
2019-05-08 03:00,0.519,8.147
2019-05-08 04:00,0.563,8.462
2019-05-08 05:00,0.563,8.458
2019-05-08 06:00,0.528,8.217
2019-05-08 07:00,0.457,7.728
2019-05-08 08:00,0.359,7.049
2019-05-08 09:00,0.268,6.358
2019-05-08 10:00,0.171,5.489
2019-05-08 11:00,0.095,4.579
2019-05-08 12:00,0.078,4.321
2019-05-08 13:00,0.089,4.483
2019-05-08 14:00,0.131,5.036
2019-05-08 15:00,0.137,5.112
2019-05-08 16:00,0.069,4.159
2019-05-08 17:00,0.030,3.320
2019-05-08 18:00,0.024,3.141
2019-05-08 19:00,0.026,3.204
2019-05-08 20:00,0.025,3.172
2019-05-08 21:00,0.021,3.066
2019-05-08 22:00,0.017,2.901
2019-05-08 23:00,0.006,2.290
2019-05-09 00:00,0.001,1.459
2019-05-09 01:00,0,1.339
2019-05-09 02:00,0.004,2.077
2019-05-09 03:00,0.011,2.620
2019-05-09 04:00,0.013,2.732
2019-05-09 05:00,0.014,2.779
2019-05-09 06:00,0.019,2.974
2019-05-09 07:00,0.033,3.422
2019-05-09 08:00,0.055,3.915
2019-05-09 09:00,0.078,4.309
2019-05-09 10:00,0.090,4.496
2019-05-09 11:00,0.137,5.112
2019-05-09 12:00,0.253,6.232
2019-05-09 13:00,0.449,7.668
2019-05-09 14:00,0.635,8.983
2019-05-09 15:00,0.692,9.420
2019-05-09 16:00,0.696,9.458
2019-05-09 17:00,0.738,9.827
2019-05-09 18:00,0.784,10.294
2019-05-09 19:00,0.833,10.862
2019-05-09 20:00,0.867,11.341
2019-05-09 21:00,0.858,11.212
2019-05-09 22:00,0.796,10.412
2019-05-09 23:00,0.697,9.476
2019-05-10 00:00,0.750,9.944
2019-05-10 01:00,0.729,9.741
2019-05-10 02:00,0.722,9.687
2019-05-10 03:00,0.742,9.869
2019-05-10 04:00,0.748,9.929
2019-05-10 05:00,0.721,9.671
2019-05-10 06:00,0.686,9.388
2019-05-10 07:00,0.654,9.132
2019-05-10 08:00,0.628,8.921
2019-05-10 09:00,0.588,8.636
2019-05-10 10:00,0.509,8.079
2019-05-10 11:00,0.436,7.590
2019-05-10 12:00,0.429,7.535
2019-05-10 13:00,0.453,7.702
2019-05-10 14:00,0.533,8.244
2019-05-10 15:00,0.645,9.059
2019-05-10 16:00,0.734,9.795
2019-05-10 17:00,0.803,10.501
2019-05-10 18:00,0.836,10.890
2019-05-10 19:00,0.820,10.700
2019-05-10 20:00,0.765,10.081
2019-05-10 21:00,0.649,9.086
2019-05-10 22:00,0.476,7.852
2019-05-10 23:00,0.198,5.755
2019-05-11 00:00,0.092,4.523
2019-05-11 01:00,0.118,4.879
2019-05-11 02:00,0.194,5.707
2019-05-11 03:00,0.303,6.634
2019-05-11 04:00,0.427,7.521
2019-05-11 05:00,0.526,8.201
2019-05-11 06:00,0.572,8.511
2019-05-11 07:00,0.562,8.447
2019-05-11 08:00,0.527,8.211
2019-05-11 09:00,0.484,7.913
2019-05-11 10:00,0.409,7.391
2019-05-11 11:00,0.342,6.929
2019-05-11 12:00,0.312,6.701
2019-05-11 13:00,0.349,6.979
2019-05-11 14:00,0.499,8.009
2019-05-11 15:00,0.857,11.194
2019-05-11 16:00,0.984,15.094
2019-05-11 17:00,0.992,16.275
2019-05-11 18:00,0.991,16.144
2019-05-11 19:00,0.966,13.914
2019-05-11 20:00,0.948,13.164
2019-05-11 21:00,0.963,13.744
2019-05-11 22:00,0.920,12.373
2019-05-11 23:00,0.920,12.377
2019-05-12 00:00,0.932,12.669
2019-05-12 01:00,0.932,12.681
2019-05-12 02:00,0.916,12.275
2019-05-12 03:00,0.884,11.626
2019-05-12 04:00,0.840,10.956
2019-05-12 05:00,0.767,10.112
2019-05-12 06:00,0.669,9.245
2019-05-12 07:00,0.554,8.394
2019-05-12 08:00,0.424,7.501
2019-05-12 09:00,0.281,6.465
2019-05-12 10:00,0.146,5.218
2019-05-12 11:00,0.092,4.529
2019-05-12 12:00,0.115,4.844
2019-05-12 13:00,0.183,5.607
2019-05-12 14:00,0.279,6.449
2019-05-12 15:00,0.310,6.685
2019-05-12 16:00,0.309,6.675
2019-05-12 17:00,0.382,7.213
2019-05-12 18:00,0.546,8.329
2019-05-12 19:00,0.672,9.259
2019-05-12 20:00,0.736,9.815
2019-05-12 21:00,0.758,10.021
2019-05-12 22:00,0.739,9.835
2019-05-12 23:00,0.483,7.905
2019-05-13 00:00,0.460,7.744
2019-05-13 01:00,0.703,9.523
2019-05-13 02:00,0.748,9.927
2019-05-13 03:00,0.806,10.530
2019-05-13 04:00,0.809,10.566
2019-05-13 05:00,0.716,9.637
2019-05-13 06:00,0.600,8.723
2019-05-13 07:00,0.669,9.237
2019-05-13 08:00,0.740,9.852
2019-05-13 09:00,0.669,9.243
2019-05-13 10:00,0.452,7.699
2019-05-13 11:00,0.259,6.288
2019-05-13 12:00,0.102,4.658
2019-05-13 13:00,0.017,2.902
2019-05-13 14:00,0.034,3.427
2019-05-13 15:00,0.160,5.372
2019-05-13 16:00,0.424,7.503
2019-05-13 17:00,0.572,8.517
2019-05-13 18:00,0.577,8.549
2019-05-13 19:00,0.542,8.306
2019-05-13 20:00,0.542,8.303
2019-05-13 21:00,0.433,7.563
2019-05-13 22:00,0.257,6.272
2019-05-13 23:00,0.080,4.345
2019-05-14 00:00,0.009,2.502
2019-05-14 01:00,0.008,2.444
2019-05-14 02:00,0.063,4.066
2019-05-14 03:00,0.155,5.312
2019-05-14 04:00,0.127,4.997
2019-05-14 05:00,0.075,4.269
2019-05-14 06:00,0.076,4.277
2019-05-14 07:00,0.120,4.905
2019-05-14 08:00,0.180,5.570
2019-05-14 09:00,0.318,6.742
2019-05-14 10:00,0.528,8.214
2019-05-14 11:00,0.710,9.579
2019-05-14 12:00,0.730,9.759
2019-05-14 13:00,0.704,9.538
2019-05-14 14:00,0.727,9.733
2019-05-14 15:00,0.757,10.018
2019-05-14 16:00,0.768,10.129
2019-05-14 17:00,0.729,9.755
2019-05-14 18:00,0.697,9.474
2019-05-14 19:00,0.669,9.241
2019-05-14 20:00,0.764,10.075
2019-05-14 21:00,0.754,9.991
2019-05-14 22:00,0.396,7.312
2019-05-14 23:00,0.231,6.048
2019-05-15 00:00,0.536,8.259
2019-05-15 01:00,0.513,8.102
2019-05-15 02:00,0.436,7.580
2019-05-15 03:00,0.394,7.299
2019-05-15 04:00,0.355,7.011
2019-05-15 05:00,0.308,6.667
2019-05-15 06:00,0.268,6.358
2019-05-15 07:00,0.247,6.183
2019-05-15 08:00,0.228,6.023
2019-05-15 09:00,0.205,5.822
2019-05-15 10:00,0.181,5.580
2019-05-15 11:00,0.194,5.716
2019-05-15 12:00,0.213,5.891
2019-05-15 13:00,0.248,6.189
2019-05-15 14:00,0.317,6.737
2019-05-15 15:00,0.361,7.064
2019-05-15 16:00,0.374,7.159
2019-05-15 17:00,0.397,7.320
2019-05-15 18:00,0.330,6.834
2019-05-15 19:00,0.318,6.743
2019-05-15 20:00,0.324,6.795
2019-05-15 21:00,0.373,7.141
2019-05-15 22:00,0.454,7.707
2019-05-15 23:00,0.406,7.377
2019-05-16 00:00,0.199,5.765
2019-05-16 01:00,0.270,6.383
2019-05-16 02:00,0.335,6.868
2019-05-16 03:00,0.358,7.041
2019-05-16 04:00,0.432,7.563
2019-05-16 05:00,0.526,8.202
2019-05-16 06:00,0.617,8.846
2019-05-16 07:00,0.697,9.479
2019-05-16 08:00,0.752,9.959
2019-05-16 09:00,0.803,10.503
2019-05-16 10:00,0.859,11.218
2019-05-16 11:00,0.859,11.231
2019-05-16 12:00,0.863,11.291
2019-05-16 13:00,0.883,11.609
2019-05-16 14:00,0.884,11.640
2019-05-16 15:00,0.877,11.508
2019-05-16 16:00,0.868,11.350
2019-05-16 17:00,0.855,11.163
2019-05-16 18:00,0.837,10.912
2019-05-16 19:00,0.789,10.344
2019-05-16 20:00,0.706,9.553
2019-05-16 21:00,0.625,8.903
2019-05-16 22:00,0.552,8.381
2019-05-16 23:00,0.414,7.434
2019-05-17 00:00,0.371,7.134
2019-05-17 01:00,0.299,6.607
2019-05-17 02:00,0.206,5.828
2019-05-17 03:00,0.220,5.948
2019-05-17 04:00,0.276,6.426
2019-05-17 05:00,0.333,6.850
2019-05-17 06:00,0.370,7.122
2019-05-17 07:00,0.428,7.526
2019-05-17 08:00,0.520,8.159
2019-05-17 09:00,0.648,9.085
2019-05-17 10:00,0.778,10.225
2019-05-17 11:00,0.843,11.000
2019-05-17 12:00,0.871,11.401
2019-05-17 13:00,0.861,11.248
2019-05-17 14:00,0.858,11.213
2019-05-17 15:00,0.861,11.255
2019-05-17 16:00,0.819,10.686
2019-05-17 17:00,0.759,10.040
2019-05-17 18:00,0.755,9.997
2019-05-17 19:00,0.670,9.251
2019-05-17 20:00,0.605,8.754
2019-05-17 21:00,0.628,8.933
2019-05-17 22:00,0.523,8.178
2019-05-17 23:00,0.268,6.354
2019-05-18 00:00,0.223,5.976
2019-05-18 01:00,0.295,6.575
2019-05-18 02:00,0.309,6.674
2019-05-18 03:00,0.314,6.719
2019-05-18 04:00,0.339,6.909
2019-05-18 05:00,0.349,6.979
2019-05-18 06:00,0.320,6.753
2019-05-18 07:00,0.299,6.609
2019-05-18 08:00,0.702,9.519
2019-05-18 09:00,0.986,15.298
2019-05-18 10:00,0.992,17.421
2019-05-18 11:00,0.993,16.677
2019-05-18 12:00,0.955,13.437
2019-05-18 13:00,0.739,9.845
2019-05-18 14:00,0.591,8.650
2019-05-18 15:00,0.582,8.593
2019-05-18 16:00,0.612,8.803
2019-05-18 17:00,0.716,9.635
2019-05-18 18:00,0.803,10.496
2019-05-18 19:00,0.829,10.813
2019-05-18 20:00,0.843,10.994
2019-05-18 21:00,0.914,12.239
2019-05-18 22:00,0.921,12.398
2019-05-18 23:00,0.977,14.564
2019-05-19 00:00,0.988,15.498
2019-05-19 01:00,0.979,14.699
2019-05-19 02:00,0.960,13.638
2019-05-19 03:00,0.923,12.449
2019-05-19 04:00,0.853,11.141
2019-05-19 05:00,0.739,9.831
2019-05-19 06:00,0.545,8.326
2019-05-19 07:00,0.346,6.955
2019-05-19 08:00,0.223,5.972
2019-05-19 09:00,0.202,5.786
2019-05-19 10:00,0.251,6.210
2019-05-19 11:00,0.357,7.034
2019-05-19 12:00,0.493,7.977
2019-05-19 13:00,0.461,7.755
2019-05-19 14:00,0.312,6.701
2019-05-19 15:00,0.152,5.278
2019-05-19 16:00,0.059,3.971
2019-05-19 17:00,0.020,3.022
2019-05-19 18:00,0.014,2.760
2019-05-19 19:00,0.024,3.162
2019-05-19 20:00,0.036,3.479
2019-05-19 21:00,0.050,3.810
2019-05-19 22:00,0.103,4.688
2019-05-19 23:00,0.082,4.374
2019-05-20 00:00,0.018,2.950
2019-05-20 01:00,0.011,2.628
2019-05-20 02:00,0.007,2.355
2019-05-20 03:00,0.004,2.188
2019-05-20 04:00,0.006,2.341
2019-05-20 05:00,0.011,2.618
2019-05-20 06:00,0.012,2.674
2019-05-20 07:00,0.009,2.524
2019-05-20 08:00,0.006,2.287
2019-05-20 09:00,0.004,2.101
2019-05-20 10:00,0.008,2.430
2019-05-20 11:00,0.060,4.009
2019-05-20 12:00,0.175,5.522
2019-05-20 13:00,0.238,6.115
2019-05-20 14:00,0.204,5.808
2019-05-20 15:00,0.120,4.913
2019-05-20 16:00,0.063,4.055
2019-05-20 17:00,0.041,3.608
2019-05-20 18:00,0.037,3.493
2019-05-20 19:00,0.027,3.259
2019-05-20 20:00,0.021,3.055
2019-05-20 21:00,0.015,2.813
2019-05-20 22:00,0.007,2.413
2019-05-20 23:00,0.002,1.914
2019-05-21 00:00,0,1.240
2019-05-21 01:00,0.007,2.381
2019-05-21 02:00,0.010,2.545
2019-05-21 03:00,0.016,2.847
2019-05-21 04:00,0.032,3.373
2019-05-21 05:00,0.058,3.955
2019-05-21 06:00,0.089,4.489
2019-05-21 07:00,0.125,4.973
2019-05-21 08:00,0.149,5.256
2019-05-21 09:00,0.140,5.146
2019-05-21 10:00,0.102,4.672
2019-05-21 11:00,0.050,3.806
2019-05-21 12:00,0.013,2.719
2019-05-21 13:00,0.001,1.660
2019-05-21 14:00,0,1.228
2019-05-21 15:00,0.004,2.161
2019-05-21 16:00,0.037,3.521
2019-05-21 17:00,0.113,4.824
2019-05-21 18:00,0.211,5.871
2019-05-21 19:00,0.290,6.541
2019-05-21 20:00,0.355,7.024
2019-05-21 21:00,0.394,7.297
2019-05-21 22:00,0.423,7.491
2019-05-21 23:00,0.309,6.677
2019-05-22 00:00,0.127,4.996
2019-05-22 01:00,0.055,3.917
2019-05-22 02:00,0.023,3.122
2019-05-22 03:00,0.016,2.857
2019-05-22 04:00,0.012,2.679
2019-05-22 05:00,0.007,2.402
2019-05-22 06:00,0.004,2.103
2019-05-22 07:00,0.002,1.818
2019-05-22 08:00,0.001,1.668
2019-05-22 09:00,0.003,1.976
2019-05-22 10:00,0.014,2.783
2019-05-22 11:00,0.075,4.261
2019-05-22 12:00,0.251,6.222
2019-05-22 13:00,0.553,8.387
2019-05-22 14:00,0.789,10.332
2019-05-22 15:00,0.879,11.542
2019-05-22 16:00,0.919,12.345
2019-05-22 17:00,0.932,12.689
2019-05-22 18:00,0.916,12.271
2019-05-22 19:00,0.890,11.748
2019-05-22 20:00,0.856,11.181
2019-05-22 21:00,0.815,10.636
2019-05-22 22:00,0.753,9.981
2019-05-22 23:00,0.546,8.335
2019-05-23 00:00,0.359,7.053
2019-05-23 01:00,0.651,9.107
2019-05-23 02:00,0.843,10.993
2019-05-23 03:00,0.841,10.971
2019-05-23 04:00,0.849,11.075
2019-05-23 05:00,0.865,11.318
2019-05-23 06:00,0.861,11.248
2019-05-23 07:00,0.851,11.111
2019-05-23 08:00,0.853,11.132
2019-05-23 09:00,0.855,11.163
2019-05-23 10:00,0.821,10.710
2019-05-23 11:00,0.808,10.552
2019-05-23 12:00,0.831,10.827
2019-05-23 13:00,0.828,10.805
2019-05-23 14:00,0.828,10.804
2019-05-23 15:00,0.815,10.642
2019-05-23 16:00,0.745,9.894
2019-05-23 17:00,0.653,9.124
2019-05-23 18:00,0.564,8.467
2019-05-23 19:00,0.498,8.006
2019-05-23 20:00,0.525,8.194
2019-05-23 21:00,0.513,8.107
2019-05-23 22:00,0.394,7.296
2019-05-23 23:00,0.237,6.098
2019-05-24 00:00,0.125,4.965
2019-05-24 01:00,0.056,3.918
2019-05-24 02:00,0.021,3.050
2019-05-24 03:00,0.017,2.915
2019-05-24 04:00,0.030,3.330
2019-05-24 05:00,0.038,3.527
2019-05-24 06:00,0.036,3.484
2019-05-24 07:00,0.031,3.349
2019-05-24 08:00,0.026,3.201
2019-05-24 09:00,0.013,2.721
2019-05-24 10:00,0.003,2.051
2019-05-24 11:00,0.004,2.106
2019-05-24 12:00,0.054,3.873
2019-05-24 13:00,0.209,5.860
2019-05-24 14:00,0.384,7.228
2019-05-24 15:00,0.473,7.840
2019-05-24 16:00,0.468,7.802
2019-05-24 17:00,0.400,7.337
2019-05-24 18:00,0.356,7.028
2019-05-24 19:00,0.377,7.167
2019-05-24 20:00,0.416,7.447
2019-05-24 21:00,0.390,7.267
2019-05-24 22:00,0.281,6.460
2019-05-24 23:00,0.126,4.982
2019-05-25 00:00,0.062,4.035
2019-05-25 01:00,0.030,3.317
2019-05-25 02:00,0.021,3.052
2019-05-25 03:00,0.043,3.649
2019-05-25 04:00,0.072,4.221
2019-05-25 05:00,0.115,4.842
2019-05-25 06:00,0.171,5.491
2019-05-25 07:00,0.270,6.381
2019-05-25 08:00,0.505,8.058
2019-05-25 09:00,0.838,10.928
2019-05-25 10:00,0.964,13.799
2019-05-25 11:00,0.965,13.828
2019-05-25 12:00,0.919,12.335
2019-05-25 13:00,0.859,11.224
2019-05-25 14:00,0.774,10.171
2019-05-25 15:00,0.637,8.994
2019-05-25 16:00,0.499,8.014
2019-05-25 17:00,0.290,6.537
2019-05-25 18:00,0.088,4.467
2019-05-25 19:00,0.042,3.632
2019-05-25 20:00,0.187,5.652
2019-05-25 21:00,0.539,8.287
2019-05-25 22:00,0.661,9.171
2019-05-25 23:00,0.838,10.929
2019-05-26 00:00,0.951,13.297
2019-05-26 01:00,0.977,14.557
2019-05-26 02:00,0.987,15.419
2019-05-26 03:00,0.988,15.540
2019-05-26 04:00,0.982,14.947
2019-05-26 05:00,0.974,14.350
2019-05-26 06:00,0.967,13.954
2019-05-26 07:00,0.960,13.616
2019-05-26 08:00,0.948,13.182
2019-05-26 09:00,0.934,12.729
2019-05-26 10:00,0.920,12.380
2019-05-26 11:00,0.867,11.338
2019-05-26 12:00,0.812,10.594
2019-05-26 13:00,0.805,10.516
2019-05-26 14:00,0.725,9.716
2019-05-26 15:00,0.555,8.396
2019-05-26 16:00,0.393,7.281
2019-05-26 17:00,0.345,6.951
2019-05-26 18:00,0.383,7.221
2019-05-26 19:00,0.393,7.287
2019-05-26 20:00,0.328,6.823
2019-05-26 21:00,0.238,6.114
2019-05-26 22:00,0.114,4.835
2019-05-26 23:00,0.109,4.763
2019-05-27 00:00,0.180,5.565
2019-05-27 01:00,0.132,5.042
2019-05-27 02:00,0.106,4.722
2019-05-27 03:00,0.099,4.620
2019-05-27 04:00,0.094,4.565
2019-05-27 05:00,0.089,4.490
2019-05-27 06:00,0.080,4.350
2019-05-27 07:00,0.072,4.224
2019-05-27 08:00,0.093,4.541
2019-05-27 09:00,0.137,5.120
2019-05-27 10:00,0.170,5.472
2019-05-27 11:00,0.197,5.742
2019-05-27 12:00,0.228,6.025
2019-05-27 13:00,0.241,6.136
2019-05-27 14:00,0.240,6.132
2019-05-27 15:00,0.257,6.272
2019-05-27 16:00,0.299,6.603
2019-05-27 17:00,0.309,6.675
2019-05-27 18:00,0.279,6.442
2019-05-27 19:00,0.257,6.276
2019-05-27 20:00,0.229,6.028
2019-05-27 21:00,0.203,5.796
2019-05-27 22:00,0.153,5.284
2019-05-27 23:00,0.170,5.480
2019-05-28 00:00,0.208,5.847
2019-05-28 01:00,0.218,5.940
2019-05-28 02:00,0.218,5.941
2019-05-28 03:00,0.222,5.961
2019-05-28 04:00,0.224,5.995
2019-05-28 05:00,0.206,5.829
2019-05-28 06:00,0.189,5.665
2019-05-28 07:00,0.187,5.651
2019-05-28 08:00,0.197,5.745
2019-05-28 09:00,0.202,5.781
2019-05-28 10:00,0.215,5.910
2019-05-28 11:00,0.246,6.181
2019-05-28 12:00,0.323,6.789
2019-05-28 13:00,0.395,7.302
2019-05-28 14:00,0.440,7.613
2019-05-28 15:00,0.445,7.640
2019-05-28 16:00,0.400,7.333
2019-05-28 17:00,0.305,6.656
2019-05-28 18:00,0.215,5.907
2019-05-28 19:00,0.116,4.857
2019-05-28 20:00,0.036,3.482
2019-05-28 21:00,0.013,2.711
2019-05-28 22:00,0.008,2.481
2019-05-28 23:00,0.022,3.076
2019-05-29 00:00,0.134,5.072
2019-05-29 01:00,0.246,6.170
2019-05-29 02:00,0.293,6.558
2019-05-29 03:00,0.302,6.628
2019-05-29 04:00,0.306,6.659
2019-05-29 05:00,0.259,6.289
2019-05-29 06:00,0.179,5.561
2019-05-29 07:00,0.111,4.780
2019-05-29 08:00,0.065,4.102
2019-05-29 09:00,0.031,3.349
2019-05-29 10:00,0.007,2.359
2019-05-29 11:00,0.001,1.707
2019-05-29 12:00,0.017,2.902
2019-05-29 13:00,0.080,4.340
2019-05-29 14:00,0.301,6.617
2019-05-29 15:00,0.629,8.934
2019-05-29 16:00,0.789,10.340
2019-05-29 17:00,0.865,11.309
2019-05-29 18:00,0.882,11.588
2019-05-29 19:00,0.849,11.078
2019-05-29 20:00,0.824,10.741
2019-05-29 21:00,0.792,10.378
2019-05-29 22:00,0.715,9.631
2019-05-29 23:00,0.599,8.720
2019-05-30 00:00,0.754,9.990
2019-05-30 01:00,0.591,8.655
2019-05-30 02:00,0.367,7.109
2019-05-30 03:00,0.314,6.709
2019-05-30 04:00,0.314,6.709
2019-05-30 05:00,0.297,6.579
2019-05-30 06:00,0.276,6.419
2019-05-30 07:00,0.249,6.205
2019-05-30 08:00,0.222,5.964
2019-05-30 09:00,0.217,5.926
2019-05-30 10:00,0.244,6.161
2019-05-30 11:00,0.386,7.237
2019-05-30 12:00,0.559,8.427
2019-05-30 13:00,0.602,8.735
2019-05-30 14:00,0.574,8.527
2019-05-30 15:00,0.513,8.112
2019-05-30 16:00,0.460,7.739
2019-05-30 17:00,0.450,7.676
2019-05-30 18:00,0.454,7.708
2019-05-30 19:00,0.462,7.758
2019-05-30 20:00,0.469,7.812
2019-05-30 21:00,0.506,8.062
2019-05-30 22:00,0.499,8.019
2019-05-30 23:00,0.331,6.845
2019-05-31 00:00,0.241,6.139
2019-05-31 01:00,0.230,6.037
2019-05-31 02:00,0.297,6.584
2019-05-31 03:00,0.414,7.433
2019-05-31 04:00,0.505,8.048
2019-05-31 05:00,0.576,8.545
2019-05-31 06:00,0.569,8.490
2019-05-31 07:00,0.416,7.442
2019-05-31 08:00,0.204,5.812
2019-05-31 09:00,0.088,4.472
2019-05-31 10:00,0.048,3.773
2019-05-31 11:00,0.024,3.161
2019-05-31 12:00,0.055,3.901
2019-05-31 13:00,0.200,5.772
2019-05-31 14:00,0.436,7.581
2019-05-31 15:00,0.682,9.348
2019-05-31 16:00,0.809,10.568
2019-05-31 17:00,0.837,10.904
2019-05-31 18:00,0.833,10.863
2019-05-31 19:00,0.826,10.779
2019-05-31 20:00,0.834,10.867
2019-05-31 21:00,0.791,10.353
2019-05-31 22:00,0.642,9.026
2019-05-31 23:00,0.291,6.548
2019-06-01 00:00,0.254,6.247
2019-06-01 01:00,0.389,7.255
2019-06-01 02:00,0.406,7.380
2019-06-01 03:00,0.441,7.614
2019-06-01 04:00,0.495,7.986
2019-06-01 05:00,0.533,8.242
2019-06-01 06:00,0.549,8.350
2019-06-01 07:00,0.572,8.515
2019-06-01 08:00,0.606,8.769
2019-06-01 09:00,0.643,9.041
2019-06-01 10:00,0.625,8.898
2019-06-01 11:00,0.594,8.673
2019-06-01 12:00,0.647,9.075
2019-06-01 13:00,0.665,9.211
2019-06-01 14:00,0.609,8.786
2019-06-01 15:00,0.510,8.085
2019-06-01 16:00,0.431,7.555
2019-06-01 17:00,0.401,7.343
2019-06-01 18:00,0.423,7.488
2019-06-01 19:00,0.476,7.858
2019-06-01 20:00,0.574,8.534
2019-06-01 21:00,0.679,9.325
2019-06-01 22:00,0.747,9.916
2019-06-01 23:00,0.569,8.490
2019-06-02 00:00,0.550,8.370
2019-06-02 01:00,0.642,9.029
2019-06-02 02:00,0.679,9.327
2019-06-02 03:00,0.683,9.362
2019-06-02 04:00,0.611,8.797
2019-06-02 05:00,0.549,8.363
2019-06-02 06:00,0.538,8.278
2019-06-02 07:00,0.565,8.473
2019-06-02 08:00,0.595,8.684
2019-06-02 09:00,0.600,8.722
2019-06-02 10:00,0.569,8.498
2019-06-02 11:00,0.600,8.727
2019-06-02 12:00,0.704,9.536
2019-06-02 13:00,0.738,9.838
2019-06-02 14:00,0.689,9.400
2019-06-02 15:00,0.548,8.348
2019-06-02 16:00,0.384,7.225
2019-06-02 17:00,0.269,6.366
2019-06-02 18:00,0.234,6.077
2019-06-02 19:00,0.239,6.121
2019-06-02 20:00,0.204,5.812
2019-06-02 21:00,0.168,5.447
2019-06-02 22:00,0.128,5.002
2019-06-02 23:00,0.048,3.771
2019-06-03 00:00,0.023,3.113
2019-06-03 01:00,0.017,2.906
2019-06-03 02:00,0.038,3.534
2019-06-03 03:00,0.066,4.110
2019-06-03 04:00,0.091,4.517
2019-06-03 05:00,0.118,4.871
2019-06-03 06:00,0.143,5.181
2019-06-03 07:00,0.155,5.308
2019-06-03 08:00,0.155,5.314
2019-06-03 09:00,0.122,4.928
2019-06-03 10:00,0.070,4.190
2019-06-03 11:00,0.074,4.243
2019-06-03 12:00,0.279,6.448
2019-06-03 13:00,0.704,9.537
2019-06-03 14:00,0.891,11.752
2019-06-03 15:00,0.902,11.976
2019-06-03 16:00,0.861,11.240
2019-06-03 17:00,0.742,9.873
2019-06-03 18:00,0.516,8.123
2019-06-03 19:00,0.351,6.987
2019-06-03 20:00,0.332,6.846
2019-06-03 21:00,0.268,6.359
2019-06-03 22:00,0.235,6.078
2019-06-03 23:00,0.072,4.212
2019-06-04 00:00,0.011,2.625
2019-06-04 01:00,0.027,3.227
2019-06-04 02:00,0.036,3.474
2019-06-04 03:00,0.027,3.239
2019-06-04 04:00,0.046,3.719
2019-06-04 05:00,0.050,3.806
2019-06-04 06:00,0.052,3.855
2019-06-04 07:00,0.046,3.729
2019-06-04 08:00,0.094,4.556
2019-06-04 09:00,0.289,6.526
2019-06-04 10:00,0.565,8.472
2019-06-04 11:00,0.633,8.967
2019-06-04 12:00,0.642,9.029
2019-06-04 13:00,0.513,8.100
2019-06-04 14:00,0.403,7.349
2019-06-04 15:00,0.257,6.272
2019-06-04 16:00,0.397,7.320
2019-06-04 17:00,0.569,8.502
2019-06-04 18:00,0.439,7.605
2019-06-04 19:00,0.350,6.984
2019-06-04 20:00,0.318,6.738
2019-06-04 21:00,0.265,6.332
2019-06-04 22:00,0.158,5.355
2019-06-04 23:00,0.111,4.783
2019-06-05 00:00,0.031,3.355
2019-06-05 01:00,0.001,1.730
2019-06-05 02:00,0.002,1.866
2019-06-05 03:00,0.018,2.941
2019-06-05 04:00,0.040,3.587
2019-06-05 05:00,0.080,4.339
2019-06-05 06:00,0.131,5.032
2019-06-05 07:00,0.184,5.618
2019-06-05 08:00,0.221,5.958
2019-06-05 09:00,0.230,6.042
2019-06-05 10:00,0.254,6.240
2019-06-05 11:00,0.449,7.663
2019-06-05 12:00,0.703,9.525
2019-06-05 13:00,0.741,9.861
2019-06-05 14:00,0.689,9.408
2019-06-05 15:00,0.645,9.052
2019-06-05 16:00,0.618,8.857
2019-06-05 17:00,0.603,8.738
2019-06-05 18:00,0.600,8.712
2019-06-05 19:00,0.616,8.838
2019-06-05 20:00,0.616,8.840
2019-06-05 21:00,0.584,8.609
2019-06-05 22:00,0.439,7.609
2019-06-05 23:00,0.230,6.042
2019-06-06 00:00,0.304,6.645
2019-06-06 01:00,0.300,6.613
2019-06-06 02:00,0.205,5.823
2019-06-06 03:00,0.120,4.904
2019-06-06 04:00,0.077,4.289
2019-06-06 05:00,0.063,4.059
2019-06-06 06:00,0.064,4.069
2019-06-06 07:00,0.072,4.209
2019-06-06 08:00,0.082,4.376
2019-06-06 09:00,0.083,4.387
2019-06-06 10:00,0.084,4.399
2019-06-06 11:00,0.186,5.641
2019-06-06 12:00,0.460,7.751
2019-06-06 13:00,0.706,9.555
2019-06-06 14:00,0.837,10.902
2019-06-06 15:00,0.837,10.908
2019-06-06 16:00,0.800,10.468
2019-06-06 17:00,0.786,10.315
2019-06-06 18:00,0.777,10.218
2019-06-06 19:00,0.729,9.743
2019-06-06 20:00,0.661,9.174
2019-06-06 21:00,0.542,8.307
2019-06-06 22:00,0.446,7.646
2019-06-06 23:00,0.361,7.066
2019-06-07 00:00,0.360,7.058
2019-06-07 01:00,0.453,7.706
2019-06-07 02:00,0.513,8.112
2019-06-07 03:00,0.546,8.339
2019-06-07 04:00,0.403,7.361
2019-06-07 05:00,0.227,6.019
2019-06-07 06:00,0.150,5.264
2019-06-07 07:00,0.105,4.716
2019-06-07 08:00,0.102,4.664
2019-06-07 09:00,0.119,4.894
2019-06-07 10:00,0.175,5.523
2019-06-07 11:00,0.275,6.415
2019-06-07 12:00,0.433,7.566
2019-06-07 13:00,0.476,7.854
2019-06-07 14:00,0.410,7.403
2019-06-07 15:00,0.308,6.670
2019-06-07 16:00,0.215,5.912
2019-06-07 17:00,0.142,5.176
2019-06-07 18:00,0.095,4.580
2019-06-07 19:00,0.070,4.185
2019-06-07 20:00,0.085,4.426
2019-06-07 21:00,0.129,5.014
2019-06-07 22:00,0.118,4.876
2019-06-07 23:00,0.028,3.276
2019-06-08 00:00,0,0.549
2019-06-08 01:00,0,1.438
2019-06-08 02:00,0.007,2.427
2019-06-08 03:00,0.020,3.009
2019-06-08 04:00,0.027,3.254
2019-06-08 05:00,0.034,3.428
2019-06-08 06:00,0.036,3.471
2019-06-08 07:00,0.035,3.465
2019-06-08 08:00,0.030,3.326
2019-06-08 09:00,0.024,3.164
2019-06-08 10:00,0.020,3.008
2019-06-08 11:00,0.031,3.355
2019-06-08 12:00,0.060,4.012
2019-06-08 13:00,0.136,5.100
2019-06-08 14:00,0.261,6.306
2019-06-08 15:00,0.404,7.363
2019-06-08 16:00,0.525,8.196
2019-06-08 17:00,0.591,8.649
2019-06-08 18:00,0.588,8.637
2019-06-08 19:00,0.512,8.097
2019-06-08 20:00,0.387,7.249
2019-06-08 21:00,0.262,6.312
2019-06-08 22:00,0.136,5.102
2019-06-08 23:00,0.027,3.239
2019-06-09 00:00,0.008,2.438
2019-06-09 01:00,0,1.258
2019-06-09 02:00,0.002,1.895
2019-06-09 03:00,0.013,2.755
2019-06-09 04:00,0.023,3.113
2019-06-09 05:00,0.038,3.550
2019-06-09 06:00,0.062,4.045
2019-06-09 07:00,0.092,4.525
2019-06-09 08:00,0.122,4.929
2019-06-09 09:00,0.166,5.440
2019-06-09 10:00,0.242,6.147
2019-06-09 11:00,0.390,7.265
2019-06-09 12:00,0.548,8.346
2019-06-09 13:00,0.612,8.799
2019-06-09 14:00,0.609,8.789
2019-06-09 15:00,0.559,8.423
2019-06-09 16:00,0.486,7.931
2019-06-09 17:00,0.395,7.303
2019-06-09 18:00,0.305,6.656
2019-06-09 19:00,0.253,6.229
2019-06-09 20:00,0.215,5.913
2019-06-09 21:00,0.208,5.849
2019-06-09 22:00,0.158,5.353
2019-06-09 23:00,0.064,4.071
2019-06-10 00:00,0.083,4.389
2019-06-10 01:00,0.072,4.208
2019-06-10 02:00,0.044,3.670
2019-06-10 03:00,0.029,3.302
2019-06-10 04:00,0.024,3.149
2019-06-10 05:00,0.028,3.286
2019-06-10 06:00,0.050,3.803
2019-06-10 07:00,0.057,3.940
2019-06-10 08:00,0.014,2.786
2019-06-10 09:00,0.227,6.021
2019-06-10 10:00,0.489,7.945
2019-06-10 11:00,0.625,8.909
2019-06-10 12:00,0.597,8.695
2019-06-10 13:00,0.580,8.568
2019-06-10 14:00,0.576,8.545
2019-06-10 15:00,0.610,8.794
2019-06-10 16:00,0.618,8.854
2019-06-10 17:00,0.612,8.807
2019-06-10 18:00,0.600,8.711
2019-06-10 19:00,0.612,8.803
2019-06-10 20:00,0.646,9.067
2019-06-10 21:00,0.653,9.119
2019-06-10 22:00,0.477,7.864
2019-06-10 23:00,0.282,6.471
2019-06-11 00:00,0.331,6.845
2019-06-11 01:00,0.289,6.530
2019-06-11 02:00,0.326,6.809
2019-06-11 03:00,0.374,7.157
2019-06-11 04:00,0.413,7.422
2019-06-11 05:00,0.466,7.786
2019-06-11 06:00,0.540,8.295
2019-06-11 07:00,0.616,8.842
2019-06-11 08:00,0.655,9.135
2019-06-11 09:00,0.680,9.333
2019-06-11 10:00,0.688,9.397
2019-06-11 11:00,0.634,8.973
2019-06-11 12:00,0.644,9.045
2019-06-11 13:00,0.723,9.689
2019-06-11 14:00,0.763,10.074
2019-06-11 15:00,0.772,10.164
2019-06-11 16:00,0.750,9.948
2019-06-11 17:00,0.689,9.408
2019-06-11 18:00,0.586,8.624
2019-06-11 19:00,0.471,7.824
2019-06-11 20:00,0.367,7.103
2019-06-11 21:00,0.307,6.665
2019-06-11 22:00,0.251,6.211
2019-06-11 23:00,0.195,5.724
2019-06-12 00:00,0.217,5.926
2019-06-12 01:00,0.256,6.258
2019-06-12 02:00,0.218,5.937
2019-06-12 03:00,0.122,4.931
2019-06-12 04:00,0.047,3.743
2019-06-12 05:00,0.014,2.759
2019-06-12 06:00,0.006,2.338
2019-06-12 07:00,0.010,2.577
2019-06-12 08:00,0.016,2.866
2019-06-12 09:00,0.022,3.091
2019-06-12 10:00,0.029,3.295
2019-06-12 11:00,0.038,3.542
2019-06-12 12:00,0.055,3.899
2019-06-12 13:00,0.059,3.993
2019-06-12 14:00,0.046,3.719
2019-06-12 15:00,0.026,3.201
2019-06-12 16:00,0.022,3.094
2019-06-12 17:00,0.028,3.276
2019-06-12 18:00,0.025,3.180
2019-06-12 19:00,0.019,2.977
2019-06-12 20:00,0.010,2.560
2019-06-12 21:00,0.002,1.820
2019-06-12 22:00,0.002,1.798
2019-06-12 23:00,0.029,3.299
2019-06-13 00:00,0.071,4.195
2019-06-13 01:00,0.070,4.177
2019-06-13 02:00,0.072,4.218
2019-06-13 03:00,0.078,4.319
2019-06-13 04:00,0.083,4.391
2019-06-13 05:00,0.077,4.306
2019-06-13 06:00,0.084,4.401
2019-06-13 07:00,0.098,4.615
2019-06-13 08:00,0.116,4.861
2019-06-13 09:00,0.145,5.202
2019-06-13 10:00,0.219,5.943
2019-06-13 11:00,0.371,7.132
2019-06-13 12:00,0.572,8.522
2019-06-13 13:00,0.661,9.172
2019-06-13 14:00,0.704,9.539
2019-06-13 15:00,0.694,9.442
2019-06-13 16:00,0.614,8.823
2019-06-13 17:00,0.510,8.080
2019-06-13 18:00,0.429,7.540
2019-06-13 19:00,0.413,7.430
2019-06-13 20:00,0.431,7.551
2019-06-13 21:00,0.447,7.651
2019-06-13 22:00,0.318,6.739
2019-06-13 23:00,0.266,6.343
2019-06-14 00:00,0.493,7.976
2019-06-14 01:00,0.536,8.270
2019-06-14 02:00,0.574,8.540
2019-06-14 03:00,0.564,8.467
2019-06-14 04:00,0.502,8.039
2019-06-14 05:00,0.407,7.383
2019-06-14 06:00,0.289,6.526
2019-06-14 07:00,0.184,5.614
2019-06-14 08:00,0.125,4.966
2019-06-14 09:00,0.123,4.949
2019-06-14 10:00,0.134,5.079
2019-06-14 11:00,0.178,5.547
2019-06-14 12:00,0.287,6.511
2019-06-14 13:00,0.401,7.344
2019-06-14 14:00,0.468,7.806
2019-06-14 15:00,0.473,7.839
2019-06-14 16:00,0.426,7.513
2019-06-14 17:00,0.355,7.009
2019-06-14 18:00,0.281,6.469
2019-06-14 19:00,0.224,5.986
2019-06-14 20:00,0.204,5.806
2019-06-14 21:00,0.187,5.651
2019-06-14 22:00,0.118,4.889
2019-06-14 23:00,0.056,3.931
2019-06-15 00:00,0.020,3.011
2019-06-15 01:00,0.030,3.335
2019-06-15 02:00,0.072,4.218
2019-06-15 03:00,0.126,4.986
2019-06-15 04:00,0.194,5.706
2019-06-15 05:00,0.217,5.926
2019-06-15 06:00,0.246,6.172
2019-06-15 07:00,0.208,5.843
2019-06-15 08:00,0.142,5.174
2019-06-15 09:00,0.113,4.808
2019-06-15 10:00,0.080,4.342
2019-06-15 11:00,0.049,3.777
2019-06-15 12:00,0.019,2.986
2019-06-15 13:00,0.002,1.947
2019-06-15 14:00,0,1.215
2019-06-15 15:00,0.001,1.700
2019-06-15 16:00,0.008,2.452
2019-06-15 17:00,0.026,3.199
2019-06-15 18:00,0.054,3.869
2019-06-15 19:00,0.082,4.367
2019-06-15 20:00,0.083,4.379
2019-06-15 21:00,0.085,4.409
2019-06-15 22:00,0.062,4.034
2019-06-15 23:00,0.008,2.472
2019-06-16 00:00,0,0.333
2019-06-16 01:00,0.013,2.737
2019-06-16 02:00,0.030,3.331
2019-06-16 03:00,0.024,3.164
2019-06-16 04:00,0.010,2.586
2019-06-16 05:00,0.005,2.225
2019-06-16 06:00,0.005,2.233
2019-06-16 07:00,0.014,2.761
2019-06-16 08:00,0.037,3.516
2019-06-16 09:00,0.052,3.842
2019-06-16 10:00,0.085,4.428
2019-06-16 11:00,0.213,5.896
2019-06-16 12:00,0.420,7.477
2019-06-16 13:00,0.555,8.395
2019-06-16 14:00,0.630,8.948
2019-06-16 15:00,0.660,9.169
2019-06-16 16:00,0.686,9.382
2019-06-16 17:00,0.704,9.537
2019-06-16 18:00,0.699,9.487
2019-06-16 19:00,0.694,9.445
2019-06-16 20:00,0.689,9.410
2019-06-16 21:00,0.701,9.503
2019-06-16 22:00,0.547,8.344
2019-06-16 23:00,0.361,7.065
2019-06-17 00:00,0.355,7.011
2019-06-17 01:00,0.200,5.772
2019-06-17 02:00,0.097,4.595
2019-06-17 03:00,0.046,3.707
2019-06-17 04:00,0.013,2.742
2019-06-17 05:00,0.026,3.210
2019-06-17 06:00,0.320,6.755
2019-06-17 07:00,0.658,9.161
2019-06-17 08:00,0.551,8.377
2019-06-17 09:00,0.164,5.414
2019-06-17 10:00,0.131,5.033
2019-06-17 11:00,0.163,5.408
2019-06-17 12:00,0.232,6.054
2019-06-17 13:00,0.325,6.800
2019-06-17 14:00,0.445,7.640
2019-06-17 15:00,0.525,8.196
2019-06-17 16:00,0.589,8.643
2019-06-17 17:00,0.616,8.838
2019-06-17 18:00,0.581,8.577
2019-06-17 19:00,0.528,8.217
2019-06-17 20:00,0.492,7.967
2019-06-17 21:00,0.448,7.659
2019-06-17 22:00,0.260,6.300
2019-06-17 23:00,0.093,4.534
2019-06-18 00:00,0.124,4.955
2019-06-18 01:00,0.158,5.355
2019-06-18 02:00,0.183,5.605
2019-06-18 03:00,0.238,6.116
2019-06-18 04:00,0.302,6.628
2019-06-18 05:00,0.353,7.003
2019-06-18 06:00,0.378,7.181
2019-06-18 07:00,0.417,7.460
2019-06-18 08:00,0.447,7.651
2019-06-18 09:00,0.442,7.620
2019-06-18 10:00,0.416,7.446
2019-06-18 11:00,0.422,7.486
2019-06-18 12:00,0.468,7.806
2019-06-18 13:00,0.472,7.826
2019-06-18 14:00,0.515,8.119
2019-06-18 15:00,0.556,8.401
2019-06-18 16:00,0.560,8.434
2019-06-18 17:00,0.523,8.180
2019-06-18 18:00,0.456,7.725
2019-06-18 19:00,0.357,7.036
2019-06-18 20:00,0.239,6.124
2019-06-18 21:00,0.138,5.132
2019-06-18 22:00,0.074,4.249
2019-06-18 23:00,0.031,3.351
2019-06-19 00:00,0.111,4.790
2019-06-19 01:00,0.394,7.298
2019-06-19 02:00,0.581,8.589
2019-06-19 03:00,0.654,9.129
2019-06-19 04:00,0.647,9.077
2019-06-19 05:00,0.630,8.944
2019-06-19 06:00,0.623,8.892
2019-06-19 07:00,0.612,8.805
2019-06-19 08:00,0.572,8.515
2019-06-19 09:00,0.515,8.120
2019-06-19 10:00,0.460,7.751
2019-06-19 11:00,0.356,7.026
2019-06-19 12:00,0.275,6.413
2019-06-19 13:00,0.204,5.798
2019-06-19 14:00,0.142,5.171
2019-06-19 15:00,0.105,4.712
2019-06-19 16:00,0.082,4.372
2019-06-19 17:00,0.085,4.411
2019-06-19 18:00,0.134,5.068
2019-06-19 19:00,0.200,5.770
2019-06-19 20:00,0.218,5.940
2019-06-19 21:00,0.220,5.949
2019-06-19 22:00,0.179,5.563
2019-06-19 23:00,0.152,5.281
2019-06-20 00:00,0.257,6.271
2019-06-20 01:00,0.434,7.572
2019-06-20 02:00,0.572,8.515
2019-06-20 03:00,0.567,8.484
2019-06-20 04:00,0.506,8.066
2019-06-20 05:00,0.450,7.675
2019-06-20 06:00,0.422,7.485
2019-06-20 07:00,0.410,7.406
2019-06-20 08:00,0.431,7.554
2019-06-20 09:00,0.469,7.814
2019-06-20 10:00,0.516,8.127
2019-06-20 11:00,0.513,8.111
2019-06-20 12:00,0.355,7.016
2019-06-20 13:00,0.253,6.234
2019-06-20 14:00,0.209,5.857
2019-06-20 15:00,0.194,5.713
2019-06-20 16:00,0.172,5.493
2019-06-20 17:00,0.134,5.081
2019-06-20 18:00,0.125,4.974
2019-06-20 19:00,0.179,5.561
2019-06-20 20:00,0.214,5.898
2019-06-20 21:00,0.243,6.159
2019-06-20 22:00,0.322,6.782
2019-06-20 23:00,0.489,7.949
2019-06-21 00:00,0.614,8.824
2019-06-21 01:00,0.672,9.267
2019-06-21 02:00,0.675,9.298
2019-06-21 03:00,0.676,9.307
2019-06-21 04:00,0.668,9.235
2019-06-21 05:00,0.631,8.956
2019-06-21 06:00,0.567,8.484
2019-06-21 07:00,0.539,8.280
2019-06-21 08:00,0.509,8.077
2019-06-21 09:00,0.453,7.706
2019-06-21 10:00,0.439,7.597
2019-06-21 11:00,0.368,7.113
2019-06-21 12:00,0.285,6.498
2019-06-21 13:00,0.259,6.290
2019-06-21 14:00,0.221,5.951
2019-06-21 15:00,0.237,6.096
2019-06-21 16:00,0.296,6.579
2019-06-21 17:00,0.289,6.527
2019-06-21 18:00,0.272,6.396
2019-06-21 19:00,0.217,5.925
2019-06-21 20:00,0.181,5.589
2019-06-21 21:00,0.179,5.562
2019-06-21 22:00,0.138,5.128
2019-06-21 23:00,0.225,6.002
2019-06-22 00:00,0.374,7.146
2019-06-22 01:00,0.450,7.671
2019-06-22 02:00,0.458,7.735
2019-06-22 03:00,0.460,7.751
2019-06-22 04:00,0.467,7.795
2019-06-22 05:00,0.466,7.781
2019-06-22 06:00,0.520,8.149
2019-06-22 07:00,0.600,8.720
2019-06-22 08:00,0.683,9.362
2019-06-22 09:00,0.715,9.628
2019-06-22 10:00,0.716,9.635
2019-06-22 11:00,0.612,8.808
2019-06-22 12:00,0.513,8.104
2019-06-22 13:00,0.500,8.021
2019-06-22 14:00,0.469,7.815
2019-06-22 15:00,0.476,7.849
2019-06-22 16:00,0.502,8.040
2019-06-22 17:00,0.525,8.192
2019-06-22 18:00,0.549,8.359
2019-06-22 19:00,0.568,8.487
2019-06-22 20:00,0.582,8.594
2019-06-22 21:00,0.556,8.403
2019-06-22 22:00,0.653,9.121
2019-06-22 23:00,0.752,9.964
2019-06-23 00:00,0.829,10.815
2019-06-23 01:00,0.794,10.392
2019-06-23 02:00,0.753,9.980
2019-06-23 03:00,0.752,9.963
2019-06-23 04:00,0.754,9.987
2019-06-23 05:00,0.730,9.763
2019-06-23 06:00,0.696,9.465
2019-06-23 07:00,0.660,9.169
2019-06-23 08:00,0.640,9.022
2019-06-23 09:00,0.622,8.885
2019-06-23 10:00,0.582,8.594
2019-06-23 11:00,0.581,8.573
2019-06-23 12:00,0.628,8.918
2019-06-23 13:00,0.614,8.823
2019-06-23 14:00,0.607,8.773
2019-06-23 15:00,0.612,8.803
2019-06-23 16:00,0.520,8.152
2019-06-23 17:00,0.433,7.566
2019-06-23 18:00,0.390,7.260
2019-06-23 19:00,0.443,7.633
2019-06-23 20:00,0.504,8.045
2019-06-23 21:00,0.497,7.996
2019-06-23 22:00,0.457,7.728
2019-06-23 23:00,0.534,8.254
2019-06-24 00:00,0.637,8.992
2019-06-24 01:00,0.669,9.250
2019-06-24 02:00,0.667,9.232
2019-06-24 03:00,0.658,9.155
2019-06-24 04:00,0.625,8.903
2019-06-24 05:00,0.565,8.472
2019-06-24 06:00,0.479,7.874
2019-06-24 07:00,0.386,7.236
2019-06-24 08:00,0.327,6.818
2019-06-24 09:00,0.297,6.583
2019-06-24 10:00,0.341,6.916
2019-06-24 11:00,0.499,8.020
2019-06-24 12:00,0.706,9.553
2019-06-24 13:00,0.728,9.736
2019-06-24 14:00,0.658,9.160
2019-06-24 15:00,0.617,8.847
2019-06-24 16:00,0.594,8.679
2019-06-24 17:00,0.538,8.277
2019-06-24 18:00,0.460,7.741
2019-06-24 19:00,0.397,7.318
2019-06-24 20:00,0.352,7.000
2019-06-24 21:00,0.325,6.801
2019-06-24 22:00,0.209,5.855
2019-06-24 23:00,0.083,4.390
2019-06-25 00:00,0.057,3.943
2019-06-25 01:00,0.155,5.304
2019-06-25 02:00,0.196,5.739
2019-06-25 03:00,0.194,5.703
2019-06-25 04:00,0.178,5.553
2019-06-25 05:00,0.177,5.536
2019-06-25 06:00,0.214,5.899
2019-06-25 07:00,0.261,6.305
2019-06-25 08:00,0.226,6.007
2019-06-25 09:00,0.137,5.120
2019-06-25 10:00,0.061,4.020
2019-06-25 11:00,0.034,3.435
2019-06-25 12:00,0.046,3.727
2019-06-25 13:00,0.114,4.829
2019-06-25 14:00,0.191,5.686
2019-06-25 15:00,0.190,5.678
2019-06-25 16:00,0.182,5.594
2019-06-25 17:00,0.172,5.497
2019-06-25 18:00,0.134,5.083
2019-06-25 19:00,0.081,4.356
2019-06-25 20:00,0.051,3.836
2019-06-25 21:00,0.025,3.177
2019-06-25 22:00,0.013,2.757
2019-06-25 23:00,0.019,2.988
2019-06-26 00:00,0.036,3.478
2019-06-26 01:00,0.052,3.846
2019-06-26 02:00,0.078,4.310
2019-06-26 03:00,0.092,4.522
2019-06-26 04:00,0.101,4.655
2019-06-26 05:00,0.102,4.674
2019-06-26 06:00,0.109,4.767
2019-06-26 07:00,0.119,4.897
2019-06-26 08:00,0.111,4.782
2019-06-26 09:00,0.098,4.614
2019-06-26 10:00,0.102,4.676
2019-06-26 11:00,0.101,4.646
2019-06-26 12:00,0.112,4.797
2019-06-26 13:00,0.106,4.729
2019-06-26 14:00,0.081,4.358
2019-06-26 15:00,0.066,4.109
2019-06-26 16:00,0.051,3.826
2019-06-26 17:00,0.036,3.477
2019-06-26 18:00,0.019,2.987
2019-06-26 19:00,0.011,2.652
2019-06-26 20:00,0.014,2.761
2019-06-26 21:00,0.015,2.795
2019-06-26 22:00,0.017,2.901
2019-06-26 23:00,0.035,3.461
2019-06-27 00:00,0.068,4.144
2019-06-27 01:00,0.131,5.036
2019-06-27 02:00,0.276,6.417
2019-06-27 03:00,0.510,8.087
2019-06-27 04:00,0.752,9.962
2019-06-27 05:00,0.896,11.862
2019-06-27 06:00,0.946,13.082
2019-06-27 07:00,0.939,12.892
2019-06-27 08:00,0.869,11.374
2019-06-27 09:00,0.710,9.586
2019-06-27 10:00,0.450,7.673
2019-06-27 11:00,0.157,5.343
2019-06-27 12:00,0.038,3.540
2019-06-27 13:00,0.027,3.236
2019-06-27 14:00,0.079,4.326
2019-06-27 15:00,0.206,5.828
2019-06-27 16:00,0.305,6.654
2019-06-27 17:00,0.393,7.284
2019-06-27 18:00,0.487,7.936
2019-06-27 19:00,0.562,8.445
2019-06-27 20:00,0.611,8.796
2019-06-27 21:00,0.633,8.967
2019-06-27 22:00,0.491,7.962
2019-06-27 23:00,0.256,6.256
2019-06-28 00:00,0.253,6.229
2019-06-28 01:00,0.224,5.989
2019-06-28 02:00,0.257,6.271
2019-06-28 03:00,0.333,6.862
2019-06-28 04:00,0.401,7.344
2019-06-28 05:00,0.466,7.789
2019-06-28 06:00,0.498,8.005
2019-06-28 07:00,0.510,8.081
2019-06-28 08:00,0.502,8.037
2019-06-28 09:00,0.483,7.899
2019-06-28 10:00,0.429,7.532
2019-06-28 11:00,0.380,7.190
2019-06-28 12:00,0.411,7.414
2019-06-28 13:00,0.443,7.632
2019-06-28 14:00,0.480,7.884
2019-06-28 15:00,0.533,8.243
2019-06-28 16:00,0.581,8.584
2019-06-28 17:00,0.607,8.773
2019-06-28 18:00,0.616,8.832
2019-06-28 19:00,0.612,8.813
2019-06-28 20:00,0.628,8.922
2019-06-28 21:00,0.585,8.616
2019-06-28 22:00,0.365,7.092
2019-06-28 23:00,0.145,5.208
2019-06-29 00:00,0.190,5.680
2019-06-29 01:00,0.184,5.622
2019-06-29 02:00,0.197,5.740
2019-06-29 03:00,0.270,6.370
2019-06-29 04:00,0.393,7.279
2019-06-29 05:00,0.477,7.865
2019-06-29 06:00,0.536,8.267
2019-06-29 07:00,0.584,8.606
2019-06-29 08:00,0.599,8.708
2019-06-29 09:00,0.594,8.674
2019-06-29 10:00,0.551,8.374
2019-06-29 11:00,0.429,7.538
2019-06-29 12:00,0.321,6.770
2019-06-29 13:00,0.194,5.715
2019-06-29 14:00,0.107,4.746
2019-06-29 15:00,0.063,4.065
2019-06-29 16:00,0.037,3.525
2019-06-29 17:00,0.019,2.975
2019-06-29 18:00,0.009,2.542
2019-06-29 19:00,0.007,2.381
2019-06-29 20:00,0.013,2.738
2019-06-29 21:00,0.033,3.406
2019-06-29 22:00,0.053,3.866
2019-06-29 23:00,0.032,3.380
2019-06-30 00:00,0.001,1.641
2019-06-30 01:00,0,1.354
2019-06-30 02:00,0.012,2.674
2019-06-30 03:00,0.034,3.435
2019-06-30 04:00,0.047,3.743
2019-06-30 05:00,0.048,3.767
2019-06-30 06:00,0.038,3.538
2019-06-30 07:00,0.024,3.163
2019-06-30 08:00,0.012,2.694
2019-06-30 09:00,0.004,2.120
2019-06-30 10:00,0,1.384
2019-06-30 11:00,0,1.017
2019-06-30 12:00,0.008,2.459
2019-06-30 13:00,0.072,4.224
2019-06-30 14:00,0.209,5.860
2019-06-30 15:00,0.390,7.266
2019-06-30 16:00,0.546,8.342
2019-06-30 17:00,0.637,8.989
2019-06-30 18:00,0.677,9.309
2019-06-30 19:00,0.689,9.409
2019-06-30 20:00,0.692,9.430
2019-06-30 21:00,0.666,9.220
2019-06-30 22:00,0.499,8.017
2019-06-30 23:00,0.225,5.998
2019-07-01 00:00,0.188,5.653
2019-07-01 01:00,0.131,5.039
2019-07-01 02:00,0.074,4.245
2019-07-01 03:00,0.068,4.131
2019-07-01 04:00,0.070,4.187
2019-07-01 05:00,0.069,4.166
2019-07-01 06:00,0.062,4.040
2019-07-01 07:00,0.052,3.852
2019-07-01 08:00,0.049,3.781
2019-07-01 09:00,0.056,3.925
2019-07-01 10:00,0.087,4.458
2019-07-01 11:00,0.252,6.227
2019-07-01 12:00,0.609,8.788
2019-07-01 13:00,0.803,10.490
2019-07-01 14:00,0.849,11.076
2019-07-01 15:00,0.832,10.844
2019-07-01 16:00,0.793,10.388
2019-07-01 17:00,0.758,10.026
2019-07-01 18:00,0.726,9.730
2019-07-01 19:00,0.692,9.429
2019-07-01 20:00,0.662,9.186
2019-07-01 21:00,0.643,9.036
2019-07-01 22:00,0.484,7.910
2019-07-01 23:00,0.268,6.361
2019-07-02 00:00,0.304,6.642
2019-07-02 01:00,0.254,6.242
2019-07-02 02:00,0.173,5.504
2019-07-02 03:00,0.113,4.805
2019-07-02 04:00,0.081,4.361
2019-07-02 05:00,0.058,3.965
2019-07-02 06:00,0.043,3.642
2019-07-02 07:00,0.038,3.546
2019-07-02 08:00,0.039,3.574
2019-07-02 09:00,0.034,3.445
2019-07-02 10:00,0.033,3.424
2019-07-02 11:00,0.069,4.169
2019-07-02 12:00,0.174,5.517
2019-07-02 13:00,0.338,6.893
2019-07-02 14:00,0.465,7.777
2019-07-02 15:00,0.529,8.221
2019-07-02 16:00,0.520,8.150
2019-07-02 17:00,0.469,7.815
2019-07-02 18:00,0.424,7.502
2019-07-02 19:00,0.372,7.137
2019-07-02 20:00,0.305,6.650
2019-07-02 21:00,0.223,5.969
2019-07-02 22:00,0.106,4.729
2019-07-02 23:00,0.019,2.980
2019-07-03 00:00,0,1.132
2019-07-03 01:00,0,1.366
2019-07-03 02:00,0.005,2.248
2019-07-03 03:00,0.010,2.557
2019-07-03 04:00,0.010,2.592
2019-07-03 05:00,0.009,2.511
2019-07-03 06:00,0.009,2.498
2019-07-03 07:00,0.012,2.667
2019-07-03 08:00,0.025,3.184
2019-07-03 09:00,0.060,4.002
2019-07-03 10:00,0.138,5.122
2019-07-03 11:00,0.302,6.619
2019-07-03 12:00,0.483,7.898
2019-07-03 13:00,0.497,7.993
2019-07-03 14:00,0.474,7.842
2019-07-03 15:00,0.502,8.033
2019-07-03 16:00,0.545,8.324
2019-07-03 17:00,0.565,8.472
2019-07-03 18:00,0.571,8.508
2019-07-03 19:00,0.565,8.471
2019-07-03 20:00,0.560,8.434
2019-07-03 21:00,0.586,8.622
2019-07-03 22:00,0.439,7.599
2019-07-03 23:00,0.265,6.328
2019-07-04 00:00,0.556,8.401
2019-07-04 01:00,0.614,8.823
2019-07-04 02:00,0.603,8.739
2019-07-04 03:00,0.580,8.568
2019-07-04 04:00,0.546,8.336
2019-07-04 05:00,0.513,8.111
2019-07-04 06:00,0.484,7.912
2019-07-04 07:00,0.460,7.744
2019-07-04 08:00,0.449,7.665
2019-07-04 09:00,0.508,8.073
2019-07-04 10:00,0.653,9.121
2019-07-04 11:00,0.801,10.480
2019-07-04 12:00,0.917,12.314
2019-07-04 13:00,0.937,12.813
2019-07-04 14:00,0.946,13.092
2019-07-04 15:00,0.944,13.041
2019-07-04 16:00,0.934,12.737
2019-07-04 17:00,0.904,12.009
2019-07-04 18:00,0.839,10.944
2019-07-04 19:00,0.813,10.605
2019-07-04 20:00,0.686,9.381
2019-07-04 21:00,0.606,8.765
2019-07-04 22:00,0.480,7.890
2019-07-04 23:00,0.373,7.140
2019-07-05 00:00,0.567,8.485
2019-07-05 01:00,0.773,10.166
2019-07-05 02:00,0.794,10.395
2019-07-05 03:00,0.806,10.532
2019-07-05 04:00,0.817,10.656
2019-07-05 05:00,0.817,10.665
2019-07-05 06:00,0.821,10.713
2019-07-05 07:00,0.827,10.785
2019-07-05 08:00,0.843,10.999
2019-07-05 09:00,0.861,11.239
2019-07-05 10:00,0.872,11.421
2019-07-05 11:00,0.858,11.206
2019-07-05 12:00,0.791,10.350
2019-07-05 13:00,0.680,9.332
2019-07-05 14:00,0.577,8.554
2019-07-05 15:00,0.525,8.194
2019-07-05 16:00,0.522,8.168
2019-07-05 17:00,0.528,8.218
2019-07-05 18:00,0.533,8.245
2019-07-05 19:00,0.489,7.950
2019-07-05 20:00,0.403,7.360
2019-07-05 21:00,0.265,6.329
2019-07-05 22:00,0.095,4.567
2019-07-05 23:00,0.189,5.671
2019-07-06 00:00,0.171,5.487
2019-07-06 01:00,0.126,4.985
2019-07-06 02:00,0.109,4.769
2019-07-06 03:00,0.100,4.638
2019-07-06 04:00,0.090,4.498
2019-07-06 05:00,0.093,4.550
2019-07-06 06:00,0.097,4.600
2019-07-06 07:00,0.086,4.446
2019-07-06 08:00,0.070,4.186
2019-07-06 09:00,0.044,3.681
2019-07-06 10:00,0.027,3.243
2019-07-06 11:00,0.048,3.759
2019-07-06 12:00,0.112,4.797
2019-07-06 13:00,0.230,6.039
2019-07-06 14:00,0.367,7.101
2019-07-06 15:00,0.480,7.889
2019-07-06 16:00,0.532,8.236
2019-07-06 17:00,0.559,8.420
2019-07-06 18:00,0.594,8.668
2019-07-06 19:00,0.612,8.801
2019-07-06 20:00,0.636,8.986
2019-07-06 21:00,0.652,9.111
2019-07-06 22:00,0.532,8.237
2019-07-06 23:00,0.291,6.547
2019-07-07 00:00,0.516,8.132
2019-07-07 01:00,0.466,7.793
2019-07-07 02:00,0.301,6.617
2019-07-07 03:00,0.205,5.820
2019-07-07 04:00,0.206,5.826
2019-07-07 05:00,0.257,6.270
2019-07-07 06:00,0.282,6.471
2019-07-07 07:00,0.258,6.283
2019-07-07 08:00,0.229,6.031
2019-07-07 09:00,0.235,6.087
2019-07-07 10:00,0.257,6.271
2019-07-07 11:00,0.348,6.960
2019-07-07 12:00,0.470,7.816
2019-07-07 13:00,0.511,8.095
2019-07-07 14:00,0.484,7.912
2019-07-07 15:00,0.486,7.926
2019-07-07 16:00,0.518,8.143
2019-07-07 17:00,0.594,8.679
2019-07-07 18:00,0.621,8.880
2019-07-07 19:00,0.601,8.728
2019-07-07 20:00,0.486,7.926
2019-07-07 21:00,0.346,6.954
2019-07-07 22:00,0.195,5.725
2019-07-07 23:00,0.118,4.878
2019-07-08 00:00,0.126,4.986
2019-07-08 01:00,0.173,5.513
2019-07-08 02:00,0.157,5.338
2019-07-08 03:00,0.085,4.412
2019-07-08 04:00,0.028,3.284
2019-07-08 05:00,0.015,2.804
2019-07-08 06:00,0.013,2.726
2019-07-08 07:00,0.013,2.747
2019-07-08 08:00,0.011,2.630
2019-07-08 09:00,0.010,2.573
2019-07-08 10:00,0.010,2.583
2019-07-08 11:00,0.011,2.617
2019-07-08 12:00,0.014,2.758
2019-07-08 13:00,0.012,2.692
2019-07-08 14:00,0.008,2.491
2019-07-08 15:00,0.006,2.311
2019-07-08 16:00,0.004,2.081
2019-07-08 17:00,0.001,1.772
2019-07-08 18:00,0,1.337
2019-07-08 19:00,0,0.796
2019-07-08 20:00,0,0.813
2019-07-08 21:00,0,1.329
2019-07-08 22:00,0.002,1.930
2019-07-08 23:00,0.035,3.447
2019-07-09 00:00,0.119,4.893
2019-07-09 01:00,0.225,5.997
2019-07-09 02:00,0.257,6.267
2019-07-09 03:00,0.195,5.728
2019-07-09 04:00,0.134,5.082
2019-07-09 05:00,0.117,4.867
2019-07-09 06:00,0.127,5.001
2019-07-09 07:00,0.167,5.441
2019-07-09 08:00,0.233,6.068
2019-07-09 09:00,0.298,6.595
2019-07-09 10:00,0.292,6.555
2019-07-09 11:00,0.195,5.726
2019-07-09 12:00,0.089,4.480
2019-07-09 13:00,0.023,3.135
2019-07-09 14:00,0.003,2.029
2019-07-09 15:00,0.007,2.408
2019-07-09 16:00,0.046,3.702
2019-07-09 17:00,0.126,4.984
2019-07-09 18:00,0.211,5.871
2019-07-09 19:00,0.268,6.355
2019-07-09 20:00,0.280,6.452
2019-07-09 21:00,0.251,6.220
2019-07-09 22:00,0.129,5.016
2019-07-09 23:00,0.032,3.370
2019-07-10 00:00,0.028,3.277
2019-07-10 01:00,0.039,3.571
2019-07-10 02:00,0.059,3.969
2019-07-10 03:00,0.069,4.148
2019-07-10 04:00,0.069,4.169
2019-07-10 05:00,0.066,4.109
2019-07-10 06:00,0.059,3.975
2019-07-10 07:00,0.050,3.806
2019-07-10 08:00,0.038,3.532
2019-07-10 09:00,0.030,3.331
2019-07-10 10:00,0.031,3.346
2019-07-10 11:00,0.068,4.144
2019-07-10 12:00,0.160,5.373
2019-07-10 13:00,0.255,6.253
2019-07-10 14:00,0.309,6.683
2019-07-10 15:00,0.338,6.889
2019-07-10 16:00,0.353,7.002
2019-07-10 17:00,0.355,7.018
2019-07-10 18:00,0.355,7.013
2019-07-10 19:00,0.346,6.954
2019-07-10 20:00,0.321,6.774
2019-07-10 21:00,0.275,6.416
2019-07-10 22:00,0.142,5.168
2019-07-10 23:00,0.024,3.158
2019-07-11 00:00,0,0.661
2019-07-11 01:00,0,0.793
2019-07-11 02:00,0,0.633
2019-07-11 03:00,0,0.829
2019-07-11 04:00,0,1.069
2019-07-11 05:00,0,1.173
2019-07-11 06:00,0,1.130
2019-07-11 07:00,0,1.109
2019-07-11 08:00,0.001,1.567
2019-07-11 09:00,0.004,2.111
2019-07-11 10:00,0.020,3.025
2019-07-11 11:00,0.102,4.663
2019-07-11 12:00,0.285,6.497
2019-07-11 13:00,0.396,7.311
2019-07-11 14:00,0.390,7.271
2019-07-11 15:00,0.345,6.944
2019-07-11 16:00,0.305,6.655
2019-07-11 17:00,0.269,6.364
2019-07-11 18:00,0.219,5.942
2019-07-11 19:00,0.158,5.355
2019-07-11 20:00,0.089,4.481
2019-07-11 21:00,0.031,3.350
2019-07-11 22:00,0.004,2.096
2019-07-11 23:00,0,1.393
2019-07-12 00:00,0.058,3.950
2019-07-12 01:00,0.087,4.450
2019-07-12 02:00,0.086,4.440
2019-07-12 03:00,0.097,4.607
2019-07-12 04:00,0.122,4.939
2019-07-12 05:00,0.158,5.346
2019-07-12 06:00,0.203,5.795
2019-07-12 07:00,0.246,6.173
2019-07-12 08:00,0.278,6.435
2019-07-12 09:00,0.277,6.433
2019-07-12 10:00,0.258,6.279
2019-07-12 11:00,0.284,6.482
2019-07-12 12:00,0.363,7.076
2019-07-12 13:00,0.406,7.376
2019-07-12 14:00,0.432,7.557
2019-07-12 15:00,0.429,7.532
2019-07-12 16:00,0.377,7.178
2019-07-12 17:00,0.314,6.712
2019-07-12 18:00,0.251,6.214
2019-07-12 19:00,0.197,5.740
2019-07-12 20:00,0.150,5.264
2019-07-12 21:00,0.118,4.885
2019-07-12 22:00,0.090,4.503
2019-07-12 23:00,0.023,3.120
2019-07-13 00:00,0,0.603
2019-07-13 01:00,0.002,1.841
2019-07-13 02:00,0.007,2.398
2019-07-13 03:00,0.010,2.599
2019-07-13 04:00,0.012,2.678
2019-07-13 05:00,0.012,2.690
2019-07-13 06:00,0.011,2.640
2019-07-13 07:00,0.010,2.585
2019-07-13 08:00,0.010,2.590
2019-07-13 09:00,0.014,2.779
2019-07-13 10:00,0.027,3.242
2019-07-13 11:00,0.093,4.542
2019-07-13 12:00,0.248,6.190
2019-07-13 13:00,0.416,7.446
2019-07-13 14:00,0.523,8.184
2019-07-13 15:00,0.549,8.355
2019-07-13 16:00,0.551,8.374
2019-07-13 17:00,0.547,8.344
2019-07-13 18:00,0.518,8.143
2019-07-13 19:00,0.496,7.990
2019-07-13 20:00,0.458,7.732
2019-07-13 21:00,0.420,7.477
2019-07-13 22:00,0.271,6.388
2019-07-13 23:00,0.109,4.766
2019-07-14 00:00,0.173,5.506
2019-07-14 01:00,0.074,4.251
2019-07-14 02:00,0.004,2.159
2019-07-14 03:00,0,0.844
2019-07-14 04:00,0.002,1.792
2019-07-14 05:00,0.012,2.699
2019-07-14 06:00,0.044,3.679
2019-07-14 07:00,0.102,4.677
2019-07-14 08:00,0.169,5.454
2019-07-14 09:00,0.215,5.907
2019-07-14 10:00,0.161,5.382
2019-07-14 11:00,0.049,3.782
2019-07-14 12:00,0.007,2.354
2019-07-14 13:00,0.002,1.874
2019-07-14 14:00,0.014,2.772
2019-07-14 15:00,0.055,3.914
2019-07-14 16:00,0.105,4.708
2019-07-14 17:00,0.203,5.793
2019-07-14 18:00,0.276,6.417
2019-07-14 19:00,0.302,6.633
2019-07-14 20:00,0.304,6.648
2019-07-14 21:00,0.275,6.413
2019-07-14 22:00,0.200,5.771
2019-07-14 23:00,0.105,4.711
2019-07-15 00:00,0.074,4.242
2019-07-15 01:00,0.105,4.708
2019-07-15 02:00,0.138,5.123
2019-07-15 03:00,0.224,5.981
2019-07-15 04:00,0.297,6.582
2019-07-15 05:00,0.302,6.621
2019-07-15 06:00,0.246,6.171
2019-07-15 07:00,0.205,5.820
2019-07-15 08:00,0.194,5.711
2019-07-15 09:00,0.169,5.467
2019-07-15 10:00,0.164,5.411
2019-07-15 11:00,0.287,6.514
2019-07-15 12:00,0.435,7.576
2019-07-15 13:00,0.506,8.065
2019-07-15 14:00,0.546,8.341
2019-07-15 15:00,0.551,8.373
2019-07-15 16:00,0.559,8.422
2019-07-15 17:00,0.550,8.370
2019-07-15 18:00,0.526,8.205
2019-07-15 19:00,0.468,7.809
2019-07-15 20:00,0.384,7.224
2019-07-15 21:00,0.302,6.633
2019-07-15 22:00,0.230,6.036
2019-07-15 23:00,0.170,5.481
2019-07-16 00:00,0.387,7.249
2019-07-16 01:00,0.525,8.196
2019-07-16 02:00,0.487,7.937
2019-07-16 03:00,0.417,7.457
2019-07-16 04:00,0.348,6.973
2019-07-16 05:00,0.271,6.383
2019-07-16 06:00,0.222,5.967
2019-07-16 07:00,0.207,5.839
2019-07-16 08:00,0.230,6.037
2019-07-16 09:00,0.292,6.556
2019-07-16 10:00,0.418,7.462
2019-07-16 11:00,0.525,8.194
2019-07-16 12:00,0.582,8.591
2019-07-16 13:00,0.533,8.239
2019-07-16 14:00,0.482,7.896
2019-07-16 15:00,0.396,7.311
2019-07-16 16:00,0.365,7.085
2019-07-16 17:00,0.334,6.863
2019-07-16 18:00,0.366,7.096
2019-07-16 19:00,0.294,6.568
2019-07-16 20:00,0.265,6.341
2019-07-16 21:00,0.239,6.126
2019-07-16 22:00,0.198,5.750
2019-07-16 23:00,0.223,5.971
2019-07-17 00:00,0.107,4.742
2019-07-17 01:00,0.044,3.680
2019-07-17 02:00,0.039,3.572
2019-07-17 03:00,0.048,3.768
2019-07-17 04:00,0.065,4.098
2019-07-17 05:00,0.064,4.080
2019-07-17 06:00,0.053,3.867
2019-07-17 07:00,0.073,4.230
2019-07-17 08:00,0.145,5.210
2019-07-17 09:00,0.217,5.933
2019-07-17 10:00,0.248,6.201
2019-07-17 11:00,0.294,6.564
2019-07-17 12:00,0.393,7.279
2019-07-17 13:00,0.412,7.415
2019-07-17 14:00,0.394,7.296
2019-07-17 15:00,0.393,7.284
2019-07-17 16:00,0.345,6.942
2019-07-17 17:00,0.276,6.426
2019-07-17 18:00,0.211,5.875
2019-07-17 19:00,0.173,5.508
2019-07-17 20:00,0.143,5.186
2019-07-17 21:00,0.151,5.275
2019-07-17 22:00,0.153,5.290
2019-07-17 23:00,0.204,5.805
2019-07-18 00:00,0.172,5.497
2019-07-18 01:00,0.107,4.741
2019-07-18 02:00,0.062,4.044
2019-07-18 03:00,0.036,3.469
2019-07-18 04:00,0.014,2.788
2019-07-18 05:00,0.006,2.287
2019-07-18 06:00,0.005,2.260
2019-07-18 07:00,0.009,2.496
2019-07-18 08:00,0.017,2.912
2019-07-18 09:00,0.028,3.272
2019-07-18 10:00,0.029,3.293
2019-07-18 11:00,0.038,3.534
2019-07-18 12:00,0.066,4.114
2019-07-18 13:00,0.106,4.724
2019-07-18 14:00,0.141,5.162
2019-07-18 15:00,0.179,5.559
2019-07-18 16:00,0.246,6.173
2019-07-18 17:00,0.302,6.620
2019-07-18 18:00,0.314,6.721
2019-07-18 19:00,0.299,6.608
2019-07-18 20:00,0.260,6.301
2019-07-18 21:00,0.214,5.899
2019-07-18 22:00,0.225,5.998
2019-07-18 23:00,0.314,6.714
2019-07-19 00:00,0.358,7.040
2019-07-19 01:00,0.358,7.044
2019-07-19 02:00,0.302,6.630
2019-07-19 03:00,0.268,6.363
2019-07-19 04:00,0.248,6.189
2019-07-19 05:00,0.221,5.958
2019-07-19 06:00,0.203,5.788
2019-07-19 07:00,0.189,5.671
2019-07-19 08:00,0.159,5.363
2019-07-19 09:00,0.087,4.462
2019-07-19 10:00,0.064,4.081
2019-07-19 11:00,0.177,5.538
2019-07-19 12:00,0.425,7.507
2019-07-19 13:00,0.533,8.239
2019-07-19 14:00,0.531,8.232
2019-07-19 15:00,0.465,7.776
2019-07-19 16:00,0.390,7.264
2019-07-19 17:00,0.348,6.960
2019-07-19 18:00,0.330,6.833
2019-07-19 19:00,0.317,6.731
2019-07-19 20:00,0.285,6.485
2019-07-19 21:00,0.232,6.049
2019-07-19 22:00,0.139,5.140
2019-07-19 23:00,0.027,3.230
2019-07-20 00:00,0,1.357
2019-07-20 01:00,0.008,2.444
2019-07-20 02:00,0.010,2.568
2019-07-20 03:00,0.010,2.550
2019-07-20 04:00,0.008,2.435
2019-07-20 05:00,0.004,2.156
2019-07-20 06:00,0.003,2.070
2019-07-20 07:00,0.006,2.288
2019-07-20 08:00,0.010,2.570
2019-07-20 09:00,0.014,2.789
2019-07-20 10:00,0.026,3.204
2019-07-20 11:00,0.093,4.551
2019-07-20 12:00,0.222,5.964
2019-07-20 13:00,0.377,7.169
2019-07-20 14:00,0.533,8.239
2019-07-20 15:00,0.645,9.055
2019-07-20 16:00,0.681,9.340
2019-07-20 17:00,0.628,8.930
2019-07-20 18:00,0.551,8.373
2019-07-20 19:00,0.535,8.257
2019-07-20 20:00,0.510,8.084
2019-07-20 21:00,0.454,7.710
2019-07-20 22:00,0.314,6.722
2019-07-20 23:00,0.184,5.616
2019-07-21 00:00,0.247,6.186
2019-07-21 01:00,0.231,6.046
2019-07-21 02:00,0.252,6.224
2019-07-21 03:00,0.309,6.675
2019-07-21 04:00,0.352,6.994
2019-07-21 05:00,0.398,7.322
2019-07-21 06:00,0.524,8.188
2019-07-21 07:00,0.606,8.762
2019-07-21 08:00,0.609,8.785
2019-07-21 09:00,0.564,8.465
2019-07-21 10:00,0.450,7.685
2019-07-21 11:00,0.237,6.097
2019-07-21 12:00,0.114,4.835
2019-07-21 13:00,0.124,4.965
2019-07-21 14:00,0.194,5.710
2019-07-21 15:00,0.183,5.607
2019-07-21 16:00,0.160,5.367
2019-07-21 17:00,0.179,5.556
2019-07-21 18:00,0.121,4.915
2019-07-21 19:00,0.307,6.666
2019-07-21 20:00,0.748,9.932
2019-07-21 21:00,0.920,12.377
2019-07-21 22:00,0.887,11.671
2019-07-21 23:00,0.818,10.671
2019-07-22 00:00,0.772,10.151
2019-07-22 01:00,0.702,9.508
2019-07-22 02:00,0.683,9.362
2019-07-22 03:00,0.671,9.258
2019-07-22 04:00,0.595,8.682
2019-07-22 05:00,0.556,8.410
2019-07-22 06:00,0.527,8.212
2019-07-22 07:00,0.490,7.952
2019-07-22 08:00,0.436,7.589
2019-07-22 09:00,0.351,6.986
2019-07-22 10:00,0.232,6.058
2019-07-22 11:00,0.140,5.146
2019-07-22 12:00,0.085,4.413
2019-07-22 13:00,0.056,3.933
2019-07-22 14:00,0.056,3.936
2019-07-22 15:00,0.079,4.334
2019-07-22 16:00,0.109,4.766
2019-07-22 17:00,0.135,5.091
2019-07-22 18:00,0.132,5.046
2019-07-22 19:00,0.103,4.685
2019-07-22 20:00,0.086,4.440
2019-07-22 21:00,0.079,4.323
2019-07-22 22:00,0.085,4.432
2019-07-22 23:00,0.049,3.789
2019-07-23 00:00,0.012,2.673
2019-07-23 01:00,0.003,2.011
2019-07-23 02:00,0.002,1.910
2019-07-23 03:00,0.002,1.915
2019-07-23 04:00,0.006,2.275
2019-07-23 05:00,0.014,2.765
2019-07-23 06:00,0.025,3.192
2019-07-23 07:00,0.033,3.425
2019-07-23 08:00,0.036,3.468
2019-07-23 09:00,0.046,3.727
2019-07-23 10:00,0.089,4.490
2019-07-23 11:00,0.257,6.267
2019-07-23 12:00,0.492,7.970
2019-07-23 13:00,0.608,8.777
2019-07-23 14:00,0.717,9.644
2019-07-23 15:00,0.714,9.617
2019-07-23 16:00,0.564,8.467
2019-07-23 17:00,0.360,7.060
2019-07-23 18:00,0.245,6.168
2019-07-23 19:00,0.206,5.826
2019-07-23 20:00,0.229,6.028
2019-07-23 21:00,0.239,6.124
2019-07-23 22:00,0.202,5.785
2019-07-23 23:00,0.180,5.571
2019-07-24 00:00,0.204,5.806
2019-07-24 01:00,0.161,5.378
2019-07-24 02:00,0.113,4.805
2019-07-24 03:00,0.124,4.959
2019-07-24 04:00,0.190,5.678
2019-07-24 05:00,0.270,6.369
2019-07-24 06:00,0.274,6.411
2019-07-24 07:00,0.218,5.935
2019-07-24 08:00,0.194,5.705
2019-07-24 09:00,0.169,5.467
2019-07-24 10:00,0.139,5.138
2019-07-24 11:00,0.181,5.580
2019-07-24 12:00,0.345,6.951
2019-07-24 13:00,0.536,8.269
2019-07-24 14:00,0.686,9.384
2019-07-24 15:00,0.761,10.058
2019-07-24 16:00,0.784,10.293
2019-07-24 17:00,0.787,10.322
2019-07-24 18:00,0.777,10.212
2019-07-24 19:00,0.761,10.055
2019-07-24 20:00,0.729,9.749
2019-07-24 21:00,0.652,9.113
2019-07-24 22:00,0.453,7.702
2019-07-24 23:00,0.160,5.375
2019-07-25 00:00,0.104,4.697
2019-07-25 01:00,0.069,4.165
2019-07-25 02:00,0.027,3.234
2019-07-25 03:00,0.019,2.964
2019-07-25 04:00,0.023,3.113
2019-07-25 05:00,0.034,3.430
2019-07-25 06:00,0.049,3.795
2019-07-25 07:00,0.065,4.093
2019-07-25 08:00,0.087,4.452
2019-07-25 09:00,0.116,4.858
2019-07-25 10:00,0.194,5.708
2019-07-25 11:00,0.476,7.854
2019-07-25 12:00,0.782,10.273
2019-07-25 13:00,0.845,11.027
2019-07-25 14:00,0.831,10.836
2019-07-25 15:00,0.827,10.782
2019-07-25 16:00,0.824,10.752
2019-07-25 17:00,0.818,10.673
2019-07-25 18:00,0.806,10.537
2019-07-25 19:00,0.793,10.386
2019-07-25 20:00,0.771,10.145
2019-07-25 21:00,0.716,9.635
2019-07-25 22:00,0.581,8.587
2019-07-25 23:00,0.612,8.804
2019-07-26 00:00,0.914,12.240
2019-07-26 01:00,0.910,12.141
2019-07-26 02:00,0.895,11.842
2019-07-26 03:00,0.898,11.891
2019-07-26 04:00,0.902,11.970
2019-07-26 05:00,0.901,11.947
2019-07-26 06:00,0.899,11.897
2019-07-26 07:00,0.899,11.914
2019-07-26 08:00,0.908,12.108
2019-07-26 09:00,0.921,12.390
2019-07-26 10:00,0.932,12.666
2019-07-26 11:00,0.930,12.637
2019-07-26 12:00,0.933,12.715
2019-07-26 13:00,0.931,12.655
2019-07-26 14:00,0.921,12.394
2019-07-26 15:00,0.889,11.717
2019-07-26 16:00,0.831,10.837
2019-07-26 17:00,0.813,10.601
2019-07-26 18:00,0.834,10.878
2019-07-26 19:00,0.753,9.974
2019-07-26 20:00,0.733,9.794
2019-07-26 21:00,0.673,9.276
2019-07-26 22:00,0.521,8.162
2019-07-26 23:00,0.497,7.994
2019-07-27 00:00,0.357,7.036
2019-07-27 01:00,0.324,6.795
2019-07-27 02:00,0.333,6.851
2019-07-27 03:00,0.318,6.742
2019-07-27 04:00,0.260,6.300
2019-07-27 05:00,0.193,5.700
2019-07-27 06:00,0.133,5.063
2019-07-27 07:00,0.084,4.397
2019-07-27 08:00,0.046,3.726
2019-07-27 09:00,0.026,3.197
2019-07-27 10:00,0.019,2.998
2019-07-27 11:00,0.049,3.778
2019-07-27 12:00,0.090,4.503
2019-07-27 13:00,0.120,4.904
2019-07-27 14:00,0.137,5.114
2019-07-27 15:00,0.158,5.345
2019-07-27 16:00,0.184,5.618
2019-07-27 17:00,0.203,5.793
2019-07-27 18:00,0.191,5.689
2019-07-27 19:00,0.120,4.911
2019-07-27 20:00,0.059,3.975
2019-07-27 21:00,0.060,3.999
2019-07-27 22:00,0.038,3.548
2019-07-27 23:00,0.019,2.967
2019-07-28 00:00,0.042,3.622
2019-07-28 01:00,0.070,4.190
2019-07-28 02:00,0.098,4.612
2019-07-28 03:00,0.137,5.117
2019-07-28 04:00,0.168,5.449
2019-07-28 05:00,0.162,5.391
2019-07-28 06:00,0.126,4.985
2019-07-28 07:00,0.105,4.717
2019-07-28 08:00,0.106,4.723
2019-07-28 09:00,0.109,4.768
2019-07-28 10:00,0.247,6.184
2019-07-28 11:00,0.505,8.048
2019-07-28 12:00,0.616,8.841
2019-07-28 13:00,0.577,8.548
2019-07-28 14:00,0.429,7.531
2019-07-28 15:00,0.263,6.318
2019-07-28 16:00,0.302,6.629
2019-07-28 17:00,0.330,6.838
2019-07-28 18:00,0.304,6.642
2019-07-28 19:00,0.248,6.195
2019-07-28 20:00,0.094,4.557
2019-07-28 21:00,0.039,3.564
2019-07-28 22:00,0.065,4.103
2019-07-28 23:00,0.102,4.678
2019-07-29 00:00,0.047,3.748
2019-07-29 01:00,0.024,3.164
2019-07-29 02:00,0.023,3.107
2019-07-29 03:00,0.019,2.977
2019-07-29 04:00,0.020,3.009
2019-07-29 05:00,0.022,3.093
2019-07-29 06:00,0.032,3.381
2019-07-29 07:00,0.047,3.736
2019-07-29 08:00,0.059,3.993
2019-07-29 09:00,0.056,3.930
2019-07-29 10:00,0.043,3.638
2019-07-29 11:00,0.026,3.220
2019-07-29 12:00,0.102,4.656
2019-07-29 13:00,0.299,6.599
2019-07-29 14:00,0.479,7.882
2019-07-29 15:00,0.550,8.371
2019-07-29 16:00,0.542,8.300
2019-07-29 17:00,0.451,7.689
2019-07-29 18:00,0.302,6.621
2019-07-29 19:00,0.151,5.274
2019-07-29 20:00,0.062,4.044
2019-07-29 21:00,0.017,2.920
2019-07-29 22:00,0.003,2.011
2019-07-29 23:00,0.001,1.613
2019-07-30 00:00,0,0.227
2019-07-30 01:00,0,0.786
2019-07-30 02:00,0.001,1.529
2019-07-30 03:00,0.007,2.401
2019-07-30 04:00,0.029,3.295
2019-07-30 05:00,0.074,4.250
2019-07-30 06:00,0.120,4.914
2019-07-30 07:00,0.140,5.151
2019-07-30 08:00,0.158,5.349
2019-07-30 09:00,0.178,5.550
2019-07-30 10:00,0.251,6.217
2019-07-30 11:00,0.464,7.776
2019-07-30 12:00,0.615,8.827
2019-07-30 13:00,0.587,8.632
2019-07-30 14:00,0.528,8.215
2019-07-30 15:00,0.479,7.882
2019-07-30 16:00,0.445,7.640
2019-07-30 17:00,0.420,7.476
2019-07-30 18:00,0.409,7.395
2019-07-30 19:00,0.395,7.304
2019-07-30 20:00,0.367,7.109
2019-07-30 21:00,0.302,6.627
2019-07-30 22:00,0.186,5.637
2019-07-30 23:00,0.045,3.698
2019-07-31 00:00,0.014,2.773
2019-07-31 01:00,0.010,2.593
2019-07-31 02:00,0.013,2.704
2019-07-31 03:00,0.016,2.877
2019-07-31 04:00,0.020,3.030
2019-07-31 05:00,0.024,3.145
2019-07-31 06:00,0.025,3.190
2019-07-31 07:00,0.023,3.121
2019-07-31 08:00,0.016,2.869
2019-07-31 09:00,0.007,2.361
2019-07-31 10:00,0.001,1.597
2019-07-31 11:00,0.007,2.414
2019-07-31 12:00,0.101,4.649
2019-07-31 13:00,0.319,6.747
2019-07-31 14:00,0.526,8.204
2019-07-31 15:00,0.637,8.998
2019-07-31 16:00,0.694,9.447
2019-07-31 17:00,0.705,9.544
2019-07-31 18:00,0.691,9.417
2019-07-31 19:00,0.665,9.218
2019-07-31 20:00,0.633,8.971
2019-07-31 21:00,0.579,8.566
2019-07-31 22:00,0.436,7.578
2019-07-31 23:00,0.211,5.871
2019-08-01 00:00,0.311,6.690
2019-08-01 01:00,0.164,5.409
2019-08-01 02:00,0.077,4.300
2019-08-01 03:00,0.059,3.970
2019-08-01 04:00,0.072,4.223
2019-08-01 05:00,0.099,4.621
2019-08-01 06:00,0.130,5.028
2019-08-01 07:00,0.163,5.399
2019-08-01 08:00,0.204,5.809
2019-08-01 09:00,0.243,6.157
2019-08-01 10:00,0.299,6.606
2019-08-01 11:00,0.423,7.500
2019-08-01 12:00,0.597,8.697
2019-08-01 13:00,0.668,9.235
2019-08-01 14:00,0.678,9.319
2019-08-01 15:00,0.693,9.434
2019-08-01 16:00,0.686,9.386
2019-08-01 17:00,0.587,8.630
2019-08-01 18:00,0.528,8.214
2019-08-01 19:00,0.455,7.714
2019-08-01 20:00,0.385,7.231
2019-08-01 21:00,0.325,6.804
2019-08-01 22:00,0.240,6.127
2019-08-01 23:00,0.299,6.597
2019-08-02 00:00,0.301,6.618
2019-08-02 01:00,0.223,5.974
2019-08-02 02:00,0.181,5.576
2019-08-02 03:00,0.188,5.658
2019-08-02 04:00,0.249,6.203
2019-08-02 05:00,0.320,6.755
2019-08-02 06:00,0.371,7.133
2019-08-02 07:00,0.377,7.176
2019-08-02 08:00,0.339,6.903
2019-08-02 09:00,0.258,6.278
2019-08-02 10:00,0.191,5.687
2019-08-02 11:00,0.163,5.408
2019-08-02 12:00,0.168,5.451
2019-08-02 13:00,0.181,5.589
2019-08-02 14:00,0.184,5.618
2019-08-02 15:00,0.169,5.458
2019-08-02 16:00,0.152,5.278
2019-08-02 17:00,0.123,4.947
2019-08-02 18:00,0.077,4.294
2019-08-02 19:00,0.044,3.683
2019-08-02 20:00,0.052,3.854
2019-08-02 21:00,0.099,4.620
2019-08-02 22:00,0.135,5.095
2019-08-02 23:00,0.121,4.924
2019-08-03 00:00,0.103,4.689
2019-08-03 01:00,0.042,3.631
2019-08-03 02:00,0.042,3.635
2019-08-03 03:00,0.070,4.187
2019-08-03 04:00,0.206,5.831
2019-08-03 05:00,0.379,7.185
2019-08-03 06:00,0.458,7.735
2019-08-03 07:00,0.513,8.112
2019-08-03 08:00,0.581,8.576
2019-08-03 09:00,0.583,8.601
2019-08-03 10:00,0.476,7.860
2019-08-03 11:00,0.268,6.356
2019-08-03 12:00,0.169,5.461
2019-08-03 13:00,0.146,5.214
2019-08-03 14:00,0.128,5.003
2019-08-03 15:00,0.099,4.619
2019-08-03 16:00,0.069,4.168
2019-08-03 17:00,0.044,3.685
2019-08-03 18:00,0.020,3.023
2019-08-03 19:00,0.008,2.480
2019-08-03 20:00,0.010,2.552
2019-08-03 21:00,0.013,2.741
2019-08-03 22:00,0.007,2.377
2019-08-03 23:00,0.002,1.875
2019-08-04 00:00,0.003,2.044
2019-08-04 01:00,0.008,2.468
2019-08-04 02:00,0.006,2.344
2019-08-04 03:00,0.004,2.097
2019-08-04 04:00,0.004,2.088
2019-08-04 05:00,0.005,2.189
2019-08-04 06:00,0.004,2.149
2019-08-04 07:00,0.002,1.907
2019-08-04 08:00,0.001,1.527
2019-08-04 09:00,0,1.228
2019-08-04 10:00,0,0.864
2019-08-04 11:00,0.002,1.851
2019-08-04 12:00,0.063,4.050
2019-08-04 13:00,0.227,6.019
2019-08-04 14:00,0.413,7.420
2019-08-04 15:00,0.562,8.449
2019-08-04 16:00,0.649,9.089
2019-08-04 17:00,0.681,9.343
2019-08-04 18:00,0.681,9.341
2019-08-04 19:00,0.650,9.098
2019-08-04 20:00,0.605,8.754
2019-08-04 21:00,0.538,8.278
2019-08-04 22:00,0.381,7.205
2019-08-04 23:00,0.148,5.244
2019-08-05 00:00,0.087,4.452
2019-08-05 01:00,0.063,4.049
2019-08-05 02:00,0.046,3.704
2019-08-05 03:00,0.049,3.790
2019-08-05 04:00,0.059,3.981
2019-08-05 05:00,0.085,4.411
2019-08-05 06:00,0.135,5.097
2019-08-05 07:00,0.212,5.885
2019-08-05 08:00,0.341,6.916
2019-08-05 09:00,0.476,7.850
2019-08-05 10:00,0.525,8.196
2019-08-05 11:00,0.574,8.537
2019-08-05 12:00,0.581,8.585
2019-08-05 13:00,0.535,8.259
2019-08-05 14:00,0.499,8.019
2019-08-05 15:00,0.533,8.248
2019-08-05 16:00,0.592,8.662
2019-08-05 17:00,0.608,8.775
2019-08-05 18:00,0.597,8.690
2019-08-05 19:00,0.560,8.433
2019-08-05 20:00,0.529,8.224
2019-08-05 21:00,0.492,7.968
2019-08-05 22:00,0.399,7.325
2019-08-05 23:00,0.187,5.648
2019-08-06 00:00,0.121,4.924
2019-08-06 01:00,0.147,5.233
2019-08-06 02:00,0.109,4.761
2019-08-06 03:00,0.072,4.222
2019-08-06 04:00,0.044,3.678
2019-08-06 05:00,0.026,3.205
2019-08-06 06:00,0.017,2.903
2019-08-06 07:00,0.013,2.744
2019-08-06 08:00,0.014,2.773
2019-08-06 09:00,0.032,3.383
2019-08-06 10:00,0.132,5.049
2019-08-06 11:00,0.466,7.786
2019-08-06 12:00,0.719,9.652
2019-08-06 13:00,0.768,10.122
2019-08-06 14:00,0.739,9.831
2019-08-06 15:00,0.672,9.273
2019-08-06 16:00,0.629,8.936
2019-08-06 17:00,0.562,8.446
2019-08-06 18:00,0.488,7.939
2019-08-06 19:00,0.415,7.436
2019-08-06 20:00,0.362,7.069
2019-08-06 21:00,0.304,6.643
2019-08-06 22:00,0.189,5.670
2019-08-06 23:00,0.048,3.764
2019-08-07 00:00,0.007,2.406
2019-08-07 01:00,0,0.960
2019-08-07 02:00,0,0.675
2019-08-07 03:00,0,0.888
2019-08-07 04:00,0,1.183
2019-08-07 05:00,0,1.435
2019-08-07 06:00,0.001,1.628
2019-08-07 07:00,0.004,2.182
2019-08-07 08:00,0.017,2.919
2019-08-07 09:00,0.043,3.639
2019-08-07 10:00,0.106,4.729
2019-08-07 11:00,0.333,6.863
2019-08-07 12:00,0.592,8.662
2019-08-07 13:00,0.673,9.280
2019-08-07 14:00,0.672,9.263
2019-08-07 15:00,0.640,9.021
2019-08-07 16:00,0.556,8.400
2019-08-07 17:00,0.501,8.025
2019-08-07 18:00,0.423,7.488
2019-08-07 19:00,0.410,7.398
2019-08-07 20:00,0.408,7.386
2019-08-07 21:00,0.467,7.799
2019-08-07 22:00,0.480,7.888
2019-08-07 23:00,0.433,7.564
2019-08-08 00:00,0.529,8.226
2019-08-08 01:00,0.471,7.823
2019-08-08 02:00,0.468,7.803
2019-08-08 03:00,0.499,8.007
2019-08-08 04:00,0.489,7.947
2019-08-08 05:00,0.446,7.645
2019-08-08 06:00,0.428,7.525
2019-08-08 07:00,0.442,7.618
2019-08-08 08:00,0.453,7.700
2019-08-08 09:00,0.452,7.695
2019-08-08 10:00,0.393,7.285
2019-08-08 11:00,0.331,6.843
2019-08-08 12:00,0.309,6.672
2019-08-08 13:00,0.268,6.363
2019-08-08 14:00,0.259,6.289
2019-08-08 15:00,0.269,6.366
2019-08-08 16:00,0.294,6.570
2019-08-08 17:00,0.289,6.526
2019-08-08 18:00,0.313,6.706
2019-08-08 19:00,0.384,7.229
2019-08-08 20:00,0.448,7.658
2019-08-08 21:00,0.463,7.764
2019-08-08 22:00,0.387,7.245
2019-08-08 23:00,0.141,5.156
2019-08-09 00:00,0.071,4.192
2019-08-09 01:00,0.048,3.758
2019-08-09 02:00,0.041,3.605
2019-08-09 03:00,0.042,3.617
2019-08-09 04:00,0.046,3.706
2019-08-09 05:00,0.052,3.856
2019-08-09 06:00,0.065,4.099
2019-08-09 07:00,0.083,4.381
2019-08-09 08:00,0.102,4.671
2019-08-09 09:00,0.127,4.992
2019-08-09 10:00,0.128,5.003
2019-08-09 11:00,0.097,4.597
2019-08-09 12:00,0.050,3.811
2019-08-09 13:00,0.017,2.887
2019-08-09 14:00,0.049,3.790
2019-08-09 15:00,0.208,5.846
2019-08-09 16:00,0.410,7.400
2019-08-09 17:00,0.536,8.263
2019-08-09 18:00,0.582,8.595
2019-08-09 19:00,0.594,8.681
2019-08-09 20:00,0.616,8.829
2019-08-09 21:00,0.621,8.880
2019-08-09 22:00,0.559,8.430
2019-08-09 23:00,0.266,6.345
2019-08-10 00:00,0.171,5.490
2019-08-10 01:00,0.318,6.741
2019-08-10 02:00,0.393,7.289
2019-08-10 03:00,0.381,7.204
2019-08-10 04:00,0.352,6.991
2019-08-10 05:00,0.338,6.896
2019-08-10 06:00,0.337,6.887
2019-08-10 07:00,0.342,6.929
2019-08-10 08:00,0.353,7.005
2019-08-10 09:00,0.352,6.994
2019-08-10 10:00,0.355,7.021
2019-08-10 11:00,0.434,7.571
2019-08-10 12:00,0.522,8.166
2019-08-10 13:00,0.528,8.215
2019-08-10 14:00,0.509,8.077
2019-08-10 15:00,0.505,8.054
2019-08-10 16:00,0.483,7.902
2019-08-10 17:00,0.424,7.502
2019-08-10 18:00,0.348,6.963
2019-08-10 19:00,0.257,6.270
2019-08-10 20:00,0.183,5.604
2019-08-10 21:00,0.120,4.904
2019-08-10 22:00,0.073,4.228
2019-08-10 23:00,0.032,3.395
2019-08-11 00:00,0.159,5.361
2019-08-11 01:00,0.214,5.903
2019-08-11 02:00,0.265,6.341
2019-08-11 03:00,0.309,6.670
2019-08-11 04:00,0.338,6.893
2019-08-11 05:00,0.362,7.068
2019-08-11 06:00,0.385,7.233
2019-08-11 07:00,0.410,7.403
2019-08-11 08:00,0.429,7.533
2019-08-11 09:00,0.436,7.580
2019-08-11 10:00,0.414,7.432
2019-08-11 11:00,0.403,7.361
2019-08-11 12:00,0.412,7.417
2019-08-11 13:00,0.367,7.098
2019-08-11 14:00,0.268,6.355
2019-08-11 15:00,0.167,5.443
2019-08-11 16:00,0.087,4.451
2019-08-11 17:00,0.041,3.601
2019-08-11 18:00,0.023,3.134
2019-08-11 19:00,0.020,3.005
2019-08-11 20:00,0.019,2.998
2019-08-11 21:00,0.022,3.078
2019-08-11 22:00,0.025,3.187
2019-08-11 23:00,0.008,2.467
2019-08-12 00:00,0.055,3.900
2019-08-12 01:00,0.140,5.147
2019-08-12 02:00,0.179,5.561
2019-08-12 03:00,0.172,5.493
2019-08-12 04:00,0.149,5.249
2019-08-12 05:00,0.145,5.207
2019-08-12 06:00,0.165,5.427
2019-08-12 07:00,0.199,5.760
2019-08-12 08:00,0.227,6.008
2019-08-12 09:00,0.243,6.156
2019-08-12 10:00,0.244,6.163
2019-08-12 11:00,0.262,6.315
2019-08-12 12:00,0.276,6.424
2019-08-12 13:00,0.249,6.202
2019-08-12 14:00,0.182,5.599
2019-08-12 15:00,0.113,4.817
2019-08-12 16:00,0.061,4.018
2019-08-12 17:00,0.027,3.238
2019-08-12 18:00,0.008,2.471
2019-08-12 19:00,0.004,2.135
2019-08-12 20:00,0.017,2.917
2019-08-12 21:00,0.061,4.016
2019-08-12 22:00,0.109,4.767
2019-08-12 23:00,0.078,4.318
2019-08-13 00:00,0.178,5.551
2019-08-13 01:00,0.423,7.499
2019-08-13 02:00,0.542,8.306
2019-08-13 03:00,0.528,8.219
2019-08-13 04:00,0.496,7.989
2019-08-13 05:00,0.480,7.888
2019-08-13 06:00,0.469,7.814
2019-08-13 07:00,0.426,7.520
2019-08-13 08:00,0.340,6.913
2019-08-13 09:00,0.243,6.152
2019-08-13 10:00,0.155,5.305
2019-08-13 11:00,0.102,4.677
2019-08-13 12:00,0.074,4.249
2019-08-13 13:00,0.065,4.085
2019-08-13 14:00,0.067,4.128
2019-08-13 15:00,0.088,4.476
2019-08-13 16:00,0.116,4.861
2019-08-13 17:00,0.139,5.139
2019-08-13 18:00,0.170,5.475
2019-08-13 19:00,0.211,5.878
2019-08-13 20:00,0.257,6.264
2019-08-13 21:00,0.272,6.397
2019-08-13 22:00,0.239,6.120
2019-08-13 23:00,0.084,4.403
2019-08-14 00:00,0.011,2.643
2019-08-14 01:00,0,0.990
2019-08-14 02:00,0,0.715
2019-08-14 03:00,0,0.973
2019-08-14 04:00,0,0.966
2019-08-14 05:00,0,0.882
2019-08-14 06:00,0,0.879
2019-08-14 07:00,0,1.083
2019-08-14 08:00,0,1.281
2019-08-14 09:00,0,1.159
2019-08-14 10:00,0,0.818
2019-08-14 11:00,0.004,2.134
2019-08-14 12:00,0.105,4.708
2019-08-14 13:00,0.309,6.672
2019-08-14 14:00,0.430,7.548
2019-08-14 15:00,0.457,7.729
2019-08-14 16:00,0.492,7.971
2019-08-14 17:00,0.559,8.432
2019-08-14 18:00,0.621,8.874
2019-08-14 19:00,0.637,8.990
2019-08-14 20:00,0.632,8.958
2019-08-14 21:00,0.645,9.056
2019-08-14 22:00,0.651,9.109
2019-08-14 23:00,0.413,7.430
2019-08-15 00:00,0.198,5.749
2019-08-15 01:00,0.309,6.677
2019-08-15 02:00,0.243,6.155
2019-08-15 03:00,0.199,5.763
2019-08-15 04:00,0.178,5.544
2019-08-15 05:00,0.170,5.479
2019-08-15 06:00,0.175,5.526
2019-08-15 07:00,0.180,5.566
2019-08-15 08:00,0.180,5.566
2019-08-15 09:00,0.165,5.422
2019-08-15 10:00,0.128,5.006
2019-08-15 11:00,0.128,5.003
2019-08-15 12:00,0.305,6.649
2019-08-15 13:00,0.560,8.436
2019-08-15 14:00,0.704,9.531
2019-08-15 15:00,0.744,9.893
2019-08-15 16:00,0.746,9.898
2019-08-15 17:00,0.694,9.445
2019-08-15 18:00,0.599,8.710
2019-08-15 19:00,0.529,8.223
2019-08-15 20:00,0.468,7.803
2019-08-15 21:00,0.395,7.307
2019-08-15 22:00,0.279,6.451
2019-08-15 23:00,0.257,6.269
2019-08-16 00:00,0.122,4.937
2019-08-16 01:00,0.041,3.601
2019-08-16 02:00,0.038,3.541
2019-08-16 03:00,0.068,4.145
2019-08-16 04:00,0.104,4.695
2019-08-16 05:00,0.135,5.096
2019-08-16 06:00,0.160,5.374
2019-08-16 07:00,0.183,5.612
2019-08-16 08:00,0.193,5.699
2019-08-16 09:00,0.171,5.484
2019-08-16 10:00,0.142,5.169
2019-08-16 11:00,0.168,5.447
2019-08-16 12:00,0.194,5.718
2019-08-16 13:00,0.193,5.701
2019-08-16 14:00,0.159,5.357
2019-08-16 15:00,0.125,4.972
2019-08-16 16:00,0.096,4.592
2019-08-16 17:00,0.074,4.246
2019-08-16 18:00,0.071,4.195
2019-08-16 19:00,0.083,4.385
2019-08-16 20:00,0.098,4.612
2019-08-16 21:00,0.103,4.684
2019-08-16 22:00,0.113,4.808
2019-08-16 23:00,0.063,4.065
2019-08-17 00:00,0.047,3.738
2019-08-17 01:00,0.019,2.962
2019-08-17 02:00,0.007,2.382
2019-08-17 03:00,0.004,2.116
2019-08-17 04:00,0.003,1.959
2019-08-17 05:00,0.002,1.858
2019-08-17 06:00,0.001,1.735
2019-08-17 07:00,0.004,2.180
2019-08-17 08:00,0.015,2.797
2019-08-17 09:00,0.033,3.411
2019-08-17 10:00,0.097,4.600
2019-08-17 11:00,0.358,7.040
2019-08-17 12:00,0.627,8.917
2019-08-17 13:00,0.684,9.368
2019-08-17 14:00,0.655,9.134
2019-08-17 15:00,0.642,9.027
2019-08-17 16:00,0.621,8.879
2019-08-17 17:00,0.592,8.663
2019-08-17 18:00,0.572,8.516
2019-08-17 19:00,0.562,8.447
2019-08-17 20:00,0.562,8.453
2019-08-17 21:00,0.553,8.387
2019-08-17 22:00,0.502,8.040
2019-08-17 23:00,0.297,6.588
2019-08-18 00:00,0.457,7.731
2019-08-18 01:00,0.495,7.985
2019-08-18 02:00,0.391,7.275
2019-08-18 03:00,0.377,7.172
2019-08-18 04:00,0.452,7.697
2019-08-18 05:00,0.542,8.302
2019-08-18 06:00,0.580,8.568
2019-08-18 07:00,0.567,8.485
2019-08-18 08:00,0.600,8.715
2019-08-18 09:00,0.606,8.760
2019-08-18 10:00,0.572,8.512
2019-08-18 11:00,0.609,8.786
2019-08-18 12:00,0.707,9.556
2019-08-18 13:00,0.740,9.856
2019-08-18 14:00,0.734,9.801
2019-08-18 15:00,0.702,9.514
2019-08-18 16:00,0.691,9.417
2019-08-18 17:00,0.734,9.802
2019-08-18 18:00,0.645,9.052
2019-08-18 19:00,0.536,8.260
2019-08-18 20:00,0.502,8.039
2019-08-18 21:00,0.565,8.475
2019-08-18 22:00,0.649,9.088
2019-08-18 23:00,0.748,9.918
2019-08-19 00:00,0.817,10.652
2019-08-19 01:00,0.800,10.470
2019-08-19 02:00,0.772,10.153
2019-08-19 03:00,0.750,9.948
2019-08-19 04:00,0.721,9.676
2019-08-19 05:00,0.693,9.436
2019-08-19 06:00,0.659,9.164
2019-08-19 07:00,0.611,8.797
2019-08-19 08:00,0.566,8.479
2019-08-19 09:00,0.551,8.374
2019-08-19 10:00,0.493,7.977
2019-08-19 11:00,0.356,7.026
2019-08-19 12:00,0.388,7.251
2019-08-19 13:00,0.348,6.970
2019-08-19 14:00,0.281,6.457
2019-08-19 15:00,0.342,6.929
2019-08-19 16:00,0.446,7.643
2019-08-19 17:00,0.585,8.614
2019-08-19 18:00,0.717,9.642
2019-08-19 19:00,0.755,9.995
2019-08-19 20:00,0.834,10.878
2019-08-19 21:00,0.846,11.041
2019-08-19 22:00,0.828,10.796
2019-08-19 23:00,0.792,10.368
2019-08-20 00:00,0.689,9.399
2019-08-20 01:00,0.604,8.742
2019-08-20 02:00,0.512,8.098
2019-08-20 03:00,0.468,7.805
2019-08-20 04:00,0.395,7.303
2019-08-20 05:00,0.276,6.421
2019-08-20 06:00,0.199,5.764
2019-08-20 07:00,0.161,5.381
2019-08-20 08:00,0.137,5.115
2019-08-20 09:00,0.125,4.971
2019-08-20 10:00,0.095,4.573
2019-08-20 11:00,0.052,3.850
2019-08-20 12:00,0.028,3.264
2019-08-20 13:00,0.016,2.864
2019-08-20 14:00,0.012,2.672
2019-08-20 15:00,0.015,2.841
2019-08-20 16:00,0.023,3.118
2019-08-20 17:00,0.031,3.347
2019-08-20 18:00,0.032,3.387
2019-08-20 19:00,0.034,3.445
2019-08-20 20:00,0.045,3.698
2019-08-20 21:00,0.078,4.309
2019-08-20 22:00,0.158,5.355
2019-08-20 23:00,0.160,5.366
2019-08-21 00:00,0.505,8.061
2019-08-21 01:00,0.486,7.923
2019-08-21 02:00,0.350,6.982
2019-08-21 03:00,0.253,6.230
2019-08-21 04:00,0.196,5.730
2019-08-21 05:00,0.186,5.637
2019-08-21 06:00,0.197,5.739
2019-08-21 07:00,0.214,5.899
2019-08-21 08:00,0.246,6.175
2019-08-21 09:00,0.270,6.370
2019-08-21 10:00,0.285,6.496
2019-08-21 11:00,0.338,6.902
2019-08-21 12:00,0.348,6.962
2019-08-21 13:00,0.266,6.343
2019-08-21 14:00,0.167,5.442
2019-08-21 15:00,0.102,4.672
2019-08-21 16:00,0.062,4.046
2019-08-21 17:00,0.040,3.581
2019-08-21 18:00,0.030,3.336
2019-08-21 19:00,0.033,3.408
2019-08-21 20:00,0.046,3.703
2019-08-21 21:00,0.067,4.126
2019-08-21 22:00,0.083,4.385
2019-08-21 23:00,0.062,4.031
2019-08-22 00:00,0.082,4.369
2019-08-22 01:00,0.077,4.292
2019-08-22 02:00,0.059,3.990
2019-08-22 03:00,0.068,4.134
2019-08-22 04:00,0.086,4.443
2019-08-22 05:00,0.097,4.602
2019-08-22 06:00,0.091,4.515
2019-08-22 07:00,0.078,4.311
2019-08-22 08:00,0.078,4.314
2019-08-22 09:00,0.086,4.442
2019-08-22 10:00,0.099,4.622
2019-08-22 11:00,0.128,5.011
2019-08-22 12:00,0.156,5.328
2019-08-22 13:00,0.154,5.294
2019-08-22 14:00,0.127,4.998
2019-08-22 15:00,0.122,4.933
2019-08-22 16:00,0.128,5.009
2019-08-22 17:00,0.132,5.046
2019-08-22 18:00,0.126,4.987
2019-08-22 19:00,0.114,4.836
2019-08-22 20:00,0.108,4.747
2019-08-22 21:00,0.115,4.847
2019-08-22 22:00,0.144,5.193
2019-08-22 23:00,0.215,5.915
2019-08-23 00:00,0.293,6.560
2019-08-23 01:00,0.318,6.740
2019-08-23 02:00,0.273,6.406
2019-08-23 03:00,0.194,5.710
2019-08-23 04:00,0.113,4.809
2019-08-23 05:00,0.056,3.920
2019-08-23 06:00,0.038,3.548
2019-08-23 07:00,0.052,3.839
2019-08-23 08:00,0.091,4.515
2019-08-23 09:00,0.141,5.156
2019-08-23 10:00,0.183,5.607
2019-08-23 11:00,0.188,5.657
2019-08-23 12:00,0.193,5.701
2019-08-23 13:00,0.180,5.570
2019-08-23 14:00,0.136,5.104
2019-08-23 15:00,0.108,4.748
2019-08-23 16:00,0.073,4.240
2019-08-23 17:00,0.059,3.983
2019-08-23 18:00,0.102,4.673
2019-08-23 19:00,0.136,5.102
2019-08-23 20:00,0.149,5.257
2019-08-23 21:00,0.131,5.039
2019-08-23 22:00,0.084,4.405
2019-08-23 23:00,0.051,3.830
2019-08-24 00:00,0.044,3.678
2019-08-24 01:00,0.033,3.424
2019-08-24 02:00,0.022,3.104
2019-08-24 03:00,0.019,2.981
2019-08-24 04:00,0.019,2.973
2019-08-24 05:00,0.017,2.922
2019-08-24 06:00,0.016,2.846
2019-08-24 07:00,0.014,2.784
2019-08-24 08:00,0.013,2.739
2019-08-24 09:00,0.013,2.708
2019-08-24 10:00,0.016,2.865
2019-08-24 11:00,0.042,3.633
2019-08-24 12:00,0.096,4.587
2019-08-24 13:00,0.181,5.589
2019-08-24 14:00,0.256,6.260
2019-08-24 15:00,0.299,6.601
2019-08-24 16:00,0.309,6.670
2019-08-24 17:00,0.288,6.518
2019-08-24 18:00,0.271,6.390
2019-08-24 19:00,0.270,6.380
2019-08-24 20:00,0.251,6.222
2019-08-24 21:00,0.223,5.977
2019-08-24 22:00,0.172,5.492
2019-08-24 23:00,0.055,3.902
2019-08-25 00:00,0.012,2.671
2019-08-25 01:00,0.012,2.678
2019-08-25 02:00,0.013,2.741
2019-08-25 03:00,0.013,2.730
2019-08-25 04:00,0.014,2.767
2019-08-25 05:00,0.014,2.780
2019-08-25 06:00,0.026,3.208
2019-08-25 07:00,0.063,4.050
2019-08-25 08:00,0.102,4.660
2019-08-25 09:00,0.128,5.006
2019-08-25 10:00,0.183,5.610
2019-08-25 11:00,0.375,7.162
2019-08-25 12:00,0.483,7.905
2019-08-25 13:00,0.393,7.282
2019-08-25 14:00,0.265,6.329
2019-08-25 15:00,0.211,5.871
2019-08-25 16:00,0.199,5.762
2019-08-25 17:00,0.181,5.575
2019-08-25 18:00,0.134,5.069
2019-08-25 19:00,0.059,3.979
2019-08-25 20:00,0.019,2.988
2019-08-25 21:00,0.009,2.506
2019-08-25 22:00,0.001,1.621
2019-08-25 23:00,0,1.309
2019-08-26 00:00,0.015,2.810
2019-08-26 01:00,0.064,4.067
2019-08-26 02:00,0.085,4.419
2019-08-26 03:00,0.070,4.183
2019-08-26 04:00,0.047,3.750
2019-08-26 05:00,0.026,3.196
2019-08-26 06:00,0.011,2.646
2019-08-26 07:00,0.007,2.362
2019-08-26 08:00,0.002,1.840
2019-08-26 09:00,0,1.076
2019-08-26 10:00,0.011,2.641
2019-08-26 11:00,0.123,4.949
2019-08-26 12:00,0.261,6.303
2019-08-26 13:00,0.298,6.596
2019-08-26 14:00,0.281,6.457
2019-08-26 15:00,0.224,5.994
2019-08-26 16:00,0.156,5.323
2019-08-26 17:00,0.120,4.909
2019-08-26 18:00,0.109,4.763
2019-08-26 19:00,0.089,4.490
2019-08-26 20:00,0.048,3.760
2019-08-26 21:00,0.010,2.574
2019-08-26 22:00,0,1.335
2019-08-26 23:00,0,1.121
2019-08-27 00:00,0.007,2.360
2019-08-27 01:00,0.013,2.724
2019-08-27 02:00,0.009,2.520
2019-08-27 03:00,0.006,2.333
2019-08-27 04:00,0.005,2.223
2019-08-27 05:00,0.005,2.192
2019-08-27 06:00,0.006,2.291
2019-08-27 07:00,0.010,2.563
2019-08-27 08:00,0.016,2.866
2019-08-27 09:00,0.026,3.204
2019-08-27 10:00,0.043,3.652
2019-08-27 11:00,0.083,4.389
2019-08-27 12:00,0.109,4.764
2019-08-27 13:00,0.116,4.861
2019-08-27 14:00,0.114,4.836
2019-08-27 15:00,0.111,4.782
2019-08-27 16:00,0.100,4.631
2019-08-27 17:00,0.077,4.299
2019-08-27 18:00,0.056,3.919
2019-08-27 19:00,0.042,3.632
2019-08-27 20:00,0.037,3.494
2019-08-27 21:00,0.035,3.463
2019-08-27 22:00,0.034,3.442
2019-08-27 23:00,0.015,2.838
2019-08-28 00:00,0,0.142
2019-08-28 01:00,0.001,1.584
2019-08-28 02:00,0.015,2.817
2019-08-28 03:00,0.035,3.462
2019-08-28 04:00,0.053,3.860
2019-08-28 05:00,0.068,4.146
2019-08-28 06:00,0.079,4.338
2019-08-28 07:00,0.087,4.448
2019-08-28 08:00,0.093,4.536
2019-08-28 09:00,0.082,4.376
2019-08-28 10:00,0.054,3.871
2019-08-28 11:00,0.013,2.755
2019-08-28 12:00,0.001,1.726
2019-08-28 13:00,0,1.181
2019-08-28 14:00,0.001,1.731
2019-08-28 15:00,0.011,2.655
2019-08-28 16:00,0.025,3.175
2019-08-28 17:00,0.048,3.775
2019-08-28 18:00,0.111,4.790
2019-08-28 19:00,0.181,5.583
2019-08-28 20:00,0.217,5.926
2019-08-28 21:00,0.217,5.928
2019-08-28 22:00,0.195,5.727
2019-08-28 23:00,0.093,4.543
2019-08-29 00:00,0.030,3.343
2019-08-29 01:00,0.034,3.433
2019-08-29 02:00,0.038,3.549
2019-08-29 03:00,0.043,3.654
2019-08-29 04:00,0.039,3.553
2019-08-29 05:00,0.032,3.399
2019-08-29 06:00,0.030,3.330
2019-08-29 07:00,0.031,3.352
2019-08-29 08:00,0.038,3.530
2019-08-29 09:00,0.058,3.958
2019-08-29 10:00,0.120,4.915
2019-08-29 11:00,0.299,6.598
2019-08-29 12:00,0.429,7.538
2019-08-29 13:00,0.465,7.778
2019-08-29 14:00,0.455,7.720
2019-08-29 15:00,0.452,7.698
2019-08-29 16:00,0.443,7.632
2019-08-29 17:00,0.431,7.554
2019-08-29 18:00,0.423,7.495
2019-08-29 19:00,0.416,7.446
2019-08-29 20:00,0.410,7.404
2019-08-29 21:00,0.370,7.118
2019-08-29 22:00,0.315,6.723
2019-08-29 23:00,0.141,5.157
2019-08-30 00:00,0.064,4.070
2019-08-30 01:00,0.030,3.332
2019-08-30 02:00,0.005,2.243
2019-08-30 03:00,0.002,1.881
2019-08-30 04:00,0.001,1.711
2019-08-30 05:00,0.001,1.683
2019-08-30 06:00,0.001,1.743
2019-08-30 07:00,0.002,1.885
2019-08-30 08:00,0.004,2.155
2019-08-30 09:00,0.011,2.640
2019-08-30 10:00,0.046,3.709
2019-08-30 11:00,0.181,5.580
2019-08-30 12:00,0.364,7.077
2019-08-30 13:00,0.455,7.719
2019-08-30 14:00,0.463,7.772
2019-08-30 15:00,0.456,7.721
2019-08-30 16:00,0.447,7.649
2019-08-30 17:00,0.418,7.464
2019-08-30 18:00,0.394,7.298
2019-08-30 19:00,0.382,7.213
2019-08-30 20:00,0.387,7.241
2019-08-30 21:00,0.369,7.117
2019-08-30 22:00,0.338,6.896
2019-08-30 23:00,0.168,5.449
2019-08-31 00:00,0.087,4.455
2019-08-31 01:00,0.063,4.052
2019-08-31 02:00,0.050,3.814
2019-08-31 03:00,0.057,3.939
2019-08-31 04:00,0.064,4.080
2019-08-31 05:00,0.069,4.162
2019-08-31 06:00,0.078,4.320
2019-08-31 07:00,0.098,4.615
2019-08-31 08:00,0.132,5.051
2019-08-31 09:00,0.179,5.561
2019-08-31 10:00,0.265,6.331
2019-08-31 11:00,0.442,7.630
2019-08-31 12:00,0.540,8.295
2019-08-31 13:00,0.536,8.260
2019-08-31 14:00,0.493,7.978
2019-08-31 15:00,0.469,7.815
2019-08-31 16:00,0.439,7.609
2019-08-31 17:00,0.408,7.388
2019-08-31 18:00,0.377,7.168
2019-08-31 19:00,0.334,6.864
2019-08-31 20:00,0.291,6.545
2019-08-31 21:00,0.241,6.138
2019-08-31 22:00,0.209,5.858
2019-08-31 23:00,0.120,4.910
2019-09-01 00:00,0.159,5.357
2019-09-01 01:00,0.212,5.882
2019-09-01 02:00,0.229,6.033
2019-09-01 03:00,0.236,6.093
2019-09-01 04:00,0.245,6.169
2019-09-01 05:00,0.281,6.466
2019-09-01 06:00,0.349,6.979
2019-09-01 07:00,0.426,7.521
2019-09-01 08:00,0.488,7.940
2019-09-01 09:00,0.486,7.919
2019-09-01 10:00,0.452,7.693
2019-09-01 11:00,0.486,7.918
2019-09-01 12:00,0.537,8.273
2019-09-01 13:00,0.556,8.408
2019-09-01 14:00,0.525,8.192
2019-09-01 15:00,0.506,8.066
2019-09-01 16:00,0.497,7.993
2019-09-01 17:00,0.480,7.889
2019-09-01 18:00,0.470,7.817
2019-09-01 19:00,0.470,7.816
2019-09-01 20:00,0.476,7.861
2019-09-01 21:00,0.469,7.809
2019-09-01 22:00,0.447,7.651
2019-09-01 23:00,0.322,6.781
2019-09-02 00:00,0.549,8.365
2019-09-02 01:00,0.593,8.667
2019-09-02 02:00,0.628,8.929
2019-09-02 03:00,0.702,9.519
2019-09-02 04:00,0.758,10.028
2019-09-02 05:00,0.785,10.295
2019-09-02 06:00,0.801,10.474
2019-09-02 07:00,0.814,10.621
2019-09-02 08:00,0.826,10.771
2019-09-02 09:00,0.826,10.767
2019-09-02 10:00,0.801,10.477
2019-09-02 11:00,0.783,10.279
2019-09-02 12:00,0.772,10.150
2019-09-02 13:00,0.730,9.767
2019-09-02 14:00,0.667,9.231
2019-09-02 15:00,0.633,8.965
2019-09-02 16:00,0.628,8.926
2019-09-02 17:00,0.621,8.881
2019-09-02 18:00,0.612,8.804
2019-09-02 19:00,0.586,8.620
2019-09-02 20:00,0.546,8.334
2019-09-02 21:00,0.516,8.120
2019-09-02 22:00,0.505,8.058
2019-09-02 23:00,0.338,6.892
2019-09-03 00:00,0.651,9.109
2019-09-03 01:00,0.848,11.062
2019-09-03 02:00,0.883,11.597
2019-09-03 03:00,0.892,11.761
2019-09-03 04:00,0.889,11.726
2019-09-03 05:00,0.878,11.518
2019-09-03 06:00,0.858,11.208
2019-09-03 07:00,0.836,10.896
2019-09-03 08:00,0.817,10.668
2019-09-03 09:00,0.808,10.561
2019-09-03 10:00,0.791,10.352
2019-09-03 11:00,0.784,10.294
2019-09-03 12:00,0.790,10.344
2019-09-03 13:00,0.777,10.212
2019-09-03 14:00,0.767,10.116
2019-09-03 15:00,0.723,9.702
2019-09-03 16:00,0.730,9.762
2019-09-03 17:00,0.729,9.753
2019-09-03 18:00,0.681,9.341
2019-09-03 19:00,0.582,8.597
2019-09-03 20:00,0.569,8.495
2019-09-03 21:00,0.588,8.639
2019-09-03 22:00,0.612,8.811
2019-09-03 23:00,0.577,8.559
2019-09-04 00:00,0.725,9.712
2019-09-04 01:00,0.792,10.367
2019-09-04 02:00,0.788,10.325
2019-09-04 03:00,0.768,10.121
2019-09-04 04:00,0.730,9.759
2019-09-04 05:00,0.675,9.295
2019-09-04 06:00,0.623,8.890
2019-09-04 07:00,0.586,8.626
2019-09-04 08:00,0.591,8.659
2019-09-04 09:00,0.639,9.005
2019-09-04 10:00,0.684,9.365
2019-09-04 11:00,0.711,9.593
2019-09-04 12:00,0.708,9.567
2019-09-04 13:00,0.658,9.151
2019-09-04 14:00,0.618,8.857
2019-09-04 15:00,0.591,8.649
2019-09-04 16:00,0.549,8.357
2019-09-04 17:00,0.505,8.047
2019-09-04 18:00,0.466,7.786
2019-09-04 19:00,0.433,7.568
2019-09-04 20:00,0.423,7.492
2019-09-04 21:00,0.423,7.496
2019-09-04 22:00,0.415,7.435
2019-09-04 23:00,0.371,7.134
2019-09-05 00:00,0.476,7.857
2019-09-05 01:00,0.502,8.033
2019-09-05 02:00,0.460,7.751
2019-09-05 03:00,0.393,7.282
2019-09-05 04:00,0.321,6.771
2019-09-05 05:00,0.246,6.181
2019-09-05 06:00,0.181,5.587
2019-09-05 07:00,0.147,5.228
2019-09-05 08:00,0.154,5.296
2019-09-05 09:00,0.194,5.709
2019-09-05 10:00,0.259,6.287
2019-09-05 11:00,0.432,7.561
2019-09-05 12:00,0.581,8.577
2019-09-05 13:00,0.609,8.789
2019-09-05 14:00,0.583,8.602
2019-09-05 15:00,0.581,8.577
2019-09-05 16:00,0.609,8.786
2019-09-05 17:00,0.654,9.126
2019-09-05 18:00,0.667,9.230
2019-09-05 19:00,0.625,8.903
2019-09-05 20:00,0.580,8.569
2019-09-05 21:00,0.527,8.206
2019-09-05 22:00,0.523,8.179
2019-09-05 23:00,0.425,7.506
2019-09-06 00:00,0.513,8.109
2019-09-06 01:00,0.481,7.893
2019-09-06 02:00,0.416,7.449
2019-09-06 03:00,0.380,7.189
2019-09-06 04:00,0.358,7.044
2019-09-06 05:00,0.348,6.960
2019-09-06 06:00,0.349,6.977
2019-09-06 07:00,0.376,7.165
2019-09-06 08:00,0.423,7.488
2019-09-06 09:00,0.473,7.829
2019-09-06 10:00,0.529,8.220
2019-09-06 11:00,0.686,9.388
2019-09-06 12:00,0.761,10.054
2019-09-06 13:00,0.767,10.109
2019-09-06 14:00,0.754,9.984
2019-09-06 15:00,0.758,10.026
2019-09-06 16:00,0.692,9.426
2019-09-06 17:00,0.605,8.757
2019-09-06 18:00,0.588,8.638
2019-09-06 19:00,0.576,8.545
2019-09-06 20:00,0.557,8.412
2019-09-06 21:00,0.517,8.138
2019-09-06 22:00,0.457,7.731
2019-09-06 23:00,0.266,6.345
2019-09-07 00:00,0.244,6.164
2019-09-07 01:00,0.067,4.121
2019-09-07 02:00,0.002,1.896
2019-09-07 03:00,0,1.063
2019-09-07 04:00,0,0.852
2019-09-07 05:00,0,0.553
2019-09-07 06:00,0,0.411
2019-09-07 07:00,0,1.029
2019-09-07 08:00,0,1.403
2019-09-07 09:00,0.002,1.940
2019-09-07 10:00,0.017,2.921
2019-09-07 11:00,0.072,4.210
2019-09-07 12:00,0.154,5.300
2019-09-07 13:00,0.207,5.841
2019-09-07 14:00,0.246,6.182
2019-09-07 15:00,0.261,6.302
2019-09-07 16:00,0.258,6.285
2019-09-07 17:00,0.270,6.379
2019-09-07 18:00,0.285,6.499
2019-09-07 19:00,0.299,6.604
2019-09-07 20:00,0.296,6.577
2019-09-07 21:00,0.253,6.230
2019-09-07 22:00,0.204,5.806
2019-09-07 23:00,0.095,4.578
2019-09-08 00:00,0.054,3.871
2019-09-08 01:00,0.106,4.729
2019-09-08 02:00,0.123,4.952
2019-09-08 03:00,0.123,4.951
2019-09-08 04:00,0.142,5.173
2019-09-08 05:00,0.182,5.596
2019-09-08 06:00,0.227,6.015
2019-09-08 07:00,0.253,6.232
2019-09-08 08:00,0.301,6.618
2019-09-08 09:00,0.358,7.041
2019-09-08 10:00,0.393,7.279
2019-09-08 11:00,0.449,7.669
2019-09-08 12:00,0.484,7.914
2019-09-08 13:00,0.520,8.149
2019-09-08 14:00,0.546,8.342
2019-09-08 15:00,0.555,8.397
2019-09-08 16:00,0.533,8.247
2019-09-08 17:00,0.442,7.627
2019-09-08 18:00,0.335,6.875
2019-09-08 19:00,0.250,6.206
2019-09-08 20:00,0.199,5.760
2019-09-08 21:00,0.119,4.898
2019-09-08 22:00,0.057,3.947
2019-09-08 23:00,0.040,3.581
2019-09-09 00:00,0.085,4.408
2019-09-09 01:00,0.116,4.856
2019-09-09 02:00,0.122,4.935
2019-09-09 03:00,0.156,5.315
2019-09-09 04:00,0.262,6.311
2019-09-09 05:00,0.533,8.243
2019-09-09 06:00,0.786,10.306
2019-09-09 07:00,0.863,11.292
2019-09-09 08:00,0.837,10.907
2019-09-09 09:00,0.640,9.012
2019-09-09 10:00,0.365,7.087
2019-09-09 11:00,0.291,6.542
2019-09-09 12:00,0.324,6.792
2019-09-09 13:00,0.344,6.935
2019-09-09 14:00,0.303,6.641
2019-09-09 15:00,0.267,6.350
2019-09-09 16:00,0.265,6.336
2019-09-09 17:00,0.254,6.249
2019-09-09 18:00,0.230,6.042
2019-09-09 19:00,0.195,5.725
2019-09-09 20:00,0.139,5.140
2019-09-09 21:00,0.083,4.386
2019-09-09 22:00,0.048,3.766
2019-09-09 23:00,0.014,2.772
2019-09-10 00:00,0.002,1.882
2019-09-10 01:00,0.001,1.488
2019-09-10 02:00,0.004,2.165
2019-09-10 03:00,0.030,3.318
2019-09-10 04:00,0.083,4.386
2019-09-10 05:00,0.160,5.368
2019-09-10 06:00,0.232,6.057
2019-09-10 07:00,0.280,6.456
2019-09-10 08:00,0.342,6.919
2019-09-10 09:00,0.439,7.598
2019-09-10 10:00,0.499,8.008
2019-09-10 11:00,0.519,8.146
2019-09-10 12:00,0.509,8.077
2019-09-10 13:00,0.390,7.262
2019-09-10 14:00,0.355,7.017
2019-09-10 15:00,0.370,7.126
2019-09-10 16:00,0.468,7.805
2019-09-10 17:00,0.549,8.357
2019-09-10 18:00,0.617,8.846
2019-09-10 19:00,0.675,9.299
2019-09-10 20:00,0.713,9.615
2019-09-10 21:00,0.715,9.631
2019-09-10 22:00,0.710,9.583
2019-09-10 23:00,0.718,9.660
2019-09-11 00:00,0.791,10.354
2019-09-11 01:00,0.792,10.372
2019-09-11 02:00,0.726,9.728
2019-09-11 03:00,0.665,9.216
2019-09-11 04:00,0.591,8.655
2019-09-11 05:00,0.473,7.829
2019-09-11 06:00,0.345,6.940
2019-09-11 07:00,0.246,6.182
2019-09-11 08:00,0.208,5.843
2019-09-11 09:00,0.231,6.047
2019-09-11 10:00,0.345,6.941
2019-09-11 11:00,0.598,8.706
2019-09-11 12:00,0.647,9.075
2019-09-11 13:00,0.612,8.810
2019-09-11 14:00,0.549,8.359
2019-09-11 15:00,0.572,8.512
2019-09-11 16:00,0.562,8.449
2019-09-11 17:00,0.549,8.364
2019-09-11 18:00,0.533,8.243
2019-09-11 19:00,0.520,8.152
2019-09-11 20:00,0.525,8.196
2019-09-11 21:00,0.569,8.502
2019-09-11 22:00,0.569,8.498
2019-09-11 23:00,0.534,8.252
2019-09-12 00:00,0.729,9.742
2019-09-12 01:00,0.879,11.531
2019-09-12 02:00,0.933,12.723
2019-09-12 03:00,0.948,13.173
2019-09-12 04:00,0.962,13.717
2019-09-12 05:00,0.981,14.849
2019-09-12 06:00,0.986,15.350
2019-09-12 07:00,0.983,15.023
2019-09-12 08:00,0.979,14.668
2019-09-12 09:00,0.960,13.615
2019-09-12 10:00,0.850,11.091
2019-09-12 11:00,0.551,8.379
2019-09-12 12:00,0.344,6.938
2019-09-12 13:00,0.314,6.722
2019-09-12 14:00,0.361,7.061
2019-09-12 15:00,0.492,7.968
2019-09-12 16:00,0.534,8.254
2019-09-12 17:00,0.520,8.155
2019-09-12 18:00,0.469,7.811
2019-09-12 19:00,0.380,7.198
2019-09-12 20:00,0.299,6.598
2019-09-12 21:00,0.260,6.294
2019-09-12 22:00,0.409,7.391
2019-09-12 23:00,0.413,7.431
2019-09-13 00:00,0.199,5.764
2019-09-13 01:00,0.162,5.391
2019-09-13 02:00,0.132,5.045
2019-09-13 03:00,0.108,4.752
2019-09-13 04:00,0.101,4.650
2019-09-13 05:00,0.078,4.310
2019-09-13 06:00,0.048,3.774
2019-09-13 07:00,0.016,2.880
2019-09-13 08:00,0.002,1.933
2019-09-13 09:00,0,1.201
2019-09-13 10:00,0,0.834
2019-09-13 11:00,0.005,2.230
2019-09-13 12:00,0.071,4.201
2019-09-13 13:00,0.208,5.851
2019-09-13 14:00,0.326,6.808
2019-09-13 15:00,0.360,7.054
2019-09-13 16:00,0.322,6.779
2019-09-13 17:00,0.250,6.206
2019-09-13 18:00,0.164,5.417
2019-09-13 19:00,0.093,4.533
2019-09-13 20:00,0.045,3.701
2019-09-13 21:00,0.021,3.049
2019-09-13 22:00,0.013,2.716
2019-09-13 23:00,0.026,3.216
2019-09-14 00:00,0.023,3.130
2019-09-14 01:00,0.170,5.481
2019-09-14 02:00,0.266,6.345
2019-09-14 03:00,0.258,6.278
2019-09-14 04:00,0.260,6.295
2019-09-14 05:00,0.270,6.370
2019-09-14 06:00,0.274,6.408
2019-09-14 07:00,0.218,5.936
2019-09-14 08:00,0.179,5.562
2019-09-14 09:00,0.154,5.293
2019-09-14 10:00,0.212,5.879
2019-09-14 11:00,0.352,7.001
2019-09-14 12:00,0.361,7.064
2019-09-14 13:00,0.310,6.684
2019-09-14 14:00,0.273,6.406
2019-09-14 15:00,0.285,6.497
2019-09-14 16:00,0.294,6.571
2019-09-14 17:00,0.294,6.566
2019-09-14 18:00,0.272,6.397
2019-09-14 19:00,0.203,5.789
2019-09-14 20:00,0.146,5.223
2019-09-14 21:00,0.144,5.190
2019-09-14 22:00,0.135,5.087
2019-09-14 23:00,0.059,3.969
2019-09-15 00:00,0.003,2.000
2019-09-15 01:00,0.011,2.629
2019-09-15 02:00,0.050,3.799
2019-09-15 03:00,0.079,4.326
2019-09-15 04:00,0.082,4.373
2019-09-15 05:00,0.077,4.292
2019-09-15 06:00,0.070,4.187
2019-09-15 07:00,0.070,4.185
2019-09-15 08:00,0.081,4.363
2019-09-15 09:00,0.086,4.446
2019-09-15 10:00,0.114,4.827
2019-09-15 11:00,0.109,4.770
2019-09-15 12:00,0.089,4.490
2019-09-15 13:00,0.077,4.303
2019-09-15 14:00,0.079,4.330
2019-09-15 15:00,0.097,4.597
2019-09-15 16:00,0.107,4.736
2019-09-15 17:00,0.115,4.847
2019-09-15 18:00,0.122,4.935
2019-09-15 19:00,0.102,4.674
2019-09-15 20:00,0.091,4.517
2019-09-15 21:00,0.090,4.498
2019-09-15 22:00,0.085,4.422
2019-09-15 23:00,0.081,4.356
2019-09-16 00:00,0.047,3.734
2019-09-16 01:00,0.148,5.236
2019-09-16 02:00,0.237,6.099
2019-09-16 03:00,0.296,6.576
2019-09-16 04:00,0.329,6.827
2019-09-16 05:00,0.322,6.779
2019-09-16 06:00,0.308,6.667
2019-09-16 07:00,0.265,6.334
2019-09-16 08:00,0.221,5.955
2019-09-16 09:00,0.232,6.061
2019-09-16 10:00,0.348,6.965
2019-09-16 11:00,0.519,8.148
2019-09-16 12:00,0.603,8.739
2019-09-16 13:00,0.576,8.545
2019-09-16 14:00,0.469,7.811
2019-09-16 15:00,0.358,7.045
2019-09-16 16:00,0.284,6.479
2019-09-16 17:00,0.238,6.113
2019-09-16 18:00,0.224,5.978
2019-09-16 19:00,0.199,5.762
2019-09-16 20:00,0.177,5.544
2019-09-16 21:00,0.134,5.084
2019-09-16 22:00,0.086,4.433
2019-09-16 23:00,0.050,3.807
2019-09-17 00:00,0.008,2.449
2019-09-17 01:00,0,0.884
2019-09-17 02:00,0.007,2.361
2019-09-17 03:00,0.016,2.864
2019-09-17 04:00,0.018,2.938
2019-09-17 05:00,0.023,3.107
2019-09-17 06:00,0.029,3.290
2019-09-17 07:00,0.040,3.583
2019-09-17 08:00,0.067,4.124
2019-09-17 09:00,0.108,4.756
2019-09-17 10:00,0.170,5.475
2019-09-17 11:00,0.246,6.178
2019-09-17 12:00,0.326,6.812
2019-09-17 13:00,0.390,7.271
2019-09-17 14:00,0.436,7.586
2019-09-17 15:00,0.466,7.794
2019-09-17 16:00,0.460,7.747
2019-09-17 17:00,0.409,7.393
2019-09-17 18:00,0.317,6.736
2019-09-17 19:00,0.213,5.897
2019-09-17 20:00,0.122,4.932
2019-09-17 21:00,0.083,4.388
2019-09-17 22:00,0.146,5.215
2019-09-17 23:00,0.213,5.894
2019-09-18 00:00,0.176,5.528
2019-09-18 01:00,0.526,8.204
2019-09-18 02:00,0.729,9.742
2019-09-18 03:00,0.746,9.900
2019-09-18 04:00,0.739,9.842
2019-09-18 05:00,0.750,9.951
2019-09-18 06:00,0.762,10.069
2019-09-18 07:00,0.777,10.220
2019-09-18 08:00,0.783,10.276
2019-09-18 09:00,0.784,10.291
2019-09-18 10:00,0.696,9.464
2019-09-18 11:00,0.637,8.999
2019-09-18 12:00,0.570,8.505
2019-09-18 13:00,0.505,8.048
2019-09-18 14:00,0.416,7.448
2019-09-18 15:00,0.313,6.705
2019-09-18 16:00,0.224,5.983
2019-09-18 17:00,0.139,5.144
2019-09-18 18:00,0.136,5.106
2019-09-18 19:00,0.102,4.674
2019-09-18 20:00,0.132,5.050
2019-09-18 21:00,0.178,5.544
2019-09-18 22:00,0.207,5.834
2019-09-18 23:00,0.185,5.624
2019-09-19 00:00,0.198,5.749
2019-09-19 01:00,0.165,5.423
2019-09-19 02:00,0.095,4.568
2019-09-19 03:00,0.055,3.899
2019-09-19 04:00,0.036,3.490
2019-09-19 05:00,0.036,3.471
2019-09-19 06:00,0.056,3.921
2019-09-19 07:00,0.102,4.670
2019-09-19 08:00,0.151,5.273
2019-09-19 09:00,0.166,5.430
2019-09-19 10:00,0.142,5.175
2019-09-19 11:00,0.135,5.094
2019-09-19 12:00,0.121,4.918
2019-09-19 13:00,0.096,4.587
2019-09-19 14:00,0.085,4.421
2019-09-19 15:00,0.119,4.897
2019-09-19 16:00,0.194,5.709
2019-09-19 17:00,0.258,6.278
2019-09-19 18:00,0.290,6.535
2019-09-19 19:00,0.311,6.699
2019-09-19 20:00,0.349,6.977
2019-09-19 21:00,0.355,7.016
2019-09-19 22:00,0.321,6.774
2019-09-19 23:00,0.204,5.809
2019-09-20 00:00,0.128,5.005
2019-09-20 01:00,0.242,6.150
2019-09-20 02:00,0.352,6.999
2019-09-20 03:00,0.446,7.643
2019-09-20 04:00,0.510,8.087
2019-09-20 05:00,0.536,8.272
2019-09-20 06:00,0.534,8.253
2019-09-20 07:00,0.513,8.107
2019-09-20 08:00,0.492,7.967
2019-09-20 09:00,0.449,7.668
2019-09-20 10:00,0.414,7.433
2019-09-20 11:00,0.469,7.815
2019-09-20 12:00,0.513,8.103
2019-09-20 13:00,0.496,7.987
2019-09-20 14:00,0.406,7.382
2019-09-20 15:00,0.268,6.357
2019-09-20 16:00,0.141,5.158
2019-09-20 17:00,0.063,4.060
2019-09-20 18:00,0.024,3.152
2019-09-20 19:00,0.009,2.516
2019-09-20 20:00,0.004,2.118
2019-09-20 21:00,0.002,1.914
2019-09-20 22:00,0.002,1.797
2019-09-20 23:00,0.001,1.681
2019-09-21 00:00,0,1.047
2019-09-21 01:00,0.009,2.496
2019-09-21 02:00,0.022,3.088
2019-09-21 03:00,0.027,3.254
2019-09-21 04:00,0.032,3.372
2019-09-21 05:00,0.035,3.454
2019-09-21 06:00,0.039,3.565
2019-09-21 07:00,0.047,3.752
2019-09-21 08:00,0.061,4.016
2019-09-21 09:00,0.079,4.328
2019-09-21 10:00,0.156,5.318
2019-09-21 11:00,0.303,6.635
2019-09-21 12:00,0.413,7.427
2019-09-21 13:00,0.440,7.613
2019-09-21 14:00,0.420,7.478
2019-09-21 15:00,0.403,7.355
2019-09-21 16:00,0.410,7.408
2019-09-21 17:00,0.424,7.502
2019-09-21 18:00,0.427,7.523
2019-09-21 19:00,0.419,7.473
2019-09-21 20:00,0.407,7.383
2019-09-21 21:00,0.365,7.087
2019-09-21 22:00,0.317,6.735
2019-09-21 23:00,0.227,6.015
2019-09-22 00:00,0.068,4.146
2019-09-22 01:00,0.091,4.515
2019-09-22 02:00,0.093,4.534
2019-09-22 03:00,0.093,4.540
2019-09-22 04:00,0.087,4.457
2019-09-22 05:00,0.070,4.189
2019-09-22 06:00,0.049,3.794
2019-09-22 07:00,0.032,3.371
2019-09-22 08:00,0.021,3.061
2019-09-22 09:00,0.021,3.048
2019-09-22 10:00,0.062,4.032
2019-09-22 11:00,0.165,5.424
2019-09-22 12:00,0.281,6.469
2019-09-22 13:00,0.352,6.990
2019-09-22 14:00,0.364,7.077
2019-09-22 15:00,0.333,6.853
2019-09-22 16:00,0.306,6.657
2019-09-22 17:00,0.304,6.643
2019-09-22 18:00,0.311,6.699
2019-09-22 19:00,0.319,6.747
2019-09-22 20:00,0.305,6.650
2019-09-22 21:00,0.251,6.214
2019-09-22 22:00,0.183,5.605
2019-09-22 23:00,0.102,4.664
2019-09-23 00:00,0.014,2.790
2019-09-23 01:00,0,0.487
2019-09-23 02:00,0.002,1.826
2019-09-23 03:00,0.008,2.430
2019-09-23 04:00,0.013,2.724
2019-09-23 05:00,0.020,3.035
2019-09-23 06:00,0.031,3.349
2019-09-23 07:00,0.040,3.583
2019-09-23 08:00,0.061,4.018
2019-09-23 09:00,0.104,4.704
2019-09-23 10:00,0.191,5.687
2019-09-23 11:00,0.303,6.635
2019-09-23 12:00,0.383,7.218
2019-09-23 13:00,0.407,7.383
2019-09-23 14:00,0.365,7.080
2019-09-23 15:00,0.284,6.481
2019-09-23 16:00,0.216,5.922
2019-09-23 17:00,0.173,5.510
2019-09-23 18:00,0.124,4.956
2019-09-23 19:00,0.072,4.222
2019-09-23 20:00,0.036,3.492
2019-09-23 21:00,0.016,2.879
2019-09-23 22:00,0.009,2.530
2019-09-23 23:00,0.010,2.550
2019-09-24 00:00,0.007,2.370
2019-09-24 01:00,0,0.424
2019-09-24 02:00,0.001,1.540
2019-09-24 03:00,0.001,1.760
2019-09-24 04:00,0.001,1.773
2019-09-24 05:00,0.001,1.628
2019-09-24 06:00,0.001,1.477
2019-09-24 07:00,0.001,1.470
2019-09-24 08:00,0.001,1.644
2019-09-24 09:00,0.004,2.145
2019-09-24 10:00,0.037,3.515
2019-09-24 11:00,0.147,5.227
2019-09-24 12:00,0.305,6.650
2019-09-24 13:00,0.428,7.525
2019-09-24 14:00,0.483,7.902
2019-09-24 15:00,0.508,8.076
2019-09-24 16:00,0.525,8.197
2019-09-24 17:00,0.521,8.164
2019-09-24 18:00,0.505,8.049
2019-09-24 19:00,0.469,7.809
2019-09-24 20:00,0.419,7.469
2019-09-24 21:00,0.359,7.050
2019-09-24 22:00,0.322,6.784
2019-09-24 23:00,0.289,6.528
2019-09-25 00:00,0.136,5.108
2019-09-25 01:00,0.204,5.805
2019-09-25 02:00,0.204,5.811
2019-09-25 03:00,0.188,5.658
2019-09-25 04:00,0.181,5.580
2019-09-25 05:00,0.162,5.398
2019-09-25 06:00,0.135,5.093
2019-09-25 07:00,0.109,4.762
2019-09-25 08:00,0.093,4.550
2019-09-25 09:00,0.103,4.682
2019-09-25 10:00,0.177,5.539
2019-09-25 11:00,0.304,6.643
2019-09-25 12:00,0.431,7.556
2019-09-25 13:00,0.542,8.310
2019-09-25 14:00,0.620,8.869
2019-09-25 15:00,0.657,9.147
2019-09-25 16:00,0.661,9.173
2019-09-25 17:00,0.648,9.079
2019-09-25 18:00,0.628,8.932
2019-09-25 19:00,0.608,8.775
2019-09-25 20:00,0.584,8.608
2019-09-25 21:00,0.526,8.199
2019-09-25 22:00,0.479,7.875
2019-09-25 23:00,0.371,7.133
2019-09-26 00:00,0.141,5.164
2019-09-26 01:00,0.163,5.408
2019-09-26 02:00,0.132,5.046
2019-09-26 03:00,0.118,4.888
2019-09-26 04:00,0.114,4.836
2019-09-26 05:00,0.104,4.697
2019-09-26 06:00,0.093,4.544
2019-09-26 07:00,0.089,4.491
2019-09-26 08:00,0.097,4.604
2019-09-26 09:00,0.125,4.971
2019-09-26 10:00,0.258,6.281
2019-09-26 11:00,0.486,7.930
2019-09-26 12:00,0.631,8.953
2019-09-26 13:00,0.696,9.462
2019-09-26 14:00,0.711,9.591
2019-09-26 15:00,0.719,9.653
2019-09-26 16:00,0.719,9.664
2019-09-26 17:00,0.717,9.645
2019-09-26 18:00,0.710,9.585
2019-09-26 19:00,0.670,9.252
2019-09-26 20:00,0.622,8.888
2019-09-26 21:00,0.561,8.436
2019-09-26 22:00,0.503,8.042
2019-09-26 23:00,0.349,6.976
2019-09-27 00:00,0.164,5.409
2019-09-27 01:00,0.139,5.141
2019-09-27 02:00,0.081,4.362
2019-09-27 03:00,0.055,3.907
2019-09-27 04:00,0.049,3.778
2019-09-27 05:00,0.049,3.789
2019-09-27 06:00,0.052,3.855
2019-09-27 07:00,0.055,3.891
2019-09-27 08:00,0.054,3.870
2019-09-27 09:00,0.055,3.909
2019-09-27 10:00,0.138,5.122
2019-09-27 11:00,0.395,7.304
2019-09-27 12:00,0.636,8.983
2019-09-27 13:00,0.719,9.651
2019-09-27 14:00,0.723,9.698
2019-09-27 15:00,0.739,9.832
2019-09-27 16:00,0.762,10.061
2019-09-27 17:00,0.774,10.175
2019-09-27 18:00,0.757,10.013
2019-09-27 19:00,0.694,9.451
2019-09-27 20:00,0.622,8.885
2019-09-27 21:00,0.527,8.212
2019-09-27 22:00,0.405,7.365
2019-09-27 23:00,0.232,6.062
2019-09-28 00:00,0.100,4.630
2019-09-28 01:00,0.067,4.123
2019-09-28 02:00,0.015,2.822
2019-09-28 03:00,0.007,2.413
2019-09-28 04:00,0.009,2.501
2019-09-28 05:00,0.013,2.718
2019-09-28 06:00,0.021,3.048
2019-09-28 07:00,0.038,3.529
2019-09-28 08:00,0.073,4.229
2019-09-28 09:00,0.140,5.149
2019-09-28 10:00,0.359,7.048
2019-09-28 11:00,0.673,9.279
2019-09-28 12:00,0.800,10.464
2019-09-28 13:00,0.820,10.694
2019-09-28 14:00,0.820,10.698
2019-09-28 15:00,0.833,10.859
2019-09-28 16:00,0.842,10.980
2019-09-28 17:00,0.826,10.764
2019-09-28 18:00,0.799,10.449
2019-09-28 19:00,0.761,10.059
2019-09-28 20:00,0.689,9.408
2019-09-28 21:00,0.563,8.458
2019-09-28 22:00,0.457,7.731
2019-09-28 23:00,0.346,6.955
2019-09-29 00:00,0.272,6.391
2019-09-29 01:00,0.388,7.253
2019-09-29 02:00,0.426,7.511
2019-09-29 03:00,0.415,7.438
2019-09-29 04:00,0.404,7.365
2019-09-29 05:00,0.382,7.216
2019-09-29 06:00,0.348,6.974
2019-09-29 07:00,0.299,6.607
2019-09-29 08:00,0.256,6.257
2019-09-29 09:00,0.274,6.409
2019-09-29 10:00,0.506,8.064
2019-09-29 11:00,0.754,9.987
2019-09-29 12:00,0.809,10.568
2019-09-29 13:00,0.803,10.498
2019-09-29 14:00,0.795,10.399
2019-09-29 15:00,0.807,10.546
2019-09-29 16:00,0.830,10.820
2019-09-29 17:00,0.795,10.403
2019-09-29 18:00,0.767,10.104
2019-09-29 19:00,0.697,9.479
2019-09-29 20:00,0.616,8.830
2019-09-29 21:00,0.502,8.030
2019-09-29 22:00,0.417,7.454
2019-09-29 23:00,0.371,7.132
2019-09-30 00:00,0.394,7.299
2019-09-30 01:00,0.463,7.765
2019-09-30 02:00,0.463,7.767
2019-09-30 03:00,0.437,7.591
2019-09-30 04:00,0.446,7.643
2019-09-30 05:00,0.450,7.681
2019-09-30 06:00,0.460,7.743
2019-09-30 07:00,0.492,7.966
2019-09-30 08:00,0.556,8.407
2019-09-30 09:00,0.640,9.011
2019-09-30 10:00,0.750,9.947
2019-09-30 11:00,0.836,10.895
2019-09-30 12:00,0.839,10.943
2019-09-30 13:00,0.839,10.946
2019-09-30 14:00,0.817,10.656
2019-09-30 15:00,0.797,10.430
2019-09-30 16:00,0.770,10.141
2019-09-30 17:00,0.741,9.862
2019-09-30 18:00,0.725,9.714
2019-09-30 19:00,0.706,9.552
2019-09-30 20:00,0.705,9.541
2019-09-30 21:00,0.709,9.574
2019-09-30 22:00,0.716,9.635
2019-09-30 23:00,0.673,9.282
2019-10-01 00:00,0.643,9.041
2019-10-01 01:00,0.907,12.079
2019-10-01 02:00,0.930,12.623
2019-10-01 03:00,0.926,12.532
2019-10-01 04:00,0.931,12.647
2019-10-01 05:00,0.928,12.573
2019-10-01 06:00,0.919,12.338
2019-10-01 07:00,0.906,12.057
2019-10-01 08:00,0.894,11.820
2019-10-01 09:00,0.882,11.591
2019-10-01 10:00,0.841,10.973
2019-10-01 11:00,0.797,10.428
2019-10-01 12:00,0.797,10.430
2019-10-01 13:00,0.793,10.388
2019-10-01 14:00,0.795,10.403
2019-10-01 15:00,0.856,11.183
2019-10-01 16:00,0.840,10.957
2019-10-01 17:00,0.837,10.920
2019-10-01 18:00,0.742,9.869
2019-10-01 19:00,0.669,9.247
2019-10-01 20:00,0.617,8.848
2019-10-01 21:00,0.572,8.519
2019-10-01 22:00,0.526,8.202
2019-10-01 23:00,0.498,8.004
2019-10-02 00:00,0.533,8.244
2019-10-02 01:00,0.625,8.910
2019-10-02 02:00,0.645,9.057
2019-10-02 03:00,0.655,9.134
2019-10-02 04:00,0.682,9.348
2019-10-02 05:00,0.683,9.361
2019-10-02 06:00,0.672,9.261
2019-10-02 07:00,0.650,9.100
2019-10-02 08:00,0.604,8.740
2019-10-02 09:00,0.543,8.316
2019-10-02 10:00,0.429,7.535
2019-10-02 11:00,0.463,7.767
2019-10-02 12:00,0.544,8.319
2019-10-02 13:00,0.597,8.690
2019-10-02 14:00,0.606,8.768
2019-10-02 15:00,0.576,8.544
2019-10-02 16:00,0.515,8.120
2019-10-02 17:00,0.476,7.853
2019-10-02 18:00,0.487,7.932
2019-10-02 19:00,0.513,8.113
2019-10-02 20:00,0.357,7.036
2019-10-02 21:00,0.227,6.021
2019-10-02 22:00,0.174,5.515
2019-10-02 23:00,0.126,4.982
2019-10-03 00:00,0.094,4.561
2019-10-03 01:00,0.146,5.218
2019-10-03 02:00,0.157,5.342
2019-10-03 03:00,0.190,5.675
2019-10-03 04:00,0.243,6.153
2019-10-03 05:00,0.276,6.424
2019-10-03 06:00,0.263,6.320
2019-10-03 07:00,0.265,6.334
2019-10-03 08:00,0.285,6.488
2019-10-03 09:00,0.279,6.452
2019-10-03 10:00,0.315,6.724
2019-10-03 11:00,0.445,7.640
2019-10-03 12:00,0.566,8.478
2019-10-03 13:00,0.645,9.057
2019-10-03 14:00,0.763,10.071
2019-10-03 15:00,0.817,10.651
2019-10-03 16:00,0.779,10.239
2019-10-03 17:00,0.729,9.752
2019-10-03 18:00,0.685,9.377
2019-10-03 19:00,0.678,9.315
2019-10-03 20:00,0.650,9.100
2019-10-03 21:00,0.569,8.490
2019-10-03 22:00,0.483,7.901
2019-10-03 23:00,0.450,7.679
2019-10-04 00:00,0.452,7.696
2019-10-04 01:00,0.423,7.488
2019-10-04 02:00,0.377,7.179
2019-10-04 03:00,0.323,6.788
2019-10-04 04:00,0.319,6.748
2019-10-04 05:00,0.348,6.961
2019-10-04 06:00,0.360,7.057
2019-10-04 07:00,0.362,7.072
2019-10-04 08:00,0.344,6.936
2019-10-04 09:00,0.302,6.626
2019-10-04 10:00,0.307,6.663
2019-10-04 11:00,0.361,7.064
2019-10-04 12:00,0.360,7.054
2019-10-04 13:00,0.311,6.698
2019-10-04 14:00,0.239,6.122
2019-10-04 15:00,0.218,5.935
2019-10-04 16:00,0.272,6.397
2019-10-04 17:00,0.337,6.884
2019-10-04 18:00,0.368,7.112
2019-10-04 19:00,0.415,7.436
2019-10-04 20:00,0.488,7.940
2019-10-04 21:00,0.494,7.981
2019-10-04 22:00,0.425,7.506
2019-10-04 23:00,0.314,6.716
2019-10-05 00:00,0.265,6.328
2019-10-05 01:00,0.319,6.752
2019-10-05 02:00,0.303,6.638
2019-10-05 03:00,0.318,6.739
2019-10-05 04:00,0.314,6.717
2019-10-05 05:00,0.280,6.453
2019-10-05 06:00,0.280,6.452
2019-10-05 07:00,0.302,6.624
2019-10-05 08:00,0.299,6.605
2019-10-05 09:00,0.251,6.221
2019-10-05 10:00,0.220,5.949
2019-10-05 11:00,0.256,6.257
2019-10-05 12:00,0.224,5.993
2019-10-05 13:00,0.162,5.395
2019-10-05 14:00,0.120,4.906
2019-10-05 15:00,0.088,4.476
2019-10-05 16:00,0.079,4.334
2019-10-05 17:00,0.073,4.225
2019-10-05 18:00,0.048,3.768
2019-10-05 19:00,0.048,3.754
2019-10-05 20:00,0.059,3.970
2019-10-05 21:00,0.046,3.718
2019-10-05 22:00,0.029,3.314
2019-10-05 23:00,0.009,2.495
2019-10-06 00:00,0,1.168
2019-10-06 01:00,0.009,2.533
2019-10-06 02:00,0.065,4.091
2019-10-06 03:00,0.110,4.774
2019-10-06 04:00,0.131,5.040
2019-10-06 05:00,0.186,5.634
2019-10-06 06:00,0.284,6.480
2019-10-06 07:00,0.383,7.220
2019-10-06 08:00,0.431,7.551
2019-10-06 09:00,0.396,7.312
2019-10-06 10:00,0.302,6.623
2019-10-06 11:00,0.244,6.163
2019-10-06 12:00,0.172,5.499
2019-10-06 13:00,0.101,4.645
2019-10-06 14:00,0.050,3.803
2019-10-06 15:00,0.023,3.123
2019-10-06 16:00,0.013,2.725
2019-10-06 17:00,0.014,2.761
2019-10-06 18:00,0.018,2.946
2019-10-06 19:00,0.023,3.107
2019-10-06 20:00,0.022,3.102
2019-10-06 21:00,0.015,2.834
2019-10-06 22:00,0.010,2.573
2019-10-06 23:00,0.006,2.286
2019-10-07 00:00,0.001,1.608
2019-10-07 01:00,0.001,1.732
2019-10-07 02:00,0.002,1.845
2019-10-07 03:00,0,1.171
2019-10-07 04:00,0,0.800
2019-10-07 05:00,0,1.055
2019-10-07 06:00,0,1.248
2019-10-07 07:00,0,1.200
2019-10-07 08:00,0,1.170
2019-10-07 09:00,0,1.255
2019-10-07 10:00,0.001,1.556
2019-10-07 11:00,0.004,2.106
2019-10-07 12:00,0.008,2.492
2019-10-07 13:00,0.014,2.769
2019-10-07 14:00,0.020,3.025
2019-10-07 15:00,0.028,3.277
2019-10-07 16:00,0.029,3.292
2019-10-07 17:00,0.014,2.762
2019-10-07 18:00,0.005,2.254
2019-10-07 19:00,0.002,1.880
2019-10-07 20:00,0.005,2.225
2019-10-07 21:00,0.019,2.963
2019-10-07 22:00,0.051,3.820
2019-10-07 23:00,0.128,5.004
2019-10-08 00:00,0.145,5.210
2019-10-08 01:00,0.197,5.742
2019-10-08 02:00,0.645,9.050
2019-10-08 03:00,0.729,9.746
2019-10-08 04:00,0.728,9.736
2019-10-08 05:00,0.700,9.494
2019-10-08 06:00,0.672,9.265
2019-10-08 07:00,0.658,9.158
2019-10-08 08:00,0.655,9.140
2019-10-08 09:00,0.611,8.795
2019-10-08 10:00,0.628,8.927
2019-10-08 11:00,0.695,9.455
2019-10-08 12:00,0.645,9.061
2019-10-08 13:00,0.574,8.529
2019-10-08 14:00,0.569,8.490
2019-10-08 15:00,0.591,8.659
2019-10-08 16:00,0.527,8.210
2019-10-08 17:00,0.425,7.505
2019-10-08 18:00,0.318,6.738
2019-10-08 19:00,0.204,5.797
2019-10-08 20:00,0.203,5.789
2019-10-08 21:00,0.172,5.496
2019-10-08 22:00,0.124,4.958
2019-10-08 23:00,0.083,4.382
2019-10-09 00:00,0.050,3.817
2019-10-09 01:00,0.020,3.010
2019-10-09 02:00,0.004,2.177
2019-10-09 03:00,0.005,2.214
2019-10-09 04:00,0.008,2.451
2019-10-09 05:00,0.020,3.030
2019-10-09 06:00,0.056,3.923
2019-10-09 07:00,0.122,4.933
2019-10-09 08:00,0.210,5.862
2019-10-09 09:00,0.265,6.335
2019-10-09 10:00,0.270,6.370
2019-10-09 11:00,0.275,6.415
2019-10-09 12:00,0.286,6.503
2019-10-09 13:00,0.303,6.634
2019-10-09 14:00,0.309,6.671
2019-10-09 15:00,0.289,6.530
2019-10-09 16:00,0.273,6.402
2019-10-09 17:00,0.279,6.442
2019-10-09 18:00,0.330,6.834
2019-10-09 19:00,0.449,7.666
2019-10-09 20:00,0.569,8.492
2019-10-09 21:00,0.616,8.842
2019-10-09 22:00,0.596,8.688
2019-10-09 23:00,0.490,7.954
2019-10-10 00:00,0.240,6.129
2019-10-10 01:00,0.187,5.645
2019-10-10 02:00,0.163,5.400
2019-10-10 03:00,0.160,5.367
2019-10-10 04:00,0.196,5.736
2019-10-10 05:00,0.226,6.004
2019-10-10 06:00,0.204,5.797
2019-10-10 07:00,0.147,5.230
2019-10-10 08:00,0.075,4.269
2019-10-10 09:00,0.022,3.080
2019-10-10 10:00,0.007,2.362
2019-10-10 11:00,0.014,2.770
2019-10-10 12:00,0.029,3.305
2019-10-10 13:00,0.059,3.976
2019-10-10 14:00,0.092,4.527
2019-10-10 15:00,0.126,4.989
2019-10-10 16:00,0.185,5.626
2019-10-10 17:00,0.206,5.828
2019-10-10 18:00,0.218,5.936
2019-10-10 19:00,0.224,5.978
2019-10-10 20:00,0.271,6.383
2019-10-10 21:00,0.299,6.599
2019-10-10 22:00,0.255,6.253
2019-10-10 23:00,0.225,6.002
2019-10-11 00:00,0.151,5.273
2019-10-11 01:00,0.066,4.109
2019-10-11 02:00,0.027,3.225
2019-10-11 03:00,0.001,1.771
2019-10-11 04:00,0.001,1.463
2019-10-11 05:00,0.002,1.806
2019-10-11 06:00,0.005,2.197
2019-10-11 07:00,0.012,2.664
2019-10-11 08:00,0.019,2.958
2019-10-11 09:00,0.012,2.698
2019-10-11 10:00,0.008,2.444
2019-10-11 11:00,0.009,2.500
2019-10-11 12:00,0.015,2.821
2019-10-11 13:00,0.039,3.571
2019-10-11 14:00,0.090,4.499
2019-10-11 15:00,0.177,5.534
2019-10-11 16:00,0.289,6.527
2019-10-11 17:00,0.377,7.176
2019-10-11 18:00,0.410,7.410
2019-10-11 19:00,0.365,7.092
2019-10-11 20:00,0.312,6.701
2019-10-11 21:00,0.276,6.430
2019-10-11 22:00,0.208,5.843
2019-10-11 23:00,0.125,4.966
2019-10-12 00:00,0.043,3.661
2019-10-12 01:00,0.010,2.569
2019-10-12 02:00,0.006,2.288
2019-10-12 03:00,0,0.662
2019-10-12 04:00,0,0.652
2019-10-12 05:00,0,1.193
2019-10-12 06:00,0.001,1.608
2019-10-12 07:00,0.007,2.405
2019-10-12 08:00,0.048,3.773
2019-10-12 09:00,0.223,5.976
2019-10-12 10:00,0.460,7.741
2019-10-12 11:00,0.435,7.575
2019-10-12 12:00,0.268,6.353
2019-10-12 13:00,0.151,5.271
2019-10-12 14:00,0.103,4.681
2019-10-12 15:00,0.083,4.391
2019-10-12 16:00,0.063,4.064
2019-10-12 17:00,0.033,3.424
2019-10-12 18:00,0.012,2.668
2019-10-12 19:00,0.003,2.018
2019-10-12 20:00,0.001,1.612
2019-10-12 21:00,0.001,1.759
2019-10-12 22:00,0.004,2.186
2019-10-12 23:00,0.010,2.603
2019-10-13 00:00,0.009,2.510
2019-10-13 01:00,0.014,2.771
2019-10-13 02:00,0.028,3.280
2019-10-13 03:00,0.032,3.389
2019-10-13 04:00,0.039,3.573
2019-10-13 05:00,0.053,3.862
2019-10-13 06:00,0.072,4.217
2019-10-13 07:00,0.102,4.661
2019-10-13 08:00,0.139,5.137
2019-10-13 09:00,0.216,5.918
2019-10-13 10:00,0.429,7.533
2019-10-13 11:00,0.607,8.772
2019-10-13 12:00,0.634,8.976
2019-10-13 13:00,0.577,8.559
2019-10-13 14:00,0.486,7.923
2019-10-13 15:00,0.447,7.652
2019-10-13 16:00,0.426,7.511
2019-10-13 17:00,0.413,7.420
2019-10-13 18:00,0.403,7.355
2019-10-13 19:00,0.383,7.219
2019-10-13 20:00,0.402,7.348
2019-10-13 21:00,0.333,6.858
2019-10-13 22:00,0.299,6.609
2019-10-13 23:00,0.302,6.626
2019-10-14 00:00,0.241,6.141
2019-10-14 01:00,0.256,6.257
2019-10-14 02:00,0.311,6.694
2019-10-14 03:00,0.341,6.916
2019-10-14 04:00,0.257,6.263
2019-10-14 05:00,0.128,5.010
2019-10-14 06:00,0.074,4.255
2019-10-14 07:00,0.036,3.484
2019-10-14 08:00,0.012,2.689
2019-10-14 09:00,0.051,3.822
2019-10-14 10:00,0.122,4.935
2019-10-14 11:00,0.214,5.898
2019-10-14 12:00,0.217,5.933
2019-10-14 13:00,0.156,5.316
2019-10-14 14:00,0.108,4.754
2019-10-14 15:00,0.079,4.336
2019-10-14 16:00,0.064,4.075
2019-10-14 17:00,0.055,3.910
2019-10-14 18:00,0.046,3.719
2019-10-14 19:00,0.035,3.460
2019-10-14 20:00,0.026,3.200
2019-10-14 21:00,0.027,3.254
2019-10-14 22:00,0.048,3.763
2019-10-14 23:00,0.061,4.019
2019-10-15 00:00,0.078,4.320
2019-10-15 01:00,0.083,4.384
2019-10-15 02:00,0.063,4.059
2019-10-15 03:00,0.052,3.838
2019-10-15 04:00,0.041,3.615
2019-10-15 05:00,0.033,3.403
2019-10-15 06:00,0.026,3.205
2019-10-15 07:00,0.021,3.043
2019-10-15 08:00,0.015,2.807
2019-10-15 09:00,0.009,2.539
2019-10-15 10:00,0.005,2.256
2019-10-15 11:00,0.004,2.106
2019-10-15 12:00,0.003,2.004
2019-10-15 13:00,0.004,2.179
2019-10-15 14:00,0.015,2.796
2019-10-15 15:00,0.053,3.867
2019-10-15 16:00,0.127,5.000
2019-10-15 17:00,0.202,5.782
2019-10-15 18:00,0.258,6.284
2019-10-15 19:00,0.294,6.570
2019-10-15 20:00,0.302,6.624
2019-10-15 21:00,0.251,6.213
2019-10-15 22:00,0.181,5.586
2019-10-15 23:00,0.127,4.997
2019-10-16 00:00,0.093,4.537
2019-10-16 01:00,0.067,4.121
2019-10-16 02:00,0.084,4.401
2019-10-16 03:00,0.099,4.623
2019-10-16 04:00,0.117,4.867
2019-10-16 05:00,0.156,5.323
2019-10-16 06:00,0.202,5.782
2019-10-16 07:00,0.224,5.990
2019-10-16 08:00,0.211,5.870
2019-10-16 09:00,0.158,5.349
2019-10-16 10:00,0.093,4.547
2019-10-16 11:00,0.046,3.712
2019-10-16 12:00,0.027,3.227
2019-10-16 13:00,0.037,3.499
2019-10-16 14:00,0.075,4.263
2019-10-16 15:00,0.128,5.011
2019-10-16 16:00,0.210,5.870
2019-10-16 17:00,0.332,6.849
2019-10-16 18:00,0.502,8.037
2019-10-16 19:00,0.707,9.563
2019-10-16 20:00,0.726,9.730
2019-10-16 21:00,0.598,8.703
2019-10-16 22:00,0.429,7.530
2019-10-16 23:00,0.276,6.426
2019-10-17 00:00,0.103,4.683
2019-10-17 01:00,0.011,2.634
2019-10-17 02:00,0.001,1.639
2019-10-17 03:00,0.001,1.580
2019-10-17 04:00,0.014,2.788
2019-10-17 05:00,0.026,3.220
2019-10-17 06:00,0.031,3.365
2019-10-17 07:00,0.030,3.326
2019-10-17 08:00,0.012,2.692
2019-10-17 09:00,0.001,1.498
2019-10-17 10:00,0.002,1.885
2019-10-17 11:00,0.025,3.193
2019-10-17 12:00,0.093,4.532
2019-10-17 13:00,0.201,5.778
2019-10-17 14:00,0.338,6.893
2019-10-17 15:00,0.494,7.982
2019-10-17 16:00,0.625,8.905
2019-10-17 17:00,0.677,9.313
2019-10-17 18:00,0.606,8.762
2019-10-17 19:00,0.439,7.610
2019-10-17 20:00,0.284,6.483
2019-10-17 21:00,0.169,5.455
2019-10-17 22:00,0.103,4.690
2019-10-17 23:00,0.075,4.272
2019-10-18 00:00,0.051,3.828
2019-10-18 01:00,0.051,3.828
2019-10-18 02:00,0.068,4.134
2019-10-18 03:00,0.072,4.216
2019-10-18 04:00,0.086,4.442
2019-10-18 05:00,0.107,4.741
2019-10-18 06:00,0.128,5.012
2019-10-18 07:00,0.150,5.262
2019-10-18 08:00,0.189,5.669
2019-10-18 09:00,0.300,6.611
2019-10-18 10:00,0.584,8.609
2019-10-18 11:00,0.711,9.598
2019-10-18 12:00,0.689,9.410
2019-10-18 13:00,0.672,9.270
2019-10-18 14:00,0.661,9.181
2019-10-18 15:00,0.650,9.097
2019-10-18 16:00,0.594,8.670
2019-10-18 17:00,0.539,8.279
2019-10-18 18:00,0.462,7.756
2019-10-18 19:00,0.374,7.154
2019-10-18 20:00,0.331,6.842
2019-10-18 21:00,0.278,6.435
2019-10-18 22:00,0.240,6.131
2019-10-18 23:00,0.254,6.241
2019-10-19 00:00,0.321,6.764
2019-10-19 01:00,0.360,7.058
2019-10-19 02:00,0.420,7.477
2019-10-19 03:00,0.473,7.830
2019-10-19 04:00,0.664,9.207
2019-10-19 05:00,0.792,10.374
2019-10-19 06:00,0.821,10.707
2019-10-19 07:00,0.762,10.067
2019-10-19 08:00,0.621,8.879
2019-10-19 09:00,0.380,7.200
2019-10-19 10:00,0.299,6.600
2019-10-19 11:00,0.270,6.373
2019-10-19 12:00,0.250,6.207
2019-10-19 13:00,0.217,5.929
2019-10-19 14:00,0.181,5.587
2019-10-19 15:00,0.163,5.402
2019-10-19 16:00,0.145,5.201
2019-10-19 17:00,0.112,4.803
2019-10-19 18:00,0.076,4.278
2019-10-19 19:00,0.043,3.639
2019-10-19 20:00,0.017,2.910
2019-10-19 21:00,0.003,1.973
2019-10-19 22:00,0,1.027
2019-10-19 23:00,0,0.728
2019-10-20 00:00,0,1.348
2019-10-20 01:00,0,0.647
2019-10-20 02:00,0.002,1.910
2019-10-20 03:00,0.017,2.907
2019-10-20 04:00,0.021,3.065
2019-10-20 05:00,0.013,2.723
2019-10-20 06:00,0.004,2.090
2019-10-20 07:00,0,1.354
2019-10-20 08:00,0,0.957
2019-10-20 09:00,0.001,1.482
2019-10-20 10:00,0.043,3.664
2019-10-20 11:00,0.222,5.968
2019-10-20 12:00,0.473,7.832
2019-10-20 13:00,0.633,8.968
2019-10-20 14:00,0.684,9.366
2019-10-20 15:00,0.680,9.335
2019-10-20 16:00,0.668,9.235
2019-10-20 17:00,0.672,9.272
2019-10-20 18:00,0.675,9.297
2019-10-20 19:00,0.657,9.146
2019-10-20 20:00,0.632,8.963
2019-10-20 21:00,0.580,8.572
2019-10-20 22:00,0.488,7.941
2019-10-20 23:00,0.403,7.355
2019-10-21 00:00,0.222,5.963
2019-10-21 01:00,0.105,4.718
2019-10-21 02:00,0.135,5.097
2019-10-21 03:00,0.131,5.039
2019-10-21 04:00,0.127,4.991
2019-10-21 05:00,0.128,5.011
2019-10-21 06:00,0.126,4.983
2019-10-21 07:00,0.121,4.921
2019-10-21 08:00,0.129,5.022
2019-10-21 09:00,0.216,5.922
2019-10-21 10:00,0.429,7.531
2019-10-21 11:00,0.568,8.486
2019-10-21 12:00,0.580,8.569
2019-10-21 13:00,0.533,8.240
2019-10-21 14:00,0.501,8.026
2019-10-21 15:00,0.483,7.904
2019-10-21 16:00,0.466,7.784
2019-10-21 17:00,0.442,7.621
2019-10-21 18:00,0.404,7.365
2019-10-21 19:00,0.369,7.114
2019-10-21 20:00,0.266,6.343
2019-10-21 21:00,0.169,5.468
2019-10-21 22:00,0.146,5.221
2019-10-21 23:00,0.185,5.628
2019-10-22 00:00,0.137,5.116
2019-10-22 01:00,0.113,4.815
2019-10-22 02:00,0.161,5.386
2019-10-22 03:00,0.160,5.373
2019-10-22 04:00,0.125,4.971
2019-10-22 05:00,0.083,4.386
2019-10-22 06:00,0.046,3.726
2019-10-22 07:00,0.020,3.019
2019-10-22 08:00,0.011,2.647
2019-10-22 09:00,0.022,3.070
2019-10-22 10:00,0.077,4.304
2019-10-22 11:00,0.169,5.466
2019-10-22 12:00,0.290,6.534
2019-10-22 13:00,0.433,7.564
2019-10-22 14:00,0.563,8.460
2019-10-22 15:00,0.663,9.190
2019-10-22 16:00,0.675,9.293
2019-10-22 17:00,0.623,8.892
2019-10-22 18:00,0.506,8.066
2019-10-22 19:00,0.352,7.000
2019-10-22 20:00,0.274,6.412
2019-10-22 21:00,0.207,5.838
2019-10-22 22:00,0.183,5.606
2019-10-22 23:00,0.196,5.737
2019-10-23 00:00,0.221,5.958
2019-10-23 01:00,0.474,7.845
2019-10-23 02:00,0.528,8.214
2019-10-23 03:00,0.481,7.890
2019-10-23 04:00,0.450,7.683
2019-10-23 05:00,0.442,7.624
2019-10-23 06:00,0.452,7.695
2019-10-23 07:00,0.431,7.553
2019-10-23 08:00,0.529,8.223
2019-10-23 09:00,0.741,9.860
2019-10-23 10:00,0.883,11.613
2019-10-23 11:00,0.941,12.920
2019-10-23 12:00,0.929,12.596
2019-10-23 13:00,0.911,12.157
2019-10-23 14:00,0.903,11.984
2019-10-23 15:00,0.904,12.016
2019-10-23 16:00,0.848,11.060
2019-10-23 17:00,0.746,9.908
2019-10-23 18:00,0.696,9.457
2019-10-23 19:00,0.729,9.745
2019-10-23 20:00,0.729,9.745
2019-10-23 21:00,0.617,8.846
2019-10-23 22:00,0.404,7.364
2019-10-23 23:00,0.257,6.275
2019-10-24 00:00,0.215,5.907
2019-10-24 01:00,0.215,5.909
2019-10-24 02:00,0.181,5.592
2019-10-24 03:00,0.210,5.864
2019-10-24 04:00,0.279,6.452
2019-10-24 05:00,0.348,6.964
2019-10-24 06:00,0.390,7.265
2019-10-24 07:00,0.403,7.360
2019-10-24 08:00,0.381,7.209
2019-10-24 09:00,0.285,6.500
2019-10-24 10:00,0.222,5.967
2019-10-24 11:00,0.180,5.569
2019-10-24 12:00,0.123,4.952
2019-10-24 13:00,0.084,4.394
2019-10-24 14:00,0.091,4.515
2019-10-24 15:00,0.068,4.130
2019-10-24 16:00,0.043,3.660
2019-10-24 17:00,0.045,3.691
2019-10-24 18:00,0.043,3.639
2019-10-24 19:00,0.027,3.250
2019-10-24 20:00,0.021,3.051
2019-10-24 21:00,0.038,3.545
2019-10-24 22:00,0.058,3.953
2019-10-24 23:00,0.068,4.130
2019-10-25 00:00,0.047,3.739
2019-10-25 01:00,0.019,2.977
2019-10-25 02:00,0.009,2.506
2019-10-25 03:00,0.004,2.086
2019-10-25 04:00,0.003,1.976
2019-10-25 05:00,0.002,1.885
2019-10-25 06:00,0.002,1.873
2019-10-25 07:00,0.004,2.127
2019-10-25 08:00,0.011,2.653
2019-10-25 09:00,0.021,3.051
2019-10-25 10:00,0.020,3.025
2019-10-25 11:00,0.014,2.764
2019-10-25 12:00,0.005,2.204
2019-10-25 13:00,0.002,1.928
2019-10-25 14:00,0.015,2.828
2019-10-25 15:00,0.098,4.611
2019-10-25 16:00,0.266,6.341
2019-10-25 17:00,0.479,7.874
2019-10-25 18:00,0.625,8.906
2019-10-25 19:00,0.696,9.467
2019-10-25 20:00,0.713,9.614
2019-10-25 21:00,0.692,9.431
2019-10-25 22:00,0.671,9.258
2019-10-25 23:00,0.652,9.116
2019-10-26 00:00,0.548,8.348
2019-10-26 01:00,0.365,7.093
2019-10-26 02:00,0.438,7.597
2019-10-26 03:00,0.569,8.494
2019-10-26 04:00,0.618,8.855
2019-10-26 05:00,0.612,8.814
2019-10-26 06:00,0.569,8.495
2019-10-26 07:00,0.490,7.955
2019-10-26 08:00,0.374,7.151
2019-10-26 09:00,0.342,6.923
2019-10-26 10:00,0.420,7.479
2019-10-26 11:00,0.474,7.843
2019-10-26 12:00,0.453,7.705
2019-10-26 13:00,0.367,7.106
2019-10-26 14:00,0.292,6.555
2019-10-26 15:00,0.263,6.320
2019-10-26 16:00,0.294,6.565
2019-10-26 17:00,0.370,7.129
2019-10-26 18:00,0.456,7.724
2019-10-26 19:00,0.544,8.318
2019-10-26 20:00,0.617,8.848
2019-10-26 21:00,0.640,9.017
2019-10-26 22:00,0.633,8.966
2019-10-26 23:00,0.639,9.008
2019-10-27 00:00,0.577,8.553
2019-10-27 01:00,0.319,6.751
2019-10-27 02:00,0.291,6.543
2019-10-27 03:00,0.607,8.771
2019-10-27 04:00,0.800,10.463
2019-10-27 05:00,0.911,12.156
2019-10-27 06:00,0.959,13.591
2019-10-27 07:00,0.977,14.533
2019-10-27 08:00,0.972,14.220
2019-10-27 09:00,0.944,13.034
2019-10-27 10:00,0.943,12.992
2019-10-27 11:00,0.949,13.217
2019-10-27 12:00,0.954,13.385
2019-10-27 13:00,0.957,13.515
2019-10-27 14:00,0.960,13.644
2019-10-27 15:00,0.955,13.431
2019-10-27 16:00,0.932,12.665
2019-10-27 17:00,0.863,11.290
2019-10-27 18:00,0.834,10.867
2019-10-27 19:00,0.818,10.673
2019-10-27 20:00,0.803,10.492
2019-10-27 21:00,0.797,10.420
2019-10-27 22:00,0.792,10.373
2019-10-27 23:00,0.793,10.389
2019-10-28 00:00,0.645,9.054
2019-10-28 01:00,0.495,7.984
2019-10-28 02:00,0.694,9.447
2019-10-28 03:00,0.828,10.799
2019-10-28 04:00,0.828,10.796
2019-10-28 05:00,0.799,10.445
2019-10-28 06:00,0.748,9.923
2019-10-28 07:00,0.682,9.354
2019-10-28 08:00,0.591,8.651
2019-10-28 09:00,0.416,7.452
2019-10-28 10:00,0.303,6.639
2019-10-28 11:00,0.199,5.761
2019-10-28 12:00,0.102,4.673
2019-10-28 13:00,0.037,3.504
2019-10-28 14:00,0.010,2.546
2019-10-28 15:00,0.008,2.461
2019-10-28 16:00,0.034,3.439
2019-10-28 17:00,0.109,4.768
2019-10-28 18:00,0.229,6.034
2019-10-28 19:00,0.349,6.980
2019-10-28 20:00,0.423,7.499
2019-10-28 21:00,0.436,7.586
2019-10-28 22:00,0.436,7.588
2019-10-28 23:00,0.463,7.768
2019-10-29 00:00,0.460,7.741
2019-10-29 01:00,0.224,5.991
2019-10-29 02:00,0.109,4.765
2019-10-29 03:00,0.130,5.024
2019-10-29 04:00,0.171,5.488
2019-10-29 05:00,0.239,6.121
2019-10-29 06:00,0.311,6.691
2019-10-29 07:00,0.360,7.056
2019-10-29 08:00,0.340,6.909
2019-10-29 09:00,0.345,6.951
2019-10-29 10:00,0.442,7.618
2019-10-29 11:00,0.566,8.479
2019-10-29 12:00,0.681,9.341
2019-10-29 13:00,0.751,9.952
2019-10-29 14:00,0.771,10.145
2019-10-29 15:00,0.788,10.327
2019-10-29 16:00,0.795,10.399
2019-10-29 17:00,0.774,10.181
2019-10-29 18:00,0.729,9.755
2019-10-29 19:00,0.674,9.285
2019-10-29 20:00,0.653,9.118
2019-10-29 21:00,0.695,9.454
2019-10-29 22:00,0.769,10.134
2019-10-29 23:00,0.823,10.734
2019-10-30 00:00,0.734,9.802
2019-10-30 01:00,0.473,7.832
2019-10-30 02:00,0.430,7.549
2019-10-30 03:00,0.541,8.297
2019-10-30 04:00,0.591,8.654
2019-10-30 05:00,0.553,8.388
2019-10-30 06:00,0.490,7.957
2019-10-30 07:00,0.406,7.381
2019-10-30 08:00,0.312,6.703
2019-10-30 09:00,0.239,6.126
2019-10-30 10:00,0.189,5.665
2019-10-30 11:00,0.136,5.104
2019-10-30 12:00,0.090,4.504
2019-10-30 13:00,0.047,3.745
2019-10-30 14:00,0.012,2.688
2019-10-30 15:00,0.002,1.946
2019-10-30 16:00,0.001,1.640
2019-10-30 17:00,0,1.322
2019-10-30 18:00,0.001,1.631
2019-10-30 19:00,0.009,2.539
2019-10-30 20:00,0.031,3.364
2019-10-30 21:00,0.037,3.523
2019-10-30 22:00,0.031,3.356
2019-10-30 23:00,0.024,3.157
2019-10-31 00:00,0.035,3.466
2019-10-31 01:00,0.019,2.991
2019-10-31 02:00,0.010,2.590
2019-10-31 03:00,0.023,3.136
2019-10-31 04:00,0.020,3.036
2019-10-31 05:00,0.029,3.304
2019-10-31 06:00,0.049,3.790
2019-10-31 07:00,0.077,4.298
2019-10-31 08:00,0.113,4.820
2019-10-31 09:00,0.226,6.003
2019-10-31 10:00,0.403,7.357
2019-10-31 11:00,0.524,8.187
2019-10-31 12:00,0.543,8.316
2019-10-31 13:00,0.442,7.628
2019-10-31 14:00,0.269,6.366
2019-10-31 15:00,0.138,5.123
2019-10-31 16:00,0.083,4.380
2019-10-31 17:00,0.063,4.065
2019-10-31 18:00,0.068,4.135
2019-10-31 19:00,0.093,4.534
2019-10-31 20:00,0.125,4.969
2019-10-31 21:00,0.161,5.386
2019-10-31 22:00,0.191,5.690
2019-10-31 23:00,0.214,5.902
2019-11-01 00:00,0.204,5.801
2019-11-01 01:00,0.232,6.059
2019-11-01 02:00,0.302,6.627
2019-11-01 03:00,0.335,6.871
2019-11-01 04:00,0.342,6.917
2019-11-01 05:00,0.348,6.966
2019-11-01 06:00,0.355,7.025
2019-11-01 07:00,0.370,7.118
2019-11-01 08:00,0.368,7.113
2019-11-01 09:00,0.286,6.505
2019-11-01 10:00,0.257,6.267
2019-11-01 11:00,0.221,5.959
2019-11-01 12:00,0.180,5.566
2019-11-01 13:00,0.147,5.225
2019-11-01 14:00,0.176,5.531
2019-11-01 15:00,0.254,6.251
2019-11-01 16:00,0.288,6.525
2019-11-01 17:00,0.254,6.244
2019-11-01 18:00,0.227,6.021
2019-11-01 19:00,0.199,5.762
2019-11-01 20:00,0.165,5.427
2019-11-01 21:00,0.159,5.360
2019-11-01 22:00,0.163,5.400
2019-11-01 23:00,0.156,5.318
2019-11-02 00:00,0.122,4.934
2019-11-02 01:00,0.092,4.527
2019-11-02 02:00,0.070,4.187
2019-11-02 03:00,0.023,3.126
2019-11-02 04:00,0.018,2.943
2019-11-02 05:00,0.016,2.880
2019-11-02 06:00,0.012,2.680
2019-11-02 07:00,0.007,2.359
2019-11-02 08:00,0.003,2.006
2019-11-02 09:00,0.003,2.003
2019-11-02 10:00,0.005,2.262
2019-11-02 11:00,0.009,2.516
2019-11-02 12:00,0.013,2.756
2019-11-02 13:00,0.022,3.071
2019-11-02 14:00,0.033,3.403
2019-11-02 15:00,0.045,3.701
2019-11-02 16:00,0.063,4.066
2019-11-02 17:00,0.096,4.592
2019-11-02 18:00,0.146,5.215
2019-11-02 19:00,0.199,5.761
2019-11-02 20:00,0.237,6.098
2019-11-02 21:00,0.232,6.053
2019-11-02 22:00,0.204,5.813
2019-11-02 23:00,0.187,5.646
2019-11-03 00:00,0.164,5.410
2019-11-03 01:00,0.059,3.968
2019-11-03 02:00,0.060,4.004
2019-11-03 03:00,0.105,4.714
2019-11-03 04:00,0.104,4.692
2019-11-03 05:00,0.093,4.540
2019-11-03 06:00,0.079,4.335
2019-11-03 07:00,0.070,4.189
2019-11-03 08:00,0.071,4.203
2019-11-03 09:00,0.094,4.559
2019-11-03 10:00,0.179,5.561
2019-11-03 11:00,0.314,6.716
2019-11-03 12:00,0.415,7.436
2019-11-03 13:00,0.457,7.731
2019-11-03 14:00,0.466,7.783
2019-11-03 15:00,0.492,7.972
2019-11-03 16:00,0.542,8.300
2019-11-03 17:00,0.570,8.505
2019-11-03 18:00,0.572,8.518
2019-11-03 19:00,0.551,8.376
2019-11-03 20:00,0.525,8.194
2019-11-03 21:00,0.482,7.894
2019-11-03 22:00,0.431,7.550
2019-11-03 23:00,0.388,7.253
2019-11-04 00:00,0.217,5.930
2019-11-04 01:00,0.046,3.727
2019-11-04 02:00,0.010,2.572
2019-11-04 03:00,0.001,1.772
2019-11-04 04:00,0.001,1.658
2019-11-04 05:00,0.001,1.569
2019-11-04 06:00,0.002,1.791
2019-11-04 07:00,0.008,2.465
2019-11-04 08:00,0.036,3.490
2019-11-04 09:00,0.128,5.011
2019-11-04 10:00,0.332,6.846
2019-11-04 11:00,0.534,8.252
2019-11-04 12:00,0.618,8.854
2019-11-04 13:00,0.623,8.890
2019-11-04 14:00,0.594,8.672
2019-11-04 15:00,0.584,8.609
2019-11-04 16:00,0.606,8.764
2019-11-04 17:00,0.648,9.083
2019-11-04 18:00,0.687,9.392
2019-11-04 19:00,0.682,9.351
2019-11-04 20:00,0.645,9.057
2019-11-04 21:00,0.551,8.372
2019-11-04 22:00,0.431,7.556
2019-11-04 23:00,0.325,6.802
2019-11-05 00:00,0.259,6.293
2019-11-05 01:00,0.235,6.080
2019-11-05 02:00,0.237,6.098
2019-11-05 03:00,0.329,6.825
2019-11-05 04:00,0.372,7.137
2019-11-05 05:00,0.347,6.957
2019-11-05 06:00,0.320,6.753
2019-11-05 07:00,0.310,6.686
2019-11-05 08:00,0.302,6.628
2019-11-05 09:00,0.246,6.177
2019-11-05 10:00,0.219,5.943
2019-11-05 11:00,0.191,5.687
2019-11-05 12:00,0.141,5.166
2019-11-05 13:00,0.104,4.697
2019-11-05 14:00,0.085,4.429
2019-11-05 15:00,0.083,4.385
2019-11-05 16:00,0.073,4.230
2019-11-05 17:00,0.056,3.928
2019-11-05 18:00,0.044,3.668
2019-11-05 19:00,0.033,3.412
2019-11-05 20:00,0.024,3.151
2019-11-05 21:00,0.023,3.107
2019-11-05 22:00,0.032,3.368
2019-11-05 23:00,0.043,3.665
2019-11-06 00:00,0.037,3.520
2019-11-06 01:00,0.021,3.065
2019-11-06 02:00,0.024,3.154
2019-11-06 03:00,0.047,3.752
2019-11-06 04:00,0.052,3.846
2019-11-06 05:00,0.059,3.978
2019-11-06 06:00,0.072,4.220
2019-11-06 07:00,0.087,4.461
2019-11-06 08:00,0.095,4.578
2019-11-06 09:00,0.087,4.451
2019-11-06 10:00,0.052,3.851
2019-11-06 11:00,0.020,3.001
2019-11-06 12:00,0.004,2.105
2019-11-06 13:00,0,1.242
2019-11-06 14:00,0,0.638
2019-11-06 15:00,0,0.550
2019-11-06 16:00,0,0.665
2019-11-06 17:00,0,0.869
2019-11-06 18:00,0,1.097
2019-11-06 19:00,0,1.385
2019-11-06 20:00,0.004,2.085
2019-11-06 21:00,0.016,2.863
2019-11-06 22:00,0.037,3.503
2019-11-06 23:00,0.058,3.963
2019-11-07 00:00,0.069,4.172
2019-11-07 01:00,0.033,3.422
2019-11-07 02:00,0.032,3.367
2019-11-07 03:00,0.021,3.036
2019-11-07 04:00,0.014,2.769
2019-11-07 05:00,0.011,2.637
2019-11-07 06:00,0.009,2.517
2019-11-07 07:00,0.008,2.448
2019-11-07 08:00,0.007,2.426
2019-11-07 09:00,0.012,2.692
2019-11-07 10:00,0.025,3.172
2019-11-07 11:00,0.049,3.781
2019-11-07 12:00,0.080,4.339
2019-11-07 13:00,0.117,4.864
2019-11-07 14:00,0.169,5.454
2019-11-07 15:00,0.242,6.146
2019-11-07 16:00,0.330,6.837
2019-11-07 17:00,0.420,7.476
2019-11-07 18:00,0.500,8.020
2019-11-07 19:00,0.549,8.362
2019-11-07 20:00,0.527,8.206
2019-11-07 21:00,0.425,7.505
2019-11-07 22:00,0.290,6.540
2019-11-07 23:00,0.203,5.794
2019-11-08 00:00,0.172,5.501
2019-11-08 01:00,0.164,5.418
2019-11-08 02:00,0.135,5.095
2019-11-08 03:00,0.109,4.767
2019-11-08 04:00,0.085,4.417
2019-11-08 05:00,0.062,4.029
2019-11-08 06:00,0.043,3.648
2019-11-08 07:00,0.029,3.305
2019-11-08 08:00,0.032,3.384
2019-11-08 09:00,0.073,4.230
2019-11-08 10:00,0.210,5.870
2019-11-08 11:00,0.409,7.390
2019-11-08 12:00,0.502,8.037
2019-11-08 13:00,0.463,7.764
2019-11-08 14:00,0.404,7.364
2019-11-08 15:00,0.356,7.032
2019-11-08 16:00,0.302,6.632
2019-11-08 17:00,0.261,6.302
2019-11-08 18:00,0.227,6.015
2019-11-08 19:00,0.173,5.507
2019-11-08 20:00,0.149,5.247
2019-11-08 21:00,0.173,5.506
2019-11-08 22:00,0.152,5.277
2019-11-08 23:00,0.133,5.055
2019-11-09 00:00,0.155,5.304
2019-11-09 01:00,0.305,6.650
2019-11-09 02:00,0.584,8.610
2019-11-09 03:00,0.822,10.717
2019-11-09 04:00,0.933,12.711
2019-11-09 05:00,0.978,14.612
2019-11-09 06:00,0.983,15.034
2019-11-09 07:00,0.976,14.483
2019-11-09 08:00,0.990,15.835
2019-11-09 09:00,0.993,16.510
2019-11-09 10:00,0.993,16.734
2019-11-09 11:00,0.991,16.014
2019-11-09 12:00,0.987,15.403
2019-11-09 13:00,0.980,14.737
2019-11-09 14:00,0.958,13.547
2019-11-09 15:00,0.915,12.247
2019-11-09 16:00,0.905,12.025
2019-11-09 17:00,0.905,12.038
2019-11-09 18:00,0.906,12.068
2019-11-09 19:00,0.907,12.087
2019-11-09 20:00,0.904,12.019
2019-11-09 21:00,0.889,11.722
2019-11-09 22:00,0.878,11.515
2019-11-09 23:00,0.875,11.472
2019-11-10 00:00,0.817,10.654
2019-11-10 01:00,0.665,9.215
2019-11-10 02:00,0.765,10.089
2019-11-10 03:00,0.909,12.121
2019-11-10 04:00,0.936,12.790
2019-11-10 05:00,0.932,12.665
2019-11-10 06:00,0.912,12.176
2019-11-10 07:00,0.875,11.477
2019-11-10 08:00,0.791,10.353
2019-11-10 09:00,0.638,9.001
2019-11-10 10:00,0.542,8.303
2019-11-10 11:00,0.403,7.359
2019-11-10 12:00,0.285,6.494
2019-11-10 13:00,0.181,5.576
2019-11-10 14:00,0.096,4.589
2019-11-10 15:00,0.063,4.052
2019-11-10 16:00,0.064,4.085
2019-11-10 17:00,0.078,4.320
2019-11-10 18:00,0.087,4.454
2019-11-10 19:00,0.087,4.459
2019-11-10 20:00,0.087,4.454
2019-11-10 21:00,0.099,4.627
2019-11-10 22:00,0.139,5.136
2019-11-10 23:00,0.185,5.627
2019-11-11 00:00,0.216,5.921
2019-11-11 01:00,0.186,5.634
2019-11-11 02:00,0.077,4.299
2019-11-11 03:00,0.022,3.104
2019-11-11 04:00,0.047,3.741
2019-11-11 05:00,0.110,4.776
2019-11-11 06:00,0.109,4.768
2019-11-11 07:00,0.105,4.714
2019-11-11 08:00,0.074,4.247
2019-11-11 09:00,0.033,3.414
2019-11-11 10:00,0.027,3.229
2019-11-11 11:00,0.034,3.440
2019-11-11 12:00,0.050,3.805
2019-11-11 13:00,0.074,4.248
2019-11-11 14:00,0.131,5.030
2019-11-11 15:00,0.242,6.145
2019-11-11 16:00,0.360,7.060
2019-11-11 17:00,0.465,7.777
2019-11-11 18:00,0.516,8.133
2019-11-11 19:00,0.504,8.045
2019-11-11 20:00,0.466,7.786
2019-11-11 21:00,0.373,7.142
2019-11-11 22:00,0.283,6.474
2019-11-11 23:00,0.296,6.575
2019-11-12 00:00,0.338,6.899
2019-11-12 01:00,0.247,6.186
2019-11-12 02:00,0.207,5.839
2019-11-12 03:00,0.520,8.155
2019-11-12 04:00,0.628,8.923
2019-11-12 05:00,0.526,8.201
2019-11-12 06:00,0.387,7.239
2019-11-12 07:00,0.311,6.693
2019-11-12 08:00,0.322,6.782
2019-11-12 09:00,0.393,7.279
2019-11-12 10:00,0.473,7.830
2019-11-12 11:00,0.517,8.138
2019-11-12 12:00,0.635,8.979
2019-11-12 13:00,0.752,9.966
2019-11-12 14:00,0.825,10.754
2019-11-12 15:00,0.845,11.012
2019-11-12 16:00,0.825,10.753
2019-11-12 17:00,0.770,10.142
2019-11-12 18:00,0.772,10.161
2019-11-12 19:00,0.772,10.156
2019-11-12 20:00,0.746,9.910
2019-11-12 21:00,0.707,9.561
2019-11-12 22:00,0.693,9.435
2019-11-12 23:00,0.673,9.282
2019-11-13 00:00,0.541,8.297
2019-11-13 01:00,0.684,9.365
2019-11-13 02:00,0.854,11.146
2019-11-13 03:00,0.936,12.804
2019-11-13 04:00,0.970,14.115
2019-11-13 05:00,0.984,15.109
2019-11-13 06:00,0.990,15.800
2019-11-13 07:00,0.991,16.001
2019-11-13 08:00,0.981,14.837
2019-11-13 09:00,0.929,12.611
2019-11-13 10:00,0.853,11.141
2019-11-13 11:00,0.811,10.578
2019-11-13 12:00,0.799,10.450
2019-11-13 13:00,0.820,10.699
2019-11-13 14:00,0.853,11.139
2019-11-13 15:00,0.884,11.638
2019-11-13 16:00,0.900,11.918
2019-11-13 17:00,0.904,12.022
2019-11-13 18:00,0.904,12.017
2019-11-13 19:00,0.904,12.022
2019-11-13 20:00,0.910,12.134
2019-11-13 21:00,0.904,12.019
2019-11-13 22:00,0.907,12.083
2019-11-13 23:00,0.912,12.172
2019-11-14 00:00,0.886,11.652
2019-11-14 01:00,0.721,9.669
2019-11-14 02:00,0.624,8.897
2019-11-14 03:00,0.887,11.686
2019-11-14 04:00,0.930,12.638
2019-11-14 05:00,0.929,12.597
2019-11-14 06:00,0.913,12.214
2019-11-14 07:00,0.878,11.509
2019-11-14 08:00,0.723,9.694
2019-11-14 09:00,0.650,9.099
2019-11-14 10:00,0.612,8.810
2019-11-14 11:00,0.519,8.148
2019-11-14 12:00,0.400,7.331
2019-11-14 13:00,0.309,6.676
2019-11-14 14:00,0.313,6.707
2019-11-14 15:00,0.408,7.388
2019-11-14 16:00,0.459,7.737
2019-11-14 17:00,0.491,7.959
2019-11-14 18:00,0.492,7.972
2019-11-14 19:00,0.526,8.202
2019-11-14 20:00,0.591,8.656
2019-11-14 21:00,0.630,8.942
2019-11-14 22:00,0.669,9.238
2019-11-14 23:00,0.726,9.729
2019-11-15 00:00,0.739,9.830
2019-11-15 01:00,0.542,8.307
2019-11-15 02:00,0.526,8.200
2019-11-15 03:00,0.681,9.345
2019-11-15 04:00,0.779,10.236
2019-11-15 05:00,0.833,10.859
2019-11-15 06:00,0.816,10.643
2019-11-15 07:00,0.729,9.740
2019-11-15 08:00,0.510,8.083
2019-11-15 09:00,0.377,7.174
2019-11-15 10:00,0.259,6.289
2019-11-15 11:00,0.158,5.356
2019-11-15 12:00,0.127,4.996
2019-11-15 13:00,0.147,5.226
2019-11-15 14:00,0.162,5.390
2019-11-15 15:00,0.169,5.463
2019-11-15 16:00,0.171,5.492
2019-11-15 17:00,0.169,5.463
2019-11-15 18:00,0.149,5.252
2019-11-15 19:00,0.127,4.990
2019-11-15 20:00,0.150,5.266
2019-11-15 21:00,0.239,6.125
2019-11-15 22:00,0.408,7.389
2019-11-15 23:00,0.615,8.828
2019-11-16 00:00,0.656,9.144
2019-11-16 01:00,0.411,7.413
2019-11-16 02:00,0.135,5.089
2019-11-16 03:00,0.143,5.189
2019-11-16 04:00,0.420,7.477
2019-11-16 05:00,0.348,6.969
2019-11-16 06:00,0.224,5.986
2019-11-16 07:00,0.137,5.111
2019-11-16 08:00,0.142,5.177
2019-11-16 09:00,0.300,6.613
2019-11-16 10:00,0.577,8.554
2019-11-16 11:00,0.777,10.215
2019-11-16 12:00,0.853,11.134
2019-11-16 13:00,0.883,11.601
2019-11-16 14:00,0.867,11.346
2019-11-16 15:00,0.826,10.762
2019-11-16 16:00,0.837,10.921
2019-11-16 17:00,0.891,11.754
2019-11-16 18:00,0.898,11.894
2019-11-16 19:00,0.887,11.681
2019-11-16 20:00,0.901,11.948
2019-11-16 21:00,0.901,11.940
2019-11-16 22:00,0.900,11.930
2019-11-16 23:00,0.894,11.810
2019-11-17 00:00,0.882,11.584
2019-11-17 01:00,0.917,12.313
2019-11-17 02:00,0.965,13.852
2019-11-17 03:00,0.985,15.171
2019-11-17 04:00,0.992,16.307
2019-11-17 05:00,0.993,17.071
2019-11-17 06:00,0.992,17.428
2019-11-17 07:00,0.993,17.102
2019-11-17 08:00,0.991,16.022
2019-11-17 09:00,0.970,14.119
2019-11-17 10:00,0.915,12.265
2019-11-17 11:00,0.798,10.438
2019-11-17 12:00,0.546,8.332
2019-11-17 13:00,0.303,6.635
2019-11-17 14:00,0.130,5.029
2019-11-17 15:00,0.051,3.835
2019-11-17 16:00,0.033,3.406
2019-11-17 17:00,0.036,3.474
2019-11-17 18:00,0.059,3.977
2019-11-17 19:00,0.097,4.595
2019-11-17 20:00,0.140,5.153
2019-11-17 21:00,0.174,5.513
2019-11-17 22:00,0.184,5.622
2019-11-17 23:00,0.179,5.560
2019-11-18 00:00,0.148,5.237
2019-11-18 01:00,0.244,6.163
2019-11-18 02:00,0.514,8.116
2019-11-18 03:00,0.673,9.281
2019-11-18 04:00,0.760,10.046
2019-11-18 05:00,0.788,10.325
2019-11-18 06:00,0.772,10.159
2019-11-18 07:00,0.719,9.655
2019-11-18 08:00,0.542,8.300
2019-11-18 09:00,0.480,7.888
2019-11-18 10:00,0.436,7.580
2019-11-18 11:00,0.333,6.862
2019-11-18 12:00,0.198,5.751
2019-11-18 13:00,0.088,4.466
2019-11-18 14:00,0.026,3.196
2019-11-18 15:00,0.009,2.496
2019-11-18 16:00,0.008,2.437
2019-11-18 17:00,0.013,2.739
2019-11-18 18:00,0.019,2.962
2019-11-18 19:00,0.022,3.099
2019-11-18 20:00,0.027,3.234
2019-11-18 21:00,0.032,3.384
2019-11-18 22:00,0.046,3.722
2019-11-18 23:00,0.076,4.274
2019-11-19 00:00,0.129,5.018
2019-11-19 01:00,0.121,4.920
2019-11-19 02:00,0.124,4.965
2019-11-19 03:00,0.179,5.555
2019-11-19 04:00,0.130,5.026
2019-11-19 05:00,0.060,3.998
2019-11-19 06:00,0.028,3.263
2019-11-19 07:00,0.027,3.230
2019-11-19 08:00,0.043,3.659
2019-11-19 09:00,0.032,3.369
2019-11-19 10:00,0.008,2.463
2019-11-19 11:00,0.001,1.531
2019-11-19 12:00,0.001,1.598
2019-11-19 13:00,0.008,2.456
2019-11-19 14:00,0.059,3.970
2019-11-19 15:00,0.188,5.653
2019-11-19 16:00,0.387,7.238
2019-11-19 17:00,0.487,7.936
2019-11-19 18:00,0.476,7.860
2019-11-19 19:00,0.444,7.637
2019-11-19 20:00,0.384,7.229
2019-11-19 21:00,0.309,6.681
2019-11-19 22:00,0.240,6.132
2019-11-19 23:00,0.169,5.458
2019-11-20 00:00,0.106,4.723
2019-11-20 01:00,0.056,3.920
2019-11-20 02:00,0.037,3.498
2019-11-20 03:00,0.031,3.361
2019-11-20 04:00,0.034,3.434
2019-11-20 05:00,0.032,3.375
2019-11-20 06:00,0.025,3.176
2019-11-20 07:00,0.017,2.907
2019-11-20 08:00,0.010,2.604
2019-11-20 09:00,0.020,3.016
2019-11-20 10:00,0.085,4.413
2019-11-20 11:00,0.197,5.748
2019-11-20 12:00,0.322,6.784
2019-11-20 13:00,0.446,7.644
2019-11-20 14:00,0.541,8.299
2019-11-20 15:00,0.581,8.575
2019-11-20 16:00,0.552,8.383
2019-11-20 17:00,0.442,7.619
2019-11-20 18:00,0.363,7.074
2019-11-20 19:00,0.315,6.725
2019-11-20 20:00,0.276,6.426
2019-11-20 21:00,0.214,5.901
2019-11-20 22:00,0.156,5.319
2019-11-20 23:00,0.128,5.004
2019-11-21 00:00,0.097,4.606
2019-11-21 01:00,0.061,4.023
2019-11-21 02:00,0.059,3.972
2019-11-21 03:00,0.109,4.764
2019-11-21 04:00,0.197,5.747
2019-11-21 05:00,0.283,6.478
2019-11-21 06:00,0.426,7.515
2019-11-21 07:00,0.583,8.598
2019-11-21 08:00,0.741,9.859
2019-11-21 09:00,0.886,11.649
2019-11-21 10:00,0.939,12.884
2019-11-21 11:00,0.946,13.099
2019-11-21 12:00,0.935,12.763
2019-11-21 13:00,0.915,12.255
2019-11-21 14:00,0.894,11.823
2019-11-21 15:00,0.875,11.480
2019-11-21 16:00,0.871,11.416
2019-11-21 17:00,0.847,11.056
2019-11-21 18:00,0.820,10.703
2019-11-21 19:00,0.808,10.554
2019-11-21 20:00,0.855,11.172
2019-11-21 21:00,0.892,11.769
2019-11-21 22:00,0.906,12.054
2019-11-21 23:00,0.885,11.643
2019-11-22 00:00,0.843,11.000
2019-11-22 01:00,0.830,10.824
2019-11-22 02:00,0.886,11.654
2019-11-22 03:00,0.938,12.866
2019-11-22 04:00,0.922,12.421
2019-11-22 05:00,0.827,10.786
2019-11-22 06:00,0.782,10.270
2019-11-22 07:00,0.765,10.088
2019-11-22 08:00,0.736,9.819
2019-11-22 09:00,0.809,10.563
2019-11-22 10:00,0.826,10.760
2019-11-22 11:00,0.735,9.807
2019-11-22 12:00,0.609,8.780
2019-11-22 13:00,0.486,7.925
2019-11-22 14:00,0.419,7.473
2019-11-22 15:00,0.466,7.786
2019-11-22 16:00,0.546,8.334
2019-11-22 17:00,0.513,8.100
2019-11-22 18:00,0.345,6.941
2019-11-22 19:00,0.248,6.189
2019-11-22 20:00,0.233,6.068
2019-11-22 21:00,0.181,5.586
2019-11-22 22:00,0.105,4.717
2019-11-22 23:00,0.069,4.156
2019-11-23 00:00,0.046,3.714
2019-11-23 01:00,0.022,3.100
2019-11-23 02:00,0.031,3.352
2019-11-23 03:00,0.006,2.294
2019-11-23 04:00,0.015,2.838
2019-11-23 05:00,0.138,5.132
2019-11-23 06:00,0.451,7.689
2019-11-23 07:00,0.762,10.060
2019-11-23 08:00,0.904,12.013
2019-11-23 09:00,0.905,12.024
2019-11-23 10:00,0.842,10.976
2019-11-23 11:00,0.691,9.419
2019-11-23 12:00,0.483,7.897
2019-11-23 13:00,0.335,6.879
2019-11-23 14:00,0.351,6.986
2019-11-23 15:00,0.468,7.803
2019-11-23 16:00,0.592,8.662
2019-11-23 17:00,0.646,9.063
2019-11-23 18:00,0.700,9.494
2019-11-23 19:00,0.697,9.476
2019-11-23 20:00,0.666,9.226
2019-11-23 21:00,0.539,8.281
2019-11-23 22:00,0.335,6.874
2019-11-23 23:00,0.203,5.791
2019-11-24 00:00,0.127,4.991
2019-11-24 01:00,0.078,4.310
2019-11-24 02:00,0.063,4.066
2019-11-24 03:00,0.069,4.158
2019-11-24 04:00,0.077,4.294
2019-11-24 05:00,0.103,4.685
2019-11-24 06:00,0.118,4.869
2019-11-24 07:00,0.087,4.449
2019-11-24 08:00,0.058,3.952
2019-11-24 09:00,0.069,4.150
2019-11-24 10:00,0.116,4.857
2019-11-24 11:00,0.141,5.159
2019-11-24 12:00,0.161,5.388
2019-11-24 13:00,0.202,5.782
2019-11-24 14:00,0.240,6.130
2019-11-24 15:00,0.269,6.364
2019-11-24 16:00,0.284,6.482
2019-11-24 17:00,0.303,6.637
2019-11-24 18:00,0.331,6.845
2019-11-24 19:00,0.380,7.192
2019-11-24 20:00,0.450,7.680
2019-11-24 21:00,0.504,8.046
2019-11-24 22:00,0.582,8.593
2019-11-24 23:00,0.613,8.820
2019-11-25 00:00,0.591,8.648
2019-11-25 01:00,0.692,9.423
2019-11-25 02:00,0.744,9.888
2019-11-25 03:00,0.753,9.981
2019-11-25 04:00,0.770,10.140
2019-11-25 05:00,0.756,10.001
2019-11-25 06:00,0.715,9.632
2019-11-25 07:00,0.686,9.387
2019-11-25 08:00,0.633,8.971
2019-11-25 09:00,0.631,8.956
2019-11-25 10:00,0.697,9.478
2019-11-25 11:00,0.704,9.538
2019-11-25 12:00,0.689,9.404
2019-11-25 13:00,0.676,9.302
2019-11-25 14:00,0.658,9.149
2019-11-25 15:00,0.651,9.105
2019-11-25 16:00,0.655,9.138
2019-11-25 17:00,0.659,9.162
2019-11-25 18:00,0.651,9.103
2019-11-25 19:00,0.624,8.893
2019-11-25 20:00,0.586,8.626
2019-11-25 21:00,0.536,8.267
2019-11-25 22:00,0.475,7.848
2019-11-25 23:00,0.380,7.202
2019-11-26 00:00,0.229,6.029
2019-11-26 01:00,0.091,4.509
2019-11-26 02:00,0.046,3.709
2019-11-26 03:00,0.020,3.023
2019-11-26 04:00,0.016,2.854
2019-11-26 05:00,0.023,3.112
2019-11-26 06:00,0.049,3.789
2019-11-26 07:00,0.102,4.658
2019-11-26 08:00,0.173,5.507
2019-11-26 09:00,0.263,6.320
2019-11-26 10:00,0.297,6.592
2019-11-26 11:00,0.285,6.488
2019-11-26 12:00,0.232,6.063
2019-11-26 13:00,0.169,5.452
2019-11-26 14:00,0.124,4.957
2019-11-26 15:00,0.101,4.647
2019-11-26 16:00,0.081,4.355
2019-11-26 17:00,0.063,4.049
2019-11-26 18:00,0.065,4.102
2019-11-26 19:00,0.068,4.138
2019-11-26 20:00,0.031,3.359
2019-11-26 21:00,0.019,2.994
2019-11-26 22:00,0.035,3.449
2019-11-26 23:00,0.074,4.250
2019-11-27 00:00,0.061,4.015
2019-11-27 01:00,0.014,2.773
2019-11-27 02:00,0.008,2.448
2019-11-27 03:00,0.013,2.726
2019-11-27 04:00,0.028,3.265
2019-11-27 05:00,0.032,3.386
2019-11-27 06:00,0.031,3.352
2019-11-27 07:00,0.038,3.540
2019-11-27 08:00,0.065,4.100
2019-11-27 09:00,0.158,5.355
2019-11-27 10:00,0.317,6.733
2019-11-27 11:00,0.485,7.917
2019-11-27 12:00,0.640,9.016
2019-11-27 13:00,0.689,9.405
2019-11-27 14:00,0.700,9.497
2019-11-27 15:00,0.705,9.546
2019-11-27 16:00,0.692,9.429
2019-11-27 17:00,0.647,9.078
2019-11-27 18:00,0.620,8.871
2019-11-27 19:00,0.616,8.837
2019-11-27 20:00,0.619,8.865
2019-11-27 21:00,0.602,8.735
2019-11-27 22:00,0.591,8.654
2019-11-27 23:00,0.601,8.728
2019-11-28 00:00,0.577,8.557
2019-11-28 01:00,0.553,8.386
2019-11-28 02:00,0.711,9.594
2019-11-28 03:00,0.762,10.063
2019-11-28 04:00,0.765,10.081
2019-11-28 05:00,0.759,10.035
2019-11-28 06:00,0.767,10.114
2019-11-28 07:00,0.771,10.147
2019-11-28 08:00,0.727,9.734
2019-11-28 09:00,0.679,9.329
2019-11-28 10:00,0.713,9.611
2019-11-28 11:00,0.723,9.697
2019-11-28 12:00,0.702,9.513
2019-11-28 13:00,0.673,9.281
2019-11-28 14:00,0.624,8.893
2019-11-28 15:00,0.591,8.659
2019-11-28 16:00,0.588,8.634
2019-11-28 17:00,0.585,8.615
2019-11-28 18:00,0.648,9.082
2019-11-28 19:00,0.621,8.875
2019-11-28 20:00,0.612,8.808
2019-11-28 21:00,0.621,8.874
2019-11-28 22:00,0.643,9.032
2019-11-28 23:00,0.692,9.433
2019-11-29 00:00,0.653,9.122
2019-11-29 01:00,0.535,8.258
2019-11-29 02:00,0.612,8.800
2019-11-29 03:00,0.676,9.303
2019-11-29 04:00,0.752,9.968
2019-11-29 05:00,0.777,10.219
2019-11-29 06:00,0.767,10.105
2019-11-29 07:00,0.773,10.166
2019-11-29 08:00,0.728,9.739
2019-11-29 09:00,0.601,8.728
2019-11-29 10:00,0.463,7.764
2019-11-29 11:00,0.387,7.238
2019-11-29 12:00,0.335,6.876
2019-11-29 13:00,0.321,6.760
2019-11-29 14:00,0.314,6.717
2019-11-29 15:00,0.325,6.803
2019-11-29 16:00,0.360,7.058
2019-11-29 17:00,0.365,7.088
2019-11-29 18:00,0.291,6.542
2019-11-29 19:00,0.220,5.951
2019-11-29 20:00,0.188,5.658
2019-11-29 21:00,0.169,5.471
2019-11-29 22:00,0.161,5.382
2019-11-29 23:00,0.157,5.342
2019-11-30 00:00,0.142,5.172
2019-11-30 01:00,0.129,5.022
2019-11-30 02:00,0.106,4.726
2019-11-30 03:00,0.109,4.767
2019-11-30 04:00,0.156,5.323
2019-11-30 05:00,0.213,5.888
2019-11-30 06:00,0.262,6.317
2019-11-30 07:00,0.279,6.444
2019-11-30 08:00,0.281,6.463
2019-11-30 09:00,0.223,5.971
2019-11-30 10:00,0.145,5.211
2019-11-30 11:00,0.094,4.563
2019-11-30 12:00,0.100,4.629
2019-11-30 13:00,0.146,5.215
2019-11-30 14:00,0.232,6.055
2019-11-30 15:00,0.314,6.716
2019-11-30 16:00,0.408,7.386
2019-11-30 17:00,0.491,7.965
2019-11-30 18:00,0.539,8.290
2019-11-30 19:00,0.583,8.599
2019-11-30 20:00,0.615,8.827
2019-11-30 21:00,0.606,8.758
2019-11-30 22:00,0.596,8.689
2019-11-30 23:00,0.621,8.877
2019-12-01 00:00,0.625,8.897
2019-12-01 01:00,0.433,7.567
2019-12-01 02:00,0.649,9.089
2019-12-01 03:00,0.858,11.217
2019-12-01 04:00,0.936,12.789
2019-12-01 05:00,0.959,13.604
2019-12-01 06:00,0.963,13.746
2019-12-01 07:00,0.957,13.510
2019-12-01 08:00,0.938,12.852
2019-12-01 09:00,0.855,11.165
2019-12-01 10:00,0.703,9.529
2019-12-01 11:00,0.530,8.229
2019-12-01 12:00,0.403,7.355
2019-12-01 13:00,0.281,6.460
2019-12-01 14:00,0.157,5.338
2019-12-01 15:00,0.087,4.448
2019-12-01 16:00,0.053,3.863
2019-12-01 17:00,0.043,3.653
2019-12-01 18:00,0.061,4.023
2019-12-01 19:00,0.156,5.321
2019-12-01 20:00,0.345,6.950
2019-12-01 21:00,0.516,8.131
2019-12-01 22:00,0.617,8.850
2019-12-01 23:00,0.655,9.134
2019-12-02 00:00,0.606,8.769
2019-12-02 01:00,0.358,7.042
2019-12-02 02:00,0.460,7.742
2019-12-02 03:00,0.518,8.143
2019-12-02 04:00,0.554,8.392
2019-12-02 05:00,0.562,8.451
2019-12-02 06:00,0.535,8.256
2019-12-02 07:00,0.473,7.830
2019-12-02 08:00,0.377,7.178
2019-12-02 09:00,0.261,6.308
2019-12-02 10:00,0.212,5.888
2019-12-02 11:00,0.208,5.844
2019-12-02 12:00,0.231,6.046
2019-12-02 13:00,0.275,6.414
2019-12-02 14:00,0.338,6.895
2019-12-02 15:00,0.450,7.675
2019-12-02 16:00,0.584,8.611
2019-12-02 17:00,0.682,9.355
2019-12-02 18:00,0.727,9.735
2019-12-02 19:00,0.746,9.899
2019-12-02 20:00,0.754,9.984
2019-12-02 21:00,0.739,9.830
2019-12-02 22:00,0.723,9.699
2019-12-02 23:00,0.722,9.684
2019-12-03 00:00,0.699,9.485
2019-12-03 01:00,0.465,7.776
2019-12-03 02:00,0.323,6.791
2019-12-03 03:00,0.559,8.430
2019-12-03 04:00,0.710,9.585
2019-12-03 05:00,0.753,9.975
2019-12-03 06:00,0.747,9.916
2019-12-03 07:00,0.703,9.525
2019-12-03 08:00,0.600,8.722
2019-12-03 09:00,0.647,9.074
2019-12-03 10:00,0.738,9.827
2019-12-03 11:00,0.775,10.198
2019-12-03 12:00,0.760,10.040
2019-12-03 13:00,0.700,9.494
2019-12-03 14:00,0.679,9.328
2019-12-03 15:00,0.659,9.165
2019-12-03 16:00,0.646,9.066
2019-12-03 17:00,0.638,9.005
2019-12-03 18:00,0.606,8.761
2019-12-03 19:00,0.564,8.467
2019-12-03 20:00,0.553,8.389
2019-12-03 21:00,0.544,8.317
2019-12-03 22:00,0.544,8.319
2019-12-03 23:00,0.560,8.434
2019-12-04 00:00,0.550,8.368
2019-12-04 01:00,0.330,6.831
2019-12-04 02:00,0.222,5.968
2019-12-04 03:00,0.362,7.071
2019-12-04 04:00,0.546,8.333
2019-12-04 05:00,0.643,9.031
2019-12-04 06:00,0.666,9.226
2019-12-04 07:00,0.642,9.028
2019-12-04 08:00,0.502,8.030
2019-12-04 09:00,0.315,6.724
2019-12-04 10:00,0.187,5.652
2019-12-04 11:00,0.110,4.773
2019-12-04 12:00,0.076,4.276
2019-12-04 13:00,0.071,4.202
2019-12-04 14:00,0.086,4.440
2019-12-04 15:00,0.139,5.136
2019-12-04 16:00,0.206,5.831
2019-12-04 17:00,0.238,6.104
2019-12-04 18:00,0.233,6.067
2019-12-04 19:00,0.214,5.905
2019-12-04 20:00,0.183,5.609
2019-12-04 21:00,0.128,5.008
2019-12-04 22:00,0.073,4.239
2019-12-04 23:00,0.037,3.519
2019-12-05 00:00,0.018,2.930
2019-12-05 01:00,0.006,2.326
2019-12-05 02:00,0.001,1.773
2019-12-05 03:00,0.003,2.034
2019-12-05 04:00,0.023,3.123
2019-12-05 05:00,0.055,3.891
2019-12-05 06:00,0.069,4.147
2019-12-05 07:00,0.062,4.027
2019-12-05 08:00,0.042,3.620
2019-12-05 09:00,0.023,3.127
2019-12-05 10:00,0.012,2.682
2019-12-05 11:00,0.012,2.697
2019-12-05 12:00,0.025,3.175
2019-12-05 13:00,0.051,3.818
2019-12-05 14:00,0.094,4.553
2019-12-05 15:00,0.147,5.234
2019-12-05 16:00,0.200,5.774
2019-12-05 17:00,0.247,6.185
2019-12-05 18:00,0.281,6.465
2019-12-05 19:00,0.299,6.610
2019-12-05 20:00,0.308,6.670
2019-12-05 21:00,0.314,6.714
2019-12-05 22:00,0.335,6.874
2019-12-05 23:00,0.375,7.161
2019-12-06 00:00,0.410,7.409
2019-12-06 01:00,0.254,6.248
2019-12-06 02:00,0.097,4.595
2019-12-06 03:00,0.072,4.213
2019-12-06 04:00,0.062,4.032
2019-12-06 05:00,0.042,3.631
2019-12-06 06:00,0.021,3.068
2019-12-06 07:00,0.007,2.361
2019-12-06 08:00,0.001,1.674
2019-12-06 09:00,0.014,2.788
2019-12-06 10:00,0.055,3.909
2019-12-06 11:00,0.103,4.687
2019-12-06 12:00,0.151,5.271
2019-12-06 13:00,0.208,5.846
2019-12-06 14:00,0.264,6.323
2019-12-06 15:00,0.294,6.570
2019-12-06 16:00,0.296,6.577
2019-12-06 17:00,0.270,6.375
2019-12-06 18:00,0.227,6.016
2019-12-06 19:00,0.181,5.576
2019-12-06 20:00,0.130,5.024
2019-12-06 21:00,0.096,4.580
2019-12-06 22:00,0.085,4.422
2019-12-06 23:00,0.086,4.438
2019-12-07 00:00,0.105,4.715
2019-12-07 01:00,0.085,4.424
2019-12-07 02:00,0.056,3.935
2019-12-07 03:00,0.072,4.215
2019-12-07 04:00,0.131,5.040
2019-12-07 05:00,0.221,5.960
2019-12-07 06:00,0.306,6.660
2019-12-07 07:00,0.365,7.085
2019-12-07 08:00,0.391,7.271
2019-12-07 09:00,0.417,7.458
2019-12-07 10:00,0.431,7.551
2019-12-07 11:00,0.506,8.063
2019-12-07 12:00,0.619,8.861
2019-12-07 13:00,0.699,9.485
2019-12-07 14:00,0.736,9.816
2019-12-07 15:00,0.771,10.147
2019-12-07 16:00,0.779,10.236
2019-12-07 17:00,0.778,10.223
2019-12-07 18:00,0.785,10.295
2019-12-07 19:00,0.797,10.424
2019-12-07 20:00,0.813,10.611
2019-12-07 21:00,0.810,10.576
2019-12-07 22:00,0.822,10.719
2019-12-07 23:00,0.841,10.973
2019-12-08 00:00,0.842,10.984
2019-12-08 01:00,0.721,9.673
2019-12-08 02:00,0.688,9.397
2019-12-08 03:00,0.863,11.292
2019-12-08 04:00,0.915,12.261
2019-12-08 05:00,0.938,12.865
2019-12-08 06:00,0.945,13.072
2019-12-08 07:00,0.933,12.710
2019-12-08 08:00,0.863,11.289
2019-12-08 09:00,0.807,10.540
2019-12-08 10:00,0.808,10.552
2019-12-08 11:00,0.805,10.521
2019-12-08 12:00,0.824,10.744
2019-12-08 13:00,0.850,11.091
2019-12-08 14:00,0.866,11.326
2019-12-08 15:00,0.867,11.346
2019-12-08 16:00,0.858,11.204
2019-12-08 17:00,0.845,11.016
2019-12-08 18:00,0.837,10.909
2019-12-08 19:00,0.839,10.946
2019-12-08 20:00,0.847,11.045
2019-12-08 21:00,0.845,11.021
2019-12-08 22:00,0.850,11.083
2019-12-08 23:00,0.860,11.235
2019-12-09 00:00,0.857,11.195
2019-12-09 01:00,0.725,9.715
2019-12-09 02:00,0.665,9.215
2019-12-09 03:00,0.772,10.152
2019-12-09 04:00,0.825,10.756
2019-12-09 05:00,0.860,11.238
2019-12-09 06:00,0.876,11.487
2019-12-09 07:00,0.855,11.161
2019-12-09 08:00,0.777,10.210
2019-12-09 09:00,0.829,10.810
2019-12-09 10:00,0.882,11.594
2019-12-09 11:00,0.899,11.912
2019-12-09 12:00,0.905,12.037
2019-12-09 13:00,0.908,12.106
2019-12-09 14:00,0.905,12.047
2019-12-09 15:00,0.894,11.811
2019-12-09 16:00,0.868,11.352
2019-12-09 17:00,0.829,10.811
2019-12-09 18:00,0.786,10.311
2019-12-09 19:00,0.745,9.896
2019-12-09 20:00,0.697,9.474
2019-12-09 21:00,0.631,8.954
2019-12-09 22:00,0.569,8.499
2019-12-09 23:00,0.502,8.029
2019-12-10 00:00,0.393,7.288
2019-12-10 01:00,0.153,5.291
2019-12-10 02:00,0.038,3.529
2019-12-10 03:00,0.059,3.980
2019-12-10 04:00,0.109,4.766
2019-12-10 05:00,0.118,4.878
2019-12-10 06:00,0.108,4.748
2019-12-10 07:00,0.092,4.524
2019-12-10 08:00,0.080,4.347
2019-12-10 09:00,0.041,3.604
2019-12-10 10:00,0.011,2.653
2019-12-10 11:00,0.002,1.820
2019-12-10 12:00,0,1.366
2019-12-10 13:00,0.001,1.585
2019-12-10 14:00,0.005,2.254
2019-12-10 15:00,0.033,3.425
2019-12-10 16:00,0.121,4.925
2019-12-10 17:00,0.238,6.103
2019-12-10 18:00,0.308,6.668
2019-12-10 19:00,0.309,6.679
2019-12-10 20:00,0.272,6.392
2019-12-10 21:00,0.215,5.912
2019-12-10 22:00,0.148,5.236
2019-12-10 23:00,0.079,4.327
2019-12-11 00:00,0.024,3.158
2019-12-11 01:00,0.002,1.791
2019-12-11 02:00,0,0.818
2019-12-11 03:00,0,0.910
2019-12-11 04:00,0.001,1.573
2019-12-11 05:00,0.002,1.849
2019-12-11 06:00,0.002,1.815
2019-12-11 07:00,0.001,1.477
2019-12-11 08:00,0,0.886
2019-12-11 09:00,0.001,1.642
2019-12-11 10:00,0.026,3.196
2019-12-11 11:00,0.111,4.779
2019-12-11 12:00,0.233,6.072
2019-12-11 13:00,0.359,7.047
2019-12-11 14:00,0.468,7.803
2019-12-11 15:00,0.552,8.385
2019-12-11 16:00,0.613,8.819
2019-12-11 17:00,0.663,9.188
2019-12-11 18:00,0.708,9.565
2019-12-11 19:00,0.746,9.905
2019-12-11 20:00,0.778,10.226
2019-12-11 21:00,0.778,10.231
2019-12-11 22:00,0.772,10.156
2019-12-11 23:00,0.768,10.125
2019-12-12 00:00,0.741,9.861
2019-12-12 01:00,0.487,7.935
2019-12-12 02:00,0.239,6.122
2019-12-12 03:00,0.342,6.921
2019-12-12 04:00,0.338,6.894
2019-12-12 05:00,0.236,6.092
2019-12-12 06:00,0.138,5.124
2019-12-12 07:00,0.065,4.100
2019-12-12 08:00,0.022,3.075
2019-12-12 09:00,0.010,2.591
2019-12-12 10:00,0.011,2.620
2019-12-12 11:00,0.013,2.714
2019-12-12 12:00,0.016,2.862
2019-12-12 13:00,0.025,3.179
2019-12-12 14:00,0.040,3.584
2019-12-12 15:00,0.056,3.919
2019-12-12 16:00,0.065,4.088
2019-12-12 17:00,0.070,4.184
2019-12-12 18:00,0.081,4.359
2019-12-12 19:00,0.115,4.848
2019-12-12 20:00,0.160,5.375
2019-12-12 21:00,0.163,5.399
2019-12-12 22:00,0.119,4.890
2019-12-12 23:00,0.064,4.081
2019-12-13 00:00,0.025,3.187
2019-12-13 01:00,0.003,1.982
2019-12-13 02:00,0,0.957
2019-12-13 03:00,0.002,1.847
2019-12-13 04:00,0.002,1.925
2019-12-13 05:00,0.006,2.286
2019-12-13 06:00,0.018,2.951
2019-12-13 07:00,0.063,4.051
2019-12-13 08:00,0.180,5.567
2019-12-13 09:00,0.381,7.203
2019-12-13 10:00,0.545,8.321
2019-12-13 11:00,0.641,9.025
2019-12-13 12:00,0.696,9.463
2019-12-13 13:00,0.723,9.696
2019-12-13 14:00,0.723,9.695
2019-12-13 15:00,0.714,9.623
2019-12-13 16:00,0.701,9.503
2019-12-13 17:00,0.728,9.739
2019-12-13 18:00,0.774,10.175
2019-12-13 19:00,0.819,10.687
2019-12-13 20:00,0.864,11.299
2019-12-13 21:00,0.870,11.394
2019-12-13 22:00,0.858,11.216
2019-12-13 23:00,0.850,11.088
2019-12-14 00:00,0.845,11.011
2019-12-14 01:00,0.778,10.230
2019-12-14 02:00,0.878,11.526
2019-12-14 03:00,0.939,12.878
2019-12-14 04:00,0.960,13.643
2019-12-14 05:00,0.968,14.032
2019-12-14 06:00,0.963,13.741
2019-12-14 07:00,0.936,12.783
2019-12-14 08:00,0.872,11.422
2019-12-14 09:00,0.853,11.125
2019-12-14 10:00,0.853,11.135
2019-12-14 11:00,0.837,10.900
2019-12-14 12:00,0.811,10.583
2019-12-14 13:00,0.763,10.070
2019-12-14 14:00,0.707,9.561
2019-12-14 15:00,0.685,9.374
2019-12-14 16:00,0.640,9.017
2019-12-14 17:00,0.577,8.560
2019-12-14 18:00,0.652,9.110
2019-12-14 19:00,0.667,9.231
2019-12-14 20:00,0.617,8.851
2019-12-14 21:00,0.549,8.357
2019-12-14 22:00,0.487,7.937
2019-12-14 23:00,0.456,7.726
2019-12-15 00:00,0.447,7.655
2019-12-15 01:00,0.389,7.257
2019-12-15 02:00,0.342,6.928
2019-12-15 03:00,0.363,7.076
2019-12-15 04:00,0.358,7.043
2019-12-15 05:00,0.321,6.772
2019-12-15 06:00,0.276,6.421
2019-12-15 07:00,0.242,6.149
2019-12-15 08:00,0.200,5.768
2019-12-15 09:00,0.262,6.314
2019-12-15 10:00,0.348,6.973
2019-12-15 11:00,0.439,7.607
2019-12-15 12:00,0.550,8.366
2019-12-15 13:00,0.621,8.874
2019-12-15 14:00,0.674,9.286
2019-12-15 15:00,0.689,9.407
2019-12-15 16:00,0.784,10.285
2019-12-15 17:00,0.826,10.777
2019-12-15 18:00,0.837,10.902
2019-12-15 19:00,0.862,11.260
2019-12-15 20:00,0.871,11.415
2019-12-15 21:00,0.868,11.356
2019-12-15 22:00,0.837,10.911
2019-12-15 23:00,0.793,10.385
2019-12-16 00:00,0.754,9.986
2019-12-16 01:00,0.671,9.257
2019-12-16 02:00,0.697,9.472
2019-12-16 03:00,0.647,9.075
2019-12-16 04:00,0.607,8.771
2019-12-16 05:00,0.569,8.492
2019-12-16 06:00,0.548,8.346
2019-12-16 07:00,0.523,8.175
2019-12-16 08:00,0.479,7.878
2019-12-16 09:00,0.377,7.176
2019-12-16 10:00,0.325,6.805
2019-12-16 11:00,0.325,6.804
2019-12-16 12:00,0.328,6.823
2019-12-16 13:00,0.319,6.751
2019-12-16 14:00,0.311,6.699
2019-12-16 15:00,0.332,6.848
2019-12-16 16:00,0.358,7.045
2019-12-16 17:00,0.352,6.989
2019-12-16 18:00,0.285,6.500
2019-12-16 19:00,0.201,5.778
2019-12-16 20:00,0.132,5.041
2019-12-16 21:00,0.083,4.387
2019-12-16 22:00,0.060,3.996
2019-12-16 23:00,0.060,3.999
2019-12-17 00:00,0.068,4.142
2019-12-17 01:00,0.034,3.438
2019-12-17 02:00,0.024,3.164
2019-12-17 03:00,0.047,3.738
2019-12-17 04:00,0.065,4.098
2019-12-17 05:00,0.075,4.269
2019-12-17 06:00,0.075,4.258
2019-12-17 07:00,0.064,4.085
2019-12-17 08:00,0.055,3.893
2019-12-17 09:00,0.049,3.777
2019-12-17 10:00,0.036,3.486
2019-12-17 11:00,0.021,3.045
2019-12-17 12:00,0.012,2.692
2019-12-17 13:00,0.012,2.672
2019-12-17 14:00,0.019,2.979
2019-12-17 15:00,0.056,3.926
2019-12-17 16:00,0.160,5.372
2019-12-17 17:00,0.270,6.379
2019-12-17 18:00,0.299,6.607
2019-12-17 19:00,0.301,6.615
2019-12-17 20:00,0.311,6.700
2019-12-17 21:00,0.327,6.814
2019-12-17 22:00,0.340,6.913
2019-12-17 23:00,0.377,7.175
2019-12-18 00:00,0.419,7.471
2019-12-18 01:00,0.292,6.556
2019-12-18 02:00,0.229,6.030
2019-12-18 03:00,0.294,6.568
2019-12-18 04:00,0.318,6.741
2019-12-18 05:00,0.342,6.929
2019-12-18 06:00,0.355,7.016
2019-12-18 07:00,0.342,6.923
2019-12-18 08:00,0.301,6.615
2019-12-18 09:00,0.272,6.394
2019-12-18 10:00,0.257,6.274
2019-12-18 11:00,0.203,5.792
2019-12-18 12:00,0.123,4.946
2019-12-18 13:00,0.048,3.771
2019-12-18 14:00,0.013,2.747
2019-12-18 15:00,0.017,2.918
2019-12-18 16:00,0.079,4.337
2019-12-18 17:00,0.215,5.915
2019-12-18 18:00,0.358,7.045
2019-12-18 19:00,0.430,7.544
2019-12-18 20:00,0.413,7.425
2019-12-18 21:00,0.307,6.663
2019-12-18 22:00,0.169,5.463
2019-12-18 23:00,0.070,4.174
2019-12-19 00:00,0.020,3.032
2019-12-19 01:00,0.003,2.009
2019-12-19 02:00,0.001,1.487
2019-12-19 03:00,0.012,2.697
2019-12-19 04:00,0.052,3.856
2019-12-19 05:00,0.096,4.580
2019-12-19 06:00,0.118,4.886
2019-12-19 07:00,0.119,4.895
2019-12-19 08:00,0.098,4.613
2019-12-19 09:00,0.071,4.197
2019-12-19 10:00,0.020,3.024
2019-12-19 11:00,0.001,1.726
2019-12-19 12:00,0.010,2.599
2019-12-19 13:00,0.096,4.591
2019-12-19 14:00,0.265,6.332
2019-12-19 15:00,0.450,7.672
2019-12-19 16:00,0.613,8.819
2019-12-19 17:00,0.748,9.926
2019-12-19 18:00,0.813,10.600
2019-12-19 19:00,0.827,10.789
2019-12-19 20:00,0.797,10.432
2019-12-19 21:00,0.719,9.655
2019-12-19 22:00,0.633,8.964
2019-12-19 23:00,0.597,8.697
2019-12-20 00:00,0.583,8.603
2019-12-20 01:00,0.396,7.313
2019-12-20 02:00,0.173,5.513
2019-12-20 03:00,0.176,5.532
2019-12-20 04:00,0.187,5.647
2019-12-20 05:00,0.241,6.139
2019-12-20 06:00,0.339,6.905
2019-12-20 07:00,0.387,7.245
2019-12-20 08:00,0.345,6.944
2019-12-20 09:00,0.304,6.644
2019-12-20 10:00,0.283,6.476
2019-12-20 11:00,0.296,6.578
2019-12-20 12:00,0.330,6.830
2019-12-20 13:00,0.362,7.069
2019-12-20 14:00,0.406,7.382
2019-12-20 15:00,0.446,7.646
2019-12-20 16:00,0.456,7.723
2019-12-20 17:00,0.456,7.722
2019-12-20 18:00,0.450,7.673
2019-12-20 19:00,0.449,7.664
2019-12-20 20:00,0.457,7.731
2019-12-20 21:00,0.475,7.847
2019-12-20 22:00,0.500,8.022
2019-12-20 23:00,0.553,8.388
2019-12-21 00:00,0.636,8.986
2019-12-21 01:00,0.598,8.706
2019-12-21 02:00,0.323,6.789
2019-12-21 03:00,0.299,6.610
2019-12-21 04:00,0.701,9.506
2019-12-21 05:00,0.753,9.976
2019-12-21 06:00,0.700,9.500
2019-12-21 07:00,0.633,8.971
2019-12-21 08:00,0.552,8.382
2019-12-21 09:00,0.587,8.629
2019-12-21 10:00,0.640,9.020
2019-12-21 11:00,0.655,9.133
2019-12-21 12:00,0.655,9.135
2019-12-21 13:00,0.645,9.054
2019-12-21 14:00,0.620,8.874
2019-12-21 15:00,0.604,8.740
2019-12-21 16:00,0.582,8.597
2019-12-21 17:00,0.555,8.397
2019-12-21 18:00,0.533,8.249
2019-12-21 19:00,0.516,8.122
2019-12-21 20:00,0.460,7.741
2019-12-21 21:00,0.359,7.053
2019-12-21 22:00,0.240,6.131
2019-12-21 23:00,0.143,5.185
2019-12-22 00:00,0.085,4.424
2019-12-22 01:00,0.035,3.452
2019-12-22 02:00,0.001,1.674
2019-12-22 03:00,0.001,1.626
2019-12-22 04:00,0.027,3.230
2019-12-22 05:00,0.071,4.197
2019-12-22 06:00,0.121,4.926
2019-12-22 07:00,0.186,5.641
2019-12-22 08:00,0.289,6.530
2019-12-22 09:00,0.476,7.858
2019-12-22 10:00,0.604,8.748
2019-12-22 11:00,0.609,8.784
2019-12-22 12:00,0.566,8.481
2019-12-22 13:00,0.512,8.097
2019-12-22 14:00,0.473,7.838
2019-12-22 15:00,0.447,7.654
2019-12-22 16:00,0.383,7.222
2019-12-22 17:00,0.314,6.712
2019-12-22 18:00,0.253,6.229
2019-12-22 19:00,0.193,5.701
2019-12-22 20:00,0.151,5.272
2019-12-22 21:00,0.140,5.155
2019-12-22 22:00,0.139,5.142
2019-12-22 23:00,0.128,5.005
2019-12-23 00:00,0.124,4.954
2019-12-23 01:00,0.086,4.446
2019-12-23 02:00,0.039,3.562
2019-12-23 03:00,0.052,3.855
2019-12-23 04:00,0.084,4.398
2019-12-23 05:00,0.123,4.951
2019-12-23 06:00,0.141,5.158
2019-12-23 07:00,0.155,5.308
2019-12-23 08:00,0.209,5.856
2019-12-23 09:00,0.338,6.888
2019-12-23 10:00,0.488,7.940
2019-12-23 11:00,0.632,8.961
2019-12-23 12:00,0.687,9.390
2019-12-23 13:00,0.705,9.546
2019-12-23 14:00,0.745,9.895
2019-12-23 15:00,0.777,10.215
2019-12-23 16:00,0.767,10.105
2019-12-23 17:00,0.682,9.349
2019-12-23 18:00,0.562,8.449
2019-12-23 19:00,0.495,7.984
2019-12-23 20:00,0.409,7.392
2019-12-23 21:00,0.387,7.249
2019-12-23 22:00,0.396,7.313
2019-12-23 23:00,0.357,7.037
2019-12-24 00:00,0.311,6.691
2019-12-24 01:00,0.159,5.361
2019-12-24 02:00,0.075,4.271
2019-12-24 03:00,0.033,3.405
2019-12-24 04:00,0.015,2.825
2019-12-24 05:00,0.006,2.331
2019-12-24 06:00,0.002,1.850
2019-12-24 07:00,0,1.371
2019-12-24 08:00,0,0.894
2019-12-24 09:00,0,0.876
2019-12-24 10:00,0.001,1.641
2019-12-24 11:00,0.007,2.388
2019-12-24 12:00,0.035,3.447
2019-12-24 13:00,0.108,4.754
2019-12-24 14:00,0.182,5.600
2019-12-24 15:00,0.195,5.723
2019-12-24 16:00,0.181,5.580
2019-12-24 17:00,0.202,5.779
2019-12-24 18:00,0.208,5.850
2019-12-24 19:00,0.188,5.660
2019-12-24 20:00,0.179,5.556
2019-12-24 21:00,0.208,5.847
2019-12-24 22:00,0.283,6.477
2019-12-24 23:00,0.393,7.289
2019-12-25 00:00,0.410,7.409
2019-12-25 01:00,0.254,6.248
2019-12-25 02:00,0.296,6.578
2019-12-25 03:00,0.388,7.254
2019-12-25 04:00,0.585,8.614
2019-12-25 05:00,0.741,9.866
2019-12-25 06:00,0.807,10.542
2019-12-25 07:00,0.833,10.855
2019-12-25 08:00,0.835,10.882
2019-12-25 09:00,0.731,9.769
2019-12-25 10:00,0.617,8.846
2019-12-25 11:00,0.653,9.123
2019-12-25 12:00,0.742,9.870
2019-12-25 13:00,0.770,10.144
2019-12-25 14:00,0.795,10.402
2019-12-25 15:00,0.814,10.619
2019-12-25 16:00,0.792,10.379
2019-12-25 17:00,0.726,9.725
2019-12-25 18:00,0.675,9.293
2019-12-25 19:00,0.684,9.367
2019-12-25 20:00,0.700,9.500
2019-12-25 21:00,0.700,9.502
2019-12-25 22:00,0.699,9.485
2019-12-25 23:00,0.710,9.583
2019-12-26 00:00,0.702,9.511
2019-12-26 01:00,0.512,8.099
2019-12-26 02:00,0.591,8.658
2019-12-26 03:00,0.813,10.607
2019-12-26 04:00,0.856,11.186
2019-12-26 05:00,0.878,11.518
2019-12-26 06:00,0.886,11.656
2019-12-26 07:00,0.884,11.634
2019-12-26 08:00,0.803,10.500
2019-12-26 09:00,0.725,9.719
2019-12-26 10:00,0.791,10.362
2019-12-26 11:00,0.843,10.987
2019-12-26 12:00,0.875,11.469
2019-12-26 13:00,0.892,11.760
2019-12-26 14:00,0.902,11.966
2019-12-26 15:00,0.913,12.196
2019-12-26 16:00,0.916,12.285
2019-12-26 17:00,0.913,12.219
2019-12-26 18:00,0.907,12.088
2019-12-26 19:00,0.907,12.087
2019-12-26 20:00,0.913,12.208
2019-12-26 21:00,0.907,12.070
2019-12-26 22:00,0.901,11.964
2019-12-26 23:00,0.899,11.909
2019-12-27 00:00,0.881,11.577
2019-12-27 01:00,0.748,9.919
2019-12-27 02:00,0.661,9.174
2019-12-27 03:00,0.845,11.016
2019-12-27 04:00,0.885,11.642
2019-12-27 05:00,0.893,11.802
2019-12-27 06:00,0.887,11.670
2019-12-27 07:00,0.851,11.101
2019-12-27 08:00,0.683,9.361
2019-12-27 09:00,0.552,8.381
2019-12-27 10:00,0.460,7.744
2019-12-27 11:00,0.330,6.841
2019-12-27 12:00,0.302,6.620
2019-12-27 13:00,0.387,7.244
2019-12-27 14:00,0.604,8.747
2019-12-27 15:00,0.815,10.638
2019-12-27 16:00,0.904,12.018
2019-12-27 17:00,0.929,12.590
2019-12-27 18:00,0.916,12.282
2019-12-27 19:00,0.876,11.493
2019-12-27 20:00,0.827,10.788
2019-12-27 21:00,0.765,10.090
2019-12-27 22:00,0.713,9.612
2019-12-27 23:00,0.686,9.381
2019-12-28 00:00,0.663,9.189
2019-12-28 01:00,0.485,7.914
2019-12-28 02:00,0.204,5.797
2019-12-28 03:00,0.136,5.105
2019-12-28 04:00,0.176,5.533
2019-12-28 05:00,0.169,5.467
2019-12-28 06:00,0.181,5.586
2019-12-28 07:00,0.183,5.611
2019-12-28 08:00,0.177,5.541
2019-12-28 09:00,0.176,5.528
2019-12-28 10:00,0.184,5.621
2019-12-28 11:00,0.255,6.255
2019-12-28 12:00,0.384,7.226
2019-12-28 13:00,0.488,7.945
2019-12-28 14:00,0.550,8.368
2019-12-28 15:00,0.562,8.440
2019-12-28 16:00,0.481,7.892
2019-12-28 17:00,0.448,7.657
2019-12-28 18:00,0.487,7.936
2019-12-28 19:00,0.643,9.037
2019-12-28 20:00,0.723,9.698
2019-12-28 21:00,0.685,9.379
2019-12-28 22:00,0.575,8.543
2019-12-28 23:00,0.426,7.513
2019-12-29 00:00,0.309,6.677
2019-12-29 01:00,0.194,5.702
2019-12-29 02:00,0.188,5.653
2019-12-29 03:00,0.238,6.110
2019-12-29 04:00,0.279,6.443
2019-12-29 05:00,0.335,6.873
2019-12-29 06:00,0.378,7.182
2019-12-29 07:00,0.400,7.332
2019-12-29 08:00,0.399,7.325
2019-12-29 09:00,0.370,7.119
2019-12-29 10:00,0.376,7.164
2019-12-29 11:00,0.356,7.032
2019-12-29 12:00,0.314,6.717
2019-12-29 13:00,0.243,6.160
2019-12-29 14:00,0.169,5.469
2019-12-29 15:00,0.124,4.964
2019-12-29 16:00,0.101,4.645
2019-12-29 17:00,0.095,4.574
2019-12-29 18:00,0.118,4.885
2019-12-29 19:00,0.169,5.457
2019-12-29 20:00,0.202,5.783
2019-12-29 21:00,0.182,5.598
2019-12-29 22:00,0.150,5.261
2019-12-29 23:00,0.121,4.924
2019-12-30 00:00,0.087,4.454
2019-12-30 01:00,0.046,3.714
2019-12-30 02:00,0.015,2.805
2019-12-30 03:00,0.002,1.857
2019-12-30 04:00,0.005,2.208
2019-12-30 05:00,0.013,2.742
2019-12-30 06:00,0.021,3.050
2019-12-30 07:00,0.023,3.112
2019-12-30 08:00,0.020,3.021
2019-12-30 09:00,0.054,3.883
2019-12-30 10:00,0.159,5.359
2019-12-30 11:00,0.290,6.540
2019-12-30 12:00,0.417,7.457
2019-12-30 13:00,0.501,8.025
2019-12-30 14:00,0.548,8.347
2019-12-30 15:00,0.612,8.803
2019-12-30 16:00,0.663,9.195
2019-12-30 17:00,0.703,9.529
2019-12-30 18:00,0.746,9.899
2019-12-30 19:00,0.777,10.220
2019-12-30 20:00,0.807,10.545
2019-12-30 21:00,0.811,10.589
2019-12-30 22:00,0.793,10.387
2019-12-30 23:00,0.769,10.134
2019-12-31 00:00,0.708,9.572
2019-12-31 01:00,0.542,8.300
2019-12-31 02:00,0.727,9.731
2019-12-31 03:00,0.752,9.960
2019-12-31 04:00,0.718,9.659
2019-12-31 05:00,0.650,9.096
2019-12-31 06:00,0.542,8.309
2019-12-31 07:00,0.370,7.131
2019-12-31 08:00,0.188,5.656
2019-12-31 09:00,0.168,5.448
2019-12-31 10:00,0.290,6.537
2019-12-31 11:00,0.470,7.821
2019-12-31 12:00,0.599,8.709
2019-12-31 13:00,0.659,9.163
2019-12-31 14:00,0.689,9.405
2019-12-31 15:00,0.700,9.489
2019-12-31 16:00,0.661,9.182
2019-12-31 17:00,0.542,8.310
2019-12-31 18:00,0.383,7.217
2019-12-31 19:00,0.254,6.236
2019-12-31 20:00,0.154,5.294
2019-12-31 21:00,0.090,4.504
2019-12-31 22:00,0.051,3.828
2019-12-31 23:00,0.031,3.354
