# Renewables.ninja Wind power (Point API) - 37.800, 107.400 - Version: 1.4 - License: https://creativecommons.org/licenses/by-nc/4.0/ - Reference: https://doi.org/10.1016/j.energy.2016.08.068
# Units: time in UTC, electricity in kW, wind_speed in m/s
# {"units": {"time": "UTC", "electricity": "kW", "wind_speed": "m/s"}, "params": {"lat": "37.8", "lon": "107.4", "date_from": "2018-01-01", "date_to": "2018-12-31", "dataset": "merra2", "capacity": "1", "height": "100", "turbine": "Vestas V112 3000", "header": "true", "raw": "true"}}
time,electricity,wind_speed
2018-01-01 00:00,0.113,4.804
2018-01-01 01:00,0.050,3.809
2018-01-01 02:00,0.010,2.560
2018-01-01 03:00,0.019,2.984
2018-01-01 04:00,0.017,2.887
2018-01-01 05:00,0.012,2.696
2018-01-01 06:00,0.013,2.742
2018-01-01 07:00,0.023,3.114
2018-01-01 08:00,0.063,4.066
2018-01-01 09:00,0.194,5.718
2018-01-01 10:00,0.343,6.932
2018-01-01 11:00,0.446,7.646
2018-01-01 12:00,0.510,8.087
2018-01-01 13:00,0.535,8.256
2018-01-01 14:00,0.508,8.074
2018-01-01 15:00,0.446,7.646
2018-01-01 16:00,0.365,7.085
2018-01-01 17:00,0.285,6.493
2018-01-01 18:00,0.251,6.212
2018-01-01 19:00,0.224,5.995
2018-01-01 20:00,0.178,5.551
2018-01-01 21:00,0.147,5.227
2018-01-01 22:00,0.137,5.114
2018-01-01 23:00,0.117,4.864
2018-01-02 00:00,0.091,4.514
2018-01-02 01:00,0.058,3.949
2018-01-02 02:00,0.077,4.289
2018-01-02 03:00,0.167,5.441
2018-01-02 04:00,0.204,5.812
2018-01-02 05:00,0.232,6.057
2018-01-02 06:00,0.280,6.454
2018-01-02 07:00,0.359,7.053
2018-01-02 08:00,0.373,7.140
2018-01-02 09:00,0.281,6.461
2018-01-02 10:00,0.184,5.619
2018-01-02 11:00,0.163,5.404
2018-01-02 12:00,0.134,5.073
2018-01-02 13:00,0.111,4.782
2018-01-02 14:00,0.120,4.907
2018-01-02 15:00,0.147,5.225
2018-01-02 16:00,0.149,5.255
2018-01-02 17:00,0.138,5.132
2018-01-02 18:00,0.147,5.232
2018-01-02 19:00,0.182,5.597
2018-01-02 20:00,0.207,5.841
2018-01-02 21:00,0.244,6.164
2018-01-02 22:00,0.250,6.208
2018-01-02 23:00,0.224,5.986
2018-01-03 00:00,0.194,5.711
2018-01-03 01:00,0.185,5.630
2018-01-03 02:00,0.197,5.739
2018-01-03 03:00,0.201,5.778
2018-01-03 04:00,0.214,5.902
2018-01-03 05:00,0.232,6.055
2018-01-03 06:00,0.254,6.237
2018-01-03 07:00,0.302,6.631
2018-01-03 08:00,0.372,7.135
2018-01-03 09:00,0.390,7.260
2018-01-03 10:00,0.332,6.847
2018-01-03 11:00,0.294,6.568
2018-01-03 12:00,0.295,6.572
2018-01-03 13:00,0.294,6.567
2018-01-03 14:00,0.271,6.384
2018-01-03 15:00,0.295,6.571
2018-01-03 16:00,0.333,6.850
2018-01-03 17:00,0.370,7.118
2018-01-03 18:00,0.399,7.327
2018-01-03 19:00,0.416,7.439
2018-01-03 20:00,0.454,7.712
2018-01-03 21:00,0.430,7.545
2018-01-03 22:00,0.387,7.245
2018-01-03 23:00,0.384,7.230
2018-01-04 00:00,0.454,7.711
2018-01-04 01:00,0.479,7.875
2018-01-04 02:00,0.510,8.083
2018-01-04 03:00,0.548,8.348
2018-01-04 04:00,0.547,8.345
2018-01-04 05:00,0.523,8.179
2018-01-04 06:00,0.483,7.899
2018-01-04 07:00,0.441,7.615
2018-01-04 08:00,0.423,7.501
2018-01-04 09:00,0.398,7.323
2018-01-04 10:00,0.406,7.379
2018-01-04 11:00,0.431,7.551
2018-01-04 12:00,0.437,7.590
2018-01-04 13:00,0.431,7.554
2018-01-04 14:00,0.423,7.499
2018-01-04 15:00,0.402,7.345
2018-01-04 16:00,0.364,7.079
2018-01-04 17:00,0.333,6.852
2018-01-04 18:00,0.314,6.721
2018-01-04 19:00,0.307,6.665
2018-01-04 20:00,0.293,6.558
2018-01-04 21:00,0.246,6.178
2018-01-04 22:00,0.210,5.869
2018-01-04 23:00,0.208,5.849
2018-01-05 00:00,0.190,5.681
2018-01-05 01:00,0.179,5.560
2018-01-05 02:00,0.196,5.737
2018-01-05 03:00,0.210,5.869
2018-01-05 04:00,0.232,6.059
2018-01-05 05:00,0.270,6.378
2018-01-05 06:00,0.310,6.684
2018-01-05 07:00,0.348,6.971
2018-01-05 08:00,0.400,7.335
2018-01-05 09:00,0.418,7.463
2018-01-05 10:00,0.406,7.380
2018-01-05 11:00,0.355,7.020
2018-01-05 12:00,0.294,6.565
2018-01-05 13:00,0.233,6.071
2018-01-05 14:00,0.170,5.479
2018-01-05 15:00,0.141,5.157
2018-01-05 16:00,0.114,4.838
2018-01-05 17:00,0.074,4.242
2018-01-05 18:00,0.045,3.701
2018-01-05 19:00,0.045,3.701
2018-01-05 20:00,0.077,4.287
2018-01-05 21:00,0.028,3.265
2018-01-05 22:00,0.003,2.058
2018-01-05 23:00,0.002,1.858
2018-01-06 00:00,0.001,1.499
2018-01-06 01:00,0,0.997
2018-01-06 02:00,0,1.246
2018-01-06 03:00,0.005,2.257
2018-01-06 04:00,0.027,3.228
2018-01-06 05:00,0.069,4.172
2018-01-06 06:00,0.112,4.802
2018-01-06 07:00,0.137,5.114
2018-01-06 08:00,0.180,5.567
2018-01-06 09:00,0.196,5.737
2018-01-06 10:00,0.202,5.781
2018-01-06 11:00,0.229,6.032
2018-01-06 12:00,0.278,6.437
2018-01-06 13:00,0.299,6.608
2018-01-06 14:00,0.340,6.913
2018-01-06 15:00,0.387,7.244
2018-01-06 16:00,0.387,7.248
2018-01-06 17:00,0.433,7.566
2018-01-06 18:00,0.487,7.934
2018-01-06 19:00,0.439,7.605
2018-01-06 20:00,0.414,7.433
2018-01-06 21:00,0.377,7.178
2018-01-06 22:00,0.284,6.479
2018-01-06 23:00,0.204,5.812
2018-01-07 00:00,0.178,5.553
2018-01-07 01:00,0.206,5.829
2018-01-07 02:00,0.257,6.262
2018-01-07 03:00,0.299,6.597
2018-01-07 04:00,0.370,7.119
2018-01-07 05:00,0.461,7.754
2018-01-07 06:00,0.544,8.320
2018-01-07 07:00,0.617,8.847
2018-01-07 08:00,0.671,9.258
2018-01-07 09:00,0.658,9.150
2018-01-07 10:00,0.726,9.730
2018-01-07 11:00,0.848,11.059
2018-01-07 12:00,0.947,13.145
2018-01-07 13:00,0.973,14.269
2018-01-07 14:00,0.965,13.870
2018-01-07 15:00,0.954,13.367
2018-01-07 16:00,0.938,12.848
2018-01-07 17:00,0.918,12.316
2018-01-07 18:00,0.896,11.852
2018-01-07 19:00,0.848,11.064
2018-01-07 20:00,0.837,10.901
2018-01-07 21:00,0.822,10.724
2018-01-07 22:00,0.786,10.313
2018-01-07 23:00,0.774,10.181
2018-01-08 00:00,0.752,9.962
2018-01-08 01:00,0.708,9.566
2018-01-08 02:00,0.814,10.625
2018-01-08 03:00,0.881,11.578
2018-01-08 04:00,0.924,12.467
2018-01-08 05:00,0.938,12.848
2018-01-08 06:00,0.937,12.815
2018-01-08 07:00,0.930,12.623
2018-01-08 08:00,0.906,12.065
2018-01-08 09:00,0.786,10.310
2018-01-08 10:00,0.710,9.588
2018-01-08 11:00,0.694,9.448
2018-01-08 12:00,0.707,9.558
2018-01-08 13:00,0.739,9.831
2018-01-08 14:00,0.778,10.230
2018-01-08 15:00,0.826,10.767
2018-01-08 16:00,0.853,11.119
2018-01-08 17:00,0.863,11.284
2018-01-08 18:00,0.871,11.401
2018-01-08 19:00,0.878,11.514
2018-01-08 20:00,0.880,11.569
2018-01-08 21:00,0.870,11.388
2018-01-08 22:00,0.861,11.245
2018-01-08 23:00,0.859,11.220
2018-01-09 00:00,0.841,10.974
2018-01-09 01:00,0.735,9.806
2018-01-09 02:00,0.841,10.968
2018-01-09 03:00,0.905,12.026
2018-01-09 04:00,0.914,12.231
2018-01-09 05:00,0.899,11.917
2018-01-09 06:00,0.879,11.538
2018-01-09 07:00,0.867,11.331
2018-01-09 08:00,0.834,10.876
2018-01-09 09:00,0.811,10.590
2018-01-09 10:00,0.864,11.300
2018-01-09 11:00,0.869,11.382
2018-01-09 12:00,0.847,11.053
2018-01-09 13:00,0.833,10.854
2018-01-09 14:00,0.813,10.602
2018-01-09 15:00,0.777,10.207
2018-01-09 16:00,0.725,9.718
2018-01-09 17:00,0.673,9.275
2018-01-09 18:00,0.634,8.972
2018-01-09 19:00,0.620,8.872
2018-01-09 20:00,0.623,8.889
2018-01-09 21:00,0.620,8.872
2018-01-09 22:00,0.628,8.925
2018-01-09 23:00,0.643,9.038
2018-01-10 00:00,0.618,8.855
2018-01-10 01:00,0.447,7.652
2018-01-10 02:00,0.469,7.815
2018-01-10 03:00,0.618,8.857
2018-01-10 04:00,0.760,10.044
2018-01-10 05:00,0.833,10.856
2018-01-10 06:00,0.856,11.174
2018-01-10 07:00,0.846,11.036
2018-01-10 08:00,0.758,10.026
2018-01-10 09:00,0.602,8.736
2018-01-10 10:00,0.581,8.575
2018-01-10 11:00,0.526,8.199
2018-01-10 12:00,0.403,7.356
2018-01-10 13:00,0.254,6.238
2018-01-10 14:00,0.134,5.074
2018-01-10 15:00,0.097,4.597
2018-01-10 16:00,0.104,4.704
2018-01-10 17:00,0.122,4.933
2018-01-10 18:00,0.127,4.998
2018-01-10 19:00,0.113,4.824
2018-01-10 20:00,0.093,4.540
2018-01-10 21:00,0.073,4.228
2018-01-10 22:00,0.061,4.024
2018-01-10 23:00,0.063,4.051
2018-01-11 00:00,0.081,4.357
2018-01-11 01:00,0.070,4.188
2018-01-11 02:00,0.027,3.253
2018-01-11 03:00,0.022,3.100
2018-01-11 04:00,0.029,3.306
2018-01-11 05:00,0.032,3.393
2018-01-11 06:00,0.035,3.457
2018-01-11 07:00,0.040,3.584
2018-01-11 08:00,0.040,3.587
2018-01-11 09:00,0.028,3.274
2018-01-11 10:00,0.007,2.428
2018-01-11 11:00,0.001,1.582
2018-01-11 12:00,0,1.107
2018-01-11 13:00,0.001,1.468
2018-01-11 14:00,0.009,2.500
2018-01-11 15:00,0.043,3.655
2018-01-11 16:00,0.109,4.768
2018-01-11 17:00,0.182,5.598
2018-01-11 18:00,0.208,5.843
2018-01-11 19:00,0.172,5.495
2018-01-11 20:00,0.115,4.840
2018-01-11 21:00,0.079,4.326
2018-01-11 22:00,0.078,4.309
2018-01-11 23:00,0.124,4.960
2018-01-12 00:00,0.248,6.193
2018-01-12 01:00,0.323,6.785
2018-01-12 02:00,0.192,5.693
2018-01-12 03:00,0.279,6.439
2018-01-12 04:00,0.460,7.741
2018-01-12 05:00,0.466,7.791
2018-01-12 06:00,0.453,7.705
2018-01-12 07:00,0.447,7.651
2018-01-12 08:00,0.430,7.544
2018-01-12 09:00,0.525,8.194
2018-01-12 10:00,0.669,9.247
2018-01-12 11:00,0.757,10.015
2018-01-12 12:00,0.805,10.521
2018-01-12 13:00,0.837,10.912
2018-01-12 14:00,0.853,11.132
2018-01-12 15:00,0.859,11.220
2018-01-12 16:00,0.853,11.136
2018-01-12 17:00,0.830,10.822
2018-01-12 18:00,0.794,10.395
2018-01-12 19:00,0.737,9.825
2018-01-12 20:00,0.654,9.132
2018-01-12 21:00,0.549,8.360
2018-01-12 22:00,0.440,7.613
2018-01-12 23:00,0.368,7.114
2018-01-13 00:00,0.320,6.758
2018-01-13 01:00,0.229,6.028
2018-01-13 02:00,0.171,5.486
2018-01-13 03:00,0.181,5.585
2018-01-13 04:00,0.217,5.926
2018-01-13 05:00,0.257,6.263
2018-01-13 06:00,0.316,6.730
2018-01-13 07:00,0.390,7.265
2018-01-13 08:00,0.480,7.887
2018-01-13 09:00,0.682,9.351
2018-01-13 10:00,0.801,10.471
2018-01-13 11:00,0.827,10.788
2018-01-13 12:00,0.801,10.475
2018-01-13 13:00,0.790,10.346
2018-01-13 14:00,0.831,10.826
2018-01-13 15:00,0.836,10.892
2018-01-13 16:00,0.824,10.749
2018-01-13 17:00,0.797,10.425
2018-01-13 18:00,0.732,9.779
2018-01-13 19:00,0.619,8.862
2018-01-13 20:00,0.495,7.984
2018-01-13 21:00,0.367,7.109
2018-01-13 22:00,0.249,6.203
2018-01-13 23:00,0.144,5.196
2018-01-14 00:00,0.066,4.104
2018-01-14 01:00,0.016,2.859
2018-01-14 02:00,0,1.274
2018-01-14 03:00,0,0.830
2018-01-14 04:00,0.001,1.488
2018-01-14 05:00,0.003,1.960
2018-01-14 06:00,0.011,2.625
2018-01-14 07:00,0.042,3.623
2018-01-14 08:00,0.107,4.737
2018-01-14 09:00,0.312,6.702
2018-01-14 10:00,0.643,9.038
2018-01-14 11:00,0.822,10.719
2018-01-14 12:00,0.857,11.194
2018-01-14 13:00,0.856,11.182
2018-01-14 14:00,0.804,10.513
2018-01-14 15:00,0.735,9.809
2018-01-14 16:00,0.664,9.206
2018-01-14 17:00,0.524,8.190
2018-01-14 18:00,0.370,7.123
2018-01-14 19:00,0.302,6.619
2018-01-14 20:00,0.299,6.600
2018-01-14 21:00,0.335,6.868
2018-01-14 22:00,0.436,7.578
2018-01-14 23:00,0.551,8.375
2018-01-15 00:00,0.581,8.582
2018-01-15 01:00,0.499,8.017
2018-01-15 02:00,0.574,8.534
2018-01-15 03:00,0.672,9.264
2018-01-15 04:00,0.693,9.437
2018-01-15 05:00,0.641,9.025
2018-01-15 06:00,0.562,8.440
2018-01-15 07:00,0.463,7.768
2018-01-15 08:00,0.311,6.697
2018-01-15 09:00,0.308,6.666
2018-01-15 10:00,0.448,7.661
2018-01-15 11:00,0.534,8.253
2018-01-15 12:00,0.505,8.049
2018-01-15 13:00,0.365,7.085
2018-01-15 14:00,0.161,5.382
2018-01-15 15:00,0.041,3.607
2018-01-15 16:00,0.025,3.184
2018-01-15 17:00,0.075,4.268
2018-01-15 18:00,0.100,4.639
2018-01-15 19:00,0.170,5.477
2018-01-15 20:00,0.318,6.743
2018-01-15 21:00,0.476,7.850
2018-01-15 22:00,0.610,8.792
2018-01-15 23:00,0.734,9.802
2018-01-16 00:00,0.823,10.731
2018-01-16 01:00,0.736,9.818
2018-01-16 02:00,0.591,8.656
2018-01-16 03:00,0.742,9.874
2018-01-16 04:00,0.917,12.297
2018-01-16 05:00,0.941,12.935
2018-01-16 06:00,0.937,12.813
2018-01-16 07:00,0.841,10.963
2018-01-16 08:00,0.761,10.059
2018-01-16 09:00,0.797,10.430
2018-01-16 10:00,0.803,10.488
2018-01-16 11:00,0.763,10.070
2018-01-16 12:00,0.668,9.236
2018-01-16 13:00,0.752,9.956
2018-01-16 14:00,0.797,10.423
2018-01-16 15:00,0.831,10.826
2018-01-16 16:00,0.850,11.092
2018-01-16 17:00,0.819,10.691
2018-01-16 18:00,0.783,10.279
2018-01-16 19:00,0.760,10.043
2018-01-16 20:00,0.744,9.893
2018-01-16 21:00,0.677,9.309
2018-01-16 22:00,0.620,8.870
2018-01-16 23:00,0.628,8.922
2018-01-17 00:00,0.604,8.744
2018-01-17 01:00,0.410,7.404
2018-01-17 02:00,0.356,7.027
2018-01-17 03:00,0.339,6.903
2018-01-17 04:00,0.400,7.330
2018-01-17 05:00,0.436,7.581
2018-01-17 06:00,0.386,7.235
2018-01-17 07:00,0.315,6.726
2018-01-17 08:00,0.212,5.886
2018-01-17 09:00,0.104,4.696
2018-01-17 10:00,0.025,3.184
2018-01-17 11:00,0.002,1.823
2018-01-17 12:00,0,1.416
2018-01-17 13:00,0.005,2.208
2018-01-17 14:00,0.020,3.024
2018-01-17 15:00,0.077,4.298
2018-01-17 16:00,0.207,5.838
2018-01-17 17:00,0.348,6.969
2018-01-17 18:00,0.440,7.611
2018-01-17 19:00,0.457,7.729
2018-01-17 20:00,0.436,7.588
2018-01-17 21:00,0.377,7.169
2018-01-17 22:00,0.306,6.657
2018-01-17 23:00,0.248,6.193
2018-01-18 00:00,0.204,5.797
2018-01-18 01:00,0.125,4.966
2018-01-18 02:00,0.037,3.501
2018-01-18 03:00,0.039,3.566
2018-01-18 04:00,0.071,4.202
2018-01-18 05:00,0.113,4.819
2018-01-18 06:00,0.151,5.272
2018-01-18 07:00,0.181,5.578
2018-01-18 08:00,0.178,5.551
2018-01-18 09:00,0.196,5.734
2018-01-18 10:00,0.257,6.266
2018-01-18 11:00,0.355,7.010
2018-01-18 12:00,0.431,7.553
2018-01-18 13:00,0.477,7.865
2018-01-18 14:00,0.511,8.096
2018-01-18 15:00,0.569,8.492
2018-01-18 16:00,0.639,9.007
2018-01-18 17:00,0.672,9.270
2018-01-18 18:00,0.667,9.232
2018-01-18 19:00,0.661,9.183
2018-01-18 20:00,0.649,9.093
2018-01-18 21:00,0.574,8.538
2018-01-18 22:00,0.466,7.786
2018-01-18 23:00,0.368,7.114
2018-01-19 00:00,0.314,6.712
2018-01-19 01:00,0.196,5.738
2018-01-19 02:00,0.074,4.245
2018-01-19 03:00,0.102,4.659
2018-01-19 04:00,0.216,5.919
2018-01-19 05:00,0.294,6.569
2018-01-19 06:00,0.300,6.613
2018-01-19 07:00,0.255,6.254
2018-01-19 08:00,0.208,5.844
2018-01-19 09:00,0.232,6.062
2018-01-19 10:00,0.280,6.455
2018-01-19 11:00,0.301,6.616
2018-01-19 12:00,0.285,6.488
2018-01-19 13:00,0.285,6.498
2018-01-19 14:00,0.356,7.030
2018-01-19 15:00,0.450,7.678
2018-01-19 16:00,0.517,8.141
2018-01-19 17:00,0.535,8.257
2018-01-19 18:00,0.534,8.254
2018-01-19 19:00,0.560,8.434
2018-01-19 20:00,0.585,8.613
2018-01-19 21:00,0.581,8.581
2018-01-19 22:00,0.581,8.583
2018-01-19 23:00,0.594,8.669
2018-01-20 00:00,0.606,8.770
2018-01-20 01:00,0.456,7.724
2018-01-20 02:00,0.226,6.006
2018-01-20 03:00,0.299,6.599
2018-01-20 04:00,0.574,8.528
2018-01-20 05:00,0.861,11.248
2018-01-20 06:00,0.930,12.635
2018-01-20 07:00,0.938,12.834
2018-01-20 08:00,0.896,11.849
2018-01-20 09:00,0.853,11.120
2018-01-20 10:00,0.792,10.376
2018-01-20 11:00,0.651,9.104
2018-01-20 12:00,0.510,8.083
2018-01-20 13:00,0.436,7.588
2018-01-20 14:00,0.401,7.343
2018-01-20 15:00,0.417,7.458
2018-01-20 16:00,0.464,7.773
2018-01-20 17:00,0.473,7.831
2018-01-20 18:00,0.460,7.742
2018-01-20 19:00,0.335,6.874
2018-01-20 20:00,0.180,5.569
2018-01-20 21:00,0.100,4.635
2018-01-20 22:00,0.043,3.652
2018-01-20 23:00,0.010,2.565
2018-01-21 00:00,0.006,2.303
2018-01-21 01:00,0.024,3.156
2018-01-21 02:00,0.065,4.088
2018-01-21 03:00,0.052,3.853
2018-01-21 04:00,0.170,5.476
2018-01-21 05:00,0.549,8.363
2018-01-21 06:00,0.769,10.130
2018-01-21 07:00,0.863,11.284
2018-01-21 08:00,0.871,11.418
2018-01-21 09:00,0.773,10.166
2018-01-21 10:00,0.668,9.236
2018-01-21 11:00,0.530,8.227
2018-01-21 12:00,0.439,7.597
2018-01-21 13:00,0.410,7.398
2018-01-21 14:00,0.381,7.208
2018-01-21 15:00,0.352,6.989
2018-01-21 16:00,0.336,6.882
2018-01-21 17:00,0.322,6.784
2018-01-21 18:00,0.326,6.808
2018-01-21 19:00,0.349,6.977
2018-01-21 20:00,0.335,6.877
2018-01-21 21:00,0.288,6.524
2018-01-21 22:00,0.234,6.076
2018-01-21 23:00,0.179,5.561
2018-01-22 00:00,0.104,4.694
2018-01-22 01:00,0.041,3.613
2018-01-22 02:00,0.069,4.163
2018-01-22 03:00,0.166,5.431
2018-01-22 04:00,0.372,7.137
2018-01-22 05:00,0.585,8.618
2018-01-22 06:00,0.682,9.352
2018-01-22 07:00,0.694,9.447
2018-01-22 08:00,0.673,9.278
2018-01-22 09:00,0.626,8.913
2018-01-22 10:00,0.622,8.888
2018-01-22 11:00,0.523,8.173
2018-01-22 12:00,0.365,7.089
2018-01-22 13:00,0.232,6.054
2018-01-22 14:00,0.161,5.385
2018-01-22 15:00,0.140,5.146
2018-01-22 16:00,0.144,5.195
2018-01-22 17:00,0.158,5.346
2018-01-22 18:00,0.179,5.561
2018-01-22 19:00,0.187,5.652
2018-01-22 20:00,0.168,5.450
2018-01-22 21:00,0.124,4.960
2018-01-22 22:00,0.082,4.367
2018-01-22 23:00,0.052,3.852
2018-01-23 00:00,0.033,3.407
2018-01-23 01:00,0.018,2.943
2018-01-23 02:00,0.007,2.411
2018-01-23 03:00,0.001,1.517
2018-01-23 04:00,0,0.715
2018-01-23 05:00,0,0.638
2018-01-23 06:00,0,0.623
2018-01-23 07:00,0,1.073
2018-01-23 08:00,0.004,2.142
2018-01-23 09:00,0.039,3.571
2018-01-23 10:00,0.204,5.810
2018-01-23 11:00,0.245,6.166
2018-01-23 12:00,0.182,5.594
2018-01-23 13:00,0.115,4.848
2018-01-23 14:00,0.077,4.285
2018-01-23 15:00,0.068,4.135
2018-01-23 16:00,0.077,4.297
2018-01-23 17:00,0.101,4.653
2018-01-23 18:00,0.142,5.172
2018-01-23 19:00,0.204,5.804
2018-01-23 20:00,0.289,6.526
2018-01-23 21:00,0.352,6.997
2018-01-23 22:00,0.358,7.042
2018-01-23 23:00,0.317,6.731
2018-01-24 00:00,0.237,6.098
2018-01-24 01:00,0.102,4.657
2018-01-24 02:00,0.087,4.450
2018-01-24 03:00,0.106,4.729
2018-01-24 04:00,0.113,4.819
2018-01-24 05:00,0.122,4.940
2018-01-24 06:00,0.165,5.424
2018-01-24 07:00,0.257,6.266
2018-01-24 08:00,0.380,7.193
2018-01-24 09:00,0.497,7.991
2018-01-24 10:00,0.577,8.560
2018-01-24 11:00,0.533,8.239
2018-01-24 12:00,0.463,7.769
2018-01-24 13:00,0.411,7.412
2018-01-24 14:00,0.321,6.765
2018-01-24 15:00,0.210,5.865
2018-01-24 16:00,0.197,5.745
2018-01-24 17:00,0.202,5.782
2018-01-24 18:00,0.204,5.808
2018-01-24 19:00,0.189,5.671
2018-01-24 20:00,0.164,5.417
2018-01-24 21:00,0.154,5.297
2018-01-24 22:00,0.148,5.246
2018-01-24 23:00,0.123,4.951
2018-01-25 00:00,0.107,4.743
2018-01-25 01:00,0.080,4.345
2018-01-25 02:00,0.064,4.085
2018-01-25 03:00,0.075,4.261
2018-01-25 04:00,0.104,4.700
2018-01-25 05:00,0.134,5.079
2018-01-25 06:00,0.141,5.158
2018-01-25 07:00,0.140,5.149
2018-01-25 08:00,0.132,5.049
2018-01-25 09:00,0.102,4.674
2018-01-25 10:00,0.127,4.995
2018-01-25 11:00,0.207,5.839
2018-01-25 12:00,0.299,6.605
2018-01-25 13:00,0.408,7.389
2018-01-25 14:00,0.529,8.221
2018-01-25 15:00,0.637,8.991
2018-01-25 16:00,0.666,9.221
2018-01-25 17:00,0.663,9.195
2018-01-25 18:00,0.656,9.142
2018-01-25 19:00,0.645,9.056
2018-01-25 20:00,0.609,8.786
2018-01-25 21:00,0.563,8.460
2018-01-25 22:00,0.518,8.143
2018-01-25 23:00,0.482,7.895
2018-01-26 00:00,0.414,7.432
2018-01-26 01:00,0.406,7.374
2018-01-26 02:00,0.483,7.906
2018-01-26 03:00,0.471,7.823
2018-01-26 04:00,0.430,7.548
2018-01-26 05:00,0.395,7.306
2018-01-26 06:00,0.361,7.066
2018-01-26 07:00,0.361,7.065
2018-01-26 08:00,0.367,7.104
2018-01-26 09:00,0.323,6.790
2018-01-26 10:00,0.293,6.557
2018-01-26 11:00,0.301,6.618
2018-01-26 12:00,0.311,6.694
2018-01-26 13:00,0.325,6.804
2018-01-26 14:00,0.370,7.125
2018-01-26 15:00,0.396,7.311
2018-01-26 16:00,0.440,7.612
2018-01-26 17:00,0.384,7.230
2018-01-26 18:00,0.378,7.183
2018-01-26 19:00,0.312,6.705
2018-01-26 20:00,0.212,5.883
2018-01-26 21:00,0.136,5.108
2018-01-26 22:00,0.090,4.495
2018-01-26 23:00,0.065,4.086
2018-01-27 00:00,0.044,3.668
2018-01-27 01:00,0.025,3.169
2018-01-27 02:00,0.013,2.715
2018-01-27 03:00,0.016,2.861
2018-01-27 04:00,0.063,4.063
2018-01-27 05:00,0.172,5.496
2018-01-27 06:00,0.345,6.951
2018-01-27 07:00,0.543,8.315
2018-01-27 08:00,0.669,9.248
2018-01-27 09:00,0.710,9.577
2018-01-27 10:00,0.697,9.477
2018-01-27 11:00,0.675,9.295
2018-01-27 12:00,0.636,8.987
2018-01-27 13:00,0.570,8.503
2018-01-27 14:00,0.520,8.158
2018-01-27 15:00,0.542,8.304
2018-01-27 16:00,0.615,8.828
2018-01-27 17:00,0.644,9.044
2018-01-27 18:00,0.594,8.673
2018-01-27 19:00,0.523,8.181
2018-01-27 20:00,0.506,8.067
2018-01-27 21:00,0.483,7.897
2018-01-27 22:00,0.398,7.323
2018-01-27 23:00,0.294,6.568
2018-01-28 00:00,0.216,5.923
2018-01-28 01:00,0.169,5.468
2018-01-28 02:00,0.135,5.088
2018-01-28 03:00,0.118,4.876
2018-01-28 04:00,0.121,4.923
2018-01-28 05:00,0.132,5.050
2018-01-28 06:00,0.137,5.115
2018-01-28 07:00,0.137,5.116
2018-01-28 08:00,0.141,5.164
2018-01-28 09:00,0.150,5.262
2018-01-28 10:00,0.145,5.205
2018-01-28 11:00,0.135,5.088
2018-01-28 12:00,0.137,5.121
2018-01-28 13:00,0.141,5.167
2018-01-28 14:00,0.126,4.980
2018-01-28 15:00,0.115,4.851
2018-01-28 16:00,0.107,4.746
2018-01-28 17:00,0.074,4.250
2018-01-28 18:00,0.044,3.688
2018-01-28 19:00,0.043,3.661
2018-01-28 20:00,0.038,3.534
2018-01-28 21:00,0.038,3.547
2018-01-28 22:00,0.046,3.715
2018-01-28 23:00,0.040,3.598
2018-01-29 00:00,0.015,2.823
2018-01-29 01:00,0.001,1.519
2018-01-29 02:00,0,1.321
2018-01-29 03:00,0,1.129
2018-01-29 04:00,0,1.085
2018-01-29 05:00,0,0.907
2018-01-29 06:00,0.001,1.459
2018-01-29 07:00,0.010,2.549
2018-01-29 08:00,0.026,3.209
2018-01-29 09:00,0.035,3.461
2018-01-29 10:00,0.048,3.756
2018-01-29 11:00,0.050,3.800
2018-01-29 12:00,0.060,4.007
2018-01-29 13:00,0.084,4.401
2018-01-29 14:00,0.093,4.533
2018-01-29 15:00,0.126,4.980
2018-01-29 16:00,0.172,5.501
2018-01-29 17:00,0.102,4.669
2018-01-29 18:00,0.093,4.539
2018-01-29 19:00,0.102,4.664
2018-01-29 20:00,0.128,5.014
2018-01-29 21:00,0.170,5.475
2018-01-29 22:00,0.199,5.763
2018-01-29 23:00,0.164,5.412
2018-01-30 00:00,0.096,4.590
2018-01-30 01:00,0.109,4.765
2018-01-30 02:00,0.290,6.536
2018-01-30 03:00,0.417,7.456
2018-01-30 04:00,0.533,8.241
2018-01-30 05:00,0.660,9.168
2018-01-30 06:00,0.739,9.833
2018-01-30 07:00,0.786,10.308
2018-01-30 08:00,0.807,10.543
2018-01-30 09:00,0.784,10.291
2018-01-30 10:00,0.792,10.365
2018-01-30 11:00,0.853,11.129
2018-01-30 12:00,0.896,11.848
2018-01-30 13:00,0.876,11.485
2018-01-30 14:00,0.855,11.172
2018-01-30 15:00,0.828,10.802
2018-01-30 16:00,0.788,10.325
2018-01-30 17:00,0.766,10.095
2018-01-30 18:00,0.769,10.132
2018-01-30 19:00,0.782,10.267
2018-01-30 20:00,0.780,10.250
2018-01-30 21:00,0.748,9.932
2018-01-30 22:00,0.729,9.748
2018-01-30 23:00,0.722,9.684
2018-01-31 00:00,0.630,8.946
2018-01-31 01:00,0.339,6.903
2018-01-31 02:00,0.311,6.692
2018-01-31 03:00,0.401,7.343
2018-01-31 04:00,0.494,7.982
2018-01-31 05:00,0.562,8.440
2018-01-31 06:00,0.586,8.621
2018-01-31 07:00,0.565,8.475
2018-01-31 08:00,0.502,8.028
2018-01-31 09:00,0.374,7.147
2018-01-31 10:00,0.320,6.756
2018-01-31 11:00,0.324,6.793
2018-01-31 12:00,0.361,7.064
2018-01-31 13:00,0.413,7.426
2018-01-31 14:00,0.483,7.905
2018-01-31 15:00,0.616,8.837
2018-01-31 16:00,0.742,9.869
2018-01-31 17:00,0.791,10.361
2018-01-31 18:00,0.774,10.172
2018-01-31 19:00,0.725,9.720
2018-01-31 20:00,0.643,9.035
2018-01-31 21:00,0.525,8.194
2018-01-31 22:00,0.430,7.543
2018-01-31 23:00,0.381,7.207
2018-02-01 00:00,0.322,6.780
2018-02-01 01:00,0.156,5.321
2018-02-01 02:00,0.150,5.259
2018-02-01 03:00,0.254,6.249
2018-02-01 04:00,0.406,7.376
2018-02-01 05:00,0.537,8.274
2018-02-01 06:00,0.627,8.916
2018-02-01 07:00,0.677,9.309
2018-02-01 08:00,0.714,9.622
2018-02-01 09:00,0.661,9.180
2018-02-01 10:00,0.689,9.410
2018-02-01 11:00,0.715,9.632
2018-02-01 12:00,0.700,9.489
2018-02-01 13:00,0.658,9.153
2018-02-01 14:00,0.677,9.310
2018-02-01 15:00,0.689,9.398
2018-02-01 16:00,0.664,9.208
2018-02-01 17:00,0.524,8.188
2018-02-01 18:00,0.318,6.740
2018-02-01 19:00,0.173,5.506
2018-02-01 20:00,0.082,4.368
2018-02-01 21:00,0.030,3.325
2018-02-01 22:00,0.008,2.449
2018-02-01 23:00,0.004,2.143
2018-02-02 00:00,0.005,2.209
2018-02-02 01:00,0.006,2.275
2018-02-02 02:00,0.032,3.399
2018-02-02 03:00,0.054,3.881
2018-02-02 04:00,0.065,4.098
2018-02-02 05:00,0.076,4.272
2018-02-02 06:00,0.088,4.464
2018-02-02 07:00,0.095,4.576
2018-02-02 08:00,0.093,4.539
2018-02-02 09:00,0.074,4.247
2018-02-02 10:00,0.054,3.885
2018-02-02 11:00,0.034,3.441
2018-02-02 12:00,0.021,3.040
2018-02-02 13:00,0.015,2.815
2018-02-02 14:00,0.012,2.696
2018-02-02 15:00,0.010,2.548
2018-02-02 16:00,0.006,2.314
2018-02-02 17:00,0.003,2.069
2018-02-02 18:00,0.002,1.868
2018-02-02 19:00,0.001,1.668
2018-02-02 20:00,0.001,1.525
2018-02-02 21:00,0,1.281
2018-02-02 22:00,0,0.874
2018-02-02 23:00,0,0.589
2018-02-03 00:00,0,0.875
2018-02-03 01:00,0,1.012
2018-02-03 02:00,0,0.769
2018-02-03 03:00,0,1.299
2018-02-03 04:00,0.001,1.696
2018-02-03 05:00,0.005,2.232
2018-02-03 06:00,0.015,2.835
2018-02-03 07:00,0.033,3.411
2018-02-03 08:00,0.052,3.851
2018-02-03 09:00,0.090,4.502
2018-02-03 10:00,0.134,5.081
2018-02-03 11:00,0.120,4.903
2018-02-03 12:00,0.081,4.362
2018-02-03 13:00,0.048,3.757
2018-02-03 14:00,0.026,3.199
2018-02-03 15:00,0.013,2.721
2018-02-03 16:00,0.005,2.254
2018-02-03 17:00,0.001,1.720
2018-02-03 18:00,0,1.198
2018-02-03 19:00,0,0.767
2018-02-03 20:00,0,0.627
2018-02-03 21:00,0,0.677
2018-02-03 22:00,0,0.808
2018-02-03 23:00,0,1.108
2018-02-04 00:00,0.001,1.573
2018-02-04 01:00,0.001,1.744
2018-02-04 02:00,0,1.013
2018-02-04 03:00,0.001,1.643
2018-02-04 04:00,0.004,2.140
2018-02-04 05:00,0.013,2.714
2018-02-04 06:00,0.028,3.287
2018-02-04 07:00,0.048,3.768
2018-02-04 08:00,0.072,4.208
2018-02-04 09:00,0.097,4.603
2018-02-04 10:00,0.102,4.678
2018-02-04 11:00,0.079,4.334
2018-02-04 12:00,0.049,3.780
2018-02-04 13:00,0.024,3.162
2018-02-04 14:00,0.011,2.625
2018-02-04 15:00,0.009,2.513
2018-02-04 16:00,0.014,2.787
2018-02-04 17:00,0.029,3.303
2018-02-04 18:00,0.060,4.012
2018-02-04 19:00,0.121,4.924
2018-02-04 20:00,0.232,6.051
2018-02-04 21:00,0.347,6.957
2018-02-04 22:00,0.370,7.122
2018-02-04 23:00,0.322,6.780
2018-02-05 00:00,0.262,6.318
2018-02-05 01:00,0.124,4.956
2018-02-05 02:00,0.046,3.724
2018-02-05 03:00,0.037,3.521
2018-02-05 04:00,0.040,3.578
2018-02-05 05:00,0.046,3.728
2018-02-05 06:00,0.054,3.881
2018-02-05 07:00,0.061,4.020
2018-02-05 08:00,0.058,3.955
2018-02-05 09:00,0.049,3.781
2018-02-05 10:00,0.026,3.212
2018-02-05 11:00,0.007,2.425
2018-02-05 12:00,0.001,1.627
2018-02-05 13:00,0,1.098
2018-02-05 14:00,0,1.430
2018-02-05 15:00,0.014,2.766
2018-02-05 16:00,0.069,4.149
2018-02-05 17:00,0.134,5.066
2018-02-05 18:00,0.199,5.764
2018-02-05 19:00,0.271,6.386
2018-02-05 20:00,0.356,7.029
2018-02-05 21:00,0.406,7.371
2018-02-05 22:00,0.395,7.302
2018-02-05 23:00,0.370,7.126
2018-02-06 00:00,0.345,6.943
2018-02-06 01:00,0.190,5.680
2018-02-06 02:00,0.097,4.598
2018-02-06 03:00,0.196,5.735
2018-02-06 04:00,0.332,6.846
2018-02-06 05:00,0.483,7.908
2018-02-06 06:00,0.582,8.597
2018-02-06 07:00,0.626,8.913
2018-02-06 08:00,0.643,9.041
2018-02-06 09:00,0.566,8.482
2018-02-06 10:00,0.612,8.809
2018-02-06 11:00,0.618,8.856
2018-02-06 12:00,0.538,8.278
2018-02-06 13:00,0.376,7.166
2018-02-06 14:00,0.224,5.983
2018-02-06 15:00,0.177,5.542
2018-02-06 16:00,0.194,5.702
2018-02-06 17:00,0.223,5.977
2018-02-06 18:00,0.238,6.115
2018-02-06 19:00,0.240,6.133
2018-02-06 20:00,0.231,6.045
2018-02-06 21:00,0.196,5.736
2018-02-06 22:00,0.145,5.200
2018-02-06 23:00,0.095,4.570
2018-02-07 00:00,0.051,3.822
2018-02-07 01:00,0.007,2.359
2018-02-07 02:00,0.007,2.372
2018-02-07 03:00,0.039,3.573
2018-02-07 04:00,0.061,4.013
2018-02-07 05:00,0.067,4.122
2018-02-07 06:00,0.058,3.959
2018-02-07 07:00,0.033,3.411
2018-02-07 08:00,0.008,2.478
2018-02-07 09:00,0.001,1.564
2018-02-07 10:00,0.001,1.590
2018-02-07 11:00,0.028,3.285
2018-02-07 12:00,0.124,4.960
2018-02-07 13:00,0.327,6.818
2018-02-07 14:00,0.572,8.515
2018-02-07 15:00,0.727,9.735
2018-02-07 16:00,0.807,10.544
2018-02-07 17:00,0.851,11.097
2018-02-07 18:00,0.873,11.448
2018-02-07 19:00,0.867,11.344
2018-02-07 20:00,0.846,11.036
2018-02-07 21:00,0.853,11.131
2018-02-07 22:00,0.842,10.980
2018-02-07 23:00,0.803,10.488
2018-02-08 00:00,0.715,9.631
2018-02-08 01:00,0.729,9.751
2018-02-08 02:00,0.792,10.370
2018-02-08 03:00,0.832,10.843
2018-02-08 04:00,0.873,11.439
2018-02-08 05:00,0.905,12.040
2018-02-08 06:00,0.917,12.297
2018-02-08 07:00,0.903,11.991
2018-02-08 08:00,0.861,11.247
2018-02-08 09:00,0.730,9.765
2018-02-08 10:00,0.730,9.766
2018-02-08 11:00,0.758,10.026
2018-02-08 12:00,0.824,10.739
2018-02-08 13:00,0.871,11.419
2018-02-08 14:00,0.884,11.631
2018-02-08 15:00,0.882,11.586
2018-02-08 16:00,0.846,11.036
2018-02-08 17:00,0.775,10.197
2018-02-08 18:00,0.700,9.490
2018-02-08 19:00,0.617,8.849
2018-02-08 20:00,0.574,8.536
2018-02-08 21:00,0.600,8.722
2018-02-08 22:00,0.640,9.016
2018-02-08 23:00,0.649,9.088
2018-02-09 00:00,0.559,8.422
2018-02-09 01:00,0.393,7.292
2018-02-09 02:00,0.667,9.229
2018-02-09 03:00,0.779,10.238
2018-02-09 04:00,0.813,10.606
2018-02-09 05:00,0.824,10.741
2018-02-09 06:00,0.840,10.960
2018-02-09 07:00,0.866,11.326
2018-02-09 08:00,0.877,11.502
2018-02-09 09:00,0.832,10.844
2018-02-09 10:00,0.720,9.667
2018-02-09 11:00,0.643,9.034
2018-02-09 12:00,0.552,8.379
2018-02-09 13:00,0.524,8.185
2018-02-09 14:00,0.620,8.869
2018-02-09 15:00,0.696,9.458
2018-02-09 16:00,0.741,9.864
2018-02-09 17:00,0.791,10.352
2018-02-09 18:00,0.765,10.090
2018-02-09 19:00,0.750,9.940
2018-02-09 20:00,0.761,10.053
2018-02-09 21:00,0.705,9.543
2018-02-09 22:00,0.672,9.264
2018-02-09 23:00,0.669,9.249
2018-02-10 00:00,0.555,8.396
2018-02-10 01:00,0.784,10.286
2018-02-10 02:00,0.882,11.578
2018-02-10 03:00,0.915,12.252
2018-02-10 04:00,0.934,12.736
2018-02-10 05:00,0.939,12.894
2018-02-10 06:00,0.942,12.981
2018-02-10 07:00,0.943,13.012
2018-02-10 08:00,0.940,12.901
2018-02-10 09:00,0.901,11.963
2018-02-10 10:00,0.838,10.924
2018-02-10 11:00,0.824,10.739
2018-02-10 12:00,0.838,10.929
2018-02-10 13:00,0.837,10.899
2018-02-10 14:00,0.819,10.681
2018-02-10 15:00,0.794,10.395
2018-02-10 16:00,0.740,9.851
2018-02-10 17:00,0.692,9.423
2018-02-10 18:00,0.660,9.167
2018-02-10 19:00,0.650,9.099
2018-02-10 20:00,0.630,8.943
2018-02-10 21:00,0.553,8.386
2018-02-10 22:00,0.468,7.807
2018-02-10 23:00,0.409,7.391
2018-02-11 00:00,0.240,6.133
2018-02-11 01:00,0.152,5.279
2018-02-11 02:00,0.265,6.340
2018-02-11 03:00,0.352,6.991
2018-02-11 04:00,0.416,7.447
2018-02-11 05:00,0.463,7.759
2018-02-11 06:00,0.480,7.887
2018-02-11 07:00,0.486,7.921
2018-02-11 08:00,0.474,7.844
2018-02-11 09:00,0.411,7.414
2018-02-11 10:00,0.426,7.517
2018-02-11 11:00,0.487,7.937
2018-02-11 12:00,0.545,8.326
2018-02-11 13:00,0.553,8.390
2018-02-11 14:00,0.487,7.932
2018-02-11 15:00,0.423,7.490
2018-02-11 16:00,0.381,7.207
2018-02-11 17:00,0.376,7.166
2018-02-11 18:00,0.393,7.292
2018-02-11 19:00,0.413,7.427
2018-02-11 20:00,0.400,7.339
2018-02-11 21:00,0.347,6.955
2018-02-11 22:00,0.328,6.823
2018-02-11 23:00,0.450,7.684
2018-02-12 00:00,0.577,8.551
2018-02-12 01:00,0.329,6.825
2018-02-12 02:00,0.302,6.633
2018-02-12 03:00,0.333,6.853
2018-02-12 04:00,0.273,6.400
2018-02-12 05:00,0.231,6.046
2018-02-12 06:00,0.200,5.772
2018-02-12 07:00,0.172,5.493
2018-02-12 08:00,0.126,4.987
2018-02-12 09:00,0.055,3.897
2018-02-12 10:00,0.022,3.071
2018-02-12 11:00,0.063,4.057
2018-02-12 12:00,0.302,6.622
2018-02-12 13:00,0.733,9.792
2018-02-12 14:00,0.920,12.376
2018-02-12 15:00,0.960,13.619
2018-02-12 16:00,0.961,13.674
2018-02-12 17:00,0.948,13.151
2018-02-12 18:00,0.923,12.459
2018-02-12 19:00,0.898,11.891
2018-02-12 20:00,0.884,11.625
2018-02-12 21:00,0.880,11.570
2018-02-12 22:00,0.899,11.905
2018-02-12 23:00,0.893,11.807
2018-02-13 00:00,0.837,10.910
2018-02-13 01:00,0.662,9.185
2018-02-13 02:00,0.635,8.981
2018-02-13 03:00,0.740,9.857
2018-02-13 04:00,0.821,10.715
2018-02-13 05:00,0.846,11.033
2018-02-13 06:00,0.798,10.434
2018-02-13 07:00,0.643,9.043
2018-02-13 08:00,0.380,7.194
2018-02-13 09:00,0.193,5.700
2018-02-13 10:00,0.069,4.166
2018-02-13 11:00,0.005,2.261
2018-02-13 12:00,0.001,1.714
2018-02-13 13:00,0.009,2.494
2018-02-13 14:00,0.021,3.044
2018-02-13 15:00,0.032,3.396
2018-02-13 16:00,0.034,3.441
2018-02-13 17:00,0.055,3.891
2018-02-13 18:00,0.087,4.450
2018-02-13 19:00,0.255,6.255
2018-02-13 20:00,0.445,7.639
2018-02-13 21:00,0.541,8.298
2018-02-13 22:00,0.510,8.081
2018-02-13 23:00,0.376,7.167
2018-02-14 00:00,0.167,5.444
2018-02-14 01:00,0.022,3.072
2018-02-14 02:00,0.005,2.274
2018-02-14 03:00,0.017,2.898
2018-02-14 04:00,0.036,3.485
2018-02-14 05:00,0.067,4.121
2018-02-14 06:00,0.109,4.768
2018-02-14 07:00,0.156,5.320
2018-02-14 08:00,0.194,5.707
2018-02-14 09:00,0.237,6.096
2018-02-14 10:00,0.223,5.970
2018-02-14 11:00,0.212,5.880
2018-02-14 12:00,0.224,5.992
2018-02-14 13:00,0.177,5.544
2018-02-14 14:00,0.097,4.598
2018-02-14 15:00,0.059,3.985
2018-02-14 16:00,0.074,4.246
2018-02-14 17:00,0.186,5.639
2018-02-14 18:00,0.281,6.458
2018-02-14 19:00,0.237,6.098
2018-02-14 20:00,0.180,5.571
2018-02-14 21:00,0.178,5.548
2018-02-14 22:00,0.212,5.882
2018-02-14 23:00,0.309,6.678
2018-02-15 00:00,0.393,7.290
2018-02-15 01:00,0.246,6.182
2018-02-15 02:00,0.204,5.812
2018-02-15 03:00,0.171,5.484
2018-02-15 04:00,0.151,5.271
2018-02-15 05:00,0.132,5.042
2018-02-15 06:00,0.113,4.804
2018-02-15 07:00,0.082,4.374
2018-02-15 08:00,0.063,4.065
2018-02-15 09:00,0.085,4.429
2018-02-15 10:00,0.116,4.853
2018-02-15 11:00,0.134,5.067
2018-02-15 12:00,0.111,4.781
2018-02-15 13:00,0.045,3.699
2018-02-15 14:00,0.004,2.188
2018-02-15 15:00,0.004,2.187
2018-02-15 16:00,0.037,3.508
2018-02-15 17:00,0.087,4.450
2018-02-15 18:00,0.089,4.483
2018-02-15 19:00,0.057,3.942
2018-02-15 20:00,0.031,3.362
2018-02-15 21:00,0.014,2.793
2018-02-15 22:00,0.003,1.968
2018-02-15 23:00,0.001,1.493
2018-02-16 00:00,0,1.259
2018-02-16 01:00,0,1.122
2018-02-16 02:00,0,0.410
2018-02-16 03:00,0,1.253
2018-02-16 04:00,0.001,1.712
2018-02-16 05:00,0.001,1.691
2018-02-16 06:00,0,1.310
2018-02-16 07:00,0,1.244
2018-02-16 08:00,0.007,2.380
2018-02-16 09:00,0.062,4.044
2018-02-16 10:00,0.150,5.264
2018-02-16 11:00,0.246,6.174
2018-02-16 12:00,0.318,6.739
2018-02-16 13:00,0.286,6.506
2018-02-16 14:00,0.239,6.124
2018-02-16 15:00,0.248,6.189
2018-02-16 16:00,0.265,6.331
2018-02-16 17:00,0.219,5.942
2018-02-16 18:00,0.163,5.401
2018-02-16 19:00,0.164,5.409
2018-02-16 20:00,0.166,5.439
2018-02-16 21:00,0.134,5.084
2018-02-16 22:00,0.159,5.362
2018-02-16 23:00,0.273,6.403
2018-02-17 00:00,0.430,7.544
2018-02-17 01:00,0.535,8.257
2018-02-17 02:00,0.591,8.654
2018-02-17 03:00,0.414,7.431
2018-02-17 04:00,0.295,6.575
2018-02-17 05:00,0.297,6.580
2018-02-17 06:00,0.351,6.986
2018-02-17 07:00,0.380,7.193
2018-02-17 08:00,0.387,7.244
2018-02-17 09:00,0.368,7.113
2018-02-17 10:00,0.348,6.974
2018-02-17 11:00,0.300,6.611
2018-02-17 12:00,0.262,6.316
2018-02-17 13:00,0.269,6.365
2018-02-17 14:00,0.274,6.412
2018-02-17 15:00,0.301,6.615
2018-02-17 16:00,0.363,7.073
2018-02-17 17:00,0.468,7.805
2018-02-17 18:00,0.514,8.114
2018-02-17 19:00,0.407,7.385
2018-02-17 20:00,0.248,6.200
2018-02-17 21:00,0.129,5.020
2018-02-17 22:00,0.038,3.535
2018-02-17 23:00,0.008,2.440
2018-02-18 00:00,0.001,1.716
2018-02-18 01:00,0,1.393
2018-02-18 02:00,0.004,2.127
2018-02-18 03:00,0.002,1.882
2018-02-18 04:00,0.003,2.005
2018-02-18 05:00,0.002,1.884
2018-02-18 06:00,0.003,1.970
2018-02-18 07:00,0.005,2.266
2018-02-18 08:00,0.009,2.520
2018-02-18 09:00,0.012,2.696
2018-02-18 10:00,0.014,2.785
2018-02-18 11:00,0.031,3.358
2018-02-18 12:00,0.016,2.865
2018-02-18 13:00,0.001,1.712
2018-02-18 14:00,0,1.361
2018-02-18 15:00,0,1.174
2018-02-18 16:00,0,1.171
2018-02-18 17:00,0,1.299
2018-02-18 18:00,0,1.374
2018-02-18 19:00,0,1.078
2018-02-18 20:00,0,1.168
2018-02-18 21:00,0.001,1.491
2018-02-18 22:00,0.003,1.978
2018-02-18 23:00,0.002,1.794
2018-02-19 00:00,0.001,1.584
2018-02-19 01:00,0.003,1.984
2018-02-19 02:00,0.012,2.696
2018-02-19 03:00,0.042,3.625
2018-02-19 04:00,0.051,3.826
2018-02-19 05:00,0.036,3.481
2018-02-19 06:00,0.030,3.336
2018-02-19 07:00,0.065,4.089
2018-02-19 08:00,0.184,5.621
2018-02-19 09:00,0.476,7.861
2018-02-19 10:00,0.726,9.728
2018-02-19 11:00,0.725,9.718
2018-02-19 12:00,0.625,8.899
2018-02-19 13:00,0.493,7.974
2018-02-19 14:00,0.365,7.090
2018-02-19 15:00,0.311,6.699
2018-02-19 16:00,0.258,6.279
2018-02-19 17:00,0.169,5.462
2018-02-19 18:00,0.175,5.522
2018-02-19 19:00,0.187,5.647
2018-02-19 20:00,0.204,5.808
2018-02-19 21:00,0.209,5.855
2018-02-19 22:00,0.182,5.603
2018-02-19 23:00,0.181,5.575
2018-02-20 00:00,0.195,5.721
2018-02-20 01:00,0.131,5.039
2018-02-20 02:00,0.111,4.779
2018-02-20 03:00,0.103,4.684
2018-02-20 04:00,0.088,4.463
2018-02-20 05:00,0.078,4.322
2018-02-20 06:00,0.080,4.347
2018-02-20 07:00,0.089,4.490
2018-02-20 08:00,0.115,4.851
2018-02-20 09:00,0.137,5.115
2018-02-20 10:00,0.123,4.951
2018-02-20 11:00,0.077,4.292
2018-02-20 12:00,0.060,4.008
2018-02-20 13:00,0.083,4.387
2018-02-20 14:00,0.181,5.587
2018-02-20 15:00,0.301,6.615
2018-02-20 16:00,0.390,7.267
2018-02-20 17:00,0.476,7.855
2018-02-20 18:00,0.568,8.488
2018-02-20 19:00,0.623,8.890
2018-02-20 20:00,0.649,9.086
2018-02-20 21:00,0.628,8.919
2018-02-20 22:00,0.562,8.445
2018-02-20 23:00,0.510,8.081
2018-02-21 00:00,0.321,6.760
2018-02-21 01:00,0.224,5.991
2018-02-21 02:00,0.345,6.946
2018-02-21 03:00,0.413,7.425
2018-02-21 04:00,0.487,7.937
2018-02-21 05:00,0.562,8.455
2018-02-21 06:00,0.625,8.907
2018-02-21 07:00,0.680,9.336
2018-02-21 08:00,0.730,9.759
2018-02-21 09:00,0.723,9.692
2018-02-21 10:00,0.710,9.580
2018-02-21 11:00,0.747,9.914
2018-02-21 12:00,0.806,10.530
2018-02-21 13:00,0.853,11.137
2018-02-21 14:00,0.880,11.570
2018-02-21 15:00,0.890,11.737
2018-02-21 16:00,0.868,11.360
2018-02-21 17:00,0.819,10.689
2018-02-21 18:00,0.829,10.815
2018-02-21 19:00,0.864,11.306
2018-02-21 20:00,0.879,11.547
2018-02-21 21:00,0.870,11.390
2018-02-21 22:00,0.865,11.315
2018-02-21 23:00,0.864,11.299
2018-02-22 00:00,0.739,9.831
2018-02-22 01:00,0.540,8.295
2018-02-22 02:00,0.689,9.402
2018-02-22 03:00,0.838,10.932
2018-02-22 04:00,0.869,11.376
2018-02-22 05:00,0.887,11.684
2018-02-22 06:00,0.893,11.796
2018-02-22 07:00,0.879,11.539
2018-02-22 08:00,0.817,10.649
2018-02-22 09:00,0.653,9.125
2018-02-22 10:00,0.594,8.670
2018-02-22 11:00,0.489,7.951
2018-02-22 12:00,0.348,6.970
2018-02-22 13:00,0.255,6.252
2018-02-22 14:00,0.281,6.465
2018-02-22 15:00,0.406,7.378
2018-02-22 16:00,0.539,8.279
2018-02-22 17:00,0.588,8.640
2018-02-22 18:00,0.594,8.674
2018-02-22 19:00,0.618,8.859
2018-02-22 20:00,0.640,9.021
2018-02-22 21:00,0.610,8.793
2018-02-22 22:00,0.533,8.243
2018-02-22 23:00,0.439,7.610
2018-02-23 00:00,0.365,7.088
2018-02-23 01:00,0.222,5.962
2018-02-23 02:00,0.263,6.320
2018-02-23 03:00,0.509,8.079
2018-02-23 04:00,0.591,8.649
2018-02-23 05:00,0.658,9.158
2018-02-23 06:00,0.721,9.676
2018-02-23 07:00,0.787,10.322
2018-02-23 08:00,0.838,10.931
2018-02-23 09:00,0.820,10.705
2018-02-23 10:00,0.757,10.018
2018-02-23 11:00,0.630,8.948
2018-02-23 12:00,0.434,7.572
2018-02-23 13:00,0.302,6.621
2018-02-23 14:00,0.281,6.467
2018-02-23 15:00,0.314,6.720
2018-02-23 16:00,0.351,6.988
2018-02-23 17:00,0.374,7.148
2018-02-23 18:00,0.375,7.163
2018-02-23 19:00,0.381,7.209
2018-02-23 20:00,0.400,7.335
2018-02-23 21:00,0.406,7.375
2018-02-23 22:00,0.410,7.400
2018-02-23 23:00,0.417,7.454
2018-02-24 00:00,0.293,6.561
2018-02-24 01:00,0.126,4.984
2018-02-24 02:00,0.162,5.398
2018-02-24 03:00,0.207,5.838
2018-02-24 04:00,0.265,6.340
2018-02-24 05:00,0.345,6.950
2018-02-24 06:00,0.425,7.505
2018-02-24 07:00,0.483,7.905
2018-02-24 08:00,0.491,7.961
2018-02-24 09:00,0.442,7.626
2018-02-24 10:00,0.392,7.277
2018-02-24 11:00,0.314,6.718
2018-02-24 12:00,0.223,5.973
2018-02-24 13:00,0.138,5.126
2018-02-24 14:00,0.094,4.559
2018-02-24 15:00,0.109,4.762
2018-02-24 16:00,0.181,5.586
2018-02-24 17:00,0.286,6.505
2018-02-24 18:00,0.389,7.258
2018-02-24 19:00,0.469,7.812
2018-02-24 20:00,0.529,8.223
2018-02-24 21:00,0.566,8.480
2018-02-24 22:00,0.595,8.683
2018-02-24 23:00,0.637,8.992
2018-02-25 00:00,0.631,8.955
2018-02-25 01:00,0.416,7.440
2018-02-25 02:00,0.633,8.967
2018-02-25 03:00,0.783,10.281
2018-02-25 04:00,0.755,9.998
2018-02-25 05:00,0.711,9.598
2018-02-25 06:00,0.648,9.084
2018-02-25 07:00,0.590,8.647
2018-02-25 08:00,0.469,7.812
2018-02-25 09:00,0.487,7.938
2018-02-25 10:00,0.618,8.853
2018-02-25 11:00,0.735,9.804
2018-02-25 12:00,0.767,10.101
2018-02-25 13:00,0.723,9.701
2018-02-25 14:00,0.721,9.671
2018-02-25 15:00,0.783,10.276
2018-02-25 16:00,0.814,10.619
2018-02-25 17:00,0.778,10.231
2018-02-25 18:00,0.725,9.716
2018-02-25 19:00,0.697,9.475
2018-02-25 20:00,0.675,9.299
2018-02-25 21:00,0.645,9.054
2018-02-25 22:00,0.577,8.550
2018-02-25 23:00,0.459,7.736
2018-02-26 00:00,0.209,5.855
2018-02-26 01:00,0.069,4.166
2018-02-26 02:00,0.017,2.901
2018-02-26 03:00,0.008,2.437
2018-02-26 04:00,0.009,2.507
2018-02-26 05:00,0.008,2.453
2018-02-26 06:00,0.005,2.242
2018-02-26 07:00,0.003,1.990
2018-02-26 08:00,0.003,2.007
2018-02-26 09:00,0.005,2.223
2018-02-26 10:00,0.016,2.854
2018-02-26 11:00,0.049,3.788
2018-02-26 12:00,0.079,4.323
2018-02-26 13:00,0.088,4.463
2018-02-26 14:00,0.130,5.025
2018-02-26 15:00,0.203,5.788
2018-02-26 16:00,0.258,6.282
2018-02-26 17:00,0.305,6.656
2018-02-26 18:00,0.362,7.071
2018-02-26 19:00,0.389,7.255
2018-02-26 20:00,0.377,7.168
2018-02-26 21:00,0.327,6.816
2018-02-26 22:00,0.282,6.471
2018-02-26 23:00,0.238,6.113
2018-02-27 00:00,0.185,5.624
2018-02-27 01:00,0.100,4.635
2018-02-27 02:00,0.048,3.774
2018-02-27 03:00,0.033,3.412
2018-02-27 04:00,0.014,2.791
2018-02-27 05:00,0.007,2.358
2018-02-27 06:00,0.012,2.676
2018-02-27 07:00,0.026,3.204
2018-02-27 08:00,0.034,3.441
2018-02-27 09:00,0.070,4.176
2018-02-27 10:00,0.161,5.383
2018-02-27 11:00,0.297,6.588
2018-02-27 12:00,0.480,7.886
2018-02-27 13:00,0.663,9.197
2018-02-27 14:00,0.777,10.209
2018-02-27 15:00,0.834,10.868
2018-02-27 16:00,0.853,11.133
2018-02-27 17:00,0.855,11.167
2018-02-27 18:00,0.863,11.276
2018-02-27 19:00,0.864,11.293
2018-02-27 20:00,0.855,11.165
2018-02-27 21:00,0.837,10.912
2018-02-27 22:00,0.822,10.726
2018-02-27 23:00,0.775,10.189
2018-02-28 00:00,0.569,8.493
2018-02-28 01:00,0.447,7.649
2018-02-28 02:00,0.587,8.632
2018-02-28 03:00,0.828,10.795
2018-02-28 04:00,0.851,11.104
2018-02-28 05:00,0.797,10.431
2018-02-28 06:00,0.704,9.533
2018-02-28 07:00,0.610,8.794
2018-02-28 08:00,0.522,8.168
2018-02-28 09:00,0.618,8.856
2018-02-28 10:00,0.833,10.854
2018-02-28 11:00,0.886,11.651
2018-02-28 12:00,0.855,11.160
2018-02-28 13:00,0.799,10.453
2018-02-28 14:00,0.648,9.080
2018-02-28 15:00,0.516,8.128
2018-02-28 16:00,0.520,8.154
2018-02-28 17:00,0.480,7.888
2018-02-28 18:00,0.483,7.901
2018-02-28 19:00,0.514,8.114
2018-02-28 20:00,0.420,7.475
2018-02-28 21:00,0.206,5.828
2018-02-28 22:00,0.118,4.875
2018-02-28 23:00,0.107,4.745
2018-03-01 00:00,0.159,5.359
2018-03-01 01:00,0.181,5.584
2018-03-01 02:00,0.187,5.649
2018-03-01 03:00,0.279,6.450
2018-03-01 04:00,0.436,7.588
2018-03-01 05:00,0.549,8.350
2018-03-01 06:00,0.594,8.675
2018-03-01 07:00,0.633,8.971
2018-03-01 08:00,0.663,9.196
2018-03-01 09:00,0.568,8.488
2018-03-01 10:00,0.476,7.860
2018-03-01 11:00,0.355,7.013
2018-03-01 12:00,0.276,6.424
2018-03-01 13:00,0.298,6.595
2018-03-01 14:00,0.398,7.324
2018-03-01 15:00,0.574,8.533
2018-03-01 16:00,0.720,9.667
2018-03-01 17:00,0.792,10.368
2018-03-01 18:00,0.800,10.459
2018-03-01 19:00,0.781,10.256
2018-03-01 20:00,0.736,9.813
2018-03-01 21:00,0.709,9.573
2018-03-01 22:00,0.719,9.656
2018-03-01 23:00,0.727,9.732
2018-03-02 00:00,0.523,8.180
2018-03-02 01:00,0.348,6.971
2018-03-02 02:00,0.536,8.269
2018-03-02 03:00,0.489,7.946
2018-03-02 04:00,0.390,7.265
2018-03-02 05:00,0.387,7.245
2018-03-02 06:00,0.426,7.512
2018-03-02 07:00,0.457,7.728
2018-03-02 08:00,0.410,7.400
2018-03-02 09:00,0.289,6.532
2018-03-02 10:00,0.169,5.461
2018-03-02 11:00,0.126,4.988
2018-03-02 12:00,0.129,5.022
2018-03-02 13:00,0.094,4.552
2018-03-02 14:00,0.110,4.775
2018-03-02 15:00,0.194,5.718
2018-03-02 16:00,0.321,6.761
2018-03-02 17:00,0.435,7.574
2018-03-02 18:00,0.510,8.086
2018-03-02 19:00,0.591,8.648
2018-03-02 20:00,0.692,9.426
2018-03-02 21:00,0.666,9.226
2018-03-02 22:00,0.400,7.335
2018-03-02 23:00,0.144,5.192
2018-03-03 00:00,0.058,3.964
2018-03-03 01:00,0.052,3.848
2018-03-03 02:00,0.133,5.062
2018-03-03 03:00,0.577,8.548
2018-03-03 04:00,0.851,11.103
2018-03-03 05:00,0.910,12.145
2018-03-03 06:00,0.928,12.570
2018-03-03 07:00,0.922,12.413
2018-03-03 08:00,0.904,12.015
2018-03-03 09:00,0.809,10.571
2018-03-03 10:00,0.741,9.865
2018-03-03 11:00,0.749,9.936
2018-03-03 12:00,0.743,9.886
2018-03-03 13:00,0.752,9.957
2018-03-03 14:00,0.753,9.975
2018-03-03 15:00,0.723,9.689
2018-03-03 16:00,0.754,9.986
2018-03-03 17:00,0.777,10.208
2018-03-03 18:00,0.681,9.347
2018-03-03 19:00,0.605,8.754
2018-03-03 20:00,0.599,8.708
2018-03-03 21:00,0.574,8.535
2018-03-03 22:00,0.345,6.941
2018-03-03 23:00,0.104,4.695
2018-03-04 00:00,0.008,2.449
2018-03-04 01:00,0.003,2.053
2018-03-04 02:00,0.014,2.771
2018-03-04 03:00,0.014,2.766
2018-03-04 04:00,0.015,2.839
2018-03-04 05:00,0.014,2.768
2018-03-04 06:00,0.007,2.392
2018-03-04 07:00,0.007,2.369
2018-03-04 08:00,0.006,2.349
2018-03-04 09:00,0.005,2.211
2018-03-04 10:00,0.003,1.995
2018-03-04 11:00,0.005,2.212
2018-03-04 12:00,0.010,2.570
2018-03-04 13:00,0.019,2.992
2018-03-04 14:00,0.054,3.873
2018-03-04 15:00,0.099,4.625
2018-03-04 16:00,0.096,4.585
2018-03-04 17:00,0.100,4.633
2018-03-04 18:00,0.126,4.988
2018-03-04 19:00,0.133,5.059
2018-03-04 20:00,0.093,4.532
2018-03-04 21:00,0.058,3.959
2018-03-04 22:00,0.032,3.394
2018-03-04 23:00,0.015,2.799
2018-03-05 00:00,0.004,2.186
2018-03-05 01:00,0.002,1.823
2018-03-05 02:00,0.001,1.662
2018-03-05 03:00,0,1.306
2018-03-05 04:00,0,1.094
2018-03-05 05:00,0,1.008
2018-03-05 06:00,0,0.766
2018-03-05 07:00,0,1.448
2018-03-05 08:00,0.008,2.451
2018-03-05 09:00,0.023,3.121
2018-03-05 10:00,0.058,3.955
2018-03-05 11:00,0.097,4.596
2018-03-05 12:00,0.125,4.972
2018-03-05 13:00,0.187,5.650
2018-03-05 14:00,0.287,6.512
2018-03-05 15:00,0.384,7.225
2018-03-05 16:00,0.486,7.927
2018-03-05 17:00,0.577,8.560
2018-03-05 18:00,0.635,8.982
2018-03-05 19:00,0.576,8.544
2018-03-05 20:00,0.423,7.497
2018-03-05 21:00,0.314,6.715
2018-03-05 22:00,0.295,6.574
2018-03-05 23:00,0.276,6.424
2018-03-06 00:00,0.208,5.843
2018-03-06 01:00,0.251,6.224
2018-03-06 02:00,0.204,5.807
2018-03-06 03:00,0.125,4.975
2018-03-06 04:00,0.069,4.170
2018-03-06 05:00,0.022,3.089
2018-03-06 06:00,0.003,1.959
2018-03-06 07:00,0,1.070
2018-03-06 08:00,0,0.432
2018-03-06 09:00,0,0.896
2018-03-06 10:00,0.027,3.231
2018-03-06 11:00,0.262,6.311
2018-03-06 12:00,0.606,8.757
2018-03-06 13:00,0.791,10.359
2018-03-06 14:00,0.851,11.095
2018-03-06 15:00,0.811,10.592
2018-03-06 16:00,0.754,9.990
2018-03-06 17:00,0.716,9.634
2018-03-06 18:00,0.663,9.199
2018-03-06 19:00,0.650,9.096
2018-03-06 20:00,0.696,9.466
2018-03-06 21:00,0.763,10.072
2018-03-06 22:00,0.834,10.869
2018-03-06 23:00,0.830,10.822
2018-03-07 00:00,0.738,9.830
2018-03-07 01:00,0.931,12.653
2018-03-07 02:00,0.932,12.681
2018-03-07 03:00,0.913,12.212
2018-03-07 04:00,0.892,11.759
2018-03-07 05:00,0.871,11.406
2018-03-07 06:00,0.843,10.996
2018-03-07 07:00,0.806,10.529
2018-03-07 08:00,0.752,9.961
2018-03-07 09:00,0.620,8.871
2018-03-07 10:00,0.486,7.923
2018-03-07 11:00,0.431,7.554
2018-03-07 12:00,0.383,7.220
2018-03-07 13:00,0.381,7.209
2018-03-07 14:00,0.436,7.582
2018-03-07 15:00,0.430,7.547
2018-03-07 16:00,0.367,7.102
2018-03-07 17:00,0.299,6.600
2018-03-07 18:00,0.247,6.184
2018-03-07 19:00,0.227,6.018
2018-03-07 20:00,0.240,6.131
2018-03-07 21:00,0.254,6.246
2018-03-07 22:00,0.269,6.367
2018-03-07 23:00,0.245,6.168
2018-03-08 00:00,0.121,4.916
2018-03-08 01:00,0.139,5.137
2018-03-08 02:00,0.086,4.444
2018-03-08 03:00,0.070,4.174
2018-03-08 04:00,0.060,4.002
2018-03-08 05:00,0.051,3.819
2018-03-08 06:00,0.040,3.579
2018-03-08 07:00,0.025,3.173
2018-03-08 08:00,0.010,2.586
2018-03-08 09:00,0.001,1.508
2018-03-08 10:00,0.001,1.692
2018-03-08 11:00,0.035,3.465
2018-03-08 12:00,0.155,5.308
2018-03-08 13:00,0.394,7.294
2018-03-08 14:00,0.653,9.125
2018-03-08 15:00,0.804,10.505
2018-03-08 16:00,0.851,11.100
2018-03-08 17:00,0.843,10.996
2018-03-08 18:00,0.817,10.662
2018-03-08 19:00,0.792,10.369
2018-03-08 20:00,0.758,10.021
2018-03-08 21:00,0.714,9.622
2018-03-08 22:00,0.668,9.234
2018-03-08 23:00,0.582,8.593
2018-03-09 00:00,0.272,6.395
2018-03-09 01:00,0.114,4.839
2018-03-09 02:00,0.069,4.162
2018-03-09 03:00,0.043,3.654
2018-03-09 04:00,0.058,3.959
2018-03-09 05:00,0.100,4.638
2018-03-09 06:00,0.137,5.112
2018-03-09 07:00,0.156,5.315
2018-03-09 08:00,0.149,5.247
2018-03-09 09:00,0.116,4.857
2018-03-09 10:00,0.058,3.965
2018-03-09 11:00,0.025,3.193
2018-03-09 12:00,0.010,2.585
2018-03-09 13:00,0.008,2.441
2018-03-09 14:00,0.026,3.208
2018-03-09 15:00,0.069,4.155
2018-03-09 16:00,0.122,4.934
2018-03-09 17:00,0.164,5.412
2018-03-09 18:00,0.208,5.851
2018-03-09 19:00,0.246,6.172
2018-03-09 20:00,0.253,6.232
2018-03-09 21:00,0.254,6.248
2018-03-09 22:00,0.236,6.092
2018-03-09 23:00,0.174,5.517
2018-03-10 00:00,0.063,4.062
2018-03-10 01:00,0.006,2.298
2018-03-10 02:00,0,0.773
2018-03-10 03:00,0,0.999
2018-03-10 04:00,0,0.808
2018-03-10 05:00,0,0.664
2018-03-10 06:00,0,1.015
2018-03-10 07:00,0.001,1.701
2018-03-10 08:00,0.007,2.408
2018-03-10 09:00,0.041,3.605
2018-03-10 10:00,0.172,5.501
2018-03-10 11:00,0.438,7.594
2018-03-10 12:00,0.640,9.019
2018-03-10 13:00,0.715,9.629
2018-03-10 14:00,0.742,9.872
2018-03-10 15:00,0.789,10.331
2018-03-10 16:00,0.826,10.767
2018-03-10 17:00,0.831,10.836
2018-03-10 18:00,0.799,10.455
2018-03-10 19:00,0.703,9.528
2018-03-10 20:00,0.565,8.475
2018-03-10 21:00,0.471,7.821
2018-03-10 22:00,0.406,7.373
2018-03-10 23:00,0.390,7.261
2018-03-11 00:00,0.355,7.016
2018-03-11 01:00,0.321,6.769
2018-03-11 02:00,0.297,6.582
2018-03-11 03:00,0.257,6.263
2018-03-11 04:00,0.213,5.893
2018-03-11 05:00,0.241,6.140
2018-03-11 06:00,0.274,6.410
2018-03-11 07:00,0.291,6.543
2018-03-11 08:00,0.282,6.474
2018-03-11 09:00,0.235,6.077
2018-03-11 10:00,0.148,5.235
2018-03-11 11:00,0.067,4.119
2018-03-11 12:00,0.054,3.874
2018-03-11 13:00,0.143,5.189
2018-03-11 14:00,0.341,6.917
2018-03-11 15:00,0.597,8.700
2018-03-11 16:00,0.773,10.168
2018-03-11 17:00,0.861,11.251
2018-03-11 18:00,0.889,11.718
2018-03-11 19:00,0.906,12.048
2018-03-11 20:00,0.908,12.101
2018-03-11 21:00,0.884,11.635
2018-03-11 22:00,0.838,10.923
2018-03-11 23:00,0.774,10.180
2018-03-12 00:00,0.474,7.842
2018-03-12 01:00,0.183,5.610
2018-03-12 02:00,0.116,4.858
2018-03-12 03:00,0.066,4.109
2018-03-12 04:00,0.055,3.916
2018-03-12 05:00,0.085,4.416
2018-03-12 06:00,0.112,4.796
2018-03-12 07:00,0.118,4.871
2018-03-12 08:00,0.103,4.684
2018-03-12 09:00,0.091,4.508
2018-03-12 10:00,0.059,3.990
2018-03-12 11:00,0.023,3.119
2018-03-12 12:00,0.004,2.177
2018-03-12 13:00,0.012,2.687
2018-03-12 14:00,0.067,4.128
2018-03-12 15:00,0.254,6.243
2018-03-12 16:00,0.519,8.147
2018-03-12 17:00,0.644,9.045
2018-03-12 18:00,0.703,9.523
2018-03-12 19:00,0.775,10.189
2018-03-12 20:00,0.803,10.492
2018-03-12 21:00,0.772,10.164
2018-03-12 22:00,0.702,9.519
2018-03-12 23:00,0.616,8.839
2018-03-13 00:00,0.338,6.900
2018-03-13 01:00,0.107,4.741
2018-03-13 02:00,0.031,3.360
2018-03-13 03:00,0.011,2.634
2018-03-13 04:00,0.033,3.419
2018-03-13 05:00,0.060,4.007
2018-03-13 06:00,0.070,4.186
2018-03-13 07:00,0.063,4.065
2018-03-13 08:00,0.046,3.709
2018-03-13 09:00,0.021,3.036
2018-03-13 10:00,0.012,2.687
2018-03-13 11:00,0.078,4.317
2018-03-13 12:00,0.367,7.104
2018-03-13 13:00,0.788,10.324
2018-03-13 14:00,0.932,12.672
2018-03-13 15:00,0.963,13.746
2018-03-13 16:00,0.970,14.085
2018-03-13 17:00,0.968,14.023
2018-03-13 18:00,0.959,13.589
2018-03-13 19:00,0.941,12.936
2018-03-13 20:00,0.919,12.345
2018-03-13 21:00,0.900,11.928
2018-03-13 22:00,0.879,11.540
2018-03-13 23:00,0.841,10.965
2018-03-14 00:00,0.609,8.787
2018-03-14 01:00,0.367,7.105
2018-03-14 02:00,0.402,7.345
2018-03-14 03:00,0.415,7.436
2018-03-14 04:00,0.239,6.123
2018-03-14 05:00,0.117,4.866
2018-03-14 06:00,0.048,3.761
2018-03-14 07:00,0.018,2.926
2018-03-14 08:00,0.010,2.567
2018-03-14 09:00,0.038,3.547
2018-03-14 10:00,0.196,5.730
2018-03-14 11:00,0.436,7.585
2018-03-14 12:00,0.516,8.122
2018-03-14 13:00,0.502,8.035
2018-03-14 14:00,0.577,8.559
2018-03-14 15:00,0.675,9.297
2018-03-14 16:00,0.716,9.634
2018-03-14 17:00,0.752,9.957
2018-03-14 18:00,0.791,10.354
2018-03-14 19:00,0.817,10.654
2018-03-14 20:00,0.777,10.211
2018-03-14 21:00,0.696,9.467
2018-03-14 22:00,0.627,8.916
2018-03-14 23:00,0.582,8.594
2018-03-15 00:00,0.795,10.397
2018-03-15 01:00,0.833,10.851
2018-03-15 02:00,0.826,10.776
2018-03-15 03:00,0.829,10.815
2018-03-15 04:00,0.828,10.802
2018-03-15 05:00,0.802,10.485
2018-03-15 06:00,0.765,10.086
2018-03-15 07:00,0.739,9.849
2018-03-15 08:00,0.738,9.840
2018-03-15 09:00,0.714,9.623
2018-03-15 10:00,0.727,9.732
2018-03-15 11:00,0.817,10.654
2018-03-15 12:00,0.839,10.939
2018-03-15 13:00,0.829,10.807
2018-03-15 14:00,0.797,10.433
2018-03-15 15:00,0.795,10.404
2018-03-15 16:00,0.810,10.575
2018-03-15 17:00,0.848,11.060
2018-03-15 18:00,0.914,12.242
2018-03-15 19:00,0.940,12.905
2018-03-15 20:00,0.936,12.806
2018-03-15 21:00,0.933,12.721
2018-03-15 22:00,0.937,12.815
2018-03-15 23:00,0.946,13.117
2018-03-16 00:00,0.973,14.295
2018-03-16 01:00,0.982,14.914
2018-03-16 02:00,0.985,15.218
2018-03-16 03:00,0.990,15.903
2018-03-16 04:00,0.993,16.659
2018-03-16 05:00,0.993,16.912
2018-03-16 06:00,0.993,16.607
2018-03-16 07:00,0.990,15.803
2018-03-16 08:00,0.980,14.711
2018-03-16 09:00,0.963,13.780
2018-03-16 10:00,0.944,13.049
2018-03-16 11:00,0.930,12.637
2018-03-16 12:00,0.917,12.307
2018-03-16 13:00,0.899,11.899
2018-03-16 14:00,0.868,11.353
2018-03-16 15:00,0.836,10.896
2018-03-16 16:00,0.759,10.037
2018-03-16 17:00,0.702,9.518
2018-03-16 18:00,0.710,9.583
2018-03-16 19:00,0.609,8.785
2018-03-16 20:00,0.587,8.631
2018-03-16 21:00,0.581,8.576
2018-03-16 22:00,0.519,8.148
2018-03-16 23:00,0.373,7.141
2018-03-17 00:00,0.169,5.464
2018-03-17 01:00,0.107,4.737
2018-03-17 02:00,0.064,4.073
2018-03-17 03:00,0.047,3.741
2018-03-17 04:00,0.062,4.029
2018-03-17 05:00,0.077,4.291
2018-03-17 06:00,0.091,4.510
2018-03-17 07:00,0.111,4.790
2018-03-17 08:00,0.133,5.064
2018-03-17 09:00,0.207,5.836
2018-03-17 10:00,0.373,7.139
2018-03-17 11:00,0.486,7.920
2018-03-17 12:00,0.434,7.572
2018-03-17 13:00,0.291,6.541
2018-03-17 14:00,0.186,5.642
2018-03-17 15:00,0.107,4.740
2018-03-17 16:00,0.046,3.722
2018-03-17 17:00,0.025,3.191
2018-03-17 18:00,0.024,3.157
2018-03-17 19:00,0.015,2.837
2018-03-17 20:00,0.006,2.281
2018-03-17 21:00,0.002,1.863
2018-03-17 22:00,0.002,1.932
2018-03-17 23:00,0.003,2.002
2018-03-18 00:00,0.004,2.102
2018-03-18 01:00,0.043,3.649
2018-03-18 02:00,0.060,4.012
2018-03-18 03:00,0.054,3.885
2018-03-18 04:00,0.040,3.577
2018-03-18 05:00,0.033,3.407
2018-03-18 06:00,0.027,3.233
2018-03-18 07:00,0.019,2.984
2018-03-18 08:00,0.017,2.898
2018-03-18 09:00,0.024,3.153
2018-03-18 10:00,0.035,3.451
2018-03-18 11:00,0.025,3.182
2018-03-18 12:00,0.006,2.332
2018-03-18 13:00,0,1.202
2018-03-18 14:00,0,0.658
2018-03-18 15:00,0,1.374
2018-03-18 16:00,0.010,2.549
2018-03-18 17:00,0.054,3.872
2018-03-18 18:00,0.083,4.381
2018-03-18 19:00,0.050,3.814
2018-03-18 20:00,0.013,2.757
2018-03-18 21:00,0.010,2.551
2018-03-18 22:00,0.017,2.898
2018-03-18 23:00,0.008,2.446
2018-03-19 00:00,0,1.394
2018-03-19 01:00,0.003,1.981
2018-03-19 02:00,0.046,3.716
2018-03-19 03:00,0.086,4.433
2018-03-19 04:00,0.084,4.395
2018-03-19 05:00,0.055,3.908
2018-03-19 06:00,0.039,3.569
2018-03-19 07:00,0.056,3.937
2018-03-19 08:00,0.118,4.890
2018-03-19 09:00,0.266,6.343
2018-03-19 10:00,0.562,8.449
2018-03-19 11:00,0.776,10.202
2018-03-19 12:00,0.802,10.484
2018-03-19 13:00,0.777,10.221
2018-03-19 14:00,0.721,9.679
2018-03-19 15:00,0.714,9.618
2018-03-19 16:00,0.689,9.402
2018-03-19 17:00,0.677,9.312
2018-03-19 18:00,0.658,9.155
2018-03-19 19:00,0.663,9.189
2018-03-19 20:00,0.612,8.802
2018-03-19 21:00,0.544,8.319
2018-03-19 22:00,0.505,8.047
2018-03-19 23:00,0.442,7.619
2018-03-20 00:00,0.418,7.462
2018-03-20 01:00,0.434,7.570
2018-03-20 02:00,0.342,6.918
2018-03-20 03:00,0.314,6.711
2018-03-20 04:00,0.374,7.151
2018-03-20 05:00,0.427,7.522
2018-03-20 06:00,0.448,7.661
2018-03-20 07:00,0.442,7.620
2018-03-20 08:00,0.424,7.503
2018-03-20 09:00,0.400,7.338
2018-03-20 10:00,0.442,7.625
2018-03-20 11:00,0.538,8.276
2018-03-20 12:00,0.516,8.128
2018-03-20 13:00,0.367,7.097
2018-03-20 14:00,0.178,5.553
2018-03-20 15:00,0.069,4.158
2018-03-20 16:00,0.061,4.021
2018-03-20 17:00,0.137,5.115
2018-03-20 18:00,0.283,6.475
2018-03-20 19:00,0.455,7.716
2018-03-20 20:00,0.594,8.674
2018-03-20 21:00,0.659,9.166
2018-03-20 22:00,0.662,9.187
2018-03-20 23:00,0.542,8.300
2018-03-21 00:00,0.235,6.078
2018-03-21 01:00,0.260,6.299
2018-03-21 02:00,0.348,6.960
2018-03-21 03:00,0.363,7.075
2018-03-21 04:00,0.355,7.012
2018-03-21 05:00,0.348,6.962
2018-03-21 06:00,0.345,6.945
2018-03-21 07:00,0.342,6.927
2018-03-21 08:00,0.370,7.129
2018-03-21 09:00,0.408,7.387
2018-03-21 10:00,0.456,7.726
2018-03-21 11:00,0.525,8.196
2018-03-21 12:00,0.496,7.990
2018-03-21 13:00,0.349,6.977
2018-03-21 14:00,0.162,5.394
2018-03-21 15:00,0.062,4.047
2018-03-21 16:00,0.040,3.585
2018-03-21 17:00,0.063,4.063
2018-03-21 18:00,0.139,5.137
2018-03-21 19:00,0.248,6.200
2018-03-21 20:00,0.315,6.725
2018-03-21 21:00,0.314,6.717
2018-03-21 22:00,0.286,6.509
2018-03-21 23:00,0.263,6.323
2018-03-22 00:00,0.143,5.181
2018-03-22 01:00,0.077,4.298
2018-03-22 02:00,0.073,4.226
2018-03-22 03:00,0.062,4.032
2018-03-22 04:00,0.039,3.553
2018-03-22 05:00,0.019,2.965
2018-03-22 06:00,0.006,2.329
2018-03-22 07:00,0.002,1.862
2018-03-22 08:00,0.002,1.878
2018-03-22 09:00,0.005,2.250
2018-03-22 10:00,0.020,3.007
2018-03-22 11:00,0.064,4.074
2018-03-22 12:00,0.142,5.173
2018-03-22 13:00,0.241,6.142
2018-03-22 14:00,0.360,7.056
2018-03-22 15:00,0.502,8.030
2018-03-22 16:00,0.647,9.077
2018-03-22 17:00,0.739,9.834
2018-03-22 18:00,0.772,10.158
2018-03-22 19:00,0.798,10.434
2018-03-22 20:00,0.805,10.526
2018-03-22 21:00,0.783,10.279
2018-03-22 22:00,0.741,9.866
2018-03-22 23:00,0.693,9.436
2018-03-23 00:00,0.441,7.616
2018-03-23 01:00,0.341,6.914
2018-03-23 02:00,0.583,8.598
2018-03-23 03:00,0.666,9.224
2018-03-23 04:00,0.710,9.584
2018-03-23 05:00,0.723,9.691
2018-03-23 06:00,0.725,9.707
2018-03-23 07:00,0.731,9.769
2018-03-23 08:00,0.735,9.809
2018-03-23 09:00,0.723,9.690
2018-03-23 10:00,0.745,9.897
2018-03-23 11:00,0.782,10.264
2018-03-23 12:00,0.741,9.861
2018-03-23 13:00,0.642,9.028
2018-03-23 14:00,0.502,8.028
2018-03-23 15:00,0.357,7.036
2018-03-23 16:00,0.271,6.385
2018-03-23 17:00,0.233,6.069
2018-03-23 18:00,0.210,5.864
2018-03-23 19:00,0.195,5.721
2018-03-23 20:00,0.188,5.655
2018-03-23 21:00,0.173,5.507
2018-03-23 22:00,0.147,5.233
2018-03-23 23:00,0.118,4.886
2018-03-24 00:00,0.050,3.811
2018-03-24 01:00,0.039,3.560
2018-03-24 02:00,0.118,4.881
2018-03-24 03:00,0.134,5.086
2018-03-24 04:00,0.143,5.185
2018-03-24 05:00,0.146,5.216
2018-03-24 06:00,0.151,5.273
2018-03-24 07:00,0.166,5.434
2018-03-24 08:00,0.198,5.758
2018-03-24 09:00,0.240,6.130
2018-03-24 10:00,0.421,7.484
2018-03-24 11:00,0.662,9.187
2018-03-24 12:00,0.777,10.210
2018-03-24 13:00,0.812,10.594
2018-03-24 14:00,0.819,10.686
2018-03-24 15:00,0.840,10.951
2018-03-24 16:00,0.865,11.318
2018-03-24 17:00,0.878,11.522
2018-03-24 18:00,0.877,11.503
2018-03-24 19:00,0.868,11.352
2018-03-24 20:00,0.858,11.208
2018-03-24 21:00,0.843,11.000
2018-03-24 22:00,0.837,10.919
2018-03-24 23:00,0.785,10.301
2018-03-25 00:00,0.558,8.418
2018-03-25 01:00,0.618,8.855
2018-03-25 02:00,0.706,9.549
2018-03-25 03:00,0.597,8.695
2018-03-25 04:00,0.497,7.992
2018-03-25 05:00,0.385,7.232
2018-03-25 06:00,0.261,6.306
2018-03-25 07:00,0.152,5.281
2018-03-25 08:00,0.072,4.219
2018-03-25 09:00,0.037,3.517
2018-03-25 10:00,0.100,4.635
2018-03-25 11:00,0.253,6.228
2018-03-25 12:00,0.374,7.149
2018-03-25 13:00,0.388,7.253
2018-03-25 14:00,0.337,6.886
2018-03-25 15:00,0.289,6.531
2018-03-25 16:00,0.285,6.489
2018-03-25 17:00,0.310,6.685
2018-03-25 18:00,0.339,6.902
2018-03-25 19:00,0.391,7.274
2018-03-25 20:00,0.632,8.962
2018-03-25 21:00,0.833,10.863
2018-03-25 22:00,0.868,11.356
2018-03-25 23:00,0.774,10.183
2018-03-26 00:00,0.488,7.943
2018-03-26 01:00,0.344,6.936
2018-03-26 02:00,0.612,8.806
2018-03-26 03:00,0.700,9.491
2018-03-26 04:00,0.723,9.696
2018-03-26 05:00,0.687,9.392
2018-03-26 06:00,0.619,8.863
2018-03-26 07:00,0.544,8.319
2018-03-26 08:00,0.463,7.760
2018-03-26 09:00,0.381,7.205
2018-03-26 10:00,0.367,7.101
2018-03-26 11:00,0.373,7.143
2018-03-26 12:00,0.403,7.361
2018-03-26 13:00,0.477,7.862
2018-03-26 14:00,0.583,8.604
2018-03-26 15:00,0.680,9.339
2018-03-26 16:00,0.750,9.942
2018-03-26 17:00,0.799,10.445
2018-03-26 18:00,0.840,10.958
2018-03-26 19:00,0.876,11.491
2018-03-26 20:00,0.899,11.915
2018-03-26 21:00,0.900,11.931
2018-03-26 22:00,0.894,11.815
2018-03-26 23:00,0.863,11.291
2018-03-27 00:00,0.653,9.119
2018-03-27 01:00,0.409,7.392
2018-03-27 02:00,0.501,8.026
2018-03-27 03:00,0.650,9.095
2018-03-27 04:00,0.700,9.498
2018-03-27 05:00,0.703,9.528
2018-03-27 06:00,0.682,9.351
2018-03-27 07:00,0.632,8.962
2018-03-27 08:00,0.533,8.247
2018-03-27 09:00,0.348,6.974
2018-03-27 10:00,0.186,5.641
2018-03-27 11:00,0.079,4.327
2018-03-27 12:00,0.034,3.432
2018-03-27 13:00,0.036,3.491
2018-03-27 14:00,0.096,4.589
2018-03-27 15:00,0.269,6.365
2018-03-27 16:00,0.516,8.132
2018-03-27 17:00,0.669,9.241
2018-03-27 18:00,0.715,9.629
2018-03-27 19:00,0.726,9.727
2018-03-27 20:00,0.743,9.880
2018-03-27 21:00,0.730,9.766
2018-03-27 22:00,0.695,9.453
2018-03-27 23:00,0.619,8.861
2018-03-28 00:00,0.304,6.647
2018-03-28 01:00,0.073,4.239
2018-03-28 02:00,0.021,3.041
2018-03-28 03:00,0.009,2.526
2018-03-28 04:00,0.009,2.494
2018-03-28 05:00,0.010,2.574
2018-03-28 06:00,0.013,2.755
2018-03-28 07:00,0.019,2.970
2018-03-28 08:00,0.027,3.234
2018-03-28 09:00,0.034,3.428
2018-03-28 10:00,0.055,3.905
2018-03-28 11:00,0.113,4.805
2018-03-28 12:00,0.204,5.807
2018-03-28 13:00,0.326,6.812
2018-03-28 14:00,0.470,7.819
2018-03-28 15:00,0.644,9.044
2018-03-28 16:00,0.780,10.247
2018-03-28 17:00,0.848,11.061
2018-03-28 18:00,0.881,11.571
2018-03-28 19:00,0.896,11.863
2018-03-28 20:00,0.887,11.694
2018-03-28 21:00,0.848,11.064
2018-03-28 22:00,0.804,10.505
2018-03-28 23:00,0.727,9.731
2018-03-29 00:00,0.426,7.513
2018-03-29 01:00,0.574,8.536
2018-03-29 02:00,0.945,13.061
2018-03-29 03:00,0.971,14.185
2018-03-29 04:00,0.977,14.520
2018-03-29 05:00,0.975,14.393
2018-03-29 06:00,0.966,13.928
2018-03-29 07:00,0.958,13.563
2018-03-29 08:00,0.958,13.546
2018-03-29 09:00,0.966,13.894
2018-03-29 10:00,0.970,14.100
2018-03-29 11:00,0.974,14.346
2018-03-29 12:00,0.976,14.491
2018-03-29 13:00,0.973,14.270
2018-03-29 14:00,0.970,14.121
2018-03-29 15:00,0.979,14.665
2018-03-29 16:00,0.986,15.324
2018-03-29 17:00,0.976,14.500
2018-03-29 18:00,0.959,13.593
2018-03-29 19:00,0.917,12.299
2018-03-29 20:00,0.834,10.866
2018-03-29 21:00,0.755,9.997
2018-03-29 22:00,0.696,9.469
2018-03-29 23:00,0.585,8.613
2018-03-30 00:00,0.450,7.671
2018-03-30 01:00,0.423,7.496
2018-03-30 02:00,0.364,7.077
2018-03-30 03:00,0.346,6.954
2018-03-30 04:00,0.321,6.765
2018-03-30 05:00,0.265,6.330
2018-03-30 06:00,0.218,5.935
2018-03-30 07:00,0.212,5.883
2018-03-30 08:00,0.262,6.312
2018-03-30 09:00,0.352,6.998
2018-03-30 10:00,0.469,7.815
2018-03-30 11:00,0.545,8.322
2018-03-30 12:00,0.479,7.869
2018-03-30 13:00,0.333,6.855
2018-03-30 14:00,0.223,5.977
2018-03-30 15:00,0.188,5.658
2018-03-30 16:00,0.229,6.027
2018-03-30 17:00,0.293,6.560
2018-03-30 18:00,0.338,6.901
2018-03-30 19:00,0.383,7.219
2018-03-30 20:00,0.479,7.881
2018-03-30 21:00,0.494,7.982
2018-03-30 22:00,0.425,7.506
2018-03-30 23:00,0.335,6.873
2018-03-31 00:00,0.209,5.853
2018-03-31 01:00,0.538,8.279
2018-03-31 02:00,0.580,8.572
2018-03-31 03:00,0.513,8.111
2018-03-31 04:00,0.405,7.367
2018-03-31 05:00,0.312,6.703
2018-03-31 06:00,0.262,6.315
2018-03-31 07:00,0.239,6.120
2018-03-31 08:00,0.209,5.859
2018-03-31 09:00,0.195,5.720
2018-03-31 10:00,0.239,6.125
2018-03-31 11:00,0.317,6.736
2018-03-31 12:00,0.364,7.079
2018-03-31 13:00,0.360,7.055
2018-03-31 14:00,0.354,7.008
2018-03-31 15:00,0.418,7.461
2018-03-31 16:00,0.536,8.264
2018-03-31 17:00,0.640,9.010
2018-03-31 18:00,0.706,9.548
2018-03-31 19:00,0.729,9.756
2018-03-31 20:00,0.738,9.836
2018-03-31 21:00,0.713,9.608
2018-03-31 22:00,0.689,9.398
2018-03-31 23:00,0.623,8.893
2018-04-01 00:00,0.352,6.989
2018-04-01 01:00,0.285,6.494
2018-04-01 02:00,0.430,7.547
2018-04-01 03:00,0.400,7.341
2018-04-01 04:00,0.360,7.057
2018-04-01 05:00,0.351,6.985
2018-04-01 06:00,0.348,6.962
2018-04-01 07:00,0.333,6.858
2018-04-01 08:00,0.305,6.650
2018-04-01 09:00,0.254,6.251
2018-04-01 10:00,0.214,5.905
2018-04-01 11:00,0.190,5.673
2018-04-01 12:00,0.242,6.144
2018-04-01 13:00,0.429,7.532
2018-04-01 14:00,0.673,9.276
2018-04-01 15:00,0.841,10.974
2018-04-01 16:00,0.918,12.318
2018-04-01 17:00,0.941,12.956
2018-04-01 18:00,0.944,13.031
2018-04-01 19:00,0.938,12.843
2018-04-01 20:00,0.926,12.521
2018-04-01 21:00,0.899,11.901
2018-04-01 22:00,0.869,11.381
2018-04-01 23:00,0.784,10.293
2018-04-02 00:00,0.460,7.744
2018-04-02 01:00,0.277,6.433
2018-04-02 02:00,0.314,6.722
2018-04-02 03:00,0.276,6.419
2018-04-02 04:00,0.229,6.033
2018-04-02 05:00,0.217,5.927
2018-04-02 06:00,0.182,5.601
2018-04-02 07:00,0.136,5.105
2018-04-02 08:00,0.098,4.615
2018-04-02 09:00,0.069,4.149
2018-04-02 10:00,0.084,4.401
2018-04-02 11:00,0.188,5.661
2018-04-02 12:00,0.400,7.336
2018-04-02 13:00,0.559,8.428
2018-04-02 14:00,0.567,8.483
2018-04-02 15:00,0.430,7.544
2018-04-02 16:00,0.367,7.101
2018-04-02 17:00,0.504,8.046
2018-04-02 18:00,0.673,9.278
2018-04-02 19:00,0.731,9.775
2018-04-02 20:00,0.681,9.346
2018-04-02 21:00,0.593,8.665
2018-04-02 22:00,0.486,7.920
2018-04-02 23:00,0.286,6.507
2018-04-03 00:00,0.309,6.677
2018-04-03 01:00,0.351,6.987
2018-04-03 02:00,0.447,7.654
2018-04-03 03:00,0.539,8.280
2018-04-03 04:00,0.503,8.041
2018-04-03 05:00,0.400,7.330
2018-04-03 06:00,0.322,6.784
2018-04-03 07:00,0.289,6.526
2018-04-03 08:00,0.265,6.329
2018-04-03 09:00,0.270,6.383
2018-04-03 10:00,0.351,6.986
2018-04-03 11:00,0.581,8.575
2018-04-03 12:00,0.740,9.859
2018-04-03 13:00,0.792,10.368
2018-04-03 14:00,0.821,10.710
2018-04-03 15:00,0.806,10.533
2018-04-03 16:00,0.789,10.330
2018-04-03 17:00,0.781,10.254
2018-04-03 18:00,0.785,10.301
2018-04-03 19:00,0.832,10.843
2018-04-03 20:00,0.889,11.714
2018-04-03 21:00,0.917,12.304
2018-04-03 22:00,0.915,12.263
2018-04-03 23:00,0.883,11.615
2018-04-04 00:00,0.958,13.560
2018-04-04 01:00,0.971,14.161
2018-04-04 02:00,0.970,14.081
2018-04-04 03:00,0.981,14.814
2018-04-04 04:00,0.984,15.105
2018-04-04 05:00,0.963,13.781
2018-04-04 06:00,0.965,13.873
2018-04-04 07:00,0.965,19.582
2018-04-04 08:00,0.882,21.462
2018-04-04 09:00,0.959,19.807
2018-04-04 10:00,0.990,17.978
2018-04-04 11:00,0.985,15.218
2018-04-04 12:00,0.943,12.992
2018-04-04 13:00,0.816,10.644
2018-04-04 14:00,0.416,7.446
2018-04-04 15:00,0.102,4.667
2018-04-04 16:00,0.149,5.250
2018-04-04 17:00,0.449,7.666
2018-04-04 18:00,0.774,10.173
2018-04-04 19:00,0.821,10.707
2018-04-04 20:00,0.784,10.289
2018-04-04 21:00,0.734,9.798
2018-04-04 22:00,0.712,9.599
2018-04-04 23:00,0.619,8.863
2018-04-05 00:00,0.730,9.761
2018-04-05 01:00,0.831,10.832
2018-04-05 02:00,0.904,12.010
2018-04-05 03:00,0.919,12.342
2018-04-05 04:00,0.943,12.990
2018-04-05 05:00,0.966,13.893
2018-04-05 06:00,0.981,14.846
2018-04-05 07:00,0.989,15.682
2018-04-05 08:00,0.992,16.363
2018-04-05 09:00,0.993,16.498
2018-04-05 10:00,0.991,15.993
2018-04-05 11:00,0.990,15.861
2018-04-05 12:00,0.993,16.477
2018-04-05 13:00,0.993,16.633
2018-04-05 14:00,0.991,15.961
2018-04-05 15:00,0.982,14.887
2018-04-05 16:00,0.960,13.625
2018-04-05 17:00,0.947,13.126
2018-04-05 18:00,0.919,12.356
2018-04-05 19:00,0.861,11.249
2018-04-05 20:00,0.795,10.407
2018-04-05 21:00,0.731,9.775
2018-04-05 22:00,0.613,8.817
2018-04-05 23:00,0.655,9.135
2018-04-06 00:00,0.817,10.656
2018-04-06 01:00,0.871,11.397
2018-04-06 02:00,0.906,12.059
2018-04-06 03:00,0.917,12.302
2018-04-06 04:00,0.912,12.186
2018-04-06 05:00,0.907,12.070
2018-04-06 06:00,0.897,11.876
2018-04-06 07:00,0.883,11.608
2018-04-06 08:00,0.861,11.252
2018-04-06 09:00,0.838,10.928
2018-04-06 10:00,0.756,10.007
2018-04-06 11:00,0.667,9.228
2018-04-06 12:00,0.616,8.839
2018-04-06 13:00,0.556,8.404
2018-04-06 14:00,0.458,7.735
2018-04-06 15:00,0.344,6.937
2018-04-06 16:00,0.243,6.152
2018-04-06 17:00,0.194,5.707
2018-04-06 18:00,0.234,6.075
2018-04-06 19:00,0.368,7.114
2018-04-06 20:00,0.539,8.281
2018-04-06 21:00,0.626,8.913
2018-04-06 22:00,0.658,9.156
2018-04-06 23:00,0.497,7.993
2018-04-07 00:00,0.390,7.263
2018-04-07 01:00,0.502,8.038
2018-04-07 02:00,0.451,7.688
2018-04-07 03:00,0.479,7.873
2018-04-07 04:00,0.560,8.434
2018-04-07 05:00,0.626,8.912
2018-04-07 06:00,0.676,9.302
2018-04-07 07:00,0.694,9.451
2018-04-07 08:00,0.681,9.343
2018-04-07 09:00,0.611,8.796
2018-04-07 10:00,0.546,8.341
2018-04-07 11:00,0.604,8.743
2018-04-07 12:00,0.648,9.082
2018-04-07 13:00,0.609,8.781
2018-04-07 14:00,0.463,7.766
2018-04-07 15:00,0.338,6.899
2018-04-07 16:00,0.321,6.777
2018-04-07 17:00,0.426,7.519
2018-04-07 18:00,0.614,8.822
2018-04-07 19:00,0.776,10.205
2018-04-07 20:00,0.861,11.255
2018-04-07 21:00,0.882,11.595
2018-04-07 22:00,0.879,11.533
2018-04-07 23:00,0.799,10.456
2018-04-08 00:00,0.451,7.687
2018-04-08 01:00,0.243,6.155
2018-04-08 02:00,0.181,5.588
2018-04-08 03:00,0.156,5.333
2018-04-08 04:00,0.201,5.778
2018-04-08 05:00,0.237,6.098
2018-04-08 06:00,0.250,6.207
2018-04-08 07:00,0.230,6.042
2018-04-08 08:00,0.183,5.607
2018-04-08 09:00,0.108,4.748
2018-04-08 10:00,0.029,3.317
2018-04-08 11:00,0.005,2.263
2018-04-08 12:00,0.013,2.753
2018-04-08 13:00,0.054,3.874
2018-04-08 14:00,0.150,5.265
2018-04-08 15:00,0.292,6.556
2018-04-08 16:00,0.377,7.168
2018-04-08 17:00,0.372,7.137
2018-04-08 18:00,0.351,6.985
2018-04-08 19:00,0.408,7.386
2018-04-08 20:00,0.578,8.562
2018-04-08 21:00,0.719,9.650
2018-04-08 22:00,0.767,10.101
2018-04-08 23:00,0.716,9.637
2018-04-09 00:00,0.396,7.314
2018-04-09 01:00,0.213,5.893
2018-04-09 02:00,0.224,5.993
2018-04-09 03:00,0.355,7.010
2018-04-09 04:00,0.506,8.062
2018-04-09 05:00,0.605,8.756
2018-04-09 06:00,0.667,9.227
2018-04-09 07:00,0.765,10.091
2018-04-09 08:00,0.848,11.059
2018-04-09 09:00,0.886,11.659
2018-04-09 10:00,0.874,11.467
2018-04-09 11:00,0.906,12.060
2018-04-09 12:00,0.916,12.280
2018-04-09 13:00,0.916,12.281
2018-04-09 14:00,0.905,12.033
2018-04-09 15:00,0.892,11.767
2018-04-09 16:00,0.879,11.537
2018-04-09 17:00,0.885,11.644
2018-04-09 18:00,0.868,11.353
2018-04-09 19:00,0.838,10.933
2018-04-09 20:00,0.805,10.516
2018-04-09 21:00,0.749,9.935
2018-04-09 22:00,0.685,9.373
2018-04-09 23:00,0.542,8.309
2018-04-10 00:00,0.418,7.464
2018-04-10 01:00,0.597,8.699
2018-04-10 02:00,0.597,8.692
2018-04-10 03:00,0.436,7.584
2018-04-10 04:00,0.292,6.554
2018-04-10 05:00,0.254,6.241
2018-04-10 06:00,0.161,5.379
2018-04-10 07:00,0.088,4.466
2018-04-10 08:00,0.044,3.676
2018-04-10 09:00,0.030,3.322
2018-04-10 10:00,0.042,3.633
2018-04-10 11:00,0.087,4.447
2018-04-10 12:00,0.151,5.274
2018-04-10 13:00,0.193,5.697
2018-04-10 14:00,0.254,6.241
2018-04-10 15:00,0.287,6.510
2018-04-10 16:00,0.359,7.051
2018-04-10 17:00,0.439,7.599
2018-04-10 18:00,0.464,7.773
2018-04-10 19:00,0.470,7.820
2018-04-10 20:00,0.525,8.194
2018-04-10 21:00,0.575,8.544
2018-04-10 22:00,0.541,8.297
2018-04-10 23:00,0.426,7.516
2018-04-11 00:00,0.162,5.390
2018-04-11 01:00,0.185,5.626
2018-04-11 02:00,0.292,6.556
2018-04-11 03:00,0.262,6.312
2018-04-11 04:00,0.234,6.073
2018-04-11 05:00,0.166,5.433
2018-04-11 06:00,0.110,4.774
2018-04-11 07:00,0.075,4.271
2018-04-11 08:00,0.060,4.010
2018-04-11 09:00,0.077,4.294
2018-04-11 10:00,0.173,5.508
2018-04-11 11:00,0.348,6.972
2018-04-11 12:00,0.484,7.911
2018-04-11 13:00,0.562,8.443
2018-04-11 14:00,0.625,8.907
2018-04-11 15:00,0.666,9.226
2018-04-11 16:00,0.643,9.031
2018-04-11 17:00,0.563,8.457
2018-04-11 18:00,0.522,8.168
2018-04-11 19:00,0.479,7.872
2018-04-11 20:00,0.351,6.987
2018-04-11 21:00,0.309,6.677
2018-04-11 22:00,0.304,6.648
2018-04-11 23:00,0.251,6.213
2018-04-12 00:00,0.235,6.087
2018-04-12 01:00,0.205,5.819
2018-04-12 02:00,0.183,5.605
2018-04-12 03:00,0.234,6.077
2018-04-12 04:00,0.318,6.738
2018-04-12 05:00,0.351,6.986
2018-04-12 06:00,0.342,6.920
2018-04-12 07:00,0.290,6.534
2018-04-12 08:00,0.234,6.075
2018-04-12 09:00,0.194,5.716
2018-04-12 10:00,0.175,5.527
2018-04-12 11:00,0.260,6.298
2018-04-12 12:00,0.523,8.183
2018-04-12 13:00,0.791,10.360
2018-04-12 14:00,0.894,11.821
2018-04-12 15:00,0.915,12.253
2018-04-12 16:00,0.920,12.363
2018-04-12 17:00,0.863,11.278
2018-04-12 18:00,0.803,10.488
2018-04-12 19:00,0.856,11.178
2018-04-12 20:00,0.885,11.648
2018-04-12 21:00,0.871,11.401
2018-04-12 22:00,0.821,10.717
2018-04-12 23:00,0.682,9.354
2018-04-13 00:00,0.773,10.179
2018-04-13 01:00,0.882,11.596
2018-04-13 02:00,0.904,12.013
2018-04-13 03:00,0.917,12.293
2018-04-13 04:00,0.940,12.909
2018-04-13 05:00,0.960,13.633
2018-04-13 06:00,0.967,13.979
2018-04-13 07:00,0.966,13.907
2018-04-13 08:00,0.968,14.011
2018-04-13 09:00,0.961,13.663
2018-04-13 10:00,0.911,12.147
2018-04-13 11:00,0.807,10.543
2018-04-13 12:00,0.704,9.534
2018-04-13 13:00,0.632,8.959
2018-04-13 14:00,0.452,7.694
2018-04-13 15:00,0.413,7.421
2018-04-13 16:00,0.485,7.914
2018-04-13 17:00,0.548,8.346
2018-04-13 18:00,0.429,7.529
2018-04-13 19:00,0.433,7.568
2018-04-13 20:00,0.516,8.128
2018-04-13 21:00,0.410,7.409
2018-04-13 22:00,0.281,6.468
2018-04-13 23:00,0.088,4.472
2018-04-14 00:00,0.027,3.255
2018-04-14 01:00,0.371,7.131
2018-04-14 02:00,0.480,7.885
2018-04-14 03:00,0.466,7.788
2018-04-14 04:00,0.393,7.280
2018-04-14 05:00,0.321,6.766
2018-04-14 06:00,0.263,6.323
2018-04-14 07:00,0.208,5.850
2018-04-14 08:00,0.159,5.364
2018-04-14 09:00,0.130,5.027
2018-04-14 10:00,0.100,4.630
2018-04-14 11:00,0.058,3.951
2018-04-14 12:00,0.022,3.087
2018-04-14 13:00,0.009,2.527
2018-04-14 14:00,0.006,2.332
2018-04-14 15:00,0.009,2.535
2018-04-14 16:00,0.019,2.956
2018-04-14 17:00,0.029,3.308
2018-04-14 18:00,0.043,3.651
2018-04-14 19:00,0.068,4.142
2018-04-14 20:00,0.109,4.764
2018-04-14 21:00,0.154,5.293
2018-04-14 22:00,0.227,6.015
2018-04-14 23:00,0.238,6.108
2018-04-15 00:00,0.136,5.109
2018-04-15 01:00,0.134,5.075
2018-04-15 02:00,0.134,5.083
2018-04-15 03:00,0.140,5.149
2018-04-15 04:00,0.120,4.903
2018-04-15 05:00,0.079,4.333
2018-04-15 06:00,0.040,3.575
2018-04-15 07:00,0.015,2.795
2018-04-15 08:00,0.002,1.918
2018-04-15 09:00,0,1.089
2018-04-15 10:00,0,1.416
2018-04-15 11:00,0.043,3.637
2018-04-15 12:00,0.174,5.517
2018-04-15 13:00,0.338,6.898
2018-04-15 14:00,0.502,8.029
2018-04-15 15:00,0.615,8.826
2018-04-15 16:00,0.663,9.202
2018-04-15 17:00,0.670,9.252
2018-04-15 18:00,0.675,9.298
2018-04-15 19:00,0.669,9.239
2018-04-15 20:00,0.640,9.011
2018-04-15 21:00,0.569,8.499
2018-04-15 22:00,0.490,7.956
2018-04-15 23:00,0.342,6.923
2018-04-16 00:00,0.129,5.015
2018-04-16 01:00,0.068,4.134
2018-04-16 02:00,0.059,3.969
2018-04-16 03:00,0.083,4.388
2018-04-16 04:00,0.113,4.810
2018-04-16 05:00,0.134,5.082
2018-04-16 06:00,0.154,5.294
2018-04-16 07:00,0.168,5.451
2018-04-16 08:00,0.162,5.391
2018-04-16 09:00,0.114,4.835
2018-04-16 10:00,0.043,3.666
2018-04-16 11:00,0.002,1.894
2018-04-16 12:00,0.003,2.040
2018-04-16 13:00,0.097,4.597
2018-04-16 14:00,0.430,7.543
2018-04-16 15:00,0.734,9.795
2018-04-16 16:00,0.847,11.052
2018-04-16 17:00,0.873,11.451
2018-04-16 18:00,0.863,11.274
2018-04-16 19:00,0.853,11.120
2018-04-16 20:00,0.853,11.135
2018-04-16 21:00,0.839,10.947
2018-04-16 22:00,0.799,10.442
2018-04-16 23:00,0.633,8.970
2018-04-17 00:00,0.254,6.237
2018-04-17 01:00,0.086,4.443
2018-04-17 02:00,0.095,4.569
2018-04-17 03:00,0.098,4.613
2018-04-17 04:00,0.080,4.348
2018-04-17 05:00,0.062,4.032
2018-04-17 06:00,0.049,3.796
2018-04-17 07:00,0.032,3.399
2018-04-17 08:00,0.013,2.736
2018-04-17 09:00,0.002,1.891
2018-04-17 10:00,0,1.354
2018-04-17 11:00,0.018,2.947
2018-04-17 12:00,0.112,4.794
2018-04-17 13:00,0.318,6.740
2018-04-17 14:00,0.666,9.220
2018-04-17 15:00,0.872,11.432
2018-04-17 16:00,0.915,12.265
2018-04-17 17:00,0.910,12.138
2018-04-17 18:00,0.893,11.784
2018-04-17 19:00,0.879,11.552
2018-04-17 20:00,0.868,11.351
2018-04-17 21:00,0.818,10.671
2018-04-17 22:00,0.719,9.664
2018-04-17 23:00,0.457,7.729
2018-04-18 00:00,0.217,5.925
2018-04-18 01:00,0.205,5.819
2018-04-18 02:00,0.313,6.705
2018-04-18 03:00,0.352,6.996
2018-04-18 04:00,0.430,7.546
2018-04-18 05:00,0.551,8.376
2018-04-18 06:00,0.645,9.056
2018-04-18 07:00,0.703,9.530
2018-04-18 08:00,0.767,10.105
2018-04-18 09:00,0.826,10.778
2018-04-18 10:00,0.855,11.166
2018-04-18 11:00,0.913,12.198
2018-04-18 12:00,0.946,13.085
2018-04-18 13:00,0.952,13.318
2018-04-18 14:00,0.949,13.207
2018-04-18 15:00,0.948,13.189
2018-04-18 16:00,0.943,13.006
2018-04-18 17:00,0.929,12.614
2018-04-18 18:00,0.913,12.197
2018-04-18 19:00,0.904,12.014
2018-04-18 20:00,0.909,12.128
2018-04-18 21:00,0.919,12.348
2018-04-18 22:00,0.926,12.507
2018-04-18 23:00,0.931,12.644
2018-04-19 00:00,0.989,15.682
2018-04-19 01:00,0.992,17.601
2018-04-19 02:00,0.989,18.063
2018-04-19 03:00,0.989,17.991
2018-04-19 04:00,0.990,17.902
2018-04-19 05:00,0.990,17.895
2018-04-19 06:00,0.990,17.846
2018-04-19 07:00,0.991,17.744
2018-04-19 08:00,0.992,17.623
2018-04-19 09:00,0.993,16.911
2018-04-19 10:00,0.986,15.307
2018-04-19 11:00,0.969,14.070
2018-04-19 12:00,0.943,13.016
2018-04-19 13:00,0.913,12.197
2018-04-19 14:00,0.919,12.337
2018-04-19 15:00,0.929,12.602
2018-04-19 16:00,0.934,12.747
2018-04-19 17:00,0.884,11.637
2018-04-19 18:00,0.789,10.337
2018-04-19 19:00,0.694,9.448
2018-04-19 20:00,0.775,10.200
2018-04-19 21:00,0.826,10.760
2018-04-19 22:00,0.795,10.402
2018-04-19 23:00,0.745,9.896
2018-04-20 00:00,0.769,10.135
2018-04-20 01:00,0.752,9.962
2018-04-20 02:00,0.800,10.463
2018-04-20 03:00,0.817,10.656
2018-04-20 04:00,0.800,10.467
2018-04-20 05:00,0.745,9.893
2018-04-20 06:00,0.681,9.344
2018-04-20 07:00,0.645,9.057
2018-04-20 08:00,0.604,8.744
2018-04-20 09:00,0.518,8.143
2018-04-20 10:00,0.385,7.232
2018-04-20 11:00,0.295,6.575
2018-04-20 12:00,0.224,5.986
2018-04-20 13:00,0.151,5.274
2018-04-20 14:00,0.090,4.503
2018-04-20 15:00,0.043,3.659
2018-04-20 16:00,0.014,2.786
2018-04-20 17:00,0.002,1.925
2018-04-20 18:00,0,1.421
2018-04-20 19:00,0,1.288
2018-04-20 20:00,0,1.437
2018-04-20 21:00,0.002,1.943
2018-04-20 22:00,0.010,2.583
2018-04-20 23:00,0.011,2.621
2018-04-21 00:00,0.028,3.277
2018-04-21 01:00,0.087,4.454
2018-04-21 02:00,0.123,4.952
2018-04-21 03:00,0.137,5.115
2018-04-21 04:00,0.105,4.715
2018-04-21 05:00,0.072,4.211
2018-04-21 06:00,0.062,4.049
2018-04-21 07:00,0.061,4.019
2018-04-21 08:00,0.037,3.501
2018-04-21 09:00,0.025,3.187
2018-04-21 10:00,0.027,3.255
2018-04-21 11:00,0.047,3.735
2018-04-21 12:00,0.077,4.291
2018-04-21 13:00,0.102,4.672
2018-04-21 14:00,0.132,5.045
2018-04-21 15:00,0.178,5.552
2018-04-21 16:00,0.128,5.003
2018-04-21 17:00,0.019,2.986
2018-04-21 18:00,0,1.142
2018-04-21 19:00,0.001,1.491
2018-04-21 20:00,0.004,2.140
2018-04-21 21:00,0.015,2.819
2018-04-21 22:00,0.024,3.165
2018-04-21 23:00,0.020,3.034
2018-04-22 00:00,0.016,2.870
2018-04-22 01:00,0.111,4.784
2018-04-22 02:00,0.097,4.597
2018-04-22 03:00,0.056,3.936
2018-04-22 04:00,0.031,3.346
2018-04-22 05:00,0.022,3.073
2018-04-22 06:00,0.028,3.265
2018-04-22 07:00,0.048,3.758
2018-04-22 08:00,0.090,4.505
2018-04-22 09:00,0.144,5.192
2018-04-22 10:00,0.246,6.172
2018-04-22 11:00,0.423,7.499
2018-04-22 12:00,0.477,7.863
2018-04-22 13:00,0.403,7.358
2018-04-22 14:00,0.294,6.569
2018-04-22 15:00,0.257,6.271
2018-04-22 16:00,0.297,6.580
2018-04-22 17:00,0.365,7.090
2018-04-22 18:00,0.439,7.597
2018-04-22 19:00,0.475,7.845
2018-04-22 20:00,0.476,7.854
2018-04-22 21:00,0.462,7.758
2018-04-22 22:00,0.456,7.724
2018-04-22 23:00,0.445,7.641
2018-04-23 00:00,0.435,7.576
2018-04-23 01:00,0.406,7.373
2018-04-23 02:00,0.363,7.073
2018-04-23 03:00,0.310,6.686
2018-04-23 04:00,0.279,6.443
2018-04-23 05:00,0.296,6.578
2018-04-23 06:00,0.355,7.016
2018-04-23 07:00,0.410,7.405
2018-04-23 08:00,0.429,7.535
2018-04-23 09:00,0.402,7.347
2018-04-23 10:00,0.345,6.948
2018-04-23 11:00,0.346,6.953
2018-04-23 12:00,0.359,7.053
2018-04-23 13:00,0.379,7.187
2018-04-23 14:00,0.419,7.469
2018-04-23 15:00,0.480,7.890
2018-04-23 16:00,0.533,8.246
2018-04-23 17:00,0.582,8.593
2018-04-23 18:00,0.623,8.891
2018-04-23 19:00,0.591,8.648
2018-04-23 20:00,0.520,8.155
2018-04-23 21:00,0.365,7.088
2018-04-23 22:00,0.196,5.731
2018-04-23 23:00,0.088,4.463
2018-04-24 00:00,0.074,4.244
2018-04-24 01:00,0.059,3.986
2018-04-24 02:00,0.050,3.801
2018-04-24 03:00,0.062,4.047
2018-04-24 04:00,0.080,4.350
2018-04-24 05:00,0.088,4.472
2018-04-24 06:00,0.090,4.498
2018-04-24 07:00,0.085,4.422
2018-04-24 08:00,0.076,4.275
2018-04-24 09:00,0.068,4.132
2018-04-24 10:00,0.059,3.986
2018-04-24 11:00,0.040,3.596
2018-04-24 12:00,0.016,2.853
2018-04-24 13:00,0.005,2.209
2018-04-24 14:00,0.002,1.942
2018-04-24 15:00,0.007,2.406
2018-04-24 16:00,0.027,3.232
2018-04-24 17:00,0.072,4.208
2018-04-24 18:00,0.118,4.871
2018-04-24 19:00,0.176,5.527
2018-04-24 20:00,0.232,6.058
2018-04-24 21:00,0.227,6.021
2018-04-24 22:00,0.198,5.756
2018-04-24 23:00,0.140,5.152
2018-04-25 00:00,0.058,3.964
2018-04-25 01:00,0.030,3.337
2018-04-25 02:00,0.020,3.015
2018-04-25 03:00,0.028,3.276
2018-04-25 04:00,0.051,3.822
2018-04-25 05:00,0.074,4.246
2018-04-25 06:00,0.088,4.464
2018-04-25 07:00,0.090,4.493
2018-04-25 08:00,0.080,4.340
2018-04-25 09:00,0.056,3.917
2018-04-25 10:00,0.016,2.872
2018-04-25 11:00,0,1.003
2018-04-25 12:00,0,1.350
2018-04-25 13:00,0.022,3.085
2018-04-25 14:00,0.096,4.588
2018-04-25 15:00,0.206,5.826
2018-04-25 16:00,0.333,6.851
2018-04-25 17:00,0.441,7.614
2018-04-25 18:00,0.504,8.046
2018-04-25 19:00,0.508,8.074
2018-04-25 20:00,0.479,7.872
2018-04-25 21:00,0.384,7.228
2018-04-25 22:00,0.297,6.589
2018-04-25 23:00,0.192,5.695
2018-04-26 00:00,0.071,4.202
2018-04-26 01:00,0.025,3.193
2018-04-26 02:00,0.096,4.582
2018-04-26 03:00,0.117,4.867
2018-04-26 04:00,0.137,5.117
2018-04-26 05:00,0.172,5.495
2018-04-26 06:00,0.201,5.776
2018-04-26 07:00,0.203,5.789
2018-04-26 08:00,0.182,5.597
2018-04-26 09:00,0.139,5.143
2018-04-26 10:00,0.091,4.517
2018-04-26 11:00,0.040,3.582
2018-04-26 12:00,0.010,2.577
2018-04-26 13:00,0.002,1.864
2018-04-26 14:00,0.001,1.532
2018-04-26 15:00,0.001,1.673
2018-04-26 16:00,0.004,2.117
2018-04-26 17:00,0.015,2.803
2018-04-26 18:00,0.045,3.696
2018-04-26 19:00,0.102,4.670
2018-04-26 20:00,0.183,5.610
2018-04-26 21:00,0.226,6.006
2018-04-26 22:00,0.217,5.932
2018-04-26 23:00,0.153,5.283
2018-04-27 00:00,0.048,3.756
2018-04-27 01:00,0.029,3.305
2018-04-27 02:00,0.023,3.123
2018-04-27 03:00,0.026,3.199
2018-04-27 04:00,0.035,3.456
2018-04-27 05:00,0.046,3.722
2018-04-27 06:00,0.060,4.003
2018-04-27 07:00,0.079,4.338
2018-04-27 08:00,0.109,4.768
2018-04-27 09:00,0.165,5.421
2018-04-27 10:00,0.270,6.371
2018-04-27 11:00,0.524,8.190
2018-04-27 12:00,0.797,10.418
2018-04-27 13:00,0.909,12.131
2018-04-27 14:00,0.932,12.679
2018-04-27 15:00,0.927,12.553
2018-04-27 16:00,0.913,12.206
2018-04-27 17:00,0.890,11.748
2018-04-27 18:00,0.863,11.292
2018-04-27 19:00,0.828,10.803
2018-04-27 20:00,0.784,10.293
2018-04-27 21:00,0.723,9.697
2018-04-27 22:00,0.630,8.942
2018-04-27 23:00,0.351,6.988
2018-04-28 00:00,0.334,6.865
2018-04-28 01:00,0.583,8.601
2018-04-28 02:00,0.650,9.095
2018-04-28 03:00,0.648,9.083
2018-04-28 04:00,0.594,8.679
2018-04-28 05:00,0.515,8.117
2018-04-28 06:00,0.416,7.440
2018-04-28 07:00,0.309,6.683
2018-04-28 08:00,0.218,5.934
2018-04-28 09:00,0.171,5.489
2018-04-28 10:00,0.182,5.597
2018-04-28 11:00,0.333,6.857
2018-04-28 12:00,0.470,7.817
2018-04-28 13:00,0.525,8.195
2018-04-28 14:00,0.544,8.319
2018-04-28 15:00,0.591,8.649
2018-04-28 16:00,0.650,9.099
2018-04-28 17:00,0.680,9.334
2018-04-28 18:00,0.689,9.411
2018-04-28 19:00,0.700,9.497
2018-04-28 20:00,0.742,9.870
2018-04-28 21:00,0.767,10.102
2018-04-28 22:00,0.753,9.975
2018-04-28 23:00,0.582,8.594
2018-04-29 00:00,0.616,8.835
2018-04-29 01:00,0.699,9.487
2018-04-29 02:00,0.737,9.824
2018-04-29 03:00,0.725,9.711
2018-04-29 04:00,0.696,9.471
2018-04-29 05:00,0.663,9.202
2018-04-29 06:00,0.619,8.862
2018-04-29 07:00,0.566,8.481
2018-04-29 08:00,0.500,8.022
2018-04-29 09:00,0.457,7.730
2018-04-29 10:00,0.470,7.819
2018-04-29 11:00,0.537,8.274
2018-04-29 12:00,0.447,7.655
2018-04-29 13:00,0.282,6.471
2018-04-29 14:00,0.144,5.191
2018-04-29 15:00,0.074,4.248
2018-04-29 16:00,0.081,4.358
2018-04-29 17:00,0.149,5.252
2018-04-29 18:00,0.223,5.969
2018-04-29 19:00,0.257,6.263
2018-04-29 20:00,0.258,6.285
2018-04-29 21:00,0.254,6.245
2018-04-29 22:00,0.211,5.879
2018-04-29 23:00,0.147,5.226
2018-04-30 00:00,0.087,4.459
2018-04-30 01:00,0.108,4.760
2018-04-30 02:00,0.123,4.944
2018-04-30 03:00,0.191,5.684
2018-04-30 04:00,0.319,6.749
2018-04-30 05:00,0.390,7.260
2018-04-30 06:00,0.343,6.933
2018-04-30 07:00,0.248,6.191
2018-04-30 08:00,0.163,5.405
2018-04-30 09:00,0.106,4.723
2018-04-30 10:00,0.108,4.754
2018-04-30 11:00,0.204,5.806
2018-04-30 12:00,0.294,6.567
2018-04-30 13:00,0.426,7.513
2018-04-30 14:00,0.593,8.668
2018-04-30 15:00,0.678,9.322
2018-04-30 16:00,0.666,9.221
2018-04-30 17:00,0.619,8.865
2018-04-30 18:00,0.587,8.630
2018-04-30 19:00,0.573,8.527
2018-04-30 20:00,0.467,7.798
2018-04-30 21:00,0.305,6.650
2018-04-30 22:00,0.204,5.798
2018-04-30 23:00,0.256,6.259
2018-05-01 00:00,0.508,8.073
2018-05-01 01:00,0.616,8.836
2018-05-01 02:00,0.643,9.033
2018-05-01 03:00,0.656,9.143
2018-05-01 04:00,0.726,9.726
2018-05-01 05:00,0.843,11.001
2018-05-01 06:00,0.929,12.579
2018-05-01 07:00,0.962,13.707
2018-05-01 08:00,0.967,13.921
2018-05-01 09:00,0.956,13.469
2018-05-01 10:00,0.935,12.756
2018-05-01 11:00,0.903,11.984
2018-05-01 12:00,0.868,11.364
2018-05-01 13:00,0.817,10.664
2018-05-01 14:00,0.710,9.589
2018-05-01 15:00,0.555,8.397
2018-05-01 16:00,0.413,7.429
2018-05-01 17:00,0.321,6.768
2018-05-01 18:00,0.257,6.264
2018-05-01 19:00,0.181,5.582
2018-05-01 20:00,0.093,4.549
2018-05-01 21:00,0.038,3.539
2018-05-01 22:00,0.024,3.152
2018-05-01 23:00,0.017,2.896
2018-05-02 00:00,0.008,2.470
2018-05-02 01:00,0.003,2.016
2018-05-02 02:00,0.001,1.605
2018-05-02 03:00,0,1.110
2018-05-02 04:00,0,0.669
2018-05-02 05:00,0,0.540
2018-05-02 06:00,0,0.588
2018-05-02 07:00,0,0.695
2018-05-02 08:00,0,1.047
2018-05-02 09:00,0.005,2.271
2018-05-02 10:00,0.039,3.554
2018-05-02 11:00,0.184,5.619
2018-05-02 12:00,0.356,7.032
2018-05-02 13:00,0.463,7.768
2018-05-02 14:00,0.527,8.209
2018-05-02 15:00,0.622,8.887
2018-05-02 16:00,0.715,9.632
2018-05-02 17:00,0.767,10.114
2018-05-02 18:00,0.792,10.367
2018-05-02 19:00,0.809,10.570
2018-05-02 20:00,0.819,10.689
2018-05-02 21:00,0.801,10.480
2018-05-02 22:00,0.761,10.056
2018-05-02 23:00,0.518,8.144
2018-05-03 00:00,0.569,8.496
2018-05-03 01:00,0.740,9.856
2018-05-03 02:00,0.696,9.463
2018-05-03 03:00,0.696,9.465
2018-05-03 04:00,0.715,9.628
2018-05-03 05:00,0.726,9.730
2018-05-03 06:00,0.725,9.710
2018-05-03 07:00,0.715,9.630
2018-05-03 08:00,0.719,9.654
2018-05-03 09:00,0.765,10.085
2018-05-03 10:00,0.827,10.784
2018-05-03 11:00,0.905,12.042
2018-05-03 12:00,0.943,13.010
2018-05-03 13:00,0.950,13.243
2018-05-03 14:00,0.951,13.291
2018-05-03 15:00,0.946,13.104
2018-05-03 16:00,0.935,12.761
2018-05-03 17:00,0.923,12.454
2018-05-03 18:00,0.909,12.116
2018-05-03 19:00,0.887,11.676
2018-05-03 20:00,0.853,11.125
2018-05-03 21:00,0.826,10.759
2018-05-03 22:00,0.758,10.023
2018-05-03 23:00,0.599,8.706
2018-05-04 00:00,0.721,9.680
2018-05-04 01:00,0.516,8.130
2018-05-04 02:00,0.218,5.939
2018-05-04 03:00,0.072,4.212
2018-05-04 04:00,0.024,3.162
2018-05-04 05:00,0.009,2.544
2018-05-04 06:00,0.004,2.138
2018-05-04 07:00,0.002,1.931
2018-05-04 08:00,0.004,2.168
2018-05-04 09:00,0.013,2.712
2018-05-04 10:00,0.050,3.803
2018-05-04 11:00,0.127,4.997
2018-05-04 12:00,0.194,5.712
2018-05-04 13:00,0.230,6.036
2018-05-04 14:00,0.209,5.856
2018-05-04 15:00,0.202,5.785
2018-05-04 16:00,0.228,6.024
2018-05-04 17:00,0.262,6.313
2018-05-04 18:00,0.423,7.488
2018-05-04 19:00,0.588,8.637
2018-05-04 20:00,0.650,9.096
2018-05-04 21:00,0.600,8.722
2018-05-04 22:00,0.486,7.921
2018-05-04 23:00,0.341,6.914
2018-05-05 00:00,0.505,8.056
2018-05-05 01:00,0.822,10.725
2018-05-05 02:00,0.889,11.721
2018-05-05 03:00,0.839,10.943
2018-05-05 04:00,0.809,10.570
2018-05-05 05:00,0.789,10.336
2018-05-05 06:00,0.685,9.375
2018-05-05 07:00,0.516,8.136
2018-05-05 08:00,0.284,6.483
2018-05-05 09:00,0.085,4.408
2018-05-05 10:00,0.003,2.054
2018-05-05 11:00,0.001,1.677
2018-05-05 12:00,0.059,3.976
2018-05-05 13:00,0.225,6.001
2018-05-05 14:00,0.455,7.716
2018-05-05 15:00,0.523,8.183
2018-05-05 16:00,0.551,8.373
2018-05-05 17:00,0.516,8.126
2018-05-05 18:00,0.470,7.818
2018-05-05 19:00,0.393,7.285
2018-05-05 20:00,0.317,6.732
2018-05-05 21:00,0.227,6.012
2018-05-05 22:00,0.128,5.003
2018-05-05 23:00,0.023,3.136
2018-05-06 00:00,0,1.417
2018-05-06 01:00,0.038,3.540
2018-05-06 02:00,0.032,3.388
2018-05-06 03:00,0.020,3.031
2018-05-06 04:00,0.010,2.548
2018-05-06 05:00,0.010,2.596
2018-05-06 06:00,0.015,2.836
2018-05-06 07:00,0.027,3.235
2018-05-06 08:00,0.048,3.770
2018-05-06 09:00,0.060,4.003
2018-05-06 10:00,0.072,4.221
2018-05-06 11:00,0.162,5.395
2018-05-06 12:00,0.363,7.076
2018-05-06 13:00,0.588,8.635
2018-05-06 14:00,0.707,9.559
2018-05-06 15:00,0.750,9.943
2018-05-06 16:00,0.743,9.878
2018-05-06 17:00,0.715,9.629
2018-05-06 18:00,0.679,9.326
2018-05-06 19:00,0.628,8.928
2018-05-06 20:00,0.565,8.476
2018-05-06 21:00,0.485,7.914
2018-05-06 22:00,0.365,7.080
2018-05-06 23:00,0.141,5.165
2018-05-07 00:00,0.053,3.861
2018-05-07 01:00,0.179,5.560
2018-05-07 02:00,0.429,7.539
2018-05-07 03:00,0.627,8.918
2018-05-07 04:00,0.711,9.598
2018-05-07 05:00,0.758,10.029
2018-05-07 06:00,0.765,10.088
2018-05-07 07:00,0.721,9.681
2018-05-07 08:00,0.631,8.953
2018-05-07 09:00,0.559,8.420
2018-05-07 10:00,0.576,8.547
2018-05-07 11:00,0.748,9.930
2018-05-07 12:00,0.879,11.528
2018-05-07 13:00,0.895,11.840
2018-05-07 14:00,0.892,11.771
2018-05-07 15:00,0.880,11.564
2018-05-07 16:00,0.863,11.285
2018-05-07 17:00,0.864,11.296
2018-05-07 18:00,0.866,11.326
2018-05-07 19:00,0.864,11.298
2018-05-07 20:00,0.861,11.248
2018-05-07 21:00,0.815,10.641
2018-05-07 22:00,0.729,9.748
2018-05-07 23:00,0.592,8.665
2018-05-08 00:00,0.731,9.774
2018-05-08 01:00,0.664,9.208
2018-05-08 02:00,0.533,8.239
2018-05-08 03:00,0.431,7.550
2018-05-08 04:00,0.371,7.132
2018-05-08 05:00,0.363,7.074
2018-05-08 06:00,0.374,7.151
2018-05-08 07:00,0.370,7.130
2018-05-08 08:00,0.365,7.082
2018-05-08 09:00,0.424,7.501
2018-05-08 10:00,0.563,8.458
2018-05-08 11:00,0.748,9.919
2018-05-08 12:00,0.853,11.130
2018-05-08 13:00,0.797,10.427
2018-05-08 14:00,0.710,9.585
2018-05-08 15:00,0.640,9.009
2018-05-08 16:00,0.607,8.773
2018-05-08 17:00,0.586,8.626
2018-05-08 18:00,0.594,8.671
2018-05-08 19:00,0.601,8.728
2018-05-08 20:00,0.575,8.541
2018-05-08 21:00,0.483,7.901
2018-05-08 22:00,0.345,6.939
2018-05-08 23:00,0.301,6.617
2018-05-09 00:00,0.490,7.957
2018-05-09 01:00,0.423,7.491
2018-05-09 02:00,0.380,7.199
2018-05-09 03:00,0.361,7.065
2018-05-09 04:00,0.305,6.652
2018-05-09 05:00,0.212,5.880
2018-05-09 06:00,0.139,5.134
2018-05-09 07:00,0.110,4.776
2018-05-09 08:00,0.118,4.884
2018-05-09 09:00,0.166,5.432
2018-05-09 10:00,0.233,6.069
2018-05-09 11:00,0.346,6.954
2018-05-09 12:00,0.504,8.045
2018-05-09 13:00,0.577,8.559
2018-05-09 14:00,0.597,8.699
2018-05-09 15:00,0.594,8.678
2018-05-09 16:00,0.564,8.464
2018-05-09 17:00,0.498,8.006
2018-05-09 18:00,0.425,7.506
2018-05-09 19:00,0.333,6.863
2018-05-09 20:00,0.270,6.376
2018-05-09 21:00,0.177,5.536
2018-05-09 22:00,0.138,5.128
2018-05-09 23:00,0.189,5.670
2018-05-10 00:00,0.252,6.225
2018-05-10 01:00,0.235,6.085
2018-05-10 02:00,0.204,5.809
2018-05-10 03:00,0.179,5.554
2018-05-10 04:00,0.156,5.333
2018-05-10 05:00,0.136,5.107
2018-05-10 06:00,0.133,5.060
2018-05-10 07:00,0.139,5.137
2018-05-10 08:00,0.161,5.377
2018-05-10 09:00,0.202,5.780
2018-05-10 10:00,0.244,6.161
2018-05-10 11:00,0.251,6.217
2018-05-10 12:00,0.271,6.390
2018-05-10 13:00,0.328,6.823
2018-05-10 14:00,0.393,7.290
2018-05-10 15:00,0.460,7.747
2018-05-10 16:00,0.486,7.930
2018-05-10 17:00,0.510,8.091
2018-05-10 18:00,0.542,8.310
2018-05-10 19:00,0.575,8.544
2018-05-10 20:00,0.550,8.370
2018-05-10 21:00,0.537,8.273
2018-05-10 22:00,0.464,7.776
2018-05-10 23:00,0.258,6.281
2018-05-11 00:00,0.207,5.836
2018-05-11 01:00,0.169,5.455
2018-05-11 02:00,0.165,5.421
2018-05-11 03:00,0.149,5.249
2018-05-11 04:00,0.105,4.716
2018-05-11 05:00,0.075,4.271
2018-05-11 06:00,0.060,4.002
2018-05-11 07:00,0.052,3.851
2018-05-11 08:00,0.040,3.579
2018-05-11 09:00,0.020,3.028
2018-05-11 10:00,0.008,2.446
2018-05-11 11:00,0.023,3.119
2018-05-11 12:00,0.146,5.218
2018-05-11 13:00,0.392,7.278
2018-05-11 14:00,0.648,9.081
2018-05-11 15:00,0.790,10.348
2018-05-11 16:00,0.850,11.093
2018-05-11 17:00,0.881,11.574
2018-05-11 18:00,0.897,11.873
2018-05-11 19:00,0.909,12.130
2018-05-11 20:00,0.916,12.272
2018-05-11 21:00,0.919,12.339
2018-05-11 22:00,0.905,12.029
2018-05-11 23:00,0.837,10.901
2018-05-12 00:00,0.767,10.117
2018-05-12 01:00,0.872,11.435
2018-05-12 02:00,0.953,13.343
2018-05-12 03:00,0.958,13.525
2018-05-12 04:00,0.962,13.707
2018-05-12 05:00,0.954,13.374
2018-05-12 06:00,0.935,12.778
2018-05-12 07:00,0.904,12.019
2018-05-12 08:00,0.854,11.144
2018-05-12 09:00,0.767,10.108
2018-05-12 10:00,0.620,8.868
2018-05-12 11:00,0.483,7.909
2018-05-12 12:00,0.232,6.064
2018-05-12 13:00,0.062,4.036
2018-05-12 14:00,0.023,3.132
2018-05-12 15:00,0.059,3.966
2018-05-12 16:00,0.218,5.940
2018-05-12 17:00,0.466,7.795
2018-05-12 18:00,0.657,9.145
2018-05-12 19:00,0.792,10.380
2018-05-12 20:00,0.855,11.153
2018-05-12 21:00,0.855,11.163
2018-05-12 22:00,0.807,10.550
2018-05-12 23:00,0.562,8.453
2018-05-13 00:00,0.297,6.583
2018-05-13 01:00,0.241,6.139
2018-05-13 02:00,0.273,6.403
2018-05-13 03:00,0.173,5.503
2018-05-13 04:00,0.142,5.173
2018-05-13 05:00,0.160,5.370
2018-05-13 06:00,0.204,5.811
2018-05-13 07:00,0.259,6.293
2018-05-13 08:00,0.323,6.789
2018-05-13 09:00,0.415,7.435
2018-05-13 10:00,0.581,8.574
2018-05-13 11:00,0.876,11.498
2018-05-13 12:00,0.975,14.421
2018-05-13 13:00,0.980,14.781
2018-05-13 14:00,0.968,14.014
2018-05-13 15:00,0.961,13.663
2018-05-13 16:00,0.947,13.130
2018-05-13 17:00,0.929,12.603
2018-05-13 18:00,0.912,12.177
2018-05-13 19:00,0.893,11.803
2018-05-13 20:00,0.872,11.435
2018-05-13 21:00,0.845,11.018
2018-05-13 22:00,0.784,10.295
2018-05-13 23:00,0.719,9.652
2018-05-14 00:00,0.814,10.618
2018-05-14 01:00,0.855,11.149
2018-05-14 02:00,0.896,11.863
2018-05-14 03:00,0.901,11.954
2018-05-14 04:00,0.879,11.535
2018-05-14 05:00,0.845,11.012
2018-05-14 06:00,0.811,10.589
2018-05-14 07:00,0.807,10.543
2018-05-14 08:00,0.845,11.023
2018-05-14 09:00,0.893,11.789
2018-05-14 10:00,0.919,12.340
2018-05-14 11:00,0.905,12.038
2018-05-14 12:00,0.860,11.232
2018-05-14 13:00,0.864,11.294
2018-05-14 14:00,0.893,11.803
2018-05-14 15:00,0.919,12.339
2018-05-14 16:00,0.920,12.363
2018-05-14 17:00,0.897,11.867
2018-05-14 18:00,0.855,11.153
2018-05-14 19:00,0.805,10.523
2018-05-14 20:00,0.763,10.074
2018-05-14 21:00,0.739,9.830
2018-05-14 22:00,0.619,8.866
2018-05-14 23:00,0.301,6.617
2018-05-15 00:00,0.283,6.475
2018-05-15 01:00,0.148,5.245
2018-05-15 02:00,0.067,4.118
2018-05-15 03:00,0.040,3.591
2018-05-15 04:00,0.022,3.070
2018-05-15 05:00,0.007,2.385
2018-05-15 06:00,0.001,1.684
2018-05-15 07:00,0,0.921
2018-05-15 08:00,0,0.918
2018-05-15 09:00,0.004,2.079
2018-05-15 10:00,0.030,3.332
2018-05-15 11:00,0.162,5.393
2018-05-15 12:00,0.359,7.053
2018-05-15 13:00,0.559,8.420
2018-05-15 14:00,0.721,9.676
2018-05-15 15:00,0.804,10.507
2018-05-15 16:00,0.815,10.637
2018-05-15 17:00,0.800,10.463
2018-05-15 18:00,0.789,10.338
2018-05-15 19:00,0.786,10.306
2018-05-15 20:00,0.730,9.763
2018-05-15 21:00,0.442,7.629
2018-05-15 22:00,0.123,4.952
2018-05-15 23:00,0.059,3.978
2018-05-16 00:00,0.093,4.544
2018-05-16 01:00,0.102,4.660
2018-05-16 02:00,0.030,3.330
2018-05-16 03:00,0.015,2.825
2018-05-16 04:00,0.069,4.162
2018-05-16 05:00,0.155,5.306
2018-05-16 06:00,0.206,5.831
2018-05-16 07:00,0.285,6.502
2018-05-16 08:00,0.486,7.920
2018-05-16 09:00,0.811,10.590
2018-05-16 10:00,0.970,14.079
2018-05-16 11:00,0.989,15.704
2018-05-16 12:00,0.972,14.253
2018-05-16 13:00,0.919,12.340
2018-05-16 14:00,0.812,10.594
2018-05-16 15:00,0.633,8.969
2018-05-16 16:00,0.370,7.122
2018-05-16 17:00,0.189,5.663
2018-05-16 18:00,0.172,5.494
2018-05-16 19:00,0.195,5.729
2018-05-16 20:00,0.166,5.433
2018-05-16 21:00,0.140,5.151
2018-05-16 22:00,0.113,4.811
2018-05-16 23:00,0.145,5.208
2018-05-17 00:00,0.400,7.330
2018-05-17 01:00,0.353,7.003
2018-05-17 02:00,0.190,5.675
2018-05-17 03:00,0.141,5.163
2018-05-17 04:00,0.142,5.178
2018-05-17 05:00,0.137,5.112
2018-05-17 06:00,0.101,4.655
2018-05-17 07:00,0.085,4.410
2018-05-17 08:00,0.099,4.623
2018-05-17 09:00,0.125,4.969
2018-05-17 10:00,0.136,5.108
2018-05-17 11:00,0.187,5.645
2018-05-17 12:00,0.297,6.580
2018-05-17 13:00,0.414,7.432
2018-05-17 14:00,0.466,7.790
2018-05-17 15:00,0.497,7.994
2018-05-17 16:00,0.518,8.143
2018-05-17 17:00,0.518,8.143
2018-05-17 18:00,0.524,8.186
2018-05-17 19:00,0.526,8.200
2018-05-17 20:00,0.536,8.260
2018-05-17 21:00,0.547,8.344
2018-05-17 22:00,0.533,8.241
2018-05-17 23:00,0.330,6.835
2018-05-18 00:00,0.466,7.793
2018-05-18 01:00,0.612,8.813
2018-05-18 02:00,0.507,8.070
2018-05-18 03:00,0.436,7.579
2018-05-18 04:00,0.413,7.429
2018-05-18 05:00,0.459,7.737
2018-05-18 06:00,0.543,8.315
2018-05-18 07:00,0.629,8.941
2018-05-18 08:00,0.700,9.498
2018-05-18 09:00,0.723,9.698
2018-05-18 10:00,0.710,9.576
2018-05-18 11:00,0.721,9.679
2018-05-18 12:00,0.806,10.538
2018-05-18 13:00,0.817,10.660
2018-05-18 14:00,0.817,10.665
2018-05-18 15:00,0.843,10.998
2018-05-18 16:00,0.827,10.783
2018-05-18 17:00,0.747,9.916
2018-05-18 18:00,0.635,8.980
2018-05-18 19:00,0.483,7.900
2018-05-18 20:00,0.429,7.530
2018-05-18 21:00,0.473,7.828
2018-05-18 22:00,0.564,8.469
2018-05-18 23:00,0.619,8.864
2018-05-19 00:00,0.486,7.926
2018-05-19 01:00,0.387,7.245
2018-05-19 02:00,0.374,7.145
2018-05-19 03:00,0.285,6.491
2018-05-19 04:00,0.131,5.034
2018-05-19 05:00,0.039,3.561
2018-05-19 06:00,0.009,2.531
2018-05-19 07:00,0.001,1.731
2018-05-19 08:00,0,1.063
2018-05-19 09:00,0,0.745
2018-05-19 10:00,0.001,1.721
2018-05-19 11:00,0.028,3.281
2018-05-19 12:00,0.150,5.261
2018-05-19 13:00,0.348,6.964
2018-05-19 14:00,0.532,8.236
2018-05-19 15:00,0.600,8.719
2018-05-19 16:00,0.597,8.699
2018-05-19 17:00,0.567,8.484
2018-05-19 18:00,0.502,8.033
2018-05-19 19:00,0.418,7.462
2018-05-19 20:00,0.337,6.887
2018-05-19 21:00,0.232,6.058
2018-05-19 22:00,0.107,4.740
2018-05-19 23:00,0.037,3.523
2018-05-20 00:00,0.052,3.851
2018-05-20 01:00,0.110,4.772
2018-05-20 02:00,0.172,5.502
2018-05-20 03:00,0.235,6.090
2018-05-20 04:00,0.300,6.612
2018-05-20 05:00,0.329,6.828
2018-05-20 06:00,0.333,6.849
2018-05-20 07:00,0.345,6.951
2018-05-20 08:00,0.393,7.292
2018-05-20 09:00,0.456,7.726
2018-05-20 10:00,0.543,8.315
2018-05-20 11:00,0.621,8.876
2018-05-20 12:00,0.603,8.736
2018-05-20 13:00,0.597,8.690
2018-05-20 14:00,0.576,8.544
2018-05-20 15:00,0.572,8.517
2018-05-20 16:00,0.556,8.407
2018-05-20 17:00,0.490,7.956
2018-05-20 18:00,0.380,7.195
2018-05-20 19:00,0.303,6.636
2018-05-20 20:00,0.279,6.445
2018-05-20 21:00,0.280,6.453
2018-05-20 22:00,0.238,6.115
2018-05-20 23:00,0.166,5.434
2018-05-21 00:00,0.069,4.147
2018-05-21 01:00,0.046,3.722
2018-05-21 02:00,0.089,4.478
2018-05-21 03:00,0.203,5.795
2018-05-21 04:00,0.493,7.975
2018-05-21 05:00,0.911,12.152
2018-05-21 06:00,0.993,16.843
2018-05-21 07:00,0.958,19.839
2018-05-21 08:00,0.969,19.430
2018-05-21 09:00,0.991,16.078
2018-05-21 10:00,0.970,14.100
2018-05-21 11:00,0.870,11.389
2018-05-21 12:00,0.383,7.219
2018-05-21 13:00,0.204,5.804
2018-05-21 14:00,0.387,7.243
2018-05-21 15:00,0.643,9.040
2018-05-21 16:00,0.741,9.862
2018-05-21 17:00,0.746,9.906
2018-05-21 18:00,0.750,9.941
2018-05-21 19:00,0.719,9.654
2018-05-21 20:00,0.685,9.373
2018-05-21 21:00,0.675,9.298
2018-05-21 22:00,0.589,8.641
2018-05-21 23:00,0.292,6.554
2018-05-22 00:00,0.244,6.164
2018-05-22 01:00,0.463,7.763
2018-05-22 02:00,0.536,8.269
2018-05-22 03:00,0.476,7.862
2018-05-22 04:00,0.393,7.288
2018-05-22 05:00,0.333,6.859
2018-05-22 06:00,0.273,6.400
2018-05-22 07:00,0.205,5.816
2018-05-22 08:00,0.125,4.970
2018-05-22 09:00,0.062,4.043
2018-05-22 10:00,0.021,3.068
2018-05-22 11:00,0.003,1.966
2018-05-22 12:00,0.004,2.103
2018-05-22 13:00,0.038,3.544
2018-05-22 14:00,0.165,5.421
2018-05-22 15:00,0.377,7.179
2018-05-22 16:00,0.577,8.555
2018-05-22 17:00,0.719,9.651
2018-05-22 18:00,0.791,10.353
2018-05-22 19:00,0.805,10.516
2018-05-22 20:00,0.795,10.409
2018-05-22 21:00,0.754,9.991
2018-05-22 22:00,0.669,9.246
2018-05-22 23:00,0.348,6.975
2018-05-23 00:00,0.161,5.386
2018-05-23 01:00,0.107,4.735
2018-05-23 02:00,0.047,3.754
2018-05-23 03:00,0.043,3.639
2018-05-23 04:00,0.046,3.721
2018-05-23 05:00,0.052,3.841
2018-05-23 06:00,0.059,3.970
2018-05-23 07:00,0.063,4.067
2018-05-23 08:00,0.068,4.140
2018-05-23 09:00,0.085,4.422
2018-05-23 10:00,0.143,5.184
2018-05-23 11:00,0.339,6.909
2018-05-23 12:00,0.570,8.504
2018-05-23 13:00,0.696,9.464
2018-05-23 14:00,0.740,9.855
2018-05-23 15:00,0.769,10.136
2018-05-23 16:00,0.817,10.662
2018-05-23 17:00,0.780,10.252
2018-05-23 18:00,0.678,9.322
2018-05-23 19:00,0.546,8.331
2018-05-23 20:00,0.439,7.601
2018-05-23 21:00,0.423,7.491
2018-05-23 22:00,0.374,7.157
2018-05-23 23:00,0.157,5.334
2018-05-24 00:00,0.051,3.835
2018-05-24 01:00,0.030,3.329
2018-05-24 02:00,0.041,3.612
2018-05-24 03:00,0.056,3.919
2018-05-24 04:00,0.044,3.683
2018-05-24 05:00,0.032,3.379
2018-05-24 06:00,0.043,3.664
2018-05-24 07:00,0.073,4.227
2018-05-24 08:00,0.059,3.976
2018-05-24 09:00,0.058,3.952
2018-05-24 10:00,0.093,4.533
2018-05-24 11:00,0.203,5.795
2018-05-24 12:00,0.257,6.265
2018-05-24 13:00,0.123,4.946
2018-05-24 14:00,0.013,2.702
2018-05-24 15:00,0.018,2.931
2018-05-24 16:00,0.013,2.703
2018-05-24 17:00,0.023,3.135
2018-05-24 18:00,0.028,3.282
2018-05-24 19:00,0.058,3.960
2018-05-24 20:00,0.213,5.897
2018-05-24 21:00,0.303,6.641
2018-05-24 22:00,0.171,5.490
2018-05-24 23:00,0.097,4.597
2018-05-25 00:00,0.074,4.257
2018-05-25 01:00,0.046,3.715
2018-05-25 02:00,0.042,3.625
2018-05-25 03:00,0.051,3.827
2018-05-25 04:00,0.036,3.489
2018-05-25 05:00,0.012,2.679
2018-05-25 06:00,0.004,2.114
2018-05-25 07:00,0.006,2.298
2018-05-25 08:00,0.020,3.021
2018-05-25 09:00,0.110,4.774
2018-05-25 10:00,0.675,9.298
2018-05-25 11:00,0.963,13.765
2018-05-25 12:00,0.989,15.687
2018-05-25 13:00,0.990,17.923
2018-05-25 14:00,0.974,19.202
2018-05-25 15:00,0.993,17.332
2018-05-25 16:00,0.990,15.885
2018-05-25 17:00,0.990,15.905
2018-05-25 18:00,0.990,15.885
2018-05-25 19:00,0.988,15.520
2018-05-25 20:00,0.965,13.863
2018-05-25 21:00,0.800,10.466
2018-05-25 22:00,0.483,7.903
2018-05-25 23:00,0.376,7.165
2018-05-26 00:00,0.584,8.611
2018-05-26 01:00,0.845,11.010
2018-05-26 02:00,0.888,11.706
2018-05-26 03:00,0.876,11.485
2018-05-26 04:00,0.842,10.980
2018-05-26 05:00,0.803,10.495
2018-05-26 06:00,0.735,9.811
2018-05-26 07:00,0.639,9.005
2018-05-26 08:00,0.544,8.319
2018-05-26 09:00,0.441,7.615
2018-05-26 10:00,0.292,6.549
2018-05-26 11:00,0.172,5.495
2018-05-26 12:00,0.120,4.908
2018-05-26 13:00,0.113,4.805
2018-05-26 14:00,0.141,5.164
2018-05-26 15:00,0.216,5.921
2018-05-26 16:00,0.321,6.766
2018-05-26 17:00,0.428,7.527
2018-05-26 18:00,0.506,8.067
2018-05-26 19:00,0.535,8.258
2018-05-26 20:00,0.533,8.245
2018-05-26 21:00,0.535,8.258
2018-05-26 22:00,0.531,8.233
2018-05-26 23:00,0.342,6.921
2018-05-27 00:00,0.217,5.925
2018-05-27 01:00,0.239,6.118
2018-05-27 02:00,0.232,6.062
2018-05-27 03:00,0.213,5.892
2018-05-27 04:00,0.196,5.731
2018-05-27 05:00,0.179,5.564
2018-05-27 06:00,0.159,5.358
2018-05-27 07:00,0.145,5.198
2018-05-27 08:00,0.126,4.981
2018-05-27 09:00,0.102,4.675
2018-05-27 10:00,0.081,4.361
2018-05-27 11:00,0.085,4.411
2018-05-27 12:00,0.132,5.048
2018-05-27 13:00,0.227,6.020
2018-05-27 14:00,0.340,6.912
2018-05-27 15:00,0.433,7.568
2018-05-27 16:00,0.513,8.113
2018-05-27 17:00,0.574,8.536
2018-05-27 18:00,0.606,8.762
2018-05-27 19:00,0.569,8.496
2018-05-27 20:00,0.505,8.057
2018-05-27 21:00,0.507,8.071
2018-05-27 22:00,0.450,7.682
2018-05-27 23:00,0.235,6.078
2018-05-28 00:00,0.083,4.378
2018-05-28 01:00,0.046,3.721
2018-05-28 02:00,0.036,3.481
2018-05-28 03:00,0.027,3.250
2018-05-28 04:00,0.017,2.910
2018-05-28 05:00,0.011,2.613
2018-05-28 06:00,0.005,2.216
2018-05-28 07:00,0.002,1.870
2018-05-28 08:00,0.001,1.707
2018-05-28 09:00,0.001,1.565
2018-05-28 10:00,0.001,1.719
2018-05-28 11:00,0.013,2.707
2018-05-28 12:00,0.054,3.888
2018-05-28 13:00,0.111,4.780
2018-05-28 14:00,0.168,5.446
2018-05-28 15:00,0.213,5.891
2018-05-28 16:00,0.235,6.078
2018-05-28 17:00,0.232,6.050
2018-05-28 18:00,0.203,5.790
2018-05-28 19:00,0.266,6.344
2018-05-28 20:00,0.348,6.964
2018-05-28 21:00,0.452,7.699
2018-05-28 22:00,0.410,7.411
2018-05-28 23:00,0.258,6.282
2018-05-29 00:00,0.309,6.671
2018-05-29 01:00,0.355,7.024
2018-05-29 02:00,0.285,6.495
2018-05-29 03:00,0.204,5.814
2018-05-29 04:00,0.128,5.011
2018-05-29 05:00,0.082,4.369
2018-05-29 06:00,0.058,3.949
2018-05-29 07:00,0.044,3.671
2018-05-29 08:00,0.037,3.499
2018-05-29 09:00,0.036,3.483
2018-05-29 10:00,0.059,3.989
2018-05-29 11:00,0.141,5.161
2018-05-29 12:00,0.314,6.716
2018-05-29 13:00,0.545,8.325
2018-05-29 14:00,0.674,9.288
2018-05-29 15:00,0.734,9.798
2018-05-29 16:00,0.765,10.082
2018-05-29 17:00,0.767,10.104
2018-05-29 18:00,0.757,10.012
2018-05-29 19:00,0.745,9.895
2018-05-29 20:00,0.733,9.791
2018-05-29 21:00,0.688,9.396
2018-05-29 22:00,0.541,8.299
2018-05-29 23:00,0.259,6.288
2018-05-30 00:00,0.279,6.444
2018-05-30 01:00,0.323,6.787
2018-05-30 02:00,0.165,5.423
2018-05-30 03:00,0.078,4.316
2018-05-30 04:00,0.043,3.651
2018-05-30 05:00,0.034,3.432
2018-05-30 06:00,0.037,3.516
2018-05-30 07:00,0.049,3.785
2018-05-30 08:00,0.067,4.123
2018-05-30 09:00,0.103,4.691
2018-05-30 10:00,0.185,5.624
2018-05-30 11:00,0.450,7.674
2018-05-30 12:00,0.746,9.903
2018-05-30 13:00,0.850,11.091
2018-05-30 14:00,0.866,11.324
2018-05-30 15:00,0.848,11.060
2018-05-30 16:00,0.819,10.692
2018-05-30 17:00,0.790,10.346
2018-05-30 18:00,0.758,10.026
2018-05-30 19:00,0.723,9.699
2018-05-30 20:00,0.704,9.536
2018-05-30 21:00,0.701,9.505
2018-05-30 22:00,0.600,8.717
2018-05-30 23:00,0.406,7.376
2018-05-31 00:00,0.535,8.258
2018-05-31 01:00,0.589,8.643
2018-05-31 02:00,0.569,8.500
2018-05-31 03:00,0.552,8.383
2018-05-31 04:00,0.571,8.507
2018-05-31 05:00,0.603,8.739
2018-05-31 06:00,0.630,8.947
2018-05-31 07:00,0.654,9.130
2018-05-31 08:00,0.679,9.325
2018-05-31 09:00,0.703,9.525
2018-05-31 10:00,0.719,9.663
2018-05-31 11:00,0.761,10.058
2018-05-31 12:00,0.865,11.321
2018-05-31 13:00,0.887,11.681
2018-05-31 14:00,0.884,11.630
2018-05-31 15:00,0.870,11.393
2018-05-31 16:00,0.845,11.015
2018-05-31 17:00,0.795,10.403
2018-05-31 18:00,0.772,10.161
2018-05-31 19:00,0.783,10.278
2018-05-31 20:00,0.815,10.640
2018-05-31 21:00,0.817,10.666
2018-05-31 22:00,0.729,9.741
2018-05-31 23:00,0.569,8.500
2018-06-01 00:00,0.704,9.532
2018-06-01 01:00,0.752,9.963
2018-06-01 02:00,0.669,9.245
2018-06-01 03:00,0.569,8.498
2018-06-01 04:00,0.486,7.922
2018-06-01 05:00,0.423,7.491
2018-06-01 06:00,0.380,7.198
2018-06-01 07:00,0.337,6.886
2018-06-01 08:00,0.271,6.385
2018-06-01 09:00,0.224,5.995
2018-06-01 10:00,0.227,6.010
2018-06-01 11:00,0.315,6.725
2018-06-01 12:00,0.457,7.732
2018-06-01 13:00,0.563,8.458
2018-06-01 14:00,0.614,8.822
2018-06-01 15:00,0.613,8.817
2018-06-01 16:00,0.640,9.011
2018-06-01 17:00,0.658,9.151
2018-06-01 18:00,0.618,8.859
2018-06-01 19:00,0.551,8.376
2018-06-01 20:00,0.476,7.856
2018-06-01 21:00,0.412,7.415
2018-06-01 22:00,0.270,6.370
2018-06-01 23:00,0.126,4.980
2018-06-02 00:00,0.037,3.526
2018-06-02 01:00,0.003,2.014
2018-06-02 02:00,0,1.443
2018-06-02 03:00,0,1.230
2018-06-02 04:00,0.001,1.526
2018-06-02 05:00,0.003,1.999
2018-06-02 06:00,0.004,2.163
2018-06-02 07:00,0.005,2.264
2018-06-02 08:00,0.019,2.998
2018-06-02 09:00,0.161,5.387
2018-06-02 10:00,0.594,8.673
2018-06-02 11:00,0.843,10.996
2018-06-02 12:00,0.857,11.190
2018-06-02 13:00,0.805,10.527
2018-06-02 14:00,0.705,9.547
2018-06-02 15:00,0.505,8.052
2018-06-02 16:00,0.302,6.630
2018-06-02 17:00,0.162,5.391
2018-06-02 18:00,0.090,4.505
2018-06-02 19:00,0.035,3.450
2018-06-02 20:00,0.005,2.223
2018-06-02 21:00,0.002,1.894
2018-06-02 22:00,0.006,2.327
2018-06-02 23:00,0.009,2.507
2018-06-03 00:00,0.009,2.531
2018-06-03 01:00,0.015,2.840
2018-06-03 02:00,0.019,2.975
2018-06-03 03:00,0.039,3.566
2018-06-03 04:00,0.088,4.465
2018-06-03 05:00,0.148,5.238
2018-06-03 06:00,0.181,5.580
2018-06-03 07:00,0.186,5.641
2018-06-03 08:00,0.175,5.523
2018-06-03 09:00,0.130,5.026
2018-06-03 10:00,0.079,4.325
2018-06-03 11:00,0.028,3.270
2018-06-03 12:00,0.007,2.404
2018-06-03 13:00,0.004,2.179
2018-06-03 14:00,0.021,3.049
2018-06-03 15:00,0.085,4.425
2018-06-03 16:00,0.202,5.779
2018-06-03 17:00,0.367,7.108
2018-06-03 18:00,0.545,8.322
2018-06-03 19:00,0.716,9.636
2018-06-03 20:00,0.789,10.342
2018-06-03 21:00,0.767,10.108
2018-06-03 22:00,0.637,8.996
2018-06-03 23:00,0.314,6.710
2018-06-04 00:00,0.338,6.893
2018-06-04 01:00,0.315,6.723
2018-06-04 02:00,0.180,5.574
2018-06-04 03:00,0.140,5.150
2018-06-04 04:00,0.159,5.361
2018-06-04 05:00,0.174,5.515
2018-06-04 06:00,0.166,5.435
2018-06-04 07:00,0.140,5.145
2018-06-04 08:00,0.111,4.786
2018-06-04 09:00,0.090,4.503
2018-06-04 10:00,0.078,4.317
2018-06-04 11:00,0.100,4.633
2018-06-04 12:00,0.266,6.343
2018-06-04 13:00,0.628,8.925
2018-06-04 14:00,0.829,10.809
2018-06-04 15:00,0.863,11.289
2018-06-04 16:00,0.855,11.170
2018-06-04 17:00,0.859,11.229
2018-06-04 18:00,0.855,11.165
2018-06-04 19:00,0.841,10.963
2018-06-04 20:00,0.833,10.851
2018-06-04 21:00,0.803,10.494
2018-06-04 22:00,0.666,9.223
2018-06-04 23:00,0.384,7.224
2018-06-05 00:00,0.251,6.211
2018-06-05 01:00,0.246,6.177
2018-06-05 02:00,0.139,5.136
2018-06-05 03:00,0.067,4.126
2018-06-05 04:00,0.029,3.302
2018-06-05 05:00,0.010,2.585
2018-06-05 06:00,0.004,2.180
2018-06-05 07:00,0.003,2.066
2018-06-05 08:00,0.003,2.017
2018-06-05 09:00,0.001,1.679
2018-06-05 10:00,0,1.190
2018-06-05 11:00,0.001,1.590
2018-06-05 12:00,0.023,3.117
2018-06-05 13:00,0.148,5.245
2018-06-05 14:00,0.410,7.403
2018-06-05 15:00,0.633,8.965
2018-06-05 16:00,0.723,9.699
2018-06-05 17:00,0.732,9.778
2018-06-05 18:00,0.666,9.226
2018-06-05 19:00,0.586,8.626
2018-06-05 20:00,0.516,8.135
2018-06-05 21:00,0.429,7.538
2018-06-05 22:00,0.356,7.029
2018-06-05 23:00,0.215,5.912
2018-06-06 00:00,0.174,5.519
2018-06-06 01:00,0.401,7.342
2018-06-06 02:00,0.672,9.259
2018-06-06 03:00,0.834,10.877
2018-06-06 04:00,0.840,10.952
2018-06-06 05:00,0.828,10.801
2018-06-06 06:00,0.818,10.678
2018-06-06 07:00,0.747,9.913
2018-06-06 08:00,0.602,8.735
2018-06-06 09:00,0.393,7.291
2018-06-06 10:00,0.188,5.661
2018-06-06 11:00,0.138,5.127
2018-06-06 12:00,0.120,4.909
2018-06-06 13:00,0.162,5.394
2018-06-06 14:00,0.211,5.873
2018-06-06 15:00,0.279,6.452
2018-06-06 16:00,0.433,7.570
2018-06-06 17:00,0.582,8.597
2018-06-06 18:00,0.534,8.253
2018-06-06 19:00,0.503,8.043
2018-06-06 20:00,0.471,7.822
2018-06-06 21:00,0.352,6.993
2018-06-06 22:00,0.164,5.418
2018-06-06 23:00,0.033,3.408
2018-06-07 00:00,0.038,3.535
2018-06-07 01:00,0.078,4.322
2018-06-07 02:00,0.042,3.633
2018-06-07 03:00,0.035,3.453
2018-06-07 04:00,0.028,3.266
2018-06-07 05:00,0.015,2.843
2018-06-07 06:00,0.005,2.213
2018-06-07 07:00,0.001,1.561
2018-06-07 08:00,0,1.227
2018-06-07 09:00,0.003,2.055
2018-06-07 10:00,0.013,2.715
2018-06-07 11:00,0.033,3.421
2018-06-07 12:00,0.094,4.555
2018-06-07 13:00,0.242,6.146
2018-06-07 14:00,0.259,6.293
2018-06-07 15:00,0.343,6.931
2018-06-07 16:00,0.399,7.324
2018-06-07 17:00,0.493,7.974
2018-06-07 18:00,0.454,7.707
2018-06-07 19:00,0.429,7.537
2018-06-07 20:00,0.417,7.457
2018-06-07 21:00,0.403,7.361
2018-06-07 22:00,0.367,7.105
2018-06-07 23:00,0.297,6.588
2018-06-08 00:00,0.231,6.045
2018-06-08 01:00,0.202,5.783
2018-06-08 02:00,0.107,4.745
2018-06-08 03:00,0.021,3.048
2018-06-08 04:00,0.001,1.711
2018-06-08 05:00,0,1.107
2018-06-08 06:00,0,1.064
2018-06-08 07:00,0.001,1.769
2018-06-08 08:00,0.011,2.631
2018-06-08 09:00,0.013,2.728
2018-06-08 10:00,0.011,2.657
2018-06-08 11:00,0.047,3.741
2018-06-08 12:00,0.158,5.350
2018-06-08 13:00,0.299,6.603
2018-06-08 14:00,0.403,7.353
2018-06-08 15:00,0.502,8.028
2018-06-08 16:00,0.562,8.451
2018-06-08 17:00,0.562,8.442
2018-06-08 18:00,0.489,7.946
2018-06-08 19:00,0.384,7.225
2018-06-08 20:00,0.287,6.513
2018-06-08 21:00,0.184,5.614
2018-06-08 22:00,0.101,4.642
2018-06-08 23:00,0.024,3.158
2018-06-09 00:00,0.008,2.481
2018-06-09 01:00,0.050,3.798
2018-06-09 02:00,0.072,4.219
2018-06-09 03:00,0.067,4.120
2018-06-09 04:00,0.047,3.746
2018-06-09 05:00,0.036,3.491
2018-06-09 06:00,0.034,3.430
2018-06-09 07:00,0.032,3.374
2018-06-09 08:00,0.022,3.098
2018-06-09 09:00,0.009,2.519
2018-06-09 10:00,0.002,1.821
2018-06-09 11:00,0,0.716
2018-06-09 12:00,0.001,1.579
2018-06-09 13:00,0.026,3.216
2018-06-09 14:00,0.101,4.646
2018-06-09 15:00,0.187,5.649
2018-06-09 16:00,0.270,6.370
2018-06-09 17:00,0.348,6.970
2018-06-09 18:00,0.416,7.442
2018-06-09 19:00,0.473,7.838
2018-06-09 20:00,0.536,8.271
2018-06-09 21:00,0.585,8.617
2018-06-09 22:00,0.550,8.372
2018-06-09 23:00,0.288,6.521
2018-06-10 00:00,0.157,5.338
2018-06-10 01:00,0.033,3.407
2018-06-10 02:00,0.008,2.471
2018-06-10 03:00,0.004,2.163
2018-06-10 04:00,0.005,2.233
2018-06-10 05:00,0.008,2.444
2018-06-10 06:00,0.013,2.753
2018-06-10 07:00,0.020,3.032
2018-06-10 08:00,0.029,3.314
2018-06-10 09:00,0.043,3.652
2018-06-10 10:00,0.071,4.203
2018-06-10 11:00,0.197,5.742
2018-06-10 12:00,0.486,7.921
2018-06-10 13:00,0.751,9.956
2018-06-10 14:00,0.856,11.180
2018-06-10 15:00,0.872,11.423
2018-06-10 16:00,0.869,11.385
2018-06-10 17:00,0.867,11.335
2018-06-10 18:00,0.853,11.140
2018-06-10 19:00,0.822,10.727
2018-06-10 20:00,0.769,10.137
2018-06-10 21:00,0.705,9.543
2018-06-10 22:00,0.490,7.957
2018-06-10 23:00,0.268,6.363
2018-06-11 00:00,0.270,6.372
2018-06-11 01:00,0.138,5.127
2018-06-11 02:00,0.042,3.623
2018-06-11 03:00,0.004,2.173
2018-06-11 04:00,0,1.427
2018-06-11 05:00,0,1.047
2018-06-11 06:00,0,0.767
2018-06-11 07:00,0,0.600
2018-06-11 08:00,0,0.721
2018-06-11 09:00,0,0.704
2018-06-11 10:00,0,1.324
2018-06-11 11:00,0.004,2.121
2018-06-11 12:00,0.004,2.150
2018-06-11 13:00,0.002,1.923
2018-06-11 14:00,0.006,2.282
2018-06-11 15:00,0.061,4.013
2018-06-11 16:00,0.242,6.150
2018-06-11 17:00,0.465,7.777
2018-06-11 18:00,0.577,8.548
2018-06-11 19:00,0.585,8.618
2018-06-11 20:00,0.533,8.244
2018-06-11 21:00,0.452,7.694
2018-06-11 22:00,0.317,6.733
2018-06-11 23:00,0.109,4.763
2018-06-12 00:00,0.032,3.397
2018-06-12 01:00,0.008,2.440
2018-06-12 02:00,0.003,1.999
2018-06-12 03:00,0.002,1.834
2018-06-12 04:00,0.001,1.693
2018-06-12 05:00,0.001,1.562
2018-06-12 06:00,0.001,1.673
2018-06-12 07:00,0.001,1.683
2018-06-12 08:00,0.001,1.518
2018-06-12 09:00,0,1.361
2018-06-12 10:00,0,1.325
2018-06-12 11:00,0,1.420
2018-06-12 12:00,0.004,2.130
2018-06-12 13:00,0.029,3.299
2018-06-12 14:00,0.074,4.244
2018-06-12 15:00,0.265,6.336
2018-06-12 16:00,0.419,7.470
2018-06-12 17:00,0.322,6.780
2018-06-12 18:00,0.356,7.030
2018-06-12 19:00,0.410,7.396
2018-06-12 20:00,0.450,7.683
2018-06-12 21:00,0.486,7.926
2018-06-12 22:00,0.362,7.070
2018-06-12 23:00,0.199,5.766
2018-06-13 00:00,0.313,6.709
2018-06-13 01:00,0.233,6.072
2018-06-13 02:00,0.188,5.655
2018-06-13 03:00,0.228,6.025
2018-06-13 04:00,0.314,6.713
2018-06-13 05:00,0.384,7.224
2018-06-13 06:00,0.417,7.454
2018-06-13 07:00,0.406,7.373
2018-06-13 08:00,0.365,7.086
2018-06-13 09:00,0.317,6.733
2018-06-13 10:00,0.271,6.384
2018-06-13 11:00,0.341,6.915
2018-06-13 12:00,0.466,7.793
2018-06-13 13:00,0.520,8.155
2018-06-13 14:00,0.519,8.148
2018-06-13 15:00,0.479,7.872
2018-06-13 16:00,0.410,7.404
2018-06-13 17:00,0.340,6.913
2018-06-13 18:00,0.285,6.486
2018-06-13 19:00,0.241,6.140
2018-06-13 20:00,0.216,5.917
2018-06-13 21:00,0.225,6.001
2018-06-13 22:00,0.239,6.121
2018-06-13 23:00,0.104,4.705
2018-06-14 00:00,0.050,3.810
2018-06-14 01:00,0.021,3.047
2018-06-14 02:00,0.013,2.717
2018-06-14 03:00,0.012,2.699
2018-06-14 04:00,0.011,2.644
2018-06-14 05:00,0.013,2.753
2018-06-14 06:00,0.026,3.203
2018-06-14 07:00,0.052,3.852
2018-06-14 08:00,0.098,4.616
2018-06-14 09:00,0.161,5.382
2018-06-14 10:00,0.250,6.209
2018-06-14 11:00,0.411,7.413
2018-06-14 12:00,0.649,9.086
2018-06-14 13:00,0.804,10.512
2018-06-14 14:00,0.846,11.035
2018-06-14 15:00,0.855,11.168
2018-06-14 16:00,0.826,10.758
2018-06-14 17:00,0.765,10.090
2018-06-14 18:00,0.738,9.828
2018-06-14 19:00,0.729,9.754
2018-06-14 20:00,0.767,10.108
2018-06-14 21:00,0.711,9.580
2018-06-14 22:00,0.564,8.470
2018-06-14 23:00,0.586,8.625
2018-06-15 00:00,0.894,11.822
2018-06-15 01:00,0.889,11.720
2018-06-15 02:00,0.853,11.139
2018-06-15 03:00,0.829,10.811
2018-06-15 04:00,0.804,10.508
2018-06-15 05:00,0.765,10.088
2018-06-15 06:00,0.743,9.885
2018-06-15 07:00,0.725,9.710
2018-06-15 08:00,0.712,9.600
2018-06-15 09:00,0.729,9.747
2018-06-15 10:00,0.728,9.738
2018-06-15 11:00,0.663,9.195
2018-06-15 12:00,0.587,8.628
2018-06-15 13:00,0.512,8.098
2018-06-15 14:00,0.468,7.808
2018-06-15 15:00,0.476,7.857
2018-06-15 16:00,0.556,8.410
2018-06-15 17:00,0.640,9.016
2018-06-15 18:00,0.649,9.086
2018-06-15 19:00,0.635,8.981
2018-06-15 20:00,0.636,8.986
2018-06-15 21:00,0.609,8.781
2018-06-15 22:00,0.700,9.497
2018-06-15 23:00,0.826,10.779
2018-06-16 00:00,0.883,11.610
2018-06-16 01:00,0.905,12.026
2018-06-16 02:00,0.910,12.142
2018-06-16 03:00,0.902,11.979
2018-06-16 04:00,0.874,11.460
2018-06-16 05:00,0.809,10.562
2018-06-16 06:00,0.700,9.494
2018-06-16 07:00,0.565,8.477
2018-06-16 08:00,0.431,7.553
2018-06-16 09:00,0.314,6.712
2018-06-16 10:00,0.246,6.179
2018-06-16 11:00,0.207,5.840
2018-06-16 12:00,0.254,6.245
2018-06-16 13:00,0.279,6.452
2018-06-16 14:00,0.302,6.628
2018-06-16 15:00,0.331,6.845
2018-06-16 16:00,0.354,7.009
2018-06-16 17:00,0.345,6.942
2018-06-16 18:00,0.390,7.265
2018-06-16 19:00,0.355,7.020
2018-06-16 20:00,0.337,6.886
2018-06-16 21:00,0.261,6.303
2018-06-16 22:00,0.113,4.818
2018-06-16 23:00,0.034,3.440
2018-06-17 00:00,0.019,2.967
2018-06-17 01:00,0.014,2.782
2018-06-17 02:00,0.015,2.808
2018-06-17 03:00,0.010,2.556
2018-06-17 04:00,0.003,1.996
2018-06-17 05:00,0,1.373
2018-06-17 06:00,0,0.649
2018-06-17 07:00,0,0.353
2018-06-17 08:00,0,1.131
2018-06-17 09:00,0.002,1.789
2018-06-17 10:00,0.007,2.396
2018-06-17 11:00,0.047,3.751
2018-06-17 12:00,0.170,5.472
2018-06-17 13:00,0.303,6.635
2018-06-17 14:00,0.350,6.983
2018-06-17 15:00,0.423,7.488
2018-06-17 16:00,0.467,7.799
2018-06-17 17:00,0.496,7.990
2018-06-17 18:00,0.387,7.244
2018-06-17 19:00,0.333,6.863
2018-06-17 20:00,0.366,7.095
2018-06-17 21:00,0.374,7.150
2018-06-17 22:00,0.239,6.123
2018-06-17 23:00,0.074,4.256
2018-06-18 00:00,0,1.358
2018-06-18 01:00,0,1.197
2018-06-18 02:00,0.003,1.953
2018-06-18 03:00,0.007,2.416
2018-06-18 04:00,0.012,2.687
2018-06-18 05:00,0.022,3.097
2018-06-18 06:00,0.035,3.463
2018-06-18 07:00,0.048,3.773
2018-06-18 08:00,0.059,3.991
2018-06-18 09:00,0.055,3.911
2018-06-18 10:00,0.038,3.534
2018-06-18 11:00,0.026,3.215
2018-06-18 12:00,0.027,3.250
2018-06-18 13:00,0.029,3.294
2018-06-18 14:00,0.038,3.548
2018-06-18 15:00,0.044,3.675
2018-06-18 16:00,0.038,3.542
2018-06-18 17:00,0.019,2.958
2018-06-18 18:00,0.002,1.840
2018-06-18 19:00,0,1.207
2018-06-18 20:00,0,1.222
2018-06-18 21:00,0.003,2.042
2018-06-18 22:00,0.011,2.648
2018-06-18 23:00,0.059,3.988
2018-06-19 00:00,0.221,5.952
2018-06-19 01:00,0.238,6.100
2018-06-19 02:00,0.194,5.705
2018-06-19 03:00,0.165,5.427
2018-06-19 04:00,0.159,5.361
2018-06-19 05:00,0.144,5.191
2018-06-19 06:00,0.118,4.886
2018-06-19 07:00,0.097,4.596
2018-06-19 08:00,0.088,4.466
2018-06-19 09:00,0.077,4.284
2018-06-19 10:00,0.075,4.266
2018-06-19 11:00,0.100,4.632
2018-06-19 12:00,0.137,5.119
2018-06-19 13:00,0.169,5.469
2018-06-19 14:00,0.195,5.728
2018-06-19 15:00,0.256,6.259
2018-06-19 16:00,0.318,6.739
2018-06-19 17:00,0.321,6.768
2018-06-19 18:00,0.297,6.584
2018-06-19 19:00,0.306,6.657
2018-06-19 20:00,0.327,6.817
2018-06-19 21:00,0.332,6.849
2018-06-19 22:00,0.256,6.259
2018-06-19 23:00,0.142,5.173
2018-06-20 00:00,0.132,5.047
2018-06-20 01:00,0.081,4.362
2018-06-20 02:00,0.064,4.083
2018-06-20 03:00,0.042,3.621
2018-06-20 04:00,0.018,2.932
2018-06-20 05:00,0.017,2.912
2018-06-20 06:00,0.041,3.615
2018-06-20 07:00,0.101,4.653
2018-06-20 08:00,0.166,5.437
2018-06-20 09:00,0.197,5.748
2018-06-20 10:00,0.212,5.883
2018-06-20 11:00,0.356,7.029
2018-06-20 12:00,0.516,8.130
2018-06-20 13:00,0.528,8.218
2018-06-20 14:00,0.515,8.117
2018-06-20 15:00,0.566,8.478
2018-06-20 16:00,0.669,9.250
2018-06-20 17:00,0.702,9.507
2018-06-20 18:00,0.646,9.064
2018-06-20 19:00,0.612,8.802
2018-06-20 20:00,0.572,8.516
2018-06-20 21:00,0.539,8.290
2018-06-20 22:00,0.502,8.035
2018-06-20 23:00,0.406,7.372
2018-06-21 00:00,0.481,7.893
2018-06-21 01:00,0.431,7.553
2018-06-21 02:00,0.333,6.859
2018-06-21 03:00,0.288,6.521
2018-06-21 04:00,0.266,6.343
2018-06-21 05:00,0.211,5.875
2018-06-21 06:00,0.134,5.080
2018-06-21 07:00,0.065,4.102
2018-06-21 08:00,0.042,3.626
2018-06-21 09:00,0.057,3.940
2018-06-21 10:00,0.113,4.810
2018-06-21 11:00,0.302,6.622
2018-06-21 12:00,0.527,8.212
2018-06-21 13:00,0.614,8.824
2018-06-21 14:00,0.631,8.951
2018-06-21 15:00,0.648,9.080
2018-06-21 16:00,0.669,9.247
2018-06-21 17:00,0.673,9.278
2018-06-21 18:00,0.667,9.231
2018-06-21 19:00,0.655,9.139
2018-06-21 20:00,0.655,9.134
2018-06-21 21:00,0.572,8.521
2018-06-21 22:00,0.304,6.642
2018-06-21 23:00,0.093,4.544
2018-06-22 00:00,0.004,2.113
2018-06-22 01:00,0,1.335
2018-06-22 02:00,0.001,1.623
2018-06-22 03:00,0.002,1.819
2018-06-22 04:00,0.002,1.909
2018-06-22 05:00,0.006,2.280
2018-06-22 06:00,0.016,2.857
2018-06-22 07:00,0.030,3.339
2018-06-22 08:00,0.054,3.888
2018-06-22 09:00,0.087,4.447
2018-06-22 10:00,0.135,5.091
2018-06-22 11:00,0.285,6.492
2018-06-22 12:00,0.468,7.807
2018-06-22 13:00,0.546,8.328
2018-06-22 14:00,0.572,8.522
2018-06-22 15:00,0.634,8.975
2018-06-22 16:00,0.707,9.561
2018-06-22 17:00,0.742,9.871
2018-06-22 18:00,0.737,9.821
2018-06-22 19:00,0.727,9.734
2018-06-22 20:00,0.714,9.622
2018-06-22 21:00,0.667,9.230
2018-06-22 22:00,0.516,8.127
2018-06-22 23:00,0.417,7.457
2018-06-23 00:00,0.439,7.600
2018-06-23 01:00,0.285,6.496
2018-06-23 02:00,0.175,5.523
2018-06-23 03:00,0.146,5.213
2018-06-23 04:00,0.137,5.116
2018-06-23 05:00,0.132,5.048
2018-06-23 06:00,0.125,4.973
2018-06-23 07:00,0.131,5.033
2018-06-23 08:00,0.154,5.293
2018-06-23 09:00,0.204,5.807
2018-06-23 10:00,0.293,6.561
2018-06-23 11:00,0.452,7.696
2018-06-23 12:00,0.675,9.296
2018-06-23 13:00,0.768,10.126
2018-06-23 14:00,0.784,10.290
2018-06-23 15:00,0.811,10.587
2018-06-23 16:00,0.837,10.910
2018-06-23 17:00,0.837,10.897
2018-06-23 18:00,0.777,10.220
2018-06-23 19:00,0.765,10.083
2018-06-23 20:00,0.725,9.709
2018-06-23 21:00,0.637,8.999
2018-06-23 22:00,0.415,7.437
2018-06-23 23:00,0.400,7.333
2018-06-24 00:00,0.333,6.852
2018-06-24 01:00,0.232,6.061
2018-06-24 02:00,0.162,5.390
2018-06-24 03:00,0.115,4.839
2018-06-24 04:00,0.083,4.391
2018-06-24 05:00,0.059,3.989
2018-06-24 06:00,0.042,3.628
2018-06-24 07:00,0.030,3.321
2018-06-24 08:00,0.019,3.000
2018-06-24 09:00,0.010,2.576
2018-06-24 10:00,0.006,2.298
2018-06-24 11:00,0.015,2.796
2018-06-24 12:00,0.049,3.784
2018-06-24 13:00,0.088,4.463
2018-06-24 14:00,0.117,4.866
2018-06-24 15:00,0.120,4.904
2018-06-24 16:00,0.094,4.556
2018-06-24 17:00,0.075,4.268
2018-06-24 18:00,0.065,4.096
2018-06-24 19:00,0.050,3.801
2018-06-24 20:00,0.031,3.358
2018-06-24 21:00,0.016,2.880
2018-06-24 22:00,0.008,2.459
2018-06-24 23:00,0.028,3.260
2018-06-25 00:00,0.094,4.561
2018-06-25 01:00,0.243,6.155
2018-06-25 02:00,0.365,7.080
2018-06-25 03:00,0.428,7.526
2018-06-25 04:00,0.431,7.550
2018-06-25 05:00,0.400,7.338
2018-06-25 06:00,0.355,7.014
2018-06-25 07:00,0.337,6.886
2018-06-25 08:00,0.317,6.732
2018-06-25 09:00,0.248,6.200
2018-06-25 10:00,0.174,5.516
2018-06-25 11:00,0.113,4.809
2018-06-25 12:00,0.065,4.089
2018-06-25 13:00,0.021,3.043
2018-06-25 14:00,0.004,2.150
2018-06-25 15:00,0.015,2.834
2018-06-25 16:00,0.067,4.120
2018-06-25 17:00,0.156,5.329
2018-06-25 18:00,0.252,6.225
2018-06-25 19:00,0.321,6.772
2018-06-25 20:00,0.354,7.007
2018-06-25 21:00,0.303,6.637
2018-06-25 22:00,0.127,4.995
2018-06-25 23:00,0.052,3.854
2018-06-26 00:00,0.055,3.912
2018-06-26 01:00,0.035,3.448
2018-06-26 02:00,0.020,3.021
2018-06-26 03:00,0.010,2.554
2018-06-26 04:00,0.005,2.215
2018-06-26 05:00,0.003,2.071
2018-06-26 06:00,0.004,2.103
2018-06-26 07:00,0.006,2.276
2018-06-26 08:00,0.008,2.494
2018-06-26 09:00,0.009,2.522
2018-06-26 10:00,0.007,2.369
2018-06-26 11:00,0.009,2.544
2018-06-26 12:00,0.022,3.090
2018-06-26 13:00,0.060,4.010
2018-06-26 14:00,0.143,5.188
2018-06-26 15:00,0.252,6.227
2018-06-26 16:00,0.314,6.709
2018-06-26 17:00,0.313,6.708
2018-06-26 18:00,0.271,6.384
2018-06-26 19:00,0.213,5.889
2018-06-26 20:00,0.138,5.126
2018-06-26 21:00,0.071,4.200
2018-06-26 22:00,0.027,3.230
2018-06-26 23:00,0.001,1.725
2018-06-27 00:00,0,1.246
2018-06-27 01:00,0.006,2.331
2018-06-27 02:00,0.016,2.855
2018-06-27 03:00,0.023,3.131
2018-06-27 04:00,0.025,3.180
2018-06-27 05:00,0.025,3.187
2018-06-27 06:00,0.026,3.219
2018-06-27 07:00,0.032,3.389
2018-06-27 08:00,0.043,3.652
2018-06-27 09:00,0.054,3.884
2018-06-27 10:00,0.069,4.166
2018-06-27 11:00,0.129,5.020
2018-06-27 12:00,0.225,5.998
2018-06-27 13:00,0.317,6.733
2018-06-27 14:00,0.352,6.990
2018-06-27 15:00,0.359,7.054
2018-06-27 16:00,0.359,7.050
2018-06-27 17:00,0.377,7.172
2018-06-27 18:00,0.423,7.493
2018-06-27 19:00,0.466,7.782
2018-06-27 20:00,0.436,7.581
2018-06-27 21:00,0.380,7.200
2018-06-27 22:00,0.210,5.863
2018-06-27 23:00,0.091,4.518
2018-06-28 00:00,0.283,6.478
2018-06-28 01:00,0.158,5.345
2018-06-28 02:00,0.061,4.017
2018-06-28 03:00,0.015,2.800
2018-06-28 04:00,0,1.062
2018-06-28 05:00,0,0.283
2018-06-28 06:00,0,0.202
2018-06-28 07:00,0,0.194
2018-06-28 08:00,0,0.362
2018-06-28 09:00,0.001,1.563
2018-06-28 10:00,0.011,2.610
2018-06-28 11:00,0.073,4.233
2018-06-28 12:00,0.257,6.266
2018-06-28 13:00,0.498,8.004
2018-06-28 14:00,0.646,9.063
2018-06-28 15:00,0.700,9.494
2018-06-28 16:00,0.643,9.040
2018-06-28 17:00,0.597,8.699
2018-06-28 18:00,0.536,8.271
2018-06-28 19:00,0.480,7.890
2018-06-28 20:00,0.466,7.795
2018-06-28 21:00,0.486,7.929
2018-06-28 22:00,0.353,7.004
2018-06-28 23:00,0.250,6.206
2018-06-29 00:00,0.352,7.002
2018-06-29 01:00,0.176,5.532
2018-06-29 02:00,0.074,4.255
2018-06-29 03:00,0.030,3.339
2018-06-29 04:00,0.007,2.401
2018-06-29 05:00,0,1.412
2018-06-29 06:00,0,1.398
2018-06-29 07:00,0,1.224
2018-06-29 08:00,0,1.435
2018-06-29 09:00,0.002,1.793
2018-06-29 10:00,0.013,2.740
2018-06-29 11:00,0.089,4.491
2018-06-29 12:00,0.254,6.242
2018-06-29 13:00,0.374,7.153
2018-06-29 14:00,0.415,7.435
2018-06-29 15:00,0.451,7.690
2018-06-29 16:00,0.486,7.922
2018-06-29 17:00,0.473,7.831
2018-06-29 18:00,0.409,7.392
2018-06-29 19:00,0.335,6.869
2018-06-29 20:00,0.262,6.317
2018-06-29 21:00,0.181,5.579
2018-06-29 22:00,0.078,4.318
2018-06-29 23:00,0.023,3.115
2018-06-30 00:00,0.017,2.894
2018-06-30 01:00,0.012,2.678
2018-06-30 02:00,0,0.905
2018-06-30 03:00,0,1.292
2018-06-30 04:00,0.014,2.774
2018-06-30 05:00,0.036,3.484
2018-06-30 06:00,0.064,4.068
2018-06-30 07:00,0.091,4.513
2018-06-30 08:00,0.135,5.087
2018-06-30 09:00,0.182,5.603
2018-06-30 10:00,0.227,6.019
2018-06-30 11:00,0.286,6.506
2018-06-30 12:00,0.479,7.880
2018-06-30 13:00,0.637,8.995
2018-06-30 14:00,0.650,9.099
2018-06-30 15:00,0.618,8.857
2018-06-30 16:00,0.559,8.419
2018-06-30 17:00,0.537,8.275
2018-06-30 18:00,0.529,8.221
2018-06-30 19:00,0.524,8.189
2018-06-30 20:00,0.523,8.173
2018-06-30 21:00,0.470,7.816
2018-06-30 22:00,0.421,7.482
2018-06-30 23:00,0.582,8.591
2018-07-01 00:00,0.556,8.402
2018-07-01 01:00,0.486,7.926
2018-07-01 02:00,0.462,7.756
2018-07-01 03:00,0.444,7.635
2018-07-01 04:00,0.396,7.313
2018-07-01 05:00,0.373,7.143
2018-07-01 06:00,0.447,7.650
2018-07-01 07:00,0.516,8.128
2018-07-01 08:00,0.513,8.100
2018-07-01 09:00,0.485,7.916
2018-07-01 10:00,0.497,8.001
2018-07-01 11:00,0.383,7.220
2018-07-01 12:00,0.212,5.881
2018-07-01 13:00,0.106,4.727
2018-07-01 14:00,0.070,4.179
2018-07-01 15:00,0.073,4.231
2018-07-01 16:00,0.081,4.356
2018-07-01 17:00,0.080,4.344
2018-07-01 18:00,0.072,4.218
2018-07-01 19:00,0.064,4.079
2018-07-01 20:00,0.070,4.176
2018-07-01 21:00,0.064,4.078
2018-07-01 22:00,0.047,3.752
2018-07-01 23:00,0.094,4.565
2018-07-02 00:00,0.134,5.075
2018-07-02 01:00,0.105,4.710
2018-07-02 02:00,0.055,3.905
2018-07-02 03:00,0.025,3.180
2018-07-02 04:00,0.008,2.441
2018-07-02 05:00,0.002,1.825
2018-07-02 06:00,0.001,1.674
2018-07-02 07:00,0.001,1.718
2018-07-02 08:00,0.001,1.766
2018-07-02 09:00,0.001,1.763
2018-07-02 10:00,0.001,1.510
2018-07-02 11:00,0.002,1.929
2018-07-02 12:00,0.080,4.351
2018-07-02 13:00,0.292,6.552
2018-07-02 14:00,0.437,7.593
2018-07-02 15:00,0.416,7.442
2018-07-02 16:00,0.361,7.062
2018-07-02 17:00,0.326,6.807
2018-07-02 18:00,0.297,6.588
2018-07-02 19:00,0.276,6.419
2018-07-02 20:00,0.257,6.268
2018-07-02 21:00,0.205,5.820
2018-07-02 22:00,0.108,4.753
2018-07-02 23:00,0.041,3.605
2018-07-03 00:00,0.003,2.033
2018-07-03 01:00,0,0.572
2018-07-03 02:00,0.003,2.048
2018-07-03 03:00,0.024,3.149
2018-07-03 04:00,0.023,3.133
2018-07-03 05:00,0.022,3.090
2018-07-03 06:00,0.036,3.484
2018-07-03 07:00,0.075,4.258
2018-07-03 08:00,0.137,5.119
2018-07-03 09:00,0.199,5.766
2018-07-03 10:00,0.235,6.079
2018-07-03 11:00,0.275,6.415
2018-07-03 12:00,0.299,6.600
2018-07-03 13:00,0.283,6.475
2018-07-03 14:00,0.299,6.600
2018-07-03 15:00,0.284,6.484
2018-07-03 16:00,0.210,5.864
2018-07-03 17:00,0.129,5.014
2018-07-03 18:00,0.065,4.101
2018-07-03 19:00,0.068,4.142
2018-07-03 20:00,0.118,4.887
2018-07-03 21:00,0.107,4.735
2018-07-03 22:00,0.055,3.889
2018-07-03 23:00,0.006,2.299
2018-07-04 00:00,0,1.417
2018-07-04 01:00,0.027,3.237
2018-07-04 02:00,0.081,4.356
2018-07-04 03:00,0.124,4.962
2018-07-04 04:00,0.140,5.147
2018-07-04 05:00,0.141,5.158
2018-07-04 06:00,0.126,4.980
2018-07-04 07:00,0.126,4.978
2018-07-04 08:00,0.139,5.135
2018-07-04 09:00,0.159,5.358
2018-07-04 10:00,0.181,5.583
2018-07-04 11:00,0.177,5.535
2018-07-04 12:00,0.182,5.601
2018-07-04 13:00,0.199,5.760
2018-07-04 14:00,0.252,6.228
2018-07-04 15:00,0.299,6.604
2018-07-04 16:00,0.309,6.680
2018-07-04 17:00,0.262,6.315
2018-07-04 18:00,0.174,5.520
2018-07-04 19:00,0.097,4.597
2018-07-04 20:00,0.058,3.952
2018-07-04 21:00,0.032,3.383
2018-07-04 22:00,0.020,3.027
2018-07-04 23:00,0.004,2.094
2018-07-05 00:00,0.004,2.087
2018-07-05 01:00,0.073,4.230
2018-07-05 02:00,0.164,5.415
2018-07-05 03:00,0.207,5.842
2018-07-05 04:00,0.192,5.693
2018-07-05 05:00,0.164,5.412
2018-07-05 06:00,0.136,5.109
2018-07-05 07:00,0.128,5.004
2018-07-05 08:00,0.134,5.070
2018-07-05 09:00,0.147,5.234
2018-07-05 10:00,0.149,5.248
2018-07-05 11:00,0.159,5.362
2018-07-05 12:00,0.209,5.851
2018-07-05 13:00,0.279,6.451
2018-07-05 14:00,0.357,7.039
2018-07-05 15:00,0.429,7.535
2018-07-05 16:00,0.450,7.684
2018-07-05 17:00,0.423,7.493
2018-07-05 18:00,0.372,7.136
2018-07-05 19:00,0.317,6.734
2018-07-05 20:00,0.260,6.301
2018-07-05 21:00,0.203,5.789
2018-07-05 22:00,0.116,4.853
2018-07-05 23:00,0.057,3.937
2018-07-06 00:00,0.171,5.491
2018-07-06 01:00,0.285,6.491
2018-07-06 02:00,0.367,7.107
2018-07-06 03:00,0.411,7.414
2018-07-06 04:00,0.423,7.492
2018-07-06 05:00,0.424,7.503
2018-07-06 06:00,0.409,7.390
2018-07-06 07:00,0.367,7.105
2018-07-06 08:00,0.306,6.661
2018-07-06 09:00,0.258,6.279
2018-07-06 10:00,0.208,5.849
2018-07-06 11:00,0.149,5.254
2018-07-06 12:00,0.161,5.385
2018-07-06 13:00,0.265,6.329
2018-07-06 14:00,0.438,7.596
2018-07-06 15:00,0.547,8.345
2018-07-06 16:00,0.546,8.331
2018-07-06 17:00,0.480,7.888
2018-07-06 18:00,0.393,7.284
2018-07-06 19:00,0.309,6.683
2018-07-06 20:00,0.240,6.130
2018-07-06 21:00,0.166,5.433
2018-07-06 22:00,0.066,4.113
2018-07-06 23:00,0.027,3.242
2018-07-07 00:00,0.014,2.790
2018-07-07 01:00,0.013,2.754
2018-07-07 02:00,0.016,2.877
2018-07-07 03:00,0.022,3.073
2018-07-07 04:00,0.039,3.555
2018-07-07 05:00,0.077,4.300
2018-07-07 06:00,0.141,5.166
2018-07-07 07:00,0.276,6.420
2018-07-07 08:00,0.421,7.482
2018-07-07 09:00,0.463,7.763
2018-07-07 10:00,0.311,6.691
2018-07-07 11:00,0.097,4.595
2018-07-07 12:00,0.022,3.080
2018-07-07 13:00,0.027,3.236
2018-07-07 14:00,0.032,3.387
2018-07-07 15:00,0.032,3.391
2018-07-07 16:00,0.038,3.526
2018-07-07 17:00,0.114,4.837
2018-07-07 18:00,0.227,6.009
2018-07-07 19:00,0.288,6.523
2018-07-07 20:00,0.291,6.545
2018-07-07 21:00,0.265,6.337
2018-07-07 22:00,0.103,4.685
2018-07-07 23:00,0.005,2.222
2018-07-08 00:00,0,1.146
2018-07-08 01:00,0.003,1.977
2018-07-08 02:00,0.027,3.248
2018-07-08 03:00,0.029,3.309
2018-07-08 04:00,0.017,2.919
2018-07-08 05:00,0.018,2.949
2018-07-08 06:00,0.033,3.401
2018-07-08 07:00,0.041,3.604
2018-07-08 08:00,0.060,4.007
2018-07-08 09:00,0.097,4.604
2018-07-08 10:00,0.168,5.450
2018-07-08 11:00,0.272,6.396
2018-07-08 12:00,0.299,6.599
2018-07-08 13:00,0.215,5.907
2018-07-08 14:00,0.186,5.641
2018-07-08 15:00,0.180,5.567
2018-07-08 16:00,0.164,5.413
2018-07-08 17:00,0.146,5.217
2018-07-08 18:00,0.114,4.838
2018-07-08 19:00,0.082,4.366
2018-07-08 20:00,0.056,3.918
2018-07-08 21:00,0.043,3.655
2018-07-08 22:00,0.051,3.822
2018-07-08 23:00,0.276,6.425
2018-07-09 00:00,0.575,8.542
2018-07-09 01:00,0.752,9.958
2018-07-09 02:00,0.831,10.839
2018-07-09 03:00,0.873,11.438
2018-07-09 04:00,0.886,11.667
2018-07-09 05:00,0.877,11.504
2018-07-09 06:00,0.850,11.082
2018-07-09 07:00,0.821,10.711
2018-07-09 08:00,0.803,10.492
2018-07-09 09:00,0.786,10.307
2018-07-09 10:00,0.774,10.184
2018-07-09 11:00,0.765,10.084
2018-07-09 12:00,0.683,9.362
2018-07-09 13:00,0.635,8.982
2018-07-09 14:00,0.566,8.477
2018-07-09 15:00,0.516,8.130
2018-07-09 16:00,0.547,8.345
2018-07-09 17:00,0.598,8.705
2018-07-09 18:00,0.632,8.958
2018-07-09 19:00,0.649,9.087
2018-07-09 20:00,0.642,9.028
2018-07-09 21:00,0.572,8.510
2018-07-09 22:00,0.616,8.843
2018-07-09 23:00,0.759,10.032
2018-07-10 00:00,0.803,10.502
2018-07-10 01:00,0.801,10.477
2018-07-10 02:00,0.752,9.972
2018-07-10 03:00,0.673,9.275
2018-07-10 04:00,0.599,8.709
2018-07-10 05:00,0.484,7.911
2018-07-10 06:00,0.305,6.655
2018-07-10 07:00,0.138,5.122
2018-07-10 08:00,0.041,3.601
2018-07-10 09:00,0.003,1.952
2018-07-10 10:00,0,1.394
2018-07-10 11:00,0.002,1.785
2018-07-10 12:00,0.006,2.299
2018-07-10 13:00,0.030,3.322
2018-07-10 14:00,0.068,4.147
2018-07-10 15:00,0.089,4.482
2018-07-10 16:00,0.099,4.624
2018-07-10 17:00,0.128,5.003
2018-07-10 18:00,0.165,5.420
2018-07-10 19:00,0.233,6.069
2018-07-10 20:00,0.292,6.551
2018-07-10 21:00,0.251,6.220
2018-07-10 22:00,0.161,5.379
2018-07-10 23:00,0.085,4.417
2018-07-11 00:00,0.082,4.367
2018-07-11 01:00,0.069,4.150
2018-07-11 02:00,0.041,3.602
2018-07-11 03:00,0.016,2.867
2018-07-11 04:00,0.003,1.972
2018-07-11 05:00,0,1.061
2018-07-11 06:00,0,0.447
2018-07-11 07:00,0,0.817
2018-07-11 08:00,0.001,1.563
2018-07-11 09:00,0.017,2.900
2018-07-11 10:00,0.080,4.344
2018-07-11 11:00,0.342,6.921
2018-07-11 12:00,0.697,9.476
2018-07-11 13:00,0.752,9.967
2018-07-11 14:00,0.700,9.502
2018-07-11 15:00,0.645,9.053
2018-07-11 16:00,0.612,8.813
2018-07-11 17:00,0.613,8.820
2018-07-11 18:00,0.610,8.794
2018-07-11 19:00,0.597,8.703
2018-07-11 20:00,0.586,8.622
2018-07-11 21:00,0.578,8.563
2018-07-11 22:00,0.446,7.648
2018-07-11 23:00,0.240,6.127
2018-07-12 00:00,0.227,6.013
2018-07-12 01:00,0.161,5.383
2018-07-12 02:00,0.122,4.935
2018-07-12 03:00,0.122,4.931
2018-07-12 04:00,0.139,5.136
2018-07-12 05:00,0.161,5.386
2018-07-12 06:00,0.193,5.697
2018-07-12 07:00,0.238,6.100
2018-07-12 08:00,0.302,6.632
2018-07-12 09:00,0.383,7.218
2018-07-12 10:00,0.520,8.161
2018-07-12 11:00,0.693,9.437
2018-07-12 12:00,0.797,10.427
2018-07-12 13:00,0.721,9.672
2018-07-12 14:00,0.643,9.037
2018-07-12 15:00,0.591,8.649
2018-07-12 16:00,0.557,8.412
2018-07-12 17:00,0.539,8.284
2018-07-12 18:00,0.510,8.090
2018-07-12 19:00,0.470,7.820
2018-07-12 20:00,0.433,7.568
2018-07-12 21:00,0.383,7.218
2018-07-12 22:00,0.257,6.268
2018-07-12 23:00,0.220,5.951
2018-07-13 00:00,0.094,4.565
2018-07-13 01:00,0.028,3.262
2018-07-13 02:00,0.027,3.228
2018-07-13 03:00,0.059,3.972
2018-07-13 04:00,0.102,4.672
2018-07-13 05:00,0.135,5.093
2018-07-13 06:00,0.153,5.287
2018-07-13 07:00,0.172,5.501
2018-07-13 08:00,0.219,5.941
2018-07-13 09:00,0.298,6.594
2018-07-13 10:00,0.414,7.433
2018-07-13 11:00,0.571,8.508
2018-07-13 12:00,0.706,9.551
2018-07-13 13:00,0.708,9.570
2018-07-13 14:00,0.658,9.151
2018-07-13 15:00,0.625,8.906
2018-07-13 16:00,0.594,8.681
2018-07-13 17:00,0.556,8.407
2018-07-13 18:00,0.523,8.180
2018-07-13 19:00,0.594,8.674
2018-07-13 20:00,0.585,8.612
2018-07-13 21:00,0.531,8.232
2018-07-13 22:00,0.430,7.547
2018-07-13 23:00,0.600,8.711
2018-07-14 00:00,0.635,8.982
2018-07-14 01:00,0.599,8.708
2018-07-14 02:00,0.564,8.465
2018-07-14 03:00,0.588,8.635
2018-07-14 04:00,0.650,9.102
2018-07-14 05:00,0.699,9.488
2018-07-14 06:00,0.732,9.778
2018-07-14 07:00,0.768,10.126
2018-07-14 08:00,0.807,10.549
2018-07-14 09:00,0.823,10.733
2018-07-14 10:00,0.808,10.556
2018-07-14 11:00,0.737,9.825
2018-07-14 12:00,0.631,8.956
2018-07-14 13:00,0.502,8.030
2018-07-14 14:00,0.479,7.877
2018-07-14 15:00,0.519,8.148
2018-07-14 16:00,0.634,8.977
2018-07-14 17:00,0.765,10.094
2018-07-14 18:00,0.821,10.706
2018-07-14 19:00,0.803,10.493
2018-07-14 20:00,0.802,10.482
2018-07-14 21:00,0.748,9.929
2018-07-14 22:00,0.629,8.935
2018-07-14 23:00,0.706,9.551
2018-07-15 00:00,0.714,9.620
2018-07-15 01:00,0.669,9.249
2018-07-15 02:00,0.550,8.368
2018-07-15 03:00,0.421,7.484
2018-07-15 04:00,0.348,6.969
2018-07-15 05:00,0.297,6.585
2018-07-15 06:00,0.229,6.031
2018-07-15 07:00,0.159,5.356
2018-07-15 08:00,0.087,4.454
2018-07-15 09:00,0.029,3.307
2018-07-15 10:00,0.004,2.141
2018-07-15 11:00,0.001,1.578
2018-07-15 12:00,0.006,2.288
2018-07-15 13:00,0.012,2.672
2018-07-15 14:00,0.058,3.966
2018-07-15 15:00,0.149,5.254
2018-07-15 16:00,0.196,5.738
2018-07-15 17:00,0.153,5.287
2018-07-15 18:00,0.142,5.170
2018-07-15 19:00,0.153,5.289
2018-07-15 20:00,0.126,4.979
2018-07-15 21:00,0.093,4.546
2018-07-15 22:00,0.046,3.725
2018-07-15 23:00,0.024,3.150
2018-07-16 00:00,0.058,3.957
2018-07-16 01:00,0.136,5.105
2018-07-16 02:00,0.222,5.964
2018-07-16 03:00,0.307,6.665
2018-07-16 04:00,0.372,7.137
2018-07-16 05:00,0.387,7.250
2018-07-16 06:00,0.364,7.077
2018-07-16 07:00,0.324,6.794
2018-07-16 08:00,0.286,6.504
2018-07-16 09:00,0.229,6.030
2018-07-16 10:00,0.177,5.541
2018-07-16 11:00,0.215,5.906
2018-07-16 12:00,0.380,7.203
2018-07-16 13:00,0.388,7.251
2018-07-16 14:00,0.287,6.517
2018-07-16 15:00,0.229,6.028
2018-07-16 16:00,0.181,5.587
2018-07-16 17:00,0.139,5.135
2018-07-16 18:00,0.096,4.586
2018-07-16 19:00,0.072,4.224
2018-07-16 20:00,0.095,4.569
2018-07-16 21:00,0.159,5.363
2018-07-16 22:00,0.127,4.992
2018-07-16 23:00,0.038,3.531
2018-07-17 00:00,0,0.412
2018-07-17 01:00,0,0.606
2018-07-17 02:00,0,0.806
2018-07-17 03:00,0.001,1.496
2018-07-17 04:00,0.004,2.131
2018-07-17 05:00,0.012,2.691
2018-07-17 06:00,0.027,3.257
2018-07-17 07:00,0.049,3.791
2018-07-17 08:00,0.076,4.276
2018-07-17 09:00,0.113,4.808
2018-07-17 10:00,0.199,5.760
2018-07-17 11:00,0.450,7.683
2018-07-17 12:00,0.760,10.044
2018-07-17 13:00,0.847,11.054
2018-07-17 14:00,0.827,10.787
2018-07-17 15:00,0.814,10.617
2018-07-17 16:00,0.786,10.310
2018-07-17 17:00,0.743,9.879
2018-07-17 18:00,0.686,9.385
2018-07-17 19:00,0.640,9.019
2018-07-17 20:00,0.619,8.864
2018-07-17 21:00,0.597,8.693
2018-07-17 22:00,0.613,8.820
2018-07-17 23:00,0.748,9.929
2018-07-18 00:00,0.847,11.055
2018-07-18 01:00,0.891,11.743
2018-07-18 02:00,0.908,12.091
2018-07-18 03:00,0.905,12.032
2018-07-18 04:00,0.891,11.755
2018-07-18 05:00,0.886,11.666
2018-07-18 06:00,0.892,11.761
2018-07-18 07:00,0.897,11.868
2018-07-18 08:00,0.893,11.784
2018-07-18 09:00,0.899,11.902
2018-07-18 10:00,0.911,12.150
2018-07-18 11:00,0.913,12.216
2018-07-18 12:00,0.895,11.844
2018-07-18 13:00,0.855,11.168
2018-07-18 14:00,0.842,10.978
2018-07-18 15:00,0.769,10.137
2018-07-18 16:00,0.663,9.190
2018-07-18 17:00,0.661,9.182
2018-07-18 18:00,0.723,9.702
2018-07-18 19:00,0.780,10.246
2018-07-18 20:00,0.817,10.664
2018-07-18 21:00,0.913,12.195
2018-07-18 22:00,0.941,12.931
2018-07-18 23:00,0.985,15.245
2018-07-19 00:00,0.993,17.104
2018-07-19 01:00,0.993,16.799
2018-07-19 02:00,0.991,16.010
2018-07-19 03:00,0.974,14.343
2018-07-19 04:00,0.903,11.988
2018-07-19 05:00,0.707,9.562
2018-07-19 06:00,0.397,7.315
2018-07-19 07:00,0.165,5.422
2018-07-19 08:00,0.051,3.820
2018-07-19 09:00,0.020,3.001
2018-07-19 10:00,0.013,2.745
2018-07-19 11:00,0.026,3.196
2018-07-19 12:00,0.118,4.875
2018-07-19 13:00,0.301,6.618
2018-07-19 14:00,0.507,8.070
2018-07-19 15:00,0.652,9.115
2018-07-19 16:00,0.672,9.267
2018-07-19 17:00,0.725,9.717
2018-07-19 18:00,0.728,9.739
2018-07-19 19:00,0.661,9.177
2018-07-19 20:00,0.594,8.680
2018-07-19 21:00,0.523,8.172
2018-07-19 22:00,0.382,7.211
2018-07-19 23:00,0.490,7.952
2018-07-20 00:00,0.670,9.252
2018-07-20 01:00,0.700,9.498
2018-07-20 02:00,0.716,9.635
2018-07-20 03:00,0.751,9.955
2018-07-20 04:00,0.781,10.256
2018-07-20 05:00,0.772,10.158
2018-07-20 06:00,0.700,9.494
2018-07-20 07:00,0.591,8.661
2018-07-20 08:00,0.648,9.084
2018-07-20 09:00,0.824,10.751
2018-07-20 10:00,0.814,10.629
2018-07-20 11:00,0.524,8.187
2018-07-20 12:00,0.214,5.902
2018-07-20 13:00,0.213,5.890
2018-07-20 14:00,0.100,4.628
2018-07-20 15:00,0.027,3.224
2018-07-20 16:00,0.001,1.604
2018-07-20 17:00,0.001,1.518
2018-07-20 18:00,0.004,2.133
2018-07-20 19:00,0.015,2.794
2018-07-20 20:00,0.024,3.142
2018-07-20 21:00,0.023,3.110
2018-07-20 22:00,0.012,2.680
2018-07-20 23:00,0.003,1.994
2018-07-21 00:00,0,1.372
2018-07-21 01:00,0.002,1.828
2018-07-21 02:00,0.009,2.509
2018-07-21 03:00,0.020,3.021
2018-07-21 04:00,0.028,3.264
2018-07-21 05:00,0.035,3.449
2018-07-21 06:00,0.048,3.771
2018-07-21 07:00,0.074,4.252
2018-07-21 08:00,0.105,4.714
2018-07-21 09:00,0.123,4.952
2018-07-21 10:00,0.136,5.101
2018-07-21 11:00,0.151,5.271
2018-07-21 12:00,0.197,5.748
2018-07-21 13:00,0.267,6.348
2018-07-21 14:00,0.318,6.738
2018-07-21 15:00,0.333,6.853
2018-07-21 16:00,0.311,6.700
2018-07-21 17:00,0.265,6.337
2018-07-21 18:00,0.215,5.912
2018-07-21 19:00,0.150,5.264
2018-07-21 20:00,0.089,4.481
2018-07-21 21:00,0.073,4.224
2018-07-21 22:00,0.094,4.565
2018-07-21 23:00,0.099,4.627
2018-07-22 00:00,0.169,5.452
2018-07-22 01:00,0.318,6.743
2018-07-22 02:00,0.423,7.495
2018-07-22 03:00,0.526,8.200
2018-07-22 04:00,0.602,8.733
2018-07-22 05:00,0.682,9.353
2018-07-22 06:00,0.725,9.710
2018-07-22 07:00,0.776,10.204
2018-07-22 08:00,0.815,10.639
2018-07-22 09:00,0.814,10.627
2018-07-22 10:00,0.806,10.536
2018-07-22 11:00,0.748,9.918
2018-07-22 12:00,0.718,9.659
2018-07-22 13:00,0.692,9.422
2018-07-22 14:00,0.653,9.118
2018-07-22 15:00,0.621,8.879
2018-07-22 16:00,0.589,8.643
2018-07-22 17:00,0.518,8.144
2018-07-22 18:00,0.397,7.320
2018-07-22 19:00,0.400,7.331
2018-07-22 20:00,0.449,7.663
2018-07-22 21:00,0.453,7.704
2018-07-22 22:00,0.479,7.883
2018-07-22 23:00,0.539,8.285
2018-07-23 00:00,0.600,8.713
2018-07-23 01:00,0.622,8.888
2018-07-23 02:00,0.572,8.516
2018-07-23 03:00,0.562,8.440
2018-07-23 04:00,0.600,8.722
2018-07-23 05:00,0.652,9.114
2018-07-23 06:00,0.697,9.473
2018-07-23 07:00,0.715,9.631
2018-07-23 08:00,0.715,9.626
2018-07-23 09:00,0.691,9.418
2018-07-23 10:00,0.616,8.830
2018-07-23 11:00,0.441,7.615
2018-07-23 12:00,0.342,6.927
2018-07-23 13:00,0.256,6.259
2018-07-23 14:00,0.188,5.660
2018-07-23 15:00,0.224,5.990
2018-07-23 16:00,0.367,7.100
2018-07-23 17:00,0.484,7.914
2018-07-23 18:00,0.499,8.015
2018-07-23 19:00,0.533,8.247
2018-07-23 20:00,0.581,8.589
2018-07-23 21:00,0.581,8.585
2018-07-23 22:00,0.406,7.372
2018-07-23 23:00,0.214,5.902
2018-07-24 00:00,0.166,5.434
2018-07-24 01:00,0.185,5.630
2018-07-24 02:00,0.150,5.262
2018-07-24 03:00,0.125,4.971
2018-07-24 04:00,0.099,4.625
2018-07-24 05:00,0.070,4.180
2018-07-24 06:00,0.048,3.760
2018-07-24 07:00,0.033,3.405
2018-07-24 08:00,0.023,3.130
2018-07-24 09:00,0.017,2.917
2018-07-24 10:00,0.014,2.788
2018-07-24 11:00,0.020,3.033
2018-07-24 12:00,0.038,3.535
2018-07-24 13:00,0.074,4.252
2018-07-24 14:00,0.126,4.988
2018-07-24 15:00,0.188,5.653
2018-07-24 16:00,0.236,6.095
2018-07-24 17:00,0.265,6.334
2018-07-24 18:00,0.279,6.452
2018-07-24 19:00,0.289,6.529
2018-07-24 20:00,0.301,6.615
2018-07-24 21:00,0.283,6.475
2018-07-24 22:00,0.220,5.950
2018-07-24 23:00,0.077,4.283
2018-07-25 00:00,0.054,3.888
2018-07-25 01:00,0.054,3.870
2018-07-25 02:00,0.070,4.178
2018-07-25 03:00,0.106,4.723
2018-07-25 04:00,0.138,5.132
2018-07-25 05:00,0.155,5.311
2018-07-25 06:00,0.162,5.388
2018-07-25 07:00,0.172,5.501
2018-07-25 08:00,0.198,5.756
2018-07-25 09:00,0.246,6.176
2018-07-25 10:00,0.334,6.866
2018-07-25 11:00,0.546,8.339
2018-07-25 12:00,0.752,9.960
2018-07-25 13:00,0.787,10.317
2018-07-25 14:00,0.750,9.942
2018-07-25 15:00,0.702,9.517
2018-07-25 16:00,0.614,8.824
2018-07-25 17:00,0.583,8.601
2018-07-25 18:00,0.580,8.572
2018-07-25 19:00,0.571,8.507
2018-07-25 20:00,0.553,8.387
2018-07-25 21:00,0.529,8.225
2018-07-25 22:00,0.419,7.473
2018-07-25 23:00,0.468,7.806
2018-07-26 00:00,0.812,10.597
2018-07-26 01:00,0.833,10.860
2018-07-26 02:00,0.817,10.659
2018-07-26 03:00,0.785,10.299
2018-07-26 04:00,0.726,9.726
2018-07-26 05:00,0.650,9.096
2018-07-26 06:00,0.573,8.524
2018-07-26 07:00,0.521,8.163
2018-07-26 08:00,0.505,8.057
2018-07-26 09:00,0.542,8.307
2018-07-26 10:00,0.611,8.796
2018-07-26 11:00,0.631,8.956
2018-07-26 12:00,0.673,9.276
2018-07-26 13:00,0.653,9.119
2018-07-26 14:00,0.600,8.726
2018-07-26 15:00,0.581,8.586
2018-07-26 16:00,0.581,8.579
2018-07-26 17:00,0.589,8.642
2018-07-26 18:00,0.581,8.588
2018-07-26 19:00,0.558,8.416
2018-07-26 20:00,0.546,8.328
2018-07-26 21:00,0.513,8.106
2018-07-26 22:00,0.431,7.555
2018-07-26 23:00,0.661,9.170
2018-07-27 00:00,0.758,10.028
2018-07-27 01:00,0.807,10.544
2018-07-27 02:00,0.836,10.894
2018-07-27 03:00,0.860,11.237
2018-07-27 04:00,0.873,11.446
2018-07-27 05:00,0.851,11.110
2018-07-27 06:00,0.804,10.515
2018-07-27 07:00,0.779,10.241
2018-07-27 08:00,0.800,10.467
2018-07-27 09:00,0.834,10.878
2018-07-27 10:00,0.863,11.278
2018-07-27 11:00,0.877,11.506
2018-07-27 12:00,0.841,10.963
2018-07-27 13:00,0.834,10.871
2018-07-27 14:00,0.819,10.682
2018-07-27 15:00,0.782,10.267
2018-07-27 16:00,0.752,9.957
2018-07-27 17:00,0.730,9.761
2018-07-27 18:00,0.725,9.717
2018-07-27 19:00,0.735,9.810
2018-07-27 20:00,0.732,9.783
2018-07-27 21:00,0.723,9.697
2018-07-27 22:00,0.704,9.536
2018-07-27 23:00,0.837,10.921
2018-07-28 00:00,0.862,11.262
2018-07-28 01:00,0.810,10.572
2018-07-28 02:00,0.756,10.008
2018-07-28 03:00,0.740,9.851
2018-07-28 04:00,0.745,9.894
2018-07-28 05:00,0.748,9.932
2018-07-28 06:00,0.739,9.847
2018-07-28 07:00,0.710,9.588
2018-07-28 08:00,0.666,9.224
2018-07-28 09:00,0.597,8.700
2018-07-28 10:00,0.524,8.188
2018-07-28 11:00,0.489,7.951
2018-07-28 12:00,0.534,8.255
2018-07-28 13:00,0.536,8.267
2018-07-28 14:00,0.523,8.181
2018-07-28 15:00,0.657,9.146
2018-07-28 16:00,0.661,9.182
2018-07-28 17:00,0.658,9.149
2018-07-28 18:00,0.564,8.465
2018-07-28 19:00,0.497,7.997
2018-07-28 20:00,0.430,7.546
2018-07-28 21:00,0.449,7.663
2018-07-28 22:00,0.345,6.949
2018-07-28 23:00,0.434,7.572
2018-07-29 00:00,0.371,7.132
2018-07-29 01:00,0.261,6.305
2018-07-29 02:00,0.187,5.649
2018-07-29 03:00,0.149,5.256
2018-07-29 04:00,0.132,5.049
2018-07-29 05:00,0.121,4.920
2018-07-29 06:00,0.114,4.832
2018-07-29 07:00,0.115,4.848
2018-07-29 08:00,0.140,5.149
2018-07-29 09:00,0.180,5.570
2018-07-29 10:00,0.240,6.127
2018-07-29 11:00,0.339,6.903
2018-07-29 12:00,0.486,7.921
2018-07-29 13:00,0.502,8.038
2018-07-29 14:00,0.440,7.612
2018-07-29 15:00,0.369,7.114
2018-07-29 16:00,0.306,6.661
2018-07-29 17:00,0.261,6.304
2018-07-29 18:00,0.224,5.981
2018-07-29 19:00,0.191,5.685
2018-07-29 20:00,0.172,5.499
2018-07-29 21:00,0.160,5.367
2018-07-29 22:00,0.105,4.717
2018-07-29 23:00,0.056,3.928
2018-07-30 00:00,0.102,4.662
2018-07-30 01:00,0.163,5.404
2018-07-30 02:00,0.227,6.017
2018-07-30 03:00,0.302,6.633
2018-07-30 04:00,0.367,7.109
2018-07-30 05:00,0.409,7.391
2018-07-30 06:00,0.432,7.561
2018-07-30 07:00,0.457,7.731
2018-07-30 08:00,0.490,7.958
2018-07-30 09:00,0.503,8.041
2018-07-30 10:00,0.499,8.013
2018-07-30 11:00,0.507,8.072
2018-07-30 12:00,0.586,8.621
2018-07-30 13:00,0.592,8.663
2018-07-30 14:00,0.549,8.363
2018-07-30 15:00,0.497,7.995
2018-07-30 16:00,0.439,7.607
2018-07-30 17:00,0.366,7.096
2018-07-30 18:00,0.286,6.504
2018-07-30 19:00,0.233,6.072
2018-07-30 20:00,0.210,5.862
2018-07-30 21:00,0.220,5.948
2018-07-30 22:00,0.174,5.519
2018-07-30 23:00,0.142,5.171
2018-07-31 00:00,0.188,5.660
2018-07-31 01:00,0.223,5.970
2018-07-31 02:00,0.254,6.236
2018-07-31 03:00,0.279,6.439
2018-07-31 04:00,0.318,6.744
2018-07-31 05:00,0.376,7.167
2018-07-31 06:00,0.453,7.702
2018-07-31 07:00,0.559,8.429
2018-07-31 08:00,0.676,9.304
2018-07-31 09:00,0.725,9.716
2018-07-31 10:00,0.719,9.664
2018-07-31 11:00,0.635,8.982
2018-07-31 12:00,0.546,8.338
2018-07-31 13:00,0.489,7.946
2018-07-31 14:00,0.422,7.484
2018-07-31 15:00,0.374,7.160
2018-07-31 16:00,0.338,6.893
2018-07-31 17:00,0.321,6.773
2018-07-31 18:00,0.325,6.802
2018-07-31 19:00,0.325,6.805
2018-07-31 20:00,0.312,6.701
2018-07-31 21:00,0.303,6.634
2018-07-31 22:00,0.301,6.617
2018-07-31 23:00,0.503,8.043
2018-08-01 00:00,0.571,8.508
2018-08-01 01:00,0.566,8.477
2018-08-01 02:00,0.585,8.617
2018-08-01 03:00,0.647,9.076
2018-08-01 04:00,0.706,9.549
2018-08-01 05:00,0.748,9.921
2018-08-01 06:00,0.779,10.237
2018-08-01 07:00,0.807,10.547
2018-08-01 08:00,0.837,10.918
2018-08-01 09:00,0.851,11.097
2018-08-01 10:00,0.856,11.181
2018-08-01 11:00,0.828,10.802
2018-08-01 12:00,0.749,9.933
2018-08-01 13:00,0.633,8.970
2018-08-01 14:00,0.580,8.571
2018-08-01 15:00,0.590,8.647
2018-08-01 16:00,0.613,8.821
2018-08-01 17:00,0.621,8.876
2018-08-01 18:00,0.617,8.852
2018-08-01 19:00,0.612,8.813
2018-08-01 20:00,0.616,8.840
2018-08-01 21:00,0.614,8.823
2018-08-01 22:00,0.611,8.797
2018-08-01 23:00,0.842,10.984
2018-08-02 00:00,0.892,11.773
2018-08-02 01:00,0.886,11.658
2018-08-02 02:00,0.867,11.343
2018-08-02 03:00,0.853,11.128
2018-08-02 04:00,0.843,10.997
2018-08-02 05:00,0.837,10.904
2018-08-02 06:00,0.836,10.892
2018-08-02 07:00,0.839,10.948
2018-08-02 08:00,0.845,11.012
2018-08-02 09:00,0.838,10.929
2018-08-02 10:00,0.821,10.709
2018-08-02 11:00,0.784,10.288
2018-08-02 12:00,0.730,9.765
2018-08-02 13:00,0.686,9.386
2018-08-02 14:00,0.637,8.991
2018-08-02 15:00,0.527,8.207
2018-08-02 16:00,0.395,7.301
2018-08-02 17:00,0.361,7.064
2018-08-02 18:00,0.378,7.182
2018-08-02 19:00,0.396,7.310
2018-08-02 20:00,0.397,7.315
2018-08-02 21:00,0.370,7.119
2018-08-02 22:00,0.325,6.805
2018-08-02 23:00,0.520,8.155
2018-08-03 00:00,0.479,7.879
2018-08-03 01:00,0.327,6.814
2018-08-03 02:00,0.230,6.037
2018-08-03 03:00,0.183,5.604
2018-08-03 04:00,0.155,5.310
2018-08-03 05:00,0.134,5.068
2018-08-03 06:00,0.119,4.902
2018-08-03 07:00,0.113,4.817
2018-08-03 08:00,0.118,4.874
2018-08-03 09:00,0.142,5.170
2018-08-03 10:00,0.201,5.777
2018-08-03 11:00,0.313,6.706
2018-08-03 12:00,0.465,7.778
2018-08-03 13:00,0.536,8.270
2018-08-03 14:00,0.499,8.019
2018-08-03 15:00,0.436,7.577
2018-08-03 16:00,0.388,7.252
2018-08-03 17:00,0.345,6.942
2018-08-03 18:00,0.305,6.650
2018-08-03 19:00,0.267,6.349
2018-08-03 20:00,0.234,6.073
2018-08-03 21:00,0.199,5.758
2018-08-03 22:00,0.120,4.913
2018-08-03 23:00,0.110,4.775
2018-08-04 00:00,0.066,4.113
2018-08-04 01:00,0.031,3.364
2018-08-04 02:00,0.033,3.405
2018-08-04 03:00,0.035,3.465
2018-08-04 04:00,0.032,3.395
2018-08-04 05:00,0.028,3.267
2018-08-04 06:00,0.022,3.096
2018-08-04 07:00,0.019,2.989
2018-08-04 08:00,0.020,3.015
2018-08-04 09:00,0.027,3.254
2018-08-04 10:00,0.050,3.809
2018-08-04 11:00,0.134,5.079
2018-08-04 12:00,0.299,6.610
2018-08-04 13:00,0.449,7.666
2018-08-04 14:00,0.512,8.097
2018-08-04 15:00,0.529,8.223
2018-08-04 16:00,0.513,8.103
2018-08-04 17:00,0.462,7.756
2018-08-04 18:00,0.416,7.452
2018-08-04 19:00,0.381,7.204
2018-08-04 20:00,0.348,6.962
2018-08-04 21:00,0.310,6.686
2018-08-04 22:00,0.235,6.077
2018-08-04 23:00,0.065,4.098
2018-08-05 00:00,0.038,3.536
2018-08-05 01:00,0.061,4.015
2018-08-05 02:00,0.074,4.248
2018-08-05 03:00,0.101,4.643
2018-08-05 04:00,0.124,4.962
2018-08-05 05:00,0.133,5.057
2018-08-05 06:00,0.118,4.883
2018-08-05 07:00,0.095,4.576
2018-08-05 08:00,0.074,4.256
2018-08-05 09:00,0.055,3.917
2018-08-05 10:00,0.056,3.918
2018-08-05 11:00,0.138,5.132
2018-08-05 12:00,0.343,6.932
2018-08-05 13:00,0.506,8.065
2018-08-05 14:00,0.612,8.800
2018-08-05 15:00,0.596,8.686
2018-08-05 16:00,0.586,8.620
2018-08-05 17:00,0.505,8.052
2018-08-05 18:00,0.418,7.466
2018-08-05 19:00,0.374,7.153
2018-08-05 20:00,0.350,6.983
2018-08-05 21:00,0.300,6.612
2018-08-05 22:00,0.187,5.644
2018-08-05 23:00,0.111,4.783
2018-08-06 00:00,0.049,3.782
2018-08-06 01:00,0.020,3.017
2018-08-06 02:00,0.015,2.827
2018-08-06 03:00,0.013,2.757
2018-08-06 04:00,0.011,2.660
2018-08-06 05:00,0.009,2.496
2018-08-06 06:00,0.005,2.191
2018-08-06 07:00,0.002,1.838
2018-08-06 08:00,0.001,1.506
2018-08-06 09:00,0.001,1.457
2018-08-06 10:00,0.001,1.648
2018-08-06 11:00,0.004,2.129
2018-08-06 12:00,0.015,2.833
2018-08-06 13:00,0.032,3.381
2018-08-06 14:00,0.040,3.575
2018-08-06 15:00,0.047,3.752
2018-08-06 16:00,0.056,3.934
2018-08-06 17:00,0.068,4.138
2018-08-06 18:00,0.075,4.259
2018-08-06 19:00,0.069,4.151
2018-08-06 20:00,0.056,3.924
2018-08-06 21:00,0.040,3.582
2018-08-06 22:00,0.024,3.137
2018-08-06 23:00,0.018,2.935
2018-08-07 00:00,0.018,2.934
2018-08-07 01:00,0.005,2.214
2018-08-07 02:00,0,1.275
2018-08-07 03:00,0,0.934
2018-08-07 04:00,0,0.484
2018-08-07 05:00,0,0.373
2018-08-07 06:00,0,0.772
2018-08-07 07:00,0,1.251
2018-08-07 08:00,0.001,1.568
2018-08-07 09:00,0.002,1.861
2018-08-07 10:00,0.004,2.156
2018-08-07 11:00,0.009,2.509
2018-08-07 12:00,0.014,2.761
2018-08-07 13:00,0.011,2.632
2018-08-07 14:00,0.004,2.108
2018-08-07 15:00,0.001,1.521
2018-08-07 16:00,0,1.343
2018-08-07 17:00,0.001,1.493
2018-08-07 18:00,0.001,1.482
2018-08-07 19:00,0,1.431
2018-08-07 20:00,0,1.412
2018-08-07 21:00,0,1.449
2018-08-07 22:00,0.001,1.581
2018-08-07 23:00,0,0.968
2018-08-08 00:00,0,0.861
2018-08-08 01:00,0,0.864
2018-08-08 02:00,0,1.287
2018-08-08 03:00,0.001,1.716
2018-08-08 04:00,0.003,2.070
2018-08-08 05:00,0.008,2.442
2018-08-08 06:00,0.015,2.805
2018-08-08 07:00,0.027,3.244
2018-08-08 08:00,0.052,3.849
2018-08-08 09:00,0.097,4.596
2018-08-08 10:00,0.152,5.276
2018-08-08 11:00,0.203,5.792
2018-08-08 12:00,0.265,6.337
2018-08-08 13:00,0.287,6.511
2018-08-08 14:00,0.279,6.441
2018-08-08 15:00,0.270,6.376
2018-08-08 16:00,0.248,6.189
2018-08-08 17:00,0.212,5.885
2018-08-08 18:00,0.182,5.601
2018-08-08 19:00,0.146,5.217
2018-08-08 20:00,0.117,4.867
2018-08-08 21:00,0.110,4.772
2018-08-08 22:00,0.107,4.733
2018-08-08 23:00,0.105,4.719
2018-08-09 00:00,0.267,6.346
2018-08-09 01:00,0.377,7.171
2018-08-09 02:00,0.213,5.894
2018-08-09 03:00,0.044,3.684
2018-08-09 04:00,0.015,2.834
2018-08-09 05:00,0.027,3.245
2018-08-09 06:00,0.083,4.389
2018-08-09 07:00,0.194,5.707
2018-08-09 08:00,0.335,6.867
2018-08-09 09:00,0.439,7.610
2018-08-09 10:00,0.466,7.794
2018-08-09 11:00,0.418,7.465
2018-08-09 12:00,0.406,7.371
2018-08-09 13:00,0.326,6.807
2018-08-09 14:00,0.272,6.393
2018-08-09 15:00,0.279,6.445
2018-08-09 16:00,0.294,6.568
2018-08-09 17:00,0.299,6.601
2018-08-09 18:00,0.302,6.620
2018-08-09 19:00,0.308,6.666
2018-08-09 20:00,0.318,6.741
2018-08-09 21:00,0.285,6.489
2018-08-09 22:00,0.250,6.206
2018-08-09 23:00,0.198,5.757
2018-08-10 00:00,0.264,6.326
2018-08-10 01:00,0.261,6.306
2018-08-10 02:00,0.226,6.006
2018-08-10 03:00,0.204,5.807
2018-08-10 04:00,0.199,5.762
2018-08-10 05:00,0.195,5.726
2018-08-10 06:00,0.187,5.645
2018-08-10 07:00,0.169,5.466
2018-08-10 08:00,0.155,5.305
2018-08-10 09:00,0.156,5.325
2018-08-10 10:00,0.181,5.589
2018-08-10 11:00,0.311,6.689
2018-08-10 12:00,0.504,8.045
2018-08-10 13:00,0.606,8.763
2018-08-10 14:00,0.612,8.806
2018-08-10 15:00,0.577,8.548
2018-08-10 16:00,0.556,8.401
2018-08-10 17:00,0.539,8.281
2018-08-10 18:00,0.526,8.203
2018-08-10 19:00,0.447,7.650
2018-08-10 20:00,0.352,6.996
2018-08-10 21:00,0.266,6.343
2018-08-10 22:00,0.158,5.346
2018-08-10 23:00,0.059,3.986
2018-08-11 00:00,0.008,2.443
2018-08-11 01:00,0,0.937
2018-08-11 02:00,0,0.886
2018-08-11 03:00,0,1.044
2018-08-11 04:00,0,1.235
2018-08-11 05:00,0,1.418
2018-08-11 06:00,0.001,1.491
2018-08-11 07:00,0.001,1.475
2018-08-11 08:00,0.001,1.572
2018-08-11 09:00,0.003,1.977
2018-08-11 10:00,0.015,2.827
2018-08-11 11:00,0.065,4.098
2018-08-11 12:00,0.141,5.161
2018-08-11 13:00,0.198,5.756
2018-08-11 14:00,0.254,6.246
2018-08-11 15:00,0.314,6.720
2018-08-11 16:00,0.352,6.997
2018-08-11 17:00,0.343,6.931
2018-08-11 18:00,0.302,6.627
2018-08-11 19:00,0.268,6.360
2018-08-11 20:00,0.241,6.136
2018-08-11 21:00,0.213,5.891
2018-08-11 22:00,0.155,5.313
2018-08-11 23:00,0.057,3.938
2018-08-12 00:00,0.021,3.052
2018-08-12 01:00,0.011,2.619
2018-08-12 02:00,0.008,2.457
2018-08-12 03:00,0.008,2.492
2018-08-12 04:00,0.010,2.596
2018-08-12 05:00,0.010,2.599
2018-08-12 06:00,0.010,2.593
2018-08-12 07:00,0.011,2.620
2018-08-12 08:00,0.013,2.745
2018-08-12 09:00,0.018,2.942
2018-08-12 10:00,0.021,3.063
2018-08-12 11:00,0.024,3.146
2018-08-12 12:00,0.023,3.117
2018-08-12 13:00,0.021,3.037
2018-08-12 14:00,0.029,3.299
2018-08-12 15:00,0.043,3.636
2018-08-12 16:00,0.055,3.914
2018-08-12 17:00,0.056,3.935
2018-08-12 18:00,0.038,3.539
2018-08-12 19:00,0.027,3.253
2018-08-12 20:00,0.027,3.239
2018-08-12 21:00,0.022,3.087
2018-08-12 22:00,0.015,2.834
2018-08-12 23:00,0.011,2.629
2018-08-13 00:00,0.027,3.250
2018-08-13 01:00,0.050,3.803
2018-08-13 02:00,0.055,3.901
2018-08-13 03:00,0.046,3.729
2018-08-13 04:00,0.034,3.440
2018-08-13 05:00,0.026,3.198
2018-08-13 06:00,0.022,3.084
2018-08-13 07:00,0.024,3.150
2018-08-13 08:00,0.039,3.552
2018-08-13 09:00,0.076,4.275
2018-08-13 10:00,0.113,4.812
2018-08-13 11:00,0.162,5.395
2018-08-13 12:00,0.213,5.891
2018-08-13 13:00,0.210,5.868
2018-08-13 14:00,0.166,5.434
2018-08-13 15:00,0.149,5.257
2018-08-13 16:00,0.164,5.414
2018-08-13 17:00,0.179,5.559
2018-08-13 18:00,0.167,5.445
2018-08-13 19:00,0.145,5.202
2018-08-13 20:00,0.132,5.042
2018-08-13 21:00,0.126,4.980
2018-08-13 22:00,0.109,4.770
2018-08-13 23:00,0.078,4.313
2018-08-14 00:00,0.090,4.496
2018-08-14 01:00,0.086,4.441
2018-08-14 02:00,0.096,4.583
2018-08-14 03:00,0.095,4.576
2018-08-14 04:00,0.084,4.404
2018-08-14 05:00,0.072,4.209
2018-08-14 06:00,0.060,4.007
2018-08-14 07:00,0.056,3.925
2018-08-14 08:00,0.059,3.972
2018-08-14 09:00,0.078,4.317
2018-08-14 10:00,0.122,4.939
2018-08-14 11:00,0.200,5.771
2018-08-14 12:00,0.265,6.336
2018-08-14 13:00,0.239,6.121
2018-08-14 14:00,0.164,5.409
2018-08-14 15:00,0.107,4.737
2018-08-14 16:00,0.073,4.229
2018-08-14 17:00,0.052,3.838
2018-08-14 18:00,0.039,3.572
2018-08-14 19:00,0.032,3.373
2018-08-14 20:00,0.025,3.183
2018-08-14 21:00,0.023,3.110
2018-08-14 22:00,0.024,3.153
2018-08-14 23:00,0.011,2.647
2018-08-15 00:00,0.021,3.060
2018-08-15 01:00,0.016,2.847
2018-08-15 02:00,0.013,2.711
2018-08-15 03:00,0.015,2.812
2018-08-15 04:00,0.021,3.043
2018-08-15 05:00,0.032,3.394
2018-08-15 06:00,0.051,3.823
2018-08-15 07:00,0.071,4.196
2018-08-15 08:00,0.095,4.573
2018-08-15 09:00,0.139,5.144
2018-08-15 10:00,0.225,5.998
2018-08-15 11:00,0.384,7.230
2018-08-15 12:00,0.502,8.037
2018-08-15 13:00,0.471,7.823
2018-08-15 14:00,0.410,7.409
2018-08-15 15:00,0.358,7.043
2018-08-15 16:00,0.311,6.696
2018-08-15 17:00,0.254,6.239
2018-08-15 18:00,0.184,5.617
2018-08-15 19:00,0.114,4.832
2018-08-15 20:00,0.047,3.743
2018-08-15 21:00,0.009,2.526
2018-08-15 22:00,0.005,2.190
2018-08-15 23:00,0.007,2.407
2018-08-16 00:00,0.023,3.124
2018-08-16 01:00,0.043,3.648
2018-08-16 02:00,0.039,3.568
2018-08-16 03:00,0.031,3.366
2018-08-16 04:00,0.027,3.257
2018-08-16 05:00,0.028,3.270
2018-08-16 06:00,0.033,3.415
2018-08-16 07:00,0.058,3.950
2018-08-16 08:00,0.133,5.055
2018-08-16 09:00,0.281,6.466
2018-08-16 10:00,0.459,7.736
2018-08-16 11:00,0.559,8.423
2018-08-16 12:00,0.522,8.166
2018-08-16 13:00,0.459,7.736
2018-08-16 14:00,0.349,6.980
2018-08-16 15:00,0.275,6.415
2018-08-16 16:00,0.219,5.945
2018-08-16 17:00,0.170,5.476
2018-08-16 18:00,0.128,5.009
2018-08-16 19:00,0.102,4.658
2018-08-16 20:00,0.077,4.293
2018-08-16 21:00,0.049,3.786
2018-08-16 22:00,0.039,3.556
2018-08-16 23:00,0.038,3.540
2018-08-17 00:00,0.030,3.342
2018-08-17 01:00,0.016,2.854
2018-08-17 02:00,0.004,2.167
2018-08-17 03:00,0,1.297
2018-08-17 04:00,0,0.338
2018-08-17 05:00,0,0.027
2018-08-17 06:00,0,0.077
2018-08-17 07:00,0,0.660
2018-08-17 08:00,0.001,1.767
2018-08-17 09:00,0.006,2.320
2018-08-17 10:00,0.016,2.852
2018-08-17 11:00,0.055,3.896
2018-08-17 12:00,0.106,4.729
2018-08-17 13:00,0.126,4.980
2018-08-17 14:00,0.113,4.819
2018-08-17 15:00,0.099,4.623
2018-08-17 16:00,0.096,4.582
2018-08-17 17:00,0.096,4.588
2018-08-17 18:00,0.099,4.625
2018-08-17 19:00,0.095,4.578
2018-08-17 20:00,0.086,4.439
2018-08-17 21:00,0.074,4.248
2018-08-17 22:00,0.062,4.040
2018-08-17 23:00,0.069,4.154
2018-08-18 00:00,0.062,4.041
2018-08-18 01:00,0.044,3.672
2018-08-18 02:00,0.036,3.487
2018-08-18 03:00,0.032,3.393
2018-08-18 04:00,0.028,3.260
2018-08-18 05:00,0.027,3.246
2018-08-18 06:00,0.031,3.356
2018-08-18 07:00,0.047,3.737
2018-08-18 08:00,0.080,4.341
2018-08-18 09:00,0.137,5.117
2018-08-18 10:00,0.213,5.890
2018-08-18 11:00,0.318,6.741
2018-08-18 12:00,0.409,7.395
2018-08-18 13:00,0.394,7.299
2018-08-18 14:00,0.340,6.912
2018-08-18 15:00,0.315,6.724
2018-08-18 16:00,0.302,6.623
2018-08-18 17:00,0.264,6.324
2018-08-18 18:00,0.237,6.099
2018-08-18 19:00,0.232,6.061
2018-08-18 20:00,0.251,6.223
2018-08-18 21:00,0.246,6.178
2018-08-18 22:00,0.202,5.782
2018-08-18 23:00,0.123,4.942
2018-08-19 00:00,0.109,4.766
2018-08-19 01:00,0.047,3.737
2018-08-19 02:00,0.026,3.207
2018-08-19 03:00,0.023,3.128
2018-08-19 04:00,0.024,3.157
2018-08-19 05:00,0.025,3.180
2018-08-19 06:00,0.023,3.136
2018-08-19 07:00,0.021,3.042
2018-08-19 08:00,0.024,3.168
2018-08-19 09:00,0.042,3.617
2018-08-19 10:00,0.085,4.414
2018-08-19 11:00,0.207,5.838
2018-08-19 12:00,0.356,7.027
2018-08-19 13:00,0.431,7.555
2018-08-19 14:00,0.463,7.768
2018-08-19 15:00,0.463,7.767
2018-08-19 16:00,0.441,7.617
2018-08-19 17:00,0.442,7.630
2018-08-19 18:00,0.415,7.438
2018-08-19 19:00,0.393,7.287
2018-08-19 20:00,0.365,7.088
2018-08-19 21:00,0.303,6.640
2018-08-19 22:00,0.216,5.924
2018-08-19 23:00,0.083,4.378
2018-08-20 00:00,0.111,4.784
2018-08-20 01:00,0.054,3.886
2018-08-20 02:00,0.010,2.565
2018-08-20 03:00,0,1.449
2018-08-20 04:00,0,0.897
2018-08-20 05:00,0,1.187
2018-08-20 06:00,0.003,2.061
2018-08-20 07:00,0.013,2.717
2018-08-20 08:00,0.026,3.198
2018-08-20 09:00,0.055,3.898
2018-08-20 10:00,0.154,5.295
2018-08-20 11:00,0.309,6.678
2018-08-20 12:00,0.424,7.504
2018-08-20 13:00,0.429,7.537
2018-08-20 14:00,0.321,6.770
2018-08-20 15:00,0.207,5.840
2018-08-20 16:00,0.159,5.365
2018-08-20 17:00,0.135,5.088
2018-08-20 18:00,0.132,5.046
2018-08-20 19:00,0.149,5.254
2018-08-20 20:00,0.145,5.197
2018-08-20 21:00,0.095,4.567
2018-08-20 22:00,0.077,4.290
2018-08-20 23:00,0.071,4.198
2018-08-21 00:00,0.124,4.955
2018-08-21 01:00,0.231,6.047
2018-08-21 02:00,0.279,6.439
2018-08-21 03:00,0.265,6.328
2018-08-21 04:00,0.249,6.203
2018-08-21 05:00,0.458,7.733
2018-08-21 06:00,0.702,9.520
2018-08-21 07:00,0.826,10.760
2018-08-21 08:00,0.857,11.189
2018-08-21 09:00,0.819,10.692
2018-08-21 10:00,0.628,8.920
2018-08-21 11:00,0.342,6.921
2018-08-21 12:00,0.119,4.892
2018-08-21 13:00,0.021,3.055
2018-08-21 14:00,0.003,1.974
2018-08-21 15:00,0.007,2.405
2018-08-21 16:00,0.025,3.185
2018-08-21 17:00,0.089,4.487
2018-08-21 18:00,0.180,5.571
2018-08-21 19:00,0.240,6.130
2018-08-21 20:00,0.265,6.334
2018-08-21 21:00,0.262,6.317
2018-08-21 22:00,0.218,5.934
2018-08-21 23:00,0.086,4.446
2018-08-22 00:00,0.049,3.786
2018-08-22 01:00,0.026,3.220
2018-08-22 02:00,0.040,3.580
2018-08-22 03:00,0.043,3.651
2018-08-22 04:00,0.036,3.478
2018-08-22 05:00,0.031,3.345
2018-08-22 06:00,0.029,3.316
2018-08-22 07:00,0.029,3.291
2018-08-22 08:00,0.027,3.253
2018-08-22 09:00,0.026,3.202
2018-08-22 10:00,0.027,3.224
2018-08-22 11:00,0.036,3.472
2018-08-22 12:00,0.050,3.799
2018-08-22 13:00,0.078,4.311
2018-08-22 14:00,0.123,4.952
2018-08-22 15:00,0.179,5.555
2018-08-22 16:00,0.215,5.908
2018-08-22 17:00,0.224,5.989
2018-08-22 18:00,0.212,5.887
2018-08-22 19:00,0.188,5.656
2018-08-22 20:00,0.159,5.358
2018-08-22 21:00,0.131,5.033
2018-08-22 22:00,0.108,4.749
2018-08-22 23:00,0.047,3.733
2018-08-23 00:00,0.010,2.579
2018-08-23 01:00,0.029,3.302
2018-08-23 02:00,0.052,3.840
2018-08-23 03:00,0.059,3.980
2018-08-23 04:00,0.054,3.876
2018-08-23 05:00,0.038,3.548
2018-08-23 06:00,0.022,3.089
2018-08-23 07:00,0.015,2.821
2018-08-23 08:00,0.019,2.959
2018-08-23 09:00,0.028,3.266
2018-08-23 10:00,0.058,3.952
2018-08-23 11:00,0.140,5.149
2018-08-23 12:00,0.257,6.267
2018-08-23 13:00,0.377,7.172
2018-08-23 14:00,0.466,7.783
2018-08-23 15:00,0.542,8.311
2018-08-23 16:00,0.585,8.618
2018-08-23 17:00,0.593,8.666
2018-08-23 18:00,0.574,8.533
2018-08-23 19:00,0.533,8.240
2018-08-23 20:00,0.466,7.780
2018-08-23 21:00,0.372,7.137
2018-08-23 22:00,0.281,6.470
2018-08-23 23:00,0.105,4.713
2018-08-24 00:00,0.049,3.785
2018-08-24 01:00,0.043,3.640
2018-08-24 02:00,0.032,3.369
2018-08-24 03:00,0.046,3.713
2018-08-24 04:00,0.053,3.862
2018-08-24 05:00,0.048,3.755
2018-08-24 06:00,0.040,3.597
2018-08-24 07:00,0.038,3.528
2018-08-24 08:00,0.036,3.472
2018-08-24 09:00,0.032,3.397
2018-08-24 10:00,0.049,3.786
2018-08-24 11:00,0.125,4.973
2018-08-24 12:00,0.258,6.277
2018-08-24 13:00,0.388,7.251
2018-08-24 14:00,0.489,7.951
2018-08-24 15:00,0.594,8.670
2018-08-24 16:00,0.628,8.920
2018-08-24 17:00,0.602,8.732
2018-08-24 18:00,0.514,8.115
2018-08-24 19:00,0.400,7.332
2018-08-24 20:00,0.358,7.046
2018-08-24 21:00,0.325,6.803
2018-08-24 22:00,0.275,6.414
2018-08-24 23:00,0.127,4.992
2018-08-25 00:00,0.049,3.782
2018-08-25 01:00,0.028,3.283
2018-08-25 02:00,0.008,2.444
2018-08-25 03:00,0.008,2.457
2018-08-25 04:00,0.022,3.087
2018-08-25 05:00,0.055,3.894
2018-08-25 06:00,0.066,4.109
2018-08-25 07:00,0.061,4.015
2018-08-25 08:00,0.057,3.946
2018-08-25 09:00,0.054,3.887
2018-08-25 10:00,0.064,4.071
2018-08-25 11:00,0.118,4.889
2018-08-25 12:00,0.207,5.835
2018-08-25 13:00,0.321,6.771
2018-08-25 14:00,0.413,7.419
2018-08-25 15:00,0.432,7.559
2018-08-25 16:00,0.409,7.393
2018-08-25 17:00,0.360,7.058
2018-08-25 18:00,0.299,6.601
2018-08-25 19:00,0.257,6.269
2018-08-25 20:00,0.235,6.079
2018-08-25 21:00,0.208,5.846
2018-08-25 22:00,0.182,5.595
2018-08-25 23:00,0.075,4.264
2018-08-26 00:00,0.065,4.091
2018-08-26 01:00,0.048,3.763
2018-08-26 02:00,0.037,3.521
2018-08-26 03:00,0.065,4.100
2018-08-26 04:00,0.100,4.635
2018-08-26 05:00,0.123,4.947
2018-08-26 06:00,0.150,5.265
2018-08-26 07:00,0.190,5.672
2018-08-26 08:00,0.232,6.055
2018-08-26 09:00,0.276,6.421
2018-08-26 10:00,0.302,6.627
2018-08-26 11:00,0.344,6.937
2018-08-26 12:00,0.377,7.178
2018-08-26 13:00,0.390,7.268
2018-08-26 14:00,0.400,7.338
2018-08-26 15:00,0.410,7.398
2018-08-26 16:00,0.407,7.385
2018-08-26 17:00,0.444,7.636
2018-08-26 18:00,0.489,7.952
2018-08-26 19:00,0.497,7.997
2018-08-26 20:00,0.507,8.068
2018-08-26 21:00,0.524,8.190
2018-08-26 22:00,0.523,8.175
2018-08-26 23:00,0.401,7.344
2018-08-27 00:00,0.779,10.240
2018-08-27 01:00,0.850,11.092
2018-08-27 02:00,0.793,10.384
2018-08-27 03:00,0.712,9.606
2018-08-27 04:00,0.637,8.999
2018-08-27 05:00,0.563,8.461
2018-08-27 06:00,0.485,7.917
2018-08-27 07:00,0.406,7.370
2018-08-27 08:00,0.291,6.546
2018-08-27 09:00,0.186,5.634
2018-08-27 10:00,0.133,5.058
2018-08-27 11:00,0.180,5.573
2018-08-27 12:00,0.305,6.651
2018-08-27 13:00,0.460,7.742
2018-08-27 14:00,0.536,8.269
2018-08-27 15:00,0.531,8.232
2018-08-27 16:00,0.473,7.830
2018-08-27 17:00,0.416,7.453
2018-08-27 18:00,0.393,7.288
2018-08-27 19:00,0.339,6.906
2018-08-27 20:00,0.269,6.366
2018-08-27 21:00,0.171,5.492
2018-08-27 22:00,0.087,4.460
2018-08-27 23:00,0.016,2.851
2018-08-28 00:00,0.001,1.482
2018-08-28 01:00,0,0.479
2018-08-28 02:00,0,1.244
2018-08-28 03:00,0.002,1.818
2018-08-28 04:00,0.004,2.160
2018-08-28 05:00,0.008,2.442
2018-08-28 06:00,0.012,2.677
2018-08-28 07:00,0.016,2.884
2018-08-28 08:00,0.021,3.068
2018-08-28 09:00,0.030,3.317
2018-08-28 10:00,0.045,3.700
2018-08-28 11:00,0.085,4.427
2018-08-28 12:00,0.140,5.153
2018-08-28 13:00,0.191,5.689
2018-08-28 14:00,0.216,5.921
2018-08-28 15:00,0.224,5.990
2018-08-28 16:00,0.215,5.911
2018-08-28 17:00,0.193,5.697
2018-08-28 18:00,0.161,5.386
2018-08-28 19:00,0.125,4.973
2018-08-28 20:00,0.094,4.555
2018-08-28 21:00,0.074,4.251
2018-08-28 22:00,0.074,4.255
2018-08-28 23:00,0.048,3.768
2018-08-29 00:00,0.086,4.440
2018-08-29 01:00,0.155,5.309
2018-08-29 02:00,0.218,5.941
2018-08-29 03:00,0.261,6.308
2018-08-29 04:00,0.297,6.593
2018-08-29 05:00,0.312,6.702
2018-08-29 06:00,0.291,6.542
2018-08-29 07:00,0.248,6.193
2018-08-29 08:00,0.194,5.714
2018-08-29 09:00,0.128,5.007
2018-08-29 10:00,0.108,4.757
2018-08-29 11:00,0.198,5.758
2018-08-29 12:00,0.376,7.165
2018-08-29 13:00,0.528,8.215
2018-08-29 14:00,0.587,8.631
2018-08-29 15:00,0.596,8.689
2018-08-29 16:00,0.574,8.531
2018-08-29 17:00,0.549,8.358
2018-08-29 18:00,0.520,8.155
2018-08-29 19:00,0.497,8.003
2018-08-29 20:00,0.463,7.764
2018-08-29 21:00,0.366,7.096
2018-08-29 22:00,0.251,6.218
2018-08-29 23:00,0.123,4.951
2018-08-30 00:00,0.104,4.703
2018-08-30 01:00,0.055,3.904
2018-08-30 02:00,0.009,2.514
2018-08-30 03:00,0.003,2.018
2018-08-30 04:00,0.004,2.152
2018-08-30 05:00,0.007,2.418
2018-08-30 06:00,0.012,2.672
2018-08-30 07:00,0.021,3.063
2018-08-30 08:00,0.043,3.652
2018-08-30 09:00,0.083,4.385
2018-08-30 10:00,0.132,5.042
2018-08-30 11:00,0.211,5.874
2018-08-30 12:00,0.261,6.304
2018-08-30 13:00,0.232,6.063
2018-08-30 14:00,0.191,5.687
2018-08-30 15:00,0.192,5.693
2018-08-30 16:00,0.210,5.865
2018-08-30 17:00,0.202,5.779
2018-08-30 18:00,0.198,5.753
2018-08-30 19:00,0.222,5.964
2018-08-30 20:00,0.274,6.410
2018-08-30 21:00,0.307,6.664
2018-08-30 22:00,0.303,6.636
2018-08-30 23:00,0.269,6.364
2018-08-31 00:00,0.257,6.276
2018-08-31 01:00,0.232,6.058
2018-08-31 02:00,0.126,4.983
2018-08-31 03:00,0.065,4.096
2018-08-31 04:00,0.054,3.885
2018-08-31 05:00,0.054,3.878
2018-08-31 06:00,0.067,4.125
2018-08-31 07:00,0.098,4.616
2018-08-31 08:00,0.158,5.355
2018-08-31 09:00,0.216,5.921
2018-08-31 10:00,0.285,6.498
2018-08-31 11:00,0.496,7.990
2018-08-31 12:00,0.574,8.539
2018-08-31 13:00,0.578,8.564
2018-08-31 14:00,0.612,8.811
2018-08-31 15:00,0.666,9.225
2018-08-31 16:00,0.738,9.837
2018-08-31 17:00,0.784,10.287
2018-08-31 18:00,0.799,10.448
2018-08-31 19:00,0.790,10.346
2018-08-31 20:00,0.777,10.214
2018-08-31 21:00,0.774,10.177
2018-08-31 22:00,0.759,10.036
2018-08-31 23:00,0.798,10.437
2018-09-01 00:00,0.893,11.782
2018-09-01 01:00,0.939,12.874
2018-09-01 02:00,0.958,13.570
2018-09-01 03:00,0.964,13.803
2018-09-01 04:00,0.948,13.170
2018-09-01 05:00,0.908,12.101
2018-09-01 06:00,0.821,10.707
2018-09-01 07:00,0.657,9.146
2018-09-01 08:00,0.523,8.183
2018-09-01 09:00,0.445,7.638
2018-09-01 10:00,0.367,7.105
2018-09-01 11:00,0.377,7.169
2018-09-01 12:00,0.342,6.923
2018-09-01 13:00,0.313,6.706
2018-09-01 14:00,0.254,6.250
2018-09-01 15:00,0.238,6.110
2018-09-01 16:00,0.259,6.287
2018-09-01 17:00,0.257,6.262
2018-09-01 18:00,0.250,6.207
2018-09-01 19:00,0.254,6.250
2018-09-01 20:00,0.259,6.292
2018-09-01 21:00,0.208,5.843
2018-09-01 22:00,0.167,5.442
2018-09-01 23:00,0.097,4.600
2018-09-02 00:00,0.109,4.769
2018-09-02 01:00,0.086,4.445
2018-09-02 02:00,0.102,4.657
2018-09-02 03:00,0.155,5.312
2018-09-02 04:00,0.202,5.779
2018-09-02 05:00,0.232,6.061
2018-09-02 06:00,0.263,6.322
2018-09-02 07:00,0.285,6.501
2018-09-02 08:00,0.289,6.531
2018-09-02 09:00,0.279,6.446
2018-09-02 10:00,0.233,6.071
2018-09-02 11:00,0.202,5.782
2018-09-02 12:00,0.184,5.621
2018-09-02 13:00,0.198,5.750
2018-09-02 14:00,0.247,6.185
2018-09-02 15:00,0.319,6.747
2018-09-02 16:00,0.393,7.283
2018-09-02 17:00,0.447,7.650
2018-09-02 18:00,0.448,7.660
2018-09-02 19:00,0.397,7.319
2018-09-02 20:00,0.324,6.797
2018-09-02 21:00,0.228,6.023
2018-09-02 22:00,0.131,5.035
2018-09-02 23:00,0.051,3.834
2018-09-03 00:00,0.023,3.118
2018-09-03 01:00,0.076,4.278
2018-09-03 02:00,0.101,4.649
2018-09-03 03:00,0.091,4.521
2018-09-03 04:00,0.075,4.267
2018-09-03 05:00,0.070,4.176
2018-09-03 06:00,0.075,4.264
2018-09-03 07:00,0.079,4.336
2018-09-03 08:00,0.079,4.328
2018-09-03 09:00,0.090,4.505
2018-09-03 10:00,0.152,5.275
2018-09-03 11:00,0.268,6.352
2018-09-03 12:00,0.349,6.979
2018-09-03 13:00,0.392,7.276
2018-09-03 14:00,0.419,7.472
2018-09-03 15:00,0.429,7.535
2018-09-03 16:00,0.397,7.321
2018-09-03 17:00,0.355,7.024
2018-09-03 18:00,0.342,6.924
2018-09-03 19:00,0.315,6.722
2018-09-03 20:00,0.279,6.448
2018-09-03 21:00,0.280,6.454
2018-09-03 22:00,0.266,6.342
2018-09-03 23:00,0.131,5.030
2018-09-04 00:00,0.068,4.137
2018-09-04 01:00,0.057,3.940
2018-09-04 02:00,0.015,2.803
2018-09-04 03:00,0.002,1.836
2018-09-04 04:00,0,0.796
2018-09-04 05:00,0,0.173
2018-09-04 06:00,0,0.082
2018-09-04 07:00,0,0.945
2018-09-04 08:00,0.003,2.043
2018-09-04 09:00,0.019,2.994
2018-09-04 10:00,0.078,4.308
2018-09-04 11:00,0.162,5.389
2018-09-04 12:00,0.171,5.488
2018-09-04 13:00,0.113,4.806
2018-09-04 14:00,0.043,3.649
2018-09-04 15:00,0.008,2.472
2018-09-04 16:00,0,1.364
2018-09-04 17:00,0,1.087
2018-09-04 18:00,0.001,1.586
2018-09-04 19:00,0.016,2.866
2018-09-04 20:00,0.083,4.384
2018-09-04 21:00,0.181,5.590
2018-09-04 22:00,0.300,6.612
2018-09-04 23:00,0.253,6.231
2018-09-05 00:00,0.125,4.966
2018-09-05 01:00,0.129,5.020
2018-09-05 02:00,0.160,5.369
2018-09-05 03:00,0.168,5.448
2018-09-05 04:00,0.157,5.345
2018-09-05 05:00,0.158,5.345
2018-09-05 06:00,0.178,5.544
2018-09-05 07:00,0.194,5.709
2018-09-05 08:00,0.199,5.760
2018-09-05 09:00,0.204,5.806
2018-09-05 10:00,0.202,5.785
2018-09-05 11:00,0.203,5.794
2018-09-05 12:00,0.246,6.170
2018-09-05 13:00,0.428,7.527
2018-09-05 14:00,0.702,9.515
2018-09-05 15:00,0.832,10.844
2018-09-05 16:00,0.872,11.435
2018-09-05 17:00,0.871,11.405
2018-09-05 18:00,0.775,10.186
2018-09-05 19:00,0.689,9.404
2018-09-05 20:00,0.646,9.068
2018-09-05 21:00,0.556,8.405
2018-09-05 22:00,0.436,7.583
2018-09-05 23:00,0.212,5.880
2018-09-06 00:00,0.356,7.031
2018-09-06 01:00,0.620,8.868
2018-09-06 02:00,0.774,10.174
2018-09-06 03:00,0.813,10.614
2018-09-06 04:00,0.814,10.622
2018-09-06 05:00,0.787,10.318
2018-09-06 06:00,0.751,9.954
2018-09-06 07:00,0.707,9.565
2018-09-06 08:00,0.653,9.122
2018-09-06 09:00,0.627,8.915
2018-09-06 10:00,0.594,8.673
2018-09-06 11:00,0.646,9.066
2018-09-06 12:00,0.648,9.081
2018-09-06 13:00,0.610,8.793
2018-09-06 14:00,0.517,8.141
2018-09-06 15:00,0.400,7.338
2018-09-06 16:00,0.287,6.514
2018-09-06 17:00,0.193,5.697
2018-09-06 18:00,0.121,4.926
2018-09-06 19:00,0.072,4.216
2018-09-06 20:00,0.042,3.634
2018-09-06 21:00,0.023,3.130
2018-09-06 22:00,0.005,2.217
2018-09-06 23:00,0,1.236
2018-09-07 00:00,0,1.403
2018-09-07 01:00,0.018,2.943
2018-09-07 02:00,0.034,3.428
2018-09-07 03:00,0.050,3.804
2018-09-07 04:00,0.064,4.072
2018-09-07 05:00,0.073,4.233
2018-09-07 06:00,0.076,4.278
2018-09-07 07:00,0.074,4.252
2018-09-07 08:00,0.067,4.120
2018-09-07 09:00,0.058,3.958
2018-09-07 10:00,0.061,4.020
2018-09-07 11:00,0.066,4.107
2018-09-07 12:00,0.058,3.951
2018-09-07 13:00,0.043,3.662
2018-09-07 14:00,0.037,3.502
2018-09-07 15:00,0.037,3.505
2018-09-07 16:00,0.039,3.567
2018-09-07 17:00,0.048,3.774
2018-09-07 18:00,0.062,4.047
2018-09-07 19:00,0.080,4.346
2018-09-07 20:00,0.101,4.648
2018-09-07 21:00,0.127,5.000
2018-09-07 22:00,0.170,5.480
2018-09-07 23:00,0.170,5.474
2018-09-08 00:00,0.086,4.441
2018-09-08 01:00,0.053,3.858
2018-09-08 02:00,0.022,3.090
2018-09-08 03:00,0.008,2.475
2018-09-08 04:00,0.003,2.022
2018-09-08 05:00,0.001,1.697
2018-09-08 06:00,0,1.349
2018-09-08 07:00,0,0.786
2018-09-08 08:00,0,0.563
2018-09-08 09:00,0.002,1.802
2018-09-08 10:00,0.043,3.643
2018-09-08 11:00,0.282,6.470
2018-09-08 12:00,0.592,8.663
2018-09-08 13:00,0.726,9.726
2018-09-08 14:00,0.752,9.962
2018-09-08 15:00,0.754,9.988
2018-09-08 16:00,0.721,9.669
2018-09-08 17:00,0.674,9.283
2018-09-08 18:00,0.631,8.949
2018-09-08 19:00,0.532,8.237
2018-09-08 20:00,0.481,7.891
2018-09-08 21:00,0.482,7.897
2018-09-08 22:00,0.450,7.671
2018-09-08 23:00,0.424,7.502
2018-09-09 00:00,0.345,6.950
2018-09-09 01:00,0.324,6.795
2018-09-09 02:00,0.452,7.696
2018-09-09 03:00,0.544,8.318
2018-09-09 04:00,0.483,7.908
2018-09-09 05:00,0.365,7.090
2018-09-09 06:00,0.278,6.439
2018-09-09 07:00,0.240,6.134
2018-09-09 08:00,0.249,6.201
2018-09-09 09:00,0.286,6.505
2018-09-09 10:00,0.334,6.865
2018-09-09 11:00,0.502,8.029
2018-09-09 12:00,0.587,8.627
2018-09-09 13:00,0.598,8.703
2018-09-09 14:00,0.550,8.366
2018-09-09 15:00,0.547,8.344
2018-09-09 16:00,0.548,8.346
2018-09-09 17:00,0.581,8.589
2018-09-09 18:00,0.612,8.808
2018-09-09 19:00,0.678,9.321
2018-09-09 20:00,0.684,9.367
2018-09-09 21:00,0.694,9.448
2018-09-09 22:00,0.576,8.547
2018-09-09 23:00,0.535,8.257
2018-09-10 00:00,0.703,9.526
2018-09-10 01:00,0.681,9.345
2018-09-10 02:00,0.612,8.808
2018-09-10 03:00,0.606,8.770
2018-09-10 04:00,0.620,8.869
2018-09-10 05:00,0.591,8.657
2018-09-10 06:00,0.522,8.168
2018-09-10 07:00,0.429,7.542
2018-09-10 08:00,0.311,6.689
2018-09-10 09:00,0.172,5.500
2018-09-10 10:00,0.084,4.405
2018-09-10 11:00,0.135,5.087
2018-09-10 12:00,0.400,7.334
2018-09-10 13:00,0.661,9.171
2018-09-10 14:00,0.792,10.370
2018-09-10 15:00,0.800,10.462
2018-09-10 16:00,0.781,10.253
2018-09-10 17:00,0.760,10.044
2018-09-10 18:00,0.726,9.730
2018-09-10 19:00,0.671,9.257
2018-09-10 20:00,0.615,8.825
2018-09-10 21:00,0.570,8.504
2018-09-10 22:00,0.521,8.163
2018-09-10 23:00,0.342,6.929
2018-09-11 00:00,0.150,5.260
2018-09-11 01:00,0.061,4.022
2018-09-11 02:00,0.011,2.637
2018-09-11 03:00,0,1.324
2018-09-11 04:00,0,1.305
2018-09-11 05:00,0.014,2.783
2018-09-11 06:00,0.033,3.416
2018-09-11 07:00,0.037,3.495
2018-09-11 08:00,0.038,3.541
2018-09-11 09:00,0.046,3.704
2018-09-11 10:00,0.097,4.603
2018-09-11 11:00,0.236,6.092
2018-09-11 12:00,0.429,7.536
2018-09-11 13:00,0.580,8.570
2018-09-11 14:00,0.672,9.264
2018-09-11 15:00,0.704,9.536
2018-09-11 16:00,0.656,9.141
2018-09-11 17:00,0.629,8.939
2018-09-11 18:00,0.605,8.753
2018-09-11 19:00,0.546,8.329
2018-09-11 20:00,0.497,7.990
2018-09-11 21:00,0.466,7.793
2018-09-11 22:00,0.449,7.666
2018-09-11 23:00,0.351,6.987
2018-09-12 00:00,0.182,5.596
2018-09-12 01:00,0.147,5.233
2018-09-12 02:00,0.099,4.624
2018-09-12 03:00,0.040,3.591
2018-09-12 04:00,0.047,3.744
2018-09-12 05:00,0.104,4.705
2018-09-12 06:00,0.163,5.400
2018-09-12 07:00,0.177,5.543
2018-09-12 08:00,0.158,5.346
2018-09-12 09:00,0.162,5.397
2018-09-12 10:00,0.227,6.015
2018-09-12 11:00,0.389,7.258
2018-09-12 12:00,0.533,8.249
2018-09-12 13:00,0.605,8.754
2018-09-12 14:00,0.625,8.900
2018-09-12 15:00,0.620,8.869
2018-09-12 16:00,0.604,8.750
2018-09-12 17:00,0.542,8.306
2018-09-12 18:00,0.466,7.781
2018-09-12 19:00,0.410,7.396
2018-09-12 20:00,0.336,6.882
2018-09-12 21:00,0.323,6.791
2018-09-12 22:00,0.294,6.570
2018-09-12 23:00,0.271,6.385
2018-09-13 00:00,0.183,5.607
2018-09-13 01:00,0.247,6.185
2018-09-13 02:00,0.345,6.943
2018-09-13 03:00,0.374,7.159
2018-09-13 04:00,0.413,7.424
2018-09-13 05:00,0.426,7.516
2018-09-13 06:00,0.355,7.015
2018-09-13 07:00,0.257,6.268
2018-09-13 08:00,0.231,6.045
2018-09-13 09:00,0.297,6.590
2018-09-13 10:00,0.461,7.754
2018-09-13 11:00,0.673,9.275
2018-09-13 12:00,0.719,9.662
2018-09-13 13:00,0.704,9.539
2018-09-13 14:00,0.696,9.459
2018-09-13 15:00,0.684,9.369
2018-09-13 16:00,0.658,9.155
2018-09-13 17:00,0.597,8.697
2018-09-13 18:00,0.532,8.237
2018-09-13 19:00,0.502,8.029
2018-09-13 20:00,0.492,7.970
2018-09-13 21:00,0.495,7.986
2018-09-13 22:00,0.486,7.923
2018-09-13 23:00,0.374,7.152
2018-09-14 00:00,0.546,8.339
2018-09-14 01:00,0.649,9.086
2018-09-14 02:00,0.744,9.892
2018-09-14 03:00,0.834,10.879
2018-09-14 04:00,0.857,11.189
2018-09-14 05:00,0.821,10.708
2018-09-14 06:00,0.767,10.116
2018-09-14 07:00,0.729,9.755
2018-09-14 08:00,0.705,9.547
2018-09-14 09:00,0.616,8.844
2018-09-14 10:00,0.529,8.225
2018-09-14 11:00,0.643,9.030
2018-09-14 12:00,0.674,9.288
2018-09-14 13:00,0.600,8.713
2018-09-14 14:00,0.584,8.610
2018-09-14 15:00,0.509,8.076
2018-09-14 16:00,0.410,7.402
2018-09-14 17:00,0.348,6.972
2018-09-14 18:00,0.270,6.381
2018-09-14 19:00,0.188,5.658
2018-09-14 20:00,0.141,5.162
2018-09-14 21:00,0.118,4.872
2018-09-14 22:00,0.128,5.007
2018-09-14 23:00,0.118,4.884
2018-09-15 00:00,0.232,6.063
2018-09-15 01:00,0.270,6.373
2018-09-15 02:00,0.255,6.254
2018-09-15 03:00,0.205,5.822
2018-09-15 04:00,0.154,5.296
2018-09-15 05:00,0.115,4.847
2018-09-15 06:00,0.103,4.682
2018-09-15 07:00,0.108,4.756
2018-09-15 08:00,0.118,4.870
2018-09-15 09:00,0.112,4.802
2018-09-15 10:00,0.095,4.573
2018-09-15 11:00,0.072,4.214
2018-09-15 12:00,0.028,3.261
2018-09-15 13:00,0.002,1.806
2018-09-15 14:00,0,0.961
2018-09-15 15:00,0.001,1.466
2018-09-15 16:00,0.006,2.328
2018-09-15 17:00,0.027,3.238
2018-09-15 18:00,0.044,3.676
2018-09-15 19:00,0.031,3.363
2018-09-15 20:00,0.011,2.658
2018-09-15 21:00,0.001,1.723
2018-09-15 22:00,0.001,1.492
2018-09-15 23:00,0.001,1.747
2018-09-16 00:00,0.007,2.368
2018-09-16 01:00,0.019,2.960
2018-09-16 02:00,0.011,2.644
2018-09-16 03:00,0.005,2.212
2018-09-16 04:00,0.003,2.010
2018-09-16 05:00,0.004,2.172
2018-09-16 06:00,0.010,2.580
2018-09-16 07:00,0.029,3.316
2018-09-16 08:00,0.069,4.150
2018-09-16 09:00,0.109,4.770
2018-09-16 10:00,0.214,5.901
2018-09-16 11:00,0.418,7.463
2018-09-16 12:00,0.549,8.353
2018-09-16 13:00,0.600,8.713
2018-09-16 14:00,0.604,8.740
2018-09-16 15:00,0.582,8.593
2018-09-16 16:00,0.525,8.194
2018-09-16 17:00,0.441,7.617
2018-09-16 18:00,0.338,6.890
2018-09-16 19:00,0.235,6.085
2018-09-16 20:00,0.191,5.682
2018-09-16 21:00,0.160,5.368
2018-09-16 22:00,0.160,5.373
2018-09-16 23:00,0.147,5.228
2018-09-17 00:00,0.244,6.163
2018-09-17 01:00,0.435,7.577
2018-09-17 02:00,0.450,7.672
2018-09-17 03:00,0.357,7.034
2018-09-17 04:00,0.220,5.951
2018-09-17 05:00,0.102,4.671
2018-09-17 06:00,0.037,3.514
2018-09-17 07:00,0.014,2.777
2018-09-17 08:00,0.009,2.501
2018-09-17 09:00,0.011,2.644
2018-09-17 10:00,0.032,3.368
2018-09-17 11:00,0.083,4.391
2018-09-17 12:00,0.116,4.860
2018-09-17 13:00,0.108,4.760
2018-09-17 14:00,0.077,4.294
2018-09-17 15:00,0.040,3.597
2018-09-17 16:00,0.017,2.906
2018-09-17 17:00,0.007,2.399
2018-09-17 18:00,0.003,2.061
2018-09-17 19:00,0.002,1.893
2018-09-17 20:00,0.002,1.794
2018-09-17 21:00,0,1.370
2018-09-17 22:00,0,1.144
2018-09-17 23:00,0,1.096
2018-09-18 00:00,0,1.384
2018-09-18 01:00,0.001,1.583
2018-09-18 02:00,0.001,1.716
2018-09-18 03:00,0.002,1.865
2018-09-18 04:00,0.002,1.835
2018-09-18 05:00,0.001,1.617
2018-09-18 06:00,0,1.325
2018-09-18 07:00,0,0.855
2018-09-18 08:00,0,0.511
2018-09-18 09:00,0,0.962
2018-09-18 10:00,0.002,1.936
2018-09-18 11:00,0.024,3.140
2018-09-18 12:00,0.063,4.052
2018-09-18 13:00,0.094,4.555
2018-09-18 14:00,0.098,4.609
2018-09-18 15:00,0.071,4.205
2018-09-18 16:00,0.033,3.402
2018-09-18 17:00,0.008,2.446
2018-09-18 18:00,0.032,3.375
2018-09-18 19:00,0.118,4.882
2018-09-18 20:00,0.121,4.925
2018-09-18 21:00,0.099,4.620
2018-09-18 22:00,0.077,4.291
2018-09-18 23:00,0.038,3.539
2018-09-19 00:00,0.018,2.941
2018-09-19 01:00,0.006,2.320
2018-09-19 02:00,0.002,1.907
2018-09-19 03:00,0.010,2.559
2018-09-19 04:00,0.027,3.237
2018-09-19 05:00,0.046,3.723
2018-09-19 06:00,0.061,4.013
2018-09-19 07:00,0.069,4.172
2018-09-19 08:00,0.077,4.287
2018-09-19 09:00,0.072,4.219
2018-09-19 10:00,0.040,3.583
2018-09-19 11:00,0.005,2.238
2018-09-19 12:00,0,1.194
2018-09-19 13:00,0.001,1.598
2018-09-19 14:00,0.017,2.920
2018-09-19 15:00,0.080,4.353
2018-09-19 16:00,0.185,5.625
2018-09-19 17:00,0.365,7.085
2018-09-19 18:00,0.345,6.946
2018-09-19 19:00,0.300,6.613
2018-09-19 20:00,0.249,6.203
2018-09-19 21:00,0.204,5.803
2018-09-19 22:00,0.135,5.097
2018-09-19 23:00,0.063,4.063
2018-09-20 00:00,0.007,2.398
2018-09-20 01:00,0.001,1.532
2018-09-20 02:00,0.007,2.416
2018-09-20 03:00,0.103,4.686
2018-09-20 04:00,0.185,5.629
2018-09-20 05:00,0.198,5.755
2018-09-20 06:00,0.207,5.839
2018-09-20 07:00,0.205,5.817
2018-09-20 08:00,0.194,5.703
2018-09-20 09:00,0.190,5.677
2018-09-20 10:00,0.257,6.261
2018-09-20 11:00,0.471,7.823
2018-09-20 12:00,0.642,9.029
2018-09-20 13:00,0.677,9.313
2018-09-20 14:00,0.609,8.785
2018-09-20 15:00,0.502,8.038
2018-09-20 16:00,0.417,7.454
2018-09-20 17:00,0.393,7.285
2018-09-20 18:00,0.377,7.177
2018-09-20 19:00,0.321,6.762
2018-09-20 20:00,0.281,6.460
2018-09-20 21:00,0.238,6.104
2018-09-20 22:00,0.199,5.767
2018-09-20 23:00,0.166,5.439
2018-09-21 00:00,0.099,4.627
2018-09-21 01:00,0.179,5.561
2018-09-21 02:00,0.223,5.977
2018-09-21 03:00,0.319,6.751
2018-09-21 04:00,0.426,7.517
2018-09-21 05:00,0.478,7.868
2018-09-21 06:00,0.486,7.927
2018-09-21 07:00,0.479,7.881
2018-09-21 08:00,0.468,7.808
2018-09-21 09:00,0.380,7.189
2018-09-21 10:00,0.299,6.610
2018-09-21 11:00,0.260,6.294
2018-09-21 12:00,0.190,5.679
2018-09-21 13:00,0.113,4.818
2018-09-21 14:00,0.056,3.925
2018-09-21 15:00,0.025,3.186
2018-09-21 16:00,0.009,2.543
2018-09-21 17:00,0.004,2.126
2018-09-21 18:00,0.002,1.828
2018-09-21 19:00,0.001,1.727
2018-09-21 20:00,0.001,1.716
2018-09-21 21:00,0.002,1.881
2018-09-21 22:00,0.004,2.116
2018-09-21 23:00,0.007,2.398
2018-09-22 00:00,0.004,2.079
2018-09-22 01:00,0,0.690
2018-09-22 02:00,0.011,2.660
2018-09-22 03:00,0.051,3.820
2018-09-22 04:00,0.100,4.631
2018-09-22 05:00,0.144,5.193
2018-09-22 06:00,0.172,5.502
2018-09-22 07:00,0.178,5.554
2018-09-22 08:00,0.162,5.395
2018-09-22 09:00,0.161,5.382
2018-09-22 10:00,0.281,6.461
2018-09-22 11:00,0.441,7.615
2018-09-22 12:00,0.486,7.929
2018-09-22 13:00,0.405,7.365
2018-09-22 14:00,0.257,6.271
2018-09-22 15:00,0.155,5.313
2018-09-22 16:00,0.109,4.770
2018-09-22 17:00,0.093,4.532
2018-09-22 18:00,0.090,4.506
2018-09-22 19:00,0.107,4.738
2018-09-22 20:00,0.145,5.200
2018-09-22 21:00,0.185,5.629
2018-09-22 22:00,0.222,5.961
2018-09-22 23:00,0.230,6.036
2018-09-23 00:00,0.095,4.573
2018-09-23 01:00,0.104,4.704
2018-09-23 02:00,0.102,4.676
2018-09-23 03:00,0.062,4.040
2018-09-23 04:00,0.043,3.640
2018-09-23 05:00,0.029,3.305
2018-09-23 06:00,0.022,3.080
2018-09-23 07:00,0.027,3.235
2018-09-23 08:00,0.050,3.800
2018-09-23 09:00,0.117,4.867
2018-09-23 10:00,0.416,7.452
2018-09-23 11:00,0.714,9.618
2018-09-23 12:00,0.784,10.293
2018-09-23 13:00,0.767,10.103
2018-09-23 14:00,0.741,9.862
2018-09-23 15:00,0.760,10.048
2018-09-23 16:00,0.792,10.373
2018-09-23 17:00,0.744,9.888
2018-09-23 18:00,0.700,9.495
2018-09-23 19:00,0.612,8.801
2018-09-23 20:00,0.588,8.635
2018-09-23 21:00,0.663,9.195
2018-09-23 22:00,0.642,9.027
2018-09-23 23:00,0.628,8.921
2018-09-24 00:00,0.550,8.371
2018-09-24 01:00,0.604,8.747
2018-09-24 02:00,0.623,8.893
2018-09-24 03:00,0.596,8.687
2018-09-24 04:00,0.577,8.558
2018-09-24 05:00,0.574,8.531
2018-09-24 06:00,0.600,8.714
2018-09-24 07:00,0.644,9.047
2018-09-24 08:00,0.703,9.525
2018-09-24 09:00,0.743,9.886
2018-09-24 10:00,0.739,9.831
2018-09-24 11:00,0.743,9.881
2018-09-24 12:00,0.694,9.450
2018-09-24 13:00,0.666,9.223
2018-09-24 14:00,0.600,8.726
2018-09-24 15:00,0.569,8.502
2018-09-24 16:00,0.515,8.118
2018-09-24 17:00,0.585,8.612
2018-09-24 18:00,0.506,8.061
2018-09-24 19:00,0.465,7.779
2018-09-24 20:00,0.362,7.073
2018-09-24 21:00,0.281,6.467
2018-09-24 22:00,0.283,6.478
2018-09-24 23:00,0.305,6.651
2018-09-25 00:00,0.395,7.303
2018-09-25 01:00,0.534,8.253
2018-09-25 02:00,0.556,8.399
2018-09-25 03:00,0.483,7.907
2018-09-25 04:00,0.387,7.241
2018-09-25 05:00,0.313,6.706
2018-09-25 06:00,0.259,6.290
2018-09-25 07:00,0.225,6.001
2018-09-25 08:00,0.246,6.179
2018-09-25 09:00,0.309,6.677
2018-09-25 10:00,0.374,7.156
2018-09-25 11:00,0.447,7.652
2018-09-25 12:00,0.463,7.759
2018-09-25 13:00,0.446,7.643
2018-09-25 14:00,0.410,7.400
2018-09-25 15:00,0.390,7.270
2018-09-25 16:00,0.358,7.043
2018-09-25 17:00,0.342,6.919
2018-09-25 18:00,0.338,6.895
2018-09-25 19:00,0.356,7.030
2018-09-25 20:00,0.390,7.258
2018-09-25 21:00,0.380,7.198
2018-09-25 22:00,0.362,7.071
2018-09-25 23:00,0.356,7.030
2018-09-26 00:00,0.453,7.701
2018-09-26 01:00,0.476,7.849
2018-09-26 02:00,0.450,7.678
2018-09-26 03:00,0.436,7.577
2018-09-26 04:00,0.439,7.603
2018-09-26 05:00,0.436,7.588
2018-09-26 06:00,0.409,7.395
2018-09-26 07:00,0.367,7.110
2018-09-26 08:00,0.357,7.033
2018-09-26 09:00,0.382,7.212
2018-09-26 10:00,0.457,7.729
2018-09-26 11:00,0.573,8.526
2018-09-26 12:00,0.613,8.817
2018-09-26 13:00,0.637,8.993
2018-09-26 14:00,0.640,9.016
2018-09-26 15:00,0.617,8.851
2018-09-26 16:00,0.569,8.499
2018-09-26 17:00,0.566,8.481
2018-09-26 18:00,0.541,8.297
2018-09-26 19:00,0.563,8.457
2018-09-26 20:00,0.500,8.022
2018-09-26 21:00,0.338,6.893
2018-09-26 22:00,0.232,6.061
2018-09-26 23:00,0.446,7.644
2018-09-27 00:00,0.894,11.809
2018-09-27 01:00,0.943,12.993
2018-09-27 02:00,0.847,11.049
2018-09-27 03:00,0.786,10.312
2018-09-27 04:00,0.808,10.561
2018-09-27 05:00,0.814,10.623
2018-09-27 06:00,0.867,11.335
2018-09-27 07:00,0.905,12.031
2018-09-27 08:00,0.902,11.970
2018-09-27 09:00,0.815,10.641
2018-09-27 10:00,0.667,9.232
2018-09-27 11:00,0.597,8.697
2018-09-27 12:00,0.506,8.066
2018-09-27 13:00,0.388,7.252
2018-09-27 14:00,0.274,6.408
2018-09-27 15:00,0.262,6.316
2018-09-27 16:00,0.348,6.961
2018-09-27 17:00,0.495,7.984
2018-09-27 18:00,0.673,9.277
2018-09-27 19:00,0.803,10.500
2018-09-27 20:00,0.840,10.952
2018-09-27 21:00,0.828,10.798
2018-09-27 22:00,0.828,10.794
2018-09-27 23:00,0.790,10.347
2018-09-28 00:00,0.540,8.294
2018-09-28 01:00,0.666,9.226
2018-09-28 02:00,0.909,12.120
2018-09-28 03:00,0.940,12.917
2018-09-28 04:00,0.950,13.240
2018-09-28 05:00,0.949,13.209
2018-09-28 06:00,0.940,12.916
2018-09-28 07:00,0.922,12.411
2018-09-28 08:00,0.887,11.679
2018-09-28 09:00,0.797,10.418
2018-09-28 10:00,0.712,9.604
2018-09-28 11:00,0.670,9.251
2018-09-28 12:00,0.587,8.632
2018-09-28 13:00,0.488,7.942
2018-09-28 14:00,0.450,7.683
2018-09-28 15:00,0.542,8.304
2018-09-28 16:00,0.675,9.292
2018-09-28 17:00,0.773,10.165
2018-09-28 18:00,0.823,10.731
2018-09-28 19:00,0.834,10.871
2018-09-28 20:00,0.817,10.665
2018-09-28 21:00,0.786,10.306
2018-09-28 22:00,0.742,9.870
2018-09-28 23:00,0.630,8.943
2018-09-29 00:00,0.281,6.469
2018-09-29 01:00,0.170,5.481
2018-09-29 02:00,0.235,6.090
2018-09-29 03:00,0.516,8.136
2018-09-29 04:00,0.600,8.726
2018-09-29 05:00,0.614,8.825
2018-09-29 06:00,0.596,8.687
2018-09-29 07:00,0.566,8.481
2018-09-29 08:00,0.546,8.339
2018-09-29 09:00,0.536,8.266
2018-09-29 10:00,0.601,8.730
2018-09-29 11:00,0.688,9.393
2018-09-29 12:00,0.662,9.187
2018-09-29 13:00,0.585,8.616
2018-09-29 14:00,0.490,7.952
2018-09-29 15:00,0.402,7.348
2018-09-29 16:00,0.304,6.646
2018-09-29 17:00,0.194,5.701
2018-09-29 18:00,0.093,4.534
2018-09-29 19:00,0.028,3.275
2018-09-29 20:00,0.009,2.528
2018-09-29 21:00,0.007,2.413
2018-09-29 22:00,0.010,2.557
2018-09-29 23:00,0.020,3.006
2018-09-30 00:00,0.016,2.875
2018-09-30 01:00,0.143,5.186
2018-09-30 02:00,0.323,6.789
2018-09-30 03:00,0.435,7.574
2018-09-30 04:00,0.499,8.010
2018-09-30 05:00,0.533,8.247
2018-09-30 06:00,0.548,8.346
2018-09-30 07:00,0.542,8.310
2018-09-30 08:00,0.522,8.168
2018-09-30 09:00,0.469,7.815
2018-09-30 10:00,0.442,7.629
2018-09-30 11:00,0.499,8.020
2018-09-30 12:00,0.512,8.097
2018-09-30 13:00,0.451,7.691
2018-09-30 14:00,0.327,6.818
2018-09-30 15:00,0.194,5.708
2018-09-30 16:00,0.094,4.561
2018-09-30 17:00,0.033,3.405
2018-09-30 18:00,0.006,2.300
2018-09-30 19:00,0,1.264
2018-09-30 20:00,0,0.700
2018-09-30 21:00,0,1.058
2018-09-30 22:00,0.001,1.593
2018-09-30 23:00,0.003,2.034
2018-10-01 00:00,0.002,1.814
2018-10-01 01:00,0.001,1.685
2018-10-01 02:00,0.018,2.930
2018-10-01 03:00,0.038,3.543
2018-10-01 04:00,0.064,4.083
2018-10-01 05:00,0.100,4.639
2018-10-01 06:00,0.134,5.079
2018-10-01 07:00,0.153,5.292
2018-10-01 08:00,0.156,5.319
2018-10-01 09:00,0.153,5.281
2018-10-01 10:00,0.191,5.682
2018-10-01 11:00,0.227,6.014
2018-10-01 12:00,0.224,5.985
2018-10-01 13:00,0.181,5.575
2018-10-01 14:00,0.118,4.879
2018-10-01 15:00,0.055,3.915
2018-10-01 16:00,0.016,2.859
2018-10-01 17:00,0.002,1.913
2018-10-01 18:00,0,1.362
2018-10-01 19:00,0.001,1.593
2018-10-01 20:00,0.005,2.213
2018-10-01 21:00,0.017,2.918
2018-10-01 22:00,0.037,3.500
2018-10-01 23:00,0.051,3.817
2018-10-02 00:00,0.021,3.041
2018-10-02 01:00,0.002,1.825
2018-10-02 02:00,0.008,2.467
2018-10-02 03:00,0.011,2.621
2018-10-02 04:00,0.009,2.524
2018-10-02 05:00,0.008,2.445
2018-10-02 06:00,0.007,2.419
2018-10-02 07:00,0.007,2.428
2018-10-02 08:00,0.008,2.437
2018-10-02 09:00,0.011,2.629
2018-10-02 10:00,0.025,3.182
2018-10-02 11:00,0.037,3.498
2018-10-02 12:00,0.042,3.618
2018-10-02 13:00,0.039,3.570
2018-10-02 14:00,0.038,3.537
2018-10-02 15:00,0.057,3.946
2018-10-02 16:00,0.102,4.670
2018-10-02 17:00,0.163,5.400
2018-10-02 18:00,0.210,5.862
2018-10-02 19:00,0.242,6.148
2018-10-02 20:00,0.265,6.329
2018-10-02 21:00,0.265,6.340
2018-10-02 22:00,0.276,6.417
2018-10-02 23:00,0.317,6.732
2018-10-03 00:00,0.185,5.628
2018-10-03 01:00,0.069,4.166
2018-10-03 02:00,0.088,4.463
2018-10-03 03:00,0.077,4.296
2018-10-03 04:00,0.087,4.457
2018-10-03 05:00,0.102,4.671
2018-10-03 06:00,0.119,4.899
2018-10-03 07:00,0.137,5.112
2018-10-03 08:00,0.165,5.425
2018-10-03 09:00,0.204,5.809
2018-10-03 10:00,0.370,7.128
2018-10-03 11:00,0.616,8.838
2018-10-03 12:00,0.750,9.950
2018-10-03 13:00,0.795,10.404
2018-10-03 14:00,0.806,10.536
2018-10-03 15:00,0.826,10.762
2018-10-03 16:00,0.817,10.649
2018-10-03 17:00,0.798,10.434
2018-10-03 18:00,0.813,10.612
2018-10-03 19:00,0.820,10.699
2018-10-03 20:00,0.797,10.420
2018-10-03 21:00,0.727,9.732
2018-10-03 22:00,0.646,9.064
2018-10-03 23:00,0.526,8.203
2018-10-04 00:00,0.207,5.837
2018-10-04 01:00,0.100,4.635
2018-10-04 02:00,0.032,3.367
2018-10-04 03:00,0.010,2.599
2018-10-04 04:00,0.012,2.666
2018-10-04 05:00,0.013,2.717
2018-10-04 06:00,0.011,2.647
2018-10-04 07:00,0.008,2.442
2018-10-04 08:00,0.006,2.346
2018-10-04 09:00,0.008,2.472
2018-10-04 10:00,0.024,3.149
2018-10-04 11:00,0.148,5.240
2018-10-04 12:00,0.460,7.751
2018-10-04 13:00,0.746,9.906
2018-10-04 14:00,0.836,10.890
2018-10-04 15:00,0.851,11.097
2018-10-04 16:00,0.850,11.080
2018-10-04 17:00,0.841,10.966
2018-10-04 18:00,0.836,10.889
2018-10-04 19:00,0.777,10.209
2018-10-04 20:00,0.616,8.838
2018-10-04 21:00,0.571,8.508
2018-10-04 22:00,0.663,9.189
2018-10-04 23:00,0.667,9.231
2018-10-05 00:00,0.604,8.749
2018-10-05 01:00,0.420,7.479
2018-10-05 02:00,0.184,5.616
2018-10-05 03:00,0.074,4.253
2018-10-05 04:00,0.063,4.053
2018-10-05 05:00,0.109,4.769
2018-10-05 06:00,0.238,6.101
2018-10-05 07:00,0.453,7.701
2018-10-05 08:00,0.641,9.025
2018-10-05 09:00,0.666,9.223
2018-10-05 10:00,0.534,8.255
2018-10-05 11:00,0.302,6.624
2018-10-05 12:00,0.127,4.999
2018-10-05 13:00,0.050,3.800
2018-10-05 14:00,0.025,3.191
2018-10-05 15:00,0.058,3.963
2018-10-05 16:00,0.136,5.103
2018-10-05 17:00,0.186,5.642
2018-10-05 18:00,0.162,5.394
2018-10-05 19:00,0.122,4.936
2018-10-05 20:00,0.100,4.637
2018-10-05 21:00,0.088,4.465
2018-10-05 22:00,0.068,4.137
2018-10-05 23:00,0.039,3.565
2018-10-06 00:00,0.023,3.126
2018-10-06 01:00,0.043,3.642
2018-10-06 02:00,0.019,2.981
2018-10-06 03:00,0.021,3.045
2018-10-06 04:00,0.040,3.594
2018-10-06 05:00,0.059,3.975
2018-10-06 06:00,0.050,3.798
2018-10-06 07:00,0.032,3.383
2018-10-06 08:00,0.020,3.016
2018-10-06 09:00,0.010,2.585
2018-10-06 10:00,0.004,2.177
2018-10-06 11:00,0.003,1.992
2018-10-06 12:00,0.002,1.873
2018-10-06 13:00,0.002,1.864
2018-10-06 14:00,0.003,1.951
2018-10-06 15:00,0.004,2.130
2018-10-06 16:00,0.004,2.147
2018-10-06 17:00,0.002,1.871
2018-10-06 18:00,0,1.433
2018-10-06 19:00,0,0.958
2018-10-06 20:00,0,0.522
2018-10-06 21:00,0,1.109
2018-10-06 22:00,0.002,1.918
2018-10-06 23:00,0.013,2.711
2018-10-07 00:00,0.015,2.813
2018-10-07 01:00,0.006,2.303
2018-10-07 02:00,0.026,3.207
2018-10-07 03:00,0.056,3.935
2018-10-07 04:00,0.089,4.485
2018-10-07 05:00,0.114,4.835
2018-10-07 06:00,0.116,4.857
2018-10-07 07:00,0.101,4.650
2018-10-07 08:00,0.073,4.231
2018-10-07 09:00,0.039,3.573
2018-10-07 10:00,0.030,3.343
2018-10-07 11:00,0.042,3.621
2018-10-07 12:00,0.073,4.229
2018-10-07 13:00,0.102,4.672
2018-10-07 14:00,0.104,4.705
2018-10-07 15:00,0.072,4.215
2018-10-07 16:00,0.033,3.419
2018-10-07 17:00,0.014,2.766
2018-10-07 18:00,0.006,2.280
2018-10-07 19:00,0.003,1.961
2018-10-07 20:00,0.005,2.255
2018-10-07 21:00,0.032,3.383
2018-10-07 22:00,0.124,4.955
2018-10-07 23:00,0.317,6.735
2018-10-08 00:00,0.315,6.726
2018-10-08 01:00,0.254,6.249
2018-10-08 02:00,0.560,8.434
2018-10-08 03:00,0.639,9.008
2018-10-08 04:00,0.639,9.007
2018-10-08 05:00,0.637,8.998
2018-10-08 06:00,0.637,8.991
2018-10-08 07:00,0.640,9.017
2018-10-08 08:00,0.649,9.093
2018-10-08 09:00,0.682,9.349
2018-10-08 10:00,0.822,10.728
2018-10-08 11:00,0.893,11.791
2018-10-08 12:00,0.858,11.207
2018-10-08 13:00,0.786,10.308
2018-10-08 14:00,0.637,8.987
2018-10-08 15:00,0.493,7.977
2018-10-08 16:00,0.366,7.096
2018-10-08 17:00,0.246,6.181
2018-10-08 18:00,0.139,5.139
2018-10-08 19:00,0.058,3.964
2018-10-08 20:00,0.028,3.282
2018-10-08 21:00,0.045,3.689
2018-10-08 22:00,0.137,5.113
2018-10-08 23:00,0.256,6.259
2018-10-09 00:00,0.158,5.348
2018-10-09 01:00,0.205,5.816
2018-10-09 02:00,0.317,6.732
2018-10-09 03:00,0.367,7.103
2018-10-09 04:00,0.396,7.308
2018-10-09 05:00,0.408,7.386
2018-10-09 06:00,0.392,7.276
2018-10-09 07:00,0.355,7.013
2018-10-09 08:00,0.300,6.612
2018-10-09 09:00,0.216,5.922
2018-10-09 10:00,0.123,4.952
2018-10-09 11:00,0.059,3.974
2018-10-09 12:00,0.032,3.372
2018-10-09 13:00,0.027,3.226
2018-10-09 14:00,0.031,3.364
2018-10-09 15:00,0.038,3.549
2018-10-09 16:00,0.038,3.540
2018-10-09 17:00,0.030,3.339
2018-10-09 18:00,0.025,3.189
2018-10-09 19:00,0.030,3.320
2018-10-09 20:00,0.046,3.710
2018-10-09 21:00,0.065,4.089
2018-10-09 22:00,0.080,4.342
2018-10-09 23:00,0.084,4.406
2018-10-10 00:00,0.050,3.806
2018-10-10 01:00,0.007,2.352
2018-10-10 02:00,0.011,2.615
2018-10-10 03:00,0.019,2.977
2018-10-10 04:00,0.025,3.169
2018-10-10 05:00,0.036,3.472
2018-10-10 06:00,0.050,3.810
2018-10-10 07:00,0.070,4.173
2018-10-10 08:00,0.094,4.561
2018-10-10 09:00,0.129,5.023
2018-10-10 10:00,0.216,5.917
2018-10-10 11:00,0.293,6.558
2018-10-10 12:00,0.365,7.084
2018-10-10 13:00,0.416,7.449
2018-10-10 14:00,0.441,7.615
2018-10-10 15:00,0.445,7.639
2018-10-10 16:00,0.419,7.471
2018-10-10 17:00,0.392,7.278
2018-10-10 18:00,0.380,7.194
2018-10-10 19:00,0.383,7.219
2018-10-10 20:00,0.403,7.350
2018-10-10 21:00,0.410,7.408
2018-10-10 22:00,0.415,7.435
2018-10-10 23:00,0.413,7.420
2018-10-11 00:00,0.199,5.764
2018-10-11 01:00,0.097,4.595
2018-10-11 02:00,0.175,5.521
2018-10-11 03:00,0.108,4.753
2018-10-11 04:00,0.087,4.456
2018-10-11 05:00,0.082,4.367
2018-10-11 06:00,0.079,4.334
2018-10-11 07:00,0.077,4.290
2018-10-11 08:00,0.081,4.358
2018-10-11 09:00,0.101,4.652
2018-10-11 10:00,0.224,5.984
2018-10-11 11:00,0.417,7.456
2018-10-11 12:00,0.534,8.253
2018-10-11 13:00,0.555,8.395
2018-10-11 14:00,0.526,8.199
2018-10-11 15:00,0.549,8.360
2018-10-11 16:00,0.598,8.705
2018-10-11 17:00,0.679,9.325
2018-10-11 18:00,0.708,9.565
2018-10-11 19:00,0.687,9.390
2018-10-11 20:00,0.645,9.056
2018-10-11 21:00,0.572,8.517
2018-10-11 22:00,0.483,7.910
2018-10-11 23:00,0.406,7.373
2018-10-12 00:00,0.175,5.523
2018-10-12 01:00,0.094,4.553
2018-10-12 02:00,0.081,4.362
2018-10-12 03:00,0.094,4.554
2018-10-12 04:00,0.120,4.906
2018-10-12 05:00,0.115,4.849
2018-10-12 06:00,0.077,4.303
2018-10-12 07:00,0.033,3.412
2018-10-12 08:00,0.009,2.506
2018-10-12 09:00,0.009,2.543
2018-10-12 10:00,0.074,4.249
2018-10-12 11:00,0.246,6.172
2018-10-12 12:00,0.489,7.949
2018-10-12 13:00,0.689,9.404
2018-10-12 14:00,0.771,10.146
2018-10-12 15:00,0.779,10.234
2018-10-12 16:00,0.784,10.291
2018-10-12 17:00,0.783,10.282
2018-10-12 18:00,0.778,10.227
2018-10-12 19:00,0.733,9.788
2018-10-12 20:00,0.645,9.056
2018-10-12 21:00,0.506,8.066
2018-10-12 22:00,0.425,7.505
2018-10-12 23:00,0.363,7.075
2018-10-13 00:00,0.241,6.137
2018-10-13 01:00,0.210,5.862
2018-10-13 02:00,0.291,6.547
2018-10-13 03:00,0.308,6.670
2018-10-13 04:00,0.292,6.554
2018-10-13 05:00,0.254,6.247
2018-10-13 06:00,0.229,6.033
2018-10-13 07:00,0.223,5.969
2018-10-13 08:00,0.229,6.035
2018-10-13 09:00,0.243,6.155
2018-10-13 10:00,0.348,6.971
2018-10-13 11:00,0.466,7.780
2018-10-13 12:00,0.505,8.050
2018-10-13 13:00,0.530,8.226
2018-10-13 14:00,0.512,8.098
2018-10-13 15:00,0.444,7.636
2018-10-13 16:00,0.394,7.298
2018-10-13 17:00,0.342,6.924
2018-10-13 18:00,0.375,7.162
2018-10-13 19:00,0.359,7.047
2018-10-13 20:00,0.311,6.700
2018-10-13 21:00,0.314,6.714
2018-10-13 22:00,0.322,6.780
2018-10-13 23:00,0.258,6.280
2018-10-14 00:00,0.144,5.192
2018-10-14 01:00,0.058,3.962
2018-10-14 02:00,0.009,2.504
2018-10-14 03:00,0.005,2.258
2018-10-14 04:00,0.013,2.717
2018-10-14 05:00,0.020,3.006
2018-10-14 06:00,0.029,3.302
2018-10-14 07:00,0.033,3.418
2018-10-14 08:00,0.029,3.290
2018-10-14 09:00,0.020,3.016
2018-10-14 10:00,0.023,3.112
2018-10-14 11:00,0.033,3.410
2018-10-14 12:00,0.047,3.743
2018-10-14 13:00,0.071,4.203
2018-10-14 14:00,0.115,4.845
2018-10-14 15:00,0.172,5.494
2018-10-14 16:00,0.212,5.883
2018-10-14 17:00,0.215,5.906
2018-10-14 18:00,0.199,5.761
2018-10-14 19:00,0.153,5.286
2018-10-14 20:00,0.091,4.516
2018-10-14 21:00,0.046,3.721
2018-10-14 22:00,0.024,3.163
2018-10-14 23:00,0.010,2.550
2018-10-15 00:00,0.002,1.924
2018-10-15 01:00,0.007,2.355
2018-10-15 02:00,0.008,2.440
2018-10-15 03:00,0.003,1.949
2018-10-15 04:00,0.002,1.798
2018-10-15 05:00,0.002,1.877
2018-10-15 06:00,0.006,2.302
2018-10-15 07:00,0.012,2.699
2018-10-15 08:00,0.024,3.142
2018-10-15 09:00,0.064,4.081
2018-10-15 10:00,0.205,5.818
2018-10-15 11:00,0.331,6.842
2018-10-15 12:00,0.387,7.249
2018-10-15 13:00,0.412,7.417
2018-10-15 14:00,0.419,7.471
2018-10-15 15:00,0.395,7.301
2018-10-15 16:00,0.360,7.058
2018-10-15 17:00,0.338,6.896
2018-10-15 18:00,0.327,6.814
2018-10-15 19:00,0.318,6.738
2018-10-15 20:00,0.311,6.698
2018-10-15 21:00,0.314,6.709
2018-10-15 22:00,0.326,6.811
2018-10-15 23:00,0.355,7.012
2018-10-16 00:00,0.221,5.953
2018-10-16 01:00,0.184,5.614
2018-10-16 02:00,0.219,5.945
2018-10-16 03:00,0.142,5.169
2018-10-16 04:00,0.090,4.493
2018-10-16 05:00,0.059,3.976
2018-10-16 06:00,0.043,3.643
2018-10-16 07:00,0.038,3.539
2018-10-16 08:00,0.050,3.816
2018-10-16 09:00,0.113,4.818
2018-10-16 10:00,0.299,6.610
2018-10-16 11:00,0.483,7.905
2018-10-16 12:00,0.562,8.450
2018-10-16 13:00,0.583,8.604
2018-10-16 14:00,0.565,8.472
2018-10-16 15:00,0.527,8.209
2018-10-16 16:00,0.469,7.809
2018-10-16 17:00,0.378,7.182
2018-10-16 18:00,0.301,6.616
2018-10-16 19:00,0.251,6.213
2018-10-16 20:00,0.290,6.540
2018-10-16 21:00,0.305,6.655
2018-10-16 22:00,0.377,7.180
2018-10-16 23:00,0.432,7.557
2018-10-17 00:00,0.473,7.837
2018-10-17 01:00,0.599,8.706
2018-10-17 02:00,0.673,9.280
2018-10-17 03:00,0.679,9.326
2018-10-17 04:00,0.675,9.297
2018-10-17 05:00,0.645,9.060
2018-10-17 06:00,0.592,8.662
2018-10-17 07:00,0.546,8.331
2018-10-17 08:00,0.527,8.209
2018-10-17 09:00,0.469,7.810
2018-10-17 10:00,0.542,8.307
2018-10-17 11:00,0.647,9.077
2018-10-17 12:00,0.725,9.715
2018-10-17 13:00,0.806,10.531
2018-10-17 14:00,0.833,10.855
2018-10-17 15:00,0.861,11.253
2018-10-17 16:00,0.807,10.543
2018-10-17 17:00,0.731,9.773
2018-10-17 18:00,0.817,10.657
2018-10-17 19:00,0.793,10.387
2018-10-17 20:00,0.714,9.620
2018-10-17 21:00,0.674,9.285
2018-10-17 22:00,0.645,9.052
2018-10-17 23:00,0.616,8.841
2018-10-18 00:00,0.613,8.819
2018-10-18 01:00,0.734,9.795
2018-10-18 02:00,0.758,10.021
2018-10-18 03:00,0.725,9.719
2018-10-18 04:00,0.690,9.414
2018-10-18 05:00,0.643,9.043
2018-10-18 06:00,0.562,8.456
2018-10-18 07:00,0.469,7.810
2018-10-18 08:00,0.421,7.483
2018-10-18 09:00,0.400,7.334
2018-10-18 10:00,0.532,8.237
2018-10-18 11:00,0.655,9.139
2018-10-18 12:00,0.711,9.581
2018-10-18 13:00,0.729,9.755
2018-10-18 14:00,0.725,9.715
2018-10-18 15:00,0.767,10.110
2018-10-18 16:00,0.767,10.102
2018-10-18 17:00,0.743,9.883
2018-10-18 18:00,0.706,9.555
2018-10-18 19:00,0.668,9.233
2018-10-18 20:00,0.621,8.875
2018-10-18 21:00,0.559,8.419
2018-10-18 22:00,0.625,8.911
2018-10-18 23:00,0.628,8.919
2018-10-19 00:00,0.637,8.993
2018-10-19 01:00,0.691,9.418
2018-10-19 02:00,0.663,9.193
2018-10-19 03:00,0.602,8.734
2018-10-19 04:00,0.536,8.270
2018-10-19 05:00,0.467,7.798
2018-10-19 06:00,0.400,7.333
2018-10-19 07:00,0.357,7.033
2018-10-19 08:00,0.335,6.869
2018-10-19 09:00,0.295,6.575
2018-10-19 10:00,0.312,6.703
2018-10-19 11:00,0.342,6.928
2018-10-19 12:00,0.359,7.051
2018-10-19 13:00,0.377,7.171
2018-10-19 14:00,0.394,7.300
2018-10-19 15:00,0.441,7.616
2018-10-19 16:00,0.439,7.608
2018-10-19 17:00,0.416,7.453
2018-10-19 18:00,0.426,7.511
2018-10-19 19:00,0.492,7.971
2018-10-19 20:00,0.539,8.291
2018-10-19 21:00,0.484,7.914
2018-10-19 22:00,0.430,7.546
2018-10-19 23:00,0.380,7.193
2018-10-20 00:00,0.333,6.855
2018-10-20 01:00,0.257,6.270
2018-10-20 02:00,0.105,4.711
2018-10-20 03:00,0.038,3.544
2018-10-20 04:00,0.031,3.347
2018-10-20 05:00,0.034,3.441
2018-10-20 06:00,0.039,3.574
2018-10-20 07:00,0.044,3.680
2018-10-20 08:00,0.060,4.010
2018-10-20 09:00,0.095,4.577
2018-10-20 10:00,0.171,5.491
2018-10-20 11:00,0.243,6.157
2018-10-20 12:00,0.277,6.434
2018-10-20 13:00,0.291,6.545
2018-10-20 14:00,0.284,6.479
2018-10-20 15:00,0.302,6.629
2018-10-20 16:00,0.333,6.861
2018-10-20 17:00,0.368,7.113
2018-10-20 18:00,0.387,7.241
2018-10-20 19:00,0.348,6.974
2018-10-20 20:00,0.279,6.442
2018-10-20 21:00,0.189,5.669
2018-10-20 22:00,0.104,4.705
2018-10-20 23:00,0.052,3.849
2018-10-21 00:00,0.028,3.267
2018-10-21 01:00,0.026,3.198
2018-10-21 02:00,0.055,3.902
2018-10-21 03:00,0.037,3.524
2018-10-21 04:00,0.015,2.838
2018-10-21 05:00,0.010,2.573
2018-10-21 06:00,0.014,2.779
2018-10-21 07:00,0.023,3.118
2018-10-21 08:00,0.033,3.399
2018-10-21 09:00,0.061,4.025
2018-10-21 10:00,0.118,4.877
2018-10-21 11:00,0.209,5.858
2018-10-21 12:00,0.347,6.958
2018-10-21 13:00,0.537,8.274
2018-10-21 14:00,0.672,9.267
2018-10-21 15:00,0.671,9.258
2018-10-21 16:00,0.615,8.827
2018-10-21 17:00,0.499,8.008
2018-10-21 18:00,0.357,7.034
2018-10-21 19:00,0.209,5.854
2018-10-21 20:00,0.108,4.754
2018-10-21 21:00,0.066,4.107
2018-10-21 22:00,0.087,4.460
2018-10-21 23:00,0.202,5.786
2018-10-22 00:00,0.356,7.026
2018-10-22 01:00,0.491,7.960
2018-10-22 02:00,0.836,10.889
2018-10-22 03:00,0.924,12.461
2018-10-22 04:00,0.938,12.846
2018-10-22 05:00,0.929,12.615
2018-10-22 06:00,0.903,12.001
2018-10-22 07:00,0.851,11.095
2018-10-22 08:00,0.750,9.949
2018-10-22 09:00,0.582,8.591
2018-10-22 10:00,0.476,7.856
2018-10-22 11:00,0.334,6.866
2018-10-22 12:00,0.177,5.536
2018-10-22 13:00,0.058,3.958
2018-10-22 14:00,0.014,2.762
2018-10-22 15:00,0.029,3.310
2018-10-22 16:00,0.119,4.897
2018-10-22 17:00,0.251,6.217
2018-10-22 18:00,0.383,7.219
2018-10-22 19:00,0.463,7.759
2018-10-22 20:00,0.490,7.955
2018-10-22 21:00,0.477,7.864
2018-10-22 22:00,0.466,7.787
2018-10-22 23:00,0.487,7.938
2018-10-23 00:00,0.425,7.505
2018-10-23 01:00,0.173,5.508
2018-10-23 02:00,0.221,5.954
2018-10-23 03:00,0.335,6.871
2018-10-23 04:00,0.365,7.083
2018-10-23 05:00,0.390,7.266
2018-10-23 06:00,0.394,7.296
2018-10-23 07:00,0.339,6.908
2018-10-23 08:00,0.242,6.147
2018-10-23 09:00,0.125,4.977
2018-10-23 10:00,0.059,3.971
2018-10-23 11:00,0.034,3.443
2018-10-23 12:00,0.028,3.261
2018-10-23 13:00,0.041,3.606
2018-10-23 14:00,0.184,5.613
2018-10-23 15:00,0.450,7.680
2018-10-23 16:00,0.603,8.739
2018-10-23 17:00,0.669,9.237
2018-10-23 18:00,0.707,9.560
2018-10-23 19:00,0.729,9.745
2018-10-23 20:00,0.724,9.705
2018-10-23 21:00,0.683,9.360
2018-10-23 22:00,0.581,8.589
2018-10-23 23:00,0.403,7.353
2018-10-24 00:00,0.154,5.302
2018-10-24 01:00,0.036,3.477
2018-10-24 02:00,0.008,2.438
2018-10-24 03:00,0.020,3.019
2018-10-24 04:00,0.032,3.378
2018-10-24 05:00,0.025,3.189
2018-10-24 06:00,0.014,2.761
2018-10-24 07:00,0.010,2.603
2018-10-24 08:00,0.016,2.874
2018-10-24 09:00,0.032,3.379
2018-10-24 10:00,0.032,3.382
2018-10-24 11:00,0.027,3.227
2018-10-24 12:00,0.032,3.371
2018-10-24 13:00,0.083,4.389
2018-10-24 14:00,0.322,6.783
2018-10-24 15:00,0.638,9.004
2018-10-24 16:00,0.827,10.783
2018-10-24 17:00,0.868,11.356
2018-10-24 18:00,0.729,9.747
2018-10-24 19:00,0.383,7.217
2018-10-24 20:00,0.174,5.520
2018-10-24 21:00,0.205,5.816
2018-10-24 22:00,0.524,8.188
2018-10-24 23:00,0.700,9.492
2018-10-25 00:00,0.628,8.922
2018-10-25 01:00,0.862,11.261
2018-10-25 02:00,0.927,12.547
2018-10-25 03:00,0.931,12.647
2018-10-25 04:00,0.929,12.598
2018-10-25 05:00,0.935,12.759
2018-10-25 06:00,0.942,12.963
2018-10-25 07:00,0.946,13.106
2018-10-25 08:00,0.942,12.967
2018-10-25 09:00,0.912,12.168
2018-10-25 10:00,0.887,11.695
2018-10-25 11:00,0.876,11.495
2018-10-25 12:00,0.861,11.243
2018-10-25 13:00,0.825,10.753
2018-10-25 14:00,0.761,10.053
2018-10-25 15:00,0.694,9.451
2018-10-25 16:00,0.632,8.959
2018-10-25 17:00,0.597,8.693
2018-10-25 18:00,0.606,8.759
2018-10-25 19:00,0.641,9.022
2018-10-25 20:00,0.663,9.188
2018-10-25 21:00,0.626,8.914
2018-10-25 22:00,0.588,8.638
2018-10-25 23:00,0.549,8.361
2018-10-26 00:00,0.314,6.711
2018-10-26 01:00,0.234,6.075
2018-10-26 02:00,0.376,7.164
2018-10-26 03:00,0.429,7.533
2018-10-26 04:00,0.447,7.653
2018-10-26 05:00,0.432,7.560
2018-10-26 06:00,0.393,7.279
2018-10-26 07:00,0.335,6.872
2018-10-26 08:00,0.268,6.352
2018-10-26 09:00,0.181,5.580
2018-10-26 10:00,0.111,4.779
2018-10-26 11:00,0.079,4.331
2018-10-26 12:00,0.068,4.136
2018-10-26 13:00,0.059,3.984
2018-10-26 14:00,0.050,3.815
2018-10-26 15:00,0.048,3.774
2018-10-26 16:00,0.059,3.980
2018-10-26 17:00,0.088,4.469
2018-10-26 18:00,0.129,5.021
2018-10-26 19:00,0.165,5.423
2018-10-26 20:00,0.188,5.659
2018-10-26 21:00,0.205,5.821
2018-10-26 22:00,0.242,6.144
2018-10-26 23:00,0.282,6.474
2018-10-27 00:00,0.268,6.351
2018-10-27 01:00,0.103,4.681
2018-10-27 02:00,0.064,4.073
2018-10-27 03:00,0.095,4.574
2018-10-27 04:00,0.160,5.375
2018-10-27 05:00,0.248,6.196
2018-10-27 06:00,0.337,6.884
2018-10-27 07:00,0.390,7.263
2018-10-27 08:00,0.384,7.230
2018-10-27 09:00,0.338,6.900
2018-10-27 10:00,0.413,7.429
2018-10-27 11:00,0.517,8.137
2018-10-27 12:00,0.561,8.437
2018-10-27 13:00,0.502,8.030
2018-10-27 14:00,0.343,6.934
2018-10-27 15:00,0.221,5.958
2018-10-27 16:00,0.191,5.686
2018-10-27 17:00,0.213,5.897
2018-10-27 18:00,0.229,6.031
2018-10-27 19:00,0.200,5.768
2018-10-27 20:00,0.180,5.569
2018-10-27 21:00,0.215,5.907
2018-10-27 22:00,0.309,6.679
2018-10-27 23:00,0.484,7.911
2018-10-28 00:00,0.473,7.833
2018-10-28 01:00,0.243,6.156
2018-10-28 02:00,0.300,6.613
2018-10-28 03:00,0.497,7.992
2018-10-28 04:00,0.549,8.351
2018-10-28 05:00,0.511,8.095
2018-10-28 06:00,0.441,7.616
2018-10-28 07:00,0.365,7.088
2018-10-28 08:00,0.292,6.554
2018-10-28 09:00,0.257,6.265
2018-10-28 10:00,0.298,6.596
2018-10-28 11:00,0.370,7.130
2018-10-28 12:00,0.465,7.778
2018-10-28 13:00,0.563,8.457
2018-10-28 14:00,0.649,9.087
2018-10-28 15:00,0.696,9.469
2018-10-28 16:00,0.731,9.768
2018-10-28 17:00,0.759,10.036
2018-10-28 18:00,0.786,10.316
2018-10-28 19:00,0.805,10.525
2018-10-28 20:00,0.806,10.528
2018-10-28 21:00,0.803,10.498
2018-10-28 22:00,0.813,10.603
2018-10-28 23:00,0.819,10.690
2018-10-29 00:00,0.694,9.440
2018-10-29 01:00,0.480,7.887
2018-10-29 02:00,0.539,8.283
2018-10-29 03:00,0.634,8.979
2018-10-29 04:00,0.699,9.488
2018-10-29 05:00,0.719,9.655
2018-10-29 06:00,0.712,9.604
2018-10-29 07:00,0.706,9.555
2018-10-29 08:00,0.683,9.361
2018-10-29 09:00,0.694,9.444
2018-10-29 10:00,0.731,9.775
2018-10-29 11:00,0.672,9.265
2018-10-29 12:00,0.658,9.157
2018-10-29 13:00,0.759,10.031
2018-10-29 14:00,0.842,10.978
2018-10-29 15:00,0.844,11.003
2018-10-29 16:00,0.829,10.808
2018-10-29 17:00,0.849,11.075
2018-10-29 18:00,0.866,11.324
2018-10-29 19:00,0.870,11.390
2018-10-29 20:00,0.868,11.370
2018-10-29 21:00,0.862,11.258
2018-10-29 22:00,0.859,11.230
2018-10-29 23:00,0.853,11.136
2018-10-30 00:00,0.743,9.879
2018-10-30 01:00,0.516,8.136
2018-10-30 02:00,0.713,9.609
2018-10-30 03:00,0.926,12.508
2018-10-30 04:00,0.951,13.285
2018-10-30 05:00,0.954,13.388
2018-10-30 06:00,0.948,13.161
2018-10-30 07:00,0.932,12.684
2018-10-30 08:00,0.903,11.989
2018-10-30 09:00,0.829,10.812
2018-10-30 10:00,0.838,10.933
2018-10-30 11:00,0.841,10.973
2018-10-30 12:00,0.814,10.621
2018-10-30 13:00,0.736,9.820
2018-10-30 14:00,0.614,8.822
2018-10-30 15:00,0.470,7.819
2018-10-30 16:00,0.312,6.702
2018-10-30 17:00,0.197,5.740
2018-10-30 18:00,0.173,5.505
2018-10-30 19:00,0.265,6.329
2018-10-30 20:00,0.466,7.783
2018-10-30 21:00,0.612,8.801
2018-10-30 22:00,0.643,9.041
2018-10-30 23:00,0.581,8.579
2018-10-31 00:00,0.355,7.021
2018-10-31 01:00,0.105,4.712
2018-10-31 02:00,0.078,4.309
2018-10-31 03:00,0.097,4.606
2018-10-31 04:00,0.109,4.761
2018-10-31 05:00,0.113,4.821
2018-10-31 06:00,0.120,4.906
2018-10-31 07:00,0.141,5.162
2018-10-31 08:00,0.181,5.576
2018-10-31 09:00,0.221,5.959
2018-10-31 10:00,0.254,6.244
2018-10-31 11:00,0.276,6.420
2018-10-31 12:00,0.284,6.481
2018-10-31 13:00,0.285,6.501
2018-10-31 14:00,0.291,6.545
2018-10-31 15:00,0.346,6.952
2018-10-31 16:00,0.426,7.519
2018-10-31 17:00,0.513,8.111
2018-10-31 18:00,0.600,8.727
2018-10-31 19:00,0.672,9.266
2018-10-31 20:00,0.719,9.664
2018-10-31 21:00,0.740,9.850
2018-10-31 22:00,0.777,10.206
2018-10-31 23:00,0.818,10.679
2018-11-01 00:00,0.729,9.747
2018-11-01 01:00,0.493,7.979
2018-11-01 02:00,0.865,11.319
2018-11-01 03:00,0.955,13.428
2018-11-01 04:00,0.965,13.838
2018-11-01 05:00,0.963,13.761
2018-11-01 06:00,0.956,13.469
2018-11-01 07:00,0.946,13.118
2018-11-01 08:00,0.926,12.531
2018-11-01 09:00,0.884,11.624
2018-11-01 10:00,0.925,12.499
2018-11-01 11:00,0.936,12.785
2018-11-01 12:00,0.930,12.641
2018-11-01 13:00,0.909,12.129
2018-11-01 14:00,0.894,11.819
2018-11-01 15:00,0.891,11.744
2018-11-01 16:00,0.893,11.786
2018-11-01 17:00,0.893,11.804
2018-11-01 18:00,0.897,11.873
2018-11-01 19:00,0.901,11.947
2018-11-01 20:00,0.901,11.956
2018-11-01 21:00,0.887,11.691
2018-11-01 22:00,0.865,11.318
2018-11-01 23:00,0.834,10.874
2018-11-02 00:00,0.729,9.751
2018-11-02 01:00,0.731,9.771
2018-11-02 02:00,0.923,12.443
2018-11-02 03:00,0.930,12.635
2018-11-02 04:00,0.911,12.157
2018-11-02 05:00,0.880,11.558
2018-11-02 06:00,0.829,10.814
2018-11-02 07:00,0.754,9.985
2018-11-02 08:00,0.645,9.057
2018-11-02 09:00,0.527,8.208
2018-11-02 10:00,0.549,8.357
2018-11-02 11:00,0.624,8.894
2018-11-02 12:00,0.718,9.659
2018-11-02 13:00,0.739,9.848
2018-11-02 14:00,0.700,9.494
2018-11-02 15:00,0.645,9.054
2018-11-02 16:00,0.604,8.740
2018-11-02 17:00,0.550,8.370
2018-11-02 18:00,0.471,7.822
2018-11-02 19:00,0.423,7.491
2018-11-02 20:00,0.421,7.482
2018-11-02 21:00,0.446,7.644
2018-11-02 22:00,0.483,7.900
2018-11-02 23:00,0.547,8.345
2018-11-03 00:00,0.520,8.161
2018-11-03 01:00,0.572,8.523
2018-11-03 02:00,0.704,9.535
2018-11-03 03:00,0.723,9.688
2018-11-03 04:00,0.719,9.664
2018-11-03 05:00,0.665,9.218
2018-11-03 06:00,0.527,8.210
2018-11-03 07:00,0.397,7.319
2018-11-03 08:00,0.319,6.747
2018-11-03 09:00,0.257,6.270
2018-11-03 10:00,0.186,5.635
2018-11-03 11:00,0.162,5.393
2018-11-03 12:00,0.184,5.618
2018-11-03 13:00,0.225,5.998
2018-11-03 14:00,0.243,6.152
2018-11-03 15:00,0.235,6.085
2018-11-03 16:00,0.212,5.886
2018-11-03 17:00,0.246,6.177
2018-11-03 18:00,0.317,6.735
2018-11-03 19:00,0.319,6.750
2018-11-03 20:00,0.273,6.401
2018-11-03 21:00,0.218,5.940
2018-11-03 22:00,0.162,5.390
2018-11-03 23:00,0.136,5.098
2018-11-04 00:00,0.108,4.749
2018-11-04 01:00,0.147,5.235
2018-11-04 02:00,0.162,5.393
2018-11-04 03:00,0.128,5.008
2018-11-04 04:00,0.106,4.722
2018-11-04 05:00,0.090,4.500
2018-11-04 06:00,0.072,4.215
2018-11-04 07:00,0.069,4.162
2018-11-04 08:00,0.063,4.062
2018-11-04 09:00,0.043,3.657
2018-11-04 10:00,0.021,3.043
2018-11-04 11:00,0.018,2.931
2018-11-04 12:00,0.031,3.354
2018-11-04 13:00,0.042,3.626
2018-11-04 14:00,0.027,3.248
2018-11-04 15:00,0.023,3.131
2018-11-04 16:00,0.016,2.852
2018-11-04 17:00,0.004,2.141
2018-11-04 18:00,0.001,1.621
2018-11-04 19:00,0.001,1.661
2018-11-04 20:00,0,1.308
2018-11-04 21:00,0,1.034
2018-11-04 22:00,0,0.729
2018-11-04 23:00,0,0.543
2018-11-05 00:00,0,0.564
2018-11-05 01:00,0,0.849
2018-11-05 02:00,0.001,1.522
2018-11-05 03:00,0.001,1.639
2018-11-05 04:00,0.004,2.132
2018-11-05 05:00,0.014,2.766
2018-11-05 06:00,0.024,3.156
2018-11-05 07:00,0.035,3.466
2018-11-05 08:00,0.064,4.072
2018-11-05 09:00,0.140,5.146
2018-11-05 10:00,0.233,6.072
2018-11-05 11:00,0.272,6.397
2018-11-05 12:00,0.246,6.181
2018-11-05 13:00,0.189,5.669
2018-11-05 14:00,0.126,4.983
2018-11-05 15:00,0.063,4.059
2018-11-05 16:00,0.032,3.397
2018-11-05 17:00,0.015,2.838
2018-11-05 18:00,0.008,2.470
2018-11-05 19:00,0.005,2.222
2018-11-05 20:00,0.004,2.178
2018-11-05 21:00,0.005,2.228
2018-11-05 22:00,0.003,2.050
2018-11-05 23:00,0.001,1.565
2018-11-06 00:00,0,0.923
2018-11-06 01:00,0,0.775
2018-11-06 02:00,0.001,1.653
2018-11-06 03:00,0.004,2.092
2018-11-06 04:00,0.009,2.541
2018-11-06 05:00,0.030,3.320
2018-11-06 06:00,0.055,3.898
2018-11-06 07:00,0.078,4.322
2018-11-06 08:00,0.085,4.421
2018-11-06 09:00,0.105,4.707
2018-11-06 10:00,0.117,4.864
2018-11-06 11:00,0.086,4.443
2018-11-06 12:00,0.032,3.373
2018-11-06 13:00,0.003,2.038
2018-11-06 14:00,0,0.987
2018-11-06 15:00,0,0.911
2018-11-06 16:00,0,0.904
2018-11-06 17:00,0,0.957
2018-11-06 18:00,0,1.084
2018-11-06 19:00,0.001,1.497
2018-11-06 20:00,0.002,1.914
2018-11-06 21:00,0.005,2.228
2018-11-06 22:00,0.007,2.412
2018-11-06 23:00,0.009,2.532
2018-11-07 00:00,0.013,2.730
2018-11-07 01:00,0.012,2.665
2018-11-07 02:00,0.016,2.864
2018-11-07 03:00,0.021,3.052
2018-11-07 04:00,0.036,3.487
2018-11-07 05:00,0.068,4.130
2018-11-07 06:00,0.134,5.076
2018-11-07 07:00,0.169,5.456
2018-11-07 08:00,0.156,5.315
2018-11-07 09:00,0.147,5.225
2018-11-07 10:00,0.166,5.434
2018-11-07 11:00,0.203,5.794
2018-11-07 12:00,0.258,6.283
2018-11-07 13:00,0.337,6.886
2018-11-07 14:00,0.433,7.567
2018-11-07 15:00,0.535,8.256
2018-11-07 16:00,0.612,8.811
2018-11-07 17:00,0.648,9.085
2018-11-07 18:00,0.658,9.161
2018-11-07 19:00,0.645,9.052
2018-11-07 20:00,0.588,8.640
2018-11-07 21:00,0.502,8.030
2018-11-07 22:00,0.440,7.612
2018-11-07 23:00,0.403,7.358
2018-11-08 00:00,0.298,6.593
2018-11-08 01:00,0.102,4.664
2018-11-08 02:00,0.059,3.985
2018-11-08 03:00,0.086,4.441
2018-11-08 04:00,0.115,4.839
2018-11-08 05:00,0.174,5.518
2018-11-08 06:00,0.239,6.119
2018-11-08 07:00,0.310,6.687
2018-11-08 08:00,0.331,6.842
2018-11-08 09:00,0.383,7.218
2018-11-08 10:00,0.493,7.977
2018-11-08 11:00,0.558,8.416
2018-11-08 12:00,0.517,8.141
2018-11-08 13:00,0.402,7.347
2018-11-08 14:00,0.276,6.419
2018-11-08 15:00,0.194,5.717
2018-11-08 16:00,0.134,5.075
2018-11-08 17:00,0.079,4.333
2018-11-08 18:00,0.032,3.382
2018-11-08 19:00,0.006,2.345
2018-11-08 20:00,0,1.381
2018-11-08 21:00,0,0.789
2018-11-08 22:00,0,0.969
2018-11-08 23:00,0,1.426
2018-11-09 00:00,0.003,2.020
2018-11-09 01:00,0.004,2.140
2018-11-09 02:00,0.012,2.678
2018-11-09 03:00,0.008,2.469
2018-11-09 04:00,0.015,2.838
2018-11-09 05:00,0.033,3.405
2018-11-09 06:00,0.059,3.988
2018-11-09 07:00,0.088,4.476
2018-11-09 08:00,0.128,5.010
2018-11-09 09:00,0.330,6.835
2018-11-09 10:00,0.612,8.809
2018-11-09 11:00,0.726,9.723
2018-11-09 12:00,0.680,9.336
2018-11-09 13:00,0.552,8.379
2018-11-09 14:00,0.450,7.680
2018-11-09 15:00,0.322,6.777
2018-11-09 16:00,0.203,5.789
2018-11-09 17:00,0.131,5.038
2018-11-09 18:00,0.082,4.375
2018-11-09 19:00,0.034,3.434
2018-11-09 20:00,0.007,2.410
2018-11-09 21:00,0.001,1.622
2018-11-09 22:00,0.001,1.610
2018-11-09 23:00,0.001,1.557
2018-11-10 00:00,0.001,1.497
2018-11-10 01:00,0,1.315
2018-11-10 02:00,0.003,1.949
2018-11-10 03:00,0.028,3.264
2018-11-10 04:00,0.118,4.880
2018-11-10 05:00,0.206,5.831
2018-11-10 06:00,0.258,6.279
2018-11-10 07:00,0.258,6.281
2018-11-10 08:00,0.194,5.717
2018-11-10 09:00,0.099,4.624
2018-11-10 10:00,0.019,2.967
2018-11-10 11:00,0,1.366
2018-11-10 12:00,0,1.135
2018-11-10 13:00,0.011,2.635
2018-11-10 14:00,0.062,4.039
2018-11-10 15:00,0.153,5.289
2018-11-10 16:00,0.276,6.419
2018-11-10 17:00,0.401,7.343
2018-11-10 18:00,0.488,7.939
2018-11-10 19:00,0.519,8.146
2018-11-10 20:00,0.514,8.116
2018-11-10 21:00,0.473,7.837
2018-11-10 22:00,0.423,7.494
2018-11-10 23:00,0.378,7.184
2018-11-11 00:00,0.285,6.497
2018-11-11 01:00,0.092,4.528
2018-11-11 02:00,0.032,3.385
2018-11-11 03:00,0.018,2.936
2018-11-11 04:00,0.011,2.642
2018-11-11 05:00,0.008,2.494
2018-11-11 06:00,0.006,2.330
2018-11-11 07:00,0.003,2.019
2018-11-11 08:00,0,1.315
2018-11-11 09:00,0,0.694
2018-11-11 10:00,0.001,1.689
2018-11-11 11:00,0.032,3.369
2018-11-11 12:00,0.155,5.306
2018-11-11 13:00,0.395,7.302
2018-11-11 14:00,0.633,8.964
2018-11-11 15:00,0.753,9.973
2018-11-11 16:00,0.791,10.358
2018-11-11 17:00,0.791,10.363
2018-11-11 18:00,0.776,10.192
2018-11-11 19:00,0.746,9.907
2018-11-11 20:00,0.689,9.403
2018-11-11 21:00,0.583,8.603
2018-11-11 22:00,0.439,7.608
2018-11-11 23:00,0.288,6.524
2018-11-12 00:00,0.164,5.412
2018-11-12 01:00,0.047,3.746
2018-11-12 02:00,0.014,2.788
2018-11-12 03:00,0.042,3.625
2018-11-12 04:00,0.094,4.563
2018-11-12 05:00,0.143,5.180
2018-11-12 06:00,0.197,5.742
2018-11-12 07:00,0.281,6.465
2018-11-12 08:00,0.370,7.130
2018-11-12 09:00,0.499,8.011
2018-11-12 10:00,0.675,9.296
2018-11-12 11:00,0.741,9.860
2018-11-12 12:00,0.757,10.019
2018-11-12 13:00,0.770,10.143
2018-11-12 14:00,0.782,10.273
2018-11-12 15:00,0.795,10.401
2018-11-12 16:00,0.794,10.394
2018-11-12 17:00,0.789,10.329
2018-11-12 18:00,0.778,10.230
2018-11-12 19:00,0.765,10.088
2018-11-12 20:00,0.752,9.970
2018-11-12 21:00,0.721,9.674
2018-11-12 22:00,0.689,9.410
2018-11-12 23:00,0.665,9.212
2018-11-13 00:00,0.581,8.577
2018-11-13 01:00,0.482,7.894
2018-11-13 02:00,0.710,9.578
2018-11-13 03:00,0.837,10.901
2018-11-13 04:00,0.876,11.497
2018-11-13 05:00,0.874,11.458
2018-11-13 06:00,0.830,10.818
2018-11-13 07:00,0.725,9.713
2018-11-13 08:00,0.536,8.261
2018-11-13 09:00,0.451,7.689
2018-11-13 10:00,0.669,9.239
2018-11-13 11:00,0.804,10.512
2018-11-13 12:00,0.839,10.944
2018-11-13 13:00,0.826,10.762
2018-11-13 14:00,0.740,9.850
2018-11-13 15:00,0.662,9.186
2018-11-13 16:00,0.583,8.604
2018-11-13 17:00,0.473,7.836
2018-11-13 18:00,0.380,7.200
2018-11-13 19:00,0.500,8.022
2018-11-13 20:00,0.645,9.057
2018-11-13 21:00,0.613,8.821
2018-11-13 22:00,0.499,8.015
2018-11-13 23:00,0.410,7.406
2018-11-14 00:00,0.408,7.386
2018-11-14 01:00,0.510,8.086
2018-11-14 02:00,0.481,7.892
2018-11-14 03:00,0.417,7.456
2018-11-14 04:00,0.356,7.031
2018-11-14 05:00,0.304,6.648
2018-11-14 06:00,0.285,6.498
2018-11-14 07:00,0.270,6.379
2018-11-14 08:00,0.259,6.292
2018-11-14 09:00,0.194,5.706
2018-11-14 10:00,0.129,5.021
2018-11-14 11:00,0.135,5.094
2018-11-14 12:00,0.184,5.617
2018-11-14 13:00,0.246,6.179
2018-11-14 14:00,0.288,6.519
2018-11-14 15:00,0.299,6.606
2018-11-14 16:00,0.258,6.280
2018-11-14 17:00,0.202,5.784
2018-11-14 18:00,0.215,5.909
2018-11-14 19:00,0.258,6.279
2018-11-14 20:00,0.259,6.292
2018-11-14 21:00,0.218,5.934
2018-11-14 22:00,0.169,5.469
2018-11-14 23:00,0.119,4.890
2018-11-15 00:00,0.097,4.605
2018-11-15 01:00,0.132,5.041
2018-11-15 02:00,0.145,5.211
2018-11-15 03:00,0.145,5.211
2018-11-15 04:00,0.136,5.106
2018-11-15 05:00,0.129,5.018
2018-11-15 06:00,0.124,4.962
2018-11-15 07:00,0.114,4.830
2018-11-15 08:00,0.102,4.659
2018-11-15 09:00,0.078,4.312
2018-11-15 10:00,0.065,4.094
2018-11-15 11:00,0.063,4.058
2018-11-15 12:00,0.064,4.072
2018-11-15 13:00,0.056,3.928
2018-11-15 14:00,0.040,3.590
2018-11-15 15:00,0.025,3.194
2018-11-15 16:00,0.020,3.002
2018-11-15 17:00,0.031,3.352
2018-11-15 18:00,0.038,3.544
2018-11-15 19:00,0.025,3.189
2018-11-15 20:00,0.016,2.877
2018-11-15 21:00,0.016,2.846
2018-11-15 22:00,0.015,2.844
2018-11-15 23:00,0.015,2.808
2018-11-16 00:00,0.010,2.579
2018-11-16 01:00,0.005,2.213
2018-11-16 02:00,0.003,2.069
2018-11-16 03:00,0.002,1.777
2018-11-16 04:00,0,0.734
2018-11-16 05:00,0,1.029
2018-11-16 06:00,0,1.417
2018-11-16 07:00,0.001,1.582
2018-11-16 08:00,0.001,1.737
2018-11-16 09:00,0.003,1.977
2018-11-16 10:00,0.006,2.336
2018-11-16 11:00,0.018,2.928
2018-11-16 12:00,0.037,3.508
2018-11-16 13:00,0.059,3.966
2018-11-16 14:00,0.077,4.282
2018-11-16 15:00,0.090,4.493
2018-11-16 16:00,0.132,5.041
2018-11-16 17:00,0.187,5.648
2018-11-16 18:00,0.189,5.666
2018-11-16 19:00,0.190,5.677
2018-11-16 20:00,0.198,5.758
2018-11-16 21:00,0.177,5.543
2018-11-16 22:00,0.165,5.428
2018-11-16 23:00,0.184,5.621
2018-11-17 00:00,0.185,5.624
2018-11-17 01:00,0.223,5.978
2018-11-17 02:00,0.245,6.166
2018-11-17 03:00,0.238,6.109
2018-11-17 04:00,0.238,6.101
2018-11-17 05:00,0.242,6.144
2018-11-17 06:00,0.246,6.170
2018-11-17 07:00,0.220,5.948
2018-11-17 08:00,0.157,5.345
2018-11-17 09:00,0.149,5.248
2018-11-17 10:00,0.225,6.002
2018-11-17 11:00,0.335,6.868
2018-11-17 12:00,0.460,7.742
2018-11-17 13:00,0.558,8.418
2018-11-17 14:00,0.597,8.698
2018-11-17 15:00,0.600,8.716
2018-11-17 16:00,0.559,8.432
2018-11-17 17:00,0.499,8.008
2018-11-17 18:00,0.450,7.681
2018-11-17 19:00,0.377,7.172
2018-11-17 20:00,0.311,6.688
2018-11-17 21:00,0.258,6.285
2018-11-17 22:00,0.261,6.304
2018-11-17 23:00,0.297,6.588
2018-11-18 00:00,0.284,6.483
2018-11-18 01:00,0.164,5.410
2018-11-18 02:00,0.152,5.281
2018-11-18 03:00,0.190,5.673
2018-11-18 04:00,0.239,6.121
2018-11-18 05:00,0.240,6.130
2018-11-18 06:00,0.200,5.772
2018-11-18 07:00,0.155,5.307
2018-11-18 08:00,0.101,4.647
2018-11-18 09:00,0.081,4.356
2018-11-18 10:00,0.128,5.007
2018-11-18 11:00,0.257,6.272
2018-11-18 12:00,0.475,7.846
2018-11-18 13:00,0.661,9.174
2018-11-18 14:00,0.725,9.710
2018-11-18 15:00,0.705,9.542
2018-11-18 16:00,0.639,9.008
2018-11-18 17:00,0.559,8.425
2018-11-18 18:00,0.492,7.969
2018-11-18 19:00,0.470,7.818
2018-11-18 20:00,0.489,7.952
2018-11-18 21:00,0.496,7.987
2018-11-18 22:00,0.478,7.866
2018-11-18 23:00,0.436,7.581
2018-11-19 00:00,0.396,7.311
2018-11-19 01:00,0.217,5.932
2018-11-19 02:00,0.090,4.506
2018-11-19 03:00,0.100,4.636
2018-11-19 04:00,0.111,4.788
2018-11-19 05:00,0.118,4.879
2018-11-19 06:00,0.126,4.982
2018-11-19 07:00,0.114,4.835
2018-11-19 08:00,0.102,4.663
2018-11-19 09:00,0.085,4.428
2018-11-19 10:00,0.062,4.047
2018-11-19 11:00,0.047,3.746
2018-11-19 12:00,0.035,3.463
2018-11-19 13:00,0.022,3.097
2018-11-19 14:00,0.017,2.916
2018-11-19 15:00,0.024,3.148
2018-11-19 16:00,0.045,3.695
2018-11-19 17:00,0.081,4.360
2018-11-19 18:00,0.122,4.935
2018-11-19 19:00,0.162,5.395
2018-11-19 20:00,0.184,5.618
2018-11-19 21:00,0.177,5.542
2018-11-19 22:00,0.179,5.561
2018-11-19 23:00,0.187,5.645
2018-11-20 00:00,0.175,5.523
2018-11-20 01:00,0.073,4.230
2018-11-20 02:00,0.059,3.992
2018-11-20 03:00,0.101,4.652
2018-11-20 04:00,0.165,5.427
2018-11-20 05:00,0.239,6.126
2018-11-20 06:00,0.270,6.372
2018-11-20 07:00,0.269,6.365
2018-11-20 08:00,0.302,6.623
2018-11-20 09:00,0.355,7.017
2018-11-20 10:00,0.387,7.245
2018-11-20 11:00,0.385,7.231
2018-11-20 12:00,0.383,7.221
2018-11-20 13:00,0.367,7.100
2018-11-20 14:00,0.380,7.201
2018-11-20 15:00,0.491,7.959
2018-11-20 16:00,0.636,8.986
2018-11-20 17:00,0.740,9.854
2018-11-20 18:00,0.730,9.759
2018-11-20 19:00,0.663,9.201
2018-11-20 20:00,0.606,8.760
2018-11-20 21:00,0.528,8.213
2018-11-20 22:00,0.403,7.350
2018-11-20 23:00,0.286,6.506
2018-11-21 00:00,0.199,5.764
2018-11-21 01:00,0.093,4.549
2018-11-21 02:00,0.098,4.610
2018-11-21 03:00,0.146,5.224
2018-11-21 04:00,0.230,6.039
2018-11-21 05:00,0.295,6.575
2018-11-21 06:00,0.317,6.732
2018-11-21 07:00,0.287,6.512
2018-11-21 08:00,0.196,5.738
2018-11-21 09:00,0.075,4.265
2018-11-21 10:00,0.012,2.667
2018-11-21 11:00,0,1.319
2018-11-21 12:00,0,0.896
2018-11-21 13:00,0.008,2.466
2018-11-21 14:00,0.078,4.314
2018-11-21 15:00,0.187,5.646
2018-11-21 16:00,0.270,6.372
2018-11-21 17:00,0.322,6.777
2018-11-21 18:00,0.359,7.052
2018-11-21 19:00,0.413,7.422
2018-11-21 20:00,0.483,7.909
2018-11-21 21:00,0.523,8.175
2018-11-21 22:00,0.524,8.189
2018-11-21 23:00,0.523,8.177
2018-11-22 00:00,0.523,8.179
2018-11-22 01:00,0.333,6.855
2018-11-22 02:00,0.161,5.378
2018-11-22 03:00,0.178,5.550
2018-11-22 04:00,0.227,6.016
2018-11-22 05:00,0.299,6.597
2018-11-22 06:00,0.365,7.083
2018-11-22 07:00,0.370,7.119
2018-11-22 08:00,0.253,6.230
2018-11-22 09:00,0.182,5.597
2018-11-22 10:00,0.168,5.446
2018-11-22 11:00,0.261,6.305
2018-11-22 12:00,0.497,7.993
2018-11-22 13:00,0.688,9.397
2018-11-22 14:00,0.752,9.970
2018-11-22 15:00,0.721,9.679
2018-11-22 16:00,0.670,9.254
2018-11-22 17:00,0.677,9.307
2018-11-22 18:00,0.680,9.337
2018-11-22 19:00,0.659,9.164
2018-11-22 20:00,0.637,8.996
2018-11-22 21:00,0.605,8.754
2018-11-22 22:00,0.516,8.124
2018-11-22 23:00,0.394,7.298
2018-11-23 00:00,0.260,6.300
2018-11-23 01:00,0.114,4.830
2018-11-23 02:00,0.035,3.448
2018-11-23 03:00,0.053,3.863
2018-11-23 04:00,0.073,4.227
2018-11-23 05:00,0.106,4.725
2018-11-23 06:00,0.142,5.170
2018-11-23 07:00,0.148,5.237
2018-11-23 08:00,0.144,5.195
2018-11-23 09:00,0.111,4.787
2018-11-23 10:00,0.063,4.060
2018-11-23 11:00,0.026,3.201
2018-11-23 12:00,0.004,2.183
2018-11-23 13:00,0.001,1.515
2018-11-23 14:00,0.001,1.641
2018-11-23 15:00,0.005,2.261
2018-11-23 16:00,0.023,3.127
2018-11-23 17:00,0.083,4.377
2018-11-23 18:00,0.195,5.728
2018-11-23 19:00,0.357,7.039
2018-11-23 20:00,0.501,8.024
2018-11-23 21:00,0.564,8.463
2018-11-23 22:00,0.594,8.680
2018-11-23 23:00,0.616,8.833
2018-11-24 00:00,0.615,8.827
2018-11-24 01:00,0.433,7.568
2018-11-24 02:00,0.235,6.090
2018-11-24 03:00,0.357,7.036
2018-11-24 04:00,0.502,8.035
2018-11-24 05:00,0.611,8.795
2018-11-24 06:00,0.679,9.327
2018-11-24 07:00,0.672,9.262
2018-11-24 08:00,0.553,8.390
2018-11-24 09:00,0.520,8.159
2018-11-24 10:00,0.491,7.962
2018-11-24 11:00,0.475,7.846
2018-11-24 12:00,0.436,7.579
2018-11-24 13:00,0.375,7.163
2018-11-24 14:00,0.335,6.867
2018-11-24 15:00,0.370,7.130
2018-11-24 16:00,0.442,7.628
2018-11-24 17:00,0.476,7.849
2018-11-24 18:00,0.442,7.625
2018-11-24 19:00,0.380,7.195
2018-11-24 20:00,0.322,6.784
2018-11-24 21:00,0.270,6.379
2018-11-24 22:00,0.247,6.186
2018-11-24 23:00,0.285,6.495
2018-11-25 00:00,0.386,7.235
2018-11-25 01:00,0.439,7.599
2018-11-25 02:00,0.268,6.351
2018-11-25 03:00,0.269,6.367
2018-11-25 04:00,0.595,8.683
2018-11-25 05:00,0.707,9.561
2018-11-25 06:00,0.760,10.043
2018-11-25 07:00,0.674,9.287
2018-11-25 08:00,0.643,9.037
2018-11-25 09:00,0.798,10.437
2018-11-25 10:00,0.915,12.259
2018-11-25 11:00,0.954,13.379
2018-11-25 12:00,0.967,13.959
2018-11-25 13:00,0.977,14.526
2018-11-25 14:00,0.972,14.229
2018-11-25 15:00,0.968,14.025
2018-11-25 16:00,0.958,13.553
2018-11-25 17:00,0.916,12.287
2018-11-25 18:00,0.887,11.674
2018-11-25 19:00,0.858,11.210
2018-11-25 20:00,0.811,10.581
2018-11-25 21:00,0.753,9.981
2018-11-25 22:00,0.724,9.703
2018-11-25 23:00,0.716,9.641
2018-11-26 00:00,0.669,9.246
2018-11-26 01:00,0.539,8.284
2018-11-26 02:00,0.613,8.818
2018-11-26 03:00,0.673,9.277
2018-11-26 04:00,0.707,9.561
2018-11-26 05:00,0.711,9.597
2018-11-26 06:00,0.700,9.488
2018-11-26 07:00,0.638,9.001
2018-11-26 08:00,0.508,8.075
2018-11-26 09:00,0.396,7.312
2018-11-26 10:00,0.285,6.495
2018-11-26 11:00,0.213,5.891
2018-11-26 12:00,0.177,5.541
2018-11-26 13:00,0.145,5.206
2018-11-26 14:00,0.107,4.741
2018-11-26 15:00,0.085,4.420
2018-11-26 16:00,0.068,4.142
2018-11-26 17:00,0.046,3.706
2018-11-26 18:00,0.027,3.235
2018-11-26 19:00,0.018,2.945
2018-11-26 20:00,0.006,2.298
2018-11-26 21:00,0.001,1.577
2018-11-26 22:00,0.001,1.537
2018-11-26 23:00,0.002,1.807
2018-11-27 00:00,0.004,2.091
2018-11-27 01:00,0.007,2.406
2018-11-27 02:00,0.018,2.941
2018-11-27 03:00,0.077,4.282
2018-11-27 04:00,0.146,5.215
2018-11-27 05:00,0.220,5.948
2018-11-27 06:00,0.257,6.267
2018-11-27 07:00,0.229,6.026
2018-11-27 08:00,0.165,5.428
2018-11-27 09:00,0.145,5.212
2018-11-27 10:00,0.215,5.911
2018-11-27 11:00,0.466,7.781
2018-11-27 12:00,0.745,9.894
2018-11-27 13:00,0.845,11.009
2018-11-27 14:00,0.847,11.045
2018-11-27 15:00,0.826,10.760
2018-11-27 16:00,0.791,10.351
2018-11-27 17:00,0.731,9.774
2018-11-27 18:00,0.640,9.014
2018-11-27 19:00,0.547,8.344
2018-11-27 20:00,0.470,7.819
2018-11-27 21:00,0.409,7.393
2018-11-27 22:00,0.325,6.801
2018-11-27 23:00,0.238,6.109
2018-11-28 00:00,0.195,5.724
2018-11-28 01:00,0.113,4.810
2018-11-28 02:00,0.043,3.659
2018-11-28 03:00,0.040,3.578
2018-11-28 04:00,0.099,4.621
2018-11-28 05:00,0.200,5.773
2018-11-28 06:00,0.291,6.543
2018-11-28 07:00,0.286,6.507
2018-11-28 08:00,0.194,5.714
2018-11-28 09:00,0.086,4.438
2018-11-28 10:00,0.026,3.219
2018-11-28 11:00,0.010,2.592
2018-11-28 12:00,0.005,2.199
2018-11-28 13:00,0.001,1.735
2018-11-28 14:00,0,1.420
2018-11-28 15:00,0.001,1.563
2018-11-28 16:00,0.004,2.184
2018-11-28 17:00,0.023,3.134
2018-11-28 18:00,0.039,3.565
2018-11-28 19:00,0.041,3.606
2018-11-28 20:00,0.038,3.537
2018-11-28 21:00,0.023,3.123
2018-11-28 22:00,0.008,2.471
2018-11-28 23:00,0.003,2.060
2018-11-29 00:00,0.004,2.157
2018-11-29 01:00,0.009,2.495
2018-11-29 02:00,0.004,2.120
2018-11-29 03:00,0.008,2.484
2018-11-29 04:00,0.038,3.534
2018-11-29 05:00,0.070,4.179
2018-11-29 06:00,0.078,4.314
2018-11-29 07:00,0.054,3.877
2018-11-29 08:00,0.032,3.392
2018-11-29 09:00,0.037,3.500
2018-11-29 10:00,0.066,4.114
2018-11-29 11:00,0.104,4.704
2018-11-29 12:00,0.133,5.060
2018-11-29 13:00,0.168,5.450
2018-11-29 14:00,0.218,5.941
2018-11-29 15:00,0.268,6.363
2018-11-29 16:00,0.290,6.535
2018-11-29 17:00,0.285,6.497
2018-11-29 18:00,0.289,6.528
2018-11-29 19:00,0.357,7.038
2018-11-29 20:00,0.449,7.666
2018-11-29 21:00,0.390,7.264
2018-11-29 22:00,0.265,6.332
2018-11-29 23:00,0.174,5.514
2018-11-30 00:00,0.120,4.914
2018-11-30 01:00,0.072,4.209
2018-11-30 02:00,0.077,4.289
2018-11-30 03:00,0.098,4.610
2018-11-30 04:00,0.120,4.904
2018-11-30 05:00,0.162,5.393
2018-11-30 06:00,0.156,5.327
2018-11-30 07:00,0.112,4.793
2018-11-30 08:00,0.070,4.182
2018-11-30 09:00,0.054,3.871
2018-11-30 10:00,0.093,4.542
2018-11-30 11:00,0.186,5.643
2018-11-30 12:00,0.299,6.602
2018-11-30 13:00,0.374,7.147
2018-11-30 14:00,0.385,7.232
2018-11-30 15:00,0.314,6.721
2018-11-30 16:00,0.206,5.828
2018-11-30 17:00,0.126,4.982
2018-11-30 18:00,0.089,4.482
2018-11-30 19:00,0.103,4.688
2018-11-30 20:00,0.191,5.690
2018-11-30 21:00,0.297,6.582
2018-11-30 22:00,0.416,7.442
2018-11-30 23:00,0.578,8.561
2018-12-01 00:00,0.674,9.287
2018-12-01 01:00,0.561,8.439
2018-12-01 02:00,0.577,8.551
2018-12-01 03:00,0.876,11.494
2018-12-01 04:00,0.916,12.287
2018-12-01 05:00,0.911,12.161
2018-12-01 06:00,0.879,11.538
2018-12-01 07:00,0.747,9.914
2018-12-01 08:00,0.607,8.771
2018-12-01 09:00,0.758,10.029
2018-12-01 10:00,0.887,11.669
2018-12-01 11:00,0.917,12.292
2018-12-01 12:00,0.902,11.978
2018-12-01 13:00,0.899,11.905
2018-12-01 14:00,0.863,11.284
2018-12-01 15:00,0.837,10.902
2018-12-01 16:00,0.783,10.280
2018-12-01 17:00,0.710,9.589
2018-12-01 18:00,0.637,8.987
2018-12-01 19:00,0.545,8.324
2018-12-01 20:00,0.420,7.480
2018-12-01 21:00,0.468,7.808
2018-12-01 22:00,0.789,10.335
2018-12-01 23:00,0.946,13.108
2018-12-02 00:00,0.959,13.599
2018-12-02 01:00,0.981,14.867
2018-12-02 02:00,0.985,15.159
2018-12-02 03:00,0.982,14.944
2018-12-02 04:00,0.973,14.299
2018-12-02 05:00,0.955,13.447
2018-12-02 06:00,0.923,12.439
2018-12-02 07:00,0.868,11.363
2018-12-02 08:00,0.779,10.233
2018-12-02 09:00,0.599,8.720
2018-12-02 10:00,0.366,7.094
2018-12-02 11:00,0.223,5.975
2018-12-02 12:00,0.132,5.052
2018-12-02 13:00,0.074,4.242
2018-12-02 14:00,0.034,3.440
2018-12-02 15:00,0.015,2.801
2018-12-02 16:00,0.007,2.417
2018-12-02 17:00,0.011,2.612
2018-12-02 18:00,0.033,3.415
2018-12-02 19:00,0.064,4.081
2018-12-02 20:00,0.096,4.587
2018-12-02 21:00,0.110,4.777
2018-12-02 22:00,0.093,4.545
2018-12-02 23:00,0.073,4.237
2018-12-03 00:00,0.050,3.817
2018-12-03 01:00,0.023,3.134
2018-12-03 02:00,0.013,2.745
2018-12-03 03:00,0.009,2.518
2018-12-03 04:00,0.014,2.788
2018-12-03 05:00,0.055,3.914
2018-12-03 06:00,0.123,4.945
2018-12-03 07:00,0.232,6.063
2018-12-03 08:00,0.369,7.115
2018-12-03 09:00,0.452,7.695
2018-12-03 10:00,0.474,7.842
2018-12-03 11:00,0.429,7.532
2018-12-03 12:00,0.372,7.135
2018-12-03 13:00,0.323,6.789
2018-12-03 14:00,0.267,6.347
2018-12-03 15:00,0.198,5.754
2018-12-03 16:00,0.143,5.183
2018-12-03 17:00,0.093,4.535
2018-12-03 18:00,0.047,3.747
2018-12-03 19:00,0.017,2.919
2018-12-03 20:00,0.004,2.094
2018-12-03 21:00,0.001,1.640
2018-12-03 22:00,0.002,1.933
2018-12-03 23:00,0.015,2.796
2018-12-04 00:00,0.054,3.885
2018-12-04 01:00,0.054,3.880
2018-12-04 02:00,0.042,3.621
2018-12-04 03:00,0.049,3.794
2018-12-04 04:00,0.062,4.029
2018-12-04 05:00,0.069,4.169
2018-12-04 06:00,0.069,4.165
2018-12-04 07:00,0.062,4.046
2018-12-04 08:00,0.070,4.178
2018-12-04 09:00,0.124,4.955
2018-12-04 10:00,0.259,6.286
2018-12-04 11:00,0.389,7.255
2018-12-04 12:00,0.473,7.832
2018-12-04 13:00,0.523,8.171
2018-12-04 14:00,0.529,8.224
2018-12-04 15:00,0.527,8.208
2018-12-04 16:00,0.517,8.137
2018-12-04 17:00,0.520,8.157
2018-12-04 18:00,0.516,8.126
2018-12-04 19:00,0.514,8.114
2018-12-04 20:00,0.514,8.115
2018-12-04 21:00,0.567,8.485
2018-12-04 22:00,0.606,8.759
2018-12-04 23:00,0.625,8.907
2018-12-05 00:00,0.569,8.492
2018-12-05 01:00,0.382,7.215
2018-12-05 02:00,0.472,7.826
2018-12-05 03:00,0.502,8.040
2018-12-05 04:00,0.540,8.295
2018-12-05 05:00,0.593,8.666
2018-12-05 06:00,0.628,8.920
2018-12-05 07:00,0.655,9.135
2018-12-05 08:00,0.677,9.312
2018-12-05 09:00,0.647,9.076
2018-12-05 10:00,0.617,8.847
2018-12-05 11:00,0.572,8.517
2018-12-05 12:00,0.481,7.892
2018-12-05 13:00,0.410,7.396
2018-12-05 14:00,0.466,7.784
2018-12-05 15:00,0.551,8.376
2018-12-05 16:00,0.594,8.677
2018-12-05 17:00,0.618,8.855
2018-12-05 18:00,0.516,8.135
2018-12-05 19:00,0.389,7.256
2018-12-05 20:00,0.317,6.732
2018-12-05 21:00,0.243,6.155
2018-12-05 22:00,0.174,5.517
2018-12-05 23:00,0.137,5.110
2018-12-06 00:00,0.114,4.836
2018-12-06 01:00,0.191,5.685
2018-12-06 02:00,0.283,6.476
2018-12-06 03:00,0.420,7.480
2018-12-06 04:00,0.549,8.361
2018-12-06 05:00,0.600,8.719
2018-12-06 06:00,0.590,8.647
2018-12-06 07:00,0.557,8.414
2018-12-06 08:00,0.509,8.079
2018-12-06 09:00,0.410,7.395
2018-12-06 10:00,0.333,6.856
2018-12-06 11:00,0.306,6.659
2018-12-06 12:00,0.259,6.290
2018-12-06 13:00,0.196,5.734
2018-12-06 14:00,0.122,4.934
2018-12-06 15:00,0.078,4.317
2018-12-06 16:00,0.053,3.858
2018-12-06 17:00,0.032,3.382
2018-12-06 18:00,0.031,3.353
2018-12-06 19:00,0.040,3.575
2018-12-06 20:00,0.043,3.666
2018-12-06 21:00,0.047,3.754
2018-12-06 22:00,0.039,3.565
2018-12-06 23:00,0.018,2.953
2018-12-07 00:00,0.005,2.259
2018-12-07 01:00,0,0.936
2018-12-07 02:00,0,1.103
2018-12-07 03:00,0.004,2.095
2018-12-07 04:00,0.015,2.794
2018-12-07 05:00,0.030,3.343
2018-12-07 06:00,0.047,3.742
2018-12-07 07:00,0.063,4.057
2018-12-07 08:00,0.089,4.487
2018-12-07 09:00,0.113,4.817
2018-12-07 10:00,0.159,5.364
2018-12-07 11:00,0.206,5.830
2018-12-07 12:00,0.225,5.999
2018-12-07 13:00,0.213,5.892
2018-12-07 14:00,0.187,5.650
2018-12-07 15:00,0.172,5.494
2018-12-07 16:00,0.142,5.177
2018-12-07 17:00,0.110,4.773
2018-12-07 18:00,0.112,4.795
2018-12-07 19:00,0.134,5.084
2018-12-07 20:00,0.159,5.357
2018-12-07 21:00,0.152,5.279
2018-12-07 22:00,0.148,5.239
2018-12-07 23:00,0.141,5.157
2018-12-08 00:00,0.146,5.220
2018-12-08 01:00,0.154,5.300
2018-12-08 02:00,0.143,5.180
2018-12-08 03:00,0.136,5.101
2018-12-08 04:00,0.106,4.727
2018-12-08 05:00,0.070,4.187
2018-12-08 06:00,0.054,3.888
2018-12-08 07:00,0.055,3.897
2018-12-08 08:00,0.044,3.669
2018-12-08 09:00,0.034,3.429
2018-12-08 10:00,0.060,4.012
2018-12-08 11:00,0.088,4.463
2018-12-08 12:00,0.098,4.617
2018-12-08 13:00,0.145,5.211
2018-12-08 14:00,0.213,5.890
2018-12-08 15:00,0.302,6.631
2018-12-08 16:00,0.395,7.304
2018-12-08 17:00,0.459,7.738
2018-12-08 18:00,0.519,8.147
2018-12-08 19:00,0.574,8.539
2018-12-08 20:00,0.625,8.908
2018-12-08 21:00,0.628,8.931
2018-12-08 22:00,0.546,8.337
2018-12-08 23:00,0.442,7.627
2018-12-09 00:00,0.367,7.106
2018-12-09 01:00,0.294,6.568
2018-12-09 02:00,0.268,6.361
2018-12-09 03:00,0.238,6.114
2018-12-09 04:00,0.182,5.600
2018-12-09 05:00,0.118,4.886
2018-12-09 06:00,0.067,4.127
2018-12-09 07:00,0.032,3.387
2018-12-09 08:00,0.010,2.570
2018-12-09 09:00,0.003,1.985
2018-12-09 10:00,0.018,2.950
2018-12-09 11:00,0.064,4.072
2018-12-09 12:00,0.104,4.693
2018-12-09 13:00,0.102,4.660
2018-12-09 14:00,0.065,4.094
2018-12-09 15:00,0.032,3.377
2018-12-09 16:00,0.013,2.742
2018-12-09 17:00,0.006,2.281
2018-12-09 18:00,0.004,2.091
2018-12-09 19:00,0.004,2.144
2018-12-09 20:00,0.005,2.244
2018-12-09 21:00,0.004,2.126
2018-12-09 22:00,0.001,1.624
2018-12-09 23:00,0,0.990
2018-12-10 00:00,0,1.004
2018-12-10 01:00,0.001,1.581
2018-12-10 02:00,0.012,2.668
2018-12-10 03:00,0.060,4.004
2018-12-10 04:00,0.150,5.259
2018-12-10 05:00,0.317,6.734
2018-12-10 06:00,0.513,8.104
2018-12-10 07:00,0.657,9.144
2018-12-10 08:00,0.716,9.637
2018-12-10 09:00,0.711,9.596
2018-12-10 10:00,0.775,10.186
2018-12-10 11:00,0.733,9.792
2018-12-10 12:00,0.669,9.242
2018-12-10 13:00,0.591,8.652
2018-12-10 14:00,0.551,8.373
2018-12-10 15:00,0.520,8.160
2018-12-10 16:00,0.436,7.585
2018-12-10 17:00,0.329,6.825
2018-12-10 18:00,0.215,5.910
2018-12-10 19:00,0.120,4.915
2018-12-10 20:00,0.055,3.893
2018-12-10 21:00,0.016,2.850
2018-12-10 22:00,0.002,1.946
2018-12-10 23:00,0.001,1.684
2018-12-11 00:00,0.002,1.934
2018-12-11 01:00,0,1.378
2018-12-11 02:00,0,1.292
2018-12-11 03:00,0,1.381
2018-12-11 04:00,0,1.447
2018-12-11 05:00,0,1.420
2018-12-11 06:00,0.001,1.583
2018-12-11 07:00,0.001,1.707
2018-12-11 08:00,0.001,1.733
2018-12-11 09:00,0.005,2.190
2018-12-11 10:00,0.016,2.846
2018-12-11 11:00,0.031,3.354
2018-12-11 12:00,0.049,3.783
2018-12-11 13:00,0.071,4.207
2018-12-11 14:00,0.106,4.724
2018-12-11 15:00,0.174,5.520
2018-12-11 16:00,0.281,6.458
2018-12-11 17:00,0.393,7.291
2018-12-11 18:00,0.479,7.872
2018-12-11 19:00,0.520,8.151
2018-12-11 20:00,0.533,8.252
2018-12-11 21:00,0.511,8.093
2018-12-11 22:00,0.455,7.716
2018-12-11 23:00,0.403,7.353
2018-12-12 00:00,0.374,7.150
2018-12-12 01:00,0.233,6.066
2018-12-12 02:00,0.068,4.143
2018-12-12 03:00,0.026,3.201
2018-12-12 04:00,0.024,3.139
2018-12-12 05:00,0.033,3.400
2018-12-12 06:00,0.048,3.761
2018-12-12 07:00,0.068,4.141
2018-12-12 08:00,0.096,4.582
2018-12-12 09:00,0.136,5.105
2018-12-12 10:00,0.113,4.821
2018-12-12 11:00,0.064,4.069
2018-12-12 12:00,0.027,3.250
2018-12-12 13:00,0.010,2.591
2018-12-12 14:00,0.005,2.193
2018-12-12 15:00,0.004,2.082
2018-12-12 16:00,0.003,2.028
2018-12-12 17:00,0.002,1.893
2018-12-12 18:00,0.001,1.548
2018-12-12 19:00,0,1.106
2018-12-12 20:00,0,0.686
2018-12-12 21:00,0,0.637
2018-12-12 22:00,0,1.395
2018-12-12 23:00,0.006,2.308
2018-12-13 00:00,0.020,3.022
2018-12-13 01:00,0.024,3.168
2018-12-13 02:00,0.013,2.717
2018-12-13 03:00,0.011,2.625
2018-12-13 04:00,0.017,2.918
2018-12-13 05:00,0.026,3.199
2018-12-13 06:00,0.031,3.364
2018-12-13 07:00,0.041,3.616
2018-12-13 08:00,0.055,3.913
2018-12-13 09:00,0.112,4.794
2018-12-13 10:00,0.221,5.954
2018-12-13 11:00,0.365,7.092
2018-12-13 12:00,0.503,8.042
2018-12-13 13:00,0.616,8.835
2018-12-13 14:00,0.704,9.534
2018-12-13 15:00,0.753,9.975
2018-12-13 16:00,0.759,10.038
2018-12-13 17:00,0.754,9.985
2018-12-13 18:00,0.750,9.942
2018-12-13 19:00,0.738,9.839
2018-12-13 20:00,0.722,9.686
2018-12-13 21:00,0.703,9.529
2018-12-13 22:00,0.689,9.405
2018-12-13 23:00,0.676,9.302
2018-12-14 00:00,0.643,9.040
2018-12-14 01:00,0.400,7.333
2018-12-14 02:00,0.235,6.080
2018-12-14 03:00,0.340,6.911
2018-12-14 04:00,0.387,7.250
2018-12-14 05:00,0.308,6.667
2018-12-14 06:00,0.224,5.978
2018-12-14 07:00,0.166,5.435
2018-12-14 08:00,0.123,4.945
2018-12-14 09:00,0.094,4.563
2018-12-14 10:00,0.097,4.600
2018-12-14 11:00,0.148,5.242
2018-12-14 12:00,0.241,6.138
2018-12-14 13:00,0.355,7.016
2018-12-14 14:00,0.436,7.589
2018-12-14 15:00,0.529,8.225
2018-12-14 16:00,0.605,8.754
2018-12-14 17:00,0.644,9.045
2018-12-14 18:00,0.655,9.140
2018-12-14 19:00,0.665,9.213
2018-12-14 20:00,0.670,9.251
2018-12-14 21:00,0.645,9.049
2018-12-14 22:00,0.616,8.834
2018-12-14 23:00,0.606,8.767
2018-12-15 00:00,0.574,8.533
2018-12-15 01:00,0.420,7.474
2018-12-15 02:00,0.446,7.644
2018-12-15 03:00,0.597,8.694
2018-12-15 04:00,0.720,9.666
2018-12-15 05:00,0.829,10.815
2018-12-15 06:00,0.888,11.713
2018-12-15 07:00,0.911,12.160
2018-12-15 08:00,0.885,11.643
2018-12-15 09:00,0.861,11.239
2018-12-15 10:00,0.875,11.474
2018-12-15 11:00,0.883,11.604
2018-12-15 12:00,0.885,11.643
2018-12-15 13:00,0.879,11.534
2018-12-15 14:00,0.856,11.181
2018-12-15 15:00,0.865,11.320
2018-12-15 16:00,0.876,11.483
2018-12-15 17:00,0.876,11.487
2018-12-15 18:00,0.873,11.446
2018-12-15 19:00,0.872,11.435
2018-12-15 20:00,0.871,11.412
2018-12-15 21:00,0.861,11.244
2018-12-15 22:00,0.855,11.157
2018-12-15 23:00,0.864,11.306
2018-12-16 00:00,0.874,11.461
2018-12-16 01:00,0.788,10.327
2018-12-16 02:00,0.702,9.515
2018-12-16 03:00,0.905,12.032
2018-12-16 04:00,0.945,13.065
2018-12-16 05:00,0.938,12.857
2018-12-16 06:00,0.906,12.066
2018-12-16 07:00,0.841,10.970
2018-12-16 08:00,0.705,9.540
2018-12-16 09:00,0.650,9.100
2018-12-16 10:00,0.584,8.610
2018-12-16 11:00,0.536,8.265
2018-12-16 12:00,0.510,8.091
2018-12-16 13:00,0.500,8.023
2018-12-16 14:00,0.502,8.027
2018-12-16 15:00,0.549,8.352
2018-12-16 16:00,0.616,8.838
2018-12-16 17:00,0.663,9.202
2018-12-16 18:00,0.693,9.435
2018-12-16 19:00,0.710,9.589
2018-12-16 20:00,0.716,9.637
2018-12-16 21:00,0.681,9.343
2018-12-16 22:00,0.643,9.040
2018-12-16 23:00,0.629,8.938
2018-12-17 00:00,0.633,8.968
2018-12-17 01:00,0.540,8.293
2018-12-17 02:00,0.281,6.468
2018-12-17 03:00,0.238,6.109
2018-12-17 04:00,0.467,7.801
2018-12-17 05:00,0.674,9.284
2018-12-17 06:00,0.752,9.958
2018-12-17 07:00,0.713,9.610
2018-12-17 08:00,0.586,8.624
2018-12-17 09:00,0.616,8.842
2018-12-17 10:00,0.627,8.917
2018-12-17 11:00,0.625,8.905
2018-12-17 12:00,0.600,8.724
2018-12-17 13:00,0.542,8.305
2018-12-17 14:00,0.460,7.745
2018-12-17 15:00,0.420,7.477
2018-12-17 16:00,0.414,7.432
2018-12-17 17:00,0.395,7.307
2018-12-17 18:00,0.402,7.347
2018-12-17 19:00,0.467,7.799
2018-12-17 20:00,0.596,8.686
2018-12-17 21:00,0.679,9.324
2018-12-17 22:00,0.698,9.482
2018-12-17 23:00,0.721,9.682
2018-12-18 00:00,0.784,10.288
2018-12-18 01:00,0.723,9.700
2018-12-18 02:00,0.484,7.913
2018-12-18 03:00,0.612,8.802
2018-12-18 04:00,0.741,9.865
2018-12-18 05:00,0.731,9.775
2018-12-18 06:00,0.685,9.372
2018-12-18 07:00,0.586,8.626
2018-12-18 08:00,0.456,7.725
2018-12-18 09:00,0.426,7.508
2018-12-18 10:00,0.383,7.222
2018-12-18 11:00,0.328,6.824
2018-12-18 12:00,0.246,6.172
2018-12-18 13:00,0.159,5.357
2018-12-18 14:00,0.093,4.532
2018-12-18 15:00,0.057,3.945
2018-12-18 16:00,0.029,3.299
2018-12-18 17:00,0.019,2.979
2018-12-18 18:00,0.023,3.114
2018-12-18 19:00,0.020,3.023
2018-12-18 20:00,0.011,2.615
2018-12-18 21:00,0.002,1.909
2018-12-18 22:00,0,1.146
2018-12-18 23:00,0,0.658
2018-12-19 00:00,0.002,1.793
2018-12-19 01:00,0.021,3.067
2018-12-19 02:00,0.029,3.313
2018-12-19 03:00,0.024,3.162
2018-12-19 04:00,0.057,3.944
2018-12-19 05:00,0.046,3.720
2018-12-19 06:00,0.054,3.874
2018-12-19 07:00,0.079,4.327
2018-12-19 08:00,0.179,5.563
2018-12-19 09:00,0.424,7.503
2018-12-19 10:00,0.659,9.164
2018-12-19 11:00,0.753,9.974
2018-12-19 12:00,0.777,10.217
2018-12-19 13:00,0.774,10.176
2018-12-19 14:00,0.768,10.127
2018-12-19 15:00,0.795,10.406
2018-12-19 16:00,0.815,10.637
2018-12-19 17:00,0.821,10.711
2018-12-19 18:00,0.809,10.562
2018-12-19 19:00,0.791,10.356
2018-12-19 20:00,0.731,9.776
2018-12-19 21:00,0.630,8.944
2018-12-19 22:00,0.539,8.290
2018-12-19 23:00,0.486,7.919
2018-12-20 00:00,0.487,7.938
2018-12-20 01:00,0.370,7.127
2018-12-20 02:00,0.487,7.935
2018-12-20 03:00,0.743,9.887
2018-12-20 04:00,0.843,11.000
2018-12-20 05:00,0.897,11.878
2018-12-20 06:00,0.914,12.231
2018-12-20 07:00,0.901,11.947
2018-12-20 08:00,0.837,10.898
2018-12-20 09:00,0.591,8.652
2018-12-20 10:00,0.319,6.752
2018-12-20 11:00,0.190,5.681
2018-12-20 12:00,0.186,5.635
2018-12-20 13:00,0.251,6.215
2018-12-20 14:00,0.335,6.869
2018-12-20 15:00,0.441,7.616
2018-12-20 16:00,0.533,8.250
2018-12-20 17:00,0.585,8.616
2018-12-20 18:00,0.581,8.586
2018-12-20 19:00,0.539,8.284
2018-12-20 20:00,0.497,7.998
2018-12-20 21:00,0.400,7.340
2018-12-20 22:00,0.260,6.294
2018-12-20 23:00,0.153,5.285
2018-12-21 00:00,0.087,4.457
2018-12-21 01:00,0.027,3.228
2018-12-21 02:00,0.001,1.678
2018-12-21 03:00,0,1.320
2018-12-21 04:00,0.004,2.133
2018-12-21 05:00,0.008,2.479
2018-12-21 06:00,0.012,2.669
2018-12-21 07:00,0.014,2.767
2018-12-21 08:00,0.025,3.184
2018-12-21 09:00,0.034,3.430
2018-12-21 10:00,0.028,3.283
2018-12-21 11:00,0.014,2.763
2018-12-21 12:00,0.003,1.990
2018-12-21 13:00,0,1.270
2018-12-21 14:00,0,1.203
2018-12-21 15:00,0.001,1.508
2018-12-21 16:00,0.003,2.021
2018-12-21 17:00,0.012,2.696
2018-12-21 18:00,0.035,3.453
2018-12-21 19:00,0.081,4.364
2018-12-21 20:00,0.175,5.524
2018-12-21 21:00,0.270,6.372
2018-12-21 22:00,0.345,6.940
2018-12-21 23:00,0.377,7.179
2018-12-22 00:00,0.368,7.114
2018-12-22 01:00,0.463,7.768
2018-12-22 02:00,0.463,7.763
2018-12-22 03:00,0.437,7.590
2018-12-22 04:00,0.516,8.134
2018-12-22 05:00,0.630,8.945
2018-12-22 06:00,0.715,9.627
2018-12-22 07:00,0.741,9.865
2018-12-22 08:00,0.721,9.673
2018-12-22 09:00,0.578,8.563
2018-12-22 10:00,0.370,7.126
2018-12-22 11:00,0.291,6.546
2018-12-22 12:00,0.223,5.969
2018-12-22 13:00,0.138,5.130
2018-12-22 14:00,0.064,4.075
2018-12-22 15:00,0.035,3.466
2018-12-22 16:00,0.027,3.246
2018-12-22 17:00,0.020,3.012
2018-12-22 18:00,0.015,2.814
2018-12-22 19:00,0.012,2.685
2018-12-22 20:00,0.011,2.660
2018-12-22 21:00,0.017,2.914
2018-12-22 22:00,0.021,3.047
2018-12-22 23:00,0.019,2.991
2018-12-23 00:00,0.022,3.084
2018-12-23 01:00,0.010,2.586
2018-12-23 02:00,0.015,2.815
2018-12-23 03:00,0.036,3.475
2018-12-23 04:00,0.042,3.618
2018-12-23 05:00,0.033,3.408
2018-12-23 06:00,0.018,2.949
2018-12-23 07:00,0.008,2.450
2018-12-23 08:00,0.003,1.962
2018-12-23 09:00,0.001,1.633
2018-12-23 10:00,0.034,3.432
2018-12-23 11:00,0.177,5.543
2018-12-23 12:00,0.393,7.280
2018-12-23 13:00,0.562,8.450
2018-12-23 14:00,0.655,9.140
2018-12-23 15:00,0.725,9.721
2018-12-23 16:00,0.760,10.043
2018-12-23 17:00,0.771,10.146
2018-12-23 18:00,0.750,9.937
2018-12-23 19:00,0.707,9.562
2018-12-23 20:00,0.651,9.107
2018-12-23 21:00,0.587,8.632
2018-12-23 22:00,0.550,8.366
2018-12-23 23:00,0.549,8.357
2018-12-24 00:00,0.521,8.165
2018-12-24 01:00,0.253,6.229
2018-12-24 02:00,0.100,4.642
2018-12-24 03:00,0.059,3.979
2018-12-24 04:00,0.047,3.740
2018-12-24 05:00,0.047,3.750
2018-12-24 06:00,0.051,3.830
2018-12-24 07:00,0.066,4.111
2018-12-24 08:00,0.098,4.610
2018-12-24 09:00,0.145,5.198
2018-12-24 10:00,0.185,5.632
2018-12-24 11:00,0.262,6.314
2018-12-24 12:00,0.387,7.240
2018-12-24 13:00,0.502,8.034
2018-12-24 14:00,0.568,8.486
2018-12-24 15:00,0.604,8.742
2018-12-24 16:00,0.600,8.712
2018-12-24 17:00,0.574,8.538
2018-12-24 18:00,0.542,8.304
2018-12-24 19:00,0.479,7.877
2018-12-24 20:00,0.393,7.293
2018-12-24 21:00,0.283,6.478
2018-12-24 22:00,0.165,5.420
2018-12-24 23:00,0.077,4.296
2018-12-25 00:00,0.035,3.448
2018-12-25 01:00,0.012,2.668
2018-12-25 02:00,0.009,2.517
2018-12-25 03:00,0.029,3.301
2018-12-25 04:00,0.054,3.870
2018-12-25 05:00,0.062,4.027
2018-12-25 06:00,0.049,3.793
2018-12-25 07:00,0.031,3.364
2018-12-25 08:00,0.017,2.889
2018-12-25 09:00,0.007,2.390
2018-12-25 10:00,0.001,1.745
2018-12-25 11:00,0,1.168
2018-12-25 12:00,0,1.042
2018-12-25 13:00,0.001,1.743
2018-12-25 14:00,0.015,2.826
2018-12-25 15:00,0.056,3.921
2018-12-25 16:00,0.104,4.705
2018-12-25 17:00,0.136,5.104
2018-12-25 18:00,0.144,5.192
2018-12-25 19:00,0.145,5.202
2018-12-25 20:00,0.153,5.282
2018-12-25 21:00,0.144,5.191
2018-12-25 22:00,0.133,5.061
2018-12-25 23:00,0.128,5.009
2018-12-26 00:00,0.127,4.992
2018-12-26 01:00,0.077,4.306
2018-12-26 02:00,0.030,3.330
2018-12-26 03:00,0.059,3.985
2018-12-26 04:00,0.046,3.732
2018-12-26 05:00,0.024,3.157
2018-12-26 06:00,0.006,2.331
2018-12-26 07:00,0.001,1.711
2018-12-26 08:00,0.002,1.848
2018-12-26 09:00,0.046,3.725
2018-12-26 10:00,0.193,5.700
2018-12-26 11:00,0.320,6.757
2018-12-26 12:00,0.298,6.595
2018-12-26 13:00,0.239,6.126
2018-12-26 14:00,0.289,6.527
2018-12-26 15:00,0.379,7.188
2018-12-26 16:00,0.502,8.039
2018-12-26 17:00,0.597,8.690
2018-12-26 18:00,0.613,8.816
2018-12-26 19:00,0.566,8.480
2018-12-26 20:00,0.522,8.168
2018-12-26 21:00,0.454,7.712
2018-12-26 22:00,0.393,7.283
2018-12-26 23:00,0.380,7.200
2018-12-27 00:00,0.402,7.346
2018-12-27 01:00,0.378,7.184
2018-12-27 02:00,0.335,6.876
2018-12-27 03:00,0.322,6.784
2018-12-27 04:00,0.344,6.937
2018-12-27 05:00,0.393,7.279
2018-12-27 06:00,0.446,7.645
2018-12-27 07:00,0.483,7.902
2018-12-27 08:00,0.493,7.973
2018-12-27 09:00,0.450,7.685
2018-12-27 10:00,0.404,7.363
2018-12-27 11:00,0.377,7.180
2018-12-27 12:00,0.356,7.026
2018-12-27 13:00,0.339,6.909
2018-12-27 14:00,0.313,6.707
2018-12-27 15:00,0.317,6.733
2018-12-27 16:00,0.311,6.696
2018-12-27 17:00,0.238,6.112
2018-12-27 18:00,0.171,5.490
2018-12-27 19:00,0.142,5.175
2018-12-27 20:00,0.117,4.865
2018-12-27 21:00,0.068,4.141
2018-12-27 22:00,0.035,3.446
2018-12-27 23:00,0.016,2.860
2018-12-28 00:00,0.009,2.494
2018-12-28 01:00,0.006,2.336
2018-12-28 02:00,0.004,2.154
2018-12-28 03:00,0.006,2.278
2018-12-28 04:00,0.010,2.545
2018-12-28 05:00,0.013,2.727
2018-12-28 06:00,0.019,2.994
2018-12-28 07:00,0.028,3.282
2018-12-28 08:00,0.035,3.462
2018-12-28 09:00,0.038,3.528
2018-12-28 10:00,0.044,3.670
2018-12-28 11:00,0.031,3.348
2018-12-28 12:00,0.019,2.961
2018-12-28 13:00,0.013,2.739
2018-12-28 14:00,0.008,2.474
2018-12-28 15:00,0.008,2.485
2018-12-28 16:00,0.016,2.870
2018-12-28 17:00,0.016,2.872
2018-12-28 18:00,0.011,2.628
2018-12-28 19:00,0.015,2.821
2018-12-28 20:00,0.017,2.900
2018-12-28 21:00,0.015,2.800
2018-12-28 22:00,0.014,2.786
2018-12-28 23:00,0.019,2.959
2018-12-29 00:00,0.028,3.277
2018-12-29 01:00,0.022,3.100
2018-12-29 02:00,0.024,3.165
2018-12-29 03:00,0.025,3.194
2018-12-29 04:00,0.024,3.157
2018-12-29 05:00,0.033,3.402
2018-12-29 06:00,0.046,3.732
2018-12-29 07:00,0.073,4.227
2018-12-29 08:00,0.119,4.890
2018-12-29 09:00,0.211,5.878
2018-12-29 10:00,0.383,7.218
2018-12-29 11:00,0.512,8.096
2018-12-29 12:00,0.557,8.414
2018-12-29 13:00,0.578,8.564
2018-12-29 14:00,0.600,8.723
2018-12-29 15:00,0.630,8.945
2018-12-29 16:00,0.640,9.019
2018-12-29 17:00,0.626,8.912
2018-12-29 18:00,0.606,8.760
2018-12-29 19:00,0.588,8.635
2018-12-29 20:00,0.583,8.601
2018-12-29 21:00,0.583,8.601
2018-12-29 22:00,0.597,8.696
2018-12-29 23:00,0.586,8.621
2018-12-30 00:00,0.522,8.169
2018-12-30 01:00,0.450,7.678
2018-12-30 02:00,0.692,9.429
2018-12-30 03:00,0.723,9.692
2018-12-30 04:00,0.627,8.915
2018-12-30 05:00,0.505,8.047
2018-12-30 06:00,0.367,7.100
2018-12-30 07:00,0.238,6.108
2018-12-30 08:00,0.179,5.559
2018-12-30 09:00,0.209,5.854
2018-12-30 10:00,0.320,6.756
2018-12-30 11:00,0.455,7.718
2018-12-30 12:00,0.562,8.454
2018-12-30 13:00,0.604,8.752
2018-12-30 14:00,0.593,8.666
2018-12-30 15:00,0.615,8.825
2018-12-30 16:00,0.645,9.057
2018-12-30 17:00,0.647,9.075
2018-12-30 18:00,0.627,8.918
2018-12-30 19:00,0.594,8.670
2018-12-30 20:00,0.556,8.407
2018-12-30 21:00,0.527,8.206
2018-12-30 22:00,0.490,7.958
2018-12-30 23:00,0.439,7.601
2018-12-31 00:00,0.351,6.987
2018-12-31 01:00,0.235,6.077
2018-12-31 02:00,0.267,6.346
2018-12-31 03:00,0.274,6.412
2018-12-31 04:00,0.304,6.649
2018-12-31 05:00,0.355,7.025
2018-12-31 06:00,0.382,7.211
2018-12-31 07:00,0.374,7.156
2018-12-31 08:00,0.306,6.661
2018-12-31 09:00,0.206,5.826
2018-12-31 10:00,0.149,5.251
2018-12-31 11:00,0.107,4.736
2018-12-31 12:00,0.068,4.140
2018-12-31 13:00,0.034,3.434
2018-12-31 14:00,0.011,2.630
2018-12-31 15:00,0.003,1.978
2018-12-31 16:00,0.001,1.527
2018-12-31 17:00,0.001,1.566
2018-12-31 18:00,0.007,2.392
2018-12-31 19:00,0.028,3.273
2018-12-31 20:00,0.069,4.151
2018-12-31 21:00,0.114,4.835
2018-12-31 22:00,0.155,5.307
2018-12-31 23:00,0.194,5.703
