# Renewables.ninja Wind power (Point API) - 36.400, 129.400 - Version: 1.4 - License: https://creativecommons.org/licenses/by-nc/4.0/ - Reference: https://doi.org/10.1016/j.energy.2016.08.068
# Units: time in UTC, electricity in kW, wind_speed in m/s
# {"units": {"time": "UTC", "electricity": "kW", "wind_speed": "m/s"}, "params": {"lat": "36.4", "lon": "129.4", "date_from": "2020-01-01", "date_to": "2020-12-31", "dataset": "merra2", "capacity": "1", "height": "100", "turbine": "Vestas V112 3000", "header": "true", "raw": "true"}}
time,electricity,wind_speed
2020-01-01 00:00,0.630,8.947
2020-01-01 01:00,0.617,8.850
2020-01-01 02:00,0.585,8.614
2020-01-01 03:00,0.569,8.493
2020-01-01 04:00,0.552,8.379
2020-01-01 05:00,0.556,8.401
2020-01-01 06:00,0.580,8.570
2020-01-01 07:00,0.575,8.540
2020-01-01 08:00,0.559,8.424
2020-01-01 09:00,0.533,8.247
2020-01-01 10:00,0.502,8.028
2020-01-01 11:00,0.484,7.911
2020-01-01 12:00,0.480,7.889
2020-01-01 13:00,0.476,7.849
2020-01-01 14:00,0.460,7.744
2020-01-01 15:00,0.467,7.799
2020-01-01 16:00,0.469,7.809
2020-01-01 17:00,0.445,7.639
2020-01-01 18:00,0.403,7.360
2020-01-01 19:00,0.387,7.245
2020-01-01 20:00,0.394,7.294
2020-01-01 21:00,0.395,7.306
2020-01-01 22:00,0.374,7.145
2020-01-01 23:00,0.338,6.901
2020-01-02 00:00,0.265,6.333
2020-01-02 01:00,0.239,6.121
2020-01-02 02:00,0.262,6.317
2020-01-02 03:00,0.325,6.800
2020-01-02 04:00,0.395,7.303
2020-01-02 05:00,0.490,7.956
2020-01-02 06:00,0.572,8.522
2020-01-02 07:00,0.629,8.940
2020-01-02 08:00,0.711,9.599
2020-01-02 09:00,0.743,9.880
2020-01-02 10:00,0.742,9.877
2020-01-02 11:00,0.720,9.665
2020-01-02 12:00,0.692,9.421
2020-01-02 13:00,0.683,9.361
2020-01-02 14:00,0.702,9.521
2020-01-02 15:00,0.745,9.895
2020-01-02 16:00,0.789,10.330
2020-01-02 17:00,0.808,10.553
2020-01-02 18:00,0.832,10.843
2020-01-02 19:00,0.822,10.725
2020-01-02 20:00,0.817,10.666
2020-01-02 21:00,0.772,10.156
2020-01-02 22:00,0.721,9.678
2020-01-02 23:00,0.682,9.353
2020-01-03 00:00,0.621,8.877
2020-01-03 01:00,0.651,9.106
2020-01-03 02:00,0.696,9.461
2020-01-03 03:00,0.736,9.814
2020-01-03 04:00,0.760,10.044
2020-01-03 05:00,0.745,9.895
2020-01-03 06:00,0.690,9.412
2020-01-03 07:00,0.620,8.867
2020-01-03 08:00,0.632,8.959
2020-01-03 09:00,0.628,8.927
2020-01-03 10:00,0.612,8.812
2020-01-03 11:00,0.601,8.729
2020-01-03 12:00,0.559,8.432
2020-01-03 13:00,0.562,8.443
2020-01-03 14:00,0.609,8.790
2020-01-03 15:00,0.645,9.062
2020-01-03 16:00,0.665,9.218
2020-01-03 17:00,0.682,9.353
2020-01-03 18:00,0.710,9.589
2020-01-03 19:00,0.734,9.802
2020-01-03 20:00,0.746,9.900
2020-01-03 21:00,0.767,10.111
2020-01-03 22:00,0.799,10.440
2020-01-03 23:00,0.797,10.428
2020-01-04 00:00,0.755,9.995
2020-01-04 01:00,0.773,10.180
2020-01-04 02:00,0.813,10.604
2020-01-04 03:00,0.852,11.118
2020-01-04 04:00,0.876,11.489
2020-01-04 05:00,0.875,11.469
2020-01-04 06:00,0.847,11.045
2020-01-04 07:00,0.797,10.431
2020-01-04 08:00,0.781,10.262
2020-01-04 09:00,0.769,10.134
2020-01-04 10:00,0.747,9.915
2020-01-04 11:00,0.692,9.421
2020-01-04 12:00,0.579,8.568
2020-01-04 13:00,0.425,7.506
2020-01-04 14:00,0.279,6.441
2020-01-04 15:00,0.194,5.710
2020-01-04 16:00,0.155,5.311
2020-01-04 17:00,0.140,5.152
2020-01-04 18:00,0.148,5.240
2020-01-04 19:00,0.154,5.294
2020-01-04 20:00,0.150,5.259
2020-01-04 21:00,0.112,4.801
2020-01-04 22:00,0.062,4.031
2020-01-04 23:00,0.037,3.511
2020-01-05 00:00,0.008,2.438
2020-01-05 01:00,0,1.203
2020-01-05 02:00,0.002,1.886
2020-01-05 03:00,0.013,2.727
2020-01-05 04:00,0.013,2.726
2020-01-05 05:00,0.006,2.303
2020-01-05 06:00,0.002,1.902
2020-01-05 07:00,0.001,1.657
2020-01-05 08:00,0,1.300
2020-01-05 09:00,0,0.825
2020-01-05 10:00,0,0.354
2020-01-05 11:00,0,0.578
2020-01-05 12:00,0,1.034
2020-01-05 13:00,0.001,1.726
2020-01-05 14:00,0.008,2.486
2020-01-05 15:00,0.017,2.904
2020-01-05 16:00,0.028,3.287
2020-01-05 17:00,0.027,3.248
2020-01-05 18:00,0.020,3.035
2020-01-05 19:00,0.011,2.630
2020-01-05 20:00,0.008,2.469
2020-01-05 21:00,0.016,2.854
2020-01-05 22:00,0.041,3.615
2020-01-05 23:00,0.093,4.550
2020-01-06 00:00,0.063,4.057
2020-01-06 01:00,0.067,4.117
2020-01-06 02:00,0.058,3.957
2020-01-06 03:00,0.030,3.329
2020-01-06 04:00,0.025,3.184
2020-01-06 05:00,0.019,2.997
2020-01-06 06:00,0.020,3.031
2020-01-06 07:00,0.031,3.346
2020-01-06 08:00,0.057,3.938
2020-01-06 09:00,0.056,3.931
2020-01-06 10:00,0.058,3.964
2020-01-06 11:00,0.095,4.573
2020-01-06 12:00,0.174,5.521
2020-01-06 13:00,0.232,6.050
2020-01-06 14:00,0.255,6.253
2020-01-06 15:00,0.304,6.643
2020-01-06 16:00,0.335,6.869
2020-01-06 17:00,0.344,6.936
2020-01-06 18:00,0.417,7.455
2020-01-06 19:00,0.494,7.981
2020-01-06 20:00,0.554,8.394
2020-01-06 21:00,0.636,8.987
2020-01-06 22:00,0.679,9.326
2020-01-06 23:00,0.585,8.619
2020-01-07 00:00,0.460,7.747
2020-01-07 01:00,0.352,6.998
2020-01-07 02:00,0.194,5.716
2020-01-07 03:00,0.081,4.365
2020-01-07 04:00,0.004,2.086
2020-01-07 05:00,0,1.322
2020-01-07 06:00,0.015,2.801
2020-01-07 07:00,0.103,4.680
2020-01-07 08:00,0.285,6.499
2020-01-07 09:00,0.585,8.617
2020-01-07 10:00,0.822,10.720
2020-01-07 11:00,0.911,12.162
2020-01-07 12:00,0.929,12.602
2020-01-07 13:00,0.952,13.317
2020-01-07 14:00,0.993,16.877
2020-01-07 15:00,0.993,16.471
2020-01-07 16:00,0.993,16.457
2020-01-07 17:00,0.927,20.644
2020-01-07 18:00,0.916,20.872
2020-01-07 19:00,0.840,22.020
2020-01-07 20:00,0.785,22.643
2020-01-07 21:00,0.764,22.859
2020-01-07 22:00,0.772,22.780
2020-01-07 23:00,0.899,21.192
2020-01-08 00:00,0.981,18.801
2020-01-08 01:00,0.993,17.323
2020-01-08 02:00,0.991,16.008
2020-01-08 03:00,0.983,15.003
2020-01-08 04:00,0.964,13.797
2020-01-08 05:00,0.919,12.340
2020-01-08 06:00,0.807,10.541
2020-01-08 07:00,0.577,8.553
2020-01-08 08:00,0.408,7.387
2020-01-08 09:00,0.357,7.033
2020-01-08 10:00,0.457,7.727
2020-01-08 11:00,0.627,8.916
2020-01-08 12:00,0.748,9.926
2020-01-08 13:00,0.831,10.829
2020-01-08 14:00,0.878,11.517
2020-01-08 15:00,0.901,11.951
2020-01-08 16:00,0.901,11.949
2020-01-08 17:00,0.907,12.087
2020-01-08 18:00,0.895,11.829
2020-01-08 19:00,0.892,11.762
2020-01-08 20:00,0.876,11.500
2020-01-08 21:00,0.846,11.042
2020-01-08 22:00,0.841,10.973
2020-01-08 23:00,0.827,10.792
2020-01-09 00:00,0.825,10.752
2020-01-09 01:00,0.839,10.948
2020-01-09 02:00,0.848,11.059
2020-01-09 03:00,0.875,11.476
2020-01-09 04:00,0.878,11.511
2020-01-09 05:00,0.840,10.952
2020-01-09 06:00,0.772,10.163
2020-01-09 07:00,0.698,9.482
2020-01-09 08:00,0.696,9.467
2020-01-09 09:00,0.672,9.265
2020-01-09 10:00,0.600,8.716
2020-01-09 11:00,0.486,7.922
2020-01-09 12:00,0.356,7.029
2020-01-09 13:00,0.251,6.217
2020-01-09 14:00,0.191,5.684
2020-01-09 15:00,0.172,5.498
2020-01-09 16:00,0.151,5.274
2020-01-09 17:00,0.134,5.076
2020-01-09 18:00,0.113,4.804
2020-01-09 19:00,0.098,4.616
2020-01-09 20:00,0.088,4.477
2020-01-09 21:00,0.063,4.062
2020-01-09 22:00,0.031,3.348
2020-01-09 23:00,0.011,2.652
2020-01-10 00:00,0,1.124
2020-01-10 01:00,0,0.645
2020-01-10 02:00,0,1.352
2020-01-10 03:00,0.003,2.060
2020-01-10 04:00,0.010,2.555
2020-01-10 05:00,0.021,3.055
2020-01-10 06:00,0.051,3.829
2020-01-10 07:00,0.128,5.005
2020-01-10 08:00,0.238,6.110
2020-01-10 09:00,0.327,6.814
2020-01-10 10:00,0.400,7.332
2020-01-10 11:00,0.462,7.756
2020-01-10 12:00,0.504,8.046
2020-01-10 13:00,0.516,8.122
2020-01-10 14:00,0.483,7.907
2020-01-10 15:00,0.502,8.040
2020-01-10 16:00,0.573,8.526
2020-01-10 17:00,0.608,8.774
2020-01-10 18:00,0.597,8.698
2020-01-10 19:00,0.616,8.831
2020-01-10 20:00,0.642,9.027
2020-01-10 21:00,0.636,8.987
2020-01-10 22:00,0.592,8.664
2020-01-10 23:00,0.505,8.058
2020-01-11 00:00,0.462,7.756
2020-01-11 01:00,0.409,7.394
2020-01-11 02:00,0.314,6.711
2020-01-11 03:00,0.255,6.255
2020-01-11 04:00,0.198,5.749
2020-01-11 05:00,0.137,5.113
2020-01-11 06:00,0.093,4.542
2020-01-11 07:00,0.087,4.448
2020-01-11 08:00,0.111,4.787
2020-01-11 09:00,0.124,4.964
2020-01-11 10:00,0.116,4.854
2020-01-11 11:00,0.099,4.625
2020-01-11 12:00,0.081,4.355
2020-01-11 13:00,0.057,3.945
2020-01-11 14:00,0.049,3.775
2020-01-11 15:00,0.055,3.896
2020-01-11 16:00,0.045,3.689
2020-01-11 17:00,0.054,3.882
2020-01-11 18:00,0.106,4.727
2020-01-11 19:00,0.206,5.826
2020-01-11 20:00,0.281,6.462
2020-01-11 21:00,0.293,6.563
2020-01-11 22:00,0.309,6.672
2020-01-11 23:00,0.369,7.114
2020-01-12 00:00,0.456,7.723
2020-01-12 01:00,0.518,8.144
2020-01-12 02:00,0.584,8.608
2020-01-12 03:00,0.645,9.050
2020-01-12 04:00,0.680,9.333
2020-01-12 05:00,0.720,9.666
2020-01-12 06:00,0.758,10.021
2020-01-12 07:00,0.779,10.235
2020-01-12 08:00,0.820,10.704
2020-01-12 09:00,0.842,10.982
2020-01-12 10:00,0.851,11.102
2020-01-12 11:00,0.854,11.145
2020-01-12 12:00,0.857,11.188
2020-01-12 13:00,0.858,11.204
2020-01-12 14:00,0.862,11.264
2020-01-12 15:00,0.876,11.483
2020-01-12 16:00,0.888,11.699
2020-01-12 17:00,0.892,11.764
2020-01-12 18:00,0.894,11.820
2020-01-12 19:00,0.893,11.800
2020-01-12 20:00,0.890,11.749
2020-01-12 21:00,0.878,11.523
2020-01-12 22:00,0.870,11.392
2020-01-12 23:00,0.855,11.169
2020-01-13 00:00,0.868,11.367
2020-01-13 01:00,0.868,11.362
2020-01-13 02:00,0.862,11.271
2020-01-13 03:00,0.857,11.199
2020-01-13 04:00,0.862,11.270
2020-01-13 05:00,0.872,11.431
2020-01-13 06:00,0.867,11.330
2020-01-13 07:00,0.836,10.892
2020-01-13 08:00,0.783,10.281
2020-01-13 09:00,0.711,9.581
2020-01-13 10:00,0.643,9.040
2020-01-13 11:00,0.654,9.132
2020-01-13 12:00,0.631,8.953
2020-01-13 13:00,0.643,9.041
2020-01-13 14:00,0.630,8.947
2020-01-13 15:00,0.606,8.767
2020-01-13 16:00,0.565,8.472
2020-01-13 17:00,0.527,8.207
2020-01-13 18:00,0.513,8.108
2020-01-13 19:00,0.536,8.262
2020-01-13 20:00,0.536,8.270
2020-01-13 21:00,0.489,7.945
2020-01-13 22:00,0.429,7.535
2020-01-13 23:00,0.387,7.250
2020-01-14 00:00,0.383,7.220
2020-01-14 01:00,0.382,7.213
2020-01-14 02:00,0.416,7.452
2020-01-14 03:00,0.466,7.793
2020-01-14 04:00,0.462,7.757
2020-01-14 05:00,0.431,7.555
2020-01-14 06:00,0.445,7.641
2020-01-14 07:00,0.531,8.233
2020-01-14 08:00,0.653,9.122
2020-01-14 09:00,0.694,9.446
2020-01-14 10:00,0.677,9.309
2020-01-14 11:00,0.656,9.141
2020-01-14 12:00,0.651,9.108
2020-01-14 13:00,0.655,9.135
2020-01-14 14:00,0.658,9.151
2020-01-14 15:00,0.660,9.167
2020-01-14 16:00,0.640,9.013
2020-01-14 17:00,0.611,8.798
2020-01-14 18:00,0.581,8.580
2020-01-14 19:00,0.548,8.347
2020-01-14 20:00,0.536,8.270
2020-01-14 21:00,0.492,7.970
2020-01-14 22:00,0.421,7.482
2020-01-14 23:00,0.299,6.598
2020-01-15 00:00,0.205,5.823
2020-01-15 01:00,0.156,5.333
2020-01-15 02:00,0.142,5.172
2020-01-15 03:00,0.169,5.465
2020-01-15 04:00,0.215,5.915
2020-01-15 05:00,0.273,6.401
2020-01-15 06:00,0.335,6.871
2020-01-15 07:00,0.380,7.194
2020-01-15 08:00,0.450,7.672
2020-01-15 09:00,0.492,7.969
2020-01-15 10:00,0.502,8.039
2020-01-15 11:00,0.503,8.041
2020-01-15 12:00,0.474,7.844
2020-01-15 13:00,0.410,7.397
2020-01-15 14:00,0.290,6.536
2020-01-15 15:00,0.193,5.697
2020-01-15 16:00,0.148,5.243
2020-01-15 17:00,0.150,5.259
2020-01-15 18:00,0.182,5.598
2020-01-15 19:00,0.203,5.790
2020-01-15 20:00,0.174,5.519
2020-01-15 21:00,0.125,4.969
2020-01-15 22:00,0.088,4.466
2020-01-15 23:00,0.060,4.006
2020-01-16 00:00,0.037,3.514
2020-01-16 01:00,0.029,3.313
2020-01-16 02:00,0.029,3.298
2020-01-16 03:00,0.036,3.471
2020-01-16 04:00,0.035,3.465
2020-01-16 05:00,0.029,3.296
2020-01-16 06:00,0.023,3.125
2020-01-16 07:00,0.030,3.322
2020-01-16 08:00,0.060,4.007
2020-01-16 09:00,0.103,4.686
2020-01-16 10:00,0.132,5.052
2020-01-16 11:00,0.135,5.090
2020-01-16 12:00,0.111,4.784
2020-01-16 13:00,0.080,4.349
2020-01-16 14:00,0.047,3.747
2020-01-16 15:00,0.037,3.522
2020-01-16 16:00,0.048,3.766
2020-01-16 17:00,0.073,4.227
2020-01-16 18:00,0.098,4.613
2020-01-16 19:00,0.104,4.703
2020-01-16 20:00,0.108,4.760
2020-01-16 21:00,0.111,4.780
2020-01-16 22:00,0.102,4.673
2020-01-16 23:00,0.088,4.465
2020-01-17 00:00,0.070,4.189
2020-01-17 01:00,0.054,3.884
2020-01-17 02:00,0.055,3.896
2020-01-17 03:00,0.055,3.913
2020-01-17 04:00,0.052,3.855
2020-01-17 05:00,0.059,3.969
2020-01-17 06:00,0.069,4.157
2020-01-17 07:00,0.090,4.505
2020-01-17 08:00,0.119,4.897
2020-01-17 09:00,0.152,5.278
2020-01-17 10:00,0.163,5.401
2020-01-17 11:00,0.164,5.409
2020-01-17 12:00,0.189,5.667
2020-01-17 13:00,0.240,6.134
2020-01-17 14:00,0.301,6.614
2020-01-17 15:00,0.367,7.108
2020-01-17 16:00,0.411,7.414
2020-01-17 17:00,0.442,7.623
2020-01-17 18:00,0.448,7.663
2020-01-17 19:00,0.456,7.726
2020-01-17 20:00,0.452,7.693
2020-01-17 21:00,0.439,7.604
2020-01-17 22:00,0.401,7.341
2020-01-17 23:00,0.322,6.780
2020-01-18 00:00,0.250,6.209
2020-01-18 01:00,0.210,5.865
2020-01-18 02:00,0.171,5.491
2020-01-18 03:00,0.120,4.909
2020-01-18 04:00,0.077,4.302
2020-01-18 05:00,0.060,4.005
2020-01-18 06:00,0.053,3.862
2020-01-18 07:00,0.046,3.732
2020-01-18 08:00,0.043,3.646
2020-01-18 09:00,0.051,3.819
2020-01-18 10:00,0.089,4.488
2020-01-18 11:00,0.168,5.450
2020-01-18 12:00,0.235,6.077
2020-01-18 13:00,0.260,6.297
2020-01-18 14:00,0.265,6.328
2020-01-18 15:00,0.286,6.505
2020-01-18 16:00,0.352,7.000
2020-01-18 17:00,0.426,7.520
2020-01-18 18:00,0.511,8.095
2020-01-18 19:00,0.577,8.555
2020-01-18 20:00,0.643,9.037
2020-01-18 21:00,0.663,9.200
2020-01-18 22:00,0.654,9.130
2020-01-18 23:00,0.628,8.928
2020-01-19 00:00,0.581,8.587
2020-01-19 01:00,0.549,8.356
2020-01-19 02:00,0.672,9.266
2020-01-19 03:00,0.797,10.428
2020-01-19 04:00,0.863,11.281
2020-01-19 05:00,0.895,11.830
2020-01-19 06:00,0.882,11.589
2020-01-19 07:00,0.863,11.279
2020-01-19 08:00,0.865,11.311
2020-01-19 09:00,0.833,10.861
2020-01-19 10:00,0.772,10.164
2020-01-19 11:00,0.726,9.729
2020-01-19 12:00,0.697,9.478
2020-01-19 13:00,0.683,9.361
2020-01-19 14:00,0.679,9.329
2020-01-19 15:00,0.712,9.603
2020-01-19 16:00,0.765,10.089
2020-01-19 17:00,0.797,10.424
2020-01-19 18:00,0.812,10.598
2020-01-19 19:00,0.810,10.573
2020-01-19 20:00,0.793,10.386
2020-01-19 21:00,0.753,9.979
2020-01-19 22:00,0.712,9.600
2020-01-19 23:00,0.648,9.079
2020-01-20 00:00,0.653,9.120
2020-01-20 01:00,0.729,9.756
2020-01-20 02:00,0.760,10.044
2020-01-20 03:00,0.773,10.166
2020-01-20 04:00,0.777,10.215
2020-01-20 05:00,0.782,10.272
2020-01-20 06:00,0.801,10.474
2020-01-20 07:00,0.826,10.758
2020-01-20 08:00,0.858,11.207
2020-01-20 09:00,0.869,11.379
2020-01-20 10:00,0.888,11.699
2020-01-20 11:00,0.906,12.048
2020-01-20 12:00,0.895,11.831
2020-01-20 13:00,0.862,11.269
2020-01-20 14:00,0.813,10.603
2020-01-20 15:00,0.813,10.614
2020-01-20 16:00,0.833,10.855
2020-01-20 17:00,0.824,10.740
2020-01-20 18:00,0.791,10.351
2020-01-20 19:00,0.748,9.930
2020-01-20 20:00,0.689,9.407
2020-01-20 21:00,0.562,8.442
2020-01-20 22:00,0.394,7.298
2020-01-20 23:00,0.198,5.757
2020-01-21 00:00,0.080,4.344
2020-01-21 01:00,0.028,3.287
2020-01-21 02:00,0.004,2.139
2020-01-21 03:00,0,1.094
2020-01-21 04:00,0,0.352
2020-01-21 05:00,0,0.339
2020-01-21 06:00,0,1.199
2020-01-21 07:00,0.004,2.113
2020-01-21 08:00,0.013,2.756
2020-01-21 09:00,0.028,3.276
2020-01-21 10:00,0.053,3.861
2020-01-21 11:00,0.078,4.315
2020-01-21 12:00,0.113,4.817
2020-01-21 13:00,0.145,5.209
2020-01-21 14:00,0.125,4.975
2020-01-21 15:00,0.077,4.302
2020-01-21 16:00,0.060,3.996
2020-01-21 17:00,0.066,4.105
2020-01-21 18:00,0.058,3.961
2020-01-21 19:00,0.058,3.962
2020-01-21 20:00,0.064,4.077
2020-01-21 21:00,0.062,4.037
2020-01-21 22:00,0.060,4.008
2020-01-21 23:00,0.058,3.962
2020-01-22 00:00,0.033,3.421
2020-01-22 01:00,0.013,2.745
2020-01-22 02:00,0.024,3.147
2020-01-22 03:00,0.037,3.526
2020-01-22 04:00,0.027,3.256
2020-01-22 05:00,0.012,2.698
2020-01-22 06:00,0.002,1.822
2020-01-22 07:00,0,1.334
2020-01-22 08:00,0,0.693
2020-01-22 09:00,0,0.639
2020-01-22 10:00,0,1.127
2020-01-22 11:00,0.003,1.962
2020-01-22 12:00,0.013,2.705
2020-01-22 13:00,0.027,3.257
2020-01-22 14:00,0.043,3.648
2020-01-22 15:00,0.062,4.036
2020-01-22 16:00,0.069,4.162
2020-01-22 17:00,0.077,4.291
2020-01-22 18:00,0.136,5.101
2020-01-22 19:00,0.171,5.488
2020-01-22 20:00,0.142,5.175
2020-01-22 21:00,0.117,4.866
2020-01-22 22:00,0.101,4.643
2020-01-22 23:00,0.090,4.504
2020-01-23 00:00,0.062,4.031
2020-01-23 01:00,0.033,3.413
2020-01-23 02:00,0.025,3.182
2020-01-23 03:00,0.013,2.744
2020-01-23 04:00,0.013,2.752
2020-01-23 05:00,0.021,3.043
2020-01-23 06:00,0.020,3.016
2020-01-23 07:00,0.017,2.914
2020-01-23 08:00,0.017,2.892
2020-01-23 09:00,0.022,3.095
2020-01-23 10:00,0.037,3.500
2020-01-23 11:00,0.047,3.737
2020-01-23 12:00,0.050,3.805
2020-01-23 13:00,0.040,3.597
2020-01-23 14:00,0.029,3.310
2020-01-23 15:00,0.031,3.356
2020-01-23 16:00,0.047,3.745
2020-01-23 17:00,0.054,3.878
2020-01-23 18:00,0.056,3.919
2020-01-23 19:00,0.077,4.286
2020-01-23 20:00,0.118,4.873
2020-01-23 21:00,0.162,5.395
2020-01-23 22:00,0.224,5.979
2020-01-23 23:00,0.273,6.405
2020-01-24 00:00,0.319,6.751
2020-01-24 01:00,0.483,7.908
2020-01-24 02:00,0.636,8.987
2020-01-24 03:00,0.709,9.575
2020-01-24 04:00,0.707,9.563
2020-01-24 05:00,0.707,9.561
2020-01-24 06:00,0.680,9.335
2020-01-24 07:00,0.648,9.078
2020-01-24 08:00,0.660,9.166
2020-01-24 09:00,0.661,9.171
2020-01-24 10:00,0.677,9.307
2020-01-24 11:00,0.665,9.218
2020-01-24 12:00,0.668,9.236
2020-01-24 13:00,0.681,9.346
2020-01-24 14:00,0.616,8.837
2020-01-24 15:00,0.612,8.813
2020-01-24 16:00,0.609,8.780
2020-01-24 17:00,0.634,8.977
2020-01-24 18:00,0.614,8.822
2020-01-24 19:00,0.540,8.296
2020-01-24 20:00,0.502,8.035
2020-01-24 21:00,0.460,7.743
2020-01-24 22:00,0.410,7.409
2020-01-24 23:00,0.381,7.204
2020-01-25 00:00,0.248,6.192
2020-01-25 01:00,0.159,5.359
2020-01-25 02:00,0.104,4.696
2020-01-25 03:00,0.084,4.400
2020-01-25 04:00,0.058,3.949
2020-01-25 05:00,0.050,3.807
2020-01-25 06:00,0.080,4.349
2020-01-25 07:00,0.086,4.443
2020-01-25 08:00,0.074,4.244
2020-01-25 09:00,0.091,4.510
2020-01-25 10:00,0.081,4.361
2020-01-25 11:00,0.093,4.541
2020-01-25 12:00,0.093,4.535
2020-01-25 13:00,0.085,4.430
2020-01-25 14:00,0.082,4.376
2020-01-25 15:00,0.064,4.084
2020-01-25 16:00,0.085,4.419
2020-01-25 17:00,0.070,4.181
2020-01-25 18:00,0.052,3.845
2020-01-25 19:00,0.062,4.045
2020-01-25 20:00,0.133,5.058
2020-01-25 21:00,0.205,5.822
2020-01-25 22:00,0.296,6.579
2020-01-25 23:00,0.389,7.257
2020-01-26 00:00,0.436,7.577
2020-01-26 01:00,0.546,8.334
2020-01-26 02:00,0.628,8.919
2020-01-26 03:00,0.609,8.784
2020-01-26 04:00,0.612,8.805
2020-01-26 05:00,0.625,8.906
2020-01-26 06:00,0.767,10.107
2020-01-26 07:00,0.825,10.755
2020-01-26 08:00,0.879,11.538
2020-01-26 09:00,0.908,12.110
2020-01-26 10:00,0.931,12.661
2020-01-26 11:00,0.953,13.341
2020-01-26 12:00,0.965,13.846
2020-01-26 13:00,0.973,14.282
2020-01-26 14:00,0.972,14.231
2020-01-26 15:00,0.980,14.718
2020-01-26 16:00,0.977,14.516
2020-01-26 17:00,0.981,14.810
2020-01-26 18:00,0.979,14.684
2020-01-26 19:00,0.986,15.263
2020-01-26 20:00,0.989,15.753
2020-01-26 21:00,0.991,16.030
2020-01-26 22:00,0.992,16.358
2020-01-26 23:00,0.993,17.052
2020-01-27 00:00,0.993,17.247
2020-01-27 01:00,0.993,17.317
2020-01-27 02:00,0.993,17.122
2020-01-27 03:00,0.993,16.929
2020-01-27 04:00,0.993,16.814
2020-01-27 05:00,0.993,16.890
2020-01-27 06:00,0.993,17.115
2020-01-27 07:00,0.993,17.198
2020-01-27 08:00,0.993,17.141
2020-01-27 09:00,0.993,16.955
2020-01-27 10:00,0.993,16.927
2020-01-27 11:00,0.993,16.569
2020-01-27 12:00,0.991,16.007
2020-01-27 13:00,0.989,15.617
2020-01-27 14:00,0.986,15.342
2020-01-27 15:00,0.986,15.363
2020-01-27 16:00,0.987,15.463
2020-01-27 17:00,0.988,15.547
2020-01-27 18:00,0.988,15.588
2020-01-27 19:00,0.988,15.543
2020-01-27 20:00,0.986,15.320
2020-01-27 21:00,0.982,14.911
2020-01-27 22:00,0.977,14.553
2020-01-27 23:00,0.974,14.333
2020-01-28 00:00,0.977,14.537
2020-01-28 01:00,0.982,14.933
2020-01-28 02:00,0.984,15.127
2020-01-28 03:00,0.984,15.058
2020-01-28 04:00,0.978,14.633
2020-01-28 05:00,0.970,14.101
2020-01-28 06:00,0.954,13.376
2020-01-28 07:00,0.923,12.445
2020-01-28 08:00,0.888,11.710
2020-01-28 09:00,0.885,11.644
2020-01-28 10:00,0.887,11.671
2020-01-28 11:00,0.867,11.347
2020-01-28 12:00,0.824,10.751
2020-01-28 13:00,0.774,10.172
2020-01-28 14:00,0.743,9.881
2020-01-28 15:00,0.739,9.833
2020-01-28 16:00,0.734,9.799
2020-01-28 17:00,0.718,9.649
2020-01-28 18:00,0.694,9.447
2020-01-28 19:00,0.673,9.282
2020-01-28 20:00,0.652,9.109
2020-01-28 21:00,0.614,8.822
2020-01-28 22:00,0.577,8.556
2020-01-28 23:00,0.520,8.159
2020-01-29 00:00,0.501,8.026
2020-01-29 01:00,0.480,7.886
2020-01-29 02:00,0.450,7.670
2020-01-29 03:00,0.433,7.568
2020-01-29 04:00,0.430,7.549
2020-01-29 05:00,0.445,7.639
2020-01-29 06:00,0.468,7.808
2020-01-29 07:00,0.499,8.010
2020-01-29 08:00,0.562,8.447
2020-01-29 09:00,0.609,8.783
2020-01-29 10:00,0.637,8.993
2020-01-29 11:00,0.660,9.169
2020-01-29 12:00,0.680,9.332
2020-01-29 13:00,0.697,9.478
2020-01-29 14:00,0.715,9.626
2020-01-29 15:00,0.733,9.793
2020-01-29 16:00,0.746,9.905
2020-01-29 17:00,0.752,9.968
2020-01-29 18:00,0.757,10.020
2020-01-29 19:00,0.765,10.081
2020-01-29 20:00,0.772,10.161
2020-01-29 21:00,0.767,10.109
2020-01-29 22:00,0.754,9.986
2020-01-29 23:00,0.703,9.530
2020-01-30 00:00,0.740,9.851
2020-01-30 01:00,0.729,9.750
2020-01-30 02:00,0.710,9.579
2020-01-30 03:00,0.690,9.416
2020-01-30 04:00,0.674,9.287
2020-01-30 05:00,0.665,9.216
2020-01-30 06:00,0.654,9.125
2020-01-30 07:00,0.653,9.124
2020-01-30 08:00,0.697,9.478
2020-01-30 09:00,0.752,9.966
2020-01-30 10:00,0.784,10.288
2020-01-30 11:00,0.786,10.307
2020-01-30 12:00,0.767,10.112
2020-01-30 13:00,0.731,9.776
2020-01-30 14:00,0.680,9.333
2020-01-30 15:00,0.615,8.828
2020-01-30 16:00,0.542,8.305
2020-01-30 17:00,0.471,7.823
2020-01-30 18:00,0.404,7.365
2020-01-30 19:00,0.342,6.925
2020-01-30 20:00,0.289,6.526
2020-01-30 21:00,0.227,6.011
2020-01-30 22:00,0.169,5.455
2020-01-30 23:00,0.118,4.872
2020-01-31 00:00,0.091,4.510
2020-01-31 01:00,0.071,4.206
2020-01-31 02:00,0.064,4.080
2020-01-31 03:00,0.058,3.956
2020-01-31 04:00,0.047,3.738
2020-01-31 05:00,0.042,3.620
2020-01-31 06:00,0.039,3.559
2020-01-31 07:00,0.038,3.538
2020-01-31 08:00,0.048,3.755
2020-01-31 09:00,0.051,3.836
2020-01-31 10:00,0.050,3.813
2020-01-31 11:00,0.060,3.997
2020-01-31 12:00,0.088,4.476
2020-01-31 13:00,0.138,5.132
2020-01-31 14:00,0.193,5.698
2020-01-31 15:00,0.242,6.146
2020-01-31 16:00,0.311,6.695
2020-01-31 17:00,0.393,7.290
2020-01-31 18:00,0.463,7.759
2020-01-31 19:00,0.505,8.060
2020-01-31 20:00,0.551,8.378
2020-01-31 21:00,0.545,8.325
2020-01-31 22:00,0.523,8.172
2020-01-31 23:00,0.506,8.068
2020-02-01 00:00,0.477,7.862
2020-02-01 01:00,0.483,7.909
2020-02-01 02:00,0.513,8.108
2020-02-01 03:00,0.546,8.339
2020-02-01 04:00,0.586,8.623
2020-02-01 05:00,0.637,9.000
2020-02-01 06:00,0.653,9.118
2020-02-01 07:00,0.603,8.738
2020-02-01 08:00,0.581,8.589
2020-02-01 09:00,0.576,8.547
2020-02-01 10:00,0.562,8.443
2020-02-01 11:00,0.522,8.168
2020-02-01 12:00,0.476,7.851
2020-02-01 13:00,0.440,7.611
2020-02-01 14:00,0.410,7.399
2020-02-01 15:00,0.365,7.087
2020-02-01 16:00,0.298,6.593
2020-02-01 17:00,0.239,6.124
2020-02-01 18:00,0.189,5.666
2020-02-01 19:00,0.150,5.268
2020-02-01 20:00,0.131,5.039
2020-02-01 21:00,0.094,4.556
2020-02-01 22:00,0.059,3.992
2020-02-01 23:00,0.044,3.687
2020-02-02 00:00,0.037,3.526
2020-02-02 01:00,0.027,3.245
2020-02-02 02:00,0.038,3.540
2020-02-02 03:00,0.064,4.079
2020-02-02 04:00,0.088,4.472
2020-02-02 05:00,0.113,4.819
2020-02-02 06:00,0.130,5.026
2020-02-02 07:00,0.148,5.244
2020-02-02 08:00,0.212,5.888
2020-02-02 09:00,0.281,6.469
2020-02-02 10:00,0.348,6.966
2020-02-02 11:00,0.446,7.645
2020-02-02 12:00,0.543,8.314
2020-02-02 13:00,0.616,8.842
2020-02-02 14:00,0.678,9.322
2020-02-02 15:00,0.767,10.101
2020-02-02 16:00,0.834,10.864
2020-02-02 17:00,0.859,11.229
2020-02-02 18:00,0.865,11.313
2020-02-02 19:00,0.840,10.957
2020-02-02 20:00,0.811,10.579
2020-02-02 21:00,0.778,10.231
2020-02-02 22:00,0.715,9.632
2020-02-02 23:00,0.679,9.327
2020-02-03 00:00,0.710,9.586
2020-02-03 01:00,0.754,9.990
2020-02-03 02:00,0.752,9.966
2020-02-03 03:00,0.738,9.826
2020-02-03 04:00,0.729,9.740
2020-02-03 05:00,0.725,9.720
2020-02-03 06:00,0.725,9.707
2020-02-03 07:00,0.705,9.544
2020-02-03 08:00,0.702,9.513
2020-02-03 09:00,0.663,9.198
2020-02-03 10:00,0.588,8.638
2020-02-03 11:00,0.520,8.150
2020-02-03 12:00,0.479,7.875
2020-02-03 13:00,0.451,7.692
2020-02-03 14:00,0.440,7.612
2020-02-03 15:00,0.463,7.770
2020-02-03 16:00,0.486,7.918
2020-02-03 17:00,0.466,7.794
2020-02-03 18:00,0.396,7.310
2020-02-03 19:00,0.298,6.596
2020-02-03 20:00,0.215,5.911
2020-02-03 21:00,0.176,5.529
2020-02-03 22:00,0.163,5.408
2020-02-03 23:00,0.136,5.098
2020-02-04 00:00,0.112,4.799
2020-02-04 01:00,0.099,4.622
2020-02-04 02:00,0.099,4.626
2020-02-04 03:00,0.111,4.787
2020-02-04 04:00,0.144,5.195
2020-02-04 05:00,0.210,5.867
2020-02-04 06:00,0.299,6.597
2020-02-04 07:00,0.380,7.191
2020-02-04 08:00,0.491,7.959
2020-02-04 09:00,0.581,8.588
2020-02-04 10:00,0.643,9.031
2020-02-04 11:00,0.704,9.531
2020-02-04 12:00,0.774,10.171
2020-02-04 13:00,0.846,11.043
2020-02-04 14:00,0.911,12.164
2020-02-04 15:00,0.926,12.527
2020-02-04 16:00,0.924,12.479
2020-02-04 17:00,0.926,12.531
2020-02-04 18:00,0.944,13.049
2020-02-04 19:00,0.955,13.401
2020-02-04 20:00,0.956,13.475
2020-02-04 21:00,0.945,13.072
2020-02-04 22:00,0.914,12.236
2020-02-04 23:00,0.879,11.544
2020-02-05 00:00,0.834,10.867
2020-02-05 01:00,0.787,10.319
2020-02-05 02:00,0.742,9.874
2020-02-05 03:00,0.719,9.657
2020-02-05 04:00,0.708,9.568
2020-02-05 05:00,0.692,9.433
2020-02-05 06:00,0.654,9.129
2020-02-05 07:00,0.614,8.824
2020-02-05 08:00,0.577,8.557
2020-02-05 09:00,0.581,8.577
2020-02-05 10:00,0.597,8.699
2020-02-05 11:00,0.597,8.697
2020-02-05 12:00,0.577,8.555
2020-02-05 13:00,0.542,8.303
2020-02-05 14:00,0.490,7.954
2020-02-05 15:00,0.449,7.666
2020-02-05 16:00,0.413,7.419
2020-02-05 17:00,0.378,7.181
2020-02-05 18:00,0.348,6.959
2020-02-05 19:00,0.327,6.819
2020-02-05 20:00,0.314,6.709
2020-02-05 21:00,0.286,6.502
2020-02-05 22:00,0.240,6.129
2020-02-05 23:00,0.161,5.388
2020-02-06 00:00,0.122,4.932
2020-02-06 01:00,0.109,4.766
2020-02-06 02:00,0.074,4.254
2020-02-06 03:00,0.054,3.883
2020-02-06 04:00,0.032,3.394
2020-02-06 05:00,0.049,3.786
2020-02-06 06:00,0.069,4.169
2020-02-06 07:00,0.074,4.241
2020-02-06 08:00,0.091,4.515
2020-02-06 09:00,0.078,4.313
2020-02-06 10:00,0.068,4.143
2020-02-06 11:00,0.025,3.186
2020-02-06 12:00,0.011,2.650
2020-02-06 13:00,0.004,2.157
2020-02-06 14:00,0.004,2.091
2020-02-06 15:00,0.004,2.106
2020-02-06 16:00,0.005,2.207
2020-02-06 17:00,0.022,3.098
2020-02-06 18:00,0.085,4.418
2020-02-06 19:00,0.210,5.864
2020-02-06 20:00,0.358,7.039
2020-02-06 21:00,0.460,7.750
2020-02-06 22:00,0.505,8.061
2020-02-06 23:00,0.505,8.055
2020-02-07 00:00,0.523,8.174
2020-02-07 01:00,0.519,8.146
2020-02-07 02:00,0.521,8.163
2020-02-07 03:00,0.548,8.348
2020-02-07 04:00,0.582,8.595
2020-02-07 05:00,0.597,8.702
2020-02-07 06:00,0.628,8.925
2020-02-07 07:00,0.670,9.253
2020-02-07 08:00,0.721,9.683
2020-02-07 09:00,0.723,9.698
2020-02-07 10:00,0.703,9.529
2020-02-07 11:00,0.680,9.331
2020-02-07 12:00,0.653,9.123
2020-02-07 13:00,0.643,9.031
2020-02-07 14:00,0.658,9.155
2020-02-07 15:00,0.702,9.521
2020-02-07 16:00,0.746,9.906
2020-02-07 17:00,0.788,10.327
2020-02-07 18:00,0.812,10.597
2020-02-07 19:00,0.813,10.603
2020-02-07 20:00,0.800,10.462
2020-02-07 21:00,0.780,10.244
2020-02-07 22:00,0.743,9.886
2020-02-07 23:00,0.710,9.586
2020-02-08 00:00,0.723,9.689
2020-02-08 01:00,0.707,9.564
2020-02-08 02:00,0.705,9.540
2020-02-08 03:00,0.726,9.729
2020-02-08 04:00,0.763,10.070
2020-02-08 05:00,0.775,10.193
2020-02-08 06:00,0.749,9.934
2020-02-08 07:00,0.696,9.463
2020-02-08 08:00,0.667,9.229
2020-02-08 09:00,0.640,9.014
2020-02-08 10:00,0.587,8.627
2020-02-08 11:00,0.516,8.129
2020-02-08 12:00,0.423,7.500
2020-02-08 13:00,0.342,6.923
2020-02-08 14:00,0.251,6.221
2020-02-08 15:00,0.194,5.719
2020-02-08 16:00,0.171,5.490
2020-02-08 17:00,0.147,5.227
2020-02-08 18:00,0.112,4.803
2020-02-08 19:00,0.077,4.284
2020-02-08 20:00,0.047,3.734
2020-02-08 21:00,0.016,2.866
2020-02-08 22:00,0.002,1.859
2020-02-08 23:00,0,0.861
2020-02-09 00:00,0,0.596
2020-02-09 01:00,0.010,2.594
2020-02-09 02:00,0.087,4.455
2020-02-09 03:00,0.182,5.596
2020-02-09 04:00,0.238,6.117
2020-02-09 05:00,0.297,6.587
2020-02-09 06:00,0.389,7.256
2020-02-09 07:00,0.499,8.007
2020-02-09 08:00,0.609,8.784
2020-02-09 09:00,0.658,9.150
2020-02-09 10:00,0.685,9.375
2020-02-09 11:00,0.719,9.653
2020-02-09 12:00,0.750,9.951
2020-02-09 13:00,0.780,10.242
2020-02-09 14:00,0.804,10.515
2020-02-09 15:00,0.833,10.862
2020-02-09 16:00,0.858,11.205
2020-02-09 17:00,0.871,11.410
2020-02-09 18:00,0.874,11.454
2020-02-09 19:00,0.851,11.103
2020-02-09 20:00,0.807,10.548
2020-02-09 21:00,0.757,10.014
2020-02-09 22:00,0.680,9.334
2020-02-09 23:00,0.563,8.459
2020-02-10 00:00,0.473,7.836
2020-02-10 01:00,0.382,7.211
2020-02-10 02:00,0.252,6.225
2020-02-10 03:00,0.163,5.409
2020-02-10 04:00,0.118,4.889
2020-02-10 05:00,0.091,4.513
2020-02-10 06:00,0.068,4.140
2020-02-10 07:00,0.048,3.764
2020-02-10 08:00,0.042,3.619
2020-02-10 09:00,0.029,3.298
2020-02-10 10:00,0.015,2.828
2020-02-10 11:00,0.005,2.235
2020-02-10 12:00,0.001,1.562
2020-02-10 13:00,0,0.886
2020-02-10 14:00,0,0.235
2020-02-10 15:00,0,0.718
2020-02-10 16:00,0,1.119
2020-02-10 17:00,0,1.443
2020-02-10 18:00,0,1.359
2020-02-10 19:00,0,0.981
2020-02-10 20:00,0,0.497
2020-02-10 21:00,0,0.959
2020-02-10 22:00,0.002,1.825
2020-02-10 23:00,0.011,2.620
2020-02-11 00:00,0.028,3.288
2020-02-11 01:00,0.079,4.334
2020-02-11 02:00,0.118,4.883
2020-02-11 03:00,0.160,5.366
2020-02-11 04:00,0.178,5.554
2020-02-11 05:00,0.189,5.671
2020-02-11 06:00,0.171,5.488
2020-02-11 07:00,0.182,5.597
2020-02-11 08:00,0.194,5.718
2020-02-11 09:00,0.207,5.834
2020-02-11 10:00,0.247,6.186
2020-02-11 11:00,0.285,6.496
2020-02-11 12:00,0.334,6.866
2020-02-11 13:00,0.365,7.093
2020-02-11 14:00,0.351,6.987
2020-02-11 15:00,0.292,6.553
2020-02-11 16:00,0.249,6.205
2020-02-11 17:00,0.228,6.023
2020-02-11 18:00,0.211,5.874
2020-02-11 19:00,0.200,5.768
2020-02-11 20:00,0.195,5.723
2020-02-11 21:00,0.198,5.756
2020-02-11 22:00,0.244,6.162
2020-02-11 23:00,0.331,6.844
2020-02-12 00:00,0.432,7.559
2020-02-12 01:00,0.548,8.347
2020-02-12 02:00,0.617,8.851
2020-02-12 03:00,0.616,8.841
2020-02-12 04:00,0.616,8.843
2020-02-12 05:00,0.634,8.974
2020-02-12 06:00,0.666,9.225
2020-02-12 07:00,0.590,8.647
2020-02-12 08:00,0.346,6.954
2020-02-12 09:00,0.298,6.594
2020-02-12 10:00,0.542,8.302
2020-02-12 11:00,0.692,9.426
2020-02-12 12:00,0.739,9.841
2020-02-12 13:00,0.775,10.190
2020-02-12 14:00,0.774,10.182
2020-02-12 15:00,0.742,9.873
2020-02-12 16:00,0.731,9.769
2020-02-12 17:00,0.743,9.882
2020-02-12 18:00,0.743,9.878
2020-02-12 19:00,0.735,9.809
2020-02-12 20:00,0.729,9.753
2020-02-12 21:00,0.729,9.752
2020-02-12 22:00,0.705,9.543
2020-02-12 23:00,0.658,9.161
2020-02-13 00:00,0.644,9.045
2020-02-13 01:00,0.605,8.754
2020-02-13 02:00,0.483,7.903
2020-02-13 03:00,0.387,7.245
2020-02-13 04:00,0.335,6.868
2020-02-13 05:00,0.288,6.518
2020-02-13 06:00,0.225,5.997
2020-02-13 07:00,0.173,5.511
2020-02-13 08:00,0.189,5.663
2020-02-13 09:00,0.212,5.879
2020-02-13 10:00,0.212,5.879
2020-02-13 11:00,0.190,5.677
2020-02-13 12:00,0.169,5.469
2020-02-13 13:00,0.137,5.110
2020-02-13 14:00,0.101,4.647
2020-02-13 15:00,0.082,4.366
2020-02-13 16:00,0.085,4.417
2020-02-13 17:00,0.094,4.552
2020-02-13 18:00,0.106,4.722
2020-02-13 19:00,0.119,4.894
2020-02-13 20:00,0.114,4.829
2020-02-13 21:00,0.069,4.151
2020-02-13 22:00,0.019,2.966
2020-02-13 23:00,0.018,2.940
2020-02-14 00:00,0.033,3.408
2020-02-14 01:00,0.037,3.514
2020-02-14 02:00,0.032,3.373
2020-02-14 03:00,0.047,3.739
2020-02-14 04:00,0.073,4.227
2020-02-14 05:00,0.088,4.464
2020-02-14 06:00,0.092,4.526
2020-02-14 07:00,0.110,4.777
2020-02-14 08:00,0.142,5.175
2020-02-14 09:00,0.145,5.211
2020-02-14 10:00,0.131,5.034
2020-02-14 11:00,0.104,4.693
2020-02-14 12:00,0.065,4.091
2020-02-14 13:00,0.047,3.742
2020-02-14 14:00,0.138,5.122
2020-02-14 15:00,0.309,6.682
2020-02-14 16:00,0.374,7.156
2020-02-14 17:00,0.340,6.910
2020-02-14 18:00,0.321,6.772
2020-02-14 19:00,0.371,7.132
2020-02-14 20:00,0.390,7.271
2020-02-14 21:00,0.450,7.680
2020-02-14 22:00,0.476,7.854
2020-02-14 23:00,0.359,7.047
2020-02-15 00:00,0.317,6.733
2020-02-15 01:00,0.311,6.692
2020-02-15 02:00,0.417,7.457
2020-02-15 03:00,0.406,7.371
2020-02-15 04:00,0.202,5.779
2020-02-15 05:00,0.123,4.950
2020-02-15 06:00,0.088,4.470
2020-02-15 07:00,0.098,4.611
2020-02-15 08:00,0.179,5.558
2020-02-15 09:00,0.210,5.863
2020-02-15 10:00,0.210,5.864
2020-02-15 11:00,0.232,6.061
2020-02-15 12:00,0.235,6.086
2020-02-15 13:00,0.209,5.851
2020-02-15 14:00,0.156,5.331
2020-02-15 15:00,0.120,4.914
2020-02-15 16:00,0.090,4.496
2020-02-15 17:00,0.062,4.031
2020-02-15 18:00,0.021,3.039
2020-02-15 19:00,0.156,5.331
2020-02-15 20:00,0.819,10.682
2020-02-15 21:00,0.940,12.911
2020-02-15 22:00,0.949,13.210
2020-02-15 23:00,0.964,13.812
2020-02-16 00:00,0.979,14.647
2020-02-16 01:00,0.983,15.009
2020-02-16 02:00,0.988,15.592
2020-02-16 03:00,0.992,16.263
2020-02-16 04:00,0.993,16.481
2020-02-16 05:00,0.993,16.753
2020-02-16 06:00,0.993,16.686
2020-02-16 07:00,0.992,16.259
2020-02-16 08:00,0.990,15.775
2020-02-16 09:00,0.989,15.622
2020-02-16 10:00,0.991,15.961
2020-02-16 11:00,0.991,16.002
2020-02-16 12:00,0.989,15.719
2020-02-16 13:00,0.987,15.450
2020-02-16 14:00,0.984,15.067
2020-02-16 15:00,0.983,15.041
2020-02-16 16:00,0.984,15.129
2020-02-16 17:00,0.982,14.907
2020-02-16 18:00,0.980,14.770
2020-02-16 19:00,0.980,14.712
2020-02-16 20:00,0.981,14.822
2020-02-16 21:00,0.978,14.630
2020-02-16 22:00,0.977,14.543
2020-02-16 23:00,0.980,14.741
2020-02-17 00:00,0.982,14.883
2020-02-17 01:00,0.982,14.946
2020-02-17 02:00,0.984,15.136
2020-02-17 03:00,0.986,15.276
2020-02-17 04:00,0.985,15.158
2020-02-17 05:00,0.981,14.864
2020-02-17 06:00,0.977,14.532
2020-02-17 07:00,0.972,14.216
2020-02-17 08:00,0.962,13.729
2020-02-17 09:00,0.953,13.342
2020-02-17 10:00,0.950,13.235
2020-02-17 11:00,0.953,13.344
2020-02-17 12:00,0.956,13.455
2020-02-17 13:00,0.951,13.272
2020-02-17 14:00,0.951,13.277
2020-02-17 15:00,0.960,13.616
2020-02-17 16:00,0.957,13.485
2020-02-17 17:00,0.948,13.155
2020-02-17 18:00,0.935,12.756
2020-02-17 19:00,0.925,12.504
2020-02-17 20:00,0.914,12.232
2020-02-17 21:00,0.874,11.467
2020-02-17 22:00,0.809,10.571
2020-02-17 23:00,0.742,9.876
2020-02-18 00:00,0.626,8.911
2020-02-18 01:00,0.513,8.106
2020-02-18 02:00,0.414,7.432
2020-02-18 03:00,0.321,6.763
2020-02-18 04:00,0.233,6.066
2020-02-18 05:00,0.169,5.462
2020-02-18 06:00,0.135,5.091
2020-02-18 07:00,0.121,4.924
2020-02-18 08:00,0.183,5.604
2020-02-18 09:00,0.317,6.734
2020-02-18 10:00,0.400,7.338
2020-02-18 11:00,0.439,7.606
2020-02-18 12:00,0.490,7.953
2020-02-18 13:00,0.572,8.520
2020-02-18 14:00,0.622,8.885
2020-02-18 15:00,0.612,8.799
2020-02-18 16:00,0.612,8.812
2020-02-18 17:00,0.609,8.786
2020-02-18 18:00,0.619,8.862
2020-02-18 19:00,0.622,8.883
2020-02-18 20:00,0.604,8.751
2020-02-18 21:00,0.533,8.251
2020-02-18 22:00,0.436,7.582
2020-02-18 23:00,0.274,6.408
2020-02-19 00:00,0.190,5.674
2020-02-19 01:00,0.100,4.635
2020-02-19 02:00,0.049,3.790
2020-02-19 03:00,0.016,2.884
2020-02-19 04:00,0.003,2.067
2020-02-19 05:00,0.001,1.600
2020-02-19 06:00,0,1.410
2020-02-19 07:00,0,1.311
2020-02-19 08:00,0.002,1.780
2020-02-19 09:00,0.005,2.203
2020-02-19 10:00,0.010,2.554
2020-02-19 11:00,0.011,2.631
2020-02-19 12:00,0.013,2.718
2020-02-19 13:00,0.012,2.693
2020-02-19 14:00,0.008,2.454
2020-02-19 15:00,0.008,2.471
2020-02-19 16:00,0.011,2.628
2020-02-19 17:00,0.012,2.668
2020-02-19 18:00,0.011,2.638
2020-02-19 19:00,0.010,2.571
2020-02-19 20:00,0.010,2.575
2020-02-19 21:00,0.008,2.472
2020-02-19 22:00,0.006,2.296
2020-02-19 23:00,0.002,1.872
2020-02-20 00:00,0.001,1.486
2020-02-20 01:00,0,1.375
2020-02-20 02:00,0.001,1.484
2020-02-20 03:00,0.001,1.538
2020-02-20 04:00,0,1.334
2020-02-20 05:00,0,1.070
2020-02-20 06:00,0,0.678
2020-02-20 07:00,0,0.224
2020-02-20 08:00,0,0.576
2020-02-20 09:00,0,0.830
2020-02-20 10:00,0,1.446
2020-02-20 11:00,0.007,2.425
2020-02-20 12:00,0.027,3.259
2020-02-20 13:00,0.038,3.544
2020-02-20 14:00,0.032,3.379
2020-02-20 15:00,0.027,3.247
2020-02-20 16:00,0.028,3.266
2020-02-20 17:00,0.034,3.438
2020-02-20 18:00,0.043,3.655
2020-02-20 19:00,0.055,3.906
2020-02-20 20:00,0.093,4.529
2020-02-20 21:00,0.099,4.625
2020-02-20 22:00,0.100,4.638
2020-02-20 23:00,0.104,4.696
2020-02-21 00:00,0.124,4.958
2020-02-21 01:00,0.230,6.039
2020-02-21 02:00,0.330,6.838
2020-02-21 03:00,0.406,7.371
2020-02-21 04:00,0.450,7.672
2020-02-21 05:00,0.450,7.671
2020-02-21 06:00,0.396,7.308
2020-02-21 07:00,0.329,6.825
2020-02-21 08:00,0.335,6.878
2020-02-21 09:00,0.386,7.234
2020-02-21 10:00,0.417,7.458
2020-02-21 11:00,0.382,7.214
2020-02-21 12:00,0.301,6.618
2020-02-21 13:00,0.280,6.455
2020-02-21 14:00,0.361,7.068
2020-02-21 15:00,0.465,7.777
2020-02-21 16:00,0.532,8.236
2020-02-21 17:00,0.637,9.000
2020-02-21 18:00,0.797,10.426
2020-02-21 19:00,0.900,11.935
2020-02-21 20:00,0.935,12.752
2020-02-21 21:00,0.941,12.937
2020-02-21 22:00,0.939,12.885
2020-02-21 23:00,0.926,12.513
2020-02-22 00:00,0.932,12.674
2020-02-22 01:00,0.959,13.599
2020-02-22 02:00,0.984,15.121
2020-02-22 03:00,0.992,16.385
2020-02-22 04:00,0.993,17.223
2020-02-22 05:00,0.990,17.951
2020-02-22 06:00,0.989,18.068
2020-02-22 07:00,0.993,17.252
2020-02-22 08:00,0.990,15.916
2020-02-22 09:00,0.984,15.113
2020-02-22 10:00,0.979,14.691
2020-02-22 11:00,0.974,14.366
2020-02-22 12:00,0.970,14.088
2020-02-22 13:00,0.963,13.775
2020-02-22 14:00,0.951,13.268
2020-02-22 15:00,0.945,13.061
2020-02-22 16:00,0.943,13.022
2020-02-22 17:00,0.934,12.731
2020-02-22 18:00,0.913,12.221
2020-02-22 19:00,0.882,11.582
2020-02-22 20:00,0.842,10.981
2020-02-22 21:00,0.777,10.220
2020-02-22 22:00,0.672,9.274
2020-02-22 23:00,0.633,8.971
2020-02-23 00:00,0.533,8.247
2020-02-23 01:00,0.359,7.049
2020-02-23 02:00,0.246,6.171
2020-02-23 03:00,0.194,5.717
2020-02-23 04:00,0.168,5.449
2020-02-23 05:00,0.169,5.464
2020-02-23 06:00,0.204,5.801
2020-02-23 07:00,0.253,6.235
2020-02-23 08:00,0.320,6.757
2020-02-23 09:00,0.391,7.273
2020-02-23 10:00,0.417,7.455
2020-02-23 11:00,0.419,7.471
2020-02-23 12:00,0.433,7.565
2020-02-23 13:00,0.491,7.960
2020-02-23 14:00,0.581,8.575
2020-02-23 15:00,0.640,9.020
2020-02-23 16:00,0.648,9.079
2020-02-23 17:00,0.625,8.906
2020-02-23 18:00,0.584,8.607
2020-02-23 19:00,0.539,8.281
2020-02-23 20:00,0.519,8.146
2020-02-23 21:00,0.501,8.026
2020-02-23 22:00,0.453,7.702
2020-02-23 23:00,0.324,6.793
2020-02-24 00:00,0.234,6.074
2020-02-24 01:00,0.224,5.980
2020-02-24 02:00,0.234,6.076
2020-02-24 03:00,0.279,6.441
2020-02-24 04:00,0.280,6.456
2020-02-24 05:00,0.237,6.095
2020-02-24 06:00,0.170,5.475
2020-02-24 07:00,0.120,4.915
2020-02-24 08:00,0.107,4.746
2020-02-24 09:00,0.102,4.672
2020-02-24 10:00,0.097,4.596
2020-02-24 11:00,0.082,4.366
2020-02-24 12:00,0.094,4.552
2020-02-24 13:00,0.104,4.706
2020-02-24 14:00,0.137,5.120
2020-02-24 15:00,0.186,5.634
2020-02-24 16:00,0.198,5.751
2020-02-24 17:00,0.211,5.876
2020-02-24 18:00,0.216,5.922
2020-02-24 19:00,0.242,6.143
2020-02-24 20:00,0.077,4.283
2020-02-24 21:00,0.061,4.018
2020-02-24 22:00,0.085,4.428
2020-02-24 23:00,0.151,5.272
2020-02-25 00:00,0.218,5.938
2020-02-25 01:00,0.286,6.503
2020-02-25 02:00,0.376,7.167
2020-02-25 03:00,0.455,7.719
2020-02-25 04:00,0.521,8.164
2020-02-25 05:00,0.645,9.049
2020-02-25 06:00,0.772,10.158
2020-02-25 07:00,0.818,10.677
2020-02-25 08:00,0.853,11.124
2020-02-25 09:00,0.906,12.051
2020-02-25 10:00,0.940,12.911
2020-02-25 11:00,0.950,13.246
2020-02-25 12:00,0.949,13.205
2020-02-25 13:00,0.946,13.107
2020-02-25 14:00,0.936,12.810
2020-02-25 15:00,0.912,12.170
2020-02-25 16:00,0.871,11.408
2020-02-25 17:00,0.815,10.637
2020-02-25 18:00,0.772,10.151
2020-02-25 19:00,0.730,9.766
2020-02-25 20:00,0.705,9.543
2020-02-25 21:00,0.664,9.207
2020-02-25 22:00,0.544,8.318
2020-02-25 23:00,0.380,7.197
2020-02-26 00:00,0.246,6.175
2020-02-26 01:00,0.140,5.150
2020-02-26 02:00,0.075,4.269
2020-02-26 03:00,0.055,3.894
2020-02-26 04:00,0.049,3.785
2020-02-26 05:00,0.047,3.750
2020-02-26 06:00,0.059,3.985
2020-02-26 07:00,0.106,4.721
2020-02-26 08:00,0.227,6.015
2020-02-26 09:00,0.348,6.973
2020-02-26 10:00,0.422,7.486
2020-02-26 11:00,0.485,7.916
2020-02-26 12:00,0.533,8.249
2020-02-26 13:00,0.562,8.440
2020-02-26 14:00,0.577,8.548
2020-02-26 15:00,0.581,8.574
2020-02-26 16:00,0.566,8.481
2020-02-26 17:00,0.544,8.317
2020-02-26 18:00,0.539,8.286
2020-02-26 19:00,0.557,8.413
2020-02-26 20:00,0.589,8.642
2020-02-26 21:00,0.579,8.567
2020-02-26 22:00,0.516,8.121
2020-02-26 23:00,0.433,7.567
2020-02-27 00:00,0.370,7.127
2020-02-27 01:00,0.303,6.637
2020-02-27 02:00,0.224,5.990
2020-02-27 03:00,0.162,5.395
2020-02-27 04:00,0.127,4.998
2020-02-27 05:00,0.097,4.607
2020-02-27 06:00,0.053,3.859
2020-02-27 07:00,0.035,3.458
2020-02-27 08:00,0.030,3.338
2020-02-27 09:00,0.029,3.300
2020-02-27 10:00,0.020,3.013
2020-02-27 11:00,0.017,2.893
2020-02-27 12:00,0.020,3.009
2020-02-27 13:00,0.019,2.968
2020-02-27 14:00,0.019,3.000
2020-02-27 15:00,0.027,3.249
2020-02-27 16:00,0.039,3.559
2020-02-27 17:00,0.057,3.944
2020-02-27 18:00,0.062,4.045
2020-02-27 19:00,0.065,4.088
2020-02-27 20:00,0.095,4.572
2020-02-27 21:00,0.102,4.672
2020-02-27 22:00,0.124,4.964
2020-02-27 23:00,0.123,4.947
2020-02-28 00:00,0.118,4.870
2020-02-28 01:00,0.112,4.794
2020-02-28 02:00,0.155,5.304
2020-02-28 03:00,0.169,5.467
2020-02-28 04:00,0.150,5.258
2020-02-28 05:00,0.165,5.424
2020-02-28 06:00,0.119,4.897
2020-02-28 07:00,0.118,4.882
2020-02-28 08:00,0.134,5.075
2020-02-28 09:00,0.141,5.161
2020-02-28 10:00,0.156,5.323
2020-02-28 11:00,0.163,5.407
2020-02-28 12:00,0.161,5.378
2020-02-28 13:00,0.134,5.065
2020-02-28 14:00,0.104,4.704
2020-02-28 15:00,0.085,4.427
2020-02-28 16:00,0.078,4.308
2020-02-28 17:00,0.081,4.356
2020-02-28 18:00,0.076,4.273
2020-02-28 19:00,0.048,3.768
2020-02-28 20:00,0.039,3.554
2020-02-28 21:00,0.042,3.617
2020-02-28 22:00,0.033,3.407
2020-02-28 23:00,0.034,3.445
2020-02-29 00:00,0.036,3.472
2020-02-29 01:00,0.055,3.905
2020-02-29 02:00,0.070,4.175
2020-02-29 03:00,0.073,4.224
2020-02-29 04:00,0.060,4.006
2020-02-29 05:00,0.047,3.753
2020-02-29 06:00,0.064,4.074
2020-02-29 07:00,0.093,4.534
2020-02-29 08:00,0.154,5.301
2020-02-29 09:00,0.200,5.770
2020-02-29 10:00,0.197,5.743
2020-02-29 11:00,0.173,5.510
2020-02-29 12:00,0.142,5.173
2020-02-29 13:00,0.098,4.614
2020-02-29 14:00,0.053,3.862
2020-02-29 15:00,0.030,3.327
2020-02-29 16:00,0.020,3.013
2020-02-29 17:00,0.010,2.580
2020-02-29 18:00,0.006,2.277
2020-02-29 19:00,0.005,2.268
2020-02-29 20:00,0.008,2.457
2020-02-29 21:00,0.015,2.823
2020-02-29 22:00,0.024,3.145
2020-02-29 23:00,0.040,3.597
2020-03-01 00:00,0.044,3.673
2020-03-01 01:00,0.050,3.804
2020-03-01 02:00,0.059,3.987
2020-03-01 03:00,0.062,4.041
2020-03-01 04:00,0.064,4.073
2020-03-01 05:00,0.054,3.884
2020-03-01 06:00,0.059,3.967
2020-03-01 07:00,0.091,4.508
2020-03-01 08:00,0.155,5.305
2020-03-01 09:00,0.212,5.882
2020-03-01 10:00,0.223,5.976
2020-03-01 11:00,0.206,5.832
2020-03-01 12:00,0.181,5.576
2020-03-01 13:00,0.143,5.188
2020-03-01 14:00,0.194,5.704
2020-03-01 15:00,0.569,8.498
2020-03-01 16:00,0.814,10.625
2020-03-01 17:00,0.874,11.464
2020-03-01 18:00,0.925,12.502
2020-03-01 19:00,0.948,13.150
2020-03-01 20:00,0.949,13.198
2020-03-01 21:00,0.932,12.692
2020-03-01 22:00,0.920,12.367
2020-03-01 23:00,0.927,12.537
2020-03-02 00:00,0.940,12.918
2020-03-02 01:00,0.929,12.586
2020-03-02 02:00,0.887,11.687
2020-03-02 03:00,0.827,10.788
2020-03-02 04:00,0.752,9.964
2020-03-02 05:00,0.689,9.408
2020-03-02 06:00,0.689,9.400
2020-03-02 07:00,0.723,9.692
2020-03-02 08:00,0.761,10.051
2020-03-02 09:00,0.755,9.998
2020-03-02 10:00,0.676,9.299
2020-03-02 11:00,0.547,8.342
2020-03-02 12:00,0.377,7.179
2020-03-02 13:00,0.239,6.123
2020-03-02 14:00,0.169,5.455
2020-03-02 15:00,0.131,5.040
2020-03-02 16:00,0.114,4.827
2020-03-02 17:00,0.103,4.686
2020-03-02 18:00,0.099,4.623
2020-03-02 19:00,0.095,4.570
2020-03-02 20:00,0.092,4.525
2020-03-02 21:00,0.112,4.796
2020-03-02 22:00,0.156,5.320
2020-03-02 23:00,0.173,5.507
2020-03-03 00:00,0.181,5.575
2020-03-03 01:00,0.181,5.588
2020-03-03 02:00,0.176,5.529
2020-03-03 03:00,0.165,5.429
2020-03-03 04:00,0.108,4.747
2020-03-03 05:00,0.054,3.888
2020-03-03 06:00,0.055,3.908
2020-03-03 07:00,0.108,4.755
2020-03-03 08:00,0.181,5.584
2020-03-03 09:00,0.265,6.331
2020-03-03 10:00,0.285,6.492
2020-03-03 11:00,0.263,6.321
2020-03-03 12:00,0.238,6.115
2020-03-03 13:00,0.214,5.898
2020-03-03 14:00,0.184,5.615
2020-03-03 15:00,0.147,5.233
2020-03-03 16:00,0.142,5.170
2020-03-03 17:00,0.190,5.675
2020-03-03 18:00,0.277,6.431
2020-03-03 19:00,0.403,7.352
2020-03-03 20:00,0.505,8.052
2020-03-03 21:00,0.592,8.663
2020-03-03 22:00,0.630,8.943
2020-03-03 23:00,0.711,9.592
2020-03-04 00:00,0.784,10.289
2020-03-04 01:00,0.840,10.954
2020-03-04 02:00,0.883,11.610
2020-03-04 03:00,0.908,12.107
2020-03-04 04:00,0.929,12.599
2020-03-04 05:00,0.951,13.298
2020-03-04 06:00,0.970,14.127
2020-03-04 07:00,0.980,14.760
2020-03-04 08:00,0.977,14.534
2020-03-04 09:00,0.971,14.161
2020-03-04 10:00,0.973,14.255
2020-03-04 11:00,0.976,14.441
2020-03-04 12:00,0.975,14.390
2020-03-04 13:00,0.974,14.366
2020-03-04 14:00,0.973,14.294
2020-03-04 15:00,0.974,14.354
2020-03-04 16:00,0.969,14.068
2020-03-04 17:00,0.947,13.126
2020-03-04 18:00,0.910,12.138
2020-03-04 19:00,0.840,10.949
2020-03-04 20:00,0.755,10
2020-03-04 21:00,0.637,9.000
2020-03-04 22:00,0.513,8.102
2020-03-04 23:00,0.390,7.265
2020-03-05 00:00,0.299,6.608
2020-03-05 01:00,0.204,5.797
2020-03-05 02:00,0.143,5.190
2020-03-05 03:00,0.126,4.984
2020-03-05 04:00,0.120,4.910
2020-03-05 05:00,0.105,4.719
2020-03-05 06:00,0.084,4.402
2020-03-05 07:00,0.061,4.023
2020-03-05 08:00,0.050,3.816
2020-03-05 09:00,0.063,4.050
2020-03-05 10:00,0.072,4.213
2020-03-05 11:00,0.067,4.127
2020-03-05 12:00,0.057,3.947
2020-03-05 13:00,0.059,3.983
2020-03-05 14:00,0.079,4.333
2020-03-05 15:00,0.107,4.743
2020-03-05 16:00,0.128,5.005
2020-03-05 17:00,0.143,5.184
2020-03-05 18:00,0.168,5.450
2020-03-05 19:00,0.188,5.662
2020-03-05 20:00,0.194,5.713
2020-03-05 21:00,0.194,5.713
2020-03-05 22:00,0.161,5.379
2020-03-05 23:00,0.114,4.832
2020-03-06 00:00,0.107,4.745
2020-03-06 01:00,0.119,4.902
2020-03-06 02:00,0.134,5.073
2020-03-06 03:00,0.121,4.918
2020-03-06 04:00,0.089,4.491
2020-03-06 05:00,0.066,4.113
2020-03-06 06:00,0.035,3.452
2020-03-06 07:00,0.012,2.667
2020-03-06 08:00,0.006,2.341
2020-03-06 09:00,0.002,1.802
2020-03-06 10:00,0,1.233
2020-03-06 11:00,0,0.926
2020-03-06 12:00,0,0.916
2020-03-06 13:00,0,1.395
2020-03-06 14:00,0.001,1.602
2020-03-06 15:00,0.001,1.678
2020-03-06 16:00,0.003,2.031
2020-03-06 17:00,0.012,2.690
2020-03-06 18:00,0.024,3.148
2020-03-06 19:00,0.040,3.588
2020-03-06 20:00,0.043,3.637
2020-03-06 21:00,0.041,3.605
2020-03-06 22:00,0.024,3.165
2020-03-06 23:00,0.006,2.302
2020-03-07 00:00,0.003,2.063
2020-03-07 01:00,0.022,3.102
2020-03-07 02:00,0.020,3.019
2020-03-07 03:00,0.004,2.087
2020-03-07 04:00,0.001,1.501
2020-03-07 05:00,0,1.095
2020-03-07 06:00,0,0.739
2020-03-07 07:00,0,0.474
2020-03-07 08:00,0,0.810
2020-03-07 09:00,0,1.400
2020-03-07 10:00,0.002,1.805
2020-03-07 11:00,0.001,1.630
2020-03-07 12:00,0,1.332
2020-03-07 13:00,0.001,1.614
2020-03-07 14:00,0.007,2.427
2020-03-07 15:00,0.033,3.405
2020-03-07 16:00,0.072,4.215
2020-03-07 17:00,0.118,4.877
2020-03-07 18:00,0.172,5.494
2020-03-07 19:00,0.232,6.055
2020-03-07 20:00,0.274,6.408
2020-03-07 21:00,0.285,6.497
2020-03-07 22:00,0.272,6.393
2020-03-07 23:00,0.216,5.917
2020-03-08 00:00,0.222,5.965
2020-03-08 01:00,0.214,5.901
2020-03-08 02:00,0.237,6.098
2020-03-08 03:00,0.254,6.248
2020-03-08 04:00,0.229,6.030
2020-03-08 05:00,0.179,5.558
2020-03-08 06:00,0.135,5.086
2020-03-08 07:00,0.107,4.735
2020-03-08 08:00,0.088,4.469
2020-03-08 09:00,0.069,4.171
2020-03-08 10:00,0.049,3.778
2020-03-08 11:00,0.041,3.603
2020-03-08 12:00,0.034,3.436
2020-03-08 13:00,0.019,2.973
2020-03-08 14:00,0.010,2.546
2020-03-08 15:00,0.008,2.464
2020-03-08 16:00,0.006,2.344
2020-03-08 17:00,0.003,2.055
2020-03-08 18:00,0.003,2.042
2020-03-08 19:00,0.006,2.323
2020-03-08 20:00,0.009,2.519
2020-03-08 21:00,0.008,2.452
2020-03-08 22:00,0.010,2.564
2020-03-08 23:00,0.010,2.607
2020-03-09 00:00,0.008,2.476
2020-03-09 01:00,0.004,2.167
2020-03-09 02:00,0.004,2.095
2020-03-09 03:00,0.007,2.416
2020-03-09 04:00,0.011,2.633
2020-03-09 05:00,0.016,2.869
2020-03-09 06:00,0.028,3.260
2020-03-09 07:00,0.045,3.694
2020-03-09 08:00,0.090,4.507
2020-03-09 09:00,0.122,4.938
2020-03-09 10:00,0.121,4.927
2020-03-09 11:00,0.145,5.199
2020-03-09 12:00,0.190,5.679
2020-03-09 13:00,0.198,5.749
2020-03-09 14:00,0.209,5.856
2020-03-09 15:00,0.246,6.171
2020-03-09 16:00,0.292,6.554
2020-03-09 17:00,0.349,6.976
2020-03-09 18:00,0.426,7.511
2020-03-09 19:00,0.474,7.844
2020-03-09 20:00,0.528,8.217
2020-03-09 21:00,0.534,8.253
2020-03-09 22:00,0.497,8.002
2020-03-09 23:00,0.488,7.944
2020-03-10 00:00,0.556,8.399
2020-03-10 01:00,0.626,8.913
2020-03-10 02:00,0.632,8.961
2020-03-10 03:00,0.613,8.816
2020-03-10 04:00,0.577,8.560
2020-03-10 05:00,0.572,8.523
2020-03-10 06:00,0.590,8.644
2020-03-10 07:00,0.616,8.834
2020-03-10 08:00,0.683,9.356
2020-03-10 09:00,0.760,10.044
2020-03-10 10:00,0.798,10.435
2020-03-10 11:00,0.808,10.555
2020-03-10 12:00,0.833,10.863
2020-03-10 13:00,0.883,11.610
2020-03-10 14:00,0.909,12.120
2020-03-10 15:00,0.920,12.376
2020-03-10 16:00,0.936,12.785
2020-03-10 17:00,0.945,13.070
2020-03-10 18:00,0.951,13.273
2020-03-10 19:00,0.944,13.036
2020-03-10 20:00,0.946,13.123
2020-03-10 21:00,0.932,12.670
2020-03-10 22:00,0.911,12.151
2020-03-10 23:00,0.907,12.088
2020-03-11 00:00,0.908,12.092
2020-03-11 01:00,0.874,11.452
2020-03-11 02:00,0.820,10.694
2020-03-11 03:00,0.777,10.212
2020-03-11 04:00,0.754,9.986
2020-03-11 05:00,0.751,9.952
2020-03-11 06:00,0.770,10.144
2020-03-11 07:00,0.786,10.314
2020-03-11 08:00,0.758,10.030
2020-03-11 09:00,0.717,9.643
2020-03-11 10:00,0.669,9.250
2020-03-11 11:00,0.601,8.731
2020-03-11 12:00,0.550,8.367
2020-03-11 13:00,0.539,8.285
2020-03-11 14:00,0.540,8.295
2020-03-11 15:00,0.550,8.369
2020-03-11 16:00,0.560,8.435
2020-03-11 17:00,0.531,8.233
2020-03-11 18:00,0.456,7.724
2020-03-11 19:00,0.399,7.325
2020-03-11 20:00,0.356,7.031
2020-03-11 21:00,0.320,6.755
2020-03-11 22:00,0.225,5.996
2020-03-11 23:00,0.118,4.876
2020-03-12 00:00,0.085,4.431
2020-03-12 01:00,0.095,4.571
2020-03-12 02:00,0.158,5.351
2020-03-12 03:00,0.241,6.139
2020-03-12 04:00,0.345,6.938
2020-03-12 05:00,0.429,7.535
2020-03-12 06:00,0.466,7.787
2020-03-12 07:00,0.438,7.595
2020-03-12 08:00,0.444,7.635
2020-03-12 09:00,0.581,8.575
2020-03-12 10:00,0.615,8.827
2020-03-12 11:00,0.583,8.603
2020-03-12 12:00,0.582,8.593
2020-03-12 13:00,0.536,8.263
2020-03-12 14:00,0.424,7.501
2020-03-12 15:00,0.411,7.411
2020-03-12 16:00,0.479,7.879
2020-03-12 17:00,0.588,8.638
2020-03-12 18:00,0.625,8.908
2020-03-12 19:00,0.616,8.837
2020-03-12 20:00,0.580,8.572
2020-03-12 21:00,0.640,9.019
2020-03-12 22:00,0.613,8.821
2020-03-12 23:00,0.436,7.579
2020-03-13 00:00,0.337,6.888
2020-03-13 01:00,0.293,6.564
2020-03-13 02:00,0.238,6.104
2020-03-13 03:00,0.230,6.037
2020-03-13 04:00,0.156,5.330
2020-03-13 05:00,0.056,3.917
2020-03-13 06:00,0.044,3.681
2020-03-13 07:00,0.037,3.496
2020-03-13 08:00,0.037,3.524
2020-03-13 09:00,0.069,4.171
2020-03-13 10:00,0.108,4.753
2020-03-13 11:00,0.130,5.024
2020-03-13 12:00,0.151,5.269
2020-03-13 13:00,0.156,5.321
2020-03-13 14:00,0.133,5.060
2020-03-13 15:00,0.136,5.107
2020-03-13 16:00,0.178,5.550
2020-03-13 17:00,0.218,5.935
2020-03-13 18:00,0.257,6.269
2020-03-13 19:00,0.293,6.564
2020-03-13 20:00,0.325,6.804
2020-03-13 21:00,0.343,6.933
2020-03-13 22:00,0.357,7.033
2020-03-13 23:00,0.425,7.506
2020-03-14 00:00,0.390,7.263
2020-03-14 01:00,0.335,6.867
2020-03-14 02:00,0.312,6.702
2020-03-14 03:00,0.359,7.047
2020-03-14 04:00,0.445,7.639
2020-03-14 05:00,0.569,8.495
2020-03-14 06:00,0.678,9.317
2020-03-14 07:00,0.744,9.889
2020-03-14 08:00,0.746,9.909
2020-03-14 09:00,0.731,9.769
2020-03-14 10:00,0.755,10
2020-03-14 11:00,0.800,10.466
2020-03-14 12:00,0.835,10.884
2020-03-14 13:00,0.871,11.407
2020-03-14 14:00,0.907,12.081
2020-03-14 15:00,0.915,12.246
2020-03-14 16:00,0.901,11.952
2020-03-14 17:00,0.882,11.590
2020-03-14 18:00,0.855,11.166
2020-03-14 19:00,0.851,11.098
2020-03-14 20:00,0.843,10.995
2020-03-14 21:00,0.824,10.740
2020-03-14 22:00,0.805,10.519
2020-03-14 23:00,0.792,10.378
2020-03-15 00:00,0.868,11.366
2020-03-15 01:00,0.917,12.310
2020-03-15 02:00,0.957,13.504
2020-03-15 03:00,0.975,14.404
2020-03-15 04:00,0.970,14.128
2020-03-15 05:00,0.975,14.429
2020-03-15 06:00,0.984,15.103
2020-03-15 07:00,0.983,14.977
2020-03-15 08:00,0.981,14.868
2020-03-15 09:00,0.978,14.579
2020-03-15 10:00,0.967,13.946
2020-03-15 11:00,0.946,13.080
2020-03-15 12:00,0.922,12.414
2020-03-15 13:00,0.892,11.773
2020-03-15 14:00,0.888,11.709
2020-03-15 15:00,0.910,12.142
2020-03-15 16:00,0.914,12.239
2020-03-15 17:00,0.932,12.671
2020-03-15 18:00,0.925,12.486
2020-03-15 19:00,0.906,12.060
2020-03-15 20:00,0.863,11.287
2020-03-15 21:00,0.792,10.365
2020-03-15 22:00,0.670,9.252
2020-03-15 23:00,0.616,8.838
2020-03-16 00:00,0.468,7.802
2020-03-16 01:00,0.254,6.249
2020-03-16 02:00,0.104,4.703
2020-03-16 03:00,0.027,3.241
2020-03-16 04:00,0.002,1.896
2020-03-16 05:00,0.007,2.368
2020-03-16 06:00,0.022,3.080
2020-03-16 07:00,0.037,3.502
2020-03-16 08:00,0.106,4.720
2020-03-16 09:00,0.323,6.787
2020-03-16 10:00,0.600,8.713
2020-03-16 11:00,0.739,9.833
2020-03-16 12:00,0.764,10.079
2020-03-16 13:00,0.763,10.071
2020-03-16 14:00,0.762,10.061
2020-03-16 15:00,0.801,10.474
2020-03-16 16:00,0.834,10.876
2020-03-16 17:00,0.837,10.917
2020-03-16 18:00,0.826,10.766
2020-03-16 19:00,0.822,10.724
2020-03-16 20:00,0.829,10.809
2020-03-16 21:00,0.818,10.679
2020-03-16 22:00,0.739,9.846
2020-03-16 23:00,0.683,9.358
2020-03-17 00:00,0.692,9.423
2020-03-17 01:00,0.743,9.884
2020-03-17 02:00,0.838,10.934
2020-03-17 03:00,0.913,12.192
2020-03-17 04:00,0.958,13.535
2020-03-17 05:00,0.983,15.026
2020-03-17 06:00,0.987,15.460
2020-03-17 07:00,0.979,14.696
2020-03-17 08:00,0.938,12.844
2020-03-17 09:00,0.847,11.056
2020-03-17 10:00,0.771,10.149
2020-03-17 11:00,0.699,9.484
2020-03-17 12:00,0.619,8.866
2020-03-17 13:00,0.629,8.935
2020-03-17 14:00,0.654,9.127
2020-03-17 15:00,0.664,9.206
2020-03-17 16:00,0.655,9.137
2020-03-17 17:00,0.620,8.874
2020-03-17 18:00,0.595,8.683
2020-03-17 19:00,0.569,8.494
2020-03-17 20:00,0.549,8.350
2020-03-17 21:00,0.492,7.969
2020-03-17 22:00,0.342,6.928
2020-03-17 23:00,0.183,5.609
2020-03-18 00:00,0.114,4.831
2020-03-18 01:00,0.052,3.851
2020-03-18 02:00,0.043,3.662
2020-03-18 03:00,0.063,4.051
2020-03-18 04:00,0.093,4.549
2020-03-18 05:00,0.141,5.164
2020-03-18 06:00,0.200,5.772
2020-03-18 07:00,0.242,6.150
2020-03-18 08:00,0.303,6.635
2020-03-18 09:00,0.481,7.892
2020-03-18 10:00,0.646,9.065
2020-03-18 11:00,0.768,10.127
2020-03-18 12:00,0.798,10.438
2020-03-18 13:00,0.791,10.364
2020-03-18 14:00,0.803,10.496
2020-03-18 15:00,0.809,10.566
2020-03-18 16:00,0.807,10.542
2020-03-18 17:00,0.804,10.515
2020-03-18 18:00,0.820,10.696
2020-03-18 19:00,0.876,11.497
2020-03-18 20:00,0.916,12.276
2020-03-18 21:00,0.929,12.586
2020-03-18 22:00,0.940,12.909
2020-03-18 23:00,0.974,14.368
2020-03-19 00:00,0.992,16.307
2020-03-19 01:00,0.970,19.378
2020-03-19 02:00,0.927,20.661
2020-03-19 03:00,0.945,20.225
2020-03-19 04:00,0.942,20.282
2020-03-19 05:00,0.910,20.998
2020-03-19 06:00,0.890,21.340
2020-03-19 07:00,0.887,21.384
2020-03-19 08:00,0.910,20.990
2020-03-19 09:00,0.960,19.774
2020-03-19 10:00,0.988,18.175
2020-03-19 11:00,0.993,17.069
2020-03-19 12:00,0.991,16.028
2020-03-19 13:00,0.987,15.435
2020-03-19 14:00,0.984,15.111
2020-03-19 15:00,0.984,15.091
2020-03-19 16:00,0.984,15.108
2020-03-19 17:00,0.985,15.170
2020-03-19 18:00,0.987,15.406
2020-03-19 19:00,0.985,15.154
2020-03-19 20:00,0.973,14.269
2020-03-19 21:00,0.948,13.173
2020-03-19 22:00,0.872,11.429
2020-03-19 23:00,0.853,11.137
2020-03-20 00:00,0.852,11.118
2020-03-20 01:00,0.824,10.743
2020-03-20 02:00,0.777,10.218
2020-03-20 03:00,0.695,9.456
2020-03-20 04:00,0.617,8.846
2020-03-20 05:00,0.563,8.456
2020-03-20 06:00,0.536,8.267
2020-03-20 07:00,0.519,8.148
2020-03-20 08:00,0.447,7.650
2020-03-20 09:00,0.449,7.667
2020-03-20 10:00,0.464,7.774
2020-03-20 11:00,0.431,7.552
2020-03-20 12:00,0.396,7.314
2020-03-20 13:00,0.377,7.180
2020-03-20 14:00,0.373,7.140
2020-03-20 15:00,0.367,7.100
2020-03-20 16:00,0.387,7.249
2020-03-20 17:00,0.419,7.472
2020-03-20 18:00,0.432,7.562
2020-03-20 19:00,0.423,7.497
2020-03-20 20:00,0.432,7.560
2020-03-20 21:00,0.479,7.874
2020-03-20 22:00,0.429,7.539
2020-03-20 23:00,0.349,6.978
2020-03-21 00:00,0.486,7.925
2020-03-21 01:00,0.539,8.280
2020-03-21 02:00,0.559,8.424
2020-03-21 03:00,0.597,8.702
2020-03-21 04:00,0.606,8.768
2020-03-21 05:00,0.591,8.659
2020-03-21 06:00,0.581,8.580
2020-03-21 07:00,0.588,8.634
2020-03-21 08:00,0.664,9.203
2020-03-21 09:00,0.709,9.572
2020-03-21 10:00,0.693,9.438
2020-03-21 11:00,0.702,9.517
2020-03-21 12:00,0.752,9.963
2020-03-21 13:00,0.686,9.386
2020-03-21 14:00,0.538,8.277
2020-03-21 15:00,0.446,7.643
2020-03-21 16:00,0.406,7.373
2020-03-21 17:00,0.349,6.976
2020-03-21 18:00,0.311,6.695
2020-03-21 19:00,0.343,6.932
2020-03-21 20:00,0.365,7.080
2020-03-21 21:00,0.409,7.395
2020-03-21 22:00,0.625,8.901
2020-03-21 23:00,0.729,9.740
2020-03-22 00:00,0.694,9.447
2020-03-22 01:00,0.594,8.671
2020-03-22 02:00,0.516,8.123
2020-03-22 03:00,0.439,7.603
2020-03-22 04:00,0.360,7.055
2020-03-22 05:00,0.307,6.663
2020-03-22 06:00,0.192,5.691
2020-03-22 07:00,0.061,4.020
2020-03-22 08:00,0.126,4.985
2020-03-22 09:00,0.186,5.641
2020-03-22 10:00,0.124,4.965
2020-03-22 11:00,0.062,4.026
2020-03-22 12:00,0.027,3.241
2020-03-22 13:00,0.009,2.525
2020-03-22 14:00,0.006,2.340
2020-03-22 15:00,0.005,2.215
2020-03-22 16:00,0.012,2.680
2020-03-22 17:00,0.038,3.531
2020-03-22 18:00,0.099,4.622
2020-03-22 19:00,0.182,5.594
2020-03-22 20:00,0.237,6.099
2020-03-22 21:00,0.227,6.013
2020-03-22 22:00,0.131,5.031
2020-03-22 23:00,0.059,3.988
2020-03-23 00:00,0.097,4.595
2020-03-23 01:00,0.157,5.338
2020-03-23 02:00,0.239,6.121
2020-03-23 03:00,0.312,6.702
2020-03-23 04:00,0.377,7.179
2020-03-23 05:00,0.390,7.259
2020-03-23 06:00,0.293,6.558
2020-03-23 07:00,0.154,5.303
2020-03-23 08:00,0.154,5.300
2020-03-23 09:00,0.375,7.163
2020-03-23 10:00,0.559,8.419
2020-03-23 11:00,0.601,8.729
2020-03-23 12:00,0.514,8.114
2020-03-23 13:00,0.359,7.052
2020-03-23 14:00,0.235,6.084
2020-03-23 15:00,0.163,5.406
2020-03-23 16:00,0.115,4.844
2020-03-23 17:00,0.078,4.318
2020-03-23 18:00,0.052,3.842
2020-03-23 19:00,0.035,3.465
2020-03-23 20:00,0.028,3.283
2020-03-23 21:00,0.024,3.144
2020-03-23 22:00,0.018,2.927
2020-03-23 23:00,0.011,2.639
2020-03-24 00:00,0.001,1.511
2020-03-24 01:00,0,0.385
2020-03-24 02:00,0,0.137
2020-03-24 03:00,0,0.021
2020-03-24 04:00,0,0.016
2020-03-24 05:00,0,0.019
2020-03-24 06:00,0,0.039
2020-03-24 07:00,0.002,1.900
2020-03-24 08:00,0.130,5.023
2020-03-24 09:00,0.223,5.970
2020-03-24 10:00,0.201,5.778
2020-03-24 11:00,0.150,5.262
2020-03-24 12:00,0.118,4.879
2020-03-24 13:00,0.102,4.661
2020-03-24 14:00,0.093,4.533
2020-03-24 15:00,0.084,4.401
2020-03-24 16:00,0.089,4.479
2020-03-24 17:00,0.104,4.698
2020-03-24 18:00,0.113,4.810
2020-03-24 19:00,0.109,4.771
2020-03-24 20:00,0.102,4.675
2020-03-24 21:00,0.092,4.526
2020-03-24 22:00,0.078,4.317
2020-03-24 23:00,0.075,4.263
2020-03-25 00:00,0.101,4.651
2020-03-25 01:00,0.112,4.802
2020-03-25 02:00,0.127,4.992
2020-03-25 03:00,0.148,5.245
2020-03-25 04:00,0.180,5.571
2020-03-25 05:00,0.224,5.982
2020-03-25 06:00,0.238,6.115
2020-03-25 07:00,0.252,6.226
2020-03-25 08:00,0.325,6.806
2020-03-25 09:00,0.443,7.632
2020-03-25 10:00,0.485,7.916
2020-03-25 11:00,0.454,7.711
2020-03-25 12:00,0.362,7.072
2020-03-25 13:00,0.277,6.435
2020-03-25 14:00,0.238,6.100
2020-03-25 15:00,0.271,6.390
2020-03-25 16:00,0.275,6.416
2020-03-25 17:00,0.227,6.013
2020-03-25 18:00,0.206,5.826
2020-03-25 19:00,0.183,5.613
2020-03-25 20:00,0.181,5.585
2020-03-25 21:00,0.155,5.307
2020-03-25 22:00,0.124,4.955
2020-03-25 23:00,0.082,4.373
2020-03-26 00:00,0.113,4.809
2020-03-26 01:00,0.229,6.027
2020-03-26 02:00,0.295,6.571
2020-03-26 03:00,0.360,7.055
2020-03-26 04:00,0.451,7.690
2020-03-26 05:00,0.528,8.213
2020-03-26 06:00,0.569,8.500
2020-03-26 07:00,0.580,8.571
2020-03-26 08:00,0.510,8.089
2020-03-26 09:00,0.411,7.412
2020-03-26 10:00,0.347,6.959
2020-03-26 11:00,0.335,6.875
2020-03-26 12:00,0.342,6.918
2020-03-26 13:00,0.338,6.888
2020-03-26 14:00,0.286,6.507
2020-03-26 15:00,0.189,5.670
2020-03-26 16:00,0.106,4.728
2020-03-26 17:00,0.084,4.394
2020-03-26 18:00,0.137,5.110
2020-03-26 19:00,0.229,6.030
2020-03-26 20:00,0.309,6.680
2020-03-26 21:00,0.348,6.968
2020-03-26 22:00,0.205,5.820
2020-03-26 23:00,0.085,4.425
2020-03-27 00:00,0.152,5.276
2020-03-27 01:00,0.476,7.850
2020-03-27 02:00,0.750,9.944
2020-03-27 03:00,0.729,9.747
2020-03-27 04:00,0.678,9.315
2020-03-27 05:00,0.704,9.534
2020-03-27 06:00,0.604,8.742
2020-03-27 07:00,0.489,7.950
2020-03-27 08:00,0.403,7.350
2020-03-27 09:00,0.361,7.065
2020-03-27 10:00,0.292,6.556
2020-03-27 11:00,0.184,5.622
2020-03-27 12:00,0.084,4.405
2020-03-27 13:00,0.056,3.917
2020-03-27 14:00,0.030,3.326
2020-03-27 15:00,0.014,2.789
2020-03-27 16:00,0.010,2.606
2020-03-27 17:00,0.016,2.863
2020-03-27 18:00,0.022,3.104
2020-03-27 19:00,0.037,3.520
2020-03-27 20:00,0.072,4.211
2020-03-27 21:00,0.134,5.083
2020-03-27 22:00,0.172,5.497
2020-03-27 23:00,0.222,5.966
2020-03-28 00:00,0.273,6.402
2020-03-28 01:00,0.393,7.292
2020-03-28 02:00,0.488,7.939
2020-03-28 03:00,0.476,7.860
2020-03-28 04:00,0.409,7.392
2020-03-28 05:00,0.363,7.074
2020-03-28 06:00,0.316,6.729
2020-03-28 07:00,0.332,6.849
2020-03-28 08:00,0.444,7.635
2020-03-28 09:00,0.640,9.017
2020-03-28 10:00,0.756,10.005
2020-03-28 11:00,0.791,10.360
2020-03-28 12:00,0.768,10.125
2020-03-28 13:00,0.685,9.374
2020-03-28 14:00,0.640,9.021
2020-03-28 15:00,0.619,8.865
2020-03-28 16:00,0.558,8.418
2020-03-28 17:00,0.543,8.314
2020-03-28 18:00,0.493,7.975
2020-03-28 19:00,0.423,7.500
2020-03-28 20:00,0.435,7.577
2020-03-28 21:00,0.487,7.936
2020-03-28 22:00,0.546,8.341
2020-03-28 23:00,0.554,8.391
2020-03-29 00:00,0.432,7.557
2020-03-29 01:00,0.342,6.919
2020-03-29 02:00,0.361,7.063
2020-03-29 03:00,0.386,7.235
2020-03-29 04:00,0.325,6.804
2020-03-29 05:00,0.197,5.742
2020-03-29 06:00,0.102,4.671
2020-03-29 07:00,0.070,4.187
2020-03-29 08:00,0.073,4.225
2020-03-29 09:00,0.096,4.588
2020-03-29 10:00,0.113,4.816
2020-03-29 11:00,0.108,4.749
2020-03-29 12:00,0.099,4.618
2020-03-29 13:00,0.085,4.418
2020-03-29 14:00,0.066,4.113
2020-03-29 15:00,0.038,3.550
2020-03-29 16:00,0.016,2.857
2020-03-29 17:00,0.009,2.495
2020-03-29 18:00,0.005,2.261
2020-03-29 19:00,0.004,2.145
2020-03-29 20:00,0.005,2.217
2020-03-29 21:00,0.003,2.008
2020-03-29 22:00,0.001,1.532
2020-03-29 23:00,0,0.844
2020-03-30 00:00,0,0.222
2020-03-30 01:00,0,0.031
2020-03-30 02:00,0,0.021
2020-03-30 03:00,0,0.014
2020-03-30 04:00,0,0.030
2020-03-30 05:00,0,0.067
2020-03-30 06:00,0,1.056
2020-03-30 07:00,0.059,3.988
2020-03-30 08:00,0.208,5.849
2020-03-30 09:00,0.271,6.387
2020-03-30 10:00,0.236,6.095
2020-03-30 11:00,0.171,5.488
2020-03-30 12:00,0.113,4.821
2020-03-30 13:00,0.067,4.126
2020-03-30 14:00,0.038,3.541
2020-03-30 15:00,0.019,2.975
2020-03-30 16:00,0.007,2.379
2020-03-30 17:00,0.002,1.833
2020-03-30 18:00,0.001,1.540
2020-03-30 19:00,0,1.401
2020-03-30 20:00,0,1.256
2020-03-30 21:00,0,0.943
2020-03-30 22:00,0,1.278
2020-03-30 23:00,0.002,1.908
2020-03-31 00:00,0.001,1.723
2020-03-31 01:00,0,1.144
2020-03-31 02:00,0,0.598
2020-03-31 03:00,0,0.475
2020-03-31 04:00,0,0.123
2020-03-31 05:00,0,0.401
2020-03-31 06:00,0.001,1.770
2020-03-31 07:00,0.058,3.958
2020-03-31 08:00,0.095,4.578
2020-03-31 09:00,0.131,5.031
2020-03-31 10:00,0.127,4.993
2020-03-31 11:00,0.096,4.584
2020-03-31 12:00,0.056,3.931
2020-03-31 13:00,0.026,3.201
2020-03-31 14:00,0.020,3.006
2020-03-31 15:00,0.022,3.087
2020-03-31 16:00,0.006,2.289
2020-03-31 17:00,0.011,2.644
2020-03-31 18:00,0.018,2.951
2020-03-31 19:00,0.040,3.585
2020-03-31 20:00,0.032,3.370
2020-03-31 21:00,0.025,3.179
2020-03-31 22:00,0.025,3.186
2020-03-31 23:00,0.029,3.300
2020-04-01 00:00,0.030,3.323
2020-04-01 01:00,0.073,4.241
2020-04-01 02:00,0.257,6.273
2020-04-01 03:00,0.454,7.713
2020-04-01 04:00,0.546,8.337
2020-04-01 05:00,0.565,8.471
2020-04-01 06:00,0.563,8.456
2020-04-01 07:00,0.562,8.454
2020-04-01 08:00,0.581,8.586
2020-04-01 09:00,0.643,9.040
2020-04-01 10:00,0.685,9.375
2020-04-01 11:00,0.742,9.874
2020-04-01 12:00,0.771,10.145
2020-04-01 13:00,0.777,10.213
2020-04-01 14:00,0.774,10.183
2020-04-01 15:00,0.733,9.793
2020-04-01 16:00,0.663,9.188
2020-04-01 17:00,0.591,8.660
2020-04-01 18:00,0.531,8.233
2020-04-01 19:00,0.413,7.428
2020-04-01 20:00,0.322,6.777
2020-04-01 21:00,0.242,6.145
2020-04-01 22:00,0.115,4.840
2020-04-01 23:00,0.045,3.690
2020-04-02 00:00,0.025,3.175
2020-04-02 01:00,0.017,2.907
2020-04-02 02:00,0.029,3.315
2020-04-02 03:00,0.065,4.090
2020-04-02 04:00,0.116,4.856
2020-04-02 05:00,0.179,5.556
2020-04-02 06:00,0.238,6.110
2020-04-02 07:00,0.304,6.645
2020-04-02 08:00,0.310,6.687
2020-04-02 09:00,0.345,6.944
2020-04-02 10:00,0.365,7.092
2020-04-02 11:00,0.381,7.208
2020-04-02 12:00,0.387,7.240
2020-04-02 13:00,0.403,7.355
2020-04-02 14:00,0.453,7.703
2020-04-02 15:00,0.524,8.189
2020-04-02 16:00,0.569,8.501
2020-04-02 17:00,0.606,8.761
2020-04-02 18:00,0.663,9.191
2020-04-02 19:00,0.716,9.634
2020-04-02 20:00,0.742,9.868
2020-04-02 21:00,0.729,9.746
2020-04-02 22:00,0.586,8.624
2020-04-02 23:00,0.416,7.449
2020-04-03 00:00,0.403,7.356
2020-04-03 01:00,0.205,5.820
2020-04-03 02:00,0.074,4.247
2020-04-03 03:00,0.048,3.759
2020-04-03 04:00,0.063,4.052
2020-04-03 05:00,0.118,4.881
2020-04-03 06:00,0.232,6.064
2020-04-03 07:00,0.398,7.323
2020-04-03 08:00,0.513,8.105
2020-04-03 09:00,0.658,9.159
2020-04-03 10:00,0.782,10.273
2020-04-03 11:00,0.839,10.937
2020-04-03 12:00,0.818,10.679
2020-04-03 13:00,0.809,10.566
2020-04-03 14:00,0.836,10.895
2020-04-03 15:00,0.851,11.112
2020-04-03 16:00,0.875,11.480
2020-04-03 17:00,0.897,11.875
2020-04-03 18:00,0.912,12.185
2020-04-03 19:00,0.919,12.355
2020-04-03 20:00,0.928,12.565
2020-04-03 21:00,0.937,12.813
2020-04-03 22:00,0.926,12.534
2020-04-03 23:00,0.951,13.263
2020-04-04 00:00,0.943,13.016
2020-04-04 01:00,0.854,11.142
2020-04-04 02:00,0.686,9.384
2020-04-04 03:00,0.449,7.668
2020-04-04 04:00,0.229,6.033
2020-04-04 05:00,0.103,4.683
2020-04-04 06:00,0.018,2.930
2020-04-04 07:00,0.006,2.334
2020-04-04 08:00,0.014,2.792
2020-04-04 09:00,0.117,4.862
2020-04-04 10:00,0.109,4.770
2020-04-04 11:00,0.113,4.825
2020-04-04 12:00,0.139,5.136
2020-04-04 13:00,0.184,5.619
2020-04-04 14:00,0.212,5.888
2020-04-04 15:00,0.184,5.621
2020-04-04 16:00,0.135,5.091
2020-04-04 17:00,0.135,5.091
2020-04-04 18:00,0.198,5.757
2020-04-04 19:00,0.309,6.678
2020-04-04 20:00,0.402,7.348
2020-04-04 21:00,0.382,7.211
2020-04-04 22:00,0.232,6.062
2020-04-04 23:00,0.179,5.555
2020-04-05 00:00,0.134,5.070
2020-04-05 01:00,0.065,4.086
2020-04-05 02:00,0.027,3.239
2020-04-05 03:00,0.011,2.651
2020-04-05 04:00,0.006,2.286
2020-04-05 05:00,0.003,2.060
2020-04-05 06:00,0.002,1.817
2020-04-05 07:00,0.001,1.581
2020-04-05 08:00,0,0.736
2020-04-05 09:00,0,0.563
2020-04-05 10:00,0,0.486
2020-04-05 11:00,0,0.496
2020-04-05 12:00,0.001,1.671
2020-04-05 13:00,0.008,2.439
2020-04-05 14:00,0.029,3.308
2020-04-05 15:00,0.070,4.185
2020-04-05 16:00,0.137,5.114
2020-04-05 17:00,0.218,5.939
2020-04-05 18:00,0.297,6.591
2020-04-05 19:00,0.371,7.134
2020-04-05 20:00,0.408,7.386
2020-04-05 21:00,0.337,6.884
2020-04-05 22:00,0.181,5.577
2020-04-05 23:00,0.108,4.751
2020-04-06 00:00,0.080,4.351
2020-04-06 01:00,0.052,3.839
2020-04-06 02:00,0.043,3.641
2020-04-06 03:00,0.042,3.616
2020-04-06 04:00,0.034,3.429
2020-04-06 05:00,0.038,3.550
2020-04-06 06:00,0.054,3.882
2020-04-06 07:00,0.063,4.066
2020-04-06 08:00,0.057,3.942
2020-04-06 09:00,0.071,4.202
2020-04-06 10:00,0.146,5.222
2020-04-06 11:00,0.324,6.795
2020-04-06 12:00,0.569,8.495
2020-04-06 13:00,0.741,9.861
2020-04-06 14:00,0.783,10.283
2020-04-06 15:00,0.757,10.015
2020-04-06 16:00,0.741,9.868
2020-04-06 17:00,0.691,9.417
2020-04-06 18:00,0.647,9.078
2020-04-06 19:00,0.633,8.969
2020-04-06 20:00,0.639,9.005
2020-04-06 21:00,0.625,8.909
2020-04-06 22:00,0.514,8.114
2020-04-06 23:00,0.429,7.535
2020-04-07 00:00,0.365,7.091
2020-04-07 01:00,0.211,5.877
2020-04-07 02:00,0.159,5.358
2020-04-07 03:00,0.204,5.804
2020-04-07 04:00,0.278,6.435
2020-04-07 05:00,0.380,7.202
2020-04-07 06:00,0.494,7.979
2020-04-07 07:00,0.577,8.550
2020-04-07 08:00,0.523,8.184
2020-04-07 09:00,0.463,7.770
2020-04-07 10:00,0.426,7.510
2020-04-07 11:00,0.401,7.344
2020-04-07 12:00,0.365,7.083
2020-04-07 13:00,0.450,7.677
2020-04-07 14:00,0.618,8.858
2020-04-07 15:00,0.708,9.565
2020-04-07 16:00,0.742,9.874
2020-04-07 17:00,0.740,9.857
2020-04-07 18:00,0.739,9.841
2020-04-07 19:00,0.726,9.725
2020-04-07 20:00,0.719,9.655
2020-04-07 21:00,0.684,9.365
2020-04-07 22:00,0.609,8.779
2020-04-07 23:00,0.600,8.711
2020-04-08 00:00,0.730,9.765
2020-04-08 01:00,0.730,9.763
2020-04-08 02:00,0.729,9.748
2020-04-08 03:00,0.727,9.734
2020-04-08 04:00,0.701,9.504
2020-04-08 05:00,0.667,9.230
2020-04-08 06:00,0.572,8.520
2020-04-08 07:00,0.410,7.401
2020-04-08 08:00,0.240,6.127
2020-04-08 09:00,0.150,5.258
2020-04-08 10:00,0.103,4.688
2020-04-08 11:00,0.065,4.102
2020-04-08 12:00,0.030,3.334
2020-04-08 13:00,0.013,2.757
2020-04-08 14:00,0.007,2.419
2020-04-08 15:00,0.004,2.148
2020-04-08 16:00,0.015,2.839
2020-04-08 17:00,0.049,3.782
2020-04-08 18:00,0.103,4.688
2020-04-08 19:00,0.153,5.291
2020-04-08 20:00,0.199,5.765
2020-04-08 21:00,0.230,6.038
2020-04-08 22:00,0.205,5.819
2020-04-08 23:00,0.212,5.886
2020-04-09 00:00,0.243,6.153
2020-04-09 01:00,0.256,6.256
2020-04-09 02:00,0.276,6.429
2020-04-09 03:00,0.254,6.245
2020-04-09 04:00,0.206,5.833
2020-04-09 05:00,0.156,5.334
2020-04-09 06:00,0.105,4.710
2020-04-09 07:00,0.136,5.100
2020-04-09 08:00,0.306,6.657
2020-04-09 09:00,0.598,8.703
2020-04-09 10:00,0.751,9.955
2020-04-09 11:00,0.759,10.035
2020-04-09 12:00,0.664,9.207
2020-04-09 13:00,0.542,8.302
2020-04-09 14:00,0.455,7.715
2020-04-09 15:00,0.395,7.303
2020-04-09 16:00,0.355,7.019
2020-04-09 17:00,0.355,7.020
2020-04-09 18:00,0.352,6.992
2020-04-09 19:00,0.334,6.866
2020-04-09 20:00,0.325,6.806
2020-04-09 21:00,0.332,6.847
2020-04-09 22:00,0.292,6.555
2020-04-09 23:00,0.250,6.207
2020-04-10 00:00,0.194,5.710
2020-04-10 01:00,0.135,5.087
2020-04-10 02:00,0.038,3.543
2020-04-10 03:00,0.002,1.891
2020-04-10 04:00,0,0.651
2020-04-10 05:00,0,0.211
2020-04-10 06:00,0,0.333
2020-04-10 07:00,0.001,1.645
2020-04-10 08:00,0.023,3.131
2020-04-10 09:00,0.043,3.653
2020-04-10 10:00,0.048,3.772
2020-04-10 11:00,0.041,3.605
2020-04-10 12:00,0.043,3.636
2020-04-10 13:00,0.064,4.083
2020-04-10 14:00,0.071,4.201
2020-04-10 15:00,0.077,4.296
2020-04-10 16:00,0.088,4.471
2020-04-10 17:00,0.093,4.541
2020-04-10 18:00,0.091,4.518
2020-04-10 19:00,0.087,4.452
2020-04-10 20:00,0.078,4.318
2020-04-10 21:00,0.072,4.210
2020-04-10 22:00,0.067,4.126
2020-04-10 23:00,0.054,3.882
2020-04-11 00:00,0.058,3.950
2020-04-11 01:00,0.079,4.336
2020-04-11 02:00,0.103,4.679
2020-04-11 03:00,0.129,5.015
2020-04-11 04:00,0.147,5.230
2020-04-11 05:00,0.129,5.020
2020-04-11 06:00,0.084,4.394
2020-04-11 07:00,0.068,4.142
2020-04-11 08:00,0.069,4.158
2020-04-11 09:00,0.084,4.392
2020-04-11 10:00,0.095,4.571
2020-04-11 11:00,0.099,4.617
2020-04-11 12:00,0.112,4.797
2020-04-11 13:00,0.117,4.864
2020-04-11 14:00,0.102,4.669
2020-04-11 15:00,0.070,4.190
2020-04-11 16:00,0.037,3.509
2020-04-11 17:00,0.014,2.776
2020-04-11 18:00,0.003,2.020
2020-04-11 19:00,0,1.167
2020-04-11 20:00,0.003,1.980
2020-04-11 21:00,0.024,3.165
2020-04-11 22:00,0.082,4.374
2020-04-11 23:00,0.237,6.099
2020-04-12 00:00,0.459,7.736
2020-04-12 01:00,0.667,9.231
2020-04-12 02:00,0.826,10.758
2020-04-12 03:00,0.912,12.174
2020-04-12 04:00,0.950,13.241
2020-04-12 05:00,0.966,13.915
2020-04-12 06:00,0.975,14.389
2020-04-12 07:00,0.980,14.711
2020-04-12 08:00,0.980,14.744
2020-04-12 09:00,0.974,14.363
2020-04-12 10:00,0.968,13.985
2020-04-12 11:00,0.966,13.898
2020-04-12 12:00,0.968,13.990
2020-04-12 13:00,0.971,14.146
2020-04-12 14:00,0.974,14.312
2020-04-12 15:00,0.978,14.639
2020-04-12 16:00,0.983,14.969
2020-04-12 17:00,0.987,15.458
2020-04-12 18:00,0.986,15.327
2020-04-12 19:00,0.983,15.009
2020-04-12 20:00,0.983,15.002
2020-04-12 21:00,0.984,15.107
2020-04-12 22:00,0.984,15.091
2020-04-12 23:00,0.987,15.482
2020-04-13 00:00,0.990,15.777
2020-04-13 01:00,0.991,16.034
2020-04-13 02:00,0.992,16.314
2020-04-13 03:00,0.993,17.010
2020-04-13 04:00,0.991,17.797
2020-04-13 05:00,0.986,18.326
2020-04-13 06:00,0.984,18.519
2020-04-13 07:00,0.989,18.038
2020-04-13 08:00,0.993,17.029
2020-04-13 09:00,0.987,15.378
2020-04-13 10:00,0.960,13.637
2020-04-13 11:00,0.889,11.715
2020-04-13 12:00,0.716,9.634
2020-04-13 13:00,0.436,7.578
2020-04-13 14:00,0.215,5.912
2020-04-13 15:00,0.166,5.439
2020-04-13 16:00,0.254,6.238
2020-04-13 17:00,0.435,7.575
2020-04-13 18:00,0.628,8.923
2020-04-13 19:00,0.734,9.798
2020-04-13 20:00,0.779,10.239
2020-04-13 21:00,0.779,10.232
2020-04-13 22:00,0.664,9.205
2020-04-13 23:00,0.595,8.683
2020-04-14 00:00,0.729,9.751
2020-04-14 01:00,0.776,10.200
2020-04-14 02:00,0.741,9.864
2020-04-14 03:00,0.653,9.121
2020-04-14 04:00,0.563,8.458
2020-04-14 05:00,0.507,8.068
2020-04-14 06:00,0.467,7.800
2020-04-14 07:00,0.431,7.551
2020-04-14 08:00,0.356,7.025
2020-04-14 09:00,0.393,7.282
2020-04-14 10:00,0.493,7.977
2020-04-14 11:00,0.611,8.796
2020-04-14 12:00,0.704,9.531
2020-04-14 13:00,0.751,9.954
2020-04-14 14:00,0.771,10.149
2020-04-14 15:00,0.789,10.338
2020-04-14 16:00,0.804,10.508
2020-04-14 17:00,0.806,10.533
2020-04-14 18:00,0.808,10.558
2020-04-14 19:00,0.812,10.596
2020-04-14 20:00,0.806,10.530
2020-04-14 21:00,0.753,9.976
2020-04-14 22:00,0.584,8.611
2020-04-14 23:00,0.367,7.110
2020-04-15 00:00,0.257,6.275
2020-04-15 01:00,0.102,4.670
2020-04-15 02:00,0.022,3.091
2020-04-15 03:00,0.015,2.799
2020-04-15 04:00,0.021,3.036
2020-04-15 05:00,0.036,3.472
2020-04-15 06:00,0.070,4.176
2020-04-15 07:00,0.149,5.253
2020-04-15 08:00,0.291,6.543
2020-04-15 09:00,0.497,7.999
2020-04-15 10:00,0.700,9.501
2020-04-15 11:00,0.797,10.429
2020-04-15 12:00,0.833,10.848
2020-04-15 13:00,0.826,10.770
2020-04-15 14:00,0.795,10.410
2020-04-15 15:00,0.721,9.672
2020-04-15 16:00,0.618,8.854
2020-04-15 17:00,0.533,8.243
2020-04-15 18:00,0.463,7.764
2020-04-15 19:00,0.403,7.360
2020-04-15 20:00,0.348,6.961
2020-04-15 21:00,0.335,6.867
2020-04-15 22:00,0.304,6.647
2020-04-15 23:00,0.297,6.581
2020-04-16 00:00,0.298,6.596
2020-04-16 01:00,0.297,6.590
2020-04-16 02:00,0.267,6.349
2020-04-16 03:00,0.206,5.825
2020-04-16 04:00,0.168,5.451
2020-04-16 05:00,0.159,5.364
2020-04-16 06:00,0.167,5.443
2020-04-16 07:00,0.169,5.454
2020-04-16 08:00,0.135,5.088
2020-04-16 09:00,0.143,5.182
2020-04-16 10:00,0.243,6.155
2020-04-16 11:00,0.239,6.125
2020-04-16 12:00,0.172,5.498
2020-04-16 13:00,0.183,5.607
2020-04-16 14:00,0.214,5.901
2020-04-16 15:00,0.257,6.274
2020-04-16 16:00,0.235,6.078
2020-04-16 17:00,0.273,6.404
2020-04-16 18:00,0.359,7.048
2020-04-16 19:00,0.310,6.685
2020-04-16 20:00,0.118,4.881
2020-04-16 21:00,0.020,3.007
2020-04-16 22:00,0.010,2.555
2020-04-16 23:00,0.037,3.525
2020-04-17 00:00,0.062,4.030
2020-04-17 01:00,0.235,6.078
2020-04-17 02:00,0.491,7.962
2020-04-17 03:00,0.755,9.996
2020-04-17 04:00,0.882,11.594
2020-04-17 05:00,0.926,12.510
2020-04-17 06:00,0.901,11.960
2020-04-17 07:00,0.803,10.496
2020-04-17 08:00,0.591,8.654
2020-04-17 09:00,0.409,7.393
2020-04-17 10:00,0.293,6.563
2020-04-17 11:00,0.209,5.855
2020-04-17 12:00,0.169,5.456
2020-04-17 13:00,0.139,5.140
2020-04-17 14:00,0.169,5.457
2020-04-17 15:00,0.261,6.304
2020-04-17 16:00,0.382,7.213
2020-04-17 17:00,0.521,8.163
2020-04-17 18:00,0.637,8.999
2020-04-17 19:00,0.720,9.668
2020-04-17 20:00,0.778,10.224
2020-04-17 21:00,0.813,10.606
2020-04-17 22:00,0.856,11.181
2020-04-17 23:00,0.918,12.316
2020-04-18 00:00,0.933,12.702
2020-04-18 01:00,0.915,12.256
2020-04-18 02:00,0.892,11.764
2020-04-18 03:00,0.853,11.127
2020-04-18 04:00,0.791,10.354
2020-04-18 05:00,0.725,9.715
2020-04-18 06:00,0.647,9.078
2020-04-18 07:00,0.572,8.522
2020-04-18 08:00,0.486,7.923
2020-04-18 09:00,0.423,7.497
2020-04-18 10:00,0.383,7.219
2020-04-18 11:00,0.335,6.875
2020-04-18 12:00,0.298,6.597
2020-04-18 13:00,0.308,6.666
2020-04-18 14:00,0.281,6.461
2020-04-18 15:00,0.224,5.981
2020-04-18 16:00,0.188,5.654
2020-04-18 17:00,0.154,5.296
2020-04-18 18:00,0.134,5.078
2020-04-18 19:00,0.178,5.549
2020-04-18 20:00,0.243,6.159
2020-04-18 21:00,0.286,6.509
2020-04-18 22:00,0.221,5.955
2020-04-18 23:00,0.197,5.742
2020-04-19 00:00,0.199,5.764
2020-04-19 01:00,0.225,5.999
2020-04-19 02:00,0.260,6.301
2020-04-19 03:00,0.301,6.618
2020-04-19 04:00,0.366,7.097
2020-04-19 05:00,0.505,8.051
2020-04-19 06:00,0.533,8.240
2020-04-19 07:00,0.526,8.204
2020-04-19 08:00,0.587,8.626
2020-04-19 09:00,0.663,9.188
2020-04-19 10:00,0.667,9.230
2020-04-19 11:00,0.669,9.242
2020-04-19 12:00,0.647,9.073
2020-04-19 13:00,0.657,9.146
2020-04-19 14:00,0.669,9.241
2020-04-19 15:00,0.650,9.099
2020-04-19 16:00,0.503,8.042
2020-04-19 17:00,0.339,6.908
2020-04-19 18:00,0.342,6.919
2020-04-19 19:00,0.365,7.087
2020-04-19 20:00,0.322,6.779
2020-04-19 21:00,0.234,6.073
2020-04-19 22:00,0.170,5.475
2020-04-19 23:00,0.167,5.442
2020-04-20 00:00,0.194,5.702
2020-04-20 01:00,0.224,5.978
2020-04-20 02:00,0.313,6.705
2020-04-20 03:00,0.504,8.044
2020-04-20 04:00,0.726,9.727
2020-04-20 05:00,0.878,11.523
2020-04-20 06:00,0.941,12.935
2020-04-20 07:00,0.972,14.206
2020-04-20 08:00,0.980,14.789
2020-04-20 09:00,0.962,13.717
2020-04-20 10:00,0.954,13.393
2020-04-20 11:00,0.965,13.864
2020-04-20 12:00,0.962,13.699
2020-04-20 13:00,0.934,12.743
2020-04-20 14:00,0.887,11.683
2020-04-20 15:00,0.853,11.126
2020-04-20 16:00,0.817,10.656
2020-04-20 17:00,0.797,10.424
2020-04-20 18:00,0.797,10.430
2020-04-20 19:00,0.809,10.567
2020-04-20 20:00,0.797,10.428
2020-04-20 21:00,0.729,9.756
2020-04-20 22:00,0.645,9.050
2020-04-20 23:00,0.606,8.765
2020-04-21 00:00,0.704,9.535
2020-04-21 01:00,0.853,11.139
2020-04-21 02:00,0.945,13.058
2020-04-21 03:00,0.976,14.475
2020-04-21 04:00,0.989,15.679
2020-04-21 05:00,0.993,17.041
2020-04-21 06:00,0.992,17.546
2020-04-21 07:00,0.991,17.676
2020-04-21 08:00,0.991,17.673
2020-04-21 09:00,0.993,17.086
2020-04-21 10:00,0.992,16.287
2020-04-21 11:00,0.988,15.510
2020-04-21 12:00,0.981,14.834
2020-04-21 13:00,0.973,14.261
2020-04-21 14:00,0.960,13.643
2020-04-21 15:00,0.949,13.208
2020-04-21 16:00,0.937,12.823
2020-04-21 17:00,0.934,12.737
2020-04-21 18:00,0.947,13.126
2020-04-21 19:00,0.951,13.280
2020-04-21 20:00,0.943,12.989
2020-04-21 21:00,0.889,11.723
2020-04-21 22:00,0.867,11.330
2020-04-21 23:00,0.905,12.032
2020-04-22 00:00,0.921,12.392
2020-04-22 01:00,0.934,12.741
2020-04-22 02:00,0.954,13.410
2020-04-22 03:00,0.971,14.148
2020-04-22 04:00,0.977,14.565
2020-04-22 05:00,0.983,14.980
2020-04-22 06:00,0.985,15.236
2020-04-22 07:00,0.984,15.140
2020-04-22 08:00,0.978,14.607
2020-04-22 09:00,0.965,13.860
2020-04-22 10:00,0.949,13.206
2020-04-22 11:00,0.931,12.656
2020-04-22 12:00,0.924,12.474
2020-04-22 13:00,0.920,12.366
2020-04-22 14:00,0.912,12.176
2020-04-22 15:00,0.903,11.994
2020-04-22 16:00,0.896,11.851
2020-04-22 17:00,0.891,11.754
2020-04-22 18:00,0.880,11.555
2020-04-22 19:00,0.868,11.348
2020-04-22 20:00,0.856,11.186
2020-04-22 21:00,0.839,10.940
2020-04-22 22:00,0.840,10.960
2020-04-22 23:00,0.884,11.639
2020-04-23 00:00,0.892,11.770
2020-04-23 01:00,0.892,11.771
2020-04-23 02:00,0.896,11.855
2020-04-23 03:00,0.900,11.923
2020-04-23 04:00,0.897,11.880
2020-04-23 05:00,0.876,11.492
2020-04-23 06:00,0.855,11.153
2020-04-23 07:00,0.846,11.044
2020-04-23 08:00,0.849,11.072
2020-04-23 09:00,0.858,11.215
2020-04-23 10:00,0.883,11.617
2020-04-23 11:00,0.898,11.885
2020-04-23 12:00,0.882,11.581
2020-04-23 13:00,0.840,10.961
2020-04-23 14:00,0.817,10.651
2020-04-23 15:00,0.846,11.037
2020-04-23 16:00,0.879,11.545
2020-04-23 17:00,0.893,11.786
2020-04-23 18:00,0.893,11.800
2020-04-23 19:00,0.889,11.730
2020-04-23 20:00,0.879,11.545
2020-04-23 21:00,0.818,10.672
2020-04-23 22:00,0.752,9.957
2020-04-23 23:00,0.791,10.351
2020-04-24 00:00,0.767,10.112
2020-04-24 01:00,0.663,9.199
2020-04-24 02:00,0.628,8.927
2020-04-24 03:00,0.729,9.757
2020-04-24 04:00,0.861,11.244
2020-04-24 05:00,0.936,12.795
2020-04-24 06:00,0.967,13.948
2020-04-24 07:00,0.977,14.518
2020-04-24 08:00,0.974,14.365
2020-04-24 09:00,0.945,13.058
2020-04-24 10:00,0.895,11.838
2020-04-24 11:00,0.847,11.053
2020-04-24 12:00,0.792,10.371
2020-04-24 13:00,0.760,10.048
2020-04-24 14:00,0.777,10.206
2020-04-24 15:00,0.811,10.582
2020-04-24 16:00,0.840,10.956
2020-04-24 17:00,0.864,11.304
2020-04-24 18:00,0.890,11.736
2020-04-24 19:00,0.907,12.073
2020-04-24 20:00,0.912,12.187
2020-04-24 21:00,0.935,12.766
2020-04-24 22:00,0.963,13.770
2020-04-24 23:00,0.990,15.895
2020-04-25 00:00,0.993,17.264
2020-04-25 01:00,0.990,17.957
2020-04-25 02:00,0.984,18.556
2020-04-25 03:00,0.978,18.972
2020-04-25 04:00,0.972,19.288
2020-04-25 05:00,0.973,19.241
2020-04-25 06:00,0.977,19.030
2020-04-25 07:00,0.986,18.334
2020-04-25 08:00,0.993,17.025
2020-04-25 09:00,0.988,15.534
2020-04-25 10:00,0.969,14.054
2020-04-25 11:00,0.926,12.508
2020-04-25 12:00,0.874,11.455
2020-04-25 13:00,0.853,11.123
2020-04-25 14:00,0.796,10.414
2020-04-25 15:00,0.795,10.400
2020-04-25 16:00,0.808,10.559
2020-04-25 17:00,0.803,10.496
2020-04-25 18:00,0.800,10.459
2020-04-25 19:00,0.776,10.205
2020-04-25 20:00,0.752,9.969
2020-04-25 21:00,0.632,8.964
2020-04-25 22:00,0.492,7.967
2020-04-25 23:00,0.380,7.197
2020-04-26 00:00,0.327,6.816
2020-04-26 01:00,0.294,6.569
2020-04-26 02:00,0.250,6.209
2020-04-26 03:00,0.204,5.807
2020-04-26 04:00,0.168,5.446
2020-04-26 05:00,0.124,4.962
2020-04-26 06:00,0.110,4.778
2020-04-26 07:00,0.103,4.684
2020-04-26 08:00,0.087,4.455
2020-04-26 09:00,0.096,4.585
2020-04-26 10:00,0.114,4.828
2020-04-26 11:00,0.118,4.876
2020-04-26 12:00,0.113,4.816
2020-04-26 13:00,0.101,4.647
2020-04-26 14:00,0.101,4.651
2020-04-26 15:00,0.105,4.716
2020-04-26 16:00,0.134,5.079
2020-04-26 17:00,0.204,5.804
2020-04-26 18:00,0.285,6.492
2020-04-26 19:00,0.348,6.962
2020-04-26 20:00,0.395,7.302
2020-04-26 21:00,0.380,7.197
2020-04-26 22:00,0.257,6.266
2020-04-26 23:00,0.311,6.693
2020-04-27 00:00,0.339,6.907
2020-04-27 01:00,0.323,6.789
2020-04-27 02:00,0.311,6.690
2020-04-27 03:00,0.312,6.702
2020-04-27 04:00,0.286,6.502
2020-04-27 05:00,0.214,5.902
2020-04-27 06:00,0.126,4.981
2020-04-27 07:00,0.060,3.995
2020-04-27 08:00,0.073,4.234
2020-04-27 09:00,0.181,5.592
2020-04-27 10:00,0.243,6.155
2020-04-27 11:00,0.217,5.928
2020-04-27 12:00,0.124,4.961
2020-04-27 13:00,0.040,3.576
2020-04-27 14:00,0.009,2.506
2020-04-27 15:00,0.005,2.209
2020-04-27 16:00,0.019,2.955
2020-04-27 17:00,0.086,4.444
2020-04-27 18:00,0.217,5.927
2020-04-27 19:00,0.355,7.023
2020-04-27 20:00,0.468,7.808
2020-04-27 21:00,0.500,8.020
2020-04-27 22:00,0.432,7.559
2020-04-27 23:00,0.417,7.453
2020-04-28 00:00,0.429,7.541
2020-04-28 01:00,0.367,7.109
2020-04-28 02:00,0.309,6.671
2020-04-28 03:00,0.275,6.414
2020-04-28 04:00,0.272,6.398
2020-04-28 05:00,0.305,6.651
2020-04-28 06:00,0.347,6.958
2020-04-28 07:00,0.400,7.333
2020-04-28 08:00,0.419,7.468
2020-04-28 09:00,0.540,8.295
2020-04-28 10:00,0.744,9.890
2020-04-28 11:00,0.803,10.489
2020-04-28 12:00,0.799,10.442
2020-04-28 13:00,0.819,10.688
2020-04-28 14:00,0.824,10.740
2020-04-28 15:00,0.810,10.573
2020-04-28 16:00,0.791,10.364
2020-04-28 17:00,0.775,10.188
2020-04-28 18:00,0.785,10.302
2020-04-28 19:00,0.792,10.374
2020-04-28 20:00,0.769,10.131
2020-04-28 21:00,0.669,9.237
2020-04-28 22:00,0.462,7.757
2020-04-28 23:00,0.421,7.482
2020-04-29 00:00,0.306,6.661
2020-04-29 01:00,0.072,4.218
2020-04-29 02:00,0,1.370
2020-04-29 03:00,0.001,1.531
2020-04-29 04:00,0.009,2.515
2020-04-29 05:00,0.039,3.552
2020-04-29 06:00,0.064,4.085
2020-04-29 07:00,0.082,4.372
2020-04-29 08:00,0.114,4.836
2020-04-29 09:00,0.209,5.858
2020-04-29 10:00,0.325,6.800
2020-04-29 11:00,0.387,7.248
2020-04-29 12:00,0.442,7.618
2020-04-29 13:00,0.524,8.188
2020-04-29 14:00,0.624,8.897
2020-04-29 15:00,0.680,9.333
2020-04-29 16:00,0.700,9.488
2020-04-29 17:00,0.685,9.380
2020-04-29 18:00,0.645,9.054
2020-04-29 19:00,0.593,8.667
2020-04-29 20:00,0.520,8.156
2020-04-29 21:00,0.365,7.086
2020-04-29 22:00,0.161,5.380
2020-04-29 23:00,0.185,5.627
2020-04-30 00:00,0.208,5.845
2020-04-30 01:00,0.236,6.094
2020-04-30 02:00,0.321,6.772
2020-04-30 03:00,0.473,7.833
2020-04-30 04:00,0.574,8.530
2020-04-30 05:00,0.633,8.965
2020-04-30 06:00,0.701,9.503
2020-04-30 07:00,0.738,9.838
2020-04-30 08:00,0.701,9.503
2020-04-30 09:00,0.767,10.111
2020-04-30 10:00,0.864,11.304
2020-04-30 11:00,0.893,11.790
2020-04-30 12:00,0.874,11.454
2020-04-30 13:00,0.848,11.069
2020-04-30 14:00,0.805,10.519
2020-04-30 15:00,0.753,9.981
2020-04-30 16:00,0.702,9.520
2020-04-30 17:00,0.666,9.223
2020-04-30 18:00,0.628,8.921
2020-04-30 19:00,0.603,8.737
2020-04-30 20:00,0.583,8.604
2020-04-30 21:00,0.483,7.904
2020-04-30 22:00,0.374,7.160
2020-04-30 23:00,0.469,7.812
2020-05-01 00:00,0.522,8.167
2020-05-01 01:00,0.559,8.420
2020-05-01 02:00,0.597,8.697
2020-05-01 03:00,0.639,9.008
2020-05-01 04:00,0.674,9.286
2020-05-01 05:00,0.718,9.660
2020-05-01 06:00,0.746,9.906
2020-05-01 07:00,0.734,9.796
2020-05-01 08:00,0.736,9.820
2020-05-01 09:00,0.840,10.960
2020-05-01 10:00,0.922,12.422
2020-05-01 11:00,0.938,12.858
2020-05-01 12:00,0.925,12.504
2020-05-01 13:00,0.905,12.031
2020-05-01 14:00,0.890,11.732
2020-05-01 15:00,0.894,11.809
2020-05-01 16:00,0.901,11.944
2020-05-01 17:00,0.898,11.887
2020-05-01 18:00,0.888,11.698
2020-05-01 19:00,0.878,11.527
2020-05-01 20:00,0.884,11.636
2020-05-01 21:00,0.843,10.986
2020-05-01 22:00,0.748,9.920
2020-05-01 23:00,0.689,9.410
2020-05-02 00:00,0.646,9.066
2020-05-02 01:00,0.559,8.432
2020-05-02 02:00,0.483,7.898
2020-05-02 03:00,0.453,7.705
2020-05-02 04:00,0.417,7.454
2020-05-02 05:00,0.338,6.888
2020-05-02 06:00,0.268,6.363
2020-05-02 07:00,0.279,6.452
2020-05-02 08:00,0.442,7.626
2020-05-02 09:00,0.658,9.150
2020-05-02 10:00,0.741,9.865
2020-05-02 11:00,0.738,9.829
2020-05-02 12:00,0.743,9.884
2020-05-02 13:00,0.736,9.816
2020-05-02 14:00,0.669,9.245
2020-05-02 15:00,0.598,8.704
2020-05-02 16:00,0.583,8.601
2020-05-02 17:00,0.535,8.258
2020-05-02 18:00,0.456,7.721
2020-05-02 19:00,0.380,7.196
2020-05-02 20:00,0.330,6.837
2020-05-02 21:00,0.231,6.046
2020-05-02 22:00,0.257,6.270
2020-05-02 23:00,0.308,6.668
2020-05-03 00:00,0.374,7.145
2020-05-03 01:00,0.479,7.872
2020-05-03 02:00,0.545,8.324
2020-05-03 03:00,0.524,8.191
2020-05-03 04:00,0.447,7.651
2020-05-03 05:00,0.380,7.192
2020-05-03 06:00,0.353,7.004
2020-05-03 07:00,0.373,7.141
2020-05-03 08:00,0.333,6.851
2020-05-03 09:00,0.250,6.206
2020-05-03 10:00,0.171,5.484
2020-05-03 11:00,0.087,4.459
2020-05-03 12:00,0.033,3.403
2020-05-03 13:00,0.008,2.481
2020-05-03 14:00,0.001,1.763
2020-05-03 15:00,0.007,2.355
2020-05-03 16:00,0.027,3.222
2020-05-03 17:00,0.070,4.183
2020-05-03 18:00,0.141,5.161
2020-05-03 19:00,0.260,6.294
2020-05-03 20:00,0.403,7.360
2020-05-03 21:00,0.394,7.295
2020-05-03 22:00,0.358,7.045
2020-05-03 23:00,0.361,7.068
2020-05-04 00:00,0.345,6.946
2020-05-04 01:00,0.213,5.896
2020-05-04 02:00,0.090,4.498
2020-05-04 03:00,0.033,3.422
2020-05-04 04:00,0.051,3.823
2020-05-04 05:00,0.305,6.656
2020-05-04 06:00,0.769,10.130
2020-05-04 07:00,0.913,12.217
2020-05-04 08:00,0.931,12.643
2020-05-04 09:00,0.862,11.261
2020-05-04 10:00,0.733,9.793
2020-05-04 11:00,0.584,8.608
2020-05-04 12:00,0.436,7.582
2020-05-04 13:00,0.287,6.511
2020-05-04 14:00,0.162,5.390
2020-05-04 15:00,0.138,5.126
2020-05-04 16:00,0.155,5.306
2020-05-04 17:00,0.181,5.585
2020-05-04 18:00,0.210,5.867
2020-05-04 19:00,0.268,6.352
2020-05-04 20:00,0.276,6.426
2020-05-04 21:00,0.224,5.991
2020-05-04 22:00,0.151,5.273
2020-05-04 23:00,0.100,4.638
2020-05-05 00:00,0.085,4.410
2020-05-05 01:00,0.078,4.315
2020-05-05 02:00,0.070,4.174
2020-05-05 03:00,0.075,4.263
2020-05-05 04:00,0.032,3.387
2020-05-05 05:00,0,1.303
2020-05-05 06:00,0,1.402
2020-05-05 07:00,0,0.730
2020-05-05 08:00,0.001,1.672
2020-05-05 09:00,0,1.221
2020-05-05 10:00,0.002,1.835
2020-05-05 11:00,0.030,3.339
2020-05-05 12:00,0.056,3.924
2020-05-05 13:00,0.027,3.251
2020-05-05 14:00,0.024,3.143
2020-05-05 15:00,0.018,2.954
2020-05-05 16:00,0.026,3.209
2020-05-05 17:00,0.068,4.135
2020-05-05 18:00,0.138,5.131
2020-05-05 19:00,0.259,6.288
2020-05-05 20:00,0.386,7.236
2020-05-05 21:00,0.365,7.080
2020-05-05 22:00,0.236,6.093
2020-05-05 23:00,0.300,6.611
2020-05-06 00:00,0.395,7.306
2020-05-06 01:00,0.479,7.870
2020-05-06 02:00,0.621,8.877
2020-05-06 03:00,0.752,9.962
2020-05-06 04:00,0.815,10.633
2020-05-06 05:00,0.833,10.862
2020-05-06 06:00,0.843,10.986
2020-05-06 07:00,0.821,10.710
2020-05-06 08:00,0.732,9.782
2020-05-06 09:00,0.594,8.677
2020-05-06 10:00,0.505,8.049
2020-05-06 11:00,0.499,8.009
2020-05-06 12:00,0.490,7.953
2020-05-06 13:00,0.469,7.813
2020-05-06 14:00,0.437,7.593
2020-05-06 15:00,0.413,7.425
2020-05-06 16:00,0.348,6.965
2020-05-06 17:00,0.262,6.312
2020-05-06 18:00,0.196,5.730
2020-05-06 19:00,0.156,5.328
2020-05-06 20:00,0.119,4.896
2020-05-06 21:00,0.097,4.600
2020-05-06 22:00,0.122,4.937
2020-05-06 23:00,0.203,5.790
2020-05-07 00:00,0.297,6.592
2020-05-07 01:00,0.374,7.144
2020-05-07 02:00,0.361,7.065
2020-05-07 03:00,0.303,6.637
2020-05-07 04:00,0.253,6.229
2020-05-07 05:00,0.181,5.592
2020-05-07 06:00,0.128,5.004
2020-05-07 07:00,0.095,4.572
2020-05-07 08:00,0.098,4.614
2020-05-07 09:00,0.140,5.152
2020-05-07 10:00,0.205,5.816
2020-05-07 11:00,0.240,6.128
2020-05-07 12:00,0.276,6.423
2020-05-07 13:00,0.314,6.714
2020-05-07 14:00,0.355,7.011
2020-05-07 15:00,0.406,7.369
2020-05-07 16:00,0.403,7.361
2020-05-07 17:00,0.345,6.947
2020-05-07 18:00,0.287,6.516
2020-05-07 19:00,0.214,5.905
2020-05-07 20:00,0.169,5.459
2020-05-07 21:00,0.149,5.248
2020-05-07 22:00,0.160,5.377
2020-05-07 23:00,0.203,5.793
2020-05-08 00:00,0.151,5.273
2020-05-08 01:00,0.027,3.225
2020-05-08 02:00,0.062,4.026
2020-05-08 03:00,0.194,5.706
2020-05-08 04:00,0.289,6.532
2020-05-08 05:00,0.261,6.303
2020-05-08 06:00,0.210,5.866
2020-05-08 07:00,0.231,6.045
2020-05-08 08:00,0.312,6.701
2020-05-08 09:00,0.335,6.874
2020-05-08 10:00,0.352,7.001
2020-05-08 11:00,0.319,6.747
2020-05-08 12:00,0.245,6.166
2020-05-08 13:00,0.201,5.776
2020-05-08 14:00,0.210,5.869
2020-05-08 15:00,0.218,5.937
2020-05-08 16:00,0.168,5.450
2020-05-08 17:00,0.164,5.411
2020-05-08 18:00,0.215,5.907
2020-05-08 19:00,0.292,6.551
2020-05-08 20:00,0.466,7.792
2020-05-08 21:00,0.686,9.386
2020-05-08 22:00,0.801,10.474
2020-05-08 23:00,0.902,11.974
2020-05-09 00:00,0.963,13.772
2020-05-09 01:00,0.980,14.721
2020-05-09 02:00,0.980,14.716
2020-05-09 03:00,0.984,15.091
2020-05-09 04:00,0.989,15.634
2020-05-09 05:00,0.988,15.606
2020-05-09 06:00,0.987,15.376
2020-05-09 07:00,0.983,15.010
2020-05-09 08:00,0.969,14.061
2020-05-09 09:00,0.949,13.226
2020-05-09 10:00,0.902,11.977
2020-05-09 11:00,0.847,11.057
2020-05-09 12:00,0.813,10.611
2020-05-09 13:00,0.740,9.856
2020-05-09 14:00,0.678,9.315
2020-05-09 15:00,0.622,8.882
2020-05-09 16:00,0.640,9.018
2020-05-09 17:00,0.683,9.361
2020-05-09 18:00,0.723,9.699
2020-05-09 19:00,0.715,9.626
2020-05-09 20:00,0.649,9.092
2020-05-09 21:00,0.556,8.408
2020-05-09 22:00,0.591,8.651
2020-05-09 23:00,0.628,8.922
2020-05-10 00:00,0.617,8.849
2020-05-10 01:00,0.594,8.676
2020-05-10 02:00,0.577,8.553
2020-05-10 03:00,0.597,8.699
2020-05-10 04:00,0.630,8.948
2020-05-10 05:00,0.642,9.026
2020-05-10 06:00,0.673,9.276
2020-05-10 07:00,0.718,9.658
2020-05-10 08:00,0.750,9.942
2020-05-10 09:00,0.742,9.871
2020-05-10 10:00,0.795,10.406
2020-05-10 11:00,0.785,10.303
2020-05-10 12:00,0.781,10.259
2020-05-10 13:00,0.833,10.857
2020-05-10 14:00,0.896,11.859
2020-05-10 15:00,0.936,12.785
2020-05-10 16:00,0.955,13.415
2020-05-10 17:00,0.958,13.531
2020-05-10 18:00,0.954,13.379
2020-05-10 19:00,0.950,13.255
2020-05-10 20:00,0.943,13.008
2020-05-10 21:00,0.922,12.404
2020-05-10 22:00,0.929,12.590
2020-05-10 23:00,0.912,12.169
2020-05-11 00:00,0.901,11.961
2020-05-11 01:00,0.915,12.263
2020-05-11 02:00,0.924,12.463
2020-05-11 03:00,0.926,12.517
2020-05-11 04:00,0.915,12.251
2020-05-11 05:00,0.882,11.594
2020-05-11 06:00,0.844,11.003
2020-05-11 07:00,0.782,10.271
2020-05-11 08:00,0.581,8.580
2020-05-11 09:00,0.436,7.578
2020-05-11 10:00,0.403,7.360
2020-05-11 11:00,0.342,6.919
2020-05-11 12:00,0.335,6.874
2020-05-11 13:00,0.405,7.367
2020-05-11 14:00,0.505,8.059
2020-05-11 15:00,0.581,8.588
2020-05-11 16:00,0.633,8.970
2020-05-11 17:00,0.637,8.989
2020-05-11 18:00,0.587,8.630
2020-05-11 19:00,0.576,8.547
2020-05-11 20:00,0.634,8.977
2020-05-11 21:00,0.653,9.120
2020-05-11 22:00,0.661,9.171
2020-05-11 23:00,0.631,8.953
2020-05-12 00:00,0.665,9.214
2020-05-12 01:00,0.716,9.638
2020-05-12 02:00,0.811,10.585
2020-05-12 03:00,0.900,11.935
2020-05-12 04:00,0.950,13.245
2020-05-12 05:00,0.978,14.626
2020-05-12 06:00,0.988,15.571
2020-05-12 07:00,0.990,15.862
2020-05-12 08:00,0.980,14.745
2020-05-12 09:00,0.948,13.167
2020-05-12 10:00,0.925,12.499
2020-05-12 11:00,0.891,11.758
2020-05-12 12:00,0.850,11.087
2020-05-12 13:00,0.829,10.808
2020-05-12 14:00,0.821,10.714
2020-05-12 15:00,0.843,10.998
2020-05-12 16:00,0.861,11.252
2020-05-12 17:00,0.857,11.197
2020-05-12 18:00,0.824,10.741
2020-05-12 19:00,0.777,10.209
2020-05-12 20:00,0.705,9.545
2020-05-12 21:00,0.572,8.518
2020-05-12 22:00,0.485,7.917
2020-05-12 23:00,0.604,8.750
2020-05-13 00:00,0.712,9.604
2020-05-13 01:00,0.750,9.943
2020-05-13 02:00,0.815,10.634
2020-05-13 03:00,0.875,11.470
2020-05-13 04:00,0.907,12.080
2020-05-13 05:00,0.913,12.198
2020-05-13 06:00,0.888,11.708
2020-05-13 07:00,0.868,11.368
2020-05-13 08:00,0.838,10.934
2020-05-13 09:00,0.773,10.169
2020-05-13 10:00,0.781,10.263
2020-05-13 11:00,0.789,10.340
2020-05-13 12:00,0.787,10.321
2020-05-13 13:00,0.799,10.455
2020-05-13 14:00,0.789,10.328
2020-05-13 15:00,0.797,10.428
2020-05-13 16:00,0.792,10.381
2020-05-13 17:00,0.769,10.133
2020-05-13 18:00,0.713,9.610
2020-05-13 19:00,0.664,9.207
2020-05-13 20:00,0.584,8.611
2020-05-13 21:00,0.473,7.840
2020-05-13 22:00,0.343,6.931
2020-05-13 23:00,0.212,5.880
2020-05-14 00:00,0.181,5.575
2020-05-14 01:00,0.113,4.810
2020-05-14 02:00,0.046,3.718
2020-05-14 03:00,0.029,3.311
2020-05-14 04:00,0.071,4.206
2020-05-14 05:00,0.170,5.476
2020-05-14 06:00,0.233,6.068
2020-05-14 07:00,0.340,6.910
2020-05-14 08:00,0.417,7.455
2020-05-14 09:00,0.525,8.195
2020-05-14 10:00,0.560,8.435
2020-05-14 11:00,0.572,8.514
2020-05-14 12:00,0.520,8.157
2020-05-14 13:00,0.468,7.803
2020-05-14 14:00,0.446,7.648
2020-05-14 15:00,0.445,7.642
2020-05-14 16:00,0.481,7.890
2020-05-14 17:00,0.469,7.809
2020-05-14 18:00,0.319,6.751
2020-05-14 19:00,0.177,5.544
2020-05-14 20:00,0.220,5.947
2020-05-14 21:00,0.378,7.182
2020-05-14 22:00,0.262,6.318
2020-05-14 23:00,0.133,5.065
2020-05-15 00:00,0.349,6.981
2020-05-15 01:00,0.628,8.921
2020-05-15 02:00,0.827,10.780
2020-05-15 03:00,0.878,11.516
2020-05-15 04:00,0.864,11.302
2020-05-15 05:00,0.882,11.596
2020-05-15 06:00,0.879,11.535
2020-05-15 07:00,0.824,10.736
2020-05-15 08:00,0.708,9.571
2020-05-15 09:00,0.574,8.536
2020-05-15 10:00,0.542,8.308
2020-05-15 11:00,0.479,7.872
2020-05-15 12:00,0.380,7.199
2020-05-15 13:00,0.201,5.775
2020-05-15 14:00,0.064,4.076
2020-05-15 15:00,0.013,2.750
2020-05-15 16:00,0.002,1.884
2020-05-15 17:00,0.001,1.502
2020-05-15 18:00,0.003,1.971
2020-05-15 19:00,0.013,2.746
2020-05-15 20:00,0.025,3.189
2020-05-15 21:00,0.051,3.824
2020-05-15 22:00,0.045,3.692
2020-05-15 23:00,0.058,3.950
2020-05-16 00:00,0.055,3.890
2020-05-16 01:00,0.032,3.398
2020-05-16 02:00,0.010,2.602
2020-05-16 03:00,0.002,1.811
2020-05-16 04:00,0.013,2.736
2020-05-16 05:00,0.055,3.904
2020-05-16 06:00,0.075,4.268
2020-05-16 07:00,0.077,4.302
2020-05-16 08:00,0.074,4.250
2020-05-16 09:00,0.055,3.905
2020-05-16 10:00,0.040,3.588
2020-05-16 11:00,0.027,3.256
2020-05-16 12:00,0.030,3.328
2020-05-16 13:00,0.031,3.358
2020-05-16 14:00,0.012,2.688
2020-05-16 15:00,0.007,2.365
2020-05-16 16:00,0.009,2.542
2020-05-16 17:00,0.010,2.606
2020-05-16 18:00,0.011,2.623
2020-05-16 19:00,0.015,2.802
2020-05-16 20:00,0.019,2.959
2020-05-16 21:00,0.019,2.977
2020-05-16 22:00,0.016,2.880
2020-05-16 23:00,0.007,2.396
2020-05-17 00:00,0.002,1.940
2020-05-17 01:00,0.003,2.025
2020-05-17 02:00,0.005,2.235
2020-05-17 03:00,0.015,2.803
2020-05-17 04:00,0.053,3.863
2020-05-17 05:00,0.111,4.788
2020-05-17 06:00,0.189,5.666
2020-05-17 07:00,0.293,6.557
2020-05-17 08:00,0.377,7.170
2020-05-17 09:00,0.397,7.316
2020-05-17 10:00,0.383,7.221
2020-05-17 11:00,0.317,6.730
2020-05-17 12:00,0.226,6.005
2020-05-17 13:00,0.181,5.587
2020-05-17 14:00,0.144,5.191
2020-05-17 15:00,0.106,4.727
2020-05-17 16:00,0.113,4.822
2020-05-17 17:00,0.195,5.726
2020-05-17 18:00,0.235,6.089
2020-05-17 19:00,0.190,5.679
2020-05-17 20:00,0.121,4.920
2020-05-17 21:00,0.228,6.024
2020-05-17 22:00,0.296,6.577
2020-05-17 23:00,0.256,6.256
2020-05-18 00:00,0.224,5.985
2020-05-18 01:00,0.238,6.114
2020-05-18 02:00,0.227,6.015
2020-05-18 03:00,0.216,5.922
2020-05-18 04:00,0.232,6.064
2020-05-18 05:00,0.262,6.312
2020-05-18 06:00,0.388,7.251
2020-05-18 07:00,0.587,8.628
2020-05-18 08:00,0.756,10.009
2020-05-18 09:00,0.661,9.181
2020-05-18 10:00,0.216,5.924
2020-05-18 11:00,0.126,4.988
2020-05-18 12:00,0.250,6.208
2020-05-18 13:00,0.403,7.354
2020-05-18 14:00,0.219,5.943
2020-05-18 15:00,0.004,2.126
2020-05-18 16:00,0.123,4.947
2020-05-18 17:00,0.520,8.157
2020-05-18 18:00,0.777,10.209
2020-05-18 19:00,0.817,10.667
2020-05-18 20:00,0.890,11.736
2020-05-18 21:00,0.920,12.376
2020-05-18 22:00,0.902,11.970
2020-05-18 23:00,0.872,11.435
2020-05-19 00:00,0.839,10.945
2020-05-19 01:00,0.822,10.726
2020-05-19 02:00,0.843,10.986
2020-05-19 03:00,0.850,11.089
2020-05-19 04:00,0.833,10.852
2020-05-19 05:00,0.795,10.408
2020-05-19 06:00,0.753,9.974
2020-05-19 07:00,0.714,9.622
2020-05-19 08:00,0.650,9.097
2020-05-19 09:00,0.609,8.781
2020-05-19 10:00,0.696,9.458
2020-05-19 11:00,0.817,10.663
2020-05-19 12:00,0.821,10.716
2020-05-19 13:00,0.807,10.547
2020-05-19 14:00,0.824,10.737
2020-05-19 15:00,0.843,10.987
2020-05-19 16:00,0.844,11.002
2020-05-19 17:00,0.831,10.830
2020-05-19 18:00,0.807,10.544
2020-05-19 19:00,0.781,10.257
2020-05-19 20:00,0.729,9.741
2020-05-19 21:00,0.628,8.933
2020-05-19 22:00,0.628,8.927
2020-05-19 23:00,0.569,8.491
2020-05-20 00:00,0.493,7.975
2020-05-20 01:00,0.420,7.476
2020-05-20 02:00,0.359,7.053
2020-05-20 03:00,0.318,6.738
2020-05-20 04:00,0.285,6.493
2020-05-20 05:00,0.268,6.361
2020-05-20 06:00,0.264,6.323
2020-05-20 07:00,0.270,6.370
2020-05-20 08:00,0.279,6.452
2020-05-20 09:00,0.321,6.761
2020-05-20 10:00,0.367,7.108
2020-05-20 11:00,0.393,7.292
2020-05-20 12:00,0.374,7.159
2020-05-20 13:00,0.330,6.829
2020-05-20 14:00,0.311,6.692
2020-05-20 15:00,0.312,6.703
2020-05-20 16:00,0.317,6.736
2020-05-20 17:00,0.309,6.677
2020-05-20 18:00,0.283,6.476
2020-05-20 19:00,0.246,6.177
2020-05-20 20:00,0.196,5.736
2020-05-20 21:00,0.103,4.681
2020-05-20 22:00,0.045,3.695
2020-05-20 23:00,0.018,2.932
2020-05-21 00:00,0.011,2.624
2020-05-21 01:00,0.007,2.417
2020-05-21 02:00,0,1.245
2020-05-21 03:00,0,1.053
2020-05-21 04:00,0.014,2.784
2020-05-21 05:00,0.036,3.479
2020-05-21 06:00,0.032,3.373
2020-05-21 07:00,0.138,5.131
2020-05-21 08:00,0.343,6.931
2020-05-21 09:00,0.274,6.410
2020-05-21 10:00,0.143,5.186
2020-05-21 11:00,0.113,4.820
2020-05-21 12:00,0.043,3.662
2020-05-21 13:00,0.013,2.705
2020-05-21 14:00,0.004,2.137
2020-05-21 15:00,0.001,1.702
2020-05-21 16:00,0.002,1.839
2020-05-21 17:00,0.003,1.981
2020-05-21 18:00,0.002,1.814
2020-05-21 19:00,0.003,2.011
2020-05-21 20:00,0.011,2.655
2020-05-21 21:00,0.019,2.973
2020-05-21 22:00,0.027,3.226
2020-05-21 23:00,0.047,3.737
2020-05-22 00:00,0.079,4.329
2020-05-22 01:00,0.098,4.611
2020-05-22 02:00,0.095,4.566
2020-05-22 03:00,0.080,4.352
2020-05-22 04:00,0.061,4.021
2020-05-22 05:00,0.033,3.425
2020-05-22 06:00,0.004,2.102
2020-05-22 07:00,0,1.050
2020-05-22 08:00,0.003,2.040
2020-05-22 09:00,0.062,4.027
2020-05-22 10:00,0.134,5.076
2020-05-22 11:00,0.153,5.282
2020-05-22 12:00,0.160,5.368
2020-05-22 13:00,0.210,5.869
2020-05-22 14:00,0.193,5.700
2020-05-22 15:00,0.118,4.888
2020-05-22 16:00,0.074,4.245
2020-05-22 17:00,0.056,3.928
2020-05-22 18:00,0.046,3.704
2020-05-22 19:00,0.041,3.600
2020-05-22 20:00,0.050,3.798
2020-05-22 21:00,0.042,3.630
2020-05-22 22:00,0.025,3.174
2020-05-22 23:00,0.008,2.485
2020-05-23 00:00,0,1.286
2020-05-23 01:00,0,0.399
2020-05-23 02:00,0,0.097
2020-05-23 03:00,0.001,1.598
2020-05-23 04:00,0.005,2.224
2020-05-23 05:00,0.011,2.654
2020-05-23 06:00,0.019,2.978
2020-05-23 07:00,0.036,3.469
2020-05-23 08:00,0.075,4.265
2020-05-23 09:00,0.148,5.240
2020-05-23 10:00,0.214,5.902
2020-05-23 11:00,0.237,6.097
2020-05-23 12:00,0.235,6.079
2020-05-23 13:00,0.214,5.905
2020-05-23 14:00,0.216,5.916
2020-05-23 15:00,0.218,5.937
2020-05-23 16:00,0.194,5.720
2020-05-23 17:00,0.220,5.950
2020-05-23 18:00,0.291,6.544
2020-05-23 19:00,0.209,5.858
2020-05-23 20:00,0.298,6.594
2020-05-23 21:00,0.321,6.768
2020-05-23 22:00,0.321,6.769
2020-05-23 23:00,0.621,8.876
2020-05-24 00:00,0.781,10.256
2020-05-24 01:00,0.742,9.870
2020-05-24 02:00,0.777,10.209
2020-05-24 03:00,0.855,11.153
2020-05-24 04:00,0.884,11.637
2020-05-24 05:00,0.882,11.590
2020-05-24 06:00,0.849,11.075
2020-05-24 07:00,0.761,10.053
2020-05-24 08:00,0.583,8.601
2020-05-24 09:00,0.400,7.333
2020-05-24 10:00,0.323,6.789
2020-05-24 11:00,0.348,6.961
2020-05-24 12:00,0.432,7.562
2020-05-24 13:00,0.444,7.638
2020-05-24 14:00,0.418,7.463
2020-05-24 15:00,0.426,7.511
2020-05-24 16:00,0.453,7.701
2020-05-24 17:00,0.468,7.806
2020-05-24 18:00,0.442,7.627
2020-05-24 19:00,0.452,7.699
2020-05-24 20:00,0.447,7.651
2020-05-24 21:00,0.324,6.792
2020-05-24 22:00,0.185,5.624
2020-05-24 23:00,0.091,4.511
2020-05-25 00:00,0.023,3.106
2020-05-25 01:00,0.005,2.211
2020-05-25 02:00,0,1.342
2020-05-25 03:00,0,1.275
2020-05-25 04:00,0,1.111
2020-05-25 05:00,0,0.888
2020-05-25 06:00,0,0.983
2020-05-25 07:00,0,1.247
2020-05-25 08:00,0,1.364
2020-05-25 09:00,0.001,1.647
2020-05-25 10:00,0.002,1.834
2020-05-25 11:00,0.001,1.638
2020-05-25 12:00,0.004,2.129
2020-05-25 13:00,0.030,3.320
2020-05-25 14:00,0.090,4.500
2020-05-25 15:00,0.172,5.502
2020-05-25 16:00,0.220,5.948
2020-05-25 17:00,0.221,5.952
2020-05-25 18:00,0.197,5.745
2020-05-25 19:00,0.187,5.648
2020-05-25 20:00,0.188,5.652
2020-05-25 21:00,0.156,5.315
2020-05-25 22:00,0.078,4.321
2020-05-25 23:00,0.019,2.978
2020-05-26 00:00,0.002,1.842
2020-05-26 01:00,0,1.219
2020-05-26 02:00,0.001,1.457
2020-05-26 03:00,0.004,2.169
2020-05-26 04:00,0.012,2.667
2020-05-26 05:00,0.023,3.132
2020-05-26 06:00,0.036,3.470
2020-05-26 07:00,0.050,3.796
2020-05-26 08:00,0.073,4.240
2020-05-26 09:00,0.125,4.971
2020-05-26 10:00,0.232,6.062
2020-05-26 11:00,0.333,6.860
2020-05-26 12:00,0.606,8.769
2020-05-26 13:00,0.554,8.392
2020-05-26 14:00,0.348,6.967
2020-05-26 15:00,0.262,6.318
2020-05-26 16:00,0.363,7.073
2020-05-26 17:00,0.349,6.975
2020-05-26 18:00,0.444,7.636
2020-05-26 19:00,0.581,8.588
2020-05-26 20:00,0.664,9.204
2020-05-26 21:00,0.645,9.048
2020-05-26 22:00,0.572,8.515
2020-05-26 23:00,0.433,7.565
2020-05-27 00:00,0.282,6.471
2020-05-27 01:00,0.165,5.424
2020-05-27 02:00,0.112,4.792
2020-05-27 03:00,0.095,4.579
2020-05-27 04:00,0.085,4.409
2020-05-27 05:00,0.056,3.928
2020-05-27 06:00,0.035,3.462
2020-05-27 07:00,0.029,3.312
2020-05-27 08:00,0.024,3.158
2020-05-27 09:00,0.044,3.679
2020-05-27 10:00,0.103,4.681
2020-05-27 11:00,0.118,4.889
2020-05-27 12:00,0.136,5.101
2020-05-27 13:00,0.165,5.420
2020-05-27 14:00,0.169,5.453
2020-05-27 15:00,0.154,5.301
2020-05-27 16:00,0.142,5.172
2020-05-27 17:00,0.155,5.304
2020-05-27 18:00,0.172,5.494
2020-05-27 19:00,0.216,5.921
2020-05-27 20:00,0.292,6.552
2020-05-27 21:00,0.254,6.244
2020-05-27 22:00,0.144,5.194
2020-05-27 23:00,0.114,4.838
2020-05-28 00:00,0.054,3.875
2020-05-28 01:00,0.011,2.651
2020-05-28 02:00,0.002,1.944
2020-05-28 03:00,0.002,1.849
2020-05-28 04:00,0.005,2.256
2020-05-28 05:00,0.030,3.344
2020-05-28 06:00,0.115,4.839
2020-05-28 07:00,0.218,5.936
2020-05-28 08:00,0.289,6.527
2020-05-28 09:00,0.309,6.671
2020-05-28 10:00,0.184,5.616
2020-05-28 11:00,0.093,4.529
2020-05-28 12:00,0.048,3.758
2020-05-28 13:00,0.022,3.092
2020-05-28 14:00,0.008,2.481
2020-05-28 15:00,0.005,2.266
2020-05-28 16:00,0.008,2.477
2020-05-28 17:00,0.020,3.024
2020-05-28 18:00,0.043,3.651
2020-05-28 19:00,0.069,4.168
2020-05-28 20:00,0.087,4.460
2020-05-28 21:00,0.066,4.114
2020-05-28 22:00,0.026,3.197
2020-05-28 23:00,0.007,2.384
2020-05-29 00:00,0.001,1.707
2020-05-29 01:00,0.001,1.531
2020-05-29 02:00,0.003,2.023
2020-05-29 03:00,0.011,2.651
2020-05-29 04:00,0.033,3.403
2020-05-29 05:00,0.065,4.090
2020-05-29 06:00,0.102,4.667
2020-05-29 07:00,0.125,4.968
2020-05-29 08:00,0.133,5.064
2020-05-29 09:00,0.134,5.084
2020-05-29 10:00,0.114,4.832
2020-05-29 11:00,0.070,4.177
2020-05-29 12:00,0.037,3.504
2020-05-29 13:00,0.015,2.819
2020-05-29 14:00,0.004,2.181
2020-05-29 15:00,0.003,1.952
2020-05-29 16:00,0.002,1.898
2020-05-29 17:00,0.002,1.807
2020-05-29 18:00,0.002,1.798
2020-05-29 19:00,0.001,1.742
2020-05-29 20:00,0.001,1.592
2020-05-29 21:00,0,1.344
2020-05-29 22:00,0,0.909
2020-05-29 23:00,0.002,1.857
2020-05-30 00:00,0.008,2.445
2020-05-30 01:00,0.017,2.891
2020-05-30 02:00,0.024,3.142
2020-05-30 03:00,0.045,3.699
2020-05-30 04:00,0.066,4.108
2020-05-30 05:00,0.076,4.273
2020-05-30 06:00,0.082,4.374
2020-05-30 07:00,0.087,4.452
2020-05-30 08:00,0.100,4.638
2020-05-30 09:00,0.116,4.861
2020-05-30 10:00,0.115,4.850
2020-05-30 11:00,0.088,4.467
2020-05-30 12:00,0.045,3.693
2020-05-30 13:00,0.013,2.744
2020-05-30 14:00,0.002,1.835
2020-05-30 15:00,0,1.172
2020-05-30 16:00,0,0.690
2020-05-30 17:00,0,1.184
2020-05-30 18:00,0.002,1.840
2020-05-30 19:00,0.007,2.391
2020-05-30 20:00,0.011,2.625
2020-05-30 21:00,0.003,1.994
2020-05-30 22:00,0,0.834
2020-05-30 23:00,0,1.153
2020-05-31 00:00,0.013,2.743
2020-05-31 01:00,0.054,3.880
2020-05-31 02:00,0.101,4.646
2020-05-31 03:00,0.149,5.248
2020-05-31 04:00,0.194,5.704
2020-05-31 05:00,0.181,5.575
2020-05-31 06:00,0.159,5.362
2020-05-31 07:00,0.203,5.793
2020-05-31 08:00,0.241,6.140
2020-05-31 09:00,0.257,6.272
2020-05-31 10:00,0.322,6.781
2020-05-31 11:00,0.355,7.012
2020-05-31 12:00,0.346,6.954
2020-05-31 13:00,0.342,6.918
2020-05-31 14:00,0.361,7.064
2020-05-31 15:00,0.395,7.304
2020-05-31 16:00,0.432,7.562
2020-05-31 17:00,0.446,7.645
2020-05-31 18:00,0.439,7.601
2020-05-31 19:00,0.439,7.607
2020-05-31 20:00,0.469,7.813
2020-05-31 21:00,0.300,6.614
2020-05-31 22:00,0.403,7.353
2020-05-31 23:00,0.491,7.965
2020-06-01 00:00,0.553,8.390
2020-06-01 01:00,0.558,8.418
2020-06-01 02:00,0.600,8.717
2020-06-01 03:00,0.656,9.140
2020-06-01 04:00,0.701,9.506
2020-06-01 05:00,0.746,9.909
2020-06-01 06:00,0.789,10.334
2020-06-01 07:00,0.804,10.504
2020-06-01 08:00,0.813,10.605
2020-06-01 09:00,0.773,10.165
2020-06-01 10:00,0.764,10.078
2020-06-01 11:00,0.768,10.120
2020-06-01 12:00,0.729,9.745
2020-06-01 13:00,0.692,9.433
2020-06-01 14:00,0.666,9.219
2020-06-01 15:00,0.590,8.644
2020-06-01 16:00,0.556,8.405
2020-06-01 17:00,0.567,8.483
2020-06-01 18:00,0.546,8.341
2020-06-01 19:00,0.507,8.071
2020-06-01 20:00,0.413,7.419
2020-06-01 21:00,0.246,6.183
2020-06-01 22:00,0.104,4.703
2020-06-01 23:00,0.005,2.257
2020-06-02 00:00,0.005,2.222
2020-06-02 01:00,0.080,4.347
2020-06-02 02:00,0.210,5.864
2020-06-02 03:00,0.335,6.878
2020-06-02 04:00,0.390,7.267
2020-06-02 05:00,0.410,7.396
2020-06-02 06:00,0.431,7.551
2020-06-02 07:00,0.413,7.430
2020-06-02 08:00,0.403,7.355
2020-06-02 09:00,0.374,7.155
2020-06-02 10:00,0.331,6.845
2020-06-02 11:00,0.314,6.715
2020-06-02 12:00,0.361,7.064
2020-06-02 13:00,0.384,7.227
2020-06-02 14:00,0.355,7.014
2020-06-02 15:00,0.410,7.410
2020-06-02 16:00,0.451,7.690
2020-06-02 17:00,0.382,7.212
2020-06-02 18:00,0.312,6.701
2020-06-02 19:00,0.281,6.464
2020-06-02 20:00,0.241,6.139
2020-06-02 21:00,0.129,5.014
2020-06-02 22:00,0.080,4.345
2020-06-02 23:00,0.081,4.365
2020-06-03 00:00,0.043,3.658
2020-06-03 01:00,0.027,3.257
2020-06-03 02:00,0.029,3.310
2020-06-03 03:00,0.033,3.400
2020-06-03 04:00,0.076,4.273
2020-06-03 05:00,0.158,5.346
2020-06-03 06:00,0.227,6.021
2020-06-03 07:00,0.293,6.562
2020-06-03 08:00,0.410,7.399
2020-06-03 09:00,0.577,8.560
2020-06-03 10:00,0.746,9.900
2020-06-03 11:00,0.826,10.759
2020-06-03 12:00,0.854,11.144
2020-06-03 13:00,0.841,10.964
2020-06-03 14:00,0.792,10.368
2020-06-03 15:00,0.739,9.831
2020-06-03 16:00,0.669,9.247
2020-06-03 17:00,0.639,9.007
2020-06-03 18:00,0.685,9.375
2020-06-03 19:00,0.715,9.629
2020-06-03 20:00,0.726,9.725
2020-06-03 21:00,0.649,9.092
2020-06-03 22:00,0.658,9.160
2020-06-03 23:00,0.562,8.442
2020-06-04 00:00,0.380,7.199
2020-06-04 01:00,0.182,5.600
2020-06-04 02:00,0.061,4.021
2020-06-04 03:00,0.025,3.173
2020-06-04 04:00,0.038,3.549
2020-06-04 05:00,0.088,4.475
2020-06-04 06:00,0.153,5.289
2020-06-04 07:00,0.229,6.026
2020-06-04 08:00,0.330,6.840
2020-06-04 09:00,0.387,7.251
2020-06-04 10:00,0.541,8.297
2020-06-04 11:00,0.645,9.056
2020-06-04 12:00,0.663,9.190
2020-06-04 13:00,0.669,9.239
2020-06-04 14:00,0.633,8.970
2020-06-04 15:00,0.581,8.589
2020-06-04 16:00,0.510,8.080
2020-06-04 17:00,0.413,7.425
2020-06-04 18:00,0.345,6.947
2020-06-04 19:00,0.288,6.523
2020-06-04 20:00,0.208,5.847
2020-06-04 21:00,0.099,4.622
2020-06-04 22:00,0.047,3.751
2020-06-04 23:00,0.014,2.770
2020-06-05 00:00,0.003,2.037
2020-06-05 01:00,0.003,2.060
2020-06-05 02:00,0.018,2.948
2020-06-05 03:00,0.052,3.856
2020-06-05 04:00,0.099,4.625
2020-06-05 05:00,0.158,5.355
2020-06-05 06:00,0.174,5.517
2020-06-05 07:00,0.182,5.594
2020-06-05 08:00,0.198,5.758
2020-06-05 09:00,0.160,5.375
2020-06-05 10:00,0.106,4.730
2020-06-05 11:00,0.072,4.208
2020-06-05 12:00,0.052,3.853
2020-06-05 13:00,0.048,3.765
2020-06-05 14:00,0.046,3.713
2020-06-05 15:00,0.038,3.539
2020-06-05 16:00,0.035,3.463
2020-06-05 17:00,0.040,3.579
2020-06-05 18:00,0.048,3.755
2020-06-05 19:00,0.054,3.880
2020-06-05 20:00,0.060,4.011
2020-06-05 21:00,0.069,4.155
2020-06-05 22:00,0.092,4.525
2020-06-05 23:00,0.122,4.933
2020-06-06 00:00,0.134,5.078
2020-06-06 01:00,0.136,5.107
2020-06-06 02:00,0.143,5.186
2020-06-06 03:00,0.162,5.396
2020-06-06 04:00,0.188,5.654
2020-06-06 05:00,0.197,5.740
2020-06-06 06:00,0.184,5.622
2020-06-06 07:00,0.188,5.655
2020-06-06 08:00,0.213,5.895
2020-06-06 09:00,0.218,5.936
2020-06-06 10:00,0.175,5.525
2020-06-06 11:00,0.131,5.031
2020-06-06 12:00,0.125,4.966
2020-06-06 13:00,0.132,5.043
2020-06-06 14:00,0.096,4.584
2020-06-06 15:00,0.059,3.978
2020-06-06 16:00,0.032,3.383
2020-06-06 17:00,0.013,2.719
2020-06-06 18:00,0.004,2.178
2020-06-06 19:00,0.002,1.894
2020-06-06 20:00,0.006,2.298
2020-06-06 21:00,0.002,1.916
2020-06-06 22:00,0.002,1.936
2020-06-06 23:00,0.008,2.447
2020-06-07 00:00,0.030,3.338
2020-06-07 01:00,0.047,3.735
2020-06-07 02:00,0.053,3.858
2020-06-07 03:00,0.082,4.373
2020-06-07 04:00,0.098,4.615
2020-06-07 05:00,0.102,4.675
2020-06-07 06:00,0.113,4.809
2020-06-07 07:00,0.120,4.912
2020-06-07 08:00,0.136,5.102
2020-06-07 09:00,0.195,5.725
2020-06-07 10:00,0.284,6.483
2020-06-07 11:00,0.273,6.402
2020-06-07 12:00,0.161,5.378
2020-06-07 13:00,0.071,4.197
2020-06-07 14:00,0.038,3.549
2020-06-07 15:00,0.034,3.428
2020-06-07 16:00,0.055,3.903
2020-06-07 17:00,0.114,4.826
2020-06-07 18:00,0.157,5.339
2020-06-07 19:00,0.132,5.047
2020-06-07 20:00,0.093,4.540
2020-06-07 21:00,0.044,3.679
2020-06-07 22:00,0.032,3.398
2020-06-07 23:00,0.044,3.672
2020-06-08 00:00,0.020,3.019
2020-06-08 01:00,0.004,2.165
2020-06-08 02:00,0.002,1.823
2020-06-08 03:00,0.016,2.869
2020-06-08 04:00,0.078,4.316
2020-06-08 05:00,0.179,5.557
2020-06-08 06:00,0.284,6.480
2020-06-08 07:00,0.394,7.294
2020-06-08 08:00,0.483,7.910
2020-06-08 09:00,0.574,8.527
2020-06-08 10:00,0.675,9.292
2020-06-08 11:00,0.725,9.721
2020-06-08 12:00,0.712,9.601
2020-06-08 13:00,0.653,9.118
2020-06-08 14:00,0.583,8.599
2020-06-08 15:00,0.527,8.207
2020-06-08 16:00,0.502,8.030
2020-06-08 17:00,0.485,7.914
2020-06-08 18:00,0.450,7.682
2020-06-08 19:00,0.391,7.273
2020-06-08 20:00,0.333,6.850
2020-06-08 21:00,0.229,6.035
2020-06-08 22:00,0.107,4.741
2020-06-08 23:00,0.032,3.372
2020-06-09 00:00,0.009,2.533
2020-06-09 01:00,0.023,3.118
2020-06-09 02:00,0.077,4.284
2020-06-09 03:00,0.168,5.449
2020-06-09 04:00,0.261,6.305
2020-06-09 05:00,0.320,6.754
2020-06-09 06:00,0.367,7.110
2020-06-09 07:00,0.436,7.589
2020-06-09 08:00,0.540,8.295
2020-06-09 09:00,0.664,9.207
2020-06-09 10:00,0.775,10.196
2020-06-09 11:00,0.804,10.511
2020-06-09 12:00,0.772,10.150
2020-06-09 13:00,0.724,9.706
2020-06-09 14:00,0.676,9.299
2020-06-09 15:00,0.618,8.857
2020-06-09 16:00,0.542,8.301
2020-06-09 17:00,0.448,7.656
2020-06-09 18:00,0.343,6.932
2020-06-09 19:00,0.257,6.265
2020-06-09 20:00,0.193,5.701
2020-06-09 21:00,0.112,4.792
2020-06-09 22:00,0.053,3.861
2020-06-09 23:00,0.026,3.205
2020-06-10 00:00,0.009,2.539
2020-06-10 01:00,0.018,2.933
2020-06-10 02:00,0.067,4.128
2020-06-10 03:00,0.152,5.281
2020-06-10 04:00,0.242,6.151
2020-06-10 05:00,0.314,6.716
2020-06-10 06:00,0.369,7.117
2020-06-10 07:00,0.447,7.651
2020-06-10 08:00,0.545,8.324
2020-06-10 09:00,0.556,8.406
2020-06-10 10:00,0.524,8.186
2020-06-10 11:00,0.487,7.933
2020-06-10 12:00,0.430,7.543
2020-06-10 13:00,0.393,7.282
2020-06-10 14:00,0.304,6.649
2020-06-10 15:00,0.345,6.950
2020-06-10 16:00,0.304,6.643
2020-06-10 17:00,0.162,5.396
2020-06-10 18:00,0.047,3.739
2020-06-10 19:00,0.042,3.623
2020-06-10 20:00,0.038,3.533
2020-06-10 21:00,0.021,3.049
2020-06-10 22:00,0.003,2.029
2020-06-10 23:00,0,0.609
2020-06-11 00:00,0,1.427
2020-06-11 01:00,0.023,3.130
2020-06-11 02:00,0.072,4.214
2020-06-11 03:00,0.093,4.539
2020-06-11 04:00,0.082,4.376
2020-06-11 05:00,0.071,4.191
2020-06-11 06:00,0.054,3.884
2020-06-11 07:00,0.046,3.717
2020-06-11 08:00,0.056,3.919
2020-06-11 09:00,0.063,4.065
2020-06-11 10:00,0.051,3.828
2020-06-11 11:00,0.045,3.700
2020-06-11 12:00,0.036,3.468
2020-06-11 13:00,0.031,3.358
2020-06-11 14:00,0.017,2.903
2020-06-11 15:00,0.012,2.693
2020-06-11 16:00,0.027,3.246
2020-06-11 17:00,0.019,2.971
2020-06-11 18:00,0.013,2.710
2020-06-11 19:00,0.009,2.494
2020-06-11 20:00,0.014,2.784
2020-06-11 21:00,0.023,3.130
2020-06-11 22:00,0.038,3.530
2020-06-11 23:00,0.060,4.008
2020-06-12 00:00,0.093,4.541
2020-06-12 01:00,0.122,4.928
2020-06-12 02:00,0.120,4.904
2020-06-12 03:00,0.100,4.633
2020-06-12 04:00,0.111,4.789
2020-06-12 05:00,0.109,4.767
2020-06-12 06:00,0.069,4.170
2020-06-12 07:00,0.053,3.865
2020-06-12 08:00,0.037,3.497
2020-06-12 09:00,0.066,4.113
2020-06-12 10:00,0.084,4.407
2020-06-12 11:00,0.081,4.356
2020-06-12 12:00,0.084,4.394
2020-06-12 13:00,0.078,4.307
2020-06-12 14:00,0.044,3.669
2020-06-12 15:00,0.057,3.939
2020-06-12 16:00,0.059,3.976
2020-06-12 17:00,0.071,4.203
2020-06-12 18:00,0.084,4.397
2020-06-12 19:00,0.087,4.462
2020-06-12 20:00,0.083,4.385
2020-06-12 21:00,0.112,4.798
2020-06-12 22:00,0.142,5.168
2020-06-12 23:00,0.223,5.972
2020-06-13 00:00,0.210,5.865
2020-06-13 01:00,0.113,4.818
2020-06-13 02:00,0.061,4.024
2020-06-13 03:00,0.066,4.107
2020-06-13 04:00,0.076,4.273
2020-06-13 05:00,0.088,4.467
2020-06-13 06:00,0.123,4.949
2020-06-13 07:00,0.120,4.909
2020-06-13 08:00,0.112,4.796
2020-06-13 09:00,0.107,4.741
2020-06-13 10:00,0.089,4.487
2020-06-13 11:00,0.077,4.303
2020-06-13 12:00,0.066,4.109
2020-06-13 13:00,0.069,4.155
2020-06-13 14:00,0.099,4.624
2020-06-13 15:00,0.186,5.641
2020-06-13 16:00,0.309,6.676
2020-06-13 17:00,0.420,7.479
2020-06-13 18:00,0.514,8.114
2020-06-13 19:00,0.681,9.343
2020-06-13 20:00,0.821,10.710
2020-06-13 21:00,0.839,10.945
2020-06-13 22:00,0.807,10.543
2020-06-13 23:00,0.775,10.186
2020-06-14 00:00,0.650,9.097
2020-06-14 01:00,0.450,7.683
2020-06-14 02:00,0.302,6.630
2020-06-14 03:00,0.197,5.740
2020-06-14 04:00,0.107,4.739
2020-06-14 05:00,0.152,5.276
2020-06-14 06:00,0.436,7.584
2020-06-14 07:00,0.777,10.217
2020-06-14 08:00,0.894,11.810
2020-06-14 09:00,0.924,12.462
2020-06-14 10:00,0.935,12.780
2020-06-14 11:00,0.936,12.792
2020-06-14 12:00,0.898,11.885
2020-06-14 13:00,0.874,11.453
2020-06-14 14:00,0.888,11.712
2020-06-14 15:00,0.881,11.576
2020-06-14 16:00,0.865,11.318
2020-06-14 17:00,0.847,11.058
2020-06-14 18:00,0.837,10.907
2020-06-14 19:00,0.820,10.702
2020-06-14 20:00,0.755,9.999
2020-06-14 21:00,0.643,9.030
2020-06-14 22:00,0.564,8.470
2020-06-14 23:00,0.552,8.380
2020-06-15 00:00,0.442,7.618
2020-06-15 01:00,0.253,6.229
2020-06-15 02:00,0.140,5.150
2020-06-15 03:00,0.131,5.033
2020-06-15 04:00,0.220,5.948
2020-06-15 05:00,0.387,7.242
2020-06-15 06:00,0.588,8.638
2020-06-15 07:00,0.723,9.699
2020-06-15 08:00,0.803,10.490
2020-06-15 09:00,0.795,10.397
2020-06-15 10:00,0.765,10.090
2020-06-15 11:00,0.785,10.302
2020-06-15 12:00,0.826,10.772
2020-06-15 13:00,0.823,10.730
2020-06-15 14:00,0.837,10.922
2020-06-15 15:00,0.849,11.073
2020-06-15 16:00,0.841,10.969
2020-06-15 17:00,0.825,10.754
2020-06-15 18:00,0.801,10.475
2020-06-15 19:00,0.760,10.043
2020-06-15 20:00,0.662,9.187
2020-06-15 21:00,0.474,7.845
2020-06-15 22:00,0.362,7.069
2020-06-15 23:00,0.270,6.378
2020-06-16 00:00,0.178,5.548
2020-06-16 01:00,0.138,5.123
2020-06-16 02:00,0.123,4.944
2020-06-16 03:00,0.102,4.668
2020-06-16 04:00,0.110,4.774
2020-06-16 05:00,0.120,4.911
2020-06-16 06:00,0.112,4.794
2020-06-16 07:00,0.101,4.650
2020-06-16 08:00,0.125,4.976
2020-06-16 09:00,0.185,5.625
2020-06-16 10:00,0.162,5.389
2020-06-16 11:00,0.139,5.136
2020-06-16 12:00,0.128,5.003
2020-06-16 13:00,0.085,4.427
2020-06-16 14:00,0.061,4.022
2020-06-16 15:00,0.043,3.642
2020-06-16 16:00,0.033,3.420
2020-06-16 17:00,0.035,3.462
2020-06-16 18:00,0.042,3.617
2020-06-16 19:00,0.042,3.627
2020-06-16 20:00,0.027,3.224
2020-06-16 21:00,0.008,2.455
2020-06-16 22:00,0.004,2.152
2020-06-16 23:00,0.022,3.082
2020-06-17 00:00,0.049,3.789
2020-06-17 01:00,0.077,4.282
2020-06-17 02:00,0.122,4.932
2020-06-17 03:00,0.190,5.673
2020-06-17 04:00,0.259,6.289
2020-06-17 05:00,0.303,6.634
2020-06-17 06:00,0.327,6.818
2020-06-17 07:00,0.318,6.742
2020-06-17 08:00,0.262,6.316
2020-06-17 09:00,0.243,6.154
2020-06-17 10:00,0.302,6.631
2020-06-17 11:00,0.328,6.823
2020-06-17 12:00,0.305,6.652
2020-06-17 13:00,0.296,6.575
2020-06-17 14:00,0.248,6.195
2020-06-17 15:00,0.210,5.865
2020-06-17 16:00,0.194,5.702
2020-06-17 17:00,0.172,5.497
2020-06-17 18:00,0.178,5.549
2020-06-17 19:00,0.117,4.863
2020-06-17 20:00,0.084,4.394
2020-06-17 21:00,0.033,3.411
2020-06-17 22:00,0.027,3.231
2020-06-17 23:00,0.006,2.327
2020-06-18 00:00,0.014,2.770
2020-06-18 01:00,0.088,4.476
2020-06-18 02:00,0.178,5.548
2020-06-18 03:00,0.158,5.352
2020-06-18 04:00,0.083,4.392
2020-06-18 05:00,0.095,4.570
2020-06-18 06:00,0.111,4.788
2020-06-18 07:00,0.101,4.644
2020-06-18 08:00,0.113,4.825
2020-06-18 09:00,0.079,4.331
2020-06-18 10:00,0.046,3.713
2020-06-18 11:00,0.091,4.509
2020-06-18 12:00,0.121,4.923
2020-06-18 13:00,0.139,5.133
2020-06-18 14:00,0.227,6.017
2020-06-18 15:00,0.304,6.643
2020-06-18 16:00,0.390,7.269
2020-06-18 17:00,0.458,7.733
2020-06-18 18:00,0.491,7.962
2020-06-18 19:00,0.520,8.156
2020-06-18 20:00,0.562,8.443
2020-06-18 21:00,0.553,8.388
2020-06-18 22:00,0.622,8.884
2020-06-18 23:00,0.676,9.307
2020-06-19 00:00,0.695,9.456
2020-06-19 01:00,0.695,9.454
2020-06-19 02:00,0.726,9.729
2020-06-19 03:00,0.729,9.746
2020-06-19 04:00,0.719,9.653
2020-06-19 05:00,0.714,9.617
2020-06-19 06:00,0.689,9.399
2020-06-19 07:00,0.634,8.975
2020-06-19 08:00,0.599,8.708
2020-06-19 09:00,0.563,8.458
2020-06-19 10:00,0.473,7.834
2020-06-19 11:00,0.400,7.335
2020-06-19 12:00,0.348,6.972
2020-06-19 13:00,0.275,6.413
2020-06-19 14:00,0.208,5.847
2020-06-19 15:00,0.146,5.215
2020-06-19 16:00,0.099,4.617
2020-06-19 17:00,0.060,4.000
2020-06-19 18:00,0.028,3.263
2020-06-19 19:00,0.011,2.644
2020-06-19 20:00,0.006,2.306
2020-06-19 21:00,0.006,2.287
2020-06-19 22:00,0.007,2.418
2020-06-19 23:00,0.007,2.385
2020-06-20 00:00,0.007,2.393
2020-06-20 01:00,0.019,2.978
2020-06-20 02:00,0.050,3.806
2020-06-20 03:00,0.082,4.369
2020-06-20 04:00,0.097,4.607
2020-06-20 05:00,0.104,4.697
2020-06-20 06:00,0.106,4.731
2020-06-20 07:00,0.109,4.767
2020-06-20 08:00,0.109,4.766
2020-06-20 09:00,0.114,4.838
2020-06-20 10:00,0.132,5.052
2020-06-20 11:00,0.128,5.004
2020-06-20 12:00,0.113,4.824
2020-06-20 13:00,0.102,4.675
2020-06-20 14:00,0.085,4.411
2020-06-20 15:00,0.063,4.061
2020-06-20 16:00,0.043,3.662
2020-06-20 17:00,0.021,3.044
2020-06-20 18:00,0.004,2.111
2020-06-20 19:00,0,1.390
2020-06-20 20:00,0,1.441
2020-06-20 21:00,0.002,1.853
2020-06-20 22:00,0.007,2.375
2020-06-20 23:00,0.019,2.991
2020-06-21 00:00,0.044,3.674
2020-06-21 01:00,0.088,4.476
2020-06-21 02:00,0.149,5.256
2020-06-21 03:00,0.171,5.487
2020-06-21 04:00,0.146,5.218
2020-06-21 05:00,0.111,4.788
2020-06-21 06:00,0.073,4.237
2020-06-21 07:00,0.043,3.656
2020-06-21 08:00,0.024,3.148
2020-06-21 09:00,0.022,3.084
2020-06-21 10:00,0.042,3.626
2020-06-21 11:00,0.062,4.032
2020-06-21 12:00,0.064,4.071
2020-06-21 13:00,0.052,3.842
2020-06-21 14:00,0.038,3.535
2020-06-21 15:00,0.019,2.963
2020-06-21 16:00,0.005,2.225
2020-06-21 17:00,0.001,1.752
2020-06-21 18:00,0,1.446
2020-06-21 19:00,0.001,1.485
2020-06-21 20:00,0.006,2.307
2020-06-21 21:00,0.008,2.453
2020-06-21 22:00,0.003,1.955
2020-06-21 23:00,0.001,1.471
2020-06-22 00:00,0.001,1.615
2020-06-22 01:00,0.021,3.063
2020-06-22 02:00,0.070,4.174
2020-06-22 03:00,0.088,4.472
2020-06-22 04:00,0.078,4.307
2020-06-22 05:00,0.060,3.999
2020-06-22 06:00,0.047,3.735
2020-06-22 07:00,0.040,3.578
2020-06-22 08:00,0.040,3.586
2020-06-22 09:00,0.067,4.129
2020-06-22 10:00,0.150,5.263
2020-06-22 11:00,0.192,5.692
2020-06-22 12:00,0.187,5.650
2020-06-22 13:00,0.150,5.268
2020-06-22 14:00,0.074,4.255
2020-06-22 15:00,0.042,3.628
2020-06-22 16:00,0.030,3.343
2020-06-22 17:00,0.019,2.975
2020-06-22 18:00,0.010,2.551
2020-06-22 19:00,0.006,2.298
2020-06-22 20:00,0.004,2.137
2020-06-22 21:00,0.001,1.665
2020-06-22 22:00,0,0.943
2020-06-22 23:00,0,1.213
2020-06-23 00:00,0.040,3.593
2020-06-23 01:00,0.137,5.110
2020-06-23 02:00,0.208,5.843
2020-06-23 03:00,0.208,5.846
2020-06-23 04:00,0.178,5.551
2020-06-23 05:00,0.195,5.722
2020-06-23 06:00,0.194,5.718
2020-06-23 07:00,0.141,5.159
2020-06-23 08:00,0.127,4.997
2020-06-23 09:00,0.145,5.206
2020-06-23 10:00,0.140,5.155
2020-06-23 11:00,0.119,4.894
2020-06-23 12:00,0.113,4.818
2020-06-23 13:00,0.118,4.873
2020-06-23 14:00,0.102,4.661
2020-06-23 15:00,0.063,4.058
2020-06-23 16:00,0.032,3.388
2020-06-23 17:00,0.018,2.952
2020-06-23 18:00,0.015,2.814
2020-06-23 19:00,0.014,2.773
2020-06-23 20:00,0.010,2.591
2020-06-23 21:00,0.005,2.220
2020-06-23 22:00,0.005,2.230
2020-06-23 23:00,0.007,2.387
2020-06-24 00:00,0.016,2.847
2020-06-24 01:00,0.034,3.432
2020-06-24 02:00,0.059,3.982
2020-06-24 03:00,0.104,4.699
2020-06-24 04:00,0.192,5.693
2020-06-24 05:00,0.308,6.668
2020-06-24 06:00,0.412,7.417
2020-06-24 07:00,0.437,7.591
2020-06-24 08:00,0.416,7.439
2020-06-24 09:00,0.454,7.712
2020-06-24 10:00,0.544,8.319
2020-06-24 11:00,0.628,8.927
2020-06-24 12:00,0.692,9.431
2020-06-24 13:00,0.733,9.794
2020-06-24 14:00,0.746,9.899
2020-06-24 15:00,0.721,9.673
2020-06-24 16:00,0.597,8.696
2020-06-24 17:00,0.473,7.838
2020-06-24 18:00,0.384,7.230
2020-06-24 19:00,0.279,6.452
2020-06-24 20:00,0.222,5.960
2020-06-24 21:00,0.184,5.619
2020-06-24 22:00,0.279,6.447
2020-06-24 23:00,0.324,6.794
2020-06-25 00:00,0.287,6.517
2020-06-25 01:00,0.232,6.049
2020-06-25 02:00,0.171,5.491
2020-06-25 03:00,0.131,5.032
2020-06-25 04:00,0.113,4.809
2020-06-25 05:00,0.139,5.142
2020-06-25 06:00,0.147,5.225
2020-06-25 07:00,0.124,4.960
2020-06-25 08:00,0.118,4.874
2020-06-25 09:00,0.118,4.884
2020-06-25 10:00,0.138,5.129
2020-06-25 11:00,0.183,5.608
2020-06-25 12:00,0.197,5.746
2020-06-25 13:00,0.214,5.903
2020-06-25 14:00,0.214,5.900
2020-06-25 15:00,0.238,6.110
2020-06-25 16:00,0.304,6.641
2020-06-25 17:00,0.374,7.144
2020-06-25 18:00,0.416,7.447
2020-06-25 19:00,0.438,7.596
2020-06-25 20:00,0.474,7.842
2020-06-25 21:00,0.548,8.347
2020-06-25 22:00,0.752,9.969
2020-06-25 23:00,0.813,10.606
2020-06-26 00:00,0.800,10.460
2020-06-26 01:00,0.741,9.867
2020-06-26 02:00,0.672,9.265
2020-06-26 03:00,0.661,9.172
2020-06-26 04:00,0.715,9.628
2020-06-26 05:00,0.752,9.968
2020-06-26 06:00,0.791,10.357
2020-06-26 07:00,0.780,10.252
2020-06-26 08:00,0.757,10.016
2020-06-26 09:00,0.681,9.344
2020-06-26 10:00,0.581,8.577
2020-06-26 11:00,0.495,7.985
2020-06-26 12:00,0.441,7.615
2020-06-26 13:00,0.456,7.721
2020-06-26 14:00,0.486,7.925
2020-06-26 15:00,0.516,8.135
2020-06-26 16:00,0.523,8.182
2020-06-26 17:00,0.486,7.923
2020-06-26 18:00,0.434,7.572
2020-06-26 19:00,0.388,7.254
2020-06-26 20:00,0.320,6.757
2020-06-26 21:00,0.158,5.353
2020-06-26 22:00,0.049,3.780
2020-06-26 23:00,0.024,3.140
2020-06-27 00:00,0.001,1.763
2020-06-27 01:00,0,0.982
2020-06-27 02:00,0.002,1.885
2020-06-27 03:00,0.008,2.456
2020-06-27 04:00,0.015,2.809
2020-06-27 05:00,0.027,3.226
2020-06-27 06:00,0.039,3.574
2020-06-27 07:00,0.050,3.800
2020-06-27 08:00,0.045,3.696
2020-06-27 09:00,0.041,3.612
2020-06-27 10:00,0.062,4.041
2020-06-27 11:00,0.080,4.345
2020-06-27 12:00,0.096,4.586
2020-06-27 13:00,0.104,4.702
2020-06-27 14:00,0.106,4.722
2020-06-27 15:00,0.108,4.758
2020-06-27 16:00,0.134,5.073
2020-06-27 17:00,0.207,5.840
2020-06-27 18:00,0.319,6.745
2020-06-27 19:00,0.422,7.486
2020-06-27 20:00,0.442,7.623
2020-06-27 21:00,0.266,6.344
2020-06-27 22:00,0.209,5.861
2020-06-27 23:00,0.181,5.579
2020-06-28 00:00,0.123,4.943
2020-06-28 01:00,0.098,4.613
2020-06-28 02:00,0.096,4.586
2020-06-28 03:00,0.107,4.733
2020-06-28 04:00,0.113,4.804
2020-06-28 05:00,0.095,4.566
2020-06-28 06:00,0.077,4.304
2020-06-28 07:00,0.085,4.419
2020-06-28 08:00,0.121,4.917
2020-06-28 09:00,0.169,5.455
2020-06-28 10:00,0.156,5.321
2020-06-28 11:00,0.070,4.188
2020-06-28 12:00,0.022,3.095
2020-06-28 13:00,0.010,2.579
2020-06-28 14:00,0.006,2.291
2020-06-28 15:00,0,1.270
2020-06-28 16:00,0.001,1.529
2020-06-28 17:00,0.001,1.751
2020-06-28 18:00,0.004,2.160
2020-06-28 19:00,0.013,2.716
2020-06-28 20:00,0.012,2.665
2020-06-28 21:00,0.012,2.670
2020-06-28 22:00,0.025,3.184
2020-06-28 23:00,0.063,4.058
2020-06-29 00:00,0.098,4.613
2020-06-29 01:00,0.106,4.732
2020-06-29 02:00,0.114,4.830
2020-06-29 03:00,0.140,5.156
2020-06-29 04:00,0.172,5.495
2020-06-29 05:00,0.231,6.045
2020-06-29 06:00,0.310,6.684
2020-06-29 07:00,0.413,7.423
2020-06-29 08:00,0.509,8.077
2020-06-29 09:00,0.536,8.268
2020-06-29 10:00,0.549,8.358
2020-06-29 11:00,0.697,9.474
2020-06-29 12:00,0.867,11.330
2020-06-29 13:00,0.948,13.181
2020-06-29 14:00,0.981,14.872
2020-06-29 15:00,0.990,15.923
2020-06-29 16:00,0.993,17.264
2020-06-29 17:00,0.993,16.529
2020-06-29 18:00,0.967,13.947
2020-06-29 19:00,0.905,12.043
2020-06-29 20:00,0.908,12.104
2020-06-29 21:00,0.892,11.759
2020-06-29 22:00,0.866,11.324
2020-06-29 23:00,0.871,11.405
2020-06-30 00:00,0.874,11.469
2020-06-30 01:00,0.888,11.702
2020-06-30 02:00,0.911,12.148
2020-06-30 03:00,0.960,13.637
2020-06-30 04:00,0.989,15.646
2020-06-30 05:00,0.993,16.700
2020-06-30 06:00,0.982,14.951
2020-06-30 07:00,0.971,14.148
2020-06-30 08:00,0.922,12.401
2020-06-30 09:00,0.772,10.155
2020-06-30 10:00,0.658,9.157
2020-06-30 11:00,0.579,8.566
2020-06-30 12:00,0.490,7.956
2020-06-30 13:00,0.429,7.541
2020-06-30 14:00,0.421,7.482
2020-06-30 15:00,0.448,7.660
2020-06-30 16:00,0.460,7.739
2020-06-30 17:00,0.463,7.765
2020-06-30 18:00,0.474,7.845
2020-06-30 19:00,0.499,8.018
2020-06-30 20:00,0.535,8.256
2020-06-30 21:00,0.588,8.640
2020-06-30 22:00,0.663,9.202
2020-06-30 23:00,0.725,9.717
2020-07-01 00:00,0.743,9.880
2020-07-01 01:00,0.710,9.576
2020-07-01 02:00,0.649,9.088
2020-07-01 03:00,0.566,8.480
2020-07-01 04:00,0.493,7.973
2020-07-01 05:00,0.383,7.221
2020-07-01 06:00,0.281,6.464
2020-07-01 07:00,0.216,5.915
2020-07-01 08:00,0.164,5.411
2020-07-01 09:00,0.115,4.841
2020-07-01 10:00,0.073,4.231
2020-07-01 11:00,0.046,3.719
2020-07-01 12:00,0.046,3.704
2020-07-01 13:00,0.071,4.197
2020-07-01 14:00,0.118,4.873
2020-07-01 15:00,0.193,5.700
2020-07-01 16:00,0.250,6.206
2020-07-01 17:00,0.257,6.264
2020-07-01 18:00,0.271,6.384
2020-07-01 19:00,0.266,6.345
2020-07-01 20:00,0.204,5.800
2020-07-01 21:00,0.092,4.528
2020-07-01 22:00,0.022,3.088
2020-07-01 23:00,0.001,1.636
2020-07-02 00:00,0.004,2.121
2020-07-02 01:00,0.021,3.036
2020-07-02 02:00,0.042,3.621
2020-07-02 03:00,0.046,3.717
2020-07-02 04:00,0.044,3.687
2020-07-02 05:00,0.043,3.657
2020-07-02 06:00,0.042,3.631
2020-07-02 07:00,0.043,3.649
2020-07-02 08:00,0.047,3.736
2020-07-02 09:00,0.069,4.163
2020-07-02 10:00,0.107,4.734
2020-07-02 11:00,0.107,4.745
2020-07-02 12:00,0.076,4.274
2020-07-02 13:00,0.046,3.713
2020-07-02 14:00,0.022,3.104
2020-07-02 15:00,0.006,2.342
2020-07-02 16:00,0.001,1.597
2020-07-02 17:00,0,1.185
2020-07-02 18:00,0.001,1.554
2020-07-02 19:00,0.004,2.093
2020-07-02 20:00,0.008,2.477
2020-07-02 21:00,0.012,2.684
2020-07-02 22:00,0.018,2.953
2020-07-02 23:00,0.043,3.664
2020-07-03 00:00,0.097,4.596
2020-07-03 01:00,0.141,5.165
2020-07-03 02:00,0.175,5.526
2020-07-03 03:00,0.190,5.675
2020-07-03 04:00,0.194,5.717
2020-07-03 05:00,0.226,6.003
2020-07-03 06:00,0.255,6.253
2020-07-03 07:00,0.232,6.064
2020-07-03 08:00,0.164,5.413
2020-07-03 09:00,0.139,5.133
2020-07-03 10:00,0.217,5.931
2020-07-03 11:00,0.299,6.607
2020-07-03 12:00,0.366,7.096
2020-07-03 13:00,0.359,7.050
2020-07-03 14:00,0.403,7.359
2020-07-03 15:00,0.370,7.123
2020-07-03 16:00,0.401,7.344
2020-07-03 17:00,0.426,7.509
2020-07-03 18:00,0.430,7.549
2020-07-03 19:00,0.459,7.736
2020-07-03 20:00,0.445,7.642
2020-07-03 21:00,0.370,7.126
2020-07-03 22:00,0.370,7.127
2020-07-03 23:00,0.342,6.925
2020-07-04 00:00,0.297,6.592
2020-07-04 01:00,0.229,6.032
2020-07-04 02:00,0.149,5.251
2020-07-04 03:00,0.095,4.570
2020-07-04 04:00,0.072,4.219
2020-07-04 05:00,0.062,4.046
2020-07-04 06:00,0.063,4.049
2020-07-04 07:00,0.065,4.095
2020-07-04 08:00,0.048,3.765
2020-07-04 09:00,0.023,3.122
2020-07-04 10:00,0.017,2.887
2020-07-04 11:00,0.020,3.034
2020-07-04 12:00,0.026,3.217
2020-07-04 13:00,0.041,3.613
2020-07-04 14:00,0.069,4.161
2020-07-04 15:00,0.091,4.509
2020-07-04 16:00,0.104,4.701
2020-07-04 17:00,0.121,4.916
2020-07-04 18:00,0.131,5.038
2020-07-04 19:00,0.137,5.120
2020-07-04 20:00,0.134,5.067
2020-07-04 21:00,0.077,4.306
2020-07-04 22:00,0.053,3.865
2020-07-04 23:00,0.031,3.357
2020-07-05 00:00,0.020,3.006
2020-07-05 01:00,0.033,3.416
2020-07-05 02:00,0.090,4.495
2020-07-05 03:00,0.166,5.431
2020-07-05 04:00,0.205,5.821
2020-07-05 05:00,0.236,6.092
2020-07-05 06:00,0.260,6.296
2020-07-05 07:00,0.303,6.635
2020-07-05 08:00,0.388,7.254
2020-07-05 09:00,0.439,7.600
2020-07-05 10:00,0.483,7.904
2020-07-05 11:00,0.486,7.927
2020-07-05 12:00,0.423,7.501
2020-07-05 13:00,0.333,6.862
2020-07-05 14:00,0.241,6.139
2020-07-05 15:00,0.161,5.383
2020-07-05 16:00,0.099,4.621
2020-07-05 17:00,0.044,3.689
2020-07-05 18:00,0.011,2.648
2020-07-05 19:00,0.001,1.655
2020-07-05 20:00,0,1.314
2020-07-05 21:00,0,1.354
2020-07-05 22:00,0,1.295
2020-07-05 23:00,0,0.890
2020-07-06 00:00,0.002,1.791
2020-07-06 01:00,0.010,2.585
2020-07-06 02:00,0.023,3.112
2020-07-06 03:00,0.024,3.166
2020-07-06 04:00,0.020,3.029
2020-07-06 05:00,0.030,3.323
2020-07-06 06:00,0.034,3.438
2020-07-06 07:00,0.027,3.259
2020-07-06 08:00,0.024,3.166
2020-07-06 09:00,0.019,2.984
2020-07-06 10:00,0.023,3.124
2020-07-06 11:00,0.048,3.767
2020-07-06 12:00,0.080,4.340
2020-07-06 13:00,0.133,5.060
2020-07-06 14:00,0.191,5.690
2020-07-06 15:00,0.201,5.774
2020-07-06 16:00,0.169,5.459
2020-07-06 17:00,0.163,5.407
2020-07-06 18:00,0.176,5.532
2020-07-06 19:00,0.195,5.724
2020-07-06 20:00,0.299,6.600
2020-07-06 21:00,0.294,6.568
2020-07-06 22:00,0.295,6.572
2020-07-06 23:00,0.293,6.563
2020-07-07 00:00,0.278,6.437
2020-07-07 01:00,0.207,5.835
2020-07-07 02:00,0.112,4.791
2020-07-07 03:00,0.118,4.884
2020-07-07 04:00,0.179,5.561
2020-07-07 05:00,0.172,5.500
2020-07-07 06:00,0.159,5.364
2020-07-07 07:00,0.150,5.260
2020-07-07 08:00,0.136,5.103
2020-07-07 09:00,0.114,4.835
2020-07-07 10:00,0.105,4.711
2020-07-07 11:00,0.093,4.536
2020-07-07 12:00,0.085,4.423
2020-07-07 13:00,0.107,4.742
2020-07-07 14:00,0.158,5.354
2020-07-07 15:00,0.243,6.158
2020-07-07 16:00,0.339,6.904
2020-07-07 17:00,0.416,7.442
2020-07-07 18:00,0.460,7.752
2020-07-07 19:00,0.479,7.871
2020-07-07 20:00,0.463,7.764
2020-07-07 21:00,0.353,7.003
2020-07-07 22:00,0.217,5.931
2020-07-07 23:00,0.116,4.859
2020-07-08 00:00,0.069,4.170
2020-07-08 01:00,0.044,3.673
2020-07-08 02:00,0.030,3.329
2020-07-08 03:00,0.033,3.399
2020-07-08 04:00,0.056,3.932
2020-07-08 05:00,0.082,4.371
2020-07-08 06:00,0.102,4.656
2020-07-08 07:00,0.135,5.089
2020-07-08 08:00,0.161,5.383
2020-07-08 09:00,0.138,5.126
2020-07-08 10:00,0.067,4.122
2020-07-08 11:00,0.021,3.058
2020-07-08 12:00,0.009,2.538
2020-07-08 13:00,0.012,2.691
2020-07-08 14:00,0.019,2.989
2020-07-08 15:00,0.013,2.713
2020-07-08 16:00,0.005,2.208
2020-07-08 17:00,0.003,2.022
2020-07-08 18:00,0.004,2.146
2020-07-08 19:00,0.004,2.094
2020-07-08 20:00,0.004,2.080
2020-07-08 21:00,0.004,2.097
2020-07-08 22:00,0.006,2.288
2020-07-08 23:00,0.011,2.622
2020-07-09 00:00,0.015,2.819
2020-07-09 01:00,0.017,2.921
2020-07-09 02:00,0.020,3.030
2020-07-09 03:00,0.038,3.548
2020-07-09 04:00,0.080,4.341
2020-07-09 05:00,0.125,4.966
2020-07-09 06:00,0.157,5.335
2020-07-09 07:00,0.194,5.705
2020-07-09 08:00,0.159,5.365
2020-07-09 09:00,0.108,4.758
2020-07-09 10:00,0.113,4.825
2020-07-09 11:00,0.177,5.538
2020-07-09 12:00,0.205,5.815
2020-07-09 13:00,0.164,5.412
2020-07-09 14:00,0.167,5.441
2020-07-09 15:00,0.195,5.721
2020-07-09 16:00,0.189,5.665
2020-07-09 17:00,0.151,5.275
2020-07-09 18:00,0.111,4.784
2020-07-09 19:00,0.119,4.891
2020-07-09 20:00,0.113,4.807
2020-07-09 21:00,0.040,3.587
2020-07-09 22:00,0.012,2.680
2020-07-09 23:00,0.032,3.389
2020-07-10 00:00,0.133,5.061
2020-07-10 01:00,0.403,7.354
2020-07-10 02:00,0.647,9.076
2020-07-10 03:00,0.840,10.957
2020-07-10 04:00,0.844,11.006
2020-07-10 05:00,0.741,9.864
2020-07-10 06:00,0.585,8.615
2020-07-10 07:00,0.390,7.267
2020-07-10 08:00,0.169,5.463
2020-07-10 09:00,0.042,3.619
2020-07-10 10:00,0.027,3.231
2020-07-10 11:00,0.070,4.185
2020-07-10 12:00,0.135,5.087
2020-07-10 13:00,0.156,5.331
2020-07-10 14:00,0.156,5.320
2020-07-10 15:00,0.163,5.402
2020-07-10 16:00,0.187,5.649
2020-07-10 17:00,0.185,5.630
2020-07-10 18:00,0.194,5.720
2020-07-10 19:00,0.213,5.893
2020-07-10 20:00,0.319,6.748
2020-07-10 21:00,0.360,7.056
2020-07-10 22:00,0.473,7.838
2020-07-10 23:00,0.572,8.522
2020-07-11 00:00,0.597,8.698
2020-07-11 01:00,0.602,8.733
2020-07-11 02:00,0.599,8.709
2020-07-11 03:00,0.587,8.628
2020-07-11 04:00,0.621,8.875
2020-07-11 05:00,0.716,9.636
2020-07-11 06:00,0.772,10.163
2020-07-11 07:00,0.805,10.522
2020-07-11 08:00,0.788,10.325
2020-07-11 09:00,0.619,8.861
2020-07-11 10:00,0.464,7.774
2020-07-11 11:00,0.373,7.140
2020-07-11 12:00,0.345,6.944
2020-07-11 13:00,0.335,6.869
2020-07-11 14:00,0.331,6.845
2020-07-11 15:00,0.269,6.365
2020-07-11 16:00,0.189,5.664
2020-07-11 17:00,0.198,5.751
2020-07-11 18:00,0.127,4.997
2020-07-11 19:00,0.103,4.686
2020-07-11 20:00,0.098,4.609
2020-07-11 21:00,0.081,4.362
2020-07-11 22:00,0.060,4.009
2020-07-11 23:00,0.054,3.879
2020-07-12 00:00,0.034,3.426
2020-07-12 01:00,0.034,3.438
2020-07-12 02:00,0.025,3.175
2020-07-12 03:00,0.024,3.166
2020-07-12 04:00,0.055,3.899
2020-07-12 05:00,0.078,4.321
2020-07-12 06:00,0.050,3.816
2020-07-12 07:00,0.047,3.739
2020-07-12 08:00,0.093,4.538
2020-07-12 09:00,0.128,5.003
2020-07-12 10:00,0.119,4.896
2020-07-12 11:00,0.100,4.634
2020-07-12 12:00,0.235,6.085
2020-07-12 13:00,0.323,6.788
2020-07-12 14:00,0.371,7.132
2020-07-12 15:00,0.432,7.556
2020-07-12 16:00,0.538,8.276
2020-07-12 17:00,0.694,9.450
2020-07-12 18:00,0.799,10.445
2020-07-12 19:00,0.828,10.801
2020-07-12 20:00,0.837,10.909
2020-07-12 21:00,0.876,11.484
2020-07-12 22:00,0.924,12.473
2020-07-12 23:00,0.965,13.834
2020-07-13 00:00,0.968,14.007
2020-07-13 01:00,0.967,13.951
2020-07-13 02:00,0.963,13.766
2020-07-13 03:00,0.965,13.836
2020-07-13 04:00,0.973,14.289
2020-07-13 05:00,0.977,14.536
2020-07-13 06:00,0.973,14.257
2020-07-13 07:00,0.965,13.851
2020-07-13 08:00,0.957,13.497
2020-07-13 09:00,0.936,12.787
2020-07-13 10:00,0.917,12.305
2020-07-13 11:00,0.895,11.842
2020-07-13 12:00,0.868,11.369
2020-07-13 13:00,0.828,10.799
2020-07-13 14:00,0.759,10.032
2020-07-13 15:00,0.684,9.370
2020-07-13 16:00,0.620,8.870
2020-07-13 17:00,0.559,8.419
2020-07-13 18:00,0.533,8.248
2020-07-13 19:00,0.576,8.545
2020-07-13 20:00,0.639,9.006
2020-07-13 21:00,0.635,8.982
2020-07-13 22:00,0.669,9.242
2020-07-13 23:00,0.681,9.341
2020-07-14 00:00,0.688,9.397
2020-07-14 01:00,0.686,9.387
2020-07-14 02:00,0.689,9.403
2020-07-14 03:00,0.709,9.574
2020-07-14 04:00,0.733,9.787
2020-07-14 05:00,0.767,10.101
2020-07-14 06:00,0.800,10.463
2020-07-14 07:00,0.819,10.687
2020-07-14 08:00,0.803,10.486
2020-07-14 09:00,0.734,9.801
2020-07-14 10:00,0.649,9.091
2020-07-14 11:00,0.569,8.496
2020-07-14 12:00,0.548,8.348
2020-07-14 13:00,0.479,7.878
2020-07-14 14:00,0.393,7.288
2020-07-14 15:00,0.307,6.663
2020-07-14 16:00,0.254,6.245
2020-07-14 17:00,0.224,5.987
2020-07-14 18:00,0.208,5.843
2020-07-14 19:00,0.189,5.668
2020-07-14 20:00,0.157,5.340
2020-07-14 21:00,0.126,4.982
2020-07-14 22:00,0.119,4.898
2020-07-14 23:00,0.115,4.841
2020-07-15 00:00,0.118,4.873
2020-07-15 01:00,0.127,4.991
2020-07-15 02:00,0.139,5.140
2020-07-15 03:00,0.148,5.245
2020-07-15 04:00,0.143,5.184
2020-07-15 05:00,0.135,5.090
2020-07-15 06:00,0.118,4.887
2020-07-15 07:00,0.094,4.557
2020-07-15 08:00,0.070,4.189
2020-07-15 09:00,0.057,3.942
2020-07-15 10:00,0.047,3.742
2020-07-15 11:00,0.031,3.351
2020-07-15 12:00,0.014,2.761
2020-07-15 13:00,0.003,1.978
2020-07-15 14:00,0,1.165
2020-07-15 15:00,0,0.785
2020-07-15 16:00,0.001,1.597
2020-07-15 17:00,0.008,2.453
2020-07-15 18:00,0.019,2.978
2020-07-15 19:00,0.025,3.185
2020-07-15 20:00,0.026,3.217
2020-07-15 21:00,0.010,2.609
2020-07-15 22:00,0.003,2.058
2020-07-15 23:00,0.002,1.843
2020-07-16 00:00,0.002,1.872
2020-07-16 01:00,0.001,1.680
2020-07-16 02:00,0.001,1.609
2020-07-16 03:00,0.002,1.817
2020-07-16 04:00,0.007,2.418
2020-07-16 05:00,0.029,3.313
2020-07-16 06:00,0.071,4.197
2020-07-16 07:00,0.104,4.703
2020-07-16 08:00,0.108,4.756
2020-07-16 09:00,0.083,4.383
2020-07-16 10:00,0.054,3.881
2020-07-16 11:00,0.030,3.333
2020-07-16 12:00,0.015,2.795
2020-07-16 13:00,0.007,2.358
2020-07-16 14:00,0.003,1.970
2020-07-16 15:00,0.001,1.637
2020-07-16 16:00,0,1.399
2020-07-16 17:00,0,1.265
2020-07-16 18:00,0,1.242
2020-07-16 19:00,0,1.282
2020-07-16 20:00,0,1.287
2020-07-16 21:00,0,1.216
2020-07-16 22:00,0,1.332
2020-07-16 23:00,0,1.273
2020-07-17 00:00,0,1.010
2020-07-17 01:00,0,1.069
2020-07-17 02:00,0.001,1.557
2020-07-17 03:00,0.004,2.147
2020-07-17 04:00,0.015,2.823
2020-07-17 05:00,0.044,3.671
2020-07-17 06:00,0.071,4.201
2020-07-17 07:00,0.077,4.290
2020-07-17 08:00,0.079,4.326
2020-07-17 09:00,0.074,4.243
2020-07-17 10:00,0.069,4.151
2020-07-17 11:00,0.063,4.061
2020-07-17 12:00,0.054,3.878
2020-07-17 13:00,0.039,3.567
2020-07-17 14:00,0.021,3.044
2020-07-17 15:00,0.008,2.435
2020-07-17 16:00,0.002,1.932
2020-07-17 17:00,0.001,1.629
2020-07-17 18:00,0.002,1.825
2020-07-17 19:00,0.003,2.071
2020-07-17 20:00,0.004,2.163
2020-07-17 21:00,0.006,2.277
2020-07-17 22:00,0.007,2.399
2020-07-17 23:00,0.010,2.583
2020-07-18 00:00,0.009,2.523
2020-07-18 01:00,0,1.193
2020-07-18 02:00,0.003,1.968
2020-07-18 03:00,0.002,1.821
2020-07-18 04:00,0,1.313
2020-07-18 05:00,0.003,1.955
2020-07-18 06:00,0.021,3.052
2020-07-18 07:00,0.032,3.373
2020-07-18 08:00,0.024,3.149
2020-07-18 09:00,0.021,3.063
2020-07-18 10:00,0.036,3.469
2020-07-18 11:00,0.041,3.612
2020-07-18 12:00,0.044,3.677
2020-07-18 13:00,0.040,3.585
2020-07-18 14:00,0.023,3.115
2020-07-18 15:00,0.016,2.867
2020-07-18 16:00,0.031,3.351
2020-07-18 17:00,0.052,3.856
2020-07-18 18:00,0.089,4.487
2020-07-18 19:00,0.123,4.948
2020-07-18 20:00,0.088,4.472
2020-07-18 21:00,0.078,4.320
2020-07-18 22:00,0.107,4.737
2020-07-18 23:00,0.128,5.009
2020-07-19 00:00,0.163,5.402
2020-07-19 01:00,0.210,5.869
2020-07-19 02:00,0.276,6.424
2020-07-19 03:00,0.321,6.764
2020-07-19 04:00,0.349,6.977
2020-07-19 05:00,0.373,7.142
2020-07-19 06:00,0.413,7.430
2020-07-19 07:00,0.463,7.767
2020-07-19 08:00,0.442,7.622
2020-07-19 09:00,0.433,7.570
2020-07-19 10:00,0.488,7.942
2020-07-19 11:00,0.514,8.114
2020-07-19 12:00,0.551,8.377
2020-07-19 13:00,0.612,8.802
2020-07-19 14:00,0.671,9.256
2020-07-19 15:00,0.720,9.667
2020-07-19 16:00,0.761,10.057
2020-07-19 17:00,0.799,10.444
2020-07-19 18:00,0.839,10.945
2020-07-19 19:00,0.880,11.569
2020-07-19 20:00,0.896,11.854
2020-07-19 21:00,0.879,11.536
2020-07-19 22:00,0.869,11.387
2020-07-19 23:00,0.932,12.672
2020-07-20 00:00,0.964,13.810
2020-07-20 01:00,0.970,14.121
2020-07-20 02:00,0.964,13.805
2020-07-20 03:00,0.960,13.629
2020-07-20 04:00,0.952,13.310
2020-07-20 05:00,0.937,12.820
2020-07-20 06:00,0.913,12.199
2020-07-20 07:00,0.873,11.446
2020-07-20 08:00,0.801,10.475
2020-07-20 09:00,0.703,9.523
2020-07-20 10:00,0.627,8.916
2020-07-20 11:00,0.547,8.345
2020-07-20 12:00,0.480,7.890
2020-07-20 13:00,0.436,7.579
2020-07-20 14:00,0.408,7.388
2020-07-20 15:00,0.380,7.194
2020-07-20 16:00,0.361,7.063
2020-07-20 17:00,0.348,6.969
2020-07-20 18:00,0.345,6.945
2020-07-20 19:00,0.347,6.959
2020-07-20 20:00,0.345,6.941
2020-07-20 21:00,0.272,6.398
2020-07-20 22:00,0.219,5.942
2020-07-20 23:00,0.113,4.821
2020-07-21 00:00,0.028,3.260
2020-07-21 01:00,0.021,3.069
2020-07-21 02:00,0.030,3.340
2020-07-21 03:00,0.033,3.413
2020-07-21 04:00,0.032,3.373
2020-07-21 05:00,0.028,3.286
2020-07-21 06:00,0.021,3.070
2020-07-21 07:00,0.025,3.195
2020-07-21 08:00,0.036,3.472
2020-07-21 09:00,0.051,3.837
2020-07-21 10:00,0.050,3.804
2020-07-21 11:00,0.027,3.221
2020-07-21 12:00,0.006,2.337
2020-07-21 13:00,0.001,1.625
2020-07-21 14:00,0,0.907
2020-07-21 15:00,0,0.205
2020-07-21 16:00,0,0.784
2020-07-21 17:00,0,1.159
2020-07-21 18:00,0.002,1.776
2020-07-21 19:00,0.007,2.370
2020-07-21 20:00,0.016,2.854
2020-07-21 21:00,0.021,3.060
2020-07-21 22:00,0.054,3.869
2020-07-21 23:00,0.121,4.923
2020-07-22 00:00,0.174,5.518
2020-07-22 01:00,0.182,5.602
2020-07-22 02:00,0.178,5.553
2020-07-22 03:00,0.162,5.397
2020-07-22 04:00,0.123,4.947
2020-07-22 05:00,0.095,4.575
2020-07-22 06:00,0.088,4.471
2020-07-22 07:00,0.122,4.936
2020-07-22 08:00,0.114,4.835
2020-07-22 09:00,0.103,4.692
2020-07-22 10:00,0.089,4.487
2020-07-22 11:00,0.079,4.323
2020-07-22 12:00,0.077,4.299
2020-07-22 13:00,0.069,4.162
2020-07-22 14:00,0.067,4.119
2020-07-22 15:00,0.068,4.135
2020-07-22 16:00,0.079,4.325
2020-07-22 17:00,0.081,4.357
2020-07-22 18:00,0.075,4.270
2020-07-22 19:00,0.061,4.015
2020-07-22 20:00,0.078,4.306
2020-07-22 21:00,0.081,4.362
2020-07-22 22:00,0.062,4.045
2020-07-22 23:00,0.062,4.041
2020-07-23 00:00,0.080,4.350
2020-07-23 01:00,0.095,4.577
2020-07-23 02:00,0.137,5.120
2020-07-23 03:00,0.198,5.754
2020-07-23 04:00,0.320,6.754
2020-07-23 05:00,0.510,8.083
2020-07-23 06:00,0.684,9.366
2020-07-23 07:00,0.779,10.241
2020-07-23 08:00,0.792,10.373
2020-07-23 09:00,0.814,10.619
2020-07-23 10:00,0.868,11.363
2020-07-23 11:00,0.912,12.185
2020-07-23 12:00,0.948,13.149
2020-07-23 13:00,0.967,13.946
2020-07-23 14:00,0.974,14.373
2020-07-23 15:00,0.977,14.550
2020-07-23 16:00,0.974,14.361
2020-07-23 17:00,0.954,13.381
2020-07-23 18:00,0.871,11.399
2020-07-23 19:00,0.741,9.862
2020-07-23 20:00,0.533,8.245
2020-07-23 21:00,0.309,6.682
2020-07-23 22:00,0.273,6.406
2020-07-23 23:00,0.338,6.890
2020-07-24 00:00,0.415,7.435
2020-07-24 01:00,0.488,7.943
2020-07-24 02:00,0.556,8.400
2020-07-24 03:00,0.679,9.326
2020-07-24 04:00,0.784,10.285
2020-07-24 05:00,0.819,10.688
2020-07-24 06:00,0.777,10.219
2020-07-24 07:00,0.628,8.924
2020-07-24 08:00,0.423,7.487
2020-07-24 09:00,0.302,6.620
2020-07-24 10:00,0.369,7.116
2020-07-24 11:00,0.463,7.768
2020-07-24 12:00,0.462,7.758
2020-07-24 13:00,0.403,7.356
2020-07-24 14:00,0.327,6.814
2020-07-24 15:00,0.246,6.183
2020-07-24 16:00,0.208,5.847
2020-07-24 17:00,0.206,5.825
2020-07-24 18:00,0.216,5.924
2020-07-24 19:00,0.206,5.828
2020-07-24 20:00,0.170,5.475
2020-07-24 21:00,0.093,4.532
2020-07-24 22:00,0.045,3.693
2020-07-24 23:00,0.024,3.152
2020-07-25 00:00,0.011,2.658
2020-07-25 01:00,0.005,2.249
2020-07-25 02:00,0.007,2.402
2020-07-25 03:00,0.027,3.255
2020-07-25 04:00,0.064,4.072
2020-07-25 05:00,0.098,4.616
2020-07-25 06:00,0.134,5.083
2020-07-25 07:00,0.183,5.607
2020-07-25 08:00,0.229,6.029
2020-07-25 09:00,0.238,6.104
2020-07-25 10:00,0.227,6.019
2020-07-25 11:00,0.224,5.993
2020-07-25 12:00,0.209,5.858
2020-07-25 13:00,0.181,5.585
2020-07-25 14:00,0.160,5.376
2020-07-25 15:00,0.161,5.379
2020-07-25 16:00,0.156,5.328
2020-07-25 17:00,0.135,5.087
2020-07-25 18:00,0.112,4.792
2020-07-25 19:00,0.101,4.643
2020-07-25 20:00,0.085,4.425
2020-07-25 21:00,0.058,3.948
2020-07-25 22:00,0.062,4.035
2020-07-25 23:00,0.077,4.300
2020-07-26 00:00,0.102,4.673
2020-07-26 01:00,0.156,5.326
2020-07-26 02:00,0.227,6.012
2020-07-26 03:00,0.265,6.337
2020-07-26 04:00,0.276,6.424
2020-07-26 05:00,0.285,6.488
2020-07-26 06:00,0.288,6.520
2020-07-26 07:00,0.282,6.473
2020-07-26 08:00,0.268,6.362
2020-07-26 09:00,0.242,6.145
2020-07-26 10:00,0.212,5.879
2020-07-26 11:00,0.181,5.588
2020-07-26 12:00,0.150,5.267
2020-07-26 13:00,0.112,4.799
2020-07-26 14:00,0.063,4.054
2020-07-26 15:00,0.050,3.814
2020-07-26 16:00,0.040,3.585
2020-07-26 17:00,0.025,3.168
2020-07-26 18:00,0.045,3.695
2020-07-26 19:00,0.081,4.357
2020-07-26 20:00,0.091,4.515
2020-07-26 21:00,0.085,4.420
2020-07-26 22:00,0.083,4.378
2020-07-26 23:00,0.083,4.386
2020-07-27 00:00,0.073,4.237
2020-07-27 01:00,0.072,4.223
2020-07-27 02:00,0.052,3.857
2020-07-27 03:00,0.015,2.840
2020-07-27 04:00,0.015,2.806
2020-07-27 05:00,0.030,3.343
2020-07-27 06:00,0.059,3.983
2020-07-27 07:00,0.114,4.835
2020-07-27 08:00,0.188,5.659
2020-07-27 09:00,0.285,6.487
2020-07-27 10:00,0.393,7.290
2020-07-27 11:00,0.438,7.596
2020-07-27 12:00,0.450,7.674
2020-07-27 13:00,0.435,7.575
2020-07-27 14:00,0.352,6.991
2020-07-27 15:00,0.230,6.039
2020-07-27 16:00,0.192,5.693
2020-07-27 17:00,0.170,5.477
2020-07-27 18:00,0.166,5.432
2020-07-27 19:00,0.141,5.165
2020-07-27 20:00,0.069,4.156
2020-07-27 21:00,0.027,3.226
2020-07-27 22:00,0.032,3.398
2020-07-27 23:00,0.055,3.912
2020-07-28 00:00,0.163,5.399
2020-07-28 01:00,0.321,6.765
2020-07-28 02:00,0.413,7.426
2020-07-28 03:00,0.424,7.503
2020-07-28 04:00,0.345,6.945
2020-07-28 05:00,0.246,6.169
2020-07-28 06:00,0.171,5.486
2020-07-28 07:00,0.122,4.932
2020-07-28 08:00,0.092,4.526
2020-07-28 09:00,0.071,4.204
2020-07-28 10:00,0.065,4.097
2020-07-28 11:00,0.062,4.032
2020-07-28 12:00,0.052,3.850
2020-07-28 13:00,0.039,3.570
2020-07-28 14:00,0.028,3.282
2020-07-28 15:00,0.023,3.106
2020-07-28 16:00,0.023,3.109
2020-07-28 17:00,0.030,3.320
2020-07-28 18:00,0.043,3.660
2020-07-28 19:00,0.060,3.996
2020-07-28 20:00,0.077,4.296
2020-07-28 21:00,0.075,4.271
2020-07-28 22:00,0.077,4.300
2020-07-28 23:00,0.101,4.651
2020-07-29 00:00,0.131,5.032
2020-07-29 01:00,0.113,4.813
2020-07-29 02:00,0.085,4.428
2020-07-29 03:00,0.079,4.324
2020-07-29 04:00,0.083,4.379
2020-07-29 05:00,0.090,4.495
2020-07-29 06:00,0.102,4.674
2020-07-29 07:00,0.112,4.794
2020-07-29 08:00,0.113,4.811
2020-07-29 09:00,0.107,4.739
2020-07-29 10:00,0.107,4.746
2020-07-29 11:00,0.100,4.630
2020-07-29 12:00,0.088,4.466
2020-07-29 13:00,0.091,4.507
2020-07-29 14:00,0.093,4.546
2020-07-29 15:00,0.106,4.733
2020-07-29 16:00,0.148,5.245
2020-07-29 17:00,0.228,6.025
2020-07-29 18:00,0.295,6.574
2020-07-29 19:00,0.314,6.712
2020-07-29 20:00,0.299,6.599
2020-07-29 21:00,0.240,6.127
2020-07-29 22:00,0.171,5.483
2020-07-29 23:00,0.183,5.606
2020-07-30 00:00,0.233,6.069
2020-07-30 01:00,0.279,6.447
2020-07-30 02:00,0.312,6.701
2020-07-30 03:00,0.331,6.842
2020-07-30 04:00,0.333,6.853
2020-07-30 05:00,0.321,6.769
2020-07-30 06:00,0.293,6.560
2020-07-30 07:00,0.224,5.986
2020-07-30 08:00,0.156,5.331
2020-07-30 09:00,0.171,5.482
2020-07-30 10:00,0.263,6.322
2020-07-30 11:00,0.355,7.010
2020-07-30 12:00,0.420,7.476
2020-07-30 13:00,0.458,7.734
2020-07-30 14:00,0.461,7.754
2020-07-30 15:00,0.432,7.562
2020-07-30 16:00,0.390,7.266
2020-07-30 17:00,0.339,6.904
2020-07-30 18:00,0.293,6.557
2020-07-30 19:00,0.247,6.183
2020-07-30 20:00,0.212,5.884
2020-07-30 21:00,0.162,5.394
2020-07-30 22:00,0.125,4.974
2020-07-30 23:00,0.141,5.162
2020-07-31 00:00,0.139,5.133
2020-07-31 01:00,0.120,4.912
2020-07-31 02:00,0.124,4.959
2020-07-31 03:00,0.155,5.304
2020-07-31 04:00,0.176,5.531
2020-07-31 05:00,0.186,5.634
2020-07-31 06:00,0.217,5.930
2020-07-31 07:00,0.225,6.000
2020-07-31 08:00,0.201,5.775
2020-07-31 09:00,0.225,5.998
2020-07-31 10:00,0.301,6.615
2020-07-31 11:00,0.384,7.226
2020-07-31 12:00,0.436,7.584
2020-07-31 13:00,0.426,7.512
2020-07-31 14:00,0.393,7.292
2020-07-31 15:00,0.378,7.182
2020-07-31 16:00,0.383,7.223
2020-07-31 17:00,0.400,7.341
2020-07-31 18:00,0.416,7.451
2020-07-31 19:00,0.410,7.406
2020-07-31 20:00,0.370,7.128
2020-07-31 21:00,0.254,6.241
2020-07-31 22:00,0.146,5.223
2020-07-31 23:00,0.118,4.885
2020-08-01 00:00,0.107,4.741
2020-08-01 01:00,0.124,4.963
2020-08-01 02:00,0.149,5.255
2020-08-01 03:00,0.146,5.213
2020-08-01 04:00,0.133,5.053
2020-08-01 05:00,0.155,5.307
2020-08-01 06:00,0.173,5.510
2020-08-01 07:00,0.161,5.380
2020-08-01 08:00,0.153,5.287
2020-08-01 09:00,0.181,5.584
2020-08-01 10:00,0.253,6.228
2020-08-01 11:00,0.317,6.737
2020-08-01 12:00,0.390,7.260
2020-08-01 13:00,0.453,7.701
2020-08-01 14:00,0.471,7.824
2020-08-01 15:00,0.463,7.767
2020-08-01 16:00,0.483,7.904
2020-08-01 17:00,0.505,8.054
2020-08-01 18:00,0.511,8.095
2020-08-01 19:00,0.513,8.112
2020-08-01 20:00,0.516,8.126
2020-08-01 21:00,0.449,7.669
2020-08-01 22:00,0.448,7.658
2020-08-01 23:00,0.556,8.405
2020-08-02 00:00,0.594,8.679
2020-08-02 01:00,0.600,8.719
2020-08-02 02:00,0.597,8.696
2020-08-02 03:00,0.597,8.703
2020-08-02 04:00,0.597,8.694
2020-08-02 05:00,0.588,8.640
2020-08-02 06:00,0.551,8.374
2020-08-02 07:00,0.446,7.647
2020-08-02 08:00,0.336,6.881
2020-08-02 09:00,0.309,6.681
2020-08-02 10:00,0.358,7.044
2020-08-02 11:00,0.460,7.744
2020-08-02 12:00,0.551,8.373
2020-08-02 13:00,0.606,8.762
2020-08-02 14:00,0.645,9.060
2020-08-02 15:00,0.678,9.316
2020-08-02 16:00,0.694,9.444
2020-08-02 17:00,0.692,9.425
2020-08-02 18:00,0.689,9.401
2020-08-02 19:00,0.700,9.501
2020-08-02 20:00,0.697,9.477
2020-08-02 21:00,0.672,9.260
2020-08-02 22:00,0.644,9.046
2020-08-02 23:00,0.753,9.972
2020-08-03 00:00,0.850,11.094
2020-08-03 01:00,0.872,11.433
2020-08-03 02:00,0.871,11.414
2020-08-03 03:00,0.857,11.198
2020-08-03 04:00,0.832,10.845
2020-08-03 05:00,0.800,10.462
2020-08-03 06:00,0.751,9.955
2020-08-03 07:00,0.650,9.095
2020-08-03 08:00,0.515,8.117
2020-08-03 09:00,0.418,7.463
2020-08-03 10:00,0.416,7.445
2020-08-03 11:00,0.429,7.529
2020-08-03 12:00,0.476,7.858
2020-08-03 13:00,0.569,8.491
2020-08-03 14:00,0.640,9.019
2020-08-03 15:00,0.647,9.076
2020-08-03 16:00,0.634,8.976
2020-08-03 17:00,0.606,8.758
2020-08-03 18:00,0.552,8.379
2020-08-03 19:00,0.492,7.967
2020-08-03 20:00,0.450,7.685
2020-08-03 21:00,0.432,7.558
2020-08-03 22:00,0.430,7.547
2020-08-03 23:00,0.476,7.850
2020-08-04 00:00,0.552,8.381
2020-08-04 01:00,0.616,8.833
2020-08-04 02:00,0.623,8.893
2020-08-04 03:00,0.441,7.616
2020-08-04 04:00,0.211,5.874
2020-08-04 05:00,0.167,5.442
2020-08-04 06:00,0.203,5.792
2020-08-04 07:00,0.227,6.012
2020-08-04 08:00,0.251,6.220
2020-08-04 09:00,0.301,6.616
2020-08-04 10:00,0.360,7.057
2020-08-04 11:00,0.414,7.432
2020-08-04 12:00,0.452,7.693
2020-08-04 13:00,0.466,7.788
2020-08-04 14:00,0.448,7.658
2020-08-04 15:00,0.426,7.516
2020-08-04 16:00,0.389,7.257
2020-08-04 17:00,0.321,6.765
2020-08-04 18:00,0.257,6.268
2020-08-04 19:00,0.253,6.234
2020-08-04 20:00,0.289,6.533
2020-08-04 21:00,0.265,6.332
2020-08-04 22:00,0.235,6.084
2020-08-04 23:00,0.345,6.945
2020-08-05 00:00,0.417,7.459
2020-08-05 01:00,0.431,7.553
2020-08-05 02:00,0.432,7.556
2020-08-05 03:00,0.449,7.666
2020-08-05 04:00,0.467,7.798
2020-08-05 05:00,0.463,7.759
2020-08-05 06:00,0.431,7.554
2020-08-05 07:00,0.417,7.454
2020-08-05 08:00,0.427,7.523
2020-08-05 09:00,0.467,7.798
2020-08-05 10:00,0.497,7.998
2020-08-05 11:00,0.497,7.994
2020-08-05 12:00,0.521,8.162
2020-08-05 13:00,0.564,8.469
2020-08-05 14:00,0.600,8.727
2020-08-05 15:00,0.653,9.120
2020-08-05 16:00,0.704,9.539
2020-08-05 17:00,0.752,9.956
2020-08-05 18:00,0.810,10.575
2020-08-05 19:00,0.868,11.353
2020-08-05 20:00,0.921,12.386
2020-08-05 21:00,0.961,13.672
2020-08-05 22:00,0.980,14.790
2020-08-05 23:00,0.991,16.101
2020-08-06 00:00,0.992,17.576
2020-08-06 01:00,0.990,17.973
2020-08-06 02:00,0.991,17.758
2020-08-06 03:00,0.993,17.067
2020-08-06 04:00,0.991,16.144
2020-08-06 05:00,0.987,15.480
2020-08-06 06:00,0.982,14.903
2020-08-06 07:00,0.956,13.466
2020-08-06 08:00,0.871,11.407
2020-08-06 09:00,0.678,9.323
2020-08-06 10:00,0.462,7.759
2020-08-06 11:00,0.284,6.484
2020-08-06 12:00,0.160,5.368
2020-08-06 13:00,0.100,4.640
2020-08-06 14:00,0.077,4.301
2020-08-06 15:00,0.107,4.742
2020-08-06 16:00,0.151,5.270
2020-08-06 17:00,0.188,5.658
2020-08-06 18:00,0.197,5.739
2020-08-06 19:00,0.189,5.668
2020-08-06 20:00,0.163,5.408
2020-08-06 21:00,0.122,4.935
2020-08-06 22:00,0.069,4.161
2020-08-06 23:00,0.043,3.660
2020-08-07 00:00,0.024,3.146
2020-08-07 01:00,0.011,2.628
2020-08-07 02:00,0.002,1.946
2020-08-07 03:00,0.001,1.530
2020-08-07 04:00,0.007,2.358
2020-08-07 05:00,0.029,3.299
2020-08-07 06:00,0.055,3.905
2020-08-07 07:00,0.078,4.313
2020-08-07 08:00,0.116,4.861
2020-08-07 09:00,0.165,5.420
2020-08-07 10:00,0.190,5.673
2020-08-07 11:00,0.198,5.749
2020-08-07 12:00,0.146,5.219
2020-08-07 13:00,0.120,4.910
2020-08-07 14:00,0.107,4.744
2020-08-07 15:00,0.134,5.085
2020-08-07 16:00,0.246,6.182
2020-08-07 17:00,0.385,7.231
2020-08-07 18:00,0.436,7.580
2020-08-07 19:00,0.432,7.560
2020-08-07 20:00,0.489,7.946
2020-08-07 21:00,0.617,8.847
2020-08-07 22:00,0.658,9.157
2020-08-07 23:00,0.780,10.251
2020-08-08 00:00,0.818,10.680
2020-08-08 01:00,0.753,9.975
2020-08-08 02:00,0.544,8.317
2020-08-08 03:00,0.322,6.777
2020-08-08 04:00,0.196,5.734
2020-08-08 05:00,0.067,4.123
2020-08-08 06:00,0.005,2.218
2020-08-08 07:00,0.001,1.611
2020-08-08 08:00,0.023,3.112
2020-08-08 09:00,0.052,3.856
2020-08-08 10:00,0.083,4.377
2020-08-08 11:00,0.094,4.561
2020-08-08 12:00,0.102,4.678
2020-08-08 13:00,0.102,4.673
2020-08-08 14:00,0.129,5.020
2020-08-08 15:00,0.186,5.633
2020-08-08 16:00,0.315,6.723
2020-08-08 17:00,0.516,8.124
2020-08-08 18:00,0.636,8.986
2020-08-08 19:00,0.725,9.716
2020-08-08 20:00,0.767,10.104
2020-08-08 21:00,0.766,10.095
2020-08-08 22:00,0.748,9.918
2020-08-08 23:00,0.768,10.122
2020-08-09 00:00,0.820,10.699
2020-08-09 01:00,0.897,11.873
2020-08-09 02:00,0.935,12.762
2020-08-09 03:00,0.948,13.191
2020-08-09 04:00,0.947,13.123
2020-08-09 05:00,0.934,12.742
2020-08-09 06:00,0.913,12.209
2020-08-09 07:00,0.887,11.690
2020-08-09 08:00,0.857,11.201
2020-08-09 09:00,0.837,10.899
2020-08-09 10:00,0.825,10.754
2020-08-09 11:00,0.796,10.415
2020-08-09 12:00,0.794,10.394
2020-08-09 13:00,0.783,10.275
2020-08-09 14:00,0.761,10.051
2020-08-09 15:00,0.750,9.948
2020-08-09 16:00,0.742,9.875
2020-08-09 17:00,0.758,10.029
2020-08-09 18:00,0.785,10.305
2020-08-09 19:00,0.785,10.296
2020-08-09 20:00,0.791,10.351
2020-08-09 21:00,0.763,10.070
2020-08-09 22:00,0.697,9.475
2020-08-09 23:00,0.746,9.911
2020-08-10 00:00,0.777,10.218
2020-08-10 01:00,0.808,10.550
2020-08-10 02:00,0.855,11.158
2020-08-10 03:00,0.832,10.845
2020-08-10 04:00,0.779,10.233
2020-08-10 05:00,0.797,10.421
2020-08-10 06:00,0.817,10.661
2020-08-10 07:00,0.841,10.963
2020-08-10 08:00,0.799,10.449
2020-08-10 09:00,0.658,9.159
2020-08-10 10:00,0.476,7.861
2020-08-10 11:00,0.321,6.770
2020-08-10 12:00,0.357,7.035
2020-08-10 13:00,0.745,9.893
2020-08-10 14:00,0.900,11.929
2020-08-10 15:00,0.893,11.800
2020-08-10 16:00,0.801,10.477
2020-08-10 17:00,0.735,9.808
2020-08-10 18:00,0.734,9.797
2020-08-10 19:00,0.750,9.940
2020-08-10 20:00,0.768,10.120
2020-08-10 21:00,0.746,9.899
2020-08-10 22:00,0.767,10.101
2020-08-10 23:00,0.844,11.002
2020-08-11 00:00,0.875,11.476
2020-08-11 01:00,0.871,11.406
2020-08-11 02:00,0.859,11.224
2020-08-11 03:00,0.824,10.739
2020-08-11 04:00,0.750,9.940
2020-08-11 05:00,0.655,9.140
2020-08-11 06:00,0.547,8.343
2020-08-11 07:00,0.426,7.510
2020-08-11 08:00,0.346,6.953
2020-08-11 09:00,0.352,6.997
2020-08-11 10:00,0.429,7.535
2020-08-11 11:00,0.479,7.879
2020-08-11 12:00,0.480,7.890
2020-08-11 13:00,0.452,7.695
2020-08-11 14:00,0.413,7.419
2020-08-11 15:00,0.406,7.372
2020-08-11 16:00,0.421,7.482
2020-08-11 17:00,0.412,7.416
2020-08-11 18:00,0.394,7.295
2020-08-11 19:00,0.388,7.252
2020-08-11 20:00,0.400,7.334
2020-08-11 21:00,0.377,7.168
2020-08-11 22:00,0.306,6.657
2020-08-11 23:00,0.285,6.495
2020-08-12 00:00,0.357,7.035
2020-08-12 01:00,0.444,7.637
2020-08-12 02:00,0.448,7.657
2020-08-12 03:00,0.379,7.185
2020-08-12 04:00,0.324,6.795
2020-08-12 05:00,0.281,6.464
2020-08-12 06:00,0.238,6.110
2020-08-12 07:00,0.198,5.751
2020-08-12 08:00,0.176,5.530
2020-08-12 09:00,0.194,5.709
2020-08-12 10:00,0.229,6.030
2020-08-12 11:00,0.227,6.016
2020-08-12 12:00,0.239,6.124
2020-08-12 13:00,0.302,6.620
2020-08-12 14:00,0.374,7.151
2020-08-12 15:00,0.415,7.437
2020-08-12 16:00,0.429,7.540
2020-08-12 17:00,0.408,7.387
2020-08-12 18:00,0.370,7.122
2020-08-12 19:00,0.365,7.081
2020-08-12 20:00,0.338,6.895
2020-08-12 21:00,0.246,6.169
2020-08-12 22:00,0.194,5.719
2020-08-12 23:00,0.239,6.120
2020-08-13 00:00,0.284,6.485
2020-08-13 01:00,0.321,6.772
2020-08-13 02:00,0.365,7.093
2020-08-13 03:00,0.402,7.345
2020-08-13 04:00,0.410,7.403
2020-08-13 05:00,0.396,7.310
2020-08-13 06:00,0.387,7.246
2020-08-13 07:00,0.365,7.086
2020-08-13 08:00,0.335,6.873
2020-08-13 09:00,0.366,7.096
2020-08-13 10:00,0.472,7.826
2020-08-13 11:00,0.565,8.471
2020-08-13 12:00,0.619,8.866
2020-08-13 13:00,0.649,9.090
2020-08-13 14:00,0.647,9.075
2020-08-13 15:00,0.663,9.189
2020-08-13 16:00,0.689,9.398
2020-08-13 17:00,0.697,9.477
2020-08-13 18:00,0.689,9.409
2020-08-13 19:00,0.667,9.231
2020-08-13 20:00,0.637,8.999
2020-08-13 21:00,0.567,8.482
2020-08-13 22:00,0.582,8.590
2020-08-13 23:00,0.694,9.450
2020-08-14 00:00,0.782,10.271
2020-08-14 01:00,0.860,11.233
2020-08-14 02:00,0.914,12.235
2020-08-14 03:00,0.936,12.797
2020-08-14 04:00,0.937,12.814
2020-08-14 05:00,0.925,12.492
2020-08-14 06:00,0.867,11.337
2020-08-14 07:00,0.785,10.301
2020-08-14 08:00,0.708,9.568
2020-08-14 09:00,0.732,9.784
2020-08-14 10:00,0.775,10.197
2020-08-14 11:00,0.759,10.040
2020-08-14 12:00,0.715,9.629
2020-08-14 13:00,0.681,9.340
2020-08-14 14:00,0.670,9.253
2020-08-14 15:00,0.660,9.167
2020-08-14 16:00,0.645,9.050
2020-08-14 17:00,0.628,8.920
2020-08-14 18:00,0.592,8.663
2020-08-14 19:00,0.546,8.333
2020-08-14 20:00,0.533,8.243
2020-08-14 21:00,0.488,7.943
2020-08-14 22:00,0.428,7.526
2020-08-14 23:00,0.454,7.713
2020-08-15 00:00,0.567,8.484
2020-08-15 01:00,0.645,9.057
2020-08-15 02:00,0.648,9.084
2020-08-15 03:00,0.637,8.991
2020-08-15 04:00,0.637,8.989
2020-08-15 05:00,0.612,8.807
2020-08-15 06:00,0.513,8.103
2020-08-15 07:00,0.330,6.833
2020-08-15 08:00,0.182,5.597
2020-08-15 09:00,0.127,4.991
2020-08-15 10:00,0.125,4.975
2020-08-15 11:00,0.171,5.492
2020-08-15 12:00,0.259,6.293
2020-08-15 13:00,0.348,6.974
2020-08-15 14:00,0.399,7.327
2020-08-15 15:00,0.423,7.499
2020-08-15 16:00,0.435,7.575
2020-08-15 17:00,0.417,7.457
2020-08-15 18:00,0.384,7.225
2020-08-15 19:00,0.367,7.106
2020-08-15 20:00,0.377,7.180
2020-08-15 21:00,0.342,6.928
2020-08-15 22:00,0.261,6.303
2020-08-15 23:00,0.291,6.548
2020-08-16 00:00,0.365,7.082
2020-08-16 01:00,0.385,7.230
2020-08-16 02:00,0.354,7.006
2020-08-16 03:00,0.297,6.589
2020-08-16 04:00,0.259,6.292
2020-08-16 05:00,0.243,6.156
2020-08-16 06:00,0.229,6.030
2020-08-16 07:00,0.201,5.776
2020-08-16 08:00,0.156,5.324
2020-08-16 09:00,0.148,5.245
2020-08-16 10:00,0.169,5.459
2020-08-16 11:00,0.190,5.678
2020-08-16 12:00,0.224,5.994
2020-08-16 13:00,0.273,6.404
2020-08-16 14:00,0.346,6.952
2020-08-16 15:00,0.417,7.455
2020-08-16 16:00,0.471,7.823
2020-08-16 17:00,0.504,8.047
2020-08-16 18:00,0.517,8.137
2020-08-16 19:00,0.521,8.163
2020-08-16 20:00,0.521,8.163
2020-08-16 21:00,0.446,7.647
2020-08-16 22:00,0.413,7.431
2020-08-16 23:00,0.451,7.689
2020-08-17 00:00,0.393,7.285
2020-08-17 01:00,0.283,6.477
2020-08-17 02:00,0.164,5.417
2020-08-17 03:00,0.076,4.277
2020-08-17 04:00,0.024,3.163
2020-08-17 05:00,0.005,2.256
2020-08-17 06:00,0.001,1.747
2020-08-17 07:00,0.001,1.730
2020-08-17 08:00,0.004,2.119
2020-08-17 09:00,0.007,2.403
2020-08-17 10:00,0.012,2.662
2020-08-17 11:00,0.016,2.874
2020-08-17 12:00,0.022,3.102
2020-08-17 13:00,0.033,3.407
2020-08-17 14:00,0.046,3.722
2020-08-17 15:00,0.062,4.038
2020-08-17 16:00,0.085,4.416
2020-08-17 17:00,0.111,4.789
2020-08-17 18:00,0.141,5.164
2020-08-17 19:00,0.169,5.470
2020-08-17 20:00,0.192,5.694
2020-08-17 21:00,0.162,5.388
2020-08-17 22:00,0.096,4.584
2020-08-17 23:00,0.071,4.190
2020-08-18 00:00,0.041,3.613
2020-08-18 01:00,0.020,3.003
2020-08-18 02:00,0.007,2.369
2020-08-18 03:00,0.002,1.789
2020-08-18 04:00,0,1.292
2020-08-18 05:00,0,0.920
2020-08-18 06:00,0,0.894
2020-08-18 07:00,0,1.238
2020-08-18 08:00,0.001,1.761
2020-08-18 09:00,0.007,2.358
2020-08-18 10:00,0.022,3.078
2020-08-18 11:00,0.053,3.860
2020-08-18 12:00,0.106,4.722
2020-08-18 13:00,0.182,5.599
2020-08-18 14:00,0.276,6.426
2020-08-18 15:00,0.369,7.115
2020-08-18 16:00,0.440,7.612
2020-08-18 17:00,0.459,7.737
2020-08-18 18:00,0.439,7.597
2020-08-18 19:00,0.410,7.398
2020-08-18 20:00,0.374,7.155
2020-08-18 21:00,0.299,6.607
2020-08-18 22:00,0.189,5.667
2020-08-18 23:00,0.160,5.371
2020-08-19 00:00,0.159,5.361
2020-08-19 01:00,0.133,5.063
2020-08-19 02:00,0.118,4.889
2020-08-19 03:00,0.114,4.836
2020-08-19 04:00,0.112,4.799
2020-08-19 05:00,0.119,4.901
2020-08-19 06:00,0.141,5.164
2020-08-19 07:00,0.163,5.400
2020-08-19 08:00,0.173,5.510
2020-08-19 09:00,0.245,6.165
2020-08-19 10:00,0.356,7.027
2020-08-19 11:00,0.426,7.516
2020-08-19 12:00,0.467,7.801
2020-08-19 13:00,0.497,7.992
2020-08-19 14:00,0.514,8.116
2020-08-19 15:00,0.525,8.198
2020-08-19 16:00,0.507,8.071
2020-08-19 17:00,0.470,7.818
2020-08-19 18:00,0.429,7.531
2020-08-19 19:00,0.374,7.146
2020-08-19 20:00,0.312,6.702
2020-08-19 21:00,0.229,6.026
2020-08-19 22:00,0.125,4.970
2020-08-19 23:00,0.075,4.264
2020-08-20 00:00,0.030,3.323
2020-08-20 01:00,0.009,2.496
2020-08-20 02:00,0.004,2.171
2020-08-20 03:00,0.006,2.320
2020-08-20 04:00,0.014,2.765
2020-08-20 05:00,0.026,3.214
2020-08-20 06:00,0.045,3.693
2020-08-20 07:00,0.071,4.197
2020-08-20 08:00,0.085,4.422
2020-08-20 09:00,0.086,4.434
2020-08-20 10:00,0.094,4.563
2020-08-20 11:00,0.082,4.370
2020-08-20 12:00,0.059,3.978
2020-08-20 13:00,0.044,3.668
2020-08-20 14:00,0.037,3.500
2020-08-20 15:00,0.038,3.540
2020-08-20 16:00,0.043,3.640
2020-08-20 17:00,0.043,3.655
2020-08-20 18:00,0.043,3.652
2020-08-20 19:00,0.043,3.655
2020-08-20 20:00,0.044,3.677
2020-08-20 21:00,0.032,3.374
2020-08-20 22:00,0.013,2.717
2020-08-20 23:00,0.001,1.743
2020-08-21 00:00,0,1.166
2020-08-21 01:00,0,1.259
2020-08-21 02:00,0,1.311
2020-08-21 03:00,0.001,1.472
2020-08-21 04:00,0.003,2.007
2020-08-21 05:00,0.016,2.846
2020-08-21 06:00,0.059,3.987
2020-08-21 07:00,0.141,5.162
2020-08-21 08:00,0.240,6.129
2020-08-21 09:00,0.270,6.382
2020-08-21 10:00,0.258,6.278
2020-08-21 11:00,0.254,6.243
2020-08-21 12:00,0.242,6.150
2020-08-21 13:00,0.224,5.979
2020-08-21 14:00,0.208,5.848
2020-08-21 15:00,0.203,5.794
2020-08-21 16:00,0.192,5.691
2020-08-21 17:00,0.172,5.499
2020-08-21 18:00,0.160,5.368
2020-08-21 19:00,0.156,5.329
2020-08-21 20:00,0.154,5.293
2020-08-21 21:00,0.127,5.000
2020-08-21 22:00,0.102,4.671
2020-08-21 23:00,0.088,4.463
2020-08-22 00:00,0.077,4.296
2020-08-22 01:00,0.072,4.215
2020-08-22 02:00,0.069,4.154
2020-08-22 03:00,0.067,4.126
2020-08-22 04:00,0.062,4.047
2020-08-22 05:00,0.058,3.959
2020-08-22 06:00,0.055,3.901
2020-08-22 07:00,0.060,3.996
2020-08-22 08:00,0.080,4.341
2020-08-22 09:00,0.091,4.511
2020-08-22 10:00,0.103,4.685
2020-08-22 11:00,0.112,4.796
2020-08-22 12:00,0.100,4.628
2020-08-22 13:00,0.079,4.327
2020-08-22 14:00,0.061,4.022
2020-08-22 15:00,0.047,3.743
2020-08-22 16:00,0.029,3.314
2020-08-22 17:00,0.018,2.954
2020-08-22 18:00,0.015,2.844
2020-08-22 19:00,0.013,2.714
2020-08-22 20:00,0.004,2.154
2020-08-22 21:00,0.001,1.529
2020-08-22 22:00,0,1.410
2020-08-22 23:00,0,1.387
2020-08-23 00:00,0,1.194
2020-08-23 01:00,0,0.981
2020-08-23 02:00,0,0.867
2020-08-23 03:00,0,0.833
2020-08-23 04:00,0,0.700
2020-08-23 05:00,0,0.511
2020-08-23 06:00,0,0.179
2020-08-23 07:00,0,0.281
2020-08-23 08:00,0.001,1.518
2020-08-23 09:00,0.010,2.565
2020-08-23 10:00,0.027,3.225
2020-08-23 11:00,0.031,3.347
2020-08-23 12:00,0.035,3.465
2020-08-23 13:00,0.047,3.746
2020-08-23 14:00,0.069,4.166
2020-08-23 15:00,0.062,4.034
2020-08-23 16:00,0.050,3.816
2020-08-23 17:00,0.040,3.578
2020-08-23 18:00,0.029,3.307
2020-08-23 19:00,0.021,3.061
2020-08-23 20:00,0.021,3.043
2020-08-23 21:00,0.023,3.135
2020-08-23 22:00,0.032,3.387
2020-08-23 23:00,0.059,3.975
2020-08-24 00:00,0.096,4.586
2020-08-24 01:00,0.133,5.064
2020-08-24 02:00,0.166,5.437
2020-08-24 03:00,0.183,5.609
2020-08-24 04:00,0.189,5.668
2020-08-24 05:00,0.189,5.670
2020-08-24 06:00,0.181,5.585
2020-08-24 07:00,0.179,5.564
2020-08-24 08:00,0.213,5.890
2020-08-24 09:00,0.276,6.424
2020-08-24 10:00,0.345,6.942
2020-08-24 11:00,0.345,6.951
2020-08-24 12:00,0.313,6.708
2020-08-24 13:00,0.281,6.469
2020-08-24 14:00,0.257,6.263
2020-08-24 15:00,0.227,6.015
2020-08-24 16:00,0.174,5.516
2020-08-24 17:00,0.119,4.891
2020-08-24 18:00,0.078,4.312
2020-08-24 19:00,0.048,3.766
2020-08-24 20:00,0.026,3.212
2020-08-24 21:00,0.015,2.795
2020-08-24 22:00,0.008,2.453
2020-08-24 23:00,0.024,3.165
2020-08-25 00:00,0.057,3.939
2020-08-25 01:00,0.079,4.328
2020-08-25 02:00,0.096,4.583
2020-08-25 03:00,0.101,4.649
2020-08-25 04:00,0.102,4.677
2020-08-25 05:00,0.109,4.766
2020-08-25 06:00,0.126,4.979
2020-08-25 07:00,0.149,5.252
2020-08-25 08:00,0.164,5.410
2020-08-25 09:00,0.157,5.340
2020-08-25 10:00,0.138,5.131
2020-08-25 11:00,0.107,4.743
2020-08-25 12:00,0.090,4.493
2020-08-25 13:00,0.093,4.546
2020-08-25 14:00,0.113,4.808
2020-08-25 15:00,0.148,5.235
2020-08-25 16:00,0.187,5.648
2020-08-25 17:00,0.212,5.886
2020-08-25 18:00,0.227,6.016
2020-08-25 19:00,0.254,6.239
2020-08-25 20:00,0.291,6.545
2020-08-25 21:00,0.279,6.452
2020-08-25 22:00,0.276,6.427
2020-08-25 23:00,0.338,6.895
2020-08-26 00:00,0.422,7.485
2020-08-26 01:00,0.537,8.274
2020-08-26 02:00,0.621,8.877
2020-08-26 03:00,0.689,9.410
2020-08-26 04:00,0.729,9.741
2020-08-26 05:00,0.751,9.954
2020-08-26 06:00,0.773,10.168
2020-08-26 07:00,0.774,10.172
2020-08-26 08:00,0.758,10.022
2020-08-26 09:00,0.769,10.137
2020-08-26 10:00,0.796,10.412
2020-08-26 11:00,0.851,11.110
2020-08-26 12:00,0.897,11.883
2020-08-26 13:00,0.923,12.439
2020-08-26 14:00,0.913,12.216
2020-08-26 15:00,0.915,12.248
2020-08-26 16:00,0.922,12.425
2020-08-26 17:00,0.922,12.419
2020-08-26 18:00,0.917,12.307
2020-08-26 19:00,0.913,12.202
2020-08-26 20:00,0.913,12.203
2020-08-26 21:00,0.902,11.973
2020-08-26 22:00,0.860,11.232
2020-08-26 23:00,0.817,10.648
2020-08-27 00:00,0.813,10.613
2020-08-27 01:00,0.813,10.610
2020-08-27 02:00,0.805,10.524
2020-08-27 03:00,0.799,10.445
2020-08-27 04:00,0.810,10.573
2020-08-27 05:00,0.834,10.874
2020-08-27 06:00,0.824,10.740
2020-08-27 07:00,0.739,9.831
2020-08-27 08:00,0.580,8.569
2020-08-27 09:00,0.474,7.844
2020-08-27 10:00,0.463,7.772
2020-08-27 11:00,0.442,7.623
2020-08-27 12:00,0.438,7.596
2020-08-27 13:00,0.432,7.558
2020-08-27 14:00,0.449,7.665
2020-08-27 15:00,0.486,7.918
2020-08-27 16:00,0.549,8.351
2020-08-27 17:00,0.567,8.482
2020-08-27 18:00,0.527,8.208
2020-08-27 19:00,0.464,7.774
2020-08-27 20:00,0.393,7.282
2020-08-27 21:00,0.279,6.452
2020-08-27 22:00,0.191,5.688
2020-08-27 23:00,0.157,5.344
2020-08-28 00:00,0.115,4.850
2020-08-28 01:00,0.093,4.537
2020-08-28 02:00,0.096,4.594
2020-08-28 03:00,0.109,4.769
2020-08-28 04:00,0.116,4.852
2020-08-28 05:00,0.115,4.845
2020-08-28 06:00,0.117,4.866
2020-08-28 07:00,0.133,5.056
2020-08-28 08:00,0.169,5.470
2020-08-28 09:00,0.213,5.897
2020-08-28 10:00,0.265,6.332
2020-08-28 11:00,0.285,6.494
2020-08-28 12:00,0.285,6.488
2020-08-28 13:00,0.272,6.396
2020-08-28 14:00,0.259,6.287
2020-08-28 15:00,0.265,6.335
2020-08-28 16:00,0.271,6.387
2020-08-28 17:00,0.268,6.353
2020-08-28 18:00,0.259,6.290
2020-08-28 19:00,0.257,6.275
2020-08-28 20:00,0.265,6.333
2020-08-28 21:00,0.239,6.126
2020-08-28 22:00,0.184,5.615
2020-08-28 23:00,0.223,5.976
2020-08-29 00:00,0.287,6.512
2020-08-29 01:00,0.321,6.760
2020-08-29 02:00,0.340,6.913
2020-08-29 03:00,0.347,6.958
2020-08-29 04:00,0.330,6.830
2020-08-29 05:00,0.302,6.620
2020-08-29 06:00,0.268,6.354
2020-08-29 07:00,0.227,6.010
2020-08-29 08:00,0.189,5.668
2020-08-29 09:00,0.198,5.749
2020-08-29 10:00,0.226,6.006
2020-08-29 11:00,0.245,6.165
2020-08-29 12:00,0.263,6.323
2020-08-29 13:00,0.282,6.474
2020-08-29 14:00,0.290,6.539
2020-08-29 15:00,0.276,6.426
2020-08-29 16:00,0.249,6.202
2020-08-29 17:00,0.224,5.995
2020-08-29 18:00,0.211,5.872
2020-08-29 19:00,0.204,5.804
2020-08-29 20:00,0.194,5.712
2020-08-29 21:00,0.161,5.384
2020-08-29 22:00,0.125,4.970
2020-08-29 23:00,0.120,4.907
2020-08-30 00:00,0.079,4.333
2020-08-30 01:00,0.037,3.498
2020-08-30 02:00,0.020,3.007
2020-08-30 03:00,0.019,2.969
2020-08-30 04:00,0.029,3.303
2020-08-30 05:00,0.063,4.059
2020-08-30 06:00,0.148,5.238
2020-08-30 07:00,0.305,6.650
2020-08-30 08:00,0.463,7.763
2020-08-30 09:00,0.542,8.307
2020-08-30 10:00,0.581,8.575
2020-08-30 11:00,0.587,8.630
2020-08-30 12:00,0.536,8.261
2020-08-30 13:00,0.499,8.007
2020-08-30 14:00,0.486,7.928
2020-08-30 15:00,0.492,7.968
2020-08-30 16:00,0.504,8.046
2020-08-30 17:00,0.514,8.114
2020-08-30 18:00,0.513,8.108
2020-08-30 19:00,0.499,8.019
2020-08-30 20:00,0.490,7.956
2020-08-30 21:00,0.502,8.039
2020-08-30 22:00,0.634,8.979
2020-08-30 23:00,0.714,9.618
2020-08-31 00:00,0.758,10.026
2020-08-31 01:00,0.767,10.111
2020-08-31 02:00,0.747,9.916
2020-08-31 03:00,0.696,9.470
2020-08-31 04:00,0.635,8.980
2020-08-31 05:00,0.590,8.646
2020-08-31 06:00,0.562,8.444
2020-08-31 07:00,0.550,8.367
2020-08-31 08:00,0.529,8.222
2020-08-31 09:00,0.483,7.899
2020-08-31 10:00,0.450,7.676
2020-08-31 11:00,0.429,7.531
2020-08-31 12:00,0.390,7.267
2020-08-31 13:00,0.353,7.002
2020-08-31 14:00,0.321,6.768
2020-08-31 15:00,0.289,6.528
2020-08-31 16:00,0.255,6.254
2020-08-31 17:00,0.228,6.023
2020-08-31 18:00,0.208,5.845
2020-08-31 19:00,0.184,5.616
2020-08-31 20:00,0.167,5.444
2020-08-31 21:00,0.149,5.247
2020-08-31 22:00,0.145,5.205
2020-08-31 23:00,0.152,5.281
2020-09-01 00:00,0.155,5.306
2020-09-01 01:00,0.151,5.274
2020-09-01 02:00,0.138,5.128
2020-09-01 03:00,0.128,5.010
2020-09-01 04:00,0.120,4.904
2020-09-01 05:00,0.104,4.697
2020-09-01 06:00,0.092,4.529
2020-09-01 07:00,0.090,4.500
2020-09-01 08:00,0.094,4.553
2020-09-01 09:00,0.094,4.558
2020-09-01 10:00,0.110,4.778
2020-09-01 11:00,0.133,5.053
2020-09-01 12:00,0.146,5.218
2020-09-01 13:00,0.140,5.144
2020-09-01 14:00,0.119,4.895
2020-09-01 15:00,0.093,4.538
2020-09-01 16:00,0.088,4.468
2020-09-01 17:00,0.105,4.711
2020-09-01 18:00,0.128,5.009
2020-09-01 19:00,0.138,5.131
2020-09-01 20:00,0.156,5.321
2020-09-01 21:00,0.194,5.718
2020-09-01 22:00,0.223,5.974
2020-09-01 23:00,0.264,6.326
2020-09-02 00:00,0.382,7.210
2020-09-02 01:00,0.473,7.831
2020-09-02 02:00,0.549,8.363
2020-09-02 03:00,0.591,8.656
2020-09-02 04:00,0.628,8.927
2020-09-02 05:00,0.683,9.363
2020-09-02 06:00,0.743,9.885
2020-09-02 07:00,0.821,10.711
2020-09-02 08:00,0.919,12.333
2020-09-02 09:00,0.961,13.650
2020-09-02 10:00,0.977,14.522
2020-09-02 11:00,0.986,15.317
2020-09-02 12:00,0.991,16.027
2020-09-02 13:00,0.993,16.613
2020-09-02 14:00,0.991,17.706
2020-09-02 15:00,0.949,20.105
2020-09-02 16:00,0.792,22.567
2020-09-02 17:00,0.627,24.043
2020-09-02 18:00,0.445,25.430
2020-09-02 19:00,0.768,22.816
2020-09-02 20:00,0.992,17.589
2020-09-02 21:00,0.896,21.222
2020-09-02 22:00,0.600,24.253
2020-09-02 23:00,0.374,25.976
2020-09-03 00:00,0.385,25.895
2020-09-03 01:00,0.526,24.812
2020-09-03 02:00,0.646,23.882
2020-09-03 03:00,0.854,21.857
2020-09-03 04:00,0.960,19.778
2020-09-03 05:00,0.990,17.943
2020-09-03 06:00,0.992,16.198
2020-09-03 07:00,0.976,14.454
2020-09-03 08:00,0.942,12.983
2020-09-03 09:00,0.926,12.532
2020-09-03 10:00,0.913,12.214
2020-09-03 11:00,0.877,11.502
2020-09-03 12:00,0.821,10.708
2020-09-03 13:00,0.750,9.940
2020-09-03 14:00,0.648,9.083
2020-09-03 15:00,0.584,8.607
2020-09-03 16:00,0.542,8.307
2020-09-03 17:00,0.497,7.996
2020-09-03 18:00,0.466,7.790
2020-09-03 19:00,0.449,7.663
2020-09-03 20:00,0.429,7.531
2020-09-03 21:00,0.365,7.086
2020-09-03 22:00,0.244,6.163
2020-09-03 23:00,0.288,6.523
2020-09-04 00:00,0.317,6.736
2020-09-04 01:00,0.285,6.485
2020-09-04 02:00,0.234,6.074
2020-09-04 03:00,0.191,5.687
2020-09-04 04:00,0.152,5.281
2020-09-04 05:00,0.114,4.834
2020-09-04 06:00,0.075,4.272
2020-09-04 07:00,0.043,3.635
2020-09-04 08:00,0.016,2.855
2020-09-04 09:00,0.003,1.981
2020-09-04 10:00,0.001,1.666
2020-09-04 11:00,0.007,2.390
2020-09-04 12:00,0.024,3.137
2020-09-04 13:00,0.028,3.271
2020-09-04 14:00,0.022,3.084
2020-09-04 15:00,0.024,3.157
2020-09-04 16:00,0.031,3.356
2020-09-04 17:00,0.026,3.209
2020-09-04 18:00,0.014,2.783
2020-09-04 19:00,0.010,2.592
2020-09-04 20:00,0.018,2.938
2020-09-04 21:00,0.060,4.002
2020-09-04 22:00,0.127,4.991
2020-09-04 23:00,0.214,5.903
2020-09-05 00:00,0.192,5.696
2020-09-05 01:00,0.100,4.641
2020-09-05 02:00,0.045,3.694
2020-09-05 03:00,0.004,2.164
2020-09-05 04:00,0,1.128
2020-09-05 05:00,0.001,1.458
2020-09-05 06:00,0.028,3.269
2020-09-05 07:00,0.114,4.826
2020-09-05 08:00,0.253,6.233
2020-09-05 09:00,0.455,7.719
2020-09-05 10:00,0.587,8.628
2020-09-05 11:00,0.516,8.134
2020-09-05 12:00,0.426,7.517
2020-09-05 13:00,0.416,7.445
2020-09-05 14:00,0.457,7.728
2020-09-05 15:00,0.549,8.358
2020-09-05 16:00,0.618,8.855
2020-09-05 17:00,0.629,8.940
2020-09-05 18:00,0.634,8.975
2020-09-05 19:00,0.652,9.112
2020-09-05 20:00,0.665,9.212
2020-09-05 21:00,0.653,9.121
2020-09-05 22:00,0.673,9.281
2020-09-05 23:00,0.739,9.834
2020-09-06 00:00,0.831,10.836
2020-09-06 01:00,0.891,11.753
2020-09-06 02:00,0.932,12.670
2020-09-06 03:00,0.956,13.468
2020-09-06 04:00,0.968,14.001
2020-09-06 05:00,0.978,14.607
2020-09-06 06:00,0.983,15.013
2020-09-06 07:00,0.986,15.310
2020-09-06 08:00,0.991,16.098
2020-09-06 09:00,0.993,17.056
2020-09-06 10:00,0.990,17.872
2020-09-06 11:00,0.984,18.529
2020-09-06 12:00,0.975,19.113
2020-09-06 13:00,0.961,19.730
2020-09-06 14:00,0.963,19.641
2020-09-06 15:00,0.961,19.714
2020-09-06 16:00,0.958,19.822
2020-09-06 17:00,0.945,20.222
2020-09-06 18:00,0.918,20.830
2020-09-06 19:00,0.866,21.695
2020-09-06 20:00,0.806,22.422
2020-09-06 21:00,0.799,22.504
2020-09-06 22:00,0.847,21.943
2020-09-06 23:00,0.875,21.564
2020-09-07 00:00,0.871,21.619
2020-09-07 01:00,0.916,20.876
2020-09-07 02:00,0.965,19.595
2020-09-07 03:00,0.948,20.121
2020-09-07 04:00,0.919,20.826
2020-09-07 05:00,0.940,20.337
2020-09-07 06:00,0.963,19.670
2020-09-07 07:00,0.957,19.865
2020-09-07 08:00,0.951,20.053
2020-09-07 09:00,0.963,19.645
2020-09-07 10:00,0.975,19.147
2020-09-07 11:00,0.983,18.627
2020-09-07 12:00,0.984,18.524
2020-09-07 13:00,0.989,18.101
2020-09-07 14:00,0.991,17.692
2020-09-07 15:00,0.989,18.050
2020-09-07 16:00,0.992,17.463
2020-09-07 17:00,0.993,17.034
2020-09-07 18:00,0.993,16.783
2020-09-07 19:00,0.992,16.261
2020-09-07 20:00,0.989,15.706
2020-09-07 21:00,0.981,14.809
2020-09-07 22:00,0.968,13.986
2020-09-07 23:00,0.966,13.926
2020-09-08 00:00,0.976,14.457
2020-09-08 01:00,0.981,14.819
2020-09-08 02:00,0.980,14.762
2020-09-08 03:00,0.975,14.399
2020-09-08 04:00,0.963,13.761
2020-09-08 05:00,0.944,13.054
2020-09-08 06:00,0.901,11.938
2020-09-08 07:00,0.801,10.476
2020-09-08 08:00,0.640,9.013
2020-09-08 09:00,0.502,8.029
2020-09-08 10:00,0.435,7.574
2020-09-08 11:00,0.436,7.586
2020-09-08 12:00,0.442,7.630
2020-09-08 13:00,0.426,7.511
2020-09-08 14:00,0.437,7.592
2020-09-08 15:00,0.459,7.736
2020-09-08 16:00,0.466,7.793
2020-09-08 17:00,0.463,7.768
2020-09-08 18:00,0.450,7.678
2020-09-08 19:00,0.423,7.496
2020-09-08 20:00,0.390,7.260
2020-09-08 21:00,0.309,6.681
2020-09-08 22:00,0.181,5.586
2020-09-08 23:00,0.115,4.848
2020-09-09 00:00,0.127,4.995
2020-09-09 01:00,0.145,5.210
2020-09-09 02:00,0.156,5.325
2020-09-09 03:00,0.176,5.528
2020-09-09 04:00,0.221,5.957
2020-09-09 05:00,0.257,6.276
2020-09-09 06:00,0.269,6.366
2020-09-09 07:00,0.253,6.229
2020-09-09 08:00,0.207,5.841
2020-09-09 09:00,0.252,6.227
2020-09-09 10:00,0.338,6.889
2020-09-09 11:00,0.426,7.514
2020-09-09 12:00,0.476,7.852
2020-09-09 13:00,0.483,7.904
2020-09-09 14:00,0.466,7.794
2020-09-09 15:00,0.416,7.453
2020-09-09 16:00,0.365,7.082
2020-09-09 17:00,0.332,6.848
2020-09-09 18:00,0.268,6.355
2020-09-09 19:00,0.190,5.679
2020-09-09 20:00,0.123,4.948
2020-09-09 21:00,0.089,4.488
2020-09-09 22:00,0.057,3.948
2020-09-09 23:00,0.057,3.945
2020-09-10 00:00,0.052,3.843
2020-09-10 01:00,0.050,3.797
2020-09-10 02:00,0.048,3.757
2020-09-10 03:00,0.044,3.686
2020-09-10 04:00,0.042,3.621
2020-09-10 05:00,0.032,3.384
2020-09-10 06:00,0.020,3.005
2020-09-10 07:00,0.009,2.538
2020-09-10 08:00,0.002,1.847
2020-09-10 09:00,0,0.975
2020-09-10 10:00,0,1.155
2020-09-10 11:00,0.004,2.148
2020-09-10 12:00,0.011,2.660
2020-09-10 13:00,0.010,2.553
2020-09-10 14:00,0.004,2.101
2020-09-10 15:00,0,1.398
2020-09-10 16:00,0,1.265
2020-09-10 17:00,0,1.396
2020-09-10 18:00,0.001,1.588
2020-09-10 19:00,0.002,1.918
2020-09-10 20:00,0.015,2.825
2020-09-10 21:00,0.049,3.784
2020-09-10 22:00,0.115,4.839
2020-09-10 23:00,0.202,5.782
2020-09-11 00:00,0.302,6.624
2020-09-11 01:00,0.306,6.661
2020-09-11 02:00,0.325,6.805
2020-09-11 03:00,0.413,7.420
2020-09-11 04:00,0.552,8.384
2020-09-11 05:00,0.721,9.669
2020-09-11 06:00,0.746,9.909
2020-09-11 07:00,0.687,9.390
2020-09-11 08:00,0.644,9.046
2020-09-11 09:00,0.603,8.739
2020-09-11 10:00,0.600,8.720
2020-09-11 11:00,0.640,9.014
2020-09-11 12:00,0.732,9.779
2020-09-11 13:00,0.814,10.621
2020-09-11 14:00,0.850,11.081
2020-09-11 15:00,0.825,10.756
2020-09-11 16:00,0.743,9.885
2020-09-11 17:00,0.679,9.331
2020-09-11 18:00,0.758,10.022
2020-09-11 19:00,0.845,11.015
2020-09-11 20:00,0.874,11.466
2020-09-11 21:00,0.879,11.540
2020-09-11 22:00,0.853,11.138
2020-09-11 23:00,0.866,11.325
2020-09-12 00:00,0.891,11.747
2020-09-12 01:00,0.919,12.349
2020-09-12 02:00,0.944,13.042
2020-09-12 03:00,0.963,13.738
2020-09-12 04:00,0.974,14.363
2020-09-12 05:00,0.981,14.808
2020-09-12 06:00,0.980,14.743
2020-09-12 07:00,0.976,14.460
2020-09-12 08:00,0.970,14.109
2020-09-12 09:00,0.963,13.764
2020-09-12 10:00,0.958,13.529
2020-09-12 11:00,0.946,13.083
2020-09-12 12:00,0.930,12.624
2020-09-12 13:00,0.919,12.349
2020-09-12 14:00,0.901,11.962
2020-09-12 15:00,0.878,11.520
2020-09-12 16:00,0.855,11.150
2020-09-12 17:00,0.833,10.861
2020-09-12 18:00,0.818,10.675
2020-09-12 19:00,0.800,10.460
2020-09-12 20:00,0.793,10.388
2020-09-12 21:00,0.753,9.981
2020-09-12 22:00,0.702,9.512
2020-09-12 23:00,0.661,9.173
2020-09-13 00:00,0.547,8.342
2020-09-13 01:00,0.413,7.425
2020-09-13 02:00,0.285,6.497
2020-09-13 03:00,0.197,5.743
2020-09-13 04:00,0.136,5.099
2020-09-13 05:00,0.094,4.565
2020-09-13 06:00,0.074,4.250
2020-09-13 07:00,0.072,4.217
2020-09-13 08:00,0.084,4.402
2020-09-13 09:00,0.104,4.702
2020-09-13 10:00,0.109,4.765
2020-09-13 11:00,0.085,4.417
2020-09-13 12:00,0.037,3.521
2020-09-13 13:00,0.004,2.188
2020-09-13 14:00,0,0.949
2020-09-13 15:00,0.001,1.560
2020-09-13 16:00,0.015,2.830
2020-09-13 17:00,0.059,3.984
2020-09-13 18:00,0.109,4.761
2020-09-13 19:00,0.140,5.152
2020-09-13 20:00,0.150,5.267
2020-09-13 21:00,0.149,5.252
2020-09-13 22:00,0.121,4.919
2020-09-13 23:00,0.123,4.949
2020-09-14 00:00,0.129,5.017
2020-09-14 01:00,0.125,4.968
2020-09-14 02:00,0.113,4.810
2020-09-14 03:00,0.083,4.380
2020-09-14 04:00,0.056,3.924
2020-09-14 05:00,0.042,3.620
2020-09-14 06:00,0.036,3.490
2020-09-14 07:00,0.033,3.422
2020-09-14 08:00,0.022,3.074
2020-09-14 09:00,0.024,3.153
2020-09-14 10:00,0.039,3.559
2020-09-14 11:00,0.046,3.726
2020-09-14 12:00,0.051,3.828
2020-09-14 13:00,0.063,4.059
2020-09-14 14:00,0.080,4.342
2020-09-14 15:00,0.096,4.590
2020-09-14 16:00,0.120,4.913
2020-09-14 17:00,0.134,5.075
2020-09-14 18:00,0.122,4.940
2020-09-14 19:00,0.096,4.584
2020-09-14 20:00,0.068,4.146
2020-09-14 21:00,0.048,3.762
2020-09-14 22:00,0.025,3.185
2020-09-14 23:00,0.012,2.676
2020-09-15 00:00,0.004,2.157
2020-09-15 01:00,0.006,2.300
2020-09-15 02:00,0.015,2.809
2020-09-15 03:00,0.023,3.119
2020-09-15 04:00,0.023,3.123
2020-09-15 05:00,0.042,3.617
2020-09-15 06:00,0.041,3.615
2020-09-15 07:00,0.031,3.345
2020-09-15 08:00,0.046,3.712
2020-09-15 09:00,0.059,3.980
2020-09-15 10:00,0.059,3.985
2020-09-15 11:00,0.055,3.909
2020-09-15 12:00,0.055,3.914
2020-09-15 13:00,0.057,3.943
2020-09-15 14:00,0.050,3.815
2020-09-15 15:00,0.037,3.504
2020-09-15 16:00,0.020,3.014
2020-09-15 17:00,0.010,2.597
2020-09-15 18:00,0.005,2.241
2020-09-15 19:00,0.003,1.964
2020-09-15 20:00,0.002,1.781
2020-09-15 21:00,0.003,2.038
2020-09-15 22:00,0.007,2.424
2020-09-15 23:00,0.012,2.701
2020-09-16 00:00,0.017,2.888
2020-09-16 01:00,0.022,3.103
2020-09-16 02:00,0.026,3.196
2020-09-16 03:00,0.034,3.428
2020-09-16 04:00,0.039,3.565
2020-09-16 05:00,0.047,3.748
2020-09-16 06:00,0.068,4.146
2020-09-16 07:00,0.077,4.298
2020-09-16 08:00,0.102,4.662
2020-09-16 09:00,0.099,4.626
2020-09-16 10:00,0.095,4.571
2020-09-16 11:00,0.101,4.653
2020-09-16 12:00,0.104,4.693
2020-09-16 13:00,0.126,4.979
2020-09-16 14:00,0.155,5.308
2020-09-16 15:00,0.149,5.246
2020-09-16 16:00,0.169,5.453
2020-09-16 17:00,0.213,5.890
2020-09-16 18:00,0.217,5.927
2020-09-16 19:00,0.279,6.446
2020-09-16 20:00,0.260,6.301
2020-09-16 21:00,0.227,6.011
2020-09-16 22:00,0.184,5.617
2020-09-16 23:00,0.118,4.877
2020-09-17 00:00,0.110,4.775
2020-09-17 01:00,0.107,4.745
2020-09-17 02:00,0.094,4.560
2020-09-17 03:00,0.097,4.603
2020-09-17 04:00,0.100,4.636
2020-09-17 05:00,0.122,4.935
2020-09-17 06:00,0.155,5.313
2020-09-17 07:00,0.155,5.313
2020-09-17 08:00,0.135,5.092
2020-09-17 09:00,0.181,5.587
2020-09-17 10:00,0.238,6.102
2020-09-17 11:00,0.268,6.363
2020-09-17 12:00,0.289,6.533
2020-09-17 13:00,0.322,6.779
2020-09-17 14:00,0.324,6.799
2020-09-17 15:00,0.292,6.553
2020-09-17 16:00,0.259,6.290
2020-09-17 17:00,0.318,6.742
2020-09-17 18:00,0.364,7.080
2020-09-17 19:00,0.362,7.072
2020-09-17 20:00,0.327,6.816
2020-09-17 21:00,0.284,6.483
2020-09-17 22:00,0.233,6.071
2020-09-17 23:00,0.229,6.032
2020-09-18 00:00,0.273,6.406
2020-09-18 01:00,0.319,6.745
2020-09-18 02:00,0.317,6.736
2020-09-18 03:00,0.341,6.914
2020-09-18 04:00,0.381,7.204
2020-09-18 05:00,0.404,7.363
2020-09-18 06:00,0.402,7.348
2020-09-18 07:00,0.344,6.938
2020-09-18 08:00,0.275,6.413
2020-09-18 09:00,0.284,6.484
2020-09-18 10:00,0.345,6.946
2020-09-18 11:00,0.417,7.459
2020-09-18 12:00,0.490,7.952
2020-09-18 13:00,0.559,8.422
2020-09-18 14:00,0.582,8.594
2020-09-18 15:00,0.612,8.810
2020-09-18 16:00,0.616,8.833
2020-09-18 17:00,0.597,8.694
2020-09-18 18:00,0.574,8.538
2020-09-18 19:00,0.550,8.370
2020-09-18 20:00,0.542,8.305
2020-09-18 21:00,0.492,7.966
2020-09-18 22:00,0.362,7.069
2020-09-18 23:00,0.335,6.870
2020-09-19 00:00,0.369,7.117
2020-09-19 01:00,0.393,7.282
2020-09-19 02:00,0.449,7.668
2020-09-19 03:00,0.544,8.318
2020-09-19 04:00,0.631,8.953
2020-09-19 05:00,0.674,9.288
2020-09-19 06:00,0.656,9.143
2020-09-19 07:00,0.565,8.470
2020-09-19 08:00,0.473,7.835
2020-09-19 09:00,0.422,7.486
2020-09-19 10:00,0.440,7.613
2020-09-19 11:00,0.479,7.882
2020-09-19 12:00,0.524,8.188
2020-09-19 13:00,0.562,8.450
2020-09-19 14:00,0.588,8.634
2020-09-19 15:00,0.604,8.748
2020-09-19 16:00,0.599,8.708
2020-09-19 17:00,0.591,8.649
2020-09-19 18:00,0.591,8.650
2020-09-19 19:00,0.603,8.738
2020-09-19 20:00,0.630,8.947
2020-09-19 21:00,0.650,9.101
2020-09-19 22:00,0.591,8.658
2020-09-19 23:00,0.562,8.451
2020-09-20 00:00,0.696,9.459
2020-09-20 01:00,0.700,9.491
2020-09-20 02:00,0.645,9.059
2020-09-20 03:00,0.545,8.326
2020-09-20 04:00,0.383,7.221
2020-09-20 05:00,0.258,6.282
2020-09-20 06:00,0.164,5.415
2020-09-20 07:00,0.100,4.628
2020-09-20 08:00,0.067,4.128
2020-09-20 09:00,0.053,3.861
2020-09-20 10:00,0.042,3.629
2020-09-20 11:00,0.035,3.467
2020-09-20 12:00,0.023,3.128
2020-09-20 13:00,0.004,2.161
2020-09-20 14:00,0,0.807
2020-09-20 15:00,0,0.833
2020-09-20 16:00,0,1.389
2020-09-20 17:00,0.003,1.954
2020-09-20 18:00,0.005,2.219
2020-09-20 19:00,0.006,2.280
2020-09-20 20:00,0.006,2.319
2020-09-20 21:00,0.005,2.245
2020-09-20 22:00,0.003,1.968
2020-09-20 23:00,0.001,1.540
2020-09-21 00:00,0.002,1.818
2020-09-21 01:00,0.003,2.036
2020-09-21 02:00,0.003,1.990
2020-09-21 03:00,0.001,1.649
2020-09-21 04:00,0.002,1.841
2020-09-21 05:00,0.010,2.566
2020-09-21 06:00,0.034,3.431
2020-09-21 07:00,0.085,4.419
2020-09-21 08:00,0.174,5.519
2020-09-21 09:00,0.273,6.404
2020-09-21 10:00,0.373,7.140
2020-09-21 11:00,0.413,7.422
2020-09-21 12:00,0.429,7.530
2020-09-21 13:00,0.432,7.558
2020-09-21 14:00,0.420,7.477
2020-09-21 15:00,0.377,7.179
2020-09-21 16:00,0.321,6.776
2020-09-21 17:00,0.279,6.442
2020-09-21 18:00,0.243,6.155
2020-09-21 19:00,0.220,5.946
2020-09-21 20:00,0.211,5.870
2020-09-21 21:00,0.231,6.048
2020-09-21 22:00,0.298,6.596
2020-09-21 23:00,0.335,6.878
2020-09-22 00:00,0.404,7.365
2020-09-22 01:00,0.488,7.940
2020-09-22 02:00,0.533,8.249
2020-09-22 03:00,0.556,8.411
2020-09-22 04:00,0.568,8.488
2020-09-22 05:00,0.613,8.817
2020-09-22 06:00,0.679,9.325
2020-09-22 07:00,0.719,9.651
2020-09-22 08:00,0.723,9.689
2020-09-22 09:00,0.725,9.721
2020-09-22 10:00,0.726,9.730
2020-09-22 11:00,0.725,9.718
2020-09-22 12:00,0.761,10.050
2020-09-22 13:00,0.772,10.161
2020-09-22 14:00,0.729,9.751
2020-09-22 15:00,0.710,9.583
2020-09-22 16:00,0.702,9.520
2020-09-22 17:00,0.689,9.407
2020-09-22 18:00,0.686,9.388
2020-09-22 19:00,0.707,9.557
2020-09-22 20:00,0.721,9.678
2020-09-22 21:00,0.750,9.951
2020-09-22 22:00,0.774,10.176
2020-09-22 23:00,0.777,10.209
2020-09-23 00:00,0.784,10.287
2020-09-23 01:00,0.810,10.575
2020-09-23 02:00,0.813,10.615
2020-09-23 03:00,0.826,10.761
2020-09-23 04:00,0.845,11.009
2020-09-23 05:00,0.850,11.089
2020-09-23 06:00,0.850,11.083
2020-09-23 07:00,0.843,11.000
2020-09-23 08:00,0.815,10.641
2020-09-23 09:00,0.808,10.559
2020-09-23 10:00,0.809,10.568
2020-09-23 11:00,0.824,10.747
2020-09-23 12:00,0.834,10.867
2020-09-23 13:00,0.834,10.872
2020-09-23 14:00,0.836,10.896
2020-09-23 15:00,0.827,10.781
2020-09-23 16:00,0.809,10.562
2020-09-23 17:00,0.789,10.340
2020-09-23 18:00,0.789,10.335
2020-09-23 19:00,0.792,10.368
2020-09-23 20:00,0.791,10.357
2020-09-23 21:00,0.779,10.234
2020-09-23 22:00,0.755,10
2020-09-23 23:00,0.787,10.318
2020-09-24 00:00,0.802,10.482
2020-09-24 01:00,0.816,10.647
2020-09-24 02:00,0.834,10.869
2020-09-24 03:00,0.842,10.982
2020-09-24 04:00,0.824,10.738
2020-09-24 05:00,0.807,10.541
2020-09-24 06:00,0.820,10.703
2020-09-24 07:00,0.847,11.054
2020-09-24 08:00,0.853,11.131
2020-09-24 09:00,0.848,11.059
2020-09-24 10:00,0.847,11.047
2020-09-24 11:00,0.838,10.934
2020-09-24 12:00,0.838,10.922
2020-09-24 13:00,0.809,10.564
2020-09-24 14:00,0.777,10.213
2020-09-24 15:00,0.783,10.282
2020-09-24 16:00,0.799,10.439
2020-09-24 17:00,0.812,10.595
2020-09-24 18:00,0.818,10.670
2020-09-24 19:00,0.826,10.773
2020-09-24 20:00,0.837,10.907
2020-09-24 21:00,0.857,11.194
2020-09-24 22:00,0.862,11.271
2020-09-24 23:00,0.911,12.168
2020-09-25 00:00,0.936,12.793
2020-09-25 01:00,0.950,13.250
2020-09-25 02:00,0.955,13.400
2020-09-25 03:00,0.955,13.400
2020-09-25 04:00,0.958,13.549
2020-09-25 05:00,0.966,13.888
2020-09-25 06:00,0.970,14.133
2020-09-25 07:00,0.972,14.200
2020-09-25 08:00,0.965,13.837
2020-09-25 09:00,0.948,13.168
2020-09-25 10:00,0.931,12.650
2020-09-25 11:00,0.919,12.339
2020-09-25 12:00,0.912,12.173
2020-09-25 13:00,0.908,12.099
2020-09-25 14:00,0.910,12.144
2020-09-25 15:00,0.913,12.222
2020-09-25 16:00,0.914,12.235
2020-09-25 17:00,0.915,12.252
2020-09-25 18:00,0.920,12.363
2020-09-25 19:00,0.921,12.388
2020-09-25 20:00,0.920,12.366
2020-09-25 21:00,0.909,12.120
2020-09-25 22:00,0.887,11.669
2020-09-25 23:00,0.869,11.378
2020-09-26 00:00,0.893,11.779
2020-09-26 01:00,0.919,12.333
2020-09-26 02:00,0.912,12.176
2020-09-26 03:00,0.891,11.754
2020-09-26 04:00,0.880,11.554
2020-09-26 05:00,0.879,11.534
2020-09-26 06:00,0.879,11.545
2020-09-26 07:00,0.868,11.363
2020-09-26 08:00,0.839,10.943
2020-09-26 09:00,0.820,10.696
2020-09-26 10:00,0.817,10.657
2020-09-26 11:00,0.815,10.635
2020-09-26 12:00,0.805,10.521
2020-09-26 13:00,0.799,10.447
2020-09-26 14:00,0.786,10.306
2020-09-26 15:00,0.794,10.396
2020-09-26 16:00,0.783,10.282
2020-09-26 17:00,0.746,9.906
2020-09-26 18:00,0.720,9.665
2020-09-26 19:00,0.716,9.639
2020-09-26 20:00,0.719,9.656
2020-09-26 21:00,0.719,9.653
2020-09-26 22:00,0.685,9.379
2020-09-26 23:00,0.685,9.379
2020-09-27 00:00,0.672,9.261
2020-09-27 01:00,0.649,9.091
2020-09-27 02:00,0.631,8.951
2020-09-27 03:00,0.594,8.679
2020-09-27 04:00,0.550,8.372
2020-09-27 05:00,0.514,8.115
2020-09-27 06:00,0.479,7.879
2020-09-27 07:00,0.442,7.628
2020-09-27 08:00,0.384,7.228
2020-09-27 09:00,0.374,7.154
2020-09-27 10:00,0.365,7.083
2020-09-27 11:00,0.327,6.815
2020-09-27 12:00,0.281,6.459
2020-09-27 13:00,0.234,6.076
2020-09-27 14:00,0.190,5.678
2020-09-27 15:00,0.160,5.371
2020-09-27 16:00,0.140,5.155
2020-09-27 17:00,0.126,4.981
2020-09-27 18:00,0.114,4.835
2020-09-27 19:00,0.109,4.762
2020-09-27 20:00,0.105,4.713
2020-09-27 21:00,0.097,4.605
2020-09-27 22:00,0.078,4.320
2020-09-27 23:00,0.060,3.999
2020-09-28 00:00,0.046,3.729
2020-09-28 01:00,0.040,3.575
2020-09-28 02:00,0.039,3.553
2020-09-28 03:00,0.041,3.606
2020-09-28 04:00,0.041,3.608
2020-09-28 05:00,0.040,3.597
2020-09-28 06:00,0.043,3.660
2020-09-28 07:00,0.047,3.751
2020-09-28 08:00,0.055,3.897
2020-09-28 09:00,0.071,4.205
2020-09-28 10:00,0.079,4.324
2020-09-28 11:00,0.078,4.317
2020-09-28 12:00,0.071,4.207
2020-09-28 13:00,0.054,3.870
2020-09-28 14:00,0.025,3.187
2020-09-28 15:00,0.004,2.138
2020-09-28 16:00,0,1.070
2020-09-28 17:00,0,1.046
2020-09-28 18:00,0.001,1.713
2020-09-28 19:00,0.005,2.239
2020-09-28 20:00,0.015,2.831
2020-09-28 21:00,0.029,3.295
2020-09-28 22:00,0.027,3.246
2020-09-28 23:00,0.013,2.708
2020-09-29 00:00,0.004,2.117
2020-09-29 01:00,0,0.965
2020-09-29 02:00,0,0.466
2020-09-29 03:00,0,0.482
2020-09-29 04:00,0,0.907
2020-09-29 05:00,0.003,1.971
2020-09-29 06:00,0.028,3.261
2020-09-29 07:00,0.049,3.784
2020-09-29 08:00,0.071,4.193
2020-09-29 09:00,0.069,4.150
2020-09-29 10:00,0.046,3.705
2020-09-29 11:00,0.028,3.261
2020-09-29 12:00,0.020,3.008
2020-09-29 13:00,0.018,2.945
2020-09-29 14:00,0.016,2.860
2020-09-29 15:00,0.012,2.684
2020-09-29 16:00,0.013,2.704
2020-09-29 17:00,0.019,2.968
2020-09-29 18:00,0.030,3.343
2020-09-29 19:00,0.049,3.777
2020-09-29 20:00,0.071,4.204
2020-09-29 21:00,0.086,4.439
2020-09-29 22:00,0.096,4.583
2020-09-29 23:00,0.120,4.912
2020-09-30 00:00,0.162,5.388
2020-09-30 01:00,0.179,5.559
2020-09-30 02:00,0.176,5.532
2020-09-30 03:00,0.162,5.390
2020-09-30 04:00,0.156,5.318
2020-09-30 05:00,0.168,5.451
2020-09-30 06:00,0.195,5.722
2020-09-30 07:00,0.227,6.020
2020-09-30 08:00,0.254,6.240
2020-09-30 09:00,0.291,6.549
2020-09-30 10:00,0.330,6.837
2020-09-30 11:00,0.342,6.921
2020-09-30 12:00,0.321,6.766
2020-09-30 13:00,0.266,6.344
2020-09-30 14:00,0.207,5.835
2020-09-30 15:00,0.171,5.483
2020-09-30 16:00,0.145,5.205
2020-09-30 17:00,0.134,5.084
2020-09-30 18:00,0.142,5.171
2020-09-30 19:00,0.151,5.275
2020-09-30 20:00,0.145,5.206
2020-09-30 21:00,0.140,5.146
2020-09-30 22:00,0.119,4.901
2020-09-30 23:00,0.085,4.408
2020-10-01 00:00,0.062,4.042
2020-10-01 01:00,0.048,3.760
2020-10-01 02:00,0.034,3.445
2020-10-01 03:00,0.014,2.779
2020-10-01 04:00,0.007,2.405
2020-10-01 05:00,0.005,2.208
2020-10-01 06:00,0.004,2.132
2020-10-01 07:00,0.031,3.350
2020-10-01 08:00,0.072,4.213
2020-10-01 09:00,0.093,4.535
2020-10-01 10:00,0.074,4.248
2020-10-01 11:00,0.059,3.989
2020-10-01 12:00,0.050,3.815
2020-10-01 13:00,0.047,3.754
2020-10-01 14:00,0.053,3.865
2020-10-01 15:00,0.058,3.963
2020-10-01 16:00,0.062,4.034
2020-10-01 17:00,0.069,4.153
2020-10-01 18:00,0.082,4.371
2020-10-01 19:00,0.102,4.661
2020-10-01 20:00,0.126,4.986
2020-10-01 21:00,0.132,5.047
2020-10-01 22:00,0.106,4.721
2020-10-01 23:00,0.102,4.661
2020-10-02 00:00,0.125,4.974
2020-10-02 01:00,0.169,5.464
2020-10-02 02:00,0.204,5.812
2020-10-02 03:00,0.214,5.905
2020-10-02 04:00,0.235,6.087
2020-10-02 05:00,0.222,5.965
2020-10-02 06:00,0.181,5.587
2020-10-02 07:00,0.121,4.919
2020-10-02 08:00,0.069,4.149
2020-10-02 09:00,0.054,3.878
2020-10-02 10:00,0.047,3.752
2020-10-02 11:00,0.037,3.516
2020-10-02 12:00,0.033,3.412
2020-10-02 13:00,0.057,3.945
2020-10-02 14:00,0.084,4.399
2020-10-02 15:00,0.096,4.594
2020-10-02 16:00,0.110,4.773
2020-10-02 17:00,0.145,5.212
2020-10-02 18:00,0.178,5.546
2020-10-02 19:00,0.136,5.098
2020-10-02 20:00,0.109,4.762
2020-10-02 21:00,0.097,4.603
2020-10-02 22:00,0.060,4.005
2020-10-02 23:00,0.024,3.146
2020-10-03 00:00,0.014,2.772
2020-10-03 01:00,0.024,3.164
2020-10-03 02:00,0.037,3.520
2020-10-03 03:00,0.053,3.868
2020-10-03 04:00,0.061,4.023
2020-10-03 05:00,0.054,3.888
2020-10-03 06:00,0.031,3.356
2020-10-03 07:00,0.016,2.881
2020-10-03 08:00,0.010,2.578
2020-10-03 09:00,0.011,2.648
2020-10-03 10:00,0.027,3.226
2020-10-03 11:00,0.044,3.676
2020-10-03 12:00,0.043,3.650
2020-10-03 13:00,0.047,3.743
2020-10-03 14:00,0.067,4.120
2020-10-03 15:00,0.083,4.384
2020-10-03 16:00,0.104,4.703
2020-10-03 17:00,0.120,4.905
2020-10-03 18:00,0.122,4.930
2020-10-03 19:00,0.117,4.868
2020-10-03 20:00,0.121,4.916
2020-10-03 21:00,0.134,5.079
2020-10-03 22:00,0.094,4.560
2020-10-03 23:00,0.077,4.285
2020-10-04 00:00,0.121,4.924
2020-10-04 01:00,0.199,5.764
2020-10-04 02:00,0.290,6.537
2020-10-04 03:00,0.390,7.266
2020-10-04 04:00,0.451,7.688
2020-10-04 05:00,0.516,8.135
2020-10-04 06:00,0.558,8.418
2020-10-04 07:00,0.536,8.269
2020-10-04 08:00,0.462,7.757
2020-10-04 09:00,0.436,7.580
2020-10-04 10:00,0.432,7.556
2020-10-04 11:00,0.452,7.699
2020-10-04 12:00,0.572,8.516
2020-10-04 13:00,0.793,10.386
2020-10-04 14:00,0.804,10.510
2020-10-04 15:00,0.811,10.584
2020-10-04 16:00,0.828,10.794
2020-10-04 17:00,0.839,10.944
2020-10-04 18:00,0.826,10.774
2020-10-04 19:00,0.792,10.375
2020-10-04 20:00,0.759,10.037
2020-10-04 21:00,0.711,9.596
2020-10-04 22:00,0.625,8.897
2020-10-04 23:00,0.572,8.515
2020-10-05 00:00,0.739,9.833
2020-10-05 01:00,0.773,10.179
2020-10-05 02:00,0.803,10.490
2020-10-05 03:00,0.817,10.648
2020-10-05 04:00,0.797,10.430
2020-10-05 05:00,0.750,9.949
2020-10-05 06:00,0.702,9.516
2020-10-05 07:00,0.612,8.805
2020-10-05 08:00,0.535,8.255
2020-10-05 09:00,0.546,8.335
2020-10-05 10:00,0.542,8.304
2020-10-05 11:00,0.511,8.093
2020-10-05 12:00,0.446,7.647
2020-10-05 13:00,0.385,7.234
2020-10-05 14:00,0.311,6.693
2020-10-05 15:00,0.260,6.300
2020-10-05 16:00,0.241,6.137
2020-10-05 17:00,0.240,6.130
2020-10-05 18:00,0.259,6.288
2020-10-05 19:00,0.271,6.384
2020-10-05 20:00,0.281,6.465
2020-10-05 21:00,0.258,6.281
2020-10-05 22:00,0.184,5.620
2020-10-05 23:00,0.105,4.711
2020-10-06 00:00,0.098,4.610
2020-10-06 01:00,0.084,4.400
2020-10-06 02:00,0.069,4.168
2020-10-06 03:00,0.062,4.029
2020-10-06 04:00,0.062,4.039
2020-10-06 05:00,0.062,4.035
2020-10-06 06:00,0.063,4.067
2020-10-06 07:00,0.086,4.437
2020-10-06 08:00,0.126,4.986
2020-10-06 09:00,0.165,5.420
2020-10-06 10:00,0.193,5.696
2020-10-06 11:00,0.182,5.602
2020-10-06 12:00,0.164,5.419
2020-10-06 13:00,0.161,5.378
2020-10-06 14:00,0.135,5.089
2020-10-06 15:00,0.118,4.876
2020-10-06 16:00,0.122,4.931
2020-10-06 17:00,0.129,5.023
2020-10-06 18:00,0.145,5.201
2020-10-06 19:00,0.163,5.400
2020-10-06 20:00,0.197,5.741
2020-10-06 21:00,0.244,6.160
2020-10-06 22:00,0.297,6.585
2020-10-06 23:00,0.321,6.766
2020-10-07 00:00,0.380,7.191
2020-10-07 01:00,0.444,7.636
2020-10-07 02:00,0.513,8.105
2020-10-07 03:00,0.555,8.398
2020-10-07 04:00,0.577,8.551
2020-10-07 05:00,0.603,8.739
2020-10-07 06:00,0.637,8.992
2020-10-07 07:00,0.678,9.318
2020-10-07 08:00,0.719,9.662
2020-10-07 09:00,0.781,10.258
2020-10-07 10:00,0.805,10.519
2020-10-07 11:00,0.817,10.663
2020-10-07 12:00,0.797,10.425
2020-10-07 13:00,0.761,10.055
2020-10-07 14:00,0.741,9.863
2020-10-07 15:00,0.747,9.913
2020-10-07 16:00,0.761,10.053
2020-10-07 17:00,0.772,10.150
2020-10-07 18:00,0.772,10.151
2020-10-07 19:00,0.780,10.248
2020-10-07 20:00,0.815,10.635
2020-10-07 21:00,0.854,11.145
2020-10-07 22:00,0.873,11.442
2020-10-07 23:00,0.897,11.867
2020-10-08 00:00,0.914,12.229
2020-10-08 01:00,0.929,12.582
2020-10-08 02:00,0.941,12.944
2020-10-08 03:00,0.951,13.283
2020-10-08 04:00,0.959,13.571
2020-10-08 05:00,0.965,13.873
2020-10-08 06:00,0.965,13.876
2020-10-08 07:00,0.957,13.514
2020-10-08 08:00,0.953,13.331
2020-10-08 09:00,0.962,13.730
2020-10-08 10:00,0.968,13.994
2020-10-08 11:00,0.972,14.190
2020-10-08 12:00,0.977,14.515
2020-10-08 13:00,0.981,14.865
2020-10-08 14:00,0.985,15.210
2020-10-08 15:00,0.985,15.204
2020-10-08 16:00,0.985,15.217
2020-10-08 17:00,0.987,15.416
2020-10-08 18:00,0.987,15.411
2020-10-08 19:00,0.988,15.513
2020-10-08 20:00,0.989,15.695
2020-10-08 21:00,0.989,15.677
2020-10-08 22:00,0.988,15.595
2020-10-08 23:00,0.988,15.532
2020-10-09 00:00,0.985,15.183
2020-10-09 01:00,0.976,14.450
2020-10-09 02:00,0.965,13.839
2020-10-09 03:00,0.955,13.441
2020-10-09 04:00,0.945,13.071
2020-10-09 05:00,0.939,12.874
2020-10-09 06:00,0.936,12.807
2020-10-09 07:00,0.938,12.849
2020-10-09 08:00,0.939,12.893
2020-10-09 09:00,0.941,12.959
2020-10-09 10:00,0.938,12.834
2020-10-09 11:00,0.926,12.527
2020-10-09 12:00,0.898,11.887
2020-10-09 13:00,0.864,11.301
2020-10-09 14:00,0.821,10.711
2020-10-09 15:00,0.805,10.525
2020-10-09 16:00,0.803,10.494
2020-10-09 17:00,0.802,10.484
2020-10-09 18:00,0.817,10.655
2020-10-09 19:00,0.825,10.753
2020-10-09 20:00,0.824,10.751
2020-10-09 21:00,0.815,10.633
2020-10-09 22:00,0.783,10.280
2020-10-09 23:00,0.801,10.476
2020-10-10 00:00,0.824,10.748
2020-10-10 01:00,0.817,10.650
2020-10-10 02:00,0.808,10.552
2020-10-10 03:00,0.815,10.633
2020-10-10 04:00,0.813,10.607
2020-10-10 05:00,0.792,10.368
2020-10-10 06:00,0.770,10.145
2020-10-10 07:00,0.778,10.224
2020-10-10 08:00,0.786,10.309
2020-10-10 09:00,0.799,10.443
2020-10-10 10:00,0.781,10.261
2020-10-10 11:00,0.729,9.747
2020-10-10 12:00,0.666,9.220
2020-10-10 13:00,0.586,8.620
2020-10-10 14:00,0.457,7.730
2020-10-10 15:00,0.363,7.073
2020-10-10 16:00,0.290,6.535
2020-10-10 17:00,0.257,6.276
2020-10-10 18:00,0.302,6.623
2020-10-10 19:00,0.387,7.246
2020-10-10 20:00,0.406,7.377
2020-10-10 21:00,0.358,7.043
2020-10-10 22:00,0.283,6.478
2020-10-10 23:00,0.229,6.034
2020-10-11 00:00,0.204,5.801
2020-10-11 01:00,0.154,5.299
2020-10-11 02:00,0.100,4.634
2020-10-11 03:00,0.068,4.137
2020-10-11 04:00,0.053,3.859
2020-10-11 05:00,0.046,3.721
2020-10-11 06:00,0.033,3.421
2020-10-11 07:00,0.032,3.384
2020-10-11 08:00,0.047,3.737
2020-10-11 09:00,0.063,4.060
2020-10-11 10:00,0.053,3.859
2020-10-11 11:00,0.032,3.377
2020-10-11 12:00,0.019,2.997
2020-10-11 13:00,0.001,1.753
2020-10-11 14:00,0,0.436
2020-10-11 15:00,0,1.175
2020-10-11 16:00,0.005,2.252
2020-10-11 17:00,0.039,3.569
2020-10-11 18:00,0.104,4.702
2020-10-11 19:00,0.139,5.136
2020-10-11 20:00,0.191,5.684
2020-10-11 21:00,0.239,6.125
2020-10-11 22:00,0.154,5.303
2020-10-11 23:00,0.099,4.619
2020-10-12 00:00,0.122,4.929
2020-10-12 01:00,0.111,4.782
2020-10-12 02:00,0.099,4.622
2020-10-12 03:00,0.091,4.511
2020-10-12 04:00,0.085,4.417
2020-10-12 05:00,0.060,4.008
2020-10-12 06:00,0.032,3.397
2020-10-12 07:00,0.010,2.594
2020-10-12 08:00,0.001,1.606
2020-10-12 09:00,0,0.457
2020-10-12 10:00,0,0.884
2020-10-12 11:00,0.003,2.025
2020-10-12 12:00,0.027,3.243
2020-10-12 13:00,0.087,4.459
2020-10-12 14:00,0.191,5.684
2020-10-12 15:00,0.290,6.537
2020-10-12 16:00,0.338,6.896
2020-10-12 17:00,0.366,7.097
2020-10-12 18:00,0.393,7.287
2020-10-12 19:00,0.416,7.443
2020-10-12 20:00,0.415,7.437
2020-10-12 21:00,0.387,7.246
2020-10-12 22:00,0.319,6.749
2020-10-12 23:00,0.224,5.994
2020-10-13 00:00,0.226,6.004
2020-10-13 01:00,0.242,6.145
2020-10-13 02:00,0.203,5.791
2020-10-13 03:00,0.180,5.571
2020-10-13 04:00,0.195,5.721
2020-10-13 05:00,0.238,6.112
2020-10-13 06:00,0.321,6.767
2020-10-13 07:00,0.387,7.244
2020-10-13 08:00,0.446,7.648
2020-10-13 09:00,0.490,7.957
2020-10-13 10:00,0.473,7.832
2020-10-13 11:00,0.410,7.405
2020-10-13 12:00,0.290,6.538
2020-10-13 13:00,0.179,5.562
2020-10-13 14:00,0.125,4.974
2020-10-13 15:00,0.149,5.253
2020-10-13 16:00,0.171,5.489
2020-10-13 17:00,0.209,5.859
2020-10-13 18:00,0.271,6.385
2020-10-13 19:00,0.328,6.823
2020-10-13 20:00,0.389,7.257
2020-10-13 21:00,0.400,7.339
2020-10-13 22:00,0.338,6.889
2020-10-13 23:00,0.261,6.308
2020-10-14 00:00,0.167,5.443
2020-10-14 01:00,0.276,6.427
2020-10-14 02:00,0.294,6.568
2020-10-14 03:00,0.232,6.059
2020-10-14 04:00,0.183,5.608
2020-10-14 05:00,0.133,5.060
2020-10-14 06:00,0.086,4.440
2020-10-14 07:00,0.051,3.830
2020-10-14 08:00,0.036,3.476
2020-10-14 09:00,0.065,4.090
2020-10-14 10:00,0.120,4.907
2020-10-14 11:00,0.191,5.683
2020-10-14 12:00,0.258,6.279
2020-10-14 13:00,0.283,6.475
2020-10-14 14:00,0.275,6.415
2020-10-14 15:00,0.258,6.280
2020-10-14 16:00,0.233,6.072
2020-10-14 17:00,0.197,5.740
2020-10-14 18:00,0.168,5.446
2020-10-14 19:00,0.141,5.161
2020-10-14 20:00,0.134,5.075
2020-10-14 21:00,0.133,5.063
2020-10-14 22:00,0.127,4.992
2020-10-14 23:00,0.097,4.598
2020-10-15 00:00,0.115,4.843
2020-10-15 01:00,0.142,5.179
2020-10-15 02:00,0.126,4.987
2020-10-15 03:00,0.113,4.807
2020-10-15 04:00,0.095,4.568
2020-10-15 05:00,0.098,4.616
2020-10-15 06:00,0.106,4.722
2020-10-15 07:00,0.109,4.760
2020-10-15 08:00,0.111,4.782
2020-10-15 09:00,0.096,4.581
2020-10-15 10:00,0.085,4.431
2020-10-15 11:00,0.071,4.192
2020-10-15 12:00,0.044,3.687
2020-10-15 13:00,0.019,2.967
2020-10-15 14:00,0.007,2.423
2020-10-15 15:00,0.003,2.042
2020-10-15 16:00,0.004,2.148
2020-10-15 17:00,0.011,2.615
2020-10-15 18:00,0.027,3.259
2020-10-15 19:00,0.048,3.763
2020-10-15 20:00,0.056,3.932
2020-10-15 21:00,0.053,3.868
2020-10-15 22:00,0.039,3.555
2020-10-15 23:00,0.019,2.994
2020-10-16 00:00,0.018,2.931
2020-10-16 01:00,0.007,2.405
2020-10-16 02:00,0.001,1.528
2020-10-16 03:00,0,1.034
2020-10-16 04:00,0,1.044
2020-10-16 05:00,0.001,1.556
2020-10-16 06:00,0.003,1.995
2020-10-16 07:00,0.006,2.300
2020-10-16 08:00,0.007,2.429
2020-10-16 09:00,0.006,2.280
2020-10-16 10:00,0.004,2.125
2020-10-16 11:00,0.008,2.442
2020-10-16 12:00,0.024,3.139
2020-10-16 13:00,0.049,3.796
2020-10-16 14:00,0.086,4.434
2020-10-16 15:00,0.126,4.986
2020-10-16 16:00,0.167,5.441
2020-10-16 17:00,0.187,5.647
2020-10-16 18:00,0.164,5.417
2020-10-16 19:00,0.137,5.114
2020-10-16 20:00,0.132,5.049
2020-10-16 21:00,0.136,5.102
2020-10-16 22:00,0.147,5.231
2020-10-16 23:00,0.123,4.945
2020-10-17 00:00,0.125,4.971
2020-10-17 01:00,0.100,4.640
2020-10-17 02:00,0.077,4.293
2020-10-17 03:00,0.048,3.775
2020-10-17 04:00,0.027,3.244
2020-10-17 05:00,0.019,2.958
2020-10-17 06:00,0.017,2.909
2020-10-17 07:00,0.011,2.632
2020-10-17 08:00,0.016,2.881
2020-10-17 09:00,0.025,3.184
2020-10-17 10:00,0.020,3.033
2020-10-17 11:00,0.007,2.357
2020-10-17 12:00,0.001,1.514
2020-10-17 13:00,0,1.204
2020-10-17 14:00,0.004,2.186
2020-10-17 15:00,0.029,3.300
2020-10-17 16:00,0.057,3.945
2020-10-17 17:00,0.104,4.701
2020-10-17 18:00,0.159,5.365
2020-10-17 19:00,0.190,5.680
2020-10-17 20:00,0.197,5.740
2020-10-17 21:00,0.173,5.512
2020-10-17 22:00,0.137,5.112
2020-10-17 23:00,0.072,4.223
2020-10-18 00:00,0.045,3.700
2020-10-18 01:00,0.032,3.382
2020-10-18 02:00,0.017,2.889
2020-10-18 03:00,0.010,2.563
2020-10-18 04:00,0.007,2.413
2020-10-18 05:00,0.005,2.195
2020-10-18 06:00,0.002,1.941
2020-10-18 07:00,0,1.295
2020-10-18 08:00,0.001,1.491
2020-10-18 09:00,0,0.488
2020-10-18 10:00,0,0.311
2020-10-18 11:00,0,0.684
2020-10-18 12:00,0,1.338
2020-10-18 13:00,0.002,1.803
2020-10-18 14:00,0.006,2.287
2020-10-18 15:00,0.017,2.918
2020-10-18 16:00,0.046,3.706
2020-10-18 17:00,0.090,4.503
2020-10-18 18:00,0.128,5.009
2020-10-18 19:00,0.140,5.146
2020-10-18 20:00,0.134,5.070
2020-10-18 21:00,0.128,5.009
2020-10-18 22:00,0.111,4.786
2020-10-18 23:00,0.056,3.927
2020-10-19 00:00,0.033,3.407
2020-10-19 01:00,0.044,3.682
2020-10-19 02:00,0.049,3.796
2020-10-19 03:00,0.051,3.833
2020-10-19 04:00,0.049,3.792
2020-10-19 05:00,0.042,3.623
2020-10-19 06:00,0.034,3.431
2020-10-19 07:00,0.038,3.539
2020-10-19 08:00,0.051,3.835
2020-10-19 09:00,0.040,3.595
2020-10-19 10:00,0.025,3.173
2020-10-19 11:00,0.015,2.807
2020-10-19 12:00,0.008,2.492
2020-10-19 13:00,0.004,2.165
2020-10-19 14:00,0.001,1.741
2020-10-19 15:00,0,1.272
2020-10-19 16:00,0,1.119
2020-10-19 17:00,0,1.356
2020-10-19 18:00,0.001,1.733
2020-10-19 19:00,0.004,2.125
2020-10-19 20:00,0.008,2.458
2020-10-19 21:00,0.012,2.668
2020-10-19 22:00,0.016,2.877
2020-10-19 23:00,0.014,2.773
2020-10-20 00:00,0.006,2.337
2020-10-20 01:00,0.006,2.327
2020-10-20 02:00,0.011,2.615
2020-10-20 03:00,0.022,3.074
2020-10-20 04:00,0.040,3.587
2020-10-20 05:00,0.052,3.857
2020-10-20 06:00,0.048,3.765
2020-10-20 07:00,0.059,3.967
2020-10-20 08:00,0.098,4.609
2020-10-20 09:00,0.116,4.859
2020-10-20 10:00,0.091,4.514
2020-10-20 11:00,0.102,4.674
2020-10-20 12:00,0.146,5.223
2020-10-20 13:00,0.096,4.587
2020-10-20 14:00,0.055,3.894
2020-10-20 15:00,0.049,3.778
2020-10-20 16:00,0.054,3.876
2020-10-20 17:00,0.060,3.994
2020-10-20 18:00,0.045,3.693
2020-10-20 19:00,0.036,3.475
2020-10-20 20:00,0.021,3.068
2020-10-20 21:00,0.006,2.309
2020-10-20 22:00,0.002,1.823
2020-10-20 23:00,0.002,1.936
2020-10-21 00:00,0.007,2.355
2020-10-21 01:00,0.012,2.693
2020-10-21 02:00,0.014,2.793
2020-10-21 03:00,0.027,3.256
2020-10-21 04:00,0.034,3.437
2020-10-21 05:00,0.036,3.492
2020-10-21 06:00,0.040,3.590
2020-10-21 07:00,0.033,3.402
2020-10-21 08:00,0.020,3.004
2020-10-21 09:00,0.030,3.326
2020-10-21 10:00,0.071,4.206
2020-10-21 11:00,0.101,4.645
2020-10-21 12:00,0.102,4.668
2020-10-21 13:00,0.082,4.375
2020-10-21 14:00,0.071,4.193
2020-10-21 15:00,0.067,4.118
2020-10-21 16:00,0.071,4.206
2020-10-21 17:00,0.098,4.616
2020-10-21 18:00,0.129,5.017
2020-10-21 19:00,0.157,5.338
2020-10-21 20:00,0.189,5.664
2020-10-21 21:00,0.152,5.276
2020-10-21 22:00,0.105,4.706
2020-10-21 23:00,0.074,4.255
2020-10-22 00:00,0.045,3.700
2020-10-22 01:00,0.028,3.288
2020-10-22 02:00,0.027,3.246
2020-10-22 03:00,0.026,3.215
2020-10-22 04:00,0.023,3.128
2020-10-22 05:00,0.031,3.358
2020-10-22 06:00,0.043,3.637
2020-10-22 07:00,0.054,3.874
2020-10-22 08:00,0.101,4.652
2020-10-22 09:00,0.232,6.052
2020-10-22 10:00,0.487,7.933
2020-10-22 11:00,0.721,9.671
2020-10-22 12:00,0.856,11.186
2020-10-22 13:00,0.923,12.440
2020-10-22 14:00,0.938,12.846
2020-10-22 15:00,0.947,13.124
2020-10-22 16:00,0.961,13.690
2020-10-22 17:00,0.968,13.992
2020-10-22 18:00,0.970,14.083
2020-10-22 19:00,0.970,14.101
2020-10-22 20:00,0.968,13.990
2020-10-22 21:00,0.958,13.567
2020-10-22 22:00,0.933,12.717
2020-10-22 23:00,0.897,11.875
2020-10-23 00:00,0.854,11.146
2020-10-23 01:00,0.797,10.425
2020-10-23 02:00,0.713,9.614
2020-10-23 03:00,0.600,8.713
2020-10-23 04:00,0.460,7.751
2020-10-23 05:00,0.364,7.080
2020-10-23 06:00,0.358,7.043
2020-10-23 07:00,0.459,7.738
2020-10-23 08:00,0.632,8.964
2020-10-23 09:00,0.785,10.301
2020-10-23 10:00,0.837,10.907
2020-10-23 11:00,0.838,10.930
2020-10-23 12:00,0.820,10.701
2020-10-23 13:00,0.802,10.482
2020-10-23 14:00,0.794,10.391
2020-10-23 15:00,0.806,10.533
2020-10-23 16:00,0.821,10.714
2020-10-23 17:00,0.834,10.879
2020-10-23 18:00,0.847,11.051
2020-10-23 19:00,0.862,11.268
2020-10-23 20:00,0.869,11.372
2020-10-23 21:00,0.852,11.117
2020-10-23 22:00,0.817,10.666
2020-10-23 23:00,0.756,10.003
2020-10-24 00:00,0.822,10.720
2020-10-24 01:00,0.849,11.073
2020-10-24 02:00,0.867,11.340
2020-10-24 03:00,0.865,11.309
2020-10-24 04:00,0.839,10.940
2020-10-24 05:00,0.811,10.582
2020-10-24 06:00,0.782,10.264
2020-10-24 07:00,0.762,10.067
2020-10-24 08:00,0.780,10.251
2020-10-24 09:00,0.827,10.783
2020-10-24 10:00,0.852,11.119
2020-10-24 11:00,0.855,11.161
2020-10-24 12:00,0.853,11.138
2020-10-24 13:00,0.846,11.031
2020-10-24 14:00,0.839,10.937
2020-10-24 15:00,0.837,10.913
2020-10-24 16:00,0.836,10.897
2020-10-24 17:00,0.824,10.738
2020-10-24 18:00,0.803,10.502
2020-10-24 19:00,0.777,10.219
2020-10-24 20:00,0.759,10.038
2020-10-24 21:00,0.736,9.815
2020-10-24 22:00,0.674,9.286
2020-10-24 23:00,0.510,8.087
2020-10-25 00:00,0.456,7.722
2020-10-25 01:00,0.538,8.276
2020-10-25 02:00,0.535,8.258
2020-10-25 03:00,0.502,8.027
2020-10-25 04:00,0.454,7.711
2020-10-25 05:00,0.416,7.445
2020-10-25 06:00,0.372,7.136
2020-10-25 07:00,0.307,6.663
2020-10-25 08:00,0.311,6.700
2020-10-25 09:00,0.377,7.170
2020-10-25 10:00,0.445,7.638
2020-10-25 11:00,0.463,7.759
2020-10-25 12:00,0.442,7.627
2020-10-25 13:00,0.393,7.288
2020-10-25 14:00,0.325,6.806
2020-10-25 15:00,0.279,6.444
2020-10-25 16:00,0.238,6.110
2020-10-25 17:00,0.208,5.847
2020-10-25 18:00,0.196,5.734
2020-10-25 19:00,0.180,5.565
2020-10-25 20:00,0.137,5.110
2020-10-25 21:00,0.079,4.334
2020-10-25 22:00,0.043,3.643
2020-10-25 23:00,0.020,3.032
2020-10-26 00:00,0.003,2.051
2020-10-26 01:00,0.001,1.639
2020-10-26 02:00,0,1.325
2020-10-26 03:00,0,1.325
2020-10-26 04:00,0,1.108
2020-10-26 05:00,0,0.856
2020-10-26 06:00,0,0.480
2020-10-26 07:00,0,0.270
2020-10-26 08:00,0,1.159
2020-10-26 09:00,0,1.418
2020-10-26 10:00,0,1.430
2020-10-26 11:00,0,1.367
2020-10-26 12:00,0.001,1.515
2020-10-26 13:00,0.002,1.865
2020-10-26 14:00,0.007,2.382
2020-10-26 15:00,0.016,2.855
2020-10-26 16:00,0.025,3.174
2020-10-26 17:00,0.039,3.552
2020-10-26 18:00,0.062,4.048
2020-10-26 19:00,0.101,4.644
2020-10-26 20:00,0.139,5.136
2020-10-26 21:00,0.149,5.250
2020-10-26 22:00,0.127,4.991
2020-10-26 23:00,0.059,3.984
2020-10-27 00:00,0.016,2.881
2020-10-27 01:00,0.006,2.329
2020-10-27 02:00,0.002,1.785
2020-10-27 03:00,0.002,1.802
2020-10-27 04:00,0.002,1.936
2020-10-27 05:00,0.003,2.072
2020-10-27 06:00,0.004,2.181
2020-10-27 07:00,0.005,2.263
2020-10-27 08:00,0.012,2.671
2020-10-27 09:00,0.032,3.378
2020-10-27 10:00,0.080,4.338
2020-10-27 11:00,0.163,5.404
2020-10-27 12:00,0.252,6.225
2020-10-27 13:00,0.333,6.854
2020-10-27 14:00,0.408,7.387
2020-10-27 15:00,0.461,7.755
2020-10-27 16:00,0.480,7.886
2020-10-27 17:00,0.453,7.706
2020-10-27 18:00,0.443,7.634
2020-10-27 19:00,0.452,7.693
2020-10-27 20:00,0.444,7.635
2020-10-27 21:00,0.430,7.548
2020-10-27 22:00,0.416,7.439
2020-10-27 23:00,0.358,7.041
2020-10-28 00:00,0.406,7.373
2020-10-28 01:00,0.424,7.502
2020-10-28 02:00,0.416,7.446
2020-10-28 03:00,0.387,7.238
2020-10-28 04:00,0.338,6.891
2020-10-28 05:00,0.292,6.555
2020-10-28 06:00,0.276,6.420
2020-10-28 07:00,0.257,6.263
2020-10-28 08:00,0.281,6.469
2020-10-28 09:00,0.321,6.767
2020-10-28 10:00,0.365,7.089
2020-10-28 11:00,0.393,7.282
2020-10-28 12:00,0.398,7.323
2020-10-28 13:00,0.390,7.267
2020-10-28 14:00,0.370,7.130
2020-10-28 15:00,0.338,6.889
2020-10-28 16:00,0.262,6.317
2020-10-28 17:00,0.168,5.446
2020-10-28 18:00,0.091,4.515
2020-10-28 19:00,0.054,3.882
2020-10-28 20:00,0.048,3.769
2020-10-28 21:00,0.056,3.918
2020-10-28 22:00,0.057,3.942
2020-10-28 23:00,0.027,3.246
2020-10-29 00:00,0.005,2.252
2020-10-29 01:00,0.002,1.889
2020-10-29 02:00,0.001,1.542
2020-10-29 03:00,0,1.437
2020-10-29 04:00,0,1.284
2020-10-29 05:00,0,1.187
2020-10-29 06:00,0.001,1.483
2020-10-29 07:00,0.011,2.624
2020-10-29 08:00,0.030,3.320
2020-10-29 09:00,0.055,3.897
2020-10-29 10:00,0.087,4.455
2020-10-29 11:00,0.123,4.947
2020-10-29 12:00,0.151,5.271
2020-10-29 13:00,0.178,5.548
2020-10-29 14:00,0.204,5.797
2020-10-29 15:00,0.230,6.043
2020-10-29 16:00,0.275,6.414
2020-10-29 17:00,0.347,6.957
2020-10-29 18:00,0.430,7.547
2020-10-29 19:00,0.502,8.029
2020-10-29 20:00,0.537,8.274
2020-10-29 21:00,0.533,8.244
2020-10-29 22:00,0.489,7.948
2020-10-29 23:00,0.397,7.315
2020-10-30 00:00,0.377,7.179
2020-10-30 01:00,0.356,7.029
2020-10-30 02:00,0.370,7.123
2020-10-30 03:00,0.377,7.173
2020-10-30 04:00,0.385,7.232
2020-10-30 05:00,0.413,7.418
2020-10-30 06:00,0.454,7.709
2020-10-30 07:00,0.488,7.944
2020-10-30 08:00,0.538,8.277
2020-10-30 09:00,0.563,8.459
2020-10-30 10:00,0.549,8.350
2020-10-30 11:00,0.500,8.022
2020-10-30 12:00,0.446,7.645
2020-10-30 13:00,0.397,7.316
2020-10-30 14:00,0.353,7.005
2020-10-30 15:00,0.290,6.536
2020-10-30 16:00,0.217,5.926
2020-10-30 17:00,0.138,5.127
2020-10-30 18:00,0.066,4.111
2020-10-30 19:00,0.029,3.306
2020-10-30 20:00,0.017,2.900
2020-10-30 21:00,0.011,2.656
2020-10-30 22:00,0.001,1.728
2020-10-30 23:00,0,0.810
2020-10-31 00:00,0,1.084
2020-10-31 01:00,0.002,1.888
2020-10-31 02:00,0.010,2.604
2020-10-31 03:00,0.023,3.136
2020-10-31 04:00,0.032,3.377
2020-10-31 05:00,0.031,3.348
2020-10-31 06:00,0.025,3.181
2020-10-31 07:00,0.020,3.008
2020-10-31 08:00,0.016,2.872
2020-10-31 09:00,0.021,3.059
2020-10-31 10:00,0.043,3.663
2020-10-31 11:00,0.072,4.213
2020-10-31 12:00,0.126,4.988
2020-10-31 13:00,0.227,6.011
2020-10-31 14:00,0.330,6.831
2020-10-31 15:00,0.365,7.089
2020-10-31 16:00,0.365,7.081
2020-10-31 17:00,0.355,7.022
2020-10-31 18:00,0.393,7.287
2020-10-31 19:00,0.466,7.788
2020-10-31 20:00,0.448,7.660
2020-10-31 21:00,0.472,7.827
2020-10-31 22:00,0.514,8.115
2020-10-31 23:00,0.466,7.794
2020-11-01 00:00,0.428,7.526
2020-11-01 01:00,0.423,7.492
2020-11-01 02:00,0.495,7.985
2020-11-01 03:00,0.581,8.578
2020-11-01 04:00,0.619,8.860
2020-11-01 05:00,0.611,8.798
2020-11-01 06:00,0.572,8.513
2020-11-01 07:00,0.510,8.088
2020-11-01 08:00,0.526,8.200
2020-11-01 09:00,0.569,8.494
2020-11-01 10:00,0.613,8.816
2020-11-01 11:00,0.629,8.936
2020-11-01 12:00,0.640,9.015
2020-11-01 13:00,0.664,9.208
2020-11-01 14:00,0.634,8.972
2020-11-01 15:00,0.620,8.874
2020-11-01 16:00,0.578,8.563
2020-11-01 17:00,0.536,8.264
2020-11-01 18:00,0.477,7.864
2020-11-01 19:00,0.451,7.686
2020-11-01 20:00,0.425,7.508
2020-11-01 21:00,0.402,7.347
2020-11-01 22:00,0.400,7.335
2020-11-01 23:00,0.335,6.879
2020-11-02 00:00,0.355,7.019
2020-11-02 01:00,0.398,7.321
2020-11-02 02:00,0.390,7.260
2020-11-02 03:00,0.352,6.997
2020-11-02 04:00,0.298,6.596
2020-11-02 05:00,0.247,6.185
2020-11-02 06:00,0.216,5.920
2020-11-02 07:00,0.207,5.841
2020-11-02 08:00,0.280,6.454
2020-11-02 09:00,0.371,7.131
2020-11-02 10:00,0.401,7.344
2020-11-02 11:00,0.378,7.184
2020-11-02 12:00,0.321,6.765
2020-11-02 13:00,0.276,6.418
2020-11-02 14:00,0.297,6.584
2020-11-02 15:00,0.397,7.319
2020-11-02 16:00,0.559,8.431
2020-11-02 17:00,0.710,9.590
2020-11-02 18:00,0.819,10.683
2020-11-02 19:00,0.868,11.362
2020-11-02 20:00,0.884,11.625
2020-11-02 21:00,0.889,11.716
2020-11-02 22:00,0.872,11.432
2020-11-02 23:00,0.879,11.542
2020-11-03 00:00,0.933,12.710
2020-11-03 01:00,0.950,13.233
2020-11-03 02:00,0.958,13.546
2020-11-03 03:00,0.968,13.988
2020-11-03 04:00,0.973,14.255
2020-11-03 05:00,0.974,14.325
2020-11-03 06:00,0.970,14.120
2020-11-03 07:00,0.958,13.528
2020-11-03 08:00,0.937,12.825
2020-11-03 09:00,0.904,12.017
2020-11-03 10:00,0.858,11.203
2020-11-03 11:00,0.782,10.266
2020-11-03 12:00,0.737,9.823
2020-11-03 13:00,0.731,9.774
2020-11-03 14:00,0.737,9.821
2020-11-03 15:00,0.756,10.007
2020-11-03 16:00,0.784,10.286
2020-11-03 17:00,0.808,10.551
2020-11-03 18:00,0.818,10.675
2020-11-03 19:00,0.815,10.636
2020-11-03 20:00,0.805,10.522
2020-11-03 21:00,0.788,10.325
2020-11-03 22:00,0.765,10.094
2020-11-03 23:00,0.696,9.464
2020-11-04 00:00,0.726,9.726
2020-11-04 01:00,0.689,9.407
2020-11-04 02:00,0.635,8.983
2020-11-04 03:00,0.559,8.431
2020-11-04 04:00,0.477,7.864
2020-11-04 05:00,0.377,7.179
2020-11-04 06:00,0.281,6.457
2020-11-04 07:00,0.226,6.007
2020-11-04 08:00,0.245,6.167
2020-11-04 09:00,0.302,6.626
2020-11-04 10:00,0.342,6.926
2020-11-04 11:00,0.352,6.990
2020-11-04 12:00,0.321,6.773
2020-11-04 13:00,0.278,6.435
2020-11-04 14:00,0.257,6.269
2020-11-04 15:00,0.281,6.464
2020-11-04 16:00,0.317,6.736
2020-11-04 17:00,0.323,6.784
2020-11-04 18:00,0.317,6.733
2020-11-04 19:00,0.285,6.493
2020-11-04 20:00,0.239,6.118
2020-11-04 21:00,0.177,5.538
2020-11-04 22:00,0.115,4.845
2020-11-04 23:00,0.043,3.639
2020-11-05 00:00,0.007,2.383
2020-11-05 01:00,0.001,1.618
2020-11-05 02:00,0,0.979
2020-11-05 03:00,0,0.364
2020-11-05 04:00,0,0.099
2020-11-05 05:00,0,0.670
2020-11-05 06:00,0.005,2.221
2020-11-05 07:00,0.019,2.961
2020-11-05 08:00,0.037,3.516
2020-11-05 09:00,0.053,3.861
2020-11-05 10:00,0.074,4.241
2020-11-05 11:00,0.096,4.581
2020-11-05 12:00,0.121,4.917
2020-11-05 13:00,0.153,5.287
2020-11-05 14:00,0.181,5.584
2020-11-05 15:00,0.174,5.516
2020-11-05 16:00,0.137,5.120
2020-11-05 17:00,0.106,4.731
2020-11-05 18:00,0.088,4.477
2020-11-05 19:00,0.093,4.541
2020-11-05 20:00,0.107,4.737
2020-11-05 21:00,0.137,5.113
2020-11-05 22:00,0.194,5.715
2020-11-05 23:00,0.257,6.260
2020-11-06 00:00,0.292,6.551
2020-11-06 01:00,0.420,7.479
2020-11-06 02:00,0.446,7.644
2020-11-06 03:00,0.416,7.452
2020-11-06 04:00,0.367,7.110
2020-11-06 05:00,0.320,6.759
2020-11-06 06:00,0.291,6.542
2020-11-06 07:00,0.255,6.253
2020-11-06 08:00,0.257,6.261
2020-11-06 09:00,0.259,6.288
2020-11-06 10:00,0.270,6.373
2020-11-06 11:00,0.290,6.536
2020-11-06 12:00,0.321,6.766
2020-11-06 13:00,0.338,6.888
2020-11-06 14:00,0.338,6.894
2020-11-06 15:00,0.331,6.842
2020-11-06 16:00,0.328,6.821
2020-11-06 17:00,0.345,6.943
2020-11-06 18:00,0.378,7.182
2020-11-06 19:00,0.406,7.377
2020-11-06 20:00,0.412,7.415
2020-11-06 21:00,0.402,7.348
2020-11-06 22:00,0.399,7.326
2020-11-06 23:00,0.316,6.728
2020-11-07 00:00,0.376,7.165
2020-11-07 01:00,0.420,7.478
2020-11-07 02:00,0.473,7.834
2020-11-07 03:00,0.570,8.503
2020-11-07 04:00,0.692,9.422
2020-11-07 05:00,0.791,10.355
2020-11-07 06:00,0.851,11.105
2020-11-07 07:00,0.862,11.267
2020-11-07 08:00,0.800,10.460
2020-11-07 09:00,0.711,9.593
2020-11-07 10:00,0.666,9.226
2020-11-07 11:00,0.650,9.096
2020-11-07 12:00,0.652,9.112
2020-11-07 13:00,0.640,9.012
2020-11-07 14:00,0.603,8.737
2020-11-07 15:00,0.593,8.667
2020-11-07 16:00,0.613,8.821
2020-11-07 17:00,0.643,9.041
2020-11-07 18:00,0.640,9.011
2020-11-07 19:00,0.618,8.855
2020-11-07 20:00,0.585,8.613
2020-11-07 21:00,0.549,8.358
2020-11-07 22:00,0.560,8.434
2020-11-07 23:00,0.520,8.157
2020-11-08 00:00,0.471,7.823
2020-11-08 01:00,0.545,8.326
2020-11-08 02:00,0.633,8.969
2020-11-08 03:00,0.678,9.322
2020-11-08 04:00,0.673,9.277
2020-11-08 05:00,0.659,9.164
2020-11-08 06:00,0.673,9.279
2020-11-08 07:00,0.725,9.713
2020-11-08 08:00,0.821,10.710
2020-11-08 09:00,0.897,11.872
2020-11-08 10:00,0.927,12.544
2020-11-08 11:00,0.935,12.758
2020-11-08 12:00,0.930,12.617
2020-11-08 13:00,0.919,12.331
2020-11-08 14:00,0.894,11.815
2020-11-08 15:00,0.861,11.255
2020-11-08 16:00,0.827,10.781
2020-11-08 17:00,0.789,10.329
2020-11-08 18:00,0.758,10.025
2020-11-08 19:00,0.738,9.839
2020-11-08 20:00,0.717,9.644
2020-11-08 21:00,0.678,9.320
2020-11-08 22:00,0.645,9.056
2020-11-08 23:00,0.559,8.428
2020-11-09 00:00,0.583,8.601
2020-11-09 01:00,0.679,9.324
2020-11-09 02:00,0.704,9.535
2020-11-09 03:00,0.730,9.761
2020-11-09 04:00,0.739,9.842
2020-11-09 05:00,0.741,9.865
2020-11-09 06:00,0.730,9.767
2020-11-09 07:00,0.703,9.524
2020-11-09 08:00,0.675,9.298
2020-11-09 09:00,0.637,8.999
2020-11-09 10:00,0.569,8.493
2020-11-09 11:00,0.494,7.982
2020-11-09 12:00,0.454,7.712
2020-11-09 13:00,0.456,7.721
2020-11-09 14:00,0.497,8.002
2020-11-09 15:00,0.529,8.223
2020-11-09 16:00,0.542,8.309
2020-11-09 17:00,0.541,8.299
2020-11-09 18:00,0.549,8.353
2020-11-09 19:00,0.559,8.421
2020-11-09 20:00,0.564,8.467
2020-11-09 21:00,0.549,8.356
2020-11-09 22:00,0.506,8.066
2020-11-09 23:00,0.362,7.071
2020-11-10 00:00,0.272,6.392
2020-11-10 01:00,0.235,6.085
2020-11-10 02:00,0.162,5.396
2020-11-10 03:00,0.108,4.759
2020-11-10 04:00,0.073,4.227
2020-11-10 05:00,0.058,3.962
2020-11-10 06:00,0.054,3.879
2020-11-10 07:00,0.046,3.712
2020-11-10 08:00,0.043,3.656
2020-11-10 09:00,0.056,3.925
2020-11-10 10:00,0.087,4.455
2020-11-10 11:00,0.113,4.806
2020-11-10 12:00,0.118,4.883
2020-11-10 13:00,0.115,4.839
2020-11-10 14:00,0.113,4.812
2020-11-10 15:00,0.115,4.846
2020-11-10 16:00,0.115,4.839
2020-11-10 17:00,0.107,4.744
2020-11-10 18:00,0.092,4.523
2020-11-10 19:00,0.070,4.187
2020-11-10 20:00,0.049,3.787
2020-11-10 21:00,0.024,3.145
2020-11-10 22:00,0.007,2.413
2020-11-10 23:00,0.001,1.618
2020-11-11 00:00,0,0.308
2020-11-11 01:00,0,0.763
2020-11-11 02:00,0,1.094
2020-11-11 03:00,0,1.123
2020-11-11 04:00,0,0.918
2020-11-11 05:00,0,0.666
2020-11-11 06:00,0,0.784
2020-11-11 07:00,0.001,1.667
2020-11-11 08:00,0.003,2.036
2020-11-11 09:00,0.005,2.268
2020-11-11 10:00,0.007,2.394
2020-11-11 11:00,0.007,2.404
2020-11-11 12:00,0.007,2.420
2020-11-11 13:00,0.007,2.425
2020-11-11 14:00,0.008,2.442
2020-11-11 15:00,0.007,2.404
2020-11-11 16:00,0.006,2.328
2020-11-11 17:00,0.006,2.329
2020-11-11 18:00,0.010,2.578
2020-11-11 19:00,0.014,2.759
2020-11-11 20:00,0.016,2.846
2020-11-11 21:00,0.017,2.915
2020-11-11 22:00,0.021,3.069
2020-11-11 23:00,0.026,3.212
2020-11-12 00:00,0.014,2.788
2020-11-12 01:00,0.016,2.874
2020-11-12 02:00,0.020,3.031
2020-11-12 03:00,0.024,3.155
2020-11-12 04:00,0.028,3.269
2020-11-12 05:00,0.032,3.392
2020-11-12 06:00,0.036,3.470
2020-11-12 07:00,0.045,3.699
2020-11-12 08:00,0.061,4.018
2020-11-12 09:00,0.072,4.215
2020-11-12 10:00,0.085,4.429
2020-11-12 11:00,0.108,4.748
2020-11-12 12:00,0.153,5.291
2020-11-12 13:00,0.216,5.919
2020-11-12 14:00,0.289,6.527
2020-11-12 15:00,0.351,6.988
2020-11-12 16:00,0.384,7.226
2020-11-12 17:00,0.423,7.489
2020-11-12 18:00,0.466,7.789
2020-11-12 19:00,0.482,7.895
2020-11-12 20:00,0.461,7.755
2020-11-12 21:00,0.416,7.445
2020-11-12 22:00,0.358,7.043
2020-11-12 23:00,0.254,6.239
2020-11-13 00:00,0.141,5.159
2020-11-13 01:00,0.121,4.922
2020-11-13 02:00,0.126,4.979
2020-11-13 03:00,0.116,4.857
2020-11-13 04:00,0.120,4.904
2020-11-13 05:00,0.136,5.108
2020-11-13 06:00,0.188,5.653
2020-11-13 07:00,0.284,6.484
2020-11-13 08:00,0.384,7.228
2020-11-13 09:00,0.426,7.510
2020-11-13 10:00,0.422,7.484
2020-11-13 11:00,0.398,7.323
2020-11-13 12:00,0.360,7.054
2020-11-13 13:00,0.309,6.678
2020-11-13 14:00,0.265,6.340
2020-11-13 15:00,0.259,6.285
2020-11-13 16:00,0.280,6.456
2020-11-13 17:00,0.286,6.508
2020-11-13 18:00,0.257,6.274
2020-11-13 19:00,0.221,5.958
2020-11-13 20:00,0.202,5.785
2020-11-13 21:00,0.207,5.834
2020-11-13 22:00,0.230,6.038
2020-11-13 23:00,0.253,6.233
2020-11-14 00:00,0.249,6.205
2020-11-14 01:00,0.251,6.210
2020-11-14 02:00,0.241,6.140
2020-11-14 03:00,0.202,5.786
2020-11-14 04:00,0.146,5.219
2020-11-14 05:00,0.126,4.981
2020-11-14 06:00,0.133,5.059
2020-11-14 07:00,0.116,4.855
2020-11-14 08:00,0.109,4.768
2020-11-14 09:00,0.136,5.105
2020-11-14 10:00,0.156,5.332
2020-11-14 11:00,0.121,4.920
2020-11-14 12:00,0.090,4.503
2020-11-14 13:00,0.052,3.844
2020-11-14 14:00,0.019,3.000
2020-11-14 15:00,0.005,2.209
2020-11-14 16:00,0.001,1.545
2020-11-14 17:00,0,0.947
2020-11-14 18:00,0,0.784
2020-11-14 19:00,0,1.221
2020-11-14 20:00,0.001,1.662
2020-11-14 21:00,0.003,2.066
2020-11-14 22:00,0.010,2.563
2020-11-14 23:00,0.021,3.036
2020-11-15 00:00,0.021,3.070
2020-11-15 01:00,0.048,3.770
2020-11-15 02:00,0.085,4.408
2020-11-15 03:00,0.133,5.053
2020-11-15 04:00,0.188,5.659
2020-11-15 05:00,0.240,6.131
2020-11-15 06:00,0.285,6.501
2020-11-15 07:00,0.298,6.596
2020-11-15 08:00,0.302,6.632
2020-11-15 09:00,0.302,6.629
2020-11-15 10:00,0.309,6.672
2020-11-15 11:00,0.307,6.664
2020-11-15 12:00,0.322,6.783
2020-11-15 13:00,0.341,6.915
2020-11-15 14:00,0.349,6.978
2020-11-15 15:00,0.370,7.126
2020-11-15 16:00,0.393,7.285
2020-11-15 17:00,0.420,7.479
2020-11-15 18:00,0.437,7.590
2020-11-15 19:00,0.426,7.521
2020-11-15 20:00,0.387,7.240
2020-11-15 21:00,0.306,6.661
2020-11-15 22:00,0.210,5.862
2020-11-15 23:00,0.125,4.976
2020-11-16 00:00,0.071,4.199
2020-11-16 01:00,0.077,4.292
2020-11-16 02:00,0.090,4.507
2020-11-16 03:00,0.089,4.480
2020-11-16 04:00,0.112,4.797
2020-11-16 05:00,0.164,5.415
2020-11-16 06:00,0.276,6.428
2020-11-16 07:00,0.406,7.378
2020-11-16 08:00,0.479,7.879
2020-11-16 09:00,0.550,8.370
2020-11-16 10:00,0.600,8.710
2020-11-16 11:00,0.643,9.034
2020-11-16 12:00,0.664,9.207
2020-11-16 13:00,0.658,9.160
2020-11-16 14:00,0.610,8.795
2020-11-16 15:00,0.547,8.345
2020-11-16 16:00,0.479,7.883
2020-11-16 17:00,0.406,7.371
2020-11-16 18:00,0.317,6.733
2020-11-16 19:00,0.232,6.066
2020-11-16 20:00,0.179,5.561
2020-11-16 21:00,0.137,5.114
2020-11-16 22:00,0.103,4.679
2020-11-16 23:00,0.080,4.342
2020-11-17 00:00,0.059,3.994
2020-11-17 01:00,0.058,3.949
2020-11-17 02:00,0.060,4.006
2020-11-17 03:00,0.067,4.126
2020-11-17 04:00,0.074,4.246
2020-11-17 05:00,0.085,4.418
2020-11-17 06:00,0.101,4.655
2020-11-17 07:00,0.115,4.846
2020-11-17 08:00,0.124,4.961
2020-11-17 09:00,0.115,4.843
2020-11-17 10:00,0.108,4.756
2020-11-17 11:00,0.107,4.736
2020-11-17 12:00,0.109,4.765
2020-11-17 13:00,0.112,4.791
2020-11-17 14:00,0.113,4.818
2020-11-17 15:00,0.120,4.907
2020-11-17 16:00,0.124,4.957
2020-11-17 17:00,0.140,5.145
2020-11-17 18:00,0.165,5.429
2020-11-17 19:00,0.204,5.810
2020-11-17 20:00,0.169,5.467
2020-11-17 21:00,0.143,5.185
2020-11-17 22:00,0.102,4.676
2020-11-17 23:00,0.094,4.558
2020-11-18 00:00,0.074,4.256
2020-11-18 01:00,0.142,5.170
2020-11-18 02:00,0.298,6.593
2020-11-18 03:00,0.492,7.968
2020-11-18 04:00,0.630,8.944
2020-11-18 05:00,0.634,8.973
2020-11-18 06:00,0.573,8.526
2020-11-18 07:00,0.585,8.616
2020-11-18 08:00,0.662,9.185
2020-11-18 09:00,0.700,9.490
2020-11-18 10:00,0.684,9.372
2020-11-18 11:00,0.705,9.546
2020-11-18 12:00,0.739,9.843
2020-11-18 13:00,0.754,9.982
2020-11-18 14:00,0.789,10.331
2020-11-18 15:00,0.843,10.998
2020-11-18 16:00,0.887,11.676
2020-11-18 17:00,0.924,12.477
2020-11-18 18:00,0.972,14.190
2020-11-18 19:00,0.992,16.181
2020-11-18 20:00,0.993,16.869
2020-11-18 21:00,0.993,16.706
2020-11-18 22:00,0.993,16.939
2020-11-18 23:00,0.993,17.171
2020-11-19 00:00,0.991,17.635
2020-11-19 01:00,0.983,18.617
2020-11-19 02:00,0.963,19.663
2020-11-19 03:00,0.950,20.090
2020-11-19 04:00,0.941,20.312
2020-11-19 05:00,0.937,20.418
2020-11-19 06:00,0.990,17.941
2020-11-19 07:00,0.984,15.123
2020-11-19 08:00,0.932,12.691
2020-11-19 09:00,0.934,12.747
2020-11-19 10:00,0.951,13.275
2020-11-19 11:00,0.963,13.767
2020-11-19 12:00,0.978,14.610
2020-11-19 13:00,0.972,14.210
2020-11-19 14:00,0.972,14.250
2020-11-19 15:00,0.980,14.743
2020-11-19 16:00,0.985,15.173
2020-11-19 17:00,0.987,15.441
2020-11-19 18:00,0.988,15.597
2020-11-19 19:00,0.988,15.549
2020-11-19 20:00,0.982,14.957
2020-11-19 21:00,0.967,13.962
2020-11-19 22:00,0.938,12.846
2020-11-19 23:00,0.926,12.532
2020-11-20 00:00,0.946,13.121
2020-11-20 01:00,0.960,13.647
2020-11-20 02:00,0.964,13.817
2020-11-20 03:00,0.959,13.602
2020-11-20 04:00,0.946,13.096
2020-11-20 05:00,0.915,12.253
2020-11-20 06:00,0.871,11.416
2020-11-20 07:00,0.840,10.961
2020-11-20 08:00,0.808,10.558
2020-11-20 09:00,0.768,10.128
2020-11-20 10:00,0.736,9.817
2020-11-20 11:00,0.689,9.401
2020-11-20 12:00,0.625,8.900
2020-11-20 13:00,0.551,8.374
2020-11-20 14:00,0.497,8.000
2020-11-20 15:00,0.476,7.855
2020-11-20 16:00,0.453,7.700
2020-11-20 17:00,0.431,7.553
2020-11-20 18:00,0.499,8.016
2020-11-20 19:00,0.643,9.036
2020-11-20 20:00,0.757,10.020
2020-11-20 21:00,0.774,10.173
2020-11-20 22:00,0.729,9.746
2020-11-20 23:00,0.652,9.114
2020-11-21 00:00,0.574,8.531
2020-11-21 01:00,0.493,7.973
2020-11-21 02:00,0.410,7.403
2020-11-21 03:00,0.334,6.863
2020-11-21 04:00,0.251,6.221
2020-11-21 05:00,0.166,5.432
2020-11-21 06:00,0.100,4.637
2020-11-21 07:00,0.066,4.105
2020-11-21 08:00,0.048,3.760
2020-11-21 09:00,0.022,3.076
2020-11-21 10:00,0.004,2.116
2020-11-21 11:00,0,0.947
2020-11-21 12:00,0,1.131
2020-11-21 13:00,0.002,1.815
2020-11-21 14:00,0.001,1.643
2020-11-21 15:00,0.001,1.736
2020-11-21 16:00,0.018,2.942
2020-11-21 17:00,0.053,3.865
2020-11-21 18:00,0.084,4.405
2020-11-21 19:00,0.100,4.640
2020-11-21 20:00,0.198,5.750
2020-11-21 21:00,0.277,6.432
2020-11-21 22:00,0.311,6.699
2020-11-21 23:00,0.354,7.006
2020-11-22 00:00,0.285,6.495
2020-11-22 01:00,0.199,5.765
2020-11-22 02:00,0.297,6.583
2020-11-22 03:00,0.538,8.277
2020-11-22 04:00,0.706,9.555
2020-11-22 05:00,0.755,9.992
2020-11-22 06:00,0.778,10.228
2020-11-22 07:00,0.792,10.376
2020-11-22 08:00,0.799,10.454
2020-11-22 09:00,0.827,10.781
2020-11-22 10:00,0.862,11.260
2020-11-22 11:00,0.885,11.643
2020-11-22 12:00,0.884,11.623
2020-11-22 13:00,0.877,11.507
2020-11-22 14:00,0.867,11.332
2020-11-22 15:00,0.871,11.406
2020-11-22 16:00,0.882,11.589
2020-11-22 17:00,0.876,11.483
2020-11-22 18:00,0.863,11.290
2020-11-22 19:00,0.819,10.688
2020-11-22 20:00,0.741,9.863
2020-11-22 21:00,0.613,8.818
2020-11-22 22:00,0.469,7.812
2020-11-22 23:00,0.312,6.702
2020-11-23 00:00,0.217,5.928
2020-11-23 01:00,0.161,5.383
2020-11-23 02:00,0.146,5.220
2020-11-23 03:00,0.165,5.425
2020-11-23 04:00,0.205,5.821
2020-11-23 05:00,0.303,6.637
2020-11-23 06:00,0.497,8.000
2020-11-23 07:00,0.631,8.956
2020-11-23 08:00,0.682,9.351
2020-11-23 09:00,0.696,9.466
2020-11-23 10:00,0.665,9.212
2020-11-23 11:00,0.581,8.589
2020-11-23 12:00,0.470,7.819
2020-11-23 13:00,0.370,7.120
2020-11-23 14:00,0.276,6.420
2020-11-23 15:00,0.224,5.987
2020-11-23 16:00,0.192,5.691
2020-11-23 17:00,0.162,5.394
2020-11-23 18:00,0.140,5.156
2020-11-23 19:00,0.119,4.892
2020-11-23 20:00,0.107,4.739
2020-11-23 21:00,0.094,4.561
2020-11-23 22:00,0.077,4.295
2020-11-23 23:00,0.050,3.812
2020-11-24 00:00,0.028,3.284
2020-11-24 01:00,0.029,3.304
2020-11-24 02:00,0.032,3.392
2020-11-24 03:00,0.007,2.384
2020-11-24 04:00,0,1.261
2020-11-24 05:00,0,0.706
2020-11-24 06:00,0,1.082
2020-11-24 07:00,0.009,2.512
2020-11-24 08:00,0.018,2.946
2020-11-24 09:00,0.018,2.947
2020-11-24 10:00,0.014,2.773
2020-11-24 11:00,0.009,2.534
2020-11-24 12:00,0.020,3.002
2020-11-24 13:00,0.037,3.498
2020-11-24 14:00,0.036,3.479
2020-11-24 15:00,0.047,3.745
2020-11-24 16:00,0.073,4.239
2020-11-24 17:00,0.121,4.924
2020-11-24 18:00,0.184,5.621
2020-11-24 19:00,0.257,6.276
2020-11-24 20:00,0.333,6.857
2020-11-24 21:00,0.369,7.117
2020-11-24 22:00,0.372,7.135
2020-11-24 23:00,0.311,6.699
2020-11-25 00:00,0.231,6.045
2020-11-25 01:00,0.223,5.973
2020-11-25 02:00,0.197,5.745
2020-11-25 03:00,0.246,6.175
2020-11-25 04:00,0.309,6.681
2020-11-25 05:00,0.344,6.935
2020-11-25 06:00,0.400,7.336
2020-11-25 07:00,0.424,7.502
2020-11-25 08:00,0.426,7.509
2020-11-25 09:00,0.416,7.444
2020-11-25 10:00,0.397,7.318
2020-11-25 11:00,0.384,7.224
2020-11-25 12:00,0.339,6.907
2020-11-25 13:00,0.254,6.238
2020-11-25 14:00,0.174,5.513
2020-11-25 15:00,0.177,5.542
2020-11-25 16:00,0.246,6.173
2020-11-25 17:00,0.281,6.465
2020-11-25 18:00,0.257,6.270
2020-11-25 19:00,0.234,6.077
2020-11-25 20:00,0.222,5.963
2020-11-25 21:00,0.197,5.744
2020-11-25 22:00,0.162,5.396
2020-11-25 23:00,0.120,4.913
2020-11-26 00:00,0.087,4.457
2020-11-26 01:00,0.092,4.522
2020-11-26 02:00,0.096,4.591
2020-11-26 03:00,0.082,4.372
2020-11-26 04:00,0.071,4.191
2020-11-26 05:00,0.078,4.316
2020-11-26 06:00,0.096,4.592
2020-11-26 07:00,0.118,4.886
2020-11-26 08:00,0.138,5.128
2020-11-26 09:00,0.147,5.230
2020-11-26 10:00,0.140,5.146
2020-11-26 11:00,0.108,4.747
2020-11-26 12:00,0.069,4.170
2020-11-26 13:00,0.048,3.772
2020-11-26 14:00,0.038,3.535
2020-11-26 15:00,0.036,3.480
2020-11-26 16:00,0.054,3.883
2020-11-26 17:00,0.094,4.553
2020-11-26 18:00,0.142,5.178
2020-11-26 19:00,0.208,5.851
2020-11-26 20:00,0.333,6.850
2020-11-26 21:00,0.449,7.669
2020-11-26 22:00,0.520,8.160
2020-11-26 23:00,0.573,8.525
2020-11-27 00:00,0.620,8.872
2020-11-27 01:00,0.698,9.481
2020-11-27 02:00,0.803,10.504
2020-11-27 03:00,0.882,11.590
2020-11-27 04:00,0.906,12.062
2020-11-27 05:00,0.925,12.502
2020-11-27 06:00,0.951,13.270
2020-11-27 07:00,0.963,13.750
2020-11-27 08:00,0.968,13.996
2020-11-27 09:00,0.969,14.056
2020-11-27 10:00,0.965,13.831
2020-11-27 11:00,0.951,13.297
2020-11-27 12:00,0.934,12.740
2020-11-27 13:00,0.909,12.130
2020-11-27 14:00,0.868,11.360
2020-11-27 15:00,0.818,10.679
2020-11-27 16:00,0.749,9.935
2020-11-27 17:00,0.692,9.424
2020-11-27 18:00,0.712,9.604
2020-11-27 19:00,0.788,10.324
2020-11-27 20:00,0.872,11.436
2020-11-27 21:00,0.900,11.936
2020-11-27 22:00,0.881,11.573
2020-11-27 23:00,0.847,11.052
2020-11-28 00:00,0.825,10.754
2020-11-28 01:00,0.785,10.295
2020-11-28 02:00,0.756,10.008
2020-11-28 03:00,0.728,9.736
2020-11-28 04:00,0.672,9.269
2020-11-28 05:00,0.614,8.824
2020-11-28 06:00,0.577,8.551
2020-11-28 07:00,0.523,8.173
2020-11-28 08:00,0.525,8.192
2020-11-28 09:00,0.516,8.121
2020-11-28 10:00,0.461,7.753
2020-11-28 11:00,0.450,7.675
2020-11-28 12:00,0.420,7.478
2020-11-28 13:00,0.321,6.771
2020-11-28 14:00,0.225,5.997
2020-11-28 15:00,0.201,5.776
2020-11-28 16:00,0.201,5.777
2020-11-28 17:00,0.208,5.849
2020-11-28 18:00,0.262,6.318
2020-11-28 19:00,0.333,6.860
2020-11-28 20:00,0.394,7.299
2020-11-28 21:00,0.486,7.923
2020-11-28 22:00,0.562,8.441
2020-11-28 23:00,0.585,8.619
2020-11-29 00:00,0.592,8.662
2020-11-29 01:00,0.615,8.828
2020-11-29 02:00,0.663,9.200
2020-11-29 03:00,0.708,9.571
2020-11-29 04:00,0.745,9.897
2020-11-29 05:00,0.784,10.293
2020-11-29 06:00,0.815,10.636
2020-11-29 07:00,0.803,10.497
2020-11-29 08:00,0.786,10.307
2020-11-29 09:00,0.776,10.192
2020-11-29 10:00,0.764,10.076
2020-11-29 11:00,0.767,10.105
2020-11-29 12:00,0.784,10.285
2020-11-29 13:00,0.799,10.447
2020-11-29 14:00,0.805,10.521
2020-11-29 15:00,0.820,10.704
2020-11-29 16:00,0.834,10.869
2020-11-29 17:00,0.842,10.978
2020-11-29 18:00,0.838,10.932
2020-11-29 19:00,0.829,10.807
2020-11-29 20:00,0.818,10.679
2020-11-29 21:00,0.789,10.329
2020-11-29 22:00,0.729,9.758
2020-11-29 23:00,0.648,9.081
2020-11-30 00:00,0.661,9.170
2020-11-30 01:00,0.651,9.105
2020-11-30 02:00,0.619,8.861
2020-11-30 03:00,0.609,8.783
2020-11-30 04:00,0.619,8.866
2020-11-30 05:00,0.629,8.934
2020-11-30 06:00,0.613,8.820
2020-11-30 07:00,0.588,8.638
2020-11-30 08:00,0.610,8.792
2020-11-30 09:00,0.622,8.886
2020-11-30 10:00,0.606,8.766
2020-11-30 11:00,0.542,8.306
2020-11-30 12:00,0.468,7.802
2020-11-30 13:00,0.374,7.156
2020-11-30 14:00,0.291,6.546
2020-11-30 15:00,0.240,6.133
2020-11-30 16:00,0.207,5.833
2020-11-30 17:00,0.195,5.729
2020-11-30 18:00,0.206,5.825
2020-11-30 19:00,0.224,5.983
2020-11-30 20:00,0.210,5.862
2020-11-30 21:00,0.176,5.528
2020-11-30 22:00,0.146,5.223
2020-11-30 23:00,0.120,4.907
2020-12-01 00:00,0.070,4.187
2020-12-01 01:00,0.039,3.560
2020-12-01 02:00,0.031,3.349
2020-12-01 03:00,0.037,3.497
2020-12-01 04:00,0.032,3.380
2020-12-01 05:00,0.034,3.427
2020-12-01 06:00,0.043,3.662
2020-12-01 07:00,0.059,3.987
2020-12-01 08:00,0.080,4.354
2020-12-01 09:00,0.106,4.728
2020-12-01 10:00,0.108,4.755
2020-12-01 11:00,0.103,4.686
2020-12-01 12:00,0.094,4.565
2020-12-01 13:00,0.082,4.367
2020-12-01 14:00,0.063,4.064
2020-12-01 15:00,0.057,3.938
2020-12-01 16:00,0.069,4.149
2020-12-01 17:00,0.092,4.523
2020-12-01 18:00,0.107,4.741
2020-12-01 19:00,0.101,4.653
2020-12-01 20:00,0.084,4.402
2020-12-01 21:00,0.065,4.087
2020-12-01 22:00,0.050,3.800
2020-12-01 23:00,0.039,3.558
2020-12-02 00:00,0.022,3.098
2020-12-02 01:00,0.012,2.698
2020-12-02 02:00,0.020,3.026
2020-12-02 03:00,0.035,3.466
2020-12-02 04:00,0.047,3.750
2020-12-02 05:00,0.049,3.792
2020-12-02 06:00,0.072,4.214
2020-12-02 07:00,0.143,5.181
2020-12-02 08:00,0.317,6.731
2020-12-02 09:00,0.446,7.649
2020-12-02 10:00,0.426,7.518
2020-12-02 11:00,0.374,7.150
2020-12-02 12:00,0.311,6.699
2020-12-02 13:00,0.282,6.471
2020-12-02 14:00,0.327,6.819
2020-12-02 15:00,0.457,7.732
2020-12-02 16:00,0.594,8.680
2020-12-02 17:00,0.683,9.358
2020-12-02 18:00,0.734,9.799
2020-12-02 19:00,0.777,10.205
2020-12-02 20:00,0.792,10.375
2020-12-02 21:00,0.796,10.415
2020-12-02 22:00,0.781,10.261
2020-12-02 23:00,0.752,9.956
2020-12-03 00:00,0.777,10.213
2020-12-03 01:00,0.807,10.539
2020-12-03 02:00,0.816,10.646
2020-12-03 03:00,0.810,10.573
2020-12-03 04:00,0.785,10.304
2020-12-03 05:00,0.752,9.959
2020-12-03 06:00,0.732,9.784
2020-12-03 07:00,0.729,9.748
2020-12-03 08:00,0.767,10.102
2020-12-03 09:00,0.749,9.935
2020-12-03 10:00,0.665,9.218
2020-12-03 11:00,0.552,8.381
2020-12-03 12:00,0.494,7.981
2020-12-03 13:00,0.432,7.558
2020-12-03 14:00,0.309,6.680
2020-12-03 15:00,0.197,5.747
2020-12-03 16:00,0.151,5.274
2020-12-03 17:00,0.141,5.163
2020-12-03 18:00,0.139,5.133
2020-12-03 19:00,0.127,4.994
2020-12-03 20:00,0.145,5.209
2020-12-03 21:00,0.146,5.213
2020-12-03 22:00,0.127,4.993
2020-12-03 23:00,0.102,4.656
2020-12-04 00:00,0.078,4.320
2020-12-04 01:00,0.082,4.367
2020-12-04 02:00,0.114,4.833
2020-12-04 03:00,0.123,4.941
2020-12-04 04:00,0.182,5.601
2020-12-04 05:00,0.270,6.375
2020-12-04 06:00,0.407,7.382
2020-12-04 07:00,0.525,8.197
2020-12-04 08:00,0.666,9.225
2020-12-04 09:00,0.748,9.920
2020-12-04 10:00,0.773,10.179
2020-12-04 11:00,0.789,10.337
2020-12-04 12:00,0.804,10.508
2020-12-04 13:00,0.819,10.690
2020-12-04 14:00,0.834,10.880
2020-12-04 15:00,0.840,10.956
2020-12-04 16:00,0.842,10.980
2020-12-04 17:00,0.841,10.970
2020-12-04 18:00,0.836,10.894
2020-12-04 19:00,0.820,10.701
2020-12-04 20:00,0.804,10.505
2020-12-04 21:00,0.775,10.188
2020-12-04 22:00,0.734,9.797
2020-12-04 23:00,0.637,8.998
2020-12-05 00:00,0.609,8.790
2020-12-05 01:00,0.623,8.893
2020-12-05 02:00,0.588,8.639
2020-12-05 03:00,0.480,7.890
2020-12-05 04:00,0.371,7.131
2020-12-05 05:00,0.268,6.363
2020-12-05 06:00,0.172,5.502
2020-12-05 07:00,0.132,5.047
2020-12-05 08:00,0.127,5.001
2020-12-05 09:00,0.157,5.343
2020-12-05 10:00,0.224,5.982
2020-12-05 11:00,0.276,6.420
2020-12-05 12:00,0.290,6.540
2020-12-05 13:00,0.320,6.755
2020-12-05 14:00,0.370,7.124
2020-12-05 15:00,0.430,7.543
2020-12-05 16:00,0.497,7.999
2020-12-05 17:00,0.561,8.437
2020-12-05 18:00,0.616,8.839
2020-12-05 19:00,0.647,9.071
2020-12-05 20:00,0.633,8.971
2020-12-05 21:00,0.572,8.517
2020-12-05 22:00,0.513,8.102
2020-12-05 23:00,0.420,7.475
2020-12-06 00:00,0.341,6.914
2020-12-06 01:00,0.293,6.562
2020-12-06 02:00,0.212,5.882
2020-12-06 03:00,0.166,5.431
2020-12-06 04:00,0.152,5.275
2020-12-06 05:00,0.179,5.559
2020-12-06 06:00,0.229,6.036
2020-12-06 07:00,0.319,6.752
2020-12-06 08:00,0.387,7.239
2020-12-06 09:00,0.378,7.183
2020-12-06 10:00,0.373,7.143
2020-12-06 11:00,0.395,7.303
2020-12-06 12:00,0.419,7.470
2020-12-06 13:00,0.442,7.621
2020-12-06 14:00,0.486,7.923
2020-12-06 15:00,0.551,8.376
2020-12-06 16:00,0.594,8.674
2020-12-06 17:00,0.619,8.867
2020-12-06 18:00,0.631,8.956
2020-12-06 19:00,0.612,8.809
2020-12-06 20:00,0.564,8.468
2020-12-06 21:00,0.520,8.149
2020-12-06 22:00,0.491,7.959
2020-12-06 23:00,0.416,7.440
2020-12-07 00:00,0.287,6.512
2020-12-07 01:00,0.198,5.758
2020-12-07 02:00,0.227,6.017
2020-12-07 03:00,0.281,6.457
2020-12-07 04:00,0.370,7.127
2020-12-07 05:00,0.499,8.017
2020-12-07 06:00,0.616,8.838
2020-12-07 07:00,0.692,9.422
2020-12-07 08:00,0.789,10.333
2020-12-07 09:00,0.813,10.599
2020-12-07 10:00,0.811,10.585
2020-12-07 11:00,0.811,10.581
2020-12-07 12:00,0.792,10.366
2020-12-07 13:00,0.775,10.197
2020-12-07 14:00,0.748,9.918
2020-12-07 15:00,0.767,10.119
2020-12-07 16:00,0.809,10.570
2020-12-07 17:00,0.813,10.606
2020-12-07 18:00,0.795,10.400
2020-12-07 19:00,0.777,10.213
2020-12-07 20:00,0.758,10.029
2020-12-07 21:00,0.731,9.772
2020-12-07 22:00,0.694,9.440
2020-12-07 23:00,0.641,9.024
2020-12-08 00:00,0.536,8.272
2020-12-08 01:00,0.400,7.333
2020-12-08 02:00,0.299,6.602
2020-12-08 03:00,0.227,6.012
2020-12-08 04:00,0.182,5.596
2020-12-08 05:00,0.148,5.236
2020-12-08 06:00,0.130,5.028
2020-12-08 07:00,0.129,5.020
2020-12-08 08:00,0.147,5.225
2020-12-08 09:00,0.165,5.428
2020-12-08 10:00,0.194,5.704
2020-12-08 11:00,0.205,5.814
2020-12-08 12:00,0.194,5.703
2020-12-08 13:00,0.161,5.384
2020-12-08 14:00,0.142,5.170
2020-12-08 15:00,0.116,4.856
2020-12-08 16:00,0.107,4.744
2020-12-08 17:00,0.129,5.018
2020-12-08 18:00,0.126,4.984
2020-12-08 19:00,0.093,4.538
2020-12-08 20:00,0.063,4.067
2020-12-08 21:00,0.037,3.500
2020-12-08 22:00,0.028,3.266
2020-12-08 23:00,0.024,3.166
2020-12-09 00:00,0.014,2.789
2020-12-09 01:00,0.004,2.102
2020-12-09 02:00,0.009,2.496
2020-12-09 03:00,0.027,3.235
2020-12-09 04:00,0.033,3.421
2020-12-09 05:00,0.030,3.318
2020-12-09 06:00,0.033,3.420
2020-12-09 07:00,0.058,3.956
2020-12-09 08:00,0.101,4.648
2020-12-09 09:00,0.073,4.237
2020-12-09 10:00,0.020,3.002
2020-12-09 11:00,0.012,2.673
2020-12-09 12:00,0.018,2.948
2020-12-09 13:00,0.044,3.668
2020-12-09 14:00,0.063,4.065
2020-12-09 15:00,0.064,4.082
2020-12-09 16:00,0.060,4.010
2020-12-09 17:00,0.064,4.084
2020-12-09 18:00,0.077,4.291
2020-12-09 19:00,0.088,4.469
2020-12-09 20:00,0.109,4.768
2020-12-09 21:00,0.144,5.190
2020-12-09 22:00,0.199,5.763
2020-12-09 23:00,0.225,6.002
2020-12-10 00:00,0.177,5.539
2020-12-10 01:00,0.176,5.532
2020-12-10 02:00,0.190,5.680
2020-12-10 03:00,0.202,5.782
2020-12-10 04:00,0.195,5.727
2020-12-10 05:00,0.189,5.668
2020-12-10 06:00,0.181,5.587
2020-12-10 07:00,0.228,6.023
2020-12-10 08:00,0.295,6.575
2020-12-10 09:00,0.317,6.735
2020-12-10 10:00,0.291,6.546
2020-12-10 11:00,0.266,6.345
2020-12-10 12:00,0.270,6.373
2020-12-10 13:00,0.302,6.626
2020-12-10 14:00,0.352,6.991
2020-12-10 15:00,0.413,7.422
2020-12-10 16:00,0.456,7.725
2020-12-10 17:00,0.520,8.158
2020-12-10 18:00,0.587,8.629
2020-12-10 19:00,0.584,8.605
2020-12-10 20:00,0.523,8.182
2020-12-10 21:00,0.461,7.754
2020-12-10 22:00,0.320,6.756
2020-12-10 23:00,0.221,5.951
2020-12-11 00:00,0.181,5.581
2020-12-11 01:00,0.206,5.827
2020-12-11 02:00,0.285,6.487
2020-12-11 03:00,0.305,6.649
2020-12-11 04:00,0.281,6.465
2020-12-11 05:00,0.247,6.185
2020-12-11 06:00,0.283,6.475
2020-12-11 07:00,0.382,7.214
2020-12-11 08:00,0.406,7.377
2020-12-11 09:00,0.376,7.166
2020-12-11 10:00,0.293,6.564
2020-12-11 11:00,0.211,5.878
2020-12-11 12:00,0.195,5.727
2020-12-11 13:00,0.243,6.157
2020-12-11 14:00,0.299,6.600
2020-12-11 15:00,0.374,7.155
2020-12-11 16:00,0.480,7.887
2020-12-11 17:00,0.581,8.582
2020-12-11 18:00,0.642,9.027
2020-12-11 19:00,0.694,9.439
2020-12-11 20:00,0.739,9.831
2020-12-11 21:00,0.734,9.803
2020-12-11 22:00,0.719,9.660
2020-12-11 23:00,0.666,9.224
2020-12-12 00:00,0.625,8.908
2020-12-12 01:00,0.706,9.552
2020-12-12 02:00,0.721,9.682
2020-12-12 03:00,0.713,9.614
2020-12-12 04:00,0.697,9.473
2020-12-12 05:00,0.697,9.475
2020-12-12 06:00,0.702,9.508
2020-12-12 07:00,0.692,9.420
2020-12-12 08:00,0.707,9.561
2020-12-12 09:00,0.705,9.543
2020-12-12 10:00,0.681,9.347
2020-12-12 11:00,0.627,8.917
2020-12-12 12:00,0.578,8.563
2020-12-12 13:00,0.606,8.757
2020-12-12 14:00,0.651,9.105
2020-12-12 15:00,0.645,9.055
2020-12-12 16:00,0.611,8.795
2020-12-12 17:00,0.600,8.725
2020-12-12 18:00,0.568,8.488
2020-12-12 19:00,0.502,8.036
2020-12-12 20:00,0.325,6.804
2020-12-12 21:00,0.167,5.445
2020-12-12 22:00,0.066,4.109
2020-12-12 23:00,0.029,3.308
2020-12-13 00:00,0.050,3.802
2020-12-13 01:00,0.183,5.606
2020-12-13 02:00,0.498,8.003
2020-12-13 03:00,0.806,10.537
2020-12-13 04:00,0.934,12.728
2020-12-13 05:00,0.963,13.783
2020-12-13 06:00,0.970,14.078
2020-12-13 07:00,0.973,14.271
2020-12-13 08:00,0.982,14.902
2020-12-13 09:00,0.982,14.885
2020-12-13 10:00,0.979,14.681
2020-12-13 11:00,0.976,14.468
2020-12-13 12:00,0.976,14.487
2020-12-13 13:00,0.965,13.830
2020-12-13 14:00,0.951,13.288
2020-12-13 15:00,0.941,12.930
2020-12-13 16:00,0.931,12.663
2020-12-13 17:00,0.933,12.711
2020-12-13 18:00,0.935,12.753
2020-12-13 19:00,0.936,12.782
2020-12-13 20:00,0.933,12.701
2020-12-13 21:00,0.919,12.359
2020-12-13 22:00,0.909,12.126
2020-12-13 23:00,0.912,12.183
2020-12-14 00:00,0.914,12.238
2020-12-14 01:00,0.913,12.213
2020-12-14 02:00,0.912,12.176
2020-12-14 03:00,0.902,11.966
2020-12-14 04:00,0.887,11.685
2020-12-14 05:00,0.877,11.502
2020-12-14 06:00,0.879,11.529
2020-12-14 07:00,0.888,11.704
2020-12-14 08:00,0.902,11.977
2020-12-14 09:00,0.907,12.083
2020-12-14 10:00,0.907,12.069
2020-12-14 11:00,0.913,12.219
2020-12-14 12:00,0.922,12.430
2020-12-14 13:00,0.926,12.510
2020-12-14 14:00,0.922,12.406
2020-12-14 15:00,0.920,12.370
2020-12-14 16:00,0.922,12.429
2020-12-14 17:00,0.922,12.421
2020-12-14 18:00,0.920,12.374
2020-12-14 19:00,0.914,12.240
2020-12-14 20:00,0.908,12.102
2020-12-14 21:00,0.893,11.797
2020-12-14 22:00,0.871,11.408
2020-12-14 23:00,0.854,11.145
2020-12-15 00:00,0.847,11.046
2020-12-15 01:00,0.833,10.863
2020-12-15 02:00,0.830,10.820
2020-12-15 03:00,0.831,10.827
2020-12-15 04:00,0.830,10.825
2020-12-15 05:00,0.841,10.969
2020-12-15 06:00,0.853,11.124
2020-12-15 07:00,0.868,11.361
2020-12-15 08:00,0.880,11.560
2020-12-15 09:00,0.876,11.491
2020-12-15 10:00,0.853,11.142
2020-12-15 11:00,0.848,11.064
2020-12-15 12:00,0.853,11.131
2020-12-15 13:00,0.859,11.221
2020-12-15 14:00,0.863,11.276
2020-12-15 15:00,0.869,11.376
2020-12-15 16:00,0.870,11.392
2020-12-15 17:00,0.863,11.280
2020-12-15 18:00,0.855,11.163
2020-12-15 19:00,0.855,11.166
2020-12-15 20:00,0.860,11.235
2020-12-15 21:00,0.866,11.326
2020-12-15 22:00,0.875,11.477
2020-12-15 23:00,0.887,11.691
2020-12-16 00:00,0.917,12.312
2020-12-16 01:00,0.938,12.853
2020-12-16 02:00,0.953,13.350
2020-12-16 03:00,0.959,13.573
2020-12-16 04:00,0.957,13.499
2020-12-16 05:00,0.948,13.177
2020-12-16 06:00,0.937,12.813
2020-12-16 07:00,0.923,12.440
2020-12-16 08:00,0.901,11.957
2020-12-16 09:00,0.874,11.459
2020-12-16 10:00,0.854,11.146
2020-12-16 11:00,0.828,10.804
2020-12-16 12:00,0.803,10.491
2020-12-16 13:00,0.772,10.158
2020-12-16 14:00,0.742,9.877
2020-12-16 15:00,0.737,9.822
2020-12-16 16:00,0.747,9.914
2020-12-16 17:00,0.768,10.120
2020-12-16 18:00,0.793,10.384
2020-12-16 19:00,0.803,10.490
2020-12-16 20:00,0.804,10.512
2020-12-16 21:00,0.789,10.330
2020-12-16 22:00,0.764,10.078
2020-12-16 23:00,0.716,9.638
2020-12-17 00:00,0.700,9.501
2020-12-17 01:00,0.683,9.362
2020-12-17 02:00,0.683,9.361
2020-12-17 03:00,0.675,9.298
2020-12-17 04:00,0.653,9.120
2020-12-17 05:00,0.642,9.028
2020-12-17 06:00,0.671,9.257
2020-12-17 07:00,0.733,9.791
2020-12-17 08:00,0.758,10.026
2020-12-17 09:00,0.760,10.049
2020-12-17 10:00,0.731,9.775
2020-12-17 11:00,0.693,9.436
2020-12-17 12:00,0.655,9.137
2020-12-17 13:00,0.632,8.960
2020-12-17 14:00,0.630,8.944
2020-12-17 15:00,0.654,9.126
2020-12-17 16:00,0.697,9.471
2020-12-17 17:00,0.726,9.728
2020-12-17 18:00,0.733,9.786
2020-12-17 19:00,0.719,9.652
2020-12-17 20:00,0.715,9.630
2020-12-17 21:00,0.695,9.454
2020-12-17 22:00,0.700,9.498
2020-12-17 23:00,0.713,9.611
2020-12-18 00:00,0.679,9.327
2020-12-18 01:00,0.657,9.145
2020-12-18 02:00,0.714,9.620
2020-12-18 03:00,0.777,10.211
2020-12-18 04:00,0.818,10.675
2020-12-18 05:00,0.845,11.018
2020-12-18 06:00,0.855,11.172
2020-12-18 07:00,0.848,11.069
2020-12-18 08:00,0.841,10.970
2020-12-18 09:00,0.834,10.872
2020-12-18 10:00,0.829,10.810
2020-12-18 11:00,0.822,10.718
2020-12-18 12:00,0.804,10.507
2020-12-18 13:00,0.766,10.098
2020-12-18 14:00,0.706,9.548
2020-12-18 15:00,0.665,9.218
2020-12-18 16:00,0.658,9.149
2020-12-18 17:00,0.662,9.184
2020-12-18 18:00,0.676,9.301
2020-12-18 19:00,0.702,9.516
2020-12-18 20:00,0.723,9.701
2020-12-18 21:00,0.718,9.658
2020-12-18 22:00,0.716,9.636
2020-12-18 23:00,0.713,9.612
2020-12-19 00:00,0.710,9.584
2020-12-19 01:00,0.746,9.901
2020-12-19 02:00,0.780,10.244
2020-12-19 03:00,0.779,10.239
2020-12-19 04:00,0.772,10.158
2020-12-19 05:00,0.766,10.096
2020-12-19 06:00,0.775,10.197
2020-12-19 07:00,0.792,10.375
2020-12-19 08:00,0.806,10.529
2020-12-19 09:00,0.814,10.620
2020-12-19 10:00,0.811,10.586
2020-12-19 11:00,0.803,10.494
2020-12-19 12:00,0.792,10.365
2020-12-19 13:00,0.792,10.377
2020-12-19 14:00,0.808,10.561
2020-12-19 15:00,0.824,10.752
2020-12-19 16:00,0.833,10.854
2020-12-19 17:00,0.824,10.736
2020-12-19 18:00,0.806,10.527
2020-12-19 19:00,0.789,10.335
2020-12-19 20:00,0.767,10.112
2020-12-19 21:00,0.739,9.848
2020-12-19 22:00,0.700,9.500
2020-12-19 23:00,0.618,8.855
2020-12-20 00:00,0.562,8.445
2020-12-20 01:00,0.505,8.052
2020-12-20 02:00,0.504,8.044
2020-12-20 03:00,0.546,8.338
2020-12-20 04:00,0.576,8.545
2020-12-20 05:00,0.604,8.742
2020-12-20 06:00,0.649,9.093
2020-12-20 07:00,0.700,9.495
2020-12-20 08:00,0.739,9.834
2020-12-20 09:00,0.767,10.116
2020-12-20 10:00,0.784,10.291
2020-12-20 11:00,0.793,10.383
2020-12-20 12:00,0.797,10.431
2020-12-20 13:00,0.801,10.472
2020-12-20 14:00,0.815,10.640
2020-12-20 15:00,0.835,10.881
2020-12-20 16:00,0.839,10.944
2020-12-20 17:00,0.827,10.785
2020-12-20 18:00,0.803,10.493
2020-12-20 19:00,0.772,10.158
2020-12-20 20:00,0.742,9.869
2020-12-20 21:00,0.699,9.484
2020-12-20 22:00,0.665,9.213
2020-12-20 23:00,0.618,8.858
2020-12-21 00:00,0.537,8.273
2020-12-21 01:00,0.544,8.317
2020-12-21 02:00,0.523,8.176
2020-12-21 03:00,0.496,7.989
2020-12-21 04:00,0.486,7.923
2020-12-21 05:00,0.503,8.043
2020-12-21 06:00,0.527,8.206
2020-12-21 07:00,0.542,8.310
2020-12-21 08:00,0.549,8.355
2020-12-21 09:00,0.553,8.389
2020-12-21 10:00,0.539,8.283
2020-12-21 11:00,0.516,8.123
2020-12-21 12:00,0.507,8.069
2020-12-21 13:00,0.527,8.208
2020-12-21 14:00,0.577,8.549
2020-12-21 15:00,0.626,8.911
2020-12-21 16:00,0.658,9.154
2020-12-21 17:00,0.677,9.309
2020-12-21 18:00,0.685,9.375
2020-12-21 19:00,0.678,9.315
2020-12-21 20:00,0.655,9.133
2020-12-21 21:00,0.612,8.813
2020-12-21 22:00,0.572,8.514
2020-12-21 23:00,0.516,8.128
2020-12-22 00:00,0.463,7.766
2020-12-22 01:00,0.497,7.999
2020-12-22 02:00,0.574,8.532
2020-12-22 03:00,0.612,8.800
2020-12-22 04:00,0.618,8.856
2020-12-22 05:00,0.649,9.093
2020-12-22 06:00,0.697,9.474
2020-12-22 07:00,0.739,9.845
2020-12-22 08:00,0.750,9.941
2020-12-22 09:00,0.704,9.531
2020-12-22 10:00,0.612,8.806
2020-12-22 11:00,0.526,8.199
2020-12-22 12:00,0.497,7.993
2020-12-22 13:00,0.489,7.947
2020-12-22 14:00,0.479,7.881
2020-12-22 15:00,0.497,7.996
2020-12-22 16:00,0.487,7.934
2020-12-22 17:00,0.448,7.657
2020-12-22 18:00,0.476,7.851
2020-12-22 19:00,0.523,8.178
2020-12-22 20:00,0.524,8.191
2020-12-22 21:00,0.483,7.910
2020-12-22 22:00,0.439,7.608
2020-12-22 23:00,0.367,7.106
2020-12-23 00:00,0.270,6.375
2020-12-23 01:00,0.271,6.388
2020-12-23 02:00,0.357,7.037
2020-12-23 03:00,0.369,7.116
2020-12-23 04:00,0.373,7.139
2020-12-23 05:00,0.448,7.658
2020-12-23 06:00,0.567,8.484
2020-12-23 07:00,0.714,9.625
2020-12-23 08:00,0.725,9.715
2020-12-23 09:00,0.676,9.303
2020-12-23 10:00,0.612,8.813
2020-12-23 11:00,0.647,9.078
2020-12-23 12:00,0.700,9.501
2020-12-23 13:00,0.723,9.699
2020-12-23 14:00,0.742,9.871
2020-12-23 15:00,0.733,9.786
2020-12-23 16:00,0.775,10.198
2020-12-23 17:00,0.785,10.301
2020-12-23 18:00,0.811,10.586
2020-12-23 19:00,0.821,10.708
2020-12-23 20:00,0.824,10.736
2020-12-23 21:00,0.806,10.537
2020-12-23 22:00,0.777,10.211
2020-12-23 23:00,0.726,9.723
2020-12-24 00:00,0.669,9.237
2020-12-24 01:00,0.694,9.447
2020-12-24 02:00,0.804,10.509
2020-12-24 03:00,0.874,11.457
2020-12-24 04:00,0.916,12.273
2020-12-24 05:00,0.939,12.872
2020-12-24 06:00,0.940,12.917
2020-12-24 07:00,0.932,12.672
2020-12-24 08:00,0.924,12.481
2020-12-24 09:00,0.916,12.286
2020-12-24 10:00,0.905,12.040
2020-12-24 11:00,0.892,11.759
2020-12-24 12:00,0.884,11.632
2020-12-24 13:00,0.874,11.453
2020-12-24 14:00,0.868,11.366
2020-12-24 15:00,0.882,11.579
2020-12-24 16:00,0.898,11.891
2020-12-24 17:00,0.918,12.323
2020-12-24 18:00,0.931,12.654
2020-12-24 19:00,0.932,12.670
2020-12-24 20:00,0.923,12.455
2020-12-24 21:00,0.907,12.074
2020-12-24 22:00,0.887,11.671
2020-12-24 23:00,0.848,11.061
2020-12-25 00:00,0.868,11.351
2020-12-25 01:00,0.889,11.722
2020-12-25 02:00,0.901,11.962
2020-12-25 03:00,0.900,11.935
2020-12-25 04:00,0.895,11.845
2020-12-25 05:00,0.893,11.795
2020-12-25 06:00,0.887,11.675
2020-12-25 07:00,0.871,11.401
2020-12-25 08:00,0.841,10.975
2020-12-25 09:00,0.789,10.342
2020-12-25 10:00,0.719,9.651
2020-12-25 11:00,0.658,9.157
2020-12-25 12:00,0.622,8.888
2020-12-25 13:00,0.593,8.667
2020-12-25 14:00,0.571,8.508
2020-12-25 15:00,0.591,8.657
2020-12-25 16:00,0.628,8.926
2020-12-25 17:00,0.637,9.000
2020-12-25 18:00,0.609,8.791
2020-12-25 19:00,0.598,8.706
2020-12-25 20:00,0.619,8.864
2020-12-25 21:00,0.630,8.946
2020-12-25 22:00,0.625,8.905
2020-12-25 23:00,0.586,8.624
2020-12-26 00:00,0.488,7.944
2020-12-26 01:00,0.479,7.870
2020-12-26 02:00,0.490,7.952
2020-12-26 03:00,0.499,8.015
2020-12-26 04:00,0.484,7.913
2020-12-26 05:00,0.461,7.754
2020-12-26 06:00,0.480,7.887
2020-12-26 07:00,0.506,8.067
2020-12-26 08:00,0.480,7.889
2020-12-26 09:00,0.473,7.831
2020-12-26 10:00,0.410,7.410
2020-12-26 11:00,0.265,6.332
2020-12-26 12:00,0.176,5.530
2020-12-26 13:00,0.142,5.169
2020-12-26 14:00,0.139,5.142
2020-12-26 15:00,0.117,4.867
2020-12-26 16:00,0.087,4.459
2020-12-26 17:00,0.084,4.396
2020-12-26 18:00,0.102,4.676
2020-12-26 19:00,0.131,5.035
2020-12-26 20:00,0.145,5.204
2020-12-26 21:00,0.126,4.979
2020-12-26 22:00,0.081,4.356
2020-12-26 23:00,0.040,3.578
2020-12-27 00:00,0.013,2.705
2020-12-27 01:00,0.003,1.960
2020-12-27 02:00,0.001,1.730
2020-12-27 03:00,0.004,2.091
2020-12-27 04:00,0.008,2.470
2020-12-27 05:00,0.022,3.102
2020-12-27 06:00,0.052,3.849
2020-12-27 07:00,0.085,4.421
2020-12-27 08:00,0.095,4.574
2020-12-27 09:00,0.109,4.764
2020-12-27 10:00,0.138,5.127
2020-12-27 11:00,0.173,5.510
2020-12-27 12:00,0.197,5.739
2020-12-27 13:00,0.216,5.920
2020-12-27 14:00,0.247,6.186
2020-12-27 15:00,0.283,6.475
2020-12-27 16:00,0.319,6.747
2020-12-27 17:00,0.370,7.125
2020-12-27 18:00,0.454,7.712
2020-12-27 19:00,0.551,8.376
2020-12-27 20:00,0.609,8.788
2020-12-27 21:00,0.584,8.611
2020-12-27 22:00,0.517,8.139
2020-12-27 23:00,0.416,7.450
2020-12-28 00:00,0.257,6.267
2020-12-28 01:00,0.174,5.517
2020-12-28 02:00,0.122,4.931
2020-12-28 03:00,0.094,4.553
2020-12-28 04:00,0.064,4.069
2020-12-28 05:00,0.033,3.417
2020-12-28 06:00,0.015,2.805
2020-12-28 07:00,0.008,2.432
2020-12-28 08:00,0.002,1.847
2020-12-28 09:00,0.001,1.616
2020-12-28 10:00,0,0.807
2020-12-28 11:00,0,0.653
2020-12-28 12:00,0,1.058
2020-12-28 13:00,0.004,2.159
2020-12-28 14:00,0.038,3.538
2020-12-28 15:00,0.098,4.612
2020-12-28 16:00,0.192,5.695
2020-12-28 17:00,0.320,6.753
2020-12-28 18:00,0.416,7.442
2020-12-28 19:00,0.418,7.462
2020-12-28 20:00,0.327,6.821
2020-12-28 21:00,0.212,5.882
2020-12-28 22:00,0.129,5.015
2020-12-28 23:00,0.078,4.321
2020-12-29 00:00,0.042,3.634
2020-12-29 01:00,0.033,3.416
2020-12-29 02:00,0.061,4.023
2020-12-29 03:00,0.064,4.080
2020-12-29 04:00,0.148,5.236
2020-12-29 05:00,0.204,5.808
2020-12-29 06:00,0.246,6.170
2020-12-29 07:00,0.315,6.725
2020-12-29 08:00,0.445,7.639
2020-12-29 09:00,0.597,8.696
2020-12-29 10:00,0.600,8.721
2020-12-29 11:00,0.562,8.444
2020-12-29 12:00,0.612,8.806
2020-12-29 13:00,0.791,10.363
2020-12-29 14:00,0.897,11.868
2020-12-29 15:00,0.935,12.763
2020-12-29 16:00,0.950,13.255
2020-12-29 17:00,0.962,13.723
2020-12-29 18:00,0.981,14.819
2020-12-29 19:00,0.990,15.788
2020-12-29 20:00,0.992,16.307
2020-12-29 21:00,0.993,16.785
2020-12-29 22:00,0.993,17.288
2020-12-29 23:00,0.990,17.827
2020-12-30 00:00,0.984,18.522
2020-12-30 01:00,0.982,18.695
2020-12-30 02:00,0.987,18.254
2020-12-30 03:00,0.991,17.747
2020-12-30 04:00,0.993,17.169
2020-12-30 05:00,0.993,16.641
2020-12-30 06:00,0.991,15.996
2020-12-30 07:00,0.988,15.589
2020-12-30 08:00,0.987,15.469
2020-12-30 09:00,0.988,15.493
2020-12-30 10:00,0.989,15.728
2020-12-30 11:00,0.989,15.743
2020-12-30 12:00,0.989,15.679
2020-12-30 13:00,0.986,15.347
2020-12-30 14:00,0.981,14.839
2020-12-30 15:00,0.975,14.398
2020-12-30 16:00,0.967,13.961
2020-12-30 17:00,0.959,13.584
2020-12-30 18:00,0.945,13.063
2020-12-30 19:00,0.932,12.672
2020-12-30 20:00,0.921,12.395
2020-12-30 21:00,0.916,12.289
2020-12-30 22:00,0.919,12.333
2020-12-30 23:00,0.924,12.468
2020-12-31 00:00,0.940,12.896
2020-12-31 01:00,0.950,13.235
2020-12-31 02:00,0.960,13.625
2020-12-31 03:00,0.968,14.025
2020-12-31 04:00,0.968,14.029
2020-12-31 05:00,0.959,13.611
2020-12-31 06:00,0.933,12.703
2020-12-31 07:00,0.883,11.600
2020-12-31 08:00,0.811,10.588
2020-12-31 09:00,0.783,10.281
2020-12-31 10:00,0.811,10.591
2020-12-31 11:00,0.845,11.008
2020-12-31 12:00,0.863,11.279
2020-12-31 13:00,0.878,11.509
2020-12-31 14:00,0.898,11.896
2020-12-31 15:00,0.915,12.245
2020-12-31 16:00,0.920,12.379
2020-12-31 17:00,0.916,12.288
2020-12-31 18:00,0.900,11.929
2020-12-31 19:00,0.880,11.559
2020-12-31 20:00,0.848,11.065
2020-12-31 21:00,0.768,10.122
2020-12-31 22:00,0.659,9.163
2020-12-31 23:00,0.550,8.369
