# Renewables.ninja Wind power (Point API) - 35.600, 126.300 - Version: 1.4 - License: https://creativecommons.org/licenses/by-nc/4.0/ - Reference: https://doi.org/10.1016/j.energy.2016.08.068
# Units: time in UTC, electricity in kW, wind_speed in m/s
# {"units": {"time": "UTC", "electricity": "kW", "wind_speed": "m/s"}, "params": {"lat": "35.6", "lon": "126.3", "date_from": "2021-01-01", "date_to": "2021-12-31", "dataset": "merra2", "capacity": "1", "height": "140", "turbine": "Vestas V164 8000", "header": "true", "raw": "true"}}
time,electricity,wind_speed
2021-01-01 00:00,0.229,6.559
2021-01-01 01:00,0.251,6.751
2021-01-01 02:00,0.310,7.257
2021-01-01 03:00,0.383,7.832
2021-01-01 04:00,0.444,8.287
2021-01-01 05:00,0.465,8.438
2021-01-01 06:00,0.462,8.417
2021-01-01 07:00,0.457,8.391
2021-01-01 08:00,0.454,8.366
2021-01-01 09:00,0.413,8.063
2021-01-01 10:00,0.346,7.553
2021-01-01 11:00,0.283,7.041
2021-01-01 12:00,0.225,6.529
2021-01-01 13:00,0.190,6.171
2021-01-01 14:00,0.172,5.987
2021-01-01 15:00,0.182,6.092
2021-01-01 16:00,0.209,6.364
2021-01-01 17:00,0.258,6.824
2021-01-01 18:00,0.328,7.400
2021-01-01 19:00,0.368,7.724
2021-01-01 20:00,0.402,7.982
2021-01-01 21:00,0.407,8.018
2021-01-01 22:00,0.410,8.039
2021-01-01 23:00,0.403,7.986
2021-01-02 00:00,0.380,7.814
2021-01-02 01:00,0.333,7.449
2021-01-02 02:00,0.280,7.012
2021-01-02 03:00,0.270,6.933
2021-01-02 04:00,0.299,7.174
2021-01-02 05:00,0.330,7.428
2021-01-02 06:00,0.342,7.512
2021-01-02 07:00,0.335,7.466
2021-01-02 08:00,0.325,7.382
2021-01-02 09:00,0.308,7.245
2021-01-02 10:00,0.299,7.174
2021-01-02 11:00,0.290,7.095
2021-01-02 12:00,0.302,7.191
2021-01-02 13:00,0.295,7.137
2021-01-02 14:00,0.272,6.941
2021-01-02 15:00,0.261,6.848
2021-01-02 16:00,0.266,6.896
2021-01-02 17:00,0.274,6.957
2021-01-02 18:00,0.291,7.100
2021-01-02 19:00,0.313,7.280
2021-01-02 20:00,0.299,7.178
2021-01-02 21:00,0.255,6.804
2021-01-02 22:00,0.206,6.341
2021-01-02 23:00,0.151,5.750
2021-01-03 00:00,0.104,5.141
2021-01-03 01:00,0.077,4.713
2021-01-03 02:00,0.076,4.698
2021-01-03 03:00,0.073,4.643
2021-01-03 04:00,0.062,4.440
2021-01-03 05:00,0.052,4.250
2021-01-03 06:00,0.047,4.131
2021-01-03 07:00,0.041,3.968
2021-01-03 08:00,0.029,3.668
2021-01-03 09:00,0.022,3.415
2021-01-03 10:00,0.017,3.221
2021-01-03 11:00,0.016,3.198
2021-01-03 12:00,0.014,3.100
2021-01-03 13:00,0.013,3.057
2021-01-03 14:00,0.016,3.202
2021-01-03 15:00,0.029,3.644
2021-01-03 16:00,0.031,3.725
2021-01-03 17:00,0.025,3.548
2021-01-03 18:00,0.022,3.430
2021-01-03 19:00,0.026,3.580
2021-01-03 20:00,0.040,3.961
2021-01-03 21:00,0.065,4.509
2021-01-03 22:00,0.093,4.980
2021-01-03 23:00,0.084,4.838
2021-01-04 00:00,0.012,2.992
2021-01-04 01:00,0.001,1.923
2021-01-04 02:00,0,1.637
2021-01-04 03:00,0,0.812
2021-01-04 04:00,0,1.512
2021-01-04 05:00,0,1.462
2021-01-04 06:00,0,1.163
2021-01-04 07:00,0,0.985
2021-01-04 08:00,0,1.011
2021-01-04 09:00,0,1.251
2021-01-04 10:00,0.001,1.897
2021-01-04 11:00,0.037,3.876
2021-01-04 12:00,0.135,5.541
2021-01-04 13:00,0.154,5.776
2021-01-04 14:00,0.148,5.710
2021-01-04 15:00,0.197,6.238
2021-01-04 16:00,0.345,7.542
2021-01-04 17:00,0.561,9.159
2021-01-04 18:00,0.718,10.460
2021-01-04 19:00,0.806,11.413
2021-01-04 20:00,0.830,11.721
2021-01-04 21:00,0.806,11.396
2021-01-04 22:00,0.756,10.841
2021-01-04 23:00,0.728,10.559
2021-01-05 00:00,0.763,10.901
2021-01-05 01:00,0.722,10.501
2021-01-05 02:00,0.716,10.437
2021-01-05 03:00,0.785,11.153
2021-01-05 04:00,0.849,11.982
2021-01-05 05:00,0.854,12.074
2021-01-05 06:00,0.824,11.635
2021-01-05 07:00,0.771,10.991
2021-01-05 08:00,0.697,10.275
2021-01-05 09:00,0.627,9.667
2021-01-05 10:00,0.577,9.285
2021-01-05 11:00,0.535,8.967
2021-01-05 12:00,0.509,8.763
2021-01-05 13:00,0.487,8.612
2021-01-05 14:00,0.434,8.220
2021-01-05 15:00,0.397,7.940
2021-01-05 16:00,0.373,7.754
2021-01-05 17:00,0.372,7.751
2021-01-05 18:00,0.371,7.741
2021-01-05 19:00,0.328,7.410
2021-01-05 20:00,0.262,6.851
2021-01-05 21:00,0.179,6.051
2021-01-05 22:00,0.109,5.211
2021-01-05 23:00,0.060,4.406
2021-01-06 00:00,0.034,3.816
2021-01-06 01:00,0.024,3.515
2021-01-06 02:00,0.023,3.471
2021-01-06 03:00,0.021,3.377
2021-01-06 04:00,0.019,3.320
2021-01-06 05:00,0.024,3.515
2021-01-06 06:00,0.051,4.211
2021-01-06 07:00,0.116,5.302
2021-01-06 08:00,0.367,7.716
2021-01-06 09:00,0.723,10.511
2021-01-06 10:00,0.885,12.578
2021-01-06 11:00,0.951,14.246
2021-01-06 12:00,0.986,16.391
2021-01-06 13:00,0.983,18.496
2021-01-06 14:00,0.974,19.135
2021-01-06 15:00,0.982,18.638
2021-01-06 16:00,0.976,19.051
2021-01-06 17:00,0.969,19.365
2021-01-06 18:00,0.983,18.543
2021-01-06 19:00,0.984,18.408
2021-01-06 20:00,0.984,18.444
2021-01-06 21:00,0.989,17.676
2021-01-06 22:00,0.988,16.835
2021-01-06 23:00,0.983,16.064
2021-01-07 00:00,0.975,15.382
2021-01-07 01:00,0.962,14.696
2021-01-07 02:00,0.946,14.094
2021-01-07 03:00,0.927,13.520
2021-01-07 04:00,0.911,13.119
2021-01-07 05:00,0.896,12.812
2021-01-07 06:00,0.864,12.224
2021-01-07 07:00,0.811,11.468
2021-01-07 08:00,0.747,10.751
2021-01-07 09:00,0.664,9.979
2021-01-07 10:00,0.584,9.338
2021-01-07 11:00,0.567,9.205
2021-01-07 12:00,0.622,9.633
2021-01-07 13:00,0.679,10.098
2021-01-07 14:00,0.756,10.834
2021-01-07 15:00,0.843,11.895
2021-01-07 16:00,0.885,12.587
2021-01-07 17:00,0.891,12.696
2021-01-07 18:00,0.854,12.061
2021-01-07 19:00,0.793,11.242
2021-01-07 20:00,0.736,10.640
2021-01-07 21:00,0.665,9.987
2021-01-07 22:00,0.569,9.219
2021-01-07 23:00,0.457,8.388
2021-01-08 00:00,0.341,7.507
2021-01-08 01:00,0.230,6.572
2021-01-08 02:00,0.132,5.514
2021-01-08 03:00,0.088,4.905
2021-01-08 04:00,0.096,5.024
2021-01-08 05:00,0.148,5.716
2021-01-08 06:00,0.201,6.291
2021-01-08 07:00,0.244,6.697
2021-01-08 08:00,0.270,6.932
2021-01-08 09:00,0.315,7.310
2021-01-08 10:00,0.316,7.317
2021-01-08 11:00,0.304,7.219
2021-01-08 12:00,0.272,6.940
2021-01-08 13:00,0.251,6.754
2021-01-08 14:00,0.262,6.859
2021-01-08 15:00,0.296,7.145
2021-01-08 16:00,0.297,7.153
2021-01-08 17:00,0.267,6.906
2021-01-08 18:00,0.236,6.632
2021-01-08 19:00,0.199,6.262
2021-01-08 20:00,0.143,5.657
2021-01-08 21:00,0.100,5.066
2021-01-08 22:00,0.055,4.310
2021-01-08 23:00,0.013,3.038
2021-01-09 00:00,0,1.094
2021-01-09 01:00,0,0.827
2021-01-09 02:00,0.003,2.251
2021-01-09 03:00,0.091,4.939
2021-01-09 04:00,0.354,7.613
2021-01-09 05:00,0.658,9.922
2021-01-09 06:00,0.785,11.159
2021-01-09 07:00,0.837,11.817
2021-01-09 08:00,0.851,12.015
2021-01-09 09:00,0.822,11.601
2021-01-09 10:00,0.752,10.795
2021-01-09 11:00,0.677,10.084
2021-01-09 12:00,0.599,9.449
2021-01-09 13:00,0.513,8.795
2021-01-09 14:00,0.445,8.296
2021-01-09 15:00,0.374,7.771
2021-01-09 16:00,0.291,7.101
2021-01-09 17:00,0.188,6.156
2021-01-09 18:00,0.118,5.337
2021-01-09 19:00,0.078,4.735
2021-01-09 20:00,0.048,4.142
2021-01-09 21:00,0.022,3.421
2021-01-09 22:00,0.007,2.693
2021-01-09 23:00,0.002,2.098
2021-01-10 00:00,0,1.539
2021-01-10 01:00,0,1.316
2021-01-10 02:00,0.005,2.475
2021-01-10 03:00,0.045,4.077
2021-01-10 04:00,0.138,5.599
2021-01-10 05:00,0.254,6.792
2021-01-10 06:00,0.366,7.707
2021-01-10 07:00,0.422,8.119
2021-01-10 08:00,0.441,8.267
2021-01-10 09:00,0.434,8.217
2021-01-10 10:00,0.430,8.190
2021-01-10 11:00,0.405,8.004
2021-01-10 12:00,0.345,7.548
2021-01-10 13:00,0.315,7.306
2021-01-10 14:00,0.358,7.641
2021-01-10 15:00,0.473,8.502
2021-01-10 16:00,0.511,8.788
2021-01-10 17:00,0.429,8.181
2021-01-10 18:00,0.318,7.324
2021-01-10 19:00,0.219,6.461
2021-01-10 20:00,0.141,5.627
2021-01-10 21:00,0.134,5.534
2021-01-10 22:00,0.138,5.585
2021-01-10 23:00,0.073,4.641
2021-01-11 00:00,0.006,2.595
2021-01-11 01:00,0,0.335
2021-01-11 02:00,0,0.136
2021-01-11 03:00,0,0.193
2021-01-11 04:00,0,0.189
2021-01-11 05:00,0,0.185
2021-01-11 06:00,0,0.164
2021-01-11 07:00,0,0.127
2021-01-11 08:00,0,0.453
2021-01-11 09:00,0,1.400
2021-01-11 10:00,0.001,1.938
2021-01-11 11:00,0.004,2.366
2021-01-11 12:00,0.012,3.020
2021-01-11 13:00,0.051,4.223
2021-01-11 14:00,0.144,5.667
2021-01-11 15:00,0.286,7.070
2021-01-11 16:00,0.430,8.192
2021-01-11 17:00,0.528,8.907
2021-01-11 18:00,0.550,9.074
2021-01-11 19:00,0.500,8.701
2021-01-11 20:00,0.403,7.984
2021-01-11 21:00,0.305,7.229
2021-01-11 22:00,0.208,6.356
2021-01-11 23:00,0.125,5.428
2021-01-12 00:00,0.070,4.603
2021-01-12 01:00,0.071,4.607
2021-01-12 02:00,0.129,5.483
2021-01-12 03:00,0.242,6.677
2021-01-12 04:00,0.371,7.740
2021-01-12 05:00,0.470,8.482
2021-01-12 06:00,0.518,8.834
2021-01-12 07:00,0.560,9.145
2021-01-12 08:00,0.594,9.407
2021-01-12 09:00,0.625,9.649
2021-01-12 10:00,0.669,10.022
2021-01-12 11:00,0.663,9.976
2021-01-12 12:00,0.636,9.744
2021-01-12 13:00,0.599,9.447
2021-01-12 14:00,0.553,9.102
2021-01-12 15:00,0.506,8.750
2021-01-12 16:00,0.478,8.543
2021-01-12 17:00,0.435,8.227
2021-01-12 18:00,0.395,7.918
2021-01-12 19:00,0.429,8.186
2021-01-12 20:00,0.534,8.959
2021-01-12 21:00,0.596,9.431
2021-01-12 22:00,0.617,9.592
2021-01-12 23:00,0.610,9.542
2021-01-13 00:00,0.577,9.285
2021-01-13 01:00,0.510,8.773
2021-01-13 02:00,0.559,9.141
2021-01-13 03:00,0.645,9.822
2021-01-13 04:00,0.694,10.243
2021-01-13 05:00,0.677,10.091
2021-01-13 06:00,0.668,10.011
2021-01-13 07:00,0.663,9.974
2021-01-13 08:00,0.631,9.703
2021-01-13 09:00,0.580,9.304
2021-01-13 10:00,0.484,8.588
2021-01-13 11:00,0.353,7.599
2021-01-13 12:00,0.250,6.750
2021-01-13 13:00,0.201,6.292
2021-01-13 14:00,0.197,6.252
2021-01-13 15:00,0.249,6.738
2021-01-13 16:00,0.327,7.392
2021-01-13 17:00,0.352,7.597
2021-01-13 18:00,0.335,7.464
2021-01-13 19:00,0.299,7.171
2021-01-13 20:00,0.281,7.027
2021-01-13 21:00,0.283,7.041
2021-01-13 22:00,0.299,7.170
2021-01-13 23:00,0.299,7.179
2021-01-14 00:00,0.254,6.793
2021-01-14 01:00,0.228,6.553
2021-01-14 02:00,0.175,6.021
2021-01-14 03:00,0.098,5.043
2021-01-14 04:00,0.044,4.057
2021-01-14 05:00,0.027,3.603
2021-01-14 06:00,0.032,3.755
2021-01-14 07:00,0.061,4.426
2021-01-14 08:00,0.159,5.841
2021-01-14 09:00,0.379,7.811
2021-01-14 10:00,0.580,9.306
2021-01-14 11:00,0.677,10.087
2021-01-14 12:00,0.742,10.695
2021-01-14 13:00,0.786,11.166
2021-01-14 14:00,0.806,11.405
2021-01-14 15:00,0.775,11.047
2021-01-14 16:00,0.695,10.253
2021-01-14 17:00,0.654,9.892
2021-01-14 18:00,0.653,9.886
2021-01-14 19:00,0.674,10.069
2021-01-14 20:00,0.714,10.426
2021-01-14 21:00,0.753,10.811
2021-01-14 22:00,0.764,10.922
2021-01-14 23:00,0.756,10.833
2021-01-15 00:00,0.803,11.375
2021-01-15 01:00,0.897,12.822
2021-01-15 02:00,0.930,13.588
2021-01-15 03:00,0.927,13.493
2021-01-15 04:00,0.891,12.708
2021-01-15 05:00,0.835,11.790
2021-01-15 06:00,0.767,10.955
2021-01-15 07:00,0.800,11.326
2021-01-15 08:00,0.843,11.898
2021-01-15 09:00,0.797,11.297
2021-01-15 10:00,0.802,11.359
2021-01-15 11:00,0.802,11.359
2021-01-15 12:00,0.773,11.018
2021-01-15 13:00,0.765,10.935
2021-01-15 14:00,0.766,10.950
2021-01-15 15:00,0.804,11.388
2021-01-15 16:00,0.864,12.220
2021-01-15 17:00,0.878,12.464
2021-01-15 18:00,0.883,12.553
2021-01-15 19:00,0.886,12.598
2021-01-15 20:00,0.900,12.886
2021-01-15 21:00,0.899,12.868
2021-01-15 22:00,0.875,12.412
2021-01-15 23:00,0.845,11.921
2021-01-16 00:00,0.828,11.689
2021-01-16 01:00,0.820,11.579
2021-01-16 02:00,0.828,11.698
2021-01-16 03:00,0.858,12.131
2021-01-16 04:00,0.889,12.660
2021-01-16 05:00,0.907,13.023
2021-01-16 06:00,0.912,13.137
2021-01-16 07:00,0.909,13.075
2021-01-16 08:00,0.898,12.845
2021-01-16 09:00,0.887,12.625
2021-01-16 10:00,0.868,12.287
2021-01-16 11:00,0.850,12.002
2021-01-16 12:00,0.826,11.662
2021-01-16 13:00,0.779,11.090
2021-01-16 14:00,0.689,10.189
2021-01-16 15:00,0.601,9.472
2021-01-16 16:00,0.558,9.140
2021-01-16 17:00,0.556,9.126
2021-01-16 18:00,0.606,9.504
2021-01-16 19:00,0.672,10.052
2021-01-16 20:00,0.718,10.469
2021-01-16 21:00,0.731,10.579
2021-01-16 22:00,0.687,10.169
2021-01-16 23:00,0.610,9.542
2021-01-17 00:00,0.493,8.647
2021-01-17 01:00,0.347,7.565
2021-01-17 02:00,0.241,6.666
2021-01-17 03:00,0.197,6.239
2021-01-17 04:00,0.202,6.298
2021-01-17 05:00,0.288,7.079
2021-01-17 06:00,0.431,8.196
2021-01-17 07:00,0.569,9.221
2021-01-17 08:00,0.654,9.893
2021-01-17 09:00,0.648,9.849
2021-01-17 10:00,0.596,9.427
2021-01-17 11:00,0.529,8.915
2021-01-17 12:00,0.465,8.447
2021-01-17 13:00,0.413,8.064
2021-01-17 14:00,0.362,7.681
2021-01-17 15:00,0.321,7.352
2021-01-17 16:00,0.296,7.140
2021-01-17 17:00,0.280,7.009
2021-01-17 18:00,0.273,6.952
2021-01-17 19:00,0.310,7.262
2021-01-17 20:00,0.411,8.046
2021-01-17 21:00,0.573,9.244
2021-01-17 22:00,0.739,10.670
2021-01-17 23:00,0.831,11.734
2021-01-18 00:00,0.863,12.208
2021-01-18 01:00,0.897,12.815
2021-01-18 02:00,0.932,13.647
2021-01-18 03:00,0.952,14.278
2021-01-18 04:00,0.975,15.436
2021-01-18 05:00,0.986,16.377
2021-01-18 06:00,0.988,16.791
2021-01-18 07:00,0.989,17.013
2021-01-18 08:00,0.989,16.993
2021-01-18 09:00,0.986,16.406
2021-01-18 10:00,0.973,15.284
2021-01-18 11:00,0.959,14.578
2021-01-18 12:00,0.950,14.230
2021-01-18 13:00,0.939,13.841
2021-01-18 14:00,0.913,13.169
2021-01-18 15:00,0.871,12.339
2021-01-18 16:00,0.796,11.281
2021-01-18 17:00,0.684,10.148
2021-01-18 18:00,0.573,9.242
2021-01-18 19:00,0.478,8.541
2021-01-18 20:00,0.407,8.017
2021-01-18 21:00,0.330,7.427
2021-01-18 22:00,0.255,6.800
2021-01-18 23:00,0.177,6.039
2021-01-19 00:00,0.128,5.461
2021-01-19 01:00,0.096,5.024
2021-01-19 02:00,0.077,4.718
2021-01-19 03:00,0.073,4.632
2021-01-19 04:00,0.085,4.845
2021-01-19 05:00,0.108,5.195
2021-01-19 06:00,0.124,5.415
2021-01-19 07:00,0.134,5.533
2021-01-19 08:00,0.148,5.716
2021-01-19 09:00,0.151,5.745
2021-01-19 10:00,0.142,5.644
2021-01-19 11:00,0.125,5.423
2021-01-19 12:00,0.109,5.212
2021-01-19 13:00,0.094,4.994
2021-01-19 14:00,0.077,4.720
2021-01-19 15:00,0.058,4.359
2021-01-19 16:00,0.057,4.337
2021-01-19 17:00,0.069,4.573
2021-01-19 18:00,0.076,4.695
2021-01-19 19:00,0.078,4.730
2021-01-19 20:00,0.077,4.719
2021-01-19 21:00,0.089,4.916
2021-01-19 22:00,0.130,5.496
2021-01-19 23:00,0.155,5.786
2021-01-20 00:00,0.116,5.296
2021-01-20 01:00,0.089,4.917
2021-01-20 02:00,0.099,5.051
2021-01-20 03:00,0.103,5.132
2021-01-20 04:00,0.105,5.161
2021-01-20 05:00,0.106,5.174
2021-01-20 06:00,0.110,5.223
2021-01-20 07:00,0.125,5.433
2021-01-20 08:00,0.199,6.265
2021-01-20 09:00,0.324,7.373
2021-01-20 10:00,0.426,8.158
2021-01-20 11:00,0.449,8.322
2021-01-20 12:00,0.426,8.160
2021-01-20 13:00,0.406,8.005
2021-01-20 14:00,0.384,7.843
2021-01-20 15:00,0.344,7.535
2021-01-20 16:00,0.310,7.258
2021-01-20 17:00,0.278,6.995
2021-01-20 18:00,0.246,6.710
2021-01-20 19:00,0.223,6.505
2021-01-20 20:00,0.225,6.527
2021-01-20 21:00,0.237,6.639
2021-01-20 22:00,0.270,6.919
2021-01-20 23:00,0.310,7.270
2021-01-21 00:00,0.311,7.274
2021-01-21 01:00,0.296,7.143
2021-01-21 02:00,0.308,7.246
2021-01-21 03:00,0.354,7.612
2021-01-21 04:00,0.396,7.937
2021-01-21 05:00,0.317,7.321
2021-01-21 06:00,0.164,5.898
2021-01-21 07:00,0.083,4.806
2021-01-21 08:00,0.087,4.884
2021-01-21 09:00,0.171,5.966
2021-01-21 10:00,0.312,7.278
2021-01-21 11:00,0.414,8.071
2021-01-21 12:00,0.444,8.290
2021-01-21 13:00,0.423,8.135
2021-01-21 14:00,0.348,7.566
2021-01-21 15:00,0.223,6.504
2021-01-21 16:00,0.104,5.136
2021-01-21 17:00,0.036,3.855
2021-01-21 18:00,0.012,3.007
2021-01-21 19:00,0.011,2.920
2021-01-21 20:00,0.027,3.600
2021-01-21 21:00,0.059,4.385
2021-01-21 22:00,0.091,4.940
2021-01-21 23:00,0.111,5.242
2021-01-22 00:00,0.106,5.165
2021-01-22 01:00,0.084,4.838
2021-01-22 02:00,0.063,4.470
2021-01-22 03:00,0.062,4.452
2021-01-22 04:00,0.067,4.534
2021-01-22 05:00,0.078,4.733
2021-01-22 06:00,0.128,5.461
2021-01-22 07:00,0.192,6.189
2021-01-22 08:00,0.249,6.736
2021-01-22 09:00,0.266,6.896
2021-01-22 10:00,0.256,6.810
2021-01-22 11:00,0.253,6.780
2021-01-22 12:00,0.265,6.886
2021-01-22 13:00,0.282,7.035
2021-01-22 14:00,0.295,7.138
2021-01-22 15:00,0.286,7.064
2021-01-22 16:00,0.237,6.637
2021-01-22 17:00,0.170,5.961
2021-01-22 18:00,0.149,5.729
2021-01-22 19:00,0.159,5.843
2021-01-22 20:00,0.179,6.064
2021-01-22 21:00,0.196,6.235
2021-01-22 22:00,0.204,6.321
2021-01-22 23:00,0.227,6.547
2021-01-23 00:00,0.233,6.596
2021-01-23 01:00,0.208,6.363
2021-01-23 02:00,0.282,7.036
2021-01-23 03:00,0.367,7.717
2021-01-23 04:00,0.384,7.842
2021-01-23 05:00,0.352,7.594
2021-01-23 06:00,0.380,7.818
2021-01-23 07:00,0.441,8.261
2021-01-23 08:00,0.550,9.078
2021-01-23 09:00,0.585,9.347
2021-01-23 10:00,0.535,8.964
2021-01-23 11:00,0.510,8.773
2021-01-23 12:00,0.474,8.506
2021-01-23 13:00,0.371,7.745
2021-01-23 14:00,0.280,7.014
2021-01-23 15:00,0.290,7.098
2021-01-23 16:00,0.337,7.483
2021-01-23 17:00,0.324,7.375
2021-01-23 18:00,0.274,6.961
2021-01-23 19:00,0.246,6.715
2021-01-23 20:00,0.215,6.423
2021-01-23 21:00,0.184,6.114
2021-01-23 22:00,0.160,5.857
2021-01-23 23:00,0.141,5.631
2021-01-24 00:00,0.108,5.191
2021-01-24 01:00,0.119,5.349
2021-01-24 02:00,0.113,5.270
2021-01-24 03:00,0.115,5.284
2021-01-24 04:00,0.117,5.306
2021-01-24 05:00,0.109,5.205
2021-01-24 06:00,0.093,4.980
2021-01-24 07:00,0.070,4.592
2021-01-24 08:00,0.024,3.495
2021-01-24 09:00,0.043,4.042
2021-01-24 10:00,0.174,6.004
2021-01-24 11:00,0.377,7.796
2021-01-24 12:00,0.207,6.344
2021-01-24 13:00,0.096,5.020
2021-01-24 14:00,0.126,5.438
2021-01-24 15:00,0.150,5.740
2021-01-24 16:00,0.160,5.852
2021-01-24 17:00,0.148,5.700
2021-01-24 18:00,0.112,5.251
2021-01-24 19:00,0.073,4.642
2021-01-24 20:00,0.079,4.750
2021-01-24 21:00,0.099,5.065
2021-01-24 22:00,0.111,5.241
2021-01-24 23:00,0.112,5.259
2021-01-25 00:00,0.059,4.370
2021-01-25 01:00,0.052,4.233
2021-01-25 02:00,0.061,4.432
2021-01-25 03:00,0.074,4.658
2021-01-25 04:00,0.064,4.478
2021-01-25 05:00,0.014,3.094
2021-01-25 06:00,0,0.961
2021-01-25 07:00,0.008,2.755
2021-01-25 08:00,0.019,3.329
2021-01-25 09:00,0.022,3.425
2021-01-25 10:00,0.023,3.455
2021-01-25 11:00,0.018,3.289
2021-01-25 12:00,0.018,3.279
2021-01-25 13:00,0.020,3.341
2021-01-25 14:00,0.028,3.635
2021-01-25 15:00,0.052,4.235
2021-01-25 16:00,0.075,4.676
2021-01-25 17:00,0.087,4.884
2021-01-25 18:00,0.102,5.105
2021-01-25 19:00,0.109,5.215
2021-01-25 20:00,0.100,5.088
2021-01-25 21:00,0.051,4.227
2021-01-25 22:00,0.013,3.064
2021-01-25 23:00,0.006,2.594
2021-01-26 00:00,0.009,2.840
2021-01-26 01:00,0.029,3.645
2021-01-26 02:00,0.052,4.235
2021-01-26 03:00,0.072,4.618
2021-01-26 04:00,0.116,5.298
2021-01-26 05:00,0.179,6.055
2021-01-26 06:00,0.248,6.730
2021-01-26 07:00,0.319,7.340
2021-01-26 08:00,0.432,8.202
2021-01-26 09:00,0.566,9.190
2021-01-26 10:00,0.652,9.881
2021-01-26 11:00,0.649,9.857
2021-01-26 12:00,0.628,9.679
2021-01-26 13:00,0.601,9.462
2021-01-26 14:00,0.589,9.378
2021-01-26 15:00,0.594,9.411
2021-01-26 16:00,0.576,9.277
2021-01-26 17:00,0.602,9.473
2021-01-26 18:00,0.679,10.110
2021-01-26 19:00,0.769,10.979
2021-01-26 20:00,0.822,11.615
2021-01-26 21:00,0.862,12.195
2021-01-26 22:00,0.866,12.254
2021-01-26 23:00,0.822,11.597
2021-01-27 00:00,0.817,11.546
2021-01-27 01:00,0.805,11.393
2021-01-27 02:00,0.733,10.600
2021-01-27 03:00,0.639,9.774
2021-01-27 04:00,0.595,9.417
2021-01-27 05:00,0.594,9.401
2021-01-27 06:00,0.588,9.368
2021-01-27 07:00,0.525,8.892
2021-01-27 08:00,0.475,8.516
2021-01-27 09:00,0.444,8.281
2021-01-27 10:00,0.375,7.772
2021-01-27 11:00,0.278,6.997
2021-01-27 12:00,0.199,6.274
2021-01-27 13:00,0.156,5.811
2021-01-27 14:00,0.143,5.650
2021-01-27 15:00,0.126,5.443
2021-01-27 16:00,0.102,5.106
2021-01-27 17:00,0.067,4.535
2021-01-27 18:00,0.036,3.849
2021-01-27 19:00,0.019,3.315
2021-01-27 20:00,0.032,3.756
2021-01-27 21:00,0.148,5.714
2021-01-27 22:00,0.327,7.394
2021-01-27 23:00,0.506,8.743
2021-01-28 00:00,0.723,10.509
2021-01-28 01:00,0.947,14.129
2021-01-28 02:00,0.989,16.921
2021-01-28 03:00,0.981,18.685
2021-01-28 04:00,0.967,19.458
2021-01-28 05:00,0.959,19.780
2021-01-28 06:00,0.962,19.690
2021-01-28 07:00,0.971,19.296
2021-01-28 08:00,0.981,18.707
2021-01-28 09:00,0.981,18.719
2021-01-28 10:00,0.980,18.751
2021-01-28 11:00,0.983,18.535
2021-01-28 12:00,0.988,17.947
2021-01-28 13:00,0.989,17.525
2021-01-28 14:00,0.989,17.242
2021-01-28 15:00,0.987,16.664
2021-01-28 16:00,0.984,16.113
2021-01-28 17:00,0.978,15.617
2021-01-28 18:00,0.969,15.042
2021-01-28 19:00,0.955,14.399
2021-01-28 20:00,0.933,13.680
2021-01-28 21:00,0.899,12.870
2021-01-28 22:00,0.864,12.233
2021-01-28 23:00,0.833,11.757
2021-01-29 00:00,0.798,11.306
2021-01-29 01:00,0.764,10.922
2021-01-29 02:00,0.752,10.803
2021-01-29 03:00,0.712,10.403
2021-01-29 04:00,0.613,9.564
2021-01-29 05:00,0.482,8.566
2021-01-29 06:00,0.340,7.502
2021-01-29 07:00,0.220,6.475
2021-01-29 08:00,0.124,5.411
2021-01-29 09:00,0.055,4.289
2021-01-29 10:00,0.011,2.946
2021-01-29 11:00,0,1.484
2021-01-29 12:00,0,0.097
2021-01-29 13:00,0,1.519
2021-01-29 14:00,0.018,3.271
2021-01-29 15:00,0.062,4.439
2021-01-29 16:00,0.106,5.171
2021-01-29 17:00,0.176,6.027
2021-01-29 18:00,0.274,6.967
2021-01-29 19:00,0.372,7.754
2021-01-29 20:00,0.466,8.455
2021-01-29 21:00,0.591,9.388
2021-01-29 22:00,0.695,10.256
2021-01-29 23:00,0.760,10.881
2021-01-30 00:00,0.743,10.703
2021-01-30 01:00,0.756,10.834
2021-01-30 02:00,0.765,10.934
2021-01-30 03:00,0.763,10.919
2021-01-30 04:00,0.714,10.426
2021-01-30 05:00,0.625,9.650
2021-01-30 06:00,0.446,8.302
2021-01-30 07:00,0.249,6.736
2021-01-30 08:00,0.128,5.464
2021-01-30 09:00,0.058,4.357
2021-01-30 10:00,0.031,3.734
2021-01-30 11:00,0.025,3.522
2021-01-30 12:00,0.020,3.359
2021-01-30 13:00,0.029,3.662
2021-01-30 14:00,0.060,4.395
2021-01-30 15:00,0.099,5.052
2021-01-30 16:00,0.136,5.554
2021-01-30 17:00,0.165,5.909
2021-01-30 18:00,0.186,6.134
2021-01-30 19:00,0.196,6.235
2021-01-30 20:00,0.212,6.397
2021-01-30 21:00,0.254,6.791
2021-01-30 22:00,0.321,7.357
2021-01-30 23:00,0.360,7.656
2021-01-31 00:00,0.330,7.430
2021-01-31 01:00,0.419,8.097
2021-01-31 02:00,0.615,9.575
2021-01-31 03:00,0.734,10.616
2021-01-31 04:00,0.767,10.960
2021-01-31 05:00,0.738,10.656
2021-01-31 06:00,0.638,9.765
2021-01-31 07:00,0.518,8.838
2021-01-31 08:00,0.506,8.745
2021-01-31 09:00,0.590,9.382
2021-01-31 10:00,0.709,10.380
2021-01-31 11:00,0.767,10.957
2021-01-31 12:00,0.809,11.445
2021-01-31 13:00,0.814,11.502
2021-01-31 14:00,0.795,11.274
2021-01-31 15:00,0.771,10.988
2021-01-31 16:00,0.782,11.115
2021-01-31 17:00,0.780,11.097
2021-01-31 18:00,0.780,11.095
2021-01-31 19:00,0.763,10.909
2021-01-31 20:00,0.764,10.921
2021-01-31 21:00,0.763,10.914
2021-01-31 22:00,0.646,9.826
2021-01-31 23:00,0.550,9.077
2021-02-01 00:00,0.422,8.126
2021-02-01 01:00,0.289,7.085
2021-02-01 02:00,0.380,7.819
2021-02-01 03:00,0.487,8.610
2021-02-01 04:00,0.568,9.215
2021-02-01 05:00,0.633,9.712
2021-02-01 06:00,0.568,9.212
2021-02-01 07:00,0.421,8.118
2021-02-01 08:00,0.348,7.569
2021-02-01 09:00,0.422,8.125
2021-02-01 10:00,0.679,10.112
2021-02-01 11:00,0.835,11.793
2021-02-01 12:00,0.920,13.328
2021-02-01 13:00,0.955,14.389
2021-02-01 14:00,0.971,15.148
2021-02-01 15:00,0.975,15.414
2021-02-01 16:00,0.978,15.592
2021-02-01 17:00,0.978,15.602
2021-02-01 18:00,0.974,15.324
2021-02-01 19:00,0.969,15.063
2021-02-01 20:00,0.959,14.571
2021-02-01 21:00,0.933,13.677
2021-02-01 22:00,0.889,12.655
2021-02-01 23:00,0.835,11.785
2021-02-02 00:00,0.773,11.023
2021-02-02 01:00,0.726,10.540
2021-02-02 02:00,0.712,10.410
2021-02-02 03:00,0.709,10.379
2021-02-02 04:00,0.668,10.015
2021-02-02 05:00,0.586,9.348
2021-02-02 06:00,0.488,8.621
2021-02-02 07:00,0.391,7.893
2021-02-02 08:00,0.297,7.147
2021-02-02 09:00,0.289,7.088
2021-02-02 10:00,0.407,8.019
2021-02-02 11:00,0.564,9.174
2021-02-02 12:00,0.697,10.268
2021-02-02 13:00,0.803,11.367
2021-02-02 14:00,0.860,12.159
2021-02-02 15:00,0.860,12.154
2021-02-02 16:00,0.819,11.574
2021-02-02 17:00,0.740,10.676
2021-02-02 18:00,0.605,9.496
2021-02-02 19:00,0.444,8.289
2021-02-02 20:00,0.283,7.044
2021-02-02 21:00,0.142,5.645
2021-02-02 22:00,0.055,4.295
2021-02-02 23:00,0.010,2.872
2021-02-03 00:00,0,0.592
2021-02-03 01:00,0,0.186
2021-02-03 02:00,0,0.206
2021-02-03 03:00,0.001,1.790
2021-02-03 04:00,0.009,2.790
2021-02-03 05:00,0.020,3.366
2021-02-03 06:00,0.031,3.699
2021-02-03 07:00,0.038,3.902
2021-02-03 08:00,0.046,4.102
2021-02-03 09:00,0.055,4.296
2021-02-03 10:00,0.117,5.312
2021-02-03 11:00,0.234,6.606
2021-02-03 12:00,0.368,7.726
2021-02-03 13:00,0.465,8.437
2021-02-03 14:00,0.497,8.676
2021-02-03 15:00,0.555,9.113
2021-02-03 16:00,0.689,10.190
2021-02-03 17:00,0.817,11.539
2021-02-03 18:00,0.918,13.299
2021-02-03 19:00,0.952,14.275
2021-02-03 20:00,0.942,13.932
2021-02-03 21:00,0.892,12.722
2021-02-03 22:00,0.796,11.286
2021-02-03 23:00,0.696,10.263
2021-02-04 00:00,0.580,9.306
2021-02-04 01:00,0.432,8.206
2021-02-04 02:00,0.292,7.112
2021-02-04 03:00,0.189,6.166
2021-02-04 04:00,0.148,5.708
2021-02-04 05:00,0.117,5.317
2021-02-04 06:00,0.082,4.795
2021-02-04 07:00,0.044,4.067
2021-02-04 08:00,0.015,3.157
2021-02-04 09:00,0.005,2.518
2021-02-04 10:00,0.002,2.126
2021-02-04 11:00,0,1.612
2021-02-04 12:00,0,1.079
2021-02-04 13:00,0,1.323
2021-02-04 14:00,0,1.657
2021-02-04 15:00,0.003,2.226
2021-02-04 16:00,0.007,2.703
2021-02-04 17:00,0.007,2.683
2021-02-04 18:00,0.002,2.076
2021-02-04 19:00,0,1.507
2021-02-04 20:00,0.001,1.733
2021-02-04 21:00,0.007,2.709
2021-02-04 22:00,0.032,3.741
2021-02-04 23:00,0.075,4.678
2021-02-05 00:00,0.103,5.122
2021-02-05 01:00,0.134,5.532
2021-02-05 02:00,0.157,5.820
2021-02-05 03:00,0.160,5.858
2021-02-05 04:00,0.187,6.146
2021-02-05 05:00,0.206,6.330
2021-02-05 06:00,0.179,6.056
2021-02-05 07:00,0.181,6.081
2021-02-05 08:00,0.215,6.425
2021-02-05 09:00,0.250,6.750
2021-02-05 10:00,0.283,7.041
2021-02-05 11:00,0.333,7.447
2021-02-05 12:00,0.348,7.567
2021-02-05 13:00,0.337,7.483
2021-02-05 14:00,0.325,7.384
2021-02-05 15:00,0.325,7.382
2021-02-05 16:00,0.343,7.524
2021-02-05 17:00,0.367,7.719
2021-02-05 18:00,0.407,8.017
2021-02-05 19:00,0.439,8.253
2021-02-05 20:00,0.453,8.359
2021-02-05 21:00,0.465,8.440
2021-02-05 22:00,0.475,8.513
2021-02-05 23:00,0.439,8.251
2021-02-06 00:00,0.374,7.766
2021-02-06 01:00,0.386,7.851
2021-02-06 02:00,0.423,8.134
2021-02-06 03:00,0.497,8.674
2021-02-06 04:00,0.569,9.221
2021-02-06 05:00,0.630,9.695
2021-02-06 06:00,0.636,9.745
2021-02-06 07:00,0.550,9.076
2021-02-06 08:00,0.544,9.027
2021-02-06 09:00,0.613,9.565
2021-02-06 10:00,0.662,9.958
2021-02-06 11:00,0.681,10.128
2021-02-06 12:00,0.690,10.204
2021-02-06 13:00,0.636,9.749
2021-02-06 14:00,0.545,9.040
2021-02-06 15:00,0.430,8.193
2021-02-06 16:00,0.349,7.572
2021-02-06 17:00,0.302,7.199
2021-02-06 18:00,0.239,6.657
2021-02-06 19:00,0.168,5.941
2021-02-06 20:00,0.114,5.274
2021-02-06 21:00,0.092,4.964
2021-02-06 22:00,0.080,4.761
2021-02-06 23:00,0.069,4.572
2021-02-07 00:00,0.063,4.461
2021-02-07 01:00,0.059,4.375
2021-02-07 02:00,0.060,4.387
2021-02-07 03:00,0.098,5.037
2021-02-07 04:00,0.180,6.070
2021-02-07 05:00,0.302,7.202
2021-02-07 06:00,0.438,8.240
2021-02-07 07:00,0.583,9.325
2021-02-07 08:00,0.714,10.429
2021-02-07 09:00,0.804,11.383
2021-02-07 10:00,0.856,12.106
2021-02-07 11:00,0.877,12.452
2021-02-07 12:00,0.899,12.859
2021-02-07 13:00,0.904,12.965
2021-02-07 14:00,0.895,12.781
2021-02-07 15:00,0.895,12.774
2021-02-07 16:00,0.899,12.849
2021-02-07 17:00,0.905,12.997
2021-02-07 18:00,0.913,13.168
2021-02-07 19:00,0.918,13.292
2021-02-07 20:00,0.923,13.399
2021-02-07 21:00,0.911,13.116
2021-02-07 22:00,0.891,12.702
2021-02-07 23:00,0.890,12.694
2021-02-08 00:00,0.903,12.936
2021-02-08 01:00,0.904,12.972
2021-02-08 02:00,0.904,12.964
2021-02-08 03:00,0.902,12.920
2021-02-08 04:00,0.891,12.705
2021-02-08 05:00,0.877,12.449
2021-02-08 06:00,0.865,12.238
2021-02-08 07:00,0.834,11.773
2021-02-08 08:00,0.795,11.272
2021-02-08 09:00,0.776,11.057
2021-02-08 10:00,0.751,10.788
2021-02-08 11:00,0.705,10.331
2021-02-08 12:00,0.689,10.199
2021-02-08 13:00,0.678,10.096
2021-02-08 14:00,0.658,9.930
2021-02-08 15:00,0.622,9.634
2021-02-08 16:00,0.523,8.877
2021-02-08 17:00,0.425,8.147
2021-02-08 18:00,0.348,7.570
2021-02-08 19:00,0.282,7.036
2021-02-08 20:00,0.215,6.423
2021-02-08 21:00,0.137,5.567
2021-02-08 22:00,0.073,4.637
2021-02-08 23:00,0.035,3.819
2021-02-09 00:00,0.020,3.356
2021-02-09 01:00,0.015,3.137
2021-02-09 02:00,0.010,2.913
2021-02-09 03:00,0.009,2.822
2021-02-09 04:00,0.010,2.884
2021-02-09 05:00,0.007,2.705
2021-02-09 06:00,0.004,2.429
2021-02-09 07:00,0.001,2.015
2021-02-09 08:00,0,1.495
2021-02-09 09:00,0,1.157
2021-02-09 10:00,0,1.366
2021-02-09 11:00,0,1.567
2021-02-09 12:00,0.001,1.911
2021-02-09 13:00,0.004,2.351
2021-02-09 14:00,0.007,2.702
2021-02-09 15:00,0.011,2.945
2021-02-09 16:00,0.007,2.697
2021-02-09 17:00,0.003,2.274
2021-02-09 18:00,0.002,2.114
2021-02-09 19:00,0.001,1.951
2021-02-09 20:00,0.001,1.796
2021-02-09 21:00,0.001,1.900
2021-02-09 22:00,0.003,2.325
2021-02-09 23:00,0.008,2.726
2021-02-10 00:00,0.013,3.057
2021-02-10 01:00,0.024,3.499
2021-02-10 02:00,0.038,3.897
2021-02-10 03:00,0.055,4.313
2021-02-10 04:00,0.068,4.543
2021-02-10 05:00,0.070,4.598
2021-02-10 06:00,0.069,4.568
2021-02-10 07:00,0.064,4.489
2021-02-10 08:00,0.040,3.958
2021-02-10 09:00,0.020,3.341
2021-02-10 10:00,0.024,3.506
2021-02-10 11:00,0.019,3.330
2021-02-10 12:00,0.012,2.974
2021-02-10 13:00,0.002,2.102
2021-02-10 14:00,0,1.442
2021-02-10 15:00,0.001,1.718
2021-02-10 16:00,0.004,2.368
2021-02-10 17:00,0.005,2.550
2021-02-10 18:00,0.001,1.998
2021-02-10 19:00,0,0.765
2021-02-10 20:00,0,1.371
2021-02-10 21:00,0.002,2.141
2021-02-10 22:00,0.008,2.762
2021-02-10 23:00,0.020,3.344
2021-02-11 00:00,0.026,3.553
2021-02-11 01:00,0.029,3.662
2021-02-11 02:00,0.037,3.884
2021-02-11 03:00,0.038,3.911
2021-02-11 04:00,0.030,3.684
2021-02-11 05:00,0.014,3.083
2021-02-11 06:00,0.008,2.761
2021-02-11 07:00,0.003,2.261
2021-02-11 08:00,0,1.510
2021-02-11 09:00,0,1.173
2021-02-11 10:00,0,1.092
2021-02-11 11:00,0,1.513
2021-02-11 12:00,0.002,2.118
2021-02-11 13:00,0.003,2.268
2021-02-11 14:00,0.004,2.390
2021-02-11 15:00,0.021,3.406
2021-02-11 16:00,0.055,4.309
2021-02-11 17:00,0.028,3.634
2021-02-11 18:00,0.010,2.889
2021-02-11 19:00,0.012,3.009
2021-02-11 20:00,0.018,3.271
2021-02-11 21:00,0.019,3.323
2021-02-11 22:00,0.017,3.246
2021-02-11 23:00,0.013,3.047
2021-02-12 00:00,0.004,2.357
2021-02-12 01:00,0,1.592
2021-02-12 02:00,0,1.441
2021-02-12 03:00,0,1.568
2021-02-12 04:00,0.001,1.781
2021-02-12 05:00,0.003,2.206
2021-02-12 06:00,0.006,2.624
2021-02-12 07:00,0.010,2.890
2021-02-12 08:00,0.014,3.081
2021-02-12 09:00,0.015,3.125
2021-02-12 10:00,0.019,3.324
2021-02-12 11:00,0.031,3.734
2021-02-12 12:00,0.052,4.231
2021-02-12 13:00,0.071,4.610
2021-02-12 14:00,0.080,4.771
2021-02-12 15:00,0.078,4.727
2021-02-12 16:00,0.064,4.484
2021-02-12 17:00,0.049,4.166
2021-02-12 18:00,0.037,3.867
2021-02-12 19:00,0.026,3.582
2021-02-12 20:00,0.019,3.313
2021-02-12 21:00,0.016,3.202
2021-02-12 22:00,0.019,3.319
2021-02-12 23:00,0.025,3.524
2021-02-13 00:00,0.019,3.307
2021-02-13 01:00,0.017,3.242
2021-02-13 02:00,0.017,3.237
2021-02-13 03:00,0.019,3.312
2021-02-13 04:00,0.027,3.584
2021-02-13 05:00,0.032,3.738
2021-02-13 06:00,0.038,3.894
2021-02-13 07:00,0.074,4.652
2021-02-13 08:00,0.180,6.071
2021-02-13 09:00,0.264,6.872
2021-02-13 10:00,0.325,7.384
2021-02-13 11:00,0.386,7.862
2021-02-13 12:00,0.384,7.842
2021-02-13 13:00,0.324,7.376
2021-02-13 14:00,0.235,6.613
2021-02-13 15:00,0.140,5.620
2021-02-13 16:00,0.069,4.569
2021-02-13 17:00,0.038,3.895
2021-02-13 18:00,0.021,3.374
2021-02-13 19:00,0.013,3.058
2021-02-13 20:00,0.011,2.955
2021-02-13 21:00,0.009,2.853
2021-02-13 22:00,0.003,2.240
2021-02-13 23:00,0,1.610
2021-02-14 00:00,0.001,1.787
2021-02-14 01:00,0.006,2.594
2021-02-14 02:00,0.015,3.136
2021-02-14 03:00,0.019,3.333
2021-02-14 04:00,0.021,3.394
2021-02-14 05:00,0.016,3.187
2021-02-14 06:00,0.010,2.903
2021-02-14 07:00,0.008,2.767
2021-02-14 08:00,0.023,3.453
2021-02-14 09:00,0.051,4.211
2021-02-14 10:00,0.045,4.094
2021-02-14 11:00,0.017,3.218
2021-02-14 12:00,0.002,2.025
2021-02-14 13:00,0,0.892
2021-02-14 14:00,0.001,1.853
2021-02-14 15:00,0.033,3.787
2021-02-14 16:00,0.135,5.544
2021-02-14 17:00,0.320,7.343
2021-02-14 18:00,0.465,8.449
2021-02-14 19:00,0.557,9.129
2021-02-14 20:00,0.691,10.216
2021-02-14 21:00,0.797,11.301
2021-02-14 22:00,0.887,12.635
2021-02-14 23:00,0.919,13.315
2021-02-15 00:00,0.941,13.927
2021-02-15 01:00,0.963,14.733
2021-02-15 02:00,0.976,15.492
2021-02-15 03:00,0.985,16.303
2021-02-15 04:00,0.988,16.854
2021-02-15 05:00,0.989,17.029
2021-02-15 06:00,0.988,16.711
2021-02-15 07:00,0.983,16.091
2021-02-15 08:00,0.975,15.391
2021-02-15 09:00,0.963,14.765
2021-02-15 10:00,0.962,14.692
2021-02-15 11:00,0.967,14.935
2021-02-15 12:00,0.968,15.008
2021-02-15 13:00,0.962,14.710
2021-02-15 14:00,0.952,14.285
2021-02-15 15:00,0.935,13.726
2021-02-15 16:00,0.904,12.978
2021-02-15 17:00,0.830,11.723
2021-02-15 18:00,0.669,10.022
2021-02-15 19:00,0.422,8.126
2021-02-15 20:00,0.184,6.115
2021-02-15 21:00,0.038,3.909
2021-02-15 22:00,0.001,1.723
2021-02-15 23:00,0,0.160
2021-02-16 00:00,0.001,1.731
2021-02-16 01:00,0.035,3.832
2021-02-16 02:00,0.202,6.301
2021-02-16 03:00,0.502,8.709
2021-02-16 04:00,0.773,11.017
2021-02-16 05:00,0.913,13.150
2021-02-16 06:00,0.950,14.227
2021-02-16 07:00,0.964,14.808
2021-02-16 08:00,0.989,17.152
2021-02-16 09:00,0.970,15.088
2021-02-16 10:00,0.939,13.840
2021-02-16 11:00,0.918,13.298
2021-02-16 12:00,0.910,13.092
2021-02-16 13:00,0.917,13.241
2021-02-16 14:00,0.910,13.097
2021-02-16 15:00,0.928,13.529
2021-02-16 16:00,0.955,14.417
2021-02-16 17:00,0.971,15.177
2021-02-16 18:00,0.976,15.462
2021-02-16 19:00,0.979,15.720
2021-02-16 20:00,0.982,15.920
2021-02-16 21:00,0.979,15.687
2021-02-16 22:00,0.978,15.604
2021-02-16 23:00,0.980,15.756
2021-02-17 00:00,0.979,15.647
2021-02-17 01:00,0.975,15.437
2021-02-17 02:00,0.977,15.521
2021-02-17 03:00,0.979,15.728
2021-02-17 04:00,0.982,15.975
2021-02-17 05:00,0.984,16.170
2021-02-17 06:00,0.986,16.441
2021-02-17 07:00,0.987,16.502
2021-02-17 08:00,0.986,16.476
2021-02-17 09:00,0.986,16.360
2021-02-17 10:00,0.987,16.588
2021-02-17 11:00,0.987,16.547
2021-02-17 12:00,0.985,16.283
2021-02-17 13:00,0.983,16.036
2021-02-17 14:00,0.979,15.677
2021-02-17 15:00,0.978,15.582
2021-02-17 16:00,0.979,15.668
2021-02-17 17:00,0.980,15.739
2021-02-17 18:00,0.978,15.622
2021-02-17 19:00,0.974,15.331
2021-02-17 20:00,0.967,14.948
2021-02-17 21:00,0.953,14.310
2021-02-17 22:00,0.933,13.664
2021-02-17 23:00,0.917,13.268
2021-02-18 00:00,0.914,13.200
2021-02-18 01:00,0.920,13.337
2021-02-18 02:00,0.927,13.502
2021-02-18 03:00,0.935,13.739
2021-02-18 04:00,0.940,13.876
2021-02-18 05:00,0.931,13.625
2021-02-18 06:00,0.908,13.066
2021-02-18 07:00,0.866,12.263
2021-02-18 08:00,0.801,11.332
2021-02-18 09:00,0.738,10.648
2021-02-18 10:00,0.680,10.121
2021-02-18 11:00,0.609,9.530
2021-02-18 12:00,0.537,8.980
2021-02-18 13:00,0.475,8.509
2021-02-18 14:00,0.407,8.016
2021-02-18 15:00,0.377,7.785
2021-02-18 16:00,0.367,7.719
2021-02-18 17:00,0.339,7.498
2021-02-18 18:00,0.274,6.961
2021-02-18 19:00,0.181,6.080
2021-02-18 20:00,0.107,5.184
2021-02-18 21:00,0.051,4.223
2021-02-18 22:00,0.017,3.248
2021-02-18 23:00,0.018,3.257
2021-02-19 00:00,0.074,4.654
2021-02-19 01:00,0.201,6.295
2021-02-19 02:00,0.400,7.967
2021-02-19 03:00,0.590,9.383
2021-02-19 04:00,0.701,10.306
2021-02-19 05:00,0.759,10.865
2021-02-19 06:00,0.780,11.095
2021-02-19 07:00,0.771,10.988
2021-02-19 08:00,0.803,11.364
2021-02-19 09:00,0.863,12.202
2021-02-19 10:00,0.891,12.710
2021-02-19 11:00,0.904,12.977
2021-02-19 12:00,0.911,13.122
2021-02-19 13:00,0.915,13.217
2021-02-19 14:00,0.923,13.409
2021-02-19 15:00,0.939,13.851
2021-02-19 16:00,0.971,15.143
2021-02-19 17:00,0.974,15.355
2021-02-19 18:00,0.968,14.988
2021-02-19 19:00,0.949,14.188
2021-02-19 20:00,0.918,13.284
2021-02-19 21:00,0.869,12.311
2021-02-19 22:00,0.758,10.853
2021-02-19 23:00,0.509,8.766
2021-02-20 00:00,0.316,7.318
2021-02-20 01:00,0.253,6.779
2021-02-20 02:00,0.187,6.148
2021-02-20 03:00,0.156,5.808
2021-02-20 04:00,0.148,5.718
2021-02-20 05:00,0.155,5.786
2021-02-20 06:00,0.182,6.091
2021-02-20 07:00,0.234,6.606
2021-02-20 08:00,0.307,7.237
2021-02-20 09:00,0.404,7.987
2021-02-20 10:00,0.528,8.908
2021-02-20 11:00,0.642,9.796
2021-02-20 12:00,0.664,9.982
2021-02-20 13:00,0.654,9.892
2021-02-20 14:00,0.663,9.963
2021-02-20 15:00,0.700,10.298
2021-02-20 16:00,0.735,10.628
2021-02-20 17:00,0.749,10.764
2021-02-20 18:00,0.760,10.873
2021-02-20 19:00,0.793,11.248
2021-02-20 20:00,0.846,11.954
2021-02-20 21:00,0.861,12.175
2021-02-20 22:00,0.867,12.283
2021-02-20 23:00,0.875,12.414
2021-02-21 00:00,0.890,12.672
2021-02-21 01:00,0.918,13.282
2021-02-21 02:00,0.930,13.601
2021-02-21 03:00,0.932,13.653
2021-02-21 04:00,0.931,13.631
2021-02-21 05:00,0.931,13.629
2021-02-21 06:00,0.934,13.711
2021-02-21 07:00,0.928,13.537
2021-02-21 08:00,0.939,13.838
2021-02-21 09:00,0.947,14.125
2021-02-21 10:00,0.948,14.132
2021-02-21 11:00,0.944,14.026
2021-02-21 12:00,0.934,13.719
2021-02-21 13:00,0.918,13.284
2021-02-21 14:00,0.900,12.883
2021-02-21 15:00,0.894,12.772
2021-02-21 16:00,0.889,12.650
2021-02-21 17:00,0.864,12.213
2021-02-21 18:00,0.851,12.014
2021-02-21 19:00,0.785,11.156
2021-02-21 20:00,0.672,10.054
2021-02-21 21:00,0.566,9.193
2021-02-21 22:00,0.484,8.590
2021-02-21 23:00,0.333,7.443
2021-02-22 00:00,0.230,6.568
2021-02-22 01:00,0.272,6.951
2021-02-22 02:00,0.596,9.427
2021-02-22 03:00,0.804,11.385
2021-02-22 04:00,0.846,11.943
2021-02-22 05:00,0.860,12.153
2021-02-22 06:00,0.892,12.720
2021-02-22 07:00,0.918,13.286
2021-02-22 08:00,0.939,13.853
2021-02-22 09:00,0.957,14.482
2021-02-22 10:00,0.965,14.863
2021-02-22 11:00,0.966,14.897
2021-02-22 12:00,0.963,14.767
2021-02-22 13:00,0.953,14.327
2021-02-22 14:00,0.942,13.953
2021-02-22 15:00,0.925,13.454
2021-02-22 16:00,0.925,13.468
2021-02-22 17:00,0.911,13.122
2021-02-22 18:00,0.901,12.907
2021-02-22 19:00,0.889,12.658
2021-02-22 20:00,0.858,12.132
2021-02-22 21:00,0.818,11.560
2021-02-22 22:00,0.768,10.972
2021-02-22 23:00,0.754,10.817
2021-02-23 00:00,0.741,10.688
2021-02-23 01:00,0.702,10.316
2021-02-23 02:00,0.677,10.088
2021-02-23 03:00,0.698,10.275
2021-02-23 04:00,0.698,10.282
2021-02-23 05:00,0.684,10.147
2021-02-23 06:00,0.680,10.121
2021-02-23 07:00,0.663,9.973
2021-02-23 08:00,0.616,9.578
2021-02-23 09:00,0.608,9.522
2021-02-23 10:00,0.576,9.276
2021-02-23 11:00,0.520,8.855
2021-02-23 12:00,0.484,8.578
2021-02-23 13:00,0.474,8.505
2021-02-23 14:00,0.480,8.554
2021-02-23 15:00,0.491,8.638
2021-02-23 16:00,0.453,8.353
2021-02-23 17:00,0.429,8.170
2021-02-23 18:00,0.468,8.471
2021-02-23 19:00,0.475,8.517
2021-02-23 20:00,0.439,8.252
2021-02-23 21:00,0.407,8.012
2021-02-23 22:00,0.319,7.335
2021-02-23 23:00,0.210,6.380
2021-02-24 00:00,0.132,5.522
2021-02-24 01:00,0.082,4.798
2021-02-24 02:00,0.059,4.377
2021-02-24 03:00,0.052,4.248
2021-02-24 04:00,0.052,4.241
2021-02-24 05:00,0.049,4.177
2021-02-24 06:00,0.062,4.437
2021-02-24 07:00,0.069,4.572
2021-02-24 08:00,0.086,4.862
2021-02-24 09:00,0.100,5.083
2021-02-24 10:00,0.093,4.976
2021-02-24 11:00,0.065,4.501
2021-02-24 12:00,0.058,4.367
2021-02-24 13:00,0.059,4.386
2021-02-24 14:00,0.067,4.536
2021-02-24 15:00,0.065,4.505
2021-02-24 16:00,0.041,3.999
2021-02-24 17:00,0.040,3.959
2021-02-24 18:00,0.043,4.028
2021-02-24 19:00,0.035,3.826
2021-02-24 20:00,0.026,3.554
2021-02-24 21:00,0.025,3.533
2021-02-24 22:00,0.015,3.149
2021-02-24 23:00,0.011,2.927
2021-02-25 00:00,0.006,2.637
2021-02-25 01:00,0.015,3.121
2021-02-25 02:00,0.030,3.694
2021-02-25 03:00,0.047,4.120
2021-02-25 04:00,0.074,4.654
2021-02-25 05:00,0.140,5.614
2021-02-25 06:00,0.224,6.517
2021-02-25 07:00,0.298,7.163
2021-02-25 08:00,0.395,7.932
2021-02-25 09:00,0.422,8.133
2021-02-25 10:00,0.383,7.830
2021-02-25 11:00,0.317,7.322
2021-02-25 12:00,0.285,7.063
2021-02-25 13:00,0.267,6.910
2021-02-25 14:00,0.236,6.622
2021-02-25 15:00,0.242,6.673
2021-02-25 16:00,0.290,7.097
2021-02-25 17:00,0.321,7.347
2021-02-25 18:00,0.369,7.731
2021-02-25 19:00,0.441,8.264
2021-02-25 20:00,0.518,8.828
2021-02-25 21:00,0.584,9.338
2021-02-25 22:00,0.613,9.562
2021-02-25 23:00,0.548,9.065
2021-02-26 00:00,0.565,9.184
2021-02-26 01:00,0.691,10.218
2021-02-26 02:00,0.796,11.291
2021-02-26 03:00,0.831,11.731
2021-02-26 04:00,0.822,11.606
2021-02-26 05:00,0.750,10.782
2021-02-26 06:00,0.688,10.185
2021-02-26 07:00,0.694,10.246
2021-02-26 08:00,0.749,10.762
2021-02-26 09:00,0.723,10.516
2021-02-26 10:00,0.697,10.266
2021-02-26 11:00,0.658,9.928
2021-02-26 12:00,0.630,9.694
2021-02-26 13:00,0.586,9.349
2021-02-26 14:00,0.555,9.112
2021-02-26 15:00,0.564,9.176
2021-02-26 16:00,0.570,9.226
2021-02-26 17:00,0.531,8.933
2021-02-26 18:00,0.487,8.611
2021-02-26 19:00,0.456,8.383
2021-02-26 20:00,0.426,8.156
2021-02-26 21:00,0.363,7.683
2021-02-26 22:00,0.310,7.267
2021-02-26 23:00,0.278,6.993
2021-02-27 00:00,0.539,8.989
2021-02-27 01:00,0.747,10.751
2021-02-27 02:00,0.813,11.491
2021-02-27 03:00,0.812,11.481
2021-02-27 04:00,0.751,10.787
2021-02-27 05:00,0.676,10.078
2021-02-27 06:00,0.591,9.392
2021-02-27 07:00,0.484,8.581
2021-02-27 08:00,0.415,8.074
2021-02-27 09:00,0.404,7.991
2021-02-27 10:00,0.420,8.113
2021-02-27 11:00,0.377,7.791
2021-02-27 12:00,0.264,6.878
2021-02-27 13:00,0.169,5.950
2021-02-27 14:00,0.109,5.217
2021-02-27 15:00,0.102,5.113
2021-02-27 16:00,0.129,5.477
2021-02-27 17:00,0.172,5.974
2021-02-27 18:00,0.219,6.468
2021-02-27 19:00,0.266,6.888
2021-02-27 20:00,0.310,7.269
2021-02-27 21:00,0.344,7.530
2021-02-27 22:00,0.333,7.440
2021-02-27 23:00,0.231,6.575
2021-02-28 00:00,0.171,5.966
2021-02-28 01:00,0.163,5.888
2021-02-28 02:00,0.109,5.215
2021-02-28 03:00,0.094,4.987
2021-02-28 04:00,0.086,4.859
2021-02-28 05:00,0.051,4.218
2021-02-28 06:00,0.023,3.455
2021-02-28 07:00,0.033,3.776
2021-02-28 08:00,0.062,4.448
2021-02-28 09:00,0.117,5.313
2021-02-28 10:00,0.180,6.072
2021-02-28 11:00,0.254,6.795
2021-02-28 12:00,0.332,7.436
2021-02-28 13:00,0.435,8.229
2021-02-28 14:00,0.532,8.940
2021-02-28 15:00,0.564,9.176
2021-02-28 16:00,0.567,9.208
2021-02-28 17:00,0.542,9.018
2021-02-28 18:00,0.573,9.246
2021-02-28 19:00,0.681,10.124
2021-02-28 20:00,0.872,12.355
2021-02-28 21:00,0.934,13.708
2021-02-28 22:00,0.946,14.061
2021-02-28 23:00,0.955,14.399
2021-03-01 00:00,0.971,15.148
2021-03-01 01:00,0.979,15.718
2021-03-01 02:00,0.978,15.600
2021-03-01 03:00,0.970,15.103
2021-03-01 04:00,0.907,13.029
2021-03-01 05:00,0.788,11.196
2021-03-01 06:00,0.748,10.755
2021-03-01 07:00,0.751,10.788
2021-03-01 08:00,0.751,10.793
2021-03-01 09:00,0.764,10.929
2021-03-01 10:00,0.845,11.929
2021-03-01 11:00,0.875,12.403
2021-03-01 12:00,0.886,12.605
2021-03-01 13:00,0.923,13.406
2021-03-01 14:00,0.950,14.220
2021-03-01 15:00,0.961,14.669
2021-03-01 16:00,0.961,14.656
2021-03-01 17:00,0.952,14.304
2021-03-01 18:00,0.935,13.732
2021-03-01 19:00,0.901,12.911
2021-03-01 20:00,0.836,11.800
2021-03-01 21:00,0.731,10.583
2021-03-01 22:00,0.598,9.437
2021-03-01 23:00,0.502,8.710
2021-03-02 00:00,0.434,8.216
2021-03-02 01:00,0.398,7.950
2021-03-02 02:00,0.386,7.853
2021-03-02 03:00,0.386,7.849
2021-03-02 04:00,0.383,7.838
2021-03-02 05:00,0.403,7.983
2021-03-02 06:00,0.441,8.259
2021-03-02 07:00,0.432,8.206
2021-03-02 08:00,0.377,7.780
2021-03-02 09:00,0.337,7.483
2021-03-02 10:00,0.293,7.128
2021-03-02 11:00,0.224,6.520
2021-03-02 12:00,0.155,5.786
2021-03-02 13:00,0.097,5.030
2021-03-02 14:00,0.042,4.004
2021-03-02 15:00,0.023,3.465
2021-03-02 16:00,0.012,3.014
2021-03-02 17:00,0.004,2.401
2021-03-02 18:00,0.002,2.167
2021-03-02 19:00,0.001,1.905
2021-03-02 20:00,0,1.557
2021-03-02 21:00,0.003,2.272
2021-03-02 22:00,0.017,3.255
2021-03-02 23:00,0.029,3.642
2021-03-03 00:00,0.056,4.315
2021-03-03 01:00,0.069,4.569
2021-03-03 02:00,0.072,4.618
2021-03-03 03:00,0.065,4.510
2021-03-03 04:00,0.049,4.174
2021-03-03 05:00,0.032,3.738
2021-03-03 06:00,0.017,3.253
2021-03-03 07:00,0.009,2.841
2021-03-03 08:00,0.005,2.550
2021-03-03 09:00,0.007,2.653
2021-03-03 10:00,0.018,3.265
2021-03-03 11:00,0.055,4.312
2021-03-03 12:00,0.122,5.388
2021-03-03 13:00,0.204,6.320
2021-03-03 14:00,0.258,6.823
2021-03-03 15:00,0.294,7.133
2021-03-03 16:00,0.313,7.282
2021-03-03 17:00,0.299,7.174
2021-03-03 18:00,0.286,7.069
2021-03-03 19:00,0.296,7.143
2021-03-03 20:00,0.318,7.326
2021-03-03 21:00,0.342,7.512
2021-03-03 22:00,0.353,7.599
2021-03-03 23:00,0.330,7.430
2021-03-04 00:00,0.267,6.907
2021-03-04 01:00,0.245,6.704
2021-03-04 02:00,0.256,6.805
2021-03-04 03:00,0.228,6.557
2021-03-04 04:00,0.178,6.046
2021-03-04 05:00,0.155,5.784
2021-03-04 06:00,0.154,5.781
2021-03-04 07:00,0.164,5.898
2021-03-04 08:00,0.202,6.299
2021-03-04 09:00,0.258,6.825
2021-03-04 10:00,0.319,7.339
2021-03-04 11:00,0.326,7.387
2021-03-04 12:00,0.260,6.842
2021-03-04 13:00,0.181,6.081
2021-03-04 14:00,0.110,5.231
2021-03-04 15:00,0.074,4.663
2021-03-04 16:00,0.061,4.408
2021-03-04 17:00,0.068,4.555
2021-03-04 18:00,0.093,4.977
2021-03-04 19:00,0.144,5.671
2021-03-04 20:00,0.204,6.319
2021-03-04 21:00,0.200,6.277
2021-03-04 22:00,0.165,5.907
2021-03-04 23:00,0.121,5.375
2021-03-05 00:00,0.106,5.174
2021-03-05 01:00,0.124,5.421
2021-03-05 02:00,0.152,5.757
2021-03-05 03:00,0.200,6.281
2021-03-05 04:00,0.172,5.987
2021-03-05 05:00,0.150,5.743
2021-03-05 06:00,0.185,6.125
2021-03-05 07:00,0.263,6.867
2021-03-05 08:00,0.450,8.326
2021-03-05 09:00,0.644,9.817
2021-03-05 10:00,0.713,10.415
2021-03-05 11:00,0.657,9.918
2021-03-05 12:00,0.591,9.390
2021-03-05 13:00,0.545,9.034
2021-03-05 14:00,0.525,8.892
2021-03-05 15:00,0.499,8.689
2021-03-05 16:00,0.463,8.430
2021-03-05 17:00,0.419,8.101
2021-03-05 18:00,0.356,7.628
2021-03-05 19:00,0.328,7.404
2021-03-05 20:00,0.342,7.523
2021-03-05 21:00,0.399,7.959
2021-03-05 22:00,0.483,8.569
2021-03-05 23:00,0.482,8.566
2021-03-06 00:00,0.386,7.862
2021-03-06 01:00,0.311,7.273
2021-03-06 02:00,0.250,6.745
2021-03-06 03:00,0.194,6.209
2021-03-06 04:00,0.140,5.624
2021-03-06 05:00,0.116,5.300
2021-03-06 06:00,0.111,5.240
2021-03-06 07:00,0.134,5.530
2021-03-06 08:00,0.179,6.063
2021-03-06 09:00,0.263,6.864
2021-03-06 10:00,0.416,8.080
2021-03-06 11:00,0.478,8.537
2021-03-06 12:00,0.456,8.382
2021-03-06 13:00,0.356,7.625
2021-03-06 14:00,0.201,6.295
2021-03-06 15:00,0.124,5.413
2021-03-06 16:00,0.095,5.009
2021-03-06 17:00,0.077,4.724
2021-03-06 18:00,0.068,4.550
2021-03-06 19:00,0.060,4.397
2021-03-06 20:00,0.056,4.317
2021-03-06 21:00,0.055,4.293
2021-03-06 22:00,0.044,4.050
2021-03-06 23:00,0.022,3.426
2021-03-07 00:00,0.006,2.614
2021-03-07 01:00,0,1.347
2021-03-07 02:00,0,0.981
2021-03-07 03:00,0.001,1.842
2021-03-07 04:00,0.005,2.548
2021-03-07 05:00,0.007,2.669
2021-03-07 06:00,0.009,2.853
2021-03-07 07:00,0.010,2.871
2021-03-07 08:00,0.011,2.920
2021-03-07 09:00,0.020,3.338
2021-03-07 10:00,0.029,3.656
2021-03-07 11:00,0.034,3.801
2021-03-07 12:00,0.039,3.939
2021-03-07 13:00,0.055,4.295
2021-03-07 14:00,0.075,4.681
2021-03-07 15:00,0.083,4.823
2021-03-07 16:00,0.085,4.855
2021-03-07 17:00,0.089,4.908
2021-03-07 18:00,0.088,4.905
2021-03-07 19:00,0.080,4.764
2021-03-07 20:00,0.064,4.476
2021-03-07 21:00,0.050,4.207
2021-03-07 22:00,0.040,3.952
2021-03-07 23:00,0.028,3.621
2021-03-08 00:00,0.026,3.562
2021-03-08 01:00,0.023,3.450
2021-03-08 02:00,0.016,3.192
2021-03-08 03:00,0.012,3.014
2021-03-08 04:00,0.016,3.201
2021-03-08 05:00,0.030,3.697
2021-03-08 06:00,0.056,4.327
2021-03-08 07:00,0.084,4.828
2021-03-08 08:00,0.110,5.232
2021-03-08 09:00,0.131,5.504
2021-03-08 10:00,0.138,5.580
2021-03-08 11:00,0.126,5.438
2021-03-08 12:00,0.083,4.812
2021-03-08 13:00,0.038,3.920
2021-03-08 14:00,0.016,3.176
2021-03-08 15:00,0.003,2.278
2021-03-08 16:00,0,1.403
2021-03-08 17:00,0,1.244
2021-03-08 18:00,0,1.486
2021-03-08 19:00,0.001,1.783
2021-03-08 20:00,0.001,1.922
2021-03-08 21:00,0.001,2.014
2021-03-08 22:00,0.001,1.993
2021-03-08 23:00,0.001,1.795
2021-03-09 00:00,0.001,1.858
2021-03-09 01:00,0.002,2.186
2021-03-09 02:00,0.006,2.616
2021-03-09 03:00,0.013,3.074
2021-03-09 04:00,0.029,3.657
2021-03-09 05:00,0.055,4.288
2021-03-09 06:00,0.093,4.972
2021-03-09 07:00,0.137,5.566
2021-03-09 08:00,0.181,6.083
2021-03-09 09:00,0.252,6.765
2021-03-09 10:00,0.311,7.272
2021-03-09 11:00,0.338,7.487
2021-03-09 12:00,0.325,7.384
2021-03-09 13:00,0.280,7.019
2021-03-09 14:00,0.223,6.510
2021-03-09 15:00,0.188,6.161
2021-03-09 16:00,0.178,6.044
2021-03-09 17:00,0.164,5.904
2021-03-09 18:00,0.152,5.763
2021-03-09 19:00,0.148,5.702
2021-03-09 20:00,0.156,5.812
2021-03-09 21:00,0.175,6.022
2021-03-09 22:00,0.176,6.024
2021-03-09 23:00,0.138,5.595
2021-03-10 00:00,0.155,5.790
2021-03-10 01:00,0.152,5.759
2021-03-10 02:00,0.098,5.050
2021-03-10 03:00,0.025,3.520
2021-03-10 04:00,0.001,1.759
2021-03-10 05:00,0,0.566
2021-03-10 06:00,0.004,2.428
2021-03-10 07:00,0.038,3.902
2021-03-10 08:00,0.109,5.208
2021-03-10 09:00,0.129,5.482
2021-03-10 10:00,0.079,4.747
2021-03-10 11:00,0.024,3.514
2021-03-10 12:00,0.003,2.305
2021-03-10 13:00,0.006,2.608
2021-03-10 14:00,0.016,3.200
2021-03-10 15:00,0.025,3.548
2021-03-10 16:00,0.031,3.716
2021-03-10 17:00,0.031,3.714
2021-03-10 18:00,0.029,3.675
2021-03-10 19:00,0.038,3.891
2021-03-10 20:00,0.066,4.525
2021-03-10 21:00,0.109,5.206
2021-03-10 22:00,0.141,5.633
2021-03-10 23:00,0.117,5.317
2021-03-11 00:00,0.070,4.585
2021-03-11 01:00,0.068,4.563
2021-03-11 02:00,0.048,4.150
2021-03-11 03:00,0.017,3.244
2021-03-11 04:00,0.002,2.181
2021-03-11 05:00,0.001,1.873
2021-03-11 06:00,0.003,2.242
2021-03-11 07:00,0.010,2.886
2021-03-11 08:00,0.041,3.967
2021-03-11 09:00,0.112,5.252
2021-03-11 10:00,0.210,6.377
2021-03-11 11:00,0.297,7.155
2021-03-11 12:00,0.407,8.015
2021-03-11 13:00,0.485,8.597
2021-03-11 14:00,0.356,7.631
2021-03-11 15:00,0.239,6.655
2021-03-11 16:00,0.277,6.984
2021-03-11 17:00,0.371,7.739
2021-03-11 18:00,0.475,8.522
2021-03-11 19:00,0.579,9.294
2021-03-11 20:00,0.650,9.865
2021-03-11 21:00,0.679,10.107
2021-03-11 22:00,0.685,10.151
2021-03-11 23:00,0.683,10.143
2021-03-12 00:00,0.663,9.977
2021-03-12 01:00,0.647,9.840
2021-03-12 02:00,0.645,9.821
2021-03-12 03:00,0.669,10.024
2021-03-12 04:00,0.656,9.904
2021-03-12 05:00,0.640,9.779
2021-03-12 06:00,0.624,9.644
2021-03-12 07:00,0.608,9.526
2021-03-12 08:00,0.625,9.657
2021-03-12 09:00,0.664,9.983
2021-03-12 10:00,0.669,10.020
2021-03-12 11:00,0.647,9.827
2021-03-12 12:00,0.578,9.288
2021-03-12 13:00,0.495,8.664
2021-03-12 14:00,0.387,7.864
2021-03-12 15:00,0.300,7.183
2021-03-12 16:00,0.260,6.843
2021-03-12 17:00,0.245,6.706
2021-03-12 18:00,0.220,6.475
2021-03-12 19:00,0.172,5.988
2021-03-12 20:00,0.118,5.342
2021-03-12 21:00,0.092,4.959
2021-03-12 22:00,0.058,4.357
2021-03-12 23:00,0.024,3.515
2021-03-13 00:00,0.013,3.030
2021-03-13 01:00,0.004,2.375
2021-03-13 02:00,0.001,2.000
2021-03-13 03:00,0.005,2.525
2021-03-13 04:00,0.017,3.231
2021-03-13 05:00,0.029,3.670
2021-03-13 06:00,0.031,3.733
2021-03-13 07:00,0.028,3.630
2021-03-13 08:00,0.021,3.386
2021-03-13 09:00,0.019,3.308
2021-03-13 10:00,0.020,3.359
2021-03-13 11:00,0.025,3.541
2021-03-13 12:00,0.034,3.797
2021-03-13 13:00,0.043,4.036
2021-03-13 14:00,0.047,4.129
2021-03-13 15:00,0.039,3.935
2021-03-13 16:00,0.030,3.695
2021-03-13 17:00,0.026,3.560
2021-03-13 18:00,0.026,3.553
2021-03-13 19:00,0.027,3.593
2021-03-13 20:00,0.024,3.476
2021-03-13 21:00,0.015,3.164
2021-03-13 22:00,0.007,2.710
2021-03-13 23:00,0.002,2.202
2021-03-14 00:00,0.003,2.291
2021-03-14 01:00,0.005,2.540
2021-03-14 02:00,0.009,2.792
2021-03-14 03:00,0.016,3.185
2021-03-14 04:00,0.019,3.324
2021-03-14 05:00,0.015,3.129
2021-03-14 06:00,0.009,2.815
2021-03-14 07:00,0.004,2.375
2021-03-14 08:00,0.001,1.789
2021-03-14 09:00,0,1.581
2021-03-14 10:00,0.001,1.816
2021-03-14 11:00,0.001,1.792
2021-03-14 12:00,0,0.888
2021-03-14 13:00,0,0.594
2021-03-14 14:00,0.001,1.896
2021-03-14 15:00,0.008,2.735
2021-03-14 16:00,0.007,2.666
2021-03-14 17:00,0.005,2.478
2021-03-14 18:00,0.005,2.495
2021-03-14 19:00,0.009,2.816
2021-03-14 20:00,0.024,3.493
2021-03-14 21:00,0.049,4.186
2021-03-14 22:00,0.123,5.397
2021-03-14 23:00,0.139,5.601
2021-03-15 00:00,0.148,5.702
2021-03-15 01:00,0.197,6.243
2021-03-15 02:00,0.264,6.878
2021-03-15 03:00,0.322,7.363
2021-03-15 04:00,0.364,7.697
2021-03-15 05:00,0.328,7.400
2021-03-15 06:00,0.247,6.722
2021-03-15 07:00,0.249,6.737
2021-03-15 08:00,0.324,7.369
2021-03-15 09:00,0.504,8.732
2021-03-15 10:00,0.653,9.889
2021-03-15 11:00,0.681,10.131
2021-03-15 12:00,0.641,9.792
2021-03-15 13:00,0.542,9.014
2021-03-15 14:00,0.406,8.007
2021-03-15 15:00,0.288,7.078
2021-03-15 16:00,0.284,7.048
2021-03-15 17:00,0.348,7.568
2021-03-15 18:00,0.398,7.953
2021-03-15 19:00,0.388,7.867
2021-03-15 20:00,0.374,7.761
2021-03-15 21:00,0.392,7.904
2021-03-15 22:00,0.422,8.133
2021-03-15 23:00,0.469,8.478
2021-03-16 00:00,0.549,9.069
2021-03-16 01:00,0.632,9.708
2021-03-16 02:00,0.673,10.058
2021-03-16 03:00,0.663,9.974
2021-03-16 04:00,0.630,9.695
2021-03-16 05:00,0.610,9.541
2021-03-16 06:00,0.588,9.370
2021-03-16 07:00,0.549,9.069
2021-03-16 08:00,0.503,8.729
2021-03-16 09:00,0.522,8.871
2021-03-16 10:00,0.543,9.024
2021-03-16 11:00,0.522,8.871
2021-03-16 12:00,0.502,8.720
2021-03-16 13:00,0.494,8.652
2021-03-16 14:00,0.465,8.450
2021-03-16 15:00,0.453,8.363
2021-03-16 16:00,0.453,8.361
2021-03-16 17:00,0.447,8.311
2021-03-16 18:00,0.434,8.219
2021-03-16 19:00,0.396,7.936
2021-03-16 20:00,0.330,7.430
2021-03-16 21:00,0.255,6.797
2021-03-16 22:00,0.177,6.031
2021-03-16 23:00,0.102,5.115
2021-03-17 00:00,0.076,4.698
2021-03-17 01:00,0.061,4.433
2021-03-17 02:00,0.049,4.180
2021-03-17 03:00,0.060,4.394
2021-03-17 04:00,0.091,4.947
2021-03-17 05:00,0.109,5.208
2021-03-17 06:00,0.118,5.324
2021-03-17 07:00,0.128,5.466
2021-03-17 08:00,0.161,5.862
2021-03-17 09:00,0.214,6.417
2021-03-17 10:00,0.230,6.573
2021-03-17 11:00,0.197,6.244
2021-03-17 12:00,0.132,5.520
2021-03-17 13:00,0.066,4.519
2021-03-17 14:00,0.027,3.587
2021-03-17 15:00,0.013,3.067
2021-03-17 16:00,0.007,2.704
2021-03-17 17:00,0.004,2.362
2021-03-17 18:00,0.003,2.293
2021-03-17 19:00,0.006,2.611
2021-03-17 20:00,0.010,2.859
2021-03-17 21:00,0.009,2.846
2021-03-17 22:00,0.013,3.075
2021-03-17 23:00,0.012,3.019
2021-03-18 00:00,0.012,3.000
2021-03-18 01:00,0.013,3.038
2021-03-18 02:00,0.005,2.495
2021-03-18 03:00,0,1.404
2021-03-18 04:00,0.003,2.256
2021-03-18 05:00,0.045,4.073
2021-03-18 06:00,0.107,5.185
2021-03-18 07:00,0.179,6.065
2021-03-18 08:00,0.251,6.757
2021-03-18 09:00,0.278,6.996
2021-03-18 10:00,0.203,6.312
2021-03-18 11:00,0.084,4.839
2021-03-18 12:00,0.030,3.683
2021-03-18 13:00,0.018,3.286
2021-03-18 14:00,0.011,2.942
2021-03-18 15:00,0.007,2.705
2021-03-18 16:00,0.005,2.508
2021-03-18 17:00,0.002,2.150
2021-03-18 18:00,0.005,2.536
2021-03-18 19:00,0.013,3.065
2021-03-18 20:00,0.029,3.644
2021-03-18 21:00,0.055,4.306
2021-03-18 22:00,0.062,4.437
2021-03-18 23:00,0.032,3.742
2021-03-19 00:00,0.032,3.759
2021-03-19 01:00,0.031,3.719
2021-03-19 02:00,0.022,3.415
2021-03-19 03:00,0.007,2.711
2021-03-19 04:00,0.001,1.849
2021-03-19 05:00,0.002,2.030
2021-03-19 06:00,0.010,2.897
2021-03-19 07:00,0.018,3.291
2021-03-19 08:00,0.029,3.642
2021-03-19 09:00,0.068,4.544
2021-03-19 10:00,0.140,5.617
2021-03-19 11:00,0.146,5.687
2021-03-19 12:00,0.071,4.608
2021-03-19 13:00,0.041,3.972
2021-03-19 14:00,0.041,3.976
2021-03-19 15:00,0.034,3.818
2021-03-19 16:00,0.041,3.974
2021-03-19 17:00,0.061,4.410
2021-03-19 18:00,0.060,4.400
2021-03-19 19:00,0.021,3.392
2021-03-19 20:00,0.006,2.633
2021-03-19 21:00,0.043,4.025
2021-03-19 22:00,0.143,5.657
2021-03-19 23:00,0.197,6.248
2021-03-20 00:00,0.196,6.235
2021-03-20 01:00,0.201,6.289
2021-03-20 02:00,0.274,6.959
2021-03-20 03:00,0.436,8.232
2021-03-20 04:00,0.502,8.720
2021-03-20 05:00,0.505,8.735
2021-03-20 06:00,0.509,8.769
2021-03-20 07:00,0.457,8.391
2021-03-20 08:00,0.422,8.125
2021-03-20 09:00,0.415,8.075
2021-03-20 10:00,0.413,8.064
2021-03-20 11:00,0.430,8.188
2021-03-20 12:00,0.528,8.908
2021-03-20 13:00,0.580,9.306
2021-03-20 14:00,0.602,9.479
2021-03-20 15:00,0.647,9.837
2021-03-20 16:00,0.690,10.202
2021-03-20 17:00,0.763,10.915
2021-03-20 18:00,0.743,10.706
2021-03-20 19:00,0.656,9.914
2021-03-20 20:00,0.509,8.767
2021-03-20 21:00,0.347,7.563
2021-03-20 22:00,0.254,6.787
2021-03-20 23:00,0.359,7.642
2021-03-21 00:00,0.643,9.803
2021-03-21 01:00,0.847,11.956
2021-03-21 02:00,0.925,13.465
2021-03-21 03:00,0.953,14.315
2021-03-21 04:00,0.960,14.629
2021-03-21 05:00,0.964,14.797
2021-03-21 06:00,0.968,14.969
2021-03-21 07:00,0.971,15.145
2021-03-21 08:00,0.972,15.206
2021-03-21 09:00,0.966,14.888
2021-03-21 10:00,0.953,14.343
2021-03-21 11:00,0.933,13.670
2021-03-21 12:00,0.913,13.164
2021-03-21 13:00,0.900,12.875
2021-03-21 14:00,0.883,12.561
2021-03-21 15:00,0.876,12.425
2021-03-21 16:00,0.876,12.430
2021-03-21 17:00,0.877,12.441
2021-03-21 18:00,0.862,12.199
2021-03-21 19:00,0.809,11.447
2021-03-21 20:00,0.695,10.254
2021-03-21 21:00,0.522,8.869
2021-03-21 22:00,0.365,7.703
2021-03-21 23:00,0.328,7.406
2021-03-22 00:00,0.385,7.847
2021-03-22 01:00,0.446,8.299
2021-03-22 02:00,0.482,8.568
2021-03-22 03:00,0.514,8.806
2021-03-22 04:00,0.564,9.181
2021-03-22 05:00,0.608,9.515
2021-03-22 06:00,0.618,9.606
2021-03-22 07:00,0.609,9.532
2021-03-22 08:00,0.547,9.046
2021-03-22 09:00,0.423,8.135
2021-03-22 10:00,0.351,7.588
2021-03-22 11:00,0.319,7.329
2021-03-22 12:00,0.297,7.152
2021-03-22 13:00,0.260,6.839
2021-03-22 14:00,0.222,6.490
2021-03-22 15:00,0.191,6.187
2021-03-22 16:00,0.169,5.949
2021-03-22 17:00,0.164,5.895
2021-03-22 18:00,0.179,6.063
2021-03-22 19:00,0.219,6.459
2021-03-22 20:00,0.281,7.022
2021-03-22 21:00,0.351,7.585
2021-03-22 22:00,0.422,8.131
2021-03-22 23:00,0.429,8.178
2021-03-23 00:00,0.497,8.676
2021-03-23 01:00,0.578,9.292
2021-03-23 02:00,0.631,9.705
2021-03-23 03:00,0.664,9.980
2021-03-23 04:00,0.685,10.158
2021-03-23 05:00,0.680,10.119
2021-03-23 06:00,0.643,9.809
2021-03-23 07:00,0.576,9.276
2021-03-23 08:00,0.486,8.605
2021-03-23 09:00,0.487,8.608
2021-03-23 10:00,0.518,8.831
2021-03-23 11:00,0.535,8.964
2021-03-23 12:00,0.544,9.026
2021-03-23 13:00,0.532,8.940
2021-03-23 14:00,0.506,8.751
2021-03-23 15:00,0.487,8.612
2021-03-23 16:00,0.484,8.585
2021-03-23 17:00,0.452,8.348
2021-03-23 18:00,0.383,7.834
2021-03-23 19:00,0.333,7.454
2021-03-23 20:00,0.333,7.443
2021-03-23 21:00,0.359,7.642
2021-03-23 22:00,0.335,7.471
2021-03-23 23:00,0.283,7.047
2021-03-24 00:00,0.297,7.149
2021-03-24 01:00,0.383,7.835
2021-03-24 02:00,0.450,8.327
2021-03-24 03:00,0.424,8.144
2021-03-24 04:00,0.356,7.630
2021-03-24 05:00,0.295,7.136
2021-03-24 06:00,0.217,6.444
2021-03-24 07:00,0.197,6.248
2021-03-24 08:00,0.204,6.319
2021-03-24 09:00,0.212,6.396
2021-03-24 10:00,0.208,6.355
2021-03-24 11:00,0.200,6.279
2021-03-24 12:00,0.179,6.065
2021-03-24 13:00,0.167,5.929
2021-03-24 14:00,0.175,6.010
2021-03-24 15:00,0.186,6.135
2021-03-24 16:00,0.160,5.848
2021-03-24 17:00,0.113,5.270
2021-03-24 18:00,0.068,4.550
2021-03-24 19:00,0.030,3.697
2021-03-24 20:00,0.009,2.783
2021-03-24 21:00,0.001,1.984
2021-03-24 22:00,0,0.966
2021-03-24 23:00,0,0.463
2021-03-25 00:00,0,0.620
2021-03-25 01:00,0,0.543
2021-03-25 02:00,0,0.755
2021-03-25 03:00,0,1.616
2021-03-25 04:00,0.009,2.787
2021-03-25 05:00,0.024,3.487
2021-03-25 06:00,0.027,3.600
2021-03-25 07:00,0.018,3.256
2021-03-25 08:00,0.011,2.942
2021-03-25 09:00,0.012,3.009
2021-03-25 10:00,0.020,3.362
2021-03-25 11:00,0.020,3.336
2021-03-25 12:00,0.004,2.442
2021-03-25 13:00,0.001,1.736
2021-03-25 14:00,0,0.925
2021-03-25 15:00,0,0.570
2021-03-25 16:00,0,0.348
2021-03-25 17:00,0,0.430
2021-03-25 18:00,0,0.688
2021-03-25 19:00,0,0.993
2021-03-25 20:00,0,1.225
2021-03-25 21:00,0,1.261
2021-03-25 22:00,0,1.411
2021-03-25 23:00,0,1.489
2021-03-26 00:00,0.001,1.881
2021-03-26 01:00,0.001,1.809
2021-03-26 02:00,0.001,1.740
2021-03-26 03:00,0.001,1.755
2021-03-26 04:00,0,1.404
2021-03-26 05:00,0.001,1.698
2021-03-26 06:00,0.006,2.613
2021-03-26 07:00,0.019,3.331
2021-03-26 08:00,0.026,3.559
2021-03-26 09:00,0.041,3.986
2021-03-26 10:00,0.048,4.154
2021-03-26 11:00,0.083,4.814
2021-03-26 12:00,0.178,6.047
2021-03-26 13:00,0.269,6.917
2021-03-26 14:00,0.335,7.467
2021-03-26 15:00,0.447,8.314
2021-03-26 16:00,0.583,9.332
2021-03-26 17:00,0.647,9.831
2021-03-26 18:00,0.658,9.924
2021-03-26 19:00,0.656,9.900
2021-03-26 20:00,0.683,10.143
2021-03-26 21:00,0.742,10.695
2021-03-26 22:00,0.764,10.928
2021-03-26 23:00,0.759,10.864
2021-03-27 00:00,0.846,11.955
2021-03-27 01:00,0.943,13.963
2021-03-27 02:00,0.980,15.808
2021-03-27 03:00,0.981,15.888
2021-03-27 04:00,0.951,14.270
2021-03-27 05:00,0.949,14.175
2021-03-27 06:00,0.965,14.860
2021-03-27 07:00,0.971,15.176
2021-03-27 08:00,0.957,14.503
2021-03-27 09:00,0.910,13.084
2021-03-27 10:00,0.860,12.157
2021-03-27 11:00,0.817,11.533
2021-03-27 12:00,0.801,11.337
2021-03-27 13:00,0.797,11.301
2021-03-27 14:00,0.779,11.090
2021-03-27 15:00,0.751,10.791
2021-03-27 16:00,0.741,10.690
2021-03-27 17:00,0.750,10.779
2021-03-27 18:00,0.747,10.741
2021-03-27 19:00,0.726,10.540
2021-03-27 20:00,0.709,10.382
2021-03-27 21:00,0.679,10.106
2021-03-27 22:00,0.635,9.734
2021-03-27 23:00,0.620,9.618
2021-03-28 00:00,0.571,9.234
2021-03-28 01:00,0.521,8.863
2021-03-28 02:00,0.462,8.417
2021-03-28 03:00,0.413,8.055
2021-03-28 04:00,0.371,7.750
2021-03-28 05:00,0.328,7.410
2021-03-28 06:00,0.288,7.079
2021-03-28 07:00,0.289,7.091
2021-03-28 08:00,0.316,7.312
2021-03-28 09:00,0.389,7.882
2021-03-28 10:00,0.488,8.614
2021-03-28 11:00,0.554,9.104
2021-03-28 12:00,0.591,9.391
2021-03-28 13:00,0.630,9.697
2021-03-28 14:00,0.748,10.752
2021-03-28 15:00,0.766,10.942
2021-03-28 16:00,0.687,10.174
2021-03-28 17:00,0.539,8.987
2021-03-28 18:00,0.394,7.914
2021-03-28 19:00,0.289,7.088
2021-03-28 20:00,0.192,6.194
2021-03-28 21:00,0.109,5.202
2021-03-28 22:00,0.051,4.217
2021-03-28 23:00,0.021,3.375
2021-03-29 00:00,0.006,2.572
2021-03-29 01:00,0.006,2.595
2021-03-29 02:00,0.017,3.208
2021-03-29 03:00,0.020,3.358
2021-03-29 04:00,0.020,3.353
2021-03-29 05:00,0.038,3.914
2021-03-29 06:00,0.068,4.542
2021-03-29 07:00,0.057,4.349
2021-03-29 08:00,0.052,4.249
2021-03-29 09:00,0.047,4.129
2021-03-29 10:00,0.042,4.002
2021-03-29 11:00,0.043,4.046
2021-03-29 12:00,0.050,4.187
2021-03-29 13:00,0.048,4.161
2021-03-29 14:00,0.047,4.116
2021-03-29 15:00,0.059,4.379
2021-03-29 16:00,0.074,4.658
2021-03-29 17:00,0.073,4.643
2021-03-29 18:00,0.070,4.593
2021-03-29 19:00,0.062,4.454
2021-03-29 20:00,0.056,4.333
2021-03-29 21:00,0.060,4.394
2021-03-29 22:00,0.075,4.689
2021-03-29 23:00,0.081,4.783
2021-03-30 00:00,0.125,5.434
2021-03-30 01:00,0.183,6.108
2021-03-30 02:00,0.242,6.676
2021-03-30 03:00,0.262,6.858
2021-03-30 04:00,0.251,6.753
2021-03-30 05:00,0.158,5.826
2021-03-30 06:00,0.204,6.320
2021-03-30 07:00,0.420,8.114
2021-03-30 08:00,0.437,8.236
2021-03-30 09:00,0.453,8.356
2021-03-30 10:00,0.459,8.397
2021-03-30 11:00,0.434,8.216
2021-03-30 12:00,0.473,8.504
2021-03-30 13:00,0.497,8.670
2021-03-30 14:00,0.422,8.126
2021-03-30 15:00,0.302,7.194
2021-03-30 16:00,0.233,6.596
2021-03-30 17:00,0.179,6.064
2021-03-30 18:00,0.120,5.368
2021-03-30 19:00,0.103,5.120
2021-03-30 20:00,0.087,4.882
2021-03-30 21:00,0.115,5.280
2021-03-30 22:00,0.119,5.345
2021-03-30 23:00,0.069,4.584
2021-03-31 00:00,0.029,3.640
2021-03-31 01:00,0.015,3.139
2021-03-31 02:00,0.005,2.470
2021-03-31 03:00,0,1.542
2021-03-31 04:00,0,0.665
2021-03-31 05:00,0,0.982
2021-03-31 06:00,0.001,1.910
2021-03-31 07:00,0.009,2.830
2021-03-31 08:00,0.033,3.779
2021-03-31 09:00,0.104,5.144
2021-03-31 10:00,0.128,5.461
2021-03-31 11:00,0.135,5.543
2021-03-31 12:00,0.128,5.463
2021-03-31 13:00,0.100,5.083
2021-03-31 14:00,0.082,4.801
2021-03-31 15:00,0.061,4.408
2021-03-31 16:00,0.057,4.345
2021-03-31 17:00,0.100,5.088
2021-03-31 18:00,0.172,5.989
2021-03-31 19:00,0.125,5.423
2021-03-31 20:00,0.146,5.693
2021-03-31 21:00,0.331,7.433
2021-03-31 22:00,0.413,8.060
2021-03-31 23:00,0.313,7.289
2021-04-01 00:00,0.487,8.611
2021-04-01 01:00,0.735,10.623
2021-04-01 02:00,0.824,11.642
2021-04-01 03:00,0.834,11.772
2021-04-01 04:00,0.797,11.292
2021-04-01 05:00,0.712,10.407
2021-04-01 06:00,0.670,10.033
2021-04-01 07:00,0.703,10.324
2021-04-01 08:00,0.672,10.047
2021-04-01 09:00,0.744,10.714
2021-04-01 10:00,0.817,11.540
2021-04-01 11:00,0.827,11.673
2021-04-01 12:00,0.787,11.175
2021-04-01 13:00,0.727,10.546
2021-04-01 14:00,0.647,9.839
2021-04-01 15:00,0.617,9.598
2021-04-01 16:00,0.653,9.885
2021-04-01 17:00,0.690,10.203
2021-04-01 18:00,0.675,10.074
2021-04-01 19:00,0.629,9.685
2021-04-01 20:00,0.596,9.428
2021-04-01 21:00,0.578,9.289
2021-04-01 22:00,0.506,8.743
2021-04-01 23:00,0.518,8.839
2021-04-02 00:00,0.587,9.357
2021-04-02 01:00,0.586,9.349
2021-04-02 02:00,0.528,8.908
2021-04-02 03:00,0.451,8.343
2021-04-02 04:00,0.313,7.295
2021-04-02 05:00,0.185,6.123
2021-04-02 06:00,0.124,5.421
2021-04-02 07:00,0.109,5.204
2021-04-02 08:00,0.105,5.156
2021-04-02 09:00,0.098,5.047
2021-04-02 10:00,0.123,5.399
2021-04-02 11:00,0.244,6.692
2021-04-02 12:00,0.410,8.032
2021-04-02 13:00,0.561,9.160
2021-04-02 14:00,0.670,10.030
2021-04-02 15:00,0.733,10.597
2021-04-02 16:00,0.784,11.141
2021-04-02 17:00,0.806,11.403
2021-04-02 18:00,0.801,11.335
2021-04-02 19:00,0.796,11.277
2021-04-02 20:00,0.760,10.871
2021-04-02 21:00,0.775,11.041
2021-04-02 22:00,0.785,11.159
2021-04-02 23:00,0.779,11.077
2021-04-03 00:00,0.782,11.117
2021-04-03 01:00,0.831,11.727
2021-04-03 02:00,0.847,11.964
2021-04-03 03:00,0.880,12.487
2021-04-03 04:00,0.888,12.647
2021-04-03 05:00,0.858,12.125
2021-04-03 06:00,0.827,11.668
2021-04-03 07:00,0.758,10.849
2021-04-03 08:00,0.590,9.380
2021-04-03 09:00,0.447,8.314
2021-04-03 10:00,0.334,7.456
2021-04-03 11:00,0.193,6.205
2021-04-03 12:00,0.092,4.969
2021-04-03 13:00,0.059,4.374
2021-04-03 14:00,0.071,4.604
2021-04-03 15:00,0.113,5.267
2021-04-03 16:00,0.191,6.187
2021-04-03 17:00,0.270,6.921
2021-04-03 18:00,0.313,7.287
2021-04-03 19:00,0.352,7.596
2021-04-03 20:00,0.460,8.407
2021-04-03 21:00,0.605,9.491
2021-04-03 22:00,0.707,10.357
2021-04-03 23:00,0.750,10.780
2021-04-04 00:00,0.770,10.982
2021-04-04 01:00,0.726,10.539
2021-04-04 02:00,0.647,9.841
2021-04-04 03:00,0.584,9.338
2021-04-04 04:00,0.557,9.129
2021-04-04 05:00,0.538,8.983
2021-04-04 06:00,0.519,8.849
2021-04-04 07:00,0.522,8.869
2021-04-04 08:00,0.528,8.907
2021-04-04 09:00,0.588,9.369
2021-04-04 10:00,0.648,9.849
2021-04-04 11:00,0.608,9.517
2021-04-04 12:00,0.594,9.405
2021-04-04 13:00,0.593,9.397
2021-04-04 14:00,0.525,8.888
2021-04-04 15:00,0.453,8.354
2021-04-04 16:00,0.364,7.694
2021-04-04 17:00,0.295,7.139
2021-04-04 18:00,0.270,6.931
2021-04-04 19:00,0.263,6.864
2021-04-04 20:00,0.234,6.610
2021-04-04 21:00,0.179,6.053
2021-04-04 22:00,0.097,5.028
2021-04-04 23:00,0.098,5.044
2021-04-05 00:00,0.136,5.558
2021-04-05 01:00,0.171,5.967
2021-04-05 02:00,0.214,6.413
2021-04-05 03:00,0.232,6.579
2021-04-05 04:00,0.195,6.228
2021-04-05 05:00,0.136,5.562
2021-04-05 06:00,0.115,5.288
2021-04-05 07:00,0.138,5.596
2021-04-05 08:00,0.234,6.599
2021-04-05 09:00,0.353,7.600
2021-04-05 10:00,0.370,7.736
2021-04-05 11:00,0.300,7.183
2021-04-05 12:00,0.225,6.529
2021-04-05 13:00,0.150,5.734
2021-04-05 14:00,0.093,4.972
2021-04-05 15:00,0.054,4.281
2021-04-05 16:00,0.028,3.625
2021-04-05 17:00,0.008,2.762
2021-04-05 18:00,0.001,1.954
2021-04-05 19:00,0,1.265
2021-04-05 20:00,0,0.583
2021-04-05 21:00,0,0.682
2021-04-05 22:00,0,0.680
2021-04-05 23:00,0,1.186
2021-04-06 00:00,0.002,2.141
2021-04-06 01:00,0.016,3.189
2021-04-06 02:00,0.047,4.125
2021-04-06 03:00,0.067,4.525
2021-04-06 04:00,0.087,4.878
2021-04-06 05:00,0.128,5.474
2021-04-06 06:00,0.191,6.184
2021-04-06 07:00,0.223,6.506
2021-04-06 08:00,0.255,6.798
2021-04-06 09:00,0.270,6.925
2021-04-06 10:00,0.262,6.853
2021-04-06 11:00,0.252,6.775
2021-04-06 12:00,0.244,6.701
2021-04-06 13:00,0.224,6.520
2021-04-06 14:00,0.207,6.344
2021-04-06 15:00,0.185,6.130
2021-04-06 16:00,0.158,5.835
2021-04-06 17:00,0.138,5.589
2021-04-06 18:00,0.117,5.315
2021-04-06 19:00,0.083,4.816
2021-04-06 20:00,0.059,4.383
2021-04-06 21:00,0.048,4.147
2021-04-06 22:00,0.047,4.131
2021-04-06 23:00,0.041,3.974
2021-04-07 00:00,0.023,3.458
2021-04-07 01:00,0.019,3.327
2021-04-07 02:00,0.018,3.287
2021-04-07 03:00,0.019,3.307
2021-04-07 04:00,0.035,3.840
2021-04-07 05:00,0.071,4.605
2021-04-07 06:00,0.101,5.096
2021-04-07 07:00,0.118,5.337
2021-04-07 08:00,0.125,5.431
2021-04-07 09:00,0.135,5.551
2021-04-07 10:00,0.142,5.648
2021-04-07 11:00,0.125,5.425
2021-04-07 12:00,0.102,5.110
2021-04-07 13:00,0.102,5.107
2021-04-07 14:00,0.125,5.427
2021-04-07 15:00,0.144,5.664
2021-04-07 16:00,0.140,5.621
2021-04-07 17:00,0.128,5.459
2021-04-07 18:00,0.124,5.411
2021-04-07 19:00,0.131,5.500
2021-04-07 20:00,0.139,5.602
2021-04-07 21:00,0.141,5.626
2021-04-07 22:00,0.097,5.035
2021-04-07 23:00,0.071,4.609
2021-04-08 00:00,0.109,5.215
2021-04-08 01:00,0.190,6.171
2021-04-08 02:00,0.281,7.029
2021-04-08 03:00,0.346,7.556
2021-04-08 04:00,0.371,7.747
2021-04-08 05:00,0.379,7.807
2021-04-08 06:00,0.398,7.949
2021-04-08 07:00,0.421,8.117
2021-04-08 08:00,0.429,8.179
2021-04-08 09:00,0.429,8.182
2021-04-08 10:00,0.493,8.647
2021-04-08 11:00,0.534,8.958
2021-04-08 12:00,0.540,8.991
2021-04-08 13:00,0.491,8.638
2021-04-08 14:00,0.404,7.995
2021-04-08 15:00,0.315,7.304
2021-04-08 16:00,0.236,6.625
2021-04-08 17:00,0.158,5.826
2021-04-08 18:00,0.095,5.004
2021-04-08 19:00,0.074,4.662
2021-04-08 20:00,0.060,4.388
2021-04-08 21:00,0.041,3.997
2021-04-08 22:00,0.019,3.303
2021-04-08 23:00,0.008,2.759
2021-04-09 00:00,0.026,3.572
2021-04-09 01:00,0.032,3.748
2021-04-09 02:00,0.029,3.640
2021-04-09 03:00,0.024,3.475
2021-04-09 04:00,0.025,3.535
2021-04-09 05:00,0.048,4.161
2021-04-09 06:00,0.097,5.032
2021-04-09 07:00,0.150,5.740
2021-04-09 08:00,0.194,6.220
2021-04-09 09:00,0.219,6.470
2021-04-09 10:00,0.149,5.721
2021-04-09 11:00,0.056,4.321
2021-04-09 12:00,0.101,5.090
2021-04-09 13:00,0.286,7.068
2021-04-09 14:00,0.422,8.125
2021-04-09 15:00,0.431,8.193
2021-04-09 16:00,0.321,7.357
2021-04-09 17:00,0.234,6.605
2021-04-09 18:00,0.189,6.165
2021-04-09 19:00,0.160,5.857
2021-04-09 20:00,0.149,5.724
2021-04-09 21:00,0.158,5.833
2021-04-09 22:00,0.118,5.322
2021-04-09 23:00,0.090,4.924
2021-04-10 00:00,0.049,4.182
2021-04-10 01:00,0.015,3.153
2021-04-10 02:00,0.001,1.987
2021-04-10 03:00,0,0.879
2021-04-10 04:00,0,1.465
2021-04-10 05:00,0.004,2.443
2021-04-10 06:00,0.017,3.233
2021-04-10 07:00,0.035,3.841
2021-04-10 08:00,0.055,4.304
2021-04-10 09:00,0.063,4.462
2021-04-10 10:00,0.055,4.285
2021-04-10 11:00,0.041,3.981
2021-04-10 12:00,0.031,3.726
2021-04-10 13:00,0.026,3.578
2021-04-10 14:00,0.021,3.388
2021-04-10 15:00,0.017,3.235
2021-04-10 16:00,0.011,2.956
2021-04-10 17:00,0.008,2.760
2021-04-10 18:00,0.013,3.064
2021-04-10 19:00,0.040,3.965
2021-04-10 20:00,0.067,4.530
2021-04-10 21:00,0.065,4.493
2021-04-10 22:00,0.046,4.106
2021-04-10 23:00,0.016,3.195
2021-04-11 00:00,0.029,3.639
2021-04-11 01:00,0.072,4.628
2021-04-11 02:00,0.074,4.652
2021-04-11 03:00,0.026,3.580
2021-04-11 04:00,0.004,2.345
2021-04-11 05:00,0.004,2.392
2021-04-11 06:00,0.013,3.036
2021-04-11 07:00,0.024,3.504
2021-04-11 08:00,0.036,3.854
2021-04-11 09:00,0.035,3.829
2021-04-11 10:00,0.057,4.342
2021-04-11 11:00,0.105,5.159
2021-04-11 12:00,0.149,5.728
2021-04-11 13:00,0.192,6.189
2021-04-11 14:00,0.209,6.364
2021-04-11 15:00,0.281,7.024
2021-04-11 16:00,0.422,8.124
2021-04-11 17:00,0.480,8.557
2021-04-11 18:00,0.486,8.604
2021-04-11 19:00,0.566,9.201
2021-04-11 20:00,0.695,10.253
2021-04-11 21:00,0.731,10.590
2021-04-11 22:00,0.709,10.382
2021-04-11 23:00,0.691,10.221
2021-04-12 00:00,0.705,10.333
2021-04-12 01:00,0.817,11.539
2021-04-12 02:00,0.894,12.765
2021-04-12 03:00,0.894,12.759
2021-04-12 04:00,0.930,13.595
2021-04-12 05:00,0.953,14.341
2021-04-12 06:00,0.961,14.668
2021-04-12 07:00,0.961,14.642
2021-04-12 08:00,0.962,14.717
2021-04-12 09:00,0.966,14.875
2021-04-12 10:00,0.956,14.426
2021-04-12 11:00,0.944,14.018
2021-04-12 12:00,0.911,13.119
2021-04-12 13:00,0.865,12.239
2021-04-12 14:00,0.800,11.326
2021-04-12 15:00,0.731,10.588
2021-04-12 16:00,0.677,10.088
2021-04-12 17:00,0.576,9.274
2021-04-12 18:00,0.551,9.085
2021-04-12 19:00,0.566,9.202
2021-04-12 20:00,0.608,9.526
2021-04-12 21:00,0.712,10.404
2021-04-12 22:00,0.754,10.818
2021-04-12 23:00,0.698,10.281
2021-04-13 00:00,0.680,10.117
2021-04-13 01:00,0.727,10.546
2021-04-13 02:00,0.795,11.273
2021-04-13 03:00,0.823,11.625
2021-04-13 04:00,0.837,11.819
2021-04-13 05:00,0.845,11.920
2021-04-13 06:00,0.832,11.737
2021-04-13 07:00,0.815,11.511
2021-04-13 08:00,0.786,11.168
2021-04-13 09:00,0.781,11.098
2021-04-13 10:00,0.801,11.332
2021-04-13 11:00,0.795,11.261
2021-04-13 12:00,0.800,11.325
2021-04-13 13:00,0.780,11.097
2021-04-13 14:00,0.753,10.811
2021-04-13 15:00,0.742,10.694
2021-04-13 16:00,0.755,10.823
2021-04-13 17:00,0.783,11.122
2021-04-13 18:00,0.808,11.433
2021-04-13 19:00,0.824,11.638
2021-04-13 20:00,0.820,11.576
2021-04-13 21:00,0.779,11.080
2021-04-13 22:00,0.692,10.228
2021-04-13 23:00,0.609,9.529
2021-04-14 00:00,0.457,8.391
2021-04-14 01:00,0.270,6.925
2021-04-14 02:00,0.148,5.712
2021-04-14 03:00,0.107,5.185
2021-04-14 04:00,0.111,5.245
2021-04-14 05:00,0.137,5.567
2021-04-14 06:00,0.141,5.631
2021-04-14 07:00,0.122,5.385
2021-04-14 08:00,0.087,4.882
2021-04-14 09:00,0.078,4.742
2021-04-14 10:00,0.085,4.843
2021-04-14 11:00,0.066,4.513
2021-04-14 12:00,0.035,3.834
2021-04-14 13:00,0.009,2.821
2021-04-14 14:00,0,1.398
2021-04-14 15:00,0,0.797
2021-04-14 16:00,0,1.546
2021-04-14 17:00,0.003,2.205
2021-04-14 18:00,0.002,2.148
2021-04-14 19:00,0,1.166
2021-04-14 20:00,0,1.158
2021-04-14 21:00,0,1.627
2021-04-14 22:00,0.001,1.792
2021-04-14 23:00,0.001,1.999
2021-04-15 00:00,0.005,2.458
2021-04-15 01:00,0.005,2.526
2021-04-15 02:00,0.005,2.477
2021-04-15 03:00,0.002,2.101
2021-04-15 04:00,0,1.313
2021-04-15 05:00,0,0.498
2021-04-15 06:00,0.001,1.784
2021-04-15 07:00,0.001,1.879
2021-04-15 08:00,0.001,1.726
2021-04-15 09:00,0.004,2.367
2021-04-15 10:00,0.025,3.546
2021-04-15 11:00,0.083,4.815
2021-04-15 12:00,0.143,5.653
2021-04-15 13:00,0.219,6.470
2021-04-15 14:00,0.302,7.190
2021-04-15 15:00,0.392,7.906
2021-04-15 16:00,0.502,8.715
2021-04-15 17:00,0.573,9.249
2021-04-15 18:00,0.647,9.831
2021-04-15 19:00,0.707,10.349
2021-04-15 20:00,0.725,10.535
2021-04-15 21:00,0.647,9.836
2021-04-15 22:00,0.586,9.355
2021-04-15 23:00,0.602,9.473
2021-04-16 00:00,0.614,9.569
2021-04-16 01:00,0.576,9.274
2021-04-16 02:00,0.520,8.852
2021-04-16 03:00,0.460,8.407
2021-04-16 04:00,0.386,7.858
2021-04-16 05:00,0.265,6.886
2021-04-16 06:00,0.136,5.559
2021-04-16 07:00,0.053,4.253
2021-04-16 08:00,0.024,3.512
2021-04-16 09:00,0.021,3.409
2021-04-16 10:00,0.015,3.136
2021-04-16 11:00,0.009,2.813
2021-04-16 12:00,0.011,2.921
2021-04-16 13:00,0.010,2.872
2021-04-16 14:00,0.004,2.345
2021-04-16 15:00,0.001,1.998
2021-04-16 16:00,0.002,2.073
2021-04-16 17:00,0.002,2.125
2021-04-16 18:00,0.001,1.996
2021-04-16 19:00,0.001,2.014
2021-04-16 20:00,0.006,2.582
2021-04-16 21:00,0.010,2.892
2021-04-16 22:00,0.014,3.109
2021-04-16 23:00,0.097,5.029
2021-04-17 00:00,0.321,7.350
2021-04-17 01:00,0.506,8.750
2021-04-17 02:00,0.413,8.056
2021-04-17 03:00,0.390,7.892
2021-04-17 04:00,0.649,9.859
2021-04-17 05:00,0.835,11.795
2021-04-17 06:00,0.904,12.976
2021-04-17 07:00,0.919,13.302
2021-04-17 08:00,0.908,13.057
2021-04-17 09:00,0.873,12.382
2021-04-17 10:00,0.856,12.096
2021-04-17 11:00,0.862,12.191
2021-04-17 12:00,0.896,12.805
2021-04-17 13:00,0.904,12.959
2021-04-17 14:00,0.892,12.725
2021-04-17 15:00,0.898,12.827
2021-04-17 16:00,0.895,12.789
2021-04-17 17:00,0.886,12.598
2021-04-17 18:00,0.884,12.564
2021-04-17 19:00,0.907,13.025
2021-04-17 20:00,0.917,13.264
2021-04-17 21:00,0.901,12.910
2021-04-17 22:00,0.876,12.438
2021-04-17 23:00,0.846,11.950
2021-04-18 00:00,0.787,11.177
2021-04-18 01:00,0.709,10.373
2021-04-18 02:00,0.621,9.629
2021-04-18 03:00,0.535,8.962
2021-04-18 04:00,0.438,8.243
2021-04-18 05:00,0.345,7.543
2021-04-18 06:00,0.293,7.127
2021-04-18 07:00,0.270,6.922
2021-04-18 08:00,0.247,6.724
2021-04-18 09:00,0.222,6.500
2021-04-18 10:00,0.192,6.201
2021-04-18 11:00,0.133,5.528
2021-04-18 12:00,0.098,5.039
2021-04-18 13:00,0.087,4.874
2021-04-18 14:00,0.094,4.994
2021-04-18 15:00,0.105,5.155
2021-04-18 16:00,0.116,5.306
2021-04-18 17:00,0.132,5.514
2021-04-18 18:00,0.143,5.652
2021-04-18 19:00,0.140,5.620
2021-04-18 20:00,0.135,5.545
2021-04-18 21:00,0.129,5.484
2021-04-18 22:00,0.118,5.321
2021-04-18 23:00,0.123,5.408
2021-04-19 00:00,0.208,6.362
2021-04-19 01:00,0.259,6.831
2021-04-19 02:00,0.275,6.978
2021-04-19 03:00,0.277,6.985
2021-04-19 04:00,0.287,7.072
2021-04-19 05:00,0.292,7.114
2021-04-19 06:00,0.291,7.101
2021-04-19 07:00,0.270,6.930
2021-04-19 08:00,0.243,6.685
2021-04-19 09:00,0.230,6.572
2021-04-19 10:00,0.233,6.596
2021-04-19 11:00,0.206,6.333
2021-04-19 12:00,0.163,5.883
2021-04-19 13:00,0.123,5.401
2021-04-19 14:00,0.091,4.945
2021-04-19 15:00,0.061,4.432
2021-04-19 16:00,0.040,3.958
2021-04-19 17:00,0.026,3.577
2021-04-19 18:00,0.017,3.225
2021-04-19 19:00,0.009,2.825
2021-04-19 20:00,0.004,2.429
2021-04-19 21:00,0.002,2.067
2021-04-19 22:00,0.001,1.746
2021-04-19 23:00,0,1.404
2021-04-20 00:00,0,0.997
2021-04-20 01:00,0,1.227
2021-04-20 02:00,0,1.652
2021-04-20 03:00,0.003,2.211
2021-04-20 04:00,0.007,2.668
2021-04-20 05:00,0.012,3.024
2021-04-20 06:00,0.018,3.293
2021-04-20 07:00,0.031,3.703
2021-04-20 08:00,0.061,4.414
2021-04-20 09:00,0.101,5.094
2021-04-20 10:00,0.140,5.612
2021-04-20 11:00,0.144,5.672
2021-04-20 12:00,0.132,5.521
2021-04-20 13:00,0.110,5.222
2021-04-20 14:00,0.078,4.737
2021-04-20 15:00,0.057,4.346
2021-04-20 16:00,0.055,4.306
2021-04-20 17:00,0.050,4.191
2021-04-20 18:00,0.044,4.064
2021-04-20 19:00,0.038,3.896
2021-04-20 20:00,0.048,4.149
2021-04-20 21:00,0.067,4.539
2021-04-20 22:00,0.078,4.729
2021-04-20 23:00,0.073,4.637
2021-04-21 00:00,0.042,4.007
2021-04-21 01:00,0.026,3.578
2021-04-21 02:00,0.033,3.769
2021-04-21 03:00,0.041,3.973
2021-04-21 04:00,0.047,4.132
2021-04-21 05:00,0.047,4.131
2021-04-21 06:00,0.044,4.069
2021-04-21 07:00,0.050,4.208
2021-04-21 08:00,0.073,4.641
2021-04-21 09:00,0.108,5.192
2021-04-21 10:00,0.077,4.711
2021-04-21 11:00,0.019,3.322
2021-04-21 12:00,0.001,1.835
2021-04-21 13:00,0,1.063
2021-04-21 14:00,0,1.229
2021-04-21 15:00,0.001,1.912
2021-04-21 16:00,0.013,3.030
2021-04-21 17:00,0.045,4.096
2021-04-21 18:00,0.098,5.048
2021-04-21 19:00,0.145,5.680
2021-04-21 20:00,0.211,6.393
2021-04-21 21:00,0.297,7.159
2021-04-21 22:00,0.361,7.662
2021-04-21 23:00,0.358,7.639
2021-04-22 00:00,0.340,7.503
2021-04-22 01:00,0.362,7.680
2021-04-22 02:00,0.339,7.493
2021-04-22 03:00,0.280,7.021
2021-04-22 04:00,0.223,6.505
2021-04-22 05:00,0.148,5.702
2021-04-22 06:00,0.104,5.135
2021-04-22 07:00,0.097,5.035
2021-04-22 08:00,0.171,5.965
2021-04-22 09:00,0.390,7.891
2021-04-22 10:00,0.692,10.225
2021-04-22 11:00,0.815,11.512
2021-04-22 12:00,0.857,12.114
2021-04-22 13:00,0.862,12.184
2021-04-22 14:00,0.818,11.554
2021-04-22 15:00,0.804,11.386
2021-04-22 16:00,0.798,11.312
2021-04-22 17:00,0.752,10.800
2021-04-22 18:00,0.737,10.644
2021-04-22 19:00,0.801,11.333
2021-04-22 20:00,0.847,11.964
2021-04-22 21:00,0.837,11.823
2021-04-22 22:00,0.820,11.590
2021-04-22 23:00,0.831,11.731
2021-04-23 00:00,0.871,12.328
2021-04-23 01:00,0.877,12.441
2021-04-23 02:00,0.869,12.305
2021-04-23 03:00,0.850,11.991
2021-04-23 04:00,0.815,11.510
2021-04-23 05:00,0.783,11.139
2021-04-23 06:00,0.700,10.296
2021-04-23 07:00,0.571,9.234
2021-04-23 08:00,0.450,8.331
2021-04-23 09:00,0.478,8.542
2021-04-23 10:00,0.573,9.247
2021-04-23 11:00,0.650,9.860
2021-04-23 12:00,0.598,9.438
2021-04-23 13:00,0.480,8.548
2021-04-23 14:00,0.394,7.916
2021-04-23 15:00,0.404,7.994
2021-04-23 16:00,0.377,7.780
2021-04-23 17:00,0.324,7.371
2021-04-23 18:00,0.305,7.230
2021-04-23 19:00,0.264,6.873
2021-04-23 20:00,0.213,6.407
2021-04-23 21:00,0.145,5.680
2021-04-23 22:00,0.061,4.421
2021-04-23 23:00,0.036,3.857
2021-04-24 00:00,0.029,3.639
2021-04-24 01:00,0.002,2.037
2021-04-24 02:00,0,0.538
2021-04-24 03:00,0.005,2.535
2021-04-24 04:00,0.052,4.251
2021-04-24 05:00,0.149,5.732
2021-04-24 06:00,0.229,6.563
2021-04-24 07:00,0.228,6.556
2021-04-24 08:00,0.201,6.293
2021-04-24 09:00,0.198,6.258
2021-04-24 10:00,0.226,6.531
2021-04-24 11:00,0.266,6.891
2021-04-24 12:00,0.304,7.215
2021-04-24 13:00,0.328,7.404
2021-04-24 14:00,0.264,6.870
2021-04-24 15:00,0.206,6.342
2021-04-24 16:00,0.159,5.842
2021-04-24 17:00,0.123,5.399
2021-04-24 18:00,0.109,5.215
2021-04-24 19:00,0.090,4.934
2021-04-24 20:00,0.077,4.725
2021-04-24 21:00,0.076,4.695
2021-04-24 22:00,0.065,4.494
2021-04-24 23:00,0.087,4.873
2021-04-25 00:00,0.125,5.425
2021-04-25 01:00,0.114,5.274
2021-04-25 02:00,0.080,4.772
2021-04-25 03:00,0.027,3.586
2021-04-25 04:00,0.002,2.083
2021-04-25 05:00,0.002,2.035
2021-04-25 06:00,0.025,3.521
2021-04-25 07:00,0.091,4.941
2021-04-25 08:00,0.139,5.607
2021-04-25 09:00,0.107,5.178
2021-04-25 10:00,0.051,4.216
2021-04-25 11:00,0.015,3.138
2021-04-25 12:00,0.014,3.100
2021-04-25 13:00,0.044,4.052
2021-04-25 14:00,0.100,5.070
2021-04-25 15:00,0.145,5.681
2021-04-25 16:00,0.172,5.990
2021-04-25 17:00,0.197,6.237
2021-04-25 18:00,0.209,6.366
2021-04-25 19:00,0.199,6.264
2021-04-25 20:00,0.179,6.056
2021-04-25 21:00,0.172,5.979
2021-04-25 22:00,0.159,5.847
2021-04-25 23:00,0.175,6.010
2021-04-26 00:00,0.205,6.328
2021-04-26 01:00,0.210,6.371
2021-04-26 02:00,0.192,6.189
2021-04-26 03:00,0.156,5.796
2021-04-26 04:00,0.102,5.114
2021-04-26 05:00,0.056,4.319
2021-04-26 06:00,0.044,4.055
2021-04-26 07:00,0.035,3.836
2021-04-26 08:00,0.042,4.010
2021-04-26 09:00,0.069,4.570
2021-04-26 10:00,0.082,4.789
2021-04-26 11:00,0.069,4.583
2021-04-26 12:00,0.070,4.592
2021-04-26 13:00,0.097,5.026
2021-04-26 14:00,0.144,5.667
2021-04-26 15:00,0.179,6.061
2021-04-26 16:00,0.209,6.368
2021-04-26 17:00,0.244,6.699
2021-04-26 18:00,0.252,6.774
2021-04-26 19:00,0.254,6.795
2021-04-26 20:00,0.270,6.931
2021-04-26 21:00,0.282,7.032
2021-04-26 22:00,0.237,6.640
2021-04-26 23:00,0.212,6.402
2021-04-27 00:00,0.179,6.064
2021-04-27 01:00,0.164,5.895
2021-04-27 02:00,0.185,6.130
2021-04-27 03:00,0.207,6.348
2021-04-27 04:00,0.248,6.727
2021-04-27 05:00,0.297,7.151
2021-04-27 06:00,0.331,7.435
2021-04-27 07:00,0.374,7.768
2021-04-27 08:00,0.407,8.021
2021-04-27 09:00,0.457,8.391
2021-04-27 10:00,0.518,8.833
2021-04-27 11:00,0.541,9.005
2021-04-27 12:00,0.509,8.770
2021-04-27 13:00,0.419,8.105
2021-04-27 14:00,0.379,7.811
2021-04-27 15:00,0.382,7.827
2021-04-27 16:00,0.350,7.578
2021-04-27 17:00,0.283,7.039
2021-04-27 18:00,0.203,6.307
2021-04-27 19:00,0.128,5.457
2021-04-27 20:00,0.107,5.183
2021-04-27 21:00,0.068,4.547
2021-04-27 22:00,0.030,3.683
2021-04-27 23:00,0.016,3.177
2021-04-28 00:00,0.004,2.358
2021-04-28 01:00,0.001,1.828
2021-04-28 02:00,0.002,2.075
2021-04-28 03:00,0.006,2.625
2021-04-28 04:00,0.009,2.821
2021-04-28 05:00,0.009,2.834
2021-04-28 06:00,0.003,2.339
2021-04-28 07:00,0.003,2.328
2021-04-28 08:00,0.003,2.235
2021-04-28 09:00,0.004,2.438
2021-04-28 10:00,0.015,3.150
2021-04-28 11:00,0.025,3.537
2021-04-28 12:00,0.026,3.569
2021-04-28 13:00,0.032,3.763
2021-04-28 14:00,0.027,3.597
2021-04-28 15:00,0.018,3.285
2021-04-28 16:00,0.043,4.034
2021-04-28 17:00,0.084,4.827
2021-04-28 18:00,0.087,4.889
2021-04-28 19:00,0.087,4.884
2021-04-28 20:00,0.143,5.654
2021-04-28 21:00,0.204,6.318
2021-04-28 22:00,0.186,6.139
2021-04-28 23:00,0.158,5.832
2021-04-29 00:00,0.118,5.326
2021-04-29 01:00,0.104,5.138
2021-04-29 02:00,0.103,5.125
2021-04-29 03:00,0.095,5.012
2021-04-29 04:00,0.101,5.096
2021-04-29 05:00,0.136,5.562
2021-04-29 06:00,0.173,6.002
2021-04-29 07:00,0.202,6.298
2021-04-29 08:00,0.298,7.166
2021-04-29 09:00,0.508,8.758
2021-04-29 10:00,0.717,10.459
2021-04-29 11:00,0.736,10.636
2021-04-29 12:00,0.871,12.335
2021-04-29 13:00,0.959,14.581
2021-04-29 14:00,0.981,15.833
2021-04-29 15:00,0.979,15.665
2021-04-29 16:00,0.961,14.642
2021-04-29 17:00,0.942,13.932
2021-04-29 18:00,0.895,12.789
2021-04-29 19:00,0.860,12.163
2021-04-29 20:00,0.864,12.218
2021-04-29 21:00,0.898,12.845
2021-04-29 22:00,0.883,12.550
2021-04-29 23:00,0.852,12.043
2021-04-30 00:00,0.840,11.857
2021-04-30 01:00,0.779,11.078
2021-04-30 02:00,0.665,9.987
2021-04-30 03:00,0.521,8.860
2021-04-30 04:00,0.379,7.810
2021-04-30 05:00,0.247,6.722
2021-04-30 06:00,0.109,5.219
2021-04-30 07:00,0.046,4.099
2021-04-30 08:00,0.046,4.109
2021-04-30 09:00,0.148,5.713
2021-04-30 10:00,0.281,7.030
2021-04-30 11:00,0.021,3.403
2021-04-30 12:00,0.001,1.721
2021-04-30 13:00,0.017,3.229
2021-04-30 14:00,0.124,5.414
2021-04-30 15:00,0.234,6.610
2021-04-30 16:00,0.112,5.251
2021-04-30 17:00,0.032,3.749
2021-04-30 18:00,0.005,2.520
2021-04-30 19:00,0,1.256
2021-04-30 20:00,0.010,2.862
2021-04-30 21:00,0.069,4.572
2021-04-30 22:00,0.213,6.406
2021-04-30 23:00,0.433,8.211
2021-05-01 00:00,0.599,9.443
2021-05-01 01:00,0.718,10.463
2021-05-01 02:00,0.827,11.671
2021-05-01 03:00,0.861,12.172
2021-05-01 04:00,0.857,12.118
2021-05-01 05:00,0.850,11.994
2021-05-01 06:00,0.850,12.005
2021-05-01 07:00,0.846,11.946
2021-05-01 08:00,0.832,11.750
2021-05-01 09:00,0.793,11.251
2021-05-01 10:00,0.758,10.850
2021-05-01 11:00,0.724,10.524
2021-05-01 12:00,0.705,10.343
2021-05-01 13:00,0.709,10.375
2021-05-01 14:00,0.727,10.546
2021-05-01 15:00,0.737,10.646
2021-05-01 16:00,0.733,10.611
2021-05-01 17:00,0.722,10.492
2021-05-01 18:00,0.689,10.201
2021-05-01 19:00,0.633,9.716
2021-05-01 20:00,0.588,9.371
2021-05-01 21:00,0.605,9.498
2021-05-01 22:00,0.626,9.663
2021-05-01 23:00,0.589,9.373
2021-05-02 00:00,0.478,8.539
2021-05-02 01:00,0.343,7.526
2021-05-02 02:00,0.249,6.736
2021-05-02 03:00,0.215,6.422
2021-05-02 04:00,0.175,6.008
2021-05-02 05:00,0.115,5.292
2021-05-02 06:00,0.074,4.671
2021-05-02 07:00,0.055,4.286
2021-05-02 08:00,0.038,3.914
2021-05-02 09:00,0.037,3.883
2021-05-02 10:00,0.046,4.099
2021-05-02 11:00,0.031,3.707
2021-05-02 12:00,0.010,2.878
2021-05-02 13:00,0.003,2.252
2021-05-02 14:00,0.002,2.199
2021-05-02 15:00,0.006,2.611
2021-05-02 16:00,0.006,2.589
2021-05-02 17:00,0.005,2.467
2021-05-02 18:00,0.005,2.509
2021-05-02 19:00,0.009,2.817
2021-05-02 20:00,0.007,2.646
2021-05-02 21:00,0.006,2.622
2021-05-02 22:00,0.007,2.665
2021-05-02 23:00,0.010,2.877
2021-05-03 00:00,0.015,3.142
2021-05-03 01:00,0.030,3.695
2021-05-03 02:00,0.068,4.545
2021-05-03 03:00,0.103,5.122
2021-05-03 04:00,0.110,5.233
2021-05-03 05:00,0.092,4.958
2021-05-03 06:00,0.091,4.940
2021-05-03 07:00,0.122,5.386
2021-05-03 08:00,0.131,5.510
2021-05-03 09:00,0.155,5.791
2021-05-03 10:00,0.237,6.638
2021-05-03 11:00,0.319,7.330
2021-05-03 12:00,0.294,7.135
2021-05-03 13:00,0.264,6.873
2021-05-03 14:00,0.289,7.086
2021-05-03 15:00,0.363,7.689
2021-05-03 16:00,0.531,8.935
2021-05-03 17:00,0.670,10.033
2021-05-03 18:00,0.722,10.489
2021-05-03 19:00,0.780,11.095
2021-05-03 20:00,0.878,12.464
2021-05-03 21:00,0.919,13.321
2021-05-03 22:00,0.948,14.151
2021-05-03 23:00,0.950,14.216
2021-05-04 00:00,0.938,13.814
2021-05-04 01:00,0.954,14.385
2021-05-04 02:00,0.942,13.934
2021-05-04 03:00,0.952,14.288
2021-05-04 04:00,0.977,15.519
2021-05-04 05:00,0.978,15.642
2021-05-04 06:00,0.963,14.765
2021-05-04 07:00,0.957,14.500
2021-05-04 08:00,0.960,14.630
2021-05-04 09:00,0.965,14.810
2021-05-04 10:00,0.970,15.089
2021-05-04 11:00,0.948,14.160
2021-05-04 12:00,0.791,11.230
2021-05-04 13:00,0.626,9.662
2021-05-04 14:00,0.744,10.719
2021-05-04 15:00,0.823,11.627
2021-05-04 16:00,0.817,11.543
2021-05-04 17:00,0.823,11.627
2021-05-04 18:00,0.726,10.536
2021-05-04 19:00,0.528,8.909
2021-05-04 20:00,0.197,6.237
2021-05-04 21:00,0.026,3.580
2021-05-04 22:00,0.056,4.323
2021-05-04 23:00,0.240,6.664
2021-05-05 00:00,0.514,8.805
2021-05-05 01:00,0.654,9.893
2021-05-05 02:00,0.620,9.615
2021-05-05 03:00,0.524,8.880
2021-05-05 04:00,0.438,8.249
2021-05-05 05:00,0.378,7.798
2021-05-05 06:00,0.339,7.498
2021-05-05 07:00,0.300,7.181
2021-05-05 08:00,0.202,6.298
2021-05-05 09:00,0.126,5.444
2021-05-05 10:00,0.101,5.090
2021-05-05 11:00,0.103,5.125
2021-05-05 12:00,0.125,5.435
2021-05-05 13:00,0.158,5.832
2021-05-05 14:00,0.199,6.269
2021-05-05 15:00,0.224,6.518
2021-05-05 16:00,0.219,6.464
2021-05-05 17:00,0.207,6.344
2021-05-05 18:00,0.209,6.365
2021-05-05 19:00,0.233,6.595
2021-05-05 20:00,0.286,7.068
2021-05-05 21:00,0.346,7.556
2021-05-05 22:00,0.359,7.646
2021-05-05 23:00,0.313,7.279
2021-05-06 00:00,0.383,7.828
2021-05-06 01:00,0.485,8.596
2021-05-06 02:00,0.551,9.083
2021-05-06 03:00,0.578,9.288
2021-05-06 04:00,0.589,9.374
2021-05-06 05:00,0.595,9.415
2021-05-06 06:00,0.578,9.288
2021-05-06 07:00,0.542,9.015
2021-05-06 08:00,0.513,8.794
2021-05-06 09:00,0.491,8.637
2021-05-06 10:00,0.483,8.572
2021-05-06 11:00,0.535,8.962
2021-05-06 12:00,0.633,9.716
2021-05-06 13:00,0.717,10.455
2021-05-06 14:00,0.771,10.994
2021-05-06 15:00,0.806,11.402
2021-05-06 16:00,0.813,11.495
2021-05-06 17:00,0.815,11.523
2021-05-06 18:00,0.827,11.683
2021-05-06 19:00,0.851,12.018
2021-05-06 20:00,0.890,12.681
2021-05-06 21:00,0.910,13.100
2021-05-06 22:00,0.899,12.858
2021-05-06 23:00,0.924,13.439
2021-05-07 00:00,0.955,14.414
2021-05-07 01:00,0.953,14.343
2021-05-07 02:00,0.905,12.994
2021-05-07 03:00,0.753,10.812
2021-05-07 04:00,0.564,9.179
2021-05-07 05:00,0.430,8.191
2021-05-07 06:00,0.352,7.594
2021-05-07 07:00,0.291,7.100
2021-05-07 08:00,0.214,6.416
2021-05-07 09:00,0.164,5.894
2021-05-07 10:00,0.117,5.311
2021-05-07 11:00,0.073,4.639
2021-05-07 12:00,0.072,4.620
2021-05-07 13:00,0.135,5.542
2021-05-07 14:00,0.253,6.782
2021-05-07 15:00,0.342,7.510
2021-05-07 16:00,0.370,7.734
2021-05-07 17:00,0.353,7.606
2021-05-07 18:00,0.293,7.118
2021-05-07 19:00,0.264,6.879
2021-05-07 20:00,0.330,7.425
2021-05-07 21:00,0.417,8.093
2021-05-07 22:00,0.409,8.028
2021-05-07 23:00,0.521,8.864
2021-05-08 00:00,0.640,9.781
2021-05-08 01:00,0.747,10.744
2021-05-08 02:00,0.817,11.539
2021-05-08 03:00,0.858,12.138
2021-05-08 04:00,0.876,12.418
2021-05-08 05:00,0.883,12.549
2021-05-08 06:00,0.891,12.712
2021-05-08 07:00,0.874,12.392
2021-05-08 08:00,0.812,11.483
2021-05-08 09:00,0.733,10.603
2021-05-08 10:00,0.670,10.034
2021-05-08 11:00,0.566,9.193
2021-05-08 12:00,0.435,8.227
2021-05-08 13:00,0.332,7.435
2021-05-08 14:00,0.251,6.757
2021-05-08 15:00,0.186,6.136
2021-05-08 16:00,0.154,5.775
2021-05-08 17:00,0.142,5.646
2021-05-08 18:00,0.082,4.791
2021-05-08 19:00,0.029,3.647
2021-05-08 20:00,0.004,2.454
2021-05-08 21:00,0,1.482
2021-05-08 22:00,0,0.788
2021-05-08 23:00,0,0.727
2021-05-09 00:00,0,0.728
2021-05-09 01:00,0,1.405
2021-05-09 02:00,0.003,2.225
2021-05-09 03:00,0.013,3.059
2021-05-09 04:00,0.027,3.608
2021-05-09 05:00,0.036,3.866
2021-05-09 06:00,0.035,3.846
2021-05-09 07:00,0.031,3.709
2021-05-09 08:00,0.023,3.448
2021-05-09 09:00,0.017,3.217
2021-05-09 10:00,0.009,2.794
2021-05-09 11:00,0.004,2.434
2021-05-09 12:00,0.001,1.850
2021-05-09 13:00,0,1.590
2021-05-09 14:00,0.001,1.915
2021-05-09 15:00,0.014,3.096
2021-05-09 16:00,0.035,3.842
2021-05-09 17:00,0.049,4.178
2021-05-09 18:00,0.171,5.963
2021-05-09 19:00,0.302,7.193
2021-05-09 20:00,0.378,7.799
2021-05-09 21:00,0.437,8.234
2021-05-09 22:00,0.545,9.033
2021-05-09 23:00,0.545,9.038
2021-05-10 00:00,0.518,8.832
2021-05-10 01:00,0.803,11.372
2021-05-10 02:00,0.779,11.088
2021-05-10 03:00,0.605,9.495
2021-05-10 04:00,0.395,7.924
2021-05-10 05:00,0.200,6.279
2021-05-10 06:00,0.145,5.684
2021-05-10 07:00,0.172,5.975
2021-05-10 08:00,0.133,5.528
2021-05-10 09:00,0.102,5.110
2021-05-10 10:00,0.084,4.831
2021-05-10 11:00,0.072,4.618
2021-05-10 12:00,0.115,5.291
2021-05-10 13:00,0.229,6.559
2021-05-10 14:00,0.330,7.422
2021-05-10 15:00,0.450,8.325
2021-05-10 16:00,0.456,8.384
2021-05-10 17:00,0.386,7.858
2021-05-10 18:00,0.368,7.727
2021-05-10 19:00,0.388,7.870
2021-05-10 20:00,0.399,7.959
2021-05-10 21:00,0.383,7.831
2021-05-10 22:00,0.356,7.631
2021-05-10 23:00,0.375,7.774
2021-05-11 00:00,0.364,7.690
2021-05-11 01:00,0.401,7.971
2021-05-11 02:00,0.475,8.509
2021-05-11 03:00,0.530,8.926
2021-05-11 04:00,0.517,8.826
2021-05-11 05:00,0.513,8.797
2021-05-11 06:00,0.614,9.568
2021-05-11 07:00,0.669,10.024
2021-05-11 08:00,0.679,10.098
2021-05-11 09:00,0.700,10.301
2021-05-11 10:00,0.741,10.691
2021-05-11 11:00,0.750,10.779
2021-05-11 12:00,0.752,10.800
2021-05-11 13:00,0.737,10.643
2021-05-11 14:00,0.696,10.260
2021-05-11 15:00,0.608,9.510
2021-05-11 16:00,0.455,8.375
2021-05-11 17:00,0.345,7.548
2021-05-11 18:00,0.404,7.991
2021-05-11 19:00,0.509,8.769
2021-05-11 20:00,0.568,9.210
2021-05-11 21:00,0.575,9.263
2021-05-11 22:00,0.441,8.263
2021-05-11 23:00,0.334,7.457
2021-05-12 00:00,0.324,7.378
2021-05-12 01:00,0.244,6.698
2021-05-12 02:00,0.132,5.514
2021-05-12 03:00,0.061,4.414
2021-05-12 04:00,0.041,3.990
2021-05-12 05:00,0.062,4.442
2021-05-12 06:00,0.116,5.300
2021-05-12 07:00,0.172,5.978
2021-05-12 08:00,0.197,6.247
2021-05-12 09:00,0.188,6.154
2021-05-12 10:00,0.141,5.627
2021-05-12 11:00,0.069,4.577
2021-05-12 12:00,0.022,3.422
2021-05-12 13:00,0.010,2.895
2021-05-12 14:00,0.010,2.890
2021-05-12 15:00,0.007,2.653
2021-05-12 16:00,0.002,2.167
2021-05-12 17:00,0.001,1.939
2021-05-12 18:00,0.002,2.032
2021-05-12 19:00,0.003,2.232
2021-05-12 20:00,0.004,2.416
2021-05-12 21:00,0.003,2.276
2021-05-12 22:00,0.002,2.142
2021-05-12 23:00,0.002,2.149
2021-05-13 00:00,0.002,2.179
2021-05-13 01:00,0.001,1.863
2021-05-13 02:00,0.001,1.867
2021-05-13 03:00,0.002,2.147
2021-05-13 04:00,0.005,2.471
2021-05-13 05:00,0.004,2.435
2021-05-13 06:00,0.003,2.280
2021-05-13 07:00,0.008,2.740
2021-05-13 08:00,0.026,3.581
2021-05-13 09:00,0.056,4.325
2021-05-13 10:00,0.057,4.347
2021-05-13 11:00,0.017,3.218
2021-05-13 12:00,0,0.962
2021-05-13 13:00,0.001,1.800
2021-05-13 14:00,0.009,2.814
2021-05-13 15:00,0.006,2.615
2021-05-13 16:00,0.002,2.182
2021-05-13 17:00,0.002,2.146
2021-05-13 18:00,0.009,2.788
2021-05-13 19:00,0.032,3.744
2021-05-13 20:00,0.077,4.724
2021-05-13 21:00,0.109,5.212
2021-05-13 22:00,0.082,4.794
2021-05-13 23:00,0.044,4.071
2021-05-14 00:00,0.027,3.588
2021-05-14 01:00,0.019,3.333
2021-05-14 02:00,0.015,3.147
2021-05-14 03:00,0.011,2.948
2021-05-14 04:00,0.009,2.814
2021-05-14 05:00,0.010,2.869
2021-05-14 06:00,0.014,3.102
2021-05-14 07:00,0.022,3.443
2021-05-14 08:00,0.021,3.372
2021-05-14 09:00,0.010,2.909
2021-05-14 10:00,0.021,3.374
2021-05-14 11:00,0.099,5.053
2021-05-14 12:00,0.204,6.318
2021-05-14 13:00,0.270,6.929
2021-05-14 14:00,0.287,7.072
2021-05-14 15:00,0.251,6.756
2021-05-14 16:00,0.230,6.572
2021-05-14 17:00,0.270,6.932
2021-05-14 18:00,0.361,7.658
2021-05-14 19:00,0.427,8.163
2021-05-14 20:00,0.566,9.197
2021-05-14 21:00,0.658,9.921
2021-05-14 22:00,0.594,9.410
2021-05-14 23:00,0.463,8.431
2021-05-15 00:00,0.454,8.364
2021-05-15 01:00,0.441,8.264
2021-05-15 02:00,0.359,7.641
2021-05-15 03:00,0.346,7.550
2021-05-15 04:00,0.478,8.538
2021-05-15 05:00,0.502,8.713
2021-05-15 06:00,0.486,8.601
2021-05-15 07:00,0.426,8.158
2021-05-15 08:00,0.335,7.469
2021-05-15 09:00,0.210,6.384
2021-05-15 10:00,0.210,6.374
2021-05-15 11:00,0.289,7.091
2021-05-15 12:00,0.296,7.144
2021-05-15 13:00,0.359,7.643
2021-05-15 14:00,0.569,9.219
2021-05-15 15:00,0.689,10.200
2021-05-15 16:00,0.743,10.712
2021-05-15 17:00,0.781,11.105
2021-05-15 18:00,0.762,10.898
2021-05-15 19:00,0.773,11.016
2021-05-15 20:00,0.835,11.778
2021-05-15 21:00,0.848,11.972
2021-05-15 22:00,0.820,11.579
2021-05-15 23:00,0.881,12.514
2021-05-16 00:00,0.917,13.262
2021-05-16 01:00,0.928,13.527
2021-05-16 02:00,0.928,13.527
2021-05-16 03:00,0.912,13.135
2021-05-16 04:00,0.883,12.557
2021-05-16 05:00,0.819,11.571
2021-05-16 06:00,0.709,10.378
2021-05-16 07:00,0.499,8.701
2021-05-16 08:00,0.295,7.135
2021-05-16 09:00,0.170,5.961
2021-05-16 10:00,0.126,5.444
2021-05-16 11:00,0.150,5.741
2021-05-16 12:00,0.153,5.774
2021-05-16 13:00,0.175,6.016
2021-05-16 14:00,0.189,6.163
2021-05-16 15:00,0.217,6.451
2021-05-16 16:00,0.275,6.972
2021-05-16 17:00,0.330,7.421
2021-05-16 18:00,0.335,7.470
2021-05-16 19:00,0.310,7.257
2021-05-16 20:00,0.281,7.029
2021-05-16 21:00,0.238,6.650
2021-05-16 22:00,0.157,5.821
2021-05-16 23:00,0.123,5.400
2021-05-17 00:00,0.138,5.595
2021-05-17 01:00,0.180,6.071
2021-05-17 02:00,0.210,6.384
2021-05-17 03:00,0.220,6.475
2021-05-17 04:00,0.147,5.700
2021-05-17 05:00,0.083,4.804
2021-05-17 06:00,0.069,4.578
2021-05-17 07:00,0.048,4.133
2021-05-17 08:00,0.022,3.422
2021-05-17 09:00,0.043,4.042
2021-05-17 10:00,0.117,5.314
2021-05-17 11:00,0.120,5.360
2021-05-17 12:00,0.045,4.082
2021-05-17 13:00,0.020,3.367
2021-05-17 14:00,0.019,3.314
2021-05-17 15:00,0.003,2.217
2021-05-17 16:00,0.004,2.421
2021-05-17 17:00,0,1.553
2021-05-17 18:00,0,0.920
2021-05-17 19:00,0,1.097
2021-05-17 20:00,0,1.347
2021-05-17 21:00,0,1.655
2021-05-17 22:00,0,1.263
2021-05-17 23:00,0,1.349
2021-05-18 00:00,0,1.387
2021-05-18 01:00,0,1.556
2021-05-18 02:00,0.001,1.814
2021-05-18 03:00,0.002,2.091
2021-05-18 04:00,0.012,3.009
2021-05-18 05:00,0.012,2.993
2021-05-18 06:00,0.006,2.631
2021-05-18 07:00,0.013,3.060
2021-05-18 08:00,0.035,3.821
2021-05-18 09:00,0.033,3.781
2021-05-18 10:00,0.035,3.829
2021-05-18 11:00,0.033,3.782
2021-05-18 12:00,0.024,3.506
2021-05-18 13:00,0.019,3.317
2021-05-18 14:00,0.011,2.945
2021-05-18 15:00,0.011,2.922
2021-05-18 16:00,0.011,2.929
2021-05-18 17:00,0.008,2.753
2021-05-18 18:00,0.003,2.246
2021-05-18 19:00,0,1.687
2021-05-18 20:00,0,0.963
2021-05-18 21:00,0,0.827
2021-05-18 22:00,0,1.007
2021-05-18 23:00,0,1.570
2021-05-19 00:00,0,1.386
2021-05-19 01:00,0,1.357
2021-05-19 02:00,0,1.346
2021-05-19 03:00,0,1.521
2021-05-19 04:00,0.003,2.251
2021-05-19 05:00,0.003,2.287
2021-05-19 06:00,0.015,3.120
2021-05-19 07:00,0.036,3.859
2021-05-19 08:00,0.036,3.855
2021-05-19 09:00,0.068,4.557
2021-05-19 10:00,0.110,5.232
2021-05-19 11:00,0.122,5.387
2021-05-19 12:00,0.067,4.533
2021-05-19 13:00,0.049,4.175
2021-05-19 14:00,0.053,4.268
2021-05-19 15:00,0.068,4.553
2021-05-19 16:00,0.077,4.717
2021-05-19 17:00,0.145,5.683
2021-05-19 18:00,0.235,6.613
2021-05-19 19:00,0.069,4.567
2021-05-19 20:00,0.289,7.084
2021-05-19 21:00,0.413,8.065
2021-05-19 22:00,0.236,6.631
2021-05-19 23:00,0.130,5.491
2021-05-20 00:00,0.042,4.008
2021-05-20 01:00,0.013,3.068
2021-05-20 02:00,0.040,3.958
2021-05-20 03:00,0.125,5.430
2021-05-20 04:00,0.149,5.723
2021-05-20 05:00,0.164,5.897
2021-05-20 06:00,0.175,6.013
2021-05-20 07:00,0.173,5.998
2021-05-20 08:00,0.167,5.936
2021-05-20 09:00,0.175,6.014
2021-05-20 10:00,0.201,6.294
2021-05-20 11:00,0.246,6.716
2021-05-20 12:00,0.352,7.597
2021-05-20 13:00,0.489,8.625
2021-05-20 14:00,0.623,9.642
2021-05-20 15:00,0.722,10.504
2021-05-20 16:00,0.714,10.418
2021-05-20 17:00,0.638,9.761
2021-05-20 18:00,0.626,9.662
2021-05-20 19:00,0.610,9.538
2021-05-20 20:00,0.580,9.306
2021-05-20 21:00,0.585,9.347
2021-05-20 22:00,0.675,10.072
2021-05-20 23:00,0.760,10.878
2021-05-21 00:00,0.789,11.203
2021-05-21 01:00,0.793,11.241
2021-05-21 02:00,0.763,10.918
2021-05-21 03:00,0.747,10.750
2021-05-21 04:00,0.733,10.601
2021-05-21 05:00,0.698,10.275
2021-05-21 06:00,0.615,9.573
2021-05-21 07:00,0.488,8.615
2021-05-21 08:00,0.347,7.558
2021-05-21 09:00,0.215,6.429
2021-05-21 10:00,0.145,5.683
2021-05-21 11:00,0.108,5.197
2021-05-21 12:00,0.077,4.719
2021-05-21 13:00,0.051,4.217
2021-05-21 14:00,0.041,3.995
2021-05-21 15:00,0.044,4.054
2021-05-21 16:00,0.043,4.046
2021-05-21 17:00,0.041,3.989
2021-05-21 18:00,0.038,3.923
2021-05-21 19:00,0.025,3.532
2021-05-21 20:00,0.013,3.047
2021-05-21 21:00,0.004,2.384
2021-05-21 22:00,0.001,1.954
2021-05-21 23:00,0.001,1.752
2021-05-22 00:00,0.001,1.704
2021-05-22 01:00,0.001,1.970
2021-05-22 02:00,0.004,2.407
2021-05-22 03:00,0.012,2.982
2021-05-22 04:00,0.020,3.341
2021-05-22 05:00,0.030,3.681
2021-05-22 06:00,0.064,4.476
2021-05-22 07:00,0.073,4.637
2021-05-22 08:00,0.032,3.737
2021-05-22 09:00,0.007,2.688
2021-05-22 10:00,0.004,2.348
2021-05-22 11:00,0.003,2.230
2021-05-22 12:00,0.003,2.313
2021-05-22 13:00,0.006,2.578
2021-05-22 14:00,0.013,3.047
2021-05-22 15:00,0.009,2.836
2021-05-22 16:00,0.004,2.384
2021-05-22 17:00,0.001,1.889
2021-05-22 18:00,0,1.366
2021-05-22 19:00,0,1.155
2021-05-22 20:00,0.001,1.704
2021-05-22 21:00,0.008,2.760
2021-05-22 22:00,0.024,3.501
2021-05-22 23:00,0.029,3.639
2021-05-23 00:00,0.018,3.280
2021-05-23 01:00,0.019,3.322
2021-05-23 02:00,0.014,3.116
2021-05-23 03:00,0.002,2.187
2021-05-23 04:00,0,1.058
2021-05-23 05:00,0.001,1.754
2021-05-23 06:00,0.031,3.728
2021-05-23 07:00,0.083,4.804
2021-05-23 08:00,0.090,4.924
2021-05-23 09:00,0.089,4.908
2021-05-23 10:00,0.052,4.246
2021-05-23 11:00,0.022,3.432
2021-05-23 12:00,0.029,3.659
2021-05-23 13:00,0.046,4.113
2021-05-23 14:00,0.031,3.731
2021-05-23 15:00,0.006,2.618
2021-05-23 16:00,0.001,1.725
2021-05-23 17:00,0,1.002
2021-05-23 18:00,0,1.069
2021-05-23 19:00,0.002,2.065
2021-05-23 20:00,0.012,3.014
2021-05-23 21:00,0.035,3.842
2021-05-23 22:00,0.050,4.198
2021-05-23 23:00,0.063,4.460
2021-05-24 00:00,0.080,4.764
2021-05-24 01:00,0.101,5.095
2021-05-24 02:00,0.124,5.417
2021-05-24 03:00,0.146,5.688
2021-05-24 04:00,0.187,6.151
2021-05-24 05:00,0.225,6.523
2021-05-24 06:00,0.234,6.604
2021-05-24 07:00,0.221,6.479
2021-05-24 08:00,0.185,6.122
2021-05-24 09:00,0.141,5.634
2021-05-24 10:00,0.112,5.252
2021-05-24 11:00,0.080,4.772
2021-05-24 12:00,0.069,4.584
2021-05-24 13:00,0.077,4.712
2021-05-24 14:00,0.090,4.933
2021-05-24 15:00,0.156,5.814
2021-05-24 16:00,0.283,7.040
2021-05-24 17:00,0.355,7.617
2021-05-24 18:00,0.453,8.354
2021-05-24 19:00,0.682,10.136
2021-05-24 20:00,0.835,11.785
2021-05-24 21:00,0.873,12.384
2021-05-24 22:00,0.924,13.435
2021-05-24 23:00,0.988,16.906
2021-05-25 00:00,0.987,18.022
2021-05-25 01:00,0.977,15.506
2021-05-25 02:00,0.872,12.357
2021-05-25 03:00,0.696,10.266
2021-05-25 04:00,0.567,9.203
2021-05-25 05:00,0.499,8.697
2021-05-25 06:00,0.456,8.385
2021-05-25 07:00,0.425,8.147
2021-05-25 08:00,0.362,7.680
2021-05-25 09:00,0.250,6.745
2021-05-25 10:00,0.183,6.109
2021-05-25 11:00,0.149,5.721
2021-05-25 12:00,0.148,5.705
2021-05-25 13:00,0.165,5.911
2021-05-25 14:00,0.176,6.023
2021-05-25 15:00,0.197,6.245
2021-05-25 16:00,0.206,6.340
2021-05-25 17:00,0.213,6.412
2021-05-25 18:00,0.217,6.439
2021-05-25 19:00,0.254,6.792
2021-05-25 20:00,0.305,7.228
2021-05-25 21:00,0.342,7.521
2021-05-25 22:00,0.355,7.617
2021-05-25 23:00,0.367,7.716
2021-05-26 00:00,0.383,7.838
2021-05-26 01:00,0.515,8.818
2021-05-26 02:00,0.669,10.023
2021-05-26 03:00,0.708,10.363
2021-05-26 04:00,0.723,10.514
2021-05-26 05:00,0.763,10.910
2021-05-26 06:00,0.820,11.590
2021-05-26 07:00,0.787,11.181
2021-05-26 08:00,0.721,10.486
2021-05-26 09:00,0.699,10.291
2021-05-26 10:00,0.712,10.402
2021-05-26 11:00,0.732,10.596
2021-05-26 12:00,0.680,10.120
2021-05-26 13:00,0.556,9.123
2021-05-26 14:00,0.326,7.387
2021-05-26 15:00,0.226,6.530
2021-05-26 16:00,0.232,6.592
2021-05-26 17:00,0.243,6.686
2021-05-26 18:00,0.281,7.023
2021-05-26 19:00,0.316,7.317
2021-05-26 20:00,0.308,7.248
2021-05-26 21:00,0.297,7.153
2021-05-26 22:00,0.356,7.625
2021-05-26 23:00,0.509,8.768
2021-05-27 00:00,0.671,10.039
2021-05-27 01:00,0.781,11.109
2021-05-27 02:00,0.815,11.516
2021-05-27 03:00,0.714,10.419
2021-05-27 04:00,0.599,9.441
2021-05-27 05:00,0.523,8.879
2021-05-27 06:00,0.438,8.245
2021-05-27 07:00,0.328,7.411
2021-05-27 08:00,0.227,6.545
2021-05-27 09:00,0.164,5.894
2021-05-27 10:00,0.137,5.577
2021-05-27 11:00,0.121,5.374
2021-05-27 12:00,0.120,5.361
2021-05-27 13:00,0.179,6.064
2021-05-27 14:00,0.348,7.571
2021-05-27 15:00,0.541,9.005
2021-05-27 16:00,0.644,9.817
2021-05-27 17:00,0.691,10.214
2021-05-27 18:00,0.748,10.753
2021-05-27 19:00,0.826,11.650
2021-05-27 20:00,0.865,12.246
2021-05-27 21:00,0.869,12.303
2021-05-27 22:00,0.885,12.584
2021-05-27 23:00,0.951,14.256
2021-05-28 00:00,0.986,16.450
2021-05-28 01:00,0.986,16.419
2021-05-28 02:00,0.980,15.775
2021-05-28 03:00,0.948,14.159
2021-05-28 04:00,0.860,12.150
2021-05-28 05:00,0.788,11.187
2021-05-28 06:00,0.763,10.901
2021-05-28 07:00,0.804,11.388
2021-05-28 08:00,0.796,11.278
2021-05-28 09:00,0.805,11.393
2021-05-28 10:00,0.837,11.811
2021-05-28 11:00,0.782,11.118
2021-05-28 12:00,0.733,10.611
2021-05-28 13:00,0.685,10.152
2021-05-28 14:00,0.618,9.604
2021-05-28 15:00,0.578,9.286
2021-05-28 16:00,0.566,9.198
2021-05-28 17:00,0.548,9.057
2021-05-28 18:00,0.480,8.552
2021-05-28 19:00,0.389,7.886
2021-05-28 20:00,0.286,7.068
2021-05-28 21:00,0.181,6.080
2021-05-28 22:00,0.100,5.072
2021-05-28 23:00,0.068,4.545
2021-05-29 00:00,0.055,4.292
2021-05-29 01:00,0.059,4.375
2021-05-29 02:00,0.073,4.632
2021-05-29 03:00,0.093,4.972
2021-05-29 04:00,0.109,5.204
2021-05-29 05:00,0.104,5.138
2021-05-29 06:00,0.087,4.880
2021-05-29 07:00,0.066,4.524
2021-05-29 08:00,0.043,4.038
2021-05-29 09:00,0.015,3.150
2021-05-29 10:00,0.001,1.851
2021-05-29 11:00,0.003,2.236
2021-05-29 12:00,0.015,3.147
2021-05-29 13:00,0.045,4.084
2021-05-29 14:00,0.074,4.673
2021-05-29 15:00,0.083,4.818
2021-05-29 16:00,0.081,4.774
2021-05-29 17:00,0.076,4.695
2021-05-29 18:00,0.082,4.785
2021-05-29 19:00,0.105,5.155
2021-05-29 20:00,0.158,5.831
2021-05-29 21:00,0.204,6.319
2021-05-29 22:00,0.177,6.029
2021-05-29 23:00,0.142,5.640
2021-05-30 00:00,0.120,5.367
2021-05-30 01:00,0.094,4.995
2021-05-30 02:00,0.069,4.584
2021-05-30 03:00,0.053,4.257
2021-05-30 04:00,0.067,4.526
2021-05-30 05:00,0.114,5.279
2021-05-30 06:00,0.177,6.036
2021-05-30 07:00,0.251,6.758
2021-05-30 08:00,0.339,7.500
2021-05-30 09:00,0.480,8.560
2021-05-30 10:00,0.616,9.590
2021-05-30 11:00,0.670,10.034
2021-05-30 12:00,0.726,10.536
2021-05-30 13:00,0.741,10.691
2021-05-30 14:00,0.686,10.166
2021-05-30 15:00,0.599,9.444
2021-05-30 16:00,0.508,8.758
2021-05-30 17:00,0.456,8.385
2021-05-30 18:00,0.407,8.018
2021-05-30 19:00,0.368,7.724
2021-05-30 20:00,0.359,7.643
2021-05-30 21:00,0.331,7.431
2021-05-30 22:00,0.257,6.818
2021-05-30 23:00,0.222,6.484
2021-05-31 00:00,0.229,6.563
2021-05-31 01:00,0.229,6.565
2021-05-31 02:00,0.226,6.532
2021-05-31 03:00,0.196,6.229
2021-05-31 04:00,0.131,5.506
2021-05-31 05:00,0.071,4.615
2021-05-31 06:00,0.041,3.991
2021-05-31 07:00,0.041,4.000
2021-05-31 08:00,0.034,3.814
2021-05-31 09:00,0.017,3.216
2021-05-31 10:00,0.012,3.010
2021-05-31 11:00,0.017,3.233
2021-05-31 12:00,0.028,3.630
2021-05-31 13:00,0.056,4.329
2021-05-31 14:00,0.148,5.719
2021-05-31 15:00,0.319,7.333
2021-05-31 16:00,0.419,8.099
2021-05-31 17:00,0.389,7.877
2021-05-31 18:00,0.344,7.531
2021-05-31 19:00,0.336,7.473
2021-05-31 20:00,0.340,7.503
2021-05-31 21:00,0.334,7.459
2021-05-31 22:00,0.252,6.771
2021-05-31 23:00,0.253,6.778
2021-06-01 00:00,0.300,7.182
2021-06-01 01:00,0.264,6.879
2021-06-01 02:00,0.215,6.428
2021-06-01 03:00,0.188,6.156
2021-06-01 04:00,0.168,5.944
2021-06-01 05:00,0.129,5.478
2021-06-01 06:00,0.074,4.654
2021-06-01 07:00,0.024,3.497
2021-06-01 08:00,0.001,1.909
2021-06-01 09:00,0.001,1.855
2021-06-01 10:00,0.004,2.362
2021-06-01 11:00,0.016,3.201
2021-06-01 12:00,0.065,4.495
2021-06-01 13:00,0.177,6.041
2021-06-01 14:00,0.259,6.836
2021-06-01 15:00,0.262,6.861
2021-06-01 16:00,0.222,6.491
2021-06-01 17:00,0.163,5.886
2021-06-01 18:00,0.089,4.912
2021-06-01 19:00,0.049,4.186
2021-06-01 20:00,0.055,4.286
2021-06-01 21:00,0.074,4.664
2021-06-01 22:00,0.065,4.493
2021-06-01 23:00,0.055,4.302
2021-06-02 00:00,0.062,4.450
2021-06-02 01:00,0.065,4.499
2021-06-02 02:00,0.073,4.644
2021-06-02 03:00,0.074,4.651
2021-06-02 04:00,0.073,4.641
2021-06-02 05:00,0.090,4.934
2021-06-02 06:00,0.106,5.162
2021-06-02 07:00,0.102,5.110
2021-06-02 08:00,0.123,5.408
2021-06-02 09:00,0.166,5.922
2021-06-02 10:00,0.188,6.154
2021-06-02 11:00,0.181,6.078
2021-06-02 12:00,0.176,6.027
2021-06-02 13:00,0.170,5.954
2021-06-02 14:00,0.203,6.316
2021-06-02 15:00,0.280,7.018
2021-06-02 16:00,0.366,7.708
2021-06-02 17:00,0.463,8.432
2021-06-02 18:00,0.494,8.652
2021-06-02 19:00,0.374,7.764
2021-06-02 20:00,0.350,7.579
2021-06-02 21:00,0.395,7.922
2021-06-02 22:00,0.441,8.260
2021-06-02 23:00,0.618,9.601
2021-06-03 00:00,0.727,10.553
2021-06-03 01:00,0.758,10.849
2021-06-03 02:00,0.630,9.692
2021-06-03 03:00,0.440,8.257
2021-06-03 04:00,0.202,6.300
2021-06-03 05:00,0.081,4.779
2021-06-03 06:00,0.051,4.219
2021-06-03 07:00,0.127,5.448
2021-06-03 08:00,0.356,7.633
2021-06-03 09:00,0.465,8.441
2021-06-03 10:00,0.487,8.607
2021-06-03 11:00,0.469,8.477
2021-06-03 12:00,0.443,8.280
2021-06-03 13:00,0.377,7.788
2021-06-03 14:00,0.278,6.992
2021-06-03 15:00,0.211,6.387
2021-06-03 16:00,0.201,6.295
2021-06-03 17:00,0.229,6.558
2021-06-03 18:00,0.244,6.690
2021-06-03 19:00,0.197,6.243
2021-06-03 20:00,0.132,5.518
2021-06-03 21:00,0.067,4.535
2021-06-03 22:00,0.025,3.530
2021-06-03 23:00,0.006,2.637
2021-06-04 00:00,0.006,2.577
2021-06-04 01:00,0.015,3.123
2021-06-04 02:00,0.043,4.049
2021-06-04 03:00,0.093,4.973
2021-06-04 04:00,0.151,5.753
2021-06-04 05:00,0.227,6.542
2021-06-04 06:00,0.309,7.255
2021-06-04 07:00,0.348,7.570
2021-06-04 08:00,0.336,7.475
2021-06-04 09:00,0.283,7.040
2021-06-04 10:00,0.291,7.110
2021-06-04 11:00,0.356,7.625
2021-06-04 12:00,0.413,8.063
2021-06-04 13:00,0.449,8.320
2021-06-04 14:00,0.484,8.588
2021-06-04 15:00,0.554,9.108
2021-06-04 16:00,0.629,9.686
2021-06-04 17:00,0.695,10.249
2021-06-04 18:00,0.746,10.736
2021-06-04 19:00,0.782,11.115
2021-06-04 20:00,0.805,11.392
2021-06-04 21:00,0.781,11.110
2021-06-04 22:00,0.810,11.451
2021-06-04 23:00,0.850,11.996
2021-06-05 00:00,0.842,11.892
2021-06-05 01:00,0.818,11.562
2021-06-05 02:00,0.785,11.148
2021-06-05 03:00,0.741,10.692
2021-06-05 04:00,0.672,10.046
2021-06-05 05:00,0.575,9.270
2021-06-05 06:00,0.487,8.607
2021-06-05 07:00,0.446,8.307
2021-06-05 08:00,0.469,8.477
2021-06-05 09:00,0.482,8.567
2021-06-05 10:00,0.548,9.052
2021-06-05 11:00,0.608,9.525
2021-06-05 12:00,0.626,9.663
2021-06-05 13:00,0.612,9.558
2021-06-05 14:00,0.562,9.164
2021-06-05 15:00,0.499,8.688
2021-06-05 16:00,0.427,8.164
2021-06-05 17:00,0.377,7.782
2021-06-05 18:00,0.388,7.873
2021-06-05 19:00,0.478,8.532
2021-06-05 20:00,0.577,9.285
2021-06-05 21:00,0.573,9.250
2021-06-05 22:00,0.551,9.083
2021-06-05 23:00,0.564,9.170
2021-06-06 00:00,0.545,9.033
2021-06-06 01:00,0.520,8.855
2021-06-06 02:00,0.534,8.954
2021-06-06 03:00,0.581,9.312
2021-06-06 04:00,0.619,9.614
2021-06-06 05:00,0.630,9.690
2021-06-06 06:00,0.589,9.374
2021-06-06 07:00,0.513,8.796
2021-06-06 08:00,0.441,8.270
2021-06-06 09:00,0.429,8.174
2021-06-06 10:00,0.497,8.677
2021-06-06 11:00,0.561,9.157
2021-06-06 12:00,0.581,9.316
2021-06-06 13:00,0.589,9.378
2021-06-06 14:00,0.567,9.202
2021-06-06 15:00,0.497,8.683
2021-06-06 16:00,0.423,8.136
2021-06-06 17:00,0.381,7.821
2021-06-06 18:00,0.346,7.555
2021-06-06 19:00,0.333,7.443
2021-06-06 20:00,0.333,7.447
2021-06-06 21:00,0.275,6.974
2021-06-06 22:00,0.146,5.691
2021-06-06 23:00,0.088,4.896
2021-06-07 00:00,0.111,5.234
2021-06-07 01:00,0.157,5.820
2021-06-07 02:00,0.217,6.441
2021-06-07 03:00,0.249,6.738
2021-06-07 04:00,0.247,6.724
2021-06-07 05:00,0.232,6.578
2021-06-07 06:00,0.226,6.531
2021-06-07 07:00,0.246,6.708
2021-06-07 08:00,0.272,6.944
2021-06-07 09:00,0.293,7.121
2021-06-07 10:00,0.313,7.289
2021-06-07 11:00,0.346,7.554
2021-06-07 12:00,0.401,7.971
2021-06-07 13:00,0.397,7.942
2021-06-07 14:00,0.262,6.854
2021-06-07 15:00,0.143,5.660
2021-06-07 16:00,0.091,4.940
2021-06-07 17:00,0.076,4.697
2021-06-07 18:00,0.102,5.116
2021-06-07 19:00,0.148,5.702
2021-06-07 20:00,0.175,6.014
2021-06-07 21:00,0.166,5.924
2021-06-07 22:00,0.109,5.211
2021-06-07 23:00,0.055,4.309
2021-06-08 00:00,0.025,3.528
2021-06-08 01:00,0.005,2.536
2021-06-08 02:00,0,1.407
2021-06-08 03:00,0,0.394
2021-06-08 04:00,0,1.475
2021-06-08 05:00,0.004,2.379
2021-06-08 06:00,0.013,3.068
2021-06-08 07:00,0.017,3.217
2021-06-08 08:00,0.008,2.729
2021-06-08 09:00,0.001,1.963
2021-06-08 10:00,0,1.246
2021-06-08 11:00,0,0.932
2021-06-08 12:00,0,0.838
2021-06-08 13:00,0.002,2.145
2021-06-08 14:00,0.015,3.125
2021-06-08 15:00,0.019,3.331
2021-06-08 16:00,0.022,3.419
2021-06-08 17:00,0.035,3.839
2021-06-08 18:00,0.057,4.350
2021-06-08 19:00,0.076,4.702
2021-06-08 20:00,0.103,5.121
2021-06-08 21:00,0.127,5.446
2021-06-08 22:00,0.127,5.446
2021-06-08 23:00,0.123,5.408
2021-06-09 00:00,0.119,5.354
2021-06-09 01:00,0.088,4.901
2021-06-09 02:00,0.047,4.126
2021-06-09 03:00,0.019,3.318
2021-06-09 04:00,0.004,2.388
2021-06-09 05:00,0,1.410
2021-06-09 06:00,0.001,1.691
2021-06-09 07:00,0.001,1.766
2021-06-09 08:00,0.002,2.115
2021-06-09 09:00,0.016,3.197
2021-06-09 10:00,0.052,4.236
2021-06-09 11:00,0.088,4.892
2021-06-09 12:00,0.131,5.506
2021-06-09 13:00,0.178,6.044
2021-06-09 14:00,0.176,6.026
2021-06-09 15:00,0.167,5.933
2021-06-09 16:00,0.193,6.204
2021-06-09 17:00,0.279,7.003
2021-06-09 18:00,0.367,7.720
2021-06-09 19:00,0.415,8.075
2021-06-09 20:00,0.419,8.104
2021-06-09 21:00,0.297,7.149
2021-06-09 22:00,0.174,6.007
2021-06-09 23:00,0.148,5.713
2021-06-10 00:00,0.219,6.467
2021-06-10 01:00,0.269,6.914
2021-06-10 02:00,0.339,7.497
2021-06-10 03:00,0.441,8.263
2021-06-10 04:00,0.506,8.742
2021-06-10 05:00,0.543,9.022
2021-06-10 06:00,0.584,9.334
2021-06-10 07:00,0.702,10.319
2021-06-10 08:00,0.813,11.499
2021-06-10 09:00,0.888,12.645
2021-06-10 10:00,0.900,12.878
2021-06-10 11:00,0.918,13.288
2021-06-10 12:00,0.943,13.975
2021-06-10 13:00,0.956,14.426
2021-06-10 14:00,0.943,13.971
2021-06-10 15:00,0.901,12.905
2021-06-10 16:00,0.823,11.622
2021-06-10 17:00,0.689,10.194
2021-06-10 18:00,0.566,9.202
2021-06-10 19:00,0.475,8.514
2021-06-10 20:00,0.359,7.644
2021-06-10 21:00,0.238,6.648
2021-06-10 22:00,0.125,5.433
2021-06-10 23:00,0.069,4.569
2021-06-11 00:00,0.020,3.341
2021-06-11 01:00,0.003,2.239
2021-06-11 02:00,0,1.529
2021-06-11 03:00,0,1.502
2021-06-11 04:00,0.001,1.963
2021-06-11 05:00,0.005,2.497
2021-06-11 06:00,0.010,2.903
2021-06-11 07:00,0.010,2.873
2021-06-11 08:00,0.014,3.112
2021-06-11 09:00,0.027,3.611
2021-06-11 10:00,0.053,4.262
2021-06-11 11:00,0.079,4.749
2021-06-11 12:00,0.080,4.765
2021-06-11 13:00,0.083,4.809
2021-06-11 14:00,0.107,5.188
2021-06-11 15:00,0.133,5.529
2021-06-11 16:00,0.124,5.416
2021-06-11 17:00,0.103,5.127
2021-06-11 18:00,0.094,4.985
2021-06-11 19:00,0.096,5.025
2021-06-11 20:00,0.100,5.069
2021-06-11 21:00,0.077,4.714
2021-06-11 22:00,0.044,4.068
2021-06-11 23:00,0.043,4.026
2021-06-12 00:00,0.034,3.800
2021-06-12 01:00,0.026,3.562
2021-06-12 02:00,0.018,3.296
2021-06-12 03:00,0.016,3.190
2021-06-12 04:00,0.023,3.458
2021-06-12 05:00,0.035,3.829
2021-06-12 06:00,0.049,4.182
2021-06-12 07:00,0.086,4.860
2021-06-12 08:00,0.123,5.397
2021-06-12 09:00,0.111,5.239
2021-06-12 10:00,0.090,4.933
2021-06-12 11:00,0.068,4.560
2021-06-12 12:00,0.031,3.733
2021-06-12 13:00,0.011,2.951
2021-06-12 14:00,0.008,2.741
2021-06-12 15:00,0.009,2.793
2021-06-12 16:00,0.018,3.289
2021-06-12 17:00,0.030,3.687
2021-06-12 18:00,0.032,3.753
2021-06-12 19:00,0.020,3.365
2021-06-12 20:00,0.008,2.765
2021-06-12 21:00,0.003,2.291
2021-06-12 22:00,0.001,1.736
2021-06-12 23:00,0,1.312
2021-06-13 00:00,0,1.166
2021-06-13 01:00,0,0.970
2021-06-13 02:00,0,0.991
2021-06-13 03:00,0,0.679
2021-06-13 04:00,0,1.161
2021-06-13 05:00,0.009,2.825
2021-06-13 06:00,0.029,3.647
2021-06-13 07:00,0.051,4.212
2021-06-13 08:00,0.052,4.243
2021-06-13 09:00,0.049,4.168
2021-06-13 10:00,0.032,3.760
2021-06-13 11:00,0.027,3.607
2021-06-13 12:00,0.021,3.373
2021-06-13 13:00,0.017,3.237
2021-06-13 14:00,0.012,2.982
2021-06-13 15:00,0.010,2.877
2021-06-13 16:00,0.010,2.864
2021-06-13 17:00,0.009,2.838
2021-06-13 18:00,0.005,2.525
2021-06-13 19:00,0.001,1.921
2021-06-13 20:00,0.001,1.720
2021-06-13 21:00,0.003,2.250
2021-06-13 22:00,0.003,2.301
2021-06-13 23:00,0.001,1.772
2021-06-14 00:00,0.002,2.141
2021-06-14 01:00,0.002,2.033
2021-06-14 02:00,0,1.227
2021-06-14 03:00,0.005,2.507
2021-06-14 04:00,0.017,3.226
2021-06-14 05:00,0.009,2.819
2021-06-14 06:00,0.011,2.936
2021-06-14 07:00,0.009,2.827
2021-06-14 08:00,0.001,1.765
2021-06-14 09:00,0,1.455
2021-06-14 10:00,0,1.523
2021-06-14 11:00,0,1.555
2021-06-14 12:00,0.006,2.608
2021-06-14 13:00,0.026,3.550
2021-06-14 14:00,0.038,3.893
2021-06-14 15:00,0.056,4.319
2021-06-14 16:00,0.066,4.523
2021-06-14 17:00,0.097,5.032
2021-06-14 18:00,0.241,6.669
2021-06-14 19:00,0.226,6.538
2021-06-14 20:00,0.149,5.726
2021-06-14 21:00,0.155,5.783
2021-06-14 22:00,0.259,6.831
2021-06-14 23:00,0.378,7.798
2021-06-15 00:00,0.179,6.067
2021-06-15 01:00,0.071,4.607
2021-06-15 02:00,0.159,5.841
2021-06-15 03:00,0.357,7.635
2021-06-15 04:00,0.506,8.751
2021-06-15 05:00,0.550,9.080
2021-06-15 06:00,0.523,8.878
2021-06-15 07:00,0.411,8.046
2021-06-15 08:00,0.316,7.313
2021-06-15 09:00,0.377,7.784
2021-06-15 10:00,0.535,8.968
2021-06-15 11:00,0.624,9.647
2021-06-15 12:00,0.617,9.596
2021-06-15 13:00,0.585,9.345
2021-06-15 14:00,0.612,9.557
2021-06-15 15:00,0.708,10.368
2021-06-15 16:00,0.699,10.289
2021-06-15 17:00,0.656,9.905
2021-06-15 18:00,0.590,9.383
2021-06-15 19:00,0.563,9.167
2021-06-15 20:00,0.608,9.511
2021-06-15 21:00,0.687,10.174
2021-06-15 22:00,0.702,10.318
2021-06-15 23:00,0.707,10.355
2021-06-16 00:00,0.650,9.867
2021-06-16 01:00,0.556,9.124
2021-06-16 02:00,0.417,8.093
2021-06-16 03:00,0.264,6.872
2021-06-16 04:00,0.153,5.773
2021-06-16 05:00,0.094,4.996
2021-06-16 06:00,0.057,4.337
2021-06-16 07:00,0.036,3.853
2021-06-16 08:00,0.029,3.644
2021-06-16 09:00,0.035,3.842
2021-06-16 10:00,0.059,4.384
2021-06-16 11:00,0.119,5.350
2021-06-16 12:00,0.221,6.482
2021-06-16 13:00,0.278,7.000
2021-06-16 14:00,0.285,7.061
2021-06-16 15:00,0.242,6.673
2021-06-16 16:00,0.168,5.942
2021-06-16 17:00,0.110,5.232
2021-06-16 18:00,0.109,5.203
2021-06-16 19:00,0.138,5.598
2021-06-16 20:00,0.118,5.341
2021-06-16 21:00,0.045,4.095
2021-06-16 22:00,0.019,3.322
2021-06-16 23:00,0.012,3.000
2021-06-17 00:00,0.012,2.966
2021-06-17 01:00,0.022,3.433
2021-06-17 02:00,0.044,4.050
2021-06-17 03:00,0.049,4.185
2021-06-17 04:00,0.053,4.268
2021-06-17 05:00,0.061,4.423
2021-06-17 06:00,0.050,4.195
2021-06-17 07:00,0.026,3.564
2021-06-17 08:00,0.008,2.751
2021-06-17 09:00,0.003,2.255
2021-06-17 10:00,0.002,2.057
2021-06-17 11:00,0.001,1.781
2021-06-17 12:00,0,1.469
2021-06-17 13:00,0,1.466
2021-06-17 14:00,0.001,1.870
2021-06-17 15:00,0.004,2.401
2021-06-17 16:00,0.008,2.767
2021-06-17 17:00,0.011,2.956
2021-06-17 18:00,0.012,2.964
2021-06-17 19:00,0.010,2.902
2021-06-17 20:00,0.015,3.156
2021-06-17 21:00,0.029,3.662
2021-06-17 22:00,0.041,3.968
2021-06-17 23:00,0.050,4.205
2021-06-18 00:00,0.066,4.512
2021-06-18 01:00,0.091,4.952
2021-06-18 02:00,0.121,5.382
2021-06-18 03:00,0.133,5.526
2021-06-18 04:00,0.133,5.525
2021-06-18 05:00,0.122,5.386
2021-06-18 06:00,0.116,5.300
2021-06-18 07:00,0.114,5.276
2021-06-18 08:00,0.112,5.253
2021-06-18 09:00,0.106,5.167
2021-06-18 10:00,0.093,4.979
2021-06-18 11:00,0.087,4.881
2021-06-18 12:00,0.051,4.210
2021-06-18 13:00,0.039,3.925
2021-06-18 14:00,0.040,3.952
2021-06-18 15:00,0.043,4.035
2021-06-18 16:00,0.046,4.097
2021-06-18 17:00,0.045,4.078
2021-06-18 18:00,0.043,4.042
2021-06-18 19:00,0.041,3.980
2021-06-18 20:00,0.034,3.812
2021-06-18 21:00,0.019,3.311
2021-06-18 22:00,0.006,2.629
2021-06-18 23:00,0.002,2.175
2021-06-19 00:00,0.001,1.886
2021-06-19 01:00,0.001,1.739
2021-06-19 02:00,0.001,1.846
2021-06-19 03:00,0.003,2.232
2021-06-19 04:00,0.008,2.761
2021-06-19 05:00,0.020,3.358
2021-06-19 06:00,0.034,3.797
2021-06-19 07:00,0.040,3.950
2021-06-19 08:00,0.042,4.008
2021-06-19 09:00,0.031,3.734
2021-06-19 10:00,0.021,3.391
2021-06-19 11:00,0.018,3.261
2021-06-19 12:00,0.019,3.334
2021-06-19 13:00,0.025,3.537
2021-06-19 14:00,0.033,3.778
2021-06-19 15:00,0.041,3.978
2021-06-19 16:00,0.051,4.221
2021-06-19 17:00,0.076,4.695
2021-06-19 18:00,0.103,5.130
2021-06-19 19:00,0.151,5.749
2021-06-19 20:00,0.184,6.115
2021-06-19 21:00,0.199,6.266
2021-06-19 22:00,0.181,6.080
2021-06-19 23:00,0.182,6.087
2021-06-20 00:00,0.232,6.591
2021-06-20 01:00,0.328,7.411
2021-06-20 02:00,0.449,8.321
2021-06-20 03:00,0.569,9.221
2021-06-20 04:00,0.664,9.981
2021-06-20 05:00,0.714,10.419
2021-06-20 06:00,0.720,10.483
2021-06-20 07:00,0.692,10.225
2021-06-20 08:00,0.624,9.644
2021-06-20 09:00,0.552,9.094
2021-06-20 10:00,0.502,8.722
2021-06-20 11:00,0.453,8.353
2021-06-20 12:00,0.384,7.841
2021-06-20 13:00,0.316,7.314
2021-06-20 14:00,0.244,6.694
2021-06-20 15:00,0.180,6.074
2021-06-20 16:00,0.122,5.384
2021-06-20 17:00,0.074,4.667
2021-06-20 18:00,0.043,4.034
2021-06-20 19:00,0.027,3.609
2021-06-20 20:00,0.013,3.030
2021-06-20 21:00,0.005,2.499
2021-06-20 22:00,0.002,2.057
2021-06-20 23:00,0.001,1.923
2021-06-21 00:00,0.001,1.788
2021-06-21 01:00,0.001,1.701
2021-06-21 02:00,0.001,1.714
2021-06-21 03:00,0.001,1.915
2021-06-21 04:00,0.003,2.239
2021-06-21 05:00,0.010,2.872
2021-06-21 06:00,0.023,3.461
2021-06-21 07:00,0.038,3.895
2021-06-21 08:00,0.040,3.947
2021-06-21 09:00,0.032,3.759
2021-06-21 10:00,0.028,3.626
2021-06-21 11:00,0.018,3.267
2021-06-21 12:00,0.007,2.708
2021-06-21 13:00,0.004,2.375
2021-06-21 14:00,0.007,2.659
2021-06-21 15:00,0.014,3.100
2021-06-21 16:00,0.021,3.402
2021-06-21 17:00,0.023,3.448
2021-06-21 18:00,0.026,3.560
2021-06-21 19:00,0.054,4.277
2021-06-21 20:00,0.123,5.400
2021-06-21 21:00,0.153,5.770
2021-06-21 22:00,0.123,5.405
2021-06-21 23:00,0.141,5.630
2021-06-22 00:00,0.146,5.691
2021-06-22 01:00,0.132,5.518
2021-06-22 02:00,0.141,5.627
2021-06-22 03:00,0.200,6.285
2021-06-22 04:00,0.300,7.181
2021-06-22 05:00,0.404,7.999
2021-06-22 06:00,0.475,8.516
2021-06-22 07:00,0.457,8.388
2021-06-22 08:00,0.368,7.724
2021-06-22 09:00,0.269,6.919
2021-06-22 10:00,0.179,6.067
2021-06-22 11:00,0.142,5.637
2021-06-22 12:00,0.162,5.873
2021-06-22 13:00,0.238,6.644
2021-06-22 14:00,0.313,7.294
2021-06-22 15:00,0.333,7.450
2021-06-22 16:00,0.289,7.088
2021-06-22 17:00,0.267,6.901
2021-06-22 18:00,0.305,7.229
2021-06-22 19:00,0.354,7.611
2021-06-22 20:00,0.374,7.767
2021-06-22 21:00,0.296,7.144
2021-06-22 22:00,0.251,6.755
2021-06-22 23:00,0.217,6.441
2021-06-23 00:00,0.170,5.954
2021-06-23 01:00,0.128,5.458
2021-06-23 02:00,0.098,5.037
2021-06-23 03:00,0.082,4.799
2021-06-23 04:00,0.074,4.653
2021-06-23 05:00,0.056,4.317
2021-06-23 06:00,0.041,3.972
2021-06-23 07:00,0.033,3.772
2021-06-23 08:00,0.029,3.656
2021-06-23 09:00,0.017,3.217
2021-06-23 10:00,0.007,2.668
2021-06-23 11:00,0.002,2.130
2021-06-23 12:00,0,1.479
2021-06-23 13:00,0,1.037
2021-06-23 14:00,0,0.937
2021-06-23 15:00,0,1.164
2021-06-23 16:00,0,1.478
2021-06-23 17:00,0,1.604
2021-06-23 18:00,0,1.550
2021-06-23 19:00,0.001,1.821
2021-06-23 20:00,0.002,2.182
2021-06-23 21:00,0.004,2.431
2021-06-23 22:00,0.005,2.485
2021-06-23 23:00,0.003,2.251
2021-06-24 00:00,0.001,1.845
2021-06-24 01:00,0.001,1.788
2021-06-24 02:00,0.003,2.280
2021-06-24 03:00,0.003,2.247
2021-06-24 04:00,0.001,1.900
2021-06-24 05:00,0,1.586
2021-06-24 06:00,0,1.454
2021-06-24 07:00,0.001,1.779
2021-06-24 08:00,0.003,2.261
2021-06-24 09:00,0.006,2.559
2021-06-24 10:00,0.004,2.403
2021-06-24 11:00,0,1.571
2021-06-24 12:00,0,1.167
2021-06-24 13:00,0,1.130
2021-06-24 14:00,0,1.322
2021-06-24 15:00,0.001,1.901
2021-06-24 16:00,0.006,2.559
2021-06-24 17:00,0.017,3.221
2021-06-24 18:00,0.038,3.914
2021-06-24 19:00,0.079,4.747
2021-06-24 20:00,0.116,5.296
2021-06-24 21:00,0.112,5.248
2021-06-24 22:00,0.083,4.817
2021-06-24 23:00,0.076,4.695
2021-06-25 00:00,0.077,4.720
2021-06-25 01:00,0.077,4.722
2021-06-25 02:00,0.066,4.512
2021-06-25 03:00,0.058,4.361
2021-06-25 04:00,0.057,4.343
2021-06-25 05:00,0.056,4.325
2021-06-25 06:00,0.061,4.424
2021-06-25 07:00,0.078,4.730
2021-06-25 08:00,0.082,4.785
2021-06-25 09:00,0.076,4.692
2021-06-25 10:00,0.066,4.523
2021-06-25 11:00,0.059,4.386
2021-06-25 12:00,0.034,3.795
2021-06-25 13:00,0.020,3.347
2021-06-25 14:00,0.011,2.953
2021-06-25 15:00,0.004,2.347
2021-06-25 16:00,0.005,2.516
2021-06-25 17:00,0.018,3.260
2021-06-25 18:00,0.036,3.848
2021-06-25 19:00,0.049,4.172
2021-06-25 20:00,0.060,4.398
2021-06-25 21:00,0.065,4.497
2021-06-25 22:00,0.050,4.207
2021-06-25 23:00,0.041,3.981
2021-06-26 00:00,0.038,3.896
2021-06-26 01:00,0.029,3.670
2021-06-26 02:00,0.017,3.213
2021-06-26 03:00,0.005,2.489
2021-06-26 04:00,0,1.511
2021-06-26 05:00,0,0.587
2021-06-26 06:00,0,1.063
2021-06-26 07:00,0.002,2.098
2021-06-26 08:00,0.013,3.073
2021-06-26 09:00,0.024,3.510
2021-06-26 10:00,0.029,3.642
2021-06-26 11:00,0.020,3.348
2021-06-26 12:00,0.013,3.067
2021-06-26 13:00,0.011,2.915
2021-06-26 14:00,0.008,2.759
2021-06-26 15:00,0.007,2.662
2021-06-26 16:00,0.007,2.654
2021-06-26 17:00,0.009,2.825
2021-06-26 18:00,0.015,3.117
2021-06-26 19:00,0.023,3.473
2021-06-26 20:00,0.038,3.907
2021-06-26 21:00,0.044,4.051
2021-06-26 22:00,0.024,3.516
2021-06-26 23:00,0.013,3.047
2021-06-27 00:00,0.005,2.498
2021-06-27 01:00,0,1.620
2021-06-27 02:00,0,0.696
2021-06-27 03:00,0,1.133
2021-06-27 04:00,0.002,2.156
2021-06-27 05:00,0.007,2.652
2021-06-27 06:00,0.011,2.925
2021-06-27 07:00,0.018,3.285
2021-06-27 08:00,0.028,3.624
2021-06-27 09:00,0.029,3.663
2021-06-27 10:00,0.025,3.528
2021-06-27 11:00,0.021,3.379
2021-06-27 12:00,0.013,3.055
2021-06-27 13:00,0.007,2.700
2021-06-27 14:00,0.004,2.444
2021-06-27 15:00,0.002,2.131
2021-06-27 16:00,0.001,1.758
2021-06-27 17:00,0,1.532
2021-06-27 18:00,0.001,1.700
2021-06-27 19:00,0.004,2.411
2021-06-27 20:00,0.011,2.938
2021-06-27 21:00,0.009,2.831
2021-06-27 22:00,0.006,2.560
2021-06-27 23:00,0.004,2.408
2021-06-28 00:00,0.001,1.973
2021-06-28 01:00,0.001,1.892
2021-06-28 02:00,0.004,2.411
2021-06-28 03:00,0.015,3.132
2021-06-28 04:00,0.030,3.694
2021-06-28 05:00,0.046,4.101
2021-06-28 06:00,0.064,4.489
2021-06-28 07:00,0.085,4.851
2021-06-28 08:00,0.104,5.136
2021-06-28 09:00,0.105,5.156
2021-06-28 10:00,0.117,5.307
2021-06-28 11:00,0.137,5.569
2021-06-28 12:00,0.138,5.595
2021-06-28 13:00,0.116,5.298
2021-06-28 14:00,0.088,4.892
2021-06-28 15:00,0.069,4.585
2021-06-28 16:00,0.049,4.170
2021-06-28 17:00,0.019,3.319
2021-06-28 18:00,0.002,2.155
2021-06-28 19:00,0,1.166
2021-06-28 20:00,0,0.706
2021-06-28 21:00,0,1.034
2021-06-28 22:00,0,0.892
2021-06-28 23:00,0,1.049
2021-06-29 00:00,0,1.274
2021-06-29 01:00,0,1.555
2021-06-29 02:00,0.001,1.880
2021-06-29 03:00,0.004,2.413
2021-06-29 04:00,0.012,2.988
2021-06-29 05:00,0.027,3.599
2021-06-29 06:00,0.047,4.127
2021-06-29 07:00,0.076,4.695
2021-06-29 08:00,0.079,4.753
2021-06-29 09:00,0.039,3.935
2021-06-29 10:00,0.023,3.457
2021-06-29 11:00,0.012,2.978
2021-06-29 12:00,0.002,2.126
2021-06-29 13:00,0,1.166
2021-06-29 14:00,0,0.625
2021-06-29 15:00,0,1.028
2021-06-29 16:00,0.001,1.987
2021-06-29 17:00,0.006,2.622
2021-06-29 18:00,0.010,2.913
2021-06-29 19:00,0.016,3.181
2021-06-29 20:00,0.021,3.402
2021-06-29 21:00,0.019,3.296
2021-06-29 22:00,0.006,2.632
2021-06-29 23:00,0.001,1.800
2021-06-30 00:00,0,1.273
2021-06-30 01:00,0,1.161
2021-06-30 02:00,0,0.628
2021-06-30 03:00,0,1.145
2021-06-30 04:00,0.006,2.579
2021-06-30 05:00,0.010,2.905
2021-06-30 06:00,0.006,2.557
2021-06-30 07:00,0.001,1.943
2021-06-30 08:00,0,1.459
2021-06-30 09:00,0,1.250
2021-06-30 10:00,0,1.329
2021-06-30 11:00,0,1.563
2021-06-30 12:00,0,1.474
2021-06-30 13:00,0,1.192
2021-06-30 14:00,0,1.184
2021-06-30 15:00,0.001,1.721
2021-06-30 16:00,0.003,2.332
2021-06-30 17:00,0.007,2.690
2021-06-30 18:00,0.002,2.167
2021-06-30 19:00,0,1.195
2021-06-30 20:00,0,0.822
2021-06-30 21:00,0,1.023
2021-06-30 22:00,0,0.947
2021-06-30 23:00,0,1.275
2021-07-01 00:00,0.001,1.835
2021-07-01 01:00,0.003,2.224
2021-07-01 02:00,0,1.192
2021-07-01 03:00,0.001,1.767
2021-07-01 04:00,0.006,2.586
2021-07-01 05:00,0.008,2.718
2021-07-01 06:00,0.021,3.381
2021-07-01 07:00,0.110,5.229
2021-07-01 08:00,0.176,6.028
2021-07-01 09:00,0.166,5.921
2021-07-01 10:00,0.155,5.792
2021-07-01 11:00,0.141,5.629
2021-07-01 12:00,0.115,5.285
2021-07-01 13:00,0.067,4.539
2021-07-01 14:00,0.031,3.707
2021-07-01 15:00,0.019,3.318
2021-07-01 16:00,0.006,2.570
2021-07-01 17:00,0,1.075
2021-07-01 18:00,0,1.087
2021-07-01 19:00,0.001,1.912
2021-07-01 20:00,0.003,2.332
2021-07-01 21:00,0.002,2.198
2021-07-01 22:00,0.002,2.125
2021-07-01 23:00,0.001,1.967
2021-07-02 00:00,0,1.560
2021-07-02 01:00,0,1.217
2021-07-02 02:00,0,0.968
2021-07-02 03:00,0,0.997
2021-07-02 04:00,0.001,1.898
2021-07-02 05:00,0.010,2.897
2021-07-02 06:00,0.032,3.742
2021-07-02 07:00,0.042,4.019
2021-07-02 08:00,0.036,3.848
2021-07-02 09:00,0.020,3.364
2021-07-02 10:00,0.007,2.646
2021-07-02 11:00,0,1.599
2021-07-02 12:00,0,1.402
2021-07-02 13:00,0.003,2.216
2021-07-02 14:00,0.017,3.234
2021-07-02 15:00,0.062,4.438
2021-07-02 16:00,0.093,4.983
2021-07-02 17:00,0.102,5.113
2021-07-02 18:00,0.110,5.228
2021-07-02 19:00,0.172,5.975
2021-07-02 20:00,0.404,7.989
2021-07-02 21:00,0.392,7.898
2021-07-02 22:00,0.313,7.288
2021-07-02 23:00,0.314,7.301
2021-07-03 00:00,0.547,9.049
2021-07-03 01:00,0.727,10.555
2021-07-03 02:00,0.811,11.463
2021-07-03 03:00,0.862,12.197
2021-07-03 04:00,0.913,13.153
2021-07-03 05:00,0.931,13.623
2021-07-03 06:00,0.936,13.747
2021-07-03 07:00,0.944,14.014
2021-07-03 08:00,0.958,14.524
2021-07-03 09:00,0.975,15.412
2021-07-03 10:00,0.988,16.709
2021-07-03 11:00,0.988,16.790
2021-07-03 12:00,0.987,16.513
2021-07-03 13:00,0.989,17.084
2021-07-03 14:00,0.987,16.625
2021-07-03 15:00,0.987,16.588
2021-07-03 16:00,0.987,16.516
2021-07-03 17:00,0.969,15.055
2021-07-03 18:00,0.957,14.498
2021-07-03 19:00,0.944,13.994
2021-07-03 20:00,0.928,13.541
2021-07-03 21:00,0.861,12.182
2021-07-03 22:00,0.811,11.464
2021-07-03 23:00,0.761,10.888
2021-07-04 00:00,0.735,10.632
2021-07-04 01:00,0.745,10.726
2021-07-04 02:00,0.783,11.121
2021-07-04 03:00,0.793,11.243
2021-07-04 04:00,0.735,10.627
2021-07-04 05:00,0.615,9.574
2021-07-04 06:00,0.480,8.547
2021-07-04 07:00,0.341,7.509
2021-07-04 08:00,0.208,6.350
2021-07-04 09:00,0.123,5.404
2021-07-04 10:00,0.078,4.730
2021-07-04 11:00,0.051,4.218
2021-07-04 12:00,0.043,4.036
2021-07-04 13:00,0.062,4.453
2021-07-04 14:00,0.087,4.889
2021-07-04 15:00,0.075,4.685
2021-07-04 16:00,0.039,3.942
2021-07-04 17:00,0.011,2.957
2021-07-04 18:00,0.001,1.968
2021-07-04 19:00,0,1.154
2021-07-04 20:00,0,1.119
2021-07-04 21:00,0.002,2.087
2021-07-04 22:00,0.003,2.236
2021-07-04 23:00,0.005,2.551
2021-07-05 00:00,0.012,3.018
2021-07-05 01:00,0.041,3.982
2021-07-05 02:00,0.078,4.728
2021-07-05 03:00,0.086,4.867
2021-07-05 04:00,0.087,4.870
2021-07-05 05:00,0.038,3.901
2021-07-05 06:00,0.020,3.365
2021-07-05 07:00,0.093,4.980
2021-07-05 08:00,0.291,7.108
2021-07-05 09:00,0.379,7.811
2021-07-05 10:00,0.456,8.379
2021-07-05 11:00,0.673,10.057
2021-07-05 12:00,0.826,11.651
2021-07-05 13:00,0.838,11.834
2021-07-05 14:00,0.914,13.189
2021-07-05 15:00,0.855,12.079
2021-07-05 16:00,0.549,9.072
2021-07-05 17:00,0.197,6.240
2021-07-05 18:00,0.056,4.315
2021-07-05 19:00,0.012,2.969
2021-07-05 20:00,0.001,1.809
2021-07-05 21:00,0,1.241
2021-07-05 22:00,0,1.309
2021-07-05 23:00,0.001,2.000
2021-07-06 00:00,0.015,3.133
2021-07-06 01:00,0,1.346
2021-07-06 02:00,0.012,2.964
2021-07-06 03:00,0.003,2.336
2021-07-06 04:00,0.015,3.149
2021-07-06 05:00,0.012,3.021
2021-07-06 06:00,0.011,2.933
2021-07-06 07:00,0.035,3.846
2021-07-06 08:00,0.029,3.655
2021-07-06 09:00,0.018,3.279
2021-07-06 10:00,0.008,2.729
2021-07-06 11:00,0.008,2.763
2021-07-06 12:00,0.012,3.022
2021-07-06 13:00,0.019,3.301
2021-07-06 14:00,0.035,3.822
2021-07-06 15:00,0.059,4.373
2021-07-06 16:00,0.078,4.742
2021-07-06 17:00,0.112,5.252
2021-07-06 18:00,0.156,5.804
2021-07-06 19:00,0.163,5.886
2021-07-06 20:00,0.140,5.619
2021-07-06 21:00,0.104,5.135
2021-07-06 22:00,0.059,4.371
2021-07-06 23:00,0.033,3.791
2021-07-07 00:00,0.055,4.311
2021-07-07 01:00,0.113,5.264
2021-07-07 02:00,0.134,5.535
2021-07-07 03:00,0.063,4.457
2021-07-07 04:00,0.007,2.687
2021-07-07 05:00,0,0.895
2021-07-07 06:00,0.005,2.485
2021-07-07 07:00,0.021,3.380
2021-07-07 08:00,0.021,3.380
2021-07-07 09:00,0.015,3.124
2021-07-07 10:00,0.012,2.976
2021-07-07 11:00,0.013,3.075
2021-07-07 12:00,0.024,3.479
2021-07-07 13:00,0.048,4.146
2021-07-07 14:00,0.115,5.293
2021-07-07 15:00,0.220,6.476
2021-07-07 16:00,0.302,7.192
2021-07-07 17:00,0.393,7.913
2021-07-07 18:00,0.530,8.924
2021-07-07 19:00,0.707,10.353
2021-07-07 20:00,0.691,10.215
2021-07-07 21:00,0.404,7.990
2021-07-07 22:00,0.190,6.173
2021-07-07 23:00,0.079,4.758
2021-07-08 00:00,0.030,3.678
2021-07-08 01:00,0.005,2.539
2021-07-08 02:00,0,1.088
2021-07-08 03:00,0,0.324
2021-07-08 04:00,0.001,1.763
2021-07-08 05:00,0.010,2.883
2021-07-08 06:00,0.018,3.285
2021-07-08 07:00,0.014,3.081
2021-07-08 08:00,0.010,2.870
2021-07-08 09:00,0.016,3.181
2021-07-08 10:00,0.025,3.533
2021-07-08 11:00,0.023,3.472
2021-07-08 12:00,0.012,3.020
2021-07-08 13:00,0.008,2.720
2021-07-08 14:00,0.004,2.411
2021-07-08 15:00,0.007,2.681
2021-07-08 16:00,0.010,2.901
2021-07-08 17:00,0.012,2.974
2021-07-08 18:00,0.010,2.893
2021-07-08 19:00,0.003,2.339
2021-07-08 20:00,0.001,1.771
2021-07-08 21:00,0,1.500
2021-07-08 22:00,0,1.182
2021-07-08 23:00,0,0.843
2021-07-09 00:00,0,0.440
2021-07-09 01:00,0,0.328
2021-07-09 02:00,0,0.486
2021-07-09 03:00,0,1.065
2021-07-09 04:00,0,1.615
2021-07-09 05:00,0.004,2.353
2021-07-09 06:00,0.011,2.934
2021-07-09 07:00,0.017,3.252
2021-07-09 08:00,0.024,3.499
2021-07-09 09:00,0.028,3.614
2021-07-09 10:00,0.032,3.747
2021-07-09 11:00,0.046,4.111
2021-07-09 12:00,0.063,4.456
2021-07-09 13:00,0.100,5.067
2021-07-09 14:00,0.144,5.669
2021-07-09 15:00,0.189,6.164
2021-07-09 16:00,0.219,6.459
2021-07-09 17:00,0.234,6.612
2021-07-09 18:00,0.249,6.738
2021-07-09 19:00,0.260,6.842
2021-07-09 20:00,0.272,6.941
2021-07-09 21:00,0.236,6.631
2021-07-09 22:00,0.201,6.294
2021-07-09 23:00,0.208,6.358
2021-07-10 00:00,0.217,6.450
2021-07-10 01:00,0.222,6.487
2021-07-10 02:00,0.223,6.506
2021-07-10 03:00,0.244,6.701
2021-07-10 04:00,0.278,6.992
2021-07-10 05:00,0.294,7.131
2021-07-10 06:00,0.301,7.187
2021-07-10 07:00,0.290,7.094
2021-07-10 08:00,0.270,6.921
2021-07-10 09:00,0.246,6.708
2021-07-10 10:00,0.236,6.630
2021-07-10 11:00,0.224,6.516
2021-07-10 12:00,0.219,6.461
2021-07-10 13:00,0.236,6.617
2021-07-10 14:00,0.254,6.795
2021-07-10 15:00,0.294,7.133
2021-07-10 16:00,0.339,7.496
2021-07-10 17:00,0.373,7.757
2021-07-10 18:00,0.396,7.936
2021-07-10 19:00,0.399,7.958
2021-07-10 20:00,0.383,7.833
2021-07-10 21:00,0.310,7.267
2021-07-10 22:00,0.293,7.124
2021-07-10 23:00,0.335,7.466
2021-07-11 00:00,0.393,7.914
2021-07-11 01:00,0.410,8.039
2021-07-11 02:00,0.319,7.338
2021-07-11 03:00,0.239,6.653
2021-07-11 04:00,0.172,5.986
2021-07-11 05:00,0.103,5.125
2021-07-11 06:00,0.073,4.635
2021-07-11 07:00,0.080,4.770
2021-07-11 08:00,0.100,5.076
2021-07-11 09:00,0.106,5.176
2021-07-11 10:00,0.122,5.387
2021-07-11 11:00,0.163,5.891
2021-07-11 12:00,0.213,6.406
2021-07-11 13:00,0.262,6.850
2021-07-11 14:00,0.245,6.706
2021-07-11 15:00,0.205,6.328
2021-07-11 16:00,0.186,6.142
2021-07-11 17:00,0.156,5.811
2021-07-11 18:00,0.132,5.517
2021-07-11 19:00,0.143,5.650
2021-07-11 20:00,0.201,6.286
2021-07-11 21:00,0.232,6.581
2021-07-11 22:00,0.192,6.194
2021-07-11 23:00,0.152,5.766
2021-07-12 00:00,0.109,5.211
2021-07-12 01:00,0.080,4.765
2021-07-12 02:00,0.067,4.527
2021-07-12 03:00,0.057,4.350
2021-07-12 04:00,0.059,4.380
2021-07-12 05:00,0.068,4.556
2021-07-12 06:00,0.081,4.783
2021-07-12 07:00,0.103,5.123
2021-07-12 08:00,0.162,5.873
2021-07-12 09:00,0.274,6.963
2021-07-12 10:00,0.384,7.843
2021-07-12 11:00,0.473,8.502
2021-07-12 12:00,0.509,8.764
2021-07-12 13:00,0.498,8.685
2021-07-12 14:00,0.481,8.564
2021-07-12 15:00,0.505,8.735
2021-07-12 16:00,0.548,9.063
2021-07-12 17:00,0.589,9.371
2021-07-12 18:00,0.621,9.627
2021-07-12 19:00,0.623,9.640
2021-07-12 20:00,0.603,9.480
2021-07-12 21:00,0.536,8.969
2021-07-12 22:00,0.533,8.950
2021-07-12 23:00,0.608,9.525
2021-07-13 00:00,0.655,9.898
2021-07-13 01:00,0.639,9.772
2021-07-13 02:00,0.565,9.184
2021-07-13 03:00,0.518,8.830
2021-07-13 04:00,0.514,8.800
2021-07-13 05:00,0.514,8.807
2021-07-13 06:00,0.536,8.971
2021-07-13 07:00,0.564,9.178
2021-07-13 08:00,0.574,9.256
2021-07-13 09:00,0.569,9.222
2021-07-13 10:00,0.597,9.432
2021-07-13 11:00,0.632,9.709
2021-07-13 12:00,0.640,9.777
2021-07-13 13:00,0.627,9.666
2021-07-13 14:00,0.599,9.447
2021-07-13 15:00,0.584,9.339
2021-07-13 16:00,0.575,9.257
2021-07-13 17:00,0.562,9.165
2021-07-13 18:00,0.551,9.087
2021-07-13 19:00,0.542,9.012
2021-07-13 20:00,0.540,8.991
2021-07-13 21:00,0.511,8.782
2021-07-13 22:00,0.487,8.608
2021-07-13 23:00,0.530,8.919
2021-07-14 00:00,0.576,9.272
2021-07-14 01:00,0.594,9.404
2021-07-14 02:00,0.600,9.455
2021-07-14 03:00,0.575,9.265
2021-07-14 04:00,0.524,8.882
2021-07-14 05:00,0.475,8.510
2021-07-14 06:00,0.421,8.116
2021-07-14 07:00,0.362,7.679
2021-07-14 08:00,0.296,7.143
2021-07-14 09:00,0.256,6.810
2021-07-14 10:00,0.253,6.782
2021-07-14 11:00,0.283,7.047
2021-07-14 12:00,0.313,7.291
2021-07-14 13:00,0.315,7.308
2021-07-14 14:00,0.284,7.053
2021-07-14 15:00,0.257,6.817
2021-07-14 16:00,0.240,6.661
2021-07-14 17:00,0.222,6.490
2021-07-14 18:00,0.206,6.330
2021-07-14 19:00,0.200,6.280
2021-07-14 20:00,0.208,6.349
2021-07-14 21:00,0.181,6.081
2021-07-14 22:00,0.126,5.439
2021-07-14 23:00,0.100,5.073
2021-07-15 00:00,0.084,4.835
2021-07-15 01:00,0.068,4.540
2021-07-15 02:00,0.047,4.120
2021-07-15 03:00,0.024,3.488
2021-07-15 04:00,0.009,2.849
2021-07-15 05:00,0.004,2.402
2021-07-15 06:00,0.002,2.053
2021-07-15 07:00,0.001,1.910
2021-07-15 08:00,0.002,2.103
2021-07-15 09:00,0.001,1.837
2021-07-15 10:00,0,1.536
2021-07-15 11:00,0,1.306
2021-07-15 12:00,0,1.146
2021-07-15 13:00,0,1.374
2021-07-15 14:00,0.001,1.798
2021-07-15 15:00,0.002,2.037
2021-07-15 16:00,0.002,2.072
2021-07-15 17:00,0.002,2.057
2021-07-15 18:00,0.002,2.195
2021-07-15 19:00,0.006,2.593
2021-07-15 20:00,0.014,3.104
2021-07-15 21:00,0.023,3.467
2021-07-15 22:00,0.022,3.439
2021-07-15 23:00,0.021,3.382
2021-07-16 00:00,0.022,3.430
2021-07-16 01:00,0.024,3.505
2021-07-16 02:00,0.025,3.549
2021-07-16 03:00,0.015,3.127
2021-07-16 04:00,0.006,2.553
2021-07-16 05:00,0.004,2.399
2021-07-16 06:00,0.013,3.026
2021-07-16 07:00,0.038,3.898
2021-07-16 08:00,0.051,4.218
2021-07-16 09:00,0.039,3.941
2021-07-16 10:00,0.016,3.193
2021-07-16 11:00,0.006,2.576
2021-07-16 12:00,0.005,2.548
2021-07-16 13:00,0.009,2.790
2021-07-16 14:00,0.014,3.110
2021-07-16 15:00,0.020,3.340
2021-07-16 16:00,0.019,3.309
2021-07-16 17:00,0.019,3.303
2021-07-16 18:00,0.021,3.400
2021-07-16 19:00,0.026,3.558
2021-07-16 20:00,0.031,3.718
2021-07-16 21:00,0.033,3.790
2021-07-16 22:00,0.030,3.681
2021-07-16 23:00,0.033,3.791
2021-07-17 00:00,0.031,3.730
2021-07-17 01:00,0.021,3.371
2021-07-17 02:00,0.009,2.811
2021-07-17 03:00,0.002,2.052
2021-07-17 04:00,0,1.073
2021-07-17 05:00,0,0.584
2021-07-17 06:00,0.001,1.769
2021-07-17 07:00,0.002,2.184
2021-07-17 08:00,0,1.614
2021-07-17 09:00,0,0.892
2021-07-17 10:00,0,1.432
2021-07-17 11:00,0.002,2.059
2021-07-17 12:00,0.008,2.756
2021-07-17 13:00,0.018,3.262
2021-07-17 14:00,0.032,3.738
2021-07-17 15:00,0.059,4.374
2021-07-17 16:00,0.107,5.190
2021-07-17 17:00,0.160,5.851
2021-07-17 18:00,0.187,6.146
2021-07-17 19:00,0.179,6.065
2021-07-17 20:00,0.162,5.875
2021-07-17 21:00,0.124,5.416
2021-07-17 22:00,0.079,4.753
2021-07-17 23:00,0.084,4.837
2021-07-18 00:00,0.092,4.968
2021-07-18 01:00,0.077,4.713
2021-07-18 02:00,0.065,4.505
2021-07-18 03:00,0.079,4.751
2021-07-18 04:00,0.116,5.301
2021-07-18 05:00,0.140,5.612
2021-07-18 06:00,0.140,5.620
2021-07-18 07:00,0.107,5.185
2021-07-18 08:00,0.066,4.517
2021-07-18 09:00,0.041,3.987
2021-07-18 10:00,0.042,4.008
2021-07-18 11:00,0.079,4.751
2021-07-18 12:00,0.127,5.446
2021-07-18 13:00,0.151,5.752
2021-07-18 14:00,0.166,5.926
2021-07-18 15:00,0.235,6.615
2021-07-18 16:00,0.266,6.895
2021-07-18 17:00,0.261,6.845
2021-07-18 18:00,0.252,6.768
2021-07-18 19:00,0.267,6.906
2021-07-18 20:00,0.280,7.015
2021-07-18 21:00,0.252,6.775
2021-07-18 22:00,0.189,6.164
2021-07-18 23:00,0.135,5.547
2021-07-19 00:00,0.115,5.288
2021-07-19 01:00,0.102,5.117
2021-07-19 02:00,0.082,4.785
2021-07-19 03:00,0.055,4.313
2021-07-19 04:00,0.033,3.791
2021-07-19 05:00,0.022,3.438
2021-07-19 06:00,0.017,3.219
2021-07-19 07:00,0.014,3.081
2021-07-19 08:00,0.018,3.260
2021-07-19 09:00,0.024,3.509
2021-07-19 10:00,0.018,3.290
2021-07-19 11:00,0.014,3.113
2021-07-19 12:00,0.013,3.055
2021-07-19 13:00,0.015,3.129
2021-07-19 14:00,0.022,3.424
2021-07-19 15:00,0.033,3.790
2021-07-19 16:00,0.045,4.080
2021-07-19 17:00,0.056,4.317
2021-07-19 18:00,0.072,4.618
2021-07-19 19:00,0.087,4.876
2021-07-19 20:00,0.083,4.821
2021-07-19 21:00,0.065,4.500
2021-07-19 22:00,0.036,3.854
2021-07-19 23:00,0.014,3.094
2021-07-20 00:00,0.008,2.770
2021-07-20 01:00,0.009,2.805
2021-07-20 02:00,0.013,3.045
2021-07-20 03:00,0.013,3.061
2021-07-20 04:00,0.010,2.880
2021-07-20 05:00,0.008,2.727
2021-07-20 06:00,0.008,2.721
2021-07-20 07:00,0.010,2.868
2021-07-20 08:00,0.010,2.881
2021-07-20 09:00,0.012,3.003
2021-07-20 10:00,0.024,3.509
2021-07-20 11:00,0.039,3.926
2021-07-20 12:00,0.040,3.946
2021-07-20 13:00,0.027,3.601
2021-07-20 14:00,0.015,3.159
2021-07-20 15:00,0.007,2.663
2021-07-20 16:00,0.004,2.349
2021-07-20 17:00,0.004,2.363
2021-07-20 18:00,0.007,2.647
2021-07-20 19:00,0.013,3.047
2021-07-20 20:00,0.029,3.662
2021-07-20 21:00,0.058,4.358
2021-07-20 22:00,0.073,4.642
2021-07-20 23:00,0.074,4.666
2021-07-21 00:00,0.098,5.038
2021-07-21 01:00,0.111,5.245
2021-07-21 02:00,0.109,5.210
2021-07-21 03:00,0.095,5.009
2021-07-21 04:00,0.077,4.717
2021-07-21 05:00,0.059,4.379
2021-07-21 06:00,0.041,3.968
2021-07-21 07:00,0.029,3.651
2021-07-21 08:00,0.035,3.837
2021-07-21 09:00,0.049,4.179
2021-07-21 10:00,0.059,4.385
2021-07-21 11:00,0.089,4.922
2021-07-21 12:00,0.148,5.702
2021-07-21 13:00,0.217,6.443
2021-07-21 14:00,0.217,6.438
2021-07-21 15:00,0.151,5.751
2021-07-21 16:00,0.084,4.833
2021-07-21 17:00,0.049,4.177
2021-07-21 18:00,0.049,4.179
2021-07-21 19:00,0.068,4.544
2021-07-21 20:00,0.091,4.943
2021-07-21 21:00,0.095,5.003
2021-07-21 22:00,0.072,4.627
2021-07-21 23:00,0.090,4.925
2021-07-22 00:00,0.112,5.257
2021-07-22 01:00,0.120,5.365
2021-07-22 02:00,0.109,5.209
2021-07-22 03:00,0.065,4.498
2021-07-22 04:00,0.020,3.359
2021-07-22 05:00,0.003,2.267
2021-07-22 06:00,0.001,1.900
2021-07-22 07:00,0.003,2.252
2021-07-22 08:00,0.004,2.349
2021-07-22 09:00,0.001,2.019
2021-07-22 10:00,0,1.638
2021-07-22 11:00,0,0.911
2021-07-22 12:00,0.004,2.419
2021-07-22 13:00,0.025,3.539
2021-07-22 14:00,0.027,3.611
2021-07-22 15:00,0.009,2.804
2021-07-22 16:00,0.002,2.033
2021-07-22 17:00,0.002,2.121
2021-07-22 18:00,0.006,2.580
2021-07-22 19:00,0.012,3.016
2021-07-22 20:00,0.022,3.436
2021-07-22 21:00,0.031,3.723
2021-07-22 22:00,0.033,3.785
2021-07-22 23:00,0.042,4.009
2021-07-23 00:00,0.042,4.011
2021-07-23 01:00,0.034,3.808
2021-07-23 02:00,0.021,3.411
2021-07-23 03:00,0.008,2.740
2021-07-23 04:00,0.001,1.753
2021-07-23 05:00,0,1.119
2021-07-23 06:00,0,1.160
2021-07-23 07:00,0.002,2.142
2021-07-23 08:00,0.009,2.789
2021-07-23 09:00,0.011,2.938
2021-07-23 10:00,0.013,3.052
2021-07-23 11:00,0.017,3.229
2021-07-23 12:00,0.023,3.450
2021-07-23 13:00,0.025,3.520
2021-07-23 14:00,0.021,3.411
2021-07-23 15:00,0.015,3.152
2021-07-23 16:00,0.010,2.868
2021-07-23 17:00,0.008,2.752
2021-07-23 18:00,0.011,2.925
2021-07-23 19:00,0.019,3.305
2021-07-23 20:00,0.035,3.840
2021-07-23 21:00,0.051,4.217
2021-07-23 22:00,0.047,4.124
2021-07-23 23:00,0.066,4.513
2021-07-24 00:00,0.092,4.967
2021-07-24 01:00,0.102,5.110
2021-07-24 02:00,0.097,5.035
2021-07-24 03:00,0.079,4.751
2021-07-24 04:00,0.048,4.156
2021-07-24 05:00,0.021,3.384
2021-07-24 06:00,0.006,2.629
2021-07-24 07:00,0.004,2.395
2021-07-24 08:00,0.005,2.473
2021-07-24 09:00,0.005,2.475
2021-07-24 10:00,0.003,2.223
2021-07-24 11:00,0.002,2.167
2021-07-24 12:00,0.004,2.416
2021-07-24 13:00,0.009,2.813
2021-07-24 14:00,0.018,3.276
2021-07-24 15:00,0.028,3.636
2021-07-24 16:00,0.044,4.071
2021-07-24 17:00,0.072,4.622
2021-07-24 18:00,0.108,5.195
2021-07-24 19:00,0.145,5.673
2021-07-24 20:00,0.174,6.004
2021-07-24 21:00,0.172,5.991
2021-07-24 22:00,0.137,5.572
2021-07-24 23:00,0.133,5.524
2021-07-25 00:00,0.164,5.893
2021-07-25 01:00,0.222,6.488
2021-07-25 02:00,0.272,6.948
2021-07-25 03:00,0.277,6.987
2021-07-25 04:00,0.246,6.714
2021-07-25 05:00,0.201,6.288
2021-07-25 06:00,0.164,5.895
2021-07-25 07:00,0.141,5.624
2021-07-25 08:00,0.131,5.511
2021-07-25 09:00,0.139,5.611
2021-07-25 10:00,0.149,5.729
2021-07-25 11:00,0.177,6.030
2021-07-25 12:00,0.192,6.190
2021-07-25 13:00,0.205,6.328
2021-07-25 14:00,0.227,6.541
2021-07-25 15:00,0.264,6.880
2021-07-25 16:00,0.302,7.192
2021-07-25 17:00,0.324,7.378
2021-07-25 18:00,0.339,7.501
2021-07-25 19:00,0.351,7.585
2021-07-25 20:00,0.342,7.514
2021-07-25 21:00,0.291,7.110
2021-07-25 22:00,0.202,6.305
2021-07-25 23:00,0.234,6.600
2021-07-26 00:00,0.253,6.784
2021-07-26 01:00,0.247,6.725
2021-07-26 02:00,0.234,6.607
2021-07-26 03:00,0.211,6.385
2021-07-26 04:00,0.177,6.041
2021-07-26 05:00,0.148,5.706
2021-07-26 06:00,0.124,5.412
2021-07-26 07:00,0.110,5.223
2021-07-26 08:00,0.109,5.218
2021-07-26 09:00,0.109,5.209
2021-07-26 10:00,0.105,5.155
2021-07-26 11:00,0.109,5.199
2021-07-26 12:00,0.105,5.157
2021-07-26 13:00,0.091,4.944
2021-07-26 14:00,0.064,4.486
2021-07-26 15:00,0.040,3.964
2021-07-26 16:00,0.027,3.585
2021-07-26 17:00,0.023,3.446
2021-07-26 18:00,0.028,3.623
2021-07-26 19:00,0.045,4.080
2021-07-26 20:00,0.072,4.619
2021-07-26 21:00,0.093,4.971
2021-07-26 22:00,0.071,4.611
2021-07-26 23:00,0.052,4.243
2021-07-27 00:00,0.042,4.003
2021-07-27 01:00,0.027,3.600
2021-07-27 02:00,0.012,3.003
2021-07-27 03:00,0.002,2.115
2021-07-27 04:00,0,1.181
2021-07-27 05:00,0,0.721
2021-07-27 06:00,0,1.492
2021-07-27 07:00,0.003,2.235
2021-07-27 08:00,0.004,2.407
2021-07-27 09:00,0.002,2.079
2021-07-27 10:00,0.005,2.456
2021-07-27 11:00,0.008,2.721
2021-07-27 12:00,0.006,2.611
2021-07-27 13:00,0.005,2.526
2021-07-27 14:00,0.005,2.550
2021-07-27 15:00,0.005,2.532
2021-07-27 16:00,0.003,2.298
2021-07-27 17:00,0.001,1.832
2021-07-27 18:00,0,1.433
2021-07-27 19:00,0,1.626
2021-07-27 20:00,0.002,2.070
2021-07-27 21:00,0.003,2.241
2021-07-27 22:00,0.002,2.165
2021-07-27 23:00,0.002,2.028
2021-07-28 00:00,0.001,1.862
2021-07-28 01:00,0.001,1.821
2021-07-28 02:00,0.001,1.783
2021-07-28 03:00,0,1.513
2021-07-28 04:00,0,1.220
2021-07-28 05:00,0,1.644
2021-07-28 06:00,0.006,2.580
2021-07-28 07:00,0.023,3.465
2021-07-28 08:00,0.037,3.886
2021-07-28 09:00,0.041,3.994
2021-07-28 10:00,0.038,3.907
2021-07-28 11:00,0.021,3.380
2021-07-28 12:00,0.005,2.480
2021-07-28 13:00,0.001,1.717
2021-07-28 14:00,0,1.377
2021-07-28 15:00,0,1.378
2021-07-28 16:00,0,1.481
2021-07-28 17:00,0,1.571
2021-07-28 18:00,0,1.658
2021-07-28 19:00,0.001,1.775
2021-07-28 20:00,0.002,2.082
2021-07-28 21:00,0.004,2.375
2021-07-28 22:00,0.006,2.585
2021-07-28 23:00,0.011,2.938
2021-07-29 00:00,0.018,3.281
2021-07-29 01:00,0.027,3.609
2021-07-29 02:00,0.032,3.756
2021-07-29 03:00,0.026,3.576
2021-07-29 04:00,0.022,3.414
2021-07-29 05:00,0.028,3.614
2021-07-29 06:00,0.039,3.937
2021-07-29 07:00,0.050,4.189
2021-07-29 08:00,0.048,4.135
2021-07-29 09:00,0.040,3.946
2021-07-29 10:00,0.040,3.954
2021-07-29 11:00,0.038,3.905
2021-07-29 12:00,0.033,3.770
2021-07-29 13:00,0.029,3.669
2021-07-29 14:00,0.027,3.608
2021-07-29 15:00,0.030,3.683
2021-07-29 16:00,0.042,4.007
2021-07-29 17:00,0.062,4.453
2021-07-29 18:00,0.094,4.996
2021-07-29 19:00,0.128,5.454
2021-07-29 20:00,0.155,5.789
2021-07-29 21:00,0.156,5.808
2021-07-29 22:00,0.148,5.716
2021-07-29 23:00,0.163,5.888
2021-07-30 00:00,0.192,6.197
2021-07-30 01:00,0.230,6.571
2021-07-30 02:00,0.279,7.006
2021-07-30 03:00,0.328,7.405
2021-07-30 04:00,0.367,7.719
2021-07-30 05:00,0.402,7.978
2021-07-30 06:00,0.429,8.172
2021-07-30 07:00,0.430,8.188
2021-07-30 08:00,0.392,7.908
2021-07-30 09:00,0.323,7.367
2021-07-30 10:00,0.303,7.211
2021-07-30 11:00,0.314,7.300
2021-07-30 12:00,0.311,7.271
2021-07-30 13:00,0.297,7.160
2021-07-30 14:00,0.271,6.933
2021-07-30 15:00,0.240,6.664
2021-07-30 16:00,0.206,6.330
2021-07-30 17:00,0.152,5.759
2021-07-30 18:00,0.096,5.016
2021-07-30 19:00,0.051,4.219
2021-07-30 20:00,0.025,3.545
2021-07-30 21:00,0.013,3.056
2021-07-30 22:00,0.006,2.601
2021-07-30 23:00,0.002,2.170
2021-07-31 00:00,0.001,1.942
2021-07-31 01:00,0.002,2.041
2021-07-31 02:00,0.003,2.281
2021-07-31 03:00,0.006,2.580
2021-07-31 04:00,0.010,2.891
2021-07-31 05:00,0.017,3.213
2021-07-31 06:00,0.023,3.453
2021-07-31 07:00,0.025,3.534
2021-07-31 08:00,0.022,3.425
2021-07-31 09:00,0.016,3.197
2021-07-31 10:00,0.013,3.025
2021-07-31 11:00,0.009,2.808
2021-07-31 12:00,0.004,2.433
2021-07-31 13:00,0.001,2.011
2021-07-31 14:00,0,1.622
2021-07-31 15:00,0,1.203
2021-07-31 16:00,0,0.805
2021-07-31 17:00,0,1.034
2021-07-31 18:00,0,1.553
2021-07-31 19:00,0.002,2.082
2021-07-31 20:00,0.005,2.484
2021-07-31 21:00,0.004,2.450
2021-07-31 22:00,0.001,1.747
2021-07-31 23:00,0,0.075
2021-08-01 00:00,0,0.577
2021-08-01 01:00,0,0.802
2021-08-01 02:00,0,1.082
2021-08-01 03:00,0.001,1.691
2021-08-01 04:00,0.003,2.297
2021-08-01 05:00,0.007,2.688
2021-08-01 06:00,0.009,2.790
2021-08-01 07:00,0.009,2.835
2021-08-01 08:00,0.012,3.023
2021-08-01 09:00,0.017,3.215
2021-08-01 10:00,0.018,3.293
2021-08-01 11:00,0.016,3.197
2021-08-01 12:00,0.017,3.216
2021-08-01 13:00,0.025,3.521
2021-08-01 14:00,0.049,4.176
2021-08-01 15:00,0.073,4.642
2021-08-01 16:00,0.080,4.771
2021-08-01 17:00,0.082,4.800
2021-08-01 18:00,0.068,4.557
2021-08-01 19:00,0.049,4.179
2021-08-01 20:00,0.036,3.854
2021-08-01 21:00,0.028,3.624
2021-08-01 22:00,0.019,3.306
2021-08-01 23:00,0.013,3.074
2021-08-02 00:00,0.009,2.825
2021-08-02 01:00,0.005,2.511
2021-08-02 02:00,0.002,2.148
2021-08-02 03:00,0.002,2.038
2021-08-02 04:00,0.002,2.032
2021-08-02 05:00,0.001,1.784
2021-08-02 06:00,0,1.274
2021-08-02 07:00,0,0.885
2021-08-02 08:00,0,0.921
2021-08-02 09:00,0,0.878
2021-08-02 10:00,0,1.092
2021-08-02 11:00,0,1.274
2021-08-02 12:00,0,1.382
2021-08-02 13:00,0,1.448
2021-08-02 14:00,0,1.587
2021-08-02 15:00,0.001,1.900
2021-08-02 16:00,0.003,2.319
2021-08-02 17:00,0.010,2.887
2021-08-02 18:00,0.031,3.720
2021-08-02 19:00,0.071,4.611
2021-08-02 20:00,0.109,5.200
2021-08-02 21:00,0.095,5.010
2021-08-02 22:00,0.045,4.091
2021-08-02 23:00,0.020,3.357
2021-08-03 00:00,0.014,3.087
2021-08-03 01:00,0.011,2.945
2021-08-03 02:00,0.011,2.944
2021-08-03 03:00,0.012,3.000
2021-08-03 04:00,0.012,2.980
2021-08-03 05:00,0.011,2.916
2021-08-03 06:00,0.009,2.830
2021-08-03 07:00,0.008,2.772
2021-08-03 08:00,0.008,2.740
2021-08-03 09:00,0.013,3.046
2021-08-03 10:00,0.023,3.467
2021-08-03 11:00,0.035,3.824
2021-08-03 12:00,0.045,4.078
2021-08-03 13:00,0.053,4.258
2021-08-03 14:00,0.054,4.284
2021-08-03 15:00,0.052,4.238
2021-08-03 16:00,0.055,4.309
2021-08-03 17:00,0.065,4.508
2021-08-03 18:00,0.082,4.796
2021-08-03 19:00,0.089,4.909
2021-08-03 20:00,0.088,4.905
2021-08-03 21:00,0.074,4.658
2021-08-03 22:00,0.045,4.086
2021-08-03 23:00,0.028,3.615
2021-08-04 00:00,0.017,3.254
2021-08-04 01:00,0.012,3.008
2021-08-04 02:00,0.009,2.817
2021-08-04 03:00,0.007,2.685
2021-08-04 04:00,0.006,2.642
2021-08-04 05:00,0.007,2.685
2021-08-04 06:00,0.009,2.814
2021-08-04 07:00,0.012,2.983
2021-08-04 08:00,0.012,3.001
2021-08-04 09:00,0.005,2.546
2021-08-04 10:00,0.002,2.168
2021-08-04 11:00,0.001,1.714
2021-08-04 12:00,0,1.098
2021-08-04 13:00,0,0.684
2021-08-04 14:00,0,0.913
2021-08-04 15:00,0,1.370
2021-08-04 16:00,0.001,1.891
2021-08-04 17:00,0.004,2.437
2021-08-04 18:00,0.012,3.004
2021-08-04 19:00,0.022,3.436
2021-08-04 20:00,0.030,3.686
2021-08-04 21:00,0.028,3.636
2021-08-04 22:00,0.013,3.066
2021-08-04 23:00,0.006,2.572
2021-08-05 00:00,0.003,2.213
2021-08-05 01:00,0.001,1.770
2021-08-05 02:00,0,1.297
2021-08-05 03:00,0,1.094
2021-08-05 04:00,0,1.401
2021-08-05 05:00,0.001,1.884
2021-08-05 06:00,0.003,2.337
2021-08-05 07:00,0.008,2.718
2021-08-05 08:00,0.013,3.043
2021-08-05 09:00,0.012,2.997
2021-08-05 10:00,0.018,3.270
2021-08-05 11:00,0.029,3.642
2021-08-05 12:00,0.034,3.793
2021-08-05 13:00,0.029,3.661
2021-08-05 14:00,0.024,3.487
2021-08-05 15:00,0.024,3.506
2021-08-05 16:00,0.027,3.612
2021-08-05 17:00,0.031,3.700
2021-08-05 18:00,0.033,3.781
2021-08-05 19:00,0.041,3.973
2021-08-05 20:00,0.051,4.214
2021-08-05 21:00,0.049,4.185
2021-08-05 22:00,0.034,3.810
2021-08-05 23:00,0.031,3.703
2021-08-06 00:00,0.023,3.454
2021-08-06 01:00,0.012,3.019
2021-08-06 02:00,0.004,2.382
2021-08-06 03:00,0.001,1.930
2021-08-06 04:00,0.006,2.635
2021-08-06 05:00,0.025,3.545
2021-08-06 06:00,0.069,4.574
2021-08-06 07:00,0.155,5.784
2021-08-06 08:00,0.214,6.413
2021-08-06 09:00,0.232,6.583
2021-08-06 10:00,0.257,6.819
2021-08-06 11:00,0.252,6.761
2021-08-06 12:00,0.208,6.355
2021-08-06 13:00,0.163,5.887
2021-08-06 14:00,0.128,5.472
2021-08-06 15:00,0.109,5.216
2021-08-06 16:00,0.106,5.176
2021-08-06 17:00,0.118,5.321
2021-08-06 18:00,0.135,5.549
2021-08-06 19:00,0.153,5.772
2021-08-06 20:00,0.163,5.882
2021-08-06 21:00,0.150,5.744
2021-08-06 22:00,0.116,5.294
2021-08-06 23:00,0.088,4.905
2021-08-07 00:00,0.068,4.561
2021-08-07 01:00,0.055,4.292
2021-08-07 02:00,0.045,4.095
2021-08-07 03:00,0.053,4.271
2021-08-07 04:00,0.072,4.629
2021-08-07 05:00,0.104,5.134
2021-08-07 06:00,0.164,5.899
2021-08-07 07:00,0.217,6.448
2021-08-07 08:00,0.254,6.794
2021-08-07 09:00,0.283,7.045
2021-08-07 10:00,0.311,7.274
2021-08-07 11:00,0.313,7.283
2021-08-07 12:00,0.304,7.217
2021-08-07 13:00,0.291,7.105
2021-08-07 14:00,0.266,6.888
2021-08-07 15:00,0.251,6.752
2021-08-07 16:00,0.243,6.688
2021-08-07 17:00,0.245,6.707
2021-08-07 18:00,0.256,6.808
2021-08-07 19:00,0.266,6.896
2021-08-07 20:00,0.270,6.925
2021-08-07 21:00,0.264,6.874
2021-08-07 22:00,0.212,6.401
2021-08-07 23:00,0.147,5.697
2021-08-08 00:00,0.105,5.152
2021-08-08 01:00,0.082,4.785
2021-08-08 02:00,0.067,4.535
2021-08-08 03:00,0.061,4.426
2021-08-08 04:00,0.058,4.362
2021-08-08 05:00,0.055,4.296
2021-08-08 06:00,0.057,4.341
2021-08-08 07:00,0.068,4.552
2021-08-08 08:00,0.096,5.020
2021-08-08 09:00,0.157,5.817
2021-08-08 10:00,0.233,6.596
2021-08-08 11:00,0.284,7.052
2021-08-08 12:00,0.272,6.943
2021-08-08 13:00,0.219,6.465
2021-08-08 14:00,0.161,5.865
2021-08-08 15:00,0.120,5.364
2021-08-08 16:00,0.111,5.241
2021-08-08 17:00,0.143,5.653
2021-08-08 18:00,0.199,6.272
2021-08-08 19:00,0.224,6.514
2021-08-08 20:00,0.200,6.284
2021-08-08 21:00,0.139,5.611
2021-08-08 22:00,0.074,4.673
2021-08-08 23:00,0.055,4.306
2021-08-09 00:00,0.043,4.029
2021-08-09 01:00,0.036,3.847
2021-08-09 02:00,0.038,3.907
2021-08-09 03:00,0.046,4.096
2021-08-09 04:00,0.050,4.204
2021-08-09 05:00,0.049,4.169
2021-08-09 06:00,0.063,4.463
2021-08-09 07:00,0.071,4.610
2021-08-09 08:00,0.084,4.827
2021-08-09 09:00,0.098,5.049
2021-08-09 10:00,0.109,5.207
2021-08-09 11:00,0.095,5.015
2021-08-09 12:00,0.060,4.406
2021-08-09 13:00,0.037,3.885
2021-08-09 14:00,0.024,3.494
2021-08-09 15:00,0.014,3.113
2021-08-09 16:00,0.009,2.811
2021-08-09 17:00,0.004,2.434
2021-08-09 18:00,0.002,2.120
2021-08-09 19:00,0.003,2.335
2021-08-09 20:00,0.006,2.607
2021-08-09 21:00,0.008,2.745
2021-08-09 22:00,0.008,2.759
2021-08-09 23:00,0.007,2.685
2021-08-10 00:00,0.005,2.460
2021-08-10 01:00,0.004,2.371
2021-08-10 02:00,0.004,2.415
2021-08-10 03:00,0.006,2.553
2021-08-10 04:00,0.011,2.927
2021-08-10 05:00,0.020,3.358
2021-08-10 06:00,0.025,3.525
2021-08-10 07:00,0.024,3.504
2021-08-10 08:00,0.029,3.661
2021-08-10 09:00,0.037,3.868
2021-08-10 10:00,0.037,3.879
2021-08-10 11:00,0.020,3.366
2021-08-10 12:00,0.008,2.765
2021-08-10 13:00,0.004,2.361
2021-08-10 14:00,0.006,2.625
2021-08-10 15:00,0.009,2.853
2021-08-10 16:00,0.010,2.857
2021-08-10 17:00,0.010,2.900
2021-08-10 18:00,0.010,2.901
2021-08-10 19:00,0.007,2.697
2021-08-10 20:00,0.005,2.500
2021-08-10 21:00,0.005,2.477
2021-08-10 22:00,0.007,2.684
2021-08-10 23:00,0.013,3.043
2021-08-11 00:00,0.017,3.249
2021-08-11 01:00,0.017,3.210
2021-08-11 02:00,0.016,3.200
2021-08-11 03:00,0.008,2.722
2021-08-11 04:00,0.003,2.292
2021-08-11 05:00,0.001,1.911
2021-08-11 06:00,0.001,1.888
2021-08-11 07:00,0.002,2.176
2021-08-11 08:00,0.005,2.536
2021-08-11 09:00,0.008,2.741
2021-08-11 10:00,0.007,2.704
2021-08-11 11:00,0.002,2.174
2021-08-11 12:00,0,1.614
2021-08-11 13:00,0,1.628
2021-08-11 14:00,0.001,2.007
2021-08-11 15:00,0.002,2.151
2021-08-11 16:00,0.002,2.075
2021-08-11 17:00,0.001,1.844
2021-08-11 18:00,0,1.667
2021-08-11 19:00,0,1.569
2021-08-11 20:00,0,1.666
2021-08-11 21:00,0.001,1.918
2021-08-11 22:00,0.002,2.100
2021-08-11 23:00,0.004,2.435
2021-08-12 00:00,0.005,2.493
2021-08-12 01:00,0.003,2.259
2021-08-12 02:00,0,1.690
2021-08-12 03:00,0,0.923
2021-08-12 04:00,0,0.738
2021-08-12 05:00,0,1.175
2021-08-12 06:00,0.002,2.044
2021-08-12 07:00,0.005,2.519
2021-08-12 08:00,0.007,2.669
2021-08-12 09:00,0.006,2.606
2021-08-12 10:00,0.005,2.513
2021-08-12 11:00,0.004,2.405
2021-08-12 12:00,0.004,2.407
2021-08-12 13:00,0.004,2.392
2021-08-12 14:00,0.006,2.553
2021-08-12 15:00,0.009,2.799
2021-08-12 16:00,0.013,3.056
2021-08-12 17:00,0.013,3.030
2021-08-12 18:00,0.007,2.665
2021-08-12 19:00,0.003,2.275
2021-08-12 20:00,0.012,2.997
2021-08-12 21:00,0.035,3.837
2021-08-12 22:00,0.031,3.713
2021-08-12 23:00,0.027,3.591
2021-08-13 00:00,0.024,3.479
2021-08-13 01:00,0.013,3.029
2021-08-13 02:00,0.006,2.578
2021-08-13 03:00,0.004,2.408
2021-08-13 04:00,0.001,1.901
2021-08-13 05:00,0,1.538
2021-08-13 06:00,0,1.519
2021-08-13 07:00,0,0.981
2021-08-13 08:00,0,1.408
2021-08-13 09:00,0.010,2.879
2021-08-13 10:00,0.026,3.578
2021-08-13 11:00,0.014,3.105
2021-08-13 12:00,0.009,2.818
2021-08-13 13:00,0.005,2.463
2021-08-13 14:00,0.003,2.266
2021-08-13 15:00,0.004,2.385
2021-08-13 16:00,0.009,2.820
2021-08-13 17:00,0.011,2.939
2021-08-13 18:00,0.010,2.892
2021-08-13 19:00,0.018,3.259
2021-08-13 20:00,0.049,4.179
2021-08-13 21:00,0.071,4.615
2021-08-13 22:00,0.063,4.460
2021-08-13 23:00,0.050,4.196
2021-08-14 00:00,0.040,3.950
2021-08-14 01:00,0.053,4.260
2021-08-14 02:00,0.041,3.993
2021-08-14 03:00,0.045,4.091
2021-08-14 04:00,0.074,4.656
2021-08-14 05:00,0.078,4.728
2021-08-14 06:00,0.060,4.406
2021-08-14 07:00,0.047,4.129
2021-08-14 08:00,0.040,3.947
2021-08-14 09:00,0.024,3.489
2021-08-14 10:00,0.007,2.712
2021-08-14 11:00,0.002,2.199
2021-08-14 12:00,0.001,2.005
2021-08-14 13:00,0.002,2.103
2021-08-14 14:00,0.002,2.149
2021-08-14 15:00,0.007,2.664
2021-08-14 16:00,0.019,3.322
2021-08-14 17:00,0.031,3.718
2021-08-14 18:00,0.038,3.923
2021-08-14 19:00,0.050,4.201
2021-08-14 20:00,0.067,4.527
2021-08-14 21:00,0.088,4.896
2021-08-14 22:00,0.085,4.852
2021-08-14 23:00,0.077,4.721
2021-08-15 00:00,0.069,4.580
2021-08-15 01:00,0.051,4.229
2021-08-15 02:00,0.032,3.739
2021-08-15 03:00,0.016,3.195
2021-08-15 04:00,0.007,2.709
2021-08-15 05:00,0.003,2.238
2021-08-15 06:00,0.001,1.741
2021-08-15 07:00,0,1.289
2021-08-15 08:00,0,1.087
2021-08-15 09:00,0,1.084
2021-08-15 10:00,0,1.212
2021-08-15 11:00,0,1.529
2021-08-15 12:00,0.002,2.074
2021-08-15 13:00,0.011,2.943
2021-08-15 14:00,0.040,3.957
2021-08-15 15:00,0.084,4.840
2021-08-15 16:00,0.128,5.453
2021-08-15 17:00,0.158,5.831
2021-08-15 18:00,0.186,6.140
2021-08-15 19:00,0.215,6.428
2021-08-15 20:00,0.248,6.727
2021-08-15 21:00,0.283,7.041
2021-08-15 22:00,0.262,6.862
2021-08-15 23:00,0.282,7.030
2021-08-16 00:00,0.251,6.751
2021-08-16 01:00,0.202,6.302
2021-08-16 02:00,0.172,5.982
2021-08-16 03:00,0.139,5.612
2021-08-16 04:00,0.095,5.000
2021-08-16 05:00,0.045,4.074
2021-08-16 06:00,0.016,3.200
2021-08-16 07:00,0.006,2.609
2021-08-16 08:00,0.005,2.535
2021-08-16 09:00,0.007,2.668
2021-08-16 10:00,0.012,2.966
2021-08-16 11:00,0.019,3.316
2021-08-16 12:00,0.039,3.930
2021-08-16 13:00,0.080,4.769
2021-08-16 14:00,0.138,5.585
2021-08-16 15:00,0.186,6.133
2021-08-16 16:00,0.212,6.403
2021-08-16 17:00,0.215,6.427
2021-08-16 18:00,0.217,6.446
2021-08-16 19:00,0.208,6.353
2021-08-16 20:00,0.187,6.147
2021-08-16 21:00,0.149,5.729
2021-08-16 22:00,0.112,5.251
2021-08-16 23:00,0.119,5.347
2021-08-17 00:00,0.098,5.044
2021-08-17 01:00,0.071,4.614
2021-08-17 02:00,0.070,4.600
2021-08-17 03:00,0.098,5.046
2021-08-17 04:00,0.129,5.477
2021-08-17 05:00,0.156,5.813
2021-08-17 06:00,0.187,6.152
2021-08-17 07:00,0.218,6.454
2021-08-17 08:00,0.244,6.698
2021-08-17 09:00,0.266,6.890
2021-08-17 10:00,0.287,7.072
2021-08-17 11:00,0.279,7.006
2021-08-17 12:00,0.244,6.700
2021-08-17 13:00,0.208,6.348
2021-08-17 14:00,0.189,6.163
2021-08-17 15:00,0.210,6.373
2021-08-17 16:00,0.219,6.462
2021-08-17 17:00,0.197,6.248
2021-08-17 18:00,0.180,6.070
2021-08-17 19:00,0.172,5.986
2021-08-17 20:00,0.173,5.994
2021-08-17 21:00,0.164,5.897
2021-08-17 22:00,0.134,5.540
2021-08-17 23:00,0.125,5.423
2021-08-18 00:00,0.128,5.454
2021-08-18 01:00,0.088,4.894
2021-08-18 02:00,0.034,3.796
2021-08-18 03:00,0.011,2.924
2021-08-18 04:00,0.006,2.629
2021-08-18 05:00,0.006,2.637
2021-08-18 06:00,0.007,2.652
2021-08-18 07:00,0.009,2.845
2021-08-18 08:00,0.023,3.446
2021-08-18 09:00,0.050,4.198
2021-08-18 10:00,0.112,5.253
2021-08-18 11:00,0.231,6.575
2021-08-18 12:00,0.374,7.769
2021-08-18 13:00,0.422,8.126
2021-08-18 14:00,0.366,7.710
2021-08-18 15:00,0.278,7.000
2021-08-18 16:00,0.187,6.146
2021-08-18 17:00,0.132,5.522
2021-08-18 18:00,0.100,5.085
2021-08-18 19:00,0.075,4.675
2021-08-18 20:00,0.052,4.249
2021-08-18 21:00,0.043,4.030
2021-08-18 22:00,0.034,3.803
2021-08-18 23:00,0.035,3.830
2021-08-19 00:00,0.033,3.776
2021-08-19 01:00,0.027,3.586
2021-08-19 02:00,0.017,3.254
2021-08-19 03:00,0.008,2.771
2021-08-19 04:00,0.003,2.218
2021-08-19 05:00,0.001,1.713
2021-08-19 06:00,0,1.515
2021-08-19 07:00,0.001,1.774
2021-08-19 08:00,0.002,2.098
2021-08-19 09:00,0.002,2.155
2021-08-19 10:00,0.001,1.997
2021-08-19 11:00,0.001,1.842
2021-08-19 12:00,0.002,2.166
2021-08-19 13:00,0.013,3.065
2021-08-19 14:00,0.043,4.035
2021-08-19 15:00,0.085,4.854
2021-08-19 16:00,0.130,5.496
2021-08-19 17:00,0.172,5.988
2021-08-19 18:00,0.210,6.375
2021-08-19 19:00,0.246,6.719
2021-08-19 20:00,0.280,7.016
2021-08-19 21:00,0.289,7.085
2021-08-19 22:00,0.241,6.665
2021-08-19 23:00,0.224,6.514
2021-08-20 00:00,0.211,6.392
2021-08-20 01:00,0.197,6.241
2021-08-20 02:00,0.195,6.226
2021-08-20 03:00,0.200,6.282
2021-08-20 04:00,0.187,6.150
2021-08-20 05:00,0.174,6.007
2021-08-20 06:00,0.166,5.916
2021-08-20 07:00,0.171,5.964
2021-08-20 08:00,0.173,5.998
2021-08-20 09:00,0.179,6.066
2021-08-20 10:00,0.225,6.527
2021-08-20 11:00,0.323,7.366
2021-08-20 12:00,0.412,8.052
2021-08-20 13:00,0.455,8.375
2021-08-20 14:00,0.444,8.289
2021-08-20 15:00,0.451,8.343
2021-08-20 16:00,0.453,8.353
2021-08-20 17:00,0.460,8.409
2021-08-20 18:00,0.480,8.557
2021-08-20 19:00,0.564,9.180
2021-08-20 20:00,0.677,10.086
2021-08-20 21:00,0.739,10.664
2021-08-20 22:00,0.796,11.284
2021-08-20 23:00,0.853,12.056
2021-08-21 00:00,0.923,13.419
2021-08-21 01:00,0.979,15.713
2021-08-21 02:00,0.987,17.999
2021-08-21 03:00,0.986,18.197
2021-08-21 04:00,0.985,16.259
2021-08-21 05:00,0.950,14.215
2021-08-21 06:00,0.890,12.694
2021-08-21 07:00,0.753,10.811
2021-08-21 08:00,0.552,9.090
2021-08-21 09:00,0.390,7.888
2021-08-21 10:00,0.305,7.228
2021-08-21 11:00,0.270,6.919
2021-08-21 12:00,0.235,6.615
2021-08-21 13:00,0.166,5.917
2021-08-21 14:00,0.148,5.707
2021-08-21 15:00,0.145,5.679
2021-08-21 16:00,0.159,5.840
2021-08-21 17:00,0.155,5.787
2021-08-21 18:00,0.133,5.526
2021-08-21 19:00,0.096,5.019
2021-08-21 20:00,0.063,4.458
2021-08-21 21:00,0.053,4.261
2021-08-21 22:00,0.060,4.391
2021-08-21 23:00,0.055,4.299
2021-08-22 00:00,0.043,4.028
2021-08-22 01:00,0.042,4.009
2021-08-22 02:00,0.066,4.513
2021-08-22 03:00,0.105,5.155
2021-08-22 04:00,0.131,5.507
2021-08-22 05:00,0.125,5.424
2021-08-22 06:00,0.100,5.071
2021-08-22 07:00,0.070,4.594
2021-08-22 08:00,0.063,4.457
2021-08-22 09:00,0.070,4.596
2021-08-22 10:00,0.071,4.605
2021-08-22 11:00,0.067,4.538
2021-08-22 12:00,0.051,4.218
2021-08-22 13:00,0.040,3.965
2021-08-22 14:00,0.025,3.525
2021-08-22 15:00,0.016,3.187
2021-08-22 16:00,0.035,3.821
2021-08-22 17:00,0.092,4.968
2021-08-22 18:00,0.112,5.254
2021-08-22 19:00,0.113,5.268
2021-08-22 20:00,0.107,5.184
2021-08-22 21:00,0.092,4.954
2021-08-22 22:00,0.081,4.781
2021-08-22 23:00,0.074,4.669
2021-08-23 00:00,0.063,4.455
2021-08-23 01:00,0.067,4.533
2021-08-23 02:00,0.121,5.378
2021-08-23 03:00,0.222,6.491
2021-08-23 04:00,0.345,7.544
2021-08-23 05:00,0.354,7.615
2021-08-23 06:00,0.303,7.206
2021-08-23 07:00,0.385,7.847
2021-08-23 08:00,0.449,8.322
2021-08-23 09:00,0.520,8.857
2021-08-23 10:00,0.589,9.378
2021-08-23 11:00,0.601,9.457
2021-08-23 12:00,0.534,8.960
2021-08-23 13:00,0.379,7.806
2021-08-23 14:00,0.204,6.317
2021-08-23 15:00,0.115,5.283
2021-08-23 16:00,0.163,5.890
2021-08-23 17:00,0.328,7.401
2021-08-23 18:00,0.468,8.469
2021-08-23 19:00,0.568,9.214
2021-08-23 20:00,0.683,10.141
2021-08-23 21:00,0.758,10.858
2021-08-23 22:00,0.813,11.498
2021-08-23 23:00,0.920,13.322
2021-08-24 00:00,0.953,14.337
2021-08-24 01:00,0.956,14.432
2021-08-24 02:00,0.965,14.818
2021-08-24 03:00,0.968,15.017
2021-08-24 04:00,0.951,14.267
2021-08-24 05:00,0.922,13.373
2021-08-24 06:00,0.881,12.509
2021-08-24 07:00,0.817,11.547
2021-08-24 08:00,0.679,10.102
2021-08-24 09:00,0.553,9.100
2021-08-24 10:00,0.478,8.534
2021-08-24 11:00,0.392,7.902
2021-08-24 12:00,0.369,7.728
2021-08-24 13:00,0.348,7.570
2021-08-24 14:00,0.365,7.699
2021-08-24 15:00,0.413,8.060
2021-08-24 16:00,0.280,7.011
2021-08-24 17:00,0.146,5.691
2021-08-24 18:00,0.063,4.468
2021-08-24 19:00,0.018,3.282
2021-08-24 20:00,0.071,4.614
2021-08-24 21:00,0.096,5.022
2021-08-24 22:00,0.076,4.699
2021-08-24 23:00,0.084,4.834
2021-08-25 00:00,0.066,4.516
2021-08-25 01:00,0.035,3.834
2021-08-25 02:00,0.032,3.760
2021-08-25 03:00,0.015,3.145
2021-08-25 04:00,0.012,2.996
2021-08-25 05:00,0.017,3.215
2021-08-25 06:00,0.026,3.551
2021-08-25 07:00,0.041,4.000
2021-08-25 08:00,0.060,4.395
2021-08-25 09:00,0.067,4.532
2021-08-25 10:00,0.059,4.369
2021-08-25 11:00,0.049,4.166
2021-08-25 12:00,0.044,4.070
2021-08-25 13:00,0.045,4.088
2021-08-25 14:00,0.032,3.747
2021-08-25 15:00,0.032,3.758
2021-08-25 16:00,0.046,4.104
2021-08-25 17:00,0.051,4.226
2021-08-25 18:00,0.044,4.069
2021-08-25 19:00,0.041,3.972
2021-08-25 20:00,0.055,4.301
2021-08-25 21:00,0.093,4.976
2021-08-25 22:00,0.136,5.565
2021-08-25 23:00,0.183,6.096
2021-08-26 00:00,0.223,6.503
2021-08-26 01:00,0.244,6.690
2021-08-26 02:00,0.262,6.858
2021-08-26 03:00,0.274,6.965
2021-08-26 04:00,0.259,6.831
2021-08-26 05:00,0.244,6.690
2021-08-26 06:00,0.254,6.793
2021-08-26 07:00,0.257,6.819
2021-08-26 08:00,0.192,6.201
2021-08-26 09:00,0.128,5.465
2021-08-26 10:00,0.118,5.339
2021-08-26 11:00,0.145,5.680
2021-08-26 12:00,0.191,6.184
2021-08-26 13:00,0.232,6.589
2021-08-26 14:00,0.246,6.717
2021-08-26 15:00,0.246,6.709
2021-08-26 16:00,0.221,6.479
2021-08-26 17:00,0.188,6.158
2021-08-26 18:00,0.165,5.912
2021-08-26 19:00,0.130,5.497
2021-08-26 20:00,0.092,4.960
2021-08-26 21:00,0.061,4.424
2021-08-26 22:00,0.027,3.596
2021-08-26 23:00,0.008,2.723
2021-08-27 00:00,0.003,2.281
2021-08-27 01:00,0.005,2.483
2021-08-27 02:00,0.015,3.124
2021-08-27 03:00,0.036,3.853
2021-08-27 04:00,0.105,5.155
2021-08-27 05:00,0.156,5.813
2021-08-27 06:00,0.199,6.275
2021-08-27 07:00,0.324,7.381
2021-08-27 08:00,0.463,8.431
2021-08-27 09:00,0.548,9.057
2021-08-27 10:00,0.545,9.042
2021-08-27 11:00,0.497,8.671
2021-08-27 12:00,0.395,7.931
2021-08-27 13:00,0.246,6.713
2021-08-27 14:00,0.148,5.710
2021-08-27 15:00,0.100,5.073
2021-08-27 16:00,0.096,5.023
2021-08-27 17:00,0.127,5.450
2021-08-27 18:00,0.161,5.865
2021-08-27 19:00,0.157,5.822
2021-08-27 20:00,0.156,5.803
2021-08-27 21:00,0.182,6.094
2021-08-27 22:00,0.178,6.049
2021-08-27 23:00,0.152,5.763
2021-08-28 00:00,0.118,5.329
2021-08-28 01:00,0.071,4.610
2021-08-28 02:00,0.027,3.596
2021-08-28 03:00,0.008,2.724
2021-08-28 04:00,0.006,2.610
2021-08-28 05:00,0.010,2.901
2021-08-28 06:00,0.017,3.245
2021-08-28 07:00,0.029,3.660
2021-08-28 08:00,0.045,4.074
2021-08-28 09:00,0.053,4.260
2021-08-28 10:00,0.065,4.502
2021-08-28 11:00,0.063,4.456
2021-08-28 12:00,0.050,4.204
2021-08-28 13:00,0.032,3.755
2021-08-28 14:00,0.019,3.316
2021-08-28 15:00,0.020,3.347
2021-08-28 16:00,0.027,3.597
2021-08-28 17:00,0.033,3.779
2021-08-28 18:00,0.034,3.806
2021-08-28 19:00,0.029,3.669
2021-08-28 20:00,0.025,3.522
2021-08-28 21:00,0.020,3.345
2021-08-28 22:00,0.014,3.089
2021-08-28 23:00,0.008,2.734
2021-08-29 00:00,0.010,2.866
2021-08-29 01:00,0.040,3.961
2021-08-29 02:00,0.089,4.915
2021-08-29 03:00,0.105,5.162
2021-08-29 04:00,0.084,4.832
2021-08-29 05:00,0.065,4.496
2021-08-29 06:00,0.047,4.121
2021-08-29 07:00,0.030,3.690
2021-08-29 08:00,0.023,3.445
2021-08-29 09:00,0.022,3.421
2021-08-29 10:00,0.025,3.521
2021-08-29 11:00,0.040,3.947
2021-08-29 12:00,0.061,4.419
2021-08-29 13:00,0.070,4.589
2021-08-29 14:00,0.069,4.582
2021-08-29 15:00,0.068,4.545
2021-08-29 16:00,0.068,4.547
2021-08-29 17:00,0.079,4.748
2021-08-29 18:00,0.102,5.105
2021-08-29 19:00,0.138,5.588
2021-08-29 20:00,0.158,5.832
2021-08-29 21:00,0.138,5.581
2021-08-29 22:00,0.107,5.185
2021-08-29 23:00,0.080,4.765
2021-08-30 00:00,0.057,4.353
2021-08-30 01:00,0.030,3.691
2021-08-30 02:00,0.014,3.093
2021-08-30 03:00,0.011,2.923
2021-08-30 04:00,0.007,2.682
2021-08-30 05:00,0.005,2.493
2021-08-30 06:00,0.003,2.263
2021-08-30 07:00,0.003,2.262
2021-08-30 08:00,0.003,2.299
2021-08-30 09:00,0.004,2.363
2021-08-30 10:00,0.002,2.180
2021-08-30 11:00,0.002,2.113
2021-08-30 12:00,0.003,2.327
2021-08-30 13:00,0.004,2.392
2021-08-30 14:00,0.003,2.256
2021-08-30 15:00,0.002,2.100
2021-08-30 16:00,0.002,2.165
2021-08-30 17:00,0.003,2.265
2021-08-30 18:00,0.003,2.234
2021-08-30 19:00,0.002,2.057
2021-08-30 20:00,0.005,2.529
2021-08-30 21:00,0.021,3.386
2021-08-30 22:00,0.033,3.779
2021-08-30 23:00,0.021,3.402
2021-08-31 00:00,0.006,2.608
2021-08-31 01:00,0.001,1.883
2021-08-31 02:00,0.001,1.706
2021-08-31 03:00,0.001,1.809
2021-08-31 04:00,0.001,2.008
2021-08-31 05:00,0.004,2.388
2021-08-31 06:00,0.010,2.904
2021-08-31 07:00,0.016,3.178
2021-08-31 08:00,0.023,3.452
2021-08-31 09:00,0.061,4.419
2021-08-31 10:00,0.168,5.938
2021-08-31 11:00,0.334,7.459
2021-08-31 12:00,0.518,8.833
2021-08-31 13:00,0.607,9.506
2021-08-31 14:00,0.625,9.653
2021-08-31 15:00,0.660,9.950
2021-08-31 16:00,0.709,10.371
2021-08-31 17:00,0.740,10.682
2021-08-31 18:00,0.749,10.769
2021-08-31 19:00,0.718,10.465
2021-08-31 20:00,0.735,10.631
2021-08-31 21:00,0.807,11.418
2021-08-31 22:00,0.856,12.102
2021-08-31 23:00,0.930,13.606
2021-09-01 00:00,0.944,13.999
2021-09-01 01:00,0.858,12.135
2021-09-01 02:00,0.748,10.754
2021-09-01 03:00,0.492,8.643
2021-09-01 04:00,0.319,7.336
2021-09-01 05:00,0.252,6.776
2021-09-01 06:00,0.208,6.358
2021-09-01 07:00,0.173,5.997
2021-09-01 08:00,0.131,5.508
2021-09-01 09:00,0.117,5.315
2021-09-01 10:00,0.113,5.269
2021-09-01 11:00,0.081,4.779
2021-09-01 12:00,0.039,3.928
2021-09-01 13:00,0.009,2.841
2021-09-01 14:00,0.001,1.738
2021-09-01 15:00,0,1.145
2021-09-01 16:00,0,0.931
2021-09-01 17:00,0,1.493
2021-09-01 18:00,0.001,1.902
2021-09-01 19:00,0.004,2.416
2021-09-01 20:00,0.011,2.926
2021-09-01 21:00,0.021,3.402
2021-09-01 22:00,0.033,3.777
2021-09-01 23:00,0.047,4.119
2021-09-02 00:00,0.072,4.624
2021-09-02 01:00,0.108,5.191
2021-09-02 02:00,0.103,5.122
2021-09-02 03:00,0.115,5.284
2021-09-02 04:00,0.112,5.254
2021-09-02 05:00,0.097,5.035
2021-09-02 06:00,0.080,4.763
2021-09-02 07:00,0.067,4.536
2021-09-02 08:00,0.053,4.255
2021-09-02 09:00,0.039,3.931
2021-09-02 10:00,0.021,3.396
2021-09-02 11:00,0.010,2.889
2021-09-02 12:00,0.014,3.093
2021-09-02 13:00,0.030,3.677
2021-09-02 14:00,0.050,4.198
2021-09-02 15:00,0.070,4.598
2021-09-02 16:00,0.084,4.831
2021-09-02 17:00,0.091,4.945
2021-09-02 18:00,0.095,5.015
2021-09-02 19:00,0.113,5.267
2021-09-02 20:00,0.135,5.553
2021-09-02 21:00,0.130,5.498
2021-09-02 22:00,0.099,5.060
2021-09-02 23:00,0.077,4.717
2021-09-03 00:00,0.053,4.266
2021-09-03 01:00,0.031,3.707
2021-09-03 02:00,0.020,3.357
2021-09-03 03:00,0.017,3.212
2021-09-03 04:00,0.016,3.189
2021-09-03 05:00,0.017,3.221
2021-09-03 06:00,0.029,3.646
2021-09-03 07:00,0.041,3.971
2021-09-03 08:00,0.055,4.298
2021-09-03 09:00,0.074,4.663
2021-09-03 10:00,0.100,5.077
2021-09-03 11:00,0.122,5.388
2021-09-03 12:00,0.138,5.594
2021-09-03 13:00,0.145,5.683
2021-09-03 14:00,0.144,5.667
2021-09-03 15:00,0.175,6.009
2021-09-03 16:00,0.214,6.416
2021-09-03 17:00,0.210,6.383
2021-09-03 18:00,0.179,6.065
2021-09-03 19:00,0.166,5.924
2021-09-03 20:00,0.157,5.815
2021-09-03 21:00,0.138,5.584
2021-09-03 22:00,0.093,4.978
2021-09-03 23:00,0.041,3.982
2021-09-04 00:00,0.024,3.502
2021-09-04 01:00,0.017,3.206
2021-09-04 02:00,0.011,2.920
2021-09-04 03:00,0.006,2.566
2021-09-04 04:00,0.005,2.546
2021-09-04 05:00,0.001,2.016
2021-09-04 06:00,0.005,2.515
2021-09-04 07:00,0.018,3.260
2021-09-04 08:00,0.033,3.768
2021-09-04 09:00,0.063,4.472
2021-09-04 10:00,0.090,4.937
2021-09-04 11:00,0.109,5.215
2021-09-04 12:00,0.135,5.550
2021-09-04 13:00,0.213,6.405
2021-09-04 14:00,0.270,6.926
2021-09-04 15:00,0.293,7.126
2021-09-04 16:00,0.332,7.437
2021-09-04 17:00,0.345,7.546
2021-09-04 18:00,0.351,7.581
2021-09-04 19:00,0.366,7.709
2021-09-04 20:00,0.404,7.997
2021-09-04 21:00,0.305,7.230
2021-09-04 22:00,0.259,6.834
2021-09-04 23:00,0.252,6.772
2021-09-05 00:00,0.274,6.969
2021-09-05 01:00,0.396,7.933
2021-09-05 02:00,0.487,8.612
2021-09-05 03:00,0.488,8.618
2021-09-05 04:00,0.443,8.276
2021-09-05 05:00,0.373,7.756
2021-09-05 06:00,0.324,7.370
2021-09-05 07:00,0.239,6.655
2021-09-05 08:00,0.216,6.434
2021-09-05 09:00,0.262,6.851
2021-09-05 10:00,0.328,7.407
2021-09-05 11:00,0.399,7.959
2021-09-05 12:00,0.436,8.231
2021-09-05 13:00,0.444,8.283
2021-09-05 14:00,0.465,8.447
2021-09-05 15:00,0.494,8.662
2021-09-05 16:00,0.474,8.508
2021-09-05 17:00,0.444,8.287
2021-09-05 18:00,0.444,8.291
2021-09-05 19:00,0.472,8.497
2021-09-05 20:00,0.513,8.797
2021-09-05 21:00,0.542,9.019
2021-09-05 22:00,0.567,9.204
2021-09-05 23:00,0.595,9.416
2021-09-06 00:00,0.667,10.010
2021-09-06 01:00,0.675,10.073
2021-09-06 02:00,0.661,9.954
2021-09-06 03:00,0.629,9.685
2021-09-06 04:00,0.642,9.799
2021-09-06 05:00,0.652,9.877
2021-09-06 06:00,0.666,10.002
2021-09-06 07:00,0.704,10.328
2021-09-06 08:00,0.728,10.564
2021-09-06 09:00,0.733,10.598
2021-09-06 10:00,0.760,10.874
2021-09-06 11:00,0.787,11.181
2021-09-06 12:00,0.843,11.906
2021-09-06 13:00,0.879,12.481
2021-09-06 14:00,0.867,12.279
2021-09-06 15:00,0.839,11.844
2021-09-06 16:00,0.818,11.555
2021-09-06 17:00,0.808,11.429
2021-09-06 18:00,0.813,11.498
2021-09-06 19:00,0.823,11.624
2021-09-06 20:00,0.822,11.600
2021-09-06 21:00,0.810,11.454
2021-09-06 22:00,0.812,11.482
2021-09-06 23:00,0.808,11.436
2021-09-07 00:00,0.767,10.959
2021-09-07 01:00,0.745,10.725
2021-09-07 02:00,0.712,10.404
2021-09-07 03:00,0.709,10.380
2021-09-07 04:00,0.713,10.411
2021-09-07 05:00,0.647,9.830
2021-09-07 06:00,0.573,9.239
2021-09-07 07:00,0.502,8.712
2021-09-07 08:00,0.401,7.975
2021-09-07 09:00,0.332,7.438
2021-09-07 10:00,0.394,7.915
2021-09-07 11:00,0.582,9.322
2021-09-07 12:00,0.692,10.229
2021-09-07 13:00,0.687,10.169
2021-09-07 14:00,0.622,9.634
2021-09-07 15:00,0.557,9.128
2021-09-07 16:00,0.533,8.949
2021-09-07 17:00,0.532,8.944
2021-09-07 18:00,0.542,9.015
2021-09-07 19:00,0.536,8.972
2021-09-07 20:00,0.518,8.833
2021-09-07 21:00,0.492,8.644
2021-09-07 22:00,0.444,8.290
2021-09-07 23:00,0.404,7.989
2021-09-08 00:00,0.368,7.720
2021-09-08 01:00,0.342,7.517
2021-09-08 02:00,0.322,7.362
2021-09-08 03:00,0.293,7.128
2021-09-08 04:00,0.255,6.797
2021-09-08 05:00,0.213,6.410
2021-09-08 06:00,0.175,6.020
2021-09-08 07:00,0.155,5.789
2021-09-08 08:00,0.155,5.782
2021-09-08 09:00,0.175,6.012
2021-09-08 10:00,0.172,5.991
2021-09-08 11:00,0.138,5.581
2021-09-08 12:00,0.100,5.083
2021-09-08 13:00,0.062,4.438
2021-09-08 14:00,0.030,3.691
2021-09-08 15:00,0.012,3.023
2021-09-08 16:00,0.007,2.676
2021-09-08 17:00,0.006,2.582
2021-09-08 18:00,0.007,2.672
2021-09-08 19:00,0.007,2.692
2021-09-08 20:00,0.008,2.749
2021-09-08 21:00,0.008,2.754
2021-09-08 22:00,0.006,2.636
2021-09-08 23:00,0.004,2.438
2021-09-09 00:00,0.003,2.218
2021-09-09 01:00,0.002,2.084
2021-09-09 02:00,0.001,1.953
2021-09-09 03:00,0.001,1.783
2021-09-09 04:00,0,1.504
2021-09-09 05:00,0,1.540
2021-09-09 06:00,0,1.505
2021-09-09 07:00,0,1.309
2021-09-09 08:00,0,1.287
2021-09-09 09:00,0.001,1.827
2021-09-09 10:00,0.001,1.821
2021-09-09 11:00,0,1.353
2021-09-09 12:00,0,1.267
2021-09-09 13:00,0,1.532
2021-09-09 14:00,0.001,1.889
2021-09-09 15:00,0.003,2.290
2021-09-09 16:00,0.008,2.727
2021-09-09 17:00,0.013,3.036
2021-09-09 18:00,0.015,3.148
2021-09-09 19:00,0.017,3.242
2021-09-09 20:00,0.020,3.360
2021-09-09 21:00,0.016,3.202
2021-09-09 22:00,0.011,2.938
2021-09-09 23:00,0.003,2.327
2021-09-10 00:00,0.001,1.824
2021-09-10 01:00,0.001,1.980
2021-09-10 02:00,0.001,1.833
2021-09-10 03:00,0,1.530
2021-09-10 04:00,0,1.459
2021-09-10 05:00,0,1.072
2021-09-10 06:00,0,0.942
2021-09-10 07:00,0,0.683
2021-09-10 08:00,0,0.240
2021-09-10 09:00,0,0.571
2021-09-10 10:00,0,0.854
2021-09-10 11:00,0,0.897
2021-09-10 12:00,0,0.896
2021-09-10 13:00,0,0.885
2021-09-10 14:00,0,0.804
2021-09-10 15:00,0,0.671
2021-09-10 16:00,0,0.695
2021-09-10 17:00,0,0.804
2021-09-10 18:00,0,0.860
2021-09-10 19:00,0,1.108
2021-09-10 20:00,0,1.378
2021-09-10 21:00,0,1.635
2021-09-10 22:00,0.001,1.927
2021-09-10 23:00,0.001,1.850
2021-09-11 00:00,0,1.304
2021-09-11 01:00,0,0.771
2021-09-11 02:00,0,0.817
2021-09-11 03:00,0,0.690
2021-09-11 04:00,0,0.308
2021-09-11 05:00,0,0.642
2021-09-11 06:00,0,1.123
2021-09-11 07:00,0,1.587
2021-09-11 08:00,0.002,2.071
2021-09-11 09:00,0.006,2.613
2021-09-11 10:00,0.014,3.078
2021-09-11 11:00,0.014,3.083
2021-09-11 12:00,0.010,2.881
2021-09-11 13:00,0.007,2.695
2021-09-11 14:00,0.008,2.726
2021-09-11 15:00,0.006,2.642
2021-09-11 16:00,0.003,2.305
2021-09-11 17:00,0.001,1.978
2021-09-11 18:00,0.001,1.843
2021-09-11 19:00,0.001,1.981
2021-09-11 20:00,0.004,2.382
2021-09-11 21:00,0.015,3.157
2021-09-11 22:00,0.034,3.801
2021-09-11 23:00,0.040,3.951
2021-09-12 00:00,0.055,4.292
2021-09-12 01:00,0.075,4.683
2021-09-12 02:00,0.095,5.013
2021-09-12 03:00,0.087,4.868
2021-09-12 04:00,0.051,4.225
2021-09-12 05:00,0.024,3.485
2021-09-12 06:00,0.015,3.128
2021-09-12 07:00,0.026,3.578
2021-09-12 08:00,0.061,4.425
2021-09-12 09:00,0.078,4.727
2021-09-12 10:00,0.077,4.721
2021-09-12 11:00,0.074,4.654
2021-09-12 12:00,0.062,4.447
2021-09-12 13:00,0.068,4.556
2021-09-12 14:00,0.080,4.770
2021-09-12 15:00,0.088,4.896
2021-09-12 16:00,0.104,5.138
2021-09-12 17:00,0.141,5.631
2021-09-12 18:00,0.197,6.253
2021-09-12 19:00,0.241,6.667
2021-09-12 20:00,0.280,7.020
2021-09-12 21:00,0.318,7.327
2021-09-12 22:00,0.312,7.276
2021-09-12 23:00,0.277,6.984
2021-09-13 00:00,0.359,7.648
2021-09-13 01:00,0.489,8.628
2021-09-13 02:00,0.511,8.780
2021-09-13 03:00,0.489,8.622
2021-09-13 04:00,0.478,8.535
2021-09-13 05:00,0.466,8.456
2021-09-13 06:00,0.441,8.261
2021-09-13 07:00,0.417,8.088
2021-09-13 08:00,0.413,8.060
2021-09-13 09:00,0.406,8.007
2021-09-13 10:00,0.395,7.927
2021-09-13 11:00,0.404,7.987
2021-09-13 12:00,0.422,8.132
2021-09-13 13:00,0.441,8.267
2021-09-13 14:00,0.480,8.549
2021-09-13 15:00,0.530,8.920
2021-09-13 16:00,0.564,9.172
2021-09-13 17:00,0.584,9.337
2021-09-13 18:00,0.609,9.535
2021-09-13 19:00,0.636,9.748
2021-09-13 20:00,0.660,9.945
2021-09-13 21:00,0.683,10.144
2021-09-13 22:00,0.683,10.141
2021-09-13 23:00,0.722,10.497
2021-09-14 00:00,0.772,11.003
2021-09-14 01:00,0.785,11.149
2021-09-14 02:00,0.781,11.105
2021-09-14 03:00,0.757,10.847
2021-09-14 04:00,0.735,10.623
2021-09-14 05:00,0.705,10.337
2021-09-14 06:00,0.656,9.911
2021-09-14 07:00,0.632,9.709
2021-09-14 08:00,0.646,9.826
2021-09-14 09:00,0.675,10.072
2021-09-14 10:00,0.698,10.283
2021-09-14 11:00,0.723,10.511
2021-09-14 12:00,0.767,10.954
2021-09-14 13:00,0.782,11.115
2021-09-14 14:00,0.781,11.100
2021-09-14 15:00,0.771,10.997
2021-09-14 16:00,0.763,10.900
2021-09-14 17:00,0.764,10.921
2021-09-14 18:00,0.751,10.790
2021-09-14 19:00,0.728,10.564
2021-09-14 20:00,0.712,10.411
2021-09-14 21:00,0.717,10.444
2021-09-14 22:00,0.714,10.421
2021-09-14 23:00,0.707,10.361
2021-09-15 00:00,0.731,10.584
2021-09-15 01:00,0.712,10.401
2021-09-15 02:00,0.658,9.930
2021-09-15 03:00,0.569,9.223
2021-09-15 04:00,0.465,8.451
2021-09-15 05:00,0.397,7.945
2021-09-15 06:00,0.334,7.459
2021-09-15 07:00,0.305,7.227
2021-09-15 08:00,0.351,7.583
2021-09-15 09:00,0.494,8.654
2021-09-15 10:00,0.643,9.809
2021-09-15 11:00,0.691,10.210
2021-09-15 12:00,0.639,9.774
2021-09-15 13:00,0.628,9.673
2021-09-15 14:00,0.562,9.166
2021-09-15 15:00,0.497,8.673
2021-09-15 16:00,0.421,8.116
2021-09-15 17:00,0.377,7.783
2021-09-15 18:00,0.344,7.531
2021-09-15 19:00,0.335,7.467
2021-09-15 20:00,0.321,7.347
2021-09-15 21:00,0.297,7.149
2021-09-15 22:00,0.236,6.629
2021-09-15 23:00,0.190,6.172
2021-09-16 00:00,0.182,6.087
2021-09-16 01:00,0.150,5.737
2021-09-16 02:00,0.105,5.161
2021-09-16 03:00,0.077,4.710
2021-09-16 04:00,0.062,4.440
2021-09-16 05:00,0.057,4.336
2021-09-16 06:00,0.055,4.293
2021-09-16 07:00,0.064,4.478
2021-09-16 08:00,0.089,4.913
2021-09-16 09:00,0.127,5.446
2021-09-16 10:00,0.174,6.003
2021-09-16 11:00,0.251,6.757
2021-09-16 12:00,0.321,7.348
2021-09-16 13:00,0.377,7.785
2021-09-16 14:00,0.417,8.089
2021-09-16 15:00,0.446,8.308
2021-09-16 16:00,0.480,8.548
2021-09-16 17:00,0.511,8.785
2021-09-16 18:00,0.543,9.022
2021-09-16 19:00,0.622,9.636
2021-09-16 20:00,0.707,10.361
2021-09-16 21:00,0.773,11.016
2021-09-16 22:00,0.812,11.484
2021-09-16 23:00,0.844,11.901
2021-09-17 00:00,0.875,12.398
2021-09-17 01:00,0.890,12.693
2021-09-17 02:00,0.897,12.819
2021-09-17 03:00,0.883,12.560
2021-09-17 04:00,0.845,11.934
2021-09-17 05:00,0.773,11.021
2021-09-17 06:00,0.712,10.402
2021-09-17 07:00,0.654,9.894
2021-09-17 08:00,0.590,9.384
2021-09-17 09:00,0.550,9.080
2021-09-17 10:00,0.500,8.704
2021-09-17 11:00,0.432,8.207
2021-09-17 12:00,0.349,7.572
2021-09-17 13:00,0.293,7.122
2021-09-17 14:00,0.262,6.855
2021-09-17 15:00,0.220,6.474
2021-09-17 16:00,0.175,6.017
2021-09-17 17:00,0.132,5.520
2021-09-17 18:00,0.098,5.039
2021-09-17 19:00,0.079,4.744
2021-09-17 20:00,0.074,4.658
2021-09-17 21:00,0.078,4.726
2021-09-17 22:00,0.074,4.666
2021-09-17 23:00,0.058,4.367
2021-09-18 00:00,0.051,4.230
2021-09-18 01:00,0.038,3.901
2021-09-18 02:00,0.023,3.466
2021-09-18 03:00,0.012,2.969
2021-09-18 04:00,0.006,2.601
2021-09-18 05:00,0.007,2.694
2021-09-18 06:00,0.011,2.954
2021-09-18 07:00,0.014,3.086
2021-09-18 08:00,0.015,3.126
2021-09-18 09:00,0.019,3.315
2021-09-18 10:00,0.032,3.760
2021-09-18 11:00,0.036,3.849
2021-09-18 12:00,0.034,3.799
2021-09-18 13:00,0.046,4.109
2021-09-18 14:00,0.068,4.552
2021-09-18 15:00,0.075,4.687
2021-09-18 16:00,0.062,4.440
2021-09-18 17:00,0.043,4.024
2021-09-18 18:00,0.032,3.756
2021-09-18 19:00,0.040,3.961
2021-09-18 20:00,0.083,4.802
2021-09-18 21:00,0.111,5.243
2021-09-18 22:00,0.072,4.624
2021-09-18 23:00,0.041,3.981
2021-09-19 00:00,0.036,3.852
2021-09-19 01:00,0.025,3.525
2021-09-19 02:00,0.009,2.812
2021-09-19 03:00,0.001,1.951
2021-09-19 04:00,0,1.291
2021-09-19 05:00,0,1.082
2021-09-19 06:00,0,1.214
2021-09-19 07:00,0.002,2.027
2021-09-19 08:00,0.011,2.955
2021-09-19 09:00,0.024,3.505
2021-09-19 10:00,0.029,3.639
2021-09-19 11:00,0.027,3.606
2021-09-19 12:00,0.024,3.500
2021-09-19 13:00,0.036,3.853
2021-09-19 14:00,0.095,5.015
2021-09-19 15:00,0.190,6.168
2021-09-19 16:00,0.272,6.939
2021-09-19 17:00,0.308,7.248
2021-09-19 18:00,0.329,7.417
2021-09-19 19:00,0.363,7.687
2021-09-19 20:00,0.398,7.949
2021-09-19 21:00,0.455,8.378
2021-09-19 22:00,0.445,8.296
2021-09-19 23:00,0.433,8.210
2021-09-20 00:00,0.503,8.725
2021-09-20 01:00,0.481,8.564
2021-09-20 02:00,0.441,8.266
2021-09-20 03:00,0.413,8.056
2021-09-20 04:00,0.441,8.262
2021-09-20 05:00,0.515,8.816
2021-09-20 06:00,0.618,9.603
2021-09-20 07:00,0.674,10.065
2021-09-20 08:00,0.738,10.651
2021-09-20 09:00,0.775,11.050
2021-09-20 10:00,0.812,11.482
2021-09-20 11:00,0.828,11.686
2021-09-20 12:00,0.871,12.330
2021-09-20 13:00,0.903,12.957
2021-09-20 14:00,0.912,13.136
2021-09-20 15:00,0.891,12.710
2021-09-20 16:00,0.823,11.629
2021-09-20 17:00,0.696,10.259
2021-09-20 18:00,0.545,9.033
2021-09-20 19:00,0.654,9.895
2021-09-20 20:00,0.715,10.431
2021-09-20 21:00,0.405,8.001
2021-09-20 22:00,0.250,6.742
2021-09-20 23:00,0.242,6.681
2021-09-21 00:00,0.238,6.646
2021-09-21 01:00,0.250,6.743
2021-09-21 02:00,0.271,6.934
2021-09-21 03:00,0.308,7.243
2021-09-21 04:00,0.369,7.731
2021-09-21 05:00,0.422,8.120
2021-09-21 06:00,0.453,8.357
2021-09-21 07:00,0.460,8.410
2021-09-21 08:00,0.441,8.263
2021-09-21 09:00,0.430,8.188
2021-09-21 10:00,0.457,8.389
2021-09-21 11:00,0.489,8.627
2021-09-21 12:00,0.523,8.879
2021-09-21 13:00,0.557,9.129
2021-09-21 14:00,0.584,9.338
2021-09-21 15:00,0.623,9.643
2021-09-21 16:00,0.651,9.875
2021-09-21 17:00,0.679,10.111
2021-09-21 18:00,0.771,10.995
2021-09-21 19:00,0.756,10.840
2021-09-21 20:00,0.656,9.911
2021-09-21 21:00,0.560,9.148
2021-09-21 22:00,0.454,8.368
2021-09-21 23:00,0.344,7.542
2021-09-22 00:00,0.334,7.457
2021-09-22 01:00,0.308,7.240
2021-09-22 02:00,0.260,6.838
2021-09-22 03:00,0.215,6.427
2021-09-22 04:00,0.172,5.987
2021-09-22 05:00,0.136,5.561
2021-09-22 06:00,0.111,5.242
2021-09-22 07:00,0.081,4.781
2021-09-22 08:00,0.057,4.351
2021-09-22 09:00,0.048,4.155
2021-09-22 10:00,0.044,4.052
2021-09-22 11:00,0.044,4.051
2021-09-22 12:00,0.050,4.206
2021-09-22 13:00,0.060,4.395
2021-09-22 14:00,0.058,4.358
2021-09-22 15:00,0.055,4.288
2021-09-22 16:00,0.052,4.247
2021-09-22 17:00,0.063,4.473
2021-09-22 18:00,0.082,4.795
2021-09-22 19:00,0.104,5.137
2021-09-22 20:00,0.128,5.454
2021-09-22 21:00,0.134,5.537
2021-09-22 22:00,0.140,5.615
2021-09-22 23:00,0.157,5.821
2021-09-23 00:00,0.149,5.724
2021-09-23 01:00,0.130,5.489
2021-09-23 02:00,0.122,5.389
2021-09-23 03:00,0.119,5.351
2021-09-23 04:00,0.131,5.511
2021-09-23 05:00,0.132,5.520
2021-09-23 06:00,0.114,5.278
2021-09-23 07:00,0.101,5.096
2021-09-23 08:00,0.101,5.094
2021-09-23 09:00,0.119,5.348
2021-09-23 10:00,0.125,5.426
2021-09-23 11:00,0.140,5.624
2021-09-23 12:00,0.172,5.989
2021-09-23 13:00,0.157,5.816
2021-09-23 14:00,0.098,5.037
2021-09-23 15:00,0.055,4.287
2021-09-23 16:00,0.020,3.354
2021-09-23 17:00,0.005,2.523
2021-09-23 18:00,0.003,2.326
2021-09-23 19:00,0.006,2.606
2021-09-23 20:00,0.012,2.994
2021-09-23 21:00,0.015,3.149
2021-09-23 22:00,0.010,2.902
2021-09-23 23:00,0.001,1.990
2021-09-24 00:00,0.001,1.861
2021-09-24 01:00,0.003,2.314
2021-09-24 02:00,0.007,2.667
2021-09-24 03:00,0.012,3.002
2021-09-24 04:00,0.017,3.205
2021-09-24 05:00,0.023,3.471
2021-09-24 06:00,0.025,3.532
2021-09-24 07:00,0.018,3.290
2021-09-24 08:00,0.017,3.251
2021-09-24 09:00,0.020,3.362
2021-09-24 10:00,0.043,4.037
2021-09-24 11:00,0.125,5.432
2021-09-24 12:00,0.261,6.847
2021-09-24 13:00,0.390,7.890
2021-09-24 14:00,0.347,7.565
2021-09-24 15:00,0.240,6.664
2021-09-24 16:00,0.148,5.715
2021-09-24 17:00,0.117,5.316
2021-09-24 18:00,0.172,5.977
2021-09-24 19:00,0.233,6.594
2021-09-24 20:00,0.285,7.059
2021-09-24 21:00,0.315,7.305
2021-09-24 22:00,0.280,7.008
2021-09-24 23:00,0.199,6.262
2021-09-25 00:00,0.177,6.034
2021-09-25 01:00,0.159,5.842
2021-09-25 02:00,0.135,5.552
2021-09-25 03:00,0.106,5.175
2021-09-25 04:00,0.089,4.912
2021-09-25 05:00,0.108,5.197
2021-09-25 06:00,0.140,5.617
2021-09-25 07:00,0.136,5.554
2021-09-25 08:00,0.116,5.299
2021-09-25 09:00,0.133,5.525
2021-09-25 10:00,0.188,6.160
2021-09-25 11:00,0.221,6.480
2021-09-25 12:00,0.246,6.717
2021-09-25 13:00,0.239,6.654
2021-09-25 14:00,0.305,7.225
2021-09-25 15:00,0.361,7.663
2021-09-25 16:00,0.383,7.835
2021-09-25 17:00,0.367,7.714
2021-09-25 18:00,0.331,7.434
2021-09-25 19:00,0.277,6.984
2021-09-25 20:00,0.256,6.810
2021-09-25 21:00,0.269,6.917
2021-09-25 22:00,0.257,6.818
2021-09-25 23:00,0.200,6.280
2021-09-26 00:00,0.240,6.662
2021-09-26 01:00,0.205,6.327
2021-09-26 02:00,0.158,5.829
2021-09-26 03:00,0.083,4.808
2021-09-26 04:00,0.031,3.723
2021-09-26 05:00,0.019,3.313
2021-09-26 06:00,0.017,3.231
2021-09-26 07:00,0.011,2.928
2021-09-26 08:00,0.004,2.403
2021-09-26 09:00,0.004,2.403
2021-09-26 10:00,0.009,2.796
2021-09-26 11:00,0.024,3.477
2021-09-26 12:00,0.062,4.437
2021-09-26 13:00,0.128,5.468
2021-09-26 14:00,0.190,6.171
2021-09-26 15:00,0.222,6.500
2021-09-26 16:00,0.228,6.556
2021-09-26 17:00,0.218,6.456
2021-09-26 18:00,0.176,6.025
2021-09-26 19:00,0.129,5.477
2021-09-26 20:00,0.109,5.212
2021-09-26 21:00,0.113,5.264
2021-09-26 22:00,0.113,5.272
2021-09-26 23:00,0.091,4.939
2021-09-27 00:00,0.112,5.251
2021-09-27 01:00,0.076,4.693
2021-09-27 02:00,0.042,4.012
2021-09-27 03:00,0.013,3.047
2021-09-27 04:00,0.001,1.807
2021-09-27 05:00,0,0.862
2021-09-27 06:00,0,0.381
2021-09-27 07:00,0,0.350
2021-09-27 08:00,0,0.876
2021-09-27 09:00,0,1.563
2021-09-27 10:00,0.006,2.623
2021-09-27 11:00,0.026,3.558
2021-09-27 12:00,0.051,4.212
2021-09-27 13:00,0.098,5.039
2021-09-27 14:00,0.174,6.004
2021-09-27 15:00,0.217,6.441
2021-09-27 16:00,0.280,7.016
2021-09-27 17:00,0.330,7.421
2021-09-27 18:00,0.351,7.593
2021-09-27 19:00,0.352,7.596
2021-09-27 20:00,0.357,7.634
2021-09-27 21:00,0.365,7.698
2021-09-27 22:00,0.346,7.551
2021-09-27 23:00,0.289,7.086
2021-09-28 00:00,0.286,7.070
2021-09-28 01:00,0.248,6.729
2021-09-28 02:00,0.172,5.973
2021-09-28 03:00,0.123,5.399
2021-09-28 04:00,0.106,5.170
2021-09-28 05:00,0.111,5.236
2021-09-28 06:00,0.129,5.482
2021-09-28 07:00,0.156,5.798
2021-09-28 08:00,0.177,6.031
2021-09-28 09:00,0.216,6.433
2021-09-28 10:00,0.255,6.797
2021-09-28 11:00,0.310,7.262
2021-09-28 12:00,0.383,7.839
2021-09-28 13:00,0.457,8.387
2021-09-28 14:00,0.475,8.520
2021-09-28 15:00,0.446,8.304
2021-09-28 16:00,0.428,8.168
2021-09-28 17:00,0.423,8.137
2021-09-28 18:00,0.426,8.161
2021-09-28 19:00,0.426,8.154
2021-09-28 20:00,0.502,8.722
2021-09-28 21:00,0.536,8.971
2021-09-28 22:00,0.511,8.788
2021-09-28 23:00,0.446,8.301
2021-09-29 00:00,0.394,7.915
2021-09-29 01:00,0.399,7.959
2021-09-29 02:00,0.387,7.866
2021-09-29 03:00,0.374,7.762
2021-09-29 04:00,0.388,7.867
2021-09-29 05:00,0.353,7.607
2021-09-29 06:00,0.293,7.118
2021-09-29 07:00,0.282,7.031
2021-09-29 08:00,0.236,6.621
2021-09-29 09:00,0.115,5.291
2021-09-29 10:00,0.057,4.341
2021-09-29 11:00,0.038,3.901
2021-09-29 12:00,0.048,4.150
2021-09-29 13:00,0.089,4.920
2021-09-29 14:00,0.147,5.699
2021-09-29 15:00,0.172,5.978
2021-09-29 16:00,0.172,5.977
2021-09-29 17:00,0.199,6.267
2021-09-29 18:00,0.264,6.875
2021-09-29 19:00,0.345,7.548
2021-09-29 20:00,0.424,8.141
2021-09-29 21:00,0.459,8.397
2021-09-29 22:00,0.418,8.097
2021-09-29 23:00,0.358,7.637
2021-09-30 00:00,0.334,7.459
2021-09-30 01:00,0.289,7.090
2021-09-30 02:00,0.224,6.520
2021-09-30 03:00,0.180,6.071
2021-09-30 04:00,0.171,5.966
2021-09-30 05:00,0.199,6.261
2021-09-30 06:00,0.228,6.551
2021-09-30 07:00,0.238,6.645
2021-09-30 08:00,0.236,6.628
2021-09-30 09:00,0.256,6.807
2021-09-30 10:00,0.261,6.847
2021-09-30 11:00,0.229,6.561
2021-09-30 12:00,0.171,5.969
2021-09-30 13:00,0.109,5.215
2021-09-30 14:00,0.061,4.423
2021-09-30 15:00,0.024,3.490
2021-09-30 16:00,0.006,2.570
2021-09-30 17:00,0,1.615
2021-09-30 18:00,0,0.626
2021-09-30 19:00,0,1.089
2021-09-30 20:00,0.003,2.326
2021-09-30 21:00,0.012,2.992
2021-09-30 22:00,0.027,3.595
2021-09-30 23:00,0.033,3.780
2021-10-01 00:00,0.030,3.691
2021-10-01 01:00,0.018,3.294
2021-10-01 02:00,0.009,2.810
2021-10-01 03:00,0.002,2.068
2021-10-01 04:00,0,1.627
2021-10-01 05:00,0.002,2.054
2021-10-01 06:00,0.009,2.832
2021-10-01 07:00,0.023,3.459
2021-10-01 08:00,0.037,3.873
2021-10-01 09:00,0.057,4.338
2021-10-01 10:00,0.061,4.416
2021-10-01 11:00,0.045,4.079
2021-10-01 12:00,0.018,3.290
2021-10-01 13:00,0.003,2.331
2021-10-01 14:00,0.001,1.910
2021-10-01 15:00,0.001,1.839
2021-10-01 16:00,0.002,2.151
2021-10-01 17:00,0.009,2.786
2021-10-01 18:00,0.023,3.474
2021-10-01 19:00,0.050,4.197
2021-10-01 20:00,0.079,4.752
2021-10-01 21:00,0.099,5.060
2021-10-01 22:00,0.101,5.102
2021-10-01 23:00,0.083,4.818
2021-10-02 00:00,0.073,4.631
2021-10-02 01:00,0.059,4.382
2021-10-02 02:00,0.036,3.866
2021-10-02 03:00,0.026,3.562
2021-10-02 04:00,0.024,3.508
2021-10-02 05:00,0.019,3.330
2021-10-02 06:00,0.013,3.063
2021-10-02 07:00,0.012,2.976
2021-10-02 08:00,0.015,3.143
2021-10-02 09:00,0.024,3.511
2021-10-02 10:00,0.024,3.512
2021-10-02 11:00,0.017,3.230
2021-10-02 12:00,0.010,2.906
2021-10-02 13:00,0.009,2.811
2021-10-02 14:00,0.016,3.169
2021-10-02 15:00,0.041,4.000
2021-10-02 16:00,0.095,5.002
2021-10-02 17:00,0.165,5.913
2021-10-02 18:00,0.242,6.681
2021-10-02 19:00,0.281,7.028
2021-10-02 20:00,0.344,7.537
2021-10-02 21:00,0.412,8.048
2021-10-02 22:00,0.422,8.128
2021-10-02 23:00,0.359,7.648
2021-10-03 00:00,0.315,7.306
2021-10-03 01:00,0.278,7.002
2021-10-03 02:00,0.266,6.900
2021-10-03 03:00,0.282,7.033
2021-10-03 04:00,0.308,7.240
2021-10-03 05:00,0.353,7.602
2021-10-03 06:00,0.410,8.040
2021-10-03 07:00,0.446,8.303
2021-10-03 08:00,0.487,8.608
2021-10-03 09:00,0.599,9.451
2021-10-03 10:00,0.625,9.647
2021-10-03 11:00,0.585,9.346
2021-10-03 12:00,0.613,9.560
2021-10-03 13:00,0.658,9.930
2021-10-03 14:00,0.667,10.008
2021-10-03 15:00,0.681,10.129
2021-10-03 16:00,0.751,10.792
2021-10-03 17:00,0.846,11.938
2021-10-03 18:00,0.892,12.725
2021-10-03 19:00,0.881,12.513
2021-10-03 20:00,0.867,12.272
2021-10-03 21:00,0.854,12.061
2021-10-03 22:00,0.797,11.298
2021-10-03 23:00,0.718,10.467
2021-10-04 00:00,0.719,10.474
2021-10-04 01:00,0.779,11.080
2021-10-04 02:00,0.828,11.696
2021-10-04 03:00,0.836,11.805
2021-10-04 04:00,0.798,11.307
2021-10-04 05:00,0.732,10.595
2021-10-04 06:00,0.647,9.842
2021-10-04 07:00,0.545,9.041
2021-10-04 08:00,0.475,8.512
2021-10-04 09:00,0.426,8.151
2021-10-04 10:00,0.336,7.478
2021-10-04 11:00,0.261,6.848
2021-10-04 12:00,0.223,6.508
2021-10-04 13:00,0.217,6.443
2021-10-04 14:00,0.222,6.493
2021-10-04 15:00,0.227,6.547
2021-10-04 16:00,0.236,6.621
2021-10-04 17:00,0.222,6.500
2021-10-04 18:00,0.210,6.374
2021-10-04 19:00,0.211,6.391
2021-10-04 20:00,0.233,6.595
2021-10-04 21:00,0.260,6.843
2021-10-04 22:00,0.249,6.735
2021-10-04 23:00,0.164,5.901
2021-10-05 00:00,0.160,5.850
2021-10-05 01:00,0.148,5.717
2021-10-05 02:00,0.124,5.419
2021-10-05 03:00,0.104,5.147
2021-10-05 04:00,0.095,5.014
2021-10-05 05:00,0.092,4.957
2021-10-05 06:00,0.083,4.803
2021-10-05 07:00,0.063,4.459
2021-10-05 08:00,0.041,3.978
2021-10-05 09:00,0.030,3.693
2021-10-05 10:00,0.011,2.928
2021-10-05 11:00,0.001,1.793
2021-10-05 12:00,0,1.137
2021-10-05 13:00,0,1.135
2021-10-05 14:00,0,1.262
2021-10-05 15:00,0,1.431
2021-10-05 16:00,0,1.639
2021-10-05 17:00,0.001,1.734
2021-10-05 18:00,0,1.688
2021-10-05 19:00,0,1.529
2021-10-05 20:00,0,1.587
2021-10-05 21:00,0.001,1.969
2021-10-05 22:00,0.005,2.529
2021-10-05 23:00,0.004,2.450
2021-10-06 00:00,0.001,1.929
2021-10-06 01:00,0.001,1.697
2021-10-06 02:00,0,1.476
2021-10-06 03:00,0,1.237
2021-10-06 04:00,0,0.758
2021-10-06 05:00,0,0.582
2021-10-06 06:00,0,1.192
2021-10-06 07:00,0.002,2.027
2021-10-06 08:00,0.006,2.590
2021-10-06 09:00,0.010,2.856
2021-10-06 10:00,0.003,2.266
2021-10-06 11:00,0,1.417
2021-10-06 12:00,0,0.863
2021-10-06 13:00,0.001,1.763
2021-10-06 14:00,0.017,3.230
2021-10-06 15:00,0.063,4.461
2021-10-06 16:00,0.102,5.106
2021-10-06 17:00,0.128,5.471
2021-10-06 18:00,0.154,5.780
2021-10-06 19:00,0.178,6.045
2021-10-06 20:00,0.183,6.108
2021-10-06 21:00,0.167,5.933
2021-10-06 22:00,0.136,5.555
2021-10-06 23:00,0.095,5.009
2021-10-07 00:00,0.098,5.045
2021-10-07 01:00,0.092,4.967
2021-10-07 02:00,0.088,4.896
2021-10-07 03:00,0.095,5.004
2021-10-07 04:00,0.112,5.259
2021-10-07 05:00,0.123,5.399
2021-10-07 06:00,0.111,5.244
2021-10-07 07:00,0.113,5.266
2021-10-07 08:00,0.125,5.429
2021-10-07 09:00,0.117,5.317
2021-10-07 10:00,0.102,5.107
2021-10-07 11:00,0.095,5.008
2021-10-07 12:00,0.092,4.954
2021-10-07 13:00,0.087,4.887
2021-10-07 14:00,0.083,4.809
2021-10-07 15:00,0.078,4.734
2021-10-07 16:00,0.070,4.602
2021-10-07 17:00,0.068,4.549
2021-10-07 18:00,0.069,4.576
2021-10-07 19:00,0.072,4.629
2021-10-07 20:00,0.079,4.749
2021-10-07 21:00,0.087,4.877
2021-10-07 22:00,0.088,4.892
2021-10-07 23:00,0.069,4.579
2021-10-08 00:00,0.053,4.269
2021-10-08 01:00,0.043,4.037
2021-10-08 02:00,0.035,3.832
2021-10-08 03:00,0.035,3.841
2021-10-08 04:00,0.044,4.068
2021-10-08 05:00,0.064,4.478
2021-10-08 06:00,0.092,4.961
2021-10-08 07:00,0.122,5.388
2021-10-08 08:00,0.147,5.694
2021-10-08 09:00,0.165,5.913
2021-10-08 10:00,0.190,6.179
2021-10-08 11:00,0.199,6.266
2021-10-08 12:00,0.183,6.107
2021-10-08 13:00,0.170,5.952
2021-10-08 14:00,0.161,5.865
2021-10-08 15:00,0.148,5.707
2021-10-08 16:00,0.158,5.831
2021-10-08 17:00,0.179,6.055
2021-10-08 18:00,0.178,6.049
2021-10-08 19:00,0.166,5.916
2021-10-08 20:00,0.158,5.829
2021-10-08 21:00,0.152,5.763
2021-10-08 22:00,0.139,5.604
2021-10-08 23:00,0.093,4.971
2021-10-09 00:00,0.116,5.302
2021-10-09 01:00,0.105,5.149
2021-10-09 02:00,0.068,4.563
2021-10-09 03:00,0.036,3.858
2021-10-09 04:00,0.012,3.022
2021-10-09 05:00,0.001,1.888
2021-10-09 06:00,0,0.926
2021-10-09 07:00,0,0.450
2021-10-09 08:00,0,0.373
2021-10-09 09:00,0,0.415
2021-10-09 10:00,0,1.139
2021-10-09 11:00,0.003,2.317
2021-10-09 12:00,0.025,3.549
2021-10-09 13:00,0.070,4.602
2021-10-09 14:00,0.124,5.410
2021-10-09 15:00,0.172,5.982
2021-10-09 16:00,0.197,6.244
2021-10-09 17:00,0.206,6.338
2021-10-09 18:00,0.208,6.361
2021-10-09 19:00,0.223,6.507
2021-10-09 20:00,0.250,6.745
2021-10-09 21:00,0.259,6.832
2021-10-09 22:00,0.244,6.693
2021-10-09 23:00,0.170,5.959
2021-10-10 00:00,0.140,5.624
2021-10-10 01:00,0.132,5.522
2021-10-10 02:00,0.126,5.436
2021-10-10 03:00,0.146,5.686
2021-10-10 04:00,0.179,6.063
2021-10-10 05:00,0.203,6.312
2021-10-10 06:00,0.202,6.303
2021-10-10 07:00,0.185,6.128
2021-10-10 08:00,0.192,6.194
2021-10-10 09:00,0.286,7.067
2021-10-10 10:00,0.472,8.496
2021-10-10 11:00,0.652,9.882
2021-10-10 12:00,0.801,11.332
2021-10-10 13:00,0.871,12.344
2021-10-10 14:00,0.894,12.755
2021-10-10 15:00,0.908,13.054
2021-10-10 16:00,0.908,13.057
2021-10-10 17:00,0.878,12.472
2021-10-10 18:00,0.845,11.923
2021-10-10 19:00,0.785,11.155
2021-10-10 20:00,0.651,9.870
2021-10-10 21:00,0.499,8.690
2021-10-10 22:00,0.408,8.023
2021-10-10 23:00,0.360,7.654
2021-10-11 00:00,0.346,7.553
2021-10-11 01:00,0.367,7.720
2021-10-11 02:00,0.379,7.810
2021-10-11 03:00,0.369,7.731
2021-10-11 04:00,0.335,7.470
2021-10-11 05:00,0.305,7.228
2021-10-11 06:00,0.289,7.081
2021-10-11 07:00,0.278,6.989
2021-10-11 08:00,0.280,7.008
2021-10-11 09:00,0.302,7.200
2021-10-11 10:00,0.314,7.302
2021-10-11 11:00,0.313,7.284
2021-10-11 12:00,0.308,7.243
2021-10-11 13:00,0.296,7.143
2021-10-11 14:00,0.251,6.757
2021-10-11 15:00,0.191,6.187
2021-10-11 16:00,0.147,5.694
2021-10-11 17:00,0.118,5.321
2021-10-11 18:00,0.100,5.069
2021-10-11 19:00,0.088,4.906
2021-10-11 20:00,0.086,4.861
2021-10-11 21:00,0.092,4.968
2021-10-11 22:00,0.110,5.222
2021-10-11 23:00,0.124,5.413
2021-10-12 00:00,0.140,5.613
2021-10-12 01:00,0.161,5.869
2021-10-12 02:00,0.153,5.769
2021-10-12 03:00,0.109,5.205
2021-10-12 04:00,0.063,4.468
2021-10-12 05:00,0.037,3.879
2021-10-12 06:00,0.031,3.721
2021-10-12 07:00,0.044,4.061
2021-10-12 08:00,0.104,5.137
2021-10-12 09:00,0.217,6.443
2021-10-12 10:00,0.319,7.342
2021-10-12 11:00,0.392,7.909
2021-10-12 12:00,0.456,8.383
2021-10-12 13:00,0.444,8.280
2021-10-12 14:00,0.377,7.793
2021-10-12 15:00,0.315,7.310
2021-10-12 16:00,0.283,7.046
2021-10-12 17:00,0.266,6.897
2021-10-12 18:00,0.249,6.733
2021-10-12 19:00,0.224,6.511
2021-10-12 20:00,0.211,6.387
2021-10-12 21:00,0.199,6.268
2021-10-12 22:00,0.175,6.010
2021-10-12 23:00,0.130,5.490
2021-10-13 00:00,0.100,5.085
2021-10-13 01:00,0.072,4.619
2021-10-13 02:00,0.036,3.852
2021-10-13 03:00,0.012,2.989
2021-10-13 04:00,0.002,2.040
2021-10-13 05:00,0,1.144
2021-10-13 06:00,0,0.498
2021-10-13 07:00,0,0.267
2021-10-13 08:00,0,0.680
2021-10-13 09:00,0,0.730
2021-10-13 10:00,0,0.633
2021-10-13 11:00,0,0.876
2021-10-13 12:00,0,1.275
2021-10-13 13:00,0.001,1.738
2021-10-13 14:00,0.002,2.040
2021-10-13 15:00,0.001,1.884
2021-10-13 16:00,0.001,1.706
2021-10-13 17:00,0.001,1.966
2021-10-13 18:00,0.003,2.332
2021-10-13 19:00,0.005,2.551
2021-10-13 20:00,0.006,2.562
2021-10-13 21:00,0.003,2.252
2021-10-13 22:00,0,1.576
2021-10-13 23:00,0,0.454
2021-10-14 00:00,0,0.823
2021-10-14 01:00,0,1.265
2021-10-14 02:00,0.002,2.047
2021-10-14 03:00,0.012,2.974
2021-10-14 04:00,0.032,3.748
2021-10-14 05:00,0.050,4.188
2021-10-14 06:00,0.055,4.302
2021-10-14 07:00,0.050,4.192
2021-10-14 08:00,0.042,4.015
2021-10-14 09:00,0.044,4.068
2021-10-14 10:00,0.047,4.128
2021-10-14 11:00,0.047,4.119
2021-10-14 12:00,0.045,4.083
2021-10-14 13:00,0.043,4.044
2021-10-14 14:00,0.042,4.010
2021-10-14 15:00,0.043,4.039
2021-10-14 16:00,0.049,4.168
2021-10-14 17:00,0.058,4.363
2021-10-14 18:00,0.066,4.516
2021-10-14 19:00,0.070,4.599
2021-10-14 20:00,0.077,4.711
2021-10-14 21:00,0.090,4.927
2021-10-14 22:00,0.095,5.003
2021-10-14 23:00,0.069,4.576
2021-10-15 00:00,0.043,4.032
2021-10-15 01:00,0.024,3.491
2021-10-15 02:00,0.018,3.281
2021-10-15 03:00,0.022,3.423
2021-10-15 04:00,0.052,4.232
2021-10-15 05:00,0.145,5.681
2021-10-15 06:00,0.222,6.482
2021-10-15 07:00,0.234,6.599
2021-10-15 08:00,0.246,6.715
2021-10-15 09:00,0.307,7.235
2021-10-15 10:00,0.378,7.799
2021-10-15 11:00,0.441,8.266
2021-10-15 12:00,0.514,8.808
2021-10-15 13:00,0.573,9.246
2021-10-15 14:00,0.655,9.898
2021-10-15 15:00,0.779,11.084
2021-10-15 16:00,0.898,12.834
2021-10-15 17:00,0.945,14.046
2021-10-15 18:00,0.954,14.359
2021-10-15 19:00,0.957,14.471
2021-10-15 20:00,0.976,15.487
2021-10-15 21:00,0.984,16.161
2021-10-15 22:00,0.980,15.782
2021-10-15 23:00,0.979,15.691
2021-10-16 00:00,0.980,15.769
2021-10-16 01:00,0.979,15.671
2021-10-16 02:00,0.976,15.465
2021-10-16 03:00,0.977,15.504
2021-10-16 04:00,0.976,15.483
2021-10-16 05:00,0.976,15.471
2021-10-16 06:00,0.977,15.519
2021-10-16 07:00,0.978,15.587
2021-10-16 08:00,0.980,15.799
2021-10-16 09:00,0.983,16.079
2021-10-16 10:00,0.987,16.647
2021-10-16 11:00,0.989,17.060
2021-10-16 12:00,0.989,17.285
2021-10-16 13:00,0.989,17.276
2021-10-16 14:00,0.989,17.007
2021-10-16 15:00,0.987,16.668
2021-10-16 16:00,0.986,16.386
2021-10-16 17:00,0.985,16.241
2021-10-16 18:00,0.984,16.138
2021-10-16 19:00,0.983,16.077
2021-10-16 20:00,0.982,15.919
2021-10-16 21:00,0.973,15.271
2021-10-16 22:00,0.953,14.344
2021-10-16 23:00,0.931,13.622
2021-10-17 00:00,0.894,12.772
2021-10-17 01:00,0.850,11.996
2021-10-17 02:00,0.793,11.251
2021-10-17 03:00,0.732,10.596
2021-10-17 04:00,0.680,10.115
2021-10-17 05:00,0.637,9.757
2021-10-17 06:00,0.605,9.499
2021-10-17 07:00,0.578,9.288
2021-10-17 08:00,0.561,9.155
2021-10-17 09:00,0.559,9.142
2021-10-17 10:00,0.533,8.947
2021-10-17 11:00,0.482,8.567
2021-10-17 12:00,0.419,8.108
2021-10-17 13:00,0.360,7.653
2021-10-17 14:00,0.308,7.240
2021-10-17 15:00,0.281,7.025
2021-10-17 16:00,0.285,7.063
2021-10-17 17:00,0.286,7.069
2021-10-17 18:00,0.244,6.698
2021-10-17 19:00,0.165,5.909
2021-10-17 20:00,0.102,5.115
2021-10-17 21:00,0.074,4.670
2021-10-17 22:00,0.064,4.474
2021-10-17 23:00,0.043,4.031
2021-10-18 00:00,0.025,3.535
2021-10-18 01:00,0.010,2.882
2021-10-18 02:00,0.003,2.277
2021-10-18 03:00,0,1.572
2021-10-18 04:00,0,1.117
2021-10-18 05:00,0,1.050
2021-10-18 06:00,0,1.411
2021-10-18 07:00,0.001,1.861
2021-10-18 08:00,0.002,2.085
2021-10-18 09:00,0.001,1.792
2021-10-18 10:00,0,1.264
2021-10-18 11:00,0,1.002
2021-10-18 12:00,0,1.009
2021-10-18 13:00,0,1.455
2021-10-18 14:00,0.001,1.857
2021-10-18 15:00,0.005,2.497
2021-10-18 16:00,0.014,3.081
2021-10-18 17:00,0.029,3.665
2021-10-18 18:00,0.055,4.298
2021-10-18 19:00,0.081,4.774
2021-10-18 20:00,0.109,5.206
2021-10-18 21:00,0.130,5.489
2021-10-18 22:00,0.148,5.714
2021-10-18 23:00,0.183,6.107
2021-10-19 00:00,0.261,6.848
2021-10-19 01:00,0.364,7.694
2021-10-19 02:00,0.530,8.921
2021-10-19 03:00,0.712,10.401
2021-10-19 04:00,0.828,11.697
2021-10-19 05:00,0.869,12.312
2021-10-19 06:00,0.878,12.471
2021-10-19 07:00,0.893,12.737
2021-10-19 08:00,0.898,12.838
2021-10-19 09:00,0.891,12.710
2021-10-19 10:00,0.865,12.247
2021-10-19 11:00,0.822,11.601
2021-10-19 12:00,0.764,10.927
2021-10-19 13:00,0.684,10.148
2021-10-19 14:00,0.558,9.140
2021-10-19 15:00,0.398,7.951
2021-10-19 16:00,0.363,7.682
2021-10-19 17:00,0.356,7.629
2021-10-19 18:00,0.344,7.538
2021-10-19 19:00,0.309,7.255
2021-10-19 20:00,0.275,6.973
2021-10-19 21:00,0.218,6.456
2021-10-19 22:00,0.156,5.812
2021-10-19 23:00,0.091,4.952
2021-10-20 00:00,0.038,3.902
2021-10-20 01:00,0.021,3.391
2021-10-20 02:00,0.016,3.172
2021-10-20 03:00,0.017,3.218
2021-10-20 04:00,0.024,3.515
2021-10-20 05:00,0.055,4.314
2021-10-20 06:00,0.100,5.077
2021-10-20 07:00,0.138,5.590
2021-10-20 08:00,0.190,6.170
2021-10-20 09:00,0.222,6.486
2021-10-20 10:00,0.219,6.457
2021-10-20 11:00,0.181,6.079
2021-10-20 12:00,0.134,5.540
2021-10-20 13:00,0.085,4.846
2021-10-20 14:00,0.042,4.019
2021-10-20 15:00,0.021,3.405
2021-10-20 16:00,0.014,3.091
2021-10-20 17:00,0.010,2.914
2021-10-20 18:00,0.008,2.719
2021-10-20 19:00,0.006,2.642
2021-10-20 20:00,0.007,2.699
2021-10-20 21:00,0.010,2.878
2021-10-20 22:00,0.015,3.134
2021-10-20 23:00,0.016,3.181
2021-10-21 00:00,0.012,3.008
2021-10-21 01:00,0.012,2.994
2021-10-21 02:00,0.018,3.290
2021-10-21 03:00,0.031,3.719
2021-10-21 04:00,0.052,4.236
2021-10-21 05:00,0.088,4.901
2021-10-21 06:00,0.141,5.631
2021-10-21 07:00,0.203,6.311
2021-10-21 08:00,0.280,7.012
2021-10-21 09:00,0.322,7.361
2021-10-21 10:00,0.321,7.356
2021-10-21 11:00,0.296,7.143
2021-10-21 12:00,0.274,6.962
2021-10-21 13:00,0.267,6.902
2021-10-21 14:00,0.276,6.981
2021-10-21 15:00,0.301,7.188
2021-10-21 16:00,0.339,7.501
2021-10-21 17:00,0.390,7.892
2021-10-21 18:00,0.429,8.182
2021-10-21 19:00,0.429,8.170
2021-10-21 20:00,0.390,7.892
2021-10-21 21:00,0.322,7.364
2021-10-21 22:00,0.249,6.737
2021-10-21 23:00,0.182,6.090
2021-10-22 00:00,0.186,6.140
2021-10-22 01:00,0.250,6.750
2021-10-22 02:00,0.312,7.279
2021-10-22 03:00,0.374,7.770
2021-10-22 04:00,0.440,8.257
2021-10-22 05:00,0.524,8.883
2021-10-22 06:00,0.615,9.573
2021-10-22 07:00,0.679,10.101
2021-10-22 08:00,0.747,10.748
2021-10-22 09:00,0.775,11.040
2021-10-22 10:00,0.738,10.650
2021-10-22 11:00,0.646,9.824
2021-10-22 12:00,0.511,8.778
2021-10-22 13:00,0.378,7.800
2021-10-22 14:00,0.274,6.963
2021-10-22 15:00,0.192,6.197
2021-10-22 16:00,0.130,5.489
2021-10-22 17:00,0.095,5.014
2021-10-22 18:00,0.074,4.670
2021-10-22 19:00,0.055,4.305
2021-10-22 20:00,0.034,3.812
2021-10-22 21:00,0.020,3.347
2021-10-22 22:00,0.012,2.983
2021-10-22 23:00,0.006,2.568
2021-10-23 00:00,0,1.569
2021-10-23 01:00,0,1.400
2021-10-23 02:00,0,1.334
2021-10-23 03:00,0,1.222
2021-10-23 04:00,0,1.048
2021-10-23 05:00,0,1.251
2021-10-23 06:00,0.001,1.895
2021-10-23 07:00,0.004,2.419
2021-10-23 08:00,0.007,2.696
2021-10-23 09:00,0.008,2.753
2021-10-23 10:00,0.007,2.646
2021-10-23 11:00,0.004,2.422
2021-10-23 12:00,0.003,2.205
2021-10-23 13:00,0.001,1.963
2021-10-23 14:00,0.001,1.795
2021-10-23 15:00,0.001,1.890
2021-10-23 16:00,0.004,2.405
2021-10-23 17:00,0.014,3.076
2021-10-23 18:00,0.017,3.215
2021-10-23 19:00,0.012,3.019
2021-10-23 20:00,0.008,2.765
2021-10-23 21:00,0.007,2.691
2021-10-23 22:00,0.009,2.828
2021-10-23 23:00,0.012,3.008
2021-10-24 00:00,0.010,2.914
2021-10-24 01:00,0.009,2.822
2021-10-24 02:00,0.006,2.631
2021-10-24 03:00,0.003,2.218
2021-10-24 04:00,0.001,1.813
2021-10-24 05:00,0.001,1.811
2021-10-24 06:00,0.003,2.272
2021-10-24 07:00,0.005,2.479
2021-10-24 08:00,0.009,2.796
2021-10-24 09:00,0.015,3.125
2021-10-24 10:00,0.025,3.529
2021-10-24 11:00,0.034,3.794
2021-10-24 12:00,0.036,3.856
2021-10-24 13:00,0.034,3.814
2021-10-24 14:00,0.033,3.784
2021-10-24 15:00,0.031,3.703
2021-10-24 16:00,0.028,3.634
2021-10-24 17:00,0.031,3.700
2021-10-24 18:00,0.036,3.857
2021-10-24 19:00,0.043,4.036
2021-10-24 20:00,0.050,4.198
2021-10-24 21:00,0.056,4.323
2021-10-24 22:00,0.059,4.374
2021-10-24 23:00,0.053,4.260
2021-10-25 00:00,0.048,4.139
2021-10-25 01:00,0.048,4.159
2021-10-25 02:00,0.046,4.101
2021-10-25 03:00,0.047,4.121
2021-10-25 04:00,0.052,4.241
2021-10-25 05:00,0.062,4.443
2021-10-25 06:00,0.075,4.675
2021-10-25 07:00,0.087,4.891
2021-10-25 08:00,0.103,5.130
2021-10-25 09:00,0.119,5.347
2021-10-25 10:00,0.135,5.549
2021-10-25 11:00,0.137,5.572
2021-10-25 12:00,0.129,5.479
2021-10-25 13:00,0.128,5.454
2021-10-25 14:00,0.151,5.745
2021-10-25 15:00,0.175,6.010
2021-10-25 16:00,0.144,5.670
2021-10-25 17:00,0.104,5.138
2021-10-25 18:00,0.084,4.842
2021-10-25 19:00,0.062,4.451
2021-10-25 20:00,0.047,4.128
2021-10-25 21:00,0.038,3.898
2021-10-25 22:00,0.034,3.809
2021-10-25 23:00,0.023,3.472
2021-10-26 00:00,0.015,3.164
2021-10-26 01:00,0.020,3.352
2021-10-26 02:00,0.020,3.363
2021-10-26 03:00,0.012,3.018
2021-10-26 04:00,0.005,2.543
2021-10-26 05:00,0.003,2.260
2021-10-26 06:00,0.002,2.027
2021-10-26 07:00,0.003,2.315
2021-10-26 08:00,0.009,2.794
2021-10-26 09:00,0.010,2.909
2021-10-26 10:00,0.011,2.944
2021-10-26 11:00,0.012,3.014
2021-10-26 12:00,0.010,2.894
2021-10-26 13:00,0.007,2.647
2021-10-26 14:00,0.004,2.418
2021-10-26 15:00,0.004,2.357
2021-10-26 16:00,0.006,2.614
2021-10-26 17:00,0.011,2.919
2021-10-26 18:00,0.029,3.670
2021-10-26 19:00,0.084,4.826
2021-10-26 20:00,0.155,5.783
2021-10-26 21:00,0.200,6.284
2021-10-26 22:00,0.293,7.121
2021-10-26 23:00,0.419,8.099
2021-10-27 00:00,0.456,8.379
2021-10-27 01:00,0.444,8.287
2021-10-27 02:00,0.423,8.138
2021-10-27 03:00,0.418,8.095
2021-10-27 04:00,0.425,8.145
2021-10-27 05:00,0.431,8.194
2021-10-27 06:00,0.433,8.211
2021-10-27 07:00,0.430,8.193
2021-10-27 08:00,0.452,8.346
2021-10-27 09:00,0.457,8.390
2021-10-27 10:00,0.457,8.389
2021-10-27 11:00,0.460,8.410
2021-10-27 12:00,0.465,8.447
2021-10-27 13:00,0.477,8.527
2021-10-27 14:00,0.492,8.644
2021-10-27 15:00,0.536,8.973
2021-10-27 16:00,0.573,9.250
2021-10-27 17:00,0.579,9.298
2021-10-27 18:00,0.561,9.154
2021-10-27 19:00,0.494,8.655
2021-10-27 20:00,0.407,8.013
2021-10-27 21:00,0.302,7.202
2021-10-27 22:00,0.229,6.565
2021-10-27 23:00,0.190,6.180
2021-10-28 00:00,0.191,6.184
2021-10-28 01:00,0.236,6.617
2021-10-28 02:00,0.236,6.618
2021-10-28 03:00,0.222,6.483
2021-10-28 04:00,0.200,6.282
2021-10-28 05:00,0.187,6.150
2021-10-28 06:00,0.173,5.996
2021-10-28 07:00,0.156,5.798
2021-10-28 08:00,0.150,5.737
2021-10-28 09:00,0.157,5.816
2021-10-28 10:00,0.168,5.941
2021-10-28 11:00,0.165,5.913
2021-10-28 12:00,0.160,5.858
2021-10-28 13:00,0.172,5.974
2021-10-28 14:00,0.208,6.349
2021-10-28 15:00,0.246,6.708
2021-10-28 16:00,0.278,7.001
2021-10-28 17:00,0.322,7.360
2021-10-28 18:00,0.351,7.582
2021-10-28 19:00,0.377,7.792
2021-10-28 20:00,0.429,8.174
2021-10-28 21:00,0.441,8.261
2021-10-28 22:00,0.431,8.197
2021-10-28 23:00,0.333,7.442
2021-10-29 00:00,0.217,6.446
2021-10-29 01:00,0.190,6.173
2021-10-29 02:00,0.110,5.227
2021-10-29 03:00,0.042,4.006
2021-10-29 04:00,0.010,2.858
2021-10-29 05:00,0.002,2.077
2021-10-29 06:00,0,1.514
2021-10-29 07:00,0,0.980
2021-10-29 08:00,0,0.875
2021-10-29 09:00,0,1.085
2021-10-29 10:00,0,1.199
2021-10-29 11:00,0,1.269
2021-10-29 12:00,0.001,1.814
2021-10-29 13:00,0.010,2.875
2021-10-29 14:00,0.037,3.887
2021-10-29 15:00,0.068,4.546
2021-10-29 16:00,0.097,5.029
2021-10-29 17:00,0.115,5.291
2021-10-29 18:00,0.128,5.461
2021-10-29 19:00,0.131,5.505
2021-10-29 20:00,0.137,5.573
2021-10-29 21:00,0.161,5.864
2021-10-29 22:00,0.185,6.131
2021-10-29 23:00,0.181,6.086
2021-10-30 00:00,0.134,5.539
2021-10-30 01:00,0.080,4.771
2021-10-30 02:00,0.053,4.261
2021-10-30 03:00,0.031,3.727
2021-10-30 04:00,0.012,2.967
2021-10-30 05:00,0.003,2.212
2021-10-30 06:00,0,1.568
2021-10-30 07:00,0,1.093
2021-10-30 08:00,0,0.751
2021-10-30 09:00,0,0.686
2021-10-30 10:00,0,0.498
2021-10-30 11:00,0,0.732
2021-10-30 12:00,0,0.961
2021-10-30 13:00,0,1.173
2021-10-30 14:00,0,1.490
2021-10-30 15:00,0.001,1.793
2021-10-30 16:00,0.001,1.974
2021-10-30 17:00,0.002,2.068
2021-10-30 18:00,0.002,2.202
2021-10-30 19:00,0.004,2.429
2021-10-30 20:00,0.005,2.461
2021-10-30 21:00,0.004,2.399
2021-10-30 22:00,0.008,2.734
2021-10-30 23:00,0.011,2.953
2021-10-31 00:00,0.004,2.367
2021-10-31 01:00,0.001,1.728
2021-10-31 02:00,0,1.259
2021-10-31 03:00,0,0.936
2021-10-31 04:00,0,1.544
2021-10-31 05:00,0.002,2.194
2021-10-31 06:00,0.008,2.719
2021-10-31 07:00,0.012,2.983
2021-10-31 08:00,0.009,2.823
2021-10-31 09:00,0.005,2.527
2021-10-31 10:00,0.003,2.261
2021-10-31 11:00,0.002,2.157
2021-10-31 12:00,0.003,2.317
2021-10-31 13:00,0.004,2.416
2021-10-31 14:00,0.002,2.190
2021-10-31 15:00,0.003,2.245
2021-10-31 16:00,0.004,2.415
2021-10-31 17:00,0.006,2.596
2021-10-31 18:00,0.008,2.773
2021-10-31 19:00,0.011,2.927
2021-10-31 20:00,0.021,3.399
2021-10-31 21:00,0.045,4.078
2021-10-31 22:00,0.079,4.759
2021-10-31 23:00,0.105,5.155
2021-11-01 00:00,0.112,5.260
2021-11-01 01:00,0.090,4.930
2021-11-01 02:00,0.074,4.648
2021-11-01 03:00,0.076,4.697
2021-11-01 04:00,0.100,5.086
2021-11-01 05:00,0.149,5.722
2021-11-01 06:00,0.217,6.444
2021-11-01 07:00,0.298,7.166
2021-11-01 08:00,0.382,7.825
2021-11-01 09:00,0.461,8.414
2021-11-01 10:00,0.474,8.508
2021-11-01 11:00,0.413,8.065
2021-11-01 12:00,0.324,7.378
2021-11-01 13:00,0.242,6.676
2021-11-01 14:00,0.179,6.067
2021-11-01 15:00,0.139,5.611
2021-11-01 16:00,0.112,5.252
2021-11-01 17:00,0.097,5.030
2021-11-01 18:00,0.093,4.975
2021-11-01 19:00,0.097,5.036
2021-11-01 20:00,0.108,5.195
2021-11-01 21:00,0.118,5.330
2021-11-01 22:00,0.120,5.366
2021-11-01 23:00,0.114,5.278
2021-11-02 00:00,0.109,5.208
2021-11-02 01:00,0.115,5.292
2021-11-02 02:00,0.128,5.462
2021-11-02 03:00,0.128,5.452
2021-11-02 04:00,0.128,5.462
2021-11-02 05:00,0.123,5.398
2021-11-02 06:00,0.109,5.204
2021-11-02 07:00,0.112,5.260
2021-11-02 08:00,0.132,5.522
2021-11-02 09:00,0.155,5.782
2021-11-02 10:00,0.164,5.903
2021-11-02 11:00,0.152,5.761
2021-11-02 12:00,0.138,5.584
2021-11-02 13:00,0.116,5.306
2021-11-02 14:00,0.090,4.932
2021-11-02 15:00,0.068,4.543
2021-11-02 16:00,0.057,4.339
2021-11-02 17:00,0.054,4.281
2021-11-02 18:00,0.051,4.216
2021-11-02 19:00,0.059,4.368
2021-11-02 20:00,0.076,4.700
2021-11-02 21:00,0.083,4.824
2021-11-02 22:00,0.064,4.484
2021-11-02 23:00,0.042,4.010
2021-11-03 00:00,0.034,3.808
2021-11-03 01:00,0.036,3.857
2021-11-03 02:00,0.029,3.638
2021-11-03 03:00,0.021,3.410
2021-11-03 04:00,0.019,3.309
2021-11-03 05:00,0.019,3.306
2021-11-03 06:00,0.014,3.113
2021-11-03 07:00,0.008,2.713
2021-11-03 08:00,0.003,2.303
2021-11-03 09:00,0.001,1.991
2021-11-03 10:00,0.001,1.763
2021-11-03 11:00,0.001,1.817
2021-11-03 12:00,0.001,1.965
2021-11-03 13:00,0.003,2.248
2021-11-03 14:00,0.005,2.499
2021-11-03 15:00,0.007,2.687
2021-11-03 16:00,0.008,2.744
2021-11-03 17:00,0.008,2.723
2021-11-03 18:00,0.008,2.719
2021-11-03 19:00,0.006,2.589
2021-11-03 20:00,0.003,2.246
2021-11-03 21:00,0.001,1.747
2021-11-03 22:00,0,1.093
2021-11-03 23:00,0,0.687
2021-11-04 00:00,0,0.297
2021-11-04 01:00,0,0.417
2021-11-04 02:00,0,0.601
2021-11-04 03:00,0,0.750
2021-11-04 04:00,0,1.020
2021-11-04 05:00,0,1.319
2021-11-04 06:00,0,1.469
2021-11-04 07:00,0,1.603
2021-11-04 08:00,0.001,1.757
2021-11-04 09:00,0,1.490
2021-11-04 10:00,0,1.212
2021-11-04 11:00,0,0.985
2021-11-04 12:00,0,0.589
2021-11-04 13:00,0,0.763
2021-11-04 14:00,0,1.370
2021-11-04 15:00,0.001,1.859
2021-11-04 16:00,0.004,2.431
2021-11-04 17:00,0.014,3.082
2021-11-04 18:00,0.021,3.407
2021-11-04 19:00,0.039,3.938
2021-11-04 20:00,0.070,4.589
2021-11-04 21:00,0.082,4.786
2021-11-04 22:00,0.081,4.776
2021-11-04 23:00,0.085,4.857
2021-11-05 00:00,0.068,4.543
2021-11-05 01:00,0.073,4.646
2021-11-05 02:00,0.091,4.950
2021-11-05 03:00,0.075,4.690
2021-11-05 04:00,0.057,4.346
2021-11-05 05:00,0.058,4.365
2021-11-05 06:00,0.042,4.009
2021-11-05 07:00,0.025,3.550
2021-11-05 08:00,0.031,3.729
2021-11-05 09:00,0.051,4.229
2021-11-05 10:00,0.064,4.490
2021-11-05 11:00,0.068,4.543
2021-11-05 12:00,0.100,5.073
2021-11-05 13:00,0.171,5.962
2021-11-05 14:00,0.255,6.802
2021-11-05 15:00,0.341,7.506
2021-11-05 16:00,0.429,8.183
2021-11-05 17:00,0.451,8.341
2021-11-05 18:00,0.428,8.167
2021-11-05 19:00,0.407,8.020
2021-11-05 20:00,0.417,8.093
2021-11-05 21:00,0.419,8.106
2021-11-05 22:00,0.383,7.830
2021-11-05 23:00,0.319,7.337
2021-11-06 00:00,0.198,6.257
2021-11-06 01:00,0.205,6.326
2021-11-06 02:00,0.263,6.865
2021-11-06 03:00,0.192,6.202
2021-11-06 04:00,0.143,5.658
2021-11-06 05:00,0.130,5.488
2021-11-06 06:00,0.122,5.384
2021-11-06 07:00,0.118,5.337
2021-11-06 08:00,0.162,5.878
2021-11-06 09:00,0.222,6.498
2021-11-06 10:00,0.248,6.731
2021-11-06 11:00,0.262,6.860
2021-11-06 12:00,0.279,7.002
2021-11-06 13:00,0.283,7.044
2021-11-06 14:00,0.261,6.846
2021-11-06 15:00,0.259,6.831
2021-11-06 16:00,0.252,6.764
2021-11-06 17:00,0.204,6.319
2021-11-06 18:00,0.198,6.254
2021-11-06 19:00,0.229,6.560
2021-11-06 20:00,0.214,6.417
2021-11-06 21:00,0.175,6.021
2021-11-06 22:00,0.219,6.457
2021-11-06 23:00,0.278,6.992
2021-11-07 00:00,0.282,7.035
2021-11-07 01:00,0.395,7.924
2021-11-07 02:00,0.417,8.083
2021-11-07 03:00,0.339,7.494
2021-11-07 04:00,0.333,7.443
2021-11-07 05:00,0.318,7.325
2021-11-07 06:00,0.303,7.212
2021-11-07 07:00,0.303,7.207
2021-11-07 08:00,0.432,8.203
2021-11-07 09:00,0.564,9.175
2021-11-07 10:00,0.653,9.890
2021-11-07 11:00,0.657,9.914
2021-11-07 12:00,0.684,10.145
2021-11-07 13:00,0.710,10.390
2021-11-07 14:00,0.725,10.534
2021-11-07 15:00,0.628,9.673
2021-11-07 16:00,0.663,9.961
2021-11-07 17:00,0.811,11.476
2021-11-07 18:00,0.880,12.503
2021-11-07 19:00,0.907,13.038
2021-11-07 20:00,0.796,11.277
2021-11-07 21:00,0.924,13.433
2021-11-07 22:00,0.983,16.104
2021-11-07 23:00,0.968,14.994
2021-11-08 00:00,0.952,14.279
2021-11-08 01:00,0.964,14.783
2021-11-08 02:00,0.974,15.326
2021-11-08 03:00,0.958,14.548
2021-11-08 04:00,0.937,13.784
2021-11-08 05:00,0.931,13.631
2021-11-08 06:00,0.918,13.277
2021-11-08 07:00,0.901,12.906
2021-11-08 08:00,0.881,12.516
2021-11-08 09:00,0.865,12.245
2021-11-08 10:00,0.856,12.106
2021-11-08 11:00,0.854,12.070
2021-11-08 12:00,0.854,12.072
2021-11-08 13:00,0.857,12.120
2021-11-08 14:00,0.864,12.232
2021-11-08 15:00,0.864,12.211
2021-11-08 16:00,0.853,12.056
2021-11-08 17:00,0.841,11.868
2021-11-08 18:00,0.829,11.708
2021-11-08 19:00,0.823,11.627
2021-11-08 20:00,0.826,11.652
2021-11-08 21:00,0.831,11.731
2021-11-08 22:00,0.850,11.991
2021-11-08 23:00,0.859,12.142
2021-11-09 00:00,0.869,12.306
2021-11-09 01:00,0.893,12.750
2021-11-09 02:00,0.920,13.335
2021-11-09 03:00,0.940,13.885
2021-11-09 04:00,0.955,14.391
2021-11-09 05:00,0.960,14.634
2021-11-09 06:00,0.957,14.489
2021-11-09 07:00,0.951,14.251
2021-11-09 08:00,0.949,14.176
2021-11-09 09:00,0.947,14.116
2021-11-09 10:00,0.946,14.059
2021-11-09 11:00,0.937,13.790
2021-11-09 12:00,0.919,13.306
2021-11-09 13:00,0.908,13.051
2021-11-09 14:00,0.904,12.974
2021-11-09 15:00,0.910,13.096
2021-11-09 16:00,0.917,13.254
2021-11-09 17:00,0.921,13.364
2021-11-09 18:00,0.918,13.275
2021-11-09 19:00,0.896,12.805
2021-11-09 20:00,0.864,12.233
2021-11-09 21:00,0.829,11.699
2021-11-09 22:00,0.803,11.368
2021-11-09 23:00,0.788,11.193
2021-11-10 00:00,0.803,11.375
2021-11-10 01:00,0.853,12.060
2021-11-10 02:00,0.895,12.775
2021-11-10 03:00,0.908,13.057
2021-11-10 04:00,0.904,12.974
2021-11-10 05:00,0.888,12.643
2021-11-10 06:00,0.859,12.141
2021-11-10 07:00,0.828,11.688
2021-11-10 08:00,0.818,11.558
2021-11-10 09:00,0.835,11.792
2021-11-10 10:00,0.868,12.285
2021-11-10 11:00,0.899,12.867
2021-11-10 12:00,0.908,13.047
2021-11-10 13:00,0.902,12.919
2021-11-10 14:00,0.893,12.744
2021-11-10 15:00,0.878,12.459
2021-11-10 16:00,0.847,11.967
2021-11-10 17:00,0.805,11.391
2021-11-10 18:00,0.760,10.881
2021-11-10 19:00,0.723,10.510
2021-11-10 20:00,0.683,10.141
2021-11-10 21:00,0.596,9.425
2021-11-10 22:00,0.440,8.256
2021-11-10 23:00,0.299,7.166
2021-11-11 00:00,0.304,7.214
2021-11-11 01:00,0.438,8.247
2021-11-11 02:00,0.563,9.168
2021-11-11 03:00,0.644,9.816
2021-11-11 04:00,0.679,10.104
2021-11-11 05:00,0.705,10.340
2021-11-11 06:00,0.727,10.549
2021-11-11 07:00,0.745,10.731
2021-11-11 08:00,0.773,11.019
2021-11-11 09:00,0.782,11.114
2021-11-11 10:00,0.794,11.253
2021-11-11 11:00,0.815,11.509
2021-11-11 12:00,0.832,11.745
2021-11-11 13:00,0.851,12.020
2021-11-11 14:00,0.863,12.202
2021-11-11 15:00,0.864,12.214
2021-11-11 16:00,0.864,12.213
2021-11-11 17:00,0.846,11.945
2021-11-11 18:00,0.827,11.685
2021-11-11 19:00,0.823,11.622
2021-11-11 20:00,0.825,11.644
2021-11-11 21:00,0.815,11.519
2021-11-11 22:00,0.788,11.190
2021-11-11 23:00,0.737,10.645
2021-11-12 00:00,0.679,10.109
2021-11-12 01:00,0.663,9.967
2021-11-12 02:00,0.632,9.709
2021-11-12 03:00,0.579,9.294
2021-11-12 04:00,0.530,8.930
2021-11-12 05:00,0.504,8.734
2021-11-12 06:00,0.469,8.479
2021-11-12 07:00,0.404,7.991
2021-11-12 08:00,0.368,7.721
2021-11-12 09:00,0.351,7.582
2021-11-12 10:00,0.336,7.473
2021-11-12 11:00,0.312,7.277
2021-11-12 12:00,0.272,6.938
2021-11-12 13:00,0.225,6.521
2021-11-12 14:00,0.185,6.124
2021-11-12 15:00,0.169,5.949
2021-11-12 16:00,0.166,5.918
2021-11-12 17:00,0.165,5.910
2021-11-12 18:00,0.159,5.839
2021-11-12 19:00,0.149,5.721
2021-11-12 20:00,0.128,5.471
2021-11-12 21:00,0.112,5.256
2021-11-12 22:00,0.100,5.090
2021-11-12 23:00,0.104,5.139
2021-11-13 00:00,0.122,5.390
2021-11-13 01:00,0.138,5.595
2021-11-13 02:00,0.136,5.560
2021-11-13 03:00,0.133,5.529
2021-11-13 04:00,0.143,5.658
2021-11-13 05:00,0.156,5.809
2021-11-13 06:00,0.157,5.814
2021-11-13 07:00,0.148,5.702
2021-11-13 08:00,0.152,5.765
2021-11-13 09:00,0.155,5.786
2021-11-13 10:00,0.162,5.873
2021-11-13 11:00,0.179,6.056
2021-11-13 12:00,0.196,6.233
2021-11-13 13:00,0.208,6.354
2021-11-13 14:00,0.216,6.435
2021-11-13 15:00,0.224,6.516
2021-11-13 16:00,0.229,6.562
2021-11-13 17:00,0.240,6.664
2021-11-13 18:00,0.278,6.991
2021-11-13 19:00,0.302,7.199
2021-11-13 20:00,0.315,7.311
2021-11-13 21:00,0.310,7.263
2021-11-13 22:00,0.280,7.015
2021-11-13 23:00,0.244,6.694
2021-11-14 00:00,0.196,6.232
2021-11-14 01:00,0.197,6.239
2021-11-14 02:00,0.217,6.446
2021-11-14 03:00,0.234,6.601
2021-11-14 04:00,0.243,6.688
2021-11-14 05:00,0.242,6.674
2021-11-14 06:00,0.226,6.530
2021-11-14 07:00,0.224,6.519
2021-11-14 08:00,0.254,6.793
2021-11-14 09:00,0.259,6.836
2021-11-14 10:00,0.242,6.682
2021-11-14 11:00,0.222,6.492
2021-11-14 12:00,0.203,6.312
2021-11-14 13:00,0.178,6.048
2021-11-14 14:00,0.141,5.624
2021-11-14 15:00,0.093,4.970
2021-11-14 16:00,0.058,4.366
2021-11-14 17:00,0.047,4.127
2021-11-14 18:00,0.058,4.361
2021-11-14 19:00,0.076,4.706
2021-11-14 20:00,0.072,4.618
2021-11-14 21:00,0.037,3.885
2021-11-14 22:00,0.013,3.031
2021-11-14 23:00,0.004,2.351
2021-11-15 00:00,0,1.461
2021-11-15 01:00,0,0.754
2021-11-15 02:00,0,0.944
2021-11-15 03:00,0,1.165
2021-11-15 04:00,0,1.208
2021-11-15 05:00,0,1.411
2021-11-15 06:00,0.001,1.737
2021-11-15 07:00,0.002,2.104
2021-11-15 08:00,0.003,2.260
2021-11-15 09:00,0.001,1.995
2021-11-15 10:00,0,1.644
2021-11-15 11:00,0,1.499
2021-11-15 12:00,0,1.577
2021-11-15 13:00,0.001,1.733
2021-11-15 14:00,0.003,2.207
2021-11-15 15:00,0.010,2.907
2021-11-15 16:00,0.023,3.454
2021-11-15 17:00,0.028,3.633
2021-11-15 18:00,0.024,3.487
2021-11-15 19:00,0.017,3.233
2021-11-15 20:00,0.015,3.158
2021-11-15 21:00,0.018,3.260
2021-11-15 22:00,0.019,3.299
2021-11-15 23:00,0.020,3.367
2021-11-16 00:00,0.016,3.197
2021-11-16 01:00,0.018,3.261
2021-11-16 02:00,0.017,3.253
2021-11-16 03:00,0.019,3.315
2021-11-16 04:00,0.025,3.529
2021-11-16 05:00,0.034,3.810
2021-11-16 06:00,0.042,4.002
2021-11-16 07:00,0.046,4.108
2021-11-16 08:00,0.051,4.228
2021-11-16 09:00,0.055,4.289
2021-11-16 10:00,0.055,4.308
2021-11-16 11:00,0.051,4.220
2021-11-16 12:00,0.045,4.073
2021-11-16 13:00,0.039,3.932
2021-11-16 14:00,0.036,3.867
2021-11-16 15:00,0.034,3.810
2021-11-16 16:00,0.030,3.676
2021-11-16 17:00,0.023,3.471
2021-11-16 18:00,0.016,3.200
2021-11-16 19:00,0.009,2.838
2021-11-16 20:00,0.004,2.448
2021-11-16 21:00,0.003,2.285
2021-11-16 22:00,0.001,1.978
2021-11-16 23:00,0,1.631
2021-11-17 00:00,0,0.197
2021-11-17 01:00,0,0.126
2021-11-17 02:00,0,0.715
2021-11-17 03:00,0,1.412
2021-11-17 04:00,0.002,2.176
2021-11-17 05:00,0.006,2.557
2021-11-17 06:00,0.009,2.808
2021-11-17 07:00,0.012,2.974
2021-11-17 08:00,0.004,2.418
2021-11-17 09:00,0.002,2.178
2021-11-17 10:00,0.001,1.725
2021-11-17 11:00,0,1.286
2021-11-17 12:00,0,1.163
2021-11-17 13:00,0,1.199
2021-11-17 14:00,0,1.334
2021-11-17 15:00,0.001,1.716
2021-11-17 16:00,0.005,2.458
2021-11-17 17:00,0.018,3.258
2021-11-17 18:00,0.043,4.037
2021-11-17 19:00,0.087,4.869
2021-11-17 20:00,0.135,5.552
2021-11-17 21:00,0.160,5.853
2021-11-17 22:00,0.173,5.998
2021-11-17 23:00,0.185,6.125
2021-11-18 00:00,0.172,5.992
2021-11-18 01:00,0.187,6.146
2021-11-18 02:00,0.217,6.446
2021-11-18 03:00,0.251,6.754
2021-11-18 04:00,0.280,7.020
2021-11-18 05:00,0.289,7.094
2021-11-18 06:00,0.275,6.978
2021-11-18 07:00,0.251,6.754
2021-11-18 08:00,0.228,6.549
2021-11-18 09:00,0.200,6.280
2021-11-18 10:00,0.174,6.006
2021-11-18 11:00,0.159,5.847
2021-11-18 12:00,0.157,5.823
2021-11-18 13:00,0.168,5.943
2021-11-18 14:00,0.184,6.116
2021-11-18 15:00,0.185,6.130
2021-11-18 16:00,0.166,5.925
2021-11-18 17:00,0.141,5.636
2021-11-18 18:00,0.122,5.385
2021-11-18 19:00,0.112,5.249
2021-11-18 20:00,0.105,5.161
2021-11-18 21:00,0.105,5.160
2021-11-18 22:00,0.108,5.196
2021-11-18 23:00,0.109,5.210
2021-11-19 00:00,0.083,4.823
2021-11-19 01:00,0.080,4.763
2021-11-19 02:00,0.094,4.994
2021-11-19 03:00,0.112,5.253
2021-11-19 04:00,0.135,5.549
2021-11-19 05:00,0.136,5.555
2021-11-19 06:00,0.108,5.196
2021-11-19 07:00,0.076,4.707
2021-11-19 08:00,0.052,4.248
2021-11-19 09:00,0.027,3.604
2021-11-19 10:00,0.014,3.083
2021-11-19 11:00,0.012,2.989
2021-11-19 12:00,0.017,3.232
2021-11-19 13:00,0.025,3.530
2021-11-19 14:00,0.033,3.773
2021-11-19 15:00,0.053,4.267
2021-11-19 16:00,0.084,4.829
2021-11-19 17:00,0.095,5.003
2021-11-19 18:00,0.085,4.846
2021-11-19 19:00,0.068,4.542
2021-11-19 20:00,0.054,4.272
2021-11-19 21:00,0.041,4.000
2021-11-19 22:00,0.033,3.784
2021-11-19 23:00,0.024,3.486
2021-11-20 00:00,0.008,2.725
2021-11-20 01:00,0.003,2.270
2021-11-20 02:00,0.003,2.249
2021-11-20 03:00,0.003,2.244
2021-11-20 04:00,0.004,2.425
2021-11-20 05:00,0.004,2.356
2021-11-20 06:00,0.005,2.521
2021-11-20 07:00,0.012,3.003
2021-11-20 08:00,0.027,3.585
2021-11-20 09:00,0.073,4.631
2021-11-20 10:00,0.098,5.043
2021-11-20 11:00,0.116,5.303
2021-11-20 12:00,0.142,5.646
2021-11-20 13:00,0.216,6.432
2021-11-20 14:00,0.239,6.652
2021-11-20 15:00,0.155,5.783
2021-11-20 16:00,0.031,3.717
2021-11-20 17:00,0,1.427
2021-11-20 18:00,0,0.459
2021-11-20 19:00,0,1.191
2021-11-20 20:00,0.018,3.262
2021-11-20 21:00,0.056,4.330
2021-11-20 22:00,0.091,4.951
2021-11-20 23:00,0.115,5.282
2021-11-21 00:00,0.109,5.205
2021-11-21 01:00,0.071,4.610
2021-11-21 02:00,0.041,3.989
2021-11-21 03:00,0.047,4.131
2021-11-21 04:00,0.068,4.565
2021-11-21 05:00,0.140,5.617
2021-11-21 06:00,0.079,4.752
2021-11-21 07:00,0.015,3.138
2021-11-21 08:00,0.021,3.400
2021-11-21 09:00,0.018,3.280
2021-11-21 10:00,0.028,3.616
2021-11-21 11:00,0.065,4.510
2021-11-21 12:00,0.193,6.207
2021-11-21 13:00,0.404,7.996
2021-11-21 14:00,0.549,9.072
2021-11-21 15:00,0.762,10.894
2021-11-21 16:00,0.954,14.373
2021-11-21 17:00,0.967,14.933
2021-11-21 18:00,0.964,14.773
2021-11-21 19:00,0.976,15.490
2021-11-21 20:00,0.980,15.781
2021-11-21 21:00,0.977,15.541
2021-11-21 22:00,0.975,15.410
2021-11-21 23:00,0.980,15.752
2021-11-22 00:00,0.983,16.016
2021-11-22 01:00,0.984,16.208
2021-11-22 02:00,0.983,16.055
2021-11-22 03:00,0.978,15.622
2021-11-22 04:00,0.969,15.070
2021-11-22 05:00,0.962,14.697
2021-11-22 06:00,0.957,14.475
2021-11-22 07:00,0.943,13.971
2021-11-22 08:00,0.928,13.544
2021-11-22 09:00,0.910,13.087
2021-11-22 10:00,0.883,12.550
2021-11-22 11:00,0.862,12.187
2021-11-22 12:00,0.837,11.820
2021-11-22 13:00,0.818,11.553
2021-11-22 14:00,0.817,11.547
2021-11-22 15:00,0.832,11.752
2021-11-22 16:00,0.841,11.868
2021-11-22 17:00,0.836,11.806
2021-11-22 18:00,0.824,11.636
2021-11-22 19:00,0.803,11.366
2021-11-22 20:00,0.764,10.921
2021-11-22 21:00,0.702,10.312
2021-11-22 22:00,0.617,9.599
2021-11-22 23:00,0.499,8.688
2021-11-23 00:00,0.395,7.922
2021-11-23 01:00,0.392,7.897
2021-11-23 02:00,0.493,8.645
2021-11-23 03:00,0.679,10.115
2021-11-23 04:00,0.836,11.803
2021-11-23 05:00,0.922,13.367
2021-11-23 06:00,0.947,14.112
2021-11-23 07:00,0.953,14.311
2021-11-23 08:00,0.951,14.238
2021-11-23 09:00,0.943,13.981
2021-11-23 10:00,0.933,13.689
2021-11-23 11:00,0.922,13.375
2021-11-23 12:00,0.907,13.041
2021-11-23 13:00,0.894,12.757
2021-11-23 14:00,0.877,12.445
2021-11-23 15:00,0.878,12.470
2021-11-23 16:00,0.886,12.606
2021-11-23 17:00,0.880,12.490
2021-11-23 18:00,0.862,12.193
2021-11-23 19:00,0.838,11.826
2021-11-23 20:00,0.815,11.519
2021-11-23 21:00,0.781,11.103
2021-11-23 22:00,0.736,10.635
2021-11-23 23:00,0.695,10.255
2021-11-24 00:00,0.649,9.857
2021-11-24 01:00,0.639,9.774
2021-11-24 02:00,0.613,9.564
2021-11-24 03:00,0.567,9.202
2021-11-24 04:00,0.523,8.878
2021-11-24 05:00,0.476,8.523
2021-11-24 06:00,0.425,8.145
2021-11-24 07:00,0.383,7.832
2021-11-24 08:00,0.397,7.947
2021-11-24 09:00,0.460,8.399
2021-11-24 10:00,0.545,9.034
2021-11-24 11:00,0.613,9.559
2021-11-24 12:00,0.660,9.943
2021-11-24 13:00,0.690,10.202
2021-11-24 14:00,0.712,10.411
2021-11-24 15:00,0.719,10.472
2021-11-24 16:00,0.701,10.309
2021-11-24 17:00,0.666,9.999
2021-11-24 18:00,0.624,9.645
2021-11-24 19:00,0.581,9.311
2021-11-24 20:00,0.556,9.122
2021-11-24 21:00,0.552,9.089
2021-11-24 22:00,0.569,9.224
2021-11-24 23:00,0.575,9.260
2021-11-25 00:00,0.529,8.917
2021-11-25 01:00,0.489,8.622
2021-11-25 02:00,0.441,8.259
2021-11-25 03:00,0.413,8.058
2021-11-25 04:00,0.395,7.923
2021-11-25 05:00,0.371,7.742
2021-11-25 06:00,0.342,7.510
2021-11-25 07:00,0.303,7.210
2021-11-25 08:00,0.282,7.030
2021-11-25 09:00,0.264,6.869
2021-11-25 10:00,0.249,6.734
2021-11-25 11:00,0.237,6.637
2021-11-25 12:00,0.228,6.549
2021-11-25 13:00,0.220,6.476
2021-11-25 14:00,0.212,6.405
2021-11-25 15:00,0.201,6.292
2021-11-25 16:00,0.189,6.167
2021-11-25 17:00,0.190,6.167
2021-11-25 18:00,0.189,6.166
2021-11-25 19:00,0.172,5.976
2021-11-25 20:00,0.149,5.729
2021-11-25 21:00,0.143,5.655
2021-11-25 22:00,0.140,5.623
2021-11-25 23:00,0.109,5.217
2021-11-26 00:00,0.068,4.540
2021-11-26 01:00,0.041,3.999
2021-11-26 02:00,0.021,3.374
2021-11-26 03:00,0.010,2.866
2021-11-26 04:00,0.006,2.625
2021-11-26 05:00,0.013,3.047
2021-11-26 06:00,0.034,3.811
2021-11-26 07:00,0.068,4.560
2021-11-26 08:00,0.122,5.386
2021-11-26 09:00,0.192,6.200
2021-11-26 10:00,0.272,6.938
2021-11-26 11:00,0.334,7.458
2021-11-26 12:00,0.361,7.659
2021-11-26 13:00,0.362,7.682
2021-11-26 14:00,0.363,7.684
2021-11-26 15:00,0.371,7.737
2021-11-26 16:00,0.380,7.813
2021-11-26 17:00,0.386,7.862
2021-11-26 18:00,0.401,7.973
2021-11-26 19:00,0.417,8.082
2021-11-26 20:00,0.423,8.137
2021-11-26 21:00,0.416,8.079
2021-11-26 22:00,0.395,7.919
2021-11-26 23:00,0.328,7.408
2021-11-27 00:00,0.244,6.699
2021-11-27 01:00,0.178,6.048
2021-11-27 02:00,0.110,5.232
2021-11-27 03:00,0.059,4.385
2021-11-27 04:00,0.034,3.812
2021-11-27 05:00,0.032,3.745
2021-11-27 06:00,0.045,4.078
2021-11-27 07:00,0.073,4.646
2021-11-27 08:00,0.100,5.073
2021-11-27 09:00,0.099,5.061
2021-11-27 10:00,0.083,4.826
2021-11-27 11:00,0.063,4.458
2021-11-27 12:00,0.040,3.962
2021-11-27 13:00,0.020,3.355
2021-11-27 14:00,0.010,2.889
2021-11-27 15:00,0.006,2.636
2021-11-27 16:00,0.005,2.505
2021-11-27 17:00,0.005,2.542
2021-11-27 18:00,0.008,2.749
2021-11-27 19:00,0.013,3.049
2021-11-27 20:00,0.021,3.383
2021-11-27 21:00,0.029,3.664
2021-11-27 22:00,0.043,4.043
2021-11-27 23:00,0.061,4.409
2021-11-28 00:00,0.050,4.189
2021-11-28 01:00,0.034,3.809
2021-11-28 02:00,0.032,3.762
2021-11-28 03:00,0.017,3.248
2021-11-28 04:00,0.007,2.673
2021-11-28 05:00,0.002,2.166
2021-11-28 06:00,0,1.646
2021-11-28 07:00,0,1.169
2021-11-28 08:00,0,0.790
2021-11-28 09:00,0,0.574
2021-11-28 10:00,0,0.962
2021-11-28 11:00,0,1.440
2021-11-28 12:00,0.001,1.907
2021-11-28 13:00,0.003,2.277
2021-11-28 14:00,0.005,2.514
2021-11-28 15:00,0.007,2.649
2021-11-28 16:00,0.008,2.763
2021-11-28 17:00,0.009,2.835
2021-11-28 18:00,0.008,2.769
2021-11-28 19:00,0.005,2.548
2021-11-28 20:00,0.003,2.305
2021-11-28 21:00,0.002,2.170
2021-11-28 22:00,0.002,2.170
2021-11-28 23:00,0.005,2.478
2021-11-29 00:00,0.005,2.508
2021-11-29 01:00,0.004,2.381
2021-11-29 02:00,0.009,2.797
2021-11-29 03:00,0.012,2.986
2021-11-29 04:00,0.011,2.949
2021-11-29 05:00,0.009,2.812
2021-11-29 06:00,0.007,2.664
2021-11-29 07:00,0.006,2.557
2021-11-29 08:00,0.008,2.753
2021-11-29 09:00,0.021,3.402
2021-11-29 10:00,0.071,4.608
2021-11-29 11:00,0.144,5.666
2021-11-29 12:00,0.220,6.474
2021-11-29 13:00,0.299,7.178
2021-11-29 14:00,0.376,7.777
2021-11-29 15:00,0.440,8.257
2021-11-29 16:00,0.548,9.058
2021-11-29 17:00,0.619,9.612
2021-11-29 18:00,0.663,9.975
2021-11-29 19:00,0.729,10.567
2021-11-29 20:00,0.745,10.731
2021-11-29 21:00,0.795,11.271
2021-11-29 22:00,0.855,12.084
2021-11-29 23:00,0.836,11.810
2021-11-30 00:00,0.864,12.228
2021-11-30 01:00,0.731,10.585
2021-11-30 02:00,0.660,9.940
2021-11-30 03:00,0.803,11.375
2021-11-30 04:00,0.965,14.843
2021-11-30 05:00,0.989,16.970
2021-11-30 06:00,0.986,18.180
2021-11-30 07:00,0.965,19.539
2021-11-30 08:00,0.939,20.350
2021-11-30 09:00,0.950,20.076
2021-11-30 10:00,0.967,19.485
2021-11-30 11:00,0.975,19.093
2021-11-30 12:00,0.981,18.694
2021-11-30 13:00,0.986,18.214
2021-11-30 14:00,0.989,17.719
2021-11-30 15:00,0.989,17.319
2021-11-30 16:00,0.989,17.193
2021-11-30 17:00,0.989,17.282
2021-11-30 18:00,0.989,17.374
2021-11-30 19:00,0.988,17.721
2021-11-30 20:00,0.988,17.909
2021-11-30 21:00,0.989,17.604
2021-11-30 22:00,0.989,17.023
2021-11-30 23:00,0.987,16.562
2021-12-01 00:00,0.983,16.012
2021-12-01 01:00,0.976,15.497
2021-12-01 02:00,0.970,15.130
2021-12-01 03:00,0.969,15.071
2021-12-01 04:00,0.972,15.201
2021-12-01 05:00,0.970,15.090
2021-12-01 06:00,0.964,14.772
2021-12-01 07:00,0.948,14.147
2021-12-01 08:00,0.924,13.434
2021-12-01 09:00,0.892,12.722
2021-12-01 10:00,0.851,12.013
2021-12-01 11:00,0.786,11.174
2021-12-01 12:00,0.701,10.304
2021-12-01 13:00,0.607,9.506
2021-12-01 14:00,0.512,8.793
2021-12-01 15:00,0.441,8.263
2021-12-01 16:00,0.394,7.917
2021-12-01 17:00,0.351,7.580
2021-12-01 18:00,0.302,7.194
2021-12-01 19:00,0.242,6.679
2021-12-01 20:00,0.182,6.087
2021-12-01 21:00,0.132,5.518
2021-12-01 22:00,0.089,4.916
2021-12-01 23:00,0.060,4.391
2021-12-02 00:00,0.047,4.123
2021-12-02 01:00,0.061,4.414
2021-12-02 02:00,0.105,5.149
2021-12-02 03:00,0.184,6.119
2021-12-02 04:00,0.279,7.006
2021-12-02 05:00,0.386,7.862
2021-12-02 06:00,0.423,8.135
2021-12-02 07:00,0.407,8.016
2021-12-02 08:00,0.420,8.112
2021-12-02 09:00,0.492,8.642
2021-12-02 10:00,0.616,9.587
2021-12-02 11:00,0.735,10.620
2021-12-02 12:00,0.819,11.566
2021-12-02 13:00,0.861,12.169
2021-12-02 14:00,0.865,12.247
2021-12-02 15:00,0.856,12.100
2021-12-02 16:00,0.836,11.804
2021-12-02 17:00,0.830,11.717
2021-12-02 18:00,0.839,11.844
2021-12-02 19:00,0.861,12.183
2021-12-02 20:00,0.865,12.250
2021-12-02 21:00,0.829,11.709
2021-12-02 22:00,0.753,10.812
2021-12-02 23:00,0.610,9.540
2021-12-03 00:00,0.467,8.465
2021-12-03 01:00,0.478,8.540
2021-12-03 02:00,0.623,9.639
2021-12-03 03:00,0.744,10.714
2021-12-03 04:00,0.793,11.239
2021-12-03 05:00,0.821,11.593
2021-12-03 06:00,0.861,12.166
2021-12-03 07:00,0.871,12.336
2021-12-03 08:00,0.870,12.326
2021-12-03 09:00,0.870,12.326
2021-12-03 10:00,0.879,12.475
2021-12-03 11:00,0.886,12.619
2021-12-03 12:00,0.880,12.504
2021-12-03 13:00,0.860,12.148
2021-12-03 14:00,0.826,11.661
2021-12-03 15:00,0.757,10.846
2021-12-03 16:00,0.652,9.881
2021-12-03 17:00,0.549,9.068
2021-12-03 18:00,0.415,8.073
2021-12-03 19:00,0.260,6.840
2021-12-03 20:00,0.144,5.668
2021-12-03 21:00,0.058,4.356
2021-12-03 22:00,0.021,3.394
2021-12-03 23:00,0.017,3.206
2021-12-04 00:00,0.030,3.693
2021-12-04 01:00,0.076,4.698
2021-12-04 02:00,0.140,5.622
2021-12-04 03:00,0.220,6.476
2021-12-04 04:00,0.308,7.251
2021-12-04 05:00,0.367,7.714
2021-12-04 06:00,0.395,7.919
2021-12-04 07:00,0.410,8.032
2021-12-04 08:00,0.440,8.258
2021-12-04 09:00,0.460,8.400
2021-12-04 10:00,0.459,8.398
2021-12-04 11:00,0.417,8.090
2021-12-04 12:00,0.330,7.427
2021-12-04 13:00,0.242,6.671
2021-12-04 14:00,0.172,5.975
2021-12-04 15:00,0.120,5.369
2021-12-04 16:00,0.091,4.947
2021-12-04 17:00,0.083,4.804
2021-12-04 18:00,0.079,4.757
2021-12-04 19:00,0.074,4.666
2021-12-04 20:00,0.064,4.482
2021-12-04 21:00,0.051,4.211
2021-12-04 22:00,0.038,3.907
2021-12-04 23:00,0.028,3.623
2021-12-05 00:00,0.009,2.797
2021-12-05 01:00,0.001,1.972
2021-12-05 02:00,0,1.523
2021-12-05 03:00,0,1.245
2021-12-05 04:00,0,1.194
2021-12-05 05:00,0,1.493
2021-12-05 06:00,0.002,2.037
2021-12-05 07:00,0.005,2.546
2021-12-05 08:00,0.011,2.935
2021-12-05 09:00,0.016,3.190
2021-12-05 10:00,0.019,3.318
2021-12-05 11:00,0.022,3.438
2021-12-05 12:00,0.026,3.555
2021-12-05 13:00,0.029,3.638
2021-12-05 14:00,0.026,3.570
2021-12-05 15:00,0.019,3.304
2021-12-05 16:00,0.012,2.979
2021-12-05 17:00,0.007,2.667
2021-12-05 18:00,0.003,2.274
2021-12-05 19:00,0.001,1.721
2021-12-05 20:00,0,1.021
2021-12-05 21:00,0,0.227
2021-12-05 22:00,0,0.241
2021-12-05 23:00,0,1.034
2021-12-06 00:00,0,0.960
2021-12-06 01:00,0,0.494
2021-12-06 02:00,0,0.289
2021-12-06 03:00,0,0.134
2021-12-06 04:00,0,0.856
2021-12-06 05:00,0.001,1.823
2021-12-06 06:00,0.007,2.667
2021-12-06 07:00,0.025,3.519
2021-12-06 08:00,0.045,4.095
2021-12-06 09:00,0.055,4.299
2021-12-06 10:00,0.057,4.354
2021-12-06 11:00,0.063,4.457
2021-12-06 12:00,0.071,4.610
2021-12-06 13:00,0.086,4.859
2021-12-06 14:00,0.106,5.171
2021-12-06 15:00,0.131,5.502
2021-12-06 16:00,0.159,5.838
2021-12-06 17:00,0.187,6.150
2021-12-06 18:00,0.210,6.384
2021-12-06 19:00,0.230,6.569
2021-12-06 20:00,0.244,6.690
2021-12-06 21:00,0.237,6.633
2021-12-06 22:00,0.216,6.435
2021-12-06 23:00,0.193,6.205
2021-12-07 00:00,0.144,5.666
2021-12-07 01:00,0.134,5.536
2021-12-07 02:00,0.194,6.212
2021-12-07 03:00,0.181,6.085
2021-12-07 04:00,0.163,5.892
2021-12-07 05:00,0.172,5.975
2021-12-07 06:00,0.208,6.353
2021-12-07 07:00,0.285,7.058
2021-12-07 08:00,0.405,8.001
2021-12-07 09:00,0.484,8.590
2021-12-07 10:00,0.501,8.707
2021-12-07 11:00,0.480,8.554
2021-12-07 12:00,0.449,8.319
2021-12-07 13:00,0.396,7.939
2021-12-07 14:00,0.328,7.408
2021-12-07 15:00,0.250,6.742
2021-12-07 16:00,0.199,6.270
2021-12-07 17:00,0.173,5.998
2021-12-07 18:00,0.154,5.778
2021-12-07 19:00,0.124,5.411
2021-12-07 20:00,0.091,4.951
2021-12-07 21:00,0.072,4.616
2021-12-07 22:00,0.060,4.401
2021-12-07 23:00,0.051,4.214
2021-12-08 00:00,0.026,3.560
2021-12-08 01:00,0.012,3.016
2021-12-08 02:00,0.022,3.423
2021-12-08 03:00,0.025,3.525
2021-12-08 04:00,0.021,3.393
2021-12-08 05:00,0.020,3.359
2021-12-08 06:00,0.021,3.382
2021-12-08 07:00,0.023,3.451
2021-12-08 08:00,0.026,3.570
2021-12-08 09:00,0.034,3.815
2021-12-08 10:00,0.038,3.915
2021-12-08 11:00,0.040,3.964
2021-12-08 12:00,0.052,4.247
2021-12-08 13:00,0.062,4.438
2021-12-08 14:00,0.069,4.583
2021-12-08 15:00,0.073,4.644
2021-12-08 16:00,0.075,4.681
2021-12-08 17:00,0.078,4.737
2021-12-08 18:00,0.109,5.209
2021-12-08 19:00,0.117,5.312
2021-12-08 20:00,0.099,5.063
2021-12-08 21:00,0.074,4.658
2021-12-08 22:00,0.050,4.200
2021-12-08 23:00,0.036,3.858
2021-12-09 00:00,0.019,3.316
2021-12-09 01:00,0.010,2.895
2021-12-09 02:00,0.010,2.868
2021-12-09 03:00,0.013,3.050
2021-12-09 04:00,0.015,3.143
2021-12-09 05:00,0.027,3.588
2021-12-09 06:00,0.056,4.325
2021-12-09 07:00,0.102,5.104
2021-12-09 08:00,0.101,5.103
2021-12-09 09:00,0.097,5.032
2021-12-09 10:00,0.134,5.530
2021-12-09 11:00,0.211,6.386
2021-12-09 12:00,0.280,7.009
2021-12-09 13:00,0.300,7.184
2021-12-09 14:00,0.289,7.085
2021-12-09 15:00,0.270,6.928
2021-12-09 16:00,0.259,6.826
2021-12-09 17:00,0.250,6.744
2021-12-09 18:00,0.223,6.505
2021-12-09 19:00,0.199,6.259
2021-12-09 20:00,0.177,6.039
2021-12-09 21:00,0.148,5.708
2021-12-09 22:00,0.125,5.422
2021-12-09 23:00,0.104,5.138
2021-12-10 00:00,0.084,4.840
2021-12-10 01:00,0.085,4.844
2021-12-10 02:00,0.138,5.592
2021-12-10 03:00,0.219,6.468
2021-12-10 04:00,0.327,7.398
2021-12-10 05:00,0.430,8.189
2021-12-10 06:00,0.487,8.612
2021-12-10 07:00,0.473,8.504
2021-12-10 08:00,0.460,8.399
2021-12-10 09:00,0.386,7.860
2021-12-10 10:00,0.309,7.255
2021-12-10 11:00,0.241,6.666
2021-12-10 12:00,0.182,6.093
2021-12-10 13:00,0.134,5.538
2021-12-10 14:00,0.100,5.087
2021-12-10 15:00,0.069,4.581
2021-12-10 16:00,0.057,4.352
2021-12-10 17:00,0.054,4.274
2021-12-10 18:00,0.044,4.066
2021-12-10 19:00,0.030,3.692
2021-12-10 20:00,0.022,3.417
2021-12-10 21:00,0.021,3.388
2021-12-10 22:00,0.021,3.405
2021-12-10 23:00,0.017,3.236
2021-12-11 00:00,0.012,3.007
2021-12-11 01:00,0.009,2.812
2021-12-11 02:00,0.007,2.691
2021-12-11 03:00,0.007,2.690
2021-12-11 04:00,0.006,2.578
2021-12-11 05:00,0.011,2.957
2021-12-11 06:00,0.038,3.893
2021-12-11 07:00,0.065,4.498
2021-12-11 08:00,0.072,4.627
2021-12-11 09:00,0.063,4.460
2021-12-11 10:00,0.056,4.327
2021-12-11 11:00,0.051,4.208
2021-12-11 12:00,0.053,4.263
2021-12-11 13:00,0.067,4.528
2021-12-11 14:00,0.094,4.994
2021-12-11 15:00,0.166,5.916
2021-12-11 16:00,0.268,6.910
2021-12-11 17:00,0.363,7.682
2021-12-11 18:00,0.419,8.100
2021-12-11 19:00,0.455,8.374
2021-12-11 20:00,0.511,8.787
2021-12-11 21:00,0.564,9.170
2021-12-11 22:00,0.571,9.233
2021-12-11 23:00,0.598,9.439
2021-12-12 00:00,0.685,10.163
2021-12-12 01:00,0.770,10.986
2021-12-12 02:00,0.828,11.689
2021-12-12 03:00,0.869,12.311
2021-12-12 04:00,0.899,12.856
2021-12-12 05:00,0.919,13.317
2021-12-12 06:00,0.933,13.674
2021-12-12 07:00,0.940,13.874
2021-12-12 08:00,0.939,13.849
2021-12-12 09:00,0.939,13.854
2021-12-12 10:00,0.939,13.835
2021-12-12 11:00,0.931,13.632
2021-12-12 12:00,0.921,13.359
2021-12-12 13:00,0.907,13.025
2021-12-12 14:00,0.885,12.591
2021-12-12 15:00,0.862,12.184
2021-12-12 16:00,0.852,12.026
2021-12-12 17:00,0.845,11.924
2021-12-12 18:00,0.838,11.826
2021-12-12 19:00,0.820,11.575
2021-12-12 20:00,0.782,11.115
2021-12-12 21:00,0.704,10.327
2021-12-12 22:00,0.609,9.534
2021-12-12 23:00,0.497,8.682
2021-12-13 00:00,0.404,7.993
2021-12-13 01:00,0.319,7.336
2021-12-13 02:00,0.258,6.822
2021-12-13 03:00,0.229,6.565
2021-12-13 04:00,0.223,6.504
2021-12-13 05:00,0.221,6.479
2021-12-13 06:00,0.213,6.405
2021-12-13 07:00,0.205,6.323
2021-12-13 08:00,0.201,6.293
2021-12-13 09:00,0.170,5.953
2021-12-13 10:00,0.122,5.384
2021-12-13 11:00,0.072,4.625
2021-12-13 12:00,0.032,3.737
2021-12-13 13:00,0.010,2.897
2021-12-13 14:00,0.002,2.128
2021-12-13 15:00,0.001,1.890
2021-12-13 16:00,0.002,2.066
2021-12-13 17:00,0.002,2.145
2021-12-13 18:00,0.002,2.115
2021-12-13 19:00,0.002,2.109
2021-12-13 20:00,0.003,2.271
2021-12-13 21:00,0.005,2.488
2021-12-13 22:00,0.010,2.897
2021-12-13 23:00,0.028,3.615
2021-12-14 00:00,0.051,4.225
2021-12-14 01:00,0.084,4.840
2021-12-14 02:00,0.124,5.415
2021-12-14 03:00,0.169,5.949
2021-12-14 04:00,0.207,6.345
2021-12-14 05:00,0.223,6.505
2021-12-14 06:00,0.223,6.509
2021-12-14 07:00,0.242,6.673
2021-12-14 08:00,0.269,6.916
2021-12-14 09:00,0.289,7.080
2021-12-14 10:00,0.307,7.237
2021-12-14 11:00,0.330,7.425
2021-12-14 12:00,0.353,7.606
2021-12-14 13:00,0.372,7.751
2021-12-14 14:00,0.383,7.835
2021-12-14 15:00,0.389,7.883
2021-12-14 16:00,0.407,8.011
2021-12-14 17:00,0.392,7.906
2021-12-14 18:00,0.359,7.646
2021-12-14 19:00,0.343,7.525
2021-12-14 20:00,0.374,7.763
2021-12-14 21:00,0.387,7.866
2021-12-14 22:00,0.344,7.532
2021-12-14 23:00,0.291,7.101
2021-12-15 00:00,0.257,6.816
2021-12-15 01:00,0.228,6.555
2021-12-15 02:00,0.237,6.633
2021-12-15 03:00,0.224,6.518
2021-12-15 04:00,0.188,6.157
2021-12-15 05:00,0.161,5.866
2021-12-15 06:00,0.131,5.503
2021-12-15 07:00,0.073,4.644
2021-12-15 08:00,0.024,3.474
2021-12-15 09:00,0.004,2.454
2021-12-15 10:00,0,1.475
2021-12-15 11:00,0,1.308
2021-12-15 12:00,0,1.399
2021-12-15 13:00,0,1.534
2021-12-15 14:00,0.002,2.052
2021-12-15 15:00,0.002,2.175
2021-12-15 16:00,0.002,2.085
2021-12-15 17:00,0.001,1.806
2021-12-15 18:00,0.001,1.949
2021-12-15 19:00,0,1.267
2021-12-15 20:00,0,1.013
2021-12-15 21:00,0,1.522
2021-12-15 22:00,0.008,2.743
2021-12-15 23:00,0.034,3.805
2021-12-16 00:00,0.019,3.314
2021-12-16 01:00,0.005,2.470
2021-12-16 02:00,0.002,2.073
2021-12-16 03:00,0.001,1.932
2021-12-16 04:00,0.002,2.073
2021-12-16 05:00,0.006,2.640
2021-12-16 06:00,0.061,4.413
2021-12-16 07:00,0.066,4.521
2021-12-16 08:00,0.063,4.458
2021-12-16 09:00,0.088,4.891
2021-12-16 10:00,0.094,4.987
2021-12-16 11:00,0.113,5.271
2021-12-16 12:00,0.208,6.351
2021-12-16 13:00,0.566,9.188
2021-12-16 14:00,0.930,13.585
2021-12-16 15:00,0.966,14.897
2021-12-16 16:00,0.962,14.676
2021-12-16 17:00,0.974,15.363
2021-12-16 18:00,0.984,16.133
2021-12-16 19:00,0.984,16.166
2021-12-16 20:00,0.985,16.317
2021-12-16 21:00,0.982,15.973
2021-12-16 22:00,0.979,15.685
2021-12-16 23:00,0.978,15.642
2021-12-17 00:00,0.980,15.817
2021-12-17 01:00,0.977,15.508
2021-12-17 02:00,0.973,15.266
2021-12-17 03:00,0.972,15.224
2021-12-17 04:00,0.973,15.249
2021-12-17 05:00,0.983,16.093
2021-12-17 06:00,0.988,17.820
2021-12-17 07:00,0.983,18.521
2021-12-17 08:00,0.988,17.775
2021-12-17 09:00,0.989,16.949
2021-12-17 10:00,0.984,16.137
2021-12-17 11:00,0.974,15.357
2021-12-17 12:00,0.962,14.681
2021-12-17 13:00,0.945,14.045
2021-12-17 14:00,0.925,13.451
2021-12-17 15:00,0.899,12.872
2021-12-17 16:00,0.865,12.250
2021-12-17 17:00,0.804,11.388
2021-12-17 18:00,0.709,10.374
2021-12-17 19:00,0.577,9.286
2021-12-17 20:00,0.436,8.232
2021-12-17 21:00,0.300,7.184
2021-12-17 22:00,0.176,6.024
2021-12-17 23:00,0.072,4.625
2021-12-18 00:00,0.022,3.412
2021-12-18 01:00,0.005,2.520
2021-12-18 02:00,0.002,2.116
2021-12-18 03:00,0.019,3.299
2021-12-18 04:00,0.089,4.918
2021-12-18 05:00,0.224,6.514
2021-12-18 06:00,0.386,7.856
2021-12-18 07:00,0.530,8.919
2021-12-18 08:00,0.641,9.791
2021-12-18 09:00,0.704,10.329
2021-12-18 10:00,0.736,10.637
2021-12-18 11:00,0.763,10.911
2021-12-18 12:00,0.790,11.215
2021-12-18 13:00,0.823,11.628
2021-12-18 14:00,0.865,12.247
2021-12-18 15:00,0.910,13.089
2021-12-18 16:00,0.936,13.753
2021-12-18 17:00,0.951,14.260
2021-12-18 18:00,0.956,14.439
2021-12-18 19:00,0.944,14.012
2021-12-18 20:00,0.910,13.085
2021-12-18 21:00,0.864,12.228
2021-12-18 22:00,0.820,11.579
2021-12-18 23:00,0.745,10.729
2021-12-19 00:00,0.649,9.853
2021-12-19 01:00,0.566,9.188
2021-12-19 02:00,0.479,8.544
2021-12-19 03:00,0.403,7.986
2021-12-19 04:00,0.363,7.682
2021-12-19 05:00,0.330,7.423
2021-12-19 06:00,0.280,7.012
2021-12-19 07:00,0.228,6.551
2021-12-19 08:00,0.194,6.211
2021-12-19 09:00,0.181,6.081
2021-12-19 10:00,0.179,6.066
2021-12-19 11:00,0.199,6.264
2021-12-19 12:00,0.264,6.879
2021-12-19 13:00,0.351,7.593
2021-12-19 14:00,0.455,8.377
2021-12-19 15:00,0.561,9.159
2021-12-19 16:00,0.651,9.871
2021-12-19 17:00,0.693,10.238
2021-12-19 18:00,0.691,10.215
2021-12-19 19:00,0.700,10.299
2021-12-19 20:00,0.700,10.298
2021-12-19 21:00,0.646,9.824
2021-12-19 22:00,0.582,9.321
2021-12-19 23:00,0.569,9.224
2021-12-20 00:00,0.550,9.074
2021-12-20 01:00,0.524,8.884
2021-12-20 02:00,0.629,9.687
2021-12-20 03:00,0.719,10.470
2021-12-20 04:00,0.768,10.964
2021-12-20 05:00,0.764,10.922
2021-12-20 06:00,0.716,10.437
2021-12-20 07:00,0.677,10.086
2021-12-20 08:00,0.673,10.060
2021-12-20 09:00,0.687,10.172
2021-12-20 10:00,0.689,10.194
2021-12-20 11:00,0.691,10.219
2021-12-20 12:00,0.694,10.247
2021-12-20 13:00,0.685,10.163
2021-12-20 14:00,0.673,10.055
2021-12-20 15:00,0.653,9.886
2021-12-20 16:00,0.633,9.723
2021-12-20 17:00,0.599,9.448
2021-12-20 18:00,0.519,8.847
2021-12-20 19:00,0.422,8.124
2021-12-20 20:00,0.322,7.358
2021-12-20 21:00,0.235,6.616
2021-12-20 22:00,0.164,5.899
2021-12-20 23:00,0.116,5.305
2021-12-21 00:00,0.086,4.864
2021-12-21 01:00,0.087,4.883
2021-12-21 02:00,0.112,5.256
2021-12-21 03:00,0.153,5.767
2021-12-21 04:00,0.203,6.315
2021-12-21 05:00,0.277,6.986
2021-12-21 06:00,0.386,7.860
2021-12-21 07:00,0.493,8.648
2021-12-21 08:00,0.542,9.014
2021-12-21 09:00,0.518,8.836
2021-12-21 10:00,0.497,8.675
2021-12-21 11:00,0.497,8.671
2021-12-21 12:00,0.488,8.619
2021-12-21 13:00,0.463,8.428
2021-12-21 14:00,0.431,8.193
2021-12-21 15:00,0.410,8.036
2021-12-21 16:00,0.395,7.931
2021-12-21 17:00,0.383,7.839
2021-12-21 18:00,0.378,7.803
2021-12-21 19:00,0.376,7.779
2021-12-21 20:00,0.366,7.710
2021-12-21 21:00,0.342,7.523
2021-12-21 22:00,0.302,7.190
2021-12-21 23:00,0.245,6.706
2021-12-22 00:00,0.164,5.898
2021-12-22 01:00,0.133,5.524
2021-12-22 02:00,0.098,5.048
2021-12-22 03:00,0.076,4.700
2021-12-22 04:00,0.064,4.474
2021-12-22 05:00,0.064,4.488
2021-12-22 06:00,0.080,4.769
2021-12-22 07:00,0.124,5.411
2021-12-22 08:00,0.179,6.052
2021-12-22 09:00,0.206,6.342
2021-12-22 10:00,0.205,6.327
2021-12-22 11:00,0.186,6.133
2021-12-22 12:00,0.156,5.806
2021-12-22 13:00,0.126,5.443
2021-12-22 14:00,0.095,5.006
2021-12-22 15:00,0.072,4.625
2021-12-22 16:00,0.066,4.521
2021-12-22 17:00,0.068,4.546
2021-12-22 18:00,0.061,4.426
2021-12-22 19:00,0.049,4.174
2021-12-22 20:00,0.043,4.038
2021-12-22 21:00,0.053,4.264
2021-12-22 22:00,0.076,4.695
2021-12-22 23:00,0.091,4.940
2021-12-23 00:00,0.073,4.642
2021-12-23 01:00,0.059,4.369
2021-12-23 02:00,0.048,4.133
2021-12-23 03:00,0.038,3.921
2021-12-23 04:00,0.035,3.838
2021-12-23 05:00,0.040,3.947
2021-12-23 06:00,0.053,4.262
2021-12-23 07:00,0.079,4.754
2021-12-23 08:00,0.104,5.147
2021-12-23 09:00,0.135,5.550
2021-12-23 10:00,0.161,5.866
2021-12-23 11:00,0.173,5.998
2021-12-23 12:00,0.160,5.850
2021-12-23 13:00,0.138,5.588
2021-12-23 14:00,0.113,5.270
2021-12-23 15:00,0.089,4.914
2021-12-23 16:00,0.072,4.629
2021-12-23 17:00,0.055,4.285
2021-12-23 18:00,0.031,3.709
2021-12-23 19:00,0.012,3.007
2021-12-23 20:00,0.005,2.470
2021-12-23 21:00,0.002,2.078
2021-12-23 22:00,0,1.649
2021-12-23 23:00,0,1.198
2021-12-24 00:00,0,1.373
2021-12-24 01:00,0.044,4.055
2021-12-24 02:00,0.429,8.170
2021-12-24 03:00,0.788,11.194
2021-12-24 04:00,0.892,12.718
2021-12-24 05:00,0.917,13.246
2021-12-24 06:00,0.928,13.553
2021-12-24 07:00,0.941,13.902
2021-12-24 08:00,0.943,13.969
2021-12-24 09:00,0.941,13.925
2021-12-24 10:00,0.956,14.466
2021-12-24 11:00,0.971,15.160
2021-12-24 12:00,0.976,15.476
2021-12-24 13:00,0.977,15.562
2021-12-24 14:00,0.980,15.790
2021-12-24 15:00,0.982,15.987
2021-12-24 16:00,0.983,16.056
2021-12-24 17:00,0.985,16.260
2021-12-24 18:00,0.986,16.424
2021-12-24 19:00,0.987,16.552
2021-12-24 20:00,0.987,16.561
2021-12-24 21:00,0.986,16.462
2021-12-24 22:00,0.985,16.305
2021-12-24 23:00,0.983,16.086
2021-12-25 00:00,0.980,15.742
2021-12-25 01:00,0.974,15.315
2021-12-25 02:00,0.968,14.961
2021-12-25 03:00,0.965,14.833
2021-12-25 04:00,0.966,14.909
2021-12-25 05:00,0.969,15.046
2021-12-25 06:00,0.971,15.157
2021-12-25 07:00,0.972,15.215
2021-12-25 08:00,0.973,15.250
2021-12-25 09:00,0.973,15.253
2021-12-25 10:00,0.970,15.096
2021-12-25 11:00,0.963,14.757
2021-12-25 12:00,0.951,14.269
2021-12-25 13:00,0.935,13.722
2021-12-25 14:00,0.914,13.182
2021-12-25 15:00,0.906,13.014
2021-12-25 16:00,0.914,13.190
2021-12-25 17:00,0.916,13.238
2021-12-25 18:00,0.910,13.107
2021-12-25 19:00,0.901,12.901
2021-12-25 20:00,0.892,12.731
2021-12-25 21:00,0.876,12.416
2021-12-25 22:00,0.844,11.915
2021-12-25 23:00,0.798,11.308
2021-12-26 00:00,0.739,10.665
2021-12-26 01:00,0.679,10.103
2021-12-26 02:00,0.624,9.646
2021-12-26 03:00,0.596,9.423
2021-12-26 04:00,0.576,9.272
2021-12-26 05:00,0.561,9.152
2021-12-26 06:00,0.516,8.821
2021-12-26 07:00,0.456,8.379
2021-12-26 08:00,0.402,7.978
2021-12-26 09:00,0.391,7.894
2021-12-26 10:00,0.395,7.919
2021-12-26 11:00,0.398,7.949
2021-12-26 12:00,0.423,8.134
2021-12-26 13:00,0.444,8.291
2021-12-26 14:00,0.474,8.507
2021-12-26 15:00,0.497,8.683
2021-12-26 16:00,0.504,8.732
2021-12-26 17:00,0.450,8.338
2021-12-26 18:00,0.371,7.737
2021-12-26 19:00,0.321,7.347
2021-12-26 20:00,0.274,6.969
2021-12-26 21:00,0.236,6.631
2021-12-26 22:00,0.202,6.305
2021-12-26 23:00,0.170,5.953
2021-12-27 00:00,0.128,5.473
2021-12-27 01:00,0.082,4.785
2021-12-27 02:00,0.056,4.333
2021-12-27 03:00,0.082,4.793
2021-12-27 04:00,0.179,6.063
2021-12-27 05:00,0.330,7.424
2021-12-27 06:00,0.479,8.545
2021-12-27 07:00,0.578,9.293
2021-12-27 08:00,0.650,9.867
2021-12-27 09:00,0.667,10.010
2021-12-27 10:00,0.619,9.613
2021-12-27 11:00,0.525,8.889
2021-12-27 12:00,0.419,8.099
2021-12-27 13:00,0.303,7.207
2021-12-27 14:00,0.208,6.363
2021-12-27 15:00,0.158,5.829
2021-12-27 16:00,0.132,5.522
2021-12-27 17:00,0.117,5.309
2021-12-27 18:00,0.112,5.257
2021-12-27 19:00,0.111,5.233
2021-12-27 20:00,0.107,5.179
2021-12-27 21:00,0.100,5.066
2021-12-27 22:00,0.093,4.974
2021-12-27 23:00,0.084,4.839
2021-12-28 00:00,0.068,4.549
2021-12-28 01:00,0.057,4.344
2021-12-28 02:00,0.050,4.208
2021-12-28 03:00,0.059,4.384
2021-12-28 04:00,0.080,4.761
2021-12-28 05:00,0.079,4.748
2021-12-28 06:00,0.084,4.826
2021-12-28 07:00,0.071,4.605
2021-12-28 08:00,0.050,4.192
2021-12-28 09:00,0.040,3.958
2021-12-28 10:00,0.041,3.968
2021-12-28 11:00,0.056,4.326
2021-12-28 12:00,0.087,4.885
2021-12-28 13:00,0.124,5.419
2021-12-28 14:00,0.172,5.989
2021-12-28 15:00,0.217,6.444
2021-12-28 16:00,0.248,6.729
2021-12-28 17:00,0.262,6.850
2021-12-28 18:00,0.310,7.270
2021-12-28 19:00,0.371,7.750
2021-12-28 20:00,0.407,8.018
2021-12-28 21:00,0.418,8.096
2021-12-28 22:00,0.413,8.058
2021-12-28 23:00,0.407,8.018
2021-12-29 00:00,0.381,7.823
2021-12-29 01:00,0.370,7.733
2021-12-29 02:00,0.426,8.162
2021-12-29 03:00,0.511,8.781
2021-12-29 04:00,0.599,9.446
2021-12-29 05:00,0.680,10.119
2021-12-29 06:00,0.753,10.812
2021-12-29 07:00,0.810,11.451
2021-12-29 08:00,0.854,12.072
2021-12-29 09:00,0.891,12.706
2021-12-29 10:00,0.929,13.580
2021-12-29 11:00,0.943,13.981
2021-12-29 12:00,0.929,13.569
2021-12-29 13:00,0.911,13.114
2021-12-29 14:00,0.906,13.005
2021-12-29 15:00,0.915,13.227
2021-12-29 16:00,0.920,13.335
2021-12-29 17:00,0.922,13.388
2021-12-29 18:00,0.931,13.621
2021-12-29 19:00,0.932,13.642
2021-12-29 20:00,0.910,13.103
2021-12-29 21:00,0.852,12.038
2021-12-29 22:00,0.754,10.818
2021-12-29 23:00,0.599,9.443
2021-12-30 00:00,0.410,8.034
2021-12-30 01:00,0.264,6.876
2021-12-30 02:00,0.285,7.059
2021-12-30 03:00,0.582,9.324
2021-12-30 04:00,0.862,12.199
2021-12-30 05:00,0.956,14.423
2021-12-30 06:00,0.977,15.556
2021-12-30 07:00,0.980,15.780
2021-12-30 08:00,0.978,15.624
2021-12-30 09:00,0.975,15.382
2021-12-30 10:00,0.971,15.133
2021-12-30 11:00,0.967,14.929
2021-12-30 12:00,0.965,14.833
2021-12-30 13:00,0.953,14.337
2021-12-30 14:00,0.946,14.077
2021-12-30 15:00,0.946,14.095
2021-12-30 16:00,0.946,14.059
2021-12-30 17:00,0.939,13.833
2021-12-30 18:00,0.927,13.494
2021-12-30 19:00,0.910,13.098
2021-12-30 20:00,0.894,12.764
2021-12-30 21:00,0.865,12.251
2021-12-30 22:00,0.821,11.595
2021-12-30 23:00,0.771,10.993
2021-12-31 00:00,0.749,10.763
2021-12-31 01:00,0.745,10.726
2021-12-31 02:00,0.749,10.757
2021-12-31 03:00,0.773,11.011
2021-12-31 04:00,0.792,11.233
2021-12-31 05:00,0.788,11.188
2021-12-31 06:00,0.756,10.839
2021-12-31 07:00,0.713,10.413
2021-12-31 08:00,0.656,9.906
2021-12-31 09:00,0.611,9.546
2021-12-31 10:00,0.556,9.121
2021-12-31 11:00,0.497,8.679
2021-12-31 12:00,0.460,8.403
2021-12-31 13:00,0.444,8.283
2021-12-31 14:00,0.425,8.145
2021-12-31 15:00,0.410,8.032
2021-12-31 16:00,0.393,7.911
2021-12-31 17:00,0.377,7.796
2021-12-31 18:00,0.356,7.626
2021-12-31 19:00,0.304,7.219
2021-12-31 20:00,0.246,6.709
2021-12-31 21:00,0.160,5.856
2021-12-31 22:00,0.091,4.949
2021-12-31 23:00,0.056,4.319
