# Renewables.ninja Wind power (Point API) - 35.400, 129.600 - Version: 1.4 - License: https://creativecommons.org/licenses/by-nc/4.0/ - Reference: https://doi.org/10.1016/j.energy.2016.08.068
# Units: time in UTC, electricity in kW, wind_speed in m/s
# {"units": {"time": "UTC", "electricity": "kW", "wind_speed": "m/s"}, "params": {"lat": "35.4", "lon": "129.6", "date_from": "2022-01-01", "date_to": "2022-12-31", "dataset": "merra2", "capacity": "1", "height": "140", "turbine": "Vestas V164 8000", "header": "true", "raw": "true"}}
time,electricity,wind_speed
2022-01-01 00:00,0.006,2.608
2022-01-01 01:00,0,1.586
2022-01-01 02:00,0,1.281
2022-01-01 03:00,0,1.117
2022-01-01 04:00,0,1.239
2022-01-01 05:00,0,1.394
2022-01-01 06:00,0,1.513
2022-01-01 07:00,0,1.584
2022-01-01 08:00,0,1.670
2022-01-01 09:00,0.001,1.810
2022-01-01 10:00,0.001,2.022
2022-01-01 11:00,0.003,2.258
2022-01-01 12:00,0.008,2.725
2022-01-01 13:00,0.015,3.152
2022-01-01 14:00,0.029,3.660
2022-01-01 15:00,0.059,4.373
2022-01-01 16:00,0.087,4.887
2022-01-01 17:00,0.128,5.464
2022-01-01 18:00,0.177,6.032
2022-01-01 19:00,0.215,6.421
2022-01-01 20:00,0.255,6.804
2022-01-01 21:00,0.269,6.916
2022-01-01 22:00,0.271,6.935
2022-01-01 23:00,0.284,7.050
2022-01-02 00:00,0.270,6.921
2022-01-02 01:00,0.263,6.868
2022-01-02 02:00,0.316,7.319
2022-01-02 03:00,0.410,8.031
2022-01-02 04:00,0.506,8.740
2022-01-02 05:00,0.545,9.041
2022-01-02 06:00,0.509,8.769
2022-01-02 07:00,0.475,8.516
2022-01-02 08:00,0.450,8.332
2022-01-02 09:00,0.443,8.278
2022-01-02 10:00,0.440,8.257
2022-01-02 11:00,0.437,8.236
2022-01-02 12:00,0.432,8.208
2022-01-02 13:00,0.413,8.057
2022-01-02 14:00,0.381,7.821
2022-01-02 15:00,0.374,7.766
2022-01-02 16:00,0.377,7.793
2022-01-02 17:00,0.388,7.868
2022-01-02 18:00,0.414,8.070
2022-01-02 19:00,0.447,8.313
2022-01-02 20:00,0.469,8.475
2022-01-02 21:00,0.468,8.467
2022-01-02 22:00,0.441,8.261
2022-01-02 23:00,0.367,7.719
2022-01-03 00:00,0.284,7.049
2022-01-03 01:00,0.252,6.760
2022-01-03 02:00,0.239,6.652
2022-01-03 03:00,0.252,6.776
2022-01-03 04:00,0.287,7.072
2022-01-03 05:00,0.360,7.654
2022-01-03 06:00,0.432,8.203
2022-01-03 07:00,0.522,8.869
2022-01-03 08:00,0.610,9.539
2022-01-03 09:00,0.660,9.946
2022-01-03 10:00,0.661,9.952
2022-01-03 11:00,0.618,9.606
2022-01-03 12:00,0.564,9.176
2022-01-03 13:00,0.509,8.766
2022-01-03 14:00,0.491,8.639
2022-01-03 15:00,0.523,8.873
2022-01-03 16:00,0.561,9.156
2022-01-03 17:00,0.597,9.432
2022-01-03 18:00,0.639,9.773
2022-01-03 19:00,0.671,10.039
2022-01-03 20:00,0.677,10.083
2022-01-03 21:00,0.648,9.845
2022-01-03 22:00,0.608,9.512
2022-01-03 23:00,0.548,9.056
2022-01-04 00:00,0.475,8.519
2022-01-04 01:00,0.450,8.334
2022-01-04 02:00,0.450,8.326
2022-01-04 03:00,0.441,8.269
2022-01-04 04:00,0.407,8.012
2022-01-04 05:00,0.342,7.516
2022-01-04 06:00,0.285,7.059
2022-01-04 07:00,0.267,6.908
2022-01-04 08:00,0.260,6.841
2022-01-04 09:00,0.241,6.669
2022-01-04 10:00,0.234,6.601
2022-01-04 11:00,0.219,6.470
2022-01-04 12:00,0.174,6.006
2022-01-04 13:00,0.111,5.244
2022-01-04 14:00,0.063,4.472
2022-01-04 15:00,0.043,4.028
2022-01-04 16:00,0.039,3.936
2022-01-04 17:00,0.046,4.107
2022-01-04 18:00,0.056,4.316
2022-01-04 19:00,0.061,4.415
2022-01-04 20:00,0.062,4.441
2022-01-04 21:00,0.088,4.893
2022-01-04 22:00,0.114,5.279
2022-01-04 23:00,0.133,5.523
2022-01-05 00:00,0.155,5.782
2022-01-05 01:00,0.147,5.695
2022-01-05 02:00,0.183,6.102
2022-01-05 03:00,0.209,6.365
2022-01-05 04:00,0.195,6.223
2022-01-05 05:00,0.141,5.626
2022-01-05 06:00,0.219,6.467
2022-01-05 07:00,0.199,6.268
2022-01-05 08:00,0.213,6.411
2022-01-05 09:00,0.222,6.486
2022-01-05 10:00,0.195,6.226
2022-01-05 11:00,0.167,5.933
2022-01-05 12:00,0.139,5.602
2022-01-05 13:00,0.100,5.089
2022-01-05 14:00,0.066,4.519
2022-01-05 15:00,0.047,4.121
2022-01-05 16:00,0.042,4.006
2022-01-05 17:00,0.047,4.124
2022-01-05 18:00,0.066,4.519
2022-01-05 19:00,0.109,5.217
2022-01-05 20:00,0.164,5.896
2022-01-05 21:00,0.229,6.560
2022-01-05 22:00,0.327,7.392
2022-01-05 23:00,0.427,8.163
2022-01-06 00:00,0.511,8.786
2022-01-06 01:00,0.588,9.368
2022-01-06 02:00,0.617,9.594
2022-01-06 03:00,0.615,9.576
2022-01-06 04:00,0.596,9.429
2022-01-06 05:00,0.596,9.420
2022-01-06 06:00,0.599,9.447
2022-01-06 07:00,0.614,9.567
2022-01-06 08:00,0.649,9.854
2022-01-06 09:00,0.677,10.088
2022-01-06 10:00,0.664,9.985
2022-01-06 11:00,0.599,9.447
2022-01-06 12:00,0.516,8.821
2022-01-06 13:00,0.454,8.367
2022-01-06 14:00,0.413,8.062
2022-01-06 15:00,0.374,7.771
2022-01-06 16:00,0.326,7.389
2022-01-06 17:00,0.274,6.968
2022-01-06 18:00,0.229,6.563
2022-01-06 19:00,0.177,6.035
2022-01-06 20:00,0.118,5.334
2022-01-06 21:00,0.068,4.545
2022-01-06 22:00,0.031,3.720
2022-01-06 23:00,0.010,2.875
2022-01-07 00:00,0,1.612
2022-01-07 01:00,0,0.661
2022-01-07 02:00,0,0.774
2022-01-07 03:00,0,1.651
2022-01-07 04:00,0.003,2.325
2022-01-07 05:00,0.006,2.589
2022-01-07 06:00,0.007,2.651
2022-01-07 07:00,0.007,2.663
2022-01-07 08:00,0.005,2.487
2022-01-07 09:00,0.005,2.460
2022-01-07 10:00,0.006,2.632
2022-01-07 11:00,0.010,2.862
2022-01-07 12:00,0.013,3.043
2022-01-07 13:00,0.016,3.190
2022-01-07 14:00,0.022,3.427
2022-01-07 15:00,0.029,3.659
2022-01-07 16:00,0.036,3.863
2022-01-07 17:00,0.046,4.108
2022-01-07 18:00,0.062,4.441
2022-01-07 19:00,0.081,4.778
2022-01-07 20:00,0.102,5.106
2022-01-07 21:00,0.112,5.248
2022-01-07 22:00,0.118,5.329
2022-01-07 23:00,0.118,5.322
2022-01-08 00:00,0.099,5.064
2022-01-08 01:00,0.106,5.167
2022-01-08 02:00,0.140,5.624
2022-01-08 03:00,0.169,5.946
2022-01-08 04:00,0.199,6.263
2022-01-08 05:00,0.219,6.467
2022-01-08 06:00,0.236,6.628
2022-01-08 07:00,0.262,6.863
2022-01-08 08:00,0.296,7.143
2022-01-08 09:00,0.335,7.467
2022-01-08 10:00,0.363,7.685
2022-01-08 11:00,0.366,7.709
2022-01-08 12:00,0.344,7.535
2022-01-08 13:00,0.325,7.384
2022-01-08 14:00,0.310,7.258
2022-01-08 15:00,0.313,7.291
2022-01-08 16:00,0.306,7.232
2022-01-08 17:00,0.286,7.068
2022-01-08 18:00,0.272,6.940
2022-01-08 19:00,0.258,6.821
2022-01-08 20:00,0.257,6.817
2022-01-08 21:00,0.227,6.541
2022-01-08 22:00,0.197,6.245
2022-01-08 23:00,0.164,5.902
2022-01-09 00:00,0.112,5.253
2022-01-09 01:00,0.079,4.747
2022-01-09 02:00,0.070,4.588
2022-01-09 03:00,0.060,4.396
2022-01-09 04:00,0.043,4.047
2022-01-09 05:00,0.032,3.745
2022-01-09 06:00,0.031,3.717
2022-01-09 07:00,0.036,3.849
2022-01-09 08:00,0.037,3.885
2022-01-09 09:00,0.038,3.907
2022-01-09 10:00,0.039,3.937
2022-01-09 11:00,0.042,4.008
2022-01-09 12:00,0.041,3.983
2022-01-09 13:00,0.033,3.776
2022-01-09 14:00,0.027,3.589
2022-01-09 15:00,0.024,3.507
2022-01-09 16:00,0.021,3.376
2022-01-09 17:00,0.018,3.291
2022-01-09 18:00,0.019,3.329
2022-01-09 19:00,0.021,3.377
2022-01-09 20:00,0.019,3.335
2022-01-09 21:00,0.016,3.170
2022-01-09 22:00,0.010,2.912
2022-01-09 23:00,0.007,2.696
2022-01-10 00:00,0.001,2.013
2022-01-10 01:00,0,0.867
2022-01-10 02:00,0,0.663
2022-01-10 03:00,0,1.326
2022-01-10 04:00,0,1.666
2022-01-10 05:00,0.002,2.111
2022-01-10 06:00,0.008,2.723
2022-01-10 07:00,0.026,3.562
2022-01-10 08:00,0.047,4.128
2022-01-10 09:00,0.041,3.989
2022-01-10 10:00,0.025,3.518
2022-01-10 11:00,0.032,3.760
2022-01-10 12:00,0.074,4.658
2022-01-10 13:00,0.156,5.796
2022-01-10 14:00,0.256,6.808
2022-01-10 15:00,0.384,7.842
2022-01-10 16:00,0.522,8.868
2022-01-10 17:00,0.644,9.813
2022-01-10 18:00,0.722,10.506
2022-01-10 19:00,0.801,11.339
2022-01-10 20:00,0.889,12.654
2022-01-10 21:00,0.946,14.072
2022-01-10 22:00,0.969,15.069
2022-01-10 23:00,0.976,15.447
2022-01-11 00:00,0.974,15.334
2022-01-11 01:00,0.975,15.426
2022-01-11 02:00,0.979,15.677
2022-01-11 03:00,0.982,15.915
2022-01-11 04:00,0.983,16.088
2022-01-11 05:00,0.983,16.076
2022-01-11 06:00,0.981,15.843
2022-01-11 07:00,0.976,15.480
2022-01-11 08:00,0.969,15.054
2022-01-11 09:00,0.965,14.820
2022-01-11 10:00,0.960,14.608
2022-01-11 11:00,0.948,14.146
2022-01-11 12:00,0.934,13.697
2022-01-11 13:00,0.921,13.355
2022-01-11 14:00,0.911,13.131
2022-01-11 15:00,0.906,13.012
2022-01-11 16:00,0.905,12.983
2022-01-11 17:00,0.904,12.974
2022-01-11 18:00,0.899,12.853
2022-01-11 19:00,0.891,12.696
2022-01-11 20:00,0.882,12.531
2022-01-11 21:00,0.861,12.170
2022-01-11 22:00,0.829,11.707
2022-01-11 23:00,0.798,11.314
2022-01-12 00:00,0.756,10.839
2022-01-12 01:00,0.693,10.235
2022-01-12 02:00,0.637,9.756
2022-01-12 03:00,0.573,9.249
2022-01-12 04:00,0.480,8.559
2022-01-12 05:00,0.413,8.064
2022-01-12 06:00,0.417,8.081
2022-01-12 07:00,0.468,8.468
2022-01-12 08:00,0.542,9.014
2022-01-12 09:00,0.639,9.771
2022-01-12 10:00,0.744,10.713
2022-01-12 11:00,0.793,11.252
2022-01-12 12:00,0.826,11.662
2022-01-12 13:00,0.836,11.809
2022-01-12 14:00,0.854,12.061
2022-01-12 15:00,0.876,12.431
2022-01-12 16:00,0.901,12.909
2022-01-12 17:00,0.907,13.029
2022-01-12 18:00,0.905,12.989
2022-01-12 19:00,0.902,12.919
2022-01-12 20:00,0.879,12.478
2022-01-12 21:00,0.830,11.718
2022-01-12 22:00,0.787,11.178
2022-01-12 23:00,0.787,11.183
2022-01-13 00:00,0.839,11.851
2022-01-13 01:00,0.894,12.759
2022-01-13 02:00,0.946,14.074
2022-01-13 03:00,0.971,15.150
2022-01-13 04:00,0.980,15.799
2022-01-13 05:00,0.980,15.808
2022-01-13 06:00,0.977,15.564
2022-01-13 07:00,0.975,15.433
2022-01-13 08:00,0.973,15.270
2022-01-13 09:00,0.967,14.933
2022-01-13 10:00,0.958,14.509
2022-01-13 11:00,0.944,14.001
2022-01-13 12:00,0.928,13.550
2022-01-13 13:00,0.910,13.079
2022-01-13 14:00,0.887,12.624
2022-01-13 15:00,0.878,12.471
2022-01-13 16:00,0.883,12.562
2022-01-13 17:00,0.887,12.625
2022-01-13 18:00,0.890,12.671
2022-01-13 19:00,0.885,12.583
2022-01-13 20:00,0.869,12.314
2022-01-13 21:00,0.843,11.896
2022-01-13 22:00,0.807,11.420
2022-01-13 23:00,0.754,10.821
2022-01-14 00:00,0.679,10.110
2022-01-14 01:00,0.575,9.264
2022-01-14 02:00,0.472,8.490
2022-01-14 03:00,0.386,7.849
2022-01-14 04:00,0.308,7.246
2022-01-14 05:00,0.234,6.606
2022-01-14 06:00,0.175,6.014
2022-01-14 07:00,0.122,5.396
2022-01-14 08:00,0.077,4.716
2022-01-14 09:00,0.034,3.801
2022-01-14 10:00,0.007,2.688
2022-01-14 11:00,0.001,1.837
2022-01-14 12:00,0.001,1.756
2022-01-14 13:00,0.002,2.164
2022-01-14 14:00,0.013,3.065
2022-01-14 15:00,0.025,3.543
2022-01-14 16:00,0.029,3.670
2022-01-14 17:00,0.028,3.630
2022-01-14 18:00,0.027,3.591
2022-01-14 19:00,0.038,3.908
2022-01-14 20:00,0.055,4.313
2022-01-14 21:00,0.069,4.570
2022-01-14 22:00,0.079,4.753
2022-01-14 23:00,0.087,4.877
2022-01-15 00:00,0.088,4.904
2022-01-15 01:00,0.105,5.153
2022-01-15 02:00,0.134,5.532
2022-01-15 03:00,0.145,5.676
2022-01-15 04:00,0.126,5.435
2022-01-15 05:00,0.112,5.257
2022-01-15 06:00,0.138,5.586
2022-01-15 07:00,0.177,6.041
2022-01-15 08:00,0.200,6.277
2022-01-15 09:00,0.194,6.210
2022-01-15 10:00,0.165,5.914
2022-01-15 11:00,0.138,5.595
2022-01-15 12:00,0.134,5.540
2022-01-15 13:00,0.163,5.893
2022-01-15 14:00,0.208,6.350
2022-01-15 15:00,0.264,6.875
2022-01-15 16:00,0.334,7.457
2022-01-15 17:00,0.429,8.179
2022-01-15 18:00,0.544,9.025
2022-01-15 19:00,0.633,9.717
2022-01-15 20:00,0.685,10.150
2022-01-15 21:00,0.693,10.233
2022-01-15 22:00,0.679,10.106
2022-01-15 23:00,0.674,10.066
2022-01-16 00:00,0.682,10.140
2022-01-16 01:00,0.717,10.447
2022-01-16 02:00,0.746,10.733
2022-01-16 03:00,0.764,10.927
2022-01-16 04:00,0.759,10.868
2022-01-16 05:00,0.750,10.780
2022-01-16 06:00,0.735,10.620
2022-01-16 07:00,0.725,10.528
2022-01-16 08:00,0.743,10.711
2022-01-16 09:00,0.764,10.925
2022-01-16 10:00,0.787,11.185
2022-01-16 11:00,0.785,11.152
2022-01-16 12:00,0.745,10.730
2022-01-16 13:00,0.729,10.571
2022-01-16 14:00,0.736,10.641
2022-01-16 15:00,0.776,11.059
2022-01-16 16:00,0.817,11.551
2022-01-16 17:00,0.854,12.076
2022-01-16 18:00,0.863,12.204
2022-01-16 19:00,0.846,11.941
2022-01-16 20:00,0.817,11.532
2022-01-16 21:00,0.792,11.234
2022-01-16 22:00,0.773,11.011
2022-01-16 23:00,0.760,10.872
2022-01-17 00:00,0.748,10.756
2022-01-17 01:00,0.738,10.654
2022-01-17 02:00,0.744,10.722
2022-01-17 03:00,0.744,10.723
2022-01-17 04:00,0.722,10.493
2022-01-17 05:00,0.685,10.162
2022-01-17 06:00,0.658,9.929
2022-01-17 07:00,0.642,9.800
2022-01-17 08:00,0.628,9.681
2022-01-17 09:00,0.614,9.571
2022-01-17 10:00,0.679,10.109
2022-01-17 11:00,0.789,11.207
2022-01-17 12:00,0.881,12.513
2022-01-17 13:00,0.922,13.377
2022-01-17 14:00,0.925,13.466
2022-01-17 15:00,0.911,13.115
2022-01-17 16:00,0.888,12.646
2022-01-17 17:00,0.848,11.977
2022-01-17 18:00,0.799,11.318
2022-01-17 19:00,0.741,10.689
2022-01-17 20:00,0.687,10.180
2022-01-17 21:00,0.649,9.855
2022-01-17 22:00,0.622,9.631
2022-01-17 23:00,0.564,9.172
2022-01-18 00:00,0.506,8.741
2022-01-18 01:00,0.410,8.031
2022-01-18 02:00,0.351,7.581
2022-01-18 03:00,0.324,7.379
2022-01-18 04:00,0.297,7.147
2022-01-18 05:00,0.264,6.874
2022-01-18 06:00,0.229,6.560
2022-01-18 07:00,0.199,6.264
2022-01-18 08:00,0.183,6.109
2022-01-18 09:00,0.154,5.777
2022-01-18 10:00,0.124,5.414
2022-01-18 11:00,0.102,5.110
2022-01-18 12:00,0.084,4.834
2022-01-18 13:00,0.070,4.591
2022-01-18 14:00,0.060,4.400
2022-01-18 15:00,0.059,4.370
2022-01-18 16:00,0.070,4.598
2022-01-18 17:00,0.092,4.955
2022-01-18 18:00,0.118,5.322
2022-01-18 19:00,0.144,5.669
2022-01-18 20:00,0.168,5.944
2022-01-18 21:00,0.188,6.160
2022-01-18 22:00,0.192,6.188
2022-01-18 23:00,0.160,5.854
2022-01-19 00:00,0.121,5.378
2022-01-19 01:00,0.097,5.027
2022-01-19 02:00,0.083,4.817
2022-01-19 03:00,0.087,4.870
2022-01-19 04:00,0.099,5.063
2022-01-19 05:00,0.112,5.254
2022-01-19 06:00,0.130,5.491
2022-01-19 07:00,0.166,5.923
2022-01-19 08:00,0.221,6.482
2022-01-19 09:00,0.330,7.417
2022-01-19 10:00,0.511,8.783
2022-01-19 11:00,0.712,10.411
2022-01-19 12:00,0.832,11.751
2022-01-19 13:00,0.893,12.740
2022-01-19 14:00,0.926,13.483
2022-01-19 15:00,0.931,13.636
2022-01-19 16:00,0.927,13.504
2022-01-19 17:00,0.914,13.201
2022-01-19 18:00,0.886,12.606
2022-01-19 19:00,0.855,12.081
2022-01-19 20:00,0.858,12.127
2022-01-19 21:00,0.890,12.692
2022-01-19 22:00,0.906,13.008
2022-01-19 23:00,0.889,12.650
2022-01-20 00:00,0.867,12.270
2022-01-20 01:00,0.839,11.849
2022-01-20 02:00,0.781,11.105
2022-01-20 03:00,0.711,10.395
2022-01-20 04:00,0.648,9.845
2022-01-20 05:00,0.599,9.447
2022-01-20 06:00,0.573,9.246
2022-01-20 07:00,0.577,9.285
2022-01-20 08:00,0.575,9.263
2022-01-20 09:00,0.521,8.858
2022-01-20 10:00,0.457,8.386
2022-01-20 11:00,0.404,7.988
2022-01-20 12:00,0.356,7.627
2022-01-20 13:00,0.310,7.265
2022-01-20 14:00,0.270,6.925
2022-01-20 15:00,0.250,6.750
2022-01-20 16:00,0.231,6.575
2022-01-20 17:00,0.212,6.398
2022-01-20 18:00,0.197,6.244
2022-01-20 19:00,0.193,6.207
2022-01-20 20:00,0.195,6.227
2022-01-20 21:00,0.175,6.013
2022-01-20 22:00,0.142,5.642
2022-01-20 23:00,0.109,5.214
2022-01-21 00:00,0.076,4.698
2022-01-21 01:00,0.054,4.279
2022-01-21 02:00,0.040,3.959
2022-01-21 03:00,0.031,3.735
2022-01-21 04:00,0.038,3.901
2022-01-21 05:00,0.060,4.394
2022-01-21 06:00,0.077,4.721
2022-01-21 07:00,0.083,4.803
2022-01-21 08:00,0.061,4.417
2022-01-21 09:00,0.046,4.107
2022-01-21 10:00,0.035,3.820
2022-01-21 11:00,0.019,3.298
2022-01-21 12:00,0.005,2.519
2022-01-21 13:00,0.001,1.811
2022-01-21 14:00,0,1.425
2022-01-21 15:00,0,1.192
2022-01-21 16:00,0,1.025
2022-01-21 17:00,0,0.913
2022-01-21 18:00,0,0.808
2022-01-21 19:00,0,0.765
2022-01-21 20:00,0,0.897
2022-01-21 21:00,0,1.214
2022-01-21 22:00,0,1.544
2022-01-21 23:00,0,1.642
2022-01-22 00:00,0,1.469
2022-01-22 01:00,0,1.035
2022-01-22 02:00,0,0.359
2022-01-22 03:00,0,0.287
2022-01-22 04:00,0,0.312
2022-01-22 05:00,0,0.379
2022-01-22 06:00,0,1.293
2022-01-22 07:00,0.001,1.758
2022-01-22 08:00,0.002,2.042
2022-01-22 09:00,0.004,2.405
2022-01-22 10:00,0.003,2.332
2022-01-22 11:00,0.003,2.294
2022-01-22 12:00,0.004,2.365
2022-01-22 13:00,0.003,2.326
2022-01-22 14:00,0.003,2.250
2022-01-22 15:00,0.001,1.970
2022-01-22 16:00,0,1.536
2022-01-22 17:00,0,0.766
2022-01-22 18:00,0,0.295
2022-01-22 19:00,0,0.761
2022-01-22 20:00,0,1.586
2022-01-22 21:00,0.004,2.424
2022-01-22 22:00,0.008,2.768
2022-01-22 23:00,0.018,3.283
2022-01-23 00:00,0.023,3.449
2022-01-23 01:00,0.015,3.120
2022-01-23 02:00,0.009,2.852
2022-01-23 03:00,0.013,3.071
2022-01-23 04:00,0.037,3.885
2022-01-23 05:00,0.102,5.118
2022-01-23 06:00,0.222,6.495
2022-01-23 07:00,0.376,7.776
2022-01-23 08:00,0.537,8.978
2022-01-23 09:00,0.687,10.180
2022-01-23 10:00,0.793,11.245
2022-01-23 11:00,0.855,12.091
2022-01-23 12:00,0.895,12.779
2022-01-23 13:00,0.921,13.353
2022-01-23 14:00,0.943,13.966
2022-01-23 15:00,0.965,14.843
2022-01-23 16:00,0.975,15.394
2022-01-23 17:00,0.974,15.320
2022-01-23 18:00,0.967,14.930
2022-01-23 19:00,0.961,14.641
2022-01-23 20:00,0.960,14.602
2022-01-23 21:00,0.954,14.374
2022-01-23 22:00,0.944,14.001
2022-01-23 23:00,0.928,13.545
2022-01-24 00:00,0.919,13.306
2022-01-24 01:00,0.900,12.886
2022-01-24 02:00,0.867,12.276
2022-01-24 03:00,0.818,11.565
2022-01-24 04:00,0.771,11.000
2022-01-24 05:00,0.733,10.606
2022-01-24 06:00,0.689,10.195
2022-01-24 07:00,0.662,9.956
2022-01-24 08:00,0.659,9.935
2022-01-24 09:00,0.628,9.672
2022-01-24 10:00,0.596,9.423
2022-01-24 11:00,0.548,9.066
2022-01-24 12:00,0.481,8.562
2022-01-24 13:00,0.391,7.895
2022-01-24 14:00,0.289,7.087
2022-01-24 15:00,0.208,6.361
2022-01-24 16:00,0.143,5.655
2022-01-24 17:00,0.115,5.293
2022-01-24 18:00,0.109,5.217
2022-01-24 19:00,0.112,5.256
2022-01-24 20:00,0.099,5.066
2022-01-24 21:00,0.075,4.684
2022-01-24 22:00,0.050,4.191
2022-01-24 23:00,0.025,3.544
2022-01-25 00:00,0.007,2.681
2022-01-25 01:00,0.001,1.697
2022-01-25 02:00,0,1.306
2022-01-25 03:00,0,1.361
2022-01-25 04:00,0,1.522
2022-01-25 05:00,0,1.444
2022-01-25 06:00,0,1.556
2022-01-25 07:00,0.001,1.825
2022-01-25 08:00,0.001,1.981
2022-01-25 09:00,0.003,2.282
2022-01-25 10:00,0.014,3.088
2022-01-25 11:00,0.046,4.098
2022-01-25 12:00,0.124,5.412
2022-01-25 13:00,0.262,6.851
2022-01-25 14:00,0.404,7.987
2022-01-25 15:00,0.492,8.644
2022-01-25 16:00,0.532,8.941
2022-01-25 17:00,0.566,9.198
2022-01-25 18:00,0.632,9.707
2022-01-25 19:00,0.693,10.235
2022-01-25 20:00,0.725,10.531
2022-01-25 21:00,0.709,10.385
2022-01-25 22:00,0.681,10.132
2022-01-25 23:00,0.638,9.766
2022-01-26 00:00,0.584,9.333
2022-01-26 01:00,0.490,8.630
2022-01-26 02:00,0.387,7.863
2022-01-26 03:00,0.289,7.087
2022-01-26 04:00,0.210,6.380
2022-01-26 05:00,0.177,6.040
2022-01-26 06:00,0.171,5.964
2022-01-26 07:00,0.181,6.082
2022-01-26 08:00,0.179,6.057
2022-01-26 09:00,0.133,5.525
2022-01-26 10:00,0.094,4.996
2022-01-26 11:00,0.087,4.875
2022-01-26 12:00,0.091,4.945
2022-01-26 13:00,0.084,4.840
2022-01-26 14:00,0.076,4.696
2022-01-26 15:00,0.069,4.585
2022-01-26 16:00,0.061,4.420
2022-01-26 17:00,0.053,4.264
2022-01-26 18:00,0.054,4.278
2022-01-26 19:00,0.060,4.406
2022-01-26 20:00,0.061,4.434
2022-01-26 21:00,0.058,4.365
2022-01-26 22:00,0.060,4.392
2022-01-26 23:00,0.055,4.303
2022-01-27 00:00,0.051,4.214
2022-01-27 01:00,0.031,3.719
2022-01-27 02:00,0.029,3.646
2022-01-27 03:00,0.034,3.795
2022-01-27 04:00,0.039,3.928
2022-01-27 05:00,0.041,3.978
2022-01-27 06:00,0.047,4.119
2022-01-27 07:00,0.057,4.344
2022-01-27 08:00,0.067,4.535
2022-01-27 09:00,0.100,5.087
2022-01-27 10:00,0.158,5.833
2022-01-27 11:00,0.213,6.411
2022-01-27 12:00,0.293,7.126
2022-01-27 13:00,0.366,7.712
2022-01-27 14:00,0.409,8.027
2022-01-27 15:00,0.449,8.322
2022-01-27 16:00,0.472,8.498
2022-01-27 17:00,0.511,8.781
2022-01-27 18:00,0.572,9.236
2022-01-27 19:00,0.627,9.669
2022-01-27 20:00,0.631,9.703
2022-01-27 21:00,0.641,9.788
2022-01-27 22:00,0.638,9.761
2022-01-27 23:00,0.652,9.876
2022-01-28 00:00,0.599,9.449
2022-01-28 01:00,0.478,8.534
2022-01-28 02:00,0.369,7.732
2022-01-28 03:00,0.342,7.517
2022-01-28 04:00,0.316,7.314
2022-01-28 05:00,0.280,7.013
2022-01-28 06:00,0.291,7.105
2022-01-28 07:00,0.392,7.903
2022-01-28 08:00,0.504,8.731
2022-01-28 09:00,0.551,9.084
2022-01-28 10:00,0.498,8.687
2022-01-28 11:00,0.431,8.195
2022-01-28 12:00,0.423,8.135
2022-01-28 13:00,0.476,8.525
2022-01-28 14:00,0.528,8.911
2022-01-28 15:00,0.534,8.959
2022-01-28 16:00,0.580,9.307
2022-01-28 17:00,0.636,9.747
2022-01-28 18:00,0.685,10.163
2022-01-28 19:00,0.682,10.140
2022-01-28 20:00,0.687,10.178
2022-01-28 21:00,0.658,9.918
2022-01-28 22:00,0.636,9.740
2022-01-28 23:00,0.612,9.554
2022-01-29 00:00,0.519,8.844
2022-01-29 01:00,0.466,8.457
2022-01-29 02:00,0.469,8.475
2022-01-29 03:00,0.429,8.172
2022-01-29 04:00,0.345,7.548
2022-01-29 05:00,0.272,6.950
2022-01-29 06:00,0.308,7.240
2022-01-29 07:00,0.344,7.540
2022-01-29 08:00,0.395,7.922
2022-01-29 09:00,0.497,8.674
2022-01-29 10:00,0.564,9.173
2022-01-29 11:00,0.594,9.400
2022-01-29 12:00,0.602,9.477
2022-01-29 13:00,0.558,9.135
2022-01-29 14:00,0.498,8.684
2022-01-29 15:00,0.449,8.323
2022-01-29 16:00,0.433,8.211
2022-01-29 17:00,0.389,7.878
2022-01-29 18:00,0.345,7.546
2022-01-29 19:00,0.339,7.492
2022-01-29 20:00,0.339,7.490
2022-01-29 21:00,0.311,7.273
2022-01-29 22:00,0.272,6.941
2022-01-29 23:00,0.217,6.451
2022-01-30 00:00,0.148,5.710
2022-01-30 01:00,0.109,5.215
2022-01-30 02:00,0.075,4.686
2022-01-30 03:00,0.068,4.553
2022-01-30 04:00,0.079,4.754
2022-01-30 05:00,0.099,5.060
2022-01-30 06:00,0.134,5.536
2022-01-30 07:00,0.192,6.201
2022-01-30 08:00,0.272,6.944
2022-01-30 09:00,0.364,7.696
2022-01-30 10:00,0.475,8.516
2022-01-30 11:00,0.559,9.144
2022-01-30 12:00,0.600,9.454
2022-01-30 13:00,0.599,9.450
2022-01-30 14:00,0.573,9.250
2022-01-30 15:00,0.563,9.166
2022-01-30 16:00,0.561,9.161
2022-01-30 17:00,0.573,9.239
2022-01-30 18:00,0.564,9.179
2022-01-30 19:00,0.532,8.945
2022-01-30 20:00,0.490,8.632
2022-01-30 21:00,0.424,8.142
2022-01-30 22:00,0.337,7.483
2022-01-30 23:00,0.238,6.645
2022-01-31 00:00,0.162,5.874
2022-01-31 01:00,0.090,4.935
2022-01-31 02:00,0.069,4.578
2022-01-31 03:00,0.092,4.968
2022-01-31 04:00,0.117,5.310
2022-01-31 05:00,0.100,5.071
2022-01-31 06:00,0.071,4.608
2022-01-31 07:00,0.067,4.536
2022-01-31 08:00,0.078,4.738
2022-01-31 09:00,0.106,5.173
2022-01-31 10:00,0.149,5.724
2022-01-31 11:00,0.192,6.196
2022-01-31 12:00,0.252,6.777
2022-01-31 13:00,0.325,7.383
2022-01-31 14:00,0.413,8.056
2022-01-31 15:00,0.512,8.793
2022-01-31 16:00,0.594,9.412
2022-01-31 17:00,0.663,9.968
2022-01-31 18:00,0.717,10.445
2022-01-31 19:00,0.780,11.094
2022-01-31 20:00,0.814,11.505
2022-01-31 21:00,0.821,11.594
2022-01-31 22:00,0.826,11.664
2022-01-31 23:00,0.829,11.699
2022-02-01 00:00,0.867,12.275
2022-02-01 01:00,0.883,12.562
2022-02-01 02:00,0.910,13.093
2022-02-01 03:00,0.933,13.672
2022-02-01 04:00,0.943,13.959
2022-02-01 05:00,0.937,13.780
2022-02-01 06:00,0.920,13.326
2022-02-01 07:00,0.902,12.933
2022-02-01 08:00,0.892,12.726
2022-02-01 09:00,0.883,12.549
2022-02-01 10:00,0.853,12.049
2022-02-01 11:00,0.790,11.219
2022-02-01 12:00,0.694,10.240
2022-02-01 13:00,0.628,9.671
2022-02-01 14:00,0.606,9.505
2022-02-01 15:00,0.589,9.375
2022-02-01 16:00,0.566,9.194
2022-02-01 17:00,0.542,9.012
2022-02-01 18:00,0.532,8.944
2022-02-01 19:00,0.561,9.152
2022-02-01 20:00,0.573,9.241
2022-02-01 21:00,0.545,9.030
2022-02-01 22:00,0.514,8.812
2022-02-01 23:00,0.500,8.702
2022-02-02 00:00,0.506,8.747
2022-02-02 01:00,0.485,8.595
2022-02-02 02:00,0.482,8.566
2022-02-02 03:00,0.494,8.658
2022-02-02 04:00,0.512,8.793
2022-02-02 05:00,0.509,8.768
2022-02-02 06:00,0.522,8.871
2022-02-02 07:00,0.561,9.154
2022-02-02 08:00,0.596,9.425
2022-02-02 09:00,0.630,9.689
2022-02-02 10:00,0.651,9.872
2022-02-02 11:00,0.653,9.888
2022-02-02 12:00,0.652,9.880
2022-02-02 13:00,0.676,10.078
2022-02-02 14:00,0.685,10.155
2022-02-02 15:00,0.697,10.270
2022-02-02 16:00,0.698,10.275
2022-02-02 17:00,0.722,10.495
2022-02-02 18:00,0.680,10.123
2022-02-02 19:00,0.672,10.046
2022-02-02 20:00,0.671,10.042
2022-02-02 21:00,0.663,9.967
2022-02-02 22:00,0.643,9.808
2022-02-02 23:00,0.624,9.645
2022-02-03 00:00,0.590,9.382
2022-02-03 01:00,0.488,8.615
2022-02-03 02:00,0.428,8.166
2022-02-03 03:00,0.345,7.548
2022-02-03 04:00,0.293,7.127
2022-02-03 05:00,0.308,7.252
2022-02-03 06:00,0.330,7.420
2022-02-03 07:00,0.371,7.739
2022-02-03 08:00,0.497,8.674
2022-02-03 09:00,0.589,9.378
2022-02-03 10:00,0.630,9.700
2022-02-03 11:00,0.668,10.018
2022-02-03 12:00,0.671,10.039
2022-02-03 13:00,0.614,9.568
2022-02-03 14:00,0.545,9.029
2022-02-03 15:00,0.575,9.258
2022-02-03 16:00,0.685,10.155
2022-02-03 17:00,0.779,11.083
2022-02-03 18:00,0.837,11.820
2022-02-03 19:00,0.876,12.430
2022-02-03 20:00,0.898,12.844
2022-02-03 21:00,0.887,12.627
2022-02-03 22:00,0.841,11.876
2022-02-03 23:00,0.762,10.897
2022-02-04 00:00,0.702,10.319
2022-02-04 01:00,0.667,10.006
2022-02-04 02:00,0.662,9.959
2022-02-04 03:00,0.647,9.828
2022-02-04 04:00,0.630,9.697
2022-02-04 05:00,0.630,9.692
2022-02-04 06:00,0.630,9.697
2022-02-04 07:00,0.658,9.927
2022-02-04 08:00,0.735,10.623
2022-02-04 09:00,0.827,11.683
2022-02-04 10:00,0.893,12.751
2022-02-04 11:00,0.928,13.538
2022-02-04 12:00,0.938,13.822
2022-02-04 13:00,0.947,14.117
2022-02-04 14:00,0.958,14.539
2022-02-04 15:00,0.960,14.600
2022-02-04 16:00,0.955,14.393
2022-02-04 17:00,0.948,14.133
2022-02-04 18:00,0.936,13.772
2022-02-04 19:00,0.924,13.428
2022-02-04 20:00,0.910,13.081
2022-02-04 21:00,0.893,12.736
2022-02-04 22:00,0.890,12.672
2022-02-04 23:00,0.908,13.058
2022-02-05 00:00,0.912,13.136
2022-02-05 01:00,0.908,13.060
2022-02-05 02:00,0.899,12.855
2022-02-05 03:00,0.889,12.664
2022-02-05 04:00,0.881,12.513
2022-02-05 05:00,0.876,12.429
2022-02-05 06:00,0.879,12.480
2022-02-05 07:00,0.893,12.737
2022-02-05 08:00,0.911,13.114
2022-02-05 09:00,0.919,13.304
2022-02-05 10:00,0.934,13.718
2022-02-05 11:00,0.944,14.029
2022-02-05 12:00,0.945,14.044
2022-02-05 13:00,0.942,13.955
2022-02-05 14:00,0.942,13.932
2022-02-05 15:00,0.948,14.161
2022-02-05 16:00,0.958,14.549
2022-02-05 17:00,0.961,14.666
2022-02-05 18:00,0.960,14.593
2022-02-05 19:00,0.954,14.370
2022-02-05 20:00,0.947,14.118
2022-02-05 21:00,0.938,13.825
2022-02-05 22:00,0.920,13.342
2022-02-05 23:00,0.880,12.494
2022-02-06 00:00,0.854,12.073
2022-02-06 01:00,0.822,11.599
2022-02-06 02:00,0.809,11.448
2022-02-06 03:00,0.781,11.098
2022-02-06 04:00,0.749,10.758
2022-02-06 05:00,0.705,10.336
2022-02-06 06:00,0.645,9.820
2022-02-06 07:00,0.612,9.558
2022-02-06 08:00,0.610,9.543
2022-02-06 09:00,0.630,9.690
2022-02-06 10:00,0.633,9.718
2022-02-06 11:00,0.650,9.866
2022-02-06 12:00,0.665,9.987
2022-02-06 13:00,0.637,9.757
2022-02-06 14:00,0.631,9.702
2022-02-06 15:00,0.638,9.765
2022-02-06 16:00,0.596,9.429
2022-02-06 17:00,0.588,9.369
2022-02-06 18:00,0.641,9.793
2022-02-06 19:00,0.663,9.961
2022-02-06 20:00,0.650,9.867
2022-02-06 21:00,0.594,9.409
2022-02-06 22:00,0.495,8.664
2022-02-06 23:00,0.320,7.345
2022-02-07 00:00,0.213,6.407
2022-02-07 01:00,0.158,5.835
2022-02-07 02:00,0.048,4.139
2022-02-07 03:00,0.019,3.332
2022-02-07 04:00,0.021,3.406
2022-02-07 05:00,0.018,3.283
2022-02-07 06:00,0.013,3.025
2022-02-07 07:00,0.015,3.135
2022-02-07 08:00,0.019,3.297
2022-02-07 09:00,0.021,3.369
2022-02-07 10:00,0.035,3.824
2022-02-07 11:00,0.047,4.131
2022-02-07 12:00,0.041,3.972
2022-02-07 13:00,0.026,3.570
2022-02-07 14:00,0.020,3.339
2022-02-07 15:00,0.014,3.105
2022-02-07 16:00,0.024,3.485
2022-02-07 17:00,0.018,3.280
2022-02-07 18:00,0.019,3.312
2022-02-07 19:00,0.019,3.306
2022-02-07 20:00,0.017,3.208
2022-02-07 21:00,0.020,3.338
2022-02-07 22:00,0.024,3.475
2022-02-07 23:00,0.024,3.478
2022-02-08 00:00,0.036,3.854
2022-02-08 01:00,0.044,4.067
2022-02-08 02:00,0.064,4.474
2022-02-08 03:00,0.083,4.811
2022-02-08 04:00,0.107,5.180
2022-02-08 05:00,0.136,5.560
2022-02-08 06:00,0.144,5.664
2022-02-08 07:00,0.159,5.842
2022-02-08 08:00,0.195,6.223
2022-02-08 09:00,0.219,6.459
2022-02-08 10:00,0.246,6.721
2022-02-08 11:00,0.258,6.825
2022-02-08 12:00,0.246,6.720
2022-02-08 13:00,0.252,6.766
2022-02-08 14:00,0.252,6.761
2022-02-08 15:00,0.257,6.813
2022-02-08 16:00,0.257,6.814
2022-02-08 17:00,0.232,6.583
2022-02-08 18:00,0.197,6.244
2022-02-08 19:00,0.163,5.889
2022-02-08 20:00,0.149,5.729
2022-02-08 21:00,0.149,5.724
2022-02-08 22:00,0.150,5.739
2022-02-08 23:00,0.112,5.254
2022-02-09 00:00,0.075,4.675
2022-02-09 01:00,0.055,4.314
2022-02-09 02:00,0.028,3.628
2022-02-09 03:00,0.015,3.124
2022-02-09 04:00,0.024,3.496
2022-02-09 05:00,0.038,3.917
2022-02-09 06:00,0.041,3.984
2022-02-09 07:00,0.041,3.983
2022-02-09 08:00,0.054,4.282
2022-02-09 09:00,0.062,4.448
2022-02-09 10:00,0.059,4.375
2022-02-09 11:00,0.048,4.136
2022-02-09 12:00,0.040,3.957
2022-02-09 13:00,0.035,3.834
2022-02-09 14:00,0.032,3.762
2022-02-09 15:00,0.036,3.856
2022-02-09 16:00,0.056,4.326
2022-02-09 17:00,0.079,4.753
2022-02-09 18:00,0.093,4.983
2022-02-09 19:00,0.104,5.141
2022-02-09 20:00,0.114,5.273
2022-02-09 21:00,0.128,5.455
2022-02-09 22:00,0.130,5.490
2022-02-09 23:00,0.124,5.419
2022-02-10 00:00,0.112,5.252
2022-02-10 01:00,0.120,5.367
2022-02-10 02:00,0.143,5.657
2022-02-10 03:00,0.159,5.837
2022-02-10 04:00,0.171,5.967
2022-02-10 05:00,0.187,6.148
2022-02-10 06:00,0.210,6.373
2022-02-10 07:00,0.252,6.762
2022-02-10 08:00,0.325,7.384
2022-02-10 09:00,0.375,7.774
2022-02-10 10:00,0.377,7.796
2022-02-10 11:00,0.334,7.459
2022-02-10 12:00,0.302,7.190
2022-02-10 13:00,0.292,7.114
2022-02-10 14:00,0.270,6.928
2022-02-10 15:00,0.255,6.799
2022-02-10 16:00,0.256,6.809
2022-02-10 17:00,0.267,6.908
2022-02-10 18:00,0.285,7.056
2022-02-10 19:00,0.304,7.222
2022-02-10 20:00,0.319,7.337
2022-02-10 21:00,0.303,7.212
2022-02-10 22:00,0.277,6.985
2022-02-10 23:00,0.217,6.443
2022-02-11 00:00,0.164,5.899
2022-02-11 01:00,0.135,5.548
2022-02-11 02:00,0.125,5.423
2022-02-11 03:00,0.100,5.079
2022-02-11 04:00,0.068,4.560
2022-02-11 05:00,0.042,4.009
2022-02-11 06:00,0.019,3.311
2022-02-11 07:00,0.012,3.001
2022-02-11 08:00,0.009,2.840
2022-02-11 09:00,0.006,2.612
2022-02-11 10:00,0.005,2.516
2022-02-11 11:00,0.005,2.543
2022-02-11 12:00,0.006,2.583
2022-02-11 13:00,0.006,2.581
2022-02-11 14:00,0.004,2.418
2022-02-11 15:00,0.003,2.272
2022-02-11 16:00,0.004,2.393
2022-02-11 17:00,0.008,2.773
2022-02-11 18:00,0.018,3.295
2022-02-11 19:00,0.025,3.528
2022-02-11 20:00,0.023,3.453
2022-02-11 21:00,0.024,3.496
2022-02-11 22:00,0.027,3.609
2022-02-11 23:00,0.027,3.587
2022-02-12 00:00,0.026,3.558
2022-02-12 01:00,0.024,3.515
2022-02-12 02:00,0.021,3.397
2022-02-12 03:00,0.018,3.270
2022-02-12 04:00,0.016,3.197
2022-02-12 05:00,0.035,3.833
2022-02-12 06:00,0.092,4.957
2022-02-12 07:00,0.167,5.936
2022-02-12 08:00,0.282,7.031
2022-02-12 09:00,0.374,7.766
2022-02-12 10:00,0.417,8.086
2022-02-12 11:00,0.429,8.184
2022-02-12 12:00,0.431,8.196
2022-02-12 13:00,0.427,8.164
2022-02-12 14:00,0.412,8.052
2022-02-12 15:00,0.389,7.880
2022-02-12 16:00,0.355,7.618
2022-02-12 17:00,0.310,7.267
2022-02-12 18:00,0.289,7.090
2022-02-12 19:00,0.297,7.155
2022-02-12 20:00,0.325,7.383
2022-02-12 21:00,0.327,7.395
2022-02-12 22:00,0.328,7.402
2022-02-12 23:00,0.333,7.454
2022-02-13 00:00,0.353,7.598
2022-02-13 01:00,0.395,7.923
2022-02-13 02:00,0.455,8.373
2022-02-13 03:00,0.457,8.387
2022-02-13 04:00,0.377,7.788
2022-02-13 05:00,0.350,7.577
2022-02-13 06:00,0.436,8.232
2022-02-13 07:00,0.503,8.728
2022-02-13 08:00,0.594,9.405
2022-02-13 09:00,0.685,10.163
2022-02-13 10:00,0.717,10.459
2022-02-13 11:00,0.725,10.532
2022-02-13 12:00,0.709,10.375
2022-02-13 13:00,0.663,9.964
2022-02-13 14:00,0.626,9.663
2022-02-13 15:00,0.590,9.386
2022-02-13 16:00,0.548,9.060
2022-02-13 17:00,0.491,8.638
2022-02-13 18:00,0.426,8.148
2022-02-13 19:00,0.389,7.875
2022-02-13 20:00,0.367,7.716
2022-02-13 21:00,0.336,7.473
2022-02-13 22:00,0.284,7.049
2022-02-13 23:00,0.206,6.329
2022-02-14 00:00,0.138,5.597
2022-02-14 01:00,0.084,4.839
2022-02-14 02:00,0.028,3.614
2022-02-14 03:00,0.004,2.366
2022-02-14 04:00,0,1.672
2022-02-14 05:00,0,1.391
2022-02-14 06:00,0.001,1.894
2022-02-14 07:00,0.010,2.873
2022-02-14 08:00,0.038,3.892
2022-02-14 09:00,0.090,4.932
2022-02-14 10:00,0.222,6.488
2022-02-14 11:00,0.410,8.035
2022-02-14 12:00,0.623,9.639
2022-02-14 13:00,0.766,10.951
2022-02-14 14:00,0.827,11.671
2022-02-14 15:00,0.861,12.175
2022-02-14 16:00,0.884,12.573
2022-02-14 17:00,0.906,12.992
2022-02-14 18:00,0.915,13.219
2022-02-14 19:00,0.909,13.077
2022-02-14 20:00,0.899,12.853
2022-02-14 21:00,0.881,12.509
2022-02-14 22:00,0.852,12.040
2022-02-14 23:00,0.835,11.790
2022-02-15 00:00,0.804,11.382
2022-02-15 01:00,0.763,10.902
2022-02-15 02:00,0.734,10.616
2022-02-15 03:00,0.731,10.583
2022-02-15 04:00,0.755,10.824
2022-02-15 05:00,0.795,11.267
2022-02-15 06:00,0.841,11.881
2022-02-15 07:00,0.879,12.479
2022-02-15 08:00,0.896,12.794
2022-02-15 09:00,0.910,13.093
2022-02-15 10:00,0.923,13.416
2022-02-15 11:00,0.925,13.468
2022-02-15 12:00,0.923,13.400
2022-02-15 13:00,0.917,13.263
2022-02-15 14:00,0.914,13.181
2022-02-15 15:00,0.913,13.166
2022-02-15 16:00,0.921,13.347
2022-02-15 17:00,0.926,13.500
2022-02-15 18:00,0.929,13.575
2022-02-15 19:00,0.918,13.289
2022-02-15 20:00,0.902,12.918
2022-02-15 21:00,0.874,12.387
2022-02-15 22:00,0.835,11.787
2022-02-15 23:00,0.813,11.494
2022-02-16 00:00,0.806,11.409
2022-02-16 01:00,0.810,11.455
2022-02-16 02:00,0.822,11.614
2022-02-16 03:00,0.835,11.793
2022-02-16 04:00,0.850,12.000
2022-02-16 05:00,0.867,12.273
2022-02-16 06:00,0.887,12.635
2022-02-16 07:00,0.908,13.057
2022-02-16 08:00,0.920,13.340
2022-02-16 09:00,0.939,13.834
2022-02-16 10:00,0.952,14.302
2022-02-16 11:00,0.960,14.602
2022-02-16 12:00,0.965,14.816
2022-02-16 13:00,0.967,14.927
2022-02-16 14:00,0.967,14.953
2022-02-16 15:00,0.968,15.014
2022-02-16 16:00,0.965,14.838
2022-02-16 17:00,0.959,14.564
2022-02-16 18:00,0.952,14.277
2022-02-16 19:00,0.941,13.902
2022-02-16 20:00,0.924,13.447
2022-02-16 21:00,0.905,12.990
2022-02-16 22:00,0.886,12.606
2022-02-16 23:00,0.866,12.261
2022-02-17 00:00,0.820,11.579
2022-02-17 01:00,0.742,10.695
2022-02-17 02:00,0.652,9.880
2022-02-17 03:00,0.574,9.255
2022-02-17 04:00,0.497,8.682
2022-02-17 05:00,0.426,8.158
2022-02-17 06:00,0.367,7.719
2022-02-17 07:00,0.313,7.293
2022-02-17 08:00,0.289,7.085
2022-02-17 09:00,0.285,7.064
2022-02-17 10:00,0.280,7.016
2022-02-17 11:00,0.294,7.133
2022-02-17 12:00,0.333,7.452
2022-02-17 13:00,0.410,8.034
2022-02-17 14:00,0.484,8.578
2022-02-17 15:00,0.518,8.834
2022-02-17 16:00,0.491,8.637
2022-02-17 17:00,0.441,8.268
2022-02-17 18:00,0.387,7.866
2022-02-17 19:00,0.321,7.347
2022-02-17 20:00,0.258,6.825
2022-02-17 21:00,0.188,6.159
2022-02-17 22:00,0.131,5.509
2022-02-17 23:00,0.086,4.863
2022-02-18 00:00,0.067,4.533
2022-02-18 01:00,0.055,4.307
2022-02-18 02:00,0.045,4.088
2022-02-18 03:00,0.058,4.359
2022-02-18 04:00,0.086,4.867
2022-02-18 05:00,0.097,5.033
2022-02-18 06:00,0.064,4.490
2022-02-18 07:00,0.049,4.165
2022-02-18 08:00,0.069,4.574
2022-02-18 09:00,0.105,5.160
2022-02-18 10:00,0.100,5.068
2022-02-18 11:00,0.085,4.847
2022-02-18 12:00,0.071,4.604
2022-02-18 13:00,0.054,4.282
2022-02-18 14:00,0.014,3.085
2022-02-18 15:00,0.003,2.232
2022-02-18 16:00,0.001,1.829
2022-02-18 17:00,0,1.662
2022-02-18 18:00,0,1.458
2022-02-18 19:00,0.001,1.886
2022-02-18 20:00,0.006,2.595
2022-02-18 21:00,0.015,3.118
2022-02-18 22:00,0.015,3.147
2022-02-18 23:00,0.011,2.954
2022-02-19 00:00,0.015,3.159
2022-02-19 01:00,0.063,4.461
2022-02-19 02:00,0.211,6.386
2022-02-19 03:00,0.305,7.230
2022-02-19 04:00,0.314,7.298
2022-02-19 05:00,0.319,7.335
2022-02-19 06:00,0.348,7.568
2022-02-19 07:00,0.401,7.971
2022-02-19 08:00,0.474,8.506
2022-02-19 09:00,0.537,8.980
2022-02-19 10:00,0.592,9.393
2022-02-19 11:00,0.643,9.803
2022-02-19 12:00,0.710,10.388
2022-02-19 13:00,0.785,11.162
2022-02-19 14:00,0.865,12.241
2022-02-19 15:00,0.928,13.544
2022-02-19 16:00,0.965,14.820
2022-02-19 17:00,0.978,15.578
2022-02-19 18:00,0.984,16.184
2022-02-19 19:00,0.988,16.711
2022-02-19 20:00,0.989,16.976
2022-02-19 21:00,0.989,16.948
2022-02-19 22:00,0.988,16.763
2022-02-19 23:00,0.988,16.744
2022-02-20 00:00,0.986,16.481
2022-02-20 01:00,0.983,16.100
2022-02-20 02:00,0.980,15.746
2022-02-20 03:00,0.974,15.347
2022-02-20 04:00,0.966,14.870
2022-02-20 05:00,0.954,14.371
2022-02-20 06:00,0.940,13.880
2022-02-20 07:00,0.921,13.356
2022-02-20 08:00,0.891,12.711
2022-02-20 09:00,0.867,12.284
2022-02-20 10:00,0.862,12.186
2022-02-20 11:00,0.860,12.155
2022-02-20 12:00,0.857,12.117
2022-02-20 13:00,0.856,12.107
2022-02-20 14:00,0.866,12.257
2022-02-20 15:00,0.886,12.616
2022-02-20 16:00,0.899,12.855
2022-02-20 17:00,0.891,12.713
2022-02-20 18:00,0.869,12.315
2022-02-20 19:00,0.835,11.783
2022-02-20 20:00,0.785,11.156
2022-02-20 21:00,0.709,10.381
2022-02-20 22:00,0.620,9.618
2022-02-20 23:00,0.549,9.072
2022-02-21 00:00,0.489,8.623
2022-02-21 01:00,0.394,7.915
2022-02-21 02:00,0.303,7.212
2022-02-21 03:00,0.218,6.453
2022-02-21 04:00,0.162,5.882
2022-02-21 05:00,0.163,5.888
2022-02-21 06:00,0.217,6.450
2022-02-21 07:00,0.324,7.382
2022-02-21 08:00,0.441,8.262
2022-02-21 09:00,0.615,9.574
2022-02-21 10:00,0.768,10.971
2022-02-21 11:00,0.840,11.862
2022-02-21 12:00,0.881,12.527
2022-02-21 13:00,0.895,12.777
2022-02-21 14:00,0.900,12.888
2022-02-21 15:00,0.907,13.036
2022-02-21 16:00,0.908,13.064
2022-02-21 17:00,0.909,13.070
2022-02-21 18:00,0.901,12.906
2022-02-21 19:00,0.895,12.782
2022-02-21 20:00,0.895,12.774
2022-02-21 21:00,0.895,12.777
2022-02-21 22:00,0.890,12.671
2022-02-21 23:00,0.877,12.447
2022-02-22 00:00,0.850,11.996
2022-02-22 01:00,0.828,11.692
2022-02-22 02:00,0.788,11.195
2022-02-22 03:00,0.693,10.238
2022-02-22 04:00,0.550,9.079
2022-02-22 05:00,0.450,8.331
2022-02-22 06:00,0.368,7.720
2022-02-22 07:00,0.326,7.386
2022-02-22 08:00,0.317,7.323
2022-02-22 09:00,0.380,7.813
2022-02-22 10:00,0.453,8.351
2022-02-22 11:00,0.473,8.504
2022-02-22 12:00,0.472,8.501
2022-02-22 13:00,0.481,8.563
2022-02-22 14:00,0.457,8.390
2022-02-22 15:00,0.473,8.504
2022-02-22 16:00,0.551,9.085
2022-02-22 17:00,0.628,9.676
2022-02-22 18:00,0.687,10.181
2022-02-22 19:00,0.731,10.589
2022-02-22 20:00,0.743,10.711
2022-02-22 21:00,0.705,10.340
2022-02-22 22:00,0.650,9.862
2022-02-22 23:00,0.567,9.207
2022-02-23 00:00,0.462,8.419
2022-02-23 01:00,0.353,7.602
2022-02-23 02:00,0.274,6.959
2022-02-23 03:00,0.197,6.248
2022-02-23 04:00,0.148,5.705
2022-02-23 05:00,0.122,5.394
2022-02-23 06:00,0.121,5.370
2022-02-23 07:00,0.127,5.448
2022-02-23 08:00,0.155,5.790
2022-02-23 09:00,0.219,6.470
2022-02-23 10:00,0.346,7.554
2022-02-23 11:00,0.499,8.691
2022-02-23 12:00,0.616,9.580
2022-02-23 13:00,0.680,10.116
2022-02-23 14:00,0.691,10.221
2022-02-23 15:00,0.701,10.310
2022-02-23 16:00,0.711,10.395
2022-02-23 17:00,0.714,10.426
2022-02-23 18:00,0.716,10.440
2022-02-23 19:00,0.706,10.347
2022-02-23 20:00,0.687,10.170
2022-02-23 21:00,0.632,9.707
2022-02-23 22:00,0.550,9.075
2022-02-23 23:00,0.490,8.633
2022-02-24 00:00,0.392,7.902
2022-02-24 01:00,0.293,7.121
2022-02-24 02:00,0.236,6.622
2022-02-24 03:00,0.209,6.364
2022-02-24 04:00,0.197,6.245
2022-02-24 05:00,0.190,6.171
2022-02-24 06:00,0.197,6.247
2022-02-24 07:00,0.238,6.646
2022-02-24 08:00,0.336,7.479
2022-02-24 09:00,0.487,8.606
2022-02-24 10:00,0.599,9.447
2022-02-24 11:00,0.630,9.695
2022-02-24 12:00,0.622,9.637
2022-02-24 13:00,0.608,9.513
2022-02-24 14:00,0.588,9.370
2022-02-24 15:00,0.586,9.350
2022-02-24 16:00,0.603,9.481
2022-02-24 17:00,0.625,9.658
2022-02-24 18:00,0.645,9.823
2022-02-24 19:00,0.664,9.980
2022-02-24 20:00,0.674,10.069
2022-02-24 21:00,0.663,9.972
2022-02-24 22:00,0.629,9.687
2022-02-24 23:00,0.564,9.182
2022-02-25 00:00,0.601,9.457
2022-02-25 01:00,0.577,9.282
2022-02-25 02:00,0.484,8.575
2022-02-25 03:00,0.351,7.588
2022-02-25 04:00,0.229,6.559
2022-02-25 05:00,0.160,5.859
2022-02-25 06:00,0.138,5.582
2022-02-25 07:00,0.146,5.693
2022-02-25 08:00,0.186,6.142
2022-02-25 09:00,0.255,6.804
2022-02-25 10:00,0.317,7.322
2022-02-25 11:00,0.342,7.523
2022-02-25 12:00,0.346,7.553
2022-02-25 13:00,0.351,7.588
2022-02-25 14:00,0.344,7.536
2022-02-25 15:00,0.319,7.331
2022-02-25 16:00,0.291,7.098
2022-02-25 17:00,0.270,6.930
2022-02-25 18:00,0.200,6.285
2022-02-25 19:00,0.165,5.912
2022-02-25 20:00,0.206,6.332
2022-02-25 21:00,0.239,6.652
2022-02-25 22:00,0.259,6.828
2022-02-25 23:00,0.275,6.978
2022-02-26 00:00,0.359,7.643
2022-02-26 01:00,0.460,8.412
2022-02-26 02:00,0.566,9.193
2022-02-26 03:00,0.652,9.879
2022-02-26 04:00,0.696,10.263
2022-02-26 05:00,0.761,10.886
2022-02-26 06:00,0.827,11.674
2022-02-26 07:00,0.866,12.262
2022-02-26 08:00,0.890,12.670
2022-02-26 09:00,0.913,13.168
2022-02-26 10:00,0.936,13.776
2022-02-26 11:00,0.960,14.628
2022-02-26 12:00,0.977,15.526
2022-02-26 13:00,0.986,16.366
2022-02-26 14:00,0.989,17.222
2022-02-26 15:00,0.989,17.090
2022-02-26 16:00,0.987,16.512
2022-02-26 17:00,0.982,15.983
2022-02-26 18:00,0.976,15.441
2022-02-26 19:00,0.963,14.760
2022-02-26 20:00,0.943,13.976
2022-02-26 21:00,0.910,13.087
2022-02-26 22:00,0.835,11.784
2022-02-26 23:00,0.737,10.643
2022-02-27 00:00,0.582,9.320
2022-02-27 01:00,0.392,7.899
2022-02-27 02:00,0.295,7.137
2022-02-27 03:00,0.255,6.804
2022-02-27 04:00,0.236,6.622
2022-02-27 05:00,0.226,6.532
2022-02-27 06:00,0.213,6.407
2022-02-27 07:00,0.192,6.200
2022-02-27 08:00,0.163,5.888
2022-02-27 09:00,0.145,5.676
2022-02-27 10:00,0.141,5.626
2022-02-27 11:00,0.158,5.834
2022-02-27 12:00,0.197,6.236
2022-02-27 13:00,0.236,6.618
2022-02-27 14:00,0.244,6.697
2022-02-27 15:00,0.219,6.465
2022-02-27 16:00,0.186,6.133
2022-02-27 17:00,0.158,5.835
2022-02-27 18:00,0.135,5.551
2022-02-27 19:00,0.112,5.248
2022-02-27 20:00,0.078,4.733
2022-02-27 21:00,0.049,4.179
2022-02-27 22:00,0.033,3.768
2022-02-27 23:00,0.014,3.083
2022-02-28 00:00,0.006,2.562
2022-02-28 01:00,0.004,2.372
2022-02-28 02:00,0.003,2.285
2022-02-28 03:00,0.003,2.337
2022-02-28 04:00,0.004,2.433
2022-02-28 05:00,0.005,2.498
2022-02-28 06:00,0.012,3.012
2022-02-28 07:00,0.019,3.303
2022-02-28 08:00,0.024,3.491
2022-02-28 09:00,0.064,4.478
2022-02-28 10:00,0.123,5.408
2022-02-28 11:00,0.197,6.242
2022-02-28 12:00,0.285,7.061
2022-02-28 13:00,0.337,7.483
2022-02-28 14:00,0.421,8.118
2022-02-28 15:00,0.544,9.025
2022-02-28 16:00,0.634,9.728
2022-02-28 17:00,0.679,10.111
2022-02-28 18:00,0.653,9.886
2022-02-28 19:00,0.587,9.357
2022-02-28 20:00,0.570,9.231
2022-02-28 21:00,0.450,8.330
2022-02-28 22:00,0.259,6.835
2022-02-28 23:00,0.151,5.751
2022-03-01 00:00,0.110,5.224
2022-03-01 01:00,0.139,5.607
2022-03-01 02:00,0.181,6.081
2022-03-01 03:00,0.184,6.117
2022-03-01 04:00,0.125,5.435
2022-03-01 05:00,0.085,4.848
2022-03-01 06:00,0.052,4.238
2022-03-01 07:00,0.037,3.878
2022-03-01 08:00,0.064,4.474
2022-03-01 09:00,0.162,5.874
2022-03-01 10:00,0.371,7.744
2022-03-01 11:00,0.653,9.889
2022-03-01 12:00,0.807,11.415
2022-03-01 13:00,0.841,11.870
2022-03-01 14:00,0.820,11.584
2022-03-01 15:00,0.808,11.429
2022-03-01 16:00,0.815,11.514
2022-03-01 17:00,0.807,11.423
2022-03-01 18:00,0.785,11.155
2022-03-01 19:00,0.756,10.842
2022-03-01 20:00,0.723,10.511
2022-03-01 21:00,0.674,10.069
2022-03-01 22:00,0.570,9.227
2022-03-01 23:00,0.467,8.460
2022-03-02 00:00,0.315,7.305
2022-03-02 01:00,0.175,6.021
2022-03-02 02:00,0.129,5.481
2022-03-02 03:00,0.129,5.478
2022-03-02 04:00,0.131,5.508
2022-03-02 05:00,0.130,5.499
2022-03-02 06:00,0.126,5.444
2022-03-02 07:00,0.143,5.651
2022-03-02 08:00,0.210,6.383
2022-03-02 09:00,0.380,7.819
2022-03-02 10:00,0.584,9.339
2022-03-02 11:00,0.723,10.512
2022-03-02 12:00,0.789,11.198
2022-03-02 13:00,0.810,11.463
2022-03-02 14:00,0.801,11.345
2022-03-02 15:00,0.773,11.012
2022-03-02 16:00,0.753,10.807
2022-03-02 17:00,0.744,10.714
2022-03-02 18:00,0.740,10.676
2022-03-02 19:00,0.718,10.465
2022-03-02 20:00,0.680,10.117
2022-03-02 21:00,0.618,9.600
2022-03-02 22:00,0.515,8.815
2022-03-02 23:00,0.389,7.883
2022-03-03 00:00,0.356,7.625
2022-03-03 01:00,0.308,7.239
2022-03-03 02:00,0.251,6.754
2022-03-03 03:00,0.176,6.025
2022-03-03 04:00,0.105,5.159
2022-03-03 05:00,0.063,4.463
2022-03-03 06:00,0.037,3.879
2022-03-03 07:00,0.017,3.214
2022-03-03 08:00,0.009,2.786
2022-03-03 09:00,0.010,2.914
2022-03-03 10:00,0.036,3.855
2022-03-03 11:00,0.068,4.552
2022-03-03 12:00,0.092,4.963
2022-03-03 13:00,0.101,5.094
2022-03-03 14:00,0.095,5.008
2022-03-03 15:00,0.078,4.739
2022-03-03 16:00,0.058,4.360
2022-03-03 17:00,0.050,4.189
2022-03-03 18:00,0.031,3.701
2022-03-03 19:00,0.032,3.735
2022-03-03 20:00,0.025,3.527
2022-03-03 21:00,0.017,3.210
2022-03-03 22:00,0.021,3.387
2022-03-03 23:00,0.041,3.971
2022-03-04 00:00,0.077,4.717
2022-03-04 01:00,0.108,5.193
2022-03-04 02:00,0.184,6.118
2022-03-04 03:00,0.319,7.332
2022-03-04 04:00,0.506,8.748
2022-03-04 05:00,0.664,9.982
2022-03-04 06:00,0.785,11.151
2022-03-04 07:00,0.846,11.943
2022-03-04 08:00,0.880,12.502
2022-03-04 09:00,0.935,13.738
2022-03-04 10:00,0.945,14.032
2022-03-04 11:00,0.944,14.009
2022-03-04 12:00,0.947,14.118
2022-03-04 13:00,0.952,14.286
2022-03-04 14:00,0.961,14.637
2022-03-04 15:00,0.961,14.660
2022-03-04 16:00,0.953,14.327
2022-03-04 17:00,0.958,14.532
2022-03-04 18:00,0.920,13.335
2022-03-04 19:00,0.882,12.541
2022-03-04 20:00,0.871,12.332
2022-03-04 21:00,0.879,12.479
2022-03-04 22:00,0.875,12.411
2022-03-04 23:00,0.896,12.808
2022-03-05 00:00,0.919,13.300
2022-03-05 01:00,0.936,13.744
2022-03-05 02:00,0.948,14.158
2022-03-05 03:00,0.946,14.081
2022-03-05 04:00,0.936,13.755
2022-03-05 05:00,0.928,13.541
2022-03-05 06:00,0.922,13.390
2022-03-05 07:00,0.924,13.428
2022-03-05 08:00,0.921,13.361
2022-03-05 09:00,0.918,13.293
2022-03-05 10:00,0.908,13.045
2022-03-05 11:00,0.883,12.555
2022-03-05 12:00,0.854,12.064
2022-03-05 13:00,0.836,11.807
2022-03-05 14:00,0.835,11.783
2022-03-05 15:00,0.847,11.957
2022-03-05 16:00,0.862,12.192
2022-03-05 17:00,0.881,12.521
2022-03-05 18:00,0.896,12.810
2022-03-05 19:00,0.909,13.072
2022-03-05 20:00,0.914,13.177
2022-03-05 21:00,0.906,12.991
2022-03-05 22:00,0.873,12.377
2022-03-05 23:00,0.873,12.382
2022-03-06 00:00,0.835,11.785
2022-03-06 01:00,0.763,10.900
2022-03-06 02:00,0.648,9.849
2022-03-06 03:00,0.498,8.686
2022-03-06 04:00,0.344,7.529
2022-03-06 05:00,0.214,6.414
2022-03-06 06:00,0.119,5.354
2022-03-06 07:00,0.063,4.457
2022-03-06 08:00,0.034,3.819
2022-03-06 09:00,0.021,3.391
2022-03-06 10:00,0.023,3.472
2022-03-06 11:00,0.035,3.844
2022-03-06 12:00,0.035,3.841
2022-03-06 13:00,0.017,3.246
2022-03-06 14:00,0.007,2.668
2022-03-06 15:00,0.009,2.851
2022-03-06 16:00,0.023,3.447
2022-03-06 17:00,0.035,3.838
2022-03-06 18:00,0.034,3.800
2022-03-06 19:00,0.014,3.097
2022-03-06 20:00,0.002,2.182
2022-03-06 21:00,0,1.588
2022-03-06 22:00,0,1.501
2022-03-06 23:00,0,1.549
2022-03-07 00:00,0,1.676
2022-03-07 01:00,0,1.564
2022-03-07 02:00,0,1.402
2022-03-07 03:00,0,1.318
2022-03-07 04:00,0,1.300
2022-03-07 05:00,0,1.258
2022-03-07 06:00,0,1.404
2022-03-07 07:00,0.001,1.700
2022-03-07 08:00,0.001,1.692
2022-03-07 09:00,0.001,1.710
2022-03-07 10:00,0.001,1.765
2022-03-07 11:00,0.001,1.918
2022-03-07 12:00,0.003,2.239
2022-03-07 13:00,0.006,2.640
2022-03-07 14:00,0.012,3.013
2022-03-07 15:00,0.022,3.433
2022-03-07 16:00,0.041,3.977
2022-03-07 17:00,0.072,4.624
2022-03-07 18:00,0.099,5.062
2022-03-07 19:00,0.115,5.280
2022-03-07 20:00,0.138,5.583
2022-03-07 21:00,0.168,5.940
2022-03-07 22:00,0.148,5.718
2022-03-07 23:00,0.077,4.714
2022-03-08 00:00,0.032,3.762
2022-03-08 01:00,0.011,2.957
2022-03-08 02:00,0.009,2.814
2022-03-08 03:00,0.012,2.999
2022-03-08 04:00,0.014,3.084
2022-03-08 05:00,0.011,2.943
2022-03-08 06:00,0.007,2.659
2022-03-08 07:00,0.006,2.597
2022-03-08 08:00,0.015,3.160
2022-03-08 09:00,0.046,4.113
2022-03-08 10:00,0.074,4.652
2022-03-08 11:00,0.100,5.066
2022-03-08 12:00,0.118,5.329
2022-03-08 13:00,0.128,5.458
2022-03-08 14:00,0.148,5.720
2022-03-08 15:00,0.159,5.837
2022-03-08 16:00,0.177,6.038
2022-03-08 17:00,0.233,6.597
2022-03-08 18:00,0.296,7.144
2022-03-08 19:00,0.333,7.439
2022-03-08 20:00,0.330,7.428
2022-03-08 21:00,0.296,7.144
2022-03-08 22:00,0.258,6.821
2022-03-08 23:00,0.204,6.322
2022-03-09 00:00,0.196,6.231
2022-03-09 01:00,0.162,5.874
2022-03-09 02:00,0.128,5.457
2022-03-09 03:00,0.107,5.183
2022-03-09 04:00,0.096,5.024
2022-03-09 05:00,0.092,4.957
2022-03-09 06:00,0.095,5.003
2022-03-09 07:00,0.109,5.199
2022-03-09 08:00,0.146,5.693
2022-03-09 09:00,0.174,6.004
2022-03-09 10:00,0.156,5.802
2022-03-09 11:00,0.130,5.492
2022-03-09 12:00,0.122,5.388
2022-03-09 13:00,0.103,5.131
2022-03-09 14:00,0.067,4.538
2022-03-09 15:00,0.031,3.734
2022-03-09 16:00,0.020,3.346
2022-03-09 17:00,0.014,3.087
2022-03-09 18:00,0.010,2.906
2022-03-09 19:00,0.016,3.201
2022-03-09 20:00,0.026,3.579
2022-03-09 21:00,0.041,3.997
2022-03-09 22:00,0.056,4.331
2022-03-09 23:00,0.084,4.840
2022-03-10 00:00,0.122,5.395
2022-03-10 01:00,0.160,5.859
2022-03-10 02:00,0.193,6.206
2022-03-10 03:00,0.217,6.439
2022-03-10 04:00,0.232,6.586
2022-03-10 05:00,0.220,6.472
2022-03-10 06:00,0.185,6.122
2022-03-10 07:00,0.172,5.985
2022-03-10 08:00,0.217,6.451
2022-03-10 09:00,0.285,7.062
2022-03-10 10:00,0.330,7.426
2022-03-10 11:00,0.328,7.399
2022-03-10 12:00,0.283,7.046
2022-03-10 13:00,0.267,6.904
2022-03-10 14:00,0.291,7.102
2022-03-10 15:00,0.293,7.119
2022-03-10 16:00,0.287,7.072
2022-03-10 17:00,0.282,7.037
2022-03-10 18:00,0.264,6.869
2022-03-10 19:00,0.228,6.554
2022-03-10 20:00,0.183,6.110
2022-03-10 21:00,0.134,5.530
2022-03-10 22:00,0.092,4.959
2022-03-10 23:00,0.054,4.275
2022-03-11 00:00,0.048,4.156
2022-03-11 01:00,0.110,5.227
2022-03-11 02:00,0.155,5.786
2022-03-11 03:00,0.176,6.024
2022-03-11 04:00,0.210,6.377
2022-03-11 05:00,0.266,6.897
2022-03-11 06:00,0.308,7.244
2022-03-11 07:00,0.328,7.408
2022-03-11 08:00,0.353,7.605
2022-03-11 09:00,0.396,7.933
2022-03-11 10:00,0.410,8.035
2022-03-11 11:00,0.389,7.880
2022-03-11 12:00,0.335,7.471
2022-03-11 13:00,0.294,7.133
2022-03-11 14:00,0.264,6.871
2022-03-11 15:00,0.228,6.557
2022-03-11 16:00,0.207,6.347
2022-03-11 17:00,0.181,6.075
2022-03-11 18:00,0.136,5.553
2022-03-11 19:00,0.095,5.008
2022-03-11 20:00,0.052,4.232
2022-03-11 21:00,0.017,3.220
2022-03-11 22:00,0.003,2.332
2022-03-11 23:00,0.001,1.916
2022-03-12 00:00,0.002,2.107
2022-03-12 01:00,0,1.675
2022-03-12 02:00,0,1.317
2022-03-12 03:00,0,1.236
2022-03-12 04:00,0.003,2.290
2022-03-12 05:00,0.037,3.882
2022-03-12 06:00,0.064,4.478
2022-03-12 07:00,0.098,5.049
2022-03-12 08:00,0.156,5.807
2022-03-12 09:00,0.259,6.828
2022-03-12 10:00,0.376,7.777
2022-03-12 11:00,0.485,8.592
2022-03-12 12:00,0.588,9.369
2022-03-12 13:00,0.670,10.035
2022-03-12 14:00,0.719,10.478
2022-03-12 15:00,0.756,10.832
2022-03-12 16:00,0.792,11.235
2022-03-12 17:00,0.819,11.566
2022-03-12 18:00,0.882,12.533
2022-03-12 19:00,0.892,12.722
2022-03-12 20:00,0.922,13.391
2022-03-12 21:00,0.912,13.135
2022-03-12 22:00,0.904,12.974
2022-03-12 23:00,0.923,13.419
2022-03-13 00:00,0.929,13.576
2022-03-13 01:00,0.946,14.074
2022-03-13 02:00,0.970,15.074
2022-03-13 03:00,0.974,15.304
2022-03-13 04:00,0.958,14.517
2022-03-13 05:00,0.926,13.482
2022-03-13 06:00,0.931,13.632
2022-03-13 07:00,0.912,13.135
2022-03-13 08:00,0.796,11.290
2022-03-13 09:00,0.570,9.229
2022-03-13 10:00,0.180,6.069
2022-03-13 11:00,0.177,6.036
2022-03-13 12:00,0.336,7.474
2022-03-13 13:00,0.460,8.404
2022-03-13 14:00,0.567,9.209
2022-03-13 15:00,0.589,9.373
2022-03-13 16:00,0.573,9.252
2022-03-13 17:00,0.546,9.042
2022-03-13 18:00,0.512,8.793
2022-03-13 19:00,0.480,8.560
2022-03-13 20:00,0.418,8.095
2022-03-13 21:00,0.354,7.612
2022-03-13 22:00,0.295,7.136
2022-03-13 23:00,0.234,6.610
2022-03-14 00:00,0.172,5.978
2022-03-14 01:00,0.109,5.210
2022-03-14 02:00,0.063,4.464
2022-03-14 03:00,0.053,4.253
2022-03-14 04:00,0.078,4.728
2022-03-14 05:00,0.119,5.345
2022-03-14 06:00,0.199,6.266
2022-03-14 07:00,0.381,7.822
2022-03-14 08:00,0.461,8.413
2022-03-14 09:00,0.544,9.024
2022-03-14 10:00,0.612,9.551
2022-03-14 11:00,0.732,10.595
2022-03-14 12:00,0.787,11.184
2022-03-14 13:00,0.817,11.534
2022-03-14 14:00,0.812,11.479
2022-03-14 15:00,0.814,11.501
2022-03-14 16:00,0.803,11.374
2022-03-14 17:00,0.783,11.134
2022-03-14 18:00,0.723,10.515
2022-03-14 19:00,0.605,9.494
2022-03-14 20:00,0.413,8.054
2022-03-14 21:00,0.302,7.196
2022-03-14 22:00,0.282,7.033
2022-03-14 23:00,0.264,6.879
2022-03-15 00:00,0.179,6.063
2022-03-15 01:00,0.106,5.170
2022-03-15 02:00,0.050,4.200
2022-03-15 03:00,0.008,2.716
2022-03-15 04:00,0,1.405
2022-03-15 05:00,0,1.103
2022-03-15 06:00,0.001,1.793
2022-03-15 07:00,0.017,3.208
2022-03-15 08:00,0.040,3.953
2022-03-15 09:00,0.052,4.233
2022-03-15 10:00,0.063,4.468
2022-03-15 11:00,0.061,4.416
2022-03-15 12:00,0.050,4.192
2022-03-15 13:00,0.042,4.016
2022-03-15 14:00,0.044,4.063
2022-03-15 15:00,0.076,4.705
2022-03-15 16:00,0.135,5.543
2022-03-15 17:00,0.185,6.128
2022-03-15 18:00,0.199,6.271
2022-03-15 19:00,0.175,6.022
2022-03-15 20:00,0.157,5.825
2022-03-15 21:00,0.132,5.514
2022-03-15 22:00,0.091,4.947
2022-03-15 23:00,0.047,4.128
2022-03-16 00:00,0.025,3.532
2022-03-16 01:00,0.014,3.093
2022-03-16 02:00,0.011,2.943
2022-03-16 03:00,0.004,2.425
2022-03-16 04:00,0,1.474
2022-03-16 05:00,0,0.973
2022-03-16 06:00,0,1.209
2022-03-16 07:00,0.004,2.414
2022-03-16 08:00,0.042,4.016
2022-03-16 09:00,0.043,4.046
2022-03-16 10:00,0.022,3.427
2022-03-16 11:00,0.006,2.619
2022-03-16 12:00,0.003,2.207
2022-03-16 13:00,0.003,2.220
2022-03-16 14:00,0.016,3.200
2022-03-16 15:00,0.067,4.536
2022-03-16 16:00,0.148,5.712
2022-03-16 17:00,0.237,6.635
2022-03-16 18:00,0.278,6.996
2022-03-16 19:00,0.382,7.824
2022-03-16 20:00,0.606,9.506
2022-03-16 21:00,0.774,11.037
2022-03-16 22:00,0.747,10.745
2022-03-16 23:00,0.712,10.406
2022-03-17 00:00,0.744,10.714
2022-03-17 01:00,0.765,10.938
2022-03-17 02:00,0.768,10.969
2022-03-17 03:00,0.774,11.029
2022-03-17 04:00,0.788,11.190
2022-03-17 05:00,0.829,11.702
2022-03-17 06:00,0.867,12.274
2022-03-17 07:00,0.898,12.835
2022-03-17 08:00,0.921,13.348
2022-03-17 09:00,0.937,13.796
2022-03-17 10:00,0.954,14.354
2022-03-17 11:00,0.969,15.043
2022-03-17 12:00,0.976,15.441
2022-03-17 13:00,0.980,15.804
2022-03-17 14:00,0.974,15.346
2022-03-17 15:00,0.974,15.351
2022-03-17 16:00,0.975,15.382
2022-03-17 17:00,0.977,15.531
2022-03-17 18:00,0.979,15.692
2022-03-17 19:00,0.980,15.735
2022-03-17 20:00,0.981,15.909
2022-03-17 21:00,0.985,16.337
2022-03-17 22:00,0.988,16.839
2022-03-17 23:00,0.989,17.167
2022-03-18 00:00,0.989,17.523
2022-03-18 01:00,0.989,17.535
2022-03-18 02:00,0.988,16.873
2022-03-18 03:00,0.985,16.229
2022-03-18 04:00,0.978,15.578
2022-03-18 05:00,0.968,14.987
2022-03-18 06:00,0.958,14.540
2022-03-18 07:00,0.950,14.191
2022-03-18 08:00,0.943,13.973
2022-03-18 09:00,0.921,13.355
2022-03-18 10:00,0.875,12.401
2022-03-18 11:00,0.854,12.070
2022-03-18 12:00,0.822,11.610
2022-03-18 13:00,0.719,10.475
2022-03-18 14:00,0.562,9.163
2022-03-18 15:00,0.460,8.404
2022-03-18 16:00,0.399,7.961
2022-03-18 17:00,0.282,7.038
2022-03-18 18:00,0.175,6.021
2022-03-18 19:00,0.090,4.928
2022-03-18 20:00,0.030,3.690
2022-03-18 21:00,0.029,3.668
2022-03-18 22:00,0.027,3.610
2022-03-18 23:00,0.015,3.134
2022-03-19 00:00,0.009,2.849
2022-03-19 01:00,0.023,3.464
2022-03-19 02:00,0.059,4.379
2022-03-19 03:00,0.253,6.781
2022-03-19 04:00,0.552,9.090
2022-03-19 05:00,0.697,10.274
2022-03-19 06:00,0.728,10.564
2022-03-19 07:00,0.720,10.482
2022-03-19 08:00,0.707,10.363
2022-03-19 09:00,0.681,10.125
2022-03-19 10:00,0.733,10.604
2022-03-19 11:00,0.679,10.104
2022-03-19 12:00,0.522,8.869
2022-03-19 13:00,0.419,8.105
2022-03-19 14:00,0.225,6.529
2022-03-19 15:00,0.117,5.309
2022-03-19 16:00,0.061,4.424
2022-03-19 17:00,0.033,3.774
2022-03-19 18:00,0.019,3.323
2022-03-19 19:00,0.015,3.133
2022-03-19 20:00,0.014,3.076
2022-03-19 21:00,0.011,2.926
2022-03-19 22:00,0.004,2.388
2022-03-19 23:00,0,1.171
2022-03-20 00:00,0,0.867
2022-03-20 01:00,0,0.926
2022-03-20 02:00,0,1.294
2022-03-20 03:00,0.001,1.779
2022-03-20 04:00,0.001,1.767
2022-03-20 05:00,0.003,2.336
2022-03-20 06:00,0.006,2.641
2022-03-20 07:00,0.007,2.707
2022-03-20 08:00,0.016,3.203
2022-03-20 09:00,0.067,4.539
2022-03-20 10:00,0.129,5.475
2022-03-20 11:00,0.138,5.590
2022-03-20 12:00,0.176,6.025
2022-03-20 13:00,0.245,6.706
2022-03-20 14:00,0.328,7.409
2022-03-20 15:00,0.369,7.728
2022-03-20 16:00,0.359,7.643
2022-03-20 17:00,0.362,7.671
2022-03-20 18:00,0.374,7.760
2022-03-20 19:00,0.351,7.585
2022-03-20 20:00,0.294,7.131
2022-03-20 21:00,0.208,6.348
2022-03-20 22:00,0.154,5.778
2022-03-20 23:00,0.115,5.285
2022-03-21 00:00,0.082,4.792
2022-03-21 01:00,0.049,4.183
2022-03-21 02:00,0.012,2.979
2022-03-21 03:00,0.003,2.264
2022-03-21 04:00,0.007,2.711
2022-03-21 05:00,0.002,2.193
2022-03-21 06:00,0.018,3.263
2022-03-21 07:00,0.083,4.824
2022-03-21 08:00,0.088,4.891
2022-03-21 09:00,0.097,5.030
2022-03-21 10:00,0.063,4.471
2022-03-21 11:00,0.046,4.107
2022-03-21 12:00,0.024,3.481
2022-03-21 13:00,0.006,2.564
2022-03-21 14:00,0.001,1.919
2022-03-21 15:00,0,1.659
2022-03-21 16:00,0,1.672
2022-03-21 17:00,0.002,2.032
2022-03-21 18:00,0.003,2.315
2022-03-21 19:00,0.013,3.060
2022-03-21 20:00,0.083,4.804
2022-03-21 21:00,0.198,6.253
2022-03-21 22:00,0.275,6.975
2022-03-21 23:00,0.353,7.606
2022-03-22 00:00,0.522,8.871
2022-03-22 01:00,0.639,9.771
2022-03-22 02:00,0.750,10.783
2022-03-22 03:00,0.804,11.381
2022-03-22 04:00,0.793,11.252
2022-03-22 05:00,0.770,10.986
2022-03-22 06:00,0.755,10.827
2022-03-22 07:00,0.748,10.754
2022-03-22 08:00,0.765,10.937
2022-03-22 09:00,0.787,11.180
2022-03-22 10:00,0.762,10.896
2022-03-22 11:00,0.698,10.282
2022-03-22 12:00,0.596,9.427
2022-03-22 13:00,0.453,8.363
2022-03-22 14:00,0.377,7.787
2022-03-22 15:00,0.289,7.081
2022-03-22 16:00,0.158,5.830
2022-03-22 17:00,0.075,4.677
2022-03-22 18:00,0.040,3.957
2022-03-22 19:00,0.023,3.473
2022-03-22 20:00,0.044,4.053
2022-03-22 21:00,0.055,4.299
2022-03-22 22:00,0.047,4.128
2022-03-22 23:00,0.025,3.517
2022-03-23 00:00,0.005,2.533
2022-03-23 01:00,0,1.157
2022-03-23 02:00,0,1.618
2022-03-23 03:00,0.006,2.633
2022-03-23 04:00,0.025,3.534
2022-03-23 05:00,0.042,4.018
2022-03-23 06:00,0.047,4.122
2022-03-23 07:00,0.065,4.499
2022-03-23 08:00,0.093,4.980
2022-03-23 09:00,0.119,5.352
2022-03-23 10:00,0.116,5.300
2022-03-23 11:00,0.122,5.388
2022-03-23 12:00,0.156,5.809
2022-03-23 13:00,0.197,6.240
2022-03-23 14:00,0.209,6.364
2022-03-23 15:00,0.211,6.388
2022-03-23 16:00,0.237,6.641
2022-03-23 17:00,0.257,6.815
2022-03-23 18:00,0.270,6.929
2022-03-23 19:00,0.278,6.994
2022-03-23 20:00,0.242,6.679
2022-03-23 21:00,0.208,6.361
2022-03-23 22:00,0.173,6.000
2022-03-23 23:00,0.117,5.312
2022-03-24 00:00,0.090,4.931
2022-03-24 01:00,0.094,4.992
2022-03-24 02:00,0.061,4.429
2022-03-24 03:00,0.032,3.761
2022-03-24 04:00,0.013,3.027
2022-03-24 05:00,0.004,2.389
2022-03-24 06:00,0.004,2.408
2022-03-24 07:00,0.024,3.495
2022-03-24 08:00,0.096,5.015
2022-03-24 09:00,0.224,6.516
2022-03-24 10:00,0.305,7.226
2022-03-24 11:00,0.361,7.662
2022-03-24 12:00,0.321,7.347
2022-03-24 13:00,0.280,7.010
2022-03-24 14:00,0.229,6.565
2022-03-24 15:00,0.167,5.929
2022-03-24 16:00,0.157,5.822
2022-03-24 17:00,0.138,5.595
2022-03-24 18:00,0.133,5.528
2022-03-24 19:00,0.242,6.683
2022-03-24 20:00,0.293,7.118
2022-03-24 21:00,0.291,7.112
2022-03-24 22:00,0.293,7.126
2022-03-24 23:00,0.310,7.268
2022-03-25 00:00,0.350,7.576
2022-03-25 01:00,0.341,7.509
2022-03-25 02:00,0.314,7.302
2022-03-25 03:00,0.308,7.248
2022-03-25 04:00,0.383,7.829
2022-03-25 05:00,0.428,8.166
2022-03-25 06:00,0.438,8.249
2022-03-25 07:00,0.394,7.914
2022-03-25 08:00,0.270,6.932
2022-03-25 09:00,0.226,6.530
2022-03-25 10:00,0.282,7.037
2022-03-25 11:00,0.665,9.991
2022-03-25 12:00,0.887,12.633
2022-03-25 13:00,0.949,14.179
2022-03-25 14:00,0.968,15.020
2022-03-25 15:00,0.989,17.045
2022-03-25 16:00,0.934,20.500
2022-03-25 17:00,0.888,21.370
2022-03-25 18:00,0.856,21.826
2022-03-25 19:00,0.805,22.437
2022-03-25 20:00,0.729,23.184
2022-03-25 21:00,0.815,22.317
2022-03-25 22:00,0.958,19.803
2022-03-25 23:00,0.989,17.403
2022-03-26 00:00,0.981,15.879
2022-03-26 01:00,0.966,14.893
2022-03-26 02:00,0.967,14.946
2022-03-26 03:00,0.968,14.972
2022-03-26 04:00,0.946,14.061
2022-03-26 05:00,0.902,12.925
2022-03-26 06:00,0.832,11.744
2022-03-26 07:00,0.843,11.906
2022-03-26 08:00,0.813,11.488
2022-03-26 09:00,0.749,10.768
2022-03-26 10:00,0.601,9.472
2022-03-26 11:00,0.465,8.446
2022-03-26 12:00,0.336,7.473
2022-03-26 13:00,0.249,6.733
2022-03-26 14:00,0.137,5.578
2022-03-26 15:00,0.118,5.323
2022-03-26 16:00,0.151,5.751
2022-03-26 17:00,0.156,5.814
2022-03-26 18:00,0.166,5.921
2022-03-26 19:00,0.153,5.769
2022-03-26 20:00,0.107,5.188
2022-03-26 21:00,0.070,4.587
2022-03-26 22:00,0.024,3.516
2022-03-26 23:00,0.015,3.143
2022-03-27 00:00,0.033,3.783
2022-03-27 01:00,0.053,4.261
2022-03-27 02:00,0.073,4.633
2022-03-27 03:00,0.073,4.635
2022-03-27 04:00,0.129,5.483
2022-03-27 05:00,0.333,7.448
2022-03-27 06:00,0.612,9.556
2022-03-27 07:00,0.777,11.066
2022-03-27 08:00,0.846,11.939
2022-03-27 09:00,0.870,12.324
2022-03-27 10:00,0.853,12.055
2022-03-27 11:00,0.916,13.249
2022-03-27 12:00,0.948,14.149
2022-03-27 13:00,0.928,13.550
2022-03-27 14:00,0.865,12.242
2022-03-27 15:00,0.804,11.382
2022-03-27 16:00,0.766,10.945
2022-03-27 17:00,0.756,10.843
2022-03-27 18:00,0.772,11.006
2022-03-27 19:00,0.771,10.995
2022-03-27 20:00,0.764,10.928
2022-03-27 21:00,0.730,10.574
2022-03-27 22:00,0.636,9.739
2022-03-27 23:00,0.552,9.092
2022-03-28 00:00,0.498,8.687
2022-03-28 01:00,0.453,8.357
2022-03-28 02:00,0.421,8.116
2022-03-28 03:00,0.371,7.737
2022-03-28 04:00,0.310,7.259
2022-03-28 05:00,0.290,7.095
2022-03-28 06:00,0.266,6.890
2022-03-28 07:00,0.236,6.630
2022-03-28 08:00,0.188,6.159
2022-03-28 09:00,0.186,6.135
2022-03-28 10:00,0.198,6.257
2022-03-28 11:00,0.213,6.405
2022-03-28 12:00,0.219,6.467
2022-03-28 13:00,0.197,6.243
2022-03-28 14:00,0.161,5.866
2022-03-28 15:00,0.129,5.484
2022-03-28 16:00,0.099,5.052
2022-03-28 17:00,0.070,4.595
2022-03-28 18:00,0.055,4.303
2022-03-28 19:00,0.053,4.264
2022-03-28 20:00,0.064,4.480
2022-03-28 21:00,0.063,4.460
2022-03-28 22:00,0.050,4.200
2022-03-28 23:00,0.032,3.760
2022-03-29 00:00,0.012,2.964
2022-03-29 01:00,0.001,1.760
2022-03-29 02:00,0,0.784
2022-03-29 03:00,0,0.527
2022-03-29 04:00,0,0.836
2022-03-29 05:00,0,1.483
2022-03-29 06:00,0.001,1.694
2022-03-29 07:00,0.002,2.073
2022-03-29 08:00,0.005,2.506
2022-03-29 09:00,0.017,3.254
2022-03-29 10:00,0.031,3.705
2022-03-29 11:00,0.051,4.229
2022-03-29 12:00,0.094,4.998
2022-03-29 13:00,0.179,6.054
2022-03-29 14:00,0.263,6.864
2022-03-29 15:00,0.287,7.073
2022-03-29 16:00,0.282,7.031
2022-03-29 17:00,0.284,7.055
2022-03-29 18:00,0.278,6.997
2022-03-29 19:00,0.232,6.586
2022-03-29 20:00,0.172,5.975
2022-03-29 21:00,0.109,5.204
2022-03-29 22:00,0.060,4.387
2022-03-29 23:00,0.050,4.186
2022-03-30 00:00,0.087,4.879
2022-03-30 01:00,0.139,5.611
2022-03-30 02:00,0.216,6.434
2022-03-30 03:00,0.266,6.901
2022-03-30 04:00,0.262,6.861
2022-03-30 05:00,0.220,6.474
2022-03-30 06:00,0.203,6.313
2022-03-30 07:00,0.194,6.215
2022-03-30 08:00,0.202,6.299
2022-03-30 09:00,0.222,6.500
2022-03-30 10:00,0.185,6.131
2022-03-30 11:00,0.145,5.681
2022-03-30 12:00,0.144,5.672
2022-03-30 13:00,0.141,5.628
2022-03-30 14:00,0.098,5.039
2022-03-30 15:00,0.148,5.716
2022-03-30 16:00,0.365,7.700
2022-03-30 17:00,0.663,9.970
2022-03-30 18:00,0.793,11.247
2022-03-30 19:00,0.823,11.623
2022-03-30 20:00,0.820,11.590
2022-03-30 21:00,0.817,11.551
2022-03-30 22:00,0.801,11.339
2022-03-30 23:00,0.780,11.095
2022-03-31 00:00,0.768,10.965
2022-03-31 01:00,0.742,10.699
2022-03-31 02:00,0.698,10.281
2022-03-31 03:00,0.645,9.822
2022-03-31 04:00,0.625,9.659
2022-03-31 05:00,0.594,9.408
2022-03-31 06:00,0.644,9.810
2022-03-31 07:00,0.650,9.866
2022-03-31 08:00,0.703,10.323
2022-03-31 09:00,0.749,10.773
2022-03-31 10:00,0.780,11.097
2022-03-31 11:00,0.797,11.292
2022-03-31 12:00,0.807,11.423
2022-03-31 13:00,0.802,11.354
2022-03-31 14:00,0.786,11.170
2022-03-31 15:00,0.815,11.522
2022-03-31 16:00,0.832,11.739
2022-03-31 17:00,0.827,11.670
2022-03-31 18:00,0.802,11.360
2022-03-31 19:00,0.793,11.251
2022-03-31 20:00,0.774,11.034
2022-03-31 21:00,0.766,10.944
2022-03-31 22:00,0.722,10.496
2022-03-31 23:00,0.649,9.859
2022-04-01 00:00,0.575,9.261
2022-04-01 01:00,0.521,8.858
2022-04-01 02:00,0.465,8.451
2022-04-01 03:00,0.426,8.158
2022-04-01 04:00,0.407,8.008
2022-04-01 05:00,0.375,7.774
2022-04-01 06:00,0.379,7.809
2022-04-01 07:00,0.368,7.723
2022-04-01 08:00,0.310,7.268
2022-04-01 09:00,0.305,7.224
2022-04-01 10:00,0.293,7.122
2022-04-01 11:00,0.251,6.755
2022-04-01 12:00,0.205,6.324
2022-04-01 13:00,0.153,5.771
2022-04-01 14:00,0.100,5.080
2022-04-01 15:00,0.058,4.358
2022-04-01 16:00,0.030,3.690
2022-04-01 17:00,0.012,3.006
2022-04-01 18:00,0.004,2.411
2022-04-01 19:00,0.002,2.061
2022-04-01 20:00,0.001,1.782
2022-04-01 21:00,0,1.468
2022-04-01 22:00,0,1.357
2022-04-01 23:00,0,1.357
2022-04-02 00:00,0,0.950
2022-04-02 01:00,0,0.768
2022-04-02 02:00,0,0.608
2022-04-02 03:00,0,0.443
2022-04-02 04:00,0,0.252
2022-04-02 05:00,0,0.179
2022-04-02 06:00,0,0.494
2022-04-02 07:00,0.002,2.048
2022-04-02 08:00,0.026,3.563
2022-04-02 09:00,0.071,4.614
2022-04-02 10:00,0.092,4.959
2022-04-02 11:00,0.076,4.696
2022-04-02 12:00,0.052,4.235
2022-04-02 13:00,0.031,3.727
2022-04-02 14:00,0.017,3.232
2022-04-02 15:00,0.009,2.835
2022-04-02 16:00,0.006,2.577
2022-04-02 17:00,0.004,2.384
2022-04-02 18:00,0.003,2.279
2022-04-02 19:00,0.003,2.242
2022-04-02 20:00,0.003,2.240
2022-04-02 21:00,0.003,2.245
2022-04-02 22:00,0.001,1.967
2022-04-02 23:00,0,1.356
2022-04-03 00:00,0,0.955
2022-04-03 01:00,0,1.193
2022-04-03 02:00,0,1.365
2022-04-03 03:00,0,1.433
2022-04-03 04:00,0,1.584
2022-04-03 05:00,0.001,1.829
2022-04-03 06:00,0.004,2.430
2022-04-03 07:00,0.024,3.478
2022-04-03 08:00,0.098,5.043
2022-04-03 09:00,0.160,5.850
2022-04-03 10:00,0.183,6.111
2022-04-03 11:00,0.165,5.910
2022-04-03 12:00,0.124,5.419
2022-04-03 13:00,0.075,4.686
2022-04-03 14:00,0.035,3.819
2022-04-03 15:00,0.012,2.982
2022-04-03 16:00,0.003,2.266
2022-04-03 17:00,0.001,1.864
2022-04-03 18:00,0.001,1.867
2022-04-03 19:00,0.002,2.143
2022-04-03 20:00,0.004,2.412
2022-04-03 21:00,0.006,2.618
2022-04-03 22:00,0.007,2.663
2022-04-03 23:00,0.006,2.579
2022-04-04 00:00,0.006,2.613
2022-04-04 01:00,0.004,2.436
2022-04-04 02:00,0.002,2.055
2022-04-04 03:00,0,1.334
2022-04-04 04:00,0,0.488
2022-04-04 05:00,0,0.702
2022-04-04 06:00,0,1.401
2022-04-04 07:00,0.003,2.334
2022-04-04 08:00,0.027,3.610
2022-04-04 09:00,0.101,5.096
2022-04-04 10:00,0.181,6.076
2022-04-04 11:00,0.239,6.652
2022-04-04 12:00,0.264,6.871
2022-04-04 13:00,0.275,6.979
2022-04-04 14:00,0.260,6.838
2022-04-04 15:00,0.174,6.003
2022-04-04 16:00,0.132,5.516
2022-04-04 17:00,0.121,5.381
2022-04-04 18:00,0.101,5.102
2022-04-04 19:00,0.087,4.874
2022-04-04 20:00,0.071,4.612
2022-04-04 21:00,0.065,4.501
2022-04-04 22:00,0.052,4.234
2022-04-04 23:00,0.050,4.199
2022-04-05 00:00,0.102,5.109
2022-04-05 01:00,0.202,6.306
2022-04-05 02:00,0.272,6.943
2022-04-05 03:00,0.293,7.120
2022-04-05 04:00,0.311,7.273
2022-04-05 05:00,0.322,7.360
2022-04-05 06:00,0.378,7.804
2022-04-05 07:00,0.456,8.379
2022-04-05 08:00,0.542,9.012
2022-04-05 09:00,0.589,9.377
2022-04-05 10:00,0.626,9.664
2022-04-05 11:00,0.596,9.424
2022-04-05 12:00,0.548,9.058
2022-04-05 13:00,0.509,8.764
2022-04-05 14:00,0.449,8.323
2022-04-05 15:00,0.379,7.804
2022-04-05 16:00,0.326,7.388
2022-04-05 17:00,0.302,7.196
2022-04-05 18:00,0.293,7.120
2022-04-05 19:00,0.288,7.077
2022-04-05 20:00,0.283,7.040
2022-04-05 21:00,0.262,6.856
2022-04-05 22:00,0.173,6.000
2022-04-05 23:00,0.103,5.130
2022-04-06 00:00,0.075,4.685
2022-04-06 01:00,0.041,3.987
2022-04-06 02:00,0.016,3.184
2022-04-06 03:00,0.006,2.630
2022-04-06 04:00,0.002,2.156
2022-04-06 05:00,0.001,1.867
2022-04-06 06:00,0.001,1.704
2022-04-06 07:00,0,1.467
2022-04-06 08:00,0.007,2.658
2022-04-06 09:00,0.060,4.402
2022-04-06 10:00,0.115,5.281
2022-04-06 11:00,0.144,5.665
2022-04-06 12:00,0.163,5.890
2022-04-06 13:00,0.197,6.245
2022-04-06 14:00,0.242,6.677
2022-04-06 15:00,0.236,6.622
2022-04-06 16:00,0.190,6.176
2022-04-06 17:00,0.174,6.005
2022-04-06 18:00,0.170,5.959
2022-04-06 19:00,0.158,5.826
2022-04-06 20:00,0.128,5.471
2022-04-06 21:00,0.091,4.951
2022-04-06 22:00,0.069,4.580
2022-04-06 23:00,0.066,4.521
2022-04-07 00:00,0.092,4.958
2022-04-07 01:00,0.139,5.606
2022-04-07 02:00,0.208,6.360
2022-04-07 03:00,0.291,7.101
2022-04-07 04:00,0.336,7.474
2022-04-07 05:00,0.394,7.915
2022-04-07 06:00,0.457,8.387
2022-04-07 07:00,0.515,8.815
2022-04-07 08:00,0.530,8.929
2022-04-07 09:00,0.581,9.313
2022-04-07 10:00,0.633,9.710
2022-04-07 11:00,0.608,9.512
2022-04-07 12:00,0.577,9.282
2022-04-07 13:00,0.542,9.016
2022-04-07 14:00,0.502,8.720
2022-04-07 15:00,0.500,8.704
2022-04-07 16:00,0.502,8.720
2022-04-07 17:00,0.460,8.410
2022-04-07 18:00,0.407,8.008
2022-04-07 19:00,0.371,7.742
2022-04-07 20:00,0.313,7.281
2022-04-07 21:00,0.224,6.519
2022-04-07 22:00,0.130,5.488
2022-04-07 23:00,0.078,4.742
2022-04-08 00:00,0.032,3.747
2022-04-08 01:00,0.001,2.000
2022-04-08 02:00,0,1.143
2022-04-08 03:00,0,0.811
2022-04-08 04:00,0,1.169
2022-04-08 05:00,0,1.635
2022-04-08 06:00,0.009,2.812
2022-04-08 07:00,0.053,4.253
2022-04-08 08:00,0.172,5.981
2022-04-08 09:00,0.339,7.490
2022-04-08 10:00,0.419,8.101
2022-04-08 11:00,0.441,8.268
2022-04-08 12:00,0.453,8.356
2022-04-08 13:00,0.450,8.336
2022-04-08 14:00,0.422,8.129
2022-04-08 15:00,0.412,8.052
2022-04-08 16:00,0.424,8.142
2022-04-08 17:00,0.433,8.209
2022-04-08 18:00,0.427,8.163
2022-04-08 19:00,0.441,8.264
2022-04-08 20:00,0.483,8.571
2022-04-08 21:00,0.492,8.642
2022-04-08 22:00,0.435,8.227
2022-04-08 23:00,0.407,8.010
2022-04-09 00:00,0.566,9.197
2022-04-09 01:00,0.648,9.847
2022-04-09 02:00,0.687,10.176
2022-04-09 03:00,0.742,10.697
2022-04-09 04:00,0.783,11.132
2022-04-09 05:00,0.807,11.418
2022-04-09 06:00,0.823,11.630
2022-04-09 07:00,0.824,11.640
2022-04-09 08:00,0.797,11.298
2022-04-09 09:00,0.771,10.988
2022-04-09 10:00,0.758,10.857
2022-04-09 11:00,0.738,10.663
2022-04-09 12:00,0.722,10.499
2022-04-09 13:00,0.694,10.242
2022-04-09 14:00,0.648,9.844
2022-04-09 15:00,0.596,9.430
2022-04-09 16:00,0.552,9.091
2022-04-09 17:00,0.519,8.848
2022-04-09 18:00,0.509,8.773
2022-04-09 19:00,0.465,8.451
2022-04-09 20:00,0.446,8.307
2022-04-09 21:00,0.431,8.199
2022-04-09 22:00,0.344,7.529
2022-04-09 23:00,0.327,7.393
2022-04-10 00:00,0.342,7.510
2022-04-10 01:00,0.318,7.328
2022-04-10 02:00,0.345,7.544
2022-04-10 03:00,0.413,8.053
2022-04-10 04:00,0.453,8.361
2022-04-10 05:00,0.502,8.712
2022-04-10 06:00,0.551,9.086
2022-04-10 07:00,0.579,9.297
2022-04-10 08:00,0.563,9.167
2022-04-10 09:00,0.543,9.024
2022-04-10 10:00,0.513,8.796
2022-04-10 11:00,0.471,8.485
2022-04-10 12:00,0.449,8.320
2022-04-10 13:00,0.429,8.181
2022-04-10 14:00,0.405,8.001
2022-04-10 15:00,0.367,7.718
2022-04-10 16:00,0.333,7.451
2022-04-10 17:00,0.313,7.292
2022-04-10 18:00,0.276,6.979
2022-04-10 19:00,0.224,6.519
2022-04-10 20:00,0.205,6.324
2022-04-10 21:00,0.197,6.242
2022-04-10 22:00,0.157,5.824
2022-04-10 23:00,0.175,6.008
2022-04-11 00:00,0.158,5.835
2022-04-11 01:00,0.123,5.401
2022-04-11 02:00,0.098,5.043
2022-04-11 03:00,0.128,5.471
2022-04-11 04:00,0.207,6.347
2022-04-11 05:00,0.267,6.908
2022-04-11 06:00,0.324,7.382
2022-04-11 07:00,0.377,7.782
2022-04-11 08:00,0.418,8.094
2022-04-11 09:00,0.444,8.288
2022-04-11 10:00,0.497,8.672
2022-04-11 11:00,0.518,8.834
2022-04-11 12:00,0.516,8.823
2022-04-11 13:00,0.514,8.810
2022-04-11 14:00,0.496,8.669
2022-04-11 15:00,0.467,8.459
2022-04-11 16:00,0.419,8.104
2022-04-11 17:00,0.342,7.511
2022-04-11 18:00,0.296,7.140
2022-04-11 19:00,0.311,7.271
2022-04-11 20:00,0.299,7.178
2022-04-11 21:00,0.196,6.234
2022-04-11 22:00,0.092,4.955
2022-04-11 23:00,0.070,4.597
2022-04-12 00:00,0.065,4.501
2022-04-12 01:00,0.072,4.617
2022-04-12 02:00,0.084,4.842
2022-04-12 03:00,0.105,5.157
2022-04-12 04:00,0.161,5.865
2022-04-12 05:00,0.289,7.080
2022-04-12 06:00,0.435,8.228
2022-04-12 07:00,0.566,9.199
2022-04-12 08:00,0.668,10.015
2022-04-12 09:00,0.704,10.325
2022-04-12 10:00,0.652,9.878
2022-04-12 11:00,0.568,9.215
2022-04-12 12:00,0.521,8.862
2022-04-12 13:00,0.467,8.466
2022-04-12 14:00,0.342,7.521
2022-04-12 15:00,0.211,6.394
2022-04-12 16:00,0.222,6.495
2022-04-12 17:00,0.392,7.902
2022-04-12 18:00,0.605,9.495
2022-04-12 19:00,0.709,10.369
2022-04-12 20:00,0.735,10.625
2022-04-12 21:00,0.736,10.638
2022-04-12 22:00,0.749,10.773
2022-04-12 23:00,0.790,11.214
2022-04-13 00:00,0.830,11.717
2022-04-13 01:00,0.862,12.184
2022-04-13 02:00,0.898,12.837
2022-04-13 03:00,0.924,13.440
2022-04-13 04:00,0.937,13.787
2022-04-13 05:00,0.946,14.082
2022-04-13 06:00,0.949,14.169
2022-04-13 07:00,0.949,14.182
2022-04-13 08:00,0.949,14.196
2022-04-13 09:00,0.946,14.087
2022-04-13 10:00,0.927,13.513
2022-04-13 11:00,0.901,12.907
2022-04-13 12:00,0.875,12.403
2022-04-13 13:00,0.854,12.073
2022-04-13 14:00,0.860,12.148
2022-04-13 15:00,0.881,12.508
2022-04-13 16:00,0.880,12.501
2022-04-13 17:00,0.868,12.298
2022-04-13 18:00,0.904,12.961
2022-04-13 19:00,0.920,13.341
2022-04-13 20:00,0.919,13.301
2022-04-13 21:00,0.912,13.138
2022-04-13 22:00,0.907,13.044
2022-04-13 23:00,0.913,13.148
2022-04-14 00:00,0.914,13.187
2022-04-14 01:00,0.905,12.994
2022-04-14 02:00,0.891,12.698
2022-04-14 03:00,0.878,12.461
2022-04-14 04:00,0.885,12.594
2022-04-14 05:00,0.903,12.956
2022-04-14 06:00,0.917,13.274
2022-04-14 07:00,0.927,13.518
2022-04-14 08:00,0.931,13.610
2022-04-14 09:00,0.946,14.081
2022-04-14 10:00,0.946,14.066
2022-04-14 11:00,0.939,13.855
2022-04-14 12:00,0.932,13.648
2022-04-14 13:00,0.932,13.653
2022-04-14 14:00,0.929,13.571
2022-04-14 15:00,0.934,13.695
2022-04-14 16:00,0.923,13.420
2022-04-14 17:00,0.907,13.040
2022-04-14 18:00,0.885,12.591
2022-04-14 19:00,0.868,12.300
2022-04-14 20:00,0.858,12.128
2022-04-14 21:00,0.864,12.214
2022-04-14 22:00,0.873,12.369
2022-04-14 23:00,0.861,12.170
2022-04-15 00:00,0.850,12.000
2022-04-15 01:00,0.838,11.836
2022-04-15 02:00,0.826,11.660
2022-04-15 03:00,0.828,11.687
2022-04-15 04:00,0.835,11.787
2022-04-15 05:00,0.834,11.775
2022-04-15 06:00,0.835,11.786
2022-04-15 07:00,0.837,11.813
2022-04-15 08:00,0.845,11.931
2022-04-15 09:00,0.857,12.119
2022-04-15 10:00,0.860,12.154
2022-04-15 11:00,0.855,12.092
2022-04-15 12:00,0.835,11.794
2022-04-15 13:00,0.797,11.293
2022-04-15 14:00,0.760,10.869
2022-04-15 15:00,0.734,10.614
2022-04-15 16:00,0.692,10.223
2022-04-15 17:00,0.663,9.964
2022-04-15 18:00,0.647,9.838
2022-04-15 19:00,0.648,9.847
2022-04-15 20:00,0.640,9.783
2022-04-15 21:00,0.588,9.365
2022-04-15 22:00,0.475,8.512
2022-04-15 23:00,0.364,7.696
2022-04-16 00:00,0.247,6.722
2022-04-16 01:00,0.151,5.744
2022-04-16 02:00,0.089,4.914
2022-04-16 03:00,0.044,4.052
2022-04-16 04:00,0.009,2.851
2022-04-16 05:00,0,1.633
2022-04-16 06:00,0,0.932
2022-04-16 07:00,0,0.548
2022-04-16 08:00,0.003,2.335
2022-04-16 09:00,0.044,4.060
2022-04-16 10:00,0.093,4.971
2022-04-16 11:00,0.144,5.665
2022-04-16 12:00,0.203,6.310
2022-04-16 13:00,0.255,6.802
2022-04-16 14:00,0.266,6.888
2022-04-16 15:00,0.226,6.531
2022-04-16 16:00,0.187,6.150
2022-04-16 17:00,0.171,5.970
2022-04-16 18:00,0.185,6.131
2022-04-16 19:00,0.213,6.411
2022-04-16 20:00,0.236,6.622
2022-04-16 21:00,0.243,6.687
2022-04-16 22:00,0.183,6.100
2022-04-16 23:00,0.146,5.685
2022-04-17 00:00,0.146,5.685
2022-04-17 01:00,0.109,5.214
2022-04-17 02:00,0.062,4.452
2022-04-17 03:00,0.035,3.820
2022-04-17 04:00,0.021,3.403
2022-04-17 05:00,0.019,3.330
2022-04-17 06:00,0.029,3.647
2022-04-17 07:00,0.025,3.520
2022-04-17 08:00,0.019,3.309
2022-04-17 09:00,0.029,3.649
2022-04-17 10:00,0.062,4.448
2022-04-17 11:00,0.079,4.760
2022-04-17 12:00,0.100,5.077
2022-04-17 13:00,0.130,5.498
2022-04-17 14:00,0.152,5.764
2022-04-17 15:00,0.126,5.443
2022-04-17 16:00,0.120,5.367
2022-04-17 17:00,0.138,5.591
2022-04-17 18:00,0.161,5.871
2022-04-17 19:00,0.206,6.331
2022-04-17 20:00,0.203,6.315
2022-04-17 21:00,0.184,6.112
2022-04-17 22:00,0.124,5.421
2022-04-17 23:00,0.074,4.665
2022-04-18 00:00,0.075,4.691
2022-04-18 01:00,0.073,4.633
2022-04-18 02:00,0.043,4.032
2022-04-18 03:00,0.015,3.160
2022-04-18 04:00,0.005,2.473
2022-04-18 05:00,0.002,2.055
2022-04-18 06:00,0.001,1.763
2022-04-18 07:00,0.001,1.873
2022-04-18 08:00,0.002,2.137
2022-04-18 09:00,0.014,3.105
2022-04-18 10:00,0.054,4.274
2022-04-18 11:00,0.080,4.763
2022-04-18 12:00,0.106,5.170
2022-04-18 13:00,0.169,5.948
2022-04-18 14:00,0.232,6.581
2022-04-18 15:00,0.277,6.985
2022-04-18 16:00,0.286,7.068
2022-04-18 17:00,0.289,7.083
2022-04-18 18:00,0.309,7.254
2022-04-18 19:00,0.318,7.325
2022-04-18 20:00,0.299,7.178
2022-04-18 21:00,0.269,6.918
2022-04-18 22:00,0.188,6.158
2022-04-18 23:00,0.128,5.463
2022-04-19 00:00,0.096,5.019
2022-04-19 01:00,0.061,4.411
2022-04-19 02:00,0.028,3.619
2022-04-19 03:00,0.008,2.769
2022-04-19 04:00,0.001,1.877
2022-04-19 05:00,0,0.871
2022-04-19 06:00,0,0.831
2022-04-19 07:00,0.001,1.896
2022-04-19 08:00,0.009,2.813
2022-04-19 09:00,0.050,4.187
2022-04-19 10:00,0.103,5.124
2022-04-19 11:00,0.133,5.529
2022-04-19 12:00,0.143,5.657
2022-04-19 13:00,0.134,5.536
2022-04-19 14:00,0.133,5.526
2022-04-19 15:00,0.128,5.462
2022-04-19 16:00,0.132,5.520
2022-04-19 17:00,0.120,5.367
2022-04-19 18:00,0.107,5.184
2022-04-19 19:00,0.094,4.992
2022-04-19 20:00,0.075,4.680
2022-04-19 21:00,0.055,4.307
2022-04-19 22:00,0.025,3.518
2022-04-19 23:00,0.006,2.613
2022-04-20 00:00,0.007,2.678
2022-04-20 01:00,0.031,3.707
2022-04-20 02:00,0.056,4.321
2022-04-20 03:00,0.099,5.060
2022-04-20 04:00,0.175,6.008
2022-04-20 05:00,0.313,7.280
2022-04-20 06:00,0.443,8.278
2022-04-20 07:00,0.515,8.814
2022-04-20 08:00,0.537,8.978
2022-04-20 09:00,0.555,9.112
2022-04-20 10:00,0.548,9.059
2022-04-20 11:00,0.518,8.839
2022-04-20 12:00,0.444,8.290
2022-04-20 13:00,0.330,7.430
2022-04-20 14:00,0.280,7.020
2022-04-20 15:00,0.222,6.495
2022-04-20 16:00,0.151,5.747
2022-04-20 17:00,0.096,5.017
2022-04-20 18:00,0.057,4.351
2022-04-20 19:00,0.049,4.179
2022-04-20 20:00,0.076,4.705
2022-04-20 21:00,0.115,5.286
2022-04-20 22:00,0.244,6.701
2022-04-20 23:00,0.484,8.590
2022-04-21 00:00,0.510,8.774
2022-04-21 01:00,0.585,9.346
2022-04-21 02:00,0.424,8.143
2022-04-21 03:00,0.272,6.942
2022-04-21 04:00,0.178,6.048
2022-04-21 05:00,0.091,4.950
2022-04-21 06:00,0.048,4.163
2022-04-21 07:00,0.013,3.032
2022-04-21 08:00,0.001,1.923
2022-04-21 09:00,0,1.674
2022-04-21 10:00,0.001,1.938
2022-04-21 11:00,0.006,2.638
2022-04-21 12:00,0.033,3.787
2022-04-21 13:00,0.089,4.920
2022-04-21 14:00,0.165,5.913
2022-04-21 15:00,0.259,6.827
2022-04-21 16:00,0.351,7.591
2022-04-21 17:00,0.423,8.137
2022-04-21 18:00,0.472,8.500
2022-04-21 19:00,0.482,8.568
2022-04-21 20:00,0.465,8.441
2022-04-21 21:00,0.424,8.144
2022-04-21 22:00,0.396,7.940
2022-04-21 23:00,0.493,8.645
2022-04-22 00:00,0.567,9.202
2022-04-22 01:00,0.687,10.169
2022-04-22 02:00,0.772,11.008
2022-04-22 03:00,0.826,11.660
2022-04-22 04:00,0.867,12.268
2022-04-22 05:00,0.892,12.722
2022-04-22 06:00,0.901,12.896
2022-04-22 07:00,0.896,12.811
2022-04-22 08:00,0.877,12.454
2022-04-22 09:00,0.853,12.054
2022-04-22 10:00,0.822,11.598
2022-04-22 11:00,0.779,11.084
2022-04-22 12:00,0.744,10.716
2022-04-22 13:00,0.712,10.409
2022-04-22 14:00,0.645,9.819
2022-04-22 15:00,0.533,8.949
2022-04-22 16:00,0.479,8.546
2022-04-22 17:00,0.422,8.128
2022-04-22 18:00,0.336,7.474
2022-04-22 19:00,0.217,6.440
2022-04-22 20:00,0.130,5.488
2022-04-22 21:00,0.062,4.452
2022-04-22 22:00,0.020,3.346
2022-04-22 23:00,0.034,3.818
2022-04-23 00:00,0.076,4.695
2022-04-23 01:00,0.121,5.378
2022-04-23 02:00,0.177,6.038
2022-04-23 03:00,0.219,6.465
2022-04-23 04:00,0.229,6.560
2022-04-23 05:00,0.204,6.322
2022-04-23 06:00,0.158,5.826
2022-04-23 07:00,0.138,5.590
2022-04-23 08:00,0.140,5.619
2022-04-23 09:00,0.129,5.475
2022-04-23 10:00,0.114,5.279
2022-04-23 11:00,0.117,5.312
2022-04-23 12:00,0.102,5.112
2022-04-23 13:00,0.072,4.617
2022-04-23 14:00,0.063,4.465
2022-04-23 15:00,0.062,4.443
2022-04-23 16:00,0.038,3.898
2022-04-23 17:00,0.014,3.088
2022-04-23 18:00,0.002,2.147
2022-04-23 19:00,0,1.388
2022-04-23 20:00,0.001,1.721
2022-04-23 21:00,0.001,1.869
2022-04-23 22:00,0.001,1.758
2022-04-23 23:00,0,1.355
2022-04-24 00:00,0,1.126
2022-04-24 01:00,0,1.133
2022-04-24 02:00,0.001,1.848
2022-04-24 03:00,0.012,3.012
2022-04-24 04:00,0.045,4.090
2022-04-24 05:00,0.128,5.472
2022-04-24 06:00,0.248,6.727
2022-04-24 07:00,0.383,7.840
2022-04-24 08:00,0.545,9.039
2022-04-24 09:00,0.723,10.511
2022-04-24 10:00,0.792,11.231
2022-04-24 11:00,0.749,10.758
2022-04-24 12:00,0.638,9.767
2022-04-24 13:00,0.533,8.947
2022-04-24 14:00,0.484,8.583
2022-04-24 15:00,0.421,8.118
2022-04-24 16:00,0.308,7.247
2022-04-24 17:00,0.227,6.541
2022-04-24 18:00,0.152,5.758
2022-04-24 19:00,0.098,5.045
2022-04-24 20:00,0.061,4.421
2022-04-24 21:00,0.031,3.723
2022-04-24 22:00,0.009,2.829
2022-04-24 23:00,0,1.652
2022-04-25 00:00,0,0.729
2022-04-25 01:00,0.002,2.109
2022-04-25 02:00,0.017,3.248
2022-04-25 03:00,0.035,3.833
2022-04-25 04:00,0.049,4.180
2022-04-25 05:00,0.089,4.916
2022-04-25 06:00,0.122,5.387
2022-04-25 07:00,0.125,5.429
2022-04-25 08:00,0.135,5.547
2022-04-25 09:00,0.164,5.894
2022-04-25 10:00,0.210,6.372
2022-04-25 11:00,0.215,6.425
2022-04-25 12:00,0.236,6.632
2022-04-25 13:00,0.329,7.416
2022-04-25 14:00,0.534,8.961
2022-04-25 15:00,0.609,9.534
2022-04-25 16:00,0.744,10.719
2022-04-25 17:00,0.921,13.363
2022-04-25 18:00,0.934,13.698
2022-04-25 19:00,0.956,14.450
2022-04-25 20:00,0.989,17.022
2022-04-25 21:00,0.989,17.057
2022-04-25 22:00,0.982,15.922
2022-04-25 23:00,0.962,14.673
2022-04-26 00:00,0.923,13.398
2022-04-26 01:00,0.951,14.246
2022-04-26 02:00,0.945,14.041
2022-04-26 03:00,0.926,13.488
2022-04-26 04:00,0.888,12.645
2022-04-26 05:00,0.822,11.600
2022-04-26 06:00,0.722,10.497
2022-04-26 07:00,0.566,9.188
2022-04-26 08:00,0.410,8.037
2022-04-26 09:00,0.386,7.860
2022-04-26 10:00,0.454,8.364
2022-04-26 11:00,0.528,8.905
2022-04-26 12:00,0.524,8.879
2022-04-26 13:00,0.548,9.054
2022-04-26 14:00,0.605,9.497
2022-04-26 15:00,0.591,9.390
2022-04-26 16:00,0.540,8.995
2022-04-26 17:00,0.507,8.755
2022-04-26 18:00,0.489,8.622
2022-04-26 19:00,0.514,8.798
2022-04-26 20:00,0.548,9.059
2022-04-26 21:00,0.577,9.283
2022-04-26 22:00,0.717,10.453
2022-04-26 23:00,0.902,12.926
2022-04-27 00:00,0.899,12.874
2022-04-27 01:00,0.859,12.143
2022-04-27 02:00,0.823,11.626
2022-04-27 03:00,0.783,11.137
2022-04-27 04:00,0.707,10.351
2022-04-27 05:00,0.629,9.687
2022-04-27 06:00,0.573,9.241
2022-04-27 07:00,0.552,9.091
2022-04-27 08:00,0.565,9.185
2022-04-27 09:00,0.552,9.092
2022-04-27 10:00,0.588,9.367
2022-04-27 11:00,0.615,9.574
2022-04-27 12:00,0.589,9.376
2022-04-27 13:00,0.535,8.964
2022-04-27 14:00,0.417,8.081
2022-04-27 15:00,0.291,7.105
2022-04-27 16:00,0.226,6.539
2022-04-27 17:00,0.204,6.322
2022-04-27 18:00,0.210,6.372
2022-04-27 19:00,0.244,6.702
2022-04-27 20:00,0.310,7.268
2022-04-27 21:00,0.382,7.825
2022-04-27 22:00,0.439,8.253
2022-04-27 23:00,0.507,8.753
2022-04-28 00:00,0.521,8.861
2022-04-28 01:00,0.501,8.706
2022-04-28 02:00,0.478,8.535
2022-04-28 03:00,0.461,8.416
2022-04-28 04:00,0.472,8.494
2022-04-28 05:00,0.410,8.034
2022-04-28 06:00,0.407,8.017
2022-04-28 07:00,0.558,9.139
2022-04-28 08:00,0.701,10.307
2022-04-28 09:00,0.756,10.828
2022-04-28 10:00,0.810,11.457
2022-04-28 11:00,0.850,12.003
2022-04-28 12:00,0.852,12.032
2022-04-28 13:00,0.825,11.646
2022-04-28 14:00,0.801,11.336
2022-04-28 15:00,0.731,10.591
2022-04-28 16:00,0.717,10.452
2022-04-28 17:00,0.724,10.522
2022-04-28 18:00,0.809,11.447
2022-04-28 19:00,0.877,12.451
2022-04-28 20:00,0.888,12.646
2022-04-28 21:00,0.924,13.426
2022-04-28 22:00,0.974,15.326
2022-04-28 23:00,0.988,16.785
2022-04-29 00:00,0.989,17.418
2022-04-29 01:00,0.989,17.517
2022-04-29 02:00,0.989,17.573
2022-04-29 03:00,0.989,17.338
2022-04-29 04:00,0.986,16.467
2022-04-29 05:00,0.972,15.207
2022-04-29 06:00,0.961,14.640
2022-04-29 07:00,0.961,14.641
2022-04-29 08:00,0.949,14.163
2022-04-29 09:00,0.893,12.751
2022-04-29 10:00,0.820,11.585
2022-04-29 11:00,0.774,11.034
2022-04-29 12:00,0.737,10.644
2022-04-29 13:00,0.683,10.145
2022-04-29 14:00,0.622,9.633
2022-04-29 15:00,0.564,9.178
2022-04-29 16:00,0.491,8.640
2022-04-29 17:00,0.446,8.299
2022-04-29 18:00,0.359,7.646
2022-04-29 19:00,0.234,6.605
2022-04-29 20:00,0.134,5.531
2022-04-29 21:00,0.077,4.723
2022-04-29 22:00,0.057,4.338
2022-04-29 23:00,0.053,4.256
2022-04-30 00:00,0.044,4.063
2022-04-30 01:00,0.034,3.806
2022-04-30 02:00,0.023,3.456
2022-04-30 03:00,0.005,2.469
2022-04-30 04:00,0,1.165
2022-04-30 05:00,0,0.799
2022-04-30 06:00,0,0.489
2022-04-30 07:00,0,0.090
2022-04-30 08:00,0.006,2.579
2022-04-30 09:00,0.026,3.566
2022-04-30 10:00,0.069,4.574
2022-04-30 11:00,0.124,5.417
2022-04-30 12:00,0.174,6.007
2022-04-30 13:00,0.186,6.139
2022-04-30 14:00,0.184,6.111
2022-04-30 15:00,0.196,6.236
2022-04-30 16:00,0.266,6.891
2022-04-30 17:00,0.338,7.484
2022-04-30 18:00,0.431,8.194
2022-04-30 19:00,0.487,8.609
2022-04-30 20:00,0.448,8.317
2022-04-30 21:00,0.422,8.134
2022-04-30 22:00,0.387,7.863
2022-04-30 23:00,0.419,8.107
2022-05-01 00:00,0.386,7.849
2022-05-01 01:00,0.294,7.132
2022-05-01 02:00,0.200,6.279
2022-05-01 03:00,0.119,5.348
2022-05-01 04:00,0.057,4.337
2022-05-01 05:00,0.017,3.241
2022-05-01 06:00,0,1.573
2022-05-01 07:00,0.001,1.837
2022-05-01 08:00,0.019,3.328
2022-05-01 09:00,0.068,4.565
2022-05-01 10:00,0.124,5.414
2022-05-01 11:00,0.171,5.962
2022-05-01 12:00,0.234,6.601
2022-05-01 13:00,0.302,7.200
2022-05-01 14:00,0.377,7.790
2022-05-01 15:00,0.441,8.260
2022-05-01 16:00,0.508,8.758
2022-05-01 17:00,0.570,9.227
2022-05-01 18:00,0.640,9.779
2022-05-01 19:00,0.694,10.245
2022-05-01 20:00,0.696,10.264
2022-05-01 21:00,0.620,9.618
2022-05-01 22:00,0.460,8.401
2022-05-01 23:00,0.264,6.876
2022-05-02 00:00,0.112,5.254
2022-05-02 01:00,0.057,4.355
2022-05-02 02:00,0.037,3.885
2022-05-02 03:00,0.017,3.239
2022-05-02 04:00,0.003,2.285
2022-05-02 05:00,0,1.496
2022-05-02 06:00,0,1.597
2022-05-02 07:00,0.013,3.039
2022-05-02 08:00,0.076,4.704
2022-05-02 09:00,0.100,5.083
2022-05-02 10:00,0.125,5.423
2022-05-02 11:00,0.168,5.938
2022-05-02 12:00,0.210,6.379
2022-05-02 13:00,0.208,6.351
2022-05-02 14:00,0.158,5.833
2022-05-02 15:00,0.096,5.019
2022-05-02 16:00,0.041,3.993
2022-05-02 17:00,0.012,3.000
2022-05-02 18:00,0.002,2.031
2022-05-02 19:00,0,1.376
2022-05-02 20:00,0,1.325
2022-05-02 21:00,0,1.413
2022-05-02 22:00,0,1.236
2022-05-02 23:00,0,1.407
2022-05-03 00:00,0.001,1.758
2022-05-03 01:00,0.003,2.232
2022-05-03 02:00,0.014,3.099
2022-05-03 03:00,0.060,4.387
2022-05-03 04:00,0.164,5.904
2022-05-03 05:00,0.308,7.247
2022-05-03 06:00,0.454,8.370
2022-05-03 07:00,0.571,9.232
2022-05-03 08:00,0.634,9.731
2022-05-03 09:00,0.691,10.220
2022-05-03 10:00,0.737,10.644
2022-05-03 11:00,0.733,10.605
2022-05-03 12:00,0.706,10.346
2022-05-03 13:00,0.673,10.060
2022-05-03 14:00,0.647,9.839
2022-05-03 15:00,0.602,9.474
2022-05-03 16:00,0.534,8.954
2022-05-03 17:00,0.462,8.418
2022-05-03 18:00,0.407,8.011
2022-05-03 19:00,0.374,7.770
2022-05-03 20:00,0.362,7.671
2022-05-03 21:00,0.328,7.399
2022-05-03 22:00,0.278,6.998
2022-05-03 23:00,0.302,7.202
2022-05-04 00:00,0.353,7.603
2022-05-04 01:00,0.395,7.923
2022-05-04 02:00,0.440,8.255
2022-05-04 03:00,0.494,8.656
2022-05-04 04:00,0.545,9.033
2022-05-04 05:00,0.599,9.450
2022-05-04 06:00,0.640,9.784
2022-05-04 07:00,0.660,9.944
2022-05-04 08:00,0.651,9.868
2022-05-04 09:00,0.665,9.994
2022-05-04 10:00,0.700,10.295
2022-05-04 11:00,0.675,10.074
2022-05-04 12:00,0.621,9.629
2022-05-04 13:00,0.555,9.116
2022-05-04 14:00,0.488,8.613
2022-05-04 15:00,0.442,8.274
2022-05-04 16:00,0.400,7.967
2022-05-04 17:00,0.344,7.533
2022-05-04 18:00,0.297,7.160
2022-05-04 19:00,0.274,6.961
2022-05-04 20:00,0.264,6.878
2022-05-04 21:00,0.222,6.485
2022-05-04 22:00,0.142,5.647
2022-05-04 23:00,0.138,5.591
2022-05-05 00:00,0.170,5.955
2022-05-05 01:00,0.197,6.251
2022-05-05 02:00,0.213,6.407
2022-05-05 03:00,0.228,6.556
2022-05-05 04:00,0.264,6.876
2022-05-05 05:00,0.320,7.346
2022-05-05 06:00,0.395,7.919
2022-05-05 07:00,0.444,8.287
2022-05-05 08:00,0.418,8.096
2022-05-05 09:00,0.361,7.659
2022-05-05 10:00,0.340,7.503
2022-05-05 11:00,0.324,7.377
2022-05-05 12:00,0.291,7.107
2022-05-05 13:00,0.246,6.718
2022-05-05 14:00,0.203,6.312
2022-05-05 15:00,0.159,5.839
2022-05-05 16:00,0.109,5.203
2022-05-05 17:00,0.062,4.439
2022-05-05 18:00,0.029,3.668
2022-05-05 19:00,0.013,3.054
2022-05-05 20:00,0.007,2.672
2022-05-05 21:00,0.005,2.468
2022-05-05 22:00,0.002,2.179
2022-05-05 23:00,0.001,1.932
2022-05-06 00:00,0.002,2.030
2022-05-06 01:00,0.002,2.111
2022-05-06 02:00,0.005,2.544
2022-05-06 03:00,0.024,3.480
2022-05-06 04:00,0.073,4.634
2022-05-06 05:00,0.122,5.388
2022-05-06 06:00,0.151,5.748
2022-05-06 07:00,0.181,6.075
2022-05-06 08:00,0.228,6.556
2022-05-06 09:00,0.274,6.957
2022-05-06 10:00,0.321,7.347
2022-05-06 11:00,0.335,7.470
2022-05-06 12:00,0.332,7.437
2022-05-06 13:00,0.337,7.480
2022-05-06 14:00,0.335,7.471
2022-05-06 15:00,0.322,7.360
2022-05-06 16:00,0.302,7.204
2022-05-06 17:00,0.270,6.929
2022-05-06 18:00,0.208,6.357
2022-05-06 19:00,0.172,5.975
2022-05-06 20:00,0.146,5.690
2022-05-06 21:00,0.110,5.224
2022-05-06 22:00,0.065,4.493
2022-05-06 23:00,0.062,4.436
2022-05-07 00:00,0.078,4.729
2022-05-07 01:00,0.082,4.797
2022-05-07 02:00,0.073,4.640
2022-05-07 03:00,0.052,4.232
2022-05-07 04:00,0.039,3.936
2022-05-07 05:00,0.031,3.724
2022-05-07 06:00,0.028,3.629
2022-05-07 07:00,0.138,5.585
2022-05-07 08:00,0.474,8.506
2022-05-07 09:00,0.815,11.513
2022-05-07 10:00,0.902,12.930
2022-05-07 11:00,0.886,12.617
2022-05-07 12:00,0.869,12.318
2022-05-07 13:00,0.866,12.258
2022-05-07 14:00,0.866,12.261
2022-05-07 15:00,0.858,12.134
2022-05-07 16:00,0.852,12.034
2022-05-07 17:00,0.835,11.788
2022-05-07 18:00,0.791,11.230
2022-05-07 19:00,0.756,10.836
2022-05-07 20:00,0.717,10.450
2022-05-07 21:00,0.643,9.804
2022-05-07 22:00,0.596,9.420
2022-05-07 23:00,0.555,9.112
2022-05-08 00:00,0.499,8.699
2022-05-08 01:00,0.466,8.456
2022-05-08 02:00,0.410,8.037
2022-05-08 03:00,0.327,7.398
2022-05-08 04:00,0.268,6.911
2022-05-08 05:00,0.231,6.576
2022-05-08 06:00,0.215,6.429
2022-05-08 07:00,0.235,6.613
2022-05-08 08:00,0.299,7.174
2022-05-08 09:00,0.377,7.782
2022-05-08 10:00,0.447,8.312
2022-05-08 11:00,0.465,8.441
2022-05-08 12:00,0.446,8.303
2022-05-08 13:00,0.390,7.887
2022-05-08 14:00,0.347,7.563
2022-05-08 15:00,0.353,7.598
2022-05-08 16:00,0.392,7.901
2022-05-08 17:00,0.466,8.455
2022-05-08 18:00,0.559,9.142
2022-05-08 19:00,0.630,9.692
2022-05-08 20:00,0.660,9.938
2022-05-08 21:00,0.610,9.538
2022-05-08 22:00,0.513,8.797
2022-05-08 23:00,0.455,8.373
2022-05-09 00:00,0.430,8.187
2022-05-09 01:00,0.450,8.336
2022-05-09 02:00,0.499,8.687
2022-05-09 03:00,0.548,9.061
2022-05-09 04:00,0.581,9.313
2022-05-09 05:00,0.594,9.410
2022-05-09 06:00,0.603,9.483
2022-05-09 07:00,0.604,9.485
2022-05-09 08:00,0.576,9.274
2022-05-09 09:00,0.545,9.035
2022-05-09 10:00,0.567,9.205
2022-05-09 11:00,0.613,9.564
2022-05-09 12:00,0.653,9.888
2022-05-09 13:00,0.663,9.964
2022-05-09 14:00,0.662,9.955
2022-05-09 15:00,0.677,10.081
2022-05-09 16:00,0.708,10.363
2022-05-09 17:00,0.716,10.439
2022-05-09 18:00,0.707,10.355
2022-05-09 19:00,0.683,10.142
2022-05-09 20:00,0.659,9.934
2022-05-09 21:00,0.626,9.664
2022-05-09 22:00,0.562,9.164
2022-05-09 23:00,0.561,9.159
2022-05-10 00:00,0.587,9.361
2022-05-10 01:00,0.575,9.259
2022-05-10 02:00,0.528,8.900
2022-05-10 03:00,0.506,8.748
2022-05-10 04:00,0.498,8.686
2022-05-10 05:00,0.502,8.710
2022-05-10 06:00,0.499,8.690
2022-05-10 07:00,0.461,8.415
2022-05-10 08:00,0.372,7.754
2022-05-10 09:00,0.291,7.105
2022-05-10 10:00,0.252,6.777
2022-05-10 11:00,0.177,6.041
2022-05-10 12:00,0.117,5.318
2022-05-10 13:00,0.067,4.532
2022-05-10 14:00,0.031,3.727
2022-05-10 15:00,0.015,3.150
2022-05-10 16:00,0.006,2.553
2022-05-10 17:00,0.001,1.892
2022-05-10 18:00,0,1.667
2022-05-10 19:00,0.001,1.729
2022-05-10 20:00,0.001,1.790
2022-05-10 21:00,0.001,1.797
2022-05-10 22:00,0,1.579
2022-05-10 23:00,0,1.172
2022-05-11 00:00,0,0.776
2022-05-11 01:00,0,1.158
2022-05-11 02:00,0,1.392
2022-05-11 03:00,0.001,1.774
2022-05-11 04:00,0.003,2.267
2022-05-11 05:00,0.005,2.506
2022-05-11 06:00,0.006,2.585
2022-05-11 07:00,0.007,2.658
2022-05-11 08:00,0.007,2.676
2022-05-11 09:00,0.015,3.158
2022-05-11 10:00,0.046,4.109
2022-05-11 11:00,0.087,4.881
2022-05-11 12:00,0.121,5.371
2022-05-11 13:00,0.128,5.456
2022-05-11 14:00,0.117,5.315
2022-05-11 15:00,0.097,5.036
2022-05-11 16:00,0.069,4.570
2022-05-11 17:00,0.026,3.566
2022-05-11 18:00,0.003,2.319
2022-05-11 19:00,0.001,1.936
2022-05-11 20:00,0.004,2.409
2022-05-11 21:00,0.014,3.089
2022-05-11 22:00,0.028,3.628
2022-05-11 23:00,0.048,4.142
2022-05-12 00:00,0.081,4.778
2022-05-12 01:00,0.145,5.683
2022-05-12 02:00,0.222,6.485
2022-05-12 03:00,0.274,6.969
2022-05-12 04:00,0.305,7.222
2022-05-12 05:00,0.324,7.372
2022-05-12 06:00,0.353,7.598
2022-05-12 07:00,0.395,7.931
2022-05-12 08:00,0.434,8.221
2022-05-12 09:00,0.450,8.328
2022-05-12 10:00,0.426,8.151
2022-05-12 11:00,0.429,8.176
2022-05-12 12:00,0.453,8.360
2022-05-12 13:00,0.463,8.425
2022-05-12 14:00,0.446,8.298
2022-05-12 15:00,0.423,8.140
2022-05-12 16:00,0.450,8.325
2022-05-12 17:00,0.484,8.581
2022-05-12 18:00,0.507,8.754
2022-05-12 19:00,0.524,8.880
2022-05-12 20:00,0.502,8.720
2022-05-12 21:00,0.456,8.383
2022-05-12 22:00,0.403,7.986
2022-05-12 23:00,0.408,8.025
2022-05-13 00:00,0.496,8.666
2022-05-13 01:00,0.534,8.959
2022-05-13 02:00,0.497,8.680
2022-05-13 03:00,0.459,8.397
2022-05-13 04:00,0.412,8.051
2022-05-13 05:00,0.345,7.544
2022-05-13 06:00,0.290,7.097
2022-05-13 07:00,0.300,7.181
2022-05-13 08:00,0.328,7.405
2022-05-13 09:00,0.422,8.123
2022-05-13 10:00,0.487,8.609
2022-05-13 11:00,0.484,8.588
2022-05-13 12:00,0.466,8.453
2022-05-13 13:00,0.468,8.470
2022-05-13 14:00,0.475,8.520
2022-05-13 15:00,0.503,8.726
2022-05-13 16:00,0.461,8.414
2022-05-13 17:00,0.400,7.963
2022-05-13 18:00,0.336,7.478
2022-05-13 19:00,0.218,6.456
2022-05-13 20:00,0.094,4.996
2022-05-13 21:00,0.031,3.727
2022-05-13 22:00,0.028,3.635
2022-05-13 23:00,0.062,4.450
2022-05-14 00:00,0.106,5.169
2022-05-14 01:00,0.114,5.273
2022-05-14 02:00,0.102,5.115
2022-05-14 03:00,0.080,4.768
2022-05-14 04:00,0.081,4.776
2022-05-14 05:00,0.152,5.765
2022-05-14 06:00,0.244,6.697
2022-05-14 07:00,0.342,7.516
2022-05-14 08:00,0.383,7.836
2022-05-14 09:00,0.429,8.181
2022-05-14 10:00,0.601,9.457
2022-05-14 11:00,0.707,10.361
2022-05-14 12:00,0.722,10.499
2022-05-14 13:00,0.768,10.969
2022-05-14 14:00,0.751,10.789
2022-05-14 15:00,0.754,10.818
2022-05-14 16:00,0.723,10.515
2022-05-14 17:00,0.665,9.990
2022-05-14 18:00,0.640,9.782
2022-05-14 19:00,0.633,9.719
2022-05-14 20:00,0.608,9.526
2022-05-14 21:00,0.521,8.859
2022-05-14 22:00,0.396,7.933
2022-05-14 23:00,0.372,7.751
2022-05-15 00:00,0.277,6.988
2022-05-15 01:00,0.183,6.098
2022-05-15 02:00,0.105,5.162
2022-05-15 03:00,0.047,4.116
2022-05-15 04:00,0.009,2.827
2022-05-15 05:00,0.002,2.180
2022-05-15 06:00,0,1.566
2022-05-15 07:00,0,0.989
2022-05-15 08:00,0.011,2.940
2022-05-15 09:00,0.038,3.895
2022-05-15 10:00,0.056,4.330
2022-05-15 11:00,0.052,4.243
2022-05-15 12:00,0.049,4.182
2022-05-15 13:00,0.060,4.393
2022-05-15 14:00,0.076,4.693
2022-05-15 15:00,0.083,4.803
2022-05-15 16:00,0.091,4.949
2022-05-15 17:00,0.102,5.116
2022-05-15 18:00,0.103,5.131
2022-05-15 19:00,0.121,5.370
2022-05-15 20:00,0.138,5.578
2022-05-15 21:00,0.155,5.792
2022-05-15 22:00,0.144,5.664
2022-05-15 23:00,0.128,5.460
2022-05-16 00:00,0.079,4.746
2022-05-16 01:00,0.037,3.879
2022-05-16 02:00,0.011,2.930
2022-05-16 03:00,0.001,1.801
2022-05-16 04:00,0,1.405
2022-05-16 05:00,0.010,2.892
2022-05-16 06:00,0.075,4.681
2022-05-16 07:00,0.215,6.423
2022-05-16 08:00,0.404,7.994
2022-05-16 09:00,0.569,9.219
2022-05-16 10:00,0.649,9.855
2022-05-16 11:00,0.628,9.677
2022-05-16 12:00,0.576,9.272
2022-05-16 13:00,0.511,8.782
2022-05-16 14:00,0.424,8.144
2022-05-16 15:00,0.319,7.341
2022-05-16 16:00,0.224,6.515
2022-05-16 17:00,0.172,5.980
2022-05-16 18:00,0.138,5.578
2022-05-16 19:00,0.095,5.006
2022-05-16 20:00,0.056,4.326
2022-05-16 21:00,0.036,3.864
2022-05-16 22:00,0.019,3.332
2022-05-16 23:00,0.012,2.981
2022-05-17 00:00,0.018,3.274
2022-05-17 01:00,0.025,3.544
2022-05-17 02:00,0.031,3.703
2022-05-17 03:00,0.044,4.071
2022-05-17 04:00,0.080,4.764
2022-05-17 05:00,0.143,5.658
2022-05-17 06:00,0.242,6.684
2022-05-17 07:00,0.380,7.815
2022-05-17 08:00,0.545,9.032
2022-05-17 09:00,0.660,9.945
2022-05-17 10:00,0.693,10.238
2022-05-17 11:00,0.648,9.846
2022-05-17 12:00,0.587,9.362
2022-05-17 13:00,0.542,9.018
2022-05-17 14:00,0.494,8.658
2022-05-17 15:00,0.441,8.269
2022-05-17 16:00,0.392,7.902
2022-05-17 17:00,0.349,7.573
2022-05-17 18:00,0.310,7.270
2022-05-17 19:00,0.272,6.939
2022-05-17 20:00,0.234,6.611
2022-05-17 21:00,0.197,6.248
2022-05-17 22:00,0.180,6.070
2022-05-17 23:00,0.215,6.418
2022-05-18 00:00,0.278,7.002
2022-05-18 01:00,0.313,7.282
2022-05-18 02:00,0.358,7.639
2022-05-18 03:00,0.437,8.235
2022-05-18 04:00,0.532,8.941
2022-05-18 05:00,0.630,9.691
2022-05-18 06:00,0.709,10.371
2022-05-18 07:00,0.769,10.975
2022-05-18 08:00,0.802,11.358
2022-05-18 09:00,0.795,11.272
2022-05-18 10:00,0.802,11.348
2022-05-18 11:00,0.796,11.276
2022-05-18 12:00,0.770,10.983
2022-05-18 13:00,0.749,10.768
2022-05-18 14:00,0.732,10.596
2022-05-18 15:00,0.686,10.167
2022-05-18 16:00,0.616,9.589
2022-05-18 17:00,0.583,9.327
2022-05-18 18:00,0.550,9.081
2022-05-18 19:00,0.484,8.580
2022-05-18 20:00,0.412,8.052
2022-05-18 21:00,0.327,7.398
2022-05-18 22:00,0.237,6.637
2022-05-18 23:00,0.192,6.200
2022-05-19 00:00,0.275,6.972
2022-05-19 01:00,0.376,7.776
2022-05-19 02:00,0.419,8.104
2022-05-19 03:00,0.496,8.668
2022-05-19 04:00,0.531,8.934
2022-05-19 05:00,0.502,8.717
2022-05-19 06:00,0.404,7.992
2022-05-19 07:00,0.328,7.401
2022-05-19 08:00,0.289,7.087
2022-05-19 09:00,0.311,7.271
2022-05-19 10:00,0.395,7.919
2022-05-19 11:00,0.434,8.219
2022-05-19 12:00,0.461,8.414
2022-05-19 13:00,0.429,8.184
2022-05-19 14:00,0.396,7.937
2022-05-19 15:00,0.369,7.730
2022-05-19 16:00,0.327,7.394
2022-05-19 17:00,0.266,6.901
2022-05-19 18:00,0.204,6.322
2022-05-19 19:00,0.172,5.983
2022-05-19 20:00,0.149,5.725
2022-05-19 21:00,0.106,5.174
2022-05-19 22:00,0.051,4.216
2022-05-19 23:00,0.018,3.288
2022-05-20 00:00,0.021,3.399
2022-05-20 01:00,0.044,4.057
2022-05-20 02:00,0.076,4.697
2022-05-20 03:00,0.092,4.963
2022-05-20 04:00,0.117,5.308
2022-05-20 05:00,0.185,6.129
2022-05-20 06:00,0.315,7.308
2022-05-20 07:00,0.473,8.505
2022-05-20 08:00,0.607,9.507
2022-05-20 09:00,0.685,10.162
2022-05-20 10:00,0.702,10.316
2022-05-20 11:00,0.679,10.101
2022-05-20 12:00,0.599,9.441
2022-05-20 13:00,0.497,8.678
2022-05-20 14:00,0.378,7.798
2022-05-20 15:00,0.297,7.149
2022-05-20 16:00,0.223,6.509
2022-05-20 17:00,0.156,5.801
2022-05-20 18:00,0.126,5.444
2022-05-20 19:00,0.120,5.365
2022-05-20 20:00,0.131,5.504
2022-05-20 21:00,0.101,5.100
2022-05-20 22:00,0.047,4.122
2022-05-20 23:00,0.048,4.134
2022-05-21 00:00,0.037,3.877
2022-05-21 01:00,0.018,3.272
2022-05-21 02:00,0.006,2.628
2022-05-21 03:00,0.001,1.802
2022-05-21 04:00,0,1.346
2022-05-21 05:00,0,1.306
2022-05-21 06:00,0,1.586
2022-05-21 07:00,0.013,3.038
2022-05-21 08:00,0.059,4.375
2022-05-21 09:00,0.138,5.597
2022-05-21 10:00,0.187,6.147
2022-05-21 11:00,0.200,6.285
2022-05-21 12:00,0.267,6.905
2022-05-21 13:00,0.366,7.708
2022-05-21 14:00,0.460,8.409
2022-05-21 15:00,0.485,8.594
2022-05-21 16:00,0.455,8.376
2022-05-21 17:00,0.407,8.013
2022-05-21 18:00,0.346,7.555
2022-05-21 19:00,0.289,7.080
2022-05-21 20:00,0.266,6.900
2022-05-21 21:00,0.222,6.498
2022-05-21 22:00,0.185,6.128
2022-05-21 23:00,0.229,6.560
2022-05-22 00:00,0.297,7.158
2022-05-22 01:00,0.308,7.246
2022-05-22 02:00,0.256,6.811
2022-05-22 03:00,0.183,6.109
2022-05-22 04:00,0.099,5.065
2022-05-22 05:00,0.045,4.091
2022-05-22 06:00,0.032,3.741
2022-05-22 07:00,0.029,3.664
2022-05-22 08:00,0.023,3.454
2022-05-22 09:00,0.026,3.572
2022-05-22 10:00,0.050,4.193
2022-05-22 11:00,0.072,4.625
2022-05-22 12:00,0.160,5.856
2022-05-22 13:00,0.183,6.096
2022-05-22 14:00,0.148,5.712
2022-05-22 15:00,0.091,4.944
2022-05-22 16:00,0.043,4.034
2022-05-22 17:00,0.024,3.512
2022-05-22 18:00,0.020,3.336
2022-05-22 19:00,0.014,3.109
2022-05-22 20:00,0.009,2.802
2022-05-22 21:00,0.004,2.373
2022-05-22 22:00,0.001,1.773
2022-05-22 23:00,0,1.567
2022-05-23 00:00,0,1.535
2022-05-23 01:00,0.001,1.777
2022-05-23 02:00,0.003,2.317
2022-05-23 03:00,0.008,2.724
2022-05-23 04:00,0.013,3.026
2022-05-23 05:00,0.024,3.512
2022-05-23 06:00,0.050,4.203
2022-05-23 07:00,0.099,5.051
2022-05-23 08:00,0.175,6.015
2022-05-23 09:00,0.222,6.484
2022-05-23 10:00,0.232,6.581
2022-05-23 11:00,0.229,6.560
2022-05-23 12:00,0.222,6.483
2022-05-23 13:00,0.204,6.318
2022-05-23 14:00,0.166,5.918
2022-05-23 15:00,0.122,5.386
2022-05-23 16:00,0.085,4.844
2022-05-23 17:00,0.056,4.315
2022-05-23 18:00,0.036,3.860
2022-05-23 19:00,0.030,3.685
2022-05-23 20:00,0.031,3.724
2022-05-23 21:00,0.026,3.552
2022-05-23 22:00,0.009,2.830
2022-05-23 23:00,0.004,2.365
2022-05-24 00:00,0.001,1.863
2022-05-24 01:00,0.001,1.711
2022-05-24 02:00,0.006,2.561
2022-05-24 03:00,0.027,3.594
2022-05-24 04:00,0.053,4.263
2022-05-24 05:00,0.065,4.510
2022-05-24 06:00,0.070,4.589
2022-05-24 07:00,0.068,4.552
2022-05-24 08:00,0.064,4.486
2022-05-24 09:00,0.063,4.460
2022-05-24 10:00,0.067,4.532
2022-05-24 11:00,0.069,4.583
2022-05-24 12:00,0.065,4.507
2022-05-24 13:00,0.059,4.381
2022-05-24 14:00,0.061,4.411
2022-05-24 15:00,0.094,4.995
2022-05-24 16:00,0.160,5.855
2022-05-24 17:00,0.203,6.313
2022-05-24 18:00,0.189,6.163
2022-05-24 19:00,0.142,5.639
2022-05-24 20:00,0.100,5.087
2022-05-24 21:00,0.062,4.448
2022-05-24 22:00,0.041,3.988
2022-05-24 23:00,0.035,3.842
2022-05-25 00:00,0.035,3.840
2022-05-25 01:00,0.062,4.448
2022-05-25 02:00,0.138,5.594
2022-05-25 03:00,0.226,6.535
2022-05-25 04:00,0.302,7.199
2022-05-25 05:00,0.377,7.792
2022-05-25 06:00,0.472,8.495
2022-05-25 07:00,0.591,9.391
2022-05-25 08:00,0.685,10.162
2022-05-25 09:00,0.719,10.473
2022-05-25 10:00,0.736,10.639
2022-05-25 11:00,0.740,10.682
2022-05-25 12:00,0.738,10.649
2022-05-25 13:00,0.727,10.550
2022-05-25 14:00,0.681,10.129
2022-05-25 15:00,0.608,9.516
2022-05-25 16:00,0.524,8.885
2022-05-25 17:00,0.449,8.324
2022-05-25 18:00,0.429,8.181
2022-05-25 19:00,0.450,8.338
2022-05-25 20:00,0.421,8.115
2022-05-25 21:00,0.330,7.425
2022-05-25 22:00,0.240,6.660
2022-05-25 23:00,0.179,6.057
2022-05-26 00:00,0.109,5.210
2022-05-26 01:00,0.051,4.210
2022-05-26 02:00,0.016,3.180
2022-05-26 03:00,0.005,2.527
2022-05-26 04:00,0.009,2.837
2022-05-26 05:00,0.038,3.907
2022-05-26 06:00,0.079,4.751
2022-05-26 07:00,0.125,5.424
2022-05-26 08:00,0.166,5.923
2022-05-26 09:00,0.220,6.473
2022-05-26 10:00,0.259,6.829
2022-05-26 11:00,0.224,6.511
2022-05-26 12:00,0.179,6.057
2022-05-26 13:00,0.174,6.005
2022-05-26 14:00,0.172,5.986
2022-05-26 15:00,0.145,5.677
2022-05-26 16:00,0.116,5.299
2022-05-26 17:00,0.116,5.294
2022-05-26 18:00,0.149,5.732
2022-05-26 19:00,0.232,6.579
2022-05-26 20:00,0.333,7.454
2022-05-26 21:00,0.380,7.814
2022-05-26 22:00,0.447,8.312
2022-05-26 23:00,0.640,9.784
2022-05-27 00:00,0.763,10.901
2022-05-27 01:00,0.821,11.591
2022-05-27 02:00,0.866,12.256
2022-05-27 03:00,0.889,12.667
2022-05-27 04:00,0.906,13.004
2022-05-27 05:00,0.920,13.342
2022-05-27 06:00,0.915,13.218
2022-05-27 07:00,0.906,13.021
2022-05-27 08:00,0.887,12.624
2022-05-27 09:00,0.860,12.160
2022-05-27 10:00,0.841,11.870
2022-05-27 11:00,0.788,11.186
2022-05-27 12:00,0.711,10.395
2022-05-27 13:00,0.652,9.881
2022-05-27 14:00,0.625,9.653
2022-05-27 15:00,0.548,9.063
2022-05-27 16:00,0.404,7.991
2022-05-27 17:00,0.307,7.237
2022-05-27 18:00,0.276,6.980
2022-05-27 19:00,0.297,7.157
2022-05-27 20:00,0.321,7.357
2022-05-27 21:00,0.303,7.213
2022-05-27 22:00,0.259,6.832
2022-05-27 23:00,0.289,7.094
2022-05-28 00:00,0.325,7.384
2022-05-28 01:00,0.302,7.202
2022-05-28 02:00,0.268,6.913
2022-05-28 03:00,0.297,7.152
2022-05-28 04:00,0.413,8.064
2022-05-28 05:00,0.541,9.005
2022-05-28 06:00,0.625,9.659
2022-05-28 07:00,0.672,10.047
2022-05-28 08:00,0.690,10.205
2022-05-28 09:00,0.739,10.671
2022-05-28 10:00,0.784,11.144
2022-05-28 11:00,0.785,11.154
2022-05-28 12:00,0.749,10.764
2022-05-28 13:00,0.693,10.234
2022-05-28 14:00,0.649,9.856
2022-05-28 15:00,0.576,9.274
2022-05-28 16:00,0.497,8.677
2022-05-28 17:00,0.401,7.975
2022-05-28 18:00,0.286,7.069
2022-05-28 19:00,0.208,6.355
2022-05-28 20:00,0.174,6.002
2022-05-28 21:00,0.127,5.448
2022-05-28 22:00,0.077,4.709
2022-05-28 23:00,0.071,4.606
2022-05-29 00:00,0.092,4.968
2022-05-29 01:00,0.101,5.095
2022-05-29 02:00,0.125,5.423
2022-05-29 03:00,0.172,5.980
2022-05-29 04:00,0.227,6.539
2022-05-29 05:00,0.259,6.827
2022-05-29 06:00,0.246,6.709
2022-05-29 07:00,0.200,6.277
2022-05-29 08:00,0.136,5.564
2022-05-29 09:00,0.083,4.804
2022-05-29 10:00,0.065,4.495
2022-05-29 11:00,0.071,4.610
2022-05-29 12:00,0.052,4.240
2022-05-29 13:00,0.038,3.918
2022-05-29 14:00,0.040,3.961
2022-05-29 15:00,0.035,3.842
2022-05-29 16:00,0.019,3.329
2022-05-29 17:00,0.005,2.530
2022-05-29 18:00,0,1.689
2022-05-29 19:00,0,1.282
2022-05-29 20:00,0,1.488
2022-05-29 21:00,0.002,2.037
2022-05-29 22:00,0.003,2.305
2022-05-29 23:00,0.008,2.769
2022-05-30 00:00,0.010,2.887
2022-05-30 01:00,0.007,2.655
2022-05-30 02:00,0.002,2.149
2022-05-30 03:00,0,1.472
2022-05-30 04:00,0,0.604
2022-05-30 05:00,0,0.952
2022-05-30 06:00,0,1.067
2022-05-30 07:00,0,0.869
2022-05-30 08:00,0,0.322
2022-05-30 09:00,0,1.349
2022-05-30 10:00,0.006,2.569
2022-05-30 11:00,0.018,3.265
2022-05-30 12:00,0.034,3.818
2022-05-30 13:00,0.066,4.523
2022-05-30 14:00,0.124,5.417
2022-05-30 15:00,0.172,5.986
2022-05-30 16:00,0.229,6.565
2022-05-30 17:00,0.296,7.146
2022-05-30 18:00,0.368,7.727
2022-05-30 19:00,0.389,7.879
2022-05-30 20:00,0.370,7.733
2022-05-30 21:00,0.284,7.050
2022-05-30 22:00,0.242,6.679
2022-05-30 23:00,0.256,6.810
2022-05-31 00:00,0.220,6.471
2022-05-31 01:00,0.162,5.874
2022-05-31 02:00,0.074,4.649
2022-05-31 03:00,0.011,2.951
2022-05-31 04:00,0.001,1.986
2022-05-31 05:00,0.001,1.987
2022-05-31 06:00,0.052,4.251
2022-05-31 07:00,0.169,5.950
2022-05-31 08:00,0.351,7.591
2022-05-31 09:00,0.476,8.525
2022-05-31 10:00,0.514,8.802
2022-05-31 11:00,0.494,8.652
2022-05-31 12:00,0.474,8.505
2022-05-31 13:00,0.404,7.994
2022-05-31 14:00,0.287,7.075
2022-05-31 15:00,0.213,6.410
2022-05-31 16:00,0.167,5.929
2022-05-31 17:00,0.141,5.625
2022-05-31 18:00,0.115,5.285
2022-05-31 19:00,0.088,4.899
2022-05-31 20:00,0.057,4.339
2022-05-31 21:00,0.029,3.646
2022-05-31 22:00,0.010,2.862
2022-05-31 23:00,0.004,2.392
2022-06-01 00:00,0.012,2.997
2022-06-01 01:00,0.034,3.801
2022-06-01 02:00,0.056,4.315
2022-06-01 03:00,0.072,4.629
2022-06-01 04:00,0.108,5.191
2022-06-01 05:00,0.172,5.980
2022-06-01 06:00,0.272,6.947
2022-06-01 07:00,0.356,7.621
2022-06-01 08:00,0.404,7.990
2022-06-01 09:00,0.484,8.576
2022-06-01 10:00,0.599,9.450
2022-06-01 11:00,0.655,9.899
2022-06-01 12:00,0.637,9.758
2022-06-01 13:00,0.587,9.358
2022-06-01 14:00,0.534,8.957
2022-06-01 15:00,0.485,8.598
2022-06-01 16:00,0.429,8.185
2022-06-01 17:00,0.371,7.744
2022-06-01 18:00,0.302,7.200
2022-06-01 19:00,0.233,6.593
2022-06-01 20:00,0.179,6.052
2022-06-01 21:00,0.115,5.289
2022-06-01 22:00,0.079,4.755
2022-06-01 23:00,0.071,4.609
2022-06-02 00:00,0.060,4.395
2022-06-02 01:00,0.057,4.351
2022-06-02 02:00,0.079,4.749
2022-06-02 03:00,0.151,5.754
2022-06-02 04:00,0.266,6.893
2022-06-02 05:00,0.399,7.959
2022-06-02 06:00,0.523,8.877
2022-06-02 07:00,0.613,9.565
2022-06-02 08:00,0.663,9.974
2022-06-02 09:00,0.683,10.144
2022-06-02 10:00,0.653,9.889
2022-06-02 11:00,0.595,9.418
2022-06-02 12:00,0.548,9.064
2022-06-02 13:00,0.508,8.756
2022-06-02 14:00,0.460,8.411
2022-06-02 15:00,0.438,8.247
2022-06-02 16:00,0.398,7.952
2022-06-02 17:00,0.361,7.664
2022-06-02 18:00,0.327,7.395
2022-06-02 19:00,0.293,7.119
2022-06-02 20:00,0.266,6.898
2022-06-02 21:00,0.202,6.305
2022-06-02 22:00,0.143,5.659
2022-06-02 23:00,0.199,6.274
2022-06-03 00:00,0.257,6.814
2022-06-03 01:00,0.304,7.216
2022-06-03 02:00,0.356,7.621
2022-06-03 03:00,0.395,7.926
2022-06-03 04:00,0.430,8.189
2022-06-03 05:00,0.460,8.405
2022-06-03 06:00,0.485,8.593
2022-06-03 07:00,0.502,8.718
2022-06-03 08:00,0.485,8.595
2022-06-03 09:00,0.432,8.203
2022-06-03 10:00,0.446,8.304
2022-06-03 11:00,0.566,9.189
2022-06-03 12:00,0.625,9.652
2022-06-03 13:00,0.579,9.297
2022-06-03 14:00,0.515,8.814
2022-06-03 15:00,0.497,8.678
2022-06-03 16:00,0.484,8.578
2022-06-03 17:00,0.475,8.511
2022-06-03 18:00,0.450,8.325
2022-06-03 19:00,0.418,8.096
2022-06-03 20:00,0.402,7.981
2022-06-03 21:00,0.380,7.816
2022-06-03 22:00,0.352,7.595
2022-06-03 23:00,0.276,6.979
2022-06-04 00:00,0.218,6.454
2022-06-04 01:00,0.224,6.515
2022-06-04 02:00,0.272,6.947
2022-06-04 03:00,0.304,7.219
2022-06-04 04:00,0.313,7.287
2022-06-04 05:00,0.319,7.330
2022-06-04 06:00,0.337,7.481
2022-06-04 07:00,0.396,7.939
2022-06-04 08:00,0.455,8.372
2022-06-04 09:00,0.485,8.591
2022-06-04 10:00,0.478,8.538
2022-06-04 11:00,0.419,8.099
2022-06-04 12:00,0.401,7.971
2022-06-04 13:00,0.409,8.029
2022-06-04 14:00,0.417,8.083
2022-06-04 15:00,0.413,8.058
2022-06-04 16:00,0.358,7.641
2022-06-04 17:00,0.296,7.142
2022-06-04 18:00,0.259,6.836
2022-06-04 19:00,0.219,6.459
2022-06-04 20:00,0.194,6.208
2022-06-04 21:00,0.179,6.055
2022-06-04 22:00,0.124,5.409
2022-06-04 23:00,0.033,3.790
2022-06-05 00:00,0.044,4.064
2022-06-05 01:00,0.091,4.939
2022-06-05 02:00,0.102,5.113
2022-06-05 03:00,0.173,6.001
2022-06-05 04:00,0.237,6.638
2022-06-05 05:00,0.368,7.728
2022-06-05 06:00,0.578,9.292
2022-06-05 07:00,0.771,10.993
2022-06-05 08:00,0.913,13.163
2022-06-05 09:00,0.952,14.304
2022-06-05 10:00,0.947,14.127
2022-06-05 11:00,0.939,13.860
2022-06-05 12:00,0.936,13.758
2022-06-05 13:00,0.927,13.516
2022-06-05 14:00,0.934,13.711
2022-06-05 15:00,0.939,13.857
2022-06-05 16:00,0.919,13.304
2022-06-05 17:00,0.904,12.973
2022-06-05 18:00,0.904,12.960
2022-06-05 19:00,0.896,12.812
2022-06-05 20:00,0.886,12.597
2022-06-05 21:00,0.857,12.110
2022-06-05 22:00,0.826,11.659
2022-06-05 23:00,0.760,10.877
2022-06-06 00:00,0.677,10.091
2022-06-06 01:00,0.566,9.198
2022-06-06 02:00,0.447,8.311
2022-06-06 03:00,0.413,8.058
2022-06-06 04:00,0.466,8.455
2022-06-06 05:00,0.599,9.450
2022-06-06 06:00,0.763,10.915
2022-06-06 07:00,0.865,12.238
2022-06-06 08:00,0.914,13.184
2022-06-06 09:00,0.933,13.681
2022-06-06 10:00,0.939,13.864
2022-06-06 11:00,0.923,13.405
2022-06-06 12:00,0.875,12.411
2022-06-06 13:00,0.824,11.636
2022-06-06 14:00,0.767,10.957
2022-06-06 15:00,0.702,10.313
2022-06-06 16:00,0.663,9.961
2022-06-06 17:00,0.640,9.779
2022-06-06 18:00,0.602,9.475
2022-06-06 19:00,0.524,8.879
2022-06-06 20:00,0.417,8.084
2022-06-06 21:00,0.310,7.264
2022-06-06 22:00,0.262,6.850
2022-06-06 23:00,0.229,6.558
2022-06-07 00:00,0.192,6.199
2022-06-07 01:00,0.175,6.019
2022-06-07 02:00,0.177,6.035
2022-06-07 03:00,0.183,6.109
2022-06-07 04:00,0.199,6.273
2022-06-07 05:00,0.222,6.490
2022-06-07 06:00,0.242,6.670
2022-06-07 07:00,0.282,7.035
2022-06-07 08:00,0.342,7.522
2022-06-07 09:00,0.387,7.864
2022-06-07 10:00,0.417,8.092
2022-06-07 11:00,0.446,8.299
2022-06-07 12:00,0.444,8.288
2022-06-07 13:00,0.419,8.110
2022-06-07 14:00,0.389,7.877
2022-06-07 15:00,0.351,7.586
2022-06-07 16:00,0.324,7.375
2022-06-07 17:00,0.302,7.200
2022-06-07 18:00,0.273,6.955
2022-06-07 19:00,0.250,6.745
2022-06-07 20:00,0.223,6.507
2022-06-07 21:00,0.174,6.006
2022-06-07 22:00,0.148,5.709
2022-06-07 23:00,0.130,5.495
2022-06-08 00:00,0.128,5.470
2022-06-08 01:00,0.137,5.574
2022-06-08 02:00,0.128,5.471
2022-06-08 03:00,0.138,5.581
2022-06-08 04:00,0.173,5.995
2022-06-08 05:00,0.186,6.142
2022-06-08 06:00,0.174,6.006
2022-06-08 07:00,0.164,5.896
2022-06-08 08:00,0.179,6.067
2022-06-08 09:00,0.210,6.371
2022-06-08 10:00,0.222,6.491
2022-06-08 11:00,0.216,6.433
2022-06-08 12:00,0.186,6.138
2022-06-08 13:00,0.145,5.683
2022-06-08 14:00,0.120,5.363
2022-06-08 15:00,0.124,5.415
2022-06-08 16:00,0.128,5.461
2022-06-08 17:00,0.127,5.446
2022-06-08 18:00,0.118,5.340
2022-06-08 19:00,0.106,5.174
2022-06-08 20:00,0.100,5.067
2022-06-08 21:00,0.106,5.165
2022-06-08 22:00,0.122,5.389
2022-06-08 23:00,0.088,4.891
2022-06-09 00:00,0.068,4.552
2022-06-09 01:00,0.053,4.269
2022-06-09 02:00,0.042,4.010
2022-06-09 03:00,0.050,4.201
2022-06-09 04:00,0.038,3.909
2022-06-09 05:00,0.039,3.936
2022-06-09 06:00,0.034,3.813
2022-06-09 07:00,0.054,4.272
2022-06-09 08:00,0.091,4.944
2022-06-09 09:00,0.093,4.978
2022-06-09 10:00,0.095,5.003
2022-06-09 11:00,0.101,5.102
2022-06-09 12:00,0.087,4.881
2022-06-09 13:00,0.060,4.394
2022-06-09 14:00,0.033,3.785
2022-06-09 15:00,0.010,2.877
2022-06-09 16:00,0.004,2.383
2022-06-09 17:00,0.003,2.342
2022-06-09 18:00,0.004,2.398
2022-06-09 19:00,0.005,2.549
2022-06-09 20:00,0.006,2.640
2022-06-09 21:00,0.006,2.621
2022-06-09 22:00,0.012,2.970
2022-06-09 23:00,0.017,3.244
2022-06-10 00:00,0.023,3.472
2022-06-10 01:00,0.047,4.119
2022-06-10 02:00,0.081,4.781
2022-06-10 03:00,0.051,4.222
2022-06-10 04:00,0.024,3.508
2022-06-10 05:00,0.015,3.120
2022-06-10 06:00,0.009,2.836
2022-06-10 07:00,0.009,2.795
2022-06-10 08:00,0.014,3.091
2022-06-10 09:00,0.027,3.607
2022-06-10 10:00,0.033,3.788
2022-06-10 11:00,0.051,4.214
2022-06-10 12:00,0.074,4.662
2022-06-10 13:00,0.075,4.682
2022-06-10 14:00,0.055,4.314
2022-06-10 15:00,0.031,3.734
2022-06-10 16:00,0.019,3.298
2022-06-10 17:00,0.016,3.189
2022-06-10 18:00,0.065,4.510
2022-06-10 19:00,0.061,4.410
2022-06-10 20:00,0.038,3.917
2022-06-10 21:00,0.061,4.406
2022-06-10 22:00,0.099,5.059
2022-06-10 23:00,0.152,5.757
2022-06-11 00:00,0.198,6.257
2022-06-11 01:00,0.232,6.592
2022-06-11 02:00,0.242,6.676
2022-06-11 03:00,0.242,6.680
2022-06-11 04:00,0.264,6.874
2022-06-11 05:00,0.339,7.496
2022-06-11 06:00,0.450,8.330
2022-06-11 07:00,0.545,9.028
2022-06-11 08:00,0.603,9.483
2022-06-11 09:00,0.622,9.634
2022-06-11 10:00,0.628,9.675
2022-06-11 11:00,0.656,9.908
2022-06-11 12:00,0.668,10.019
2022-06-11 13:00,0.664,9.984
2022-06-11 14:00,0.672,10.047
2022-06-11 15:00,0.671,10.038
2022-06-11 16:00,0.671,10.039
2022-06-11 17:00,0.670,10.037
2022-06-11 18:00,0.645,9.820
2022-06-11 19:00,0.617,9.594
2022-06-11 20:00,0.599,9.443
2022-06-11 21:00,0.515,8.818
2022-06-11 22:00,0.444,8.287
2022-06-11 23:00,0.398,7.948
2022-06-12 00:00,0.463,8.425
2022-06-12 01:00,0.502,8.720
2022-06-12 02:00,0.454,8.367
2022-06-12 03:00,0.342,7.511
2022-06-12 04:00,0.285,7.062
2022-06-12 05:00,0.310,7.258
2022-06-12 06:00,0.344,7.529
2022-06-12 07:00,0.353,7.599
2022-06-12 08:00,0.278,6.991
2022-06-12 09:00,0.299,7.175
2022-06-12 10:00,0.291,7.101
2022-06-12 11:00,0.308,7.241
2022-06-12 12:00,0.330,7.430
2022-06-12 13:00,0.388,7.871
2022-06-12 14:00,0.417,8.081
2022-06-12 15:00,0.422,8.132
2022-06-12 16:00,0.328,7.407
2022-06-12 17:00,0.373,7.755
2022-06-12 18:00,0.431,8.197
2022-06-12 19:00,0.469,8.475
2022-06-12 20:00,0.527,8.896
2022-06-12 21:00,0.553,9.103
2022-06-12 22:00,0.578,9.293
2022-06-12 23:00,0.608,9.514
2022-06-13 00:00,0.642,9.794
2022-06-13 01:00,0.667,10.007
2022-06-13 02:00,0.715,10.432
2022-06-13 03:00,0.747,10.751
2022-06-13 04:00,0.734,10.613
2022-06-13 05:00,0.656,9.907
2022-06-13 06:00,0.603,9.483
2022-06-13 07:00,0.576,9.276
2022-06-13 08:00,0.502,8.723
2022-06-13 09:00,0.556,9.125
2022-06-13 10:00,0.636,9.743
2022-06-13 11:00,0.733,10.612
2022-06-13 12:00,0.770,10.984
2022-06-13 13:00,0.756,10.835
2022-06-13 14:00,0.781,11.110
2022-06-13 15:00,0.818,11.562
2022-06-13 16:00,0.846,11.950
2022-06-13 17:00,0.871,12.329
2022-06-13 18:00,0.893,12.734
2022-06-13 19:00,0.910,13.081
2022-06-13 20:00,0.921,13.354
2022-06-13 21:00,0.918,13.283
2022-06-13 22:00,0.917,13.260
2022-06-13 23:00,0.909,13.070
2022-06-14 00:00,0.890,12.673
2022-06-14 01:00,0.864,12.230
2022-06-14 02:00,0.841,11.873
2022-06-14 03:00,0.836,11.803
2022-06-14 04:00,0.845,11.930
2022-06-14 05:00,0.857,12.119
2022-06-14 06:00,0.850,12.000
2022-06-14 07:00,0.817,11.541
2022-06-14 08:00,0.763,10.917
2022-06-14 09:00,0.708,10.365
2022-06-14 10:00,0.627,9.667
2022-06-14 11:00,0.518,8.830
2022-06-14 12:00,0.377,7.793
2022-06-14 13:00,0.270,6.923
2022-06-14 14:00,0.188,6.157
2022-06-14 15:00,0.146,5.692
2022-06-14 16:00,0.128,5.470
2022-06-14 17:00,0.114,5.277
2022-06-14 18:00,0.140,5.621
2022-06-14 19:00,0.217,6.444
2022-06-14 20:00,0.336,7.475
2022-06-14 21:00,0.321,7.350
2022-06-14 22:00,0.195,6.225
2022-06-14 23:00,0.074,4.657
2022-06-15 00:00,0.029,3.663
2022-06-15 01:00,0.031,3.704
2022-06-15 02:00,0.051,4.228
2022-06-15 03:00,0.100,5.089
2022-06-15 04:00,0.208,6.352
2022-06-15 05:00,0.352,7.597
2022-06-15 06:00,0.470,8.482
2022-06-15 07:00,0.530,8.923
2022-06-15 08:00,0.518,8.832
2022-06-15 09:00,0.495,8.665
2022-06-15 10:00,0.485,8.595
2022-06-15 11:00,0.501,8.705
2022-06-15 12:00,0.511,8.787
2022-06-15 13:00,0.522,8.871
2022-06-15 14:00,0.502,8.714
2022-06-15 15:00,0.509,8.765
2022-06-15 16:00,0.484,8.575
2022-06-15 17:00,0.416,8.078
2022-06-15 18:00,0.356,7.631
2022-06-15 19:00,0.321,7.353
2022-06-15 20:00,0.324,7.370
2022-06-15 21:00,0.285,7.057
2022-06-15 22:00,0.324,7.378
2022-06-15 23:00,0.392,7.906
2022-06-16 00:00,0.406,8.007
2022-06-16 01:00,0.356,7.624
2022-06-16 02:00,0.274,6.964
2022-06-16 03:00,0.217,6.447
2022-06-16 04:00,0.222,6.493
2022-06-16 05:00,0.280,7.012
2022-06-16 06:00,0.364,7.692
2022-06-16 07:00,0.443,8.279
2022-06-16 08:00,0.506,8.748
2022-06-16 09:00,0.572,9.238
2022-06-16 10:00,0.616,9.589
2022-06-16 11:00,0.618,9.606
2022-06-16 12:00,0.567,9.205
2022-06-16 13:00,0.509,8.771
2022-06-16 14:00,0.446,8.308
2022-06-16 15:00,0.390,7.888
2022-06-16 16:00,0.342,7.523
2022-06-16 17:00,0.284,7.049
2022-06-16 18:00,0.236,6.626
2022-06-16 19:00,0.186,6.138
2022-06-16 20:00,0.140,5.622
2022-06-16 21:00,0.088,4.898
2022-06-16 22:00,0.078,4.733
2022-06-16 23:00,0.102,5.108
2022-06-17 00:00,0.121,5.375
2022-06-17 01:00,0.157,5.820
2022-06-17 02:00,0.215,6.422
2022-06-17 03:00,0.265,6.886
2022-06-17 04:00,0.297,7.156
2022-06-17 05:00,0.355,7.618
2022-06-17 06:00,0.446,8.300
2022-06-17 07:00,0.528,8.901
2022-06-17 08:00,0.573,9.251
2022-06-17 09:00,0.599,9.446
2022-06-17 10:00,0.578,9.291
2022-06-17 11:00,0.484,8.577
2022-06-17 12:00,0.377,7.780
2022-06-17 13:00,0.307,7.238
2022-06-17 14:00,0.245,6.703
2022-06-17 15:00,0.210,6.368
2022-06-17 16:00,0.190,6.177
2022-06-17 17:00,0.170,5.961
2022-06-17 18:00,0.150,5.735
2022-06-17 19:00,0.122,5.386
2022-06-17 20:00,0.095,5.009
2022-06-17 21:00,0.061,4.434
2022-06-17 22:00,0.036,3.862
2022-06-17 23:00,0.025,3.520
2022-06-18 00:00,0.027,3.610
2022-06-18 01:00,0.045,4.090
2022-06-18 02:00,0.090,4.931
2022-06-18 03:00,0.139,5.612
2022-06-18 04:00,0.183,6.098
2022-06-18 05:00,0.250,6.747
2022-06-18 06:00,0.339,7.501
2022-06-18 07:00,0.471,8.487
2022-06-18 08:00,0.567,9.203
2022-06-18 09:00,0.612,9.552
2022-06-18 10:00,0.625,9.661
2022-06-18 11:00,0.625,9.648
2022-06-18 12:00,0.619,9.611
2022-06-18 13:00,0.599,9.445
2022-06-18 14:00,0.555,9.113
2022-06-18 15:00,0.544,9.025
2022-06-18 16:00,0.540,8.992
2022-06-18 17:00,0.493,8.647
2022-06-18 18:00,0.410,8.037
2022-06-18 19:00,0.324,7.372
2022-06-18 20:00,0.249,6.741
2022-06-18 21:00,0.179,6.050
2022-06-18 22:00,0.150,5.743
2022-06-18 23:00,0.149,5.722
2022-06-19 00:00,0.151,5.750
2022-06-19 01:00,0.171,5.962
2022-06-19 02:00,0.197,6.247
2022-06-19 03:00,0.252,6.766
2022-06-19 04:00,0.330,7.427
2022-06-19 05:00,0.399,7.963
2022-06-19 06:00,0.447,8.313
2022-06-19 07:00,0.474,8.507
2022-06-19 08:00,0.480,8.558
2022-06-19 09:00,0.492,8.643
2022-06-19 10:00,0.510,8.776
2022-06-19 11:00,0.524,8.885
2022-06-19 12:00,0.528,8.906
2022-06-19 13:00,0.499,8.691
2022-06-19 14:00,0.448,8.315
2022-06-19 15:00,0.434,8.219
2022-06-19 16:00,0.429,8.172
2022-06-19 17:00,0.383,7.837
2022-06-19 18:00,0.308,7.248
2022-06-19 19:00,0.228,6.550
2022-06-19 20:00,0.163,5.884
2022-06-19 21:00,0.087,4.873
2022-06-19 22:00,0.025,3.518
2022-06-19 23:00,0.006,2.613
2022-06-20 00:00,0.003,2.226
2022-06-20 01:00,0.004,2.377
2022-06-20 02:00,0.014,3.111
2022-06-20 03:00,0.027,3.600
2022-06-20 04:00,0.036,3.854
2022-06-20 05:00,0.048,4.142
2022-06-20 06:00,0.065,4.503
2022-06-20 07:00,0.083,4.819
2022-06-20 08:00,0.112,5.252
2022-06-20 09:00,0.139,5.611
2022-06-20 10:00,0.148,5.717
2022-06-20 11:00,0.140,5.615
2022-06-20 12:00,0.121,5.378
2022-06-20 13:00,0.100,5.082
2022-06-20 14:00,0.079,4.744
2022-06-20 15:00,0.056,4.321
2022-06-20 16:00,0.034,3.803
2022-06-20 17:00,0.019,3.312
2022-06-20 18:00,0.007,2.701
2022-06-20 19:00,0.001,1.888
2022-06-20 20:00,0.001,2.014
2022-06-20 21:00,0.007,2.658
2022-06-20 22:00,0.019,3.301
2022-06-20 23:00,0.035,3.842
2022-06-21 00:00,0.057,4.338
2022-06-21 01:00,0.075,4.686
2022-06-21 02:00,0.080,4.767
2022-06-21 03:00,0.062,4.454
2022-06-21 04:00,0.049,4.168
2022-06-21 05:00,0.044,4.062
2022-06-21 06:00,0.035,3.838
2022-06-21 07:00,0.024,3.474
2022-06-21 08:00,0.014,3.088
2022-06-21 09:00,0.010,2.879
2022-06-21 10:00,0.012,3.020
2022-06-21 11:00,0.016,3.188
2022-06-21 12:00,0.019,3.306
2022-06-21 13:00,0.019,3.302
2022-06-21 14:00,0.013,3.031
2022-06-21 15:00,0.008,2.761
2022-06-21 16:00,0.010,2.861
2022-06-21 17:00,0.016,3.182
2022-06-21 18:00,0.018,3.294
2022-06-21 19:00,0.021,3.381
2022-06-21 20:00,0.030,3.676
2022-06-21 21:00,0.039,3.929
2022-06-21 22:00,0.055,4.296
2022-06-21 23:00,0.062,4.448
2022-06-22 00:00,0.066,4.515
2022-06-22 01:00,0.090,4.937
2022-06-22 02:00,0.166,5.917
2022-06-22 03:00,0.284,7.053
2022-06-22 04:00,0.422,8.128
2022-06-22 05:00,0.558,9.140
2022-06-22 06:00,0.663,9.974
2022-06-22 07:00,0.729,10.571
2022-06-22 08:00,0.767,10.955
2022-06-22 09:00,0.769,10.978
2022-06-22 10:00,0.742,10.696
2022-06-22 11:00,0.711,10.392
2022-06-22 12:00,0.664,9.980
2022-06-22 13:00,0.614,9.570
2022-06-22 14:00,0.586,9.350
2022-06-22 15:00,0.564,9.183
2022-06-22 16:00,0.519,8.845
2022-06-22 17:00,0.465,8.442
2022-06-22 18:00,0.417,8.085
2022-06-22 19:00,0.380,7.816
2022-06-22 20:00,0.354,7.613
2022-06-22 21:00,0.327,7.391
2022-06-22 22:00,0.444,8.287
2022-06-22 23:00,0.601,9.472
2022-06-23 00:00,0.726,10.536
2022-06-23 01:00,0.831,11.733
2022-06-23 02:00,0.879,12.475
2022-06-23 03:00,0.901,12.905
2022-06-23 04:00,0.936,13.767
2022-06-23 05:00,0.958,14.533
2022-06-23 06:00,0.977,15.511
2022-06-23 07:00,0.980,15.778
2022-06-23 08:00,0.979,15.673
2022-06-23 09:00,0.978,15.640
2022-06-23 10:00,0.975,15.420
2022-06-23 11:00,0.975,15.412
2022-06-23 12:00,0.980,15.806
2022-06-23 13:00,0.981,15.890
2022-06-23 14:00,0.987,16.610
2022-06-23 15:00,0.989,17.219
2022-06-23 16:00,0.989,17.612
2022-06-23 17:00,0.989,17.152
2022-06-23 18:00,0.982,15.938
2022-06-23 19:00,0.984,16.112
2022-06-23 20:00,0.984,16.197
2022-06-23 21:00,0.985,16.339
2022-06-23 22:00,0.983,16.016
2022-06-23 23:00,0.978,15.597
2022-06-24 00:00,0.970,15.115
2022-06-24 01:00,0.962,14.715
2022-06-24 02:00,0.953,14.320
2022-06-24 03:00,0.939,13.851
2022-06-24 04:00,0.926,13.479
2022-06-24 05:00,0.913,13.164
2022-06-24 06:00,0.904,12.967
2022-06-24 07:00,0.903,12.941
2022-06-24 08:00,0.903,12.935
2022-06-24 09:00,0.887,12.619
2022-06-24 10:00,0.876,12.428
2022-06-24 11:00,0.864,12.221
2022-06-24 12:00,0.848,11.973
2022-06-24 13:00,0.834,11.763
2022-06-24 14:00,0.811,11.473
2022-06-24 15:00,0.786,11.171
2022-06-24 16:00,0.751,10.786
2022-06-24 17:00,0.705,10.340
2022-06-24 18:00,0.660,9.944
2022-06-24 19:00,0.624,9.647
2022-06-24 20:00,0.583,9.328
2022-06-24 21:00,0.499,8.687
2022-06-24 22:00,0.457,8.389
2022-06-24 23:00,0.498,8.684
2022-06-25 00:00,0.582,9.322
2022-06-25 01:00,0.673,10.063
2022-06-25 02:00,0.781,11.105
2022-06-25 03:00,0.834,11.771
2022-06-25 04:00,0.866,12.261
2022-06-25 05:00,0.899,12.874
2022-06-25 06:00,0.910,13.109
2022-06-25 07:00,0.876,12.429
2022-06-25 08:00,0.836,11.798
2022-06-25 09:00,0.860,12.158
2022-06-25 10:00,0.887,12.636
2022-06-25 11:00,0.906,12.992
2022-06-25 12:00,0.887,12.629
2022-06-25 13:00,0.839,11.852
2022-06-25 14:00,0.774,11.036
2022-06-25 15:00,0.754,10.818
2022-06-25 16:00,0.796,11.289
2022-06-25 17:00,0.822,11.611
2022-06-25 18:00,0.764,10.929
2022-06-25 19:00,0.785,11.155
2022-06-25 20:00,0.806,11.397
2022-06-25 21:00,0.785,11.152
2022-06-25 22:00,0.824,11.640
2022-06-25 23:00,0.861,12.179
2022-06-26 00:00,0.871,12.345
2022-06-26 01:00,0.910,13.089
2022-06-26 02:00,0.949,14.182
2022-06-26 03:00,0.956,14.438
2022-06-26 04:00,0.944,13.998
2022-06-26 05:00,0.939,13.850
2022-06-26 06:00,0.954,14.351
2022-06-26 07:00,0.955,14.414
2022-06-26 08:00,0.935,13.732
2022-06-26 09:00,0.893,12.746
2022-06-26 10:00,0.858,12.127
2022-06-26 11:00,0.826,11.659
2022-06-26 12:00,0.777,11.066
2022-06-26 13:00,0.723,10.508
2022-06-26 14:00,0.625,9.654
2022-06-26 15:00,0.566,9.200
2022-06-26 16:00,0.587,9.355
2022-06-26 17:00,0.597,9.435
2022-06-26 18:00,0.523,8.872
2022-06-26 19:00,0.540,9.001
2022-06-26 20:00,0.663,9.971
2022-06-26 21:00,0.716,10.450
2022-06-26 22:00,0.640,9.779
2022-06-26 23:00,0.624,9.646
2022-06-27 00:00,0.689,10.187
2022-06-27 01:00,0.760,10.874
2022-06-27 02:00,0.799,11.318
2022-06-27 03:00,0.807,11.420
2022-06-27 04:00,0.806,11.399
2022-06-27 05:00,0.805,11.390
2022-06-27 06:00,0.814,11.501
2022-06-27 07:00,0.826,11.654
2022-06-27 08:00,0.827,11.672
2022-06-27 09:00,0.823,11.625
2022-06-27 10:00,0.829,11.700
2022-06-27 11:00,0.827,11.681
2022-06-27 12:00,0.821,11.594
2022-06-27 13:00,0.801,11.344
2022-06-27 14:00,0.800,11.324
2022-06-27 15:00,0.835,11.785
2022-06-27 16:00,0.862,12.186
2022-06-27 17:00,0.879,12.475
2022-06-27 18:00,0.891,12.701
2022-06-27 19:00,0.896,12.795
2022-06-27 20:00,0.910,13.094
2022-06-27 21:00,0.900,12.882
2022-06-27 22:00,0.911,13.132
2022-06-27 23:00,0.934,13.693
2022-06-28 00:00,0.952,14.297
2022-06-28 01:00,0.964,14.775
2022-06-28 02:00,0.972,15.185
2022-06-28 03:00,0.978,15.578
2022-06-28 04:00,0.981,15.815
2022-06-28 05:00,0.981,15.846
2022-06-28 06:00,0.979,15.658
2022-06-28 07:00,0.974,15.321
2022-06-28 08:00,0.964,14.793
2022-06-28 09:00,0.950,14.235
2022-06-28 10:00,0.941,13.906
2022-06-28 11:00,0.937,13.808
2022-06-28 12:00,0.936,13.776
2022-06-28 13:00,0.935,13.737
2022-06-28 14:00,0.931,13.613
2022-06-28 15:00,0.928,13.544
2022-06-28 16:00,0.930,13.586
2022-06-28 17:00,0.938,13.825
2022-06-28 18:00,0.951,14.255
2022-06-28 19:00,0.962,14.696
2022-06-28 20:00,0.969,15.039
2022-06-28 21:00,0.971,15.137
2022-06-28 22:00,0.969,15.070
2022-06-28 23:00,0.970,15.119
2022-06-29 00:00,0.969,15.045
2022-06-29 01:00,0.975,15.423
2022-06-29 02:00,0.978,15.587
2022-06-29 03:00,0.976,15.495
2022-06-29 04:00,0.968,14.965
2022-06-29 05:00,0.960,14.608
2022-06-29 06:00,0.958,14.539
2022-06-29 07:00,0.952,14.292
2022-06-29 08:00,0.932,13.645
2022-06-29 09:00,0.902,12.916
2022-06-29 10:00,0.868,12.294
2022-06-29 11:00,0.831,11.734
2022-06-29 12:00,0.783,11.134
2022-06-29 13:00,0.768,10.964
2022-06-29 14:00,0.767,10.956
2022-06-29 15:00,0.790,11.214
2022-06-29 16:00,0.795,11.261
2022-06-29 17:00,0.802,11.364
2022-06-29 18:00,0.806,11.403
2022-06-29 19:00,0.797,11.295
2022-06-29 20:00,0.768,10.970
2022-06-29 21:00,0.700,10.301
2022-06-29 22:00,0.679,10.110
2022-06-29 23:00,0.652,9.879
2022-06-30 00:00,0.610,9.541
2022-06-30 01:00,0.575,9.268
2022-06-30 02:00,0.568,9.215
2022-06-30 03:00,0.591,9.392
2022-06-30 04:00,0.620,9.622
2022-06-30 05:00,0.650,9.860
2022-06-30 06:00,0.667,10.006
2022-06-30 07:00,0.649,9.854
2022-06-30 08:00,0.575,9.263
2022-06-30 09:00,0.489,8.622
2022-06-30 10:00,0.433,8.211
2022-06-30 11:00,0.386,7.853
2022-06-30 12:00,0.331,7.432
2022-06-30 13:00,0.292,7.116
2022-06-30 14:00,0.266,6.889
2022-06-30 15:00,0.256,6.805
2022-06-30 16:00,0.246,6.711
2022-06-30 17:00,0.219,6.459
2022-06-30 18:00,0.182,6.086
2022-06-30 19:00,0.142,5.638
2022-06-30 20:00,0.106,5.175
2022-06-30 21:00,0.056,4.333
2022-06-30 22:00,0.029,3.660
2022-06-30 23:00,0.017,3.246
2022-07-01 00:00,0.011,2.952
2022-07-01 01:00,0.013,3.072
2022-07-01 02:00,0.022,3.437
2022-07-01 03:00,0.034,3.815
2022-07-01 04:00,0.043,4.036
2022-07-01 05:00,0.044,4.054
2022-07-01 06:00,0.039,3.929
2022-07-01 07:00,0.030,3.690
2022-07-01 08:00,0.021,3.373
2022-07-01 09:00,0.015,3.126
2022-07-01 10:00,0.011,2.949
2022-07-01 11:00,0.008,2.743
2022-07-01 12:00,0.006,2.630
2022-07-01 13:00,0.007,2.674
2022-07-01 14:00,0.008,2.724
2022-07-01 15:00,0.006,2.605
2022-07-01 16:00,0.003,2.242
2022-07-01 17:00,0.001,1.771
2022-07-01 18:00,0,1.427
2022-07-01 19:00,0,1.406
2022-07-01 20:00,0,1.665
2022-07-01 21:00,0.001,1.936
2022-07-01 22:00,0.003,2.305
2022-07-01 23:00,0.015,3.159
2022-07-02 00:00,0.041,3.984
2022-07-02 01:00,0.070,4.600
2022-07-02 02:00,0.085,4.856
2022-07-02 03:00,0.073,4.640
2022-07-02 04:00,0.044,4.065
2022-07-02 05:00,0.028,3.617
2022-07-02 06:00,0.024,3.478
2022-07-02 07:00,0.028,3.625
2022-07-02 08:00,0.042,4.020
2022-07-02 09:00,0.075,4.675
2022-07-02 10:00,0.119,5.343
2022-07-02 11:00,0.138,5.579
2022-07-02 12:00,0.121,5.374
2022-07-02 13:00,0.076,4.706
2022-07-02 14:00,0.036,3.852
2022-07-02 15:00,0.010,2.896
2022-07-02 16:00,0.002,2.138
2022-07-02 17:00,0.001,1.821
2022-07-02 18:00,0,1.664
2022-07-02 19:00,0,1.572
2022-07-02 20:00,0,1.596
2022-07-02 21:00,0.001,1.827
2022-07-02 22:00,0.003,2.343
2022-07-02 23:00,0.017,3.240
2022-07-03 00:00,0.038,3.911
2022-07-03 01:00,0.052,4.232
2022-07-03 02:00,0.049,4.174
2022-07-03 03:00,0.045,4.095
2022-07-03 04:00,0.054,4.282
2022-07-03 05:00,0.068,4.567
2022-07-03 06:00,0.080,4.767
2022-07-03 07:00,0.090,4.923
2022-07-03 08:00,0.103,5.122
2022-07-03 09:00,0.112,5.253
2022-07-03 10:00,0.127,5.451
2022-07-03 11:00,0.144,5.666
2022-07-03 12:00,0.148,5.716
2022-07-03 13:00,0.133,5.526
2022-07-03 14:00,0.109,5.200
2022-07-03 15:00,0.101,5.092
2022-07-03 16:00,0.104,5.140
2022-07-03 17:00,0.100,5.069
2022-07-03 18:00,0.078,4.732
2022-07-03 19:00,0.043,4.044
2022-07-03 20:00,0.015,3.118
2022-07-03 21:00,0.002,2.086
2022-07-03 22:00,0,1.672
2022-07-03 23:00,0.012,2.994
2022-07-04 00:00,0.077,4.719
2022-07-04 01:00,0.156,5.797
2022-07-04 02:00,0.206,6.342
2022-07-04 03:00,0.212,6.404
2022-07-04 04:00,0.189,6.162
2022-07-04 05:00,0.148,5.702
2022-07-04 06:00,0.095,5.007
2022-07-04 07:00,0.055,4.294
2022-07-04 08:00,0.032,3.740
2022-07-04 09:00,0.030,3.697
2022-07-04 10:00,0.046,4.113
2022-07-04 11:00,0.067,4.527
2022-07-04 12:00,0.073,4.638
2022-07-04 13:00,0.069,4.572
2022-07-04 14:00,0.068,4.541
2022-07-04 15:00,0.063,4.473
2022-07-04 16:00,0.055,4.292
2022-07-04 17:00,0.058,4.359
2022-07-04 18:00,0.092,4.967
2022-07-04 19:00,0.162,5.872
2022-07-04 20:00,0.234,6.599
2022-07-04 21:00,0.232,6.581
2022-07-04 22:00,0.206,6.331
2022-07-04 23:00,0.208,6.351
2022-07-05 00:00,0.215,6.427
2022-07-05 01:00,0.207,6.346
2022-07-05 02:00,0.167,5.933
2022-07-05 03:00,0.115,5.287
2022-07-05 04:00,0.074,4.663
2022-07-05 05:00,0.045,4.081
2022-07-05 06:00,0.021,3.375
2022-07-05 07:00,0.008,2.768
2022-07-05 08:00,0.003,2.223
2022-07-05 09:00,0.002,2.152
2022-07-05 10:00,0.006,2.623
2022-07-05 11:00,0.009,2.813
2022-07-05 12:00,0.003,2.286
2022-07-05 13:00,0.002,2.029
2022-07-05 14:00,0.008,2.731
2022-07-05 15:00,0.015,3.136
2022-07-05 16:00,0.014,3.077
2022-07-05 17:00,0.008,2.749
2022-07-05 18:00,0.003,2.210
2022-07-05 19:00,0.001,1.853
2022-07-05 20:00,0,1.454
2022-07-05 21:00,0,1.319
2022-07-05 22:00,0,1.544
2022-07-05 23:00,0.001,1.697
2022-07-06 00:00,0.001,1.779
2022-07-06 01:00,0.001,1.990
2022-07-06 02:00,0.004,2.367
2022-07-06 03:00,0.006,2.587
2022-07-06 04:00,0.008,2.752
2022-07-06 05:00,0.010,2.894
2022-07-06 06:00,0.013,3.027
2022-07-06 07:00,0.016,3.189
2022-07-06 08:00,0.018,3.290
2022-07-06 09:00,0.024,3.480
2022-07-06 10:00,0.035,3.839
2022-07-06 11:00,0.043,4.040
2022-07-06 12:00,0.031,3.719
2022-07-06 13:00,0.017,3.241
2022-07-06 14:00,0.015,3.124
2022-07-06 15:00,0.014,3.112
2022-07-06 16:00,0.014,3.080
2022-07-06 17:00,0.016,3.175
2022-07-06 18:00,0.019,3.303
2022-07-06 19:00,0.024,3.505
2022-07-06 20:00,0.034,3.818
2022-07-06 21:00,0.044,4.072
2022-07-06 22:00,0.063,4.462
2022-07-06 23:00,0.091,4.939
2022-07-07 00:00,0.118,5.338
2022-07-07 01:00,0.118,5.339
2022-07-07 02:00,0.133,5.523
2022-07-07 03:00,0.182,6.095
2022-07-07 04:00,0.238,6.649
2022-07-07 05:00,0.281,7.030
2022-07-07 06:00,0.322,7.358
2022-07-07 07:00,0.360,7.654
2022-07-07 08:00,0.386,7.851
2022-07-07 09:00,0.394,7.916
2022-07-07 10:00,0.404,7.990
2022-07-07 11:00,0.412,8.048
2022-07-07 12:00,0.419,8.102
2022-07-07 13:00,0.422,8.119
2022-07-07 14:00,0.413,8.061
2022-07-07 15:00,0.417,8.091
2022-07-07 16:00,0.427,8.164
2022-07-07 17:00,0.446,8.310
2022-07-07 18:00,0.475,8.518
2022-07-07 19:00,0.524,8.883
2022-07-07 20:00,0.540,8.991
2022-07-07 21:00,0.486,8.599
2022-07-07 22:00,0.460,8.406
2022-07-07 23:00,0.466,8.457
2022-07-08 00:00,0.448,8.315
2022-07-08 01:00,0.413,8.055
2022-07-08 02:00,0.402,7.980
2022-07-08 03:00,0.432,8.205
2022-07-08 04:00,0.489,8.628
2022-07-08 05:00,0.545,9.030
2022-07-08 06:00,0.555,9.114
2022-07-08 07:00,0.512,8.791
2022-07-08 08:00,0.460,8.409
2022-07-08 09:00,0.410,8.041
2022-07-08 10:00,0.384,7.841
2022-07-08 11:00,0.382,7.826
2022-07-08 12:00,0.371,7.746
2022-07-08 13:00,0.351,7.586
2022-07-08 14:00,0.313,7.284
2022-07-08 15:00,0.302,7.191
2022-07-08 16:00,0.305,7.224
2022-07-08 17:00,0.296,7.143
2022-07-08 18:00,0.275,6.974
2022-07-08 19:00,0.272,6.941
2022-07-08 20:00,0.280,7.015
2022-07-08 21:00,0.219,6.464
2022-07-08 22:00,0.204,6.321
2022-07-08 23:00,0.200,6.277
2022-07-09 00:00,0.158,5.833
2022-07-09 01:00,0.116,5.303
2022-07-09 02:00,0.107,5.183
2022-07-09 03:00,0.136,5.555
2022-07-09 04:00,0.171,5.972
2022-07-09 05:00,0.185,6.130
2022-07-09 06:00,0.158,5.829
2022-07-09 07:00,0.111,5.241
2022-07-09 08:00,0.057,4.350
2022-07-09 09:00,0.025,3.542
2022-07-09 10:00,0.012,3.004
2022-07-09 11:00,0.007,2.665
2022-07-09 12:00,0.004,2.449
2022-07-09 13:00,0.003,2.268
2022-07-09 14:00,0.002,2.111
2022-07-09 15:00,0.006,2.596
2022-07-09 16:00,0.016,3.193
2022-07-09 17:00,0.019,3.320
2022-07-09 18:00,0.015,3.162
2022-07-09 19:00,0.013,3.062
2022-07-09 20:00,0.017,3.225
2022-07-09 21:00,0.024,3.475
2022-07-09 22:00,0.026,3.556
2022-07-09 23:00,0.026,3.564
2022-07-10 00:00,0.036,3.858
2022-07-10 01:00,0.052,4.249
2022-07-10 02:00,0.061,4.426
2022-07-10 03:00,0.062,4.444
2022-07-10 04:00,0.066,4.522
2022-07-10 05:00,0.075,4.679
2022-07-10 06:00,0.073,4.644
2022-07-10 07:00,0.062,4.444
2022-07-10 08:00,0.060,4.395
2022-07-10 09:00,0.050,4.199
2022-07-10 10:00,0.033,3.782
2022-07-10 11:00,0.029,3.667
2022-07-10 12:00,0.027,3.602
2022-07-10 13:00,0.015,3.130
2022-07-10 14:00,0.004,2.369
2022-07-10 15:00,0.001,1.958
2022-07-10 16:00,0.001,1.822
2022-07-10 17:00,0.001,1.840
2022-07-10 18:00,0.001,1.946
2022-07-10 19:00,0.002,2.055
2022-07-10 20:00,0.002,2.204
2022-07-10 21:00,0.005,2.459
2022-07-10 22:00,0.012,3.002
2022-07-10 23:00,0.022,3.427
2022-07-11 00:00,0.031,3.710
2022-07-11 01:00,0.038,3.893
2022-07-11 02:00,0.046,4.096
2022-07-11 03:00,0.055,4.298
2022-07-11 04:00,0.075,4.678
2022-07-11 05:00,0.109,5.201
2022-07-11 06:00,0.106,5.166
2022-07-11 07:00,0.072,4.628
2022-07-11 08:00,0.040,3.963
2022-07-11 09:00,0.011,2.954
2022-07-11 10:00,0.002,2.109
2022-07-11 11:00,0.001,1.929
2022-07-11 12:00,0.002,2.058
2022-07-11 13:00,0.001,1.802
2022-07-11 14:00,0,1.251
2022-07-11 15:00,0,1.108
2022-07-11 16:00,0.002,2.191
2022-07-11 17:00,0.033,3.774
2022-07-11 18:00,0.115,5.291
2022-07-11 19:00,0.257,6.814
2022-07-11 20:00,0.423,8.140
2022-07-11 21:00,0.509,8.771
2022-07-11 22:00,0.532,8.945
2022-07-11 23:00,0.523,8.879
2022-07-12 00:00,0.472,8.488
2022-07-12 01:00,0.409,8.025
2022-07-12 02:00,0.347,7.562
2022-07-12 03:00,0.291,7.101
2022-07-12 04:00,0.280,7.019
2022-07-12 05:00,0.297,7.157
2022-07-12 06:00,0.326,7.389
2022-07-12 07:00,0.319,7.337
2022-07-12 08:00,0.302,7.192
2022-07-12 09:00,0.289,7.087
2022-07-12 10:00,0.265,6.885
2022-07-12 11:00,0.198,6.257
2022-07-12 12:00,0.143,5.660
2022-07-12 13:00,0.097,5.028
2022-07-12 14:00,0.061,4.409
2022-07-12 15:00,0.036,3.857
2022-07-12 16:00,0.025,3.543
2022-07-12 17:00,0.030,3.680
2022-07-12 18:00,0.037,3.876
2022-07-12 19:00,0.044,4.070
2022-07-12 20:00,0.049,4.165
2022-07-12 21:00,0.041,3.981
2022-07-12 22:00,0.032,3.751
2022-07-12 23:00,0.028,3.621
2022-07-13 00:00,0.024,3.516
2022-07-13 01:00,0.025,3.529
2022-07-13 02:00,0.028,3.617
2022-07-13 03:00,0.040,3.955
2022-07-13 04:00,0.060,4.403
2022-07-13 05:00,0.037,3.889
2022-07-13 06:00,0.010,2.898
2022-07-13 07:00,0.012,2.987
2022-07-13 08:00,0.033,3.769
2022-07-13 09:00,0.082,4.792
2022-07-13 10:00,0.179,6.068
2022-07-13 11:00,0.255,6.797
2022-07-13 12:00,0.336,7.479
2022-07-13 13:00,0.435,8.225
2022-07-13 14:00,0.518,8.837
2022-07-13 15:00,0.623,9.639
2022-07-13 16:00,0.709,10.377
2022-07-13 17:00,0.809,11.445
2022-07-13 18:00,0.827,11.671
2022-07-13 19:00,0.794,11.254
2022-07-13 20:00,0.758,10.862
2022-07-13 21:00,0.697,10.266
2022-07-13 22:00,0.673,10.054
2022-07-13 23:00,0.696,10.260
2022-07-14 00:00,0.673,10.061
2022-07-14 01:00,0.601,9.466
2022-07-14 02:00,0.522,8.865
2022-07-14 03:00,0.430,8.187
2022-07-14 04:00,0.322,7.363
2022-07-14 05:00,0.200,6.281
2022-07-14 06:00,0.111,5.238
2022-07-14 07:00,0.070,4.588
2022-07-14 08:00,0.062,4.450
2022-07-14 09:00,0.055,4.312
2022-07-14 10:00,0.073,4.643
2022-07-14 11:00,0.094,4.989
2022-07-14 12:00,0.077,4.722
2022-07-14 13:00,0.043,4.039
2022-07-14 14:00,0.017,3.239
2022-07-14 15:00,0.002,2.104
2022-07-14 16:00,0,1.251
2022-07-14 17:00,0,1.613
2022-07-14 18:00,0.003,2.313
2022-07-14 19:00,0.010,2.897
2022-07-14 20:00,0.017,3.236
2022-07-14 21:00,0.017,3.240
2022-07-14 22:00,0.020,3.350
2022-07-14 23:00,0.021,3.385
2022-07-15 00:00,0.018,3.270
2022-07-15 01:00,0.011,2.950
2022-07-15 02:00,0.006,2.621
2022-07-15 03:00,0.003,2.243
2022-07-15 04:00,0.004,2.393
2022-07-15 05:00,0.014,3.082
2022-07-15 06:00,0.042,4.010
2022-07-15 07:00,0.098,5.041
2022-07-15 08:00,0.172,5.985
2022-07-15 09:00,0.200,6.281
2022-07-15 10:00,0.192,6.202
2022-07-15 11:00,0.167,5.928
2022-07-15 12:00,0.132,5.520
2022-07-15 13:00,0.094,4.986
2022-07-15 14:00,0.064,4.476
2022-07-15 15:00,0.046,4.104
2022-07-15 16:00,0.034,3.804
2022-07-15 17:00,0.021,3.373
2022-07-15 18:00,0.015,3.131
2022-07-15 19:00,0.013,3.048
2022-07-15 20:00,0.019,3.309
2022-07-15 21:00,0.024,3.482
2022-07-15 22:00,0.020,3.363
2022-07-15 23:00,0.018,3.261
2022-07-16 00:00,0.012,2.998
2022-07-16 01:00,0.004,2.453
2022-07-16 02:00,0,1.667
2022-07-16 03:00,0,0.816
2022-07-16 04:00,0,0.729
2022-07-16 05:00,0,1.406
2022-07-16 06:00,0.002,2.110
2022-07-16 07:00,0.011,2.949
2022-07-16 08:00,0.038,3.904
2022-07-16 09:00,0.061,4.422
2022-07-16 10:00,0.057,4.355
2022-07-16 11:00,0.033,3.773
2022-07-16 12:00,0.012,3.008
2022-07-16 13:00,0.011,2.941
2022-07-16 14:00,0.017,3.241
2022-07-16 15:00,0.015,3.127
2022-07-16 16:00,0.017,3.237
2022-07-16 17:00,0.018,3.295
2022-07-16 18:00,0.024,3.513
2022-07-16 19:00,0.034,3.813
2022-07-16 20:00,0.048,4.159
2022-07-16 21:00,0.064,4.481
2022-07-16 22:00,0.073,4.640
2022-07-16 23:00,0.074,4.674
2022-07-17 00:00,0.100,5.083
2022-07-17 01:00,0.137,5.567
2022-07-17 02:00,0.131,5.500
2022-07-17 03:00,0.100,5.072
2022-07-17 04:00,0.087,4.870
2022-07-17 05:00,0.076,4.693
2022-07-17 06:00,0.068,4.566
2022-07-17 07:00,0.081,4.779
2022-07-17 08:00,0.106,5.169
2022-07-17 09:00,0.099,5.051
2022-07-17 10:00,0.094,4.992
2022-07-17 11:00,0.147,5.698
2022-07-17 12:00,0.252,6.773
2022-07-17 13:00,0.324,7.372
2022-07-17 14:00,0.334,7.461
2022-07-17 15:00,0.329,7.414
2022-07-17 16:00,0.302,7.203
2022-07-17 17:00,0.297,7.159
2022-07-17 18:00,0.384,7.843
2022-07-17 19:00,0.537,8.981
2022-07-17 20:00,0.577,9.282
2022-07-17 21:00,0.377,7.791
2022-07-17 22:00,0.120,5.362
2022-07-17 23:00,0.111,5.242
2022-07-18 00:00,0.297,7.156
2022-07-18 01:00,0.519,8.848
2022-07-18 02:00,0.550,9.080
2022-07-18 03:00,0.561,9.161
2022-07-18 04:00,0.590,9.379
2022-07-18 05:00,0.701,10.306
2022-07-18 06:00,0.767,10.957
2022-07-18 07:00,0.767,10.962
2022-07-18 08:00,0.747,10.742
2022-07-18 09:00,0.735,10.618
2022-07-18 10:00,0.788,11.193
2022-07-18 11:00,0.852,12.042
2022-07-18 12:00,0.853,12.048
2022-07-18 13:00,0.846,11.936
2022-07-18 14:00,0.753,10.805
2022-07-18 15:00,0.693,10.233
2022-07-18 16:00,0.651,9.871
2022-07-18 17:00,0.542,9.020
2022-07-18 18:00,0.420,8.113
2022-07-18 19:00,0.242,6.673
2022-07-18 20:00,0.105,5.155
2022-07-18 21:00,0.052,4.232
2022-07-18 22:00,0.044,4.069
2022-07-18 23:00,0.048,4.141
2022-07-19 00:00,0.046,4.106
2022-07-19 01:00,0.069,4.570
2022-07-19 02:00,0.108,5.193
2022-07-19 03:00,0.083,4.813
2022-07-19 04:00,0.025,3.545
2022-07-19 05:00,0.004,2.435
2022-07-19 06:00,0.001,1.820
2022-07-19 07:00,0.002,2.175
2022-07-19 08:00,0.015,3.130
2022-07-19 09:00,0.072,4.620
2022-07-19 10:00,0.142,5.639
2022-07-19 11:00,0.157,5.817
2022-07-19 12:00,0.116,5.303
2022-07-19 13:00,0.088,4.898
2022-07-19 14:00,0.086,4.865
2022-07-19 15:00,0.091,4.941
2022-07-19 16:00,0.092,4.968
2022-07-19 17:00,0.079,4.752
2022-07-19 18:00,0.058,4.359
2022-07-19 19:00,0.051,4.223
2022-07-19 20:00,0.061,4.414
2022-07-19 21:00,0.061,4.430
2022-07-19 22:00,0.055,4.303
2022-07-19 23:00,0.048,4.163
2022-07-20 00:00,0.042,4.007
2022-07-20 01:00,0.035,3.842
2022-07-20 02:00,0.022,3.430
2022-07-20 03:00,0.016,3.186
2022-07-20 04:00,0.016,3.195
2022-07-20 05:00,0.014,3.112
2022-07-20 06:00,0.007,2.649
2022-07-20 07:00,0.003,2.237
2022-07-20 08:00,0.005,2.514
2022-07-20 09:00,0.015,3.168
2022-07-20 10:00,0.058,4.363
2022-07-20 11:00,0.128,5.472
2022-07-20 12:00,0.175,6.010
2022-07-20 13:00,0.158,5.828
2022-07-20 14:00,0.117,5.307
2022-07-20 15:00,0.138,5.593
2022-07-20 16:00,0.210,6.382
2022-07-20 17:00,0.195,6.228
2022-07-20 18:00,0.162,5.877
2022-07-20 19:00,0.145,5.674
2022-07-20 20:00,0.262,6.857
2022-07-20 21:00,0.393,7.911
2022-07-20 22:00,0.536,8.972
2022-07-20 23:00,0.684,10.145
2022-07-21 00:00,0.798,11.305
2022-07-21 01:00,0.893,12.734
2022-07-21 02:00,0.950,14.190
2022-07-21 03:00,0.976,15.494
2022-07-21 04:00,0.976,15.441
2022-07-21 05:00,0.966,14.870
2022-07-21 06:00,0.957,14.468
2022-07-21 07:00,0.957,14.476
2022-07-21 08:00,0.957,14.473
2022-07-21 09:00,0.945,14.050
2022-07-21 10:00,0.878,12.470
2022-07-21 11:00,0.715,10.434
2022-07-21 12:00,0.503,8.725
2022-07-21 13:00,0.438,8.243
2022-07-21 14:00,0.435,8.224
2022-07-21 15:00,0.440,8.256
2022-07-21 16:00,0.420,8.113
2022-07-21 17:00,0.404,7.996
2022-07-21 18:00,0.409,8.025
2022-07-21 19:00,0.410,8.042
2022-07-21 20:00,0.399,7.960
2022-07-21 21:00,0.344,7.533
2022-07-21 22:00,0.362,7.677
2022-07-21 23:00,0.350,7.580
2022-07-22 00:00,0.293,7.129
2022-07-22 01:00,0.246,6.713
2022-07-22 02:00,0.171,5.968
2022-07-22 03:00,0.096,5.019
2022-07-22 04:00,0.068,4.552
2022-07-22 05:00,0.073,4.637
2022-07-22 06:00,0.096,5.021
2022-07-22 07:00,0.113,5.270
2022-07-22 08:00,0.105,5.150
2022-07-22 09:00,0.086,4.862
2022-07-22 10:00,0.061,4.433
2022-07-22 11:00,0.039,3.930
2022-07-22 12:00,0.023,3.451
2022-07-22 13:00,0.011,2.939
2022-07-22 14:00,0.006,2.579
2022-07-22 15:00,0.005,2.519
2022-07-22 16:00,0.006,2.633
2022-07-22 17:00,0.008,2.718
2022-07-22 18:00,0.005,2.534
2022-07-22 19:00,0.002,2.048
2022-07-22 20:00,0,1.686
2022-07-22 21:00,0.001,1.791
2022-07-22 22:00,0.001,1.787
2022-07-22 23:00,0,1.562
2022-07-23 00:00,0,1.426
2022-07-23 01:00,0,1.237
2022-07-23 02:00,0,1.237
2022-07-23 03:00,0,1.463
2022-07-23 04:00,0,1.571
2022-07-23 05:00,0.001,1.805
2022-07-23 06:00,0.003,2.241
2022-07-23 07:00,0.010,2.911
2022-07-23 08:00,0.033,3.771
2022-07-23 09:00,0.067,4.536
2022-07-23 10:00,0.095,5.004
2022-07-23 11:00,0.105,5.158
2022-07-23 12:00,0.117,5.307
2022-07-23 13:00,0.160,5.853
2022-07-23 14:00,0.236,6.625
2022-07-23 15:00,0.297,7.151
2022-07-23 16:00,0.356,7.633
2022-07-23 17:00,0.474,8.508
2022-07-23 18:00,0.556,9.123
2022-07-23 19:00,0.457,8.391
2022-07-23 20:00,0.272,6.949
2022-07-23 21:00,0.241,6.667
2022-07-23 22:00,0.381,7.823
2022-07-23 23:00,0.550,9.075
2022-07-24 00:00,0.677,10.087
2022-07-24 01:00,0.743,10.710
2022-07-24 02:00,0.771,10.994
2022-07-24 03:00,0.790,11.219
2022-07-24 04:00,0.817,11.532
2022-07-24 05:00,0.822,11.600
2022-07-24 06:00,0.785,11.161
2022-07-24 07:00,0.741,10.688
2022-07-24 08:00,0.692,10.223
2022-07-24 09:00,0.631,9.702
2022-07-24 10:00,0.633,9.727
2022-07-24 11:00,0.623,9.643
2022-07-24 12:00,0.596,9.425
2022-07-24 13:00,0.548,9.050
2022-07-24 14:00,0.457,8.389
2022-07-24 15:00,0.362,7.678
2022-07-24 16:00,0.257,6.817
2022-07-24 17:00,0.190,6.175
2022-07-24 18:00,0.158,5.831
2022-07-24 19:00,0.142,5.647
2022-07-24 20:00,0.127,5.445
2022-07-24 21:00,0.074,4.670
2022-07-24 22:00,0.034,3.801
2022-07-24 23:00,0.010,2.908
2022-07-25 00:00,0.002,2.065
2022-07-25 01:00,0.001,1.776
2022-07-25 02:00,0.002,2.102
2022-07-25 03:00,0.005,2.541
2022-07-25 04:00,0.010,2.860
2022-07-25 05:00,0.013,3.054
2022-07-25 06:00,0.013,3.037
2022-07-25 07:00,0.009,2.831
2022-07-25 08:00,0.006,2.596
2022-07-25 09:00,0.004,2.378
2022-07-25 10:00,0.002,2.122
2022-07-25 11:00,0.001,1.774
2022-07-25 12:00,0,1.334
2022-07-25 13:00,0,0.885
2022-07-25 14:00,0,0.809
2022-07-25 15:00,0,1.452
2022-07-25 16:00,0.001,1.857
2022-07-25 17:00,0.001,2.000
2022-07-25 18:00,0.001,2.002
2022-07-25 19:00,0.001,2.021
2022-07-25 20:00,0.002,2.169
2022-07-25 21:00,0.003,2.283
2022-07-25 22:00,0.004,2.423
2022-07-25 23:00,0.007,2.655
2022-07-26 00:00,0.010,2.874
2022-07-26 01:00,0.012,2.995
2022-07-26 02:00,0.012,3.012
2022-07-26 03:00,0.015,3.151
2022-07-26 04:00,0.023,3.461
2022-07-26 05:00,0.036,3.853
2022-07-26 06:00,0.055,4.288
2022-07-26 07:00,0.080,4.769
2022-07-26 08:00,0.115,5.286
2022-07-26 09:00,0.142,5.638
2022-07-26 10:00,0.156,5.795
2022-07-26 11:00,0.157,5.818
2022-07-26 12:00,0.141,5.627
2022-07-26 13:00,0.108,5.193
2022-07-26 14:00,0.078,4.736
2022-07-26 15:00,0.069,4.585
2022-07-26 16:00,0.084,4.834
2022-07-26 17:00,0.107,5.182
2022-07-26 18:00,0.127,5.446
2022-07-26 19:00,0.145,5.682
2022-07-26 20:00,0.167,5.931
2022-07-26 21:00,0.175,6.014
2022-07-26 22:00,0.185,6.123
2022-07-26 23:00,0.177,6.038
2022-07-27 00:00,0.164,5.894
2022-07-27 01:00,0.151,5.747
2022-07-27 02:00,0.137,5.573
2022-07-27 03:00,0.130,5.499
2022-07-27 04:00,0.143,5.656
2022-07-27 05:00,0.179,6.055
2022-07-27 06:00,0.234,6.611
2022-07-27 07:00,0.308,7.247
2022-07-27 08:00,0.374,7.766
2022-07-27 09:00,0.389,7.887
2022-07-27 10:00,0.357,7.636
2022-07-27 11:00,0.317,7.320
2022-07-27 12:00,0.287,7.072
2022-07-27 13:00,0.264,6.870
2022-07-27 14:00,0.256,6.806
2022-07-27 15:00,0.238,6.648
2022-07-27 16:00,0.236,6.627
2022-07-27 17:00,0.260,6.842
2022-07-27 18:00,0.302,7.203
2022-07-27 19:00,0.334,7.457
2022-07-27 20:00,0.338,7.487
2022-07-27 21:00,0.319,7.336
2022-07-27 22:00,0.299,7.174
2022-07-27 23:00,0.254,6.789
2022-07-28 00:00,0.192,6.199
2022-07-28 01:00,0.151,5.752
2022-07-28 02:00,0.135,5.546
2022-07-28 03:00,0.112,5.256
2022-07-28 04:00,0.079,4.758
2022-07-28 05:00,0.056,4.333
2022-07-28 06:00,0.051,4.210
2022-07-28 07:00,0.057,4.349
2022-07-28 08:00,0.078,4.734
2022-07-28 09:00,0.125,5.434
2022-07-28 10:00,0.180,6.071
2022-07-28 11:00,0.204,6.319
2022-07-28 12:00,0.201,6.296
2022-07-28 13:00,0.185,6.128
2022-07-28 14:00,0.165,5.909
2022-07-28 15:00,0.129,5.480
2022-07-28 16:00,0.093,4.982
2022-07-28 17:00,0.077,4.722
2022-07-28 18:00,0.087,4.873
2022-07-28 19:00,0.117,5.306
2022-07-28 20:00,0.160,5.849
2022-07-28 21:00,0.187,6.148
2022-07-28 22:00,0.209,6.363
2022-07-28 23:00,0.229,6.567
2022-07-29 00:00,0.255,6.798
2022-07-29 01:00,0.297,7.150
2022-07-29 02:00,0.353,7.600
2022-07-29 03:00,0.393,7.912
2022-07-29 04:00,0.407,8.009
2022-07-29 05:00,0.407,8.016
2022-07-29 06:00,0.407,8.014
2022-07-29 07:00,0.413,8.055
2022-07-29 08:00,0.417,8.091
2022-07-29 09:00,0.416,8.077
2022-07-29 10:00,0.412,8.048
2022-07-29 11:00,0.398,7.949
2022-07-29 12:00,0.389,7.884
2022-07-29 13:00,0.393,7.911
2022-07-29 14:00,0.397,7.942
2022-07-29 15:00,0.422,8.124
2022-07-29 16:00,0.472,8.491
2022-07-29 17:00,0.540,8.997
2022-07-29 18:00,0.609,9.533
2022-07-29 19:00,0.670,10.034
2022-07-29 20:00,0.700,10.293
2022-07-29 21:00,0.654,9.894
2022-07-29 22:00,0.609,9.528
2022-07-29 23:00,0.596,9.421
2022-07-30 00:00,0.553,9.097
2022-07-30 01:00,0.501,8.705
2022-07-30 02:00,0.484,8.579
2022-07-30 03:00,0.515,8.817
2022-07-30 04:00,0.552,9.089
2022-07-30 05:00,0.568,9.215
2022-07-30 06:00,0.584,9.334
2022-07-30 07:00,0.605,9.498
2022-07-30 08:00,0.622,9.634
2022-07-30 09:00,0.633,9.718
2022-07-30 10:00,0.647,9.836
2022-07-30 11:00,0.656,9.913
2022-07-30 12:00,0.623,9.639
2022-07-30 13:00,0.540,8.996
2022-07-30 14:00,0.450,8.325
2022-07-30 15:00,0.426,8.152
2022-07-30 16:00,0.446,8.304
2022-07-30 17:00,0.465,8.443
2022-07-30 18:00,0.468,8.466
2022-07-30 19:00,0.472,8.488
2022-07-30 20:00,0.510,8.773
2022-07-30 21:00,0.576,9.275
2022-07-30 22:00,0.598,9.438
2022-07-30 23:00,0.680,10.115
2022-07-31 00:00,0.686,10.164
2022-07-31 01:00,0.640,9.778
2022-07-31 02:00,0.573,9.249
2022-07-31 03:00,0.518,8.839
2022-07-31 04:00,0.492,8.641
2022-07-31 05:00,0.489,8.628
2022-07-31 06:00,0.502,8.710
2022-07-31 07:00,0.533,8.948
2022-07-31 08:00,0.596,9.429
2022-07-31 09:00,0.613,9.563
2022-07-31 10:00,0.644,9.816
2022-07-31 11:00,0.661,9.952
2022-07-31 12:00,0.691,10.209
2022-07-31 13:00,0.703,10.321
2022-07-31 14:00,0.712,10.407
2022-07-31 15:00,0.703,10.322
2022-07-31 16:00,0.694,10.243
2022-07-31 17:00,0.674,10.064
2022-07-31 18:00,0.629,9.684
2022-07-31 19:00,0.568,9.215
2022-07-31 20:00,0.528,8.912
2022-07-31 21:00,0.486,8.599
2022-07-31 22:00,0.460,8.411
2022-07-31 23:00,0.540,8.996
2022-08-01 00:00,0.620,9.618
2022-08-01 01:00,0.698,10.284
2022-08-01 02:00,0.741,10.686
2022-08-01 03:00,0.785,11.149
2022-08-01 04:00,0.781,11.109
2022-08-01 05:00,0.733,10.604
2022-08-01 06:00,0.672,10.047
2022-08-01 07:00,0.601,9.465
2022-08-01 08:00,0.549,9.068
2022-08-01 09:00,0.601,9.457
2022-08-01 10:00,0.722,10.493
2022-08-01 11:00,0.820,11.578
2022-08-01 12:00,0.857,12.108
2022-08-01 13:00,0.853,12.057
2022-08-01 14:00,0.828,11.690
2022-08-01 15:00,0.792,11.235
2022-08-01 16:00,0.770,10.984
2022-08-01 17:00,0.763,10.916
2022-08-01 18:00,0.772,11.003
2022-08-01 19:00,0.785,11.162
2022-08-01 20:00,0.777,11.063
2022-08-01 21:00,0.763,10.912
2022-08-01 22:00,0.773,11.015
2022-08-01 23:00,0.781,11.109
2022-08-02 00:00,0.795,11.266
2022-08-02 01:00,0.807,11.425
2022-08-02 02:00,0.822,11.610
2022-08-02 03:00,0.835,11.793
2022-08-02 04:00,0.827,11.682
2022-08-02 05:00,0.820,11.588
2022-08-02 06:00,0.818,11.559
2022-08-02 07:00,0.798,11.304
2022-08-02 08:00,0.747,10.745
2022-08-02 09:00,0.676,10.075
2022-08-02 10:00,0.609,9.534
2022-08-02 11:00,0.561,9.158
2022-08-02 12:00,0.541,9.006
2022-08-02 13:00,0.575,9.270
2022-08-02 14:00,0.572,9.238
2022-08-02 15:00,0.534,8.961
2022-08-02 16:00,0.515,8.818
2022-08-02 17:00,0.501,8.706
2022-08-02 18:00,0.474,8.507
2022-08-02 19:00,0.442,8.274
2022-08-02 20:00,0.411,8.044
2022-08-02 21:00,0.378,7.803
2022-08-02 22:00,0.418,8.096
2022-08-02 23:00,0.463,8.426
2022-08-03 00:00,0.485,8.596
2022-08-03 01:00,0.514,8.800
2022-08-03 02:00,0.537,8.982
2022-08-03 03:00,0.544,9.025
2022-08-03 04:00,0.549,9.070
2022-08-03 05:00,0.589,9.375
2022-08-03 06:00,0.641,9.792
2022-08-03 07:00,0.677,10.088
2022-08-03 08:00,0.668,10.015
2022-08-03 09:00,0.629,9.686
2022-08-03 10:00,0.595,9.415
2022-08-03 11:00,0.564,9.180
2022-08-03 12:00,0.551,9.084
2022-08-03 13:00,0.553,9.102
2022-08-03 14:00,0.561,9.152
2022-08-03 15:00,0.564,9.173
2022-08-03 16:00,0.551,9.083
2022-08-03 17:00,0.517,8.826
2022-08-03 18:00,0.462,8.417
2022-08-03 19:00,0.407,8.015
2022-08-03 20:00,0.356,7.631
2022-08-03 21:00,0.283,7.042
2022-08-03 22:00,0.275,6.978
2022-08-03 23:00,0.313,7.286
2022-08-04 00:00,0.328,7.403
2022-08-04 01:00,0.310,7.268
2022-08-04 02:00,0.262,6.852
2022-08-04 03:00,0.175,6.023
2022-08-04 04:00,0.105,5.160
2022-08-04 05:00,0.079,4.754
2022-08-04 06:00,0.081,4.779
2022-08-04 07:00,0.102,5.116
2022-08-04 08:00,0.130,5.490
2022-08-04 09:00,0.164,5.900
2022-08-04 10:00,0.211,6.391
2022-08-04 11:00,0.262,6.861
2022-08-04 12:00,0.300,7.182
2022-08-04 13:00,0.337,7.479
2022-08-04 14:00,0.371,7.748
2022-08-04 15:00,0.386,7.859
2022-08-04 16:00,0.413,8.061
2022-08-04 17:00,0.429,8.186
2022-08-04 18:00,0.417,8.092
2022-08-04 19:00,0.380,7.816
2022-08-04 20:00,0.324,7.379
2022-08-04 21:00,0.250,6.745
2022-08-04 22:00,0.224,6.515
2022-08-04 23:00,0.227,6.543
2022-08-05 00:00,0.212,6.399
2022-08-05 01:00,0.177,6.042
2022-08-05 02:00,0.133,5.526
2022-08-05 03:00,0.102,5.111
2022-08-05 04:00,0.103,5.127
2022-08-05 05:00,0.143,5.653
2022-08-05 06:00,0.225,6.524
2022-08-05 07:00,0.359,7.641
2022-08-05 08:00,0.489,8.627
2022-08-05 09:00,0.564,9.172
2022-08-05 10:00,0.594,9.406
2022-08-05 11:00,0.577,9.283
2022-08-05 12:00,0.549,9.073
2022-08-05 13:00,0.531,8.936
2022-08-05 14:00,0.488,8.620
2022-08-05 15:00,0.422,8.131
2022-08-05 16:00,0.364,7.696
2022-08-05 17:00,0.323,7.368
2022-08-05 18:00,0.274,6.964
2022-08-05 19:00,0.243,6.686
2022-08-05 20:00,0.221,6.477
2022-08-05 21:00,0.184,6.121
2022-08-05 22:00,0.155,5.790
2022-08-05 23:00,0.139,5.610
2022-08-06 00:00,0.115,5.284
2022-08-06 01:00,0.084,4.832
2022-08-06 02:00,0.061,4.414
2022-08-06 03:00,0.050,4.188
2022-08-06 04:00,0.051,4.214
2022-08-06 05:00,0.086,4.868
2022-08-06 06:00,0.156,5.810
2022-08-06 07:00,0.261,6.848
2022-08-06 08:00,0.367,7.720
2022-08-06 09:00,0.429,8.180
2022-08-06 10:00,0.462,8.419
2022-08-06 11:00,0.452,8.347
2022-08-06 12:00,0.412,8.050
2022-08-06 13:00,0.377,7.787
2022-08-06 14:00,0.366,7.711
2022-08-06 15:00,0.380,7.819
2022-08-06 16:00,0.333,7.451
2022-08-06 17:00,0.248,6.729
2022-08-06 18:00,0.206,6.340
2022-08-06 19:00,0.201,6.293
2022-08-06 20:00,0.206,6.340
2022-08-06 21:00,0.187,6.149
2022-08-06 22:00,0.158,5.829
2022-08-06 23:00,0.156,5.796
2022-08-07 00:00,0.197,6.248
2022-08-07 01:00,0.277,6.986
2022-08-07 02:00,0.371,7.749
2022-08-07 03:00,0.443,8.278
2022-08-07 04:00,0.508,8.757
2022-08-07 05:00,0.586,9.350
2022-08-07 06:00,0.651,9.868
2022-08-07 07:00,0.694,10.245
2022-08-07 08:00,0.719,10.474
2022-08-07 09:00,0.719,10.471
2022-08-07 10:00,0.712,10.407
2022-08-07 11:00,0.696,10.263
2022-08-07 12:00,0.692,10.221
2022-08-07 13:00,0.705,10.339
2022-08-07 14:00,0.719,10.472
2022-08-07 15:00,0.740,10.676
2022-08-07 16:00,0.756,10.837
2022-08-07 17:00,0.750,10.777
2022-08-07 18:00,0.739,10.665
2022-08-07 19:00,0.738,10.655
2022-08-07 20:00,0.747,10.750
2022-08-07 21:00,0.735,10.622
2022-08-07 22:00,0.747,10.751
2022-08-07 23:00,0.786,11.166
2022-08-08 00:00,0.808,11.435
2022-08-08 01:00,0.818,11.557
2022-08-08 02:00,0.834,11.766
2022-08-08 03:00,0.862,12.190
2022-08-08 04:00,0.893,12.736
2022-08-08 05:00,0.914,13.202
2022-08-08 06:00,0.923,13.410
2022-08-08 07:00,0.915,13.208
2022-08-08 08:00,0.884,12.574
2022-08-08 09:00,0.827,11.684
2022-08-08 10:00,0.763,10.909
2022-08-08 11:00,0.719,10.470
2022-08-08 12:00,0.712,10.411
2022-08-08 13:00,0.726,10.538
2022-08-08 14:00,0.731,10.592
2022-08-08 15:00,0.733,10.602
2022-08-08 16:00,0.731,10.588
2022-08-08 17:00,0.719,10.469
2022-08-08 18:00,0.707,10.362
2022-08-08 19:00,0.697,10.271
2022-08-08 20:00,0.687,10.176
2022-08-08 21:00,0.665,9.989
2022-08-08 22:00,0.670,10.032
2022-08-08 23:00,0.719,10.476
2022-08-09 00:00,0.748,10.754
2022-08-09 01:00,0.748,10.754
2022-08-09 02:00,0.729,10.568
2022-08-09 03:00,0.707,10.351
2022-08-09 04:00,0.694,10.242
2022-08-09 05:00,0.704,10.328
2022-08-09 06:00,0.728,10.564
2022-08-09 07:00,0.757,10.847
2022-08-09 08:00,0.759,10.866
2022-08-09 09:00,0.721,10.488
2022-08-09 10:00,0.689,10.194
2022-08-09 11:00,0.694,10.245
2022-08-09 12:00,0.733,10.603
2022-08-09 13:00,0.769,10.976
2022-08-09 14:00,0.795,11.268
2022-08-09 15:00,0.802,11.351
2022-08-09 16:00,0.795,11.268
2022-08-09 17:00,0.780,11.097
2022-08-09 18:00,0.754,10.815
2022-08-09 19:00,0.703,10.322
2022-08-09 20:00,0.660,9.938
2022-08-09 21:00,0.647,9.833
2022-08-09 22:00,0.668,10.017
2022-08-09 23:00,0.699,10.292
2022-08-10 00:00,0.718,10.462
2022-08-10 01:00,0.714,10.416
2022-08-10 02:00,0.698,10.281
2022-08-10 03:00,0.691,10.208
2022-08-10 04:00,0.696,10.262
2022-08-10 05:00,0.714,10.426
2022-08-10 06:00,0.729,10.568
2022-08-10 07:00,0.713,10.412
2022-08-10 08:00,0.663,9.966
2022-08-10 09:00,0.589,9.376
2022-08-10 10:00,0.555,9.114
2022-08-10 11:00,0.557,9.129
2022-08-10 12:00,0.584,9.339
2022-08-10 13:00,0.622,9.632
2022-08-10 14:00,0.660,9.947
2022-08-10 15:00,0.691,10.217
2022-08-10 16:00,0.723,10.507
2022-08-10 17:00,0.731,10.578
2022-08-10 18:00,0.733,10.605
2022-08-10 19:00,0.733,10.600
2022-08-10 20:00,0.733,10.606
2022-08-10 21:00,0.722,10.498
2022-08-10 22:00,0.745,10.730
2022-08-10 23:00,0.778,11.075
2022-08-11 00:00,0.813,11.499
2022-08-11 01:00,0.830,11.715
2022-08-11 02:00,0.829,11.702
2022-08-11 03:00,0.824,11.636
2022-08-11 04:00,0.806,11.412
2022-08-11 05:00,0.784,11.145
2022-08-11 06:00,0.760,10.871
2022-08-11 07:00,0.733,10.600
2022-08-11 08:00,0.689,10.189
2022-08-11 09:00,0.677,10.082
2022-08-11 10:00,0.691,10.216
2022-08-11 11:00,0.705,10.330
2022-08-11 12:00,0.730,10.572
2022-08-11 13:00,0.753,10.812
2022-08-11 14:00,0.760,10.875
2022-08-11 15:00,0.752,10.802
2022-08-11 16:00,0.734,10.616
2022-08-11 17:00,0.695,10.251
2022-08-11 18:00,0.654,9.893
2022-08-11 19:00,0.624,9.647
2022-08-11 20:00,0.605,9.501
2022-08-11 21:00,0.486,8.601
2022-08-11 22:00,0.366,7.707
2022-08-11 23:00,0.284,7.052
2022-08-12 00:00,0.203,6.315
2022-08-12 01:00,0.110,5.226
2022-08-12 02:00,0.041,3.985
2022-08-12 03:00,0.011,2.923
2022-08-12 04:00,0.003,2.327
2022-08-12 05:00,0.013,3.049
2022-08-12 06:00,0.042,4.004
2022-08-12 07:00,0.078,4.740
2022-08-12 08:00,0.107,5.180
2022-08-12 09:00,0.126,5.439
2022-08-12 10:00,0.129,5.481
2022-08-12 11:00,0.117,5.311
2022-08-12 12:00,0.106,5.173
2022-08-12 13:00,0.098,5.049
2022-08-12 14:00,0.074,4.671
2022-08-12 15:00,0.061,4.425
2022-08-12 16:00,0.068,4.549
2022-08-12 17:00,0.070,4.589
2022-08-12 18:00,0.056,4.322
2022-08-12 19:00,0.039,3.938
2022-08-12 20:00,0.033,3.778
2022-08-12 21:00,0.031,3.715
2022-08-12 22:00,0.037,3.883
2022-08-12 23:00,0.066,4.514
2022-08-13 00:00,0.118,5.326
2022-08-13 01:00,0.183,6.096
2022-08-13 02:00,0.238,6.651
2022-08-13 03:00,0.256,6.811
2022-08-13 04:00,0.273,6.956
2022-08-13 05:00,0.312,7.277
2022-08-13 06:00,0.347,7.562
2022-08-13 07:00,0.387,7.863
2022-08-13 08:00,0.453,8.363
2022-08-13 09:00,0.514,8.800
2022-08-13 10:00,0.509,8.771
2022-08-13 11:00,0.471,8.484
2022-08-13 12:00,0.441,8.268
2022-08-13 13:00,0.419,8.100
2022-08-13 14:00,0.452,8.346
2022-08-13 15:00,0.550,9.079
2022-08-13 16:00,0.628,9.681
2022-08-13 17:00,0.612,9.554
2022-08-13 18:00,0.575,9.265
2022-08-13 19:00,0.566,9.200
2022-08-13 20:00,0.572,9.238
2022-08-13 21:00,0.489,8.624
2022-08-13 22:00,0.446,8.304
2022-08-13 23:00,0.455,8.374
2022-08-14 00:00,0.426,8.162
2022-08-14 01:00,0.370,7.735
2022-08-14 02:00,0.324,7.382
2022-08-14 03:00,0.308,7.243
2022-08-14 04:00,0.346,7.554
2022-08-14 05:00,0.421,8.118
2022-08-14 06:00,0.506,8.745
2022-08-14 07:00,0.577,9.283
2022-08-14 08:00,0.637,9.760
2022-08-14 09:00,0.679,10.109
2022-08-14 10:00,0.674,10.065
2022-08-14 11:00,0.668,10.015
2022-08-14 12:00,0.674,10.066
2022-08-14 13:00,0.677,10.080
2022-08-14 14:00,0.674,10.064
2022-08-14 15:00,0.667,10.008
2022-08-14 16:00,0.663,9.969
2022-08-14 17:00,0.653,9.888
2022-08-14 18:00,0.650,9.864
2022-08-14 19:00,0.664,9.984
2022-08-14 20:00,0.697,10.268
2022-08-14 21:00,0.694,10.245
2022-08-14 22:00,0.707,10.361
2022-08-14 23:00,0.783,11.123
2022-08-15 00:00,0.854,12.069
2022-08-15 01:00,0.903,12.948
2022-08-15 02:00,0.931,13.611
2022-08-15 03:00,0.942,13.943
2022-08-15 04:00,0.948,14.151
2022-08-15 05:00,0.958,14.537
2022-08-15 06:00,0.964,14.795
2022-08-15 07:00,0.967,14.929
2022-08-15 08:00,0.965,14.820
2022-08-15 09:00,0.958,14.532
2022-08-15 10:00,0.954,14.355
2022-08-15 11:00,0.949,14.172
2022-08-15 12:00,0.947,14.097
2022-08-15 13:00,0.948,14.132
2022-08-15 14:00,0.952,14.300
2022-08-15 15:00,0.964,14.781
2022-08-15 16:00,0.968,14.982
2022-08-15 17:00,0.969,15.049
2022-08-15 18:00,0.959,14.559
2022-08-15 19:00,0.944,14.003
2022-08-15 20:00,0.919,13.309
2022-08-15 21:00,0.902,12.914
2022-08-15 22:00,0.905,12.981
2022-08-15 23:00,0.895,12.781
2022-08-16 00:00,0.895,12.774
2022-08-16 01:00,0.868,12.297
2022-08-16 02:00,0.820,11.579
2022-08-16 03:00,0.762,10.893
2022-08-16 04:00,0.653,9.885
2022-08-16 05:00,0.497,8.677
2022-08-16 06:00,0.370,7.735
2022-08-16 07:00,0.342,7.518
2022-08-16 08:00,0.356,7.632
2022-08-16 09:00,0.346,7.551
2022-08-16 10:00,0.291,7.103
2022-08-16 11:00,0.204,6.322
2022-08-16 12:00,0.139,5.600
2022-08-16 13:00,0.093,4.979
2022-08-16 14:00,0.058,4.362
2022-08-16 15:00,0.035,3.836
2022-08-16 16:00,0.103,5.130
2022-08-16 17:00,0.105,5.150
2022-08-16 18:00,0.139,5.600
2022-08-16 19:00,0.114,5.275
2022-08-16 20:00,0.087,4.872
2022-08-16 21:00,0.113,5.262
2022-08-16 22:00,0.163,5.883
2022-08-16 23:00,0.141,5.631
2022-08-17 00:00,0.113,5.261
2022-08-17 01:00,0.122,5.386
2022-08-17 02:00,0.190,6.170
2022-08-17 03:00,0.367,7.718
2022-08-17 04:00,0.494,8.657
2022-08-17 05:00,0.363,7.683
2022-08-17 06:00,0.209,6.365
2022-08-17 07:00,0.106,5.167
2022-08-17 08:00,0.179,6.064
2022-08-17 09:00,0.254,6.794
2022-08-17 10:00,0.274,6.961
2022-08-17 11:00,0.281,7.022
2022-08-17 12:00,0.221,6.479
2022-08-17 13:00,0.138,5.582
2022-08-17 14:00,0.092,4.958
2022-08-17 15:00,0.099,5.065
2022-08-17 16:00,0.113,5.264
2022-08-17 17:00,0.085,4.849
2022-08-17 18:00,0.061,4.416
2022-08-17 19:00,0.046,4.107
2022-08-17 20:00,0.036,3.851
2022-08-17 21:00,0.022,3.416
2022-08-17 22:00,0.007,2.659
2022-08-17 23:00,0.002,2.070
2022-08-18 00:00,0,1.507
2022-08-18 01:00,0,0.680
2022-08-18 02:00,0,0.385
2022-08-18 03:00,0,0.607
2022-08-18 04:00,0,1.260
2022-08-18 05:00,0.001,1.827
2022-08-18 06:00,0.003,2.252
2022-08-18 07:00,0.005,2.519
2022-08-18 08:00,0.009,2.841
2022-08-18 09:00,0.020,3.344
2022-08-18 10:00,0.037,3.888
2022-08-18 11:00,0.065,4.497
2022-08-18 12:00,0.109,5.204
2022-08-18 13:00,0.138,5.594
2022-08-18 14:00,0.157,5.818
2022-08-18 15:00,0.178,6.049
2022-08-18 16:00,0.175,6.016
2022-08-18 17:00,0.158,5.835
2022-08-18 18:00,0.158,5.832
2022-08-18 19:00,0.171,5.966
2022-08-18 20:00,0.174,6.007
2022-08-18 21:00,0.146,5.690
2022-08-18 22:00,0.121,5.381
2022-08-18 23:00,0.148,5.706
2022-08-19 00:00,0.196,6.235
2022-08-19 01:00,0.274,6.961
2022-08-19 02:00,0.344,7.540
2022-08-19 03:00,0.362,7.669
2022-08-19 04:00,0.399,7.960
2022-08-19 05:00,0.491,8.638
2022-08-19 06:00,0.580,9.308
2022-08-19 07:00,0.650,9.861
2022-08-19 08:00,0.687,10.177
2022-08-19 09:00,0.722,10.499
2022-08-19 10:00,0.751,10.786
2022-08-19 11:00,0.779,11.087
2022-08-19 12:00,0.795,11.267
2022-08-19 13:00,0.798,11.304
2022-08-19 14:00,0.805,11.391
2022-08-19 15:00,0.795,11.260
2022-08-19 16:00,0.785,11.163
2022-08-19 17:00,0.772,11.005
2022-08-19 18:00,0.768,10.965
2022-08-19 19:00,0.734,10.615
2022-08-19 20:00,0.661,9.951
2022-08-19 21:00,0.568,9.217
2022-08-19 22:00,0.463,8.423
2022-08-19 23:00,0.407,8.014
2022-08-20 00:00,0.400,7.965
2022-08-20 01:00,0.356,7.620
2022-08-20 02:00,0.257,6.815
2022-08-20 03:00,0.172,5.991
2022-08-20 04:00,0.061,4.417
2022-08-20 05:00,0.034,3.809
2022-08-20 06:00,0.028,3.623
2022-08-20 07:00,0.012,2.992
2022-08-20 08:00,0.002,2.129
2022-08-20 09:00,0.012,3.023
2022-08-20 10:00,0.084,4.835
2022-08-20 11:00,0.232,6.590
2022-08-20 12:00,0.423,8.140
2022-08-20 13:00,0.536,8.971
2022-08-20 14:00,0.571,9.233
2022-08-20 15:00,0.594,9.413
2022-08-20 16:00,0.637,9.755
2022-08-20 17:00,0.673,10.061
2022-08-20 18:00,0.684,10.147
2022-08-20 19:00,0.672,10.053
2022-08-20 20:00,0.658,9.932
2022-08-20 21:00,0.626,9.663
2022-08-20 22:00,0.599,9.441
2022-08-20 23:00,0.608,9.523
2022-08-21 00:00,0.616,9.582
2022-08-21 01:00,0.581,9.312
2022-08-21 02:00,0.511,8.780
2022-08-21 03:00,0.454,8.365
2022-08-21 04:00,0.419,8.103
2022-08-21 05:00,0.420,8.111
2022-08-21 06:00,0.451,8.343
2022-08-21 07:00,0.467,8.464
2022-08-21 08:00,0.475,8.513
2022-08-21 09:00,0.457,8.387
2022-08-21 10:00,0.417,8.090
2022-08-21 11:00,0.374,7.762
2022-08-21 12:00,0.308,7.240
2022-08-21 13:00,0.227,6.543
2022-08-21 14:00,0.155,5.787
2022-08-21 15:00,0.136,5.558
2022-08-21 16:00,0.137,5.573
2022-08-21 17:00,0.143,5.651
2022-08-21 18:00,0.144,5.667
2022-08-21 19:00,0.131,5.501
2022-08-21 20:00,0.108,5.196
2022-08-21 21:00,0.087,4.872
2022-08-21 22:00,0.063,4.465
2022-08-21 23:00,0.041,3.973
2022-08-22 00:00,0.011,2.955
2022-08-22 01:00,0.003,2.294
2022-08-22 02:00,0.007,2.666
2022-08-22 03:00,0.009,2.787
2022-08-22 04:00,0.001,2.009
2022-08-22 05:00,0,0.639
2022-08-22 06:00,0,0.908
2022-08-22 07:00,0.001,2.016
2022-08-22 08:00,0.019,3.299
2022-08-22 09:00,0.069,4.580
2022-08-22 10:00,0.136,5.562
2022-08-22 11:00,0.206,6.341
2022-08-22 12:00,0.258,6.822
2022-08-22 13:00,0.278,6.996
2022-08-22 14:00,0.289,7.085
2022-08-22 15:00,0.285,7.062
2022-08-22 16:00,0.263,6.863
2022-08-22 17:00,0.226,6.533
2022-08-22 18:00,0.179,6.055
2022-08-22 19:00,0.130,5.498
2022-08-22 20:00,0.087,4.873
2022-08-22 21:00,0.051,4.218
2022-08-22 22:00,0.025,3.536
2022-08-22 23:00,0.019,3.331
2022-08-23 00:00,0.017,3.254
2022-08-23 01:00,0.011,2.956
2022-08-23 02:00,0.005,2.498
2022-08-23 03:00,0.004,2.388
2022-08-23 04:00,0.005,2.533
2022-08-23 05:00,0.006,2.597
2022-08-23 06:00,0.004,2.373
2022-08-23 07:00,0.003,2.316
2022-08-23 08:00,0.003,2.209
2022-08-23 09:00,0.002,2.165
2022-08-23 10:00,0.003,2.300
2022-08-23 11:00,0.005,2.496
2022-08-23 12:00,0.013,3.060
2022-08-23 13:00,0.039,3.936
2022-08-23 14:00,0.100,5.072
2022-08-23 15:00,0.196,6.233
2022-08-23 16:00,0.288,7.079
2022-08-23 17:00,0.333,7.441
2022-08-23 18:00,0.370,7.734
2022-08-23 19:00,0.417,8.092
2022-08-23 20:00,0.478,8.543
2022-08-23 21:00,0.569,9.220
2022-08-23 22:00,0.687,10.178
2022-08-23 23:00,0.766,10.949
2022-08-24 00:00,0.798,11.304
2022-08-24 01:00,0.786,11.164
2022-08-24 02:00,0.746,10.732
2022-08-24 03:00,0.698,10.283
2022-08-24 04:00,0.645,9.818
2022-08-24 05:00,0.585,9.342
2022-08-24 06:00,0.490,8.635
2022-08-24 07:00,0.390,7.890
2022-08-24 08:00,0.314,7.298
2022-08-24 09:00,0.277,6.988
2022-08-24 10:00,0.266,6.891
2022-08-24 11:00,0.244,6.697
2022-08-24 12:00,0.195,6.226
2022-08-24 13:00,0.133,5.527
2022-08-24 14:00,0.082,4.793
2022-08-24 15:00,0.047,4.115
2022-08-24 16:00,0.029,3.647
2022-08-24 17:00,0.032,3.750
2022-08-24 18:00,0.057,4.340
2022-08-24 19:00,0.082,4.789
2022-08-24 20:00,0.098,5.050
2022-08-24 21:00,0.093,4.979
2022-08-24 22:00,0.068,4.548
2022-08-24 23:00,0.062,4.450
2022-08-25 00:00,0.063,4.472
2022-08-25 01:00,0.054,4.273
2022-08-25 02:00,0.039,3.938
2022-08-25 03:00,0.028,3.618
2022-08-25 04:00,0.019,3.333
2022-08-25 05:00,0.018,3.279
2022-08-25 06:00,0.023,3.452
2022-08-25 07:00,0.033,3.771
2022-08-25 08:00,0.053,4.267
2022-08-25 09:00,0.099,5.056
2022-08-25 10:00,0.156,5.799
2022-08-25 11:00,0.206,6.334
2022-08-25 12:00,0.236,6.619
2022-08-25 13:00,0.230,6.570
2022-08-25 14:00,0.220,6.474
2022-08-25 15:00,0.222,6.497
2022-08-25 16:00,0.255,6.800
2022-08-25 17:00,0.318,7.328
2022-08-25 18:00,0.337,7.482
2022-08-25 19:00,0.281,7.028
2022-08-25 20:00,0.227,6.544
2022-08-25 21:00,0.197,6.246
2022-08-25 22:00,0.222,6.488
2022-08-25 23:00,0.219,6.462
2022-08-26 00:00,0.102,5.107
2022-08-26 01:00,0.031,3.706
2022-08-26 02:00,0.009,2.850
2022-08-26 03:00,0.002,2.118
2022-08-26 04:00,0,1.644
2022-08-26 05:00,0,1.453
2022-08-26 06:00,0,1.175
2022-08-26 07:00,0,0.656
2022-08-26 08:00,0,0.471
2022-08-26 09:00,0,0.800
2022-08-26 10:00,0,1.263
2022-08-26 11:00,0.001,1.902
2022-08-26 12:00,0.015,3.129
2022-08-26 13:00,0.077,4.718
2022-08-26 14:00,0.172,5.975
2022-08-26 15:00,0.248,6.729
2022-08-26 16:00,0.271,6.935
2022-08-26 17:00,0.251,6.757
2022-08-26 18:00,0.241,6.667
2022-08-26 19:00,0.229,6.560
2022-08-26 20:00,0.227,6.548
2022-08-26 21:00,0.197,6.250
2022-08-26 22:00,0.144,5.668
2022-08-26 23:00,0.164,5.899
2022-08-27 00:00,0.157,5.825
2022-08-27 01:00,0.118,5.324
2022-08-27 02:00,0.087,4.873
2022-08-27 03:00,0.070,4.590
2022-08-27 04:00,0.056,4.320
2022-08-27 05:00,0.060,4.387
2022-08-27 06:00,0.071,4.610
2022-08-27 07:00,0.086,4.865
2022-08-27 08:00,0.120,5.365
2022-08-27 09:00,0.171,5.969
2022-08-27 10:00,0.240,6.664
2022-08-27 11:00,0.313,7.290
2022-08-27 12:00,0.353,7.599
2022-08-27 13:00,0.341,7.507
2022-08-27 14:00,0.340,7.503
2022-08-27 15:00,0.365,7.703
2022-08-27 16:00,0.356,7.630
2022-08-27 17:00,0.378,7.801
2022-08-27 18:00,0.400,7.965
2022-08-27 19:00,0.423,8.139
2022-08-27 20:00,0.440,8.257
2022-08-27 21:00,0.444,8.293
2022-08-27 22:00,0.429,8.174
2022-08-27 23:00,0.422,8.129
2022-08-28 00:00,0.405,8.001
2022-08-28 01:00,0.395,7.918
2022-08-28 02:00,0.401,7.971
2022-08-28 03:00,0.383,7.836
2022-08-28 04:00,0.352,7.595
2022-08-28 05:00,0.367,7.715
2022-08-28 06:00,0.432,8.205
2022-08-28 07:00,0.528,8.913
2022-08-28 08:00,0.576,9.272
2022-08-28 09:00,0.591,9.390
2022-08-28 10:00,0.599,9.444
2022-08-28 11:00,0.596,9.418
2022-08-28 12:00,0.549,9.070
2022-08-28 13:00,0.492,8.643
2022-08-28 14:00,0.447,8.314
2022-08-28 15:00,0.403,7.984
2022-08-28 16:00,0.349,7.575
2022-08-28 17:00,0.302,7.198
2022-08-28 18:00,0.276,6.983
2022-08-28 19:00,0.259,6.826
2022-08-28 20:00,0.210,6.377
2022-08-28 21:00,0.173,5.993
2022-08-28 22:00,0.143,5.651
2022-08-28 23:00,0.109,5.209
2022-08-29 00:00,0.061,4.409
2022-08-29 01:00,0.019,3.319
2022-08-29 02:00,0.006,2.605
2022-08-29 03:00,0.009,2.839
2022-08-29 04:00,0.030,3.690
2022-08-29 05:00,0.061,4.416
2022-08-29 06:00,0.085,4.843
2022-08-29 07:00,0.100,5.069
2022-08-29 08:00,0.119,5.349
2022-08-29 09:00,0.162,5.877
2022-08-29 10:00,0.187,6.143
2022-08-29 11:00,0.168,5.944
2022-08-29 12:00,0.145,5.681
2022-08-29 13:00,0.129,5.478
2022-08-29 14:00,0.116,5.305
2022-08-29 15:00,0.100,5.068
2022-08-29 16:00,0.084,4.838
2022-08-29 17:00,0.095,5.007
2022-08-29 18:00,0.096,5.017
2022-08-29 19:00,0.100,5.075
2022-08-29 20:00,0.080,4.761
2022-08-29 21:00,0.071,4.614
2022-08-29 22:00,0.087,4.876
2022-08-29 23:00,0.105,5.158
2022-08-30 00:00,0.118,5.330
2022-08-30 01:00,0.114,5.275
2022-08-30 02:00,0.106,5.166
2022-08-30 03:00,0.113,5.271
2022-08-30 04:00,0.130,5.489
2022-08-30 05:00,0.142,5.640
2022-08-30 06:00,0.164,5.896
2022-08-30 07:00,0.183,6.102
2022-08-30 08:00,0.194,6.212
2022-08-30 09:00,0.196,6.232
2022-08-30 10:00,0.179,6.060
2022-08-30 11:00,0.144,5.671
2022-08-30 12:00,0.100,5.075
2022-08-30 13:00,0.060,4.401
2022-08-30 14:00,0.034,3.794
2022-08-30 15:00,0.017,3.247
2022-08-30 16:00,0.009,2.795
2022-08-30 17:00,0.005,2.527
2022-08-30 18:00,0.006,2.561
2022-08-30 19:00,0.007,2.660
2022-08-30 20:00,0.006,2.620
2022-08-30 21:00,0.006,2.566
2022-08-30 22:00,0.004,2.360
2022-08-30 23:00,0,1.439
2022-08-31 00:00,0,0.799
2022-08-31 01:00,0,0.713
2022-08-31 02:00,0,1.210
2022-08-31 03:00,0.002,2.035
2022-08-31 04:00,0.025,3.532
2022-08-31 05:00,0.097,5.030
2022-08-31 06:00,0.225,6.526
2022-08-31 07:00,0.391,7.895
2022-08-31 08:00,0.524,8.880
2022-08-31 09:00,0.555,9.113
2022-08-31 10:00,0.542,9.014
2022-08-31 11:00,0.514,8.804
2022-08-31 12:00,0.469,8.476
2022-08-31 13:00,0.419,8.103
2022-08-31 14:00,0.378,7.801
2022-08-31 15:00,0.379,7.807
2022-08-31 16:00,0.395,7.932
2022-08-31 17:00,0.424,8.142
2022-08-31 18:00,0.455,8.374
2022-08-31 19:00,0.494,8.660
2022-08-31 20:00,0.532,8.945
2022-08-31 21:00,0.549,9.068
2022-08-31 22:00,0.533,8.949
2022-08-31 23:00,0.540,8.998
2022-09-01 00:00,0.537,8.976
2022-09-01 01:00,0.511,8.790
2022-09-01 02:00,0.482,8.565
2022-09-01 03:00,0.446,8.302
2022-09-01 04:00,0.441,8.269
2022-09-01 05:00,0.457,8.390
2022-09-01 06:00,0.456,8.382
2022-09-01 07:00,0.434,8.218
2022-09-01 08:00,0.404,7.991
2022-09-01 09:00,0.392,7.908
2022-09-01 10:00,0.422,8.122
2022-09-01 11:00,0.441,8.270
2022-09-01 12:00,0.395,7.928
2022-09-01 13:00,0.329,7.415
2022-09-01 14:00,0.310,7.261
2022-09-01 15:00,0.342,7.521
2022-09-01 16:00,0.438,8.249
2022-09-01 17:00,0.561,9.151
2022-09-01 18:00,0.614,9.572
2022-09-01 19:00,0.637,9.760
2022-09-01 20:00,0.665,9.992
2022-09-01 21:00,0.722,10.489
2022-09-01 22:00,0.792,11.233
2022-09-01 23:00,0.847,11.962
2022-09-02 00:00,0.875,12.414
2022-09-02 01:00,0.873,12.381
2022-09-02 02:00,0.853,12.056
2022-09-02 03:00,0.828,11.691
2022-09-02 04:00,0.808,11.428
2022-09-02 05:00,0.788,11.188
2022-09-02 06:00,0.789,11.207
2022-09-02 07:00,0.767,10.961
2022-09-02 08:00,0.744,10.723
2022-09-02 09:00,0.761,10.886
2022-09-02 10:00,0.774,11.037
2022-09-02 11:00,0.777,11.064
2022-09-02 12:00,0.781,11.110
2022-09-02 13:00,0.779,11.078
2022-09-02 14:00,0.789,11.200
2022-09-02 15:00,0.801,11.335
2022-09-02 16:00,0.809,11.442
2022-09-02 17:00,0.822,11.618
2022-09-02 18:00,0.822,11.615
2022-09-02 19:00,0.838,11.832
2022-09-02 20:00,0.861,12.167
2022-09-02 21:00,0.866,12.268
2022-09-02 22:00,0.857,12.112
2022-09-02 23:00,0.852,12.032
2022-09-03 00:00,0.832,11.749
2022-09-03 01:00,0.784,11.145
2022-09-03 02:00,0.723,10.516
2022-09-03 03:00,0.694,10.244
2022-09-03 04:00,0.733,10.604
2022-09-03 05:00,0.760,10.871
2022-09-03 06:00,0.767,10.955
2022-09-03 07:00,0.761,10.888
2022-09-03 08:00,0.738,10.648
2022-09-03 09:00,0.738,10.661
2022-09-03 10:00,0.760,10.870
2022-09-03 11:00,0.768,10.964
2022-09-03 12:00,0.774,11.033
2022-09-03 13:00,0.750,10.782
2022-09-03 14:00,0.731,10.577
2022-09-03 15:00,0.699,10.291
2022-09-03 16:00,0.682,10.136
2022-09-03 17:00,0.663,9.968
2022-09-03 18:00,0.630,9.690
2022-09-03 19:00,0.614,9.572
2022-09-03 20:00,0.619,9.611
2022-09-03 21:00,0.608,9.527
2022-09-03 22:00,0.566,9.199
2022-09-03 23:00,0.531,8.937
2022-09-04 00:00,0.450,8.327
2022-09-04 01:00,0.322,7.358
2022-09-04 02:00,0.206,6.334
2022-09-04 03:00,0.144,5.672
2022-09-04 04:00,0.120,5.367
2022-09-04 05:00,0.100,5.087
2022-09-04 06:00,0.079,4.751
2022-09-04 07:00,0.068,4.563
2022-09-04 08:00,0.069,4.584
2022-09-04 09:00,0.091,4.939
2022-09-04 10:00,0.148,5.717
2022-09-04 11:00,0.233,6.597
2022-09-04 12:00,0.330,7.419
2022-09-04 13:00,0.399,7.958
2022-09-04 14:00,0.427,8.163
2022-09-04 15:00,0.386,7.857
2022-09-04 16:00,0.332,7.438
2022-09-04 17:00,0.278,6.997
2022-09-04 18:00,0.232,6.587
2022-09-04 19:00,0.192,6.187
2022-09-04 20:00,0.163,5.892
2022-09-04 21:00,0.183,6.103
2022-09-04 22:00,0.219,6.459
2022-09-04 23:00,0.252,6.766
2022-09-05 00:00,0.339,7.497
2022-09-05 01:00,0.448,8.317
2022-09-05 02:00,0.550,9.077
2022-09-05 03:00,0.582,9.323
2022-09-05 04:00,0.586,9.353
2022-09-05 05:00,0.618,9.607
2022-09-05 06:00,0.691,10.218
2022-09-05 07:00,0.787,11.180
2022-09-05 08:00,0.867,12.281
2022-09-05 09:00,0.909,13.079
2022-09-05 10:00,0.929,13.554
2022-09-05 11:00,0.940,13.890
2022-09-05 12:00,0.952,14.280
2022-09-05 13:00,0.970,15.112
2022-09-05 14:00,0.987,16.558
2022-09-05 15:00,0.981,18.698
2022-09-05 16:00,0.919,20.815
2022-09-05 17:00,0.761,22.881
2022-09-05 18:00,0.381,25.915
2022-09-05 19:00,0.020,31.185
2022-09-05 20:00,0.005,32.738
2022-09-05 21:00,0.214,27.395
2022-09-05 22:00,0.579,24.413
2022-09-05 23:00,0.483,25.139
2022-09-06 00:00,0.492,25.075
2022-09-06 01:00,0.960,19.733
2022-09-06 02:00,0.970,15.108
2022-09-06 03:00,0.847,11.969
2022-09-06 04:00,0.647,9.830
2022-09-06 05:00,0.519,8.849
2022-09-06 06:00,0.431,8.198
2022-09-06 07:00,0.365,7.698
2022-09-06 08:00,0.339,7.501
2022-09-06 09:00,0.406,8.005
2022-09-06 10:00,0.484,8.591
2022-09-06 11:00,0.451,8.341
2022-09-06 12:00,0.372,7.754
2022-09-06 13:00,0.299,7.180
2022-09-06 14:00,0.266,6.896
2022-09-06 15:00,0.280,7.019
2022-09-06 16:00,0.333,7.440
2022-09-06 17:00,0.413,8.060
2022-09-06 18:00,0.484,8.587
2022-09-06 19:00,0.518,8.833
2022-09-06 20:00,0.513,8.797
2022-09-06 21:00,0.502,8.720
2022-09-06 22:00,0.450,8.335
2022-09-06 23:00,0.458,8.391
2022-09-07 00:00,0.478,8.542
2022-09-07 01:00,0.465,8.451
2022-09-07 02:00,0.425,8.148
2022-09-07 03:00,0.362,7.669
2022-09-07 04:00,0.297,7.152
2022-09-07 05:00,0.245,6.705
2022-09-07 06:00,0.206,6.342
2022-09-07 07:00,0.183,6.100
2022-09-07 08:00,0.175,6.018
2022-09-07 09:00,0.170,5.961
2022-09-07 10:00,0.164,5.898
2022-09-07 11:00,0.158,5.834
2022-09-07 12:00,0.142,5.643
2022-09-07 13:00,0.119,5.347
2022-09-07 14:00,0.103,5.133
2022-09-07 15:00,0.107,5.190
2022-09-07 16:00,0.128,5.467
2022-09-07 17:00,0.159,5.846
2022-09-07 18:00,0.199,6.261
2022-09-07 19:00,0.243,6.687
2022-09-07 20:00,0.289,7.088
2022-09-07 21:00,0.330,7.428
2022-09-07 22:00,0.333,7.455
2022-09-07 23:00,0.354,7.615
2022-09-08 00:00,0.426,8.156
2022-09-08 01:00,0.484,8.586
2022-09-08 02:00,0.540,8.997
2022-09-08 03:00,0.571,9.232
2022-09-08 04:00,0.583,9.326
2022-09-08 05:00,0.596,9.423
2022-09-08 06:00,0.594,9.414
2022-09-08 07:00,0.589,9.373
2022-09-08 08:00,0.597,9.435
2022-09-08 09:00,0.625,9.658
2022-09-08 10:00,0.646,9.827
2022-09-08 11:00,0.652,9.877
2022-09-08 12:00,0.641,9.785
2022-09-08 13:00,0.607,9.508
2022-09-08 14:00,0.563,9.169
2022-09-08 15:00,0.518,8.838
2022-09-08 16:00,0.472,8.499
2022-09-08 17:00,0.454,8.366
2022-09-08 18:00,0.450,8.330
2022-09-08 19:00,0.441,8.260
2022-09-08 20:00,0.427,8.164
2022-09-08 21:00,0.437,8.235
2022-09-08 22:00,0.431,8.198
2022-09-08 23:00,0.463,8.427
2022-09-09 00:00,0.497,8.678
2022-09-09 01:00,0.542,9.015
2022-09-09 02:00,0.596,9.426
2022-09-09 03:00,0.630,9.697
2022-09-09 04:00,0.647,9.828
2022-09-09 05:00,0.668,10.012
2022-09-09 06:00,0.685,10.160
2022-09-09 07:00,0.700,10.298
2022-09-09 08:00,0.729,10.571
2022-09-09 09:00,0.764,10.925
2022-09-09 10:00,0.782,11.116
2022-09-09 11:00,0.787,11.176
2022-09-09 12:00,0.798,11.313
2022-09-09 13:00,0.795,11.261
2022-09-09 14:00,0.764,10.930
2022-09-09 15:00,0.756,10.828
2022-09-09 16:00,0.765,10.940
2022-09-09 17:00,0.767,10.952
2022-09-09 18:00,0.764,10.923
2022-09-09 19:00,0.750,10.780
2022-09-09 20:00,0.760,10.881
2022-09-09 21:00,0.781,11.112
2022-09-09 22:00,0.769,10.976
2022-09-09 23:00,0.722,10.503
2022-09-10 00:00,0.682,10.135
2022-09-10 01:00,0.692,10.226
2022-09-10 02:00,0.753,10.808
2022-09-10 03:00,0.765,10.938
2022-09-10 04:00,0.729,10.571
2022-09-10 05:00,0.689,10.196
2022-09-10 06:00,0.656,9.906
2022-09-10 07:00,0.647,9.839
2022-09-10 08:00,0.671,10.045
2022-09-10 09:00,0.714,10.417
2022-09-10 10:00,0.736,10.636
2022-09-10 11:00,0.719,10.469
2022-09-10 12:00,0.668,10.012
2022-09-10 13:00,0.611,9.550
2022-09-10 14:00,0.545,9.034
2022-09-10 15:00,0.478,8.532
2022-09-10 16:00,0.426,8.158
2022-09-10 17:00,0.387,7.866
2022-09-10 18:00,0.368,7.724
2022-09-10 19:00,0.366,7.709
2022-09-10 20:00,0.369,7.730
2022-09-10 21:00,0.353,7.602
2022-09-10 22:00,0.304,7.221
2022-09-10 23:00,0.281,7.023
2022-09-11 00:00,0.259,6.830
2022-09-11 01:00,0.236,6.622
2022-09-11 02:00,0.222,6.500
2022-09-11 03:00,0.203,6.310
2022-09-11 04:00,0.181,6.077
2022-09-11 05:00,0.182,6.094
2022-09-11 06:00,0.218,6.454
2022-09-11 07:00,0.281,7.023
2022-09-11 08:00,0.348,7.567
2022-09-11 09:00,0.397,7.946
2022-09-11 10:00,0.413,8.062
2022-09-11 11:00,0.394,7.914
2022-09-11 12:00,0.353,7.608
2022-09-11 13:00,0.303,7.211
2022-09-11 14:00,0.274,6.966
2022-09-11 15:00,0.264,6.868
2022-09-11 16:00,0.249,6.738
2022-09-11 17:00,0.253,6.786
2022-09-11 18:00,0.291,7.099
2022-09-11 19:00,0.329,7.414
2022-09-11 20:00,0.362,7.676
2022-09-11 21:00,0.379,7.810
2022-09-11 22:00,0.362,7.669
2022-09-11 23:00,0.343,7.523
2022-09-12 00:00,0.293,7.124
2022-09-12 01:00,0.210,6.384
2022-09-12 02:00,0.129,5.482
2022-09-12 03:00,0.092,4.961
2022-09-12 04:00,0.107,5.188
2022-09-12 05:00,0.143,5.659
2022-09-12 06:00,0.170,5.954
2022-09-12 07:00,0.222,6.488
2022-09-12 08:00,0.297,7.154
2022-09-12 09:00,0.360,7.657
2022-09-12 10:00,0.403,7.986
2022-09-12 11:00,0.419,8.103
2022-09-12 12:00,0.429,8.178
2022-09-12 13:00,0.450,8.325
2022-09-12 14:00,0.458,8.392
2022-09-12 15:00,0.446,8.305
2022-09-12 16:00,0.473,8.503
2022-09-12 17:00,0.498,8.684
2022-09-12 18:00,0.495,8.666
2022-09-12 19:00,0.506,8.741
2022-09-12 20:00,0.518,8.839
2022-09-12 21:00,0.552,9.095
2022-09-12 22:00,0.579,9.301
2022-09-12 23:00,0.621,9.629
2022-09-13 00:00,0.685,10.162
2022-09-13 01:00,0.739,10.672
2022-09-13 02:00,0.790,11.215
2022-09-13 03:00,0.824,11.640
2022-09-13 04:00,0.834,11.762
2022-09-13 05:00,0.817,11.530
2022-09-13 06:00,0.818,11.560
2022-09-13 07:00,0.864,12.212
2022-09-13 08:00,0.908,13.054
2022-09-13 09:00,0.934,13.711
2022-09-13 10:00,0.948,14.147
2022-09-13 11:00,0.953,14.309
2022-09-13 12:00,0.950,14.218
2022-09-13 13:00,0.945,14.044
2022-09-13 14:00,0.941,13.903
2022-09-13 15:00,0.939,13.869
2022-09-13 16:00,0.944,14.007
2022-09-13 17:00,0.949,14.193
2022-09-13 18:00,0.952,14.295
2022-09-13 19:00,0.954,14.352
2022-09-13 20:00,0.956,14.435
2022-09-13 21:00,0.955,14.401
2022-09-13 22:00,0.951,14.242
2022-09-13 23:00,0.946,14.097
2022-09-14 00:00,0.943,13.981
2022-09-14 01:00,0.934,13.719
2022-09-14 02:00,0.927,13.491
2022-09-14 03:00,0.920,13.325
2022-09-14 04:00,0.918,13.283
2022-09-14 05:00,0.923,13.409
2022-09-14 06:00,0.933,13.676
2022-09-14 07:00,0.945,14.046
2022-09-14 08:00,0.954,14.368
2022-09-14 09:00,0.959,14.550
2022-09-14 10:00,0.958,14.539
2022-09-14 11:00,0.949,14.169
2022-09-14 12:00,0.930,13.584
2022-09-14 13:00,0.905,12.985
2022-09-14 14:00,0.873,12.381
2022-09-14 15:00,0.851,12.019
2022-09-14 16:00,0.846,11.945
2022-09-14 17:00,0.852,12.041
2022-09-14 18:00,0.856,12.097
2022-09-14 19:00,0.864,12.219
2022-09-14 20:00,0.868,12.300
2022-09-14 21:00,0.864,12.216
2022-09-14 22:00,0.844,11.911
2022-09-14 23:00,0.809,11.444
2022-09-15 00:00,0.769,10.982
2022-09-15 01:00,0.734,10.613
2022-09-15 02:00,0.714,10.428
2022-09-15 03:00,0.707,10.356
2022-09-15 04:00,0.698,10.283
2022-09-15 05:00,0.692,10.227
2022-09-15 06:00,0.689,10.189
2022-09-15 07:00,0.689,10.196
2022-09-15 08:00,0.689,10.200
2022-09-15 09:00,0.674,10.067
2022-09-15 10:00,0.650,9.865
2022-09-15 11:00,0.611,9.548
2022-09-15 12:00,0.548,9.053
2022-09-15 13:00,0.463,8.428
2022-09-15 14:00,0.379,7.805
2022-09-15 15:00,0.342,7.520
2022-09-15 16:00,0.333,7.452
2022-09-15 17:00,0.327,7.391
2022-09-15 18:00,0.322,7.364
2022-09-15 19:00,0.318,7.326
2022-09-15 20:00,0.313,7.281
2022-09-15 21:00,0.321,7.349
2022-09-15 22:00,0.308,7.249
2022-09-15 23:00,0.310,7.260
2022-09-16 00:00,0.285,7.060
2022-09-16 01:00,0.243,6.686
2022-09-16 02:00,0.199,6.270
2022-09-16 03:00,0.165,5.915
2022-09-16 04:00,0.135,5.551
2022-09-16 05:00,0.107,5.181
2022-09-16 06:00,0.087,4.883
2022-09-16 07:00,0.075,4.681
2022-09-16 08:00,0.075,4.679
2022-09-16 09:00,0.092,4.955
2022-09-16 10:00,0.111,5.245
2022-09-16 11:00,0.122,5.385
2022-09-16 12:00,0.124,5.416
2022-09-16 13:00,0.124,5.414
2022-09-16 14:00,0.120,5.359
2022-09-16 15:00,0.093,4.982
2022-09-16 16:00,0.073,4.638
2022-09-16 17:00,0.066,4.513
2022-09-16 18:00,0.071,4.608
2022-09-16 19:00,0.081,4.774
2022-09-16 20:00,0.089,4.910
2022-09-16 21:00,0.089,4.918
2022-09-16 22:00,0.078,4.737
2022-09-16 23:00,0.073,4.635
2022-09-17 00:00,0.070,4.590
2022-09-17 01:00,0.076,4.701
2022-09-17 02:00,0.094,4.994
2022-09-17 03:00,0.116,5.300
2022-09-17 04:00,0.131,5.500
2022-09-17 05:00,0.148,5.705
2022-09-17 06:00,0.186,6.138
2022-09-17 07:00,0.251,6.758
2022-09-17 08:00,0.301,7.185
2022-09-17 09:00,0.340,7.505
2022-09-17 10:00,0.391,7.895
2022-09-17 11:00,0.430,8.191
2022-09-17 12:00,0.453,8.349
2022-09-17 13:00,0.466,8.454
2022-09-17 14:00,0.478,8.532
2022-09-17 15:00,0.497,8.681
2022-09-17 16:00,0.535,8.965
2022-09-17 17:00,0.589,9.376
2022-09-17 18:00,0.636,9.751
2022-09-17 19:00,0.660,9.940
2022-09-17 20:00,0.690,10.205
2022-09-17 21:00,0.727,10.554
2022-09-17 22:00,0.768,10.964
2022-09-17 23:00,0.827,11.682
2022-09-18 00:00,0.878,12.468
2022-09-18 01:00,0.917,13.247
2022-09-18 02:00,0.940,13.875
2022-09-18 03:00,0.956,14.444
2022-09-18 04:00,0.969,15.046
2022-09-18 05:00,0.979,15.731
2022-09-18 06:00,0.986,16.491
2022-09-18 07:00,0.989,17.478
2022-09-18 08:00,0.986,18.118
2022-09-18 09:00,0.984,18.403
2022-09-18 10:00,0.954,19.946
2022-09-18 11:00,0.868,21.663
2022-09-18 12:00,0.730,23.173
2022-09-18 13:00,0.564,24.525
2022-09-18 14:00,0.351,26.157
2022-09-18 15:00,0.277,26.789
2022-09-18 16:00,0.275,26.804
2022-09-18 17:00,0.288,26.690
2022-09-18 18:00,0.225,27.283
2022-09-18 19:00,0.175,27.820
2022-09-18 20:00,0.113,28.638
2022-09-18 21:00,0.085,29.136
2022-09-18 22:00,0.074,29.338
2022-09-18 23:00,0.054,29.839
2022-09-19 00:00,0.035,30.456
2022-09-19 01:00,0.023,30.986
2022-09-19 02:00,0.029,30.683
2022-09-19 03:00,0.043,30.154
2022-09-19 04:00,0.081,29.197
2022-09-19 05:00,0.188,27.659
2022-09-19 06:00,0.377,25.948
2022-09-19 07:00,0.579,24.418
2022-09-19 08:00,0.712,23.334
2022-09-19 09:00,0.788,22.612
2022-09-19 10:00,0.842,22.009
2022-09-19 11:00,0.903,21.108
2022-09-19 12:00,0.956,19.885
2022-09-19 13:00,0.980,18.752
2022-09-19 14:00,0.988,17.862
2022-09-19 15:00,0.989,17.313
2022-09-19 16:00,0.989,17.012
2022-09-19 17:00,0.987,16.647
2022-09-19 18:00,0.984,16.217
2022-09-19 19:00,0.980,15.748
2022-09-19 20:00,0.972,15.222
2022-09-19 21:00,0.962,14.697
2022-09-19 22:00,0.947,14.114
2022-09-19 23:00,0.939,13.863
2022-09-20 00:00,0.937,13.798
2022-09-20 01:00,0.934,13.708
2022-09-20 02:00,0.927,13.516
2022-09-20 03:00,0.913,13.150
2022-09-20 04:00,0.891,12.714
2022-09-20 05:00,0.870,12.326
2022-09-20 06:00,0.845,11.919
2022-09-20 07:00,0.807,11.415
2022-09-20 08:00,0.756,10.835
2022-09-20 09:00,0.721,10.488
2022-09-20 10:00,0.694,10.246
2022-09-20 11:00,0.667,10.009
2022-09-20 12:00,0.638,9.768
2022-09-20 13:00,0.624,9.645
2022-09-20 14:00,0.620,9.617
2022-09-20 15:00,0.616,9.591
2022-09-20 16:00,0.610,9.539
2022-09-20 17:00,0.594,9.410
2022-09-20 18:00,0.570,9.226
2022-09-20 19:00,0.551,9.082
2022-09-20 20:00,0.551,9.082
2022-09-20 21:00,0.566,9.202
2022-09-20 22:00,0.557,9.127
2022-09-20 23:00,0.566,9.190
2022-09-21 00:00,0.576,9.272
2022-09-21 01:00,0.591,9.388
2022-09-21 02:00,0.601,9.465
2022-09-21 03:00,0.596,9.421
2022-09-21 04:00,0.576,9.273
2022-09-21 05:00,0.564,9.175
2022-09-21 06:00,0.567,9.208
2022-09-21 07:00,0.578,9.293
2022-09-21 08:00,0.594,9.408
2022-09-21 09:00,0.625,9.656
2022-09-21 10:00,0.650,9.861
2022-09-21 11:00,0.663,9.971
2022-09-21 12:00,0.663,9.976
2022-09-21 13:00,0.647,9.836
2022-09-21 14:00,0.618,9.603
2022-09-21 15:00,0.578,9.291
2022-09-21 16:00,0.523,8.875
2022-09-21 17:00,0.460,8.410
2022-09-21 18:00,0.403,7.983
2022-09-21 19:00,0.345,7.549
2022-09-21 20:00,0.294,7.133
2022-09-21 21:00,0.254,6.789
2022-09-21 22:00,0.218,6.454
2022-09-21 23:00,0.183,6.104
2022-09-22 00:00,0.163,5.889
2022-09-22 01:00,0.150,5.739
2022-09-22 02:00,0.139,5.602
2022-09-22 03:00,0.119,5.349
2022-09-22 04:00,0.094,4.994
2022-09-22 05:00,0.073,4.636
2022-09-22 06:00,0.053,4.264
2022-09-22 07:00,0.032,3.749
2022-09-22 08:00,0.027,3.611
2022-09-22 09:00,0.027,3.584
2022-09-22 10:00,0.022,3.421
2022-09-22 11:00,0.019,3.297
2022-09-22 12:00,0.015,3.139
2022-09-22 13:00,0.011,2.949
2022-09-22 14:00,0.006,2.625
2022-09-22 15:00,0.004,2.401
2022-09-22 16:00,0.002,2.071
2022-09-22 17:00,0.001,1.768
2022-09-22 18:00,0.001,1.805
2022-09-22 19:00,0.003,2.215
2022-09-22 20:00,0.008,2.776
2022-09-22 21:00,0.015,3.139
2022-09-22 22:00,0.016,3.176
2022-09-22 23:00,0.011,2.951
2022-09-23 00:00,0.004,2.437
2022-09-23 01:00,0,1.526
2022-09-23 02:00,0,1.195
2022-09-23 03:00,0.006,2.553
2022-09-23 04:00,0.049,4.176
2022-09-23 05:00,0.118,5.325
2022-09-23 06:00,0.190,6.172
2022-09-23 07:00,0.236,6.631
2022-09-23 08:00,0.256,6.809
2022-09-23 09:00,0.324,7.380
2022-09-23 10:00,0.545,9.041
2022-09-23 11:00,0.761,10.888
2022-09-23 12:00,0.827,11.678
2022-09-23 13:00,0.827,11.682
2022-09-23 14:00,0.813,11.488
2022-09-23 15:00,0.797,11.303
2022-09-23 16:00,0.770,10.985
2022-09-23 17:00,0.743,10.710
2022-09-23 18:00,0.733,10.601
2022-09-23 19:00,0.709,10.379
2022-09-23 20:00,0.668,10.019
2022-09-23 21:00,0.598,9.437
2022-09-23 22:00,0.478,8.534
2022-09-23 23:00,0.421,8.115
2022-09-24 00:00,0.382,7.825
2022-09-24 01:00,0.360,7.651
2022-09-24 02:00,0.317,7.323
2022-09-24 03:00,0.258,6.824
2022-09-24 04:00,0.185,6.124
2022-09-24 05:00,0.127,5.450
2022-09-24 06:00,0.092,4.966
2022-09-24 07:00,0.077,4.725
2022-09-24 08:00,0.070,4.589
2022-09-24 09:00,0.069,4.574
2022-09-24 10:00,0.077,4.710
2022-09-24 11:00,0.093,4.976
2022-09-24 12:00,0.116,5.302
2022-09-24 13:00,0.140,5.620
2022-09-24 14:00,0.161,5.871
2022-09-24 15:00,0.200,6.277
2022-09-24 16:00,0.229,6.565
2022-09-24 17:00,0.196,6.232
2022-09-24 18:00,0.165,5.910
2022-09-24 19:00,0.172,5.984
2022-09-24 20:00,0.192,6.196
2022-09-24 21:00,0.185,6.122
2022-09-24 22:00,0.171,5.969
2022-09-24 23:00,0.138,5.587
2022-09-25 00:00,0.109,5.201
2022-09-25 01:00,0.081,4.780
2022-09-25 02:00,0.056,4.328
2022-09-25 03:00,0.040,3.947
2022-09-25 04:00,0.038,3.917
2022-09-25 05:00,0.059,4.378
2022-09-25 06:00,0.088,4.899
2022-09-25 07:00,0.102,5.116
2022-09-25 08:00,0.105,5.153
2022-09-25 09:00,0.109,5.204
2022-09-25 10:00,0.111,5.238
2022-09-25 11:00,0.112,5.248
2022-09-25 12:00,0.109,5.201
2022-09-25 13:00,0.102,5.109
2022-09-25 14:00,0.100,5.080
2022-09-25 15:00,0.099,5.053
2022-09-25 16:00,0.091,4.947
2022-09-25 17:00,0.085,4.845
2022-09-25 18:00,0.079,4.757
2022-09-25 19:00,0.071,4.610
2022-09-25 20:00,0.048,4.141
2022-09-25 21:00,0.030,3.698
2022-09-25 22:00,0.041,3.984
2022-09-25 23:00,0.053,4.255
2022-09-26 00:00,0.055,4.289
2022-09-26 01:00,0.054,4.274
2022-09-26 02:00,0.061,4.429
2022-09-26 03:00,0.082,4.789
2022-09-26 04:00,0.104,5.139
2022-09-26 05:00,0.130,5.498
2022-09-26 06:00,0.156,5.803
2022-09-26 07:00,0.164,5.896
2022-09-26 08:00,0.145,5.676
2022-09-26 09:00,0.121,5.381
2022-09-26 10:00,0.109,5.210
2022-09-26 11:00,0.098,5.038
2022-09-26 12:00,0.092,4.962
2022-09-26 13:00,0.097,5.027
2022-09-26 14:00,0.092,4.962
2022-09-26 15:00,0.091,4.950
2022-09-26 16:00,0.106,5.165
2022-09-26 17:00,0.119,5.353
2022-09-26 18:00,0.146,5.691
2022-09-26 19:00,0.179,6.063
2022-09-26 20:00,0.189,6.164
2022-09-26 21:00,0.140,5.621
2022-09-26 22:00,0.126,5.443
2022-09-26 23:00,0.151,5.750
2022-09-27 00:00,0.160,5.851
2022-09-27 01:00,0.184,6.115
2022-09-27 02:00,0.145,5.676
2022-09-27 03:00,0.126,5.444
2022-09-27 04:00,0.136,5.561
2022-09-27 05:00,0.162,5.878
2022-09-27 06:00,0.216,6.434
2022-09-27 07:00,0.296,7.142
2022-09-27 08:00,0.374,7.761
2022-09-27 09:00,0.450,8.328
2022-09-27 10:00,0.502,8.719
2022-09-27 11:00,0.517,8.824
2022-09-27 12:00,0.500,8.701
2022-09-27 13:00,0.465,8.445
2022-09-27 14:00,0.390,7.892
2022-09-27 15:00,0.324,7.371
2022-09-27 16:00,0.264,6.879
2022-09-27 17:00,0.254,6.790
2022-09-27 18:00,0.256,6.811
2022-09-27 19:00,0.273,6.953
2022-09-27 20:00,0.301,7.186
2022-09-27 21:00,0.314,7.296
2022-09-27 22:00,0.321,7.349
2022-09-27 23:00,0.286,7.069
2022-09-28 00:00,0.236,6.630
2022-09-28 01:00,0.184,6.117
2022-09-28 02:00,0.150,5.742
2022-09-28 03:00,0.120,5.358
2022-09-28 04:00,0.088,4.905
2022-09-28 05:00,0.079,4.744
2022-09-28 06:00,0.079,4.759
2022-09-28 07:00,0.080,4.768
2022-09-28 08:00,0.082,4.797
2022-09-28 09:00,0.062,4.438
2022-09-28 10:00,0.037,3.890
2022-09-28 11:00,0.015,3.161
2022-09-28 12:00,0.004,2.419
2022-09-28 13:00,0.002,2.150
2022-09-28 14:00,0.004,2.413
2022-09-28 15:00,0.010,2.867
2022-09-28 16:00,0.018,3.293
2022-09-28 17:00,0.027,3.600
2022-09-28 18:00,0.031,3.732
2022-09-28 19:00,0.030,3.690
2022-09-28 20:00,0.027,3.595
2022-09-28 21:00,0.028,3.621
2022-09-28 22:00,0.030,3.693
2022-09-28 23:00,0.026,3.560
2022-09-29 00:00,0.029,3.652
2022-09-29 01:00,0.029,3.647
2022-09-29 02:00,0.019,3.329
2022-09-29 03:00,0.007,2.664
2022-09-29 04:00,0.001,1.910
2022-09-29 05:00,0,1.425
2022-09-29 06:00,0,1.403
2022-09-29 07:00,0,1.574
2022-09-29 08:00,0.001,1.839
2022-09-29 09:00,0.001,1.938
2022-09-29 10:00,0,1.642
2022-09-29 11:00,0,1.397
2022-09-29 12:00,0,1.348
2022-09-29 13:00,0,1.385
2022-09-29 14:00,0,1.365
2022-09-29 15:00,0,1.371
2022-09-29 16:00,0,1.427
2022-09-29 17:00,0,1.558
2022-09-29 18:00,0.001,1.816
2022-09-29 19:00,0.002,2.164
2022-09-29 20:00,0.005,2.529
2022-09-29 21:00,0.009,2.788
2022-09-29 22:00,0.009,2.824
2022-09-29 23:00,0.005,2.510
2022-09-30 00:00,0.002,2.044
2022-09-30 01:00,0.001,1.931
2022-09-30 02:00,0.001,1.734
2022-09-30 03:00,0,1.555
2022-09-30 04:00,0,1.276
2022-09-30 05:00,0,1.413
2022-09-30 06:00,0,1.445
2022-09-30 07:00,0,1.632
2022-09-30 08:00,0.001,1.692
2022-09-30 09:00,0.001,1.748
2022-09-30 10:00,0,1.506
2022-09-30 11:00,0,1.392
2022-09-30 12:00,0,1.475
2022-09-30 13:00,0,1.631
2022-09-30 14:00,0.001,1.861
2022-09-30 15:00,0.002,2.113
2022-09-30 16:00,0.003,2.327
2022-09-30 17:00,0.006,2.602
2022-09-30 18:00,0.012,2.975
2022-09-30 19:00,0.019,3.315
2022-09-30 20:00,0.025,3.543
2022-09-30 21:00,0.030,3.697
2022-09-30 22:00,0.034,3.805
2022-09-30 23:00,0.028,3.617
2022-10-01 00:00,0.017,3.225
2022-10-01 01:00,0.012,2.976
2022-10-01 02:00,0.005,2.516
2022-10-01 03:00,0.002,2.156
2022-10-01 04:00,0.002,2.137
2022-10-01 05:00,0.002,2.070
2022-10-01 06:00,0,1.229
2022-10-01 07:00,0,0.840
2022-10-01 08:00,0,1.649
2022-10-01 09:00,0.004,2.347
2022-10-01 10:00,0.010,2.886
2022-10-01 11:00,0.012,2.979
2022-10-01 12:00,0.009,2.784
2022-10-01 13:00,0.004,2.422
2022-10-01 14:00,0.001,1.856
2022-10-01 15:00,0.001,1.780
2022-10-01 16:00,0.001,1.723
2022-10-01 17:00,0,1.376
2022-10-01 18:00,0,1.002
2022-10-01 19:00,0,1.190
2022-10-01 20:00,0.003,2.224
2022-10-01 21:00,0.005,2.474
2022-10-01 22:00,0.004,2.410
2022-10-01 23:00,0.003,2.287
2022-10-02 00:00,0.004,2.416
2022-10-02 01:00,0.008,2.768
2022-10-02 02:00,0.014,3.085
2022-10-02 03:00,0.019,3.332
2022-10-02 04:00,0.022,3.443
2022-10-02 05:00,0.026,3.576
2022-10-02 06:00,0.029,3.673
2022-10-02 07:00,0.026,3.554
2022-10-02 08:00,0.027,3.599
2022-10-02 09:00,0.038,3.894
2022-10-02 10:00,0.061,4.434
2022-10-02 11:00,0.095,5.011
2022-10-02 12:00,0.135,5.547
2022-10-02 13:00,0.174,6.004
2022-10-02 14:00,0.214,6.416
2022-10-02 15:00,0.243,6.686
2022-10-02 16:00,0.289,7.081
2022-10-02 17:00,0.371,7.745
2022-10-02 18:00,0.474,8.508
2022-10-02 19:00,0.536,8.973
2022-10-02 20:00,0.584,9.337
2022-10-02 21:00,0.601,9.472
2022-10-02 22:00,0.487,8.607
2022-10-02 23:00,0.434,8.220
2022-10-03 00:00,0.467,8.465
2022-10-03 01:00,0.614,9.567
2022-10-03 02:00,0.697,10.267
2022-10-03 03:00,0.709,10.382
2022-10-03 04:00,0.786,11.167
2022-10-03 05:00,0.837,11.824
2022-10-03 06:00,0.839,11.848
2022-10-03 07:00,0.809,11.442
2022-10-03 08:00,0.774,11.038
2022-10-03 09:00,0.764,10.924
2022-10-03 10:00,0.763,10.909
2022-10-03 11:00,0.797,11.298
2022-10-03 12:00,0.822,11.607
2022-10-03 13:00,0.866,12.257
2022-10-03 14:00,0.904,12.967
2022-10-03 15:00,0.934,13.720
2022-10-03 16:00,0.948,14.131
2022-10-03 17:00,0.956,14.465
2022-10-03 18:00,0.962,14.676
2022-10-03 19:00,0.959,14.585
2022-10-03 20:00,0.957,14.487
2022-10-03 21:00,0.965,14.831
2022-10-03 22:00,0.977,15.528
2022-10-03 23:00,0.971,15.157
2022-10-04 00:00,0.955,14.399
2022-10-04 01:00,0.918,13.283
2022-10-04 02:00,0.877,12.444
2022-10-04 03:00,0.722,10.496
2022-10-04 04:00,0.628,9.674
2022-10-04 05:00,0.709,10.377
2022-10-04 06:00,0.780,11.094
2022-10-04 07:00,0.820,11.584
2022-10-04 08:00,0.847,11.966
2022-10-04 09:00,0.858,12.132
2022-10-04 10:00,0.850,12.006
2022-10-04 11:00,0.830,11.717
2022-10-04 12:00,0.802,11.356
2022-10-04 13:00,0.773,11.028
2022-10-04 14:00,0.740,10.678
2022-10-04 15:00,0.705,10.343
2022-10-04 16:00,0.684,10.149
2022-10-04 17:00,0.686,10.167
2022-10-04 18:00,0.696,10.264
2022-10-04 19:00,0.698,10.278
2022-10-04 20:00,0.672,10.053
2022-10-04 21:00,0.638,9.767
2022-10-04 22:00,0.599,9.441
2022-10-04 23:00,0.561,9.153
2022-10-05 00:00,0.533,8.951
2022-10-05 01:00,0.484,8.591
2022-10-05 02:00,0.419,8.098
2022-10-05 03:00,0.333,7.453
2022-10-05 04:00,0.267,6.908
2022-10-05 05:00,0.232,6.579
2022-10-05 06:00,0.222,6.490
2022-10-05 07:00,0.210,6.374
2022-10-05 08:00,0.166,5.921
2022-10-05 09:00,0.161,5.870
2022-10-05 10:00,0.177,6.030
2022-10-05 11:00,0.193,6.206
2022-10-05 12:00,0.228,6.551
2022-10-05 13:00,0.232,6.582
2022-10-05 14:00,0.216,6.433
2022-10-05 15:00,0.223,6.508
2022-10-05 16:00,0.195,6.223
2022-10-05 17:00,0.185,6.129
2022-10-05 18:00,0.238,6.646
2022-10-05 19:00,0.275,6.973
2022-10-05 20:00,0.272,6.946
2022-10-05 21:00,0.228,6.549
2022-10-05 22:00,0.190,6.170
2022-10-05 23:00,0.164,5.901
2022-10-06 00:00,0.138,5.585
2022-10-06 01:00,0.094,4.991
2022-10-06 02:00,0.068,4.560
2022-10-06 03:00,0.051,4.218
2022-10-06 04:00,0.028,3.625
2022-10-06 05:00,0.002,2.114
2022-10-06 06:00,0,0.896
2022-10-06 07:00,0,1.629
2022-10-06 08:00,0.001,1.886
2022-10-06 09:00,0.001,1.851
2022-10-06 10:00,0,1.555
2022-10-06 11:00,0,0.528
2022-10-06 12:00,0,0.523
2022-10-06 13:00,0,1.201
2022-10-06 14:00,0.002,2.145
2022-10-06 15:00,0.019,3.326
2022-10-06 16:00,0.087,4.889
2022-10-06 17:00,0.252,6.764
2022-10-06 18:00,0.511,8.785
2022-10-06 19:00,0.702,10.314
2022-10-06 20:00,0.773,11.018
2022-10-06 21:00,0.736,10.640
2022-10-06 22:00,0.628,9.683
2022-10-06 23:00,0.554,9.105
2022-10-07 00:00,0.555,9.116
2022-10-07 01:00,0.581,9.313
2022-10-07 02:00,0.621,9.625
2022-10-07 03:00,0.722,10.504
2022-10-07 04:00,0.853,12.050
2022-10-07 05:00,0.942,13.943
2022-10-07 06:00,0.975,15.380
2022-10-07 07:00,0.984,16.178
2022-10-07 08:00,0.987,16.662
2022-10-07 09:00,0.984,16.204
2022-10-07 10:00,0.964,14.772
2022-10-07 11:00,0.917,13.253
2022-10-07 12:00,0.858,12.131
2022-10-07 13:00,0.814,11.505
2022-10-07 14:00,0.785,11.147
2022-10-07 15:00,0.756,10.834
2022-10-07 16:00,0.712,10.405
2022-10-07 17:00,0.680,10.116
2022-10-07 18:00,0.674,10.067
2022-10-07 19:00,0.687,10.177
2022-10-07 20:00,0.701,10.307
2022-10-07 21:00,0.706,10.345
2022-10-07 22:00,0.697,10.269
2022-10-07 23:00,0.665,9.986
2022-10-08 00:00,0.628,9.683
2022-10-08 01:00,0.596,9.431
2022-10-08 02:00,0.564,9.180
2022-10-08 03:00,0.530,8.929
2022-10-08 04:00,0.512,8.792
2022-10-08 05:00,0.508,8.757
2022-10-08 06:00,0.493,8.646
2022-10-08 07:00,0.488,8.618
2022-10-08 08:00,0.518,8.838
2022-10-08 09:00,0.545,9.040
2022-10-08 10:00,0.558,9.137
2022-10-08 11:00,0.544,9.026
2022-10-08 12:00,0.494,8.650
2022-10-08 13:00,0.422,8.132
2022-10-08 14:00,0.351,7.580
2022-10-08 15:00,0.291,7.101
2022-10-08 16:00,0.254,6.789
2022-10-08 17:00,0.223,6.507
2022-10-08 18:00,0.217,6.447
2022-10-08 19:00,0.208,6.358
2022-10-08 20:00,0.213,6.410
2022-10-08 21:00,0.237,6.639
2022-10-08 22:00,0.252,6.761
2022-10-08 23:00,0.291,7.111
2022-10-09 00:00,0.353,7.602
2022-10-09 01:00,0.358,7.638
2022-10-09 02:00,0.297,7.162
2022-10-09 03:00,0.208,6.354
2022-10-09 04:00,0.109,5.206
2022-10-09 05:00,0.050,4.208
2022-10-09 06:00,0.029,3.646
2022-10-09 07:00,0.017,3.245
2022-10-09 08:00,0.011,2.957
2022-10-09 09:00,0.007,2.661
2022-10-09 10:00,0.008,2.740
2022-10-09 11:00,0.006,2.571
2022-10-09 12:00,0.003,2.281
2022-10-09 13:00,0.069,4.575
2022-10-09 14:00,0.386,7.857
2022-10-09 15:00,0.790,11.209
2022-10-09 16:00,0.898,12.843
2022-10-09 17:00,0.924,13.436
2022-10-09 18:00,0.928,13.539
2022-10-09 19:00,0.927,13.518
2022-10-09 20:00,0.922,13.373
2022-10-09 21:00,0.915,13.221
2022-10-09 22:00,0.910,13.079
2022-10-09 23:00,0.934,13.702
2022-10-10 00:00,0.936,13.761
2022-10-10 01:00,0.927,13.490
2022-10-10 02:00,0.918,13.288
2022-10-10 03:00,0.908,13.046
2022-10-10 04:00,0.893,12.734
2022-10-10 05:00,0.874,12.396
2022-10-10 06:00,0.860,12.159
2022-10-10 07:00,0.859,12.145
2022-10-10 08:00,0.888,12.641
2022-10-10 09:00,0.926,13.485
2022-10-10 10:00,0.951,14.269
2022-10-10 11:00,0.970,15.088
2022-10-10 12:00,0.977,15.545
2022-10-10 13:00,0.981,15.812
2022-10-10 14:00,0.981,15.837
2022-10-10 15:00,0.977,15.539
2022-10-10 16:00,0.972,15.201
2022-10-10 17:00,0.967,14.944
2022-10-10 18:00,0.960,14.632
2022-10-10 19:00,0.949,14.166
2022-10-10 20:00,0.937,13.783
2022-10-10 21:00,0.914,13.198
2022-10-10 22:00,0.870,12.320
2022-10-10 23:00,0.807,11.415
2022-10-11 00:00,0.705,10.335
2022-10-11 01:00,0.548,9.051
2022-10-11 02:00,0.351,7.581
2022-10-11 03:00,0.210,6.370
2022-10-11 04:00,0.118,5.341
2022-10-11 05:00,0.066,4.514
2022-10-11 06:00,0.033,3.764
2022-10-11 07:00,0.018,3.289
2022-10-11 08:00,0.013,3.069
2022-10-11 09:00,0.017,3.231
2022-10-11 10:00,0.035,3.840
2022-10-11 11:00,0.062,4.451
2022-10-11 12:00,0.100,5.070
2022-10-11 13:00,0.141,5.629
2022-10-11 14:00,0.179,6.061
2022-10-11 15:00,0.191,6.187
2022-10-11 16:00,0.171,5.968
2022-10-11 17:00,0.144,5.666
2022-10-11 18:00,0.133,5.527
2022-10-11 19:00,0.135,5.545
2022-10-11 20:00,0.143,5.656
2022-10-11 21:00,0.163,5.884
2022-10-11 22:00,0.190,6.180
2022-10-11 23:00,0.208,6.362
2022-10-12 00:00,0.275,6.978
2022-10-12 01:00,0.352,7.595
2022-10-12 02:00,0.422,8.121
2022-10-12 03:00,0.494,8.658
2022-10-12 04:00,0.538,8.985
2022-10-12 05:00,0.576,9.272
2022-10-12 06:00,0.610,9.540
2022-10-12 07:00,0.637,9.756
2022-10-12 08:00,0.657,9.917
2022-10-12 09:00,0.679,10.107
2022-10-12 10:00,0.700,10.300
2022-10-12 11:00,0.723,10.509
2022-10-12 12:00,0.749,10.759
2022-10-12 13:00,0.762,10.897
2022-10-12 14:00,0.753,10.805
2022-10-12 15:00,0.731,10.589
2022-10-12 16:00,0.701,10.303
2022-10-12 17:00,0.682,10.137
2022-10-12 18:00,0.691,10.217
2022-10-12 19:00,0.731,10.582
2022-10-12 20:00,0.793,11.250
2022-10-12 21:00,0.801,11.343
2022-10-12 22:00,0.735,10.622
2022-10-12 23:00,0.654,9.893
2022-10-13 00:00,0.622,9.639
2022-10-13 01:00,0.619,9.609
2022-10-13 02:00,0.625,9.653
2022-10-13 03:00,0.657,9.918
2022-10-13 04:00,0.699,10.286
2022-10-13 05:00,0.729,10.568
2022-10-13 06:00,0.738,10.652
2022-10-13 07:00,0.735,10.627
2022-10-13 08:00,0.738,10.658
2022-10-13 09:00,0.761,10.886
2022-10-13 10:00,0.774,11.038
2022-10-13 11:00,0.726,10.545
2022-10-13 12:00,0.627,9.667
2022-10-13 13:00,0.514,8.798
2022-10-13 14:00,0.399,7.956
2022-10-13 15:00,0.333,7.445
2022-10-13 16:00,0.295,7.136
2022-10-13 17:00,0.281,7.025
2022-10-13 18:00,0.294,7.132
2022-10-13 19:00,0.326,7.389
2022-10-13 20:00,0.356,7.621
2022-10-13 21:00,0.372,7.750
2022-10-13 22:00,0.374,7.760
2022-10-13 23:00,0.328,7.410
2022-10-14 00:00,0.290,7.098
2022-10-14 01:00,0.255,6.797
2022-10-14 02:00,0.226,6.537
2022-10-14 03:00,0.222,6.493
2022-10-14 04:00,0.249,6.738
2022-10-14 05:00,0.305,7.223
2022-10-14 06:00,0.396,7.935
2022-10-14 07:00,0.481,8.563
2022-10-14 08:00,0.538,8.985
2022-10-14 09:00,0.557,9.131
2022-10-14 10:00,0.511,8.784
2022-10-14 11:00,0.438,8.245
2022-10-14 12:00,0.356,7.632
2022-10-14 13:00,0.264,6.874
2022-10-14 14:00,0.179,6.051
2022-10-14 15:00,0.138,5.590
2022-10-14 16:00,0.116,5.297
2022-10-14 17:00,0.106,5.174
2022-10-14 18:00,0.122,5.391
2022-10-14 19:00,0.147,5.697
2022-10-14 20:00,0.175,6.022
2022-10-14 21:00,0.197,6.237
2022-10-14 22:00,0.200,6.285
2022-10-14 23:00,0.183,6.108
2022-10-15 00:00,0.179,6.054
2022-10-15 01:00,0.171,5.971
2022-10-15 02:00,0.166,5.916
2022-10-15 03:00,0.172,5.991
2022-10-15 04:00,0.193,6.207
2022-10-15 05:00,0.229,6.563
2022-10-15 06:00,0.272,6.940
2022-10-15 07:00,0.302,7.202
2022-10-15 08:00,0.330,7.428
2022-10-15 09:00,0.364,7.691
2022-10-15 10:00,0.374,7.769
2022-10-15 11:00,0.365,7.698
2022-10-15 12:00,0.340,7.504
2022-10-15 13:00,0.302,7.191
2022-10-15 14:00,0.257,6.821
2022-10-15 15:00,0.215,6.418
2022-10-15 16:00,0.177,6.031
2022-10-15 17:00,0.145,5.678
2022-10-15 18:00,0.120,5.362
2022-10-15 19:00,0.098,5.050
2022-10-15 20:00,0.070,4.592
2022-10-15 21:00,0.043,4.040
2022-10-15 22:00,0.021,3.379
2022-10-15 23:00,0.006,2.617
2022-10-16 00:00,0.001,1.890
2022-10-16 01:00,0,1.172
2022-10-16 02:00,0,1.123
2022-10-16 03:00,0,1.359
2022-10-16 04:00,0.001,1.760
2022-10-16 05:00,0.002,2.139
2022-10-16 06:00,0.002,2.149
2022-10-16 07:00,0.001,1.764
2022-10-16 08:00,0,1.109
2022-10-16 09:00,0,0.692
2022-10-16 10:00,0,0.838
2022-10-16 11:00,0,1.368
2022-10-16 12:00,0.003,2.298
2022-10-16 13:00,0.023,3.446
2022-10-16 14:00,0.069,4.574
2022-10-16 15:00,0.106,5.165
2022-10-16 16:00,0.135,5.543
2022-10-16 17:00,0.191,6.183
2022-10-16 18:00,0.299,7.175
2022-10-16 19:00,0.425,8.146
2022-10-16 20:00,0.503,8.726
2022-10-16 21:00,0.617,9.595
2022-10-16 22:00,0.701,10.307
2022-10-16 23:00,0.743,10.705
2022-10-17 00:00,0.763,10.914
2022-10-17 01:00,0.759,10.866
2022-10-17 02:00,0.735,10.633
2022-10-17 03:00,0.711,10.394
2022-10-17 04:00,0.712,10.399
2022-10-17 05:00,0.751,10.787
2022-10-17 06:00,0.802,11.350
2022-10-17 07:00,0.848,11.975
2022-10-17 08:00,0.889,12.655
2022-10-17 09:00,0.923,13.398
2022-10-17 10:00,0.937,13.789
2022-10-17 11:00,0.943,13.969
2022-10-17 12:00,0.940,13.888
2022-10-17 13:00,0.930,13.586
2022-10-17 14:00,0.910,13.082
2022-10-17 15:00,0.892,12.715
2022-10-17 16:00,0.885,12.593
2022-10-17 17:00,0.883,12.555
2022-10-17 18:00,0.886,12.609
2022-10-17 19:00,0.887,12.621
2022-10-17 20:00,0.880,12.499
2022-10-17 21:00,0.855,12.083
2022-10-17 22:00,0.796,11.286
2022-10-17 23:00,0.705,10.329
2022-10-18 00:00,0.625,9.652
2022-10-18 01:00,0.503,8.727
2022-10-18 02:00,0.401,7.974
2022-10-18 03:00,0.334,7.461
2022-10-18 04:00,0.274,6.956
2022-10-18 05:00,0.219,6.467
2022-10-18 06:00,0.181,6.076
2022-10-18 07:00,0.164,5.901
2022-10-18 08:00,0.186,6.138
2022-10-18 09:00,0.224,6.519
2022-10-18 10:00,0.227,6.540
2022-10-18 11:00,0.213,6.410
2022-10-18 12:00,0.184,6.116
2022-10-18 13:00,0.165,5.907
2022-10-18 14:00,0.158,5.829
2022-10-18 15:00,0.174,6.004
2022-10-18 16:00,0.217,6.440
2022-10-18 17:00,0.259,6.830
2022-10-18 18:00,0.295,7.137
2022-10-18 19:00,0.347,7.561
2022-10-18 20:00,0.389,7.879
2022-10-18 21:00,0.386,7.860
2022-10-18 22:00,0.334,7.461
2022-10-18 23:00,0.252,6.776
2022-10-19 00:00,0.248,6.732
2022-10-19 01:00,0.249,6.732
2022-10-19 02:00,0.257,6.814
2022-10-19 03:00,0.261,6.848
2022-10-19 04:00,0.236,6.632
2022-10-19 05:00,0.211,6.393
2022-10-19 06:00,0.206,6.330
2022-10-19 07:00,0.202,6.303
2022-10-19 08:00,0.204,6.318
2022-10-19 09:00,0.196,6.231
2022-10-19 10:00,0.185,6.122
2022-10-19 11:00,0.161,5.864
2022-10-19 12:00,0.130,5.488
2022-10-19 13:00,0.105,5.151
2022-10-19 14:00,0.085,4.847
2022-10-19 15:00,0.072,4.617
2022-10-19 16:00,0.059,4.385
2022-10-19 17:00,0.048,4.138
2022-10-19 18:00,0.036,3.853
2022-10-19 19:00,0.028,3.622
2022-10-19 20:00,0.024,3.495
2022-10-19 21:00,0.024,3.514
2022-10-19 22:00,0.025,3.538
2022-10-19 23:00,0.017,3.215
2022-10-20 00:00,0.006,2.596
2022-10-20 01:00,0.002,2.049
2022-10-20 02:00,0.001,1.712
2022-10-20 03:00,0,1.468
2022-10-20 04:00,0,1.141
2022-10-20 05:00,0,0.665
2022-10-20 06:00,0,0.262
2022-10-20 07:00,0,0.200
2022-10-20 08:00,0,0.945
2022-10-20 09:00,0,1.227
2022-10-20 10:00,0,1.536
2022-10-20 11:00,0.002,2.072
2022-10-20 12:00,0.008,2.739
2022-10-20 13:00,0.021,3.382
2022-10-20 14:00,0.042,4.022
2022-10-20 15:00,0.059,4.374
2022-10-20 16:00,0.064,4.482
2022-10-20 17:00,0.068,4.547
2022-10-20 18:00,0.073,4.637
2022-10-20 19:00,0.077,4.713
2022-10-20 20:00,0.078,4.740
2022-10-20 21:00,0.085,4.845
2022-10-20 22:00,0.098,5.044
2022-10-20 23:00,0.118,5.324
2022-10-21 00:00,0.129,5.485
2022-10-21 01:00,0.188,6.154
2022-10-21 02:00,0.262,6.861
2022-10-21 03:00,0.301,7.187
2022-10-21 04:00,0.252,6.765
2022-10-21 05:00,0.210,6.381
2022-10-21 06:00,0.281,7.022
2022-10-21 07:00,0.426,8.149
2022-10-21 08:00,0.499,8.688
2022-10-21 09:00,0.487,8.611
2022-10-21 10:00,0.449,8.320
2022-10-21 11:00,0.408,8.021
2022-10-21 12:00,0.392,7.909
2022-10-21 13:00,0.386,7.860
2022-10-21 14:00,0.313,7.281
2022-10-21 15:00,0.297,7.161
2022-10-21 16:00,0.361,7.664
2022-10-21 17:00,0.442,8.274
2022-10-21 18:00,0.454,8.365
2022-10-21 19:00,0.448,8.317
2022-10-21 20:00,0.422,8.127
2022-10-21 21:00,0.406,8.007
2022-10-21 22:00,0.391,7.893
2022-10-21 23:00,0.333,7.450
2022-10-22 00:00,0.340,7.503
2022-10-22 01:00,0.333,7.445
2022-10-22 02:00,0.308,7.251
2022-10-22 03:00,0.275,6.976
2022-10-22 04:00,0.219,6.461
2022-10-22 05:00,0.150,5.741
2022-10-22 06:00,0.096,5.020
2022-10-22 07:00,0.071,4.604
2022-10-22 08:00,0.076,4.692
2022-10-22 09:00,0.106,5.163
2022-10-22 10:00,0.185,6.128
2022-10-22 11:00,0.308,7.243
2022-10-22 12:00,0.405,8.002
2022-10-22 13:00,0.422,8.126
2022-10-22 14:00,0.397,7.947
2022-10-22 15:00,0.397,7.943
2022-10-22 16:00,0.380,7.815
2022-10-22 17:00,0.369,7.732
2022-10-22 18:00,0.363,7.685
2022-10-22 19:00,0.352,7.595
2022-10-22 20:00,0.344,7.540
2022-10-22 21:00,0.369,7.731
2022-10-22 22:00,0.423,8.134
2022-10-22 23:00,0.396,7.939
2022-10-23 00:00,0.402,7.979
2022-10-23 01:00,0.370,7.733
2022-10-23 02:00,0.333,7.451
2022-10-23 03:00,0.313,7.289
2022-10-23 04:00,0.300,7.184
2022-10-23 05:00,0.302,7.192
2022-10-23 06:00,0.326,7.388
2022-10-23 07:00,0.368,7.724
2022-10-23 08:00,0.419,8.105
2022-10-23 09:00,0.463,8.429
2022-10-23 10:00,0.481,8.561
2022-10-23 11:00,0.485,8.592
2022-10-23 12:00,0.477,8.528
2022-10-23 13:00,0.456,8.381
2022-10-23 14:00,0.423,8.135
2022-10-23 15:00,0.402,7.978
2022-10-23 16:00,0.417,8.081
2022-10-23 17:00,0.449,8.321
2022-10-23 18:00,0.475,8.519
2022-10-23 19:00,0.507,8.753
2022-10-23 20:00,0.548,9.064
2022-10-23 21:00,0.583,9.328
2022-10-23 22:00,0.592,9.396
2022-10-23 23:00,0.563,9.169
2022-10-24 00:00,0.594,9.411
2022-10-24 01:00,0.584,9.338
2022-10-24 02:00,0.548,9.064
2022-10-24 03:00,0.519,8.845
2022-10-24 04:00,0.487,8.609
2022-10-24 05:00,0.496,8.669
2022-10-24 06:00,0.596,9.419
2022-10-24 07:00,0.764,10.922
2022-10-24 08:00,0.867,12.279
2022-10-24 09:00,0.904,12.977
2022-10-24 10:00,0.927,13.517
2022-10-24 11:00,0.961,14.653
2022-10-24 12:00,0.978,15.593
2022-10-24 13:00,0.979,15.690
2022-10-24 14:00,0.970,15.115
2022-10-24 15:00,0.963,14.759
2022-10-24 16:00,0.953,14.340
2022-10-24 17:00,0.942,13.940
2022-10-24 18:00,0.935,13.731
2022-10-24 19:00,0.928,13.548
2022-10-24 20:00,0.918,13.279
2022-10-24 21:00,0.907,13.042
2022-10-24 22:00,0.886,12.614
2022-10-24 23:00,0.850,11.995
2022-10-25 00:00,0.836,11.798
2022-10-25 01:00,0.802,11.355
2022-10-25 02:00,0.773,11.024
2022-10-25 03:00,0.758,10.851
2022-10-25 04:00,0.749,10.761
2022-10-25 05:00,0.746,10.733
2022-10-25 06:00,0.744,10.716
2022-10-25 07:00,0.745,10.725
2022-10-25 08:00,0.754,10.820
2022-10-25 09:00,0.751,10.788
2022-10-25 10:00,0.705,10.343
2022-10-25 11:00,0.623,9.639
2022-10-25 12:00,0.522,8.866
2022-10-25 13:00,0.431,8.197
2022-10-25 14:00,0.351,7.587
2022-10-25 15:00,0.293,7.122
2022-10-25 16:00,0.246,6.708
2022-10-25 17:00,0.204,6.322
2022-10-25 18:00,0.169,5.945
2022-10-25 19:00,0.143,5.651
2022-10-25 20:00,0.132,5.518
2022-10-25 21:00,0.126,5.435
2022-10-25 22:00,0.121,5.371
2022-10-25 23:00,0.105,5.155
2022-10-26 00:00,0.087,4.888
2022-10-26 01:00,0.062,4.450
2022-10-26 02:00,0.039,3.934
2022-10-26 03:00,0.027,3.587
2022-10-26 04:00,0.027,3.592
2022-10-26 05:00,0.034,3.806
2022-10-26 06:00,0.039,3.944
2022-10-26 07:00,0.038,3.912
2022-10-26 08:00,0.041,3.997
2022-10-26 09:00,0.051,4.229
2022-10-26 10:00,0.056,4.321
2022-10-26 11:00,0.046,4.105
2022-10-26 12:00,0.029,3.659
2022-10-26 13:00,0.009,2.808
2022-10-26 14:00,0,1.531
2022-10-26 15:00,0,0.784
2022-10-26 16:00,0,0.917
2022-10-26 17:00,0,1.379
2022-10-26 18:00,0.001,2.015
2022-10-26 19:00,0.005,2.547
2022-10-26 20:00,0.011,2.923
2022-10-26 21:00,0.018,3.274
2022-10-26 22:00,0.023,3.461
2022-10-26 23:00,0.019,3.315
2022-10-27 00:00,0.010,2.869
2022-10-27 01:00,0.003,2.294
2022-10-27 02:00,0.002,2.074
2022-10-27 03:00,0.001,1.858
2022-10-27 04:00,0,1.598
2022-10-27 05:00,0,1.338
2022-10-27 06:00,0,1.064
2022-10-27 07:00,0,0.770
2022-10-27 08:00,0,0.374
2022-10-27 09:00,0,0.260
2022-10-27 10:00,0,0.302
2022-10-27 11:00,0,0.660
2022-10-27 12:00,0,1.176
2022-10-27 13:00,0.001,1.717
2022-10-27 14:00,0.003,2.234
2022-10-27 15:00,0.010,2.879
2022-10-27 16:00,0.031,3.710
2022-10-27 17:00,0.077,4.721
2022-10-27 18:00,0.144,5.667
2022-10-27 19:00,0.213,6.411
2022-10-27 20:00,0.261,6.848
2022-10-27 21:00,0.285,7.060
2022-10-27 22:00,0.286,7.067
2022-10-27 23:00,0.247,6.722
2022-10-28 00:00,0.215,6.419
2022-10-28 01:00,0.194,6.215
2022-10-28 02:00,0.181,6.081
2022-10-28 03:00,0.178,6.048
2022-10-28 04:00,0.185,6.128
2022-10-28 05:00,0.216,6.434
2022-10-28 06:00,0.262,6.859
2022-10-28 07:00,0.322,7.364
2022-10-28 08:00,0.410,8.038
2022-10-28 09:00,0.494,8.653
2022-10-28 10:00,0.528,8.902
2022-10-28 11:00,0.545,9.039
2022-10-28 12:00,0.556,9.126
2022-10-28 13:00,0.540,8.990
2022-10-28 14:00,0.511,8.777
2022-10-28 15:00,0.499,8.699
2022-10-28 16:00,0.496,8.667
2022-10-28 17:00,0.484,8.590
2022-10-28 18:00,0.463,8.432
2022-10-28 19:00,0.426,8.149
2022-10-28 20:00,0.395,7.928
2022-10-28 21:00,0.377,7.790
2022-10-28 22:00,0.371,7.740
2022-10-28 23:00,0.362,7.675
2022-10-29 00:00,0.366,7.707
2022-10-29 01:00,0.381,7.821
2022-10-29 02:00,0.398,7.948
2022-10-29 03:00,0.413,8.055
2022-10-29 04:00,0.418,8.094
2022-10-29 05:00,0.418,8.094
2022-10-29 06:00,0.420,8.111
2022-10-29 07:00,0.432,8.202
2022-10-29 08:00,0.469,8.475
2022-10-29 09:00,0.488,8.616
2022-10-29 10:00,0.468,8.471
2022-10-29 11:00,0.444,8.292
2022-10-29 12:00,0.426,8.156
2022-10-29 13:00,0.408,8.025
2022-10-29 14:00,0.364,7.690
2022-10-29 15:00,0.355,7.617
2022-10-29 16:00,0.355,7.616
2022-10-29 17:00,0.344,7.536
2022-10-29 18:00,0.344,7.531
2022-10-29 19:00,0.351,7.589
2022-10-29 20:00,0.377,7.788
2022-10-29 21:00,0.389,7.887
2022-10-29 22:00,0.396,7.936
2022-10-29 23:00,0.407,8.017
2022-10-30 00:00,0.432,8.204
2022-10-30 01:00,0.463,8.425
2022-10-30 02:00,0.502,8.722
2022-10-30 03:00,0.546,9.044
2022-10-30 04:00,0.578,9.289
2022-10-30 05:00,0.601,9.470
2022-10-30 06:00,0.609,9.528
2022-10-30 07:00,0.599,9.439
2022-10-30 08:00,0.594,9.405
2022-10-30 09:00,0.597,9.433
2022-10-30 10:00,0.607,9.506
2022-10-30 11:00,0.619,9.612
2022-10-30 12:00,0.616,9.579
2022-10-30 13:00,0.596,9.423
2022-10-30 14:00,0.555,9.117
2022-10-30 15:00,0.551,9.088
2022-10-30 16:00,0.568,9.217
2022-10-30 17:00,0.551,9.082
2022-10-30 18:00,0.514,8.800
2022-10-30 19:00,0.487,8.612
2022-10-30 20:00,0.475,8.519
2022-10-30 21:00,0.438,8.249
2022-10-30 22:00,0.378,7.804
2022-10-30 23:00,0.299,7.179
2022-10-31 00:00,0.256,6.806
2022-10-31 01:00,0.229,6.559
2022-10-31 02:00,0.217,6.444
2022-10-31 03:00,0.206,6.339
2022-10-31 04:00,0.200,6.283
2022-10-31 05:00,0.219,6.470
2022-10-31 06:00,0.256,6.810
2022-10-31 07:00,0.301,7.188
2022-10-31 08:00,0.356,7.626
2022-10-31 09:00,0.379,7.808
2022-10-31 10:00,0.361,7.660
2022-10-31 11:00,0.315,7.305
2022-10-31 12:00,0.255,6.798
2022-10-31 13:00,0.199,6.259
2022-10-31 14:00,0.155,5.784
2022-10-31 15:00,0.128,5.456
2022-10-31 16:00,0.102,5.115
2022-10-31 17:00,0.083,4.823
2022-10-31 18:00,0.083,4.818
2022-10-31 19:00,0.103,5.132
2022-10-31 20:00,0.118,5.342
2022-10-31 21:00,0.127,5.451
2022-10-31 22:00,0.144,5.668
2022-10-31 23:00,0.144,5.667
2022-11-01 00:00,0.156,5.811
2022-11-01 01:00,0.184,6.113
2022-11-01 02:00,0.202,6.302
2022-11-01 03:00,0.179,6.059
2022-11-01 04:00,0.136,5.559
2022-11-01 05:00,0.105,5.161
2022-11-01 06:00,0.084,4.828
2022-11-01 07:00,0.074,4.669
2022-11-01 08:00,0.080,4.770
2022-11-01 09:00,0.095,5.004
2022-11-01 10:00,0.109,5.201
2022-11-01 11:00,0.124,5.414
2022-11-01 12:00,0.139,5.608
2022-11-01 13:00,0.138,5.594
2022-11-01 14:00,0.117,5.309
2022-11-01 15:00,0.089,4.912
2022-11-01 16:00,0.065,4.509
2022-11-01 17:00,0.052,4.243
2022-11-01 18:00,0.048,4.134
2022-11-01 19:00,0.038,3.913
2022-11-01 20:00,0.028,3.633
2022-11-01 21:00,0.019,3.325
2022-11-01 22:00,0.011,2.961
2022-11-01 23:00,0.003,2.264
2022-11-02 00:00,0,0.838
2022-11-02 01:00,0,0.212
2022-11-02 02:00,0,0.204
2022-11-02 03:00,0,0.623
2022-11-02 04:00,0,0.633
2022-11-02 05:00,0,0.656
2022-11-02 06:00,0,0.872
2022-11-02 07:00,0,0.982
2022-11-02 08:00,0,1.025
2022-11-02 09:00,0,1.294
2022-11-02 10:00,0,1.682
2022-11-02 11:00,0.001,2.010
2022-11-02 12:00,0.002,2.170
2022-11-02 13:00,0.006,2.588
2022-11-02 14:00,0.018,3.267
2022-11-02 15:00,0.033,3.772
2022-11-02 16:00,0.048,4.161
2022-11-02 17:00,0.069,4.573
2022-11-02 18:00,0.138,5.587
2022-11-02 19:00,0.174,6.007
2022-11-02 20:00,0.163,5.884
2022-11-02 21:00,0.167,5.935
2022-11-02 22:00,0.190,6.171
2022-11-02 23:00,0.173,5.995
2022-11-03 00:00,0.125,5.434
2022-11-03 01:00,0.088,4.893
2022-11-03 02:00,0.056,4.323
2022-11-03 03:00,0.067,4.527
2022-11-03 04:00,0.090,4.928
2022-11-03 05:00,0.100,5.080
2022-11-03 06:00,0.119,5.345
2022-11-03 07:00,0.128,5.452
2022-11-03 08:00,0.182,6.093
2022-11-03 09:00,0.286,7.068
2022-11-03 10:00,0.374,7.762
2022-11-03 11:00,0.453,8.352
2022-11-03 12:00,0.528,8.901
2022-11-03 13:00,0.564,9.176
2022-11-03 14:00,0.568,9.215
2022-11-03 15:00,0.633,9.718
2022-11-03 16:00,0.735,10.620
2022-11-03 17:00,0.805,11.392
2022-11-03 18:00,0.830,11.723
2022-11-03 19:00,0.818,11.557
2022-11-03 20:00,0.796,11.287
2022-11-03 21:00,0.775,11.045
2022-11-03 22:00,0.750,10.778
2022-11-03 23:00,0.738,10.648
2022-11-04 00:00,0.685,10.157
2022-11-04 01:00,0.608,9.518
2022-11-04 02:00,0.531,8.938
2022-11-04 03:00,0.478,8.543
2022-11-04 04:00,0.438,8.240
2022-11-04 05:00,0.404,7.988
2022-11-04 06:00,0.382,7.825
2022-11-04 07:00,0.412,8.050
2022-11-04 08:00,0.532,8.941
2022-11-04 09:00,0.664,9.980
2022-11-04 10:00,0.716,10.437
2022-11-04 11:00,0.717,10.457
2022-11-04 12:00,0.686,10.167
2022-11-04 13:00,0.645,9.819
2022-11-04 14:00,0.589,9.378
2022-11-04 15:00,0.564,9.180
2022-11-04 16:00,0.562,9.163
2022-11-04 17:00,0.565,9.183
2022-11-04 18:00,0.575,9.267
2022-11-04 19:00,0.585,9.344
2022-11-04 20:00,0.585,9.341
2022-11-04 21:00,0.561,9.156
2022-11-04 22:00,0.514,8.811
2022-11-04 23:00,0.417,8.085
2022-11-05 00:00,0.346,7.557
2022-11-05 01:00,0.266,6.898
2022-11-05 02:00,0.222,6.492
2022-11-05 03:00,0.192,6.193
2022-11-05 04:00,0.162,5.879
2022-11-05 05:00,0.142,5.645
2022-11-05 06:00,0.132,5.514
2022-11-05 07:00,0.131,5.500
2022-11-05 08:00,0.150,5.742
2022-11-05 09:00,0.185,6.124
2022-11-05 10:00,0.228,6.554
2022-11-05 11:00,0.264,6.870
2022-11-05 12:00,0.283,7.043
2022-11-05 13:00,0.274,6.968
2022-11-05 14:00,0.254,6.791
2022-11-05 15:00,0.244,6.699
2022-11-05 16:00,0.253,6.778
2022-11-05 17:00,0.278,6.998
2022-11-05 18:00,0.289,7.094
2022-11-05 19:00,0.281,7.027
2022-11-05 20:00,0.264,6.872
2022-11-05 21:00,0.239,6.660
2022-11-05 22:00,0.206,6.343
2022-11-05 23:00,0.148,5.701
2022-11-06 00:00,0.111,5.243
2022-11-06 01:00,0.107,5.184
2022-11-06 02:00,0.079,4.744
2022-11-06 03:00,0.045,4.084
2022-11-06 04:00,0.023,3.466
2022-11-06 05:00,0.013,3.054
2022-11-06 06:00,0.007,2.703
2022-11-06 07:00,0.003,2.264
2022-11-06 08:00,0.001,1.975
2022-11-06 09:00,0.001,1.850
2022-11-06 10:00,0.001,1.706
2022-11-06 11:00,0,1.372
2022-11-06 12:00,0,1.048
2022-11-06 13:00,0,0.767
2022-11-06 14:00,0,0.487
2022-11-06 15:00,0,0.572
2022-11-06 16:00,0,0.981
2022-11-06 17:00,0,1.577
2022-11-06 18:00,0.003,2.297
2022-11-06 19:00,0.011,2.952
2022-11-06 20:00,0.024,3.496
2022-11-06 21:00,0.037,3.880
2022-11-06 22:00,0.048,4.139
2022-11-06 23:00,0.041,3.993
2022-11-07 00:00,0.024,3.479
2022-11-07 01:00,0.011,2.960
2022-11-07 02:00,0.006,2.627
2022-11-07 03:00,0.004,2.411
2022-11-07 04:00,0.004,2.368
2022-11-07 05:00,0.004,2.380
2022-11-07 06:00,0.004,2.344
2022-11-07 07:00,0.003,2.213
2022-11-07 08:00,0.001,1.985
2022-11-07 09:00,0.001,1.968
2022-11-07 10:00,0.005,2.502
2022-11-07 11:00,0.023,3.456
2022-11-07 12:00,0.068,4.554
2022-11-07 13:00,0.128,5.468
2022-11-07 14:00,0.183,6.110
2022-11-07 15:00,0.215,6.421
2022-11-07 16:00,0.218,6.453
2022-11-07 17:00,0.219,6.467
2022-11-07 18:00,0.228,6.552
2022-11-07 19:00,0.251,6.750
2022-11-07 20:00,0.278,6.990
2022-11-07 21:00,0.285,7.060
2022-11-07 22:00,0.275,6.972
2022-11-07 23:00,0.226,6.535
2022-11-08 00:00,0.163,5.892
2022-11-08 01:00,0.122,5.389
2022-11-08 02:00,0.070,4.595
2022-11-08 03:00,0.033,3.776
2022-11-08 04:00,0.013,3.032
2022-11-08 05:00,0.003,2.314
2022-11-08 06:00,0,1.478
2022-11-08 07:00,0,0.444
2022-11-08 08:00,0,1.126
2022-11-08 09:00,0,1.235
2022-11-08 10:00,0,1.227
2022-11-08 11:00,0,1.178
2022-11-08 12:00,0,1.238
2022-11-08 13:00,0.001,1.760
2022-11-08 14:00,0.005,2.526
2022-11-08 15:00,0.012,2.975
2022-11-08 16:00,0.013,3.028
2022-11-08 17:00,0.012,2.988
2022-11-08 18:00,0.010,2.861
2022-11-08 19:00,0.006,2.591
2022-11-08 20:00,0.004,2.436
2022-11-08 21:00,0.005,2.482
2022-11-08 22:00,0.004,2.416
2022-11-08 23:00,0.002,2.171
2022-11-09 00:00,0,1.567
2022-11-09 01:00,0.002,2.068
2022-11-09 02:00,0.014,3.076
2022-11-09 03:00,0.032,3.756
2022-11-09 04:00,0.054,4.278
2022-11-09 05:00,0.074,4.653
2022-11-09 06:00,0.084,4.829
2022-11-09 07:00,0.087,4.880
2022-11-09 08:00,0.082,4.794
2022-11-09 09:00,0.081,4.778
2022-11-09 10:00,0.095,5.007
2022-11-09 11:00,0.115,5.288
2022-11-09 12:00,0.126,5.442
2022-11-09 13:00,0.126,5.439
2022-11-09 14:00,0.125,5.428
2022-11-09 15:00,0.139,5.606
2022-11-09 16:00,0.156,5.809
2022-11-09 17:00,0.166,5.917
2022-11-09 18:00,0.159,5.845
2022-11-09 19:00,0.138,5.598
2022-11-09 20:00,0.123,5.398
2022-11-09 21:00,0.106,5.162
2022-11-09 22:00,0.084,4.838
2022-11-09 23:00,0.071,4.610
2022-11-10 00:00,0.053,4.271
2022-11-10 01:00,0.060,4.390
2022-11-10 02:00,0.074,4.671
2022-11-10 03:00,0.080,4.771
2022-11-10 04:00,0.055,4.313
2022-11-10 05:00,0.029,3.645
2022-11-10 06:00,0.015,3.138
2022-11-10 07:00,0.017,3.207
2022-11-10 08:00,0.045,4.076
2022-11-10 09:00,0.092,4.961
2022-11-10 10:00,0.136,5.564
2022-11-10 11:00,0.158,5.828
2022-11-10 12:00,0.154,5.777
2022-11-10 13:00,0.137,5.575
2022-11-10 14:00,0.123,5.408
2022-11-10 15:00,0.128,5.463
2022-11-10 16:00,0.135,5.553
2022-11-10 17:00,0.142,5.645
2022-11-10 18:00,0.152,5.756
2022-11-10 19:00,0.162,5.874
2022-11-10 20:00,0.177,6.037
2022-11-10 21:00,0.181,6.083
2022-11-10 22:00,0.169,5.949
2022-11-10 23:00,0.144,5.670
2022-11-11 00:00,0.120,5.362
2022-11-11 01:00,0.100,5.068
2022-11-11 02:00,0.078,4.729
2022-11-11 03:00,0.067,4.526
2022-11-11 04:00,0.063,4.457
2022-11-11 05:00,0.061,4.408
2022-11-11 06:00,0.061,4.419
2022-11-11 07:00,0.069,4.571
2022-11-11 08:00,0.093,4.977
2022-11-11 09:00,0.103,5.131
2022-11-11 10:00,0.095,5.006
2022-11-11 11:00,0.075,4.687
2022-11-11 12:00,0.053,4.262
2022-11-11 13:00,0.037,3.882
2022-11-11 14:00,0.024,3.498
2022-11-11 15:00,0.015,3.146
2022-11-11 16:00,0.008,2.779
2022-11-11 17:00,0.005,2.537
2022-11-11 18:00,0.005,2.520
2022-11-11 19:00,0.007,2.671
2022-11-11 20:00,0.011,2.949
2022-11-11 21:00,0.015,3.130
2022-11-11 22:00,0.018,3.259
2022-11-11 23:00,0.026,3.564
2022-11-12 00:00,0.044,4.071
2022-11-12 01:00,0.055,4.313
2022-11-12 02:00,0.055,4.285
2022-11-12 03:00,0.059,4.381
2022-11-12 04:00,0.073,4.645
2022-11-12 05:00,0.085,4.843
2022-11-12 06:00,0.136,5.560
2022-11-12 07:00,0.242,6.678
2022-11-12 08:00,0.382,7.825
2022-11-12 09:00,0.524,8.886
2022-11-12 10:00,0.658,9.931
2022-11-12 11:00,0.725,10.531
2022-11-12 12:00,0.781,11.109
2022-11-12 13:00,0.850,11.997
2022-11-12 14:00,0.930,13.606
2022-11-12 15:00,0.966,14.883
2022-11-12 16:00,0.979,15.668
2022-11-12 17:00,0.988,16.805
2022-11-12 18:00,0.988,16.717
2022-11-12 19:00,0.985,16.280
2022-11-12 20:00,0.972,15.219
2022-11-12 21:00,0.930,13.600
2022-11-12 22:00,0.798,11.313
2022-11-12 23:00,0.652,9.884
2022-11-13 00:00,0.598,9.439
2022-11-13 01:00,0.621,9.629
2022-11-13 02:00,0.647,9.835
2022-11-13 03:00,0.649,9.851
2022-11-13 04:00,0.649,9.853
2022-11-13 05:00,0.699,10.285
2022-11-13 06:00,0.803,11.375
2022-11-13 07:00,0.882,12.536
2022-11-13 08:00,0.898,12.831
2022-11-13 09:00,0.887,12.628
2022-11-13 10:00,0.864,12.235
2022-11-13 11:00,0.850,12.001
2022-11-13 12:00,0.836,11.808
2022-11-13 13:00,0.801,11.338
2022-11-13 14:00,0.729,10.566
2022-11-13 15:00,0.671,10.037
2022-11-13 16:00,0.620,9.615
2022-11-13 17:00,0.545,9.036
2022-11-13 18:00,0.430,8.190
2022-11-13 19:00,0.327,7.391
2022-11-13 20:00,0.252,6.768
2022-11-13 21:00,0.190,6.173
2022-11-13 22:00,0.118,5.329
2022-11-13 23:00,0.053,4.265
2022-11-14 00:00,0.017,3.254
2022-11-14 01:00,0.001,1.926
2022-11-14 02:00,0,1.220
2022-11-14 03:00,0,1.548
2022-11-14 04:00,0,1.680
2022-11-14 05:00,0.001,1.751
2022-11-14 06:00,0.001,1.926
2022-11-14 07:00,0.003,2.225
2022-11-14 08:00,0.008,2.733
2022-11-14 09:00,0.013,3.036
2022-11-14 10:00,0.024,3.476
2022-11-14 11:00,0.089,4.915
2022-11-14 12:00,0.212,6.405
2022-11-14 13:00,0.393,7.911
2022-11-14 14:00,0.478,8.533
2022-11-14 15:00,0.512,8.794
2022-11-14 16:00,0.560,9.145
2022-11-14 17:00,0.579,9.299
2022-11-14 18:00,0.599,9.440
2022-11-14 19:00,0.609,9.533
2022-11-14 20:00,0.609,9.535
2022-11-14 21:00,0.575,9.267
2022-11-14 22:00,0.528,8.912
2022-11-14 23:00,0.446,8.306
2022-11-15 00:00,0.446,8.308
2022-11-15 01:00,0.392,7.909
2022-11-15 02:00,0.333,7.445
2022-11-15 03:00,0.274,6.958
2022-11-15 04:00,0.218,6.455
2022-11-15 05:00,0.186,6.141
2022-11-15 06:00,0.179,6.052
2022-11-15 07:00,0.208,6.352
2022-11-15 08:00,0.281,7.024
2022-11-15 09:00,0.377,7.785
2022-11-15 10:00,0.442,8.274
2022-11-15 11:00,0.463,8.426
2022-11-15 12:00,0.457,8.388
2022-11-15 13:00,0.417,8.083
2022-11-15 14:00,0.344,7.534
2022-11-15 15:00,0.282,7.036
2022-11-15 16:00,0.272,6.940
2022-11-15 17:00,0.322,7.358
2022-11-15 18:00,0.443,8.278
2022-11-15 19:00,0.523,8.877
2022-11-15 20:00,0.530,8.931
2022-11-15 21:00,0.499,8.697
2022-11-15 22:00,0.480,8.552
2022-11-15 23:00,0.455,8.371
2022-11-16 00:00,0.429,8.180
2022-11-16 01:00,0.435,8.223
2022-11-16 02:00,0.401,7.975
2022-11-16 03:00,0.347,7.563
2022-11-16 04:00,0.266,6.895
2022-11-16 05:00,0.187,6.143
2022-11-16 06:00,0.126,5.437
2022-11-16 07:00,0.100,5.082
2022-11-16 08:00,0.085,4.845
2022-11-16 09:00,0.074,4.654
2022-11-16 10:00,0.109,5.214
2022-11-16 11:00,0.146,5.687
2022-11-16 12:00,0.136,5.559
2022-11-16 13:00,0.106,5.176
2022-11-16 14:00,0.092,4.963
2022-11-16 15:00,0.086,4.865
2022-11-16 16:00,0.063,4.472
2022-11-16 17:00,0.048,4.133
2022-11-16 18:00,0.049,4.171
2022-11-16 19:00,0.059,4.375
2022-11-16 20:00,0.080,4.760
2022-11-16 21:00,0.076,4.693
2022-11-16 22:00,0.073,4.630
2022-11-16 23:00,0.044,4.056
2022-11-17 00:00,0.015,3.121
2022-11-17 01:00,0.007,2.701
2022-11-17 02:00,0.001,2.000
2022-11-17 03:00,0.001,1.875
2022-11-17 04:00,0.004,2.353
2022-11-17 05:00,0.007,2.711
2022-11-17 06:00,0.011,2.952
2022-11-17 07:00,0.017,3.239
2022-11-17 08:00,0.030,3.690
2022-11-17 09:00,0.042,4.016
2022-11-17 10:00,0.043,4.027
2022-11-17 11:00,0.037,3.875
2022-11-17 12:00,0.029,3.663
2022-11-17 13:00,0.020,3.346
2022-11-17 14:00,0.011,2.916
2022-11-17 15:00,0.006,2.593
2022-11-17 16:00,0.003,2.327
2022-11-17 17:00,0.004,2.385
2022-11-17 18:00,0.010,2.912
2022-11-17 19:00,0.033,3.772
2022-11-17 20:00,0.080,4.760
2022-11-17 21:00,0.130,5.488
2022-11-17 22:00,0.176,6.028
2022-11-17 23:00,0.187,6.152
2022-11-18 00:00,0.155,5.782
2022-11-18 01:00,0.139,5.607
2022-11-18 02:00,0.116,5.301
2022-11-18 03:00,0.092,4.962
2022-11-18 04:00,0.078,4.730
2022-11-18 05:00,0.076,4.701
2022-11-18 06:00,0.091,4.944
2022-11-18 07:00,0.125,5.425
2022-11-18 08:00,0.165,5.909
2022-11-18 09:00,0.199,6.259
2022-11-18 10:00,0.231,6.577
2022-11-18 11:00,0.266,6.889
2022-11-18 12:00,0.302,7.191
2022-11-18 13:00,0.339,7.493
2022-11-18 14:00,0.367,7.714
2022-11-18 15:00,0.419,8.105
2022-11-18 16:00,0.484,8.580
2022-11-18 17:00,0.518,8.832
2022-11-18 18:00,0.530,8.928
2022-11-18 19:00,0.542,9.009
2022-11-18 20:00,0.544,9.027
2022-11-18 21:00,0.541,9.004
2022-11-18 22:00,0.534,8.960
2022-11-18 23:00,0.528,8.900
2022-11-19 00:00,0.490,8.633
2022-11-19 01:00,0.433,8.215
2022-11-19 02:00,0.346,7.554
2022-11-19 03:00,0.293,7.122
2022-11-19 04:00,0.278,6.996
2022-11-19 05:00,0.296,7.144
2022-11-19 06:00,0.326,7.389
2022-11-19 07:00,0.368,7.723
2022-11-19 08:00,0.422,8.131
2022-11-19 09:00,0.430,8.189
2022-11-19 10:00,0.400,7.964
2022-11-19 11:00,0.353,7.608
2022-11-19 12:00,0.300,7.184
2022-11-19 13:00,0.251,6.756
2022-11-19 14:00,0.227,6.548
2022-11-19 15:00,0.227,6.542
2022-11-19 16:00,0.236,6.624
2022-11-19 17:00,0.244,6.695
2022-11-19 18:00,0.241,6.666
2022-11-19 19:00,0.225,6.524
2022-11-19 20:00,0.207,6.346
2022-11-19 21:00,0.186,6.138
2022-11-19 22:00,0.183,6.108
2022-11-19 23:00,0.188,6.155
2022-11-20 00:00,0.185,6.122
2022-11-20 01:00,0.178,6.044
2022-11-20 02:00,0.152,5.756
2022-11-20 03:00,0.125,5.435
2022-11-20 04:00,0.132,5.521
2022-11-20 05:00,0.173,5.996
2022-11-20 06:00,0.247,6.725
2022-11-20 07:00,0.252,6.761
2022-11-20 08:00,0.239,6.654
2022-11-20 09:00,0.218,6.455
2022-11-20 10:00,0.191,6.185
2022-11-20 11:00,0.157,5.819
2022-11-20 12:00,0.144,5.672
2022-11-20 13:00,0.137,5.569
2022-11-20 14:00,0.118,5.336
2022-11-20 15:00,0.098,5.045
2022-11-20 16:00,0.086,4.865
2022-11-20 17:00,0.083,4.818
2022-11-20 18:00,0.087,4.869
2022-11-20 19:00,0.100,5.066
2022-11-20 20:00,0.095,5.005
2022-11-20 21:00,0.089,4.921
2022-11-20 22:00,0.089,4.908
2022-11-20 23:00,0.076,4.696
2022-11-21 00:00,0.057,4.344
2022-11-21 01:00,0.048,4.151
2022-11-21 02:00,0.038,3.914
2022-11-21 03:00,0.034,3.797
2022-11-21 04:00,0.030,3.677
2022-11-21 05:00,0.029,3.667
2022-11-21 06:00,0.020,3.341
2022-11-21 07:00,0.008,2.752
2022-11-21 08:00,0.002,2.076
2022-11-21 09:00,0,1.589
2022-11-21 10:00,0,1.575
2022-11-21 11:00,0.001,1.856
2022-11-21 12:00,0.005,2.469
2022-11-21 13:00,0.011,2.961
2022-11-21 14:00,0.023,3.451
2022-11-21 15:00,0.044,4.050
2022-11-21 16:00,0.091,4.944
2022-11-21 17:00,0.135,5.552
2022-11-21 18:00,0.159,5.837
2022-11-21 19:00,0.186,6.136
2022-11-21 20:00,0.234,6.601
2022-11-21 21:00,0.225,6.522
2022-11-21 22:00,0.225,6.529
2022-11-21 23:00,0.239,6.660
2022-11-22 00:00,0.304,7.217
2022-11-22 01:00,0.444,8.287
2022-11-22 02:00,0.468,8.473
2022-11-22 03:00,0.361,7.663
2022-11-22 04:00,0.210,6.385
2022-11-22 05:00,0.115,5.286
2022-11-22 06:00,0.143,5.650
2022-11-22 07:00,0.192,6.201
2022-11-22 08:00,0.248,6.728
2022-11-22 09:00,0.262,6.852
2022-11-22 10:00,0.272,6.951
2022-11-22 11:00,0.242,6.680
2022-11-22 12:00,0.192,6.196
2022-11-22 13:00,0.167,5.932
2022-11-22 14:00,0.138,5.596
2022-11-22 15:00,0.088,4.902
2022-11-22 16:00,0.032,3.745
2022-11-22 17:00,0.009,2.820
2022-11-22 18:00,0.002,2.160
2022-11-22 19:00,0.001,1.887
2022-11-22 20:00,0.003,2.246
2022-11-22 21:00,0.011,2.957
2022-11-22 22:00,0.031,3.729
2022-11-22 23:00,0.058,4.364
2022-11-23 00:00,0.106,5.169
2022-11-23 01:00,0.202,6.304
2022-11-23 02:00,0.293,7.121
2022-11-23 03:00,0.429,8.175
2022-11-23 04:00,0.641,9.788
2022-11-23 05:00,0.872,12.350
2022-11-23 06:00,0.964,14.775
2022-11-23 07:00,0.973,15.282
2022-11-23 08:00,0.949,14.172
2022-11-23 09:00,0.887,12.632
2022-11-23 10:00,0.785,11.150
2022-11-23 11:00,0.636,9.744
2022-11-23 12:00,0.461,8.414
2022-11-23 13:00,0.299,7.179
2022-11-23 14:00,0.180,6.070
2022-11-23 15:00,0.159,5.847
2022-11-23 16:00,0.186,6.140
2022-11-23 17:00,0.206,6.340
2022-11-23 18:00,0.183,6.096
2022-11-23 19:00,0.183,6.111
2022-11-23 20:00,0.190,6.176
2022-11-23 21:00,0.183,6.102
2022-11-23 22:00,0.174,6.007
2022-11-23 23:00,0.149,5.725
2022-11-24 00:00,0.134,5.536
2022-11-24 01:00,0.122,5.392
2022-11-24 02:00,0.104,5.137
2022-11-24 03:00,0.071,4.604
2022-11-24 04:00,0.054,4.281
2022-11-24 05:00,0.049,4.169
2022-11-24 06:00,0.064,4.477
2022-11-24 07:00,0.075,4.687
2022-11-24 08:00,0.073,4.646
2022-11-24 09:00,0.067,4.526
2022-11-24 10:00,0.044,4.066
2022-11-24 11:00,0.020,3.347
2022-11-24 12:00,0.007,2.691
2022-11-24 13:00,0.002,2.059
2022-11-24 14:00,0,1.610
2022-11-24 15:00,0,1.489
2022-11-24 16:00,0,1.464
2022-11-24 17:00,0,1.352
2022-11-24 18:00,0,1.187
2022-11-24 19:00,0,1.097
2022-11-24 20:00,0,1.349
2022-11-24 21:00,0.001,1.952
2022-11-24 22:00,0.009,2.854
2022-11-24 23:00,0.033,3.785
2022-11-25 00:00,0.052,4.247
2022-11-25 01:00,0.074,4.672
2022-11-25 02:00,0.121,5.371
2022-11-25 03:00,0.163,5.892
2022-11-25 04:00,0.219,6.465
2022-11-25 05:00,0.275,6.976
2022-11-25 06:00,0.328,7.403
2022-11-25 07:00,0.387,7.863
2022-11-25 08:00,0.426,8.159
2022-11-25 09:00,0.471,8.485
2022-11-25 10:00,0.521,8.859
2022-11-25 11:00,0.568,9.214
2022-11-25 12:00,0.578,9.291
2022-11-25 13:00,0.600,9.455
2022-11-25 14:00,0.622,9.633
2022-11-25 15:00,0.608,9.525
2022-11-25 16:00,0.558,9.137
2022-11-25 17:00,0.496,8.669
2022-11-25 18:00,0.431,8.198
2022-11-25 19:00,0.379,7.810
2022-11-25 20:00,0.330,7.417
2022-11-25 21:00,0.299,7.176
2022-11-25 22:00,0.306,7.231
2022-11-25 23:00,0.299,7.178
2022-11-26 00:00,0.280,7.011
2022-11-26 01:00,0.303,7.212
2022-11-26 02:00,0.310,7.268
2022-11-26 03:00,0.318,7.325
2022-11-26 04:00,0.379,7.806
2022-11-26 05:00,0.502,8.722
2022-11-26 06:00,0.603,9.481
2022-11-26 07:00,0.632,9.708
2022-11-26 08:00,0.658,9.922
2022-11-26 09:00,0.657,9.917
2022-11-26 10:00,0.636,9.750
2022-11-26 11:00,0.633,9.723
2022-11-26 12:00,0.555,9.115
2022-11-26 13:00,0.379,7.810
2022-11-26 14:00,0.263,6.867
2022-11-26 15:00,0.217,6.440
2022-11-26 16:00,0.183,6.096
2022-11-26 17:00,0.162,5.875
2022-11-26 18:00,0.180,6.069
2022-11-26 19:00,0.169,5.945
2022-11-26 20:00,0.101,5.090
2022-11-26 21:00,0.043,4.044
2022-11-26 22:00,0.016,3.181
2022-11-26 23:00,0.004,2.446
2022-11-27 00:00,0,1.638
2022-11-27 01:00,0,0.836
2022-11-27 02:00,0,0.849
2022-11-27 03:00,0,0.896
2022-11-27 04:00,0,0.890
2022-11-27 05:00,0,0.741
2022-11-27 06:00,0,1.221
2022-11-27 07:00,0.002,2.120
2022-11-27 08:00,0.007,2.666
2022-11-27 09:00,0.014,3.082
2022-11-27 10:00,0.024,3.492
2022-11-27 11:00,0.040,3.953
2022-11-27 12:00,0.063,4.469
2022-11-27 13:00,0.095,5.007
2022-11-27 14:00,0.127,5.451
2022-11-27 15:00,0.149,5.725
2022-11-27 16:00,0.188,6.161
2022-11-27 17:00,0.260,6.840
2022-11-27 18:00,0.287,7.074
2022-11-27 19:00,0.303,7.206
2022-11-27 20:00,0.335,7.471
2022-11-27 21:00,0.377,7.796
2022-11-27 22:00,0.399,7.962
2022-11-27 23:00,0.410,8.032
2022-11-28 00:00,0.410,8.042
2022-11-28 01:00,0.465,8.450
2022-11-28 02:00,0.567,9.209
2022-11-28 03:00,0.630,9.694
2022-11-28 04:00,0.660,9.948
2022-11-28 05:00,0.707,10.358
2022-11-28 06:00,0.694,10.239
2022-11-28 07:00,0.649,9.853
2022-11-28 08:00,0.643,9.805
2022-11-28 09:00,0.584,9.339
2022-11-28 10:00,0.630,9.691
2022-11-28 11:00,0.799,11.319
2022-11-28 12:00,0.919,13.317
2022-11-28 13:00,0.974,15.342
2022-11-28 14:00,0.982,15.985
2022-11-28 15:00,0.983,16.076
2022-11-28 16:00,0.988,16.782
2022-11-28 17:00,0.988,17.749
2022-11-28 18:00,0.989,16.956
2022-11-28 19:00,0.946,14.065
2022-11-28 20:00,0.832,11.740
2022-11-28 21:00,0.687,10.174
2022-11-28 22:00,0.407,8.010
2022-11-28 23:00,0.335,7.464
2022-11-29 00:00,0.465,8.451
2022-11-29 01:00,0.680,10.123
2022-11-29 02:00,0.793,11.239
2022-11-29 03:00,0.764,10.927
2022-11-29 04:00,0.738,10.652
2022-11-29 05:00,0.845,11.921
2022-11-29 06:00,0.882,12.529
2022-11-29 07:00,0.884,12.569
2022-11-29 08:00,0.905,12.983
2022-11-29 09:00,0.921,13.361
2022-11-29 10:00,0.923,13.412
2022-11-29 11:00,0.933,13.663
2022-11-29 12:00,0.952,14.276
2022-11-29 13:00,0.965,14.831
2022-11-29 14:00,0.976,15.497
2022-11-29 15:00,0.984,16.142
2022-11-29 16:00,0.988,16.798
2022-11-29 17:00,0.989,17.021
2022-11-29 18:00,0.989,16.992
2022-11-29 19:00,0.989,17.058
2022-11-29 20:00,0.989,17.239
2022-11-29 21:00,0.988,16.819
2022-11-29 22:00,0.985,16.336
2022-11-29 23:00,0.985,16.283
2022-11-30 00:00,0.980,15.820
2022-11-30 01:00,0.967,14.915
2022-11-30 02:00,0.946,14.065
2022-11-30 03:00,0.910,13.082
2022-11-30 04:00,0.832,11.751
2022-11-30 05:00,0.764,10.928
2022-11-30 06:00,0.777,11.070
2022-11-30 07:00,0.815,11.508
2022-11-30 08:00,0.837,11.822
2022-11-30 09:00,0.843,11.897
2022-11-30 10:00,0.860,12.154
2022-11-30 11:00,0.881,12.523
2022-11-30 12:00,0.885,12.582
2022-11-30 13:00,0.886,12.613
2022-11-30 14:00,0.882,12.536
2022-11-30 15:00,0.889,12.650
2022-11-30 16:00,0.912,13.138
2022-11-30 17:00,0.925,13.465
2022-11-30 18:00,0.926,13.476
2022-11-30 19:00,0.920,13.325
2022-11-30 20:00,0.902,12.932
2022-11-30 21:00,0.869,12.305
2022-11-30 22:00,0.838,11.829
2022-11-30 23:00,0.825,11.644
2022-12-01 00:00,0.802,11.351
2022-12-01 01:00,0.774,11.035
2022-12-01 02:00,0.748,10.755
2022-12-01 03:00,0.720,10.484
2022-12-01 04:00,0.685,10.158
2022-12-01 05:00,0.655,9.895
2022-12-01 06:00,0.633,9.711
2022-12-01 07:00,0.609,9.529
2022-12-01 08:00,0.601,9.467
2022-12-01 09:00,0.578,9.290
2022-12-01 10:00,0.558,9.136
2022-12-01 11:00,0.558,9.139
2022-12-01 12:00,0.596,9.422
2022-12-01 13:00,0.639,9.773
2022-12-01 14:00,0.677,10.091
2022-12-01 15:00,0.722,10.503
2022-12-01 16:00,0.756,10.830
2022-12-01 17:00,0.773,11.012
2022-12-01 18:00,0.790,11.217
2022-12-01 19:00,0.792,11.233
2022-12-01 20:00,0.763,10.912
2022-12-01 21:00,0.719,10.473
2022-12-01 22:00,0.678,10.096
2022-12-01 23:00,0.599,9.448
2022-12-02 00:00,0.519,8.848
2022-12-02 01:00,0.422,8.132
2022-12-02 02:00,0.299,7.174
2022-12-02 03:00,0.185,6.126
2022-12-02 04:00,0.119,5.355
2022-12-02 05:00,0.075,4.678
2022-12-02 06:00,0.046,4.103
2022-12-02 07:00,0.029,3.647
2022-12-02 08:00,0.010,2.895
2022-12-02 09:00,0.001,1.907
2022-12-02 10:00,0,1.159
2022-12-02 11:00,0,1.079
2022-12-02 12:00,0.001,1.930
2022-12-02 13:00,0.011,2.957
2022-12-02 14:00,0.031,3.712
2022-12-02 15:00,0.059,4.379
2022-12-02 16:00,0.101,5.099
2022-12-02 17:00,0.134,5.530
2022-12-02 18:00,0.160,5.854
2022-12-02 19:00,0.172,5.984
2022-12-02 20:00,0.175,6.020
2022-12-02 21:00,0.156,5.803
2022-12-02 22:00,0.117,5.313
2022-12-02 23:00,0.095,5.010
2022-12-03 00:00,0.122,5.386
2022-12-03 01:00,0.192,6.201
2022-12-03 02:00,0.255,6.801
2022-12-03 03:00,0.308,7.242
2022-12-03 04:00,0.356,7.627
2022-12-03 05:00,0.328,7.402
2022-12-03 06:00,0.242,6.682
2022-12-03 07:00,0.162,5.874
2022-12-03 08:00,0.115,5.286
2022-12-03 09:00,0.087,4.876
2022-12-03 10:00,0.090,4.937
2022-12-03 11:00,0.147,5.694
2022-12-03 12:00,0.219,6.463
2022-12-03 13:00,0.299,7.168
2022-12-03 14:00,0.359,7.647
2022-12-03 15:00,0.404,7.994
2022-12-03 16:00,0.485,8.597
2022-12-03 17:00,0.624,9.646
2022-12-03 18:00,0.795,11.274
2022-12-03 19:00,0.881,12.520
2022-12-03 20:00,0.915,13.211
2022-12-03 21:00,0.906,13.003
2022-12-03 22:00,0.880,12.503
2022-12-03 23:00,0.832,11.747
2022-12-04 00:00,0.744,10.722
2022-12-04 01:00,0.668,10.013
2022-12-04 02:00,0.578,9.293
2022-12-04 03:00,0.528,8.910
2022-12-04 04:00,0.513,8.795
2022-12-04 05:00,0.509,8.764
2022-12-04 06:00,0.477,8.529
2022-12-04 07:00,0.440,8.258
2022-12-04 08:00,0.399,7.959
2022-12-04 09:00,0.362,7.676
2022-12-04 10:00,0.339,7.498
2022-12-04 11:00,0.322,7.359
2022-12-04 12:00,0.377,7.785
2022-12-04 13:00,0.422,8.132
2022-12-04 14:00,0.480,8.552
2022-12-04 15:00,0.576,9.274
2022-12-04 16:00,0.630,9.688
2022-12-04 17:00,0.660,9.944
2022-12-04 18:00,0.668,10.016
2022-12-04 19:00,0.680,10.121
2022-12-04 20:00,0.658,9.927
2022-12-04 21:00,0.623,9.639
2022-12-04 22:00,0.594,9.405
2022-12-04 23:00,0.542,9.017
2022-12-05 00:00,0.484,8.584
2022-12-05 01:00,0.435,8.228
2022-12-05 02:00,0.356,7.629
2022-12-05 03:00,0.270,6.926
2022-12-05 04:00,0.232,6.588
2022-12-05 05:00,0.251,6.751
2022-12-05 06:00,0.330,7.424
2022-12-05 07:00,0.455,8.372
2022-12-05 08:00,0.594,9.409
2022-12-05 09:00,0.687,10.180
2022-12-05 10:00,0.727,10.546
2022-12-05 11:00,0.735,10.631
2022-12-05 12:00,0.723,10.515
2022-12-05 13:00,0.719,10.470
2022-12-05 14:00,0.735,10.633
2022-12-05 15:00,0.773,11.015
2022-12-05 16:00,0.806,11.413
2022-12-05 17:00,0.832,11.746
2022-12-05 18:00,0.841,11.878
2022-12-05 19:00,0.823,11.629
2022-12-05 20:00,0.768,10.965
2022-12-05 21:00,0.670,10.036
2022-12-05 22:00,0.548,9.064
2022-12-05 23:00,0.410,8.035
2022-12-06 00:00,0.315,7.310
2022-12-06 01:00,0.310,7.263
2022-12-06 02:00,0.351,7.592
2022-12-06 03:00,0.417,8.093
2022-12-06 04:00,0.480,8.556
2022-12-06 05:00,0.506,8.740
2022-12-06 06:00,0.506,8.740
2022-12-06 07:00,0.573,9.252
2022-12-06 08:00,0.652,9.880
2022-12-06 09:00,0.681,10.130
2022-12-06 10:00,0.677,10.082
2022-12-06 11:00,0.642,9.794
2022-12-06 12:00,0.580,9.304
2022-12-06 13:00,0.514,8.807
2022-12-06 14:00,0.484,8.587
2022-12-06 15:00,0.497,8.675
2022-12-06 16:00,0.520,8.856
2022-12-06 17:00,0.525,8.889
2022-12-06 18:00,0.528,8.913
2022-12-06 19:00,0.526,8.896
2022-12-06 20:00,0.530,8.920
2022-12-06 21:00,0.514,8.802
2022-12-06 22:00,0.508,8.757
2022-12-06 23:00,0.511,8.783
2022-12-07 00:00,0.510,8.776
2022-12-07 01:00,0.580,9.308
2022-12-07 02:00,0.644,9.816
2022-12-07 03:00,0.705,10.337
2022-12-07 04:00,0.716,10.449
2022-12-07 05:00,0.705,10.332
2022-12-07 06:00,0.701,10.308
2022-12-07 07:00,0.707,10.359
2022-12-07 08:00,0.703,10.322
2022-12-07 09:00,0.649,9.855
2022-12-07 10:00,0.560,9.145
2022-12-07 11:00,0.484,8.578
2022-12-07 12:00,0.445,8.295
2022-12-07 13:00,0.433,8.209
2022-12-07 14:00,0.426,8.149
2022-12-07 15:00,0.426,8.157
2022-12-07 16:00,0.435,8.223
2022-12-07 17:00,0.449,8.320
2022-12-07 18:00,0.471,8.485
2022-12-07 19:00,0.494,8.656
2022-12-07 20:00,0.509,8.768
2022-12-07 21:00,0.485,8.594
2022-12-07 22:00,0.453,8.350
2022-12-07 23:00,0.395,7.931
2022-12-08 00:00,0.315,7.305
2022-12-08 01:00,0.255,6.804
2022-12-08 02:00,0.202,6.298
2022-12-08 03:00,0.156,5.800
2022-12-08 04:00,0.100,5.075
2022-12-08 05:00,0.052,4.231
2022-12-08 06:00,0.027,3.584
2022-12-08 07:00,0.022,3.415
2022-12-08 08:00,0.021,3.380
2022-12-08 09:00,0.022,3.434
2022-12-08 10:00,0.024,3.515
2022-12-08 11:00,0.030,3.683
2022-12-08 12:00,0.039,3.937
2022-12-08 13:00,0.041,3.999
2022-12-08 14:00,0.035,3.821
2022-12-08 15:00,0.034,3.806
2022-12-08 16:00,0.034,3.811
2022-12-08 17:00,0.038,3.907
2022-12-08 18:00,0.048,4.138
2022-12-08 19:00,0.051,4.229
2022-12-08 20:00,0.042,4.019
2022-12-08 21:00,0.035,3.830
2022-12-08 22:00,0.030,3.697
2022-12-08 23:00,0.023,3.453
2022-12-09 00:00,0.014,3.091
2022-12-09 01:00,0.013,3.056
2022-12-09 02:00,0.023,3.471
2022-12-09 03:00,0.050,4.207
2022-12-09 04:00,0.031,3.729
2022-12-09 05:00,0.017,3.248
2022-12-09 06:00,0.018,3.287
2022-12-09 07:00,0.024,3.496
2022-12-09 08:00,0.029,3.644
2022-12-09 09:00,0.036,3.849
2022-12-09 10:00,0.048,4.147
2022-12-09 11:00,0.069,4.572
2022-12-09 12:00,0.103,5.130
2022-12-09 13:00,0.130,5.487
2022-12-09 14:00,0.094,4.997
2022-12-09 15:00,0.052,4.250
2022-12-09 16:00,0.038,3.899
2022-12-09 17:00,0.042,4.018
2022-12-09 18:00,0.047,4.124
2022-12-09 19:00,0.059,4.369
2022-12-09 20:00,0.067,4.526
2022-12-09 21:00,0.064,4.477
2022-12-09 22:00,0.054,4.274
2022-12-09 23:00,0.028,3.636
2022-12-10 00:00,0.005,2.518
2022-12-10 01:00,0,0.810
2022-12-10 02:00,0,0
2022-12-10 03:00,0,0.708
2022-12-10 04:00,0.001,1.710
2022-12-10 05:00,0.001,2.003
2022-12-10 06:00,0.001,1.958
2022-12-10 07:00,0.006,2.582
2022-12-10 08:00,0.033,3.773
2022-12-10 09:00,0.122,5.390
2022-12-10 10:00,0.276,6.982
2022-12-10 11:00,0.271,6.935
2022-12-10 12:00,0.176,6.027
2022-12-10 13:00,0.148,5.705
2022-12-10 14:00,0.181,6.081
2022-12-10 15:00,0.282,7.036
2022-12-10 16:00,0.402,7.980
2022-12-10 17:00,0.506,8.741
2022-12-10 18:00,0.566,9.197
2022-12-10 19:00,0.599,9.444
2022-12-10 20:00,0.602,9.478
2022-12-10 21:00,0.596,9.423
2022-12-10 22:00,0.602,9.476
2022-12-10 23:00,0.583,9.325
2022-12-11 00:00,0.550,9.081
2022-12-11 01:00,0.553,9.097
2022-12-11 02:00,0.551,9.088
2022-12-11 03:00,0.538,8.982
2022-12-11 04:00,0.594,9.412
2022-12-11 05:00,0.749,10.765
2022-12-11 06:00,0.869,12.309
2022-12-11 07:00,0.915,13.224
2022-12-11 08:00,0.923,13.411
2022-12-11 09:00,0.905,12.985
2022-12-11 10:00,0.865,12.242
2022-12-11 11:00,0.793,11.243
2022-12-11 12:00,0.679,10.111
2022-12-11 13:00,0.576,9.278
2022-12-11 14:00,0.545,9.034
2022-12-11 15:00,0.565,9.184
2022-12-11 16:00,0.509,8.767
2022-12-11 17:00,0.395,7.922
2022-12-11 18:00,0.261,6.845
2022-12-11 19:00,0.118,5.326
2022-12-11 20:00,0.044,4.070
2022-12-11 21:00,0.031,3.726
2022-12-11 22:00,0.033,3.792
2022-12-11 23:00,0.042,4.002
2022-12-12 00:00,0.073,4.640
2022-12-12 01:00,0.100,5.088
2022-12-12 02:00,0.052,4.245
2022-12-12 03:00,0.024,3.485
2022-12-12 04:00,0.038,3.919
2022-12-12 05:00,0.069,4.585
2022-12-12 06:00,0.092,4.963
2022-12-12 07:00,0.108,5.193
2022-12-12 08:00,0.129,5.474
2022-12-12 09:00,0.238,6.645
2022-12-12 10:00,0.405,8.001
2022-12-12 11:00,0.570,9.229
2022-12-12 12:00,0.691,10.218
2022-12-12 13:00,0.766,10.951
2022-12-12 14:00,0.812,11.480
2022-12-12 15:00,0.854,12.062
2022-12-12 16:00,0.860,12.155
2022-12-12 17:00,0.835,11.788
2022-12-12 18:00,0.820,11.580
2022-12-12 19:00,0.808,11.433
2022-12-12 20:00,0.783,11.121
2022-12-12 21:00,0.735,10.626
2022-12-12 22:00,0.720,10.480
2022-12-12 23:00,0.742,10.697
2022-12-13 00:00,0.801,11.334
2022-12-13 01:00,0.866,12.257
2022-12-13 02:00,0.886,12.608
2022-12-13 03:00,0.897,12.825
2022-12-13 04:00,0.896,12.794
2022-12-13 05:00,0.896,12.806
2022-12-13 06:00,0.903,12.940
2022-12-13 07:00,0.917,13.269
2022-12-13 08:00,0.925,13.452
2022-12-13 09:00,0.930,13.594
2022-12-13 10:00,0.943,13.987
2022-12-13 11:00,0.962,14.695
2022-12-13 12:00,0.979,15.712
2022-12-13 13:00,0.985,16.273
2022-12-13 14:00,0.986,16.481
2022-12-13 15:00,0.985,16.277
2022-12-13 16:00,0.983,16.004
2022-12-13 17:00,0.980,15.769
2022-12-13 18:00,0.979,15.666
2022-12-13 19:00,0.981,15.882
2022-12-13 20:00,0.981,15.855
2022-12-13 21:00,0.976,15.453
2022-12-13 22:00,0.969,15.045
2022-12-13 23:00,0.959,14.588
2022-12-14 00:00,0.947,14.120
2022-12-14 01:00,0.927,13.515
2022-12-14 02:00,0.907,13.039
2022-12-14 03:00,0.895,12.781
2022-12-14 04:00,0.878,12.466
2022-12-14 05:00,0.856,12.097
2022-12-14 06:00,0.825,11.647
2022-12-14 07:00,0.792,11.232
2022-12-14 08:00,0.774,11.037
2022-12-14 09:00,0.763,10.902
2022-12-14 10:00,0.741,10.686
2022-12-14 11:00,0.724,10.521
2022-12-14 12:00,0.722,10.490
2022-12-14 13:00,0.724,10.526
2022-12-14 14:00,0.717,10.458
2022-12-14 15:00,0.724,10.520
2022-12-14 16:00,0.734,10.616
2022-12-14 17:00,0.739,10.671
2022-12-14 18:00,0.749,10.769
2022-12-14 19:00,0.744,10.722
2022-12-14 20:00,0.722,10.497
2022-12-14 21:00,0.652,9.877
2022-12-14 22:00,0.544,9.026
2022-12-14 23:00,0.383,7.830
2022-12-15 00:00,0.222,6.496
2022-12-15 01:00,0.123,5.399
2022-12-15 02:00,0.080,4.772
2022-12-15 03:00,0.068,4.550
2022-12-15 04:00,0.076,4.707
2022-12-15 05:00,0.105,5.149
2022-12-15 06:00,0.131,5.501
2022-12-15 07:00,0.176,6.028
2022-12-15 08:00,0.241,6.666
2022-12-15 09:00,0.343,7.527
2022-12-15 10:00,0.472,8.495
2022-12-15 11:00,0.586,9.351
2022-12-15 12:00,0.641,9.788
2022-12-15 13:00,0.684,10.146
2022-12-15 14:00,0.799,11.315
2022-12-15 15:00,0.851,12.021
2022-12-15 16:00,0.840,11.857
2022-12-15 17:00,0.809,11.448
2022-12-15 18:00,0.781,11.104
2022-12-15 19:00,0.756,10.834
2022-12-15 20:00,0.745,10.727
2022-12-15 21:00,0.715,10.431
2022-12-15 22:00,0.675,10.073
2022-12-15 23:00,0.628,9.680
2022-12-16 00:00,0.562,9.164
2022-12-16 01:00,0.477,8.528
2022-12-16 02:00,0.362,7.673
2022-12-16 03:00,0.267,6.909
2022-12-16 04:00,0.209,6.363
2022-12-16 05:00,0.165,5.912
2022-12-16 06:00,0.134,5.529
2022-12-16 07:00,0.140,5.617
2022-12-16 08:00,0.156,5.798
2022-12-16 09:00,0.173,5.996
2022-12-16 10:00,0.146,5.691
2022-12-16 11:00,0.115,5.289
2022-12-16 12:00,0.104,5.141
2022-12-16 13:00,0.078,4.733
2022-12-16 14:00,0.083,4.804
2022-12-16 15:00,0.110,5.225
2022-12-16 16:00,0.176,6.024
2022-12-16 17:00,0.236,6.626
2022-12-16 18:00,0.272,6.947
2022-12-16 19:00,0.324,7.368
2022-12-16 20:00,0.357,7.636
2022-12-16 21:00,0.441,8.264
2022-12-16 22:00,0.599,9.444
2022-12-16 23:00,0.647,9.834
2022-12-17 00:00,0.566,9.198
2022-12-17 01:00,0.467,8.459
2022-12-17 02:00,0.550,9.079
2022-12-17 03:00,0.707,10.357
2022-12-17 04:00,0.768,10.969
2022-12-17 05:00,0.779,11.090
2022-12-17 06:00,0.754,10.820
2022-12-17 07:00,0.742,10.702
2022-12-17 08:00,0.756,10.834
2022-12-17 09:00,0.745,10.730
2022-12-17 10:00,0.731,10.585
2022-12-17 11:00,0.722,10.499
2022-12-17 12:00,0.727,10.553
2022-12-17 13:00,0.749,10.773
2022-12-17 14:00,0.795,11.274
2022-12-17 15:00,0.844,11.901
2022-12-17 16:00,0.871,12.336
2022-12-17 17:00,0.875,12.402
2022-12-17 18:00,0.861,12.183
2022-12-17 19:00,0.842,11.891
2022-12-17 20:00,0.816,11.524
2022-12-17 21:00,0.758,10.861
2022-12-17 22:00,0.689,10.191
2022-12-17 23:00,0.632,9.706
2022-12-18 00:00,0.558,9.136
2022-12-18 01:00,0.495,8.664
2022-12-18 02:00,0.499,8.701
2022-12-18 03:00,0.521,8.863
2022-12-18 04:00,0.557,9.129
2022-12-18 05:00,0.602,9.476
2022-12-18 06:00,0.647,9.832
2022-12-18 07:00,0.691,10.213
2022-12-18 08:00,0.726,10.542
2022-12-18 09:00,0.747,10.743
2022-12-18 10:00,0.747,10.745
2022-12-18 11:00,0.725,10.528
2022-12-18 12:00,0.710,10.385
2022-12-18 13:00,0.700,10.299
2022-12-18 14:00,0.696,10.264
2022-12-18 15:00,0.702,10.312
2022-12-18 16:00,0.719,10.471
2022-12-18 17:00,0.742,10.702
2022-12-18 18:00,0.769,10.976
2022-12-18 19:00,0.784,11.144
2022-12-18 20:00,0.783,11.132
2022-12-18 21:00,0.771,10.999
2022-12-18 22:00,0.756,10.830
2022-12-18 23:00,0.696,10.261
2022-12-19 00:00,0.625,9.650
2022-12-19 01:00,0.540,8.990
2022-12-19 02:00,0.481,8.563
2022-12-19 03:00,0.484,8.581
2022-12-19 04:00,0.472,8.491
2022-12-19 05:00,0.422,8.129
2022-12-19 06:00,0.371,7.749
2022-12-19 07:00,0.336,7.474
2022-12-19 08:00,0.310,7.268
2022-12-19 09:00,0.298,7.166
2022-12-19 10:00,0.291,7.100
2022-12-19 11:00,0.280,7.019
2022-12-19 12:00,0.287,7.075
2022-12-19 13:00,0.303,7.210
2022-12-19 14:00,0.328,7.400
2022-12-19 15:00,0.364,7.696
2022-12-19 16:00,0.389,7.883
2022-12-19 17:00,0.389,7.887
2022-12-19 18:00,0.371,7.744
2022-12-19 19:00,0.351,7.589
2022-12-19 20:00,0.335,7.466
2022-12-19 21:00,0.307,7.238
2022-12-19 22:00,0.280,7.010
2022-12-19 23:00,0.239,6.657
2022-12-20 00:00,0.188,6.160
2022-12-20 01:00,0.204,6.319
2022-12-20 02:00,0.241,6.666
2022-12-20 03:00,0.194,6.210
2022-12-20 04:00,0.129,5.482
2022-12-20 05:00,0.080,4.761
2022-12-20 06:00,0.036,3.857
2022-12-20 07:00,0.012,2.976
2022-12-20 08:00,0.002,2.143
2022-12-20 09:00,0,1.468
2022-12-20 10:00,0,0.956
2022-12-20 11:00,0,0.625
2022-12-20 12:00,0,0.895
2022-12-20 13:00,0,1.628
2022-12-20 14:00,0.006,2.581
2022-12-20 15:00,0.020,3.367
2022-12-20 16:00,0.034,3.813
2022-12-20 17:00,0.030,3.695
2022-12-20 18:00,0.010,2.894
2022-12-20 19:00,0.004,2.394
2022-12-20 20:00,0.024,3.499
2022-12-20 21:00,0.062,4.446
2022-12-20 22:00,0.057,4.343
2022-12-20 23:00,0.084,4.828
2022-12-21 00:00,0.197,6.243
2022-12-21 01:00,0.343,7.526
2022-12-21 02:00,0.465,8.446
2022-12-21 03:00,0.545,9.030
2022-12-21 04:00,0.577,9.286
2022-12-21 05:00,0.533,8.947
2022-12-21 06:00,0.460,8.402
2022-12-21 07:00,0.401,7.974
2022-12-21 08:00,0.413,8.063
2022-12-21 09:00,0.484,8.575
2022-12-21 10:00,0.581,9.313
2022-12-21 11:00,0.647,9.836
2022-12-21 12:00,0.689,10.196
2022-12-21 13:00,0.752,10.798
2022-12-21 14:00,0.817,11.547
2022-12-21 15:00,0.851,12.022
2022-12-21 16:00,0.861,12.181
2022-12-21 17:00,0.877,12.454
2022-12-21 18:00,0.908,13.063
2022-12-21 19:00,0.920,13.330
2022-12-21 20:00,0.918,13.279
2022-12-21 21:00,0.916,13.234
2022-12-21 22:00,0.921,13.345
2022-12-21 23:00,0.926,13.489
2022-12-22 00:00,0.929,13.571
2022-12-22 01:00,0.939,13.869
2022-12-22 02:00,0.954,14.349
2022-12-22 03:00,0.961,14.665
2022-12-22 04:00,0.969,15.023
2022-12-22 05:00,0.974,15.362
2022-12-22 06:00,0.982,15.992
2022-12-22 07:00,0.988,16.686
2022-12-22 08:00,0.989,17.302
2022-12-22 09:00,0.989,17.502
2022-12-22 10:00,0.989,17.258
2022-12-22 11:00,0.988,16.861
2022-12-22 12:00,0.988,16.809
2022-12-22 13:00,0.989,17.030
2022-12-22 14:00,0.989,17.384
2022-12-22 15:00,0.988,17.902
2022-12-22 16:00,0.985,18.339
2022-12-22 17:00,0.979,18.804
2022-12-22 18:00,0.972,19.228
2022-12-22 19:00,0.966,19.511
2022-12-22 20:00,0.962,19.661
2022-12-22 21:00,0.964,19.610
2022-12-22 22:00,0.966,19.524
2022-12-22 23:00,0.965,19.541
2022-12-23 00:00,0.962,19.686
2022-12-23 01:00,0.968,19.442
2022-12-23 02:00,0.969,19.393
2022-12-23 03:00,0.966,19.533
2022-12-23 04:00,0.965,19.574
2022-12-23 05:00,0.967,19.455
2022-12-23 06:00,0.971,19.260
2022-12-23 07:00,0.978,18.934
2022-12-23 08:00,0.983,18.499
2022-12-23 09:00,0.988,17.904
2022-12-23 10:00,0.989,17.463
2022-12-23 11:00,0.989,17.226
2022-12-23 12:00,0.989,16.960
2022-12-23 13:00,0.986,16.442
2022-12-23 14:00,0.979,15.715
2022-12-23 15:00,0.966,14.901
2022-12-23 16:00,0.947,14.108
2022-12-23 17:00,0.907,13.043
2022-12-23 18:00,0.839,11.851
2022-12-23 19:00,0.760,10.878
2022-12-23 20:00,0.687,10.178
2022-12-23 21:00,0.607,9.508
2022-12-23 22:00,0.529,8.914
2022-12-23 23:00,0.467,8.463
2022-12-24 00:00,0.431,8.196
2022-12-24 01:00,0.429,8.180
2022-12-24 02:00,0.443,8.277
2022-12-24 03:00,0.485,8.592
2022-12-24 04:00,0.536,8.972
2022-12-24 05:00,0.567,9.203
2022-12-24 06:00,0.608,9.523
2022-12-24 07:00,0.669,10.028
2022-12-24 08:00,0.726,10.540
2022-12-24 09:00,0.746,10.734
2022-12-24 10:00,0.731,10.583
2022-12-24 11:00,0.682,10.137
2022-12-24 12:00,0.628,9.676
2022-12-24 13:00,0.588,9.370
2022-12-24 14:00,0.553,9.098
2022-12-24 15:00,0.526,8.893
2022-12-24 16:00,0.491,8.639
2022-12-24 17:00,0.441,8.272
2022-12-24 18:00,0.386,7.851
2022-12-24 19:00,0.374,7.769
2022-12-24 20:00,0.399,7.958
2022-12-24 21:00,0.460,8.402
2022-12-24 22:00,0.536,8.969
2022-12-24 23:00,0.584,9.339
2022-12-25 00:00,0.628,9.672
2022-12-25 01:00,0.681,10.131
2022-12-25 02:00,0.741,10.687
2022-12-25 03:00,0.835,11.777
2022-12-25 04:00,0.891,12.703
2022-12-25 05:00,0.905,12.989
2022-12-25 06:00,0.901,12.909
2022-12-25 07:00,0.873,12.367
2022-12-25 08:00,0.827,11.681
2022-12-25 09:00,0.763,10.901
2022-12-25 10:00,0.679,10.109
2022-12-25 11:00,0.578,9.289
2022-12-25 12:00,0.486,8.599
2022-12-25 13:00,0.404,7.990
2022-12-25 14:00,0.327,7.394
2022-12-25 15:00,0.328,7.404
2022-12-25 16:00,0.369,7.729
2022-12-25 17:00,0.426,8.149
2022-12-25 18:00,0.457,8.391
2022-12-25 19:00,0.432,8.207
2022-12-25 20:00,0.418,8.094
2022-12-25 21:00,0.395,7.930
2022-12-25 22:00,0.362,7.669
2022-12-25 23:00,0.294,7.131
2022-12-26 00:00,0.224,6.516
2022-12-26 01:00,0.177,6.042
2022-12-26 02:00,0.148,5.716
2022-12-26 03:00,0.152,5.765
2022-12-26 04:00,0.169,5.948
2022-12-26 05:00,0.157,5.816
2022-12-26 06:00,0.130,5.494
2022-12-26 07:00,0.133,5.529
2022-12-26 08:00,0.143,5.658
2022-12-26 09:00,0.130,5.498
2022-12-26 10:00,0.111,5.243
2022-12-26 11:00,0.080,4.771
2022-12-26 12:00,0.057,4.346
2022-12-26 13:00,0.048,4.142
2022-12-26 14:00,0.047,4.125
2022-12-26 15:00,0.058,4.363
2022-12-26 16:00,0.082,4.792
2022-12-26 17:00,0.099,5.063
2022-12-26 18:00,0.107,5.190
2022-12-26 19:00,0.111,5.234
2022-12-26 20:00,0.110,5.222
2022-12-26 21:00,0.109,5.205
2022-12-26 22:00,0.107,5.183
2022-12-26 23:00,0.103,5.130
2022-12-27 00:00,0.095,5.007
2022-12-27 01:00,0.088,4.899
2022-12-27 02:00,0.074,4.671
2022-12-27 03:00,0.066,4.514
2022-12-27 04:00,0.076,4.708
2022-12-27 05:00,0.085,4.854
2022-12-27 06:00,0.103,5.131
2022-12-27 07:00,0.169,5.949
2022-12-27 08:00,0.289,7.090
2022-12-27 09:00,0.368,7.726
2022-12-27 10:00,0.381,7.823
2022-12-27 11:00,0.368,7.723
2022-12-27 12:00,0.361,7.659
2022-12-27 13:00,0.377,7.792
2022-12-27 14:00,0.423,8.139
2022-12-27 15:00,0.467,8.460
2022-12-27 16:00,0.497,8.675
2022-12-27 17:00,0.545,9.041
2022-12-27 18:00,0.590,9.385
2022-12-27 19:00,0.649,9.859
2022-12-27 20:00,0.649,9.859
2022-12-27 21:00,0.558,9.136
2022-12-27 22:00,0.480,8.555
2022-12-27 23:00,0.434,8.219
2022-12-28 00:00,0.423,8.140
2022-12-28 01:00,0.515,8.819
2022-12-28 02:00,0.596,9.425
2022-12-28 03:00,0.630,9.698
2022-12-28 04:00,0.599,9.453
2022-12-28 05:00,0.571,9.235
2022-12-28 06:00,0.568,9.213
2022-12-28 07:00,0.573,9.245
2022-12-28 08:00,0.633,9.717
2022-12-28 09:00,0.679,10.109
2022-12-28 10:00,0.682,10.137
2022-12-28 11:00,0.673,10.062
2022-12-28 12:00,0.662,9.958
2022-12-28 13:00,0.666,9.996
2022-12-28 14:00,0.681,10.126
2022-12-28 15:00,0.712,10.397
2022-12-28 16:00,0.760,10.870
2022-12-28 17:00,0.806,11.401
2022-12-28 18:00,0.840,11.855
2022-12-28 19:00,0.856,12.098
2022-12-28 20:00,0.851,12.009
2022-12-28 21:00,0.825,11.648
2022-12-28 22:00,0.783,11.129
2022-12-28 23:00,0.718,10.460
2022-12-29 00:00,0.666,10.002
2022-12-29 01:00,0.633,9.711
2022-12-29 02:00,0.556,9.122
2022-12-29 03:00,0.479,8.547
2022-12-29 04:00,0.413,8.066
2022-12-29 05:00,0.368,7.722
2022-12-29 06:00,0.350,7.579
2022-12-29 07:00,0.362,7.674
2022-12-29 08:00,0.374,7.769
2022-12-29 09:00,0.371,7.741
2022-12-29 10:00,0.381,7.820
2022-12-29 11:00,0.407,8.011
2022-12-29 12:00,0.429,8.183
2022-12-29 13:00,0.450,8.324
2022-12-29 14:00,0.446,8.305
2022-12-29 15:00,0.461,8.412
2022-12-29 16:00,0.471,8.485
2022-12-29 17:00,0.463,8.429
2022-12-29 18:00,0.443,8.279
2022-12-29 19:00,0.415,8.076
2022-12-29 20:00,0.383,7.838
2022-12-29 21:00,0.348,7.569
2022-12-29 22:00,0.315,7.306
2022-12-29 23:00,0.294,7.131
2022-12-30 00:00,0.251,6.755
2022-12-30 01:00,0.260,6.839
2022-12-30 02:00,0.252,6.768
2022-12-30 03:00,0.225,6.526
2022-12-30 04:00,0.202,6.305
2022-12-30 05:00,0.200,6.281
2022-12-30 06:00,0.215,6.421
2022-12-30 07:00,0.259,6.832
2022-12-30 08:00,0.315,7.309
2022-12-30 09:00,0.356,7.631
2022-12-30 10:00,0.362,7.678
2022-12-30 11:00,0.362,7.678
2022-12-30 12:00,0.374,7.767
2022-12-30 13:00,0.391,7.894
2022-12-30 14:00,0.417,8.089
2022-12-30 15:00,0.465,8.451
2022-12-30 16:00,0.522,8.868
2022-12-30 17:00,0.569,9.224
2022-12-30 18:00,0.621,9.624
2022-12-30 19:00,0.667,10.009
2022-12-30 20:00,0.705,10.331
2022-12-30 21:00,0.720,10.482
2022-12-30 22:00,0.739,10.671
2022-12-30 23:00,0.733,10.597
2022-12-31 00:00,0.738,10.651
2022-12-31 01:00,0.740,10.677
2022-12-31 02:00,0.708,10.366
2022-12-31 03:00,0.659,9.934
2022-12-31 04:00,0.593,9.400
2022-12-31 05:00,0.540,9.000
2022-12-31 06:00,0.521,8.857
2022-12-31 07:00,0.542,9.017
2022-12-31 08:00,0.580,9.308
2022-12-31 09:00,0.577,9.284
2022-12-31 10:00,0.532,8.942
2022-12-31 11:00,0.497,8.683
2022-12-31 12:00,0.497,8.672
2022-12-31 13:00,0.511,8.785
2022-12-31 14:00,0.533,8.947
2022-12-31 15:00,0.589,9.378
2022-12-31 16:00,0.657,9.917
2022-12-31 17:00,0.712,10.403
2022-12-31 18:00,0.740,10.676
2022-12-31 19:00,0.751,10.784
2022-12-31 20:00,0.751,10.790
2022-12-31 21:00,0.717,10.458
2022-12-31 22:00,0.648,9.849
2022-12-31 23:00,0.581,9.313
