# Renewables.ninja Wind power (Point API) - 35.400, 129.600 - Version: 1.4 - License: https://creativecommons.org/licenses/by-nc/4.0/ - Reference: https://doi.org/10.1016/j.energy.2016.08.068
# Units: time in UTC, electricity in kW, wind_speed in m/s
# {"units": {"time": "UTC", "electricity": "kW", "wind_speed": "m/s"}, "params": {"lat": "35.4", "lon": "129.6", "date_from": "2020-01-01", "date_to": "2020-12-31", "dataset": "merra2", "capacity": "1", "height": "140", "turbine": "Vestas V164 8000", "header": "true", "raw": "true"}}
time,electricity,wind_speed
2020-01-01 00:00,0.594,9.411
2020-01-01 01:00,0.525,8.889
2020-01-01 02:00,0.433,8.212
2020-01-01 03:00,0.368,7.727
2020-01-01 04:00,0.315,7.309
2020-01-01 05:00,0.283,7.046
2020-01-01 06:00,0.270,6.930
2020-01-01 07:00,0.274,6.965
2020-01-01 08:00,0.281,7.029
2020-01-01 09:00,0.284,7.049
2020-01-01 10:00,0.289,7.080
2020-01-01 11:00,0.297,7.149
2020-01-01 12:00,0.305,7.226
2020-01-01 13:00,0.305,7.225
2020-01-01 14:00,0.291,7.111
2020-01-01 15:00,0.302,7.195
2020-01-01 16:00,0.328,7.399
2020-01-01 17:00,0.339,7.489
2020-01-01 18:00,0.333,7.445
2020-01-01 19:00,0.337,7.480
2020-01-01 20:00,0.360,7.655
2020-01-01 21:00,0.364,7.690
2020-01-01 22:00,0.344,7.531
2020-01-01 23:00,0.290,7.095
2020-01-02 00:00,0.229,6.562
2020-01-02 01:00,0.185,6.125
2020-01-02 02:00,0.163,5.891
2020-01-02 03:00,0.177,6.034
2020-01-02 04:00,0.192,6.202
2020-01-02 05:00,0.222,6.497
2020-01-02 06:00,0.266,6.900
2020-01-02 07:00,0.340,7.502
2020-01-02 08:00,0.437,8.236
2020-01-02 09:00,0.510,8.773
2020-01-02 10:00,0.555,9.112
2020-01-02 11:00,0.553,9.100
2020-01-02 12:00,0.537,8.981
2020-01-02 13:00,0.530,8.918
2020-01-02 14:00,0.552,9.095
2020-01-02 15:00,0.594,9.410
2020-01-02 16:00,0.642,9.794
2020-01-02 17:00,0.687,10.174
2020-01-02 18:00,0.721,10.486
2020-01-02 19:00,0.731,10.591
2020-01-02 20:00,0.723,10.516
2020-01-02 21:00,0.671,10.045
2020-01-02 22:00,0.608,9.513
2020-01-02 23:00,0.531,8.935
2020-01-03 00:00,0.462,8.417
2020-01-03 01:00,0.427,8.163
2020-01-03 02:00,0.419,8.111
2020-01-03 03:00,0.454,8.366
2020-01-03 04:00,0.484,8.575
2020-01-03 05:00,0.488,8.614
2020-01-03 06:00,0.494,8.659
2020-01-03 07:00,0.529,8.916
2020-01-03 08:00,0.583,9.327
2020-01-03 09:00,0.613,9.560
2020-01-03 10:00,0.610,9.543
2020-01-03 11:00,0.601,9.469
2020-01-03 12:00,0.551,9.083
2020-01-03 13:00,0.523,8.878
2020-01-03 14:00,0.531,8.936
2020-01-03 15:00,0.540,8.990
2020-01-03 16:00,0.545,9.032
2020-01-03 17:00,0.549,9.073
2020-01-03 18:00,0.573,9.243
2020-01-03 19:00,0.597,9.433
2020-01-03 20:00,0.591,9.390
2020-01-03 21:00,0.573,9.240
2020-01-03 22:00,0.599,9.445
2020-01-03 23:00,0.594,9.404
2020-01-04 00:00,0.557,9.129
2020-01-04 01:00,0.566,9.198
2020-01-04 02:00,0.602,9.477
2020-01-04 03:00,0.666,10.002
2020-01-04 04:00,0.722,10.490
2020-01-04 05:00,0.734,10.614
2020-01-04 06:00,0.738,10.648
2020-01-04 07:00,0.758,10.853
2020-01-04 08:00,0.773,11.025
2020-01-04 09:00,0.783,11.125
2020-01-04 10:00,0.776,11.057
2020-01-04 11:00,0.751,10.787
2020-01-04 12:00,0.696,10.259
2020-01-04 13:00,0.602,9.476
2020-01-04 14:00,0.480,8.560
2020-01-04 15:00,0.386,7.851
2020-01-04 16:00,0.328,7.412
2020-01-04 17:00,0.299,7.168
2020-01-04 18:00,0.274,6.962
2020-01-04 19:00,0.239,6.654
2020-01-04 20:00,0.206,6.331
2020-01-04 21:00,0.144,5.670
2020-01-04 22:00,0.068,4.558
2020-01-04 23:00,0.021,3.403
2020-01-05 00:00,0.001,1.824
2020-01-05 01:00,0,0.486
2020-01-05 02:00,0,0.117
2020-01-05 03:00,0,0.363
2020-01-05 04:00,0,0.778
2020-01-05 05:00,0,1.021
2020-01-05 06:00,0,1.323
2020-01-05 07:00,0,1.291
2020-01-05 08:00,0,1.202
2020-01-05 09:00,0,1.184
2020-01-05 10:00,0,1.290
2020-01-05 11:00,0,1.462
2020-01-05 12:00,0,1.545
2020-01-05 13:00,0.001,1.754
2020-01-05 14:00,0.002,2.194
2020-01-05 15:00,0.004,2.374
2020-01-05 16:00,0.012,2.998
2020-01-05 17:00,0.024,3.507
2020-01-05 18:00,0.025,3.539
2020-01-05 19:00,0.022,3.436
2020-01-05 20:00,0.011,2.944
2020-01-05 21:00,0.008,2.738
2020-01-05 22:00,0.006,2.598
2020-01-05 23:00,0.003,2.293
2020-01-06 00:00,0.011,2.945
2020-01-06 01:00,0.048,4.155
2020-01-06 02:00,0.063,4.469
2020-01-06 03:00,0.099,5.055
2020-01-06 04:00,0.080,4.763
2020-01-06 05:00,0.046,4.112
2020-01-06 06:00,0.035,3.831
2020-01-06 07:00,0.086,4.865
2020-01-06 08:00,0.143,5.649
2020-01-06 09:00,0.157,5.817
2020-01-06 10:00,0.118,5.338
2020-01-06 11:00,0.159,5.843
2020-01-06 12:00,0.227,6.547
2020-01-06 13:00,0.328,7.412
2020-01-06 14:00,0.390,7.892
2020-01-06 15:00,0.426,8.160
2020-01-06 16:00,0.513,8.795
2020-01-06 17:00,0.615,9.575
2020-01-06 18:00,0.691,10.212
2020-01-06 19:00,0.719,10.469
2020-01-06 20:00,0.694,10.244
2020-01-06 21:00,0.595,9.415
2020-01-06 22:00,0.533,8.950
2020-01-06 23:00,0.538,8.983
2020-01-07 00:00,0.530,8.924
2020-01-07 01:00,0.556,9.123
2020-01-07 02:00,0.648,9.846
2020-01-07 03:00,0.851,12.017
2020-01-07 04:00,0.856,12.094
2020-01-07 05:00,0.866,12.266
2020-01-07 06:00,0.819,11.573
2020-01-07 07:00,0.832,11.736
2020-01-07 08:00,0.923,13.414
2020-01-07 09:00,0.948,14.143
2020-01-07 10:00,0.958,14.512
2020-01-07 11:00,0.973,15.264
2020-01-07 12:00,0.989,16.958
2020-01-07 13:00,0.959,19.793
2020-01-07 14:00,0.894,21.275
2020-01-07 15:00,0.874,21.566
2020-01-07 16:00,0.899,21.186
2020-01-07 17:00,0.881,21.475
2020-01-07 18:00,0.885,21.416
2020-01-07 19:00,0.890,21.333
2020-01-07 20:00,0.884,21.430
2020-01-07 21:00,0.897,21.215
2020-01-07 22:00,0.923,20.739
2020-01-07 23:00,0.939,20.371
2020-01-08 00:00,0.956,19.879
2020-01-08 01:00,0.981,18.678
2020-01-08 02:00,0.989,17.095
2020-01-08 03:00,0.976,15.486
2020-01-08 04:00,0.940,13.881
2020-01-08 05:00,0.872,12.349
2020-01-08 06:00,0.760,10.870
2020-01-08 07:00,0.599,9.446
2020-01-08 08:00,0.476,8.525
2020-01-08 09:00,0.444,8.291
2020-01-08 10:00,0.488,8.614
2020-01-08 11:00,0.545,9.029
2020-01-08 12:00,0.607,9.506
2020-01-08 13:00,0.672,10.050
2020-01-08 14:00,0.693,10.238
2020-01-08 15:00,0.685,10.151
2020-01-08 16:00,0.665,9.989
2020-01-08 17:00,0.663,9.963
2020-01-08 18:00,0.648,9.845
2020-01-08 19:00,0.676,10.077
2020-01-08 20:00,0.674,10.064
2020-01-08 21:00,0.688,10.186
2020-01-08 22:00,0.716,10.439
2020-01-08 23:00,0.691,10.214
2020-01-09 00:00,0.689,10.195
2020-01-09 01:00,0.691,10.220
2020-01-09 02:00,0.659,9.934
2020-01-09 03:00,0.708,10.365
2020-01-09 04:00,0.743,10.712
2020-01-09 05:00,0.738,10.658
2020-01-09 06:00,0.720,10.483
2020-01-09 07:00,0.712,10.408
2020-01-09 08:00,0.735,10.630
2020-01-09 09:00,0.741,10.687
2020-01-09 10:00,0.738,10.662
2020-01-09 11:00,0.712,10.397
2020-01-09 12:00,0.643,9.802
2020-01-09 13:00,0.572,9.236
2020-01-09 14:00,0.520,8.857
2020-01-09 15:00,0.507,8.755
2020-01-09 16:00,0.470,8.483
2020-01-09 17:00,0.407,8.016
2020-01-09 18:00,0.363,7.682
2020-01-09 19:00,0.325,7.385
2020-01-09 20:00,0.267,6.905
2020-01-09 21:00,0.183,6.103
2020-01-09 22:00,0.113,5.265
2020-01-09 23:00,0.053,4.260
2020-01-10 00:00,0.010,2.872
2020-01-10 01:00,0,1.239
2020-01-10 02:00,0,0.709
2020-01-10 03:00,0,0.787
2020-01-10 04:00,0,0.742
2020-01-10 05:00,0,0.658
2020-01-10 06:00,0,1.029
2020-01-10 07:00,0.001,1.709
2020-01-10 08:00,0.002,2.162
2020-01-10 09:00,0.003,2.264
2020-01-10 10:00,0.005,2.489
2020-01-10 11:00,0.015,3.160
2020-01-10 12:00,0.058,4.361
2020-01-10 13:00,0.097,5.025
2020-01-10 14:00,0.101,5.097
2020-01-10 15:00,0.109,5.202
2020-01-10 16:00,0.138,5.581
2020-01-10 17:00,0.253,6.780
2020-01-10 18:00,0.347,7.558
2020-01-10 19:00,0.355,7.617
2020-01-10 20:00,0.364,7.696
2020-01-10 21:00,0.417,8.091
2020-01-10 22:00,0.497,8.680
2020-01-10 23:00,0.498,8.686
2020-01-11 00:00,0.463,8.428
2020-01-11 01:00,0.380,7.819
2020-01-11 02:00,0.296,7.140
2020-01-11 03:00,0.253,6.782
2020-01-11 04:00,0.200,6.283
2020-01-11 05:00,0.156,5.795
2020-01-11 06:00,0.123,5.402
2020-01-11 07:00,0.106,5.167
2020-01-11 08:00,0.115,5.283
2020-01-11 09:00,0.116,5.303
2020-01-11 10:00,0.092,4.968
2020-01-11 11:00,0.068,4.557
2020-01-11 12:00,0.059,4.376
2020-01-11 13:00,0.060,4.403
2020-01-11 14:00,0.061,4.415
2020-01-11 15:00,0.073,4.636
2020-01-11 16:00,0.083,4.814
2020-01-11 17:00,0.089,4.917
2020-01-11 18:00,0.074,4.665
2020-01-11 19:00,0.110,5.228
2020-01-11 20:00,0.222,6.496
2020-01-11 21:00,0.322,7.361
2020-01-11 22:00,0.389,7.883
2020-01-11 23:00,0.477,8.528
2020-01-12 00:00,0.540,8.993
2020-01-12 01:00,0.552,9.095
2020-01-12 02:00,0.580,9.308
2020-01-12 03:00,0.618,9.602
2020-01-12 04:00,0.650,9.865
2020-01-12 05:00,0.702,10.319
2020-01-12 06:00,0.761,10.889
2020-01-12 07:00,0.805,11.394
2020-01-12 08:00,0.852,12.027
2020-01-12 09:00,0.880,12.502
2020-01-12 10:00,0.898,12.845
2020-01-12 11:00,0.907,13.027
2020-01-12 12:00,0.907,13.044
2020-01-12 13:00,0.901,12.894
2020-01-12 14:00,0.885,12.586
2020-01-12 15:00,0.876,12.437
2020-01-12 16:00,0.867,12.283
2020-01-12 17:00,0.845,11.922
2020-01-12 18:00,0.817,11.540
2020-01-12 19:00,0.790,11.211
2020-01-12 20:00,0.773,11.010
2020-01-12 21:00,0.743,10.706
2020-01-12 22:00,0.725,10.531
2020-01-12 23:00,0.688,10.184
2020-01-13 00:00,0.683,10.143
2020-01-13 01:00,0.648,9.846
2020-01-13 02:00,0.609,9.532
2020-01-13 03:00,0.596,9.431
2020-01-13 04:00,0.591,9.389
2020-01-13 05:00,0.598,9.439
2020-01-13 06:00,0.590,9.379
2020-01-13 07:00,0.578,9.287
2020-01-13 08:00,0.548,9.063
2020-01-13 09:00,0.442,8.273
2020-01-13 10:00,0.351,7.588
2020-01-13 11:00,0.368,7.722
2020-01-13 12:00,0.409,8.025
2020-01-13 13:00,0.460,8.399
2020-01-13 14:00,0.393,7.911
2020-01-13 15:00,0.367,7.716
2020-01-13 16:00,0.373,7.755
2020-01-13 17:00,0.377,7.788
2020-01-13 18:00,0.392,7.905
2020-01-13 19:00,0.416,8.079
2020-01-13 20:00,0.410,8.037
2020-01-13 21:00,0.357,7.635
2020-01-13 22:00,0.302,7.198
2020-01-13 23:00,0.260,6.837
2020-01-14 00:00,0.219,6.466
2020-01-14 01:00,0.184,6.116
2020-01-14 02:00,0.157,5.821
2020-01-14 03:00,0.128,5.464
2020-01-14 04:00,0.125,5.423
2020-01-14 05:00,0.145,5.676
2020-01-14 06:00,0.170,5.954
2020-01-14 07:00,0.226,6.534
2020-01-14 08:00,0.321,7.354
2020-01-14 09:00,0.426,8.158
2020-01-14 10:00,0.511,8.789
2020-01-14 11:00,0.564,9.180
2020-01-14 12:00,0.581,9.316
2020-01-14 13:00,0.588,9.370
2020-01-14 14:00,0.588,9.364
2020-01-14 15:00,0.596,9.426
2020-01-14 16:00,0.590,9.383
2020-01-14 17:00,0.578,9.294
2020-01-14 18:00,0.567,9.204
2020-01-14 19:00,0.556,9.121
2020-01-14 20:00,0.564,9.182
2020-01-14 21:00,0.534,8.960
2020-01-14 22:00,0.480,8.550
2020-01-14 23:00,0.404,7.993
2020-01-15 00:00,0.312,7.277
2020-01-15 01:00,0.210,6.380
2020-01-15 02:00,0.161,5.868
2020-01-15 03:00,0.160,5.848
2020-01-15 04:00,0.175,6.016
2020-01-15 05:00,0.205,6.327
2020-01-15 06:00,0.251,6.756
2020-01-15 07:00,0.316,7.316
2020-01-15 08:00,0.407,8.010
2020-01-15 09:00,0.474,8.508
2020-01-15 10:00,0.498,8.686
2020-01-15 11:00,0.499,8.688
2020-01-15 12:00,0.472,8.491
2020-01-15 13:00,0.410,8.034
2020-01-15 14:00,0.274,6.957
2020-01-15 15:00,0.162,5.880
2020-01-15 16:00,0.130,5.487
2020-01-15 17:00,0.129,5.485
2020-01-15 18:00,0.144,5.662
2020-01-15 19:00,0.145,5.679
2020-01-15 20:00,0.118,5.332
2020-01-15 21:00,0.089,4.917
2020-01-15 22:00,0.072,4.628
2020-01-15 23:00,0.054,4.281
2020-01-16 00:00,0.032,3.742
2020-01-16 01:00,0.017,3.230
2020-01-16 02:00,0.008,2.776
2020-01-16 03:00,0.007,2.682
2020-01-16 04:00,0.008,2.720
2020-01-16 05:00,0.009,2.831
2020-01-16 06:00,0.015,3.119
2020-01-16 07:00,0.025,3.540
2020-01-16 08:00,0.053,4.267
2020-01-16 09:00,0.098,5.049
2020-01-16 10:00,0.117,5.307
2020-01-16 11:00,0.113,5.269
2020-01-16 12:00,0.099,5.058
2020-01-16 13:00,0.073,4.644
2020-01-16 14:00,0.050,4.188
2020-01-16 15:00,0.048,4.158
2020-01-16 16:00,0.067,4.535
2020-01-16 17:00,0.096,5.019
2020-01-16 18:00,0.119,5.343
2020-01-16 19:00,0.135,5.544
2020-01-16 20:00,0.155,5.789
2020-01-16 21:00,0.144,5.666
2020-01-16 22:00,0.110,5.219
2020-01-16 23:00,0.084,4.835
2020-01-17 00:00,0.068,4.560
2020-01-17 01:00,0.061,4.411
2020-01-17 02:00,0.052,4.242
2020-01-17 03:00,0.048,4.152
2020-01-17 04:00,0.060,4.393
2020-01-17 05:00,0.099,5.060
2020-01-17 06:00,0.172,5.976
2020-01-17 07:00,0.266,6.892
2020-01-17 08:00,0.362,7.673
2020-01-17 09:00,0.426,8.150
2020-01-17 10:00,0.446,8.310
2020-01-17 11:00,0.460,8.408
2020-01-17 12:00,0.473,8.502
2020-01-17 13:00,0.491,8.639
2020-01-17 14:00,0.503,8.729
2020-01-17 15:00,0.494,8.650
2020-01-17 16:00,0.477,8.528
2020-01-17 17:00,0.454,8.370
2020-01-17 18:00,0.450,8.331
2020-01-17 19:00,0.460,8.407
2020-01-17 20:00,0.484,8.591
2020-01-17 21:00,0.506,8.750
2020-01-17 22:00,0.533,8.952
2020-01-17 23:00,0.553,9.098
2020-01-18 00:00,0.573,9.242
2020-01-18 01:00,0.572,9.238
2020-01-18 02:00,0.562,9.164
2020-01-18 03:00,0.508,8.757
2020-01-18 04:00,0.404,7.988
2020-01-18 05:00,0.316,7.312
2020-01-18 06:00,0.285,7.060
2020-01-18 07:00,0.307,7.235
2020-01-18 08:00,0.314,7.301
2020-01-18 09:00,0.283,7.039
2020-01-18 10:00,0.229,6.567
2020-01-18 11:00,0.200,6.277
2020-01-18 12:00,0.174,6.007
2020-01-18 13:00,0.138,5.581
2020-01-18 14:00,0.116,5.301
2020-01-18 15:00,0.117,5.319
2020-01-18 16:00,0.112,5.258
2020-01-18 17:00,0.085,4.858
2020-01-18 18:00,0.098,5.037
2020-01-18 19:00,0.151,5.744
2020-01-18 20:00,0.234,6.608
2020-01-18 21:00,0.379,7.811
2020-01-18 22:00,0.429,8.174
2020-01-18 23:00,0.423,8.134
2020-01-19 00:00,0.426,8.153
2020-01-19 01:00,0.443,8.278
2020-01-19 02:00,0.386,7.858
2020-01-19 03:00,0.432,8.206
2020-01-19 04:00,0.540,8.998
2020-01-19 05:00,0.575,9.261
2020-01-19 06:00,0.582,9.322
2020-01-19 07:00,0.611,9.550
2020-01-19 08:00,0.633,9.718
2020-01-19 09:00,0.618,9.601
2020-01-19 10:00,0.591,9.388
2020-01-19 11:00,0.572,9.237
2020-01-19 12:00,0.566,9.189
2020-01-19 13:00,0.561,9.157
2020-01-19 14:00,0.558,9.134
2020-01-19 15:00,0.592,9.396
2020-01-19 16:00,0.636,9.745
2020-01-19 17:00,0.668,10.015
2020-01-19 18:00,0.688,10.183
2020-01-19 19:00,0.690,10.205
2020-01-19 20:00,0.676,10.079
2020-01-19 21:00,0.631,9.703
2020-01-19 22:00,0.579,9.299
2020-01-19 23:00,0.530,8.919
2020-01-20 00:00,0.498,8.685
2020-01-20 01:00,0.510,8.776
2020-01-20 02:00,0.513,8.795
2020-01-20 03:00,0.521,8.863
2020-01-20 04:00,0.510,8.774
2020-01-20 05:00,0.496,8.669
2020-01-20 06:00,0.490,8.628
2020-01-20 07:00,0.518,8.841
2020-01-20 08:00,0.576,9.276
2020-01-20 09:00,0.591,9.391
2020-01-20 10:00,0.620,9.619
2020-01-20 11:00,0.674,10.070
2020-01-20 12:00,0.731,10.579
2020-01-20 13:00,0.773,11.018
2020-01-20 14:00,0.807,11.415
2020-01-20 15:00,0.851,12.019
2020-01-20 16:00,0.886,12.606
2020-01-20 17:00,0.901,12.893
2020-01-20 18:00,0.895,12.775
2020-01-20 19:00,0.872,12.357
2020-01-20 20:00,0.834,11.759
2020-01-20 21:00,0.743,10.706
2020-01-20 22:00,0.588,9.370
2020-01-20 23:00,0.409,8.028
2020-01-21 00:00,0.250,6.749
2020-01-21 01:00,0.133,5.526
2020-01-21 02:00,0.063,4.460
2020-01-21 03:00,0.030,3.678
2020-01-21 04:00,0.012,3.004
2020-01-21 05:00,0.005,2.523
2020-01-21 06:00,0.003,2.312
2020-01-21 07:00,0.002,2.117
2020-01-21 08:00,0.001,1.973
2020-01-21 09:00,0.001,1.760
2020-01-21 10:00,0.001,1.747
2020-01-21 11:00,0.001,1.844
2020-01-21 12:00,0,1.675
2020-01-21 13:00,0,1.479
2020-01-21 14:00,0,1.052
2020-01-21 15:00,0,1.146
2020-01-21 16:00,0,0.976
2020-01-21 17:00,0,0.772
2020-01-21 18:00,0,0.558
2020-01-21 19:00,0,0.532
2020-01-21 20:00,0,0.762
2020-01-21 21:00,0,0.887
2020-01-21 22:00,0,0.884
2020-01-21 23:00,0,0.828
2020-01-22 00:00,0,0.908
2020-01-22 01:00,0,1.088
2020-01-22 02:00,0,1.257
2020-01-22 03:00,0,1.366
2020-01-22 04:00,0,1.550
2020-01-22 05:00,0.001,1.902
2020-01-22 06:00,0.004,2.353
2020-01-22 07:00,0.013,3.024
2020-01-22 08:00,0.043,4.023
2020-01-22 09:00,0.076,4.700
2020-01-22 10:00,0.081,4.776
2020-01-22 11:00,0.136,5.554
2020-01-22 12:00,0.204,6.322
2020-01-22 13:00,0.234,6.610
2020-01-22 14:00,0.259,6.831
2020-01-22 15:00,0.274,6.963
2020-01-22 16:00,0.287,7.073
2020-01-22 17:00,0.342,7.513
2020-01-22 18:00,0.480,8.556
2020-01-22 19:00,0.480,8.553
2020-01-22 20:00,0.444,8.288
2020-01-22 21:00,0.446,8.302
2020-01-22 22:00,0.429,8.177
2020-01-22 23:00,0.438,8.247
2020-01-23 00:00,0.415,8.073
2020-01-23 01:00,0.334,7.456
2020-01-23 02:00,0.217,6.439
2020-01-23 03:00,0.145,5.675
2020-01-23 04:00,0.128,5.464
2020-01-23 05:00,0.138,5.582
2020-01-23 06:00,0.153,5.771
2020-01-23 07:00,0.156,5.806
2020-01-23 08:00,0.160,5.850
2020-01-23 09:00,0.170,5.955
2020-01-23 10:00,0.189,6.164
2020-01-23 11:00,0.199,6.267
2020-01-23 12:00,0.217,6.448
2020-01-23 13:00,0.212,6.396
2020-01-23 14:00,0.194,6.217
2020-01-23 15:00,0.221,6.479
2020-01-23 16:00,0.245,6.706
2020-01-23 17:00,0.232,6.584
2020-01-23 18:00,0.222,6.494
2020-01-23 19:00,0.221,6.479
2020-01-23 20:00,0.240,6.661
2020-01-23 21:00,0.236,6.629
2020-01-23 22:00,0.237,6.638
2020-01-23 23:00,0.259,6.834
2020-01-24 00:00,0.291,7.106
2020-01-24 01:00,0.377,7.784
2020-01-24 02:00,0.485,8.597
2020-01-24 03:00,0.566,9.196
2020-01-24 04:00,0.621,9.630
2020-01-24 05:00,0.708,10.365
2020-01-24 06:00,0.744,10.715
2020-01-24 07:00,0.758,10.860
2020-01-24 08:00,0.763,10.915
2020-01-24 09:00,0.778,11.075
2020-01-24 10:00,0.786,11.173
2020-01-24 11:00,0.768,10.973
2020-01-24 12:00,0.753,10.811
2020-01-24 13:00,0.746,10.732
2020-01-24 14:00,0.681,10.129
2020-01-24 15:00,0.696,10.263
2020-01-24 16:00,0.707,10.353
2020-01-24 17:00,0.765,10.941
2020-01-24 18:00,0.765,10.935
2020-01-24 19:00,0.722,10.494
2020-01-24 20:00,0.702,10.319
2020-01-24 21:00,0.667,10.011
2020-01-24 22:00,0.608,9.519
2020-01-24 23:00,0.545,9.040
2020-01-25 00:00,0.433,8.215
2020-01-25 01:00,0.344,7.541
2020-01-25 02:00,0.293,7.130
2020-01-25 03:00,0.285,7.062
2020-01-25 04:00,0.252,6.770
2020-01-25 05:00,0.252,6.767
2020-01-25 06:00,0.307,7.237
2020-01-25 07:00,0.280,7.013
2020-01-25 08:00,0.259,6.836
2020-01-25 09:00,0.278,7.002
2020-01-25 10:00,0.264,6.872
2020-01-25 11:00,0.267,6.903
2020-01-25 12:00,0.289,7.092
2020-01-25 13:00,0.292,7.116
2020-01-25 14:00,0.279,7.005
2020-01-25 15:00,0.244,6.701
2020-01-25 16:00,0.268,6.912
2020-01-25 17:00,0.257,6.820
2020-01-25 18:00,0.251,6.754
2020-01-25 19:00,0.297,7.156
2020-01-25 20:00,0.430,8.189
2020-01-25 21:00,0.540,8.993
2020-01-25 22:00,0.616,9.577
2020-01-25 23:00,0.643,9.807
2020-01-26 00:00,0.683,10.145
2020-01-26 01:00,0.736,10.641
2020-01-26 02:00,0.759,10.868
2020-01-26 03:00,0.798,11.315
2020-01-26 04:00,0.802,11.346
2020-01-26 05:00,0.810,11.451
2020-01-26 06:00,0.871,12.337
2020-01-26 07:00,0.899,12.848
2020-01-26 08:00,0.914,13.173
2020-01-26 09:00,0.925,13.453
2020-01-26 10:00,0.949,14.186
2020-01-26 11:00,0.962,14.710
2020-01-26 12:00,0.975,15.388
2020-01-26 13:00,0.975,15.417
2020-01-26 14:00,0.977,15.535
2020-01-26 15:00,0.987,16.564
2020-01-26 16:00,0.989,17.016
2020-01-26 17:00,0.988,17.738
2020-01-26 18:00,0.988,17.746
2020-01-26 19:00,0.984,18.388
2020-01-26 20:00,0.971,19.298
2020-01-26 21:00,0.965,19.542
2020-01-26 22:00,0.944,20.248
2020-01-26 23:00,0.901,21.156
2020-01-27 00:00,0.911,20.975
2020-01-27 01:00,0.909,21.014
2020-01-27 02:00,0.906,21.055
2020-01-27 03:00,0.906,21.061
2020-01-27 04:00,0.910,20.985
2020-01-27 05:00,0.902,21.127
2020-01-27 06:00,0.910,20.996
2020-01-27 07:00,0.930,20.580
2020-01-27 08:00,0.950,20.072
2020-01-27 09:00,0.952,19.995
2020-01-27 10:00,0.952,20.016
2020-01-27 11:00,0.964,19.579
2020-01-27 12:00,0.979,18.823
2020-01-27 13:00,0.987,17.970
2020-01-27 14:00,0.989,17.170
2020-01-27 15:00,0.988,16.786
2020-01-27 16:00,0.988,16.682
2020-01-27 17:00,0.987,16.590
2020-01-27 18:00,0.987,16.543
2020-01-27 19:00,0.986,16.474
2020-01-27 20:00,0.985,16.271
2020-01-27 21:00,0.980,15.767
2020-01-27 22:00,0.975,15.389
2020-01-27 23:00,0.965,14.830
2020-01-28 00:00,0.954,14.363
2020-01-28 01:00,0.951,14.263
2020-01-28 02:00,0.947,14.124
2020-01-28 03:00,0.944,14.015
2020-01-28 04:00,0.941,13.915
2020-01-28 05:00,0.939,13.849
2020-01-28 06:00,0.934,13.700
2020-01-28 07:00,0.923,13.402
2020-01-28 08:00,0.917,13.246
2020-01-28 09:00,0.914,13.194
2020-01-28 10:00,0.906,13.009
2020-01-28 11:00,0.872,12.363
2020-01-28 12:00,0.818,11.557
2020-01-28 13:00,0.771,10.998
2020-01-28 14:00,0.748,10.752
2020-01-28 15:00,0.741,10.689
2020-01-28 16:00,0.723,10.513
2020-01-28 17:00,0.698,10.281
2020-01-28 18:00,0.673,10.061
2020-01-28 19:00,0.647,9.833
2020-01-28 20:00,0.617,9.597
2020-01-28 21:00,0.558,9.135
2020-01-28 22:00,0.495,8.665
2020-01-28 23:00,0.426,8.149
2020-01-29 00:00,0.362,7.681
2020-01-29 01:00,0.325,7.384
2020-01-29 02:00,0.293,7.126
2020-01-29 03:00,0.269,6.915
2020-01-29 04:00,0.254,6.789
2020-01-29 05:00,0.253,6.778
2020-01-29 06:00,0.276,6.979
2020-01-29 07:00,0.324,7.370
2020-01-29 08:00,0.396,7.939
2020-01-29 09:00,0.463,8.433
2020-01-29 10:00,0.506,8.746
2020-01-29 11:00,0.532,8.943
2020-01-29 12:00,0.554,9.105
2020-01-29 13:00,0.564,9.171
2020-01-29 14:00,0.564,9.179
2020-01-29 15:00,0.572,9.236
2020-01-29 16:00,0.584,9.335
2020-01-29 17:00,0.607,9.509
2020-01-29 18:00,0.630,9.699
2020-01-29 19:00,0.648,9.846
2020-01-29 20:00,0.673,10.057
2020-01-29 21:00,0.669,10.028
2020-01-29 22:00,0.649,9.853
2020-01-29 23:00,0.596,9.424
2020-01-30 00:00,0.568,9.212
2020-01-30 01:00,0.548,9.052
2020-01-30 02:00,0.518,8.828
2020-01-30 03:00,0.511,8.781
2020-01-30 04:00,0.519,8.848
2020-01-30 05:00,0.541,9.004
2020-01-30 06:00,0.575,9.259
2020-01-30 07:00,0.598,9.437
2020-01-30 08:00,0.620,9.620
2020-01-30 09:00,0.651,9.870
2020-01-30 10:00,0.682,10.133
2020-01-30 11:00,0.705,10.335
2020-01-30 12:00,0.709,10.379
2020-01-30 13:00,0.696,10.258
2020-01-30 14:00,0.668,10.017
2020-01-30 15:00,0.639,9.774
2020-01-30 16:00,0.608,9.519
2020-01-30 17:00,0.569,9.219
2020-01-30 18:00,0.528,8.907
2020-01-30 19:00,0.487,8.609
2020-01-30 20:00,0.443,8.276
2020-01-30 21:00,0.366,7.706
2020-01-30 22:00,0.289,7.089
2020-01-30 23:00,0.199,6.273
2020-01-31 00:00,0.145,5.682
2020-01-31 01:00,0.115,5.282
2020-01-31 02:00,0.104,5.143
2020-01-31 03:00,0.100,5.085
2020-01-31 04:00,0.091,4.939
2020-01-31 05:00,0.079,4.752
2020-01-31 06:00,0.071,4.604
2020-01-31 07:00,0.066,4.525
2020-01-31 08:00,0.067,4.536
2020-01-31 09:00,0.065,4.509
2020-01-31 10:00,0.068,4.540
2020-01-31 11:00,0.068,4.548
2020-01-31 12:00,0.065,4.497
2020-01-31 13:00,0.063,4.460
2020-01-31 14:00,0.061,4.427
2020-01-31 15:00,0.074,4.673
2020-01-31 16:00,0.093,4.975
2020-01-31 17:00,0.111,5.239
2020-01-31 18:00,0.137,5.568
2020-01-31 19:00,0.175,6.010
2020-01-31 20:00,0.222,6.486
2020-01-31 21:00,0.246,6.717
2020-01-31 22:00,0.246,6.718
2020-01-31 23:00,0.238,6.642
2020-02-01 00:00,0.236,6.630
2020-02-01 01:00,0.245,6.704
2020-02-01 02:00,0.262,6.860
2020-02-01 03:00,0.284,7.053
2020-02-01 04:00,0.299,7.175
2020-02-01 05:00,0.326,7.387
2020-02-01 06:00,0.371,7.750
2020-02-01 07:00,0.414,8.071
2020-02-01 08:00,0.446,8.304
2020-02-01 09:00,0.438,8.242
2020-02-01 10:00,0.419,8.106
2020-02-01 11:00,0.386,7.862
2020-02-01 12:00,0.340,7.503
2020-02-01 13:00,0.302,7.199
2020-02-01 14:00,0.268,6.912
2020-02-01 15:00,0.251,6.756
2020-02-01 16:00,0.220,6.474
2020-02-01 17:00,0.175,6.016
2020-02-01 18:00,0.125,5.426
2020-02-01 19:00,0.079,4.748
2020-02-01 20:00,0.050,4.194
2020-02-01 21:00,0.029,3.669
2020-02-01 22:00,0.011,2.929
2020-02-01 23:00,0.004,2.353
2020-02-02 00:00,0.001,1.697
2020-02-02 01:00,0,1.511
2020-02-02 02:00,0.004,2.396
2020-02-02 03:00,0.012,2.989
2020-02-02 04:00,0.018,3.265
2020-02-02 05:00,0.019,3.304
2020-02-02 06:00,0.015,3.131
2020-02-02 07:00,0.014,3.102
2020-02-02 08:00,0.016,3.181
2020-02-02 09:00,0.017,3.227
2020-02-02 10:00,0.015,3.163
2020-02-02 11:00,0.025,3.537
2020-02-02 12:00,0.064,4.481
2020-02-02 13:00,0.133,5.528
2020-02-02 14:00,0.216,6.436
2020-02-02 15:00,0.328,7.405
2020-02-02 16:00,0.415,8.073
2020-02-02 17:00,0.507,8.752
2020-02-02 18:00,0.572,9.236
2020-02-02 19:00,0.608,9.521
2020-02-02 20:00,0.601,9.471
2020-02-02 21:00,0.561,9.154
2020-02-02 22:00,0.513,8.794
2020-02-02 23:00,0.468,8.468
2020-02-03 00:00,0.490,8.633
2020-02-03 01:00,0.484,8.584
2020-02-03 02:00,0.483,8.569
2020-02-03 03:00,0.472,8.498
2020-02-03 04:00,0.426,8.149
2020-02-03 05:00,0.375,7.772
2020-02-03 06:00,0.336,7.471
2020-02-03 07:00,0.319,7.339
2020-02-03 08:00,0.339,7.500
2020-02-03 09:00,0.347,7.564
2020-02-03 10:00,0.316,7.317
2020-02-03 11:00,0.256,6.811
2020-02-03 12:00,0.180,6.069
2020-02-03 13:00,0.118,5.327
2020-02-03 14:00,0.087,4.878
2020-02-03 15:00,0.100,5.082
2020-02-03 16:00,0.135,5.541
2020-02-03 17:00,0.149,5.728
2020-02-03 18:00,0.120,5.364
2020-02-03 19:00,0.077,4.724
2020-02-03 20:00,0.048,4.148
2020-02-03 21:00,0.035,3.821
2020-02-03 22:00,0.031,3.709
2020-02-03 23:00,0.027,3.583
2020-02-04 00:00,0.018,3.265
2020-02-04 01:00,0.015,3.156
2020-02-04 02:00,0.023,3.470
2020-02-04 03:00,0.024,3.506
2020-02-04 04:00,0.024,3.497
2020-02-04 05:00,0.030,3.694
2020-02-04 06:00,0.046,4.101
2020-02-04 07:00,0.070,4.588
2020-02-04 08:00,0.101,5.104
2020-02-04 09:00,0.146,5.690
2020-02-04 10:00,0.222,6.488
2020-02-04 11:00,0.319,7.339
2020-02-04 12:00,0.419,8.108
2020-02-04 13:00,0.505,8.738
2020-02-04 14:00,0.609,9.535
2020-02-04 15:00,0.760,10.870
2020-02-04 16:00,0.860,12.160
2020-02-04 17:00,0.891,12.708
2020-02-04 18:00,0.907,13.038
2020-02-04 19:00,0.919,13.304
2020-02-04 20:00,0.934,13.711
2020-02-04 21:00,0.934,13.710
2020-02-04 22:00,0.921,13.346
2020-02-04 23:00,0.898,12.830
2020-02-05 00:00,0.860,12.148
2020-02-05 01:00,0.817,11.538
2020-02-05 02:00,0.780,11.093
2020-02-05 03:00,0.771,10.992
2020-02-05 04:00,0.770,10.985
2020-02-05 05:00,0.762,10.897
2020-02-05 06:00,0.751,10.792
2020-02-05 07:00,0.735,10.631
2020-02-05 08:00,0.722,10.492
2020-02-05 09:00,0.718,10.464
2020-02-05 10:00,0.717,10.459
2020-02-05 11:00,0.712,10.406
2020-02-05 12:00,0.697,10.272
2020-02-05 13:00,0.674,10.065
2020-02-05 14:00,0.658,9.922
2020-02-05 15:00,0.645,9.820
2020-02-05 16:00,0.628,9.683
2020-02-05 17:00,0.602,9.477
2020-02-05 18:00,0.561,9.155
2020-02-05 19:00,0.515,8.813
2020-02-05 20:00,0.467,8.466
2020-02-05 21:00,0.390,7.891
2020-02-05 22:00,0.311,7.273
2020-02-05 23:00,0.252,6.769
2020-02-06 00:00,0.202,6.305
2020-02-06 01:00,0.135,5.541
2020-02-06 02:00,0.065,4.498
2020-02-06 03:00,0.045,4.093
2020-02-06 04:00,0.048,4.148
2020-02-06 05:00,0.058,4.366
2020-02-06 06:00,0.060,4.402
2020-02-06 07:00,0.070,4.589
2020-02-06 08:00,0.110,5.229
2020-02-06 09:00,0.121,5.379
2020-02-06 10:00,0.110,5.228
2020-02-06 11:00,0.046,4.098
2020-02-06 12:00,0.020,3.355
2020-02-06 13:00,0.004,2.439
2020-02-06 14:00,0.001,1.741
2020-02-06 15:00,0,1.444
2020-02-06 16:00,0,1.019
2020-02-06 17:00,0,0.758
2020-02-06 18:00,0.001,1.770
2020-02-06 19:00,0.008,2.753
2020-02-06 20:00,0.024,3.501
2020-02-06 21:00,0.040,3.966
2020-02-06 22:00,0.061,4.409
2020-02-06 23:00,0.074,4.653
2020-02-07 00:00,0.097,5.027
2020-02-07 01:00,0.125,5.423
2020-02-07 02:00,0.155,5.785
2020-02-07 03:00,0.203,6.310
2020-02-07 04:00,0.257,6.820
2020-02-07 05:00,0.298,7.162
2020-02-07 06:00,0.349,7.574
2020-02-07 07:00,0.407,8.018
2020-02-07 08:00,0.507,8.752
2020-02-07 09:00,0.556,9.120
2020-02-07 10:00,0.586,9.353
2020-02-07 11:00,0.612,9.553
2020-02-07 12:00,0.622,9.632
2020-02-07 13:00,0.626,9.664
2020-02-07 14:00,0.636,9.742
2020-02-07 15:00,0.668,10.015
2020-02-07 16:00,0.702,10.316
2020-02-07 17:00,0.735,10.618
2020-02-07 18:00,0.765,10.931
2020-02-07 19:00,0.790,11.211
2020-02-07 20:00,0.803,11.366
2020-02-07 21:00,0.773,11.011
2020-02-07 22:00,0.722,10.504
2020-02-07 23:00,0.696,10.265
2020-02-08 00:00,0.712,10.401
2020-02-08 01:00,0.681,10.131
2020-02-08 02:00,0.653,9.886
2020-02-08 03:00,0.660,9.943
2020-02-08 04:00,0.687,10.172
2020-02-08 05:00,0.722,10.504
2020-02-08 06:00,0.750,10.783
2020-02-08 07:00,0.763,10.917
2020-02-08 08:00,0.781,11.102
2020-02-08 09:00,0.793,11.239
2020-02-08 10:00,0.781,11.106
2020-02-08 11:00,0.750,10.780
2020-02-08 12:00,0.705,10.332
2020-02-08 13:00,0.639,9.773
2020-02-08 14:00,0.551,9.087
2020-02-08 15:00,0.493,8.647
2020-02-08 16:00,0.472,8.488
2020-02-08 17:00,0.446,8.298
2020-02-08 18:00,0.396,7.934
2020-02-08 19:00,0.316,7.313
2020-02-08 20:00,0.243,6.684
2020-02-08 21:00,0.151,5.751
2020-02-08 22:00,0.060,4.391
2020-02-08 23:00,0.013,3.033
2020-02-09 00:00,0,1.116
2020-02-09 01:00,0,0.250
2020-02-09 02:00,0,0.426
2020-02-09 03:00,0,1.607
2020-02-09 04:00,0.006,2.619
2020-02-09 05:00,0.024,3.475
2020-02-09 06:00,0.062,4.436
2020-02-09 07:00,0.122,5.387
2020-02-09 08:00,0.183,6.110
2020-02-09 09:00,0.231,6.575
2020-02-09 10:00,0.325,7.386
2020-02-09 11:00,0.477,8.529
2020-02-09 12:00,0.562,9.164
2020-02-09 13:00,0.582,9.321
2020-02-09 14:00,0.618,9.604
2020-02-09 15:00,0.677,10.092
2020-02-09 16:00,0.725,10.529
2020-02-09 17:00,0.760,10.881
2020-02-09 18:00,0.785,11.153
2020-02-09 19:00,0.790,11.218
2020-02-09 20:00,0.773,11.026
2020-02-09 21:00,0.734,10.613
2020-02-09 22:00,0.666,9.999
2020-02-09 23:00,0.554,9.106
2020-02-10 00:00,0.486,8.601
2020-02-10 01:00,0.423,8.138
2020-02-10 02:00,0.318,7.325
2020-02-10 03:00,0.234,6.599
2020-02-10 04:00,0.170,5.956
2020-02-10 05:00,0.121,5.373
2020-02-10 06:00,0.089,4.909
2020-02-10 07:00,0.070,4.596
2020-02-10 08:00,0.064,4.484
2020-02-10 09:00,0.050,4.198
2020-02-10 10:00,0.034,3.810
2020-02-10 11:00,0.019,3.323
2020-02-10 12:00,0.008,2.756
2020-02-10 13:00,0.003,2.255
2020-02-10 14:00,0.001,1.809
2020-02-10 15:00,0,1.664
2020-02-10 16:00,0,1.649
2020-02-10 17:00,0.001,1.831
2020-02-10 18:00,0.002,2.113
2020-02-10 19:00,0.003,2.321
2020-02-10 20:00,0.003,2.220
2020-02-10 21:00,0.003,2.329
2020-02-10 22:00,0.009,2.792
2020-02-10 23:00,0.019,3.309
2020-02-11 00:00,0.036,3.863
2020-02-11 01:00,0.062,4.442
2020-02-11 02:00,0.084,4.842
2020-02-11 03:00,0.064,4.491
2020-02-11 04:00,0.059,4.374
2020-02-11 05:00,0.055,4.291
2020-02-11 06:00,0.061,4.427
2020-02-11 07:00,0.074,4.650
2020-02-11 08:00,0.083,4.817
2020-02-11 09:00,0.086,4.860
2020-02-11 10:00,0.097,5.033
2020-02-11 11:00,0.125,5.427
2020-02-11 12:00,0.140,5.622
2020-02-11 13:00,0.144,5.665
2020-02-11 14:00,0.151,5.746
2020-02-11 15:00,0.155,5.791
2020-02-11 16:00,0.176,6.025
2020-02-11 17:00,0.199,6.270
2020-02-11 18:00,0.215,6.431
2020-02-11 19:00,0.246,6.711
2020-02-11 20:00,0.292,7.112
2020-02-11 21:00,0.369,7.732
2020-02-11 22:00,0.490,8.634
2020-02-11 23:00,0.626,9.663
2020-02-12 00:00,0.745,10.725
2020-02-12 01:00,0.817,11.542
2020-02-12 02:00,0.885,12.580
2020-02-12 03:00,0.931,13.625
2020-02-12 04:00,0.938,13.811
2020-02-12 05:00,0.941,13.907
2020-02-12 06:00,0.957,14.471
2020-02-12 07:00,0.949,14.174
2020-02-12 08:00,0.917,13.244
2020-02-12 09:00,0.854,12.073
2020-02-12 10:00,0.754,10.821
2020-02-12 11:00,0.726,10.543
2020-02-12 12:00,0.713,10.412
2020-02-12 13:00,0.719,10.478
2020-02-12 14:00,0.709,10.370
2020-02-12 15:00,0.691,10.210
2020-02-12 16:00,0.674,10.068
2020-02-12 17:00,0.658,9.920
2020-02-12 18:00,0.640,9.782
2020-02-12 19:00,0.620,9.621
2020-02-12 20:00,0.586,9.351
2020-02-12 21:00,0.528,8.906
2020-02-12 22:00,0.453,8.363
2020-02-12 23:00,0.359,7.647
2020-02-13 00:00,0.312,7.277
2020-02-13 01:00,0.254,6.789
2020-02-13 02:00,0.190,6.169
2020-02-13 03:00,0.148,5.712
2020-02-13 04:00,0.112,5.254
2020-02-13 05:00,0.079,4.748
2020-02-13 06:00,0.045,4.090
2020-02-13 07:00,0.032,3.760
2020-02-13 08:00,0.044,4.067
2020-02-13 09:00,0.048,4.153
2020-02-13 10:00,0.055,4.296
2020-02-13 11:00,0.054,4.282
2020-02-13 12:00,0.054,4.283
2020-02-13 13:00,0.042,4.014
2020-02-13 14:00,0.029,3.668
2020-02-13 15:00,0.025,3.521
2020-02-13 16:00,0.024,3.511
2020-02-13 17:00,0.020,3.338
2020-02-13 18:00,0.025,3.520
2020-02-13 19:00,0.038,3.914
2020-02-13 20:00,0.052,4.248
2020-02-13 21:00,0.018,3.265
2020-02-13 22:00,0.003,2.339
2020-02-13 23:00,0.003,2.297
2020-02-14 00:00,0.002,2.111
2020-02-14 01:00,0,1.685
2020-02-14 02:00,0.004,2.353
2020-02-14 03:00,0.008,2.757
2020-02-14 04:00,0.008,2.759
2020-02-14 05:00,0.008,2.768
2020-02-14 06:00,0.015,3.144
2020-02-14 07:00,0.046,4.097
2020-02-14 08:00,0.099,5.052
2020-02-14 09:00,0.146,5.691
2020-02-14 10:00,0.170,5.951
2020-02-14 11:00,0.206,6.335
2020-02-14 12:00,0.170,5.957
2020-02-14 13:00,0.232,6.579
2020-02-14 14:00,0.359,7.647
2020-02-14 15:00,0.393,7.911
2020-02-14 16:00,0.368,7.722
2020-02-14 17:00,0.449,8.324
2020-02-14 18:00,0.502,8.711
2020-02-14 19:00,0.496,8.670
2020-02-14 20:00,0.525,8.889
2020-02-14 21:00,0.594,9.404
2020-02-14 22:00,0.581,9.315
2020-02-14 23:00,0.523,8.878
2020-02-15 00:00,0.454,8.367
2020-02-15 01:00,0.389,7.881
2020-02-15 02:00,0.383,7.836
2020-02-15 03:00,0.396,7.938
2020-02-15 04:00,0.319,7.331
2020-02-15 05:00,0.202,6.304
2020-02-15 06:00,0.221,6.479
2020-02-15 07:00,0.259,6.830
2020-02-15 08:00,0.293,7.117
2020-02-15 09:00,0.246,6.715
2020-02-15 10:00,0.179,6.068
2020-02-15 11:00,0.170,5.959
2020-02-15 12:00,0.159,5.846
2020-02-15 13:00,0.129,5.477
2020-02-15 14:00,0.103,5.128
2020-02-15 15:00,0.098,5.039
2020-02-15 16:00,0.138,5.598
2020-02-15 17:00,0.212,6.401
2020-02-15 18:00,0.304,7.218
2020-02-15 19:00,0.383,7.827
2020-02-15 20:00,0.599,9.440
2020-02-15 21:00,0.893,12.734
2020-02-15 22:00,0.930,13.590
2020-02-15 23:00,0.926,13.481
2020-02-16 00:00,0.939,13.840
2020-02-16 01:00,0.930,13.586
2020-02-16 02:00,0.928,13.540
2020-02-16 03:00,0.948,14.144
2020-02-16 04:00,0.956,14.425
2020-02-16 05:00,0.940,13.888
2020-02-16 06:00,0.930,13.587
2020-02-16 07:00,0.940,13.884
2020-02-16 08:00,0.953,14.332
2020-02-16 09:00,0.959,14.578
2020-02-16 10:00,0.974,15.365
2020-02-16 11:00,0.975,15.405
2020-02-16 12:00,0.965,14.829
2020-02-16 13:00,0.958,14.528
2020-02-16 14:00,0.952,14.296
2020-02-16 15:00,0.954,14.369
2020-02-16 16:00,0.959,14.553
2020-02-16 17:00,0.960,14.624
2020-02-16 18:00,0.961,14.658
2020-02-16 19:00,0.961,14.646
2020-02-16 20:00,0.963,14.729
2020-02-16 21:00,0.957,14.472
2020-02-16 22:00,0.954,14.348
2020-02-16 23:00,0.959,14.557
2020-02-17 00:00,0.957,14.491
2020-02-17 01:00,0.955,14.401
2020-02-17 02:00,0.958,14.539
2020-02-17 03:00,0.968,15.006
2020-02-17 04:00,0.974,15.350
2020-02-17 05:00,0.975,15.393
2020-02-17 06:00,0.972,15.194
2020-02-17 07:00,0.969,15.030
2020-02-17 08:00,0.966,14.902
2020-02-17 09:00,0.961,14.664
2020-02-17 10:00,0.955,14.400
2020-02-17 11:00,0.950,14.233
2020-02-17 12:00,0.948,14.159
2020-02-17 13:00,0.946,14.071
2020-02-17 14:00,0.943,13.968
2020-02-17 15:00,0.948,14.155
2020-02-17 16:00,0.948,14.139
2020-02-17 17:00,0.926,13.489
2020-02-17 18:00,0.900,12.889
2020-02-17 19:00,0.884,12.575
2020-02-17 20:00,0.881,12.509
2020-02-17 21:00,0.856,12.100
2020-02-17 22:00,0.818,11.562
2020-02-17 23:00,0.787,11.180
2020-02-18 00:00,0.731,10.581
2020-02-18 01:00,0.647,9.841
2020-02-18 02:00,0.578,9.290
2020-02-18 03:00,0.511,8.789
2020-02-18 04:00,0.407,8.017
2020-02-18 05:00,0.309,7.252
2020-02-18 06:00,0.236,6.626
2020-02-18 07:00,0.172,5.981
2020-02-18 08:00,0.139,5.606
2020-02-18 09:00,0.144,5.664
2020-02-18 10:00,0.171,5.972
2020-02-18 11:00,0.199,6.260
2020-02-18 12:00,0.228,6.558
2020-02-18 13:00,0.282,7.033
2020-02-18 14:00,0.344,7.535
2020-02-18 15:00,0.361,7.661
2020-02-18 16:00,0.401,7.976
2020-02-18 17:00,0.416,8.078
2020-02-18 18:00,0.422,8.129
2020-02-18 19:00,0.434,8.220
2020-02-18 20:00,0.460,8.402
2020-02-18 21:00,0.432,8.203
2020-02-18 22:00,0.352,7.596
2020-02-18 23:00,0.246,6.712
2020-02-19 00:00,0.163,5.888
2020-02-19 01:00,0.081,4.775
2020-02-19 02:00,0.034,3.797
2020-02-19 03:00,0.014,3.105
2020-02-19 04:00,0.005,2.509
2020-02-19 05:00,0.002,2.145
2020-02-19 06:00,0.001,1.940
2020-02-19 07:00,0,1.674
2020-02-19 08:00,0,1.600
2020-02-19 09:00,0,1.615
2020-02-19 10:00,0.001,1.744
2020-02-19 11:00,0.001,1.792
2020-02-19 12:00,0.001,1.908
2020-02-19 13:00,0.002,2.176
2020-02-19 14:00,0.002,2.120
2020-02-19 15:00,0.003,2.220
2020-02-19 16:00,0.005,2.463
2020-02-19 17:00,0.007,2.658
2020-02-19 18:00,0.009,2.851
2020-02-19 19:00,0.015,3.119
2020-02-19 20:00,0.021,3.376
2020-02-19 21:00,0.023,3.454
2020-02-19 22:00,0.018,3.262
2020-02-19 23:00,0.011,2.916
2020-02-20 00:00,0.006,2.607
2020-02-20 01:00,0.004,2.360
2020-02-20 02:00,0.005,2.479
2020-02-20 03:00,0.004,2.434
2020-02-20 04:00,0.004,2.454
2020-02-20 05:00,0.005,2.457
2020-02-20 06:00,0.003,2.304
2020-02-20 07:00,0.002,2.044
2020-02-20 08:00,0,1.687
2020-02-20 09:00,0,1.538
2020-02-20 10:00,0,1.313
2020-02-20 11:00,0,0.803
2020-02-20 12:00,0,0.680
2020-02-20 13:00,0,0.679
2020-02-20 14:00,0,0.818
2020-02-20 15:00,0,1.192
2020-02-20 16:00,0.001,1.756
2020-02-20 17:00,0.006,2.566
2020-02-20 18:00,0.007,2.660
2020-02-20 19:00,0.029,3.641
2020-02-20 20:00,0.110,5.222
2020-02-20 21:00,0.163,5.886
2020-02-20 22:00,0.140,5.613
2020-02-20 23:00,0.176,6.028
2020-02-21 00:00,0.213,6.411
2020-02-21 01:00,0.270,6.925
2020-02-21 02:00,0.303,7.208
2020-02-21 03:00,0.295,7.138
2020-02-21 04:00,0.276,6.981
2020-02-21 05:00,0.259,6.832
2020-02-21 06:00,0.251,6.753
2020-02-21 07:00,0.215,6.425
2020-02-21 08:00,0.147,5.697
2020-02-21 09:00,0.108,5.196
2020-02-21 10:00,0.096,5.021
2020-02-21 11:00,0.103,5.125
2020-02-21 12:00,0.149,5.728
2020-02-21 13:00,0.218,6.452
2020-02-21 14:00,0.280,7.010
2020-02-21 15:00,0.298,7.162
2020-02-21 16:00,0.333,7.440
2020-02-21 17:00,0.423,8.138
2020-02-21 18:00,0.566,9.197
2020-02-21 19:00,0.709,10.384
2020-02-21 20:00,0.797,11.300
2020-02-21 21:00,0.855,12.091
2020-02-21 22:00,0.849,11.989
2020-02-21 23:00,0.837,11.823
2020-02-22 00:00,0.847,11.956
2020-02-22 01:00,0.886,12.598
2020-02-22 02:00,0.909,13.076
2020-02-22 03:00,0.923,13.421
2020-02-22 04:00,0.933,13.681
2020-02-22 05:00,0.944,13.993
2020-02-22 06:00,0.950,14.212
2020-02-22 07:00,0.951,14.267
2020-02-22 08:00,0.948,14.141
2020-02-22 09:00,0.950,14.204
2020-02-22 10:00,0.952,14.296
2020-02-22 11:00,0.951,14.249
2020-02-22 12:00,0.948,14.136
2020-02-22 13:00,0.939,13.845
2020-02-22 14:00,0.927,13.508
2020-02-22 15:00,0.920,13.337
2020-02-22 16:00,0.918,13.287
2020-02-22 17:00,0.910,13.102
2020-02-22 18:00,0.890,12.684
2020-02-22 19:00,0.865,12.239
2020-02-22 20:00,0.828,11.686
2020-02-22 21:00,0.765,10.937
2020-02-22 22:00,0.664,9.984
2020-02-22 23:00,0.564,9.172
2020-02-23 00:00,0.419,8.104
2020-02-23 01:00,0.252,6.765
2020-02-23 02:00,0.152,5.757
2020-02-23 03:00,0.119,5.356
2020-02-23 04:00,0.086,4.865
2020-02-23 05:00,0.054,4.280
2020-02-23 06:00,0.042,4.005
2020-02-23 07:00,0.042,4.006
2020-02-23 08:00,0.044,4.050
2020-02-23 09:00,0.053,4.261
2020-02-23 10:00,0.075,4.680
2020-02-23 11:00,0.100,5.069
2020-02-23 12:00,0.124,5.413
2020-02-23 13:00,0.156,5.804
2020-02-23 14:00,0.204,6.322
2020-02-23 15:00,0.244,6.697
2020-02-23 16:00,0.247,6.722
2020-02-23 17:00,0.217,6.443
2020-02-23 18:00,0.169,5.946
2020-02-23 19:00,0.126,5.439
2020-02-23 20:00,0.095,5.002
2020-02-23 21:00,0.082,4.790
2020-02-23 22:00,0.083,4.815
2020-02-23 23:00,0.078,4.734
2020-02-24 00:00,0.074,4.660
2020-02-24 01:00,0.079,4.745
2020-02-24 02:00,0.089,4.908
2020-02-24 03:00,0.105,5.162
2020-02-24 04:00,0.118,5.323
2020-02-24 05:00,0.118,5.323
2020-02-24 06:00,0.118,5.335
2020-02-24 07:00,0.128,5.459
2020-02-24 08:00,0.144,5.663
2020-02-24 09:00,0.164,5.895
2020-02-24 10:00,0.173,5.999
2020-02-24 11:00,0.164,5.901
2020-02-24 12:00,0.173,5.997
2020-02-24 13:00,0.190,6.179
2020-02-24 14:00,0.256,6.813
2020-02-24 15:00,0.331,7.432
2020-02-24 16:00,0.237,6.640
2020-02-24 17:00,0.129,5.480
2020-02-24 18:00,0.046,4.111
2020-02-24 19:00,0.004,2.383
2020-02-24 20:00,0.006,2.556
2020-02-24 21:00,0.027,3.588
2020-02-24 22:00,0.138,5.597
2020-02-24 23:00,0.281,7.025
2020-02-25 00:00,0.410,8.030
2020-02-25 01:00,0.490,8.633
2020-02-25 02:00,0.516,8.821
2020-02-25 03:00,0.472,8.500
2020-02-25 04:00,0.345,7.548
2020-02-25 05:00,0.138,5.578
2020-02-25 06:00,0.109,5.214
2020-02-25 07:00,0.476,8.523
2020-02-25 08:00,0.800,11.328
2020-02-25 09:00,0.925,13.462
2020-02-25 10:00,0.935,13.734
2020-02-25 11:00,0.927,13.501
2020-02-25 12:00,0.918,13.284
2020-02-25 13:00,0.908,13.064
2020-02-25 14:00,0.896,12.804
2020-02-25 15:00,0.881,12.525
2020-02-25 16:00,0.868,12.294
2020-02-25 17:00,0.856,12.094
2020-02-25 18:00,0.865,12.243
2020-02-25 19:00,0.869,12.308
2020-02-25 20:00,0.873,12.368
2020-02-25 21:00,0.841,11.876
2020-02-25 22:00,0.748,10.755
2020-02-25 23:00,0.608,9.526
2020-02-26 00:00,0.456,8.378
2020-02-26 01:00,0.338,7.485
2020-02-26 02:00,0.273,6.953
2020-02-26 03:00,0.240,6.660
2020-02-26 04:00,0.214,6.416
2020-02-26 05:00,0.195,6.223
2020-02-26 06:00,0.182,6.089
2020-02-26 07:00,0.158,5.827
2020-02-26 08:00,0.164,5.895
2020-02-26 09:00,0.181,6.084
2020-02-26 10:00,0.190,6.173
2020-02-26 11:00,0.217,6.438
2020-02-26 12:00,0.268,6.913
2020-02-26 13:00,0.352,7.594
2020-02-26 14:00,0.432,8.201
2020-02-26 15:00,0.515,8.813
2020-02-26 16:00,0.587,9.358
2020-02-26 17:00,0.639,9.772
2020-02-26 18:00,0.679,10.112
2020-02-26 19:00,0.710,10.385
2020-02-26 20:00,0.738,10.657
2020-02-26 21:00,0.731,10.583
2020-02-26 22:00,0.688,10.183
2020-02-26 23:00,0.652,9.883
2020-02-27 00:00,0.614,9.568
2020-02-27 01:00,0.561,9.151
2020-02-27 02:00,0.478,8.537
2020-02-27 03:00,0.412,8.051
2020-02-27 04:00,0.364,7.694
2020-02-27 05:00,0.314,7.297
2020-02-27 06:00,0.266,6.898
2020-02-27 07:00,0.234,6.601
2020-02-27 08:00,0.222,6.492
2020-02-27 09:00,0.209,6.367
2020-02-27 10:00,0.166,5.918
2020-02-27 11:00,0.124,5.421
2020-02-27 12:00,0.094,4.999
2020-02-27 13:00,0.072,4.623
2020-02-27 14:00,0.055,4.309
2020-02-27 15:00,0.044,4.070
2020-02-27 16:00,0.061,4.420
2020-02-27 17:00,0.085,4.856
2020-02-27 18:00,0.090,4.923
2020-02-27 19:00,0.066,4.512
2020-02-27 20:00,0.077,4.723
2020-02-27 21:00,0.086,4.864
2020-02-27 22:00,0.107,5.185
2020-02-27 23:00,0.103,5.119
2020-02-28 00:00,0.055,4.300
2020-02-28 01:00,0.021,3.386
2020-02-28 02:00,0.021,3.377
2020-02-28 03:00,0.073,4.639
2020-02-28 04:00,0.029,3.651
2020-02-28 05:00,0.024,3.478
2020-02-28 06:00,0.057,4.354
2020-02-28 07:00,0.037,3.880
2020-02-28 08:00,0.042,4.006
2020-02-28 09:00,0.075,4.686
2020-02-28 10:00,0.095,5.006
2020-02-28 11:00,0.095,5.001
2020-02-28 12:00,0.073,4.638
2020-02-28 13:00,0.043,4.030
2020-02-28 14:00,0.015,3.145
2020-02-28 15:00,0.002,2.199
2020-02-28 16:00,0,1.568
2020-02-28 17:00,0,1.051
2020-02-28 18:00,0,0.857
2020-02-28 19:00,0,1.554
2020-02-28 20:00,0.004,2.419
2020-02-28 21:00,0.010,2.894
2020-02-28 22:00,0.024,3.492
2020-02-28 23:00,0.029,3.673
2020-02-29 00:00,0.053,4.254
2020-02-29 01:00,0.088,4.903
2020-02-29 02:00,0.105,5.152
2020-02-29 03:00,0.112,5.248
2020-02-29 04:00,0.101,5.096
2020-02-29 05:00,0.090,4.923
2020-02-29 06:00,0.099,5.051
2020-02-29 07:00,0.136,5.563
2020-02-29 08:00,0.187,6.150
2020-02-29 09:00,0.229,6.562
2020-02-29 10:00,0.256,6.812
2020-02-29 11:00,0.266,6.891
2020-02-29 12:00,0.253,6.778
2020-02-29 13:00,0.219,6.465
2020-02-29 14:00,0.181,6.084
2020-02-29 15:00,0.160,5.856
2020-02-29 16:00,0.142,5.642
2020-02-29 17:00,0.118,5.327
2020-02-29 18:00,0.109,5.205
2020-02-29 19:00,0.115,5.291
2020-02-29 20:00,0.121,5.382
2020-02-29 21:00,0.131,5.499
2020-02-29 22:00,0.138,5.597
2020-02-29 23:00,0.160,5.856
2020-03-01 00:00,0.113,5.266
2020-03-01 01:00,0.095,5.010
2020-03-01 02:00,0.100,5.078
2020-03-01 03:00,0.094,4.990
2020-03-01 04:00,0.100,5.067
2020-03-01 05:00,0.059,4.377
2020-03-01 06:00,0.038,3.904
2020-03-01 07:00,0.042,4.015
2020-03-01 08:00,0.057,4.342
2020-03-01 09:00,0.075,4.686
2020-03-01 10:00,0.075,4.687
2020-03-01 11:00,0.047,4.116
2020-03-01 12:00,0.013,3.029
2020-03-01 13:00,0.001,1.700
2020-03-01 14:00,0,1.555
2020-03-01 15:00,0.035,3.832
2020-03-01 16:00,0.252,6.760
2020-03-01 17:00,0.597,9.435
2020-03-01 18:00,0.807,11.421
2020-03-01 19:00,0.876,12.426
2020-03-01 20:00,0.903,12.945
2020-03-01 21:00,0.908,13.057
2020-03-01 22:00,0.886,12.619
2020-03-01 23:00,0.879,12.483
2020-03-02 00:00,0.850,11.993
2020-03-02 01:00,0.791,11.223
2020-03-02 02:00,0.712,10.398
2020-03-02 03:00,0.633,9.723
2020-03-02 04:00,0.551,9.082
2020-03-02 05:00,0.460,8.407
2020-03-02 06:00,0.392,7.903
2020-03-02 07:00,0.382,7.823
2020-03-02 08:00,0.465,8.451
2020-03-02 09:00,0.551,9.088
2020-03-02 10:00,0.609,9.533
2020-03-02 11:00,0.618,9.605
2020-03-02 12:00,0.528,8.912
2020-03-02 13:00,0.441,8.259
2020-03-02 14:00,0.368,7.727
2020-03-02 15:00,0.328,7.406
2020-03-02 16:00,0.286,7.070
2020-03-02 17:00,0.264,6.877
2020-03-02 18:00,0.254,6.790
2020-03-02 19:00,0.255,6.796
2020-03-02 20:00,0.257,6.816
2020-03-02 21:00,0.255,6.800
2020-03-02 22:00,0.264,6.878
2020-03-02 23:00,0.266,6.891
2020-03-03 00:00,0.257,6.820
2020-03-03 01:00,0.239,6.658
2020-03-03 02:00,0.212,6.396
2020-03-03 03:00,0.189,6.166
2020-03-03 04:00,0.138,5.597
2020-03-03 05:00,0.067,4.529
2020-03-03 06:00,0.037,3.874
2020-03-03 07:00,0.068,4.548
2020-03-03 08:00,0.091,4.941
2020-03-03 09:00,0.118,5.327
2020-03-03 10:00,0.107,5.177
2020-03-03 11:00,0.094,4.988
2020-03-03 12:00,0.061,4.422
2020-03-03 13:00,0.033,3.775
2020-03-03 14:00,0.015,3.148
2020-03-03 15:00,0.004,2.420
2020-03-03 16:00,0,1.201
2020-03-03 17:00,0,0.777
2020-03-03 18:00,0.001,2.007
2020-03-03 19:00,0.028,3.632
2020-03-03 20:00,0.119,5.346
2020-03-03 21:00,0.234,6.598
2020-03-03 22:00,0.325,7.385
2020-03-03 23:00,0.419,8.101
2020-03-04 00:00,0.488,8.615
2020-03-04 01:00,0.542,9.017
2020-03-04 02:00,0.599,9.445
2020-03-04 03:00,0.640,9.783
2020-03-04 04:00,0.656,9.911
2020-03-04 05:00,0.705,10.335
2020-03-04 06:00,0.820,11.586
2020-03-04 07:00,0.898,12.831
2020-03-04 08:00,0.932,13.649
2020-03-04 09:00,0.949,14.194
2020-03-04 10:00,0.959,14.568
2020-03-04 11:00,0.970,15.080
2020-03-04 12:00,0.976,15.477
2020-03-04 13:00,0.976,15.483
2020-03-04 14:00,0.973,15.292
2020-03-04 15:00,0.972,15.201
2020-03-04 16:00,0.969,15.050
2020-03-04 17:00,0.963,14.743
2020-03-04 18:00,0.951,14.256
2020-03-04 19:00,0.921,13.356
2020-03-04 20:00,0.869,12.315
2020-03-04 21:00,0.792,11.236
2020-03-04 22:00,0.685,10.151
2020-03-04 23:00,0.560,9.145
2020-03-05 00:00,0.412,8.050
2020-03-05 01:00,0.264,6.878
2020-03-05 02:00,0.166,5.922
2020-03-05 03:00,0.125,5.427
2020-03-05 04:00,0.104,5.138
2020-03-05 05:00,0.085,4.851
2020-03-05 06:00,0.068,4.566
2020-03-05 07:00,0.051,4.216
2020-03-05 08:00,0.043,4.025
2020-03-05 09:00,0.042,4.006
2020-03-05 10:00,0.046,4.098
2020-03-05 11:00,0.037,3.871
2020-03-05 12:00,0.021,3.374
2020-03-05 13:00,0.009,2.844
2020-03-05 14:00,0.005,2.533
2020-03-05 15:00,0.005,2.475
2020-03-05 16:00,0.005,2.463
2020-03-05 17:00,0.004,2.434
2020-03-05 18:00,0.004,2.426
2020-03-05 19:00,0.004,2.362
2020-03-05 20:00,0.003,2.236
2020-03-05 21:00,0.002,2.173
2020-03-05 22:00,0.002,2.024
2020-03-05 23:00,0,1.318
2020-03-06 00:00,0.001,1.811
2020-03-06 01:00,0.005,2.551
2020-03-06 02:00,0.013,3.034
2020-03-06 03:00,0.019,3.312
2020-03-06 04:00,0.018,3.294
2020-03-06 05:00,0.018,3.291
2020-03-06 06:00,0.013,3.036
2020-03-06 07:00,0.007,2.691
2020-03-06 08:00,0.010,2.884
2020-03-06 09:00,0.008,2.778
2020-03-06 10:00,0.006,2.625
2020-03-06 11:00,0.010,2.859
2020-03-06 12:00,0.016,3.201
2020-03-06 13:00,0.022,3.435
2020-03-06 14:00,0.015,3.166
2020-03-06 15:00,0.021,3.368
2020-03-06 16:00,0.035,3.832
2020-03-06 17:00,0.044,4.066
2020-03-06 18:00,0.052,4.234
2020-03-06 19:00,0.055,4.293
2020-03-06 20:00,0.051,4.213
2020-03-06 21:00,0.048,4.155
2020-03-06 22:00,0.029,3.656
2020-03-06 23:00,0.016,3.179
2020-03-07 00:00,0.024,3.474
2020-03-07 01:00,0.038,3.896
2020-03-07 02:00,0.012,2.965
2020-03-07 03:00,0.002,2.056
2020-03-07 04:00,0,1.659
2020-03-07 05:00,0,1.431
2020-03-07 06:00,0,1.096
2020-03-07 07:00,0,0.938
2020-03-07 08:00,0,1.501
2020-03-07 09:00,0.003,2.246
2020-03-07 10:00,0.013,3.038
2020-03-07 11:00,0.037,3.869
2020-03-07 12:00,0.062,4.443
2020-03-07 13:00,0.082,4.787
2020-03-07 14:00,0.107,5.187
2020-03-07 15:00,0.143,5.653
2020-03-07 16:00,0.219,6.468
2020-03-07 17:00,0.321,7.349
2020-03-07 18:00,0.411,8.044
2020-03-07 19:00,0.480,8.554
2020-03-07 20:00,0.506,8.748
2020-03-07 21:00,0.511,8.782
2020-03-07 22:00,0.482,8.566
2020-03-07 23:00,0.435,8.228
2020-03-08 00:00,0.453,8.355
2020-03-08 01:00,0.480,8.560
2020-03-08 02:00,0.518,8.838
2020-03-08 03:00,0.548,9.056
2020-03-08 04:00,0.511,8.777
2020-03-08 05:00,0.418,8.095
2020-03-08 06:00,0.355,7.615
2020-03-08 07:00,0.325,7.383
2020-03-08 08:00,0.310,7.267
2020-03-08 09:00,0.281,7.025
2020-03-08 10:00,0.227,6.542
2020-03-08 11:00,0.172,5.974
2020-03-08 12:00,0.115,5.282
2020-03-08 13:00,0.055,4.295
2020-03-08 14:00,0.018,3.284
2020-03-08 15:00,0.019,3.299
2020-03-08 16:00,0.031,3.717
2020-03-08 17:00,0.031,3.713
2020-03-08 18:00,0.039,3.928
2020-03-08 19:00,0.050,4.207
2020-03-08 20:00,0.075,4.679
2020-03-08 21:00,0.091,4.951
2020-03-08 22:00,0.110,5.230
2020-03-08 23:00,0.107,5.188
2020-03-09 00:00,0.065,4.495
2020-03-09 01:00,0.037,3.870
2020-03-09 02:00,0.022,3.417
2020-03-09 03:00,0.014,3.085
2020-03-09 04:00,0.011,2.945
2020-03-09 05:00,0.018,3.258
2020-03-09 06:00,0.038,3.892
2020-03-09 07:00,0.076,4.693
2020-03-09 08:00,0.137,5.570
2020-03-09 09:00,0.124,5.422
2020-03-09 10:00,0.171,5.963
2020-03-09 11:00,0.259,6.832
2020-03-09 12:00,0.274,6.965
2020-03-09 13:00,0.224,6.520
2020-03-09 14:00,0.246,6.710
2020-03-09 15:00,0.303,7.206
2020-03-09 16:00,0.379,7.809
2020-03-09 17:00,0.494,8.650
2020-03-09 18:00,0.616,9.580
2020-03-09 19:00,0.678,10.094
2020-03-09 20:00,0.708,10.364
2020-03-09 21:00,0.701,10.309
2020-03-09 22:00,0.672,10.054
2020-03-09 23:00,0.679,10.111
2020-03-10 00:00,0.685,10.149
2020-03-10 01:00,0.656,9.909
2020-03-10 02:00,0.598,9.436
2020-03-10 03:00,0.599,9.442
2020-03-10 04:00,0.632,9.707
2020-03-10 05:00,0.649,9.855
2020-03-10 06:00,0.719,10.475
2020-03-10 07:00,0.811,11.466
2020-03-10 08:00,0.871,12.341
2020-03-10 09:00,0.910,13.096
2020-03-10 10:00,0.930,13.597
2020-03-10 11:00,0.938,13.823
2020-03-10 12:00,0.933,13.662
2020-03-10 13:00,0.929,13.556
2020-03-10 14:00,0.920,13.333
2020-03-10 15:00,0.911,13.115
2020-03-10 16:00,0.920,13.334
2020-03-10 17:00,0.936,13.772
2020-03-10 18:00,0.941,13.913
2020-03-10 19:00,0.938,13.815
2020-03-10 20:00,0.932,13.643
2020-03-10 21:00,0.922,13.366
2020-03-10 22:00,0.895,12.775
2020-03-10 23:00,0.881,12.510
2020-03-11 00:00,0.850,12.005
2020-03-11 01:00,0.810,11.463
2020-03-11 02:00,0.771,10.994
2020-03-11 03:00,0.740,10.676
2020-03-11 04:00,0.717,10.451
2020-03-11 05:00,0.698,10.275
2020-03-11 06:00,0.679,10.112
2020-03-11 07:00,0.658,9.923
2020-03-11 08:00,0.644,9.811
2020-03-11 09:00,0.641,9.792
2020-03-11 10:00,0.602,9.478
2020-03-11 11:00,0.528,8.912
2020-03-11 12:00,0.456,8.382
2020-03-11 13:00,0.404,7.998
2020-03-11 14:00,0.339,7.490
2020-03-11 15:00,0.285,7.063
2020-03-11 16:00,0.260,6.843
2020-03-11 17:00,0.217,6.443
2020-03-11 18:00,0.152,5.757
2020-03-11 19:00,0.108,5.192
2020-03-11 20:00,0.062,4.439
2020-03-11 21:00,0.025,3.531
2020-03-11 22:00,0.007,2.662
2020-03-11 23:00,0,1.581
2020-03-12 00:00,0,0.897
2020-03-12 01:00,0.001,1.837
2020-03-12 02:00,0.015,3.125
2020-03-12 03:00,0.042,4.015
2020-03-12 04:00,0.076,4.694
2020-03-12 05:00,0.137,5.569
2020-03-12 06:00,0.199,6.274
2020-03-12 07:00,0.240,6.664
2020-03-12 08:00,0.293,7.131
2020-03-12 09:00,0.386,7.850
2020-03-12 10:00,0.422,8.123
2020-03-12 11:00,0.441,8.262
2020-03-12 12:00,0.472,8.491
2020-03-12 13:00,0.438,8.251
2020-03-12 14:00,0.342,7.512
2020-03-12 15:00,0.278,6.999
2020-03-12 16:00,0.310,7.258
2020-03-12 17:00,0.389,7.876
2020-03-12 18:00,0.411,8.045
2020-03-12 19:00,0.368,7.722
2020-03-12 20:00,0.303,7.212
2020-03-12 21:00,0.263,6.866
2020-03-12 22:00,0.319,7.332
2020-03-12 23:00,0.289,7.087
2020-03-13 00:00,0.232,6.590
2020-03-13 01:00,0.236,6.628
2020-03-13 02:00,0.181,6.084
2020-03-13 03:00,0.138,5.598
2020-03-13 04:00,0.131,5.501
2020-03-13 05:00,0.065,4.506
2020-03-13 06:00,0.038,3.915
2020-03-13 07:00,0.027,3.605
2020-03-13 08:00,0.022,3.429
2020-03-13 09:00,0.021,3.393
2020-03-13 10:00,0.043,4.041
2020-03-13 11:00,0.134,5.533
2020-03-13 12:00,0.316,7.316
2020-03-13 13:00,0.450,8.337
2020-03-13 14:00,0.490,8.628
2020-03-13 15:00,0.492,8.643
2020-03-13 16:00,0.455,8.372
2020-03-13 17:00,0.450,8.332
2020-03-13 18:00,0.490,8.631
2020-03-13 19:00,0.524,8.885
2020-03-13 20:00,0.560,9.147
2020-03-13 21:00,0.564,9.177
2020-03-13 22:00,0.545,9.032
2020-03-13 23:00,0.583,9.330
2020-03-14 00:00,0.580,9.304
2020-03-14 01:00,0.573,9.244
2020-03-14 02:00,0.543,9.023
2020-03-14 03:00,0.551,9.083
2020-03-14 04:00,0.587,9.359
2020-03-14 05:00,0.615,9.575
2020-03-14 06:00,0.639,9.770
2020-03-14 07:00,0.677,10.087
2020-03-14 08:00,0.693,10.237
2020-03-14 09:00,0.656,9.909
2020-03-14 10:00,0.587,9.362
2020-03-14 11:00,0.596,9.425
2020-03-14 12:00,0.671,10.045
2020-03-14 13:00,0.746,10.734
2020-03-14 14:00,0.802,11.362
2020-03-14 15:00,0.855,12.088
2020-03-14 16:00,0.900,12.884
2020-03-14 17:00,0.897,12.814
2020-03-14 18:00,0.877,12.452
2020-03-14 19:00,0.841,11.873
2020-03-14 20:00,0.796,11.284
2020-03-14 21:00,0.750,10.784
2020-03-14 22:00,0.691,10.216
2020-03-14 23:00,0.633,9.724
2020-03-15 00:00,0.633,9.722
2020-03-15 01:00,0.636,9.741
2020-03-15 02:00,0.735,10.629
2020-03-15 03:00,0.855,12.088
2020-03-15 04:00,0.915,13.206
2020-03-15 05:00,0.933,13.678
2020-03-15 06:00,0.939,13.831
2020-03-15 07:00,0.952,14.277
2020-03-15 08:00,0.966,14.891
2020-03-15 09:00,0.974,15.359
2020-03-15 10:00,0.976,15.479
2020-03-15 11:00,0.977,15.572
2020-03-15 12:00,0.976,15.476
2020-03-15 13:00,0.972,15.205
2020-03-15 14:00,0.967,14.948
2020-03-15 15:00,0.968,14.975
2020-03-15 16:00,0.965,14.822
2020-03-15 17:00,0.964,14.794
2020-03-15 18:00,0.962,14.711
2020-03-15 19:00,0.956,14.462
2020-03-15 20:00,0.943,13.987
2020-03-15 21:00,0.919,13.305
2020-03-15 22:00,0.868,12.290
2020-03-15 23:00,0.803,11.367
2020-03-16 00:00,0.677,10.080
2020-03-16 01:00,0.491,8.641
2020-03-16 02:00,0.320,7.344
2020-03-16 03:00,0.161,5.860
2020-03-16 04:00,0.055,4.289
2020-03-16 05:00,0.021,3.409
2020-03-16 06:00,0.008,2.730
2020-03-16 07:00,0.001,1.713
2020-03-16 08:00,0.003,2.295
2020-03-16 09:00,0.096,5.020
2020-03-16 10:00,0.336,7.472
2020-03-16 11:00,0.548,9.054
2020-03-16 12:00,0.668,10.012
2020-03-16 13:00,0.731,10.592
2020-03-16 14:00,0.738,10.647
2020-03-16 15:00,0.720,10.482
2020-03-16 16:00,0.707,10.353
2020-03-16 17:00,0.664,9.979
2020-03-16 18:00,0.628,9.673
2020-03-16 19:00,0.594,9.411
2020-03-16 20:00,0.559,9.141
2020-03-16 21:00,0.511,8.787
2020-03-16 22:00,0.422,8.128
2020-03-16 23:00,0.366,7.709
2020-03-17 00:00,0.407,8.021
2020-03-17 01:00,0.561,9.151
2020-03-17 02:00,0.763,10.912
2020-03-17 03:00,0.883,12.554
2020-03-17 04:00,0.941,13.906
2020-03-17 05:00,0.969,15.057
2020-03-17 06:00,0.976,15.496
2020-03-17 07:00,0.972,15.214
2020-03-17 08:00,0.954,14.386
2020-03-17 09:00,0.919,13.299
2020-03-17 10:00,0.872,12.364
2020-03-17 11:00,0.796,11.278
2020-03-17 12:00,0.647,9.831
2020-03-17 13:00,0.502,8.721
2020-03-17 14:00,0.441,8.266
2020-03-17 15:00,0.450,8.339
2020-03-17 16:00,0.422,8.124
2020-03-17 17:00,0.362,7.669
2020-03-17 18:00,0.303,7.211
2020-03-17 19:00,0.261,6.845
2020-03-17 20:00,0.217,6.446
2020-03-17 21:00,0.150,5.733
2020-03-17 22:00,0.072,4.619
2020-03-17 23:00,0.021,3.369
2020-03-18 00:00,0.004,2.452
2020-03-18 01:00,0.001,2.012
2020-03-18 02:00,0.003,2.277
2020-03-18 03:00,0.009,2.805
2020-03-18 04:00,0.017,3.252
2020-03-18 05:00,0.048,4.144
2020-03-18 06:00,0.105,5.156
2020-03-18 07:00,0.190,6.180
2020-03-18 08:00,0.308,7.241
2020-03-18 09:00,0.412,8.052
2020-03-18 10:00,0.449,8.321
2020-03-18 11:00,0.461,8.413
2020-03-18 12:00,0.505,8.735
2020-03-18 13:00,0.608,9.514
2020-03-18 14:00,0.705,10.337
2020-03-18 15:00,0.765,10.935
2020-03-18 16:00,0.806,11.396
2020-03-18 17:00,0.844,11.917
2020-03-18 18:00,0.869,12.305
2020-03-18 19:00,0.887,12.623
2020-03-18 20:00,0.910,13.097
2020-03-18 21:00,0.908,13.053
2020-03-18 22:00,0.903,12.956
2020-03-18 23:00,0.943,13.960
2020-03-19 00:00,0.980,15.764
2020-03-19 01:00,0.989,17.445
2020-03-19 02:00,0.981,18.651
2020-03-19 03:00,0.977,18.946
2020-03-19 04:00,0.984,18.466
2020-03-19 05:00,0.989,17.556
2020-03-19 06:00,0.989,17.422
2020-03-19 07:00,0.985,18.258
2020-03-19 08:00,0.978,18.899
2020-03-19 09:00,0.979,18.864
2020-03-19 10:00,0.987,18.023
2020-03-19 11:00,0.988,16.828
2020-03-19 12:00,0.979,15.708
2020-03-19 13:00,0.968,15.018
2020-03-19 14:00,0.962,14.681
2020-03-19 15:00,0.961,14.635
2020-03-19 16:00,0.958,14.534
2020-03-19 17:00,0.953,14.334
2020-03-19 18:00,0.948,14.133
2020-03-19 19:00,0.936,13.761
2020-03-19 20:00,0.913,13.152
2020-03-19 21:00,0.852,12.036
2020-03-19 22:00,0.739,10.666
2020-03-19 23:00,0.680,10.118
2020-03-20 00:00,0.651,9.868
2020-03-20 01:00,0.584,9.336
2020-03-20 02:00,0.495,8.664
2020-03-20 03:00,0.392,7.903
2020-03-20 04:00,0.314,7.298
2020-03-20 05:00,0.277,6.986
2020-03-20 06:00,0.289,7.088
2020-03-20 07:00,0.369,7.728
2020-03-20 08:00,0.499,8.699
2020-03-20 09:00,0.649,9.854
2020-03-20 10:00,0.723,10.512
2020-03-20 11:00,0.749,10.765
2020-03-20 12:00,0.753,10.805
2020-03-20 13:00,0.735,10.630
2020-03-20 14:00,0.694,10.246
2020-03-20 15:00,0.650,9.865
2020-03-20 16:00,0.643,9.805
2020-03-20 17:00,0.653,9.890
2020-03-20 18:00,0.669,10.021
2020-03-20 19:00,0.670,10.030
2020-03-20 20:00,0.679,10.109
2020-03-20 21:00,0.638,9.767
2020-03-20 22:00,0.518,8.833
2020-03-20 23:00,0.426,8.160
2020-03-21 00:00,0.488,8.615
2020-03-21 01:00,0.548,9.055
2020-03-21 02:00,0.623,9.641
2020-03-21 03:00,0.689,10.192
2020-03-21 04:00,0.729,10.572
2020-03-21 05:00,0.750,10.780
2020-03-21 06:00,0.744,10.720
2020-03-21 07:00,0.742,10.699
2020-03-21 08:00,0.742,10.699
2020-03-21 09:00,0.727,10.548
2020-03-21 10:00,0.697,10.273
2020-03-21 11:00,0.713,10.412
2020-03-21 12:00,0.779,11.085
2020-03-21 13:00,0.817,11.549
2020-03-21 14:00,0.820,11.586
2020-03-21 15:00,0.810,11.458
2020-03-21 16:00,0.783,11.123
2020-03-21 17:00,0.730,10.573
2020-03-21 18:00,0.689,10.192
2020-03-21 19:00,0.551,9.082
2020-03-21 20:00,0.412,8.047
2020-03-21 21:00,0.342,7.511
2020-03-21 22:00,0.367,7.714
2020-03-21 23:00,0.518,8.840
2020-03-22 00:00,0.672,10.046
2020-03-22 01:00,0.739,10.668
2020-03-22 02:00,0.722,10.502
2020-03-22 03:00,0.721,10.484
2020-03-22 04:00,0.731,10.586
2020-03-22 05:00,0.653,9.888
2020-03-22 06:00,0.489,8.625
2020-03-22 07:00,0.375,7.774
2020-03-22 08:00,0.367,7.716
2020-03-22 09:00,0.364,7.692
2020-03-22 10:00,0.242,6.680
2020-03-22 11:00,0.113,5.272
2020-03-22 12:00,0.038,3.900
2020-03-22 13:00,0.002,2.151
2020-03-22 14:00,0,1.080
2020-03-22 15:00,0,1.548
2020-03-22 16:00,0.005,2.513
2020-03-22 17:00,0.028,3.627
2020-03-22 18:00,0.091,4.949
2020-03-22 19:00,0.189,6.165
2020-03-22 20:00,0.262,6.849
2020-03-22 21:00,0.252,6.776
2020-03-22 22:00,0.156,5.798
2020-03-22 23:00,0.068,4.546
2020-03-23 00:00,0.039,3.932
2020-03-23 01:00,0.040,3.949
2020-03-23 02:00,0.067,4.532
2020-03-23 03:00,0.085,4.855
2020-03-23 04:00,0.081,4.778
2020-03-23 05:00,0.083,4.820
2020-03-23 06:00,0.100,5.083
2020-03-23 07:00,0.116,5.304
2020-03-23 08:00,0.084,4.828
2020-03-23 09:00,0.060,4.393
2020-03-23 10:00,0.131,5.505
2020-03-23 11:00,0.253,6.780
2020-03-23 12:00,0.469,8.480
2020-03-23 13:00,0.644,9.814
2020-03-23 14:00,0.664,9.979
2020-03-23 15:00,0.625,9.658
2020-03-23 16:00,0.577,9.282
2020-03-23 17:00,0.509,8.771
2020-03-23 18:00,0.430,8.187
2020-03-23 19:00,0.356,7.625
2020-03-23 20:00,0.308,7.241
2020-03-23 21:00,0.257,6.819
2020-03-23 22:00,0.194,6.220
2020-03-23 23:00,0.140,5.618
2020-03-24 00:00,0.096,5.016
2020-03-24 01:00,0.058,4.368
2020-03-24 02:00,0.020,3.362
2020-03-24 03:00,0.006,2.598
2020-03-24 04:00,0.001,1.960
2020-03-24 05:00,0.001,1.771
2020-03-24 06:00,0.003,2.270
2020-03-24 07:00,0.020,3.346
2020-03-24 08:00,0.068,4.559
2020-03-24 09:00,0.104,5.137
2020-03-24 10:00,0.089,4.913
2020-03-24 11:00,0.062,4.451
2020-03-24 12:00,0.040,3.960
2020-03-24 13:00,0.022,3.428
2020-03-24 14:00,0.012,2.972
2020-03-24 15:00,0.004,2.402
2020-03-24 16:00,0.001,1.871
2020-03-24 17:00,0,1.677
2020-03-24 18:00,0,1.638
2020-03-24 19:00,0.001,1.696
2020-03-24 20:00,0.002,2.092
2020-03-24 21:00,0.007,2.672
2020-03-24 22:00,0.013,3.064
2020-03-24 23:00,0.023,3.448
2020-03-25 00:00,0.033,3.780
2020-03-25 01:00,0.035,3.827
2020-03-25 02:00,0.045,4.088
2020-03-25 03:00,0.055,4.286
2020-03-25 04:00,0.059,4.378
2020-03-25 05:00,0.051,4.229
2020-03-25 06:00,0.036,3.864
2020-03-25 07:00,0.030,3.687
2020-03-25 08:00,0.036,3.861
2020-03-25 09:00,0.047,4.117
2020-03-25 10:00,0.068,4.546
2020-03-25 11:00,0.083,4.824
2020-03-25 12:00,0.087,4.889
2020-03-25 13:00,0.088,4.896
2020-03-25 14:00,0.075,4.691
2020-03-25 15:00,0.065,4.499
2020-03-25 16:00,0.069,4.574
2020-03-25 17:00,0.062,4.439
2020-03-25 18:00,0.066,4.522
2020-03-25 19:00,0.076,4.697
2020-03-25 20:00,0.101,5.098
2020-03-25 21:00,0.121,5.372
2020-03-25 22:00,0.131,5.500
2020-03-25 23:00,0.105,5.157
2020-03-26 00:00,0.097,5.032
2020-03-26 01:00,0.118,5.322
2020-03-26 02:00,0.163,5.893
2020-03-26 03:00,0.255,6.797
2020-03-26 04:00,0.351,7.584
2020-03-26 05:00,0.422,8.131
2020-03-26 06:00,0.491,8.641
2020-03-26 07:00,0.595,9.417
2020-03-26 08:00,0.631,9.705
2020-03-26 09:00,0.640,9.779
2020-03-26 10:00,0.599,9.448
2020-03-26 11:00,0.572,9.236
2020-03-26 12:00,0.621,9.623
2020-03-26 13:00,0.719,10.469
2020-03-26 14:00,0.738,10.651
2020-03-26 15:00,0.663,9.960
2020-03-26 16:00,0.681,10.128
2020-03-26 17:00,0.662,9.956
2020-03-26 18:00,0.489,8.622
2020-03-26 19:00,0.326,7.389
2020-03-26 20:00,0.227,6.541
2020-03-26 21:00,0.321,7.352
2020-03-26 22:00,0.459,8.396
2020-03-26 23:00,0.238,6.642
2020-03-27 00:00,0.128,5.453
2020-03-27 01:00,0.090,4.931
2020-03-27 02:00,0.135,5.544
2020-03-27 03:00,0.234,6.606
2020-03-27 04:00,0.391,7.893
2020-03-27 05:00,0.502,8.708
2020-03-27 06:00,0.628,9.676
2020-03-27 07:00,0.689,10.191
2020-03-27 08:00,0.711,10.392
2020-03-27 09:00,0.682,10.141
2020-03-27 10:00,0.625,9.649
2020-03-27 11:00,0.478,8.541
2020-03-27 12:00,0.309,7.254
2020-03-27 13:00,0.303,7.214
2020-03-27 14:00,0.285,7.057
2020-03-27 15:00,0.266,6.901
2020-03-27 16:00,0.305,7.229
2020-03-27 17:00,0.365,7.699
2020-03-27 18:00,0.431,8.194
2020-03-27 19:00,0.490,8.629
2020-03-27 20:00,0.556,9.125
2020-03-27 21:00,0.574,9.256
2020-03-27 22:00,0.509,8.765
2020-03-27 23:00,0.478,8.535
2020-03-28 00:00,0.545,9.039
2020-03-28 01:00,0.674,10.065
2020-03-28 02:00,0.707,10.352
2020-03-28 03:00,0.669,10.022
2020-03-28 04:00,0.649,9.858
2020-03-28 05:00,0.618,9.599
2020-03-28 06:00,0.601,9.459
2020-03-28 07:00,0.657,9.917
2020-03-28 08:00,0.668,10.012
2020-03-28 09:00,0.731,10.588
2020-03-28 10:00,0.761,10.887
2020-03-28 11:00,0.806,11.412
2020-03-28 12:00,0.803,11.365
2020-03-28 13:00,0.752,10.802
2020-03-28 14:00,0.697,10.269
2020-03-28 15:00,0.645,9.820
2020-03-28 16:00,0.605,9.500
2020-03-28 17:00,0.633,9.713
2020-03-28 18:00,0.640,9.783
2020-03-28 19:00,0.621,9.628
2020-03-28 20:00,0.664,9.979
2020-03-28 21:00,0.716,10.448
2020-03-28 22:00,0.767,10.960
2020-03-28 23:00,0.733,10.608
2020-03-29 00:00,0.619,9.608
2020-03-29 01:00,0.597,9.435
2020-03-29 02:00,0.672,10.051
2020-03-29 03:00,0.607,9.508
2020-03-29 04:00,0.520,8.853
2020-03-29 05:00,0.392,7.897
2020-03-29 06:00,0.350,7.577
2020-03-29 07:00,0.316,7.315
2020-03-29 08:00,0.252,6.769
2020-03-29 09:00,0.259,6.829
2020-03-29 10:00,0.284,7.054
2020-03-29 11:00,0.284,7.048
2020-03-29 12:00,0.281,7.026
2020-03-29 13:00,0.274,6.961
2020-03-29 14:00,0.252,6.770
2020-03-29 15:00,0.179,6.064
2020-03-29 16:00,0.122,5.387
2020-03-29 17:00,0.098,5.042
2020-03-29 18:00,0.068,4.560
2020-03-29 19:00,0.034,3.807
2020-03-29 20:00,0.022,3.443
2020-03-29 21:00,0.033,3.783
2020-03-29 22:00,0.045,4.090
2020-03-29 23:00,0.051,4.219
2020-03-30 00:00,0.057,4.349
2020-03-30 01:00,0.055,4.291
2020-03-30 02:00,0.061,4.411
2020-03-30 03:00,0.056,4.327
2020-03-30 04:00,0.074,4.667
2020-03-30 05:00,0.123,5.396
2020-03-30 06:00,0.149,5.721
2020-03-30 07:00,0.160,5.854
2020-03-30 08:00,0.159,5.847
2020-03-30 09:00,0.167,5.927
2020-03-30 10:00,0.156,5.797
2020-03-30 11:00,0.141,5.634
2020-03-30 12:00,0.127,5.445
2020-03-30 13:00,0.101,5.101
2020-03-30 14:00,0.074,4.654
2020-03-30 15:00,0.052,4.236
2020-03-30 16:00,0.047,4.130
2020-03-30 17:00,0.057,4.351
2020-03-30 18:00,0.083,4.811
2020-03-30 19:00,0.110,5.229
2020-03-30 20:00,0.154,5.777
2020-03-30 21:00,0.207,6.348
2020-03-30 22:00,0.259,6.829
2020-03-30 23:00,0.293,7.121
2020-03-31 00:00,0.259,6.836
2020-03-31 01:00,0.194,6.216
2020-03-31 02:00,0.171,5.969
2020-03-31 03:00,0.150,5.743
2020-03-31 04:00,0.106,5.175
2020-03-31 05:00,0.065,4.508
2020-03-31 06:00,0.095,5.001
2020-03-31 07:00,0.119,5.348
2020-03-31 08:00,0.102,5.112
2020-03-31 09:00,0.093,4.973
2020-03-31 10:00,0.091,4.950
2020-03-31 11:00,0.109,5.205
2020-03-31 12:00,0.091,4.953
2020-03-31 13:00,0.028,3.629
2020-03-31 14:00,0,1.510
2020-03-31 15:00,0.003,2.265
2020-03-31 16:00,0.048,4.147
2020-03-31 17:00,0.061,4.418
2020-03-31 18:00,0.056,4.329
2020-03-31 19:00,0.063,4.457
2020-03-31 20:00,0.188,6.157
2020-03-31 21:00,0.344,7.541
2020-03-31 22:00,0.450,8.328
2020-03-31 23:00,0.453,8.361
2020-04-01 00:00,0.366,7.712
2020-04-01 01:00,0.297,7.155
2020-04-01 02:00,0.246,6.716
2020-04-01 03:00,0.157,5.823
2020-04-01 04:00,0.095,5.013
2020-04-01 05:00,0.079,4.749
2020-04-01 06:00,0.109,5.216
2020-04-01 07:00,0.179,6.054
2020-04-01 08:00,0.182,6.090
2020-04-01 09:00,0.150,5.736
2020-04-01 10:00,0.205,6.323
2020-04-01 11:00,0.363,7.685
2020-04-01 12:00,0.579,9.301
2020-04-01 13:00,0.711,10.396
2020-04-01 14:00,0.792,11.235
2020-04-01 15:00,0.837,11.815
2020-04-01 16:00,0.835,11.787
2020-04-01 17:00,0.797,11.296
2020-04-01 18:00,0.743,10.711
2020-04-01 19:00,0.712,10.410
2020-04-01 20:00,0.641,9.786
2020-04-01 21:00,0.529,8.914
2020-04-01 22:00,0.379,7.806
2020-04-01 23:00,0.259,6.828
2020-04-02 00:00,0.154,5.781
2020-04-02 01:00,0.062,4.449
2020-04-02 02:00,0.012,3.013
2020-04-02 03:00,0.001,1.698
2020-04-02 04:00,0,1.023
2020-04-02 05:00,0,1.402
2020-04-02 06:00,0.001,1.921
2020-04-02 07:00,0.006,2.627
2020-04-02 08:00,0.022,3.443
2020-04-02 09:00,0.080,4.767
2020-04-02 10:00,0.172,5.989
2020-04-02 11:00,0.236,6.628
2020-04-02 12:00,0.274,6.967
2020-04-02 13:00,0.285,7.059
2020-04-02 14:00,0.293,7.129
2020-04-02 15:00,0.264,6.874
2020-04-02 16:00,0.209,6.364
2020-04-02 17:00,0.183,6.101
2020-04-02 18:00,0.192,6.196
2020-04-02 19:00,0.218,6.455
2020-04-02 20:00,0.227,6.546
2020-04-02 21:00,0.226,6.532
2020-04-02 22:00,0.170,5.959
2020-04-02 23:00,0.101,5.091
2020-04-03 00:00,0.077,4.709
2020-04-03 01:00,0.031,3.699
2020-04-03 02:00,0.008,2.782
2020-04-03 03:00,0.004,2.344
2020-04-03 04:00,0.004,2.428
2020-04-03 05:00,0.014,3.086
2020-04-03 06:00,0.043,4.046
2020-04-03 07:00,0.092,4.957
2020-04-03 08:00,0.133,5.527
2020-04-03 09:00,0.185,6.121
2020-04-03 10:00,0.261,6.846
2020-04-03 11:00,0.362,7.675
2020-04-03 12:00,0.475,8.521
2020-04-03 13:00,0.525,8.889
2020-04-03 14:00,0.521,8.859
2020-04-03 15:00,0.519,8.848
2020-04-03 16:00,0.540,9.002
2020-04-03 17:00,0.521,8.857
2020-04-03 18:00,0.478,8.543
2020-04-03 19:00,0.470,8.484
2020-04-03 20:00,0.458,8.393
2020-04-03 21:00,0.453,8.360
2020-04-03 22:00,0.432,8.205
2020-04-03 23:00,0.426,8.153
2020-04-04 00:00,0.613,9.563
2020-04-04 01:00,0.703,10.322
2020-04-04 02:00,0.697,10.267
2020-04-04 03:00,0.572,9.237
2020-04-04 04:00,0.386,7.860
2020-04-04 05:00,0.256,6.804
2020-04-04 06:00,0.201,6.291
2020-04-04 07:00,0.197,6.243
2020-04-04 08:00,0.252,6.776
2020-04-04 09:00,0.371,7.742
2020-04-04 10:00,0.429,8.170
2020-04-04 11:00,0.414,8.071
2020-04-04 12:00,0.360,7.651
2020-04-04 13:00,0.321,7.350
2020-04-04 14:00,0.322,7.361
2020-04-04 15:00,0.377,7.784
2020-04-04 16:00,0.426,8.156
2020-04-04 17:00,0.429,8.178
2020-04-04 18:00,0.399,7.962
2020-04-04 19:00,0.375,7.773
2020-04-04 20:00,0.379,7.807
2020-04-04 21:00,0.353,7.598
2020-04-04 22:00,0.274,6.956
2020-04-04 23:00,0.253,6.782
2020-04-05 00:00,0.196,6.233
2020-04-05 01:00,0.113,5.261
2020-04-05 02:00,0.045,4.083
2020-04-05 03:00,0.013,3.036
2020-04-05 04:00,0.006,2.609
2020-04-05 05:00,0.004,2.352
2020-04-05 06:00,0.001,1.865
2020-04-05 07:00,0,1.209
2020-04-05 08:00,0,0.819
2020-04-05 09:00,0,0.445
2020-04-05 10:00,0,0.601
2020-04-05 11:00,0,1.051
2020-04-05 12:00,0,1.633
2020-04-05 13:00,0.003,2.236
2020-04-05 14:00,0.007,2.675
2020-04-05 15:00,0.012,3.020
2020-04-05 16:00,0.018,3.273
2020-04-05 17:00,0.020,3.352
2020-04-05 18:00,0.019,3.318
2020-04-05 19:00,0.020,3.355
2020-04-05 20:00,0.021,3.407
2020-04-05 21:00,0.010,2.913
2020-04-05 22:00,0.002,2.133
2020-04-05 23:00,0,1.021
2020-04-06 00:00,0,1.457
2020-04-06 01:00,0.004,2.358
2020-04-06 02:00,0.015,3.121
2020-04-06 03:00,0.024,3.488
2020-04-06 04:00,0.033,3.785
2020-04-06 05:00,0.054,4.276
2020-04-06 06:00,0.073,4.647
2020-04-06 07:00,0.078,4.739
2020-04-06 08:00,0.082,4.796
2020-04-06 09:00,0.125,5.424
2020-04-06 10:00,0.213,6.406
2020-04-06 11:00,0.319,7.329
2020-04-06 12:00,0.424,8.142
2020-04-06 13:00,0.507,8.755
2020-04-06 14:00,0.451,8.344
2020-04-06 15:00,0.378,7.799
2020-04-06 16:00,0.362,7.671
2020-04-06 17:00,0.322,7.360
2020-04-06 18:00,0.297,7.161
2020-04-06 19:00,0.333,7.452
2020-04-06 20:00,0.397,7.944
2020-04-06 21:00,0.400,7.967
2020-04-06 22:00,0.344,7.541
2020-04-06 23:00,0.302,7.193
2020-04-07 00:00,0.208,6.349
2020-04-07 01:00,0.128,5.455
2020-04-07 02:00,0.101,5.100
2020-04-07 03:00,0.120,5.366
2020-04-07 04:00,0.130,5.498
2020-04-07 05:00,0.125,5.425
2020-04-07 06:00,0.145,5.682
2020-04-07 07:00,0.206,6.334
2020-04-07 08:00,0.263,6.868
2020-04-07 09:00,0.351,7.589
2020-04-07 10:00,0.454,8.363
2020-04-07 11:00,0.519,8.846
2020-04-07 12:00,0.542,9.011
2020-04-07 13:00,0.531,8.938
2020-04-07 14:00,0.509,8.764
2020-04-07 15:00,0.548,9.064
2020-04-07 16:00,0.609,9.531
2020-04-07 17:00,0.658,9.925
2020-04-07 18:00,0.661,9.955
2020-04-07 19:00,0.671,10.039
2020-04-07 20:00,0.672,10.053
2020-04-07 21:00,0.617,9.593
2020-04-07 22:00,0.516,8.821
2020-04-07 23:00,0.506,8.745
2020-04-08 00:00,0.602,9.473
2020-04-08 01:00,0.584,9.333
2020-04-08 02:00,0.527,8.899
2020-04-08 03:00,0.490,8.630
2020-04-08 04:00,0.478,8.542
2020-04-08 05:00,0.498,8.686
2020-04-08 06:00,0.503,8.729
2020-04-08 07:00,0.469,8.477
2020-04-08 08:00,0.460,8.404
2020-04-08 09:00,0.453,8.362
2020-04-08 10:00,0.383,7.841
2020-04-08 11:00,0.285,7.062
2020-04-08 12:00,0.186,6.142
2020-04-08 13:00,0.092,4.968
2020-04-08 14:00,0.040,3.950
2020-04-08 15:00,0.021,3.388
2020-04-08 16:00,0.020,3.345
2020-04-08 17:00,0.021,3.408
2020-04-08 18:00,0.015,3.155
2020-04-08 19:00,0.014,3.088
2020-04-08 20:00,0.017,3.251
2020-04-08 21:00,0.022,3.443
2020-04-08 22:00,0.017,3.239
2020-04-08 23:00,0.021,3.381
2020-04-09 00:00,0.041,3.980
2020-04-09 01:00,0.077,4.717
2020-04-09 02:00,0.128,5.466
2020-04-09 03:00,0.135,5.546
2020-04-09 04:00,0.089,4.913
2020-04-09 05:00,0.061,4.408
2020-04-09 06:00,0.040,3.951
2020-04-09 07:00,0.025,3.542
2020-04-09 08:00,0.024,3.482
2020-04-09 09:00,0.050,4.203
2020-04-09 10:00,0.154,5.781
2020-04-09 11:00,0.419,8.098
2020-04-09 12:00,0.649,9.851
2020-04-09 13:00,0.726,10.544
2020-04-09 14:00,0.714,10.425
2020-04-09 15:00,0.644,9.815
2020-04-09 16:00,0.557,9.128
2020-04-09 17:00,0.494,8.660
2020-04-09 18:00,0.465,8.440
2020-04-09 19:00,0.432,8.208
2020-04-09 20:00,0.377,7.788
2020-04-09 21:00,0.344,7.534
2020-04-09 22:00,0.306,7.230
2020-04-09 23:00,0.293,7.130
2020-04-10 00:00,0.267,6.905
2020-04-10 01:00,0.220,6.472
2020-04-10 02:00,0.160,5.858
2020-04-10 03:00,0.109,5.202
2020-04-10 04:00,0.063,4.470
2020-04-10 05:00,0.048,4.145
2020-04-10 06:00,0.043,4.025
2020-04-10 07:00,0.061,4.434
2020-04-10 08:00,0.059,4.384
2020-04-10 09:00,0.055,4.294
2020-04-10 10:00,0.040,3.954
2020-04-10 11:00,0.018,3.285
2020-04-10 12:00,0.003,2.290
2020-04-10 13:00,0,1.404
2020-04-10 14:00,0,1.143
2020-04-10 15:00,0,0.765
2020-04-10 16:00,0,0.601
2020-04-10 17:00,0,0.623
2020-04-10 18:00,0,0.694
2020-04-10 19:00,0,0.818
2020-04-10 20:00,0,0.794
2020-04-10 21:00,0,0.774
2020-04-10 22:00,0,0.827
2020-04-10 23:00,0,0.986
2020-04-11 00:00,0,1.368
2020-04-11 01:00,0.001,1.699
2020-04-11 02:00,0.001,1.940
2020-04-11 03:00,0.002,2.132
2020-04-11 04:00,0.002,2.119
2020-04-11 05:00,0.001,1.919
2020-04-11 06:00,0,1.555
2020-04-11 07:00,0,1.297
2020-04-11 08:00,0,1.006
2020-04-11 09:00,0,0.967
2020-04-11 10:00,0,1.168
2020-04-11 11:00,0,1.416
2020-04-11 12:00,0,1.645
2020-04-11 13:00,0.003,2.215
2020-04-11 14:00,0.015,3.135
2020-04-11 15:00,0.044,4.052
2020-04-11 16:00,0.078,4.729
2020-04-11 17:00,0.118,5.320
2020-04-11 18:00,0.195,6.226
2020-04-11 19:00,0.328,7.400
2020-04-11 20:00,0.518,8.837
2020-04-11 21:00,0.650,9.860
2020-04-11 22:00,0.747,10.746
2020-04-11 23:00,0.838,11.837
2020-04-12 00:00,0.907,13.043
2020-04-12 01:00,0.941,13.927
2020-04-12 02:00,0.958,14.519
2020-04-12 03:00,0.970,15.088
2020-04-12 04:00,0.978,15.606
2020-04-12 05:00,0.983,16.088
2020-04-12 06:00,0.987,16.515
2020-04-12 07:00,0.988,16.928
2020-04-12 08:00,0.989,17.355
2020-04-12 09:00,0.989,17.531
2020-04-12 10:00,0.989,17.431
2020-04-12 11:00,0.989,17.554
2020-04-12 12:00,0.988,17.748
2020-04-12 13:00,0.988,17.841
2020-04-12 14:00,0.988,17.869
2020-04-12 15:00,0.987,18.060
2020-04-12 16:00,0.986,18.165
2020-04-12 17:00,0.987,18.014
2020-04-12 18:00,0.989,17.638
2020-04-12 19:00,0.989,16.994
2020-04-12 20:00,0.987,16.590
2020-04-12 21:00,0.986,16.441
2020-04-12 22:00,0.986,16.463
2020-04-12 23:00,0.986,16.430
2020-04-13 00:00,0.985,16.337
2020-04-13 01:00,0.987,16.523
2020-04-13 02:00,0.988,16.795
2020-04-13 03:00,0.989,17.053
2020-04-13 04:00,0.989,17.295
2020-04-13 05:00,0.988,17.913
2020-04-13 06:00,0.979,18.839
2020-04-13 07:00,0.967,19.456
2020-04-13 08:00,0.970,19.346
2020-04-13 09:00,0.984,18.459
2020-04-13 10:00,0.989,17.248
2020-04-13 11:00,0.980,15.802
2020-04-13 12:00,0.949,14.176
2020-04-13 13:00,0.864,12.224
2020-04-13 14:00,0.693,10.237
2020-04-13 15:00,0.503,8.730
2020-04-13 16:00,0.392,7.899
2020-04-13 17:00,0.357,7.634
2020-04-13 18:00,0.365,7.700
2020-04-13 19:00,0.365,7.699
2020-04-13 20:00,0.344,7.535
2020-04-13 21:00,0.308,7.247
2020-04-13 22:00,0.232,6.589
2020-04-13 23:00,0.179,6.055
2020-04-14 00:00,0.219,6.461
2020-04-14 01:00,0.224,6.520
2020-04-14 02:00,0.187,6.144
2020-04-14 03:00,0.144,5.668
2020-04-14 04:00,0.138,5.582
2020-04-14 05:00,0.156,5.811
2020-04-14 06:00,0.164,5.894
2020-04-14 07:00,0.157,5.823
2020-04-14 08:00,0.141,5.635
2020-04-14 09:00,0.175,6.016
2020-04-14 10:00,0.210,6.372
2020-04-14 11:00,0.266,6.894
2020-04-14 12:00,0.339,7.500
2020-04-14 13:00,0.386,7.860
2020-04-14 14:00,0.389,7.875
2020-04-14 15:00,0.345,7.546
2020-04-14 16:00,0.313,7.280
2020-04-14 17:00,0.311,7.275
2020-04-14 18:00,0.278,6.995
2020-04-14 19:00,0.222,6.487
2020-04-14 20:00,0.176,6.024
2020-04-14 21:00,0.128,5.456
2020-04-14 22:00,0.070,4.589
2020-04-14 23:00,0.035,3.822
2020-04-15 00:00,0.026,3.565
2020-04-15 01:00,0.040,3.954
2020-04-15 02:00,0.059,4.375
2020-04-15 03:00,0.083,4.815
2020-04-15 04:00,0.093,4.971
2020-04-15 05:00,0.094,4.998
2020-04-15 06:00,0.103,5.124
2020-04-15 07:00,0.118,5.329
2020-04-15 08:00,0.117,5.308
2020-04-15 09:00,0.066,4.515
2020-04-15 10:00,0.031,3.733
2020-04-15 11:00,0.101,5.093
2020-04-15 12:00,0.307,7.235
2020-04-15 13:00,0.563,9.168
2020-04-15 14:00,0.702,10.319
2020-04-15 15:00,0.722,10.492
2020-04-15 16:00,0.685,10.155
2020-04-15 17:00,0.638,9.760
2020-04-15 18:00,0.590,9.380
2020-04-15 19:00,0.544,9.027
2020-04-15 20:00,0.502,8.721
2020-04-15 21:00,0.499,8.693
2020-04-15 22:00,0.490,8.632
2020-04-15 23:00,0.496,8.670
2020-04-16 00:00,0.506,8.742
2020-04-16 01:00,0.499,8.698
2020-04-16 02:00,0.465,8.439
2020-04-16 03:00,0.398,7.949
2020-04-16 04:00,0.355,7.616
2020-04-16 05:00,0.347,7.558
2020-04-16 06:00,0.360,7.652
2020-04-16 07:00,0.356,7.627
2020-04-16 08:00,0.307,7.236
2020-04-16 09:00,0.308,7.244
2020-04-16 10:00,0.412,8.050
2020-04-16 11:00,0.389,7.881
2020-04-16 12:00,0.282,7.038
2020-04-16 13:00,0.235,6.613
2020-04-16 14:00,0.210,6.384
2020-04-16 15:00,0.222,6.495
2020-04-16 16:00,0.193,6.205
2020-04-16 17:00,0.121,5.381
2020-04-16 18:00,0.094,4.997
2020-04-16 19:00,0.122,5.388
2020-04-16 20:00,0.124,5.413
2020-04-16 21:00,0.056,4.319
2020-04-16 22:00,0.050,4.194
2020-04-16 23:00,0.074,4.652
2020-04-17 00:00,0.102,5.108
2020-04-17 01:00,0.216,6.434
2020-04-17 02:00,0.542,9.018
2020-04-17 03:00,0.738,10.656
2020-04-17 04:00,0.784,11.141
2020-04-17 05:00,0.757,10.843
2020-04-17 06:00,0.780,11.094
2020-04-17 07:00,0.771,10.998
2020-04-17 08:00,0.742,10.703
2020-04-17 09:00,0.691,10.218
2020-04-17 10:00,0.628,9.671
2020-04-17 11:00,0.515,8.819
2020-04-17 12:00,0.322,7.364
2020-04-17 13:00,0.160,5.850
2020-04-17 14:00,0.112,5.258
2020-04-17 15:00,0.186,6.137
2020-04-17 16:00,0.299,7.177
2020-04-17 17:00,0.392,7.909
2020-04-17 18:00,0.524,8.882
2020-04-17 19:00,0.647,9.829
2020-04-17 20:00,0.760,10.873
2020-04-17 21:00,0.790,11.212
2020-04-17 22:00,0.820,11.583
2020-04-17 23:00,0.826,11.659
2020-04-18 00:00,0.802,11.362
2020-04-18 01:00,0.769,10.976
2020-04-18 02:00,0.726,10.537
2020-04-18 03:00,0.621,9.625
2020-04-18 04:00,0.449,8.323
2020-04-18 05:00,0.315,7.310
2020-04-18 06:00,0.264,6.878
2020-04-18 07:00,0.298,7.165
2020-04-18 08:00,0.308,7.247
2020-04-18 09:00,0.281,7.027
2020-04-18 10:00,0.222,6.499
2020-04-18 11:00,0.161,5.869
2020-04-18 12:00,0.139,5.606
2020-04-18 13:00,0.143,5.654
2020-04-18 14:00,0.138,5.587
2020-04-18 15:00,0.148,5.711
2020-04-18 16:00,0.177,6.036
2020-04-18 17:00,0.188,6.157
2020-04-18 18:00,0.222,6.491
2020-04-18 19:00,0.293,7.129
2020-04-18 20:00,0.400,7.963
2020-04-18 21:00,0.473,8.503
2020-04-18 22:00,0.407,8.009
2020-04-18 23:00,0.330,7.424
2020-04-19 00:00,0.278,7.000
2020-04-19 01:00,0.290,7.095
2020-04-19 02:00,0.280,7.007
2020-04-19 03:00,0.291,7.101
2020-04-19 04:00,0.371,7.738
2020-04-19 05:00,0.506,8.744
2020-04-19 06:00,0.581,9.315
2020-04-19 07:00,0.579,9.300
2020-04-19 08:00,0.548,9.062
2020-04-19 09:00,0.619,9.609
2020-04-19 10:00,0.657,9.914
2020-04-19 11:00,0.656,9.909
2020-04-19 12:00,0.732,10.593
2020-04-19 13:00,0.832,11.751
2020-04-19 14:00,0.825,11.644
2020-04-19 15:00,0.764,10.930
2020-04-19 16:00,0.647,9.827
2020-04-19 17:00,0.590,9.384
2020-04-19 18:00,0.661,9.951
2020-04-19 19:00,0.660,9.945
2020-04-19 20:00,0.566,9.197
2020-04-19 21:00,0.451,8.341
2020-04-19 22:00,0.342,7.511
2020-04-19 23:00,0.284,7.050
2020-04-20 00:00,0.244,6.699
2020-04-20 01:00,0.185,6.129
2020-04-20 02:00,0.155,5.783
2020-04-20 03:00,0.194,6.213
2020-04-20 04:00,0.312,7.275
2020-04-20 05:00,0.523,8.878
2020-04-20 06:00,0.696,10.258
2020-04-20 07:00,0.809,11.445
2020-04-20 08:00,0.873,12.376
2020-04-20 09:00,0.895,12.780
2020-04-20 10:00,0.878,12.471
2020-04-20 11:00,0.832,11.736
2020-04-20 12:00,0.830,11.722
2020-04-20 13:00,0.829,11.704
2020-04-20 14:00,0.820,11.590
2020-04-20 15:00,0.783,11.137
2020-04-20 16:00,0.710,10.387
2020-04-20 17:00,0.652,9.882
2020-04-20 18:00,0.613,9.560
2020-04-20 19:00,0.594,9.412
2020-04-20 20:00,0.566,9.201
2020-04-20 21:00,0.495,8.664
2020-04-20 22:00,0.426,8.150
2020-04-20 23:00,0.410,8.039
2020-04-21 00:00,0.444,8.284
2020-04-21 01:00,0.605,9.489
2020-04-21 02:00,0.775,11.042
2020-04-21 03:00,0.842,11.887
2020-04-21 04:00,0.876,12.417
2020-04-21 05:00,0.919,13.321
2020-04-21 06:00,0.946,14.091
2020-04-21 07:00,0.968,14.982
2020-04-21 08:00,0.970,15.129
2020-04-21 09:00,0.970,15.101
2020-04-21 10:00,0.966,14.903
2020-04-21 11:00,0.958,14.527
2020-04-21 12:00,0.953,14.310
2020-04-21 13:00,0.949,14.193
2020-04-21 14:00,0.936,13.741
2020-04-21 15:00,0.918,13.285
2020-04-21 16:00,0.900,12.875
2020-04-21 17:00,0.875,12.412
2020-04-21 18:00,0.861,12.168
2020-04-21 19:00,0.855,12.083
2020-04-21 20:00,0.850,11.997
2020-04-21 21:00,0.808,11.437
2020-04-21 22:00,0.735,10.626
2020-04-21 23:00,0.712,10.409
2020-04-22 00:00,0.726,10.545
2020-04-22 01:00,0.750,10.782
2020-04-22 02:00,0.793,11.249
2020-04-22 03:00,0.823,11.623
2020-04-22 04:00,0.831,11.734
2020-04-22 05:00,0.855,12.087
2020-04-22 06:00,0.896,12.799
2020-04-22 07:00,0.923,13.418
2020-04-22 08:00,0.930,13.608
2020-04-22 09:00,0.919,13.305
2020-04-22 10:00,0.910,13.099
2020-04-22 11:00,0.898,12.844
2020-04-22 12:00,0.887,12.624
2020-04-22 13:00,0.871,12.342
2020-04-22 14:00,0.860,12.161
2020-04-22 15:00,0.855,12.088
2020-04-22 16:00,0.848,11.972
2020-04-22 17:00,0.824,11.637
2020-04-22 18:00,0.795,11.264
2020-04-22 19:00,0.765,10.932
2020-04-22 20:00,0.740,10.682
2020-04-22 21:00,0.707,10.358
2020-04-22 22:00,0.705,10.332
2020-04-22 23:00,0.744,10.720
2020-04-23 00:00,0.739,10.672
2020-04-23 01:00,0.716,10.438
2020-04-23 02:00,0.694,10.244
2020-04-23 03:00,0.679,10.109
2020-04-23 04:00,0.661,9.954
2020-04-23 05:00,0.630,9.699
2020-04-23 06:00,0.591,9.390
2020-04-23 07:00,0.561,9.160
2020-04-23 08:00,0.540,8.991
2020-04-23 09:00,0.578,9.288
2020-04-23 10:00,0.679,10.103
2020-04-23 11:00,0.740,10.675
2020-04-23 12:00,0.755,10.827
2020-04-23 13:00,0.742,10.697
2020-04-23 14:00,0.712,10.398
2020-04-23 15:00,0.733,10.608
2020-04-23 16:00,0.783,11.135
2020-04-23 17:00,0.813,11.488
2020-04-23 18:00,0.815,11.511
2020-04-23 19:00,0.793,11.247
2020-04-23 20:00,0.767,10.962
2020-04-23 21:00,0.725,10.527
2020-04-23 22:00,0.674,10.069
2020-04-23 23:00,0.687,10.172
2020-04-24 00:00,0.617,9.597
2020-04-24 01:00,0.458,8.395
2020-04-24 02:00,0.316,7.316
2020-04-24 03:00,0.310,7.268
2020-04-24 04:00,0.447,8.311
2020-04-24 05:00,0.654,9.893
2020-04-24 06:00,0.807,11.414
2020-04-24 07:00,0.875,12.397
2020-04-24 08:00,0.888,12.646
2020-04-24 09:00,0.884,12.572
2020-04-24 10:00,0.869,12.314
2020-04-24 11:00,0.837,11.817
2020-04-24 12:00,0.826,11.651
2020-04-24 13:00,0.806,11.402
2020-04-24 14:00,0.803,11.371
2020-04-24 15:00,0.829,11.706
2020-04-24 16:00,0.861,12.169
2020-04-24 17:00,0.889,12.649
2020-04-24 18:00,0.913,13.156
2020-04-24 19:00,0.932,13.657
2020-04-24 20:00,0.950,14.191
2020-04-24 21:00,0.954,14.344
2020-04-24 22:00,0.960,14.627
2020-04-24 23:00,0.981,15.866
2020-04-25 00:00,0.987,16.538
2020-04-25 01:00,0.989,17.209
2020-04-25 02:00,0.988,17.831
2020-04-25 03:00,0.984,18.459
2020-04-25 04:00,0.976,19.036
2020-04-25 05:00,0.966,19.506
2020-04-25 06:00,0.966,19.516
2020-04-25 07:00,0.978,18.918
2020-04-25 08:00,0.987,18.013
2020-04-25 09:00,0.989,17.375
2020-04-25 10:00,0.988,16.883
2020-04-25 11:00,0.983,16.012
2020-04-25 12:00,0.967,14.957
2020-04-25 13:00,0.949,14.177
2020-04-25 14:00,0.891,12.698
2020-04-25 15:00,0.791,11.226
2020-04-25 16:00,0.652,9.880
2020-04-25 17:00,0.528,8.903
2020-04-25 18:00,0.466,8.459
2020-04-25 19:00,0.414,8.070
2020-04-25 20:00,0.376,7.777
2020-04-25 21:00,0.316,7.314
2020-04-25 22:00,0.276,6.981
2020-04-25 23:00,0.283,7.039
2020-04-26 00:00,0.303,7.210
2020-04-26 01:00,0.280,7.010
2020-04-26 02:00,0.237,6.636
2020-04-26 03:00,0.212,6.404
2020-04-26 04:00,0.186,6.135
2020-04-26 05:00,0.134,5.538
2020-04-26 06:00,0.086,4.864
2020-04-26 07:00,0.087,4.877
2020-04-26 08:00,0.159,5.843
2020-04-26 09:00,0.266,6.892
2020-04-26 10:00,0.299,7.169
2020-04-26 11:00,0.225,6.525
2020-04-26 12:00,0.137,5.568
2020-04-26 13:00,0.064,4.488
2020-04-26 14:00,0.021,3.403
2020-04-26 15:00,0.003,2.277
2020-04-26 16:00,0,1.038
2020-04-26 17:00,0,0.639
2020-04-26 18:00,0,1.118
2020-04-26 19:00,0,1.593
2020-04-26 20:00,0.002,2.107
2020-04-26 21:00,0.005,2.534
2020-04-26 22:00,0.007,2.667
2020-04-26 23:00,0.019,3.310
2020-04-27 00:00,0.034,3.811
2020-04-27 01:00,0.037,3.873
2020-04-27 02:00,0.033,3.775
2020-04-27 03:00,0.038,3.907
2020-04-27 04:00,0.045,4.087
2020-04-27 05:00,0.046,4.107
2020-04-27 06:00,0.050,4.197
2020-04-27 07:00,0.051,4.217
2020-04-27 08:00,0.028,3.625
2020-04-27 09:00,0.006,2.601
2020-04-27 10:00,0.015,3.159
2020-04-27 11:00,0.067,4.534
2020-04-27 12:00,0.136,5.565
2020-04-27 13:00,0.190,6.181
2020-04-27 14:00,0.201,6.287
2020-04-27 15:00,0.185,6.127
2020-04-27 16:00,0.140,5.623
2020-04-27 17:00,0.104,5.145
2020-04-27 18:00,0.098,5.050
2020-04-27 19:00,0.100,5.072
2020-04-27 20:00,0.110,5.220
2020-04-27 21:00,0.110,5.223
2020-04-27 22:00,0.121,5.371
2020-04-27 23:00,0.129,5.477
2020-04-28 00:00,0.136,5.558
2020-04-28 01:00,0.095,5.009
2020-04-28 02:00,0.063,4.471
2020-04-28 03:00,0.041,3.974
2020-04-28 04:00,0.026,3.573
2020-04-28 05:00,0.032,3.739
2020-04-28 06:00,0.074,4.669
2020-04-28 07:00,0.167,5.932
2020-04-28 08:00,0.319,7.332
2020-04-28 09:00,0.497,8.680
2020-04-28 10:00,0.614,9.571
2020-04-28 11:00,0.649,9.855
2020-04-28 12:00,0.628,9.681
2020-04-28 13:00,0.586,9.355
2020-04-28 14:00,0.549,9.068
2020-04-28 15:00,0.499,8.700
2020-04-28 16:00,0.452,8.347
2020-04-28 17:00,0.404,7.996
2020-04-28 18:00,0.356,7.632
2020-04-28 19:00,0.330,7.420
2020-04-28 20:00,0.284,7.054
2020-04-28 21:00,0.187,6.146
2020-04-28 22:00,0.073,4.639
2020-04-28 23:00,0.032,3.740
2020-04-29 00:00,0.036,3.858
2020-04-29 01:00,0.014,3.114
2020-04-29 02:00,0.001,1.936
2020-04-29 03:00,0,1.101
2020-04-29 04:00,0,1.452
2020-04-29 05:00,0.007,2.661
2020-04-29 06:00,0.029,3.660
2020-04-29 07:00,0.074,4.666
2020-04-29 08:00,0.147,5.699
2020-04-29 09:00,0.253,6.781
2020-04-29 10:00,0.356,7.630
2020-04-29 11:00,0.398,7.948
2020-04-29 12:00,0.401,7.974
2020-04-29 13:00,0.398,7.952
2020-04-29 14:00,0.407,8.016
2020-04-29 15:00,0.429,8.181
2020-04-29 16:00,0.457,8.386
2020-04-29 17:00,0.469,8.478
2020-04-29 18:00,0.450,8.329
2020-04-29 19:00,0.418,8.094
2020-04-29 20:00,0.363,7.685
2020-04-29 21:00,0.253,6.781
2020-04-29 22:00,0.139,5.609
2020-04-29 23:00,0.159,5.838
2020-04-30 00:00,0.198,6.254
2020-04-30 01:00,0.250,6.747
2020-04-30 02:00,0.334,7.456
2020-04-30 03:00,0.466,8.458
2020-04-30 04:00,0.610,9.543
2020-04-30 05:00,0.713,10.416
2020-04-30 06:00,0.771,10.996
2020-04-30 07:00,0.796,11.276
2020-04-30 08:00,0.785,11.149
2020-04-30 09:00,0.770,10.986
2020-04-30 10:00,0.792,11.232
2020-04-30 11:00,0.806,11.408
2020-04-30 12:00,0.805,11.391
2020-04-30 13:00,0.776,11.059
2020-04-30 14:00,0.731,10.591
2020-04-30 15:00,0.700,10.301
2020-04-30 16:00,0.677,10.087
2020-04-30 17:00,0.674,10.070
2020-04-30 18:00,0.717,10.453
2020-04-30 19:00,0.745,10.725
2020-04-30 20:00,0.727,10.551
2020-04-30 21:00,0.658,9.932
2020-04-30 22:00,0.594,9.408
2020-04-30 23:00,0.656,9.904
2020-05-01 00:00,0.702,10.314
2020-05-01 01:00,0.744,10.719
2020-05-01 02:00,0.790,11.219
2020-05-01 03:00,0.828,11.695
2020-05-01 04:00,0.860,12.158
2020-05-01 05:00,0.886,12.613
2020-05-01 06:00,0.897,12.826
2020-05-01 07:00,0.893,12.743
2020-05-01 08:00,0.885,12.579
2020-05-01 09:00,0.881,12.520
2020-05-01 10:00,0.899,12.853
2020-05-01 11:00,0.902,12.929
2020-05-01 12:00,0.880,12.490
2020-05-01 13:00,0.843,11.897
2020-05-01 14:00,0.814,11.506
2020-05-01 15:00,0.806,11.410
2020-05-01 16:00,0.788,11.186
2020-05-01 17:00,0.742,10.700
2020-05-01 18:00,0.700,10.300
2020-05-01 19:00,0.720,10.482
2020-05-01 20:00,0.665,9.994
2020-05-01 21:00,0.564,9.171
2020-05-01 22:00,0.446,8.302
2020-05-01 23:00,0.408,8.024
2020-05-02 00:00,0.405,8.002
2020-05-02 01:00,0.433,8.213
2020-05-02 02:00,0.511,8.788
2020-05-02 03:00,0.605,9.497
2020-05-02 04:00,0.615,9.576
2020-05-02 05:00,0.580,9.302
2020-05-02 06:00,0.575,9.265
2020-05-02 07:00,0.599,9.449
2020-05-02 08:00,0.594,9.402
2020-05-02 09:00,0.524,8.885
2020-05-02 10:00,0.413,8.062
2020-05-02 11:00,0.484,8.575
2020-05-02 12:00,0.581,9.316
2020-05-02 13:00,0.536,8.970
2020-05-02 14:00,0.493,8.648
2020-05-02 15:00,0.535,8.966
2020-05-02 16:00,0.587,9.359
2020-05-02 17:00,0.586,9.354
2020-05-02 18:00,0.575,9.264
2020-05-02 19:00,0.551,9.087
2020-05-02 20:00,0.552,9.093
2020-05-02 21:00,0.518,8.837
2020-05-02 22:00,0.465,8.445
2020-05-02 23:00,0.497,8.680
2020-05-03 00:00,0.515,8.819
2020-05-03 01:00,0.475,8.515
2020-05-03 02:00,0.419,8.103
2020-05-03 03:00,0.412,8.052
2020-05-03 04:00,0.446,8.298
2020-05-03 05:00,0.514,8.800
2020-05-03 06:00,0.588,9.371
2020-05-03 07:00,0.573,9.249
2020-05-03 08:00,0.470,8.482
2020-05-03 09:00,0.344,7.541
2020-05-03 10:00,0.266,6.887
2020-05-03 11:00,0.218,6.453
2020-05-03 12:00,0.163,5.887
2020-05-03 13:00,0.107,5.190
2020-05-03 14:00,0.069,4.581
2020-05-03 15:00,0.059,4.376
2020-05-03 16:00,0.051,4.228
2020-05-03 17:00,0.034,3.815
2020-05-03 18:00,0.018,3.288
2020-05-03 19:00,0.023,3.449
2020-05-03 20:00,0.031,3.699
2020-05-03 21:00,0.059,4.373
2020-05-03 22:00,0.089,4.909
2020-05-03 23:00,0.135,5.553
2020-05-04 00:00,0.139,5.608
2020-05-04 01:00,0.099,5.058
2020-05-04 02:00,0.034,3.796
2020-05-04 03:00,0.012,2.973
2020-05-04 04:00,0.022,3.425
2020-05-04 05:00,0.047,4.121
2020-05-04 06:00,0.048,4.153
2020-05-04 07:00,0.048,4.149
2020-05-04 08:00,0.269,6.918
2020-05-04 09:00,0.625,9.655
2020-05-04 10:00,0.744,10.721
2020-05-04 11:00,0.703,10.324
2020-05-04 12:00,0.653,9.890
2020-05-04 13:00,0.596,9.427
2020-05-04 14:00,0.509,8.760
2020-05-04 15:00,0.447,8.312
2020-05-04 16:00,0.433,8.212
2020-05-04 17:00,0.432,8.201
2020-05-04 18:00,0.437,8.235
2020-05-04 19:00,0.469,8.476
2020-05-04 20:00,0.472,8.491
2020-05-04 21:00,0.402,7.983
2020-05-04 22:00,0.318,7.326
2020-05-04 23:00,0.243,6.685
2020-05-05 00:00,0.199,6.265
2020-05-05 01:00,0.181,6.081
2020-05-05 02:00,0.177,6.031
2020-05-05 03:00,0.150,5.732
2020-05-05 04:00,0.052,4.234
2020-05-05 05:00,0.017,3.213
2020-05-05 06:00,0.050,4.202
2020-05-05 07:00,0.165,5.913
2020-05-05 08:00,0.224,6.516
2020-05-05 09:00,0.242,6.677
2020-05-05 10:00,0.203,6.310
2020-05-05 11:00,0.170,5.957
2020-05-05 12:00,0.140,5.621
2020-05-05 13:00,0.060,4.392
2020-05-05 14:00,0.007,2.671
2020-05-05 15:00,0,1.577
2020-05-05 16:00,0.004,2.369
2020-05-05 17:00,0.028,3.616
2020-05-05 18:00,0.070,4.588
2020-05-05 19:00,0.105,5.157
2020-05-05 20:00,0.131,5.510
2020-05-05 21:00,0.141,5.626
2020-05-05 22:00,0.118,5.336
2020-05-05 23:00,0.199,6.261
2020-05-06 00:00,0.312,7.278
2020-05-06 01:00,0.412,8.051
2020-05-06 02:00,0.520,8.854
2020-05-06 03:00,0.642,9.796
2020-05-06 04:00,0.764,10.920
2020-05-06 05:00,0.857,12.113
2020-05-06 06:00,0.904,12.959
2020-05-06 07:00,0.899,12.853
2020-05-06 08:00,0.867,12.268
2020-05-06 09:00,0.830,11.723
2020-05-06 10:00,0.817,11.531
2020-05-06 11:00,0.829,11.704
2020-05-06 12:00,0.851,12.019
2020-05-06 13:00,0.852,12.040
2020-05-06 14:00,0.844,11.914
2020-05-06 15:00,0.834,11.775
2020-05-06 16:00,0.815,11.510
2020-05-06 17:00,0.773,11.014
2020-05-06 18:00,0.727,10.547
2020-05-06 19:00,0.685,10.152
2020-05-06 20:00,0.630,9.696
2020-05-06 21:00,0.566,9.190
2020-05-06 22:00,0.566,9.200
2020-05-06 23:00,0.610,9.539
2020-05-07 00:00,0.622,9.634
2020-05-07 01:00,0.633,9.718
2020-05-07 02:00,0.608,9.525
2020-05-07 03:00,0.561,9.156
2020-05-07 04:00,0.540,8.996
2020-05-07 05:00,0.524,8.881
2020-05-07 06:00,0.530,8.917
2020-05-07 07:00,0.545,9.034
2020-05-07 08:00,0.575,9.260
2020-05-07 09:00,0.599,9.452
2020-05-07 10:00,0.628,9.678
2020-05-07 11:00,0.626,9.664
2020-05-07 12:00,0.648,9.845
2020-05-07 13:00,0.651,9.870
2020-05-07 14:00,0.651,9.873
2020-05-07 15:00,0.647,9.839
2020-05-07 16:00,0.643,9.809
2020-05-07 17:00,0.596,9.426
2020-05-07 18:00,0.502,8.717
2020-05-07 19:00,0.406,8.004
2020-05-07 20:00,0.319,7.333
2020-05-07 21:00,0.242,6.679
2020-05-07 22:00,0.187,6.153
2020-05-07 23:00,0.143,5.660
2020-05-08 00:00,0.129,5.486
2020-05-08 01:00,0.036,3.853
2020-05-08 02:00,0.004,2.364
2020-05-08 03:00,0.023,3.470
2020-05-08 04:00,0.076,4.703
2020-05-08 05:00,0.098,5.047
2020-05-08 06:00,0.079,4.745
2020-05-08 07:00,0.057,4.338
2020-05-08 08:00,0.054,4.274
2020-05-08 09:00,0.045,4.087
2020-05-08 10:00,0.045,4.073
2020-05-08 11:00,0.055,4.307
2020-05-08 12:00,0.083,4.821
2020-05-08 13:00,0.081,4.778
2020-05-08 14:00,0.041,3.988
2020-05-08 15:00,0.099,5.057
2020-05-08 16:00,0.219,6.465
2020-05-08 17:00,0.339,7.489
2020-05-08 18:00,0.448,8.318
2020-05-08 19:00,0.558,9.141
2020-05-08 20:00,0.636,9.745
2020-05-08 21:00,0.696,10.265
2020-05-08 22:00,0.818,11.563
2020-05-08 23:00,0.902,12.919
2020-05-09 00:00,0.957,14.481
2020-05-09 01:00,0.964,14.779
2020-05-09 02:00,0.949,14.198
2020-05-09 03:00,0.944,14.003
2020-05-09 04:00,0.963,14.765
2020-05-09 05:00,0.974,15.367
2020-05-09 06:00,0.980,15.774
2020-05-09 07:00,0.978,15.616
2020-05-09 08:00,0.977,15.558
2020-05-09 09:00,0.973,15.262
2020-05-09 10:00,0.966,14.867
2020-05-09 11:00,0.934,13.718
2020-05-09 12:00,0.890,12.694
2020-05-09 13:00,0.820,11.583
2020-05-09 14:00,0.779,11.088
2020-05-09 15:00,0.760,10.874
2020-05-09 16:00,0.775,11.041
2020-05-09 17:00,0.835,11.794
2020-05-09 18:00,0.845,11.918
2020-05-09 19:00,0.793,11.246
2020-05-09 20:00,0.702,10.318
2020-05-09 21:00,0.542,9.019
2020-05-09 22:00,0.484,8.577
2020-05-09 23:00,0.509,8.760
2020-05-10 00:00,0.494,8.656
2020-05-10 01:00,0.455,8.373
2020-05-10 02:00,0.472,8.492
2020-05-10 03:00,0.484,8.586
2020-05-10 04:00,0.424,8.144
2020-05-10 05:00,0.410,8.033
2020-05-10 06:00,0.412,8.047
2020-05-10 07:00,0.377,7.796
2020-05-10 08:00,0.330,7.426
2020-05-10 09:00,0.302,7.203
2020-05-10 10:00,0.372,7.753
2020-05-10 11:00,0.502,8.719
2020-05-10 12:00,0.574,9.256
2020-05-10 13:00,0.545,9.039
2020-05-10 14:00,0.517,8.825
2020-05-10 15:00,0.550,9.075
2020-05-10 16:00,0.582,9.319
2020-05-10 17:00,0.591,9.391
2020-05-10 18:00,0.599,9.448
2020-05-10 19:00,0.596,9.423
2020-05-10 20:00,0.566,9.193
2020-05-10 21:00,0.461,8.415
2020-05-10 22:00,0.364,7.695
2020-05-10 23:00,0.415,8.076
2020-05-11 00:00,0.422,8.125
2020-05-11 01:00,0.405,8.003
2020-05-11 02:00,0.399,7.958
2020-05-11 03:00,0.367,7.714
2020-05-11 04:00,0.340,7.504
2020-05-11 05:00,0.331,7.433
2020-05-11 06:00,0.364,7.694
2020-05-11 07:00,0.413,8.055
2020-05-11 08:00,0.425,8.147
2020-05-11 09:00,0.472,8.495
2020-05-11 10:00,0.528,8.907
2020-05-11 11:00,0.533,8.951
2020-05-11 12:00,0.523,8.879
2020-05-11 13:00,0.549,9.070
2020-05-11 14:00,0.590,9.383
2020-05-11 15:00,0.601,9.462
2020-05-11 16:00,0.585,9.347
2020-05-11 17:00,0.555,9.117
2020-05-11 18:00,0.522,8.871
2020-05-11 19:00,0.481,8.561
2020-05-11 20:00,0.475,8.517
2020-05-11 21:00,0.415,8.073
2020-05-11 22:00,0.395,7.927
2020-05-11 23:00,0.365,7.698
2020-05-12 00:00,0.364,7.690
2020-05-12 01:00,0.429,8.170
2020-05-12 02:00,0.566,9.201
2020-05-12 03:00,0.729,10.570
2020-05-12 04:00,0.854,12.063
2020-05-12 05:00,0.928,13.526
2020-05-12 06:00,0.957,14.472
2020-05-12 07:00,0.969,15.043
2020-05-12 08:00,0.961,14.640
2020-05-12 09:00,0.941,13.921
2020-05-12 10:00,0.909,13.071
2020-05-12 11:00,0.871,12.337
2020-05-12 12:00,0.838,11.836
2020-05-12 13:00,0.786,11.164
2020-05-12 14:00,0.783,11.137
2020-05-12 15:00,0.801,11.336
2020-05-12 16:00,0.820,11.582
2020-05-12 17:00,0.823,11.627
2020-05-12 18:00,0.815,11.509
2020-05-12 19:00,0.787,11.182
2020-05-12 20:00,0.722,10.503
2020-05-12 21:00,0.542,9.018
2020-05-12 22:00,0.341,7.508
2020-05-12 23:00,0.292,7.114
2020-05-13 00:00,0.221,6.477
2020-05-13 01:00,0.169,5.950
2020-05-13 02:00,0.171,5.963
2020-05-13 03:00,0.210,6.383
2020-05-13 04:00,0.252,6.774
2020-05-13 05:00,0.289,7.093
2020-05-13 06:00,0.283,7.039
2020-05-13 07:00,0.305,7.224
2020-05-13 08:00,0.337,7.480
2020-05-13 09:00,0.328,7.405
2020-05-13 10:00,0.374,7.771
2020-05-13 11:00,0.402,7.982
2020-05-13 12:00,0.377,7.784
2020-05-13 13:00,0.335,7.464
2020-05-13 14:00,0.291,7.101
2020-05-13 15:00,0.266,6.887
2020-05-13 16:00,0.190,6.180
2020-05-13 17:00,0.100,5.066
2020-05-13 18:00,0.040,3.966
2020-05-13 19:00,0.024,3.492
2020-05-13 20:00,0.011,2.944
2020-05-13 21:00,0.005,2.478
2020-05-13 22:00,0.001,1.880
2020-05-13 23:00,0.001,1.824
2020-05-14 00:00,0.002,2.025
2020-05-14 01:00,0.003,2.286
2020-05-14 02:00,0.008,2.771
2020-05-14 03:00,0.023,3.466
2020-05-14 04:00,0.063,4.471
2020-05-14 05:00,0.107,5.185
2020-05-14 06:00,0.115,5.286
2020-05-14 07:00,0.116,5.293
2020-05-14 08:00,0.104,5.148
2020-05-14 09:00,0.073,4.644
2020-05-14 10:00,0.074,4.649
2020-05-14 11:00,0.105,5.156
2020-05-14 12:00,0.148,5.720
2020-05-14 13:00,0.160,5.855
2020-05-14 14:00,0.160,5.855
2020-05-14 15:00,0.191,6.184
2020-05-14 16:00,0.215,6.418
2020-05-14 17:00,0.192,6.195
2020-05-14 18:00,0.142,5.643
2020-05-14 19:00,0.170,5.954
2020-05-14 20:00,0.259,6.826
2020-05-14 21:00,0.241,6.669
2020-05-14 22:00,0.291,7.101
2020-05-14 23:00,0.523,8.874
2020-05-15 00:00,0.826,11.651
2020-05-15 01:00,0.864,12.226
2020-05-15 02:00,0.752,10.802
2020-05-15 03:00,0.719,10.472
2020-05-15 04:00,0.806,11.397
2020-05-15 05:00,0.806,11.400
2020-05-15 06:00,0.799,11.317
2020-05-15 07:00,0.778,11.075
2020-05-15 08:00,0.712,10.411
2020-05-15 09:00,0.605,9.490
2020-05-15 10:00,0.489,8.627
2020-05-15 11:00,0.384,7.843
2020-05-15 12:00,0.289,7.087
2020-05-15 13:00,0.212,6.402
2020-05-15 14:00,0.143,5.650
2020-05-15 15:00,0.173,6.000
2020-05-15 16:00,0.212,6.398
2020-05-15 17:00,0.182,6.088
2020-05-15 18:00,0.099,5.064
2020-05-15 19:00,0.045,4.095
2020-05-15 20:00,0.021,3.401
2020-05-15 21:00,0.009,2.814
2020-05-15 22:00,0.004,2.379
2020-05-15 23:00,0.011,2.944
2020-05-16 00:00,0.021,3.369
2020-05-16 01:00,0.017,3.219
2020-05-16 02:00,0.006,2.580
2020-05-16 03:00,0.001,1.946
2020-05-16 04:00,0.002,2.144
2020-05-16 05:00,0.006,2.611
2020-05-16 06:00,0.008,2.717
2020-05-16 07:00,0.015,3.165
2020-05-16 08:00,0.017,3.231
2020-05-16 09:00,0.011,2.924
2020-05-16 10:00,0.008,2.736
2020-05-16 11:00,0.007,2.654
2020-05-16 12:00,0.017,3.222
2020-05-16 13:00,0.023,3.459
2020-05-16 14:00,0.016,3.184
2020-05-16 15:00,0.013,3.065
2020-05-16 16:00,0.018,3.289
2020-05-16 17:00,0.024,3.496
2020-05-16 18:00,0.019,3.321
2020-05-16 19:00,0.023,3.473
2020-05-16 20:00,0.019,3.318
2020-05-16 21:00,0.014,3.082
2020-05-16 22:00,0.013,3.046
2020-05-16 23:00,0.006,2.582
2020-05-17 00:00,0.001,1.863
2020-05-17 01:00,0.001,1.780
2020-05-17 02:00,0.003,2.272
2020-05-17 03:00,0.003,2.343
2020-05-17 04:00,0.005,2.499
2020-05-17 05:00,0.014,3.109
2020-05-17 06:00,0.026,3.567
2020-05-17 07:00,0.024,3.495
2020-05-17 08:00,0.024,3.480
2020-05-17 09:00,0.029,3.675
2020-05-17 10:00,0.040,3.952
2020-05-17 11:00,0.046,4.101
2020-05-17 12:00,0.057,4.343
2020-05-17 13:00,0.051,4.223
2020-05-17 14:00,0.029,3.664
2020-05-17 15:00,0.015,3.156
2020-05-17 16:00,0.021,3.374
2020-05-17 17:00,0.074,4.669
2020-05-17 18:00,0.173,5.997
2020-05-17 19:00,0.200,6.283
2020-05-17 20:00,0.048,4.137
2020-05-17 21:00,0.026,3.573
2020-05-17 22:00,0.073,4.639
2020-05-17 23:00,0.068,4.550
2020-05-18 00:00,0.062,4.454
2020-05-18 01:00,0.057,4.341
2020-05-18 02:00,0.043,4.047
2020-05-18 03:00,0.039,3.942
2020-05-18 04:00,0.062,4.445
2020-05-18 05:00,0.105,5.158
2020-05-18 06:00,0.196,6.230
2020-05-18 07:00,0.325,7.384
2020-05-18 08:00,0.455,8.373
2020-05-18 09:00,0.500,8.701
2020-05-18 10:00,0.365,7.704
2020-05-18 11:00,0.297,7.158
2020-05-18 12:00,0.313,7.294
2020-05-18 13:00,0.339,7.491
2020-05-18 14:00,0.293,7.128
2020-05-18 15:00,0.295,7.137
2020-05-18 16:00,0.551,9.082
2020-05-18 17:00,0.767,10.957
2020-05-18 18:00,0.829,11.701
2020-05-18 19:00,0.809,11.445
2020-05-18 20:00,0.808,11.429
2020-05-18 21:00,0.790,11.210
2020-05-18 22:00,0.758,10.848
2020-05-18 23:00,0.773,11.024
2020-05-19 00:00,0.827,11.666
2020-05-19 01:00,0.871,12.327
2020-05-19 02:00,0.920,13.337
2020-05-19 03:00,0.953,14.335
2020-05-19 04:00,0.970,15.093
2020-05-19 05:00,0.973,15.266
2020-05-19 06:00,0.950,14.190
2020-05-19 07:00,0.899,12.866
2020-05-19 08:00,0.828,11.687
2020-05-19 09:00,0.684,10.148
2020-05-19 10:00,0.578,9.293
2020-05-19 11:00,0.670,10.034
2020-05-19 12:00,0.667,10.010
2020-05-19 13:00,0.633,9.723
2020-05-19 14:00,0.617,9.597
2020-05-19 15:00,0.634,9.730
2020-05-19 16:00,0.605,9.488
2020-05-19 17:00,0.555,9.118
2020-05-19 18:00,0.548,9.050
2020-05-19 19:00,0.548,9.061
2020-05-19 20:00,0.518,8.829
2020-05-19 21:00,0.404,7.988
2020-05-19 22:00,0.334,7.456
2020-05-19 23:00,0.270,6.926
2020-05-20 00:00,0.193,6.206
2020-05-20 01:00,0.122,5.391
2020-05-20 02:00,0.075,4.675
2020-05-20 03:00,0.039,3.928
2020-05-20 04:00,0.019,3.308
2020-05-20 05:00,0.006,2.606
2020-05-20 06:00,0.018,3.287
2020-05-20 07:00,0.054,4.275
2020-05-20 08:00,0.087,4.872
2020-05-20 09:00,0.102,5.111
2020-05-20 10:00,0.100,5.066
2020-05-20 11:00,0.085,4.845
2020-05-20 12:00,0.073,4.647
2020-05-20 13:00,0.073,4.632
2020-05-20 14:00,0.080,4.773
2020-05-20 15:00,0.087,4.869
2020-05-20 16:00,0.102,5.106
2020-05-20 17:00,0.118,5.329
2020-05-20 18:00,0.128,5.460
2020-05-20 19:00,0.131,5.506
2020-05-20 20:00,0.108,5.193
2020-05-20 21:00,0.059,4.376
2020-05-20 22:00,0.030,3.694
2020-05-20 23:00,0.021,3.411
2020-05-21 00:00,0.031,3.698
2020-05-21 01:00,0.032,3.749
2020-05-21 02:00,0.021,3.389
2020-05-21 03:00,0.013,3.059
2020-05-21 04:00,0.015,3.167
2020-05-21 05:00,0.011,2.917
2020-05-21 06:00,0.017,3.232
2020-05-21 07:00,0.080,4.764
2020-05-21 08:00,0.173,5.995
2020-05-21 09:00,0.186,6.135
2020-05-21 10:00,0.130,5.490
2020-05-21 11:00,0.122,5.387
2020-05-21 12:00,0.104,5.138
2020-05-21 13:00,0.068,4.552
2020-05-21 14:00,0.056,4.323
2020-05-21 15:00,0.044,4.063
2020-05-21 16:00,0.050,4.205
2020-05-21 17:00,0.082,4.788
2020-05-21 18:00,0.126,5.444
2020-05-21 19:00,0.180,6.075
2020-05-21 20:00,0.236,6.630
2020-05-21 21:00,0.263,6.867
2020-05-21 22:00,0.274,6.959
2020-05-21 23:00,0.287,7.073
2020-05-22 00:00,0.341,7.509
2020-05-22 01:00,0.377,7.786
2020-05-22 02:00,0.315,7.310
2020-05-22 03:00,0.238,6.645
2020-05-22 04:00,0.196,6.229
2020-05-22 05:00,0.168,5.939
2020-05-22 06:00,0.166,5.926
2020-05-22 07:00,0.171,5.970
2020-05-22 08:00,0.210,6.380
2020-05-22 09:00,0.274,6.960
2020-05-22 10:00,0.351,7.587
2020-05-22 11:00,0.371,7.745
2020-05-22 12:00,0.345,7.545
2020-05-22 13:00,0.329,7.417
2020-05-22 14:00,0.289,7.091
2020-05-22 15:00,0.221,6.480
2020-05-22 16:00,0.180,6.071
2020-05-22 17:00,0.165,5.906
2020-05-22 18:00,0.165,5.912
2020-05-22 19:00,0.170,5.952
2020-05-22 20:00,0.184,6.121
2020-05-22 21:00,0.174,6.006
2020-05-22 22:00,0.140,5.615
2020-05-22 23:00,0.098,5.040
2020-05-23 00:00,0.063,4.466
2020-05-23 01:00,0.042,4.022
2020-05-23 02:00,0.028,3.626
2020-05-23 03:00,0.021,3.393
2020-05-23 04:00,0.017,3.254
2020-05-23 05:00,0.012,3.017
2020-05-23 06:00,0.005,2.456
2020-05-23 07:00,0.002,2.077
2020-05-23 08:00,0.003,2.213
2020-05-23 09:00,0.010,2.895
2020-05-23 10:00,0.018,3.275
2020-05-23 11:00,0.023,3.456
2020-05-23 12:00,0.041,3.969
2020-05-23 13:00,0.036,3.865
2020-05-23 14:00,0.053,4.262
2020-05-23 15:00,0.059,4.374
2020-05-23 16:00,0.057,4.343
2020-05-23 17:00,0.074,4.673
2020-05-23 18:00,0.098,5.047
2020-05-23 19:00,0.071,4.607
2020-05-23 20:00,0.074,4.657
2020-05-23 21:00,0.116,5.303
2020-05-23 22:00,0.167,5.937
2020-05-23 23:00,0.302,7.201
2020-05-24 00:00,0.384,7.844
2020-05-24 01:00,0.392,7.897
2020-05-24 02:00,0.440,8.255
2020-05-24 03:00,0.548,9.055
2020-05-24 04:00,0.648,9.845
2020-05-24 05:00,0.702,10.313
2020-05-24 06:00,0.712,10.403
2020-05-24 07:00,0.691,10.220
2020-05-24 08:00,0.620,9.618
2020-05-24 09:00,0.552,9.096
2020-05-24 10:00,0.518,8.834
2020-05-24 11:00,0.480,8.553
2020-05-24 12:00,0.433,8.210
2020-05-24 13:00,0.327,7.397
2020-05-24 14:00,0.236,6.632
2020-05-24 15:00,0.196,6.234
2020-05-24 16:00,0.213,6.410
2020-05-24 17:00,0.222,6.484
2020-05-24 18:00,0.160,5.852
2020-05-24 19:00,0.138,5.585
2020-05-24 20:00,0.127,5.447
2020-05-24 21:00,0.088,4.902
2020-05-24 22:00,0.039,3.938
2020-05-24 23:00,0.015,3.144
2020-05-25 00:00,0.002,2.056
2020-05-25 01:00,0.001,1.893
2020-05-25 02:00,0,1.491
2020-05-25 03:00,0,1.663
2020-05-25 04:00,0.001,1.791
2020-05-25 05:00,0.001,1.763
2020-05-25 06:00,0.001,1.805
2020-05-25 07:00,0.003,2.319
2020-05-25 08:00,0.015,3.141
2020-05-25 09:00,0.046,4.099
2020-05-25 10:00,0.087,4.885
2020-05-25 11:00,0.109,5.204
2020-05-25 12:00,0.095,5.007
2020-05-25 13:00,0.109,5.209
2020-05-25 14:00,0.087,4.879
2020-05-25 15:00,0.070,4.592
2020-05-25 16:00,0.056,4.326
2020-05-25 17:00,0.062,4.435
2020-05-25 18:00,0.062,4.445
2020-05-25 19:00,0.049,4.165
2020-05-25 20:00,0.040,3.963
2020-05-25 21:00,0.035,3.832
2020-05-25 22:00,0.025,3.538
2020-05-25 23:00,0.015,3.143
2020-05-26 00:00,0.005,2.459
2020-05-26 01:00,0.001,1.803
2020-05-26 02:00,0.002,2.190
2020-05-26 03:00,0.022,3.417
2020-05-26 04:00,0.093,4.969
2020-05-26 05:00,0.183,6.104
2020-05-26 06:00,0.255,6.800
2020-05-26 07:00,0.340,7.502
2020-05-26 08:00,0.456,8.382
2020-05-26 09:00,0.555,9.118
2020-05-26 10:00,0.642,9.796
2020-05-26 11:00,0.699,10.285
2020-05-26 12:00,0.696,10.261
2020-05-26 13:00,0.676,10.079
2020-05-26 14:00,0.545,9.036
2020-05-26 15:00,0.426,8.162
2020-05-26 16:00,0.414,8.071
2020-05-26 17:00,0.419,8.108
2020-05-26 18:00,0.383,7.837
2020-05-26 19:00,0.344,7.531
2020-05-26 20:00,0.379,7.804
2020-05-26 21:00,0.383,7.839
2020-05-26 22:00,0.378,7.803
2020-05-26 23:00,0.305,7.227
2020-05-27 00:00,0.193,6.207
2020-05-27 01:00,0.104,5.144
2020-05-27 02:00,0.040,3.949
2020-05-27 03:00,0.017,3.206
2020-05-27 04:00,0.013,3.027
2020-05-27 05:00,0.011,2.925
2020-05-27 06:00,0.010,2.859
2020-05-27 07:00,0.008,2.744
2020-05-27 08:00,0.004,2.442
2020-05-27 09:00,0.004,2.401
2020-05-27 10:00,0.012,2.983
2020-05-27 11:00,0.022,3.434
2020-05-27 12:00,0.048,4.140
2020-05-27 13:00,0.090,4.936
2020-05-27 14:00,0.112,5.255
2020-05-27 15:00,0.099,5.064
2020-05-27 16:00,0.072,4.622
2020-05-27 17:00,0.053,4.257
2020-05-27 18:00,0.034,3.817
2020-05-27 19:00,0.029,3.653
2020-05-27 20:00,0.032,3.754
2020-05-27 21:00,0.030,3.696
2020-05-27 22:00,0.017,3.213
2020-05-27 23:00,0.015,3.162
2020-05-28 00:00,0.015,3.167
2020-05-28 01:00,0.009,2.826
2020-05-28 02:00,0.006,2.570
2020-05-28 03:00,0.008,2.745
2020-05-28 04:00,0.017,3.208
2020-05-28 05:00,0.031,3.725
2020-05-28 06:00,0.046,4.105
2020-05-28 07:00,0.053,4.256
2020-05-28 08:00,0.041,3.993
2020-05-28 09:00,0.033,3.785
2020-05-28 10:00,0.023,3.452
2020-05-28 11:00,0.012,3.005
2020-05-28 12:00,0.004,2.426
2020-05-28 13:00,0.001,1.787
2020-05-28 14:00,0.004,2.436
2020-05-28 15:00,0.013,3.060
2020-05-28 16:00,0.025,3.527
2020-05-28 17:00,0.046,4.105
2020-05-28 18:00,0.078,4.727
2020-05-28 19:00,0.110,5.225
2020-05-28 20:00,0.131,5.504
2020-05-28 21:00,0.115,5.291
2020-05-28 22:00,0.106,5.163
2020-05-28 23:00,0.115,5.283
2020-05-29 00:00,0.124,5.410
2020-05-29 01:00,0.131,5.508
2020-05-29 02:00,0.129,5.478
2020-05-29 03:00,0.118,5.324
2020-05-29 04:00,0.101,5.092
2020-05-29 05:00,0.099,5.062
2020-05-29 06:00,0.106,5.170
2020-05-29 07:00,0.107,5.188
2020-05-29 08:00,0.110,5.232
2020-05-29 09:00,0.128,5.463
2020-05-29 10:00,0.124,5.412
2020-05-29 11:00,0.101,5.098
2020-05-29 12:00,0.075,4.680
2020-05-29 13:00,0.061,4.416
2020-05-29 14:00,0.041,3.977
2020-05-29 15:00,0.035,3.841
2020-05-29 16:00,0.033,3.787
2020-05-29 17:00,0.040,3.946
2020-05-29 18:00,0.050,4.203
2020-05-29 19:00,0.064,4.473
2020-05-29 20:00,0.078,4.727
2020-05-29 21:00,0.080,4.760
2020-05-29 22:00,0.079,4.756
2020-05-29 23:00,0.089,4.921
2020-05-30 00:00,0.109,5.215
2020-05-30 01:00,0.156,5.811
2020-05-30 02:00,0.145,5.675
2020-05-30 03:00,0.138,5.581
2020-05-30 04:00,0.156,5.807
2020-05-30 05:00,0.192,6.194
2020-05-30 06:00,0.223,6.508
2020-05-30 07:00,0.251,6.757
2020-05-30 08:00,0.255,6.803
2020-05-30 09:00,0.222,6.489
2020-05-30 10:00,0.181,6.085
2020-05-30 11:00,0.150,5.735
2020-05-30 12:00,0.096,5.022
2020-05-30 13:00,0.045,4.080
2020-05-30 14:00,0.013,3.051
2020-05-30 15:00,0.003,2.324
2020-05-30 16:00,0.004,2.345
2020-05-30 17:00,0.005,2.509
2020-05-30 18:00,0.006,2.595
2020-05-30 19:00,0.005,2.503
2020-05-30 20:00,0.001,1.976
2020-05-30 21:00,0.002,2.157
2020-05-30 22:00,0,1.634
2020-05-30 23:00,0,1.418
2020-05-31 00:00,0.002,2.059
2020-05-31 01:00,0.013,3.029
2020-05-31 02:00,0.034,3.804
2020-05-31 03:00,0.051,4.219
2020-05-31 04:00,0.068,4.563
2020-05-31 05:00,0.064,4.476
2020-05-31 06:00,0.039,3.926
2020-05-31 07:00,0.044,4.053
2020-05-31 08:00,0.056,4.330
2020-05-31 09:00,0.059,4.375
2020-05-31 10:00,0.061,4.408
2020-05-31 11:00,0.065,4.509
2020-05-31 12:00,0.065,4.508
2020-05-31 13:00,0.067,4.526
2020-05-31 14:00,0.057,4.347
2020-05-31 15:00,0.060,4.392
2020-05-31 16:00,0.086,4.865
2020-05-31 17:00,0.081,4.775
2020-05-31 18:00,0.063,4.463
2020-05-31 19:00,0.053,4.266
2020-05-31 20:00,0.077,4.712
2020-05-31 21:00,0.046,4.104
2020-05-31 22:00,0.039,3.929
2020-05-31 23:00,0.038,3.910
2020-06-01 00:00,0.043,4.036
2020-06-01 01:00,0.045,4.090
2020-06-01 02:00,0.044,4.070
2020-06-01 03:00,0.056,4.317
2020-06-01 04:00,0.083,4.820
2020-06-01 05:00,0.143,5.654
2020-06-01 06:00,0.236,6.627
2020-06-01 07:00,0.309,7.255
2020-06-01 08:00,0.363,7.684
2020-06-01 09:00,0.389,7.876
2020-06-01 10:00,0.429,8.175
2020-06-01 11:00,0.520,8.851
2020-06-01 12:00,0.666,10
2020-06-01 13:00,0.663,9.965
2020-06-01 14:00,0.563,9.169
2020-06-01 15:00,0.446,8.302
2020-06-01 16:00,0.333,7.454
2020-06-01 17:00,0.280,7.012
2020-06-01 18:00,0.224,6.514
2020-06-01 19:00,0.175,6.017
2020-06-01 20:00,0.110,5.224
2020-06-01 21:00,0.041,4.000
2020-06-01 22:00,0.007,2.709
2020-06-01 23:00,0,1.241
2020-06-02 00:00,0,1.276
2020-06-02 01:00,0.006,2.584
2020-06-02 02:00,0.031,3.728
2020-06-02 03:00,0.061,4.416
2020-06-02 04:00,0.082,4.796
2020-06-02 05:00,0.098,5.041
2020-06-02 06:00,0.110,5.222
2020-06-02 07:00,0.133,5.524
2020-06-02 08:00,0.148,5.717
2020-06-02 09:00,0.190,6.180
2020-06-02 10:00,0.305,7.230
2020-06-02 11:00,0.389,7.883
2020-06-02 12:00,0.429,8.176
2020-06-02 13:00,0.453,8.363
2020-06-02 14:00,0.457,8.389
2020-06-02 15:00,0.407,8.009
2020-06-02 16:00,0.351,7.586
2020-06-02 17:00,0.284,7.049
2020-06-02 18:00,0.208,6.360
2020-06-02 19:00,0.165,5.915
2020-06-02 20:00,0.117,5.311
2020-06-02 21:00,0.066,4.518
2020-06-02 22:00,0.030,3.688
2020-06-02 23:00,0.049,4.167
2020-06-03 00:00,0.064,4.488
2020-06-03 01:00,0.065,4.507
2020-06-03 02:00,0.083,4.804
2020-06-03 03:00,0.126,5.444
2020-06-03 04:00,0.176,6.025
2020-06-03 05:00,0.187,6.145
2020-06-03 06:00,0.219,6.470
2020-06-03 07:00,0.305,7.229
2020-06-03 08:00,0.414,8.069
2020-06-03 09:00,0.530,8.922
2020-06-03 10:00,0.623,9.642
2020-06-03 11:00,0.656,9.909
2020-06-03 12:00,0.658,9.926
2020-06-03 13:00,0.658,9.924
2020-06-03 14:00,0.652,9.877
2020-06-03 15:00,0.668,10.017
2020-06-03 16:00,0.660,9.947
2020-06-03 17:00,0.617,9.598
2020-06-03 18:00,0.579,9.294
2020-06-03 19:00,0.468,8.470
2020-06-03 20:00,0.338,7.485
2020-06-03 21:00,0.198,6.254
2020-06-03 22:00,0.144,5.667
2020-06-03 23:00,0.123,5.403
2020-06-04 00:00,0.104,5.136
2020-06-04 01:00,0.089,4.921
2020-06-04 02:00,0.102,5.118
2020-06-04 03:00,0.178,6.044
2020-06-04 04:00,0.314,7.296
2020-06-04 05:00,0.462,8.417
2020-06-04 06:00,0.585,9.343
2020-06-04 07:00,0.692,10.225
2020-06-04 08:00,0.772,11.008
2020-06-04 09:00,0.818,11.553
2020-06-04 10:00,0.826,11.660
2020-06-04 11:00,0.789,11.198
2020-06-04 12:00,0.727,10.555
2020-06-04 13:00,0.625,9.658
2020-06-04 14:00,0.496,8.670
2020-06-04 15:00,0.388,7.873
2020-06-04 16:00,0.286,7.065
2020-06-04 17:00,0.182,6.093
2020-06-04 18:00,0.138,5.599
2020-06-04 19:00,0.098,5.047
2020-06-04 20:00,0.051,4.213
2020-06-04 21:00,0.028,3.636
2020-06-04 22:00,0.012,2.967
2020-06-04 23:00,0.007,2.703
2020-06-05 00:00,0.003,2.235
2020-06-05 01:00,0,1.520
2020-06-05 02:00,0,1.153
2020-06-05 03:00,0,1.624
2020-06-05 04:00,0.003,2.290
2020-06-05 05:00,0.013,3.028
2020-06-05 06:00,0.030,3.690
2020-06-05 07:00,0.040,3.954
2020-06-05 08:00,0.029,3.637
2020-06-05 09:00,0.017,3.219
2020-06-05 10:00,0.032,3.757
2020-06-05 11:00,0.077,4.723
2020-06-05 12:00,0.104,5.143
2020-06-05 13:00,0.100,5.069
2020-06-05 14:00,0.101,5.104
2020-06-05 15:00,0.119,5.343
2020-06-05 16:00,0.139,5.607
2020-06-05 17:00,0.166,5.920
2020-06-05 18:00,0.167,5.929
2020-06-05 19:00,0.177,6.030
2020-06-05 20:00,0.192,6.199
2020-06-05 21:00,0.196,6.230
2020-06-05 22:00,0.197,6.242
2020-06-05 23:00,0.186,6.140
2020-06-06 00:00,0.158,5.835
2020-06-06 01:00,0.152,5.763
2020-06-06 02:00,0.190,6.179
2020-06-06 03:00,0.236,6.618
2020-06-06 04:00,0.269,6.916
2020-06-06 05:00,0.284,7.053
2020-06-06 06:00,0.293,7.124
2020-06-06 07:00,0.325,7.384
2020-06-06 08:00,0.401,7.977
2020-06-06 09:00,0.463,8.427
2020-06-06 10:00,0.446,8.309
2020-06-06 11:00,0.377,7.783
2020-06-06 12:00,0.346,7.552
2020-06-06 13:00,0.403,7.984
2020-06-06 14:00,0.435,8.226
2020-06-06 15:00,0.374,7.768
2020-06-06 16:00,0.375,7.772
2020-06-06 17:00,0.351,7.584
2020-06-06 18:00,0.265,6.883
2020-06-06 19:00,0.197,6.237
2020-06-06 20:00,0.238,6.649
2020-06-06 21:00,0.252,6.769
2020-06-06 22:00,0.217,6.450
2020-06-06 23:00,0.196,6.231
2020-06-07 00:00,0.158,5.833
2020-06-07 01:00,0.105,5.148
2020-06-07 02:00,0.073,4.638
2020-06-07 03:00,0.081,4.781
2020-06-07 04:00,0.096,5.018
2020-06-07 05:00,0.076,4.694
2020-06-07 06:00,0.052,4.233
2020-06-07 07:00,0.042,4.020
2020-06-07 08:00,0.048,4.145
2020-06-07 09:00,0.069,4.571
2020-06-07 10:00,0.101,5.104
2020-06-07 11:00,0.120,5.358
2020-06-07 12:00,0.089,4.921
2020-06-07 13:00,0.030,3.692
2020-06-07 14:00,0.006,2.598
2020-06-07 15:00,0.003,2.219
2020-06-07 16:00,0.001,1.759
2020-06-07 17:00,0,1.140
2020-06-07 18:00,0,1.174
2020-06-07 19:00,0,1.539
2020-06-07 20:00,0.003,2.313
2020-06-07 21:00,0.006,2.640
2020-06-07 22:00,0.003,2.297
2020-06-07 23:00,0.002,2.032
2020-06-08 00:00,0.001,1.851
2020-06-08 01:00,0.002,2.094
2020-06-08 02:00,0.008,2.735
2020-06-08 03:00,0.018,3.287
2020-06-08 04:00,0.029,3.642
2020-06-08 05:00,0.031,3.709
2020-06-08 06:00,0.026,3.555
2020-06-08 07:00,0.024,3.514
2020-06-08 08:00,0.029,3.654
2020-06-08 09:00,0.031,3.733
2020-06-08 10:00,0.040,3.955
2020-06-08 11:00,0.060,4.399
2020-06-08 12:00,0.075,4.689
2020-06-08 13:00,0.072,4.616
2020-06-08 14:00,0.058,4.357
2020-06-08 15:00,0.048,4.152
2020-06-08 16:00,0.049,4.168
2020-06-08 17:00,0.057,4.341
2020-06-08 18:00,0.065,4.495
2020-06-08 19:00,0.064,4.480
2020-06-08 20:00,0.052,4.232
2020-06-08 21:00,0.034,3.799
2020-06-08 22:00,0.017,3.252
2020-06-08 23:00,0.011,2.952
2020-06-09 00:00,0.024,3.480
2020-06-09 01:00,0.059,4.383
2020-06-09 02:00,0.111,5.243
2020-06-09 03:00,0.138,5.599
2020-06-09 04:00,0.134,5.538
2020-06-09 05:00,0.118,5.328
2020-06-09 06:00,0.100,5.082
2020-06-09 07:00,0.095,5.001
2020-06-09 08:00,0.110,5.232
2020-06-09 09:00,0.148,5.720
2020-06-09 10:00,0.203,6.314
2020-06-09 11:00,0.256,6.808
2020-06-09 12:00,0.313,7.282
2020-06-09 13:00,0.370,7.735
2020-06-09 14:00,0.359,7.647
2020-06-09 15:00,0.285,7.057
2020-06-09 16:00,0.190,6.168
2020-06-09 17:00,0.122,5.394
2020-06-09 18:00,0.091,4.946
2020-06-09 19:00,0.083,4.811
2020-06-09 20:00,0.087,4.885
2020-06-09 21:00,0.082,4.787
2020-06-09 22:00,0.077,4.714
2020-06-09 23:00,0.064,4.476
2020-06-10 00:00,0.054,4.279
2020-06-10 01:00,0.065,4.504
2020-06-10 02:00,0.091,4.946
2020-06-10 03:00,0.109,5.218
2020-06-10 04:00,0.118,5.324
2020-06-10 05:00,0.114,5.278
2020-06-10 06:00,0.107,5.190
2020-06-10 07:00,0.107,5.182
2020-06-10 08:00,0.128,5.457
2020-06-10 09:00,0.155,5.790
2020-06-10 10:00,0.194,6.217
2020-06-10 11:00,0.244,6.689
2020-06-10 12:00,0.299,7.172
2020-06-10 13:00,0.284,7.053
2020-06-10 14:00,0.215,6.432
2020-06-10 15:00,0.224,6.512
2020-06-10 16:00,0.264,6.868
2020-06-10 17:00,0.270,6.921
2020-06-10 18:00,0.229,6.560
2020-06-10 19:00,0.200,6.279
2020-06-10 20:00,0.184,6.119
2020-06-10 21:00,0.138,5.593
2020-06-10 22:00,0.086,4.859
2020-06-10 23:00,0.037,3.869
2020-06-11 00:00,0.009,2.806
2020-06-11 01:00,0.003,2.335
2020-06-11 02:00,0.006,2.601
2020-06-11 03:00,0.014,3.102
2020-06-11 04:00,0.022,3.413
2020-06-11 05:00,0.026,3.559
2020-06-11 06:00,0.021,3.386
2020-06-11 07:00,0.012,3.013
2020-06-11 08:00,0.009,2.810
2020-06-11 09:00,0.008,2.774
2020-06-11 10:00,0.005,2.488
2020-06-11 11:00,0.001,1.941
2020-06-11 12:00,0.001,1.867
2020-06-11 13:00,0.001,1.825
2020-06-11 14:00,0.002,2.198
2020-06-11 15:00,0.001,1.977
2020-06-11 16:00,0.001,1.856
2020-06-11 17:00,0.002,2.086
2020-06-11 18:00,0.001,2.017
2020-06-11 19:00,0.001,1.870
2020-06-11 20:00,0.001,1.916
2020-06-11 21:00,0.001,1.743
2020-06-11 22:00,0.001,1.754
2020-06-11 23:00,0.002,2.081
2020-06-12 00:00,0.006,2.562
2020-06-12 01:00,0.018,3.261
2020-06-12 02:00,0.044,4.061
2020-06-12 03:00,0.062,4.437
2020-06-12 04:00,0.055,4.294
2020-06-12 05:00,0.049,4.182
2020-06-12 06:00,0.045,4.079
2020-06-12 07:00,0.080,4.773
2020-06-12 08:00,0.143,5.651
2020-06-12 09:00,0.138,5.584
2020-06-12 10:00,0.097,5.036
2020-06-12 11:00,0.062,4.448
2020-06-12 12:00,0.043,4.037
2020-06-12 13:00,0.037,3.884
2020-06-12 14:00,0.027,3.598
2020-06-12 15:00,0.036,3.862
2020-06-12 16:00,0.053,4.255
2020-06-12 17:00,0.057,4.353
2020-06-12 18:00,0.053,4.262
2020-06-12 19:00,0.033,3.764
2020-06-12 20:00,0.020,3.338
2020-06-12 21:00,0.006,2.632
2020-06-12 22:00,0.004,2.408
2020-06-12 23:00,0.026,3.575
2020-06-13 00:00,0.033,3.780
2020-06-13 01:00,0.039,3.932
2020-06-13 02:00,0.031,3.712
2020-06-13 03:00,0.050,4.206
2020-06-13 04:00,0.061,4.418
2020-06-13 05:00,0.028,3.622
2020-06-13 06:00,0.011,2.933
2020-06-13 07:00,0.015,3.130
2020-06-13 08:00,0.038,3.896
2020-06-13 09:00,0.081,4.780
2020-06-13 10:00,0.143,5.657
2020-06-13 11:00,0.252,6.777
2020-06-13 12:00,0.407,8.016
2020-06-13 13:00,0.601,9.468
2020-06-13 14:00,0.709,10.377
2020-06-13 15:00,0.770,10.986
2020-06-13 16:00,0.817,11.539
2020-06-13 17:00,0.869,12.316
2020-06-13 18:00,0.924,13.432
2020-06-13 19:00,0.908,13.058
2020-06-13 20:00,0.850,11.999
2020-06-13 21:00,0.742,10.702
2020-06-13 22:00,0.692,10.224
2020-06-13 23:00,0.740,10.681
2020-06-14 00:00,0.791,11.227
2020-06-14 01:00,0.880,12.489
2020-06-14 02:00,0.947,14.130
2020-06-14 03:00,0.975,15.383
2020-06-14 04:00,0.973,15.291
2020-06-14 05:00,0.950,14.214
2020-06-14 06:00,0.911,13.123
2020-06-14 07:00,0.872,12.361
2020-06-14 08:00,0.828,11.690
2020-06-14 09:00,0.839,11.840
2020-06-14 10:00,0.864,12.234
2020-06-14 11:00,0.851,12.021
2020-06-14 12:00,0.817,11.533
2020-06-14 13:00,0.784,11.144
2020-06-14 14:00,0.719,10.471
2020-06-14 15:00,0.646,9.824
2020-06-14 16:00,0.577,9.285
2020-06-14 17:00,0.511,8.777
2020-06-14 18:00,0.446,8.311
2020-06-14 19:00,0.401,7.977
2020-06-14 20:00,0.342,7.516
2020-06-14 21:00,0.252,6.764
2020-06-14 22:00,0.217,6.441
2020-06-14 23:00,0.257,6.814
2020-06-15 00:00,0.251,6.758
2020-06-15 01:00,0.172,5.984
2020-06-15 02:00,0.115,5.293
2020-06-15 03:00,0.116,5.295
2020-06-15 04:00,0.163,5.891
2020-06-15 05:00,0.251,6.751
2020-06-15 06:00,0.381,7.821
2020-06-15 07:00,0.484,8.589
2020-06-15 08:00,0.539,8.988
2020-06-15 09:00,0.587,9.359
2020-06-15 10:00,0.644,9.810
2020-06-15 11:00,0.637,9.755
2020-06-15 12:00,0.628,9.675
2020-06-15 13:00,0.594,9.410
2020-06-15 14:00,0.564,9.174
2020-06-15 15:00,0.540,8.999
2020-06-15 16:00,0.519,8.846
2020-06-15 17:00,0.480,8.556
2020-06-15 18:00,0.413,8.058
2020-06-15 19:00,0.356,7.632
2020-06-15 20:00,0.331,7.431
2020-06-15 21:00,0.234,6.599
2020-06-15 22:00,0.143,5.651
2020-06-15 23:00,0.130,5.495
2020-06-16 00:00,0.109,5.200
2020-06-16 01:00,0.095,5.004
2020-06-16 02:00,0.097,5.026
2020-06-16 03:00,0.094,4.999
2020-06-16 04:00,0.120,5.360
2020-06-16 05:00,0.136,5.557
2020-06-16 06:00,0.103,5.126
2020-06-16 07:00,0.079,4.747
2020-06-16 08:00,0.074,4.656
2020-06-16 09:00,0.087,4.884
2020-06-16 10:00,0.065,4.495
2020-06-16 11:00,0.056,4.323
2020-06-16 12:00,0.092,4.961
2020-06-16 13:00,0.071,4.606
2020-06-16 14:00,0.043,4.025
2020-06-16 15:00,0.027,3.592
2020-06-16 16:00,0.010,2.875
2020-06-16 17:00,0.002,2.112
2020-06-16 18:00,0,1.289
2020-06-16 19:00,0,0.851
2020-06-16 20:00,0,1.523
2020-06-16 21:00,0.004,2.351
2020-06-16 22:00,0.009,2.839
2020-06-16 23:00,0.014,3.106
2020-06-17 00:00,0.022,3.429
2020-06-17 01:00,0.019,3.302
2020-06-17 02:00,0.010,2.887
2020-06-17 03:00,0.016,3.179
2020-06-17 04:00,0.039,3.942
2020-06-17 05:00,0.046,4.114
2020-06-17 06:00,0.043,4.043
2020-06-17 07:00,0.039,3.926
2020-06-17 08:00,0.030,3.678
2020-06-17 09:00,0.032,3.760
2020-06-17 10:00,0.059,4.379
2020-06-17 11:00,0.101,5.095
2020-06-17 12:00,0.138,5.584
2020-06-17 13:00,0.172,5.986
2020-06-17 14:00,0.215,6.418
2020-06-17 15:00,0.260,6.844
2020-06-17 16:00,0.246,6.716
2020-06-17 17:00,0.201,6.290
2020-06-17 18:00,0.172,5.974
2020-06-17 19:00,0.078,4.737
2020-06-17 20:00,0.030,3.692
2020-06-17 21:00,0.008,2.773
2020-06-17 22:00,0.001,1.797
2020-06-17 23:00,0.017,3.253
2020-06-18 00:00,0.079,4.759
2020-06-18 01:00,0.109,5.199
2020-06-18 02:00,0.259,6.828
2020-06-18 03:00,0.555,9.119
2020-06-18 04:00,0.516,8.820
2020-06-18 05:00,0.599,9.446
2020-06-18 06:00,0.733,10.608
2020-06-18 07:00,0.758,10.853
2020-06-18 08:00,0.793,11.252
2020-06-18 09:00,0.802,11.350
2020-06-18 10:00,0.815,11.512
2020-06-18 11:00,0.802,11.354
2020-06-18 12:00,0.828,11.693
2020-06-18 13:00,0.835,11.777
2020-06-18 14:00,0.848,11.974
2020-06-18 15:00,0.864,12.221
2020-06-18 16:00,0.879,12.475
2020-06-18 17:00,0.871,12.336
2020-06-18 18:00,0.841,11.867
2020-06-18 19:00,0.803,11.374
2020-06-18 20:00,0.763,10.904
2020-06-18 21:00,0.726,10.540
2020-06-18 22:00,0.717,10.455
2020-06-18 23:00,0.747,10.750
2020-06-19 00:00,0.774,11.031
2020-06-19 01:00,0.789,11.205
2020-06-19 02:00,0.803,11.365
2020-06-19 03:00,0.791,11.223
2020-06-19 04:00,0.770,10.983
2020-06-19 05:00,0.736,10.639
2020-06-19 06:00,0.672,10.050
2020-06-19 07:00,0.602,9.475
2020-06-19 08:00,0.554,9.105
2020-06-19 09:00,0.527,8.899
2020-06-19 10:00,0.523,8.877
2020-06-19 11:00,0.544,9.026
2020-06-19 12:00,0.513,8.795
2020-06-19 13:00,0.462,8.418
2020-06-19 14:00,0.368,7.722
2020-06-19 15:00,0.286,7.070
2020-06-19 16:00,0.224,6.513
2020-06-19 17:00,0.194,6.219
2020-06-19 18:00,0.186,6.132
2020-06-19 19:00,0.187,6.142
2020-06-19 20:00,0.185,6.124
2020-06-19 21:00,0.155,5.792
2020-06-19 22:00,0.147,5.696
2020-06-19 23:00,0.148,5.702
2020-06-20 00:00,0.118,5.320
2020-06-20 01:00,0.090,4.928
2020-06-20 02:00,0.097,5.029
2020-06-20 03:00,0.098,5.048
2020-06-20 04:00,0.079,4.750
2020-06-20 05:00,0.062,4.443
2020-06-20 06:00,0.053,4.258
2020-06-20 07:00,0.053,4.255
2020-06-20 08:00,0.061,4.417
2020-06-20 09:00,0.078,4.729
2020-06-20 10:00,0.108,5.191
2020-06-20 11:00,0.150,5.737
2020-06-20 12:00,0.194,6.214
2020-06-20 13:00,0.206,6.334
2020-06-20 14:00,0.192,6.197
2020-06-20 15:00,0.160,5.855
2020-06-20 16:00,0.137,5.568
2020-06-20 17:00,0.120,5.366
2020-06-20 18:00,0.117,5.319
2020-06-20 19:00,0.152,5.759
2020-06-20 20:00,0.239,6.652
2020-06-20 21:00,0.302,7.205
2020-06-20 22:00,0.350,7.576
2020-06-20 23:00,0.371,7.738
2020-06-21 00:00,0.368,7.721
2020-06-21 01:00,0.368,7.721
2020-06-21 02:00,0.382,7.827
2020-06-21 03:00,0.377,7.782
2020-06-21 04:00,0.353,7.601
2020-06-21 05:00,0.317,7.320
2020-06-21 06:00,0.252,6.763
2020-06-21 07:00,0.172,5.989
2020-06-21 08:00,0.109,5.205
2020-06-21 09:00,0.080,4.764
2020-06-21 10:00,0.083,4.824
2020-06-21 11:00,0.096,5.015
2020-06-21 12:00,0.099,5.059
2020-06-21 13:00,0.092,4.958
2020-06-21 14:00,0.087,4.882
2020-06-21 15:00,0.079,4.744
2020-06-21 16:00,0.059,4.371
2020-06-21 17:00,0.035,3.827
2020-06-21 18:00,0.016,3.180
2020-06-21 19:00,0.006,2.606
2020-06-21 20:00,0.005,2.475
2020-06-21 21:00,0.007,2.645
2020-06-21 22:00,0.006,2.614
2020-06-21 23:00,0.006,2.584
2020-06-22 00:00,0.006,2.588
2020-06-22 01:00,0.008,2.716
2020-06-22 02:00,0.013,3.070
2020-06-22 03:00,0.010,2.859
2020-06-22 04:00,0.003,2.248
2020-06-22 05:00,0.001,1.881
2020-06-22 06:00,0,1.682
2020-06-22 07:00,0,1.599
2020-06-22 08:00,0,1.637
2020-06-22 09:00,0.001,1.872
2020-06-22 10:00,0.004,2.402
2020-06-22 11:00,0.009,2.813
2020-06-22 12:00,0.010,2.912
2020-06-22 13:00,0.010,2.861
2020-06-22 14:00,0.006,2.555
2020-06-22 15:00,0.002,2.144
2020-06-22 16:00,0.001,1.999
2020-06-22 17:00,0.001,1.824
2020-06-22 18:00,0,1.606
2020-06-22 19:00,0,1.327
2020-06-22 20:00,0,1.332
2020-06-22 21:00,0,1.496
2020-06-22 22:00,0,1.340
2020-06-22 23:00,0,1.467
2020-06-23 00:00,0.004,2.389
2020-06-23 01:00,0.024,3.489
2020-06-23 02:00,0.031,3.720
2020-06-23 03:00,0.011,2.924
2020-06-23 04:00,0.002,2.137
2020-06-23 05:00,0.006,2.643
2020-06-23 06:00,0.023,3.466
2020-06-23 07:00,0.025,3.548
2020-06-23 08:00,0.036,3.857
2020-06-23 09:00,0.057,4.340
2020-06-23 10:00,0.074,4.672
2020-06-23 11:00,0.092,4.954
2020-06-23 12:00,0.120,5.357
2020-06-23 13:00,0.160,5.856
2020-06-23 14:00,0.186,6.141
2020-06-23 15:00,0.161,5.868
2020-06-23 16:00,0.099,5.056
2020-06-23 17:00,0.045,4.081
2020-06-23 18:00,0.020,3.350
2020-06-23 19:00,0.012,3.022
2020-06-23 20:00,0.008,2.749
2020-06-23 21:00,0.003,2.337
2020-06-23 22:00,0.002,2.174
2020-06-23 23:00,0.003,2.312
2020-06-24 00:00,0.007,2.661
2020-06-24 01:00,0.017,3.227
2020-06-24 02:00,0.034,3.809
2020-06-24 03:00,0.063,4.465
2020-06-24 04:00,0.105,5.160
2020-06-24 05:00,0.155,5.790
2020-06-24 06:00,0.211,6.391
2020-06-24 07:00,0.242,6.679
2020-06-24 08:00,0.255,6.800
2020-06-24 09:00,0.301,7.186
2020-06-24 10:00,0.392,7.903
2020-06-24 11:00,0.517,8.827
2020-06-24 12:00,0.645,9.820
2020-06-24 13:00,0.760,10.874
2020-06-24 14:00,0.827,11.675
2020-06-24 15:00,0.857,12.112
2020-06-24 16:00,0.867,12.282
2020-06-24 17:00,0.866,12.255
2020-06-24 18:00,0.848,11.978
2020-06-24 19:00,0.858,12.126
2020-06-24 20:00,0.771,10.999
2020-06-24 21:00,0.532,8.941
2020-06-24 22:00,0.388,7.871
2020-06-24 23:00,0.346,7.551
2020-06-25 00:00,0.321,7.353
2020-06-25 01:00,0.280,7.017
2020-06-25 02:00,0.223,6.509
2020-06-25 03:00,0.181,6.076
2020-06-25 04:00,0.151,5.751
2020-06-25 05:00,0.129,5.482
2020-06-25 06:00,0.129,5.482
2020-06-25 07:00,0.136,5.560
2020-06-25 08:00,0.136,5.556
2020-06-25 09:00,0.148,5.709
2020-06-25 10:00,0.223,6.502
2020-06-25 11:00,0.291,7.111
2020-06-25 12:00,0.301,7.186
2020-06-25 13:00,0.302,7.198
2020-06-25 14:00,0.300,7.183
2020-06-25 15:00,0.303,7.206
2020-06-25 16:00,0.319,7.338
2020-06-25 17:00,0.319,7.332
2020-06-25 18:00,0.330,7.425
2020-06-25 19:00,0.328,7.407
2020-06-25 20:00,0.288,7.078
2020-06-25 21:00,0.242,6.674
2020-06-25 22:00,0.274,6.963
2020-06-25 23:00,0.330,7.431
2020-06-26 00:00,0.319,7.331
2020-06-26 01:00,0.246,6.712
2020-06-26 02:00,0.207,6.347
2020-06-26 03:00,0.202,6.301
2020-06-26 04:00,0.262,6.850
2020-06-26 05:00,0.356,7.632
2020-06-26 06:00,0.454,8.369
2020-06-26 07:00,0.521,8.858
2020-06-26 08:00,0.563,9.169
2020-06-26 09:00,0.568,9.216
2020-06-26 10:00,0.564,9.180
2020-06-26 11:00,0.521,8.858
2020-06-26 12:00,0.447,8.314
2020-06-26 13:00,0.392,7.900
2020-06-26 14:00,0.353,7.611
2020-06-26 15:00,0.299,7.180
2020-06-26 16:00,0.235,6.613
2020-06-26 17:00,0.162,5.876
2020-06-26 18:00,0.098,5.050
2020-06-26 19:00,0.051,4.215
2020-06-26 20:00,0.025,3.521
2020-06-26 21:00,0.007,2.657
2020-06-26 22:00,0,1.556
2020-06-26 23:00,0,0.889
2020-06-27 00:00,0,1.114
2020-06-27 01:00,0,1.144
2020-06-27 02:00,0,1.060
2020-06-27 03:00,0,1.061
2020-06-27 04:00,0,1.119
2020-06-27 05:00,0,1.144
2020-06-27 06:00,0,0.981
2020-06-27 07:00,0,0.978
2020-06-27 08:00,0,1.301
2020-06-27 09:00,0.001,1.913
2020-06-27 10:00,0.008,2.752
2020-06-27 11:00,0.023,3.450
2020-06-27 12:00,0.024,3.483
2020-06-27 13:00,0.008,2.732
2020-06-27 14:00,0.001,1.983
2020-06-27 15:00,0.002,2.158
2020-06-27 16:00,0.010,2.908
2020-06-27 17:00,0.027,3.598
2020-06-27 18:00,0.048,4.143
2020-06-27 19:00,0.082,4.795
2020-06-27 20:00,0.119,5.343
2020-06-27 21:00,0.108,5.197
2020-06-27 22:00,0.074,4.659
2020-06-27 23:00,0.082,4.786
2020-06-28 00:00,0.083,4.818
2020-06-28 01:00,0.062,4.453
2020-06-28 02:00,0.039,3.939
2020-06-28 03:00,0.023,3.461
2020-06-28 04:00,0.013,3.050
2020-06-28 05:00,0.006,2.586
2020-06-28 06:00,0.003,2.339
2020-06-28 07:00,0.006,2.579
2020-06-28 08:00,0.020,3.351
2020-06-28 09:00,0.044,4.069
2020-06-28 10:00,0.056,4.320
2020-06-28 11:00,0.036,3.852
2020-06-28 12:00,0.018,3.276
2020-06-28 13:00,0.013,3.058
2020-06-28 14:00,0.015,3.157
2020-06-28 15:00,0.007,2.665
2020-06-28 16:00,0.012,3.012
2020-06-28 17:00,0.027,3.611
2020-06-28 18:00,0.055,4.301
2020-06-28 19:00,0.066,4.522
2020-06-28 20:00,0.045,4.081
2020-06-28 21:00,0.030,3.683
2020-06-28 22:00,0.046,4.101
2020-06-28 23:00,0.065,4.505
2020-06-29 00:00,0.068,4.564
2020-06-29 01:00,0.078,4.739
2020-06-29 02:00,0.079,4.749
2020-06-29 03:00,0.087,4.878
2020-06-29 04:00,0.105,5.154
2020-06-29 05:00,0.144,5.672
2020-06-29 06:00,0.228,6.554
2020-06-29 07:00,0.342,7.522
2020-06-29 08:00,0.438,8.243
2020-06-29 09:00,0.487,8.606
2020-06-29 10:00,0.642,9.795
2020-06-29 11:00,0.842,11.887
2020-06-29 12:00,0.949,14.181
2020-06-29 13:00,0.982,15.965
2020-06-29 14:00,0.988,16.693
2020-06-29 15:00,0.989,17.320
2020-06-29 16:00,0.989,17.504
2020-06-29 17:00,0.980,18.796
2020-06-29 18:00,0.923,20.726
2020-06-29 19:00,0.925,20.683
2020-06-29 20:00,0.950,20.076
2020-06-29 21:00,0.973,19.205
2020-06-29 22:00,0.978,18.905
2020-06-29 23:00,0.978,18.895
2020-06-30 00:00,0.975,19.076
2020-06-30 01:00,0.975,19.109
2020-06-30 02:00,0.977,18.955
2020-06-30 03:00,0.977,18.936
2020-06-30 04:00,0.978,18.898
2020-06-30 05:00,0.982,18.622
2020-06-30 06:00,0.987,17.959
2020-06-30 07:00,0.989,17.475
2020-06-30 08:00,0.986,16.348
2020-06-30 09:00,0.957,14.498
2020-06-30 10:00,0.917,13.254
2020-06-30 11:00,0.882,12.533
2020-06-30 12:00,0.844,11.915
2020-06-30 13:00,0.782,11.118
2020-06-30 14:00,0.681,10.126
2020-06-30 15:00,0.566,9.189
2020-06-30 16:00,0.468,8.468
2020-06-30 17:00,0.395,7.930
2020-06-30 18:00,0.328,7.407
2020-06-30 19:00,0.310,7.270
2020-06-30 20:00,0.344,7.538
2020-06-30 21:00,0.388,7.871
2020-06-30 22:00,0.388,7.875
2020-06-30 23:00,0.328,7.410
2020-07-01 00:00,0.232,6.579
2020-07-01 01:00,0.131,5.509
2020-07-01 02:00,0.063,4.456
2020-07-01 03:00,0.029,3.647
2020-07-01 04:00,0.014,3.114
2020-07-01 05:00,0.006,2.586
2020-07-01 06:00,0.002,2.128
2020-07-01 07:00,0.001,1.764
2020-07-01 08:00,0,1.518
2020-07-01 09:00,0,1.401
2020-07-01 10:00,0,1.322
2020-07-01 11:00,0,1.201
2020-07-01 12:00,0.001,1.764
2020-07-01 13:00,0.006,2.571
2020-07-01 14:00,0.019,3.334
2020-07-01 15:00,0.042,4.007
2020-07-01 16:00,0.074,4.662
2020-07-01 17:00,0.076,4.698
2020-07-01 18:00,0.067,4.539
2020-07-01 19:00,0.063,4.463
2020-07-01 20:00,0.053,4.268
2020-07-01 21:00,0.032,3.758
2020-07-01 22:00,0.019,3.323
2020-07-01 23:00,0.017,3.212
2020-07-02 00:00,0.021,3.374
2020-07-02 01:00,0.026,3.580
2020-07-02 02:00,0.029,3.661
2020-07-02 03:00,0.025,3.526
2020-07-02 04:00,0.018,3.291
2020-07-02 05:00,0.013,3.049
2020-07-02 06:00,0.012,2.974
2020-07-02 07:00,0.010,2.887
2020-07-02 08:00,0.006,2.640
2020-07-02 09:00,0.006,2.585
2020-07-02 10:00,0.007,2.653
2020-07-02 11:00,0.010,2.865
2020-07-02 12:00,0.014,3.091
2020-07-02 13:00,0.017,3.248
2020-07-02 14:00,0.029,3.656
2020-07-02 15:00,0.049,4.165
2020-07-02 16:00,0.060,4.398
2020-07-02 17:00,0.087,4.868
2020-07-02 18:00,0.125,5.427
2020-07-02 19:00,0.146,5.689
2020-07-02 20:00,0.161,5.867
2020-07-02 21:00,0.175,6.013
2020-07-02 22:00,0.201,6.295
2020-07-02 23:00,0.274,6.958
2020-07-03 00:00,0.375,7.775
2020-07-03 01:00,0.426,8.158
2020-07-03 02:00,0.434,8.217
2020-07-03 03:00,0.441,8.260
2020-07-03 04:00,0.447,8.314
2020-07-03 05:00,0.469,8.474
2020-07-03 06:00,0.501,8.705
2020-07-03 07:00,0.486,8.599
2020-07-03 08:00,0.407,8.012
2020-07-03 09:00,0.430,8.188
2020-07-03 10:00,0.564,9.182
2020-07-03 11:00,0.661,9.955
2020-07-03 12:00,0.642,9.800
2020-07-03 13:00,0.630,9.692
2020-07-03 14:00,0.628,9.681
2020-07-03 15:00,0.620,9.616
2020-07-03 16:00,0.633,9.724
2020-07-03 17:00,0.636,9.745
2020-07-03 18:00,0.589,9.375
2020-07-03 19:00,0.566,9.188
2020-07-03 20:00,0.542,9.018
2020-07-03 21:00,0.499,8.693
2020-07-03 22:00,0.484,8.586
2020-07-03 23:00,0.463,8.424
2020-07-04 00:00,0.414,8.071
2020-07-04 01:00,0.303,7.207
2020-07-04 02:00,0.199,6.260
2020-07-04 03:00,0.140,5.620
2020-07-04 04:00,0.111,5.245
2020-07-04 05:00,0.103,5.130
2020-07-04 06:00,0.113,5.265
2020-07-04 07:00,0.102,5.109
2020-07-04 08:00,0.063,4.469
2020-07-04 09:00,0.031,3.704
2020-07-04 10:00,0.018,3.290
2020-07-04 11:00,0.012,3.015
2020-07-04 12:00,0.003,2.318
2020-07-04 13:00,0,1.488
2020-07-04 14:00,0,1.393
2020-07-04 15:00,0.001,1.854
2020-07-04 16:00,0.003,2.325
2020-07-04 17:00,0.006,2.600
2020-07-04 18:00,0.006,2.589
2020-07-04 19:00,0.004,2.398
2020-07-04 20:00,0.002,2.133
2020-07-04 21:00,0.001,1.757
2020-07-04 22:00,0,1.532
2020-07-04 23:00,0,1.258
2020-07-05 00:00,0,1.647
2020-07-05 01:00,0.008,2.755
2020-07-05 02:00,0.035,3.825
2020-07-05 03:00,0.048,4.154
2020-07-05 04:00,0.045,4.077
2020-07-05 05:00,0.055,4.290
2020-07-05 06:00,0.063,4.468
2020-07-05 07:00,0.070,4.596
2020-07-05 08:00,0.061,4.408
2020-07-05 09:00,0.049,4.168
2020-07-05 10:00,0.050,4.191
2020-07-05 11:00,0.054,4.277
2020-07-05 12:00,0.062,4.441
2020-07-05 13:00,0.063,4.466
2020-07-05 14:00,0.063,4.455
2020-07-05 15:00,0.045,4.092
2020-07-05 16:00,0.029,3.648
2020-07-05 17:00,0.026,3.565
2020-07-05 18:00,0.032,3.743
2020-07-05 19:00,0.043,4.039
2020-07-05 20:00,0.029,3.657
2020-07-05 21:00,0.034,3.796
2020-07-05 22:00,0.065,4.500
2020-07-05 23:00,0.076,4.705
2020-07-06 00:00,0.127,5.447
2020-07-06 01:00,0.192,6.194
2020-07-06 02:00,0.251,6.755
2020-07-06 03:00,0.232,6.589
2020-07-06 04:00,0.200,6.277
2020-07-06 05:00,0.140,5.621
2020-07-06 06:00,0.112,5.249
2020-07-06 07:00,0.083,4.820
2020-07-06 08:00,0.059,4.370
2020-07-06 09:00,0.021,3.404
2020-07-06 10:00,0.005,2.518
2020-07-06 11:00,0.021,3.408
2020-07-06 12:00,0.085,4.849
2020-07-06 13:00,0.162,5.874
2020-07-06 14:00,0.212,6.398
2020-07-06 15:00,0.186,6.134
2020-07-06 16:00,0.135,5.545
2020-07-06 17:00,0.126,5.436
2020-07-06 18:00,0.136,5.562
2020-07-06 19:00,0.158,5.825
2020-07-06 20:00,0.267,6.904
2020-07-06 21:00,0.309,7.257
2020-07-06 22:00,0.266,6.901
2020-07-06 23:00,0.228,6.553
2020-07-07 00:00,0.162,5.873
2020-07-07 01:00,0.100,5.086
2020-07-07 02:00,0.176,6.023
2020-07-07 03:00,0.407,8.017
2020-07-07 04:00,0.344,7.528
2020-07-07 05:00,0.296,7.140
2020-07-07 06:00,0.291,7.108
2020-07-07 07:00,0.280,7.010
2020-07-07 08:00,0.246,6.721
2020-07-07 09:00,0.186,6.137
2020-07-07 10:00,0.111,5.241
2020-07-07 11:00,0.043,4.023
2020-07-07 12:00,0.008,2.723
2020-07-07 13:00,0.001,1.883
2020-07-07 14:00,0.002,2.160
2020-07-07 15:00,0.019,3.336
2020-07-07 16:00,0.075,4.689
2020-07-07 17:00,0.157,5.824
2020-07-07 18:00,0.230,6.570
2020-07-07 19:00,0.278,6.992
2020-07-07 20:00,0.283,7.041
2020-07-07 21:00,0.202,6.297
2020-07-07 22:00,0.128,5.471
2020-07-07 23:00,0.061,4.430
2020-07-08 00:00,0.013,3.058
2020-07-08 01:00,0.002,2.045
2020-07-08 02:00,0.003,2.228
2020-07-08 03:00,0.005,2.462
2020-07-08 04:00,0.003,2.268
2020-07-08 05:00,0.002,2.178
2020-07-08 06:00,0.004,2.361
2020-07-08 07:00,0.008,2.771
2020-07-08 08:00,0.014,3.113
2020-07-08 09:00,0.016,3.192
2020-07-08 10:00,0.012,3.001
2020-07-08 11:00,0.007,2.702
2020-07-08 12:00,0.001,1.770
2020-07-08 13:00,0,0.630
2020-07-08 14:00,0,0.630
2020-07-08 15:00,0,0.845
2020-07-08 16:00,0,1.452
2020-07-08 17:00,0.001,1.848
2020-07-08 18:00,0.003,2.274
2020-07-08 19:00,0.011,2.953
2020-07-08 20:00,0.024,3.512
2020-07-08 21:00,0.039,3.928
2020-07-08 22:00,0.071,4.603
2020-07-08 23:00,0.116,5.301
2020-07-09 00:00,0.158,5.834
2020-07-09 01:00,0.202,6.304
2020-07-09 02:00,0.238,6.650
2020-07-09 03:00,0.280,7.016
2020-07-09 04:00,0.330,7.419
2020-07-09 05:00,0.377,7.781
2020-07-09 06:00,0.383,7.833
2020-07-09 07:00,0.390,7.891
2020-07-09 08:00,0.407,8.009
2020-07-09 09:00,0.430,8.188
2020-07-09 10:00,0.455,8.376
2020-07-09 11:00,0.499,8.696
2020-07-09 12:00,0.446,8.299
2020-07-09 13:00,0.355,7.618
2020-07-09 14:00,0.310,7.260
2020-07-09 15:00,0.336,7.474
2020-07-09 16:00,0.403,7.983
2020-07-09 17:00,0.463,8.425
2020-07-09 18:00,0.540,8.999
2020-07-09 19:00,0.587,9.356
2020-07-09 20:00,0.576,9.278
2020-07-09 21:00,0.373,7.756
2020-07-09 22:00,0.365,7.703
2020-07-09 23:00,0.630,9.697
2020-07-10 00:00,0.817,11.539
2020-07-10 01:00,0.864,12.224
2020-07-10 02:00,0.869,12.308
2020-07-10 03:00,0.893,12.734
2020-07-10 04:00,0.898,12.838
2020-07-10 05:00,0.912,13.135
2020-07-10 06:00,0.957,14.487
2020-07-10 07:00,0.970,15.077
2020-07-10 08:00,0.946,14.075
2020-07-10 09:00,0.910,13.102
2020-07-10 10:00,0.864,12.225
2020-07-10 11:00,0.795,11.273
2020-07-10 12:00,0.691,10.213
2020-07-10 13:00,0.633,9.717
2020-07-10 14:00,0.585,9.345
2020-07-10 15:00,0.568,9.217
2020-07-10 16:00,0.540,8.994
2020-07-10 17:00,0.436,8.234
2020-07-10 18:00,0.353,7.599
2020-07-10 19:00,0.292,7.114
2020-07-10 20:00,0.192,6.195
2020-07-10 21:00,0.106,5.168
2020-07-10 22:00,0.086,4.862
2020-07-10 23:00,0.099,5.057
2020-07-11 00:00,0.119,5.352
2020-07-11 01:00,0.125,5.428
2020-07-11 02:00,0.147,5.695
2020-07-11 03:00,0.182,6.091
2020-07-11 04:00,0.211,6.391
2020-07-11 05:00,0.229,6.562
2020-07-11 06:00,0.292,7.113
2020-07-11 07:00,0.398,7.955
2020-07-11 08:00,0.465,8.438
2020-07-11 09:00,0.371,7.746
2020-07-11 10:00,0.280,7.015
2020-07-11 11:00,0.256,6.810
2020-07-11 12:00,0.270,6.924
2020-07-11 13:00,0.301,7.186
2020-07-11 14:00,0.309,7.255
2020-07-11 15:00,0.302,7.189
2020-07-11 16:00,0.264,6.875
2020-07-11 17:00,0.242,6.683
2020-07-11 18:00,0.296,7.140
2020-07-11 19:00,0.266,6.890
2020-07-11 20:00,0.256,6.811
2020-07-11 21:00,0.304,7.222
2020-07-11 22:00,0.300,7.183
2020-07-11 23:00,0.196,6.233
2020-07-12 00:00,0.083,4.821
2020-07-12 01:00,0.061,4.434
2020-07-12 02:00,0.064,4.477
2020-07-12 03:00,0.083,4.822
2020-07-12 04:00,0.143,5.649
2020-07-12 05:00,0.165,5.914
2020-07-12 06:00,0.132,5.514
2020-07-12 07:00,0.149,5.724
2020-07-12 08:00,0.255,6.800
2020-07-12 09:00,0.396,7.935
2020-07-12 10:00,0.385,7.847
2020-07-12 11:00,0.253,6.780
2020-07-12 12:00,0.391,7.894
2020-07-12 13:00,0.489,8.621
2020-07-12 14:00,0.548,9.052
2020-07-12 15:00,0.608,9.515
2020-07-12 16:00,0.694,10.246
2020-07-12 17:00,0.774,11.032
2020-07-12 18:00,0.804,11.378
2020-07-12 19:00,0.801,11.336
2020-07-12 20:00,0.775,11.040
2020-07-12 21:00,0.769,10.976
2020-07-12 22:00,0.768,10.971
2020-07-12 23:00,0.790,11.211
2020-07-13 00:00,0.770,10.983
2020-07-13 01:00,0.728,10.556
2020-07-13 02:00,0.717,10.445
2020-07-13 03:00,0.602,9.472
2020-07-13 04:00,0.441,8.265
2020-07-13 05:00,0.453,8.360
2020-07-13 06:00,0.621,9.630
2020-07-13 07:00,0.700,10.296
2020-07-13 08:00,0.625,9.660
2020-07-13 09:00,0.601,9.460
2020-07-13 10:00,0.610,9.536
2020-07-13 11:00,0.587,9.358
2020-07-13 12:00,0.502,8.713
2020-07-13 13:00,0.364,7.690
2020-07-13 14:00,0.234,6.602
2020-07-13 15:00,0.141,5.636
2020-07-13 16:00,0.091,4.950
2020-07-13 17:00,0.066,4.520
2020-07-13 18:00,0.052,4.231
2020-07-13 19:00,0.052,4.240
2020-07-13 20:00,0.074,4.648
2020-07-13 21:00,0.066,4.525
2020-07-13 22:00,0.050,4.197
2020-07-13 23:00,0.045,4.094
2020-07-14 00:00,0.047,4.125
2020-07-14 01:00,0.060,4.404
2020-07-14 02:00,0.082,4.796
2020-07-14 03:00,0.097,5.031
2020-07-14 04:00,0.115,5.284
2020-07-14 05:00,0.154,5.779
2020-07-14 06:00,0.208,6.357
2020-07-14 07:00,0.280,7.007
2020-07-14 08:00,0.335,7.469
2020-07-14 09:00,0.377,7.786
2020-07-14 10:00,0.385,7.846
2020-07-14 11:00,0.365,7.698
2020-07-14 12:00,0.310,7.265
2020-07-14 13:00,0.238,6.646
2020-07-14 14:00,0.188,6.157
2020-07-14 15:00,0.160,5.856
2020-07-14 16:00,0.157,5.815
2020-07-14 17:00,0.162,5.877
2020-07-14 18:00,0.165,5.909
2020-07-14 19:00,0.177,6.029
2020-07-14 20:00,0.187,6.144
2020-07-14 21:00,0.181,6.080
2020-07-14 22:00,0.174,6.005
2020-07-14 23:00,0.169,5.948
2020-07-15 00:00,0.162,5.878
2020-07-15 01:00,0.157,5.825
2020-07-15 02:00,0.150,5.743
2020-07-15 03:00,0.145,5.678
2020-07-15 04:00,0.148,5.707
2020-07-15 05:00,0.155,5.781
2020-07-15 06:00,0.146,5.688
2020-07-15 07:00,0.123,5.399
2020-07-15 08:00,0.100,5.067
2020-07-15 09:00,0.080,4.764
2020-07-15 10:00,0.073,4.638
2020-07-15 11:00,0.061,4.420
2020-07-15 12:00,0.041,3.990
2020-07-15 13:00,0.024,3.511
2020-07-15 14:00,0.021,3.395
2020-07-15 15:00,0.026,3.572
2020-07-15 16:00,0.035,3.845
2020-07-15 17:00,0.043,4.033
2020-07-15 18:00,0.049,4.181
2020-07-15 19:00,0.050,4.193
2020-07-15 20:00,0.044,4.067
2020-07-15 21:00,0.030,3.684
2020-07-15 22:00,0.024,3.480
2020-07-15 23:00,0.026,3.578
2020-07-16 00:00,0.030,3.681
2020-07-16 01:00,0.029,3.676
2020-07-16 02:00,0.040,3.959
2020-07-16 03:00,0.059,4.372
2020-07-16 04:00,0.073,4.646
2020-07-16 05:00,0.086,4.860
2020-07-16 06:00,0.100,5.088
2020-07-16 07:00,0.116,5.305
2020-07-16 08:00,0.125,5.423
2020-07-16 09:00,0.124,5.422
2020-07-16 10:00,0.121,5.377
2020-07-16 11:00,0.108,5.195
2020-07-16 12:00,0.087,4.887
2020-07-16 13:00,0.063,4.455
2020-07-16 14:00,0.043,4.040
2020-07-16 15:00,0.037,3.878
2020-07-16 16:00,0.041,3.980
2020-07-16 17:00,0.050,4.200
2020-07-16 18:00,0.061,4.427
2020-07-16 19:00,0.069,4.581
2020-07-16 20:00,0.072,4.621
2020-07-16 21:00,0.055,4.292
2020-07-16 22:00,0.041,3.983
2020-07-16 23:00,0.033,3.784
2020-07-17 00:00,0.032,3.742
2020-07-17 01:00,0.040,3.950
2020-07-17 02:00,0.056,4.326
2020-07-17 03:00,0.078,4.743
2020-07-17 04:00,0.106,5.169
2020-07-17 05:00,0.137,5.570
2020-07-17 06:00,0.158,5.836
2020-07-17 07:00,0.168,5.941
2020-07-17 08:00,0.163,5.888
2020-07-17 09:00,0.137,5.574
2020-07-17 10:00,0.109,5.199
2020-07-17 11:00,0.101,5.095
2020-07-17 12:00,0.103,5.120
2020-07-17 13:00,0.094,4.986
2020-07-17 14:00,0.071,4.611
2020-07-17 15:00,0.053,4.269
2020-07-17 16:00,0.049,4.172
2020-07-17 17:00,0.050,4.192
2020-07-17 18:00,0.063,4.457
2020-07-17 19:00,0.063,4.464
2020-07-17 20:00,0.055,4.290
2020-07-17 21:00,0.056,4.334
2020-07-17 22:00,0.060,4.387
2020-07-17 23:00,0.059,4.386
2020-07-18 00:00,0.044,4.050
2020-07-18 01:00,0.018,3.284
2020-07-18 02:00,0.025,3.522
2020-07-18 03:00,0.030,3.678
2020-07-18 04:00,0.027,3.605
2020-07-18 05:00,0.039,3.929
2020-07-18 06:00,0.040,3.950
2020-07-18 07:00,0.037,3.869
2020-07-18 08:00,0.043,4.026
2020-07-18 09:00,0.045,4.090
2020-07-18 10:00,0.037,3.873
2020-07-18 11:00,0.031,3.721
2020-07-18 12:00,0.024,3.479
2020-07-18 13:00,0.017,3.219
2020-07-18 14:00,0.008,2.755
2020-07-18 15:00,0.006,2.558
2020-07-18 16:00,0.025,3.539
2020-07-18 17:00,0.075,4.676
2020-07-18 18:00,0.100,5.079
2020-07-18 19:00,0.105,5.156
2020-07-18 20:00,0.075,4.689
2020-07-18 21:00,0.067,4.537
2020-07-18 22:00,0.096,5.022
2020-07-18 23:00,0.129,5.484
2020-07-19 00:00,0.179,6.066
2020-07-19 01:00,0.213,6.407
2020-07-19 02:00,0.235,6.612
2020-07-19 03:00,0.262,6.860
2020-07-19 04:00,0.291,7.108
2020-07-19 05:00,0.308,7.241
2020-07-19 06:00,0.351,7.586
2020-07-19 07:00,0.430,8.189
2020-07-19 08:00,0.499,8.699
2020-07-19 09:00,0.561,9.159
2020-07-19 10:00,0.658,9.919
2020-07-19 11:00,0.688,10.186
2020-07-19 12:00,0.740,10.681
2020-07-19 13:00,0.797,11.302
2020-07-19 14:00,0.837,11.819
2020-07-19 15:00,0.865,12.238
2020-07-19 16:00,0.886,12.615
2020-07-19 17:00,0.907,13.024
2020-07-19 18:00,0.923,13.416
2020-07-19 19:00,0.938,13.816
2020-07-19 20:00,0.953,14.337
2020-07-19 21:00,0.949,14.193
2020-07-19 22:00,0.956,14.419
2020-07-19 23:00,0.965,14.846
2020-07-20 00:00,0.957,14.486
2020-07-20 01:00,0.947,14.100
2020-07-20 02:00,0.946,14.062
2020-07-20 03:00,0.950,14.226
2020-07-20 04:00,0.957,14.467
2020-07-20 05:00,0.953,14.321
2020-07-20 06:00,0.944,14.007
2020-07-20 07:00,0.930,13.591
2020-07-20 08:00,0.902,12.928
2020-07-20 09:00,0.858,12.136
2020-07-20 10:00,0.811,11.475
2020-07-20 11:00,0.755,10.827
2020-07-20 12:00,0.681,10.126
2020-07-20 13:00,0.617,9.598
2020-07-20 14:00,0.552,9.096
2020-07-20 15:00,0.450,8.336
2020-07-20 16:00,0.313,7.290
2020-07-20 17:00,0.197,6.242
2020-07-20 18:00,0.108,5.194
2020-07-20 19:00,0.055,4.311
2020-07-20 20:00,0.037,3.873
2020-07-20 21:00,0.027,3.587
2020-07-20 22:00,0.019,3.301
2020-07-20 23:00,0.014,3.114
2020-07-21 00:00,0.007,2.647
2020-07-21 01:00,0.002,2.042
2020-07-21 02:00,0,1.456
2020-07-21 03:00,0,0.999
2020-07-21 04:00,0,0.807
2020-07-21 05:00,0,1.012
2020-07-21 06:00,0,0.834
2020-07-21 07:00,0,1.315
2020-07-21 08:00,0.002,2.081
2020-07-21 09:00,0.008,2.737
2020-07-21 10:00,0.013,3.061
2020-07-21 11:00,0.011,2.920
2020-07-21 12:00,0.006,2.590
2020-07-21 13:00,0.004,2.376
2020-07-21 14:00,0.003,2.286
2020-07-21 15:00,0.004,2.437
2020-07-21 16:00,0.003,2.232
2020-07-21 17:00,0,1.577
2020-07-21 18:00,0,1.479
2020-07-21 19:00,0.004,2.453
2020-07-21 20:00,0.030,3.695
2020-07-21 21:00,0.072,4.616
2020-07-21 22:00,0.113,5.270
2020-07-21 23:00,0.167,5.931
2020-07-22 00:00,0.214,6.415
2020-07-22 01:00,0.197,6.236
2020-07-22 02:00,0.123,5.398
2020-07-22 03:00,0.061,4.420
2020-07-22 04:00,0.036,3.856
2020-07-22 05:00,0.032,3.745
2020-07-22 06:00,0.038,3.891
2020-07-22 07:00,0.047,4.130
2020-07-22 08:00,0.062,4.452
2020-07-22 09:00,0.070,4.591
2020-07-22 10:00,0.064,4.474
2020-07-22 11:00,0.035,3.839
2020-07-22 12:00,0.028,3.626
2020-07-22 13:00,0.028,3.616
2020-07-22 14:00,0.024,3.508
2020-07-22 15:00,0.028,3.620
2020-07-22 16:00,0.042,4.007
2020-07-22 17:00,0.068,4.550
2020-07-22 18:00,0.100,5.066
2020-07-22 19:00,0.115,5.283
2020-07-22 20:00,0.129,5.481
2020-07-22 21:00,0.149,5.727
2020-07-22 22:00,0.156,5.803
2020-07-22 23:00,0.159,5.847
2020-07-23 00:00,0.172,5.992
2020-07-23 01:00,0.169,5.947
2020-07-23 02:00,0.169,5.950
2020-07-23 03:00,0.187,6.150
2020-07-23 04:00,0.283,7.042
2020-07-23 05:00,0.499,8.696
2020-07-23 06:00,0.615,9.574
2020-07-23 07:00,0.638,9.763
2020-07-23 08:00,0.672,10.054
2020-07-23 09:00,0.741,10.692
2020-07-23 10:00,0.788,11.191
2020-07-23 11:00,0.827,11.675
2020-07-23 12:00,0.876,12.429
2020-07-23 13:00,0.917,13.255
2020-07-23 14:00,0.944,14.026
2020-07-23 15:00,0.942,13.956
2020-07-23 16:00,0.934,13.721
2020-07-23 17:00,0.911,13.122
2020-07-23 18:00,0.858,12.125
2020-07-23 19:00,0.727,10.555
2020-07-23 20:00,0.667,10.009
2020-07-23 21:00,0.657,9.916
2020-07-23 22:00,0.727,10.554
2020-07-23 23:00,0.800,11.324
2020-07-24 00:00,0.830,11.714
2020-07-24 01:00,0.842,11.889
2020-07-24 02:00,0.831,11.733
2020-07-24 03:00,0.836,11.803
2020-07-24 04:00,0.840,11.863
2020-07-24 05:00,0.822,11.615
2020-07-24 06:00,0.793,11.238
2020-07-24 07:00,0.755,10.823
2020-07-24 08:00,0.699,10.292
2020-07-24 09:00,0.575,9.264
2020-07-24 10:00,0.441,8.272
2020-07-24 11:00,0.315,7.308
2020-07-24 12:00,0.252,6.777
2020-07-24 13:00,0.255,6.798
2020-07-24 14:00,0.280,7.008
2020-07-24 15:00,0.310,7.268
2020-07-24 16:00,0.316,7.320
2020-07-24 17:00,0.298,7.165
2020-07-24 18:00,0.262,6.850
2020-07-24 19:00,0.221,6.480
2020-07-24 20:00,0.207,6.346
2020-07-24 21:00,0.236,6.623
2020-07-24 22:00,0.299,7.180
2020-07-24 23:00,0.367,7.717
2020-07-25 00:00,0.453,8.350
2020-07-25 01:00,0.551,9.082
2020-07-25 02:00,0.631,9.702
2020-07-25 03:00,0.650,9.860
2020-07-25 04:00,0.654,9.894
2020-07-25 05:00,0.658,9.919
2020-07-25 06:00,0.651,9.869
2020-07-25 07:00,0.630,9.692
2020-07-25 08:00,0.586,9.352
2020-07-25 09:00,0.486,8.601
2020-07-25 10:00,0.379,7.810
2020-07-25 11:00,0.324,7.379
2020-07-25 12:00,0.275,6.977
2020-07-25 13:00,0.236,6.627
2020-07-25 14:00,0.222,6.500
2020-07-25 15:00,0.213,6.410
2020-07-25 16:00,0.186,6.134
2020-07-25 17:00,0.150,5.735
2020-07-25 18:00,0.124,5.422
2020-07-25 19:00,0.112,5.248
2020-07-25 20:00,0.098,5.038
2020-07-25 21:00,0.092,4.968
2020-07-25 22:00,0.109,5.213
2020-07-25 23:00,0.131,5.501
2020-07-26 00:00,0.158,5.836
2020-07-26 01:00,0.179,6.062
2020-07-26 02:00,0.189,6.164
2020-07-26 03:00,0.170,5.951
2020-07-26 04:00,0.144,5.662
2020-07-26 05:00,0.123,5.405
2020-07-26 06:00,0.098,5.040
2020-07-26 07:00,0.079,4.759
2020-07-26 08:00,0.078,4.730
2020-07-26 09:00,0.087,4.879
2020-07-26 10:00,0.093,4.983
2020-07-26 11:00,0.100,5.081
2020-07-26 12:00,0.113,5.263
2020-07-26 13:00,0.115,5.285
2020-07-26 14:00,0.120,5.359
2020-07-26 15:00,0.107,5.183
2020-07-26 16:00,0.063,4.456
2020-07-26 17:00,0.032,3.736
2020-07-26 18:00,0.033,3.776
2020-07-26 19:00,0.030,3.677
2020-07-26 20:00,0.031,3.716
2020-07-26 21:00,0.070,4.595
2020-07-26 22:00,0.194,6.213
2020-07-26 23:00,0.318,7.328
2020-07-27 00:00,0.280,7.010
2020-07-27 01:00,0.134,5.534
2020-07-27 02:00,0.213,6.409
2020-07-27 03:00,0.212,6.397
2020-07-27 04:00,0.110,5.227
2020-07-27 05:00,0.017,3.210
2020-07-27 06:00,0.007,2.690
2020-07-27 07:00,0.032,3.751
2020-07-27 08:00,0.116,5.297
2020-07-27 09:00,0.231,6.577
2020-07-27 10:00,0.356,7.627
2020-07-27 11:00,0.489,8.625
2020-07-27 12:00,0.612,9.556
2020-07-27 13:00,0.619,9.610
2020-07-27 14:00,0.619,9.608
2020-07-27 15:00,0.665,9.994
2020-07-27 16:00,0.691,10.215
2020-07-27 17:00,0.666,9.995
2020-07-27 18:00,0.649,9.853
2020-07-27 19:00,0.630,9.689
2020-07-27 20:00,0.599,9.440
2020-07-27 21:00,0.560,9.148
2020-07-27 22:00,0.561,9.158
2020-07-27 23:00,0.611,9.549
2020-07-28 00:00,0.633,9.720
2020-07-28 01:00,0.614,9.572
2020-07-28 02:00,0.564,9.177
2020-07-28 03:00,0.497,8.675
2020-07-28 04:00,0.390,7.892
2020-07-28 05:00,0.254,6.790
2020-07-28 06:00,0.137,5.576
2020-07-28 07:00,0.059,4.373
2020-07-28 08:00,0.018,3.280
2020-07-28 09:00,0.006,2.592
2020-07-28 10:00,0.003,2.237
2020-07-28 11:00,0.001,2.011
2020-07-28 12:00,0.001,1.932
2020-07-28 13:00,0.002,2.051
2020-07-28 14:00,0.003,2.245
2020-07-28 15:00,0.004,2.393
2020-07-28 16:00,0.006,2.556
2020-07-28 17:00,0.009,2.815
2020-07-28 18:00,0.017,3.219
2020-07-28 19:00,0.034,3.806
2020-07-28 20:00,0.061,4.417
2020-07-28 21:00,0.074,4.665
2020-07-28 22:00,0.072,4.628
2020-07-28 23:00,0.091,4.944
2020-07-29 00:00,0.119,5.345
2020-07-29 01:00,0.153,5.769
2020-07-29 02:00,0.190,6.179
2020-07-29 03:00,0.199,6.269
2020-07-29 04:00,0.173,6.000
2020-07-29 05:00,0.138,5.585
2020-07-29 06:00,0.117,5.308
2020-07-29 07:00,0.102,5.116
2020-07-29 08:00,0.093,4.976
2020-07-29 09:00,0.096,5.017
2020-07-29 10:00,0.105,5.148
2020-07-29 11:00,0.101,5.103
2020-07-29 12:00,0.087,4.886
2020-07-29 13:00,0.069,4.585
2020-07-29 14:00,0.050,4.207
2020-07-29 15:00,0.050,4.206
2020-07-29 16:00,0.068,4.564
2020-07-29 17:00,0.090,4.924
2020-07-29 18:00,0.103,5.128
2020-07-29 19:00,0.107,5.186
2020-07-29 20:00,0.119,5.356
2020-07-29 21:00,0.138,5.580
2020-07-29 22:00,0.155,5.785
2020-07-29 23:00,0.208,6.359
2020-07-30 00:00,0.282,7.038
2020-07-30 01:00,0.345,7.550
2020-07-30 02:00,0.414,8.070
2020-07-30 03:00,0.432,8.207
2020-07-30 04:00,0.400,7.968
2020-07-30 05:00,0.360,7.654
2020-07-30 06:00,0.305,7.225
2020-07-30 07:00,0.242,6.670
2020-07-30 08:00,0.205,6.325
2020-07-30 09:00,0.208,6.361
2020-07-30 10:00,0.242,6.683
2020-07-30 11:00,0.274,6.958
2020-07-30 12:00,0.296,7.143
2020-07-30 13:00,0.301,7.186
2020-07-30 14:00,0.280,7.012
2020-07-30 15:00,0.240,6.664
2020-07-30 16:00,0.193,6.203
2020-07-30 17:00,0.144,5.666
2020-07-30 18:00,0.110,5.228
2020-07-30 19:00,0.089,4.907
2020-07-30 20:00,0.074,4.672
2020-07-30 21:00,0.061,4.408
2020-07-30 22:00,0.052,4.246
2020-07-30 23:00,0.061,4.410
2020-07-31 00:00,0.074,4.659
2020-07-31 01:00,0.083,4.820
2020-07-31 02:00,0.090,4.929
2020-07-31 03:00,0.085,4.858
2020-07-31 04:00,0.069,4.576
2020-07-31 05:00,0.059,4.379
2020-07-31 06:00,0.063,4.455
2020-07-31 07:00,0.068,4.561
2020-07-31 08:00,0.072,4.626
2020-07-31 09:00,0.093,4.973
2020-07-31 10:00,0.138,5.580
2020-07-31 11:00,0.188,6.157
2020-07-31 12:00,0.229,6.558
2020-07-31 13:00,0.231,6.574
2020-07-31 14:00,0.201,6.293
2020-07-31 15:00,0.190,6.168
2020-07-31 16:00,0.194,6.214
2020-07-31 17:00,0.199,6.262
2020-07-31 18:00,0.197,6.241
2020-07-31 19:00,0.179,6.050
2020-07-31 20:00,0.131,5.504
2020-07-31 21:00,0.057,4.338
2020-07-31 22:00,0.010,2.867
2020-07-31 23:00,0.003,2.305
2020-08-01 00:00,0.007,2.678
2020-08-01 01:00,0.019,3.335
2020-08-01 02:00,0.040,3.966
2020-08-01 03:00,0.059,4.386
2020-08-01 04:00,0.078,4.727
2020-08-01 05:00,0.127,5.445
2020-08-01 06:00,0.221,6.478
2020-08-01 07:00,0.315,7.309
2020-08-01 08:00,0.379,7.806
2020-08-01 09:00,0.407,8.018
2020-08-01 10:00,0.420,8.114
2020-08-01 11:00,0.407,8.017
2020-08-01 12:00,0.419,8.098
2020-08-01 13:00,0.435,8.229
2020-08-01 14:00,0.435,8.228
2020-08-01 15:00,0.458,8.391
2020-08-01 16:00,0.484,8.574
2020-08-01 17:00,0.491,8.638
2020-08-01 18:00,0.491,8.640
2020-08-01 19:00,0.504,8.734
2020-08-01 20:00,0.522,8.870
2020-08-01 21:00,0.473,8.504
2020-08-01 22:00,0.454,8.365
2020-08-01 23:00,0.513,8.795
2020-08-02 00:00,0.563,9.166
2020-08-02 01:00,0.594,9.413
2020-08-02 02:00,0.620,9.618
2020-08-02 03:00,0.649,9.859
2020-08-02 04:00,0.670,10.035
2020-08-02 05:00,0.672,10.052
2020-08-02 06:00,0.654,9.892
2020-08-02 07:00,0.598,9.438
2020-08-02 08:00,0.537,8.981
2020-08-02 09:00,0.530,8.918
2020-08-02 10:00,0.579,9.295
2020-08-02 11:00,0.620,9.620
2020-08-02 12:00,0.633,9.720
2020-08-02 13:00,0.633,9.719
2020-08-02 14:00,0.634,9.730
2020-08-02 15:00,0.618,9.602
2020-08-02 16:00,0.599,9.444
2020-08-02 17:00,0.585,9.346
2020-08-02 18:00,0.585,9.341
2020-08-02 19:00,0.605,9.494
2020-08-02 20:00,0.627,9.666
2020-08-02 21:00,0.627,9.667
2020-08-02 22:00,0.605,9.496
2020-08-02 23:00,0.618,9.599
2020-08-03 00:00,0.628,9.675
2020-08-03 01:00,0.627,9.666
2020-08-03 02:00,0.647,9.837
2020-08-03 03:00,0.681,10.125
2020-08-03 04:00,0.717,10.443
2020-08-03 05:00,0.742,10.695
2020-08-03 06:00,0.752,10.797
2020-08-03 07:00,0.725,10.531
2020-08-03 08:00,0.677,10.084
2020-08-03 09:00,0.647,9.829
2020-08-03 10:00,0.629,9.686
2020-08-03 11:00,0.594,9.410
2020-08-03 12:00,0.568,9.210
2020-08-03 13:00,0.551,9.084
2020-08-03 14:00,0.518,8.841
2020-08-03 15:00,0.478,8.538
2020-08-03 16:00,0.456,8.381
2020-08-03 17:00,0.446,8.299
2020-08-03 18:00,0.415,8.075
2020-08-03 19:00,0.362,7.679
2020-08-03 20:00,0.330,7.427
2020-08-03 21:00,0.315,7.308
2020-08-03 22:00,0.351,7.590
2020-08-03 23:00,0.435,8.225
2020-08-04 00:00,0.505,8.737
2020-08-04 01:00,0.550,9.079
2020-08-04 02:00,0.538,8.982
2020-08-04 03:00,0.455,8.376
2020-08-04 04:00,0.345,7.550
2020-08-04 05:00,0.281,7.030
2020-08-04 06:00,0.287,7.072
2020-08-04 07:00,0.324,7.373
2020-08-04 08:00,0.336,7.478
2020-08-04 09:00,0.337,7.481
2020-08-04 10:00,0.365,7.699
2020-08-04 11:00,0.346,7.551
2020-08-04 12:00,0.299,7.169
2020-08-04 13:00,0.265,6.883
2020-08-04 14:00,0.254,6.792
2020-08-04 15:00,0.266,6.888
2020-08-04 16:00,0.289,7.083
2020-08-04 17:00,0.324,7.369
2020-08-04 18:00,0.344,7.528
2020-08-04 19:00,0.353,7.600
2020-08-04 20:00,0.363,7.684
2020-08-04 21:00,0.337,7.480
2020-08-04 22:00,0.306,7.231
2020-08-04 23:00,0.321,7.356
2020-08-05 00:00,0.343,7.525
2020-08-05 01:00,0.349,7.574
2020-08-05 02:00,0.354,7.614
2020-08-05 03:00,0.365,7.699
2020-08-05 04:00,0.379,7.811
2020-08-05 05:00,0.407,8.016
2020-08-05 06:00,0.421,8.117
2020-08-05 07:00,0.404,7.991
2020-08-05 08:00,0.377,7.784
2020-08-05 09:00,0.413,8.061
2020-08-05 10:00,0.447,8.311
2020-08-05 11:00,0.441,8.261
2020-08-05 12:00,0.481,8.561
2020-08-05 13:00,0.546,9.043
2020-08-05 14:00,0.589,9.373
2020-08-05 15:00,0.630,9.692
2020-08-05 16:00,0.684,10.145
2020-08-05 17:00,0.740,10.677
2020-08-05 18:00,0.797,11.298
2020-08-05 19:00,0.859,12.146
2020-08-05 20:00,0.912,13.137
2020-08-05 21:00,0.927,13.503
2020-08-05 22:00,0.938,13.828
2020-08-05 23:00,0.955,14.389
2020-08-06 00:00,0.966,14.905
2020-08-06 01:00,0.974,15.333
2020-08-06 02:00,0.978,15.609
2020-08-06 03:00,0.980,15.753
2020-08-06 04:00,0.977,15.513
2020-08-06 05:00,0.969,15.037
2020-08-06 06:00,0.961,14.666
2020-08-06 07:00,0.945,14.033
2020-08-06 08:00,0.916,13.236
2020-08-06 09:00,0.885,12.576
2020-08-06 10:00,0.838,11.832
2020-08-06 11:00,0.773,11.011
2020-08-06 12:00,0.729,10.570
2020-08-06 13:00,0.709,10.372
2020-08-06 14:00,0.686,10.168
2020-08-06 15:00,0.699,10.289
2020-08-06 16:00,0.704,10.326
2020-08-06 17:00,0.706,10.345
2020-08-06 18:00,0.668,10.018
2020-08-06 19:00,0.589,9.372
2020-08-06 20:00,0.542,9.014
2020-08-06 21:00,0.463,8.431
2020-08-06 22:00,0.388,7.874
2020-08-06 23:00,0.389,7.877
2020-08-07 00:00,0.407,8.009
2020-08-07 01:00,0.497,8.673
2020-08-07 02:00,0.620,9.621
2020-08-07 03:00,0.682,10.134
2020-08-07 04:00,0.669,10.028
2020-08-07 05:00,0.636,9.748
2020-08-07 06:00,0.581,9.317
2020-08-07 07:00,0.541,9.004
2020-08-07 08:00,0.567,9.207
2020-08-07 09:00,0.652,9.882
2020-08-07 10:00,0.738,10.655
2020-08-07 11:00,0.772,11.007
2020-08-07 12:00,0.807,11.414
2020-08-07 13:00,0.797,11.293
2020-08-07 14:00,0.769,10.979
2020-08-07 15:00,0.806,11.409
2020-08-07 16:00,0.848,11.973
2020-08-07 17:00,0.873,12.384
2020-08-07 18:00,0.858,12.131
2020-08-07 19:00,0.811,11.468
2020-08-07 20:00,0.743,10.704
2020-08-07 21:00,0.734,10.612
2020-08-07 22:00,0.781,11.102
2020-08-07 23:00,0.848,11.981
2020-08-08 00:00,0.901,12.900
2020-08-08 01:00,0.930,13.588
2020-08-08 02:00,0.923,13.405
2020-08-08 03:00,0.891,12.706
2020-08-08 04:00,0.856,12.098
2020-08-08 05:00,0.806,11.398
2020-08-08 06:00,0.750,10.780
2020-08-08 07:00,0.717,10.442
2020-08-08 08:00,0.731,10.588
2020-08-08 09:00,0.750,10.783
2020-08-08 10:00,0.756,10.838
2020-08-08 11:00,0.751,10.786
2020-08-08 12:00,0.738,10.652
2020-08-08 13:00,0.712,10.405
2020-08-08 14:00,0.699,10.291
2020-08-08 15:00,0.715,10.434
2020-08-08 16:00,0.739,10.672
2020-08-08 17:00,0.758,10.858
2020-08-08 18:00,0.772,11.008
2020-08-08 19:00,0.781,11.102
2020-08-08 20:00,0.783,11.123
2020-08-08 21:00,0.764,10.923
2020-08-08 22:00,0.733,10.610
2020-08-08 23:00,0.740,10.674
2020-08-09 00:00,0.773,11.010
2020-08-09 01:00,0.810,11.453
2020-08-09 02:00,0.841,11.870
2020-08-09 03:00,0.862,12.190
2020-08-09 04:00,0.864,12.221
2020-08-09 05:00,0.850,11.996
2020-08-09 06:00,0.824,11.639
2020-08-09 07:00,0.790,11.211
2020-08-09 08:00,0.751,10.790
2020-08-09 09:00,0.760,10.877
2020-08-09 10:00,0.793,11.244
2020-08-09 11:00,0.801,11.345
2020-08-09 12:00,0.803,11.375
2020-08-09 13:00,0.807,11.424
2020-08-09 14:00,0.820,11.578
2020-08-09 15:00,0.820,11.584
2020-08-09 16:00,0.787,11.177
2020-08-09 17:00,0.756,10.839
2020-08-09 18:00,0.740,10.676
2020-08-09 19:00,0.729,10.566
2020-08-09 20:00,0.691,10.214
2020-08-09 21:00,0.622,9.638
2020-08-09 22:00,0.555,9.118
2020-08-09 23:00,0.561,9.153
2020-08-10 00:00,0.596,9.424
2020-08-10 01:00,0.672,10.050
2020-08-10 02:00,0.755,10.824
2020-08-10 03:00,0.855,12.088
2020-08-10 04:00,0.907,13.030
2020-08-10 05:00,0.931,13.634
2020-08-10 06:00,0.923,13.419
2020-08-10 07:00,0.901,12.905
2020-08-10 08:00,0.839,11.842
2020-08-10 09:00,0.628,9.682
2020-08-10 10:00,0.581,9.315
2020-08-10 11:00,0.845,11.919
2020-08-10 12:00,0.944,14.019
2020-08-10 13:00,0.929,13.571
2020-08-10 14:00,0.869,12.313
2020-08-10 15:00,0.838,11.826
2020-08-10 16:00,0.864,12.232
2020-08-10 17:00,0.899,12.872
2020-08-10 18:00,0.865,12.246
2020-08-10 19:00,0.827,11.670
2020-08-10 20:00,0.802,11.361
2020-08-10 21:00,0.797,11.302
2020-08-10 22:00,0.798,11.314
2020-08-10 23:00,0.823,11.624
2020-08-11 00:00,0.825,11.644
2020-08-11 01:00,0.828,11.698
2020-08-11 02:00,0.843,11.894
2020-08-11 03:00,0.851,12.014
2020-08-11 04:00,0.838,11.830
2020-08-11 05:00,0.817,11.537
2020-08-11 06:00,0.797,11.301
2020-08-11 07:00,0.772,11.004
2020-08-11 08:00,0.756,10.835
2020-08-11 09:00,0.758,10.850
2020-08-11 10:00,0.763,10.917
2020-08-11 11:00,0.764,10.924
2020-08-11 12:00,0.771,10.988
2020-08-11 13:00,0.775,11.043
2020-08-11 14:00,0.803,11.367
2020-08-11 15:00,0.810,11.460
2020-08-11 16:00,0.803,11.370
2020-08-11 17:00,0.790,11.214
2020-08-11 18:00,0.763,10.908
2020-08-11 19:00,0.731,10.580
2020-08-11 20:00,0.707,10.354
2020-08-11 21:00,0.658,9.919
2020-08-11 22:00,0.590,9.384
2020-08-11 23:00,0.583,9.331
2020-08-12 00:00,0.576,9.272
2020-08-12 01:00,0.563,9.168
2020-08-12 02:00,0.556,9.123
2020-08-12 03:00,0.564,9.177
2020-08-12 04:00,0.573,9.245
2020-08-12 05:00,0.575,9.263
2020-08-12 06:00,0.592,9.395
2020-08-12 07:00,0.599,9.440
2020-08-12 08:00,0.585,9.344
2020-08-12 09:00,0.587,9.361
2020-08-12 10:00,0.599,9.446
2020-08-12 11:00,0.589,9.374
2020-08-12 12:00,0.594,9.406
2020-08-12 13:00,0.599,9.448
2020-08-12 14:00,0.586,9.354
2020-08-12 15:00,0.556,9.123
2020-08-12 16:00,0.518,8.833
2020-08-12 17:00,0.460,8.407
2020-08-12 18:00,0.399,7.959
2020-08-12 19:00,0.345,7.546
2020-08-12 20:00,0.314,7.300
2020-08-12 21:00,0.275,6.976
2020-08-12 22:00,0.261,6.848
2020-08-12 23:00,0.297,7.147
2020-08-13 00:00,0.347,7.560
2020-08-13 01:00,0.422,8.126
2020-08-13 02:00,0.511,8.782
2020-08-13 03:00,0.580,9.306
2020-08-13 04:00,0.621,9.625
2020-08-13 05:00,0.647,9.836
2020-08-13 06:00,0.656,9.913
2020-08-13 07:00,0.667,10.008
2020-08-13 08:00,0.668,10.012
2020-08-13 09:00,0.637,9.753
2020-08-13 10:00,0.617,9.593
2020-08-13 11:00,0.630,9.699
2020-08-13 12:00,0.651,9.871
2020-08-13 13:00,0.651,9.872
2020-08-13 14:00,0.640,9.778
2020-08-13 15:00,0.667,10.004
2020-08-13 16:00,0.706,10.347
2020-08-13 17:00,0.723,10.517
2020-08-13 18:00,0.726,10.538
2020-08-13 19:00,0.722,10.495
2020-08-13 20:00,0.709,10.382
2020-08-13 21:00,0.665,9.987
2020-08-13 22:00,0.663,9.968
2020-08-13 23:00,0.696,10.264
2020-08-14 00:00,0.728,10.559
2020-08-14 01:00,0.766,10.946
2020-08-14 02:00,0.827,11.666
2020-08-14 03:00,0.888,12.642
2020-08-14 04:00,0.918,13.285
2020-08-14 05:00,0.904,12.961
2020-08-14 06:00,0.861,12.176
2020-08-14 07:00,0.832,11.738
2020-08-14 08:00,0.817,11.530
2020-08-14 09:00,0.832,11.743
2020-08-14 10:00,0.845,11.918
2020-08-14 11:00,0.822,11.609
2020-08-14 12:00,0.788,11.189
2020-08-14 13:00,0.763,10.909
2020-08-14 14:00,0.749,10.757
2020-08-14 15:00,0.736,10.637
2020-08-14 16:00,0.708,10.366
2020-08-14 17:00,0.658,9.931
2020-08-14 18:00,0.592,9.393
2020-08-14 19:00,0.527,8.897
2020-08-14 20:00,0.499,8.689
2020-08-14 21:00,0.463,8.423
2020-08-14 22:00,0.423,8.139
2020-08-14 23:00,0.426,8.158
2020-08-15 00:00,0.436,8.231
2020-08-15 01:00,0.434,8.221
2020-08-15 02:00,0.420,8.114
2020-08-15 03:00,0.414,8.069
2020-08-15 04:00,0.426,8.159
2020-08-15 05:00,0.444,8.281
2020-08-15 06:00,0.446,8.305
2020-08-15 07:00,0.448,8.318
2020-08-15 08:00,0.456,8.380
2020-08-15 09:00,0.460,8.408
2020-08-15 10:00,0.479,8.545
2020-08-15 11:00,0.509,8.767
2020-08-15 12:00,0.545,9.035
2020-08-15 13:00,0.570,9.228
2020-08-15 14:00,0.563,9.169
2020-08-15 15:00,0.534,8.958
2020-08-15 16:00,0.499,8.699
2020-08-15 17:00,0.450,8.326
2020-08-15 18:00,0.386,7.854
2020-08-15 19:00,0.321,7.357
2020-08-15 20:00,0.277,6.984
2020-08-15 21:00,0.229,6.566
2020-08-15 22:00,0.172,5.982
2020-08-15 23:00,0.144,5.664
2020-08-16 00:00,0.154,5.777
2020-08-16 01:00,0.150,5.734
2020-08-16 02:00,0.137,5.578
2020-08-16 03:00,0.133,5.524
2020-08-16 04:00,0.150,5.734
2020-08-16 05:00,0.183,6.104
2020-08-16 06:00,0.224,6.516
2020-08-16 07:00,0.275,6.974
2020-08-16 08:00,0.324,7.381
2020-08-16 09:00,0.364,7.697
2020-08-16 10:00,0.386,7.849
2020-08-16 11:00,0.395,7.919
2020-08-16 12:00,0.403,7.983
2020-08-16 13:00,0.396,7.934
2020-08-16 14:00,0.372,7.753
2020-08-16 15:00,0.347,7.564
2020-08-16 16:00,0.316,7.319
2020-08-16 17:00,0.283,7.044
2020-08-16 18:00,0.244,6.691
2020-08-16 19:00,0.194,6.209
2020-08-16 20:00,0.141,5.631
2020-08-16 21:00,0.082,4.786
2020-08-16 22:00,0.045,4.093
2020-08-16 23:00,0.040,3.951
2020-08-17 00:00,0.029,3.648
2020-08-17 01:00,0.015,3.136
2020-08-17 02:00,0.006,2.571
2020-08-17 03:00,0.001,1.979
2020-08-17 04:00,0,1.366
2020-08-17 05:00,0,0.931
2020-08-17 06:00,0,1.103
2020-08-17 07:00,0,1.496
2020-08-17 08:00,0.001,1.964
2020-08-17 09:00,0.004,2.452
2020-08-17 10:00,0.012,2.971
2020-08-17 11:00,0.018,3.274
2020-08-17 12:00,0.024,3.485
2020-08-17 13:00,0.027,3.602
2020-08-17 14:00,0.026,3.557
2020-08-17 15:00,0.022,3.432
2020-08-17 16:00,0.019,3.325
2020-08-17 17:00,0.017,3.251
2020-08-17 18:00,0.017,3.233
2020-08-17 19:00,0.019,3.301
2020-08-17 20:00,0.022,3.435
2020-08-17 21:00,0.022,3.444
2020-08-17 22:00,0.014,3.103
2020-08-17 23:00,0.009,2.788
2020-08-18 00:00,0.004,2.451
2020-08-18 01:00,0.002,2.164
2020-08-18 02:00,0.001,1.880
2020-08-18 03:00,0,1.525
2020-08-18 04:00,0,1.202
2020-08-18 05:00,0,0.985
2020-08-18 06:00,0,0.844
2020-08-18 07:00,0,0.975
2020-08-18 08:00,0,1.254
2020-08-18 09:00,0,1.568
2020-08-18 10:00,0.002,2.034
2020-08-18 11:00,0.006,2.587
2020-08-18 12:00,0.013,3.062
2020-08-18 13:00,0.021,3.387
2020-08-18 14:00,0.030,3.678
2020-08-18 15:00,0.038,3.910
2020-08-18 16:00,0.046,4.111
2020-08-18 17:00,0.054,4.275
2020-08-18 18:00,0.059,4.375
2020-08-18 19:00,0.062,4.435
2020-08-18 20:00,0.057,4.352
2020-08-18 21:00,0.042,4.009
2020-08-18 22:00,0.022,3.432
2020-08-18 23:00,0.014,3.077
2020-08-19 00:00,0.013,3.041
2020-08-19 01:00,0.015,3.131
2020-08-19 02:00,0.020,3.359
2020-08-19 03:00,0.025,3.527
2020-08-19 04:00,0.023,3.470
2020-08-19 05:00,0.020,3.353
2020-08-19 06:00,0.017,3.252
2020-08-19 07:00,0.017,3.247
2020-08-19 08:00,0.017,3.250
2020-08-19 09:00,0.021,3.384
2020-08-19 10:00,0.026,3.565
2020-08-19 11:00,0.035,3.842
2020-08-19 12:00,0.048,4.134
2020-08-19 13:00,0.060,4.393
2020-08-19 14:00,0.070,4.589
2020-08-19 15:00,0.085,4.844
2020-08-19 16:00,0.108,5.197
2020-08-19 17:00,0.125,5.425
2020-08-19 18:00,0.126,5.437
2020-08-19 19:00,0.112,5.257
2020-08-19 20:00,0.088,4.893
2020-08-19 21:00,0.057,4.341
2020-08-19 22:00,0.029,3.644
2020-08-19 23:00,0.017,3.230
2020-08-20 00:00,0.013,3.036
2020-08-20 01:00,0.008,2.717
2020-08-20 02:00,0.005,2.475
2020-08-20 03:00,0.005,2.474
2020-08-20 04:00,0.007,2.660
2020-08-20 05:00,0.012,2.973
2020-08-20 06:00,0.021,3.368
2020-08-20 07:00,0.036,3.856
2020-08-20 08:00,0.052,4.241
2020-08-20 09:00,0.059,4.384
2020-08-20 10:00,0.069,4.581
2020-08-20 11:00,0.070,4.591
2020-08-20 12:00,0.058,4.362
2020-08-20 13:00,0.049,4.184
2020-08-20 14:00,0.053,4.257
2020-08-20 15:00,0.073,4.638
2020-08-20 16:00,0.095,5.009
2020-08-20 17:00,0.105,5.154
2020-08-20 18:00,0.104,5.134
2020-08-20 19:00,0.097,5.030
2020-08-20 20:00,0.091,4.948
2020-08-20 21:00,0.071,4.611
2020-08-20 22:00,0.048,4.155
2020-08-20 23:00,0.033,3.789
2020-08-21 00:00,0.027,3.602
2020-08-21 01:00,0.031,3.733
2020-08-21 02:00,0.044,4.065
2020-08-21 03:00,0.068,4.540
2020-08-21 04:00,0.099,5.059
2020-08-21 05:00,0.134,5.540
2020-08-21 06:00,0.180,6.071
2020-08-21 07:00,0.242,6.671
2020-08-21 08:00,0.310,7.263
2020-08-21 09:00,0.353,7.603
2020-08-21 10:00,0.375,7.773
2020-08-21 11:00,0.392,7.899
2020-08-21 12:00,0.386,7.859
2020-08-21 13:00,0.358,7.638
2020-08-21 14:00,0.330,7.426
2020-08-21 15:00,0.338,7.485
2020-08-21 16:00,0.362,7.671
2020-08-21 17:00,0.385,7.847
2020-08-21 18:00,0.407,8.017
2020-08-21 19:00,0.417,8.087
2020-08-21 20:00,0.398,7.951
2020-08-21 21:00,0.314,7.302
2020-08-21 22:00,0.270,6.928
2020-08-21 23:00,0.274,6.962
2020-08-22 00:00,0.286,7.071
2020-08-22 01:00,0.297,7.147
2020-08-22 02:00,0.289,7.084
2020-08-22 03:00,0.268,6.912
2020-08-22 04:00,0.244,6.689
2020-08-22 05:00,0.228,6.554
2020-08-22 06:00,0.226,6.531
2020-08-22 07:00,0.226,6.538
2020-08-22 08:00,0.238,6.650
2020-08-22 09:00,0.232,6.581
2020-08-22 10:00,0.224,6.516
2020-08-22 11:00,0.227,6.540
2020-08-22 12:00,0.217,6.443
2020-08-22 13:00,0.194,6.222
2020-08-22 14:00,0.160,5.859
2020-08-22 15:00,0.135,5.542
2020-08-22 16:00,0.101,5.100
2020-08-22 17:00,0.066,4.521
2020-08-22 18:00,0.038,3.913
2020-08-22 19:00,0.018,3.282
2020-08-22 20:00,0.006,2.600
2020-08-22 21:00,0.002,2.194
2020-08-22 22:00,0.004,2.365
2020-08-22 23:00,0.009,2.849
2020-08-23 00:00,0.016,3.169
2020-08-23 01:00,0.015,3.144
2020-08-23 02:00,0.011,2.922
2020-08-23 03:00,0.006,2.574
2020-08-23 04:00,0.002,2.141
2020-08-23 05:00,0.001,1.943
2020-08-23 06:00,0.001,1.945
2020-08-23 07:00,0.002,2.095
2020-08-23 08:00,0.004,2.425
2020-08-23 09:00,0.008,2.773
2020-08-23 10:00,0.013,3.040
2020-08-23 11:00,0.011,2.937
2020-08-23 12:00,0.006,2.576
2020-08-23 13:00,0.002,2.203
2020-08-23 14:00,0.002,2.063
2020-08-23 15:00,0.001,1.985
2020-08-23 16:00,0,1.539
2020-08-23 17:00,0,1.511
2020-08-23 18:00,0,1.659
2020-08-23 19:00,0.001,1.981
2020-08-23 20:00,0.004,2.445
2020-08-23 21:00,0.009,2.816
2020-08-23 22:00,0.012,3.019
2020-08-23 23:00,0.017,3.220
2020-08-24 00:00,0.022,3.434
2020-08-24 01:00,0.027,3.584
2020-08-24 02:00,0.028,3.624
2020-08-24 03:00,0.021,3.405
2020-08-24 04:00,0.016,3.174
2020-08-24 05:00,0.014,3.080
2020-08-24 06:00,0.012,3.007
2020-08-24 07:00,0.011,2.918
2020-08-24 08:00,0.010,2.882
2020-08-24 09:00,0.014,3.114
2020-08-24 10:00,0.027,3.593
2020-08-24 11:00,0.043,4.033
2020-08-24 12:00,0.055,4.290
2020-08-24 13:00,0.055,4.296
2020-08-24 14:00,0.052,4.233
2020-08-24 15:00,0.047,4.119
2020-08-24 16:00,0.033,3.776
2020-08-24 17:00,0.015,3.155
2020-08-24 18:00,0.004,2.360
2020-08-24 19:00,0,1.551
2020-08-24 20:00,0,1.336
2020-08-24 21:00,0,1.625
2020-08-24 22:00,0.002,2.072
2020-08-24 23:00,0.006,2.627
2020-08-25 00:00,0.011,2.941
2020-08-25 01:00,0.017,3.253
2020-08-25 02:00,0.030,3.682
2020-08-25 03:00,0.046,4.100
2020-08-25 04:00,0.063,4.459
2020-08-25 05:00,0.080,4.769
2020-08-25 06:00,0.100,5.067
2020-08-25 07:00,0.120,5.357
2020-08-25 08:00,0.148,5.715
2020-08-25 09:00,0.197,6.241
2020-08-25 10:00,0.296,7.140
2020-08-25 11:00,0.450,8.332
2020-08-25 12:00,0.562,9.164
2020-08-25 13:00,0.572,9.236
2020-08-25 14:00,0.557,9.127
2020-08-25 15:00,0.538,8.983
2020-08-25 16:00,0.502,8.712
2020-08-25 17:00,0.456,8.383
2020-08-25 18:00,0.429,8.181
2020-08-25 19:00,0.446,8.301
2020-08-25 20:00,0.487,8.611
2020-08-25 21:00,0.499,8.699
2020-08-25 22:00,0.536,8.971
2020-08-25 23:00,0.647,9.833
2020-08-26 00:00,0.710,10.389
2020-08-26 01:00,0.739,10.668
2020-08-26 02:00,0.743,10.707
2020-08-26 03:00,0.747,10.741
2020-08-26 04:00,0.749,10.767
2020-08-26 05:00,0.766,10.946
2020-08-26 06:00,0.783,11.132
2020-08-26 07:00,0.787,11.177
2020-08-26 08:00,0.789,11.201
2020-08-26 09:00,0.802,11.348
2020-08-26 10:00,0.850,12.006
2020-08-26 11:00,0.907,13.037
2020-08-26 12:00,0.918,13.294
2020-08-26 13:00,0.901,12.910
2020-08-26 14:00,0.899,12.862
2020-08-26 15:00,0.913,13.165
2020-08-26 16:00,0.910,13.091
2020-08-26 17:00,0.902,12.914
2020-08-26 18:00,0.906,13.004
2020-08-26 19:00,0.900,12.884
2020-08-26 20:00,0.885,12.577
2020-08-26 21:00,0.843,11.903
2020-08-26 22:00,0.772,11.008
2020-08-26 23:00,0.691,10.209
2020-08-27 00:00,0.659,9.934
2020-08-27 01:00,0.628,9.678
2020-08-27 02:00,0.599,9.451
2020-08-27 03:00,0.620,9.618
2020-08-27 04:00,0.683,10.143
2020-08-27 05:00,0.680,10.118
2020-08-27 06:00,0.564,9.176
2020-08-27 07:00,0.395,7.920
2020-08-27 08:00,0.264,6.870
2020-08-27 09:00,0.237,6.638
2020-08-27 10:00,0.289,7.086
2020-08-27 11:00,0.395,7.926
2020-08-27 12:00,0.568,9.215
2020-08-27 13:00,0.685,10.153
2020-08-27 14:00,0.679,10.107
2020-08-27 15:00,0.631,9.703
2020-08-27 16:00,0.558,9.138
2020-08-27 17:00,0.447,8.314
2020-08-27 18:00,0.350,7.579
2020-08-27 19:00,0.272,6.944
2020-08-27 20:00,0.204,6.317
2020-08-27 21:00,0.131,5.505
2020-08-27 22:00,0.087,4.879
2020-08-27 23:00,0.063,4.473
2020-08-28 00:00,0.055,4.308
2020-08-28 01:00,0.061,4.412
2020-08-28 02:00,0.080,4.764
2020-08-28 03:00,0.101,5.103
2020-08-28 04:00,0.116,5.300
2020-08-28 05:00,0.124,5.421
2020-08-28 06:00,0.139,5.602
2020-08-28 07:00,0.160,5.854
2020-08-28 08:00,0.184,6.120
2020-08-28 09:00,0.196,6.228
2020-08-28 10:00,0.207,6.344
2020-08-28 11:00,0.206,6.332
2020-08-28 12:00,0.197,6.248
2020-08-28 13:00,0.190,6.182
2020-08-28 14:00,0.180,6.070
2020-08-28 15:00,0.165,5.912
2020-08-28 16:00,0.147,5.697
2020-08-28 17:00,0.131,5.505
2020-08-28 18:00,0.122,5.388
2020-08-28 19:00,0.134,5.529
2020-08-28 20:00,0.160,5.851
2020-08-28 21:00,0.168,5.942
2020-08-28 22:00,0.140,5.621
2020-08-28 23:00,0.138,5.588
2020-08-29 00:00,0.127,5.446
2020-08-29 01:00,0.104,5.146
2020-08-29 02:00,0.086,4.865
2020-08-29 03:00,0.076,4.704
2020-08-29 04:00,0.071,4.608
2020-08-29 05:00,0.064,4.480
2020-08-29 06:00,0.055,4.295
2020-08-29 07:00,0.045,4.088
2020-08-29 08:00,0.036,3.851
2020-08-29 09:00,0.035,3.827
2020-08-29 10:00,0.041,3.985
2020-08-29 11:00,0.044,4.063
2020-08-29 12:00,0.047,4.132
2020-08-29 13:00,0.050,4.205
2020-08-29 14:00,0.052,4.242
2020-08-29 15:00,0.050,4.200
2020-08-29 16:00,0.045,4.078
2020-08-29 17:00,0.038,3.908
2020-08-29 18:00,0.031,3.708
2020-08-29 19:00,0.024,3.510
2020-08-29 20:00,0.019,3.321
2020-08-29 21:00,0.014,3.095
2020-08-29 22:00,0.010,2.877
2020-08-29 23:00,0.014,3.086
2020-08-30 00:00,0.018,3.272
2020-08-30 01:00,0.013,3.056
2020-08-30 02:00,0.004,2.441
2020-08-30 03:00,0.001,1.903
2020-08-30 04:00,0.001,1.822
2020-08-30 05:00,0.002,2.182
2020-08-30 06:00,0.011,2.927
2020-08-30 07:00,0.043,4.037
2020-08-30 08:00,0.112,5.249
2020-08-30 09:00,0.199,6.259
2020-08-30 10:00,0.277,6.984
2020-08-30 11:00,0.343,7.524
2020-08-30 12:00,0.383,7.840
2020-08-30 13:00,0.398,7.948
2020-08-30 14:00,0.405,8.003
2020-08-30 15:00,0.431,8.200
2020-08-30 16:00,0.472,8.498
2020-08-30 17:00,0.521,8.858
2020-08-30 18:00,0.568,9.217
2020-08-30 19:00,0.599,9.450
2020-08-30 20:00,0.626,9.665
2020-08-30 21:00,0.632,9.707
2020-08-30 22:00,0.671,10.044
2020-08-30 23:00,0.725,10.532
2020-08-31 00:00,0.776,11.056
2020-08-31 01:00,0.812,11.480
2020-08-31 02:00,0.835,11.796
2020-08-31 03:00,0.839,11.851
2020-08-31 04:00,0.830,11.713
2020-08-31 05:00,0.815,11.518
2020-08-31 06:00,0.805,11.391
2020-08-31 07:00,0.796,11.288
2020-08-31 08:00,0.775,11.046
2020-08-31 09:00,0.739,10.672
2020-08-31 10:00,0.705,10.339
2020-08-31 11:00,0.669,10.024
2020-08-31 12:00,0.636,9.738
2020-08-31 13:00,0.608,9.521
2020-08-31 14:00,0.577,9.279
2020-08-31 15:00,0.545,9.031
2020-08-31 16:00,0.511,8.779
2020-08-31 17:00,0.476,8.526
2020-08-31 18:00,0.436,8.231
2020-08-31 19:00,0.399,7.957
2020-08-31 20:00,0.374,7.764
2020-08-31 21:00,0.357,7.634
2020-08-31 22:00,0.365,7.701
2020-08-31 23:00,0.388,7.867
2020-09-01 00:00,0.405,8.003
2020-09-01 01:00,0.410,8.039
2020-09-01 02:00,0.393,7.913
2020-09-01 03:00,0.360,7.656
2020-09-01 04:00,0.312,7.276
2020-09-01 05:00,0.263,6.864
2020-09-01 06:00,0.234,6.600
2020-09-01 07:00,0.242,6.679
2020-09-01 08:00,0.267,6.902
2020-09-01 09:00,0.315,7.305
2020-09-01 10:00,0.385,7.845
2020-09-01 11:00,0.441,8.266
2020-09-01 12:00,0.440,8.258
2020-09-01 13:00,0.395,7.929
2020-09-01 14:00,0.342,7.515
2020-09-01 15:00,0.299,7.178
2020-09-01 16:00,0.285,7.060
2020-09-01 17:00,0.308,7.240
2020-09-01 18:00,0.330,7.424
2020-09-01 19:00,0.324,7.380
2020-09-01 20:00,0.319,7.331
2020-09-01 21:00,0.345,7.549
2020-09-01 22:00,0.417,8.091
2020-09-01 23:00,0.484,8.583
2020-09-02 00:00,0.566,9.189
2020-09-02 01:00,0.668,10.015
2020-09-02 02:00,0.755,10.825
2020-09-02 03:00,0.817,11.533
2020-09-02 04:00,0.864,12.229
2020-09-02 05:00,0.907,13.030
2020-09-02 06:00,0.943,13.969
2020-09-02 07:00,0.973,15.251
2020-09-02 08:00,0.985,16.286
2020-09-02 09:00,0.989,17.062
2020-09-02 10:00,0.987,18.046
2020-09-02 11:00,0.963,19.648
2020-09-02 12:00,0.881,21.468
2020-09-02 13:00,0.677,23.641
2020-09-02 14:00,0.362,26.077
2020-09-02 15:00,0.136,28.299
2020-09-02 16:00,0.032,30.559
2020-09-02 17:00,0.011,31.931
2020-09-02 18:00,0.115,28.619
2020-09-02 19:00,0.234,27.189
2020-09-02 20:00,0.169,27.882
2020-09-02 21:00,0.179,27.764
2020-09-02 22:00,0.320,26.412
2020-09-02 23:00,0.602,24.233
2020-09-03 00:00,0.883,21.449
2020-09-03 01:00,0.978,18.901
2020-09-03 02:00,0.989,17.493
2020-09-03 03:00,0.987,16.541
2020-09-03 04:00,0.979,15.681
2020-09-03 05:00,0.965,14.810
2020-09-03 06:00,0.946,14.078
2020-09-03 07:00,0.922,13.389
2020-09-03 08:00,0.899,12.856
2020-09-03 09:00,0.891,12.697
2020-09-03 10:00,0.857,12.116
2020-09-03 11:00,0.790,11.220
2020-09-03 12:00,0.701,10.306
2020-09-03 13:00,0.611,9.549
2020-09-03 14:00,0.515,8.814
2020-09-03 15:00,0.460,8.405
2020-09-03 16:00,0.429,8.175
2020-09-03 17:00,0.383,7.840
2020-09-03 18:00,0.354,7.613
2020-09-03 19:00,0.319,7.331
2020-09-03 20:00,0.262,6.859
2020-09-03 21:00,0.192,6.192
2020-09-03 22:00,0.109,5.200
2020-09-03 23:00,0.072,4.621
2020-09-04 00:00,0.036,3.860
2020-09-04 01:00,0.014,3.082
2020-09-04 02:00,0.005,2.534
2020-09-04 03:00,0.004,2.351
2020-09-04 04:00,0.003,2.338
2020-09-04 05:00,0.003,2.306
2020-09-04 06:00,0.003,2.240
2020-09-04 07:00,0.002,2.116
2020-09-04 08:00,0.001,1.837
2020-09-04 09:00,0.001,1.763
2020-09-04 10:00,0.001,1.968
2020-09-04 11:00,0.002,2.131
2020-09-04 12:00,0.002,2.172
2020-09-04 13:00,0.004,2.362
2020-09-04 14:00,0.011,2.941
2020-09-04 15:00,0.034,3.805
2020-09-04 16:00,0.051,4.223
2020-09-04 17:00,0.061,4.430
2020-09-04 18:00,0.058,4.357
2020-09-04 19:00,0.011,2.959
2020-09-04 20:00,0.008,2.754
2020-09-04 21:00,0.058,4.357
2020-09-04 22:00,0.128,5.463
2020-09-04 23:00,0.180,6.070
2020-09-05 00:00,0.178,6.045
2020-09-05 01:00,0.120,5.360
2020-09-05 02:00,0.056,4.317
2020-09-05 03:00,0.043,4.035
2020-09-05 04:00,0.098,5.048
2020-09-05 05:00,0.178,6.044
2020-09-05 06:00,0.280,7.008
2020-09-05 07:00,0.389,7.887
2020-09-05 08:00,0.531,8.936
2020-09-05 09:00,0.708,10.364
2020-09-05 10:00,0.788,11.195
2020-09-05 11:00,0.747,10.746
2020-09-05 12:00,0.669,10.027
2020-09-05 13:00,0.647,9.838
2020-09-05 14:00,0.673,10.060
2020-09-05 15:00,0.749,10.758
2020-09-05 16:00,0.820,11.575
2020-09-05 17:00,0.858,12.135
2020-09-05 18:00,0.877,12.454
2020-09-05 19:00,0.887,12.633
2020-09-05 20:00,0.890,12.693
2020-09-05 21:00,0.885,12.583
2020-09-05 22:00,0.886,12.596
2020-09-05 23:00,0.903,12.942
2020-09-06 00:00,0.931,13.630
2020-09-06 01:00,0.956,14.447
2020-09-06 02:00,0.976,15.473
2020-09-06 03:00,0.985,16.266
2020-09-06 04:00,0.988,16.797
2020-09-06 05:00,0.989,17.263
2020-09-06 06:00,0.989,17.708
2020-09-06 07:00,0.983,18.555
2020-09-06 08:00,0.966,19.519
2020-09-06 09:00,0.924,20.717
2020-09-06 10:00,0.861,21.764
2020-09-06 11:00,0.783,22.658
2020-09-06 12:00,0.717,23.297
2020-09-06 13:00,0.714,23.319
2020-09-06 14:00,0.730,23.176
2020-09-06 15:00,0.689,23.540
2020-09-06 16:00,0.668,23.711
2020-09-06 17:00,0.577,24.435
2020-09-06 18:00,0.429,25.548
2020-09-06 19:00,0.283,26.732
2020-09-06 20:00,0.183,27.723
2020-09-06 21:00,0.199,27.543
2020-09-06 22:00,0.319,26.427
2020-09-06 23:00,0.503,24.996
2020-09-07 00:00,0.674,23.656
2020-09-07 01:00,0.534,24.761
2020-09-07 02:00,0.338,26.265
2020-09-07 03:00,0.436,25.501
2020-09-07 04:00,0.513,24.914
2020-09-07 05:00,0.526,24.815
2020-09-07 06:00,0.514,24.905
2020-09-07 07:00,0.535,24.752
2020-09-07 08:00,0.656,23.805
2020-09-07 09:00,0.850,21.902
2020-09-07 10:00,0.956,19.874
2020-09-07 11:00,0.985,18.291
2020-09-07 12:00,0.989,17.179
2020-09-07 13:00,0.984,16.187
2020-09-07 14:00,0.973,15.259
2020-09-07 15:00,0.973,15.275
2020-09-07 16:00,0.973,15.251
2020-09-07 17:00,0.969,15.054
2020-09-07 18:00,0.963,14.743
2020-09-07 19:00,0.956,14.442
2020-09-07 20:00,0.950,14.191
2020-09-07 21:00,0.932,13.652
2020-09-07 22:00,0.913,13.153
2020-09-07 23:00,0.911,13.131
2020-09-08 00:00,0.905,12.996
2020-09-08 01:00,0.904,12.979
2020-09-08 02:00,0.905,12.985
2020-09-08 03:00,0.892,12.724
2020-09-08 04:00,0.860,12.156
2020-09-08 05:00,0.828,11.692
2020-09-08 06:00,0.773,11.025
2020-09-08 07:00,0.683,10.145
2020-09-08 08:00,0.602,9.472
2020-09-08 09:00,0.576,9.278
2020-09-08 10:00,0.575,9.260
2020-09-08 11:00,0.548,9.060
2020-09-08 12:00,0.471,8.487
2020-09-08 13:00,0.438,8.242
2020-09-08 14:00,0.422,8.121
2020-09-08 15:00,0.410,8.039
2020-09-08 16:00,0.404,7.990
2020-09-08 17:00,0.400,7.968
2020-09-08 18:00,0.392,7.897
2020-09-08 19:00,0.370,7.735
2020-09-08 20:00,0.334,7.463
2020-09-08 21:00,0.258,6.823
2020-09-08 22:00,0.166,5.925
2020-09-08 23:00,0.135,5.545
2020-09-09 00:00,0.128,5.467
2020-09-09 01:00,0.129,5.482
2020-09-09 02:00,0.139,5.609
2020-09-09 03:00,0.168,5.940
2020-09-09 04:00,0.222,6.491
2020-09-09 05:00,0.282,7.035
2020-09-09 06:00,0.336,7.476
2020-09-09 07:00,0.368,7.725
2020-09-09 08:00,0.362,7.666
2020-09-09 09:00,0.377,7.791
2020-09-09 10:00,0.387,7.863
2020-09-09 11:00,0.362,7.666
2020-09-09 12:00,0.324,7.373
2020-09-09 13:00,0.281,7.022
2020-09-09 14:00,0.233,6.595
2020-09-09 15:00,0.185,6.124
2020-09-09 16:00,0.145,5.679
2020-09-09 17:00,0.117,5.311
2020-09-09 18:00,0.084,4.827
2020-09-09 19:00,0.061,4.410
2020-09-09 20:00,0.042,4.009
2020-09-09 21:00,0.028,3.631
2020-09-09 22:00,0.018,3.286
2020-09-09 23:00,0.017,3.219
2020-09-10 00:00,0.015,3.156
2020-09-10 01:00,0.013,3.064
2020-09-10 02:00,0.011,2.951
2020-09-10 03:00,0.011,2.940
2020-09-10 04:00,0.010,2.905
2020-09-10 05:00,0.006,2.640
2020-09-10 06:00,0.002,2.154
2020-09-10 07:00,0,1.524
2020-09-10 08:00,0,0.673
2020-09-10 09:00,0,0.945
2020-09-10 10:00,0.002,2.156
2020-09-10 11:00,0.018,3.296
2020-09-10 12:00,0.033,3.791
2020-09-10 13:00,0.021,3.388
2020-09-10 14:00,0.010,2.890
2020-09-10 15:00,0.012,3.018
2020-09-10 16:00,0.016,3.179
2020-09-10 17:00,0.026,3.575
2020-09-10 18:00,0.042,4.004
2020-09-10 19:00,0.078,4.741
2020-09-10 20:00,0.122,5.390
2020-09-10 21:00,0.148,5.700
2020-09-10 22:00,0.202,6.298
2020-09-10 23:00,0.310,7.269
2020-09-11 00:00,0.368,7.724
2020-09-11 01:00,0.413,8.065
2020-09-11 02:00,0.536,8.973
2020-09-11 03:00,0.681,10.126
2020-09-11 04:00,0.797,11.301
2020-09-11 05:00,0.864,12.228
2020-09-11 06:00,0.885,12.576
2020-09-11 07:00,0.898,12.840
2020-09-11 08:00,0.917,13.259
2020-09-11 09:00,0.913,13.151
2020-09-11 10:00,0.898,12.843
2020-09-11 11:00,0.903,12.946
2020-09-11 12:00,0.920,13.343
2020-09-11 13:00,0.933,13.677
2020-09-11 14:00,0.943,13.981
2020-09-11 15:00,0.945,14.053
2020-09-11 16:00,0.930,13.598
2020-09-11 17:00,0.910,13.089
2020-09-11 18:00,0.918,13.275
2020-09-11 19:00,0.923,13.402
2020-09-11 20:00,0.898,12.831
2020-09-11 21:00,0.860,12.158
2020-09-11 22:00,0.803,11.376
2020-09-11 23:00,0.772,11.003
2020-09-12 00:00,0.763,10.912
2020-09-12 01:00,0.760,10.879
2020-09-12 02:00,0.782,11.116
2020-09-12 03:00,0.822,11.617
2020-09-12 04:00,0.859,12.141
2020-09-12 05:00,0.889,12.667
2020-09-12 06:00,0.920,13.322
2020-09-12 07:00,0.941,13.912
2020-09-12 08:00,0.944,13.993
2020-09-12 09:00,0.939,13.844
2020-09-12 10:00,0.934,13.721
2020-09-12 11:00,0.925,13.463
2020-09-12 12:00,0.911,13.116
2020-09-12 13:00,0.890,12.695
2020-09-12 14:00,0.865,12.242
2020-09-12 15:00,0.838,11.828
2020-09-12 16:00,0.806,11.399
2020-09-12 17:00,0.766,10.943
2020-09-12 18:00,0.722,10.502
2020-09-12 19:00,0.690,10.205
2020-09-12 20:00,0.680,10.118
2020-09-12 21:00,0.634,9.732
2020-09-12 22:00,0.545,9.033
2020-09-12 23:00,0.460,8.402
2020-09-13 00:00,0.365,7.698
2020-09-13 01:00,0.289,7.093
2020-09-13 02:00,0.222,6.486
2020-09-13 03:00,0.177,6.036
2020-09-13 04:00,0.156,5.810
2020-09-13 05:00,0.148,5.715
2020-09-13 06:00,0.148,5.718
2020-09-13 07:00,0.145,5.678
2020-09-13 08:00,0.138,5.593
2020-09-13 09:00,0.123,5.405
2020-09-13 10:00,0.093,4.979
2020-09-13 11:00,0.062,4.448
2020-09-13 12:00,0.033,3.784
2020-09-13 13:00,0.014,3.079
2020-09-13 14:00,0.003,2.268
2020-09-13 15:00,0,1.221
2020-09-13 16:00,0,1.015
2020-09-13 17:00,0,1.274
2020-09-13 18:00,0,1.584
2020-09-13 19:00,0.001,1.860
2020-09-13 20:00,0.002,2.109
2020-09-13 21:00,0.003,2.343
2020-09-13 22:00,0.005,2.522
2020-09-13 23:00,0.008,2.731
2020-09-14 00:00,0.011,2.963
2020-09-14 01:00,0.015,3.125
2020-09-14 02:00,0.012,3.012
2020-09-14 03:00,0.006,2.584
2020-09-14 04:00,0.002,2.088
2020-09-14 05:00,0.001,1.864
2020-09-14 06:00,0.002,2.064
2020-09-14 07:00,0.004,2.431
2020-09-14 08:00,0.004,2.410
2020-09-14 09:00,0.005,2.464
2020-09-14 10:00,0.004,2.398
2020-09-14 11:00,0.002,2.139
2020-09-14 12:00,0.002,2.057
2020-09-14 13:00,0.003,2.260
2020-09-14 14:00,0.005,2.506
2020-09-14 15:00,0.007,2.696
2020-09-14 16:00,0.012,3.023
2020-09-14 17:00,0.027,3.612
2020-09-14 18:00,0.043,4.036
2020-09-14 19:00,0.048,4.141
2020-09-14 20:00,0.048,4.139
2020-09-14 21:00,0.036,3.867
2020-09-14 22:00,0.020,3.345
2020-09-14 23:00,0.011,2.960
2020-09-15 00:00,0.007,2.689
2020-09-15 01:00,0.006,2.557
2020-09-15 02:00,0.008,2.771
2020-09-15 03:00,0.008,2.757
2020-09-15 04:00,0.009,2.790
2020-09-15 05:00,0.025,3.521
2020-09-15 06:00,0.028,3.632
2020-09-15 07:00,0.018,3.281
2020-09-15 08:00,0.030,3.687
2020-09-15 09:00,0.057,4.355
2020-09-15 10:00,0.067,4.537
2020-09-15 11:00,0.066,4.515
2020-09-15 12:00,0.072,4.618
2020-09-15 13:00,0.071,4.610
2020-09-15 14:00,0.062,4.450
2020-09-15 15:00,0.043,4.044
2020-09-15 16:00,0.018,3.267
2020-09-15 17:00,0.011,2.929
2020-09-15 18:00,0.019,3.297
2020-09-15 19:00,0.028,3.624
2020-09-15 20:00,0.029,3.649
2020-09-15 21:00,0.031,3.710
2020-09-15 22:00,0.031,3.722
2020-09-15 23:00,0.031,3.726
2020-09-16 00:00,0.025,3.546
2020-09-16 01:00,0.020,3.348
2020-09-16 02:00,0.014,3.092
2020-09-16 03:00,0.011,2.947
2020-09-16 04:00,0.018,3.279
2020-09-16 05:00,0.040,3.957
2020-09-16 06:00,0.075,4.677
2020-09-16 07:00,0.107,5.182
2020-09-16 08:00,0.117,5.311
2020-09-16 09:00,0.141,5.624
2020-09-16 10:00,0.164,5.895
2020-09-16 11:00,0.165,5.910
2020-09-16 12:00,0.167,5.932
2020-09-16 13:00,0.183,6.107
2020-09-16 14:00,0.177,6.033
2020-09-16 15:00,0.128,5.461
2020-09-16 16:00,0.115,5.284
2020-09-16 17:00,0.098,5.045
2020-09-16 18:00,0.074,4.663
2020-09-16 19:00,0.072,4.621
2020-09-16 20:00,0.085,4.856
2020-09-16 21:00,0.068,4.546
2020-09-16 22:00,0.068,4.560
2020-09-16 23:00,0.041,3.986
2020-09-17 00:00,0.036,3.860
2020-09-17 01:00,0.039,3.927
2020-09-17 02:00,0.038,3.917
2020-09-17 03:00,0.034,3.796
2020-09-17 04:00,0.029,3.661
2020-09-17 05:00,0.010,2.872
2020-09-17 06:00,0.002,2.124
2020-09-17 07:00,0.001,1.904
2020-09-17 08:00,0.001,1.862
2020-09-17 09:00,0.002,2.179
2020-09-17 10:00,0.004,2.455
2020-09-17 11:00,0.005,2.508
2020-09-17 12:00,0.010,2.905
2020-09-17 13:00,0.033,3.789
2020-09-17 14:00,0.048,4.157
2020-09-17 15:00,0.068,4.559
2020-09-17 16:00,0.085,4.844
2020-09-17 17:00,0.172,5.974
2020-09-17 18:00,0.237,6.635
2020-09-17 19:00,0.285,7.060
2020-09-17 20:00,0.352,7.595
2020-09-17 21:00,0.410,8.035
2020-09-17 22:00,0.225,6.523
2020-09-17 23:00,0.087,4.883
2020-09-18 00:00,0.038,3.904
2020-09-18 01:00,0.046,4.109
2020-09-18 02:00,0.086,4.861
2020-09-18 03:00,0.126,5.438
2020-09-18 04:00,0.154,5.775
2020-09-18 05:00,0.164,5.893
2020-09-18 06:00,0.159,5.839
2020-09-18 07:00,0.138,5.581
2020-09-18 08:00,0.118,5.324
2020-09-18 09:00,0.116,5.306
2020-09-18 10:00,0.110,5.228
2020-09-18 11:00,0.114,5.277
2020-09-18 12:00,0.147,5.697
2020-09-18 13:00,0.203,6.311
2020-09-18 14:00,0.248,6.730
2020-09-18 15:00,0.270,6.924
2020-09-18 16:00,0.269,6.914
2020-09-18 17:00,0.266,6.891
2020-09-18 18:00,0.278,6.989
2020-09-18 19:00,0.275,6.971
2020-09-18 20:00,0.267,6.908
2020-09-18 21:00,0.236,6.619
2020-09-18 22:00,0.170,5.961
2020-09-18 23:00,0.115,5.290
2020-09-19 00:00,0.116,5.295
2020-09-19 01:00,0.101,5.093
2020-09-19 02:00,0.098,5.050
2020-09-19 03:00,0.107,5.187
2020-09-19 04:00,0.127,5.445
2020-09-19 05:00,0.149,5.731
2020-09-19 06:00,0.187,6.147
2020-09-19 07:00,0.179,6.050
2020-09-19 08:00,0.179,6.054
2020-09-19 09:00,0.198,6.256
2020-09-19 10:00,0.244,6.701
2020-09-19 11:00,0.279,7.003
2020-09-19 12:00,0.313,7.293
2020-09-19 13:00,0.345,7.548
2020-09-19 14:00,0.370,7.735
2020-09-19 15:00,0.378,7.800
2020-09-19 16:00,0.374,7.759
2020-09-19 17:00,0.383,7.837
2020-09-19 18:00,0.412,8.048
2020-09-19 19:00,0.441,8.259
2020-09-19 20:00,0.461,8.414
2020-09-19 21:00,0.449,8.319
2020-09-19 22:00,0.377,7.781
2020-09-19 23:00,0.304,7.219
2020-09-20 00:00,0.429,8.182
2020-09-20 01:00,0.499,8.698
2020-09-20 02:00,0.500,8.705
2020-09-20 03:00,0.457,8.390
2020-09-20 04:00,0.394,7.915
2020-09-20 05:00,0.342,7.522
2020-09-20 06:00,0.272,6.944
2020-09-20 07:00,0.227,6.543
2020-09-20 08:00,0.202,6.297
2020-09-20 09:00,0.162,5.880
2020-09-20 10:00,0.131,5.506
2020-09-20 11:00,0.126,5.438
2020-09-20 12:00,0.118,5.340
2020-09-20 13:00,0.078,4.738
2020-09-20 14:00,0.038,3.895
2020-09-20 15:00,0.023,3.473
2020-09-20 16:00,0.027,3.605
2020-09-20 17:00,0.050,4.190
2020-09-20 18:00,0.087,4.882
2020-09-20 19:00,0.105,5.157
2020-09-20 20:00,0.103,5.128
2020-09-20 21:00,0.086,4.860
2020-09-20 22:00,0.067,4.538
2020-09-20 23:00,0.057,4.355
2020-09-21 00:00,0.061,4.428
2020-09-21 01:00,0.055,4.297
2020-09-21 02:00,0.048,4.142
2020-09-21 03:00,0.049,4.183
2020-09-21 04:00,0.072,4.629
2020-09-21 05:00,0.125,5.434
2020-09-21 06:00,0.234,6.603
2020-09-21 07:00,0.394,7.916
2020-09-21 08:00,0.532,8.943
2020-09-21 09:00,0.608,9.510
2020-09-21 10:00,0.647,9.830
2020-09-21 11:00,0.646,9.823
2020-09-21 12:00,0.641,9.788
2020-09-21 13:00,0.665,9.986
2020-09-21 14:00,0.671,10.044
2020-09-21 15:00,0.652,9.876
2020-09-21 16:00,0.629,9.687
2020-09-21 17:00,0.616,9.580
2020-09-21 18:00,0.611,9.546
2020-09-21 19:00,0.597,9.433
2020-09-21 20:00,0.576,9.277
2020-09-21 21:00,0.573,9.252
2020-09-21 22:00,0.601,9.464
2020-09-21 23:00,0.620,9.618
2020-09-22 00:00,0.656,9.912
2020-09-22 01:00,0.702,10.320
2020-09-22 02:00,0.726,10.539
2020-09-22 03:00,0.733,10.605
2020-09-22 04:00,0.765,10.936
2020-09-22 05:00,0.817,11.552
2020-09-22 06:00,0.843,11.893
2020-09-22 07:00,0.838,11.826
2020-09-22 08:00,0.818,11.559
2020-09-22 09:00,0.816,11.525
2020-09-22 10:00,0.820,11.582
2020-09-22 11:00,0.825,11.645
2020-09-22 12:00,0.841,11.876
2020-09-22 13:00,0.845,11.925
2020-09-22 14:00,0.828,11.691
2020-09-22 15:00,0.831,11.728
2020-09-22 16:00,0.836,11.798
2020-09-22 17:00,0.828,11.689
2020-09-22 18:00,0.820,11.588
2020-09-22 19:00,0.817,11.552
2020-09-22 20:00,0.825,11.648
2020-09-22 21:00,0.831,11.728
2020-09-22 22:00,0.828,11.692
2020-09-22 23:00,0.820,11.575
2020-09-23 00:00,0.830,11.721
2020-09-23 01:00,0.845,11.918
2020-09-23 02:00,0.846,11.942
2020-09-23 03:00,0.854,12.076
2020-09-23 04:00,0.867,12.271
2020-09-23 05:00,0.877,12.453
2020-09-23 06:00,0.888,12.648
2020-09-23 07:00,0.893,12.735
2020-09-23 08:00,0.893,12.747
2020-09-23 09:00,0.881,12.509
2020-09-23 10:00,0.860,12.157
2020-09-23 11:00,0.867,12.273
2020-09-23 12:00,0.864,12.214
2020-09-23 13:00,0.864,12.210
2020-09-23 14:00,0.860,12.162
2020-09-23 15:00,0.857,12.110
2020-09-23 16:00,0.855,12.081
2020-09-23 17:00,0.852,12.033
2020-09-23 18:00,0.853,12.054
2020-09-23 19:00,0.845,11.921
2020-09-23 20:00,0.829,11.705
2020-09-23 21:00,0.806,11.411
2020-09-23 22:00,0.788,11.186
2020-09-23 23:00,0.796,11.277
2020-09-24 00:00,0.793,11.248
2020-09-24 01:00,0.789,11.203
2020-09-24 02:00,0.806,11.399
2020-09-24 03:00,0.811,11.467
2020-09-24 04:00,0.796,11.276
2020-09-24 05:00,0.806,11.396
2020-09-24 06:00,0.828,11.688
2020-09-24 07:00,0.848,11.973
2020-09-24 08:00,0.852,12.030
2020-09-24 09:00,0.845,11.923
2020-09-24 10:00,0.838,11.829
2020-09-24 11:00,0.834,11.760
2020-09-24 12:00,0.817,11.539
2020-09-24 13:00,0.787,11.180
2020-09-24 14:00,0.772,11.007
2020-09-24 15:00,0.786,11.168
2020-09-24 16:00,0.808,11.432
2020-09-24 17:00,0.834,11.773
2020-09-24 18:00,0.851,12.024
2020-09-24 19:00,0.857,12.120
2020-09-24 20:00,0.856,12.102
2020-09-24 21:00,0.835,11.792
2020-09-24 22:00,0.802,11.358
2020-09-24 23:00,0.811,11.473
2020-09-25 00:00,0.836,11.796
2020-09-25 01:00,0.854,12.065
2020-09-25 02:00,0.873,12.377
2020-09-25 03:00,0.906,13.001
2020-09-25 04:00,0.939,13.849
2020-09-25 05:00,0.958,14.511
2020-09-25 06:00,0.966,14.885
2020-09-25 07:00,0.971,15.166
2020-09-25 08:00,0.967,14.948
2020-09-25 09:00,0.951,14.257
2020-09-25 10:00,0.935,13.727
2020-09-25 11:00,0.936,13.767
2020-09-25 12:00,0.936,13.778
2020-09-25 13:00,0.922,13.388
2020-09-25 14:00,0.894,12.758
2020-09-25 15:00,0.882,12.545
2020-09-25 16:00,0.891,12.698
2020-09-25 17:00,0.893,12.747
2020-09-25 18:00,0.878,12.457
2020-09-25 19:00,0.846,11.950
2020-09-25 20:00,0.807,11.424
2020-09-25 21:00,0.763,10.909
2020-09-25 22:00,0.714,10.425
2020-09-25 23:00,0.710,10.385
2020-09-26 00:00,0.744,10.717
2020-09-26 01:00,0.779,11.080
2020-09-26 02:00,0.839,11.846
2020-09-26 03:00,0.894,12.755
2020-09-26 04:00,0.917,13.241
2020-09-26 05:00,0.914,13.196
2020-09-26 06:00,0.908,13.054
2020-09-26 07:00,0.902,12.932
2020-09-26 08:00,0.894,12.754
2020-09-26 09:00,0.884,12.566
2020-09-26 10:00,0.876,12.424
2020-09-26 11:00,0.867,12.273
2020-09-26 12:00,0.856,12.096
2020-09-26 13:00,0.841,11.881
2020-09-26 14:00,0.829,11.708
2020-09-26 15:00,0.840,11.866
2020-09-26 16:00,0.846,11.937
2020-09-26 17:00,0.840,11.858
2020-09-26 18:00,0.829,11.701
2020-09-26 19:00,0.821,11.594
2020-09-26 20:00,0.822,11.602
2020-09-26 21:00,0.820,11.585
2020-09-26 22:00,0.813,11.493
2020-09-26 23:00,0.817,11.534
2020-09-27 00:00,0.818,11.565
2020-09-27 01:00,0.821,11.595
2020-09-27 02:00,0.820,11.577
2020-09-27 03:00,0.802,11.348
2020-09-27 04:00,0.775,11.045
2020-09-27 05:00,0.753,10.812
2020-09-27 06:00,0.733,10.609
2020-09-27 07:00,0.714,10.420
2020-09-27 08:00,0.687,10.169
2020-09-27 09:00,0.679,10.109
2020-09-27 10:00,0.672,10.052
2020-09-27 11:00,0.656,9.907
2020-09-27 12:00,0.633,9.716
2020-09-27 13:00,0.605,9.493
2020-09-27 14:00,0.573,9.240
2020-09-27 15:00,0.554,9.106
2020-09-27 16:00,0.548,9.059
2020-09-27 17:00,0.545,9.039
2020-09-27 18:00,0.542,9.009
2020-09-27 19:00,0.533,8.952
2020-09-27 20:00,0.526,8.894
2020-09-27 21:00,0.509,8.760
2020-09-27 22:00,0.465,8.447
2020-09-27 23:00,0.422,8.132
2020-09-28 00:00,0.382,7.825
2020-09-28 01:00,0.347,7.562
2020-09-28 02:00,0.328,7.399
2020-09-28 03:00,0.321,7.354
2020-09-28 04:00,0.319,7.337
2020-09-28 05:00,0.324,7.380
2020-09-28 06:00,0.346,7.558
2020-09-28 07:00,0.378,7.799
2020-09-28 08:00,0.414,8.068
2020-09-28 09:00,0.444,8.283
2020-09-28 10:00,0.435,8.227
2020-09-28 11:00,0.397,7.946
2020-09-28 12:00,0.338,7.484
2020-09-28 13:00,0.266,6.887
2020-09-28 14:00,0.190,6.175
2020-09-28 15:00,0.127,5.449
2020-09-28 16:00,0.084,4.841
2020-09-28 17:00,0.068,4.547
2020-09-28 18:00,0.076,4.699
2020-09-28 19:00,0.095,5.012
2020-09-28 20:00,0.101,5.090
2020-09-28 21:00,0.089,4.920
2020-09-28 22:00,0.072,4.622
2020-09-28 23:00,0.050,4.205
2020-09-29 00:00,0.045,4.093
2020-09-29 01:00,0.050,4.208
2020-09-29 02:00,0.059,4.369
2020-09-29 03:00,0.060,4.387
2020-09-29 04:00,0.054,4.284
2020-09-29 05:00,0.056,4.320
2020-09-29 06:00,0.065,4.498
2020-09-29 07:00,0.078,4.741
2020-09-29 08:00,0.094,4.993
2020-09-29 09:00,0.098,5.047
2020-09-29 10:00,0.094,4.988
2020-09-29 11:00,0.099,5.065
2020-09-29 12:00,0.109,5.214
2020-09-29 13:00,0.112,5.251
2020-09-29 14:00,0.098,5.050
2020-09-29 15:00,0.089,4.908
2020-09-29 16:00,0.092,4.966
2020-09-29 17:00,0.105,5.156
2020-09-29 18:00,0.129,5.479
2020-09-29 19:00,0.162,5.881
2020-09-29 20:00,0.201,6.296
2020-09-29 21:00,0.226,6.539
2020-09-29 22:00,0.228,6.553
2020-09-29 23:00,0.234,6.604
2020-09-30 00:00,0.241,6.667
2020-09-30 01:00,0.234,6.601
2020-09-30 02:00,0.234,6.601
2020-09-30 03:00,0.241,6.667
2020-09-30 04:00,0.257,6.816
2020-09-30 05:00,0.286,7.069
2020-09-30 06:00,0.310,7.264
2020-09-30 07:00,0.324,7.380
2020-09-30 08:00,0.351,7.584
2020-09-30 09:00,0.399,7.958
2020-09-30 10:00,0.429,8.180
2020-09-30 11:00,0.422,8.128
2020-09-30 12:00,0.377,7.789
2020-09-30 13:00,0.303,7.212
2020-09-30 14:00,0.234,6.609
2020-09-30 15:00,0.195,6.224
2020-09-30 16:00,0.181,6.080
2020-09-30 17:00,0.177,6.039
2020-09-30 18:00,0.181,6.076
2020-09-30 19:00,0.186,6.139
2020-09-30 20:00,0.186,6.136
2020-09-30 21:00,0.178,6.049
2020-09-30 22:00,0.164,5.895
2020-09-30 23:00,0.139,5.601
2020-10-01 00:00,0.125,5.426
2020-10-01 01:00,0.118,5.325
2020-10-01 02:00,0.112,5.249
2020-10-01 03:00,0.102,5.116
2020-10-01 04:00,0.097,5.029
2020-10-01 05:00,0.087,4.880
2020-10-01 06:00,0.075,4.688
2020-10-01 07:00,0.089,4.910
2020-10-01 08:00,0.133,5.523
2020-10-01 09:00,0.140,5.622
2020-10-01 10:00,0.115,5.283
2020-10-01 11:00,0.096,5.019
2020-10-01 12:00,0.070,4.594
2020-10-01 13:00,0.044,4.068
2020-10-01 14:00,0.023,3.470
2020-10-01 15:00,0.010,2.907
2020-10-01 16:00,0.004,2.403
2020-10-01 17:00,0.001,1.715
2020-10-01 18:00,0,1.029
2020-10-01 19:00,0,0.906
2020-10-01 20:00,0,1.124
2020-10-01 21:00,0,1.527
2020-10-01 22:00,0.001,1.823
2020-10-01 23:00,0.001,1.996
2020-10-02 00:00,0.002,2.150
2020-10-02 01:00,0.003,2.212
2020-10-02 02:00,0.005,2.535
2020-10-02 03:00,0.006,2.598
2020-10-02 04:00,0.010,2.904
2020-10-02 05:00,0.018,3.294
2020-10-02 06:00,0.023,3.468
2020-10-02 07:00,0.026,3.568
2020-10-02 08:00,0.036,3.858
2020-10-02 09:00,0.048,4.145
2020-10-02 10:00,0.055,4.303
2020-10-02 11:00,0.064,4.490
2020-10-02 12:00,0.066,4.518
2020-10-02 13:00,0.062,4.448
2020-10-02 14:00,0.072,4.621
2020-10-02 15:00,0.078,4.731
2020-10-02 16:00,0.075,4.681
2020-10-02 17:00,0.072,4.622
2020-10-02 18:00,0.052,4.243
2020-10-02 19:00,0.023,3.447
2020-10-02 20:00,0.004,2.357
2020-10-02 21:00,0.001,1.861
2020-10-02 22:00,0,1.391
2020-10-02 23:00,0,0.958
2020-10-03 00:00,0,0.752
2020-10-03 01:00,0,0.428
2020-10-03 02:00,0,0.328
2020-10-03 03:00,0,0.560
2020-10-03 04:00,0,0.775
2020-10-03 05:00,0,0.777
2020-10-03 06:00,0,0.700
2020-10-03 07:00,0,0.958
2020-10-03 08:00,0.001,1.787
2020-10-03 09:00,0.008,2.755
2020-10-03 10:00,0.015,3.158
2020-10-03 11:00,0.015,3.152
2020-10-03 12:00,0.029,3.656
2020-10-03 13:00,0.044,4.054
2020-10-03 14:00,0.058,4.364
2020-10-03 15:00,0.073,4.641
2020-10-03 16:00,0.079,4.750
2020-10-03 17:00,0.072,4.625
2020-10-03 18:00,0.056,4.333
2020-10-03 19:00,0.041,3.990
2020-10-03 20:00,0.022,3.436
2020-10-03 21:00,0.015,3.134
2020-10-03 22:00,0.010,2.875
2020-10-03 23:00,0.009,2.850
2020-10-04 00:00,0.021,3.381
2020-10-04 01:00,0.051,4.213
2020-10-04 02:00,0.091,4.952
2020-10-04 03:00,0.138,5.581
2020-10-04 04:00,0.172,5.977
2020-10-04 05:00,0.210,6.379
2020-10-04 06:00,0.240,6.663
2020-10-04 07:00,0.239,6.653
2020-10-04 08:00,0.212,6.401
2020-10-04 09:00,0.219,6.460
2020-10-04 10:00,0.233,6.596
2020-10-04 11:00,0.274,6.969
2020-10-04 12:00,0.383,7.835
2020-10-04 13:00,0.661,9.953
2020-10-04 14:00,0.819,11.567
2020-10-04 15:00,0.873,12.385
2020-10-04 16:00,0.883,12.551
2020-10-04 17:00,0.890,12.691
2020-10-04 18:00,0.901,12.900
2020-10-04 19:00,0.894,12.758
2020-10-04 20:00,0.877,12.453
2020-10-04 21:00,0.837,11.814
2020-10-04 22:00,0.757,10.843
2020-10-04 23:00,0.689,10.201
2020-10-05 00:00,0.683,10.141
2020-10-05 01:00,0.646,9.825
2020-10-05 02:00,0.609,9.529
2020-10-05 03:00,0.594,9.402
2020-10-05 04:00,0.570,9.227
2020-10-05 05:00,0.514,8.801
2020-10-05 06:00,0.480,8.548
2020-10-05 07:00,0.447,8.313
2020-10-05 08:00,0.461,8.413
2020-10-05 09:00,0.522,8.866
2020-10-05 10:00,0.542,9.018
2020-10-05 11:00,0.506,8.741
2020-10-05 12:00,0.460,8.401
2020-10-05 13:00,0.428,8.169
2020-10-05 14:00,0.383,7.828
2020-10-05 15:00,0.353,7.598
2020-10-05 16:00,0.352,7.595
2020-10-05 17:00,0.344,7.529
2020-10-05 18:00,0.387,7.866
2020-10-05 19:00,0.418,8.096
2020-10-05 20:00,0.445,8.296
2020-10-05 21:00,0.422,8.129
2020-10-05 22:00,0.348,7.568
2020-10-05 23:00,0.276,6.979
2020-10-06 00:00,0.257,6.820
2020-10-06 01:00,0.239,6.654
2020-10-06 02:00,0.220,6.472
2020-10-06 03:00,0.223,6.507
2020-10-06 04:00,0.249,6.732
2020-10-06 05:00,0.288,7.079
2020-10-06 06:00,0.328,7.407
2020-10-06 07:00,0.370,7.735
2020-10-06 08:00,0.405,8.003
2020-10-06 09:00,0.430,8.188
2020-10-06 10:00,0.422,8.120
2020-10-06 11:00,0.407,8.013
2020-10-06 12:00,0.408,8.023
2020-10-06 13:00,0.407,8.009
2020-10-06 14:00,0.351,7.593
2020-10-06 15:00,0.321,7.353
2020-10-06 16:00,0.361,7.658
2020-10-06 17:00,0.401,7.974
2020-10-06 18:00,0.449,8.319
2020-10-06 19:00,0.497,8.674
2020-10-06 20:00,0.552,9.091
2020-10-06 21:00,0.602,9.478
2020-10-06 22:00,0.630,9.697
2020-10-06 23:00,0.645,9.820
2020-10-07 00:00,0.697,10.270
2020-10-07 01:00,0.732,10.592
2020-10-07 02:00,0.766,10.945
2020-10-07 03:00,0.788,11.197
2020-10-07 04:00,0.801,11.340
2020-10-07 05:00,0.823,11.624
2020-10-07 06:00,0.856,12.095
2020-10-07 07:00,0.887,12.628
2020-10-07 08:00,0.906,13.001
2020-10-07 09:00,0.920,13.324
2020-10-07 10:00,0.927,13.502
2020-10-07 11:00,0.935,13.724
2020-10-07 12:00,0.936,13.777
2020-10-07 13:00,0.932,13.652
2020-10-07 14:00,0.924,13.441
2020-10-07 15:00,0.928,13.534
2020-10-07 16:00,0.939,13.857
2020-10-07 17:00,0.948,14.151
2020-10-07 18:00,0.954,14.387
2020-10-07 19:00,0.959,14.578
2020-10-07 20:00,0.967,14.943
2020-10-07 21:00,0.973,15.247
2020-10-07 22:00,0.975,15.392
2020-10-07 23:00,0.979,15.690
2020-10-08 00:00,0.982,15.927
2020-10-08 01:00,0.983,16.100
2020-10-08 02:00,0.986,16.347
2020-10-08 03:00,0.988,16.772
2020-10-08 04:00,0.989,17.293
2020-10-08 05:00,0.988,17.783
2020-10-08 06:00,0.988,17.951
2020-10-08 07:00,0.988,17.720
2020-10-08 08:00,0.989,17.416
2020-10-08 09:00,0.989,17.541
2020-10-08 10:00,0.989,17.711
2020-10-08 11:00,0.988,17.816
2020-10-08 12:00,0.987,17.966
2020-10-08 13:00,0.987,17.970
2020-10-08 14:00,0.987,18.000
2020-10-08 15:00,0.986,18.171
2020-10-08 16:00,0.985,18.339
2020-10-08 17:00,0.982,18.629
2020-10-08 18:00,0.976,19.044
2020-10-08 19:00,0.974,19.162
2020-10-08 20:00,0.970,19.351
2020-10-08 21:00,0.974,19.131
2020-10-08 22:00,0.980,18.735
2020-10-08 23:00,0.985,18.284
2020-10-09 00:00,0.989,17.682
2020-10-09 01:00,0.989,17.023
2020-10-09 02:00,0.987,16.559
2020-10-09 03:00,0.987,16.535
2020-10-09 04:00,0.987,16.547
2020-10-09 05:00,0.987,16.528
2020-10-09 06:00,0.986,16.488
2020-10-09 07:00,0.986,16.385
2020-10-09 08:00,0.984,16.138
2020-10-09 09:00,0.980,15.788
2020-10-09 10:00,0.970,15.121
2020-10-09 11:00,0.958,14.545
2020-10-09 12:00,0.937,13.807
2020-10-09 13:00,0.909,13.076
2020-10-09 14:00,0.880,12.499
2020-10-09 15:00,0.876,12.436
2020-10-09 16:00,0.881,12.526
2020-10-09 17:00,0.881,12.505
2020-10-09 18:00,0.883,12.556
2020-10-09 19:00,0.907,13.039
2020-10-09 20:00,0.911,13.116
2020-10-09 21:00,0.895,12.776
2020-10-09 22:00,0.869,12.315
2020-10-09 23:00,0.844,11.900
2020-10-10 00:00,0.844,11.901
2020-10-10 01:00,0.845,11.934
2020-10-10 02:00,0.848,11.973
2020-10-10 03:00,0.865,12.236
2020-10-10 04:00,0.878,12.472
2020-10-10 05:00,0.876,12.433
2020-10-10 06:00,0.866,12.261
2020-10-10 07:00,0.871,12.335
2020-10-10 08:00,0.883,12.547
2020-10-10 09:00,0.888,12.640
2020-10-10 10:00,0.877,12.439
2020-10-10 11:00,0.842,11.892
2020-10-10 12:00,0.786,11.172
2020-10-10 13:00,0.701,10.302
2020-10-10 14:00,0.581,9.316
2020-10-10 15:00,0.500,8.704
2020-10-10 16:00,0.459,8.397
2020-10-10 17:00,0.453,8.355
2020-10-10 18:00,0.472,8.500
2020-10-10 19:00,0.528,8.907
2020-10-10 20:00,0.579,9.299
2020-10-10 21:00,0.575,9.270
2020-10-10 22:00,0.509,8.768
2020-10-10 23:00,0.433,8.209
2020-10-11 00:00,0.404,7.998
2020-10-11 01:00,0.346,7.557
2020-10-11 02:00,0.276,6.983
2020-10-11 03:00,0.224,6.519
2020-10-11 04:00,0.192,6.196
2020-10-11 05:00,0.170,5.956
2020-10-11 06:00,0.152,5.764
2020-10-11 07:00,0.163,5.888
2020-10-11 08:00,0.171,5.971
2020-10-11 09:00,0.184,6.113
2020-10-11 10:00,0.178,6.049
2020-10-11 11:00,0.154,5.781
2020-10-11 12:00,0.116,5.294
2020-10-11 13:00,0.056,4.326
2020-10-11 14:00,0.020,3.345
2020-10-11 15:00,0.006,2.634
2020-10-11 16:00,0.003,2.285
2020-10-11 17:00,0.005,2.545
2020-10-11 18:00,0.021,3.373
2020-10-11 19:00,0.054,4.279
2020-10-11 20:00,0.072,4.622
2020-10-11 21:00,0.097,5.026
2020-10-11 22:00,0.103,5.128
2020-10-11 23:00,0.069,4.568
2020-10-12 00:00,0.061,4.423
2020-10-12 01:00,0.063,4.456
2020-10-12 02:00,0.072,4.616
2020-10-12 03:00,0.074,4.663
2020-10-12 04:00,0.077,4.725
2020-10-12 05:00,0.072,4.619
2020-10-12 06:00,0.057,4.346
2020-10-12 07:00,0.039,3.942
2020-10-12 08:00,0.023,3.459
2020-10-12 09:00,0.009,2.814
2020-10-12 10:00,0.003,2.227
2020-10-12 11:00,0.001,1.736
2020-10-12 12:00,0.001,1.752
2020-10-12 13:00,0.003,2.336
2020-10-12 14:00,0.026,3.568
2020-10-12 15:00,0.105,5.157
2020-10-12 16:00,0.218,6.455
2020-10-12 17:00,0.312,7.278
2020-10-12 18:00,0.367,7.716
2020-10-12 19:00,0.400,7.964
2020-10-12 20:00,0.409,8.026
2020-10-12 21:00,0.374,7.769
2020-10-12 22:00,0.313,7.295
2020-10-12 23:00,0.252,6.772
2020-10-13 00:00,0.262,6.862
2020-10-13 01:00,0.247,6.723
2020-10-13 02:00,0.248,6.728
2020-10-13 03:00,0.224,6.518
2020-10-13 04:00,0.246,6.712
2020-10-13 05:00,0.291,7.102
2020-10-13 06:00,0.377,7.794
2020-10-13 07:00,0.450,8.327
2020-10-13 08:00,0.497,8.681
2020-10-13 09:00,0.554,9.106
2020-10-13 10:00,0.581,9.311
2020-10-13 11:00,0.612,9.557
2020-10-13 12:00,0.601,9.463
2020-10-13 13:00,0.545,9.035
2020-10-13 14:00,0.478,8.531
2020-10-13 15:00,0.485,8.592
2020-10-13 16:00,0.537,8.980
2020-10-13 17:00,0.570,9.226
2020-10-13 18:00,0.585,9.340
2020-10-13 19:00,0.615,9.576
2020-10-13 20:00,0.596,9.426
2020-10-13 21:00,0.561,9.161
2020-10-13 22:00,0.499,8.689
2020-10-13 23:00,0.410,8.035
2020-10-14 00:00,0.324,7.375
2020-10-14 01:00,0.316,7.319
2020-10-14 02:00,0.335,7.471
2020-10-14 03:00,0.321,7.354
2020-10-14 04:00,0.299,7.170
2020-10-14 05:00,0.306,7.233
2020-10-14 06:00,0.319,7.339
2020-10-14 07:00,0.322,7.362
2020-10-14 08:00,0.313,7.285
2020-10-14 09:00,0.275,6.971
2020-10-14 10:00,0.236,6.631
2020-10-14 11:00,0.199,6.274
2020-10-14 12:00,0.209,6.366
2020-10-14 13:00,0.243,6.687
2020-10-14 14:00,0.269,6.918
2020-10-14 15:00,0.303,7.206
2020-10-14 16:00,0.330,7.418
2020-10-14 17:00,0.333,7.443
2020-10-14 18:00,0.307,7.236
2020-10-14 19:00,0.283,7.039
2020-10-14 20:00,0.260,6.843
2020-10-14 21:00,0.252,6.767
2020-10-14 22:00,0.233,6.594
2020-10-14 23:00,0.190,6.180
2020-10-15 00:00,0.194,6.212
2020-10-15 01:00,0.229,6.559
2020-10-15 02:00,0.256,6.811
2020-10-15 03:00,0.278,6.996
2020-10-15 04:00,0.280,7.018
2020-10-15 05:00,0.321,7.353
2020-10-15 06:00,0.371,7.740
2020-10-15 07:00,0.419,8.100
2020-10-15 08:00,0.478,8.531
2020-10-15 09:00,0.514,8.806
2020-10-15 10:00,0.523,8.877
2020-10-15 11:00,0.484,8.578
2020-10-15 12:00,0.406,8.005
2020-10-15 13:00,0.321,7.353
2020-10-15 14:00,0.259,6.834
2020-10-15 15:00,0.249,6.737
2020-10-15 16:00,0.270,6.925
2020-10-15 17:00,0.300,7.183
2020-10-15 18:00,0.342,7.519
2020-10-15 19:00,0.388,7.867
2020-10-15 20:00,0.426,8.161
2020-10-15 21:00,0.419,8.102
2020-10-15 22:00,0.355,7.616
2020-10-15 23:00,0.275,6.974
2020-10-16 00:00,0.242,6.673
2020-10-16 01:00,0.168,5.944
2020-10-16 02:00,0.119,5.356
2020-10-16 03:00,0.082,4.797
2020-10-16 04:00,0.046,4.097
2020-10-16 05:00,0.032,3.756
2020-10-16 06:00,0.032,3.762
2020-10-16 07:00,0.037,3.874
2020-10-16 08:00,0.039,3.933
2020-10-16 09:00,0.034,3.801
2020-10-16 10:00,0.021,3.380
2020-10-16 11:00,0.009,2.784
2020-10-16 12:00,0.002,2.197
2020-10-16 13:00,0,1.582
2020-10-16 14:00,0,1.075
2020-10-16 15:00,0,1.201
2020-10-16 16:00,0,1.617
2020-10-16 17:00,0.003,2.325
2020-10-16 18:00,0.017,3.231
2020-10-16 19:00,0.041,3.968
2020-10-16 20:00,0.062,4.441
2020-10-16 21:00,0.075,4.682
2020-10-16 22:00,0.087,4.886
2020-10-16 23:00,0.098,5.045
2020-10-17 00:00,0.123,5.402
2020-10-17 01:00,0.158,5.834
2020-10-17 02:00,0.172,5.990
2020-10-17 03:00,0.159,5.842
2020-10-17 04:00,0.148,5.717
2020-10-17 05:00,0.151,5.745
2020-10-17 06:00,0.152,5.756
2020-10-17 07:00,0.140,5.621
2020-10-17 08:00,0.134,5.532
2020-10-17 09:00,0.123,5.403
2020-10-17 10:00,0.091,4.943
2020-10-17 11:00,0.051,4.226
2020-10-17 12:00,0.021,3.405
2020-10-17 13:00,0.009,2.845
2020-10-17 14:00,0.003,2.337
2020-10-17 15:00,0.007,2.712
2020-10-17 16:00,0.019,3.302
2020-10-17 17:00,0.034,3.814
2020-10-17 18:00,0.059,4.370
2020-10-17 19:00,0.094,4.991
2020-10-17 20:00,0.120,5.363
2020-10-17 21:00,0.117,5.312
2020-10-17 22:00,0.095,5.009
2020-10-17 23:00,0.059,4.383
2020-10-18 00:00,0.041,3.999
2020-10-18 01:00,0.034,3.815
2020-10-18 02:00,0.031,3.703
2020-10-18 03:00,0.021,3.407
2020-10-18 04:00,0.016,3.192
2020-10-18 05:00,0.013,3.061
2020-10-18 06:00,0.014,3.086
2020-10-18 07:00,0.016,3.203
2020-10-18 08:00,0.024,3.476
2020-10-18 09:00,0.021,3.403
2020-10-18 10:00,0.013,3.051
2020-10-18 11:00,0.007,2.660
2020-10-18 12:00,0.004,2.387
2020-10-18 13:00,0.003,2.248
2020-10-18 14:00,0.003,2.256
2020-10-18 15:00,0.006,2.593
2020-10-18 16:00,0.015,3.130
2020-10-18 17:00,0.040,3.947
2020-10-18 18:00,0.081,4.776
2020-10-18 19:00,0.118,5.341
2020-10-18 20:00,0.157,5.819
2020-10-18 21:00,0.183,6.102
2020-10-18 22:00,0.184,6.120
2020-10-18 23:00,0.157,5.820
2020-10-19 00:00,0.145,5.678
2020-10-19 01:00,0.156,5.809
2020-10-19 02:00,0.167,5.930
2020-10-19 03:00,0.175,6.020
2020-10-19 04:00,0.163,5.886
2020-10-19 05:00,0.144,5.663
2020-10-19 06:00,0.140,5.618
2020-10-19 07:00,0.155,5.784
2020-10-19 08:00,0.151,5.751
2020-10-19 09:00,0.134,5.533
2020-10-19 10:00,0.136,5.560
2020-10-19 11:00,0.138,5.599
2020-10-19 12:00,0.135,5.550
2020-10-19 13:00,0.141,5.630
2020-10-19 14:00,0.150,5.735
2020-10-19 15:00,0.150,5.735
2020-10-19 16:00,0.156,5.795
2020-10-19 17:00,0.158,5.832
2020-10-19 18:00,0.156,5.793
2020-10-19 19:00,0.144,5.670
2020-10-19 20:00,0.142,5.641
2020-10-19 21:00,0.152,5.760
2020-10-19 22:00,0.166,5.921
2020-10-19 23:00,0.158,5.832
2020-10-20 00:00,0.164,5.896
2020-10-20 01:00,0.179,6.067
2020-10-20 02:00,0.189,6.166
2020-10-20 03:00,0.199,6.263
2020-10-20 04:00,0.209,6.365
2020-10-20 05:00,0.210,6.385
2020-10-20 06:00,0.192,6.191
2020-10-20 07:00,0.203,6.312
2020-10-20 08:00,0.242,6.674
2020-10-20 09:00,0.250,6.748
2020-10-20 10:00,0.229,6.560
2020-10-20 11:00,0.265,6.886
2020-10-20 12:00,0.282,7.038
2020-10-20 13:00,0.216,6.436
2020-10-20 14:00,0.135,5.543
2020-10-20 15:00,0.092,4.956
2020-10-20 16:00,0.058,4.357
2020-10-20 17:00,0.037,3.876
2020-10-20 18:00,0.017,3.233
2020-10-20 19:00,0.009,2.837
2020-10-20 20:00,0.009,2.852
2020-10-20 21:00,0.008,2.725
2020-10-20 22:00,0.010,2.905
2020-10-20 23:00,0.023,3.458
2020-10-21 00:00,0.034,3.818
2020-10-21 01:00,0.033,3.768
2020-10-21 02:00,0.031,3.722
2020-10-21 03:00,0.038,3.907
2020-10-21 04:00,0.034,3.795
2020-10-21 05:00,0.024,3.475
2020-10-21 06:00,0.011,2.918
2020-10-21 07:00,0,1.320
2020-10-21 08:00,0,1.121
2020-10-21 09:00,0.001,1.903
2020-10-21 10:00,0,1.639
2020-10-21 11:00,0,1.408
2020-10-21 12:00,0,1.483
2020-10-21 13:00,0,1.062
2020-10-21 14:00,0,0.699
2020-10-21 15:00,0,1.030
2020-10-21 16:00,0,1.646
2020-10-21 17:00,0.005,2.467
2020-10-21 18:00,0.035,3.821
2020-10-21 19:00,0.116,5.300
2020-10-21 20:00,0.211,6.390
2020-10-21 21:00,0.248,6.731
2020-10-21 22:00,0.245,6.705
2020-10-21 23:00,0.234,6.601
2020-10-22 00:00,0.224,6.511
2020-10-22 01:00,0.213,6.407
2020-10-22 02:00,0.199,6.272
2020-10-22 03:00,0.197,6.250
2020-10-22 04:00,0.205,6.327
2020-10-22 05:00,0.176,6.024
2020-10-22 06:00,0.192,6.194
2020-10-22 07:00,0.167,5.931
2020-10-22 08:00,0.093,4.971
2020-10-22 09:00,0.064,4.477
2020-10-22 10:00,0.109,5.214
2020-10-22 11:00,0.280,7.010
2020-10-22 12:00,0.596,9.418
2020-10-22 13:00,0.816,11.525
2020-10-22 14:00,0.906,13.001
2020-10-22 15:00,0.943,13.987
2020-10-22 16:00,0.955,14.392
2020-10-22 17:00,0.965,14.820
2020-10-22 18:00,0.970,15.085
2020-10-22 19:00,0.975,15.422
2020-10-22 20:00,0.977,15.560
2020-10-22 21:00,0.973,15.262
2020-10-22 22:00,0.958,14.509
2020-10-22 23:00,0.936,13.770
2020-10-23 00:00,0.890,12.672
2020-10-23 01:00,0.806,11.410
2020-10-23 02:00,0.716,10.450
2020-10-23 03:00,0.643,9.808
2020-10-23 04:00,0.577,9.282
2020-10-23 05:00,0.489,8.626
2020-10-23 06:00,0.412,8.049
2020-10-23 07:00,0.382,7.825
2020-10-23 08:00,0.453,8.362
2020-10-23 09:00,0.597,9.435
2020-10-23 10:00,0.698,10.277
2020-10-23 11:00,0.733,10.610
2020-10-23 12:00,0.730,10.574
2020-10-23 13:00,0.717,10.459
2020-10-23 14:00,0.724,10.519
2020-10-23 15:00,0.771,10.992
2020-10-23 16:00,0.802,11.351
2020-10-23 17:00,0.813,11.495
2020-10-23 18:00,0.827,11.669
2020-10-23 19:00,0.850,11.992
2020-10-23 20:00,0.869,12.308
2020-10-23 21:00,0.861,12.171
2020-10-23 22:00,0.826,11.653
2020-10-23 23:00,0.774,11.034
2020-10-24 00:00,0.776,11.052
2020-10-24 01:00,0.756,10.838
2020-10-24 02:00,0.758,10.855
2020-10-24 03:00,0.760,10.882
2020-10-24 04:00,0.748,10.754
2020-10-24 05:00,0.727,10.552
2020-10-24 06:00,0.705,10.336
2020-10-24 07:00,0.688,10.185
2020-10-24 08:00,0.697,10.273
2020-10-24 09:00,0.736,10.637
2020-10-24 10:00,0.773,11.018
2020-10-24 11:00,0.785,11.156
2020-10-24 12:00,0.773,11.017
2020-10-24 13:00,0.740,10.673
2020-10-24 14:00,0.700,10.296
2020-10-24 15:00,0.685,10.151
2020-10-24 16:00,0.676,10.078
2020-10-24 17:00,0.650,9.867
2020-10-24 18:00,0.630,9.695
2020-10-24 19:00,0.613,9.563
2020-10-24 20:00,0.599,9.441
2020-10-24 21:00,0.554,9.106
2020-10-24 22:00,0.484,8.587
2020-10-24 23:00,0.355,7.616
2020-10-25 00:00,0.313,7.294
2020-10-25 01:00,0.312,7.276
2020-10-25 02:00,0.293,7.122
2020-10-25 03:00,0.274,6.969
2020-10-25 04:00,0.234,6.608
2020-10-25 05:00,0.197,6.243
2020-10-25 06:00,0.164,5.897
2020-10-25 07:00,0.128,5.472
2020-10-25 08:00,0.116,5.299
2020-10-25 09:00,0.138,5.597
2020-10-25 10:00,0.189,6.165
2020-10-25 11:00,0.236,6.630
2020-10-25 12:00,0.274,6.961
2020-10-25 13:00,0.304,7.220
2020-10-25 14:00,0.310,7.267
2020-10-25 15:00,0.298,7.163
2020-10-25 16:00,0.266,6.886
2020-10-25 17:00,0.219,6.466
2020-10-25 18:00,0.177,6.038
2020-10-25 19:00,0.151,5.746
2020-10-25 20:00,0.121,5.370
2020-10-25 21:00,0.077,4.719
2020-10-25 22:00,0.041,3.999
2020-10-25 23:00,0.017,3.220
2020-10-26 00:00,0.008,2.775
2020-10-26 01:00,0.002,2.154
2020-10-26 02:00,0.001,1.770
2020-10-26 03:00,0.001,1.894
2020-10-26 04:00,0.001,1.861
2020-10-26 05:00,0.001,1.917
2020-10-26 06:00,0.001,1.984
2020-10-26 07:00,0.001,1.994
2020-10-26 08:00,0.001,1.956
2020-10-26 09:00,0.001,1.797
2020-10-26 10:00,0,1.609
2020-10-26 11:00,0,1.331
2020-10-26 12:00,0,0.965
2020-10-26 13:00,0,0.696
2020-10-26 14:00,0,0.683
2020-10-26 15:00,0,0.904
2020-10-26 16:00,0,1.228
2020-10-26 17:00,0,1.635
2020-10-26 18:00,0.002,2.176
2020-10-26 19:00,0.010,2.907
2020-10-26 20:00,0.034,3.804
2020-10-26 21:00,0.065,4.501
2020-10-26 22:00,0.084,4.829
2020-10-26 23:00,0.059,4.381
2020-10-27 00:00,0.029,3.651
2020-10-27 01:00,0.012,3.001
2020-10-27 02:00,0.003,2.334
2020-10-27 03:00,0.001,1.832
2020-10-27 04:00,0,1.531
2020-10-27 05:00,0,1.395
2020-10-27 06:00,0,1.282
2020-10-27 07:00,0,1.004
2020-10-27 08:00,0,0.808
2020-10-27 09:00,0,0.684
2020-10-27 10:00,0,0.745
2020-10-27 11:00,0,1.358
2020-10-27 12:00,0.002,2.105
2020-10-27 13:00,0.010,2.858
2020-10-27 14:00,0.027,3.597
2020-10-27 15:00,0.057,4.355
2020-10-27 16:00,0.083,4.807
2020-10-27 17:00,0.091,4.950
2020-10-27 18:00,0.084,4.834
2020-10-27 19:00,0.097,5.027
2020-10-27 20:00,0.123,5.406
2020-10-27 21:00,0.150,5.743
2020-10-27 22:00,0.153,5.774
2020-10-27 23:00,0.130,5.489
2020-10-28 00:00,0.122,5.391
2020-10-28 01:00,0.125,5.430
2020-10-28 02:00,0.121,5.370
2020-10-28 03:00,0.095,5.008
2020-10-28 04:00,0.072,4.617
2020-10-28 05:00,0.064,4.479
2020-10-28 06:00,0.069,4.582
2020-10-28 07:00,0.078,4.732
2020-10-28 08:00,0.114,5.276
2020-10-28 09:00,0.178,6.049
2020-10-28 10:00,0.259,6.836
2020-10-28 11:00,0.354,7.612
2020-10-28 12:00,0.444,8.283
2020-10-28 13:00,0.496,8.669
2020-10-28 14:00,0.520,8.857
2020-10-28 15:00,0.551,9.085
2020-10-28 16:00,0.545,9.030
2020-10-28 17:00,0.480,8.553
2020-10-28 18:00,0.380,7.812
2020-10-28 19:00,0.278,6.996
2020-10-28 20:00,0.196,6.233
2020-10-28 21:00,0.152,5.762
2020-10-28 22:00,0.132,5.516
2020-10-28 23:00,0.094,4.990
2020-10-29 00:00,0.075,4.691
2020-10-29 01:00,0.065,4.504
2020-10-29 02:00,0.052,4.244
2020-10-29 03:00,0.044,4.058
2020-10-29 04:00,0.039,3.926
2020-10-29 05:00,0.040,3.964
2020-10-29 06:00,0.048,4.153
2020-10-29 07:00,0.063,4.463
2020-10-29 08:00,0.102,5.109
2020-10-29 09:00,0.135,5.543
2020-10-29 10:00,0.156,5.797
2020-10-29 11:00,0.179,6.049
2020-10-29 12:00,0.205,6.324
2020-10-29 13:00,0.234,6.605
2020-10-29 14:00,0.255,6.801
2020-10-29 15:00,0.280,7.016
2020-10-29 16:00,0.310,7.257
2020-10-29 17:00,0.335,7.469
2020-10-29 18:00,0.379,7.806
2020-10-29 19:00,0.449,8.319
2020-10-29 20:00,0.529,8.916
2020-10-29 21:00,0.581,9.310
2020-10-29 22:00,0.603,9.482
2020-10-29 23:00,0.608,9.513
2020-10-30 00:00,0.626,9.664
2020-10-30 01:00,0.639,9.772
2020-10-30 02:00,0.649,9.853
2020-10-30 03:00,0.663,9.965
2020-10-30 04:00,0.680,10.121
2020-10-30 05:00,0.702,10.315
2020-10-30 06:00,0.728,10.560
2020-10-30 07:00,0.747,10.739
2020-10-30 08:00,0.752,10.804
2020-10-30 09:00,0.750,10.782
2020-10-30 10:00,0.733,10.610
2020-10-30 11:00,0.705,10.341
2020-10-30 12:00,0.672,10.046
2020-10-30 13:00,0.637,9.756
2020-10-30 14:00,0.594,9.411
2020-10-30 15:00,0.544,9.028
2020-10-30 16:00,0.485,8.597
2020-10-30 17:00,0.411,8.045
2020-10-30 18:00,0.314,7.297
2020-10-30 19:00,0.230,6.571
2020-10-30 20:00,0.185,6.132
2020-10-30 21:00,0.157,5.818
2020-10-30 22:00,0.121,5.371
2020-10-30 23:00,0.063,4.466
2020-10-31 00:00,0.023,3.467
2020-10-31 01:00,0.009,2.855
2020-10-31 02:00,0.005,2.471
2020-10-31 03:00,0.001,1.734
2020-10-31 04:00,0,0.986
2020-10-31 05:00,0,0.437
2020-10-31 06:00,0,0.293
2020-10-31 07:00,0,0.418
2020-10-31 08:00,0,0.964
2020-10-31 09:00,0,1.181
2020-10-31 10:00,0.001,1.690
2020-10-31 11:00,0.005,2.496
2020-10-31 12:00,0.018,3.295
2020-10-31 13:00,0.034,3.816
2020-10-31 14:00,0.051,4.211
2020-10-31 15:00,0.075,4.679
2020-10-31 16:00,0.099,5.057
2020-10-31 17:00,0.107,5.188
2020-10-31 18:00,0.128,5.462
2020-10-31 19:00,0.170,5.957
2020-10-31 20:00,0.122,5.388
2020-10-31 21:00,0.087,4.883
2020-10-31 22:00,0.060,4.396
2020-10-31 23:00,0.029,3.657
2020-11-01 00:00,0.019,3.319
2020-11-01 01:00,0.022,3.414
2020-11-01 02:00,0.031,3.718
2020-11-01 03:00,0.030,3.677
2020-11-01 04:00,0.026,3.569
2020-11-01 05:00,0.031,3.713
2020-11-01 06:00,0.032,3.749
2020-11-01 07:00,0.026,3.560
2020-11-01 08:00,0.027,3.583
2020-11-01 09:00,0.033,3.786
2020-11-01 10:00,0.051,4.213
2020-11-01 11:00,0.075,4.681
2020-11-01 12:00,0.109,5.212
2020-11-01 13:00,0.196,6.229
2020-11-01 14:00,0.278,6.993
2020-11-01 15:00,0.274,6.968
2020-11-01 16:00,0.239,6.652
2020-11-01 17:00,0.213,6.409
2020-11-01 18:00,0.227,6.541
2020-11-01 19:00,0.296,7.140
2020-11-01 20:00,0.354,7.613
2020-11-01 21:00,0.338,7.484
2020-11-01 22:00,0.295,7.138
2020-11-01 23:00,0.238,6.648
2020-11-02 00:00,0.242,6.670
2020-11-02 01:00,0.259,6.833
2020-11-02 02:00,0.273,6.955
2020-11-02 03:00,0.280,7.011
2020-11-02 04:00,0.274,6.968
2020-11-02 05:00,0.266,6.896
2020-11-02 06:00,0.254,6.793
2020-11-02 07:00,0.253,6.785
2020-11-02 08:00,0.269,6.916
2020-11-02 09:00,0.281,7.027
2020-11-02 10:00,0.286,7.070
2020-11-02 11:00,0.271,6.934
2020-11-02 12:00,0.242,6.673
2020-11-02 13:00,0.217,6.447
2020-11-02 14:00,0.211,6.390
2020-11-02 15:00,0.228,6.552
2020-11-02 16:00,0.266,6.897
2020-11-02 17:00,0.319,7.331
2020-11-02 18:00,0.396,7.938
2020-11-02 19:00,0.542,9.008
2020-11-02 20:00,0.717,10.454
2020-11-02 21:00,0.827,11.675
2020-11-02 22:00,0.855,12.079
2020-11-02 23:00,0.880,12.504
2020-11-03 00:00,0.917,13.265
2020-11-03 01:00,0.923,13.414
2020-11-03 02:00,0.917,13.245
2020-11-03 03:00,0.912,13.144
2020-11-03 04:00,0.898,12.845
2020-11-03 05:00,0.881,12.513
2020-11-03 06:00,0.879,12.479
2020-11-03 07:00,0.890,12.689
2020-11-03 08:00,0.891,12.706
2020-11-03 09:00,0.883,12.563
2020-11-03 10:00,0.856,12.099
2020-11-03 11:00,0.806,11.399
2020-11-03 12:00,0.741,10.689
2020-11-03 13:00,0.677,10.080
2020-11-03 14:00,0.633,9.718
2020-11-03 15:00,0.647,9.828
2020-11-03 16:00,0.689,10.196
2020-11-03 17:00,0.730,10.575
2020-11-03 18:00,0.754,10.821
2020-11-03 19:00,0.761,10.884
2020-11-03 20:00,0.775,11.046
2020-11-03 21:00,0.788,11.197
2020-11-03 22:00,0.788,11.191
2020-11-03 23:00,0.769,10.976
2020-11-04 00:00,0.766,10.950
2020-11-04 01:00,0.712,10.403
2020-11-04 02:00,0.625,9.660
2020-11-04 03:00,0.529,8.914
2020-11-04 04:00,0.419,8.104
2020-11-04 05:00,0.308,7.240
2020-11-04 06:00,0.206,6.335
2020-11-04 07:00,0.137,5.576
2020-11-04 08:00,0.101,5.093
2020-11-04 09:00,0.091,4.947
2020-11-04 10:00,0.099,5.056
2020-11-04 11:00,0.107,5.189
2020-11-04 12:00,0.110,5.230
2020-11-04 13:00,0.107,5.178
2020-11-04 14:00,0.107,5.186
2020-11-04 15:00,0.120,5.366
2020-11-04 16:00,0.149,5.723
2020-11-04 17:00,0.179,6.064
2020-11-04 18:00,0.208,6.348
2020-11-04 19:00,0.212,6.398
2020-11-04 20:00,0.197,6.248
2020-11-04 21:00,0.150,5.738
2020-11-04 22:00,0.093,4.976
2020-11-04 23:00,0.038,3.893
2020-11-05 00:00,0.009,2.832
2020-11-05 01:00,0.001,2.005
2020-11-05 02:00,0,1.288
2020-11-05 03:00,0,0.963
2020-11-05 04:00,0,0.908
2020-11-05 05:00,0,0.755
2020-11-05 06:00,0,0.654
2020-11-05 07:00,0,0.531
2020-11-05 08:00,0,0.481
2020-11-05 09:00,0,0.690
2020-11-05 10:00,0,1.024
2020-11-05 11:00,0,1.349
2020-11-05 12:00,0,1.622
2020-11-05 13:00,0.001,1.865
2020-11-05 14:00,0.002,2.059
2020-11-05 15:00,0.002,2.073
2020-11-05 16:00,0.001,1.927
2020-11-05 17:00,0.001,1.806
2020-11-05 18:00,0.001,1.894
2020-11-05 19:00,0.002,2.193
2020-11-05 20:00,0.006,2.554
2020-11-05 21:00,0.011,2.931
2020-11-05 22:00,0.015,3.167
2020-11-05 23:00,0.026,3.562
2020-11-06 00:00,0.046,4.108
2020-11-06 01:00,0.086,4.861
2020-11-06 02:00,0.111,5.247
2020-11-06 03:00,0.105,5.156
2020-11-06 04:00,0.076,4.705
2020-11-06 05:00,0.048,4.156
2020-11-06 06:00,0.032,3.762
2020-11-06 07:00,0.033,3.791
2020-11-06 08:00,0.043,4.043
2020-11-06 09:00,0.056,4.328
2020-11-06 10:00,0.068,4.553
2020-11-06 11:00,0.077,4.714
2020-11-06 12:00,0.075,4.678
2020-11-06 13:00,0.067,4.538
2020-11-06 14:00,0.057,4.346
2020-11-06 15:00,0.044,4.056
2020-11-06 16:00,0.031,3.729
2020-11-06 17:00,0.030,3.691
2020-11-06 18:00,0.044,4.056
2020-11-06 19:00,0.075,4.681
2020-11-06 20:00,0.118,5.337
2020-11-06 21:00,0.156,5.798
2020-11-06 22:00,0.162,5.876
2020-11-06 23:00,0.124,5.416
2020-11-07 00:00,0.103,5.120
2020-11-07 01:00,0.082,4.800
2020-11-07 02:00,0.055,4.311
2020-11-07 03:00,0.062,4.439
2020-11-07 04:00,0.114,5.274
2020-11-07 05:00,0.194,6.220
2020-11-07 06:00,0.278,6.990
2020-11-07 07:00,0.341,7.508
2020-11-07 08:00,0.429,8.180
2020-11-07 09:00,0.517,8.825
2020-11-07 10:00,0.568,9.216
2020-11-07 11:00,0.602,9.478
2020-11-07 12:00,0.616,9.582
2020-11-07 13:00,0.628,9.683
2020-11-07 14:00,0.616,9.588
2020-11-07 15:00,0.599,9.452
2020-11-07 16:00,0.578,9.288
2020-11-07 17:00,0.546,9.044
2020-11-07 18:00,0.521,8.864
2020-11-07 19:00,0.530,8.929
2020-11-07 20:00,0.542,9.008
2020-11-07 21:00,0.499,8.688
2020-11-07 22:00,0.447,8.314
2020-11-07 23:00,0.375,7.775
2020-11-08 00:00,0.344,7.535
2020-11-08 01:00,0.373,7.757
2020-11-08 02:00,0.401,7.978
2020-11-08 03:00,0.450,8.327
2020-11-08 04:00,0.484,8.585
2020-11-08 05:00,0.521,8.859
2020-11-08 06:00,0.577,9.281
2020-11-08 07:00,0.658,9.931
2020-11-08 08:00,0.773,11.011
2020-11-08 09:00,0.854,12.070
2020-11-08 10:00,0.895,12.789
2020-11-08 11:00,0.918,13.277
2020-11-08 12:00,0.927,13.491
2020-11-08 13:00,0.925,13.464
2020-11-08 14:00,0.918,13.294
2020-11-08 15:00,0.911,13.116
2020-11-08 16:00,0.905,12.989
2020-11-08 17:00,0.899,12.847
2020-11-08 18:00,0.886,12.610
2020-11-08 19:00,0.870,12.323
2020-11-08 20:00,0.849,11.985
2020-11-08 21:00,0.810,11.460
2020-11-08 22:00,0.762,10.896
2020-11-08 23:00,0.683,10.141
2020-11-09 00:00,0.656,9.905
2020-11-09 01:00,0.643,9.807
2020-11-09 02:00,0.650,9.865
2020-11-09 03:00,0.680,10.123
2020-11-09 04:00,0.699,10.289
2020-11-09 05:00,0.700,10.299
2020-11-09 06:00,0.676,10.075
2020-11-09 07:00,0.625,9.661
2020-11-09 08:00,0.585,9.340
2020-11-09 09:00,0.556,9.119
2020-11-09 10:00,0.524,8.886
2020-11-09 11:00,0.463,8.424
2020-11-09 12:00,0.383,7.838
2020-11-09 13:00,0.328,7.412
2020-11-09 14:00,0.317,7.324
2020-11-09 15:00,0.346,7.554
2020-11-09 16:00,0.371,7.744
2020-11-09 17:00,0.391,7.893
2020-11-09 18:00,0.414,8.069
2020-11-09 19:00,0.444,8.291
2020-11-09 20:00,0.478,8.531
2020-11-09 21:00,0.484,8.576
2020-11-09 22:00,0.467,8.459
2020-11-09 23:00,0.398,7.952
2020-11-10 00:00,0.345,7.543
2020-11-10 01:00,0.276,6.983
2020-11-10 02:00,0.206,6.338
2020-11-10 03:00,0.146,5.689
2020-11-10 04:00,0.109,5.202
2020-11-10 05:00,0.095,5.003
2020-11-10 06:00,0.099,5.056
2020-11-10 07:00,0.118,5.342
2020-11-10 08:00,0.138,5.593
2020-11-10 09:00,0.136,5.558
2020-11-10 10:00,0.121,5.373
2020-11-10 11:00,0.109,5.218
2020-11-10 12:00,0.097,5.035
2020-11-10 13:00,0.082,4.789
2020-11-10 14:00,0.067,4.528
2020-11-10 15:00,0.064,4.492
2020-11-10 16:00,0.068,4.567
2020-11-10 17:00,0.070,4.600
2020-11-10 18:00,0.075,4.679
2020-11-10 19:00,0.082,4.797
2020-11-10 20:00,0.088,4.899
2020-11-10 21:00,0.077,4.712
2020-11-10 22:00,0.059,4.382
2020-11-10 23:00,0.041,3.991
2020-11-11 00:00,0.023,3.460
2020-11-11 01:00,0.014,3.078
2020-11-11 02:00,0.009,2.805
2020-11-11 03:00,0.008,2.734
2020-11-11 04:00,0.010,2.886
2020-11-11 05:00,0.016,3.180
2020-11-11 06:00,0.026,3.575
2020-11-11 07:00,0.043,4.034
2020-11-11 08:00,0.059,4.372
2020-11-11 09:00,0.064,4.477
2020-11-11 10:00,0.061,4.419
2020-11-11 11:00,0.052,4.241
2020-11-11 12:00,0.046,4.096
2020-11-11 13:00,0.039,3.936
2020-11-11 14:00,0.031,3.705
2020-11-11 15:00,0.026,3.559
2020-11-11 16:00,0.025,3.523
2020-11-11 17:00,0.023,3.467
2020-11-11 18:00,0.022,3.422
2020-11-11 19:00,0.024,3.494
2020-11-11 20:00,0.029,3.672
2020-11-11 21:00,0.033,3.769
2020-11-11 22:00,0.032,3.761
2020-11-11 23:00,0.030,3.677
2020-11-12 00:00,0.021,3.409
2020-11-12 01:00,0.015,3.151
2020-11-12 02:00,0.008,2.772
2020-11-12 03:00,0.003,2.306
2020-11-12 04:00,0.001,1.755
2020-11-12 05:00,0,1.275
2020-11-12 06:00,0,1.084
2020-11-12 07:00,0,1.392
2020-11-12 08:00,0,1.324
2020-11-12 09:00,0,1.062
2020-11-12 10:00,0,0.736
2020-11-12 11:00,0,0.555
2020-11-12 12:00,0,0.787
2020-11-12 13:00,0,1.329
2020-11-12 14:00,0.002,2.129
2020-11-12 15:00,0.011,2.946
2020-11-12 16:00,0.029,3.644
2020-11-12 17:00,0.055,4.307
2020-11-12 18:00,0.107,5.185
2020-11-12 19:00,0.188,6.158
2020-11-12 20:00,0.262,6.852
2020-11-12 21:00,0.311,7.272
2020-11-12 22:00,0.328,7.408
2020-11-12 23:00,0.289,7.083
2020-11-13 00:00,0.211,6.391
2020-11-13 01:00,0.174,6.006
2020-11-13 02:00,0.156,5.812
2020-11-13 03:00,0.143,5.658
2020-11-13 04:00,0.163,5.890
2020-11-13 05:00,0.211,6.393
2020-11-13 06:00,0.278,7.002
2020-11-13 07:00,0.362,7.666
2020-11-13 08:00,0.450,8.334
2020-11-13 09:00,0.503,8.724
2020-11-13 10:00,0.523,8.875
2020-11-13 11:00,0.520,8.850
2020-11-13 12:00,0.497,8.674
2020-11-13 13:00,0.454,8.363
2020-11-13 14:00,0.417,8.091
2020-11-13 15:00,0.418,8.094
2020-11-13 16:00,0.432,8.208
2020-11-13 17:00,0.435,8.227
2020-11-13 18:00,0.436,8.231
2020-11-13 19:00,0.426,8.161
2020-11-13 20:00,0.429,8.170
2020-11-13 21:00,0.446,8.302
2020-11-13 22:00,0.472,8.496
2020-11-13 23:00,0.497,8.670
2020-11-14 00:00,0.501,8.707
2020-11-14 01:00,0.502,8.721
2020-11-14 02:00,0.484,8.579
2020-11-14 03:00,0.435,8.225
2020-11-14 04:00,0.386,7.858
2020-11-14 05:00,0.397,7.942
2020-11-14 06:00,0.456,8.381
2020-11-14 07:00,0.463,8.421
2020-11-14 08:00,0.433,8.213
2020-11-14 09:00,0.440,8.256
2020-11-14 10:00,0.487,8.607
2020-11-14 11:00,0.426,8.160
2020-11-14 12:00,0.315,7.306
2020-11-14 13:00,0.205,6.324
2020-11-14 14:00,0.110,5.224
2020-11-14 15:00,0.060,4.401
2020-11-14 16:00,0.030,3.689
2020-11-14 17:00,0.008,2.754
2020-11-14 18:00,0.001,1.922
2020-11-14 19:00,0,1.323
2020-11-14 20:00,0,1.113
2020-11-14 21:00,0,1.184
2020-11-14 22:00,0,1.314
2020-11-14 23:00,0,1.393
2020-11-15 00:00,0,0.976
2020-11-15 01:00,0,0.943
2020-11-15 02:00,0,1.598
2020-11-15 03:00,0.002,2.161
2020-11-15 04:00,0.009,2.814
2020-11-15 05:00,0.025,3.538
2020-11-15 06:00,0.049,4.166
2020-11-15 07:00,0.076,4.694
2020-11-15 08:00,0.094,4.987
2020-11-15 09:00,0.099,5.066
2020-11-15 10:00,0.105,5.156
2020-11-15 11:00,0.115,5.288
2020-11-15 12:00,0.123,5.407
2020-11-15 13:00,0.133,5.529
2020-11-15 14:00,0.134,5.540
2020-11-15 15:00,0.132,5.516
2020-11-15 16:00,0.126,5.436
2020-11-15 17:00,0.126,5.441
2020-11-15 18:00,0.137,5.573
2020-11-15 19:00,0.164,5.902
2020-11-15 20:00,0.198,6.257
2020-11-15 21:00,0.203,6.316
2020-11-15 22:00,0.185,6.121
2020-11-15 23:00,0.131,5.508
2020-11-16 00:00,0.073,4.634
2020-11-16 01:00,0.047,4.120
2020-11-16 02:00,0.042,4.017
2020-11-16 03:00,0.049,4.185
2020-11-16 04:00,0.072,4.617
2020-11-16 05:00,0.110,5.226
2020-11-16 06:00,0.180,6.071
2020-11-16 07:00,0.310,7.269
2020-11-16 08:00,0.429,8.184
2020-11-16 09:00,0.446,8.299
2020-11-16 10:00,0.387,7.864
2020-11-16 11:00,0.321,7.349
2020-11-16 12:00,0.289,7.084
2020-11-16 13:00,0.277,6.988
2020-11-16 14:00,0.267,6.909
2020-11-16 15:00,0.291,7.108
2020-11-16 16:00,0.333,7.442
2020-11-16 17:00,0.342,7.519
2020-11-16 18:00,0.316,7.316
2020-11-16 19:00,0.270,6.927
2020-11-16 20:00,0.232,6.590
2020-11-16 21:00,0.200,6.279
2020-11-16 22:00,0.165,5.912
2020-11-16 23:00,0.129,5.479
2020-11-17 00:00,0.092,4.968
2020-11-17 01:00,0.065,4.506
2020-11-17 02:00,0.044,4.052
2020-11-17 03:00,0.028,3.616
2020-11-17 04:00,0.017,3.214
2020-11-17 05:00,0.013,3.062
2020-11-17 06:00,0.013,3.049
2020-11-17 07:00,0.010,2.886
2020-11-17 08:00,0.005,2.510
2020-11-17 09:00,0.002,2.154
2020-11-17 10:00,0.001,1.929
2020-11-17 11:00,0.001,1.898
2020-11-17 12:00,0.002,2.109
2020-11-17 13:00,0.007,2.645
2020-11-17 14:00,0.020,3.363
2020-11-17 15:00,0.050,4.190
2020-11-17 16:00,0.086,4.864
2020-11-17 17:00,0.078,4.737
2020-11-17 18:00,0.070,4.586
2020-11-17 19:00,0.046,4.101
2020-11-17 20:00,0.039,3.929
2020-11-17 21:00,0.066,4.512
2020-11-17 22:00,0.074,4.660
2020-11-17 23:00,0.093,4.973
2020-11-18 00:00,0.100,5.086
2020-11-18 01:00,0.140,5.613
2020-11-18 02:00,0.233,6.594
2020-11-18 03:00,0.355,7.616
2020-11-18 04:00,0.429,8.174
2020-11-18 05:00,0.426,8.158
2020-11-18 06:00,0.337,7.480
2020-11-18 07:00,0.303,7.208
2020-11-18 08:00,0.388,7.870
2020-11-18 09:00,0.576,9.276
2020-11-18 10:00,0.694,10.246
2020-11-18 11:00,0.733,10.604
2020-11-18 12:00,0.779,11.084
2020-11-18 13:00,0.860,12.158
2020-11-18 14:00,0.914,13.185
2020-11-18 15:00,0.949,14.195
2020-11-18 16:00,0.964,14.808
2020-11-18 17:00,0.979,15.701
2020-11-18 18:00,0.986,16.479
2020-11-18 19:00,0.989,17.066
2020-11-18 20:00,0.989,17.611
2020-11-18 21:00,0.988,17.833
2020-11-18 22:00,0.987,18.077
2020-11-18 23:00,0.982,18.598
2020-11-19 00:00,0.978,18.886
2020-11-19 01:00,0.968,19.419
2020-11-19 02:00,0.953,19.957
2020-11-19 03:00,0.931,20.554
2020-11-19 04:00,0.913,20.931
2020-11-19 05:00,0.911,20.976
2020-11-19 06:00,0.943,20.274
2020-11-19 07:00,0.983,18.527
2020-11-19 08:00,0.983,16.042
2020-11-19 09:00,0.915,13.208
2020-11-19 10:00,0.778,11.077
2020-11-19 11:00,0.646,9.827
2020-11-19 12:00,0.685,10.155
2020-11-19 13:00,0.728,10.559
2020-11-19 14:00,0.722,10.489
2020-11-19 15:00,0.746,10.734
2020-11-19 16:00,0.731,10.586
2020-11-19 17:00,0.777,11.067
2020-11-19 18:00,0.785,11.162
2020-11-19 19:00,0.780,11.094
2020-11-19 20:00,0.756,10.829
2020-11-19 21:00,0.740,10.677
2020-11-19 22:00,0.757,10.844
2020-11-19 23:00,0.788,11.193
2020-11-20 00:00,0.832,11.737
2020-11-20 01:00,0.825,11.648
2020-11-20 02:00,0.746,10.732
2020-11-20 03:00,0.641,9.788
2020-11-20 04:00,0.562,9.165
2020-11-20 05:00,0.524,8.881
2020-11-20 06:00,0.549,9.068
2020-11-20 07:00,0.636,9.752
2020-11-20 08:00,0.716,10.448
2020-11-20 09:00,0.779,11.079
2020-11-20 10:00,0.804,11.387
2020-11-20 11:00,0.788,11.191
2020-11-20 12:00,0.740,10.682
2020-11-20 13:00,0.688,10.184
2020-11-20 14:00,0.636,9.745
2020-11-20 15:00,0.596,9.428
2020-11-20 16:00,0.596,9.422
2020-11-20 17:00,0.621,9.630
2020-11-20 18:00,0.695,10.256
2020-11-20 19:00,0.733,10.610
2020-11-20 20:00,0.758,10.854
2020-11-20 21:00,0.756,10.829
2020-11-20 22:00,0.733,10.597
2020-11-20 23:00,0.679,10.115
2020-11-21 00:00,0.628,9.678
2020-11-21 01:00,0.615,9.573
2020-11-21 02:00,0.594,9.403
2020-11-21 03:00,0.542,9.016
2020-11-21 04:00,0.472,8.500
2020-11-21 05:00,0.396,7.933
2020-11-21 06:00,0.338,7.485
2020-11-21 07:00,0.291,7.108
2020-11-21 08:00,0.255,6.801
2020-11-21 09:00,0.202,6.297
2020-11-21 10:00,0.138,5.595
2020-11-21 11:00,0.075,4.678
2020-11-21 12:00,0.023,3.460
2020-11-21 13:00,0.005,2.509
2020-11-21 14:00,0.002,2.192
2020-11-21 15:00,0.001,1.858
2020-11-21 16:00,0,1.240
2020-11-21 17:00,0,1.241
2020-11-21 18:00,0,1.445
2020-11-21 19:00,0,1.324
2020-11-21 20:00,0.001,1.784
2020-11-21 21:00,0.003,2.212
2020-11-21 22:00,0.014,3.081
2020-11-21 23:00,0.085,4.855
2020-11-22 00:00,0.219,6.470
2020-11-22 01:00,0.149,5.720
2020-11-22 02:00,0.073,4.640
2020-11-22 03:00,0.095,5.001
2020-11-22 04:00,0.199,6.260
2020-11-22 05:00,0.292,7.116
2020-11-22 06:00,0.383,7.832
2020-11-22 07:00,0.502,8.718
2020-11-22 08:00,0.604,9.487
2020-11-22 09:00,0.660,9.942
2020-11-22 10:00,0.702,10.316
2020-11-22 11:00,0.781,11.109
2020-11-22 12:00,0.848,11.973
2020-11-22 13:00,0.862,12.191
2020-11-22 14:00,0.851,12.008
2020-11-22 15:00,0.848,11.976
2020-11-22 16:00,0.856,12.106
2020-11-22 17:00,0.871,12.328
2020-11-22 18:00,0.877,12.449
2020-11-22 19:00,0.861,12.180
2020-11-22 20:00,0.827,11.679
2020-11-22 21:00,0.767,10.953
2020-11-22 22:00,0.686,10.166
2020-11-22 23:00,0.581,9.312
2020-11-23 00:00,0.453,8.353
2020-11-23 01:00,0.280,7.008
2020-11-23 02:00,0.159,5.839
2020-11-23 03:00,0.091,4.945
2020-11-23 04:00,0.069,4.571
2020-11-23 05:00,0.083,4.821
2020-11-23 06:00,0.128,5.470
2020-11-23 07:00,0.219,6.461
2020-11-23 08:00,0.353,7.606
2020-11-23 09:00,0.478,8.532
2020-11-23 10:00,0.550,9.074
2020-11-23 11:00,0.553,9.099
2020-11-23 12:00,0.496,8.670
2020-11-23 13:00,0.389,7.886
2020-11-23 14:00,0.311,7.272
2020-11-23 15:00,0.266,6.898
2020-11-23 16:00,0.235,6.613
2020-11-23 17:00,0.190,6.173
2020-11-23 18:00,0.153,5.767
2020-11-23 19:00,0.125,5.423
2020-11-23 20:00,0.108,5.197
2020-11-23 21:00,0.089,4.922
2020-11-23 22:00,0.065,4.497
2020-11-23 23:00,0.035,3.832
2020-11-24 00:00,0.017,3.254
2020-11-24 01:00,0.006,2.589
2020-11-24 02:00,0.003,2.259
2020-11-24 03:00,0.001,1.930
2020-11-24 04:00,0,1.606
2020-11-24 05:00,0,1.441
2020-11-24 06:00,0.002,2.048
2020-11-24 07:00,0.012,3.011
2020-11-24 08:00,0.038,3.900
2020-11-24 09:00,0.057,4.351
2020-11-24 10:00,0.064,4.474
2020-11-24 11:00,0.048,4.152
2020-11-24 12:00,0.033,3.771
2020-11-24 13:00,0.031,3.706
2020-11-24 14:00,0.031,3.730
2020-11-24 15:00,0.028,3.616
2020-11-24 16:00,0.022,3.435
2020-11-24 17:00,0.039,3.941
2020-11-24 18:00,0.073,4.646
2020-11-24 19:00,0.117,5.311
2020-11-24 20:00,0.173,5.999
2020-11-24 21:00,0.215,6.423
2020-11-24 22:00,0.223,6.502
2020-11-24 23:00,0.182,6.087
2020-11-25 00:00,0.162,5.875
2020-11-25 01:00,0.170,5.961
2020-11-25 02:00,0.161,5.867
2020-11-25 03:00,0.169,5.949
2020-11-25 04:00,0.230,6.568
2020-11-25 05:00,0.297,7.155
2020-11-25 06:00,0.337,7.480
2020-11-25 07:00,0.399,7.960
2020-11-25 08:00,0.466,8.452
2020-11-25 09:00,0.470,8.481
2020-11-25 10:00,0.438,8.246
2020-11-25 11:00,0.418,8.097
2020-11-25 12:00,0.362,7.673
2020-11-25 13:00,0.213,6.408
2020-11-25 14:00,0.099,5.060
2020-11-25 15:00,0.065,4.507
2020-11-25 16:00,0.091,4.942
2020-11-25 17:00,0.163,5.888
2020-11-25 18:00,0.219,6.468
2020-11-25 19:00,0.204,6.318
2020-11-25 20:00,0.206,6.334
2020-11-25 21:00,0.181,6.081
2020-11-25 22:00,0.126,5.440
2020-11-25 23:00,0.069,4.580
2020-11-26 00:00,0.044,4.063
2020-11-26 01:00,0.035,3.825
2020-11-26 02:00,0.020,3.338
2020-11-26 03:00,0.013,3.059
2020-11-26 04:00,0.012,2.964
2020-11-26 05:00,0.019,3.304
2020-11-26 06:00,0.043,4.043
2020-11-26 07:00,0.079,4.753
2020-11-26 08:00,0.109,5.200
2020-11-26 09:00,0.136,5.558
2020-11-26 10:00,0.146,5.693
2020-11-26 11:00,0.113,5.264
2020-11-26 12:00,0.080,4.762
2020-11-26 13:00,0.052,4.242
2020-11-26 14:00,0.032,3.741
2020-11-26 15:00,0.022,3.434
2020-11-26 16:00,0.017,3.216
2020-11-26 17:00,0.016,3.186
2020-11-26 18:00,0.036,3.851
2020-11-26 19:00,0.080,4.761
2020-11-26 20:00,0.158,5.829
2020-11-26 21:00,0.279,7.002
2020-11-26 22:00,0.351,7.583
2020-11-26 23:00,0.390,7.888
2020-11-27 00:00,0.456,8.382
2020-11-27 01:00,0.484,8.581
2020-11-27 02:00,0.519,8.849
2020-11-27 03:00,0.630,9.697
2020-11-27 04:00,0.715,10.435
2020-11-27 05:00,0.763,10.918
2020-11-27 06:00,0.828,11.690
2020-11-27 07:00,0.885,12.587
2020-11-27 08:00,0.915,13.214
2020-11-27 09:00,0.941,13.915
2020-11-27 10:00,0.957,14.506
2020-11-27 11:00,0.963,14.729
2020-11-27 12:00,0.963,14.755
2020-11-27 13:00,0.951,14.242
2020-11-27 14:00,0.933,13.665
2020-11-27 15:00,0.924,13.433
2020-11-27 16:00,0.920,13.339
2020-11-27 17:00,0.917,13.253
2020-11-27 18:00,0.913,13.157
2020-11-27 19:00,0.914,13.181
2020-11-27 20:00,0.911,13.131
2020-11-27 21:00,0.911,13.112
2020-11-27 22:00,0.893,12.734
2020-11-27 23:00,0.859,12.143
2020-11-28 00:00,0.829,11.708
2020-11-28 01:00,0.796,11.275
2020-11-28 02:00,0.787,11.179
2020-11-28 03:00,0.773,11.025
2020-11-28 04:00,0.740,10.675
2020-11-28 05:00,0.712,10.397
2020-11-28 06:00,0.696,10.260
2020-11-28 07:00,0.698,10.283
2020-11-28 08:00,0.705,10.331
2020-11-28 09:00,0.692,10.222
2020-11-28 10:00,0.663,9.971
2020-11-28 11:00,0.625,9.655
2020-11-28 12:00,0.553,9.098
2020-11-28 13:00,0.415,8.073
2020-11-28 14:00,0.253,6.783
2020-11-28 15:00,0.179,6.055
2020-11-28 16:00,0.179,6.050
2020-11-28 17:00,0.166,5.918
2020-11-28 18:00,0.164,5.904
2020-11-28 19:00,0.199,6.265
2020-11-28 20:00,0.271,6.934
2020-11-28 21:00,0.383,7.840
2020-11-28 22:00,0.507,8.755
2020-11-28 23:00,0.568,9.216
2020-11-29 00:00,0.584,9.332
2020-11-29 01:00,0.581,9.311
2020-11-29 02:00,0.580,9.307
2020-11-29 03:00,0.573,9.239
2020-11-29 04:00,0.564,9.183
2020-11-29 05:00,0.556,9.122
2020-11-29 06:00,0.558,9.140
2020-11-29 07:00,0.567,9.206
2020-11-29 08:00,0.602,9.478
2020-11-29 09:00,0.611,9.546
2020-11-29 10:00,0.600,9.454
2020-11-29 11:00,0.620,9.620
2020-11-29 12:00,0.671,10.043
2020-11-29 13:00,0.727,10.546
2020-11-29 14:00,0.762,10.897
2020-11-29 15:00,0.793,11.238
2020-11-29 16:00,0.818,11.565
2020-11-29 17:00,0.831,11.728
2020-11-29 18:00,0.835,11.790
2020-11-29 19:00,0.834,11.763
2020-11-29 20:00,0.826,11.653
2020-11-29 21:00,0.802,11.358
2020-11-29 22:00,0.750,10.774
2020-11-29 23:00,0.657,9.915
2020-11-30 00:00,0.616,9.580
2020-11-30 01:00,0.569,9.222
2020-11-30 02:00,0.509,8.765
2020-11-30 03:00,0.467,8.463
2020-11-30 04:00,0.441,8.266
2020-11-30 05:00,0.444,8.285
2020-11-30 06:00,0.450,8.326
2020-11-30 07:00,0.479,8.547
2020-11-30 08:00,0.567,9.208
2020-11-30 09:00,0.616,9.577
2020-11-30 10:00,0.633,9.726
2020-11-30 11:00,0.611,9.547
2020-11-30 12:00,0.570,9.226
2020-11-30 13:00,0.457,8.386
2020-11-30 14:00,0.330,7.419
2020-11-30 15:00,0.256,6.806
2020-11-30 16:00,0.219,6.459
2020-11-30 17:00,0.208,6.349
2020-11-30 18:00,0.241,6.666
2020-11-30 19:00,0.307,7.235
2020-11-30 20:00,0.336,7.477
2020-11-30 21:00,0.291,7.102
2020-11-30 22:00,0.241,6.666
2020-11-30 23:00,0.173,6.001
2020-12-01 00:00,0.128,5.467
2020-12-01 01:00,0.116,5.297
2020-12-01 02:00,0.110,5.225
2020-12-01 03:00,0.129,5.476
2020-12-01 04:00,0.151,5.754
2020-12-01 05:00,0.162,5.874
2020-12-01 06:00,0.217,6.451
2020-12-01 07:00,0.305,7.229
2020-12-01 08:00,0.352,7.597
2020-12-01 09:00,0.349,7.572
2020-12-01 10:00,0.333,7.451
2020-12-01 11:00,0.304,7.217
2020-12-01 12:00,0.266,6.894
2020-12-01 13:00,0.229,6.559
2020-12-01 14:00,0.183,6.100
2020-12-01 15:00,0.177,6.035
2020-12-01 16:00,0.216,6.436
2020-12-01 17:00,0.276,6.981
2020-12-01 18:00,0.330,7.421
2020-12-01 19:00,0.358,7.640
2020-12-01 20:00,0.353,7.611
2020-12-01 21:00,0.328,7.400
2020-12-01 22:00,0.287,7.073
2020-12-01 23:00,0.217,6.446
2020-12-02 00:00,0.136,5.558
2020-12-02 01:00,0.105,5.150
2020-12-02 02:00,0.111,5.235
2020-12-02 03:00,0.138,5.594
2020-12-02 04:00,0.147,5.699
2020-12-02 05:00,0.150,5.741
2020-12-02 06:00,0.170,5.954
2020-12-02 07:00,0.216,6.437
2020-12-02 08:00,0.294,7.132
2020-12-02 09:00,0.385,7.847
2020-12-02 10:00,0.446,8.310
2020-12-02 11:00,0.450,8.333
2020-12-02 12:00,0.419,8.109
2020-12-02 13:00,0.377,7.787
2020-12-02 14:00,0.384,7.843
2020-12-02 15:00,0.489,8.627
2020-12-02 16:00,0.612,9.555
2020-12-02 17:00,0.705,10.329
2020-12-02 18:00,0.767,10.952
2020-12-02 19:00,0.806,11.411
2020-12-02 20:00,0.830,11.721
2020-12-02 21:00,0.828,11.698
2020-12-02 22:00,0.827,11.681
2020-12-02 23:00,0.813,11.485
2020-12-03 00:00,0.808,11.434
2020-12-03 01:00,0.804,11.385
2020-12-03 02:00,0.786,11.166
2020-12-03 03:00,0.763,10.918
2020-12-03 04:00,0.740,10.679
2020-12-03 05:00,0.726,10.542
2020-12-03 06:00,0.718,10.462
2020-12-03 07:00,0.717,10.441
2020-12-03 08:00,0.735,10.629
2020-12-03 09:00,0.742,10.698
2020-12-03 10:00,0.716,10.448
2020-12-03 11:00,0.672,10.048
2020-12-03 12:00,0.651,9.871
2020-12-03 13:00,0.594,9.405
2020-12-03 14:00,0.427,8.163
2020-12-03 15:00,0.294,7.131
2020-12-03 16:00,0.242,6.682
2020-12-03 17:00,0.222,6.488
2020-12-03 18:00,0.202,6.305
2020-12-03 19:00,0.189,6.163
2020-12-03 20:00,0.172,5.983
2020-12-03 21:00,0.170,5.955
2020-12-03 22:00,0.139,5.603
2020-12-03 23:00,0.087,4.888
2020-12-04 00:00,0.061,4.417
2020-12-04 01:00,0.051,4.222
2020-12-04 02:00,0.046,4.104
2020-12-04 03:00,0.040,3.958
2020-12-04 04:00,0.070,4.593
2020-12-04 05:00,0.126,5.439
2020-12-04 06:00,0.201,6.288
2020-12-04 07:00,0.327,7.393
2020-12-04 08:00,0.502,8.719
2020-12-04 09:00,0.631,9.702
2020-12-04 10:00,0.697,10.268
2020-12-04 11:00,0.728,10.562
2020-12-04 12:00,0.740,10.676
2020-12-04 13:00,0.743,10.707
2020-12-04 14:00,0.750,10.779
2020-12-04 15:00,0.768,10.967
2020-12-04 16:00,0.783,11.120
2020-12-04 17:00,0.786,11.165
2020-12-04 18:00,0.790,11.212
2020-12-04 19:00,0.790,11.220
2020-12-04 20:00,0.783,11.123
2020-12-04 21:00,0.744,10.722
2020-12-04 22:00,0.689,10.192
2020-12-04 23:00,0.594,9.410
2020-12-05 00:00,0.527,8.897
2020-12-05 01:00,0.490,8.634
2020-12-05 02:00,0.468,8.469
2020-12-05 03:00,0.407,8.013
2020-12-05 04:00,0.310,7.259
2020-12-05 05:00,0.224,6.514
2020-12-05 06:00,0.134,5.533
2020-12-05 07:00,0.078,4.729
2020-12-05 08:00,0.053,4.252
2020-12-05 09:00,0.055,4.286
2020-12-05 10:00,0.069,4.573
2020-12-05 11:00,0.086,4.860
2020-12-05 12:00,0.084,4.837
2020-12-05 13:00,0.095,5.014
2020-12-05 14:00,0.130,5.493
2020-12-05 15:00,0.185,6.125
2020-12-05 16:00,0.258,6.824
2020-12-05 17:00,0.353,7.609
2020-12-05 18:00,0.430,8.186
2020-12-05 19:00,0.495,8.665
2020-12-05 20:00,0.530,8.929
2020-12-05 21:00,0.506,8.747
2020-12-05 22:00,0.450,8.336
2020-12-05 23:00,0.387,7.862
2020-12-06 00:00,0.330,7.427
2020-12-06 01:00,0.259,6.828
2020-12-06 02:00,0.167,5.938
2020-12-06 03:00,0.110,5.233
2020-12-06 04:00,0.077,4.711
2020-12-06 05:00,0.075,4.681
2020-12-06 06:00,0.090,4.932
2020-12-06 07:00,0.129,5.481
2020-12-06 08:00,0.159,5.846
2020-12-06 09:00,0.138,5.581
2020-12-06 10:00,0.117,5.315
2020-12-06 11:00,0.129,5.480
2020-12-06 12:00,0.171,5.969
2020-12-06 13:00,0.225,6.528
2020-12-06 14:00,0.284,7.048
2020-12-06 15:00,0.348,7.571
2020-12-06 16:00,0.410,8.033
2020-12-06 17:00,0.473,8.504
2020-12-06 18:00,0.542,9.016
2020-12-06 19:00,0.579,9.299
2020-12-06 20:00,0.552,9.090
2020-12-06 21:00,0.467,8.463
2020-12-06 22:00,0.392,7.898
2020-12-06 23:00,0.345,7.548
2020-12-07 00:00,0.262,6.862
2020-12-07 01:00,0.177,6.032
2020-12-07 02:00,0.136,5.555
2020-12-07 03:00,0.107,5.185
2020-12-07 04:00,0.118,5.328
2020-12-07 05:00,0.167,5.934
2020-12-07 06:00,0.228,6.556
2020-12-07 07:00,0.315,7.308
2020-12-07 08:00,0.444,8.290
2020-12-07 09:00,0.548,9.052
2020-12-07 10:00,0.610,9.536
2020-12-07 11:00,0.670,10.036
2020-12-07 12:00,0.694,10.247
2020-12-07 13:00,0.726,10.536
2020-12-07 14:00,0.725,10.534
2020-12-07 15:00,0.760,10.875
2020-12-07 16:00,0.785,11.154
2020-12-07 17:00,0.786,11.167
2020-12-07 18:00,0.790,11.220
2020-12-07 19:00,0.804,11.387
2020-12-07 20:00,0.814,11.501
2020-12-07 21:00,0.810,11.457
2020-12-07 22:00,0.792,11.236
2020-12-07 23:00,0.739,10.664
2020-12-08 00:00,0.666,9.996
2020-12-08 01:00,0.550,9.077
2020-12-08 02:00,0.457,8.391
2020-12-08 03:00,0.384,7.844
2020-12-08 04:00,0.328,7.413
2020-12-08 05:00,0.291,7.109
2020-12-08 06:00,0.274,6.964
2020-12-08 07:00,0.281,7.030
2020-12-08 08:00,0.308,7.246
2020-12-08 09:00,0.302,7.196
2020-12-08 10:00,0.291,7.104
2020-12-08 11:00,0.247,6.726
2020-12-08 12:00,0.163,5.887
2020-12-08 13:00,0.074,4.655
2020-12-08 14:00,0.030,3.696
2020-12-08 15:00,0.020,3.357
2020-12-08 16:00,0.015,3.131
2020-12-08 17:00,0.024,3.480
2020-12-08 18:00,0.045,4.088
2020-12-08 19:00,0.044,4.064
2020-12-08 20:00,0.030,3.694
2020-12-08 21:00,0.017,3.207
2020-12-08 22:00,0.008,2.780
2020-12-08 23:00,0.004,2.374
2020-12-09 00:00,0.002,2.088
2020-12-09 01:00,0,1.511
2020-12-09 02:00,0,1.288
2020-12-09 03:00,0.001,1.722
2020-12-09 04:00,0.005,2.483
2020-12-09 05:00,0.004,2.372
2020-12-09 06:00,0.006,2.599
2020-12-09 07:00,0.016,3.197
2020-12-09 08:00,0.022,3.415
2020-12-09 09:00,0.023,3.470
2020-12-09 10:00,0.005,2.479
2020-12-09 11:00,0,1.374
2020-12-09 12:00,0,1.277
2020-12-09 13:00,0.001,1.849
2020-12-09 14:00,0.006,2.576
2020-12-09 15:00,0.012,3.016
2020-12-09 16:00,0.021,3.373
2020-12-09 17:00,0.028,3.620
2020-12-09 18:00,0.040,3.948
2020-12-09 19:00,0.064,4.474
2020-12-09 20:00,0.096,5.025
2020-12-09 21:00,0.119,5.353
2020-12-09 22:00,0.155,5.786
2020-12-09 23:00,0.200,6.278
2020-12-10 00:00,0.191,6.184
2020-12-10 01:00,0.148,5.702
2020-12-10 02:00,0.124,5.418
2020-12-10 03:00,0.119,5.347
2020-12-10 04:00,0.119,5.348
2020-12-10 05:00,0.123,5.401
2020-12-10 06:00,0.125,5.423
2020-12-10 07:00,0.151,5.749
2020-12-10 08:00,0.181,6.079
2020-12-10 09:00,0.190,6.177
2020-12-10 10:00,0.174,6.004
2020-12-10 11:00,0.150,5.734
2020-12-10 12:00,0.120,5.367
2020-12-10 13:00,0.099,5.058
2020-12-10 14:00,0.102,5.110
2020-12-10 15:00,0.147,5.696
2020-12-10 16:00,0.192,6.189
2020-12-10 17:00,0.252,6.765
2020-12-10 18:00,0.330,7.427
2020-12-10 19:00,0.379,7.808
2020-12-10 20:00,0.395,7.926
2020-12-10 21:00,0.374,7.763
2020-12-10 22:00,0.331,7.433
2020-12-10 23:00,0.206,6.335
2020-12-11 00:00,0.141,5.625
2020-12-11 01:00,0.143,5.651
2020-12-11 02:00,0.194,6.222
2020-12-11 03:00,0.203,6.314
2020-12-11 04:00,0.177,6.042
2020-12-11 05:00,0.139,5.607
2020-12-11 06:00,0.153,5.770
2020-12-11 07:00,0.215,6.421
2020-12-11 08:00,0.242,6.680
2020-12-11 09:00,0.247,6.726
2020-12-11 10:00,0.205,6.328
2020-12-11 11:00,0.144,5.665
2020-12-11 12:00,0.111,5.245
2020-12-11 13:00,0.143,5.650
2020-12-11 14:00,0.201,6.291
2020-12-11 15:00,0.256,6.806
2020-12-11 16:00,0.339,7.491
2020-12-11 17:00,0.414,8.072
2020-12-11 18:00,0.448,8.315
2020-12-11 19:00,0.497,8.672
2020-12-11 20:00,0.564,9.171
2020-12-11 21:00,0.608,9.510
2020-12-11 22:00,0.656,9.913
2020-12-11 23:00,0.673,10.062
2020-12-12 00:00,0.698,10.275
2020-12-12 01:00,0.707,10.349
2020-12-12 02:00,0.689,10.191
2020-12-12 03:00,0.674,10.066
2020-12-12 04:00,0.657,9.917
2020-12-12 05:00,0.649,9.853
2020-12-12 06:00,0.656,9.909
2020-12-12 07:00,0.656,9.904
2020-12-12 08:00,0.663,9.960
2020-12-12 09:00,0.650,9.862
2020-12-12 10:00,0.622,9.632
2020-12-12 11:00,0.567,9.204
2020-12-12 12:00,0.509,8.768
2020-12-12 13:00,0.506,8.746
2020-12-12 14:00,0.556,9.125
2020-12-12 15:00,0.582,9.319
2020-12-12 16:00,0.574,9.256
2020-12-12 17:00,0.564,9.175
2020-12-12 18:00,0.550,9.078
2020-12-12 19:00,0.486,8.599
2020-12-12 20:00,0.331,7.434
2020-12-12 21:00,0.133,5.527
2020-12-12 22:00,0.023,3.445
2020-12-12 23:00,0,1.407
2020-12-13 00:00,0,0.934
2020-12-13 01:00,0.004,2.446
2020-12-13 02:00,0.079,4.753
2020-12-13 03:00,0.348,7.568
2020-12-13 04:00,0.707,10.354
2020-12-13 05:00,0.882,12.540
2020-12-13 06:00,0.946,14.089
2020-12-13 07:00,0.963,14.761
2020-12-13 08:00,0.966,14.908
2020-12-13 09:00,0.982,15.930
2020-12-13 10:00,0.984,16.158
2020-12-13 11:00,0.981,15.840
2020-12-13 12:00,0.976,15.453
2020-12-13 13:00,0.966,14.911
2020-12-13 14:00,0.961,14.648
2020-12-13 15:00,0.958,14.517
2020-12-13 16:00,0.949,14.173
2020-12-13 17:00,0.941,13.906
2020-12-13 18:00,0.946,14.068
2020-12-13 19:00,0.945,14.037
2020-12-13 20:00,0.948,14.139
2020-12-13 21:00,0.943,13.960
2020-12-13 22:00,0.934,13.706
2020-12-13 23:00,0.931,13.627
2020-12-14 00:00,0.928,13.549
2020-12-14 01:00,0.920,13.325
2020-12-14 02:00,0.910,13.090
2020-12-14 03:00,0.892,12.722
2020-12-14 04:00,0.864,12.230
2020-12-14 05:00,0.843,11.899
2020-12-14 06:00,0.840,11.860
2020-12-14 07:00,0.850,12.007
2020-12-14 08:00,0.870,12.324
2020-12-14 09:00,0.885,12.595
2020-12-14 10:00,0.896,12.800
2020-12-14 11:00,0.905,12.985
2020-12-14 12:00,0.911,13.124
2020-12-14 13:00,0.915,13.211
2020-12-14 14:00,0.920,13.325
2020-12-14 15:00,0.931,13.625
2020-12-14 16:00,0.944,13.995
2020-12-14 17:00,0.950,14.222
2020-12-14 18:00,0.954,14.356
2020-12-14 19:00,0.954,14.353
2020-12-14 20:00,0.949,14.192
2020-12-14 21:00,0.937,13.798
2020-12-14 22:00,0.923,13.420
2020-12-14 23:00,0.914,13.187
2020-12-15 00:00,0.904,12.975
2020-12-15 01:00,0.887,12.630
2020-12-15 02:00,0.866,12.253
2020-12-15 03:00,0.843,11.895
2020-12-15 04:00,0.808,11.438
2020-12-15 05:00,0.773,11.016
2020-12-15 06:00,0.750,10.781
2020-12-15 07:00,0.759,10.863
2020-12-15 08:00,0.776,11.056
2020-12-15 09:00,0.793,11.239
2020-12-15 10:00,0.802,11.362
2020-12-15 11:00,0.809,11.447
2020-12-15 12:00,0.817,11.543
2020-12-15 13:00,0.829,11.705
2020-12-15 14:00,0.841,11.868
2020-12-15 15:00,0.860,12.149
2020-12-15 16:00,0.873,12.365
2020-12-15 17:00,0.877,12.439
2020-12-15 18:00,0.877,12.446
2020-12-15 19:00,0.880,12.498
2020-12-15 20:00,0.883,12.562
2020-12-15 21:00,0.888,12.645
2020-12-15 22:00,0.896,12.807
2020-12-15 23:00,0.910,13.083
2020-12-16 00:00,0.927,13.491
2020-12-16 01:00,0.934,13.712
2020-12-16 02:00,0.939,13.848
2020-12-16 03:00,0.936,13.751
2020-12-16 04:00,0.924,13.435
2020-12-16 05:00,0.913,13.166
2020-12-16 06:00,0.903,12.933
2020-12-16 07:00,0.897,12.817
2020-12-16 08:00,0.892,12.727
2020-12-16 09:00,0.881,12.525
2020-12-16 10:00,0.865,12.247
2020-12-16 11:00,0.847,11.963
2020-12-16 12:00,0.827,11.684
2020-12-16 13:00,0.809,11.447
2020-12-16 14:00,0.794,11.257
2020-12-16 15:00,0.796,11.280
2020-12-16 16:00,0.808,11.433
2020-12-16 17:00,0.818,11.553
2020-12-16 18:00,0.827,11.677
2020-12-16 19:00,0.827,11.675
2020-12-16 20:00,0.817,11.549
2020-12-16 21:00,0.791,11.228
2020-12-16 22:00,0.759,10.863
2020-12-16 23:00,0.715,10.433
2020-12-17 00:00,0.682,10.134
2020-12-17 01:00,0.644,9.814
2020-12-17 02:00,0.618,9.604
2020-12-17 03:00,0.581,9.315
2020-12-17 04:00,0.524,8.880
2020-12-17 05:00,0.457,8.386
2020-12-17 06:00,0.429,8.177
2020-12-17 07:00,0.462,8.416
2020-12-17 08:00,0.518,8.834
2020-12-17 09:00,0.573,9.241
2020-12-17 10:00,0.591,9.391
2020-12-17 11:00,0.570,9.227
2020-12-17 12:00,0.524,8.887
2020-12-17 13:00,0.493,8.649
2020-12-17 14:00,0.485,8.594
2020-12-17 15:00,0.518,8.831
2020-12-17 16:00,0.557,9.128
2020-12-17 17:00,0.562,9.162
2020-12-17 18:00,0.555,9.116
2020-12-17 19:00,0.524,8.880
2020-12-17 20:00,0.484,8.588
2020-12-17 21:00,0.398,7.954
2020-12-17 22:00,0.317,7.322
2020-12-17 23:00,0.318,7.326
2020-12-18 00:00,0.348,7.570
2020-12-18 01:00,0.392,7.906
2020-12-18 02:00,0.465,8.442
2020-12-18 03:00,0.522,8.871
2020-12-18 04:00,0.545,9.035
2020-12-18 05:00,0.532,8.940
2020-12-18 06:00,0.540,8.996
2020-12-18 07:00,0.589,9.376
2020-12-18 08:00,0.666,9.998
2020-12-18 09:00,0.722,10.499
2020-12-18 10:00,0.753,10.813
2020-12-18 11:00,0.755,10.827
2020-12-18 12:00,0.750,10.781
2020-12-18 13:00,0.753,10.812
2020-12-18 14:00,0.775,11.043
2020-12-18 15:00,0.806,11.402
2020-12-18 16:00,0.823,11.625
2020-12-18 17:00,0.827,11.671
2020-12-18 18:00,0.817,11.550
2020-12-18 19:00,0.818,11.559
2020-12-18 20:00,0.813,11.487
2020-12-18 21:00,0.799,11.318
2020-12-18 22:00,0.786,11.166
2020-12-18 23:00,0.768,10.972
2020-12-19 00:00,0.769,10.978
2020-12-19 01:00,0.781,11.100
2020-12-19 02:00,0.796,11.286
2020-12-19 03:00,0.807,11.422
2020-12-19 04:00,0.801,11.342
2020-12-19 05:00,0.786,11.169
2020-12-19 06:00,0.784,11.142
2020-12-19 07:00,0.787,11.186
2020-12-19 08:00,0.796,11.285
2020-12-19 09:00,0.803,11.370
2020-12-19 10:00,0.804,11.384
2020-12-19 11:00,0.793,11.247
2020-12-19 12:00,0.780,11.095
2020-12-19 13:00,0.783,11.125
2020-12-19 14:00,0.789,11.201
2020-12-19 15:00,0.789,11.201
2020-12-19 16:00,0.787,11.177
2020-12-19 17:00,0.777,11.064
2020-12-19 18:00,0.760,10.872
2020-12-19 19:00,0.735,10.627
2020-12-19 20:00,0.718,10.466
2020-12-19 21:00,0.710,10.388
2020-12-19 22:00,0.706,10.345
2020-12-19 23:00,0.665,9.989
2020-12-20 00:00,0.644,9.815
2020-12-20 01:00,0.586,9.348
2020-12-20 02:00,0.564,9.170
2020-12-20 03:00,0.556,9.125
2020-12-20 04:00,0.518,8.835
2020-12-20 05:00,0.499,8.689
2020-12-20 06:00,0.512,8.793
2020-12-20 07:00,0.570,9.228
2020-12-20 08:00,0.650,9.866
2020-12-20 09:00,0.697,10.268
2020-12-20 10:00,0.717,10.442
2020-12-20 11:00,0.722,10.489
2020-12-20 12:00,0.718,10.467
2020-12-20 13:00,0.723,10.508
2020-12-20 14:00,0.733,10.606
2020-12-20 15:00,0.745,10.723
2020-12-20 16:00,0.747,10.744
2020-12-20 17:00,0.741,10.684
2020-12-20 18:00,0.730,10.575
2020-12-20 19:00,0.707,10.351
2020-12-20 20:00,0.664,9.984
2020-12-20 21:00,0.596,9.425
2020-12-20 22:00,0.540,8.992
2020-12-20 23:00,0.503,8.728
2020-12-21 00:00,0.434,8.216
2020-12-21 01:00,0.386,7.850
2020-12-21 02:00,0.360,7.654
2020-12-21 03:00,0.346,7.554
2020-12-21 04:00,0.328,7.412
2020-12-21 05:00,0.313,7.285
2020-12-21 06:00,0.293,7.117
2020-12-21 07:00,0.284,7.054
2020-12-21 08:00,0.280,7.017
2020-12-21 09:00,0.273,6.953
2020-12-21 10:00,0.264,6.874
2020-12-21 11:00,0.260,6.837
2020-12-21 12:00,0.264,6.874
2020-12-21 13:00,0.278,6.996
2020-12-21 14:00,0.303,7.213
2020-12-21 15:00,0.341,7.508
2020-12-21 16:00,0.367,7.713
2020-12-21 17:00,0.381,7.823
2020-12-21 18:00,0.392,7.901
2020-12-21 19:00,0.388,7.875
2020-12-21 20:00,0.373,7.757
2020-12-21 21:00,0.349,7.572
2020-12-21 22:00,0.332,7.435
2020-12-21 23:00,0.318,7.327
2020-12-22 00:00,0.289,7.086
2020-12-22 01:00,0.328,7.411
2020-12-22 02:00,0.360,7.656
2020-12-22 03:00,0.366,7.705
2020-12-22 04:00,0.365,7.699
2020-12-22 05:00,0.388,7.869
2020-12-22 06:00,0.426,8.161
2020-12-22 07:00,0.478,8.541
2020-12-22 08:00,0.502,8.723
2020-12-22 09:00,0.475,8.515
2020-12-22 10:00,0.413,8.059
2020-12-22 11:00,0.363,7.683
2020-12-22 12:00,0.342,7.510
2020-12-22 13:00,0.324,7.381
2020-12-22 14:00,0.302,7.200
2020-12-22 15:00,0.300,7.182
2020-12-22 16:00,0.274,6.959
2020-12-22 17:00,0.223,6.503
2020-12-22 18:00,0.207,6.346
2020-12-22 19:00,0.177,6.037
2020-12-22 20:00,0.149,5.725
2020-12-22 21:00,0.136,5.559
2020-12-22 22:00,0.134,5.532
2020-12-22 23:00,0.102,5.117
2020-12-23 00:00,0.050,4.189
2020-12-23 01:00,0.029,3.673
2020-12-23 02:00,0.038,3.898
2020-12-23 03:00,0.043,4.030
2020-12-23 04:00,0.068,4.558
2020-12-23 05:00,0.171,5.964
2020-12-23 06:00,0.313,7.293
2020-12-23 07:00,0.418,8.096
2020-12-23 08:00,0.380,7.816
2020-12-23 09:00,0.313,7.293
2020-12-23 10:00,0.225,6.529
2020-12-23 11:00,0.241,6.665
2020-12-23 12:00,0.261,6.848
2020-12-23 13:00,0.282,7.035
2020-12-23 14:00,0.281,7.023
2020-12-23 15:00,0.239,6.654
2020-12-23 16:00,0.209,6.365
2020-12-23 17:00,0.186,6.135
2020-12-23 18:00,0.225,6.522
2020-12-23 19:00,0.305,7.226
2020-12-23 20:00,0.404,7.989
2020-12-23 21:00,0.446,8.310
2020-12-23 22:00,0.454,8.370
2020-12-23 23:00,0.431,8.195
2020-12-24 00:00,0.360,7.649
2020-12-24 01:00,0.302,7.197
2020-12-24 02:00,0.368,7.728
2020-12-24 03:00,0.475,8.521
2020-12-24 04:00,0.596,9.423
2020-12-24 05:00,0.691,10.213
2020-12-24 06:00,0.743,10.704
2020-12-24 07:00,0.788,11.188
2020-12-24 08:00,0.813,11.498
2020-12-24 09:00,0.821,11.597
2020-12-24 10:00,0.834,11.772
2020-12-24 11:00,0.852,12.031
2020-12-24 12:00,0.866,12.255
2020-12-24 13:00,0.871,12.337
2020-12-24 14:00,0.872,12.356
2020-12-24 15:00,0.890,12.688
2020-12-24 16:00,0.907,13.036
2020-12-24 17:00,0.911,13.125
2020-12-24 18:00,0.910,13.103
2020-12-24 19:00,0.900,12.876
2020-12-24 20:00,0.872,12.346
2020-12-24 21:00,0.820,11.585
2020-12-24 22:00,0.781,11.110
2020-12-24 23:00,0.760,10.878
2020-12-25 00:00,0.769,10.978
2020-12-25 01:00,0.773,11.018
2020-12-25 02:00,0.773,11.013
2020-12-25 03:00,0.740,10.683
2020-12-25 04:00,0.678,10.096
2020-12-25 05:00,0.612,9.558
2020-12-25 06:00,0.564,9.180
2020-12-25 07:00,0.542,9.011
2020-12-25 08:00,0.540,8.993
2020-12-25 09:00,0.513,8.796
2020-12-25 10:00,0.469,8.478
2020-12-25 11:00,0.431,8.197
2020-12-25 12:00,0.399,7.961
2020-12-25 13:00,0.368,7.723
2020-12-25 14:00,0.339,7.501
2020-12-25 15:00,0.357,7.633
2020-12-25 16:00,0.380,7.818
2020-12-25 17:00,0.374,7.764
2020-12-25 18:00,0.339,7.490
2020-12-25 19:00,0.300,7.183
2020-12-25 20:00,0.264,6.875
2020-12-25 21:00,0.212,6.396
2020-12-25 22:00,0.163,5.883
2020-12-25 23:00,0.135,5.551
2020-12-26 00:00,0.110,5.225
2020-12-26 01:00,0.095,5.013
2020-12-26 02:00,0.093,4.983
2020-12-26 03:00,0.096,5.017
2020-12-26 04:00,0.085,4.852
2020-12-26 05:00,0.071,4.607
2020-12-26 06:00,0.080,4.771
2020-12-26 07:00,0.083,4.808
2020-12-26 08:00,0.064,4.480
2020-12-26 09:00,0.073,4.632
2020-12-26 10:00,0.052,4.232
2020-12-26 11:00,0.014,3.108
2020-12-26 12:00,0.005,2.460
2020-12-26 13:00,0.003,2.286
2020-12-26 14:00,0.004,2.377
2020-12-26 15:00,0.003,2.284
2020-12-26 16:00,0.002,2.178
2020-12-26 17:00,0.004,2.428
2020-12-26 18:00,0.007,2.713
2020-12-26 19:00,0.010,2.872
2020-12-26 20:00,0.009,2.811
2020-12-26 21:00,0.005,2.479
2020-12-26 22:00,0.001,1.999
2020-12-26 23:00,0,1.473
2020-12-27 00:00,0,0.892
2020-12-27 01:00,0,0.515
2020-12-27 02:00,0,0.326
2020-12-27 03:00,0,0.355
2020-12-27 04:00,0,0.901
2020-12-27 05:00,0,1.395
2020-12-27 06:00,0,1.507
2020-12-27 07:00,0,1.135
2020-12-27 08:00,0,0.671
2020-12-27 09:00,0,0.506
2020-12-27 10:00,0,0.859
2020-12-27 11:00,0,0.972
2020-12-27 12:00,0,0.976
2020-12-27 13:00,0,1.138
2020-12-27 14:00,0.001,1.803
2020-12-27 15:00,0.011,2.951
2020-12-27 16:00,0.057,4.337
2020-12-27 17:00,0.160,5.848
2020-12-27 18:00,0.279,7.006
2020-12-27 19:00,0.403,7.985
2020-12-27 20:00,0.506,8.746
2020-12-27 21:00,0.534,8.954
2020-12-27 22:00,0.499,8.697
2020-12-27 23:00,0.417,8.087
2020-12-28 00:00,0.286,7.069
2020-12-28 01:00,0.220,6.474
2020-12-28 02:00,0.172,5.978
2020-12-28 03:00,0.128,5.465
2020-12-28 04:00,0.092,4.957
2020-12-28 05:00,0.073,4.641
2020-12-28 06:00,0.042,4.020
2020-12-28 07:00,0.014,3.091
2020-12-28 08:00,0.005,2.518
2020-12-28 09:00,0.005,2.485
2020-12-28 10:00,0.009,2.805
2020-12-28 11:00,0.017,3.216
2020-12-28 12:00,0.020,3.363
2020-12-28 13:00,0.030,3.677
2020-12-28 14:00,0.039,3.943
2020-12-28 15:00,0.041,3.983
2020-12-28 16:00,0.047,4.131
2020-12-28 17:00,0.048,4.160
2020-12-28 18:00,0.031,3.702
2020-12-28 19:00,0.031,3.711
2020-12-28 20:00,0.048,4.148
2020-12-28 21:00,0.022,3.423
2020-12-28 22:00,0,1.653
2020-12-28 23:00,0,1.258
2020-12-29 00:00,0,1.668
2020-12-29 01:00,0.002,2.099
2020-12-29 02:00,0.003,2.333
2020-12-29 03:00,0.012,2.967
2020-12-29 04:00,0.020,3.363
2020-12-29 05:00,0.051,4.215
2020-12-29 06:00,0.089,4.921
2020-12-29 07:00,0.143,5.653
2020-12-29 08:00,0.166,5.918
2020-12-29 09:00,0.313,7.281
2020-12-29 10:00,0.540,9.001
2020-12-29 11:00,0.704,10.329
2020-12-29 12:00,0.769,10.980
2020-12-29 13:00,0.868,12.292
2020-12-29 14:00,0.926,13.480
2020-12-29 15:00,0.946,14.068
2020-12-29 16:00,0.958,14.524
2020-12-29 17:00,0.963,14.738
2020-12-29 18:00,0.972,15.193
2020-12-29 19:00,0.982,15.947
2020-12-29 20:00,0.987,16.569
2020-12-29 21:00,0.989,16.947
2020-12-29 22:00,0.988,17.747
2020-12-29 23:00,0.984,18.436
2020-12-30 00:00,0.981,18.692
2020-12-30 01:00,0.978,18.872
2020-12-30 02:00,0.976,19.021
2020-12-30 03:00,0.979,18.813
2020-12-30 04:00,0.984,18.367
2020-12-30 05:00,0.988,17.864
2020-12-30 06:00,0.989,17.437
2020-12-30 07:00,0.989,17.209
2020-12-30 08:00,0.989,17.089
2020-12-30 09:00,0.989,16.954
2020-12-30 10:00,0.988,16.918
2020-12-30 11:00,0.988,16.903
2020-12-30 12:00,0.988,16.848
2020-12-30 13:00,0.988,16.750
2020-12-30 14:00,0.987,16.567
2020-12-30 15:00,0.985,16.303
2020-12-30 16:00,0.982,15.974
2020-12-30 17:00,0.978,15.613
2020-12-30 18:00,0.973,15.264
2020-12-30 19:00,0.964,14.800
2020-12-30 20:00,0.951,14.256
2020-12-30 21:00,0.939,13.869
2020-12-30 22:00,0.932,13.655
2020-12-30 23:00,0.926,13.479
2020-12-31 00:00,0.919,13.300
2020-12-31 01:00,0.908,13.056
2020-12-31 02:00,0.902,12.917
2020-12-31 03:00,0.894,12.763
2020-12-31 04:00,0.872,12.354
2020-12-31 05:00,0.838,11.831
2020-12-31 06:00,0.782,11.117
2020-12-31 07:00,0.700,10.299
2020-12-31 08:00,0.628,9.678
2020-12-31 09:00,0.616,9.590
2020-12-31 10:00,0.673,10.062
2020-12-31 11:00,0.753,10.813
2020-12-31 12:00,0.815,11.523
2020-12-31 13:00,0.841,11.880
2020-12-31 14:00,0.861,12.174
2020-12-31 15:00,0.883,12.559
2020-12-31 16:00,0.899,12.854
2020-12-31 17:00,0.901,12.903
2020-12-31 18:00,0.893,12.744
2020-12-31 19:00,0.865,12.243
2020-12-31 20:00,0.814,11.506
2020-12-31 21:00,0.712,10.401
2020-12-31 22:00,0.564,9.174
2020-12-31 23:00,0.406,8.006
